time,windspeed_10m,shortwave_radiation
2022-12-31 00:00:00,8.7,0.0
2022-12-31 01:00:00,9.7,0.0
2022-12-31 02:00:00,10.7,0.0
2022-12-31 03:00:00,9.8,0.0
2022-12-31 04:00:00,8.9,0.0
2022-12-31 05:00:00,6.8,0.0
2022-12-31 06:00:00,7.6,0.0
2022-12-31 07:00:00,7.2,2.0
2022-12-31 08:00:00,5.8,67.0
2022-12-31 09:00:00,9.1,181.0
2022-12-31 10:00:00,10.0,247.0
2022-12-31 11:00:00,11.2,301.0
2022-12-31 12:00:00,11.7,313.0
2022-12-31 13:00:00,12.5,268.0
2022-12-31 14:00:00,8.7,179.0
2022-12-31 15:00:00,6.9,69.0
2022-12-31 16:00:00,8.9,2.0
2022-12-31 17:00:00,8.7,0.0
2022-12-31 18:00:00,8.7,0.0
2022-12-31 19:00:00,9.2,0.0
2022-12-31 20:00:00,9.2,0.0
2022-12-31 21:00:00,9.0,0.0
2022-12-31 22:00:00,8.7,0.0
2022-12-31 23:00:00,8.6,0.0
2023-01-01 00:00:00,11.9,0.0
2023-01-01 01:00:00,8.9,0.0
2023-01-01 02:00:00,10.2,0.0
2023-01-01 03:00:00,9.8,0.0
2023-01-01 04:00:00,7.9,0.0
2023-01-01 05:00:00,7.7,0.0
2023-01-01 06:00:00,8.7,0.0
2023-01-01 07:00:00,9.4,3.0
2023-01-01 08:00:00,12.0,64.0
2023-01-01 09:00:00,13.0,143.0
2023-01-01 10:00:00,14.2,262.0
2023-01-01 11:00:00,16.5,280.0
2023-01-01 12:00:00,15.7,286.0
2023-01-01 13:00:00,15.9,262.0
2023-01-01 14:00:00,12.9,170.0
2023-01-01 15:00:00,9.9,69.0
2023-01-01 16:00:00,8.3,2.0
2023-01-01 17:00:00,6.9,0.0
2023-01-01 18:00:00,7.5,0.0
2023-01-01 19:00:00,8.0,0.0
2023-01-01 20:00:00,6.8,0.0
2023-01-01 21:00:00,6.6,0.0
2023-01-01 22:00:00,7.1,0.0
2023-01-01 23:00:00,7.6,0.0
2023-01-02 00:00:00,10.3,0.0
2023-01-02 01:00:00,8.2,0.0
2023-01-02 02:00:00,7.6,0.0
2023-01-02 03:00:00,7.1,0.0
2023-01-02 04:00:00,8.7,0.0
2023-01-02 05:00:00,10.0,0.0
2023-01-02 06:00:00,9.9,0.0
2023-01-02 07:00:00,7.5,3.0
2023-01-02 08:00:00,10.5,72.0
2023-01-02 09:00:00,11.2,178.0
2023-01-02 10:00:00,14.3,249.0
2023-01-02 11:00:00,13.6,323.0
2023-01-02 12:00:00,14.9,317.0
2023-01-02 13:00:00,15.6,276.0
2023-01-02 14:00:00,14.8,186.0
2023-01-02 15:00:00,13.9,74.0
2023-01-02 16:00:00,13.1,3.0
2023-01-02 17:00:00,11.8,0.0
2023-01-02 18:00:00,10.0,0.0
2023-01-02 19:00:00,8.4,0.0
2023-01-02 20:00:00,7.2,0.0
2023-01-02 21:00:00,7.0,0.0
2023-01-02 22:00:00,7.2,0.0
2023-01-02 23:00:00,6.7,0.0
2023-01-03 00:00:00,10.2,0.0
2023-01-03 01:00:00,7.6,0.0
2023-01-03 02:00:00,7.0,0.0
2023-01-03 03:00:00,7.2,0.0
2023-01-03 04:00:00,8.2,0.0
2023-01-03 05:00:00,8.4,0.0
2023-01-03 06:00:00,8.7,0.0
2023-01-03 07:00:00,7.5,3.0
2023-01-03 08:00:00,4.8,69.0
2023-01-03 09:00:00,2.5,175.0
2023-01-03 10:00:00,0.8,252.0
2023-01-03 11:00:00,1.5,283.0
2023-01-03 12:00:00,3.6,275.0
2023-01-03 13:00:00,1.4,203.0
2023-01-03 14:00:00,2.1,47.0
2023-01-03 15:00:00,4.0,15.0
2023-01-03 16:00:00,6.4,0.0
2023-01-03 17:00:00,4.7,0.0
2023-01-03 18:00:00,6.6,0.0
2023-01-03 19:00:00,7.4,0.0
2023-01-03 20:00:00,7.4,0.0
2023-01-03 21:00:00,6.4,0.0
2023-01-03 22:00:00,6.5,0.0
2023-01-03 23:00:00,5.8,0.0
2023-01-04 00:00:00,4.3,0.0
2023-01-04 01:00:00,4.5,0.0
2023-01-04 02:00:00,4.4,0.0
2023-01-04 03:00:00,4.4,0.0
2023-01-04 04:00:00,3.6,0.0
2023-01-04 05:00:00,3.3,0.0
2023-01-04 06:00:00,2.9,0.0
2023-01-04 07:00:00,2.9,1.0
2023-01-04 08:00:00,4.0,50.0
2023-01-04 09:00:00,2.5,122.0
2023-01-04 10:00:00,1.8,239.0
2023-01-04 11:00:00,5.2,313.0
2023-01-04 12:00:00,7.5,292.0
2023-01-04 13:00:00,7.7,227.0
2023-01-04 14:00:00,8.4,180.0
2023-01-04 15:00:00,5.1,74.0
2023-01-04 16:00:00,5.7,3.0
2023-01-04 17:00:00,7.4,0.0
2023-01-04 18:00:00,8.7,0.0
2023-01-04 19:00:00,8.6,0.0
2023-01-04 20:00:00,8.9,0.0
2023-01-04 21:00:00,10.2,0.0
2023-01-04 22:00:00,9.2,0.0
2023-01-04 23:00:00,8.6,0.0
2023-01-05 00:00:00,10.2,0.0
2023-01-05 01:00:00,6.9,0.0
2023-01-05 02:00:00,6.9,0.0
2023-01-05 03:00:00,9.4,0.0
2023-01-05 04:00:00,9.5,0.0
2023-01-05 05:00:00,8.6,0.0
2023-01-05 06:00:00,9.1,0.0
2023-01-05 07:00:00,7.1,2.0
2023-01-05 08:00:00,8.4,62.0
2023-01-05 09:00:00,9.4,156.0
2023-01-05 10:00:00,9.3,241.0
2023-01-05 11:00:00,11.6,310.0
2023-01-05 12:00:00,10.1,310.0
2023-01-05 13:00:00,9.8,250.0
2023-01-05 14:00:00,8.6,137.0
2023-01-05 15:00:00,7.3,56.0
2023-01-05 16:00:00,6.2,3.0
2023-01-05 17:00:00,6.0,0.0
2023-01-05 18:00:00,6.4,0.0
2023-01-05 19:00:00,6.2,0.0
2023-01-05 20:00:00,4.7,0.0
2023-01-05 21:00:00,6.1,0.0
2023-01-05 22:00:00,6.0,0.0
2023-01-05 23:00:00,6.0,0.0
2023-01-06 00:00:00,6.1,0.0
2023-01-06 01:00:00,9.8,0.0
2023-01-06 02:00:00,6.1,0.0
2023-01-06 03:00:00,3.8,0.0
2023-01-06 04:00:00,5.8,0.0
2023-01-06 05:00:00,1.6,0.0
2023-01-06 06:00:00,5.1,0.0
2023-01-06 07:00:00,4.6,3.0
2023-01-06 08:00:00,6.9,70.0
2023-01-06 09:00:00,2.2,183.0
2023-01-06 10:00:00,2.3,269.0
2023-01-06 11:00:00,3.8,323.0
2023-01-06 12:00:00,3.4,331.0
2023-01-06 13:00:00,2.5,284.0
2023-01-06 14:00:00,3.4,194.0
2023-01-06 15:00:00,7.0,81.0
2023-01-06 16:00:00,5.0,4.0
2023-01-06 17:00:00,3.6,0.0
2023-01-06 18:00:00,4.3,0.0
2023-01-06 19:00:00,3.3,0.0
2023-01-06 20:00:00,6.9,0.0
2023-01-06 21:00:00,7.9,0.0
2023-01-06 22:00:00,8.7,0.0
2023-01-06 23:00:00,7.9,0.0
2023-01-07 00:00:00,8.3,0.0
2023-01-07 01:00:00,7.6,0.0
2023-01-07 02:00:00,7.6,0.0
2023-01-07 03:00:00,7.9,0.0
2023-01-07 04:00:00,7.4,0.0
2023-01-07 05:00:00,6.6,0.0
2023-01-07 06:00:00,5.6,0.0
2023-01-07 07:00:00,4.8,2.0
2023-01-07 08:00:00,5.3,57.0
2023-01-07 09:00:00,4.8,129.0
2023-01-07 10:00:00,4.1,217.0
2023-01-07 11:00:00,4.0,267.0
2023-01-07 12:00:00,5.1,263.0
2023-01-07 13:00:00,4.8,255.0
2023-01-07 14:00:00,4.0,178.0
2023-01-07 15:00:00,3.9,75.0
2023-01-07 16:00:00,4.7,5.0
2023-01-07 17:00:00,7.7,0.0
2023-01-07 18:00:00,7.4,0.0
2023-01-07 19:00:00,6.8,0.0
2023-01-07 20:00:00,7.0,0.0
2023-01-07 21:00:00,6.7,0.0
2023-01-07 22:00:00,7.6,0.0
2023-01-07 23:00:00,7.9,0.0
2023-01-08 00:00:00,8.7,0.0
2023-01-08 01:00:00,9.5,0.0
2023-01-08 02:00:00,8.6,0.0
2023-01-08 03:00:00,8.1,0.0
2023-01-08 04:00:00,8.7,0.0
2023-01-08 05:00:00,8.2,0.0
2023-01-08 06:00:00,8.0,0.0
2023-01-08 07:00:00,9.7,3.0
2023-01-08 08:00:00,12.9,76.0
2023-01-08 09:00:00,15.0,179.0
2023-01-08 10:00:00,18.9,264.0
2023-01-08 11:00:00,17.6,305.0
2023-01-08 12:00:00,22.4,250.0
2023-01-08 13:00:00,19.2,231.0
2023-01-08 14:00:00,17.3,179.0
2023-01-08 15:00:00,16.4,80.0
2023-01-08 16:00:00,13.2,5.0
2023-01-08 17:00:00,13.2,0.0
2023-01-08 18:00:00,10.7,0.0
2023-01-08 19:00:00,7.7,0.0
2023-01-08 20:00:00,8.1,0.0
2023-01-08 21:00:00,8.3,0.0
2023-01-08 22:00:00,9.1,0.0
2023-01-08 23:00:00,9.0,0.0
2023-01-09 00:00:00,12.6,0.0
2023-01-09 01:00:00,13.0,0.0
2023-01-09 02:00:00,11.9,0.0
2023-01-09 03:00:00,12.0,0.0
2023-01-09 04:00:00,6.3,0.0
2023-01-09 05:00:00,6.6,0.0
2023-01-09 06:00:00,6.9,0.0
2023-01-09 07:00:00,9.3,1.0
2023-01-09 08:00:00,10.6,24.0
2023-01-09 09:00:00,10.5,55.0
2023-01-09 10:00:00,10.1,114.0
2023-01-09 11:00:00,9.7,217.0
2023-01-09 12:00:00,3.9,150.0
2023-01-09 13:00:00,5.2,149.0
2023-01-09 14:00:00,5.7,38.0
2023-01-09 15:00:00,10.1,6.0
2023-01-09 16:00:00,15.9,1.0
2023-01-09 17:00:00,16.3,0.0
2023-01-09 18:00:00,24.6,0.0
2023-01-09 19:00:00,18.3,0.0
2023-01-09 20:00:00,17.8,0.0
2023-01-09 21:00:00,16.6,0.0
2023-01-09 22:00:00,10.1,0.0
2023-01-09 23:00:00,8.2,0.0
2023-01-10 00:00:00,3.8,0.0
2023-01-10 01:00:00,2.5,0.0
2023-01-10 02:00:00,3.3,0.0
2023-01-10 03:00:00,4.5,0.0
2023-01-10 04:00:00,5.7,0.0
2023-01-10 05:00:00,6.5,0.0
2023-01-10 06:00:00,4.9,0.0
2023-01-10 07:00:00,5.3,1.0
2023-01-10 08:00:00,7.7,26.0
2023-01-10 09:00:00,9.2,57.0
2023-01-10 10:00:00,14.0,126.0
2023-01-10 11:00:00,14.0,203.0
2023-01-10 12:00:00,17.2,218.0
2023-01-10 13:00:00,22.8,228.0
2023-01-10 14:00:00,23.3,156.0
2023-01-10 15:00:00,23.4,63.0
2023-01-10 16:00:00,21.0,5.0
2023-01-10 17:00:00,19.5,0.0
2023-01-10 18:00:00,17.1,0.0
2023-01-10 19:00:00,14.3,0.0
2023-01-10 20:00:00,12.0,0.0
2023-01-10 21:00:00,12.0,0.0
2023-01-10 22:00:00,12.0,0.0
2023-01-10 23:00:00,13.0,0.0
2023-01-11 00:00:00,8.3,0.0
2023-01-11 01:00:00,7.3,0.0
2023-01-11 02:00:00,7.2,0.0
2023-01-11 03:00:00,6.2,0.0
2023-01-11 04:00:00,6.3,0.0
2023-01-11 05:00:00,6.9,0.0
2023-01-11 06:00:00,6.8,0.0
2023-01-11 07:00:00,5.2,4.0
2023-01-11 08:00:00,7.0,85.0
2023-01-11 09:00:00,5.2,210.0
2023-01-11 10:00:00,2.3,311.0
2023-01-11 11:00:00,5.4,375.0
2023-01-11 12:00:00,6.8,383.0
2023-01-11 13:00:00,8.1,328.0
2023-01-11 14:00:00,6.8,205.0
2023-01-11 15:00:00,5.4,48.0
2023-01-11 16:00:00,4.6,1.0
2023-01-11 17:00:00,3.6,0.0
2023-01-11 18:00:00,5.4,0.0
2023-01-11 19:00:00,4.5,0.0
2023-01-11 20:00:00,5.8,0.0
2023-01-11 21:00:00,4.9,0.0
2023-01-11 22:00:00,4.3,0.0
2023-01-11 23:00:00,4.6,0.0
2023-01-12 00:00:00,4.4,0.0
2023-01-12 01:00:00,5.2,0.0
2023-01-12 02:00:00,3.0,0.0
2023-01-12 03:00:00,2.5,0.0
2023-01-12 04:00:00,0.8,0.0
2023-01-12 05:00:00,5.1,0.0
2023-01-12 06:00:00,2.6,0.0
2023-01-12 07:00:00,6.6,3.0
2023-01-12 08:00:00,5.7,68.0
2023-01-12 09:00:00,4.2,172.0
2023-01-12 10:00:00,3.8,250.0
2023-01-12 11:00:00,4.3,318.0
2023-01-12 12:00:00,2.2,339.0
2023-01-12 13:00:00,4.0,288.0
2023-01-12 14:00:00,5.6,211.0
2023-01-12 15:00:00,5.6,100.0
2023-01-12 16:00:00,5.5,8.0
2023-01-12 17:00:00,7.3,0.0
2023-01-12 18:00:00,8.7,0.0
2023-01-12 19:00:00,10.5,0.0
2023-01-12 20:00:00,9.5,0.0
2023-01-12 21:00:00,9.3,0.0
2023-01-12 22:00:00,9.1,0.0
2023-01-12 23:00:00,7.9,0.0
2023-01-13 00:00:00,7.6,0.0
2023-01-13 01:00:00,6.9,0.0
2023-01-13 02:00:00,5.8,0.0
2023-01-13 03:00:00,4.4,0.0
2023-01-13 04:00:00,3.3,0.0
2023-01-13 05:00:00,2.8,0.0
2023-01-13 06:00:00,2.9,0.0
2023-01-13 07:00:00,3.6,3.0
2023-01-13 08:00:00,3.2,55.0
2023-01-13 09:00:00,3.8,122.0
2023-01-13 10:00:00,3.2,190.0
2023-01-13 11:00:00,2.5,161.0
2023-01-13 12:00:00,5.0,113.0
2023-01-13 13:00:00,4.3,262.0
2023-01-13 14:00:00,3.0,129.0
2023-01-13 15:00:00,4.3,53.0
2023-01-13 16:00:00,3.4,4.0
2023-01-13 17:00:00,3.1,0.0
2023-01-13 18:00:00,4.0,0.0
2023-01-13 19:00:00,1.0,0.0
2023-01-13 20:00:00,2.2,0.0
2023-01-13 21:00:00,5.1,0.0
2023-01-13 22:00:00,6.1,0.0
2023-01-13 23:00:00,6.8,0.0
2023-01-14 00:00:00,5.1,0.0
2023-01-14 01:00:00,2.1,0.0
2023-01-14 02:00:00,5.0,0.0
2023-01-14 03:00:00,5.9,0.0
2023-01-14 04:00:00,9.2,0.0
2023-01-14 05:00:00,9.2,0.0
2023-01-14 06:00:00,7.8,0.0
2023-01-14 07:00:00,6.6,2.0
2023-01-14 08:00:00,6.4,61.0
2023-01-14 09:00:00,2.8,174.0
2023-01-14 10:00:00,1.5,305.0
2023-01-14 11:00:00,3.0,360.0
2023-01-14 12:00:00,4.2,365.0
2023-01-14 13:00:00,4.3,309.0
2023-01-14 14:00:00,6.2,219.0
2023-01-14 15:00:00,6.1,106.0
2023-01-14 16:00:00,7.1,10.0
2023-01-14 17:00:00,6.6,0.0
2023-01-14 18:00:00,9.7,0.0
2023-01-14 19:00:00,8.7,0.0
2023-01-14 20:00:00,9.2,0.0
2023-01-14 21:00:00,8.2,0.0
2023-01-14 22:00:00,9.4,0.0
2023-01-14 23:00:00,8.2,0.0
2023-01-15 00:00:00,9.7,0.0
2023-01-15 01:00:00,10.0,0.0
2023-01-15 02:00:00,11.0,0.0
2023-01-15 03:00:00,10.4,0.0
2023-01-15 04:00:00,9.7,0.0
2023-01-15 05:00:00,9.4,0.0
2023-01-15 06:00:00,7.6,0.0
2023-01-15 07:00:00,6.5,4.0
2023-01-15 08:00:00,7.3,84.0
2023-01-15 09:00:00,6.8,196.0
2023-01-15 10:00:00,8.0,250.0
2023-01-15 11:00:00,10.8,268.0
2023-01-15 12:00:00,14.3,233.0
2023-01-15 13:00:00,18.1,200.0
2023-01-15 14:00:00,17.3,120.0
2023-01-15 15:00:00,15.9,59.0
2023-01-15 16:00:00,14.0,7.0
2023-01-15 17:00:00,11.5,0.0
2023-01-15 18:00:00,8.7,0.0
2023-01-15 19:00:00,6.3,0.0
2023-01-15 20:00:00,8.2,0.0
2023-01-15 21:00:00,6.5,0.0
2023-01-15 22:00:00,4.7,0.0
2023-01-15 23:00:00,6.2,0.0
2023-01-16 00:00:00,8.3,0.0
2023-01-16 01:00:00,12.1,0.0
2023-01-16 02:00:00,17.3,0.0
2023-01-16 03:00:00,17.7,0.0
2023-01-16 04:00:00,19.1,0.0
2023-01-16 05:00:00,20.7,0.0
2023-01-16 06:00:00,17.1,0.0
2023-01-16 07:00:00,16.5,0.0
2023-01-16 08:00:00,14.8,8.0
2023-01-16 09:00:00,12.5,30.0
2023-01-16 10:00:00,6.7,78.0
2023-01-16 11:00:00,5.4,77.0
2023-01-16 12:00:00,2.1,126.0
2023-01-16 13:00:00,3.3,146.0
2023-01-16 14:00:00,3.4,125.0
2023-01-16 15:00:00,3.4,70.0
2023-01-16 16:00:00,3.5,9.0
2023-01-16 17:00:00,5.0,0.0
2023-01-16 18:00:00,5.1,0.0
2023-01-16 19:00:00,4.0,0.0
2023-01-16 20:00:00,4.3,0.0
2023-01-16 21:00:00,4.7,0.0
2023-01-16 22:00:00,5.1,0.0
2023-01-16 23:00:00,5.8,0.0
2023-01-17 00:00:00,6.0,0.0
2023-01-17 01:00:00,6.3,0.0
2023-01-17 02:00:00,5.3,0.0
2023-01-17 03:00:00,6.2,0.0
2023-01-17 04:00:00,4.8,0.0
2023-01-17 05:00:00,6.3,0.0
2023-01-17 06:00:00,9.5,0.0
2023-01-17 07:00:00,8.4,5.0
2023-01-17 08:00:00,2.9,90.0
2023-01-17 09:00:00,3.3,198.0
2023-01-17 10:00:00,4.3,250.0
2023-01-17 11:00:00,7.1,234.0
2023-01-17 12:00:00,8.9,94.0
2023-01-17 13:00:00,12.7,43.0
2023-01-17 14:00:00,11.2,23.0
2023-01-17 15:00:00,11.5,3.0
2023-01-17 16:00:00,12.2,0.0
2023-01-17 17:00:00,12.1,0.0
2023-01-17 18:00:00,10.5,0.0
2023-01-17 19:00:00,12.0,0.0
2023-01-17 20:00:00,9.2,0.0
2023-01-17 21:00:00,9.2,0.0
2023-01-17 22:00:00,7.0,0.0
2023-01-17 23:00:00,4.8,0.0
2023-01-18 00:00:00,0.0,0.0
2023-01-18 01:00:00,3.8,0.0
2023-01-18 02:00:00,3.3,0.0
2023-01-18 03:00:00,4.9,0.0
2023-01-18 04:00:00,3.5,0.0
2023-01-18 05:00:00,3.4,0.0
2023-01-18 06:00:00,3.7,0.0
2023-01-18 07:00:00,4.0,4.0
2023-01-18 08:00:00,3.8,57.0
2023-01-18 09:00:00,0.5,176.0
2023-01-18 10:00:00,6.2,282.0
2023-01-18 11:00:00,7.7,313.0
2023-01-18 12:00:00,3.3,301.0
2023-01-18 13:00:00,4.1,37.0
2023-01-18 14:00:00,4.6,101.0
2023-01-18 15:00:00,2.9,83.0
2023-01-18 16:00:00,5.5,15.0
2023-01-18 17:00:00,5.5,0.0
2023-01-18 18:00:00,4.6,0.0
2023-01-18 19:00:00,4.0,0.0
2023-01-18 20:00:00,5.9,0.0
2023-01-18 21:00:00,6.8,0.0
2023-01-18 22:00:00,3.9,0.0
2023-01-18 23:00:00,3.9,0.0
2023-01-19 00:00:00,5.2,0.0
2023-01-19 01:00:00,7.0,0.0
2023-01-19 02:00:00,9.1,0.0
2023-01-19 03:00:00,11.0,0.0
2023-01-19 04:00:00,11.7,0.0
2023-01-19 05:00:00,15.6,0.0
2023-01-19 06:00:00,12.3,0.0
2023-01-19 07:00:00,12.0,1.0
2023-01-19 08:00:00,11.3,14.0
2023-01-19 09:00:00,7.2,35.0
2023-01-19 10:00:00,6.4,40.0
2023-01-19 11:00:00,8.6,95.0
2023-01-19 12:00:00,4.4,121.0
2023-01-19 13:00:00,3.6,105.0
2023-01-19 14:00:00,2.2,63.0
2023-01-19 15:00:00,2.3,27.0
2023-01-19 16:00:00,1.3,8.0
2023-01-19 17:00:00,2.3,0.0
2023-01-19 18:00:00,2.3,0.0
2023-01-19 19:00:00,3.4,0.0
2023-01-19 20:00:00,3.9,0.0
2023-01-19 21:00:00,4.0,0.0
2023-01-19 22:00:00,6.4,0.0
2023-01-19 23:00:00,5.4,0.0
2023-01-20 00:00:00,5.4,0.0
2023-01-20 01:00:00,6.6,0.0
2023-01-20 02:00:00,10.0,0.0
2023-01-20 03:00:00,7.1,0.0
2023-01-20 04:00:00,6.5,0.0
2023-01-20 05:00:00,6.1,0.0
2023-01-20 06:00:00,7.1,0.0
2023-01-20 07:00:00,4.4,3.0
2023-01-20 08:00:00,4.8,26.0
2023-01-20 09:00:00,7.4,90.0
2023-01-20 10:00:00,8.8,131.0
2023-01-20 11:00:00,9.1,104.0
2023-01-20 12:00:00,13.0,84.0
2023-01-20 13:00:00,11.6,70.0
2023-01-20 14:00:00,6.0,52.0
2023-01-20 15:00:00,6.2,33.0
2023-01-20 16:00:00,5.2,6.0
2023-01-20 17:00:00,7.3,0.0
2023-01-20 18:00:00,5.2,0.0
2023-01-20 19:00:00,5.2,0.0
2023-01-20 20:00:00,3.2,0.0
2023-01-20 21:00:00,3.4,0.0
2023-01-20 22:00:00,5.7,0.0
2023-01-20 23:00:00,4.9,0.0
2023-01-21 00:00:00,5.1,0.0
2023-01-21 01:00:00,5.5,0.0
2023-01-21 02:00:00,7.0,0.0
2023-01-21 03:00:00,6.8,0.0
2023-01-21 04:00:00,5.6,0.0
2023-01-21 05:00:00,10.0,0.0
2023-01-21 06:00:00,14.5,0.0
2023-01-21 07:00:00,15.1,2.0
2023-01-21 08:00:00,18.1,15.0
2023-01-21 09:00:00,18.1,64.0
2023-01-21 10:00:00,23.9,142.0
2023-01-21 11:00:00,24.2,163.0
2023-01-21 12:00:00,18.7,73.0
2023-01-21 13:00:00,17.7,62.0
2023-01-21 14:00:00,17.1,40.0
2023-01-21 15:00:00,18.2,19.0
2023-01-21 16:00:00,18.9,6.0
2023-01-21 17:00:00,20.0,0.0
2023-01-21 18:00:00,20.7,0.0
2023-01-21 19:00:00,20.7,0.0
2023-01-21 20:00:00,20.4,0.0
2023-01-21 21:00:00,19.5,0.0
2023-01-21 22:00:00,19.1,0.0
2023-01-21 23:00:00,19.3,0.0
2023-01-22 00:00:00,17.2,0.0
2023-01-22 01:00:00,17.1,0.0
2023-01-22 02:00:00,16.5,0.0
2023-01-22 03:00:00,16.2,0.0
2023-01-22 04:00:00,14.5,0.0
2023-01-22 05:00:00,15.3,0.0
2023-01-22 06:00:00,14.1,0.0
2023-01-22 07:00:00,12.6,2.0
2023-01-22 08:00:00,12.4,24.0
2023-01-22 09:00:00,10.9,66.0
2023-01-22 10:00:00,12.9,88.0
2023-01-22 11:00:00,14.3,98.0
2023-01-22 12:00:00,16.3,95.0
2023-01-22 13:00:00,16.6,158.0
2023-01-22 14:00:00,13.1,109.0
2023-01-22 15:00:00,10.4,42.0
2023-01-22 16:00:00,10.2,5.0
2023-01-22 17:00:00,12.1,0.0
2023-01-22 18:00:00,13.9,0.0
2023-01-22 19:00:00,13.6,0.0
2023-01-22 20:00:00,13.7,0.0
2023-01-22 21:00:00,13.9,0.0
2023-01-22 22:00:00,15.0,0.0
2023-01-22 23:00:00,15.8,0.0
2023-01-23 00:00:00,19.6,0.0
2023-01-23 01:00:00,23.2,0.0
2023-01-23 02:00:00,25.2,0.0
2023-01-23 03:00:00,23.5,0.0
2023-01-23 04:00:00,25.5,0.0
2023-01-23 05:00:00,26.4,0.0
2023-01-23 06:00:00,26.4,0.0
2023-01-23 07:00:00,25.9,1.0
2023-01-23 08:00:00,25.3,13.0
2023-01-23 09:00:00,23.7,17.0
2023-01-23 10:00:00,24.5,33.0
2023-01-23 11:00:00,25.0,38.0
2023-01-23 12:00:00,18.2,28.0
2023-01-23 13:00:00,16.5,28.0
2023-01-23 14:00:00,15.6,23.0
2023-01-23 15:00:00,15.0,17.0
2023-01-23 16:00:00,13.9,6.0
2023-01-23 17:00:00,13.0,0.0
2023-01-23 18:00:00,11.5,0.0
2023-01-23 19:00:00,11.9,0.0
2023-01-23 20:00:00,11.5,0.0
2023-01-23 21:00:00,11.5,0.0
2023-01-23 22:00:00,11.2,0.0
2023-01-23 23:00:00,10.5,0.0
2023-01-24 00:00:00,11.5,0.0
2023-01-24 01:00:00,8.7,0.0
2023-01-24 02:00:00,9.6,0.0
2023-01-24 03:00:00,9.7,0.0
2023-01-24 04:00:00,9.3,0.0
2023-01-24 05:00:00,8.8,0.0
2023-01-24 06:00:00,8.4,0.0
2023-01-24 07:00:00,8.1,1.0
2023-01-24 08:00:00,9.1,24.0
2023-01-24 09:00:00,11.5,68.0
2023-01-24 10:00:00,11.3,109.0
2023-01-24 11:00:00,10.8,80.0
2023-01-24 12:00:00,12.4,40.0
2023-01-24 13:00:00,12.2,45.0
2023-01-24 14:00:00,10.3,23.0
2023-01-24 15:00:00,13.0,17.0
2023-01-24 16:00:00,12.7,4.0
2023-01-24 17:00:00,12.7,0.0
2023-01-24 18:00:00,12.7,0.0
2023-01-24 19:00:00,12.9,0.0
2023-01-24 20:00:00,13.4,0.0
2023-01-24 21:00:00,13.2,0.0
2023-01-24 22:00:00,11.9,0.0
2023-01-24 23:00:00,11.6,0.0
2023-01-25 00:00:00,9.3,0.0
2023-01-25 01:00:00,10.4,0.0
2023-01-25 02:00:00,13.1,0.0
2023-01-25 03:00:00,13.9,0.0
2023-01-25 04:00:00,13.2,0.0
2023-01-25 05:00:00,11.6,0.0
2023-01-25 06:00:00,11.6,0.0
2023-01-25 07:00:00,11.2,2.0
2023-01-25 08:00:00,11.7,15.0
2023-01-25 09:00:00,12.0,44.0
2023-01-25 10:00:00,11.5,70.0
2023-01-25 11:00:00,10.4,56.0
2023-01-25 12:00:00,11.5,95.0
2023-01-25 13:00:00,10.8,58.0
2023-01-25 14:00:00,10.7,44.0
2023-01-25 15:00:00,9.7,22.0
2023-01-25 16:00:00,9.2,5.0
2023-01-25 17:00:00,9.4,0.0
2023-01-25 18:00:00,8.7,0.0
2023-01-25 19:00:00,9.4,0.0
2023-01-25 20:00:00,9.8,0.0
2023-01-25 21:00:00,10.0,0.0
2023-01-25 22:00:00,7.8,0.0
2023-01-25 23:00:00,7.9,0.0
2023-01-26 00:00:00,6.4,0.0
2023-01-26 01:00:00,8.0,0.0
2023-01-26 02:00:00,9.3,0.0
2023-01-26 03:00:00,9.9,0.0
2023-01-26 04:00:00,8.7,0.0
2023-01-26 05:00:00,7.8,0.0
2023-01-26 06:00:00,6.1,0.0
2023-01-26 07:00:00,8.9,7.0
2023-01-26 08:00:00,11.8,85.0
2023-01-26 09:00:00,13.8,174.0
2023-01-26 10:00:00,12.3,240.0
2023-01-26 11:00:00,13.2,367.0
2023-01-26 12:00:00,11.4,232.0
2023-01-26 13:00:00,12.4,118.0
2023-01-26 14:00:00,12.0,86.0
2023-01-26 15:00:00,12.3,97.0
2023-01-26 16:00:00,9.7,21.0
2023-01-26 17:00:00,10.5,0.0
2023-01-26 18:00:00,10.1,0.0
2023-01-26 19:00:00,9.7,0.0
2023-01-26 20:00:00,8.6,0.0
2023-01-26 21:00:00,8.9,0.0
2023-01-26 22:00:00,9.7,0.0
2023-01-26 23:00:00,10.0,0.0
2023-01-27 00:00:00,7.1,0.0
2023-01-27 01:00:00,9.7,0.0
2023-01-27 02:00:00,10.5,0.0
2023-01-27 03:00:00,8.8,0.0
2023-01-27 04:00:00,7.9,0.0
2023-01-27 05:00:00,7.9,0.0
2023-01-27 06:00:00,8.1,0.0
2023-01-27 07:00:00,10.0,7.0
2023-01-27 08:00:00,12.2,58.0
2023-01-27 09:00:00,13.1,104.0
2023-01-27 10:00:00,16.5,200.0
2023-01-27 11:00:00,16.9,296.0
2023-01-27 12:00:00,14.0,215.0
2023-01-27 13:00:00,14.7,184.0
2023-01-27 14:00:00,16.8,144.0
2023-01-27 15:00:00,14.3,106.0
2023-01-27 16:00:00,9.7,16.0
2023-01-27 17:00:00,9.9,0.0
2023-01-27 18:00:00,8.6,0.0
2023-01-27 19:00:00,9.2,0.0
2023-01-27 20:00:00,8.4,0.0
2023-01-27 21:00:00,9.1,0.0
2023-01-27 22:00:00,7.6,0.0
2023-01-27 23:00:00,7.6,0.0
2023-01-28 00:00:00,6.1,0.0
2023-01-28 01:00:00,8.4,0.0
2023-01-28 02:00:00,9.1,0.0
2023-01-28 03:00:00,6.6,0.0
2023-01-28 04:00:00,7.2,0.0
2023-01-28 05:00:00,7.1,0.0
2023-01-28 06:00:00,6.6,0.0
2023-01-28 07:00:00,7.4,3.0
2023-01-28 08:00:00,4.9,33.0
2023-01-28 09:00:00,4.5,96.0
2023-01-28 10:00:00,8.7,147.0
2023-01-28 11:00:00,13.0,226.0
2023-01-28 12:00:00,14.9,267.0
2023-01-28 13:00:00,15.0,182.0
2023-01-28 14:00:00,15.2,157.0
2023-01-28 15:00:00,12.2,65.0
2023-01-28 16:00:00,4.6,18.0
2023-01-28 17:00:00,4.1,0.0
2023-01-28 18:00:00,5.1,0.0
2023-01-28 19:00:00,5.0,0.0
2023-01-28 20:00:00,4.1,0.0
2023-01-28 21:00:00,3.6,0.0
2023-01-28 22:00:00,3.4,0.0
2023-01-28 23:00:00,4.7,0.0
2023-01-29 00:00:00,3.2,0.0
2023-01-29 01:00:00,4.1,0.0
2023-01-29 02:00:00,6.7,0.0
2023-01-29 03:00:00,9.4,0.0
2023-01-29 04:00:00,7.9,0.0
2023-01-29 05:00:00,6.9,0.0
2023-01-29 06:00:00,7.4,0.0
2023-01-29 07:00:00,6.0,5.0
2023-01-29 08:00:00,4.7,52.0
2023-01-29 09:00:00,5.4,155.0
2023-01-29 10:00:00,8.2,281.0
2023-01-29 11:00:00,6.4,365.0
2023-01-29 12:00:00,6.1,318.0
2023-01-29 13:00:00,6.6,149.0
2023-01-29 14:00:00,5.8,145.0
2023-01-29 15:00:00,5.3,107.0
2023-01-29 16:00:00,4.7,26.0
2023-01-29 17:00:00,5.1,0.0
2023-01-29 18:00:00,6.2,0.0
2023-01-29 19:00:00,6.2,0.0
2023-01-29 20:00:00,5.9,0.0
2023-01-29 21:00:00,6.4,0.0
2023-01-29 22:00:00,4.7,0.0
2023-01-29 23:00:00,5.7,0.0
2023-01-30 00:00:00,7.3,0.0
2023-01-30 01:00:00,7.2,0.0
2023-01-30 02:00:00,6.2,0.0
2023-01-30 03:00:00,4.8,0.0
2023-01-30 04:00:00,6.2,0.0
2023-01-30 05:00:00,6.5,0.0
2023-01-30 06:00:00,7.2,0.0
2023-01-30 07:00:00,5.4,14.0
2023-01-30 08:00:00,7.6,124.0
2023-01-30 09:00:00,7.9,234.0
2023-01-30 10:00:00,8.9,340.0
2023-01-30 11:00:00,7.5,316.0
2023-01-30 12:00:00,7.7,272.0
2023-01-30 13:00:00,6.4,376.0
2023-01-30 14:00:00,4.1,302.0
2023-01-30 15:00:00,2.6,126.0
2023-01-30 16:00:00,7.6,40.0
2023-01-30 17:00:00,5.0,0.0
2023-01-30 18:00:00,5.5,0.0
2023-01-30 19:00:00,5.3,0.0
2023-01-30 20:00:00,7.6,0.0
2023-01-30 21:00:00,7.2,0.0
2023-01-30 22:00:00,7.8,0.0
2023-01-30 23:00:00,7.1,0.0
2023-01-31 00:00:00,4.8,0.0
2023-01-31 01:00:00,3.3,0.0
2023-01-31 02:00:00,4.1,0.0
2023-01-31 03:00:00,3.8,0.0
2023-01-31 04:00:00,4.1,0.0
2023-01-31 05:00:00,4.6,0.0
2023-01-31 06:00:00,4.9,0.0
2023-01-31 07:00:00,7.0,16.0
2023-01-31 08:00:00,7.9,129.0
2023-01-31 09:00:00,5.7,266.0
2023-01-31 10:00:00,4.4,365.0
2023-01-31 11:00:00,6.6,435.0
2023-01-31 12:00:00,5.6,446.0
2023-01-31 13:00:00,5.9,375.0
2023-01-31 14:00:00,5.1,300.0
2023-01-31 15:00:00,6.1,166.0
2023-01-31 16:00:00,7.8,41.0
2023-01-31 17:00:00,7.9,0.0
2023-01-31 18:00:00,8.4,0.0
2023-01-31 19:00:00,6.2,0.0
2023-01-31 20:00:00,3.8,0.0
2023-01-31 21:00:00,5.2,0.0
2023-01-31 22:00:00,5.2,0.0
2023-01-31 23:00:00,6.4,0.0
2023-02-01 00:00:00,7.6,0.0
2023-02-01 01:00:00,7.1,0.0
2023-02-01 02:00:00,7.7,0.0
2023-02-01 03:00:00,7.4,0.0
2023-02-01 04:00:00,7.6,0.0
2023-02-01 05:00:00,9.2,0.0
2023-02-01 06:00:00,7.4,0.0
2023-02-01 07:00:00,6.0,16.0
2023-02-01 08:00:00,6.3,126.0
2023-02-01 09:00:00,3.1,257.0
2023-02-01 10:00:00,1.8,321.0
2023-02-01 11:00:00,3.6,316.0
2023-02-01 12:00:00,7.7,310.0
2023-02-01 13:00:00,5.7,377.0
2023-02-01 14:00:00,2.9,223.0
2023-02-01 15:00:00,3.2,164.0
2023-02-01 16:00:00,7.1,44.0
2023-02-01 17:00:00,8.3,0.0
2023-02-01 18:00:00,10.9,0.0
2023-02-01 19:00:00,8.7,0.0
2023-02-01 20:00:00,7.6,0.0
2023-02-01 21:00:00,7.1,0.0
2023-02-01 22:00:00,2.8,0.0
2023-02-01 23:00:00,7.1,0.0
2023-02-02 00:00:00,4.4,0.0
2023-02-02 01:00:00,6.8,0.0
2023-02-02 02:00:00,7.1,0.0
2023-02-02 03:00:00,9.0,0.0
2023-02-02 04:00:00,8.5,0.0
2023-02-02 05:00:00,7.6,0.0
2023-02-02 06:00:00,7.1,0.0
2023-02-02 07:00:00,5.3,12.0
2023-02-02 08:00:00,8.8,74.0
2023-02-02 09:00:00,2.5,223.0
2023-02-02 10:00:00,3.8,299.0
2023-02-02 11:00:00,5.9,419.0
2023-02-02 12:00:00,3.7,403.0
2023-02-02 13:00:00,5.4,355.0
2023-02-02 14:00:00,4.7,291.0
2023-02-02 15:00:00,4.0,157.0
2023-02-02 16:00:00,7.2,35.0
2023-02-02 17:00:00,7.3,0.0
2023-02-02 18:00:00,6.8,0.0
2023-02-02 19:00:00,8.2,0.0
2023-02-02 20:00:00,9.4,0.0
2023-02-02 21:00:00,10.8,0.0
2023-02-02 22:00:00,9.6,0.0
2023-02-02 23:00:00,7.9,0.0
2023-02-03 00:00:00,4.7,0.0
2023-02-03 01:00:00,3.6,0.0
2023-02-03 02:00:00,5.2,0.0
2023-02-03 03:00:00,6.6,0.0
2023-02-03 04:00:00,5.8,0.0
2023-02-03 05:00:00,6.0,0.0
2023-02-03 06:00:00,7.3,0.0
2023-02-03 07:00:00,6.6,18.0
2023-02-03 08:00:00,7.7,45.0
2023-02-03 09:00:00,7.5,95.0
2023-02-03 10:00:00,4.8,343.0
2023-02-03 11:00:00,6.9,441.0
2023-02-03 12:00:00,6.4,431.0
2023-02-03 13:00:00,5.2,273.0
2023-02-03 14:00:00,4.9,168.0
2023-02-03 15:00:00,5.5,93.0
2023-02-03 16:00:00,14.7,18.0
2023-02-03 17:00:00,7.6,0.0
2023-02-03 18:00:00,9.0,0.0
2023-02-03 19:00:00,12.3,0.0
2023-02-03 20:00:00,16.0,0.0
2023-02-03 21:00:00,11.7,0.0
2023-02-03 22:00:00,7.1,0.0
2023-02-03 23:00:00,6.2,0.0
2023-02-04 00:00:00,7.2,0.0
2023-02-04 01:00:00,5.4,0.0
2023-02-04 02:00:00,5.5,0.0
2023-02-04 03:00:00,7.6,0.0
2023-02-04 04:00:00,8.8,0.0
2023-02-04 05:00:00,8.9,0.0
2023-02-04 06:00:00,8.9,0.0
2023-02-04 07:00:00,9.7,20.0
2023-02-04 08:00:00,15.0,139.0
2023-02-04 09:00:00,20.2,261.0
2023-02-04 10:00:00,28.1,380.0
2023-02-04 11:00:00,28.8,462.0
2023-02-04 12:00:00,29.4,473.0
2023-02-04 13:00:00,28.6,426.0
2023-02-04 14:00:00,24.1,331.0
2023-02-04 15:00:00,17.7,198.0
2023-02-04 16:00:00,14.8,56.0
2023-02-04 17:00:00,15.2,0.0
2023-02-04 18:00:00,12.1,0.0
2023-02-04 19:00:00,12.7,0.0
2023-02-04 20:00:00,13.0,0.0
2023-02-04 21:00:00,13.4,0.0
2023-02-04 22:00:00,8.2,0.0
2023-02-04 23:00:00,7.9,0.0
2023-02-05 00:00:00,6.3,0.0
2023-02-05 01:00:00,10.6,0.0
2023-02-05 02:00:00,10.3,0.0
2023-02-05 03:00:00,12.4,0.0
2023-02-05 04:00:00,13.7,0.0
2023-02-05 05:00:00,11.5,0.0
2023-02-05 06:00:00,11.9,0.0
2023-02-05 07:00:00,13.5,21.0
2023-02-05 08:00:00,14.2,152.0
2023-02-05 09:00:00,15.3,295.0
2023-02-05 10:00:00,17.4,405.0
2023-02-05 11:00:00,20.1,470.0
2023-02-05 12:00:00,15.4,444.0
2023-02-05 13:00:00,15.0,362.0
2023-02-05 14:00:00,14.3,196.0
2023-02-05 15:00:00,14.2,113.0
2023-02-05 16:00:00,7.6,51.0
2023-02-05 17:00:00,6.9,0.0
2023-02-05 18:00:00,7.9,0.0
2023-02-05 19:00:00,8.9,0.0
2023-02-05 20:00:00,9.4,0.0
2023-02-05 21:00:00,9.3,0.0
2023-02-05 22:00:00,8.2,0.0
2023-02-05 23:00:00,9.2,0.0
2023-02-06 00:00:00,6.4,0.0
2023-02-06 01:00:00,7.4,0.0
2023-02-06 02:00:00,8.4,0.0
2023-02-06 03:00:00,9.0,0.0
2023-02-06 04:00:00,8.6,0.0
2023-02-06 05:00:00,7.3,0.0
2023-02-06 06:00:00,6.1,0.0
2023-02-06 07:00:00,6.9,21.0
2023-02-06 08:00:00,7.8,133.0
2023-02-06 09:00:00,7.8,212.0
2023-02-06 10:00:00,7.4,319.0
2023-02-06 11:00:00,7.9,399.0
2023-02-06 12:00:00,9.9,438.0
2023-02-06 13:00:00,10.7,344.0
2023-02-06 14:00:00,10.5,248.0
2023-02-06 15:00:00,10.5,129.0
2023-02-06 16:00:00,6.1,46.0
2023-02-06 17:00:00,5.9,0.0
2023-02-06 18:00:00,6.1,0.0
2023-02-06 19:00:00,6.6,0.0
2023-02-06 20:00:00,7.4,0.0
2023-02-06 21:00:00,7.0,0.0
2023-02-06 22:00:00,6.4,0.0
2023-02-06 23:00:00,6.6,0.0
2023-02-07 00:00:00,7.6,0.0
2023-02-07 01:00:00,7.9,0.0
2023-02-07 02:00:00,7.2,0.0
2023-02-07 03:00:00,6.5,0.0
2023-02-07 04:00:00,5.4,0.0
2023-02-07 05:00:00,5.7,0.0
2023-02-07 06:00:00,5.1,0.0
2023-02-07 07:00:00,6.7,26.0
2023-02-07 08:00:00,5.5,156.0
2023-02-07 09:00:00,4.6,298.0
2023-02-07 10:00:00,3.4,410.0
2023-02-07 11:00:00,2.5,475.0
2023-02-07 12:00:00,3.6,485.0
2023-02-07 13:00:00,5.1,331.0
2023-02-07 14:00:00,6.3,318.0
2023-02-07 15:00:00,7.6,209.0
2023-02-07 16:00:00,8.0,64.0
2023-02-07 17:00:00,6.1,0.0
2023-02-07 18:00:00,6.0,0.0
2023-02-07 19:00:00,6.3,0.0
2023-02-07 20:00:00,6.0,0.0
2023-02-07 21:00:00,5.5,0.0
2023-02-07 22:00:00,5.4,0.0
2023-02-07 23:00:00,6.1,0.0
2023-02-08 00:00:00,6.2,0.0
2023-02-08 01:00:00,6.1,0.0
2023-02-08 02:00:00,6.9,0.0
2023-02-08 03:00:00,7.2,0.0
2023-02-08 04:00:00,6.9,0.0
2023-02-08 05:00:00,6.4,0.0
2023-02-08 06:00:00,7.4,0.0
2023-02-08 07:00:00,8.8,24.0
2023-02-08 08:00:00,6.5,157.0
2023-02-08 09:00:00,6.9,296.0
2023-02-08 10:00:00,11.4,307.0
2023-02-08 11:00:00,13.2,272.0
2023-02-08 12:00:00,13.0,291.0
2023-02-08 13:00:00,14.3,152.0
2023-02-08 14:00:00,15.7,164.0
2023-02-08 15:00:00,15.9,89.0
2023-02-08 16:00:00,11.3,25.0
2023-02-08 17:00:00,10.3,0.0
2023-02-08 18:00:00,10.6,0.0
2023-02-08 19:00:00,9.5,0.0
2023-02-08 20:00:00,8.8,0.0
2023-02-08 21:00:00,9.7,0.0
2023-02-08 22:00:00,8.9,0.0
2023-02-08 23:00:00,7.2,0.0
2023-02-09 00:00:00,9.7,0.0
2023-02-09 01:00:00,9.4,0.0
2023-02-09 02:00:00,9.2,0.0
2023-02-09 03:00:00,9.3,0.0
2023-02-09 04:00:00,8.9,0.0
2023-02-09 05:00:00,8.4,0.0
2023-02-09 06:00:00,8.7,0.0
2023-02-09 07:00:00,11.4,29.0
2023-02-09 08:00:00,10.8,157.0
2023-02-09 09:00:00,12.8,300.0
2023-02-09 10:00:00,11.9,409.0
2023-02-09 11:00:00,10.8,475.0
2023-02-09 12:00:00,11.5,499.0
2023-02-09 13:00:00,10.9,439.0
2023-02-09 14:00:00,11.9,346.0
2023-02-09 15:00:00,10.5,212.0
2023-02-09 16:00:00,6.8,71.0
2023-02-09 17:00:00,7.4,1.0
2023-02-09 18:00:00,7.5,0.0
2023-02-09 19:00:00,7.3,0.0
2023-02-09 20:00:00,6.2,0.0
2023-02-09 21:00:00,7.3,0.0
2023-02-09 22:00:00,4.4,0.0
2023-02-09 23:00:00,4.0,0.0
2023-02-10 00:00:00,5.4,0.0
2023-02-10 01:00:00,2.2,0.0
2023-02-10 02:00:00,1.3,0.0
2023-02-10 03:00:00,0.8,0.0
2023-02-10 04:00:00,4.2,0.0
2023-02-10 05:00:00,2.6,0.0
2023-02-10 06:00:00,3.6,0.0
2023-02-10 07:00:00,4.2,33.0
2023-02-10 08:00:00,1.8,169.0
2023-02-10 09:00:00,4.3,315.0
2023-02-10 10:00:00,2.2,428.0
2023-02-10 11:00:00,1.1,492.0
2023-02-10 12:00:00,3.7,502.0
2023-02-10 13:00:00,1.6,456.0
2023-02-10 14:00:00,2.5,359.0
2023-02-10 15:00:00,4.7,223.0
2023-02-10 16:00:00,6.7,75.0
2023-02-10 17:00:00,3.6,1.0
2023-02-10 18:00:00,1.8,0.0
2023-02-10 19:00:00,1.8,0.0
2023-02-10 20:00:00,2.1,0.0
2023-02-10 21:00:00,4.9,0.0
2023-02-10 22:00:00,6.7,0.0
2023-02-10 23:00:00,7.1,0.0
2023-02-11 00:00:00,6.4,0.0
2023-02-11 01:00:00,7.5,0.0
2023-02-11 02:00:00,8.0,0.0
2023-02-11 03:00:00,5.9,0.0
2023-02-11 04:00:00,6.4,0.0
2023-02-11 05:00:00,5.4,0.0
2023-02-11 06:00:00,3.3,0.0
2023-02-11 07:00:00,2.9,29.0
2023-02-11 08:00:00,4.0,143.0
2023-02-11 09:00:00,6.2,300.0
2023-02-11 10:00:00,6.7,351.0
2023-02-11 11:00:00,8.2,475.0
2023-02-11 12:00:00,8.0,394.0
2023-02-11 13:00:00,6.5,400.0
2023-02-11 14:00:00,8.4,349.0
2023-02-11 15:00:00,4.1,201.0
2023-02-11 16:00:00,8.0,70.0
2023-02-11 17:00:00,7.1,1.0
2023-02-11 18:00:00,3.6,0.0
2023-02-11 19:00:00,4.7,0.0
2023-02-11 20:00:00,6.7,0.0
2023-02-11 21:00:00,5.9,0.0
2023-02-11 22:00:00,4.3,0.0
2023-02-11 23:00:00,5.0,0.0
2023-02-12 00:00:00,7.2,0.0
2023-02-12 01:00:00,7.3,0.0
2023-02-12 02:00:00,7.6,0.0
2023-02-12 03:00:00,5.1,0.0
2023-02-12 04:00:00,5.5,0.0
2023-02-12 05:00:00,3.9,0.0
2023-02-12 06:00:00,4.4,0.0
2023-02-12 07:00:00,6.6,3.0
2023-02-12 08:00:00,7.0,43.0
2023-02-12 09:00:00,4.7,139.0
2023-02-12 10:00:00,0.8,259.0
2023-02-12 11:00:00,4.4,252.0
2023-02-12 12:00:00,3.3,280.0
2023-02-12 13:00:00,1.3,275.0
2023-02-12 14:00:00,2.3,275.0
2023-02-12 15:00:00,2.8,184.0
2023-02-12 16:00:00,5.9,37.0
2023-02-12 17:00:00,6.7,1.0
2023-02-12 18:00:00,8.0,0.0
2023-02-12 19:00:00,8.3,0.0
2023-02-12 20:00:00,6.6,0.0
2023-02-12 21:00:00,5.8,0.0
2023-02-12 22:00:00,5.5,0.0
2023-02-12 23:00:00,6.6,0.0
2023-02-13 00:00:00,7.2,0.0
2023-02-13 01:00:00,7.1,0.0
2023-02-13 02:00:00,7.5,0.0
2023-02-13 03:00:00,8.0,0.0
2023-02-13 04:00:00,5.7,0.0
2023-02-13 05:00:00,6.3,0.0
2023-02-13 06:00:00,5.6,0.0
2023-02-13 07:00:00,4.9,38.0
2023-02-13 08:00:00,3.1,172.0
2023-02-13 09:00:00,1.4,313.0
2023-02-13 10:00:00,2.6,422.0
2023-02-13 11:00:00,4.0,477.0
2023-02-13 12:00:00,3.7,479.0
2023-02-13 13:00:00,4.2,454.0
2023-02-13 14:00:00,4.9,354.0
2023-02-13 15:00:00,4.7,223.0
2023-02-13 16:00:00,8.3,82.0
2023-02-13 17:00:00,3.1,2.0
2023-02-13 18:00:00,0.8,0.0
2023-02-13 19:00:00,0.7,0.0
2023-02-13 20:00:00,0.7,0.0
2023-02-13 21:00:00,3.9,0.0
2023-02-13 22:00:00,3.8,0.0
2023-02-13 23:00:00,2.9,0.0
2023-02-14 00:00:00,2.5,0.0
2023-02-14 01:00:00,4.2,0.0
2023-02-14 02:00:00,2.9,0.0
2023-02-14 03:00:00,3.4,0.0
2023-02-14 04:00:00,5.2,0.0
2023-02-14 05:00:00,4.7,0.0
2023-02-14 06:00:00,5.6,0.0
2023-02-14 07:00:00,6.8,41.0
2023-02-14 08:00:00,5.4,177.0
2023-02-14 09:00:00,3.3,323.0
2023-02-14 10:00:00,4.5,432.0
2023-02-14 11:00:00,4.6,497.0
2023-02-14 12:00:00,4.5,512.0
2023-02-14 13:00:00,5.9,470.0
2023-02-14 14:00:00,7.9,377.0
2023-02-14 15:00:00,5.1,240.0
2023-02-14 16:00:00,6.9,87.0
2023-02-14 17:00:00,7.2,3.0
2023-02-14 18:00:00,7.6,0.0
2023-02-14 19:00:00,8.3,0.0
2023-02-14 20:00:00,7.2,0.0
2023-02-14 21:00:00,9.0,0.0
2023-02-14 22:00:00,9.0,0.0
2023-02-14 23:00:00,5.1,0.0
2023-02-15 00:00:00,7.2,0.0
2023-02-15 01:00:00,5.0,0.0
2023-02-15 02:00:00,4.4,0.0
2023-02-15 03:00:00,1.4,0.0
2023-02-15 04:00:00,2.6,0.0
2023-02-15 05:00:00,2.0,0.0
2023-02-15 06:00:00,3.2,0.0
2023-02-15 07:00:00,3.1,37.0
2023-02-15 08:00:00,1.5,140.0
2023-02-15 09:00:00,1.8,273.0
2023-02-15 10:00:00,3.3,393.0
2023-02-15 11:00:00,4.7,464.0
2023-02-15 12:00:00,4.3,503.0
2023-02-15 13:00:00,5.2,479.0
2023-02-15 14:00:00,5.6,382.0
2023-02-15 15:00:00,5.4,246.0
2023-02-15 16:00:00,6.5,94.0
2023-02-15 17:00:00,5.5,3.0
2023-02-15 18:00:00,4.3,0.0
2023-02-15 19:00:00,3.8,0.0
2023-02-15 20:00:00,1.9,0.0
2023-02-15 21:00:00,2.6,0.0
2023-02-15 22:00:00,3.3,0.0
2023-02-15 23:00:00,2.9,0.0
2023-02-16 00:00:00,1.5,0.0
2023-02-16 01:00:00,2.5,0.0
2023-02-16 02:00:00,2.2,0.0
2023-02-16 03:00:00,1.8,0.0
2023-02-16 04:00:00,2.3,0.0
2023-02-16 05:00:00,1.8,0.0
2023-02-16 06:00:00,1.9,0.0
2023-02-16 07:00:00,1.8,37.0
2023-02-16 08:00:00,2.2,149.0
2023-02-16 09:00:00,1.5,260.0
2023-02-16 10:00:00,2.4,416.0
2023-02-16 11:00:00,3.3,505.0
2023-02-16 12:00:00,2.9,513.0
2023-02-16 13:00:00,4.4,471.0
2023-02-16 14:00:00,4.4,375.0
2023-02-16 15:00:00,1.9,235.0
2023-02-16 16:00:00,2.3,80.0
2023-02-16 17:00:00,2.6,3.0
2023-02-16 18:00:00,5.0,0.0
2023-02-16 19:00:00,7.2,0.0
2023-02-16 20:00:00,7.7,0.0
2023-02-16 21:00:00,7.1,0.0
2023-02-16 22:00:00,6.9,0.0
2023-02-16 23:00:00,7.1,0.0
2023-02-17 00:00:00,10.4,0.0
2023-02-17 01:00:00,8.9,0.0
2023-02-17 02:00:00,8.2,0.0
2023-02-17 03:00:00,6.9,0.0
2023-02-17 04:00:00,8.4,0.0
2023-02-17 05:00:00,9.1,0.0
2023-02-17 06:00:00,8.5,0.0
2023-02-17 07:00:00,5.1,51.0
2023-02-17 08:00:00,5.2,195.0
2023-02-17 09:00:00,3.3,338.0
2023-02-17 10:00:00,5.6,450.0
2023-02-17 11:00:00,8.2,512.0
2023-02-17 12:00:00,11.6,516.0
2023-02-17 13:00:00,11.8,476.0
2023-02-17 14:00:00,11.7,377.0
2023-02-17 15:00:00,10.3,241.0
2023-02-17 16:00:00,9.0,93.0
2023-02-17 17:00:00,8.6,4.0
2023-02-17 18:00:00,7.0,0.0
2023-02-17 19:00:00,7.8,0.0
2023-02-17 20:00:00,9.0,0.0
2023-02-17 21:00:00,7.4,0.0
2023-02-17 22:00:00,8.6,0.0
2023-02-17 23:00:00,8.2,0.0
2023-02-18 00:00:00,6.5,0.0
2023-02-18 01:00:00,6.6,0.0
2023-02-18 02:00:00,9.4,0.0
2023-02-18 03:00:00,9.1,0.0
2023-02-18 04:00:00,9.7,0.0
2023-02-18 05:00:00,10.5,0.0
2023-02-18 06:00:00,10.5,0.0
2023-02-18 07:00:00,5.4,50.0
2023-02-18 08:00:00,8.3,178.0
2023-02-18 09:00:00,8.3,312.0
2023-02-18 10:00:00,10.9,417.0
2023-02-18 11:00:00,12.3,457.0
2023-02-18 12:00:00,13.7,490.0
2023-02-18 13:00:00,14.5,416.0
2023-02-18 14:00:00,17.2,313.0
2023-02-18 15:00:00,17.4,212.0
2023-02-18 16:00:00,14.7,82.0
2023-02-18 17:00:00,12.1,4.0
2023-02-18 18:00:00,9.3,0.0
2023-02-18 19:00:00,7.9,0.0
2023-02-18 20:00:00,8.0,0.0
2023-02-18 21:00:00,8.6,0.0
2023-02-18 22:00:00,7.9,0.0
2023-02-18 23:00:00,8.5,0.0
2023-02-19 00:00:00,8.4,0.0
2023-02-19 01:00:00,8.8,0.0
2023-02-19 02:00:00,9.1,0.0
2023-02-19 03:00:00,10.0,0.0
2023-02-19 04:00:00,8.6,0.0
2023-02-19 05:00:00,7.5,0.0
2023-02-19 06:00:00,6.7,0.0
2023-02-19 07:00:00,6.8,47.0
2023-02-19 08:00:00,7.3,123.0
2023-02-19 09:00:00,7.3,249.0
2023-02-19 10:00:00,18.4,305.0
2023-02-19 11:00:00,17.5,295.0
2023-02-19 12:00:00,17.0,416.0
2023-02-19 13:00:00,16.9,465.0
2023-02-19 14:00:00,14.0,384.0
2023-02-19 15:00:00,10.2,254.0
2023-02-19 16:00:00,6.9,103.0
2023-02-19 17:00:00,7.8,6.0
2023-02-19 18:00:00,6.8,0.0
2023-02-19 19:00:00,7.7,0.0
2023-02-19 20:00:00,8.7,0.0
2023-02-19 21:00:00,8.0,0.0
2023-02-19 22:00:00,7.3,0.0
2023-02-19 23:00:00,6.3,0.0
2023-02-20 00:00:00,10.4,0.0
2023-02-20 01:00:00,6.5,0.0
2023-02-20 02:00:00,7.3,0.0
2023-02-20 03:00:00,8.2,0.0
2023-02-20 04:00:00,8.1,0.0
2023-02-20 05:00:00,7.4,0.0
2023-02-20 06:00:00,4.0,0.0
2023-02-20 07:00:00,1.3,55.0
2023-02-20 08:00:00,1.8,196.0
2023-02-20 09:00:00,4.0,334.0
2023-02-20 10:00:00,7.2,453.0
2023-02-20 11:00:00,7.4,501.0
2023-02-20 12:00:00,5.6,518.0
2023-02-20 13:00:00,7.2,482.0
2023-02-20 14:00:00,7.6,384.0
2023-02-20 15:00:00,7.7,254.0
2023-02-20 16:00:00,8.8,105.0
2023-02-20 17:00:00,9.1,7.0
2023-02-20 18:00:00,8.0,0.0
2023-02-20 19:00:00,7.1,0.0
2023-02-20 20:00:00,8.1,0.0
2023-02-20 21:00:00,7.8,0.0
2023-02-20 22:00:00,7.7,0.0
2023-02-20 23:00:00,7.7,0.0
2023-02-21 00:00:00,7.6,0.0
2023-02-21 01:00:00,8.4,0.0
2023-02-21 02:00:00,8.6,0.0
2023-02-21 03:00:00,7.9,0.0
2023-02-21 04:00:00,6.6,0.0
2023-02-21 05:00:00,7.2,0.0
2023-02-21 06:00:00,6.6,0.0
2023-02-21 07:00:00,7.4,42.0
2023-02-21 08:00:00,6.6,147.0
2023-02-21 09:00:00,4.3,231.0
2023-02-21 10:00:00,5.1,478.0
2023-02-21 11:00:00,5.8,500.0
2023-02-21 12:00:00,6.6,512.0
2023-02-21 13:00:00,7.1,499.0
2023-02-21 14:00:00,8.3,402.0
2023-02-21 15:00:00,6.2,266.0
2023-02-21 16:00:00,7.1,112.0
2023-02-21 17:00:00,7.7,8.0
2023-02-21 18:00:00,7.3,0.0
2023-02-21 19:00:00,7.2,0.0
2023-02-21 20:00:00,7.5,0.0
2023-02-21 21:00:00,6.6,0.0
2023-02-21 22:00:00,7.1,0.0
2023-02-21 23:00:00,5.5,0.0
2023-02-22 00:00:00,8.0,0.0
2023-02-22 01:00:00,7.2,0.0
2023-02-22 02:00:00,5.8,0.0
2023-02-22 03:00:00,7.9,0.0
2023-02-22 04:00:00,8.7,0.0
2023-02-22 05:00:00,7.9,0.0
2023-02-22 06:00:00,7.2,0.0
2023-02-22 07:00:00,7.7,62.0
2023-02-22 08:00:00,4.6,197.0
2023-02-22 09:00:00,3.7,351.0
2023-02-22 10:00:00,2.9,476.0
2023-02-22 11:00:00,1.8,537.0
2023-02-22 12:00:00,2.9,527.0
2023-02-22 13:00:00,2.9,460.0
2023-02-22 14:00:00,4.6,341.0
2023-02-22 15:00:00,3.9,194.0
2023-02-22 16:00:00,2.4,87.0
2023-02-22 17:00:00,3.7,8.0
2023-02-22 18:00:00,6.1,0.0
2023-02-22 19:00:00,3.4,0.0
2023-02-22 20:00:00,5.4,0.0
2023-02-22 21:00:00,8.4,0.0
2023-02-22 22:00:00,7.3,0.0
2023-02-22 23:00:00,7.2,0.0
2023-02-23 00:00:00,9.0,0.0
2023-02-23 01:00:00,6.3,0.0
2023-02-23 02:00:00,3.4,0.0
2023-02-23 03:00:00,4.5,0.0
2023-02-23 04:00:00,4.0,0.0
2023-02-23 05:00:00,1.8,0.0
2023-02-23 06:00:00,0.8,0.0
2023-02-23 07:00:00,1.6,24.0
2023-02-23 08:00:00,1.1,79.0
2023-02-23 09:00:00,2.3,189.0
2023-02-23 10:00:00,1.5,187.0
2023-02-23 11:00:00,1.1,360.0
2023-02-23 12:00:00,2.6,394.0
2023-02-23 13:00:00,6.6,372.0
2023-02-23 14:00:00,6.4,279.0
2023-02-23 15:00:00,4.6,139.0
2023-02-23 16:00:00,5.5,71.0
2023-02-23 17:00:00,7.0,9.0
2023-02-23 18:00:00,4.8,0.0
2023-02-23 19:00:00,4.3,0.0
2023-02-23 20:00:00,5.4,0.0
2023-02-23 21:00:00,6.4,0.0
2023-02-23 22:00:00,5.0,0.0
2023-02-23 23:00:00,5.8,0.0
2023-02-24 00:00:00,8.9,0.0
2023-02-24 01:00:00,6.5,0.0
2023-02-24 02:00:00,6.8,0.0
2023-02-24 03:00:00,7.7,0.0
2023-02-24 04:00:00,7.9,0.0
2023-02-24 05:00:00,8.4,0.0
2023-02-24 06:00:00,8.4,1.0
2023-02-24 07:00:00,7.2,69.0
2023-02-24 08:00:00,6.1,175.0
2023-02-24 09:00:00,7.7,267.0
2023-02-24 10:00:00,18.8,416.0
2023-02-24 11:00:00,20.3,363.0
2023-02-24 12:00:00,21.5,278.0
2023-02-24 13:00:00,22.7,432.0
2023-02-24 14:00:00,24.3,371.0
2023-02-24 15:00:00,20.8,224.0
2023-02-24 16:00:00,18.1,107.0
2023-02-24 17:00:00,17.0,11.0
2023-02-24 18:00:00,14.1,0.0
2023-02-24 19:00:00,11.5,0.0
2023-02-24 20:00:00,9.3,0.0
2023-02-24 21:00:00,7.8,0.0
2023-02-24 22:00:00,8.2,0.0
2023-02-24 23:00:00,10.2,0.0
2023-02-25 00:00:00,15.3,0.0
2023-02-25 01:00:00,14.8,0.0
2023-02-25 02:00:00,14.6,0.0
2023-02-25 03:00:00,13.0,0.0
2023-02-25 04:00:00,10.7,0.0
2023-02-25 05:00:00,6.6,0.0
2023-02-25 06:00:00,6.0,1.0
2023-02-25 07:00:00,4.7,68.0
2023-02-25 08:00:00,7.8,135.0
2023-02-25 09:00:00,12.1,263.0
2023-02-25 10:00:00,9.7,165.0
2023-02-25 11:00:00,12.2,175.0
2023-02-25 12:00:00,17.9,155.0
2023-02-25 13:00:00,10.4,106.0
2023-02-25 14:00:00,11.5,40.0
2023-02-25 15:00:00,12.8,72.0
2023-02-25 16:00:00,12.3,37.0
2023-02-25 17:00:00,14.7,1.0
2023-02-25 18:00:00,14.9,0.0
2023-02-25 19:00:00,15.0,0.0
2023-02-25 20:00:00,14.2,0.0
2023-02-25 21:00:00,12.1,0.0
2023-02-25 22:00:00,9.3,0.0
2023-02-25 23:00:00,5.2,0.0
2023-02-26 00:00:00,8.4,0.0
2023-02-26 01:00:00,8.7,0.0
2023-02-26 02:00:00,7.6,0.0
2023-02-26 03:00:00,8.9,0.0
2023-02-26 04:00:00,8.4,0.0
2023-02-26 05:00:00,8.2,0.0
2023-02-26 06:00:00,8.6,1.0
2023-02-26 07:00:00,9.5,29.0
2023-02-26 08:00:00,10.7,76.0
2023-02-26 09:00:00,13.7,155.0
2023-02-26 10:00:00,16.0,173.0
2023-02-26 11:00:00,16.8,176.0
2023-02-26 12:00:00,17.2,208.0
2023-02-26 13:00:00,15.5,161.0
2023-02-26 14:00:00,14.0,141.0
2023-02-26 15:00:00,11.2,58.0
2023-02-26 16:00:00,13.2,36.0
2023-02-26 17:00:00,14.4,3.0
2023-02-26 18:00:00,15.8,0.0
2023-02-26 19:00:00,16.3,0.0
2023-02-26 20:00:00,15.7,0.0
2023-02-26 21:00:00,16.2,0.0
2023-02-26 22:00:00,16.9,0.0
2023-02-26 23:00:00,16.6,0.0
2023-02-27 00:00:00,11.8,0.0
2023-02-27 01:00:00,10.2,0.0
2023-02-27 02:00:00,9.9,0.0
2023-02-27 03:00:00,10.7,0.0
2023-02-27 04:00:00,12.1,0.0
2023-02-27 05:00:00,13.2,0.0
2023-02-27 06:00:00,12.9,1.0
2023-02-27 07:00:00,11.6,49.0
2023-02-27 08:00:00,12.5,104.0
2023-02-27 09:00:00,13.7,130.0
2023-02-27 10:00:00,15.3,186.0
2023-02-27 11:00:00,14.8,219.0
2023-02-27 12:00:00,15.2,247.0
2023-02-27 13:00:00,15.4,124.0
2023-02-27 14:00:00,14.5,90.0
2023-02-27 15:00:00,12.1,68.0
2023-02-27 16:00:00,9.7,33.0
2023-02-27 17:00:00,7.9,4.0
2023-02-27 18:00:00,7.9,0.0
2023-02-27 19:00:00,7.9,0.0
2023-02-27 20:00:00,8.7,0.0
2023-02-27 21:00:00,9.3,0.0
2023-02-27 22:00:00,10.3,0.0
2023-02-27 23:00:00,10.8,0.0
2023-02-28 00:00:00,10.0,0.0
2023-02-28 01:00:00,9.9,0.0
2023-02-28 02:00:00,10.2,0.0
2023-02-28 03:00:00,10.0,0.0
2023-02-28 04:00:00,11.0,0.0
2023-02-28 05:00:00,9.8,0.0
2023-02-28 06:00:00,8.1,2.0
2023-02-28 07:00:00,12.4,50.0
2023-02-28 08:00:00,12.4,134.0
2023-02-28 09:00:00,13.2,243.0
2023-02-28 10:00:00,14.1,379.0
2023-02-28 11:00:00,13.8,325.0
2023-02-28 12:00:00,12.2,208.0
2023-02-28 13:00:00,11.9,158.0
2023-02-28 14:00:00,11.2,81.0
2023-02-28 15:00:00,8.3,47.0
2023-02-28 16:00:00,7.7,35.0
2023-02-28 17:00:00,6.3,6.0
2023-02-28 18:00:00,5.8,0.0
2023-02-28 19:00:00,6.8,0.0
2023-02-28 20:00:00,5.0,0.0
2023-02-28 21:00:00,4.8,0.0
2023-02-28 22:00:00,5.6,0.0
2023-02-28 23:00:00,5.3,0.0
2023-03-01 00:00:00,6.3,0.0
2023-03-01 01:00:00,6.6,0.0
2023-03-01 02:00:00,6.6,0.0
2023-03-01 03:00:00,7.6,0.0
2023-03-01 04:00:00,7.1,0.0
2023-03-01 05:00:00,9.4,0.0
2023-03-01 06:00:00,9.7,1.0
2023-03-01 07:00:00,10.7,14.0
2023-03-01 08:00:00,11.0,32.0
2023-03-01 09:00:00,11.5,49.0
2023-03-01 10:00:00,16.8,70.0
2023-03-01 11:00:00,15.8,80.0
2023-03-01 12:00:00,13.9,75.0
2023-03-01 13:00:00,15.6,63.0
2023-03-01 14:00:00,14.0,45.0
2023-03-01 15:00:00,12.2,38.0
2023-03-01 16:00:00,11.6,27.0
2023-03-01 17:00:00,11.4,2.0
2023-03-01 18:00:00,13.4,0.0
2023-03-01 19:00:00,13.4,0.0
2023-03-01 20:00:00,12.4,0.0
2023-03-01 21:00:00,11.8,0.0
2023-03-01 22:00:00,12.0,0.0
2023-03-01 23:00:00,11.5,0.0
2023-03-02 00:00:00,10.8,0.0
2023-03-02 01:00:00,11.7,0.0
2023-03-02 02:00:00,14.2,0.0
2023-03-02 03:00:00,14.0,0.0
2023-03-02 04:00:00,14.8,0.0
2023-03-02 05:00:00,12.2,0.0
2023-03-02 06:00:00,11.3,1.0
2023-03-02 07:00:00,10.8,24.0
2023-03-02 08:00:00,9.5,56.0
2023-03-02 09:00:00,9.2,80.0
2023-03-02 10:00:00,11.1,177.0
2023-03-02 11:00:00,10.7,174.0
2023-03-02 12:00:00,10.6,181.0
2023-03-02 13:00:00,10.0,149.0
2023-03-02 14:00:00,7.9,125.0
2023-03-02 15:00:00,6.9,85.0
2023-03-02 16:00:00,5.4,46.0
2023-03-02 17:00:00,3.8,7.0
2023-03-02 18:00:00,3.4,0.0
2023-03-02 19:00:00,4.2,0.0
2023-03-02 20:00:00,4.2,0.0
2023-03-02 21:00:00,3.0,0.0
2023-03-02 22:00:00,2.9,0.0
2023-03-02 23:00:00,3.0,0.0
2023-03-03 00:00:00,4.8,0.0
2023-03-03 01:00:00,4.6,0.0
2023-03-03 02:00:00,4.5,0.0
2023-03-03 03:00:00,2.5,0.0
2023-03-03 04:00:00,2.3,0.0
2023-03-03 05:00:00,3.2,0.0
2023-03-03 06:00:00,1.8,3.0
2023-03-03 07:00:00,4.1,53.0
2023-03-03 08:00:00,3.4,123.0
2023-03-03 09:00:00,3.3,150.0
2023-03-03 10:00:00,3.9,162.0
2023-03-03 11:00:00,6.9,256.0
2023-03-03 12:00:00,3.4,223.0
2023-03-03 13:00:00,3.3,212.0
2023-03-03 14:00:00,2.8,133.0
2023-03-03 15:00:00,2.9,99.0
2023-03-03 16:00:00,1.1,42.0
2023-03-03 17:00:00,3.8,6.0
2023-03-03 18:00:00,6.6,0.0
2023-03-03 19:00:00,6.6,0.0
2023-03-03 20:00:00,6.8,0.0
2023-03-03 21:00:00,5.5,0.0
2023-03-03 22:00:00,5.9,0.0
2023-03-03 23:00:00,6.7,0.0
2023-03-04 00:00:00,8.7,0.0
2023-03-04 01:00:00,8.8,0.0
2023-03-04 02:00:00,9.2,0.0
2023-03-04 03:00:00,8.5,0.0
2023-03-04 04:00:00,5.2,0.0
2023-03-04 05:00:00,5.3,0.0
2023-03-04 06:00:00,6.8,6.0
2023-03-04 07:00:00,5.0,83.0
2023-03-04 08:00:00,3.1,214.0
2023-03-04 09:00:00,2.4,359.0
2023-03-04 10:00:00,4.2,506.0
2023-03-04 11:00:00,4.5,607.0
2023-03-04 12:00:00,4.3,615.0
2023-03-04 13:00:00,3.3,432.0
2023-03-04 14:00:00,3.6,426.0
2023-03-04 15:00:00,4.7,303.0
2023-03-04 16:00:00,4.0,157.0
2023-03-04 17:00:00,1.3,24.0
2023-03-04 18:00:00,4.8,0.0
2023-03-04 19:00:00,4.9,0.0
2023-03-04 20:00:00,3.2,0.0
2023-03-04 21:00:00,2.5,0.0
2023-03-04 22:00:00,3.6,0.0
2023-03-04 23:00:00,3.4,0.0
2023-03-05 00:00:00,10.0,0.0
2023-03-05 01:00:00,7.1,0.0
2023-03-05 02:00:00,7.0,0.0
2023-03-05 03:00:00,7.7,0.0
2023-03-05 04:00:00,6.7,0.0
2023-03-05 05:00:00,4.8,0.0
2023-03-05 06:00:00,1.8,4.0
2023-03-05 07:00:00,0.8,39.0
2023-03-05 08:00:00,2.1,93.0
2023-03-05 09:00:00,3.6,152.0
2023-03-05 10:00:00,5.3,258.0
2023-03-05 11:00:00,6.8,336.0
2023-03-05 12:00:00,8.7,489.0
2023-03-05 13:00:00,5.5,416.0
2023-03-05 14:00:00,4.0,230.0
2023-03-05 15:00:00,3.1,202.0
2023-03-05 16:00:00,4.3,138.0
2023-03-05 17:00:00,8.2,25.0
2023-03-05 18:00:00,8.0,0.0
2023-03-05 19:00:00,6.9,0.0
2023-03-05 20:00:00,6.5,0.0
2023-03-05 21:00:00,6.5,0.0
2023-03-05 22:00:00,7.1,0.0
2023-03-05 23:00:00,5.7,0.0
2023-03-06 00:00:00,7.3,0.0
2023-03-06 01:00:00,6.8,0.0
2023-03-06 02:00:00,5.8,0.0
2023-03-06 03:00:00,5.4,0.0
2023-03-06 04:00:00,4.9,0.0
2023-03-06 05:00:00,7.7,0.0
2023-03-06 06:00:00,5.4,3.0
2023-03-06 07:00:00,2.5,54.0
2023-03-06 08:00:00,1.3,236.0
2023-03-06 09:00:00,2.5,307.0
2023-03-06 10:00:00,4.9,529.0
2023-03-06 11:00:00,6.1,606.0
2023-03-06 12:00:00,8.4,579.0
2023-03-06 13:00:00,10.3,445.0
2023-03-06 14:00:00,11.2,309.0
2023-03-06 15:00:00,9.0,185.0
2023-03-06 16:00:00,9.2,102.0
2023-03-06 17:00:00,12.3,25.0
2023-03-06 18:00:00,7.6,0.0
2023-03-06 19:00:00,7.0,0.0
2023-03-06 20:00:00,6.8,0.0
2023-03-06 21:00:00,8.5,0.0
2023-03-06 22:00:00,4.4,0.0
2023-03-06 23:00:00,2.3,0.0
2023-03-07 00:00:00,8.7,0.0
2023-03-07 01:00:00,7.0,0.0
2023-03-07 02:00:00,4.3,0.0
2023-03-07 03:00:00,5.9,0.0
2023-03-07 04:00:00,3.7,0.0
2023-03-07 05:00:00,3.1,0.0
2023-03-07 06:00:00,2.2,6.0
2023-03-07 07:00:00,2.9,84.0
2023-03-07 08:00:00,2.6,233.0
2023-03-07 09:00:00,5.9,331.0
2023-03-07 10:00:00,8.3,339.0
2023-03-07 11:00:00,10.7,387.0
2023-03-07 12:00:00,12.8,455.0
2023-03-07 13:00:00,11.7,400.0
2023-03-07 14:00:00,19.1,368.0
2023-03-07 15:00:00,20.3,283.0
2023-03-07 16:00:00,16.2,120.0
2023-03-07 17:00:00,15.5,18.0
2023-03-07 18:00:00,12.7,0.0
2023-03-07 19:00:00,12.5,0.0
2023-03-07 20:00:00,8.4,0.0
2023-03-07 21:00:00,7.7,0.0
2023-03-07 22:00:00,7.9,0.0
2023-03-07 23:00:00,9.5,0.0
2023-03-08 00:00:00,10.7,0.0
2023-03-08 01:00:00,13.8,0.0
2023-03-08 02:00:00,11.0,0.0
2023-03-08 03:00:00,8.7,0.0
2023-03-08 04:00:00,7.4,0.0
2023-03-08 05:00:00,9.1,0.0
2023-03-08 06:00:00,5.5,12.0
2023-03-08 07:00:00,7.1,128.0
2023-03-08 08:00:00,8.8,293.0
2023-03-08 09:00:00,12.5,415.0
2023-03-08 10:00:00,18.3,466.0
2023-03-08 11:00:00,18.2,377.0
2023-03-08 12:00:00,22.5,462.0
2023-03-08 13:00:00,27.0,471.0
2023-03-08 14:00:00,25.5,264.0
2023-03-08 15:00:00,23.4,264.0
2023-03-08 16:00:00,15.8,133.0
2023-03-08 17:00:00,16.1,22.0
2023-03-08 18:00:00,14.4,0.0
2023-03-08 19:00:00,10.2,0.0
2023-03-08 20:00:00,8.3,0.0
2023-03-08 21:00:00,6.6,0.0
2023-03-08 22:00:00,9.7,0.0
2023-03-08 23:00:00,8.7,0.0
2023-03-09 00:00:00,17.1,0.0
2023-03-09 01:00:00,16.0,0.0
2023-03-09 02:00:00,15.5,0.0
2023-03-09 03:00:00,15.3,0.0
2023-03-09 04:00:00,14.5,0.0
2023-03-09 05:00:00,15.2,0.0
2023-03-09 06:00:00,18.8,8.0
2023-03-09 07:00:00,18.7,114.0
2023-03-09 08:00:00,16.1,217.0
2023-03-09 09:00:00,15.3,255.0
2023-03-09 10:00:00,22.1,501.0
2023-03-09 11:00:00,23.7,501.0
2023-03-09 12:00:00,14.8,446.0
2023-03-09 13:00:00,15.1,439.0
2023-03-09 14:00:00,15.9,399.0
2023-03-09 15:00:00,11.9,298.0
2023-03-09 16:00:00,9.0,146.0
2023-03-09 17:00:00,7.9,32.0
2023-03-09 18:00:00,7.2,0.0
2023-03-09 19:00:00,7.2,0.0
2023-03-09 20:00:00,9.3,0.0
2023-03-09 21:00:00,7.0,0.0
2023-03-09 22:00:00,6.6,0.0
2023-03-09 23:00:00,8.1,0.0
2023-03-10 00:00:00,6.6,0.0
2023-03-10 01:00:00,2.6,0.0
2023-03-10 02:00:00,6.8,0.0
2023-03-10 03:00:00,6.0,0.0
2023-03-10 04:00:00,7.9,0.0
2023-03-10 05:00:00,4.0,0.0
2023-03-10 06:00:00,5.6,14.0
2023-03-10 07:00:00,5.9,133.0
2023-03-10 08:00:00,7.0,296.0
2023-03-10 09:00:00,10.0,365.0
2023-03-10 10:00:00,20.6,435.0
2023-03-10 11:00:00,19.4,540.0
2023-03-10 12:00:00,19.4,460.0
2023-03-10 13:00:00,16.0,371.0
2023-03-10 14:00:00,16.6,337.0
2023-03-10 15:00:00,14.9,217.0
2023-03-10 16:00:00,11.5,107.0
2023-03-10 17:00:00,10.2,29.0
2023-03-10 18:00:00,8.7,0.0
2023-03-10 19:00:00,8.3,0.0
2023-03-10 20:00:00,6.8,0.0
2023-03-10 21:00:00,7.4,0.0
2023-03-10 22:00:00,7.5,0.0
2023-03-10 23:00:00,7.9,0.0
2023-03-11 00:00:00,9.1,0.0
2023-03-11 01:00:00,5.0,0.0
2023-03-11 02:00:00,6.9,0.0
2023-03-11 03:00:00,2.7,0.0
2023-03-11 04:00:00,4.0,0.0
2023-03-11 05:00:00,7.3,0.0
2023-03-11 06:00:00,8.7,5.0
2023-03-11 07:00:00,8.8,69.0
2023-03-11 08:00:00,13.8,106.0
2023-03-11 09:00:00,11.1,160.0
2023-03-11 10:00:00,6.9,258.0
2023-03-11 11:00:00,5.6,231.0
2023-03-11 12:00:00,10.6,209.0
2023-03-11 13:00:00,9.8,308.0
2023-03-11 14:00:00,8.9,164.0
2023-03-11 15:00:00,7.6,80.0
2023-03-11 16:00:00,4.0,72.0
2023-03-11 17:00:00,5.9,23.0
2023-03-11 18:00:00,11.9,0.0
2023-03-11 19:00:00,10.2,0.0
2023-03-11 20:00:00,7.9,0.0
2023-03-11 21:00:00,7.3,0.0
2023-03-11 22:00:00,6.1,0.0
2023-03-11 23:00:00,8.3,0.0
2023-03-12 00:00:00,6.9,0.0
2023-03-12 01:00:00,6.1,0.0
2023-03-12 02:00:00,7.1,0.0
2023-03-12 03:00:00,6.2,0.0
2023-03-12 04:00:00,5.6,0.0
2023-03-12 05:00:00,6.9,0.0
2023-03-12 06:00:00,4.0,20.0
2023-03-12 07:00:00,4.4,146.0
2023-03-12 08:00:00,7.2,322.0
2023-03-12 09:00:00,7.1,476.0
2023-03-12 10:00:00,7.4,588.0
2023-03-12 11:00:00,5.1,640.0
2023-03-12 12:00:00,5.4,642.0
2023-03-12 13:00:00,7.4,599.0
2023-03-12 14:00:00,5.4,501.0
2023-03-12 15:00:00,5.4,340.0
2023-03-12 16:00:00,4.7,180.0
2023-03-12 17:00:00,7.2,39.0
2023-03-12 18:00:00,9.8,0.0
2023-03-12 19:00:00,9.8,0.0
2023-03-12 20:00:00,6.8,0.0
2023-03-12 21:00:00,6.9,0.0
2023-03-12 22:00:00,5.9,0.0
2023-03-12 23:00:00,4.1,0.0
2023-03-13 00:00:00,3.1,0.0
2023-03-13 01:00:00,2.5,0.0
2023-03-13 02:00:00,5.6,0.0
2023-03-13 03:00:00,6.1,0.0
2023-03-13 04:00:00,7.2,0.0
2023-03-13 05:00:00,5.4,0.0
2023-03-13 06:00:00,3.2,20.0
2023-03-13 07:00:00,2.3,130.0
2023-03-13 08:00:00,4.0,294.0
2023-03-13 09:00:00,5.1,430.0
2023-03-13 10:00:00,7.2,579.0
2023-03-13 11:00:00,10.1,630.0
2023-03-13 12:00:00,10.2,617.0
2023-03-13 13:00:00,14.5,599.0
2023-03-13 14:00:00,19.1,483.0
2023-03-13 15:00:00,17.6,345.0
2023-03-13 16:00:00,15.3,184.0
2023-03-13 17:00:00,11.5,37.0
2023-03-13 18:00:00,9.9,0.0
2023-03-13 19:00:00,9.2,0.0
2023-03-13 20:00:00,9.2,0.0
2023-03-13 21:00:00,8.7,0.0
2023-03-13 22:00:00,7.9,0.0
2023-03-13 23:00:00,8.5,0.0
2023-03-14 00:00:00,9.7,0.0
2023-03-14 01:00:00,10.3,0.0
2023-03-14 02:00:00,13.8,0.0
2023-03-14 03:00:00,15.9,0.0
2023-03-14 04:00:00,13.8,0.0
2023-03-14 05:00:00,13.0,0.0
2023-03-14 06:00:00,11.7,23.0
2023-03-14 07:00:00,11.8,129.0
2023-03-14 08:00:00,9.6,315.0
2023-03-14 09:00:00,12.4,478.0
2023-03-14 10:00:00,14.7,566.0
2023-03-14 11:00:00,13.7,584.0
2023-03-14 12:00:00,17.6,615.0
2023-03-14 13:00:00,17.5,250.0
2023-03-14 14:00:00,21.9,129.0
2023-03-14 15:00:00,13.5,49.0
2023-03-14 16:00:00,7.6,131.0
2023-03-14 17:00:00,7.1,31.0
2023-03-14 18:00:00,5.7,0.0
2023-03-14 19:00:00,5.5,0.0
2023-03-14 20:00:00,4.7,0.0
2023-03-14 21:00:00,10.1,0.0
2023-03-14 22:00:00,7.4,0.0
2023-03-14 23:00:00,12.3,0.0
2023-03-15 00:00:00,12.3,0.0
2023-03-15 01:00:00,16.7,0.0
2023-03-15 02:00:00,18.7,0.0
2023-03-15 03:00:00,7.9,0.0
2023-03-15 04:00:00,6.3,0.0
2023-03-15 05:00:00,6.3,0.0
2023-03-15 06:00:00,10.8,12.0
2023-03-15 07:00:00,13.1,37.0
2023-03-15 08:00:00,12.2,86.0
2023-03-15 09:00:00,13.3,126.0
2023-03-15 10:00:00,17.2,264.0
2023-03-15 11:00:00,16.7,327.0
2023-03-15 12:00:00,18.4,396.0
2023-03-15 13:00:00,16.5,191.0
2023-03-15 14:00:00,16.9,301.0
2023-03-15 15:00:00,17.1,212.0
2023-03-15 16:00:00,13.2,139.0
2023-03-15 17:00:00,9.3,39.0
2023-03-15 18:00:00,7.1,0.0
2023-03-15 19:00:00,6.8,0.0
2023-03-15 20:00:00,7.0,0.0
2023-03-15 21:00:00,6.9,0.0
2023-03-15 22:00:00,8.0,0.0
2023-03-15 23:00:00,7.8,0.0
2023-03-16 00:00:00,6.9,0.0
2023-03-16 01:00:00,7.6,0.0
2023-03-16 02:00:00,7.0,0.0
2023-03-16 03:00:00,6.0,0.0
2023-03-16 04:00:00,7.2,0.0
2023-03-16 05:00:00,9.1,0.0
2023-03-16 06:00:00,11.4,31.0
2023-03-16 07:00:00,11.5,177.0
2023-03-16 08:00:00,15.0,350.0
2023-03-16 09:00:00,14.7,507.0
2023-03-16 10:00:00,15.1,620.0
2023-03-16 11:00:00,13.1,677.0
2023-03-16 12:00:00,10.5,691.0
2023-03-16 13:00:00,10.3,637.0
2023-03-16 14:00:00,10.2,534.0
2023-03-16 15:00:00,9.2,385.0
2023-03-16 16:00:00,5.2,212.0
2023-03-16 17:00:00,9.6,52.0
2023-03-16 18:00:00,8.2,0.0
2023-03-16 19:00:00,8.2,0.0
2023-03-16 20:00:00,7.9,0.0
2023-03-16 21:00:00,7.9,0.0
2023-03-16 22:00:00,9.5,0.0
2023-03-16 23:00:00,5.6,0.0
2023-03-17 00:00:00,5.4,0.0
2023-03-17 01:00:00,5.4,0.0
2023-03-17 02:00:00,3.2,0.0
2023-03-17 03:00:00,1.1,0.0
2023-03-17 04:00:00,1.1,0.0
2023-03-17 05:00:00,1.5,0.0
2023-03-17 06:00:00,1.5,34.0
2023-03-17 07:00:00,4.1,181.0
2023-03-17 08:00:00,5.4,355.0
2023-03-17 09:00:00,6.0,509.0
2023-03-17 10:00:00,7.7,617.0
2023-03-17 11:00:00,9.0,658.0
2023-03-17 12:00:00,8.2,666.0
2023-03-17 13:00:00,9.2,582.0
2023-03-17 14:00:00,10.7,532.0
2023-03-17 15:00:00,10.7,382.0
2023-03-17 16:00:00,6.4,211.0
2023-03-17 17:00:00,8.0,53.0
2023-03-17 18:00:00,8.1,0.0
2023-03-17 19:00:00,8.0,0.0
2023-03-17 20:00:00,9.3,0.0
2023-03-17 21:00:00,7.6,0.0
2023-03-17 22:00:00,6.9,0.0
2023-03-17 23:00:00,7.3,0.0
2023-03-18 00:00:00,8.7,0.0
2023-03-18 01:00:00,7.7,0.0
2023-03-18 02:00:00,8.8,0.0
2023-03-18 03:00:00,9.6,0.0
2023-03-18 04:00:00,8.8,0.0
2023-03-18 05:00:00,7.6,0.0
2023-03-18 06:00:00,3.3,36.0
2023-03-18 07:00:00,2.6,178.0
2023-03-18 08:00:00,2.7,351.0
2023-03-18 09:00:00,3.7,508.0
2023-03-18 10:00:00,4.3,622.0
2023-03-18 11:00:00,4.2,682.0
2023-03-18 12:00:00,4.1,685.0
2023-03-18 13:00:00,4.4,638.0
2023-03-18 14:00:00,4.9,532.0
2023-03-18 15:00:00,4.2,385.0
2023-03-18 16:00:00,5.6,213.0
2023-03-18 17:00:00,8.8,49.0
2023-03-18 18:00:00,7.8,0.0
2023-03-18 19:00:00,7.3,0.0
2023-03-18 20:00:00,6.1,0.0
2023-03-18 21:00:00,5.5,0.0
2023-03-18 22:00:00,5.9,0.0
2023-03-18 23:00:00,6.6,0.0
2023-03-19 00:00:00,8.2,0.0
2023-03-19 01:00:00,4.3,0.0
2023-03-19 02:00:00,4.3,0.0
2023-03-19 03:00:00,4.3,0.0
2023-03-19 04:00:00,4.3,0.0
2023-03-19 05:00:00,3.6,0.0
2023-03-19 06:00:00,2.8,34.0
2023-03-19 07:00:00,2.7,145.0
2023-03-19 08:00:00,2.9,265.0
2023-03-19 09:00:00,6.2,461.0
2023-03-19 10:00:00,9.6,523.0
2023-03-19 11:00:00,13.7,653.0
2023-03-19 12:00:00,13.1,635.0
2023-03-19 13:00:00,17.6,572.0
2023-03-19 14:00:00,18.6,497.0
2023-03-19 15:00:00,16.3,352.0
2023-03-19 16:00:00,14.8,205.0
2023-03-19 17:00:00,13.7,30.0
2023-03-19 18:00:00,13.7,0.0
2023-03-19 19:00:00,10.2,0.0
2023-03-19 20:00:00,6.0,0.0
2023-03-19 21:00:00,6.8,0.0
2023-03-19 22:00:00,6.6,0.0
2023-03-19 23:00:00,6.2,0.0
2023-03-20 00:00:00,7.6,0.0
2023-03-20 01:00:00,6.9,0.0
2023-03-20 02:00:00,6.6,0.0
2023-03-20 03:00:00,6.1,0.0
2023-03-20 04:00:00,7.6,0.0
2023-03-20 05:00:00,7.1,0.0
2023-03-20 06:00:00,5.0,29.0
2023-03-20 07:00:00,6.6,105.0
2023-03-20 08:00:00,5.3,184.0
2023-03-20 09:00:00,5.3,227.0
2023-03-20 10:00:00,4.4,250.0
2023-03-20 11:00:00,2.2,237.0
2023-03-20 12:00:00,3.1,348.0
2023-03-20 13:00:00,5.4,117.0
2023-03-20 14:00:00,6.4,112.0
2023-03-20 15:00:00,5.2,116.0
2023-03-20 16:00:00,3.0,79.0
2023-03-20 17:00:00,6.2,49.0
2023-03-20 18:00:00,5.8,0.0
2023-03-20 19:00:00,5.8,0.0
2023-03-20 20:00:00,6.0,0.0
2023-03-20 21:00:00,6.5,0.0
2023-03-20 22:00:00,6.3,0.0
2023-03-20 23:00:00,6.4,0.0
2023-03-21 00:00:00,8.1,0.0
2023-03-21 01:00:00,7.2,0.0
2023-03-21 02:00:00,8.4,0.0
2023-03-21 03:00:00,7.6,0.0
2023-03-21 04:00:00,7.6,0.0
2023-03-21 05:00:00,6.6,0.0
2023-03-21 06:00:00,6.6,41.0
2023-03-21 07:00:00,5.8,185.0
2023-03-21 08:00:00,2.2,362.0
2023-03-21 09:00:00,2.6,503.0
2023-03-21 10:00:00,5.0,607.0
2023-03-21 11:00:00,4.0,696.0
2023-03-21 12:00:00,3.5,657.0
2023-03-21 13:00:00,4.3,469.0
2023-03-21 14:00:00,5.1,419.0
2023-03-21 15:00:00,5.4,262.0
2023-03-21 16:00:00,4.0,167.0
2023-03-21 17:00:00,6.6,57.0
2023-03-21 18:00:00,4.3,0.0
2023-03-21 19:00:00,1.6,0.0
2023-03-21 20:00:00,1.1,0.0
2023-03-21 21:00:00,3.3,0.0
2023-03-21 22:00:00,7.9,0.0
2023-03-21 23:00:00,4.6,0.0
2023-03-22 00:00:00,4.0,0.0
2023-03-22 01:00:00,3.7,0.0
2023-03-22 02:00:00,3.3,0.0
2023-03-22 03:00:00,6.2,0.0
2023-03-22 04:00:00,6.6,0.0
2023-03-22 05:00:00,5.5,0.0
2023-03-22 06:00:00,4.8,44.0
2023-03-22 07:00:00,4.9,166.0
2023-03-22 08:00:00,2.3,285.0
2023-03-22 09:00:00,1.5,385.0
2023-03-22 10:00:00,3.3,466.0
2023-03-22 11:00:00,4.7,576.0
2023-03-22 12:00:00,6.3,624.0
2023-03-22 13:00:00,5.9,633.0
2023-03-22 14:00:00,4.7,534.0
2023-03-22 15:00:00,4.4,387.0
2023-03-22 16:00:00,3.5,222.0
2023-03-22 17:00:00,8.7,64.0
2023-03-22 18:00:00,9.0,0.0
2023-03-22 19:00:00,8.7,0.0
2023-03-22 20:00:00,5.2,0.0
2023-03-22 21:00:00,2.2,0.0
2023-03-22 22:00:00,1.0,0.0
2023-03-22 23:00:00,2.8,0.0
2023-03-23 00:00:00,3.1,0.0
2023-03-23 01:00:00,1.9,0.0
2023-03-23 02:00:00,1.3,0.0
2023-03-23 03:00:00,1.1,0.0
2023-03-23 04:00:00,0.8,0.0
2023-03-23 05:00:00,1.5,0.0
2023-03-23 06:00:00,0.5,53.0
2023-03-23 07:00:00,1.1,196.0
2023-03-23 08:00:00,1.1,358.0
2023-03-23 09:00:00,3.9,486.0
2023-03-23 10:00:00,6.4,585.0
2023-03-23 11:00:00,8.0,618.0
2023-03-23 12:00:00,9.7,651.0
2023-03-23 13:00:00,9.0,635.0
2023-03-23 14:00:00,9.2,481.0
2023-03-23 15:00:00,6.5,339.0
2023-03-23 16:00:00,5.2,216.0
2023-03-23 17:00:00,8.3,67.0
2023-03-23 18:00:00,8.6,1.0
2023-03-23 19:00:00,8.7,0.0
2023-03-23 20:00:00,7.6,0.0
2023-03-23 21:00:00,8.2,0.0
2023-03-23 22:00:00,9.0,0.0
2023-03-23 23:00:00,8.6,0.0
2023-03-24 00:00:00,10.1,0.0
2023-03-24 01:00:00,7.2,0.0
2023-03-24 02:00:00,6.9,0.0
2023-03-24 03:00:00,7.7,0.0
2023-03-24 04:00:00,9.3,0.0
2023-03-24 05:00:00,9.7,0.0
2023-03-24 06:00:00,4.7,56.0
2023-03-24 07:00:00,6.6,212.0
2023-03-24 08:00:00,6.8,382.0
2023-03-24 09:00:00,10.2,527.0
2023-03-24 10:00:00,14.3,634.0
2023-03-24 11:00:00,18.8,678.0
2023-03-24 12:00:00,21.9,673.0
2023-03-24 13:00:00,24.2,638.0
2023-03-24 14:00:00,23.2,544.0
2023-03-24 15:00:00,20.9,323.0
2023-03-24 16:00:00,18.6,190.0
2023-03-24 17:00:00,16.3,69.0
2023-03-24 18:00:00,14.3,1.0
2023-03-24 19:00:00,12.3,0.0
2023-03-24 20:00:00,10.9,0.0
2023-03-24 21:00:00,11.0,0.0
2023-03-24 22:00:00,11.5,0.0
2023-03-24 23:00:00,12.1,0.0
2023-03-25 00:00:00,11.6,0.0
2023-03-25 01:00:00,7.9,0.0
2023-03-25 02:00:00,5.8,0.0
2023-03-25 03:00:00,6.2,0.0
2023-03-25 04:00:00,3.7,0.0
2023-03-25 05:00:00,3.4,0.0
2023-03-25 06:00:00,3.3,21.0
2023-03-25 07:00:00,6.5,38.0
2023-03-25 08:00:00,8.7,36.0
2023-03-25 09:00:00,11.4,55.0
2023-03-25 10:00:00,10.1,140.0
2023-03-25 11:00:00,2.7,182.0
2023-03-25 12:00:00,8.7,146.0
2023-03-25 13:00:00,9.7,190.0
2023-03-25 14:00:00,9.2,87.0
2023-03-25 15:00:00,6.6,90.0
2023-03-25 16:00:00,7.6,207.0
2023-03-25 17:00:00,6.9,75.0
2023-03-25 18:00:00,8.2,1.0
2023-03-25 19:00:00,8.2,0.0
2023-03-25 20:00:00,6.3,0.0
2023-03-25 21:00:00,6.6,0.0
2023-03-25 22:00:00,5.6,0.0
2023-03-25 23:00:00,5.0,0.0
2023-03-26 00:00:00,5.2,0.0
2023-03-26 01:00:00,4.7,0.0
2023-03-26 02:00:00,2.6,0.0
2023-03-26 03:00:00,8.2,0.0
2023-03-26 04:00:00,2.9,0.0
2023-03-26 05:00:00,4.2,0.0
2023-03-26 06:00:00,5.9,44.0
2023-03-26 07:00:00,5.4,134.0
2023-03-26 08:00:00,3.6,251.0
2023-03-26 09:00:00,2.9,308.0
2023-03-26 10:00:00,4.4,556.0
2023-03-26 11:00:00,7.6,707.0
2023-03-26 12:00:00,6.3,612.0
2023-03-26 13:00:00,5.4,511.0
2023-03-26 14:00:00,5.5,434.0
2023-03-26 15:00:00,3.3,345.0
2023-03-26 16:00:00,2.8,99.0
2023-03-26 17:00:00,13.6,38.0
2023-03-26 18:00:00,13.2,1.0
2023-03-26 19:00:00,7.3,0.0
2023-03-26 20:00:00,5.4,0.0
2023-03-26 21:00:00,5.1,0.0
2023-03-26 22:00:00,7.5,0.0
2023-03-26 23:00:00,8.6,0.0
2023-03-27 00:00:00,9.3,0.0
2023-03-27 01:00:00,8.9,0.0
2023-03-27 02:00:00,15.3,0.0
2023-03-27 03:00:00,17.3,0.0
2023-03-27 04:00:00,12.5,0.0
2023-03-27 05:00:00,10.0,0.0
2023-03-27 06:00:00,8.3,12.0
2023-03-27 07:00:00,9.0,50.0
2023-03-27 08:00:00,7.2,196.0
2023-03-27 09:00:00,11.4,457.0
2023-03-27 10:00:00,14.0,439.0
2023-03-27 11:00:00,15.4,561.0
2023-03-27 12:00:00,15.3,451.0
2023-03-27 13:00:00,23.2,541.0
2023-03-27 14:00:00,17.3,63.0
2023-03-27 15:00:00,21.7,181.0
2023-03-27 16:00:00,21.5,151.0
2023-03-27 17:00:00,24.2,57.0
2023-03-27 18:00:00,23.8,1.0
2023-03-27 19:00:00,16.9,0.0
2023-03-27 20:00:00,10.5,0.0
2023-03-27 21:00:00,9.3,0.0
2023-03-27 22:00:00,8.4,0.0
2023-03-27 23:00:00,7.6,0.0
2023-03-28 00:00:00,11.2,0.0
2023-03-28 01:00:00,6.6,0.0
2023-03-28 02:00:00,6.0,0.0
2023-03-28 03:00:00,5.6,0.0
2023-03-28 04:00:00,7.8,0.0
2023-03-28 05:00:00,8.9,1.0
2023-03-28 06:00:00,9.5,76.0
2023-03-28 07:00:00,6.0,235.0
2023-03-28 08:00:00,4.3,417.0
2023-03-28 09:00:00,9.2,539.0
2023-03-28 10:00:00,16.6,662.0
2023-03-28 11:00:00,18.0,713.0
2023-03-28 12:00:00,18.7,719.0
2023-03-28 13:00:00,18.5,664.0
2023-03-28 14:00:00,15.0,536.0
2023-03-28 15:00:00,12.9,421.0
2023-03-28 16:00:00,7.7,259.0
2023-03-28 17:00:00,7.8,88.0
2023-03-28 18:00:00,5.8,2.0
2023-03-28 19:00:00,5.6,0.0
2023-03-28 20:00:00,5.6,0.0
2023-03-28 21:00:00,5.9,0.0
2023-03-28 22:00:00,4.5,0.0
2023-03-28 23:00:00,3.3,0.0
2023-03-29 00:00:00,0.4,0.0
2023-03-29 01:00:00,4.8,0.0
2023-03-29 02:00:00,4.7,0.0
2023-03-29 03:00:00,1.0,0.0
2023-03-29 04:00:00,2.5,0.0
2023-03-29 05:00:00,4.7,1.0
2023-03-29 06:00:00,4.9,48.0
2023-03-29 07:00:00,5.1,120.0
2023-03-29 08:00:00,4.3,184.0
2023-03-29 09:00:00,4.1,287.0
2023-03-29 10:00:00,5.4,321.0
2023-03-29 11:00:00,4.8,370.0
2023-03-29 12:00:00,7.2,425.0
2023-03-29 13:00:00,7.9,625.0
2023-03-29 14:00:00,8.0,579.0
2023-03-29 15:00:00,6.7,340.0
2023-03-29 16:00:00,3.6,149.0
2023-03-29 17:00:00,10.2,46.0
2023-03-29 18:00:00,10.0,2.0
2023-03-29 19:00:00,8.0,0.0
2023-03-29 20:00:00,7.4,0.0
2023-03-29 21:00:00,5.8,0.0
2023-03-29 22:00:00,5.4,0.0
2023-03-29 23:00:00,6.6,0.0
2023-03-30 00:00:00,11.0,0.0
2023-03-30 01:00:00,7.1,0.0
2023-03-30 02:00:00,9.7,0.0
2023-03-30 03:00:00,8.0,0.0
2023-03-30 04:00:00,7.4,0.0
2023-03-30 05:00:00,6.1,1.0
2023-03-30 06:00:00,7.1,50.0
2023-03-30 07:00:00,9.5,198.0
2023-03-30 08:00:00,10.5,349.0
2023-03-30 09:00:00,17.9,557.0
2023-03-30 10:00:00,22.7,651.0
2023-03-30 11:00:00,23.3,683.0
2023-03-30 12:00:00,21.9,670.0
2023-03-30 13:00:00,20.4,340.0
2023-03-30 14:00:00,19.0,254.0
2023-03-30 15:00:00,18.9,278.0
2023-03-30 16:00:00,18.4,177.0
2023-03-30 17:00:00,13.5,76.0
2023-03-30 18:00:00,11.1,3.0
2023-03-30 19:00:00,10.8,0.0
2023-03-30 20:00:00,15.0,0.0
2023-03-30 21:00:00,12.9,0.0
2023-03-30 22:00:00,9.9,0.0
2023-03-30 23:00:00,10.8,0.0
2023-03-31 00:00:00,11.6,0.0
2023-03-31 01:00:00,13.3,0.0
2023-03-31 02:00:00,12.3,0.0
2023-03-31 03:00:00,9.5,0.0
2023-03-31 04:00:00,7.1,0.0
2023-03-31 05:00:00,6.4,2.0
2023-03-31 06:00:00,9.4,64.0
2023-03-31 07:00:00,7.5,230.0
2023-03-31 08:00:00,11.6,395.0
2023-03-31 09:00:00,19.6,550.0
2023-03-31 10:00:00,25.3,602.0
2023-03-31 11:00:00,25.9,606.0
2023-03-31 12:00:00,22.7,604.0
2023-03-31 13:00:00,27.0,444.0
2023-03-31 14:00:00,24.5,374.0
2023-03-31 15:00:00,22.8,356.0
2023-03-31 16:00:00,17.8,208.0
2023-03-31 17:00:00,14.4,74.0
2023-03-31 18:00:00,9.3,3.0
2023-03-31 19:00:00,5.8,0.0
2023-03-31 20:00:00,5.0,0.0
2023-03-31 21:00:00,6.6,0.0
2023-03-31 22:00:00,5.7,0.0
2023-03-31 23:00:00,2.6,0.0
2023-04-01 00:00:00,4.6,0.0
2023-04-01 01:00:00,4.3,0.0
2023-04-01 02:00:00,4.6,0.0
2023-04-01 03:00:00,5.2,0.0
2023-04-01 04:00:00,6.6,0.0
2023-04-01 05:00:00,5.0,3.0
2023-04-01 06:00:00,3.4,40.0
2023-04-01 07:00:00,5.2,112.0
2023-04-01 08:00:00,5.0,240.0
2023-04-01 09:00:00,5.0,494.0
2023-04-01 10:00:00,5.3,569.0
2023-04-01 11:00:00,6.3,708.0
2023-04-01 12:00:00,11.3,671.0
2023-04-01 13:00:00,12.4,362.0
2023-04-01 14:00:00,6.4,545.0
2023-04-01 15:00:00,5.9,412.0
2023-04-01 16:00:00,5.4,233.0
2023-04-01 17:00:00,6.9,85.0
2023-04-01 18:00:00,7.9,4.0
2023-04-01 19:00:00,9.2,0.0
2023-04-01 20:00:00,7.5,0.0
2023-04-01 21:00:00,6.1,0.0
2023-04-01 22:00:00,7.9,0.0
2023-04-01 23:00:00,6.4,0.0
2023-04-02 00:00:00,7.6,0.0
2023-04-02 01:00:00,5.6,0.0
2023-04-02 02:00:00,6.8,0.0
2023-04-02 03:00:00,5.4,0.0
2023-04-02 04:00:00,5.9,0.0
2023-04-02 05:00:00,6.2,4.0
2023-04-02 06:00:00,7.6,91.0
2023-04-02 07:00:00,3.8,256.0
2023-04-02 08:00:00,4.1,428.0
2023-04-02 09:00:00,4.8,543.0
2023-04-02 10:00:00,4.9,616.0
2023-04-02 11:00:00,2.6,739.0
2023-04-02 12:00:00,3.1,564.0
2023-04-02 13:00:00,1.8,480.0
2023-04-02 14:00:00,2.7,444.0
2023-04-02 15:00:00,5.6,356.0
2023-04-02 16:00:00,4.2,216.0
2023-04-02 17:00:00,10.9,70.0
2023-04-02 18:00:00,10.8,4.0
2023-04-02 19:00:00,16.5,0.0
2023-04-02 20:00:00,16.4,0.0
2023-04-02 21:00:00,16.5,0.0
2023-04-02 22:00:00,19.2,0.0
2023-04-02 23:00:00,16.5,0.0
2023-04-03 00:00:00,16.4,0.0
2023-04-03 01:00:00,17.4,0.0
2023-04-03 02:00:00,15.4,0.0
2023-04-03 03:00:00,14.9,0.0
2023-04-03 04:00:00,13.7,0.0
2023-04-03 05:00:00,13.0,5.0
2023-04-03 06:00:00,13.2,102.0
2023-04-03 07:00:00,23.3,268.0
2023-04-03 08:00:00,24.8,378.0
2023-04-03 09:00:00,26.6,364.0
2023-04-03 10:00:00,25.1,424.0
2023-04-03 11:00:00,26.1,439.0
2023-04-03 12:00:00,25.5,398.0
2023-04-03 13:00:00,24.5,417.0
2023-04-03 14:00:00,23.4,333.0
2023-04-03 15:00:00,24.3,372.0
2023-04-03 16:00:00,23.3,263.0
2023-04-03 17:00:00,20.1,89.0
2023-04-03 18:00:00,17.0,5.0
2023-04-03 19:00:00,17.8,0.0
2023-04-03 20:00:00,17.9,0.0
2023-04-03 21:00:00,20.3,0.0
2023-04-03 22:00:00,23.4,0.0
2023-04-03 23:00:00,22.1,0.0
2023-04-04 00:00:00,23.5,0.0
2023-04-04 01:00:00,21.9,0.0
2023-04-04 02:00:00,24.6,0.0
2023-04-04 03:00:00,24.1,0.0
2023-04-04 04:00:00,21.9,0.0
2023-04-04 05:00:00,20.4,6.0
2023-04-04 06:00:00,18.4,105.0
2023-04-04 07:00:00,23.0,270.0
2023-04-04 08:00:00,26.9,403.0
2023-04-04 09:00:00,25.8,518.0
2023-04-04 10:00:00,23.9,486.0
2023-04-04 11:00:00,23.0,455.0
2023-04-04 12:00:00,21.3,440.0
2023-04-04 13:00:00,19.9,457.0
2023-04-04 14:00:00,18.9,402.0
2023-04-04 15:00:00,20.2,315.0
2023-04-04 16:00:00,19.6,195.0
2023-04-04 17:00:00,13.8,75.0
2023-04-04 18:00:00,10.2,5.0
2023-04-04 19:00:00,11.3,0.0
2023-04-04 20:00:00,13.2,0.0
2023-04-04 21:00:00,14.6,0.0
2023-04-04 22:00:00,17.1,0.0
2023-04-04 23:00:00,18.4,0.0
2023-04-05 00:00:00,16.6,0.0
2023-04-05 01:00:00,16.5,0.0
2023-04-05 02:00:00,15.1,0.0
2023-04-05 03:00:00,14.2,0.0
2023-04-05 04:00:00,14.2,0.0
2023-04-05 05:00:00,12.7,6.0
2023-04-05 06:00:00,11.1,92.0
2023-04-05 07:00:00,15.5,256.0
2023-04-05 08:00:00,15.3,416.0
2023-04-05 09:00:00,14.0,577.0
2023-04-05 10:00:00,13.3,664.0
2023-04-05 11:00:00,12.3,713.0
2023-04-05 12:00:00,13.0,678.0
2023-04-05 13:00:00,13.2,491.0
2023-04-05 14:00:00,14.0,541.0
2023-04-05 15:00:00,13.6,324.0
2023-04-05 16:00:00,11.2,169.0
2023-04-05 17:00:00,8.2,61.0
2023-04-05 18:00:00,6.6,6.0
2023-04-05 19:00:00,9.1,0.0
2023-04-05 20:00:00,9.3,0.0
2023-04-05 21:00:00,7.8,0.0
2023-04-05 22:00:00,9.4,0.0
2023-04-05 23:00:00,9.4,0.0
2023-04-06 00:00:00,7.9,0.0
2023-04-06 01:00:00,8.4,0.0
2023-04-06 02:00:00,8.6,0.0
2023-04-06 03:00:00,7.8,0.0
2023-04-06 04:00:00,7.9,0.0
2023-04-06 05:00:00,8.0,8.0
2023-04-06 06:00:00,8.8,107.0
2023-04-06 07:00:00,6.5,290.0
2023-04-06 08:00:00,7.9,471.0
2023-04-06 09:00:00,13.6,611.0
2023-04-06 10:00:00,13.0,561.0
2023-04-06 11:00:00,12.6,633.0
2023-04-06 12:00:00,13.0,550.0
2023-04-06 13:00:00,14.0,561.0
2023-04-06 14:00:00,12.0,494.0
2023-04-06 15:00:00,9.8,342.0
2023-04-06 16:00:00,2.6,167.0
2023-04-06 17:00:00,6.6,71.0
2023-04-06 18:00:00,5.6,7.0
2023-04-06 19:00:00,5.1,0.0
2023-04-06 20:00:00,3.2,0.0
2023-04-06 21:00:00,7.1,0.0
2023-04-06 22:00:00,6.4,0.0
2023-04-06 23:00:00,5.7,0.0
2023-04-07 00:00:00,6.0,0.0
2023-04-07 01:00:00,6.5,0.0
2023-04-07 02:00:00,5.0,0.0
2023-04-07 03:00:00,5.0,0.0
2023-04-07 04:00:00,5.0,0.0
2023-04-07 05:00:00,6.3,9.0
2023-04-07 06:00:00,5.5,110.0
2023-04-07 07:00:00,2.7,278.0
2023-04-07 08:00:00,3.2,428.0
2023-04-07 09:00:00,4.9,574.0
2023-04-07 10:00:00,5.1,512.0
2023-04-07 11:00:00,4.7,599.0
2023-04-07 12:00:00,3.1,599.0
2023-04-07 13:00:00,6.9,441.0
2023-04-07 14:00:00,11.1,494.0
2023-04-07 15:00:00,13.7,325.0
2023-04-07 16:00:00,9.9,142.0
2023-04-07 17:00:00,6.8,67.0
2023-04-07 18:00:00,8.3,5.0
2023-04-07 19:00:00,6.7,0.0
2023-04-07 20:00:00,8.7,0.0
2023-04-07 21:00:00,9.7,0.0
2023-04-07 22:00:00,5.6,0.0
2023-04-07 23:00:00,6.2,0.0
2023-04-08 00:00:00,4.5,0.0
2023-04-08 01:00:00,4.0,0.0
2023-04-08 02:00:00,5.4,0.0
2023-04-08 03:00:00,5.9,0.0
2023-04-08 04:00:00,3.1,0.0
2023-04-08 05:00:00,4.2,6.0
2023-04-08 06:00:00,5.9,74.0
2023-04-08 07:00:00,6.3,154.0
2023-04-08 08:00:00,6.2,179.0
2023-04-08 09:00:00,5.5,230.0
2023-04-08 10:00:00,4.4,602.0
2023-04-08 11:00:00,5.4,473.0
2023-04-08 12:00:00,8.4,510.0
2023-04-08 13:00:00,9.2,416.0
2023-04-08 14:00:00,12.8,466.0
2023-04-08 15:00:00,11.5,226.0
2023-04-08 16:00:00,14.0,117.0
2023-04-08 17:00:00,11.5,70.0
2023-04-08 18:00:00,8.7,6.0
2023-04-08 19:00:00,7.9,0.0
2023-04-08 20:00:00,7.0,0.0
2023-04-08 21:00:00,7.8,0.0
2023-04-08 22:00:00,7.3,0.0
2023-04-08 23:00:00,6.6,0.0
2023-04-09 00:00:00,7.6,0.0
2023-04-09 01:00:00,7.2,0.0
2023-04-09 02:00:00,5.8,0.0
2023-04-09 03:00:00,5.4,0.0
2023-04-09 04:00:00,5.8,0.0
2023-04-09 05:00:00,4.3,10.0
2023-04-09 06:00:00,7.6,100.0
2023-04-09 07:00:00,8.9,249.0
2023-04-09 08:00:00,8.7,362.0
2023-04-09 09:00:00,8.9,333.0
2023-04-09 10:00:00,9.4,361.0
2023-04-09 11:00:00,8.5,381.0
2023-04-09 12:00:00,9.7,488.0
2023-04-09 13:00:00,10.0,417.0
2023-04-09 14:00:00,11.1,301.0
2023-04-09 15:00:00,11.5,358.0
2023-04-09 16:00:00,11.5,187.0
2023-04-09 17:00:00,6.4,74.0
2023-04-09 18:00:00,6.3,8.0
2023-04-09 19:00:00,6.5,0.0
2023-04-09 20:00:00,7.2,0.0
2023-04-09 21:00:00,8.0,0.0
2023-04-09 22:00:00,8.0,0.0
2023-04-09 23:00:00,8.0,0.0
2023-04-10 00:00:00,9.8,0.0
2023-04-10 01:00:00,9.6,0.0
2023-04-10 02:00:00,9.5,0.0
2023-04-10 03:00:00,9.6,0.0
2023-04-10 04:00:00,9.9,0.0
2023-04-10 05:00:00,10.6,14.0
2023-04-10 06:00:00,10.5,131.0
2023-04-10 07:00:00,7.8,307.0
2023-04-10 08:00:00,7.2,482.0
2023-04-10 09:00:00,13.4,630.0
2023-04-10 10:00:00,12.0,474.0
2023-04-10 11:00:00,9.2,477.0
2023-04-10 12:00:00,10.3,548.0
2023-04-10 13:00:00,10.5,435.0
2023-04-10 14:00:00,10.1,398.0
2023-04-10 15:00:00,8.6,271.0
2023-04-10 16:00:00,7.0,219.0
2023-04-10 17:00:00,4.7,80.0
2023-04-10 18:00:00,6.2,11.0
2023-04-10 19:00:00,4.5,0.0
2023-04-10 20:00:00,4.2,0.0
2023-04-10 21:00:00,6.7,0.0
2023-04-10 22:00:00,8.0,0.0
2023-04-10 23:00:00,6.2,0.0
2023-04-11 00:00:00,7.2,0.0
2023-04-11 01:00:00,7.8,0.0
2023-04-11 02:00:00,6.4,0.0
2023-04-11 03:00:00,6.3,0.0
2023-04-11 04:00:00,6.1,0.0
2023-04-11 05:00:00,3.8,14.0
2023-04-11 06:00:00,5.0,120.0
2023-04-11 07:00:00,2.9,260.0
2023-04-11 08:00:00,5.2,403.0
2023-04-11 09:00:00,8.9,482.0
2023-04-11 10:00:00,9.7,514.0
2023-04-11 11:00:00,9.2,448.0
2023-04-11 12:00:00,10.5,358.0
2023-04-11 13:00:00,9.1,370.0
2023-04-11 14:00:00,8.7,489.0
2023-04-11 15:00:00,6.5,285.0
2023-04-11 16:00:00,3.5,100.0
2023-04-11 17:00:00,7.5,99.0
2023-04-11 18:00:00,9.8,11.0
2023-04-11 19:00:00,13.8,0.0
2023-04-11 20:00:00,11.8,0.0
2023-04-11 21:00:00,8.6,0.0
2023-04-11 22:00:00,5.9,0.0
2023-04-11 23:00:00,4.6,0.0
2023-04-12 00:00:00,6.4,0.0
2023-04-12 01:00:00,5.4,0.0
2023-04-12 02:00:00,6.6,0.0
2023-04-12 03:00:00,6.1,0.0
2023-04-12 04:00:00,4.4,0.0
2023-04-12 05:00:00,1.4,16.0
2023-04-12 06:00:00,2.1,137.0
2023-04-12 07:00:00,2.5,281.0
2023-04-12 08:00:00,5.4,336.0
2023-04-12 09:00:00,6.5,613.0
2023-04-12 10:00:00,6.1,716.0
2023-04-12 11:00:00,5.5,782.0
2023-04-12 12:00:00,6.2,748.0
2023-04-12 13:00:00,6.3,667.0
2023-04-12 14:00:00,7.5,497.0
2023-04-12 15:00:00,8.2,320.0
2023-04-12 16:00:00,5.4,244.0
2023-04-12 17:00:00,5.6,102.0
2023-04-12 18:00:00,8.6,11.0
2023-04-12 19:00:00,9.0,0.0
2023-04-12 20:00:00,8.5,0.0
2023-04-12 21:00:00,6.0,0.0
2023-04-12 22:00:00,6.4,0.0
2023-04-12 23:00:00,5.1,0.0
2023-04-13 00:00:00,8.4,0.0
2023-04-13 01:00:00,5.4,0.0
2023-04-13 02:00:00,5.2,0.0
2023-04-13 03:00:00,5.4,0.0
2023-04-13 04:00:00,4.1,0.0
2023-04-13 05:00:00,2.3,10.0
2023-04-13 06:00:00,5.1,30.0
2023-04-13 07:00:00,6.2,18.0
2023-04-13 08:00:00,6.1,145.0
2023-04-13 09:00:00,5.9,244.0
2023-04-13 10:00:00,6.0,249.0
2023-04-13 11:00:00,7.6,65.0
2023-04-13 12:00:00,14.3,138.0
2023-04-13 13:00:00,14.5,164.0
2023-04-13 14:00:00,12.2,88.0
2023-04-13 15:00:00,12.5,102.0
2023-04-13 16:00:00,17.0,44.0
2023-04-13 17:00:00,16.3,21.0
2023-04-13 18:00:00,17.0,3.0
2023-04-13 19:00:00,17.8,0.0
2023-04-13 20:00:00,18.7,0.0
2023-04-13 21:00:00,20.9,0.0
2023-04-13 22:00:00,20.7,0.0
2023-04-13 23:00:00,14.5,0.0
2023-04-14 00:00:00,16.8,0.0
2023-04-14 01:00:00,17.9,0.0
2023-04-14 02:00:00,22.6,0.0
2023-04-14 03:00:00,19.5,0.0
2023-04-14 04:00:00,14.8,0.0
2023-04-14 05:00:00,13.3,2.0
2023-04-14 06:00:00,10.9,16.0
2023-04-14 07:00:00,12.4,31.0
2023-04-14 08:00:00,10.0,102.0
2023-04-14 09:00:00,9.4,111.0
2023-04-14 10:00:00,11.9,139.0
2023-04-14 11:00:00,12.3,239.0
2023-04-14 12:00:00,10.9,515.0
2023-04-14 13:00:00,13.2,438.0
2023-04-14 14:00:00,12.4,447.0
2023-04-14 15:00:00,10.2,356.0
2023-04-14 16:00:00,7.8,227.0
2023-04-14 17:00:00,2.2,76.0
2023-04-14 18:00:00,4.7,8.0
2023-04-14 19:00:00,8.2,0.0
2023-04-14 20:00:00,9.2,0.0
2023-04-14 21:00:00,8.7,0.0
2023-04-14 22:00:00,8.4,0.0
2023-04-14 23:00:00,7.6,0.0
2023-04-15 00:00:00,10.5,0.0
2023-04-15 01:00:00,10.2,0.0
2023-04-15 02:00:00,7.3,0.0
2023-04-15 03:00:00,5.1,0.0
2023-04-15 04:00:00,5.8,0.0
2023-04-15 05:00:00,6.0,14.0
2023-04-15 06:00:00,8.5,70.0
2023-04-15 07:00:00,10.7,134.0
2023-04-15 08:00:00,7.3,230.0
2023-04-15 09:00:00,7.3,458.0
2023-04-15 10:00:00,8.9,594.0
2023-04-15 11:00:00,10.7,538.0
2023-04-15 12:00:00,5.8,444.0
2023-04-15 13:00:00,11.3,386.0
2023-04-15 14:00:00,7.2,419.0
2023-04-15 15:00:00,7.4,399.0
2023-04-15 16:00:00,5.1,198.0
2023-04-15 17:00:00,0.8,56.0
2023-04-15 18:00:00,3.8,7.0
2023-04-15 19:00:00,6.4,0.0
2023-04-15 20:00:00,5.4,0.0
2023-04-15 21:00:00,4.0,0.0
2023-04-15 22:00:00,5.4,0.0
2023-04-15 23:00:00,3.8,0.0
2023-04-16 00:00:00,7.2,0.0
2023-04-16 01:00:00,7.2,0.0
2023-04-16 02:00:00,8.8,0.0
2023-04-16 03:00:00,9.8,0.0
2023-04-16 04:00:00,9.4,0.0
2023-04-16 05:00:00,10.0,4.0
2023-04-16 06:00:00,11.0,22.0
2023-04-16 07:00:00,12.4,54.0
2023-04-16 08:00:00,12.7,70.0
2023-04-16 09:00:00,13.4,132.0
2023-04-16 10:00:00,16.3,182.0
2023-04-16 11:00:00,16.0,162.0
2023-04-16 12:00:00,18.2,287.0
2023-04-16 13:00:00,19.8,300.0
2023-04-16 14:00:00,20.1,408.0
2023-04-16 15:00:00,17.4,297.0
2023-04-16 16:00:00,15.0,219.0
2023-04-16 17:00:00,11.6,101.0
2023-04-16 18:00:00,12.0,7.0
2023-04-16 19:00:00,13.7,0.0
2023-04-16 20:00:00,14.1,0.0
2023-04-16 21:00:00,15.1,0.0
2023-04-16 22:00:00,15.9,0.0
2023-04-16 23:00:00,15.5,0.0
2023-04-17 00:00:00,16.6,0.0
2023-04-17 01:00:00,17.4,0.0
2023-04-17 02:00:00,15.6,0.0
2023-04-17 03:00:00,13.7,0.0
2023-04-17 04:00:00,13.0,0.0
2023-04-17 05:00:00,14.4,4.0
2023-04-17 06:00:00,18.4,48.0
2023-04-17 07:00:00,18.8,113.0
2023-04-17 08:00:00,16.6,78.0
2023-04-17 09:00:00,13.8,111.0
2023-04-17 10:00:00,13.3,328.0
2023-04-17 11:00:00,17.2,393.0
2023-04-17 12:00:00,12.7,457.0
2023-04-17 13:00:00,9.8,159.0
2023-04-17 14:00:00,17.1,383.0
2023-04-17 15:00:00,13.1,177.0
2023-04-17 16:00:00,11.8,195.0
2023-04-17 17:00:00,11.6,107.0
2023-04-17 18:00:00,12.6,14.0
2023-04-17 19:00:00,15.4,0.0
2023-04-17 20:00:00,16.3,0.0
2023-04-17 21:00:00,18.0,0.0
2023-04-17 22:00:00,18.7,0.0
2023-04-17 23:00:00,19.1,0.0
2023-04-18 00:00:00,14.8,0.0
2023-04-18 01:00:00,18.8,0.0
2023-04-18 02:00:00,20.3,0.0
2023-04-18 03:00:00,19.4,0.0
2023-04-18 04:00:00,20.0,0.0
2023-04-18 05:00:00,17.2,23.0
2023-04-18 06:00:00,17.9,67.0
2023-04-18 07:00:00,19.1,116.0
2023-04-18 08:00:00,23.3,280.0
2023-04-18 09:00:00,21.9,187.0
2023-04-18 10:00:00,18.5,161.0
2023-04-18 11:00:00,18.7,204.0
2023-04-18 12:00:00,14.8,215.0
2023-04-18 13:00:00,14.5,138.0
2023-04-18 14:00:00,13.0,106.0
2023-04-18 15:00:00,14.3,265.0
2023-04-18 16:00:00,10.6,185.0
2023-04-18 17:00:00,9.2,75.0
2023-04-18 18:00:00,7.3,16.0
2023-04-18 19:00:00,8.9,0.0
2023-04-18 20:00:00,9.4,0.0
2023-04-18 21:00:00,9.2,0.0
2023-04-18 22:00:00,9.3,0.0
2023-04-18 23:00:00,10.8,0.0
2023-04-19 00:00:00,11.8,0.0
2023-04-19 01:00:00,14.1,0.0
2023-04-19 02:00:00,12.6,0.0
2023-04-19 03:00:00,10.7,0.0
2023-04-19 04:00:00,9.1,0.0
2023-04-19 05:00:00,9.1,24.0
2023-04-19 06:00:00,7.7,147.0
2023-04-19 07:00:00,5.7,266.0
2023-04-19 08:00:00,6.9,441.0
2023-04-19 09:00:00,6.4,588.0
2023-04-19 10:00:00,6.1,589.0
2023-04-19 11:00:00,5.6,636.0
2023-04-19 12:00:00,5.2,565.0
2023-04-19 13:00:00,6.9,443.0
2023-04-19 14:00:00,14.7,548.0
2023-04-19 15:00:00,12.7,364.0
2023-04-19 16:00:00,11.0,285.0
2023-04-19 17:00:00,7.8,133.0
2023-04-19 18:00:00,6.2,20.0
2023-04-19 19:00:00,5.6,0.0
2023-04-19 20:00:00,6.3,0.0
2023-04-19 21:00:00,7.3,0.0
2023-04-19 22:00:00,8.0,0.0
2023-04-19 23:00:00,7.4,0.0
2023-04-20 00:00:00,8.7,0.0
2023-04-20 01:00:00,8.7,0.0
2023-04-20 02:00:00,6.0,0.0
2023-04-20 03:00:00,5.9,0.0
2023-04-20 04:00:00,5.9,0.0
2023-04-20 05:00:00,7.9,26.0
2023-04-20 06:00:00,6.3,145.0
2023-04-20 07:00:00,5.0,335.0
2023-04-20 08:00:00,5.5,484.0
2023-04-20 09:00:00,8.0,646.0
2023-04-20 10:00:00,9.0,708.0
2023-04-20 11:00:00,7.4,587.0
2023-04-20 12:00:00,6.7,647.0
2023-04-20 13:00:00,6.2,645.0
2023-04-20 14:00:00,6.1,580.0
2023-04-20 15:00:00,8.3,434.0
2023-04-20 16:00:00,7.2,298.0
2023-04-20 17:00:00,5.0,143.0
2023-04-20 18:00:00,6.8,21.0
2023-04-20 19:00:00,7.2,0.0
2023-04-20 20:00:00,7.1,0.0
2023-04-20 21:00:00,6.6,0.0
2023-04-20 22:00:00,6.4,0.0
2023-04-20 23:00:00,6.4,0.0
2023-04-21 00:00:00,8.1,0.0
2023-04-21 01:00:00,6.2,0.0
2023-04-21 02:00:00,7.2,0.0
2023-04-21 03:00:00,5.4,0.0
2023-04-21 04:00:00,6.2,0.0
2023-04-21 05:00:00,7.9,34.0
2023-04-21 06:00:00,6.9,160.0
2023-04-21 07:00:00,4.2,327.0
2023-04-21 08:00:00,3.4,478.0
2023-04-21 09:00:00,3.1,619.0
2023-04-21 10:00:00,3.6,703.0
2023-04-21 11:00:00,4.7,726.0
2023-04-21 12:00:00,8.6,701.0
2023-04-21 13:00:00,11.8,583.0
2023-04-21 14:00:00,4.8,544.0
2023-04-21 15:00:00,5.8,319.0
2023-04-21 16:00:00,7.2,274.0
2023-04-21 17:00:00,4.3,146.0
2023-04-21 18:00:00,5.4,21.0
2023-04-21 19:00:00,7.7,0.0
2023-04-21 20:00:00,7.6,0.0
2023-04-21 21:00:00,6.8,0.0
2023-04-21 22:00:00,5.5,0.0
2023-04-21 23:00:00,5.4,0.0
2023-04-22 00:00:00,6.2,0.0
2023-04-22 01:00:00,6.3,0.0
2023-04-22 02:00:00,5.4,0.0
2023-04-22 03:00:00,6.1,0.0
2023-04-22 04:00:00,6.6,0.0
2023-04-22 05:00:00,5.7,40.0
2023-04-22 06:00:00,5.8,183.0
2023-04-22 07:00:00,2.0,361.0
2023-04-22 08:00:00,1.4,531.0
2023-04-22 09:00:00,5.0,675.0
2023-04-22 10:00:00,7.2,766.0
2023-04-22 11:00:00,7.4,776.0
2023-04-22 12:00:00,6.5,751.0
2023-04-22 13:00:00,6.2,683.0
2023-04-22 14:00:00,6.6,587.0
2023-04-22 15:00:00,6.6,472.0
2023-04-22 16:00:00,4.6,319.0
2023-04-22 17:00:00,5.1,146.0
2023-04-22 18:00:00,9.0,25.0
2023-04-22 19:00:00,7.8,0.0
2023-04-22 20:00:00,7.2,0.0
2023-04-22 21:00:00,8.3,0.0
2023-04-22 22:00:00,2.5,0.0
2023-04-22 23:00:00,2.9,0.0
2023-04-23 00:00:00,4.8,0.0
2023-04-23 01:00:00,8.8,0.0
2023-04-23 02:00:00,5.9,0.0
2023-04-23 03:00:00,4.1,0.0
2023-04-23 04:00:00,2.6,0.0
2023-04-23 05:00:00,2.3,43.0
2023-04-23 06:00:00,1.5,185.0
2023-04-23 07:00:00,2.5,352.0
2023-04-23 08:00:00,4.4,523.0
2023-04-23 09:00:00,6.1,664.0
2023-04-23 10:00:00,5.8,756.0
2023-04-23 11:00:00,7.9,694.0
2023-04-23 12:00:00,10.9,649.0
2023-04-23 13:00:00,12.4,481.0
2023-04-23 14:00:00,10.5,465.0
2023-04-23 15:00:00,8.4,277.0
2023-04-23 16:00:00,7.3,318.0
2023-04-23 17:00:00,12.5,106.0
2023-04-23 18:00:00,11.2,23.0
2023-04-23 19:00:00,10.0,0.0
2023-04-23 20:00:00,9.0,0.0
2023-04-23 21:00:00,9.3,0.0
2023-04-23 22:00:00,7.2,0.0
2023-04-23 23:00:00,7.0,0.0
2023-04-24 00:00:00,9.5,0.0
2023-04-24 01:00:00,7.0,0.0
2023-04-24 02:00:00,6.5,0.0
2023-04-24 03:00:00,6.6,0.0
2023-04-24 04:00:00,6.4,0.0
2023-04-24 05:00:00,6.5,36.0
2023-04-24 06:00:00,6.0,115.0
2023-04-24 07:00:00,5.4,308.0
2023-04-24 08:00:00,5.8,432.0
2023-04-24 09:00:00,4.4,408.0
2023-04-24 10:00:00,6.6,585.0
2023-04-24 11:00:00,4.6,322.0
2023-04-24 12:00:00,3.1,397.0
2023-04-24 13:00:00,7.1,272.0
2023-04-24 14:00:00,5.1,141.0
2023-04-24 15:00:00,3.1,81.0
2023-04-24 16:00:00,5.7,133.0
2023-04-24 17:00:00,5.5,19.0
2023-04-24 18:00:00,9.0,5.0
2023-04-24 19:00:00,8.9,0.0
2023-04-24 20:00:00,9.0,0.0
2023-04-24 21:00:00,5.2,0.0
2023-04-24 22:00:00,6.6,0.0
2023-04-24 23:00:00,6.1,0.0
2023-04-25 00:00:00,3.8,0.0
2023-04-25 01:00:00,3.9,0.0
2023-04-25 02:00:00,5.6,0.0
2023-04-25 03:00:00,4.8,0.0
2023-04-25 04:00:00,4.3,0.0
2023-04-25 05:00:00,5.8,29.0
2023-04-25 06:00:00,4.7,169.0
2023-04-25 07:00:00,5.1,373.0
2023-04-25 08:00:00,4.7,550.0
2023-04-25 09:00:00,1.6,631.0
2023-04-25 10:00:00,0.5,718.0
2023-04-25 11:00:00,1.1,716.0
2023-04-25 12:00:00,0.0,597.0
2023-04-25 13:00:00,0.5,648.0
2023-04-25 14:00:00,3.3,464.0
2023-04-25 15:00:00,9.8,220.0
2023-04-25 16:00:00,5.1,109.0
2023-04-25 17:00:00,5.1,54.0
2023-04-25 18:00:00,6.1,10.0
2023-04-25 19:00:00,5.1,0.0
2023-04-25 20:00:00,5.4,0.0
2023-04-25 21:00:00,7.2,0.0
2023-04-25 22:00:00,12.8,0.0
2023-04-25 23:00:00,5.4,0.0
2023-04-26 00:00:00,5.6,0.0
2023-04-26 01:00:00,5.2,0.0
2023-04-26 02:00:00,5.6,0.0
2023-04-26 03:00:00,5.9,0.0
2023-04-26 04:00:00,5.7,0.0
2023-04-26 05:00:00,6.9,51.0
2023-04-26 06:00:00,5.9,202.0
2023-04-26 07:00:00,6.2,383.0
2023-04-26 08:00:00,6.4,557.0
2023-04-26 09:00:00,9.6,693.0
2023-04-26 10:00:00,8.6,621.0
2023-04-26 11:00:00,7.6,648.0
2023-04-26 12:00:00,1.1,647.0
2023-04-26 13:00:00,4.2,618.0
2023-04-26 14:00:00,3.6,584.0
2023-04-26 15:00:00,4.3,396.0
2023-04-26 16:00:00,5.4,273.0
2023-04-26 17:00:00,4.6,137.0
2023-04-26 18:00:00,6.5,28.0
2023-04-26 19:00:00,6.9,0.0
2023-04-26 20:00:00,6.5,0.0
2023-04-26 21:00:00,9.9,0.0
2023-04-26 22:00:00,8.9,0.0
2023-04-26 23:00:00,7.9,0.0
2023-04-27 00:00:00,9.4,0.0
2023-04-27 01:00:00,7.6,0.0
2023-04-27 02:00:00,5.2,0.0
2023-04-27 03:00:00,5.5,0.0
2023-04-27 04:00:00,7.0,0.0
2023-04-27 05:00:00,4.4,50.0
2023-04-27 06:00:00,3.4,193.0
2023-04-27 07:00:00,3.0,378.0
2023-04-27 08:00:00,3.2,553.0
2023-04-27 09:00:00,4.9,695.0
2023-04-27 10:00:00,5.2,796.0
2023-04-27 11:00:00,3.4,851.0
2023-04-27 12:00:00,4.7,757.0
2023-04-27 13:00:00,5.8,735.0
2023-04-27 14:00:00,6.6,560.0
2023-04-27 15:00:00,7.9,394.0
2023-04-27 16:00:00,8.4,257.0
2023-04-27 17:00:00,2.7,127.0
2023-04-27 18:00:00,4.3,25.0
2023-04-27 19:00:00,9.2,0.0
2023-04-27 20:00:00,10.9,0.0
2023-04-27 21:00:00,7.2,0.0
2023-04-27 22:00:00,7.5,0.0
2023-04-27 23:00:00,8.7,0.0
2023-04-28 00:00:00,7.3,0.0
2023-04-28 01:00:00,5.7,0.0
2023-04-28 02:00:00,5.7,0.0
2023-04-28 03:00:00,6.6,0.0
2023-04-28 04:00:00,6.9,0.0
2023-04-28 05:00:00,8.0,53.0
2023-04-28 06:00:00,6.8,181.0
2023-04-28 07:00:00,5.7,277.0
2023-04-28 08:00:00,4.9,479.0
2023-04-28 09:00:00,5.1,596.0
2023-04-28 10:00:00,5.6,608.0
2023-04-28 11:00:00,6.1,659.0
2023-04-28 12:00:00,8.4,544.0
2023-04-28 13:00:00,9.4,504.0
2023-04-28 14:00:00,11.0,254.0
2023-04-28 15:00:00,12.1,116.0
2023-04-28 16:00:00,7.0,44.0
2023-04-28 17:00:00,5.2,36.0
2023-04-28 18:00:00,5.2,6.0
2023-04-28 19:00:00,6.5,0.0
2023-04-28 20:00:00,7.2,0.0
2023-04-28 21:00:00,7.6,0.0
2023-04-28 22:00:00,6.9,0.0
2023-04-28 23:00:00,5.8,0.0
2023-04-29 00:00:00,5.1,0.0
2023-04-29 01:00:00,5.6,0.0
2023-04-29 02:00:00,4.9,0.0
2023-04-29 03:00:00,5.1,0.0
2023-04-29 04:00:00,5.7,0.0
2023-04-29 05:00:00,6.9,55.0
2023-04-29 06:00:00,5.9,166.0
2023-04-29 07:00:00,4.4,314.0
2023-04-29 08:00:00,5.1,368.0
2023-04-29 09:00:00,5.2,439.0
2023-04-29 10:00:00,5.5,623.0
2023-04-29 11:00:00,4.5,674.0
2023-04-29 12:00:00,5.0,795.0
2023-04-29 13:00:00,6.0,777.0
2023-04-29 14:00:00,5.0,657.0
2023-04-29 15:00:00,5.5,482.0
2023-04-29 16:00:00,3.1,338.0
2023-04-29 17:00:00,4.7,159.0
2023-04-29 18:00:00,6.0,36.0
2023-04-29 19:00:00,4.3,0.0
2023-04-29 20:00:00,7.6,0.0
2023-04-29 21:00:00,4.8,0.0
2023-04-29 22:00:00,8.8,0.0
2023-04-29 23:00:00,4.7,0.0
2023-04-30 00:00:00,4.5,0.0
2023-04-30 01:00:00,7.6,0.0
2023-04-30 02:00:00,11.2,0.0
2023-04-30 03:00:00,9.7,0.0
2023-04-30 04:00:00,9.6,1.0
2023-04-30 05:00:00,9.8,51.0
2023-04-30 06:00:00,8.7,179.0
2023-04-30 07:00:00,8.9,342.0
2023-04-30 08:00:00,10.0,525.0
2023-04-30 09:00:00,9.8,580.0
2023-04-30 10:00:00,11.8,700.0
2023-04-30 11:00:00,13.3,726.0
2023-04-30 12:00:00,11.8,707.0
2023-04-30 13:00:00,12.1,632.0
2023-04-30 14:00:00,14.1,579.0
2023-04-30 15:00:00,14.4,433.0
2023-04-30 16:00:00,13.6,303.0
2023-04-30 17:00:00,8.2,179.0
2023-04-30 18:00:00,7.2,40.0
2023-04-30 19:00:00,9.7,0.0
2023-04-30 20:00:00,6.3,0.0
2023-04-30 21:00:00,5.8,0.0
2023-04-30 22:00:00,6.9,0.0
2023-04-30 23:00:00,8.4,0.0
2023-05-01 00:00:00,7.6,0.0
2023-05-01 01:00:00,7.2,0.0
2023-05-01 02:00:00,6.8,0.0
2023-05-01 03:00:00,7.6,0.0
2023-05-01 04:00:00,6.9,1.0
2023-05-01 05:00:00,6.2,46.0
2023-05-01 06:00:00,5.5,151.0
2023-05-01 07:00:00,6.2,368.0
2023-05-01 08:00:00,7.2,546.0
2023-05-01 09:00:00,6.5,678.0
2023-05-01 10:00:00,6.2,721.0
2023-05-01 11:00:00,8.7,731.0
2023-05-01 12:00:00,9.1,714.0
2023-05-01 13:00:00,9.7,662.0
2023-05-01 14:00:00,11.0,659.0
2023-05-01 15:00:00,10.7,446.0
2023-05-01 16:00:00,7.6,271.0
2023-05-01 17:00:00,6.0,108.0
2023-05-01 18:00:00,8.7,30.0
2023-05-01 19:00:00,9.1,0.0
2023-05-01 20:00:00,8.2,0.0
2023-05-01 21:00:00,5.8,0.0
2023-05-01 22:00:00,4.3,0.0
2023-05-01 23:00:00,6.9,0.0
2023-05-02 00:00:00,10.7,0.0
2023-05-02 01:00:00,10.7,0.0
2023-05-02 02:00:00,11.3,0.0
2023-05-02 03:00:00,11.4,0.0
2023-05-02 04:00:00,9.0,1.0
2023-05-02 05:00:00,6.8,25.0
2023-05-02 06:00:00,10.5,57.0
2023-05-02 07:00:00,9.7,167.0
2023-05-02 08:00:00,9.7,127.0
2023-05-02 09:00:00,12.3,162.0
2023-05-02 10:00:00,13.0,238.0
2023-05-02 11:00:00,10.4,125.0
2023-05-02 12:00:00,7.9,140.0
2023-05-02 13:00:00,8.4,149.0
2023-05-02 14:00:00,8.4,179.0
2023-05-02 15:00:00,8.4,135.0
2023-05-02 16:00:00,10.4,75.0
2023-05-02 17:00:00,11.2,39.0
2023-05-02 18:00:00,12.8,9.0
2023-05-02 19:00:00,15.0,0.0
2023-05-02 20:00:00,14.3,0.0
2023-05-02 21:00:00,16.2,0.0
2023-05-02 22:00:00,16.9,0.0
2023-05-02 23:00:00,14.8,0.0
2023-05-03 00:00:00,14.5,0.0
2023-05-03 01:00:00,15.3,0.0
2023-05-03 02:00:00,12.6,0.0
2023-05-03 03:00:00,12.2,0.0
2023-05-03 04:00:00,13.3,1.0
2023-05-03 05:00:00,14.8,32.0
2023-05-03 06:00:00,13.7,96.0
2023-05-03 07:00:00,12.6,134.0
2023-05-03 08:00:00,15.1,199.0
2023-05-03 09:00:00,19.6,191.0
2023-05-03 10:00:00,23.6,207.0
2023-05-03 11:00:00,24.3,334.0
2023-05-03 12:00:00,20.7,408.0
2023-05-03 13:00:00,19.7,318.0
2023-05-03 14:00:00,21.7,487.0
2023-05-03 15:00:00,19.6,373.0
2023-05-03 16:00:00,15.7,216.0
2023-05-03 17:00:00,15.1,103.0
2023-05-03 18:00:00,13.0,21.0
2023-05-03 19:00:00,12.2,0.0
2023-05-03 20:00:00,14.0,0.0
2023-05-03 21:00:00,12.5,0.0
2023-05-03 22:00:00,10.5,0.0
2023-05-03 23:00:00,8.6,0.0
2023-05-04 00:00:00,9.0,0.0
2023-05-04 01:00:00,8.3,0.0
2023-05-04 02:00:00,7.2,0.0
2023-05-04 03:00:00,6.2,0.0
2023-05-04 04:00:00,5.1,1.0
2023-05-04 05:00:00,5.5,26.0
2023-05-04 06:00:00,5.4,64.0
2023-05-04 07:00:00,4.7,249.0
2023-05-04 08:00:00,5.6,466.0
2023-05-04 09:00:00,6.4,592.0
2023-05-04 10:00:00,7.3,775.0
2023-05-04 11:00:00,6.5,867.0
2023-05-04 12:00:00,5.9,875.0
2023-05-04 13:00:00,5.4,651.0
2023-05-04 14:00:00,5.2,560.0
2023-05-04 15:00:00,5.6,445.0
2023-05-04 16:00:00,4.7,267.0
2023-05-04 17:00:00,3.1,125.0
2023-05-04 18:00:00,4.7,38.0
2023-05-04 19:00:00,4.1,0.0
2023-05-04 20:00:00,3.6,0.0
2023-05-04 21:00:00,1.3,0.0
2023-05-04 22:00:00,4.2,0.0
2023-05-04 23:00:00,2.6,0.0
2023-05-05 00:00:00,3.4,0.0
2023-05-05 01:00:00,2.3,0.0
2023-05-05 02:00:00,5.8,0.0
2023-05-05 03:00:00,5.5,0.0
2023-05-05 04:00:00,4.2,2.0
2023-05-05 05:00:00,2.5,71.0
2023-05-05 06:00:00,1.3,210.0
2023-05-05 07:00:00,3.3,400.0
2023-05-05 08:00:00,5.4,574.0
2023-05-05 09:00:00,6.3,713.0
2023-05-05 10:00:00,6.5,809.0
2023-05-05 11:00:00,6.3,852.0
2023-05-05 12:00:00,7.4,851.0
2023-05-05 13:00:00,5.3,794.0
2023-05-05 14:00:00,5.9,687.0
2023-05-05 15:00:00,7.9,528.0
2023-05-05 16:00:00,7.9,358.0
2023-05-05 17:00:00,4.7,187.0
2023-05-05 18:00:00,7.4,49.0
2023-05-05 19:00:00,7.8,0.0
2023-05-05 20:00:00,7.5,0.0
2023-05-05 21:00:00,7.0,0.0
2023-05-05 22:00:00,8.3,0.0
2023-05-05 23:00:00,7.8,0.0
2023-05-06 00:00:00,6.2,0.0
2023-05-06 01:00:00,8.4,0.0
2023-05-06 02:00:00,8.0,0.0
2023-05-06 03:00:00,6.2,0.0
2023-05-06 04:00:00,7.9,3.0
2023-05-06 05:00:00,3.7,67.0
2023-05-06 06:00:00,3.3,211.0
2023-05-06 07:00:00,0.8,295.0
2023-05-06 08:00:00,4.8,526.0
2023-05-06 09:00:00,3.8,612.0
2023-05-06 10:00:00,4.8,792.0
2023-05-06 11:00:00,6.9,828.0
2023-05-06 12:00:00,6.1,821.0
2023-05-06 13:00:00,4.3,769.0
2023-05-06 14:00:00,5.7,659.0
2023-05-06 15:00:00,5.0,509.0
2023-05-06 16:00:00,4.0,334.0
2023-05-06 17:00:00,5.8,180.0
2023-05-06 18:00:00,7.1,48.0
2023-05-06 19:00:00,5.6,0.0
2023-05-06 20:00:00,5.6,0.0
2023-05-06 21:00:00,5.9,0.0
2023-05-06 22:00:00,5.5,0.0
2023-05-06 23:00:00,3.8,0.0
2023-05-07 00:00:00,6.7,0.0
2023-05-07 01:00:00,4.5,0.0
2023-05-07 02:00:00,4.5,0.0
2023-05-07 03:00:00,5.0,0.0
2023-05-07 04:00:00,5.1,3.0
2023-05-07 05:00:00,7.5,78.0
2023-05-07 06:00:00,3.3,231.0
2023-05-07 07:00:00,1.8,378.0
2023-05-07 08:00:00,4.0,561.0
2023-05-07 09:00:00,5.0,695.0
2023-05-07 10:00:00,5.0,795.0
2023-05-07 11:00:00,7.1,832.0
2023-05-07 12:00:00,5.7,808.0
2023-05-07 13:00:00,6.3,760.0
2023-05-07 14:00:00,6.2,617.0
2023-05-07 15:00:00,2.2,379.0
2023-05-07 16:00:00,17.4,186.0
2023-05-07 17:00:00,9.4,43.0
2023-05-07 18:00:00,5.7,19.0
2023-05-07 19:00:00,11.6,0.0
2023-05-07 20:00:00,6.0,0.0
2023-05-07 21:00:00,7.2,0.0
2023-05-07 22:00:00,8.0,0.0
2023-05-07 23:00:00,8.6,0.0
2023-05-08 00:00:00,10.7,0.0
2023-05-08 01:00:00,10.9,0.0
2023-05-08 02:00:00,10.7,0.0
2023-05-08 03:00:00,13.8,0.0
2023-05-08 04:00:00,11.0,2.0
2023-05-08 05:00:00,9.8,37.0
2023-05-08 06:00:00,9.3,104.0
2023-05-08 07:00:00,8.8,166.0
2023-05-08 08:00:00,8.6,130.0
2023-05-08 09:00:00,8.9,162.0
2023-05-08 10:00:00,6.9,267.0
2023-05-08 11:00:00,8.4,247.0
2023-05-08 12:00:00,10.2,425.0
2023-05-08 13:00:00,9.9,287.0
2023-05-08 14:00:00,10.8,280.0
2023-05-08 15:00:00,10.2,303.0
2023-05-08 16:00:00,8.3,123.0
2023-05-08 17:00:00,7.4,100.0
2023-05-08 18:00:00,8.2,24.0
2023-05-08 19:00:00,8.7,0.0
2023-05-08 20:00:00,7.9,0.0
2023-05-08 21:00:00,7.2,0.0
2023-05-08 22:00:00,7.1,0.0
2023-05-08 23:00:00,6.9,0.0
2023-05-09 00:00:00,6.9,0.0
2023-05-09 01:00:00,7.3,0.0
2023-05-09 02:00:00,8.7,0.0
2023-05-09 03:00:00,10.0,0.0
2023-05-09 04:00:00,8.6,3.0
2023-05-09 05:00:00,8.1,60.0
2023-05-09 06:00:00,8.7,125.0
2023-05-09 07:00:00,8.2,170.0
2023-05-09 08:00:00,7.4,220.0
2023-05-09 09:00:00,6.4,453.0
2023-05-09 10:00:00,5.4,549.0
2023-05-09 11:00:00,4.7,467.0
2023-05-09 12:00:00,8.3,311.0
2023-05-09 13:00:00,9.8,505.0
2023-05-09 14:00:00,10.8,574.0
2023-05-09 15:00:00,12.8,534.0
2023-05-09 16:00:00,12.8,341.0
2023-05-09 17:00:00,9.8,177.0
2023-05-09 18:00:00,8.7,53.0
2023-05-09 19:00:00,6.9,1.0
2023-05-09 20:00:00,6.0,0.0
2023-05-09 21:00:00,6.8,0.0
2023-05-09 22:00:00,6.9,0.0
2023-05-09 23:00:00,7.1,0.0
2023-05-10 00:00:00,6.4,0.0
2023-05-10 01:00:00,5.8,0.0
2023-05-10 02:00:00,6.3,0.0
2023-05-10 03:00:00,5.9,0.0
2023-05-10 04:00:00,5.4,5.0
2023-05-10 05:00:00,7.4,77.0
2023-05-10 06:00:00,5.8,185.0
2023-05-10 07:00:00,6.1,311.0
2023-05-10 08:00:00,5.2,459.0
2023-05-10 09:00:00,7.6,463.0
2023-05-10 10:00:00,9.4,388.0
2023-05-10 11:00:00,11.2,363.0
2023-05-10 12:00:00,11.2,615.0
2023-05-10 13:00:00,11.6,471.0
2023-05-10 14:00:00,10.9,378.0
2023-05-10 15:00:00,7.9,252.0
2023-05-10 16:00:00,3.3,81.0
2023-05-10 17:00:00,3.7,39.0
2023-05-10 18:00:00,6.5,15.0
2023-05-10 19:00:00,5.6,0.0
2023-05-10 20:00:00,6.9,0.0
2023-05-10 21:00:00,9.0,0.0
2023-05-10 22:00:00,11.2,0.0
2023-05-10 23:00:00,11.3,0.0
2023-05-11 00:00:00,11.8,0.0
2023-05-11 01:00:00,11.6,0.0
2023-05-11 02:00:00,12.8,0.0
2023-05-11 03:00:00,13.4,0.0
2023-05-11 04:00:00,14.4,2.0
2023-05-11 05:00:00,15.1,47.0
2023-05-11 06:00:00,16.2,71.0
2023-05-11 07:00:00,15.5,71.0
2023-05-11 08:00:00,13.0,88.0
2023-05-11 09:00:00,13.0,93.0
2023-05-11 10:00:00,13.9,120.0
2023-05-11 11:00:00,17.4,176.0
2023-05-11 12:00:00,16.1,97.0
2023-05-11 13:00:00,14.8,82.0
2023-05-11 14:00:00,17.9,130.0
2023-05-11 15:00:00,16.2,114.0
2023-05-11 16:00:00,12.4,57.0
2023-05-11 17:00:00,10.3,42.0
2023-05-11 18:00:00,8.0,23.0
2023-05-11 19:00:00,5.4,0.0
2023-05-11 20:00:00,4.9,0.0
2023-05-11 21:00:00,4.4,0.0
2023-05-11 22:00:00,4.2,0.0
2023-05-11 23:00:00,4.1,0.0
2023-05-12 00:00:00,6.6,0.0
2023-05-12 01:00:00,5.7,0.0
2023-05-12 02:00:00,5.6,0.0
2023-05-12 03:00:00,5.2,0.0
2023-05-12 04:00:00,4.7,2.0
2023-05-12 05:00:00,5.0,19.0
2023-05-12 06:00:00,6.2,46.0
2023-05-12 07:00:00,5.8,102.0
2023-05-12 08:00:00,7.9,136.0
2023-05-12 09:00:00,7.2,359.0
2023-05-12 10:00:00,6.9,306.0
2023-05-12 11:00:00,5.8,405.0
2023-05-12 12:00:00,8.4,368.0
2023-05-12 13:00:00,7.9,149.0
2023-05-12 14:00:00,2.1,402.0
2023-05-12 15:00:00,0.4,246.0
2023-05-12 16:00:00,0.7,168.0
2023-05-12 17:00:00,1.1,135.0
2023-05-12 18:00:00,3.2,39.0
2023-05-12 19:00:00,4.1,1.0
2023-05-12 20:00:00,5.5,0.0
2023-05-12 21:00:00,5.4,0.0
2023-05-12 22:00:00,5.2,0.0
2023-05-12 23:00:00,5.5,0.0
2023-05-13 00:00:00,5.0,0.0
2023-05-13 01:00:00,5.2,0.0
2023-05-13 02:00:00,6.9,0.0
2023-05-13 03:00:00,5.4,0.0
2023-05-13 04:00:00,5.2,6.0
2023-05-13 05:00:00,7.3,74.0
2023-05-13 06:00:00,7.1,192.0
2023-05-13 07:00:00,4.3,235.0
2023-05-13 08:00:00,5.3,222.0
2023-05-13 09:00:00,5.3,366.0
2023-05-13 10:00:00,4.0,602.0
2023-05-13 11:00:00,5.9,790.0
2023-05-13 12:00:00,8.3,719.0
2023-05-13 13:00:00,10.1,632.0
2023-05-13 14:00:00,8.2,154.0
2023-05-13 15:00:00,10.9,333.0
2023-05-13 16:00:00,10.8,302.0
2023-05-13 17:00:00,5.8,168.0
2023-05-13 18:00:00,4.3,28.0
2023-05-13 19:00:00,2.5,0.0
2023-05-13 20:00:00,3.5,0.0
2023-05-13 21:00:00,8.1,0.0
2023-05-13 22:00:00,9.6,0.0
2023-05-13 23:00:00,10.4,0.0
2023-05-14 00:00:00,9.6,0.0
2023-05-14 01:00:00,11.5,0.0
2023-05-14 02:00:00,11.5,0.0
2023-05-14 03:00:00,10.4,0.0
2023-05-14 04:00:00,11.2,1.0
2023-05-14 05:00:00,12.5,23.0
2023-05-14 06:00:00,11.5,30.0
2023-05-14 07:00:00,13.8,65.0
2023-05-14 08:00:00,10.9,75.0
2023-05-14 09:00:00,10.6,115.0
2023-05-14 10:00:00,12.4,115.0
2023-05-14 11:00:00,11.5,141.0
2023-05-14 12:00:00,13.7,243.0
2023-05-14 13:00:00,9.7,125.0
2023-05-14 14:00:00,7.4,176.0
2023-05-14 15:00:00,8.4,158.0
2023-05-14 16:00:00,7.7,253.0
2023-05-14 17:00:00,6.2,88.0
2023-05-14 18:00:00,3.3,39.0
2023-05-14 19:00:00,3.8,1.0
2023-05-14 20:00:00,4.6,0.0
2023-05-14 21:00:00,4.1,0.0
2023-05-14 22:00:00,3.3,0.0
2023-05-14 23:00:00,3.7,0.0
2023-05-15 00:00:00,2.2,0.0
2023-05-15 01:00:00,2.6,0.0
2023-05-15 02:00:00,2.5,0.0
2023-05-15 03:00:00,0.7,0.0
2023-05-15 04:00:00,1.8,3.0
2023-05-15 05:00:00,2.3,30.0
2023-05-15 06:00:00,1.6,81.0
2023-05-15 07:00:00,2.2,199.0
2023-05-15 08:00:00,1.3,316.0
2023-05-15 09:00:00,1.9,539.0
2023-05-15 10:00:00,2.2,695.0
2023-05-15 11:00:00,2.9,739.0
2023-05-15 12:00:00,7.0,756.0
2023-05-15 13:00:00,8.3,573.0
2023-05-15 14:00:00,8.7,574.0
2023-05-15 15:00:00,10.6,369.0
2023-05-15 16:00:00,10.3,237.0
2023-05-15 17:00:00,6.1,125.0
2023-05-15 18:00:00,7.1,19.0
2023-05-15 19:00:00,8.4,1.0
2023-05-15 20:00:00,8.9,0.0
2023-05-15 21:00:00,9.5,0.0
2023-05-15 22:00:00,9.4,0.0
2023-05-15 23:00:00,11.6,0.0
2023-05-16 00:00:00,10.4,0.0
2023-05-16 01:00:00,11.5,0.0
2023-05-16 02:00:00,15.0,0.0
2023-05-16 03:00:00,14.3,0.0
2023-05-16 04:00:00,16.8,1.0
2023-05-16 05:00:00,18.4,19.0
2023-05-16 06:00:00,19.5,46.0
2023-05-16 07:00:00,21.7,125.0
2023-05-16 08:00:00,17.8,133.0
2023-05-16 09:00:00,18.9,100.0
2023-05-16 10:00:00,20.3,215.0
2023-05-16 11:00:00,21.8,230.0
2023-05-16 12:00:00,14.8,214.0
2023-05-16 13:00:00,16.8,137.0
2023-05-16 14:00:00,15.8,72.0
2023-05-16 15:00:00,17.7,63.0
2023-05-16 16:00:00,20.5,60.0
2023-05-16 17:00:00,19.8,68.0
2023-05-16 18:00:00,17.8,22.0
2023-05-16 19:00:00,21.3,0.0
2023-05-16 20:00:00,19.1,0.0
2023-05-16 21:00:00,15.9,0.0
2023-05-16 22:00:00,16.3,0.0
2023-05-16 23:00:00,14.9,0.0
2023-05-17 00:00:00,14.8,0.0
2023-05-17 01:00:00,15.8,0.0
2023-05-17 02:00:00,15.1,0.0
2023-05-17 03:00:00,14.5,0.0
2023-05-17 04:00:00,15.8,2.0
2023-05-17 05:00:00,17.3,32.0
2023-05-17 06:00:00,18.5,136.0
2023-05-17 07:00:00,18.3,193.0
2023-05-17 08:00:00,20.4,281.0
2023-05-17 09:00:00,25.4,382.0
2023-05-17 10:00:00,24.8,379.0
2023-05-17 11:00:00,27.0,359.0
2023-05-17 12:00:00,19.1,367.0
2023-05-17 13:00:00,22.4,646.0
2023-05-17 14:00:00,22.2,420.0
2023-05-17 15:00:00,20.5,226.0
2023-05-17 16:00:00,17.7,174.0
2023-05-17 17:00:00,17.5,123.0
2023-05-17 18:00:00,16.0,40.0
2023-05-17 19:00:00,14.8,2.0
2023-05-17 20:00:00,12.6,0.0
2023-05-17 21:00:00,13.0,0.0
2023-05-17 22:00:00,12.6,0.0
2023-05-17 23:00:00,11.2,0.0
2023-05-18 00:00:00,10.2,0.0
2023-05-18 01:00:00,9.4,0.0
2023-05-18 02:00:00,9.4,0.0
2023-05-18 03:00:00,8.4,0.0
2023-05-18 04:00:00,8.0,6.0
2023-05-18 05:00:00,9.5,47.0
2023-05-18 06:00:00,11.3,118.0
2023-05-18 07:00:00,12.4,169.0
2023-05-18 08:00:00,15.3,249.0
2023-05-18 09:00:00,13.7,263.0
2023-05-18 10:00:00,12.6,272.0
2023-05-18 11:00:00,12.2,267.0
2023-05-18 12:00:00,11.7,316.0
2023-05-18 13:00:00,12.2,270.0
2023-05-18 14:00:00,13.3,286.0
2023-05-18 15:00:00,12.5,207.0
2023-05-18 16:00:00,12.1,120.0
2023-05-18 17:00:00,9.7,77.0
2023-05-18 18:00:00,8.3,19.0
2023-05-18 19:00:00,8.2,1.0
2023-05-18 20:00:00,6.4,0.0
2023-05-18 21:00:00,5.1,0.0
2023-05-18 22:00:00,4.7,0.0
2023-05-18 23:00:00,4.5,0.0
2023-05-19 00:00:00,7.8,0.0
2023-05-19 01:00:00,7.4,0.0
2023-05-19 02:00:00,6.2,0.0
2023-05-19 03:00:00,6.9,0.0
2023-05-19 04:00:00,6.6,3.0
2023-05-19 05:00:00,7.7,49.0
2023-05-19 06:00:00,11.3,163.0
2023-05-19 07:00:00,11.4,328.0
2023-05-19 08:00:00,11.4,410.0
2023-05-19 09:00:00,12.3,403.0
2023-05-19 10:00:00,10.4,358.0
2023-05-19 11:00:00,12.4,399.0
2023-05-19 12:00:00,11.3,364.0
2023-05-19 13:00:00,12.0,294.0
2023-05-19 14:00:00,11.3,346.0
2023-05-19 15:00:00,11.4,280.0
2023-05-19 16:00:00,9.9,146.0
2023-05-19 17:00:00,6.5,127.0
2023-05-19 18:00:00,5.8,57.0
2023-05-19 19:00:00,6.8,3.0
2023-05-19 20:00:00,6.2,0.0
2023-05-19 21:00:00,6.8,0.0
2023-05-19 22:00:00,8.3,0.0
2023-05-19 23:00:00,7.2,0.0
2023-05-20 00:00:00,6.5,0.0
2023-05-20 01:00:00,6.5,0.0
2023-05-20 02:00:00,6.6,0.0
2023-05-20 03:00:00,7.6,0.0
2023-05-20 04:00:00,8.3,11.0
2023-05-20 05:00:00,11.2,103.0
2023-05-20 06:00:00,9.1,240.0
2023-05-20 07:00:00,12.3,413.0
2023-05-20 08:00:00,16.8,557.0
2023-05-20 09:00:00,15.6,578.0
2023-05-20 10:00:00,12.8,757.0
2023-05-20 11:00:00,13.6,720.0
2023-05-20 12:00:00,14.1,601.0
2023-05-20 13:00:00,14.2,623.0
2023-05-20 14:00:00,15.5,633.0
2023-05-20 15:00:00,15.1,470.0
2023-05-20 16:00:00,11.7,295.0
2023-05-20 17:00:00,9.8,138.0
2023-05-20 18:00:00,8.9,53.0
2023-05-20 19:00:00,8.0,2.0
2023-05-20 20:00:00,10.4,0.0
2023-05-20 21:00:00,9.3,0.0
2023-05-20 22:00:00,10.1,0.0
2023-05-20 23:00:00,9.3,0.0
2023-05-21 00:00:00,9.9,0.0
2023-05-21 01:00:00,10.6,0.0
2023-05-21 02:00:00,10.8,0.0
2023-05-21 03:00:00,11.4,0.0
2023-05-21 04:00:00,11.8,12.0
2023-05-21 05:00:00,12.0,111.0
2023-05-21 06:00:00,10.1,270.0
2023-05-21 07:00:00,12.0,443.0
2023-05-21 08:00:00,12.9,604.0
2023-05-21 09:00:00,13.5,738.0
2023-05-21 10:00:00,15.3,829.0
2023-05-21 11:00:00,17.0,870.0
2023-05-21 12:00:00,17.0,854.0
2023-05-21 13:00:00,15.4,604.0
2023-05-21 14:00:00,19.3,654.0
2023-05-21 15:00:00,13.0,485.0
2023-05-21 16:00:00,10.0,368.0
2023-05-21 17:00:00,6.9,205.0
2023-05-21 18:00:00,8.0,73.0
2023-05-21 19:00:00,11.1,4.0
2023-05-21 20:00:00,10.2,0.0
2023-05-21 21:00:00,8.6,0.0
2023-05-21 22:00:00,7.4,0.0
2023-05-21 23:00:00,6.9,0.0
2023-05-22 00:00:00,6.8,0.0
2023-05-22 01:00:00,5.8,0.0
2023-05-22 02:00:00,7.7,0.0
2023-05-22 03:00:00,6.5,0.0
2023-05-22 04:00:00,5.0,12.0
2023-05-22 05:00:00,5.1,111.0
2023-05-22 06:00:00,2.5,269.0
2023-05-22 07:00:00,4.2,441.0
2023-05-22 08:00:00,6.0,602.0
2023-05-22 09:00:00,7.3,736.0
2023-05-22 10:00:00,8.0,816.0
2023-05-22 11:00:00,8.6,853.0
2023-05-22 12:00:00,7.9,859.0
2023-05-22 13:00:00,7.5,793.0
2023-05-22 14:00:00,7.6,661.0
2023-05-22 15:00:00,7.9,521.0
2023-05-22 16:00:00,7.0,389.0
2023-05-22 17:00:00,4.9,210.0
2023-05-22 18:00:00,6.5,77.0
2023-05-22 19:00:00,5.1,4.0
2023-05-22 20:00:00,5.3,0.0
2023-05-22 21:00:00,5.2,0.0
2023-05-22 22:00:00,5.6,0.0
2023-05-22 23:00:00,5.9,0.0
2023-05-23 00:00:00,4.6,0.0
2023-05-23 01:00:00,3.2,0.0
2023-05-23 02:00:00,5.7,0.0
2023-05-23 03:00:00,5.8,0.0
2023-05-23 04:00:00,6.5,13.0
2023-05-23 05:00:00,1.6,113.0
2023-05-23 06:00:00,1.3,273.0
2023-05-23 07:00:00,2.3,448.0
2023-05-23 08:00:00,4.7,611.0
2023-05-23 09:00:00,7.3,745.0
2023-05-23 10:00:00,8.0,840.0
2023-05-23 11:00:00,8.0,887.0
2023-05-23 12:00:00,3.3,882.0
2023-05-23 13:00:00,6.6,703.0
2023-05-23 14:00:00,6.9,656.0
2023-05-23 15:00:00,4.8,524.0
2023-05-23 16:00:00,4.7,321.0
2023-05-23 17:00:00,4.2,179.0
2023-05-23 18:00:00,6.4,72.0
2023-05-23 19:00:00,7.4,4.0
2023-05-23 20:00:00,8.4,0.0
2023-05-23 21:00:00,9.2,0.0
2023-05-23 22:00:00,9.8,0.0
2023-05-23 23:00:00,9.9,0.0
2023-05-24 00:00:00,6.2,0.0
2023-05-24 01:00:00,7.9,0.0
2023-05-24 02:00:00,8.9,0.0
2023-05-24 03:00:00,7.4,0.0
2023-05-24 04:00:00,4.2,10.0
2023-05-24 05:00:00,10.0,91.0
2023-05-24 06:00:00,4.5,200.0
2023-05-24 07:00:00,8.7,378.0
2023-05-24 08:00:00,6.3,358.0
2023-05-24 09:00:00,9.4,525.0
2023-05-24 10:00:00,10.5,717.0
2023-05-24 11:00:00,9.4,766.0
2023-05-24 12:00:00,12.6,797.0
2023-05-24 13:00:00,11.1,719.0
2023-05-24 14:00:00,11.3,618.0
2023-05-24 15:00:00,9.4,516.0
2023-05-24 16:00:00,8.8,379.0
2023-05-24 17:00:00,6.2,160.0
2023-05-24 18:00:00,6.9,61.0
2023-05-24 19:00:00,5.8,4.0
2023-05-24 20:00:00,7.6,0.0
2023-05-24 21:00:00,7.7,0.0
2023-05-24 22:00:00,7.7,0.0
2023-05-24 23:00:00,8.0,0.0
2023-05-25 00:00:00,8.8,0.0
2023-05-25 01:00:00,8.5,0.0
2023-05-25 02:00:00,6.2,0.0
2023-05-25 03:00:00,5.4,0.0
2023-05-25 04:00:00,5.0,13.0
2023-05-25 05:00:00,4.5,98.0
2023-05-25 06:00:00,6.2,238.0
2023-05-25 07:00:00,6.5,378.0
2023-05-25 08:00:00,6.3,559.0
2023-05-25 09:00:00,6.1,705.0
2023-05-25 10:00:00,5.5,823.0
2023-05-25 11:00:00,6.6,873.0
2023-05-25 12:00:00,5.6,844.0
2023-05-25 13:00:00,8.1,571.0
2023-05-25 14:00:00,9.4,489.0
2023-05-25 15:00:00,9.3,461.0
2023-05-25 16:00:00,9.8,318.0
2023-05-25 17:00:00,8.8,224.0
2023-05-25 18:00:00,6.5,84.0
2023-05-25 19:00:00,6.9,6.0
2023-05-25 20:00:00,7.7,0.0
2023-05-25 21:00:00,7.9,0.0
2023-05-25 22:00:00,7.6,0.0
2023-05-25 23:00:00,7.6,0.0
2023-05-26 00:00:00,8.3,0.0
2023-05-26 01:00:00,8.3,0.0
2023-05-26 02:00:00,7.8,0.0
2023-05-26 03:00:00,6.2,0.0
2023-05-26 04:00:00,5.4,15.0
2023-05-26 05:00:00,7.3,108.0
2023-05-26 06:00:00,7.5,237.0
2023-05-26 07:00:00,10.1,390.0
2023-05-26 08:00:00,10.9,570.0
2023-05-26 09:00:00,11.3,743.0
2023-05-26 10:00:00,11.6,832.0
2023-05-26 11:00:00,11.8,884.0
2023-05-26 12:00:00,13.0,882.0
2023-05-26 13:00:00,12.3,794.0
2023-05-26 14:00:00,15.5,619.0
2023-05-26 15:00:00,15.3,512.0
2023-05-26 16:00:00,14.5,327.0
2023-05-26 17:00:00,12.3,219.0
2023-05-26 18:00:00,11.5,80.0
2023-05-26 19:00:00,12.0,6.0
2023-05-26 20:00:00,10.3,0.0
2023-05-26 21:00:00,10.0,0.0
2023-05-26 22:00:00,9.4,0.0
2023-05-26 23:00:00,10.5,0.0
2023-05-27 00:00:00,8.5,0.0
2023-05-27 01:00:00,7.2,0.0
2023-05-27 02:00:00,5.9,0.0
2023-05-27 03:00:00,9.7,0.0
2023-05-27 04:00:00,12.3,11.0
2023-05-27 05:00:00,14.1,106.0
2023-05-27 06:00:00,13.7,229.0
2023-05-27 07:00:00,13.7,335.0
2023-05-27 08:00:00,11.0,443.0
2023-05-27 09:00:00,10.2,470.0
2023-05-27 10:00:00,10.9,454.0
2023-05-27 11:00:00,12.1,536.0
2023-05-27 12:00:00,13.0,622.0
2023-05-27 13:00:00,13.2,752.0
2023-05-27 14:00:00,12.6,710.0
2023-05-27 15:00:00,13.0,554.0
2023-05-27 16:00:00,12.5,395.0
2023-05-27 17:00:00,8.1,224.0
2023-05-27 18:00:00,5.8,87.0
2023-05-27 19:00:00,6.3,7.0
2023-05-27 20:00:00,7.4,0.0
2023-05-27 21:00:00,7.9,0.0
2023-05-27 22:00:00,9.4,0.0
2023-05-27 23:00:00,10.1,0.0
2023-05-28 00:00:00,10.8,0.0
2023-05-28 01:00:00,9.2,0.0
2023-05-28 02:00:00,5.8,0.0
2023-05-28 03:00:00,5.6,0.0
2023-05-28 04:00:00,7.8,16.0
2023-05-28 05:00:00,7.3,115.0
2023-05-28 06:00:00,4.0,272.0
2023-05-28 07:00:00,4.9,447.0
2023-05-28 08:00:00,5.4,604.0
2023-05-28 09:00:00,5.8,743.0
2023-05-28 10:00:00,7.1,825.0
2023-05-28 11:00:00,7.8,776.0
2023-05-28 12:00:00,7.7,810.0
2023-05-28 13:00:00,9.4,717.0
2023-05-28 14:00:00,9.6,621.0
2023-05-28 15:00:00,11.4,513.0
2023-05-28 16:00:00,10.3,381.0
2023-05-28 17:00:00,6.8,228.0
2023-05-28 18:00:00,6.7,90.0
2023-05-28 19:00:00,8.2,7.0
2023-05-28 20:00:00,8.0,0.0
2023-05-28 21:00:00,7.0,0.0
2023-05-28 22:00:00,7.6,0.0
2023-05-28 23:00:00,8.4,0.0
2023-05-29 00:00:00,8.6,0.0
2023-05-29 01:00:00,7.9,0.0
2023-05-29 02:00:00,7.2,0.0
2023-05-29 03:00:00,7.2,0.0
2023-05-29 04:00:00,7.7,16.0
2023-05-29 05:00:00,8.4,103.0
2023-05-29 06:00:00,7.3,223.0
2023-05-29 07:00:00,9.4,332.0
2023-05-29 08:00:00,10.3,544.0
2023-05-29 09:00:00,10.9,693.0
2023-05-29 10:00:00,11.3,819.0
2023-05-29 11:00:00,12.5,862.0
2023-05-29 12:00:00,10.1,846.0
2023-05-29 13:00:00,13.7,666.0
2023-05-29 14:00:00,17.8,396.0
2023-05-29 15:00:00,9.3,300.0
2023-05-29 16:00:00,6.6,223.0
2023-05-29 17:00:00,3.6,196.0
2023-05-29 18:00:00,4.4,89.0
2023-05-29 19:00:00,5.4,7.0
2023-05-29 20:00:00,5.6,0.0
2023-05-29 21:00:00,5.8,0.0
2023-05-29 22:00:00,6.1,0.0
2023-05-29 23:00:00,6.1,0.0
2023-05-30 00:00:00,9.5,0.0
2023-05-30 01:00:00,5.2,0.0
2023-05-30 02:00:00,5.2,0.0
2023-05-30 03:00:00,6.5,0.0
2023-05-30 04:00:00,7.9,17.0
2023-05-30 05:00:00,9.9,112.0
2023-05-30 06:00:00,5.1,247.0
2023-05-30 07:00:00,4.7,356.0
2023-05-30 08:00:00,7.6,498.0
2023-05-30 09:00:00,7.6,640.0
2023-05-30 10:00:00,8.4,714.0
2023-05-30 11:00:00,11.3,846.0
2023-05-30 12:00:00,13.0,837.0
2023-05-30 13:00:00,14.2,784.0
2023-05-30 14:00:00,13.1,655.0
2023-05-30 15:00:00,13.1,492.0
2023-05-30 16:00:00,17.0,273.0
2023-05-30 17:00:00,4.5,77.0
2023-05-30 18:00:00,5.7,22.0
2023-05-30 19:00:00,3.8,6.0
2023-05-30 20:00:00,4.6,0.0
2023-05-30 21:00:00,4.9,0.0
2023-05-30 22:00:00,5.9,0.0
2023-05-30 23:00:00,6.4,0.0
2023-05-31 00:00:00,5.8,0.0
2023-05-31 01:00:00,13.4,0.0
2023-05-31 02:00:00,11.3,0.0
2023-05-31 03:00:00,9.8,0.0
2023-05-31 04:00:00,9.4,12.0
2023-05-31 05:00:00,9.4,68.0
2023-05-31 06:00:00,10.5,138.0
2023-05-31 07:00:00,10.9,306.0
2023-05-31 08:00:00,11.9,302.0
2023-05-31 09:00:00,9.4,479.0
2023-05-31 10:00:00,9.9,706.0
2023-05-31 11:00:00,8.8,831.0
2023-05-31 12:00:00,10.8,787.0
2023-05-31 13:00:00,10.1,475.0
2023-05-31 14:00:00,11.9,447.0
2023-05-31 15:00:00,12.2,421.0
2023-05-31 16:00:00,10.0,269.0
2023-05-31 17:00:00,5.5,225.0
2023-05-31 18:00:00,3.6,90.0
2023-05-31 19:00:00,3.4,7.0
2023-05-31 20:00:00,5.0,0.0
2023-05-31 21:00:00,8.4,0.0
2023-05-31 22:00:00,9.8,0.0
2023-05-31 23:00:00,7.2,0.0
2023-06-01 00:00:00,5.4,0.0
2023-06-01 01:00:00,7.5,0.0
2023-06-01 02:00:00,3.8,0.0
2023-06-01 03:00:00,5.6,0.0
2023-06-01 04:00:00,5.9,17.0
2023-06-01 05:00:00,5.1,122.0
2023-06-01 06:00:00,1.6,272.0
2023-06-01 07:00:00,2.0,440.0
2023-06-01 08:00:00,3.4,585.0
2023-06-01 09:00:00,3.2,707.0
2023-06-01 10:00:00,4.5,790.0
2023-06-01 11:00:00,5.6,842.0
2023-06-01 12:00:00,8.1,844.0
2023-06-01 13:00:00,5.5,755.0
2023-06-01 14:00:00,5.8,659.0
2023-06-01 15:00:00,11.0,457.0
2023-06-01 16:00:00,5.6,359.0
2023-06-01 17:00:00,2.1,213.0
2023-06-01 18:00:00,4.7,89.0
2023-06-01 19:00:00,1.8,9.0
2023-06-01 20:00:00,1.8,0.0
2023-06-01 21:00:00,1.1,0.0
2023-06-01 22:00:00,1.1,0.0
2023-06-01 23:00:00,2.9,0.0
2023-06-02 00:00:00,2.9,0.0
2023-06-02 01:00:00,5.2,0.0
2023-06-02 02:00:00,6.8,0.0
2023-06-02 03:00:00,6.8,0.0
2023-06-02 04:00:00,4.5,19.0
2023-06-02 05:00:00,5.9,119.0
2023-06-02 06:00:00,4.4,270.0
2023-06-02 07:00:00,2.9,427.0
2023-06-02 08:00:00,3.1,577.0
2023-06-02 09:00:00,5.6,698.0
2023-06-02 10:00:00,5.4,749.0
2023-06-02 11:00:00,3.3,793.0
2023-06-02 12:00:00,2.9,727.0
2023-06-02 13:00:00,1.5,729.0
2023-06-02 14:00:00,5.4,586.0
2023-06-02 15:00:00,5.0,487.0
2023-06-02 16:00:00,5.6,361.0
2023-06-02 17:00:00,4.5,228.0
2023-06-02 18:00:00,5.2,87.0
2023-06-02 19:00:00,6.6,9.0
2023-06-02 20:00:00,7.6,0.0
2023-06-02 21:00:00,7.6,0.0
2023-06-02 22:00:00,8.7,0.0
2023-06-02 23:00:00,12.8,0.0
2023-06-03 00:00:00,12.5,0.0
2023-06-03 01:00:00,11.3,0.0
2023-06-03 02:00:00,7.6,0.0
2023-06-03 03:00:00,11.9,0.0
2023-06-03 04:00:00,11.9,16.0
2023-06-03 05:00:00,13.3,116.0
2023-06-03 06:00:00,10.5,218.0
2023-06-03 07:00:00,10.8,392.0
2023-06-03 08:00:00,11.1,577.0
2023-06-03 09:00:00,12.4,713.0
2023-06-03 10:00:00,12.1,579.0
2023-06-03 11:00:00,10.9,480.0
2023-06-03 12:00:00,8.8,598.0
2023-06-03 13:00:00,9.2,471.0
2023-06-03 14:00:00,9.9,475.0
2023-06-03 15:00:00,9.5,348.0
2023-06-03 16:00:00,9.1,293.0
2023-06-03 17:00:00,7.5,210.0
2023-06-03 18:00:00,5.6,93.0
2023-06-03 19:00:00,6.4,10.0
2023-06-03 20:00:00,6.2,0.0
2023-06-03 21:00:00,5.8,0.0
2023-06-03 22:00:00,6.1,0.0
2023-06-03 23:00:00,6.6,0.0
2023-06-04 00:00:00,6.6,0.0
2023-06-04 01:00:00,6.6,0.0
2023-06-04 02:00:00,5.4,0.0
2023-06-04 03:00:00,6.4,0.0
2023-06-04 04:00:00,5.8,16.0
2023-06-04 05:00:00,6.0,123.0
2023-06-04 06:00:00,5.4,278.0
2023-06-04 07:00:00,6.3,440.0
2023-06-04 08:00:00,6.8,605.0
2023-06-04 09:00:00,7.1,741.0
2023-06-04 10:00:00,6.1,833.0
2023-06-04 11:00:00,5.7,855.0
2023-06-04 12:00:00,7.9,823.0
2023-06-04 13:00:00,2.2,503.0
2023-06-04 14:00:00,9.8,466.0
2023-06-04 15:00:00,0.8,404.0
2023-06-04 16:00:00,4.4,305.0
2023-06-04 17:00:00,2.3,156.0
2023-06-04 18:00:00,5.0,80.0
2023-06-04 19:00:00,6.5,10.0
2023-06-04 20:00:00,4.3,0.0
2023-06-04 21:00:00,4.7,0.0
2023-06-04 22:00:00,5.0,0.0
2023-06-04 23:00:00,6.9,0.0
2023-06-05 00:00:00,14.0,0.0
2023-06-05 01:00:00,10.0,0.0
2023-06-05 02:00:00,5.8,0.0
2023-06-05 03:00:00,6.8,0.0
2023-06-05 04:00:00,6.9,11.0
2023-06-05 05:00:00,8.5,41.0
2023-06-05 06:00:00,5.4,88.0
2023-06-05 07:00:00,5.4,78.0
2023-06-05 08:00:00,4.0,123.0
2023-06-05 09:00:00,5.0,109.0
2023-06-05 10:00:00,3.6,124.0
2023-06-05 11:00:00,9.2,226.0
2023-06-05 12:00:00,8.9,197.0
2023-06-05 13:00:00,10.4,216.0
2023-06-05 14:00:00,9.0,168.0
2023-06-05 15:00:00,7.4,298.0
2023-06-05 16:00:00,4.7,159.0
2023-06-05 17:00:00,6.1,103.0
2023-06-05 18:00:00,4.4,42.0
2023-06-05 19:00:00,6.2,6.0
2023-06-05 20:00:00,7.9,0.0
2023-06-05 21:00:00,8.3,0.0
2023-06-05 22:00:00,1.0,0.0
2023-06-05 23:00:00,5.8,0.0
2023-06-06 00:00:00,3.4,0.0
2023-06-06 01:00:00,6.8,0.0
2023-06-06 02:00:00,4.7,0.0
2023-06-06 03:00:00,6.2,0.0
2023-06-06 04:00:00,2.6,18.0
2023-06-06 05:00:00,2.2,84.0
2023-06-06 06:00:00,4.0,146.0
2023-06-06 07:00:00,3.8,184.0
2023-06-06 08:00:00,3.8,285.0
2023-06-06 09:00:00,4.0,378.0
2023-06-06 10:00:00,5.4,539.0
2023-06-06 11:00:00,6.0,588.0
2023-06-06 12:00:00,0.7,545.0
2023-06-06 13:00:00,2.1,420.0
2023-06-06 14:00:00,6.6,237.0
2023-06-06 15:00:00,4.7,206.0
2023-06-06 16:00:00,2.0,125.0
2023-06-06 17:00:00,3.7,189.0
2023-06-06 18:00:00,1.8,80.0
2023-06-06 19:00:00,5.5,9.0
2023-06-06 20:00:00,3.6,0.0
2023-06-06 21:00:00,3.9,0.0
2023-06-06 22:00:00,4.8,0.0
2023-06-06 23:00:00,4.7,0.0
2023-06-07 00:00:00,6.5,0.0
2023-06-07 01:00:00,6.1,0.0
2023-06-07 02:00:00,6.4,0.0
2023-06-07 03:00:00,5.7,0.0
2023-06-07 04:00:00,4.1,19.0
2023-06-07 05:00:00,3.4,113.0
2023-06-07 06:00:00,2.5,270.0
2023-06-07 07:00:00,3.4,393.0
2023-06-07 08:00:00,3.1,488.0
2023-06-07 09:00:00,3.4,628.0
2023-06-07 10:00:00,3.3,641.0
2023-06-07 11:00:00,3.8,553.0
2023-06-07 12:00:00,2.7,633.0
2023-06-07 13:00:00,1.1,706.0
2023-06-07 14:00:00,1.8,466.0
2023-06-07 15:00:00,1.6,492.0
2023-06-07 16:00:00,1.9,348.0
2023-06-07 17:00:00,4.4,147.0
2023-06-07 18:00:00,2.8,74.0
2023-06-07 19:00:00,5.3,12.0
2023-06-07 20:00:00,5.2,0.0
2023-06-07 21:00:00,4.7,0.0
2023-06-07 22:00:00,4.4,0.0
2023-06-07 23:00:00,4.5,0.0
2023-06-08 00:00:00,5.6,0.0
2023-06-08 01:00:00,9.0,0.0
2023-06-08 02:00:00,10.2,0.0
2023-06-08 03:00:00,6.1,0.0
2023-06-08 04:00:00,3.6,20.0
2023-06-08 05:00:00,2.4,112.0
2023-06-08 06:00:00,1.9,250.0
2023-06-08 07:00:00,4.2,405.0
2023-06-08 08:00:00,3.4,422.0
2023-06-08 09:00:00,4.2,653.0
2023-06-08 10:00:00,4.1,778.0
2023-06-08 11:00:00,4.2,822.0
2023-06-08 12:00:00,4.4,787.0
2023-06-08 13:00:00,2.2,627.0
2023-06-08 14:00:00,2.5,563.0
2023-06-08 15:00:00,8.0,532.0
2023-06-08 16:00:00,5.7,383.0
2023-06-08 17:00:00,7.1,163.0
2023-06-08 18:00:00,6.1,84.0
2023-06-08 19:00:00,5.9,12.0
2023-06-08 20:00:00,5.0,0.0
2023-06-08 21:00:00,4.0,0.0
2023-06-08 22:00:00,7.6,0.0
2023-06-08 23:00:00,6.1,0.0
2023-06-09 00:00:00,4.7,0.0
2023-06-09 01:00:00,7.5,0.0
2023-06-09 02:00:00,6.0,0.0
2023-06-09 03:00:00,5.6,0.0
2023-06-09 04:00:00,5.0,21.0
2023-06-09 05:00:00,4.7,112.0
2023-06-09 06:00:00,1.5,263.0
2023-06-09 07:00:00,2.9,438.0
2023-06-09 08:00:00,3.8,453.0
2023-06-09 09:00:00,5.1,495.0
2023-06-09 10:00:00,5.9,590.0
2023-06-09 11:00:00,4.4,751.0
2023-06-09 12:00:00,5.4,763.0
2023-06-09 13:00:00,5.5,658.0
2023-06-09 14:00:00,3.8,598.0
2023-06-09 15:00:00,3.1,557.0
2023-06-09 16:00:00,3.2,421.0
2023-06-09 17:00:00,5.4,241.0
2023-06-09 18:00:00,3.8,99.0
2023-06-09 19:00:00,5.5,12.0
2023-06-09 20:00:00,5.4,0.0
2023-06-09 21:00:00,5.8,0.0
2023-06-09 22:00:00,4.7,0.0
2023-06-09 23:00:00,4.7,0.0
2023-06-10 00:00:00,9.4,0.0
2023-06-10 01:00:00,6.3,0.0
2023-06-10 02:00:00,8.6,0.0
2023-06-10 03:00:00,5.4,0.0
2023-06-10 04:00:00,5.2,21.0
2023-06-10 05:00:00,4.8,124.0
2023-06-10 06:00:00,3.7,271.0
2023-06-10 07:00:00,2.9,421.0
2023-06-10 08:00:00,3.5,512.0
2023-06-10 09:00:00,3.2,642.0
2023-06-10 10:00:00,3.6,751.0
2023-06-10 11:00:00,4.6,657.0
2023-06-10 12:00:00,3.3,381.0
2023-06-10 13:00:00,2.3,521.0
2023-06-10 14:00:00,7.3,445.0
2023-06-10 15:00:00,4.2,362.0
2023-06-10 16:00:00,4.3,279.0
2023-06-10 17:00:00,4.3,182.0
2023-06-10 18:00:00,3.6,83.0
2023-06-10 19:00:00,4.8,10.0
2023-06-10 20:00:00,9.7,0.0
2023-06-10 21:00:00,5.2,0.0
2023-06-10 22:00:00,7.1,0.0
2023-06-10 23:00:00,8.4,0.0
2023-06-11 00:00:00,11.4,0.0
2023-06-11 01:00:00,7.4,0.0
2023-06-11 02:00:00,5.2,0.0
2023-06-11 03:00:00,7.2,0.0
2023-06-11 04:00:00,9.3,16.0
2023-06-11 05:00:00,12.0,56.0
2023-06-11 06:00:00,11.2,72.0
2023-06-11 07:00:00,10.2,93.0
2023-06-11 08:00:00,11.8,165.0
2023-06-11 09:00:00,15.6,316.0
2023-06-11 10:00:00,12.6,411.0
2023-06-11 11:00:00,14.3,480.0
2023-06-11 12:00:00,14.3,334.0
2023-06-11 13:00:00,17.7,709.0
2023-06-11 14:00:00,14.5,421.0
2023-06-11 15:00:00,17.2,448.0
2023-06-11 16:00:00,12.6,266.0
2023-06-11 17:00:00,12.6,183.0
2023-06-11 18:00:00,9.5,90.0
2023-06-11 19:00:00,7.9,13.0
2023-06-11 20:00:00,6.4,0.0
2023-06-11 21:00:00,6.4,0.0
2023-06-11 22:00:00,8.1,0.0
2023-06-11 23:00:00,8.8,0.0
2023-06-12 00:00:00,9.1,0.0
2023-06-12 01:00:00,9.8,0.0
2023-06-12 02:00:00,9.0,0.0
2023-06-12 03:00:00,10.3,0.0
2023-06-12 04:00:00,9.4,21.0
2023-06-12 05:00:00,8.6,125.0
2023-06-12 06:00:00,8.4,272.0
2023-06-12 07:00:00,13.3,421.0
2023-06-12 08:00:00,12.8,554.0
2023-06-12 09:00:00,12.6,689.0
2023-06-12 10:00:00,13.7,792.0
2023-06-12 11:00:00,13.7,822.0
2023-06-12 12:00:00,12.7,783.0
2023-06-12 13:00:00,14.2,720.0
2023-06-12 14:00:00,13.5,620.0
2023-06-12 15:00:00,12.1,530.0
2023-06-12 16:00:00,10.8,418.0
2023-06-12 17:00:00,9.4,257.0
2023-06-12 18:00:00,8.2,100.0
2023-06-12 19:00:00,6.8,14.0
2023-06-12 20:00:00,5.6,0.0
2023-06-12 21:00:00,5.4,0.0
2023-06-12 22:00:00,6.6,0.0
2023-06-12 23:00:00,6.9,0.0
2023-06-13 00:00:00,6.1,0.0
2023-06-13 01:00:00,7.2,0.0
2023-06-13 02:00:00,6.9,0.0
2023-06-13 03:00:00,6.5,0.0
2023-06-13 04:00:00,6.0,23.0
2023-06-13 05:00:00,6.4,134.0
2023-06-13 06:00:00,6.7,294.0
2023-06-13 07:00:00,4.9,467.0
2023-06-13 08:00:00,4.0,629.0
2023-06-13 09:00:00,5.4,780.0
2023-06-13 10:00:00,6.9,775.0
2023-06-13 11:00:00,8.0,838.0
2023-06-13 12:00:00,9.1,829.0
2023-06-13 13:00:00,11.0,754.0
2023-06-13 14:00:00,9.7,566.0
2023-06-13 15:00:00,8.6,320.0
2023-06-13 16:00:00,9.6,284.0
2023-06-13 17:00:00,5.9,209.0
2023-06-13 18:00:00,5.8,107.0
2023-06-13 19:00:00,8.1,15.0
2023-06-13 20:00:00,8.9,0.0
2023-06-13 21:00:00,6.5,0.0
2023-06-13 22:00:00,6.1,0.0
2023-06-13 23:00:00,6.5,0.0
2023-06-14 00:00:00,5.4,0.0
2023-06-14 01:00:00,5.6,0.0
2023-06-14 02:00:00,5.9,0.0
2023-06-14 03:00:00,6.1,0.0
2023-06-14 04:00:00,4.1,23.0
2023-06-14 05:00:00,4.4,132.0
2023-06-14 06:00:00,3.1,290.0
2023-06-14 07:00:00,2.2,456.0
2023-06-14 08:00:00,3.7,611.0
2023-06-14 09:00:00,7.0,752.0
2023-06-14 10:00:00,7.4,846.0
2023-06-14 11:00:00,7.9,875.0
2023-06-14 12:00:00,10.1,867.0
2023-06-14 13:00:00,9.8,789.0
2023-06-14 14:00:00,12.1,710.0
2023-06-14 15:00:00,10.7,500.0
2023-06-14 16:00:00,12.3,395.0
2023-06-14 17:00:00,15.5,245.0
2023-06-14 18:00:00,9.7,104.0
2023-06-14 19:00:00,8.3,15.0
2023-06-14 20:00:00,7.3,0.0
2023-06-14 21:00:00,9.1,0.0
2023-06-14 22:00:00,9.4,0.0
2023-06-14 23:00:00,9.7,0.0
2023-06-15 00:00:00,9.3,0.0
2023-06-15 01:00:00,9.2,0.0
2023-06-15 02:00:00,9.1,0.0
2023-06-15 03:00:00,9.0,0.0
2023-06-15 04:00:00,8.1,18.0
2023-06-15 05:00:00,6.1,105.0
2023-06-15 06:00:00,7.5,252.0
2023-06-15 07:00:00,9.3,451.0
2023-06-15 08:00:00,9.6,616.0
2023-06-15 09:00:00,11.8,733.0
2023-06-15 10:00:00,12.8,727.0
2023-06-15 11:00:00,12.9,755.0
2023-06-15 12:00:00,15.3,827.0
2023-06-15 13:00:00,15.7,552.0
2023-06-15 14:00:00,15.0,572.0
2023-06-15 15:00:00,15.0,400.0
2023-06-15 16:00:00,12.6,343.0
2023-06-15 17:00:00,8.2,204.0
2023-06-15 18:00:00,3.9,98.0
2023-06-15 19:00:00,5.8,15.0
2023-06-15 20:00:00,6.0,0.0
2023-06-15 21:00:00,5.8,0.0
2023-06-15 22:00:00,5.8,0.0
2023-06-15 23:00:00,7.6,0.0
2023-06-16 00:00:00,5.8,0.0
2023-06-16 01:00:00,9.2,0.0
2023-06-16 02:00:00,9.0,0.0
2023-06-16 03:00:00,9.8,0.0
2023-06-16 04:00:00,11.7,23.0
2023-06-16 05:00:00,13.2,133.0
2023-06-16 06:00:00,10.6,292.0
2023-06-16 07:00:00,9.7,463.0
2023-06-16 08:00:00,10.8,624.0
2023-06-16 09:00:00,14.1,747.0
2023-06-16 10:00:00,14.6,795.0
2023-06-16 11:00:00,13.9,759.0
2023-06-16 12:00:00,12.9,754.0
2023-06-16 13:00:00,14.8,701.0
2023-06-16 14:00:00,13.7,669.0
2023-06-16 15:00:00,11.6,568.0
2023-06-16 16:00:00,9.0,429.0
2023-06-16 17:00:00,6.5,259.0
2023-06-16 18:00:00,5.5,107.0
2023-06-16 19:00:00,6.4,16.0
2023-06-16 20:00:00,5.4,0.0
2023-06-16 21:00:00,5.9,0.0
2023-06-16 22:00:00,6.9,0.0
2023-06-16 23:00:00,6.8,0.0
2023-06-17 00:00:00,8.5,0.0
2023-06-17 01:00:00,10.8,0.0
2023-06-17 02:00:00,10.8,0.0
2023-06-17 03:00:00,11.2,0.0
2023-06-17 04:00:00,11.6,23.0
2023-06-17 05:00:00,10.9,131.0
2023-06-17 06:00:00,6.0,291.0
2023-06-17 07:00:00,4.2,461.0
2023-06-17 08:00:00,4.1,621.0
2023-06-17 09:00:00,7.6,719.0
2023-06-17 10:00:00,9.1,796.0
2023-06-17 11:00:00,7.0,813.0
2023-06-17 12:00:00,3.1,798.0
2023-06-17 13:00:00,3.8,807.0
2023-06-17 14:00:00,3.9,642.0
2023-06-17 15:00:00,2.7,557.0
2023-06-17 16:00:00,1.8,405.0
2023-06-17 17:00:00,0.5,248.0
2023-06-17 18:00:00,3.6,104.0
2023-06-17 19:00:00,6.3,16.0
2023-06-17 20:00:00,6.6,0.0
2023-06-17 21:00:00,7.1,0.0
2023-06-17 22:00:00,5.4,0.0
2023-06-17 23:00:00,3.4,0.0
2023-06-18 00:00:00,6.6,0.0
2023-06-18 01:00:00,5.5,0.0
2023-06-18 02:00:00,4.7,0.0
2023-06-18 03:00:00,5.8,0.0
2023-06-18 04:00:00,4.2,23.0
2023-06-18 05:00:00,3.1,132.0
2023-06-18 06:00:00,2.9,291.0
2023-06-18 07:00:00,3.2,461.0
2023-06-18 08:00:00,4.3,619.0
2023-06-18 09:00:00,6.1,750.0
2023-06-18 10:00:00,7.2,844.0
2023-06-18 11:00:00,6.9,838.0
2023-06-18 12:00:00,9.2,756.0
2023-06-18 13:00:00,9.3,685.0
2023-06-18 14:00:00,8.2,591.0
2023-06-18 15:00:00,9.4,502.0
2023-06-18 16:00:00,8.3,350.0
2023-06-18 17:00:00,5.2,236.0
2023-06-18 18:00:00,5.2,111.0
2023-06-18 19:00:00,7.1,17.0
2023-06-18 20:00:00,8.2,0.0
2023-06-18 21:00:00,8.6,0.0
2023-06-18 22:00:00,8.6,0.0
2023-06-18 23:00:00,7.7,0.0
2023-06-19 00:00:00,10.1,0.0
2023-06-19 01:00:00,9.2,0.0
2023-06-19 02:00:00,7.4,0.0
2023-06-19 03:00:00,4.2,0.0
2023-06-19 04:00:00,3.3,21.0
2023-06-19 05:00:00,2.4,130.0
2023-06-19 06:00:00,0.8,287.0
2023-06-19 07:00:00,1.4,456.0
2023-06-19 08:00:00,4.0,614.0
2023-06-19 09:00:00,5.9,746.0
2023-06-19 10:00:00,6.6,838.0
2023-06-19 11:00:00,7.5,884.0
2023-06-19 12:00:00,6.1,878.0
2023-06-19 13:00:00,6.1,809.0
2023-06-19 14:00:00,5.2,679.0
2023-06-19 15:00:00,4.6,495.0
2023-06-19 16:00:00,13.1,263.0
2023-06-19 17:00:00,2.6,203.0
2023-06-19 18:00:00,1.1,103.0
2023-06-19 19:00:00,5.6,16.0
2023-06-19 20:00:00,6.4,0.0
2023-06-19 21:00:00,5.9,0.0
2023-06-19 22:00:00,7.1,0.0
2023-06-19 23:00:00,6.4,0.0
2023-06-20 00:00:00,6.8,0.0
2023-06-20 01:00:00,5.4,0.0
2023-06-20 02:00:00,6.2,0.0
2023-06-20 03:00:00,5.4,0.0
2023-06-20 04:00:00,5.6,22.0
2023-06-20 05:00:00,6.1,127.0
2023-06-20 06:00:00,3.6,282.0
2023-06-20 07:00:00,3.3,449.0
2023-06-20 08:00:00,5.1,604.0
2023-06-20 09:00:00,6.4,737.0
2023-06-20 10:00:00,7.2,830.0
2023-06-20 11:00:00,8.8,877.0
2023-06-20 12:00:00,7.2,839.0
2023-06-20 13:00:00,6.6,620.0
2023-06-20 14:00:00,5.6,515.0
2023-06-20 15:00:00,6.0,351.0
2023-06-20 16:00:00,3.3,325.0
2023-06-20 17:00:00,4.3,228.0
2023-06-20 18:00:00,9.9,104.0
2023-06-20 19:00:00,6.7,17.0
2023-06-20 20:00:00,5.8,0.0
2023-06-20 21:00:00,5.4,0.0
2023-06-20 22:00:00,5.6,0.0
2023-06-20 23:00:00,3.9,0.0
2023-06-21 00:00:00,5.5,0.0
2023-06-21 01:00:00,5.4,0.0
2023-06-21 02:00:00,5.5,0.0
2023-06-21 03:00:00,6.8,0.0
2023-06-21 04:00:00,5.0,21.0
2023-06-21 05:00:00,6.9,124.0
2023-06-21 06:00:00,3.5,271.0
2023-06-21 07:00:00,4.7,445.0
2023-06-21 08:00:00,5.8,599.0
2023-06-21 09:00:00,5.0,724.0
2023-06-21 10:00:00,4.1,825.0
2023-06-21 11:00:00,3.3,873.0
2023-06-21 12:00:00,4.5,868.0
2023-06-21 13:00:00,5.5,810.0
2023-06-21 14:00:00,3.6,650.0
2023-06-21 15:00:00,5.4,531.0
2023-06-21 16:00:00,4.6,210.0
2023-06-21 17:00:00,5.1,199.0
2023-06-21 18:00:00,6.6,93.0
2023-06-21 19:00:00,6.6,16.0
2023-06-21 20:00:00,6.7,0.0
2023-06-21 21:00:00,4.3,0.0
2023-06-21 22:00:00,4.7,0.0
2023-06-21 23:00:00,4.7,0.0
2023-06-22 00:00:00,6.5,0.0
2023-06-22 01:00:00,10.2,0.0
2023-06-22 02:00:00,11.1,0.0
2023-06-22 03:00:00,8.6,0.0
2023-06-22 04:00:00,6.8,19.0
2023-06-22 05:00:00,5.9,120.0
2023-06-22 06:00:00,2.2,278.0
2023-06-22 07:00:00,2.5,444.0
2023-06-22 08:00:00,2.8,601.0
2023-06-22 09:00:00,5.1,727.0
2023-06-22 10:00:00,5.0,824.0
2023-06-22 11:00:00,5.4,871.0
2023-06-22 12:00:00,5.6,870.0
2023-06-22 13:00:00,4.0,797.0
2023-06-22 14:00:00,3.0,707.0
2023-06-22 15:00:00,2.4,565.0
2023-06-22 16:00:00,2.8,421.0
2023-06-22 17:00:00,2.8,262.0
2023-06-22 18:00:00,3.9,102.0
2023-06-22 19:00:00,6.6,17.0
2023-06-22 20:00:00,2.9,0.0
2023-06-22 21:00:00,4.8,0.0
2023-06-22 22:00:00,5.4,0.0
2023-06-22 23:00:00,5.4,0.0
2023-06-23 00:00:00,6.6,0.0
2023-06-23 01:00:00,4.7,0.0
2023-06-23 02:00:00,4.1,0.0
2023-06-23 03:00:00,5.4,0.0
2023-06-23 04:00:00,4.1,21.0
2023-06-23 05:00:00,2.2,127.0
2023-06-23 06:00:00,4.0,281.0
2023-06-23 07:00:00,4.0,449.0
2023-06-23 08:00:00,4.3,580.0
2023-06-23 09:00:00,4.9,574.0
2023-06-23 10:00:00,1.0,716.0
2023-06-23 11:00:00,10.4,824.0
2023-06-23 12:00:00,14.3,834.0
2023-06-23 13:00:00,14.7,520.0
2023-06-23 14:00:00,3.9,379.0
2023-06-23 15:00:00,11.0,486.0
2023-06-23 16:00:00,23.4,182.0
2023-06-23 17:00:00,18.2,91.0
2023-06-23 18:00:00,10.1,95.0
2023-06-23 19:00:00,13.6,2.0
2023-06-23 20:00:00,14.0,0.0
2023-06-23 21:00:00,5.3,0.0
2023-06-23 22:00:00,8.8,0.0
2023-06-23 23:00:00,4.7,0.0
2023-06-24 00:00:00,6.2,0.0
2023-06-24 01:00:00,4.2,0.0
2023-06-24 02:00:00,1.8,0.0
2023-06-24 03:00:00,4.9,0.0
2023-06-24 04:00:00,2.9,9.0
2023-06-24 05:00:00,4.0,48.0
2023-06-24 06:00:00,4.2,191.0
2023-06-24 07:00:00,5.6,319.0
2023-06-24 08:00:00,8.3,570.0
2023-06-24 09:00:00,13.1,706.0
2023-06-24 10:00:00,13.4,800.0
2023-06-24 11:00:00,17.9,771.0
2023-06-24 12:00:00,13.5,591.0
2023-06-24 13:00:00,13.3,582.0
2023-06-24 14:00:00,15.2,507.0
2023-06-24 15:00:00,7.9,221.0
2023-06-24 16:00:00,4.3,176.0
2023-06-24 17:00:00,6.5,111.0
2023-06-24 18:00:00,1.8,89.0
2023-06-24 19:00:00,4.8,15.0
2023-06-24 20:00:00,6.6,0.0
2023-06-24 21:00:00,5.4,0.0
2023-06-24 22:00:00,4.7,0.0
2023-06-24 23:00:00,6.0,0.0
2023-06-25 00:00:00,5.1,0.0
2023-06-25 01:00:00,2.5,0.0
2023-06-25 02:00:00,4.6,0.0
2023-06-25 03:00:00,3.3,0.0
2023-06-25 04:00:00,4.7,10.0
2023-06-25 05:00:00,5.6,72.0
2023-06-25 06:00:00,5.4,126.0
2023-06-25 07:00:00,6.5,342.0
2023-06-25 08:00:00,11.4,596.0
2023-06-25 09:00:00,16.9,731.0
2023-06-25 10:00:00,16.0,587.0
2023-06-25 11:00:00,15.3,481.0
2023-06-25 12:00:00,17.6,578.0
2023-06-25 13:00:00,16.9,608.0
2023-06-25 14:00:00,14.3,381.0
2023-06-25 15:00:00,14.3,278.0
2023-06-25 16:00:00,14.2,372.0
2023-06-25 17:00:00,8.7,217.0
2023-06-25 18:00:00,5.0,119.0
2023-06-25 19:00:00,6.6,18.0
2023-06-25 20:00:00,5.8,0.0
2023-06-25 21:00:00,3.8,0.0
2023-06-25 22:00:00,1.8,0.0
2023-06-25 23:00:00,4.0,0.0
2023-06-26 00:00:00,7.5,0.0
2023-06-26 01:00:00,8.6,0.0
2023-06-26 02:00:00,9.2,0.0
2023-06-26 03:00:00,9.3,0.0
2023-06-26 04:00:00,9.7,20.0
2023-06-26 05:00:00,9.0,121.0
2023-06-26 06:00:00,5.5,272.0
2023-06-26 07:00:00,3.2,449.0
2023-06-26 08:00:00,1.5,613.0
2023-06-26 09:00:00,0.8,746.0
2023-06-26 10:00:00,1.3,820.0
2023-06-26 11:00:00,1.5,845.0
2023-06-26 12:00:00,6.1,739.0
2023-06-26 13:00:00,6.8,605.0
2023-06-26 14:00:00,5.6,502.0
2023-06-26 15:00:00,5.1,321.0
2023-06-26 16:00:00,5.7,320.0
2023-06-26 17:00:00,5.2,259.0
2023-06-26 18:00:00,5.9,121.0
2023-06-26 19:00:00,6.3,18.0
2023-06-26 20:00:00,5.1,0.0
2023-06-26 21:00:00,3.0,0.0
2023-06-26 22:00:00,2.7,0.0
2023-06-26 23:00:00,6.1,0.0
2023-06-27 00:00:00,10.2,0.0
2023-06-27 01:00:00,10.0,0.0
2023-06-27 02:00:00,10.0,0.0
2023-06-27 03:00:00,6.4,0.0
2023-06-27 04:00:00,4.0,20.0
2023-06-27 05:00:00,6.6,122.0
2023-06-27 06:00:00,5.2,262.0
2023-06-27 07:00:00,4.1,351.0
2023-06-27 08:00:00,10.7,564.0
2023-06-27 09:00:00,12.0,699.0
2023-06-27 10:00:00,11.7,678.0
2023-06-27 11:00:00,8.1,597.0
2023-06-27 12:00:00,9.1,438.0
2023-06-27 13:00:00,17.4,477.0
2023-06-27 14:00:00,15.6,364.0
2023-06-27 15:00:00,16.0,209.0
2023-06-27 16:00:00,14.8,155.0
2023-06-27 17:00:00,14.6,79.0
2023-06-27 18:00:00,11.1,41.0
2023-06-27 19:00:00,8.7,8.0
2023-06-27 20:00:00,3.8,0.0
2023-06-27 21:00:00,1.8,0.0
2023-06-27 22:00:00,1.1,0.0
2023-06-27 23:00:00,1.5,0.0
2023-06-28 00:00:00,4.3,0.0
2023-06-28 01:00:00,4.4,0.0
2023-06-28 02:00:00,5.4,0.0
2023-06-28 03:00:00,2.8,0.0
2023-06-28 04:00:00,1.6,5.0
2023-06-28 05:00:00,1.5,12.0
2023-06-28 06:00:00,5.5,71.0
2023-06-28 07:00:00,10.5,102.0
2023-06-28 08:00:00,4.2,207.0
2023-06-28 09:00:00,4.2,165.0
2023-06-28 10:00:00,4.6,705.0
2023-06-28 11:00:00,4.6,848.0
2023-06-28 12:00:00,3.4,833.0
2023-06-28 13:00:00,1.8,753.0
2023-06-28 14:00:00,0.8,681.0
2023-06-28 15:00:00,2.9,555.0
2023-06-28 16:00:00,4.4,417.0
2023-06-28 17:00:00,5.0,277.0
2023-06-28 18:00:00,5.9,123.0
2023-06-28 19:00:00,8.5,19.0
2023-06-28 20:00:00,2.8,0.0
2023-06-28 21:00:00,1.6,0.0
2023-06-28 22:00:00,2.3,0.0
2023-06-28 23:00:00,4.5,0.0
2023-06-29 00:00:00,3.7,0.0
2023-06-29 01:00:00,6.4,0.0
2023-06-29 02:00:00,5.4,0.0
2023-06-29 03:00:00,5.6,0.0
2023-06-29 04:00:00,6.4,20.0
2023-06-29 05:00:00,6.6,127.0
2023-06-29 06:00:00,3.8,285.0
2023-06-29 07:00:00,3.3,456.0
2023-06-29 08:00:00,3.2,617.0
2023-06-29 09:00:00,3.8,753.0
2023-06-29 10:00:00,5.4,812.0
2023-06-29 11:00:00,8.7,791.0
2023-06-29 12:00:00,4.0,701.0
2023-06-29 13:00:00,5.2,512.0
2023-06-29 14:00:00,7.5,409.0
2023-06-29 15:00:00,9.0,377.0
2023-06-29 16:00:00,8.1,423.0
2023-06-29 17:00:00,5.7,284.0
2023-06-29 18:00:00,6.1,127.0
2023-06-29 19:00:00,9.0,19.0
2023-06-29 20:00:00,9.0,0.0
2023-06-29 21:00:00,7.9,0.0
2023-06-29 22:00:00,7.2,0.0
2023-06-29 23:00:00,5.9,0.0
2023-06-30 00:00:00,5.9,0.0
2023-06-30 01:00:00,5.4,0.0
2023-06-30 02:00:00,6.7,0.0
2023-06-30 03:00:00,5.7,0.0
2023-06-30 04:00:00,3.6,19.0
2023-06-30 05:00:00,3.3,125.0
2023-06-30 06:00:00,3.3,282.0
2023-06-30 07:00:00,4.6,453.0
2023-06-30 08:00:00,5.4,614.0
2023-06-30 09:00:00,7.2,748.0
2023-06-30 10:00:00,8.0,843.0
2023-06-30 11:00:00,9.1,895.0
2023-06-30 12:00:00,11.8,896.0
2023-06-30 13:00:00,12.8,834.0
2023-06-30 14:00:00,12.6,736.0
2023-06-30 15:00:00,12.7,591.0
2023-06-30 16:00:00,7.1,440.0
2023-06-30 17:00:00,6.4,277.0
2023-06-30 18:00:00,10.5,123.0
2023-06-30 19:00:00,6.4,18.0
2023-06-30 20:00:00,5.8,0.0
2023-06-30 21:00:00,6.5,0.0
2023-06-30 22:00:00,4.9,0.0
2023-06-30 23:00:00,5.4,0.0
2023-07-01 00:00:00,4.0,0.0
2023-07-01 01:00:00,1.1,0.0
2023-07-01 02:00:00,3.4,0.0
2023-07-01 03:00:00,5.5,0.0
2023-07-01 04:00:00,2.7,17.0
2023-07-01 05:00:00,3.8,112.0
2023-07-01 06:00:00,2.4,233.0
2023-07-01 07:00:00,3.3,394.0
2023-07-01 08:00:00,4.0,553.0
2023-07-01 09:00:00,3.6,665.0
2023-07-01 10:00:00,4.0,775.0
2023-07-01 11:00:00,1.9,785.0
2023-07-01 12:00:00,6.4,560.0
2023-07-01 13:00:00,2.5,612.0
2023-07-01 14:00:00,5.4,589.0
2023-07-01 15:00:00,7.1,448.0
2023-07-01 16:00:00,7.7,359.0
2023-07-01 17:00:00,8.9,173.0
2023-07-01 18:00:00,9.6,70.0
2023-07-01 19:00:00,7.9,14.0
2023-07-01 20:00:00,7.4,0.0
2023-07-01 21:00:00,6.3,0.0
2023-07-01 22:00:00,5.6,0.0
2023-07-01 23:00:00,5.7,0.0
2023-07-02 00:00:00,6.2,0.0
2023-07-02 01:00:00,6.3,0.0
2023-07-02 02:00:00,2.5,0.0
2023-07-02 03:00:00,3.6,0.0
2023-07-02 04:00:00,2.5,12.0
2023-07-02 05:00:00,7.1,71.0
2023-07-02 06:00:00,3.7,260.0
2023-07-02 07:00:00,4.5,439.0
2023-07-02 08:00:00,5.2,600.0
2023-07-02 09:00:00,2.1,686.0
2023-07-02 10:00:00,0.8,770.0
2023-07-02 11:00:00,1.8,763.0
2023-07-02 12:00:00,4.1,711.0
2023-07-02 13:00:00,3.1,796.0
2023-07-02 14:00:00,1.5,686.0
2023-07-02 15:00:00,2.3,558.0
2023-07-02 16:00:00,2.4,398.0
2023-07-02 17:00:00,2.5,253.0
2023-07-02 18:00:00,5.8,115.0
2023-07-02 19:00:00,4.8,16.0
2023-07-02 20:00:00,4.4,0.0
2023-07-02 21:00:00,5.6,0.0
2023-07-02 22:00:00,7.3,0.0
2023-07-02 23:00:00,6.1,0.0
2023-07-03 00:00:00,9.6,0.0
2023-07-03 01:00:00,9.4,0.0
2023-07-03 02:00:00,7.6,0.0
2023-07-03 03:00:00,6.1,0.0
2023-07-03 04:00:00,6.4,12.0
2023-07-03 05:00:00,8.2,69.0
2023-07-03 06:00:00,7.1,155.0
2023-07-03 07:00:00,6.8,304.0
2023-07-03 08:00:00,8.4,467.0
2023-07-03 09:00:00,8.2,587.0
2023-07-03 10:00:00,6.8,792.0
2023-07-03 11:00:00,7.0,657.0
2023-07-03 12:00:00,10.2,582.0
2023-07-03 13:00:00,8.0,744.0
2023-07-03 14:00:00,8.0,647.0
2023-07-03 15:00:00,6.6,486.0
2023-07-03 16:00:00,6.4,357.0
2023-07-03 17:00:00,6.4,209.0
2023-07-03 18:00:00,4.8,105.0
2023-07-03 19:00:00,5.0,14.0
2023-07-03 20:00:00,6.2,0.0
2023-07-03 21:00:00,8.9,0.0
2023-07-03 22:00:00,10.2,0.0
2023-07-03 23:00:00,9.0,0.0
2023-07-04 00:00:00,7.4,0.0
2023-07-04 01:00:00,9.7,0.0
2023-07-04 02:00:00,3.5,0.0
2023-07-04 03:00:00,6.2,0.0
2023-07-04 04:00:00,2.1,9.0
2023-07-04 05:00:00,3.6,41.0
2023-07-04 06:00:00,1.8,129.0
2023-07-04 07:00:00,1.5,266.0
2023-07-04 08:00:00,3.0,326.0
2023-07-04 09:00:00,4.2,421.0
2023-07-04 10:00:00,4.2,379.0
2023-07-04 11:00:00,2.9,618.0
2023-07-04 12:00:00,1.5,740.0
2023-07-04 13:00:00,0.7,745.0
2023-07-04 14:00:00,2.0,695.0
2023-07-04 15:00:00,2.7,589.0
2023-07-04 16:00:00,5.0,436.0
2023-07-04 17:00:00,4.8,270.0
2023-07-04 18:00:00,4.7,121.0
2023-07-04 19:00:00,6.2,17.0
2023-07-04 20:00:00,5.9,0.0
2023-07-04 21:00:00,5.4,0.0
2023-07-04 22:00:00,5.8,0.0
2023-07-04 23:00:00,5.0,0.0
2023-07-05 00:00:00,5.9,0.0
2023-07-05 01:00:00,3.1,0.0
2023-07-05 02:00:00,4.5,0.0
2023-07-05 03:00:00,1.8,0.0
2023-07-05 04:00:00,1.1,16.0
2023-07-05 05:00:00,2.6,118.0
2023-07-05 06:00:00,0.8,274.0
2023-07-05 07:00:00,3.2,442.0
2023-07-05 08:00:00,4.1,606.0
2023-07-05 09:00:00,4.0,714.0
2023-07-05 10:00:00,5.1,808.0
2023-07-05 11:00:00,5.7,859.0
2023-07-05 12:00:00,5.6,870.0
2023-07-05 13:00:00,6.6,663.0
2023-07-05 14:00:00,3.5,608.0
2023-07-05 15:00:00,3.4,451.0
2023-07-05 16:00:00,7.0,189.0
2023-07-05 17:00:00,4.5,203.0
2023-07-05 18:00:00,5.6,120.0
2023-07-05 19:00:00,5.0,17.0
2023-07-05 20:00:00,5.7,0.0
2023-07-05 21:00:00,9.0,0.0
2023-07-05 22:00:00,9.5,0.0
2023-07-05 23:00:00,7.2,0.0
2023-07-06 00:00:00,7.6,0.0
2023-07-06 01:00:00,12.5,0.0
2023-07-06 02:00:00,9.8,0.0
2023-07-06 03:00:00,8.1,0.0
2023-07-06 04:00:00,5.4,13.0
2023-07-06 05:00:00,6.7,85.0
2023-07-06 06:00:00,3.3,162.0
2023-07-06 07:00:00,3.9,290.0
2023-07-06 08:00:00,4.4,532.0
2023-07-06 09:00:00,4.2,582.0
2023-07-06 10:00:00,5.0,751.0
2023-07-06 11:00:00,6.3,834.0
2023-07-06 12:00:00,10.7,802.0
2023-07-06 13:00:00,10.7,618.0
2023-07-06 14:00:00,11.1,347.0
2023-07-06 15:00:00,10.2,333.0
2023-07-06 16:00:00,8.9,397.0
2023-07-06 17:00:00,7.3,227.0
2023-07-06 18:00:00,4.1,87.0
2023-07-06 19:00:00,5.0,14.0
2023-07-06 20:00:00,4.0,0.0
2023-07-06 21:00:00,4.9,0.0
2023-07-06 22:00:00,8.2,0.0
2023-07-06 23:00:00,8.0,0.0
2023-07-07 00:00:00,4.8,0.0
2023-07-07 01:00:00,7.1,0.0
2023-07-07 02:00:00,9.4,0.0
2023-07-07 03:00:00,8.4,0.0
2023-07-07 04:00:00,6.6,13.0
2023-07-07 05:00:00,5.7,84.0
2023-07-07 06:00:00,5.4,239.0
2023-07-07 07:00:00,6.1,407.0
2023-07-07 08:00:00,8.6,444.0
2023-07-07 09:00:00,9.4,650.0
2023-07-07 10:00:00,9.9,781.0
2023-07-07 11:00:00,10.5,852.0
2023-07-07 12:00:00,9.8,823.0
2023-07-07 13:00:00,9.1,791.0
2023-07-07 14:00:00,6.1,658.0
2023-07-07 15:00:00,2.6,595.0
2023-07-07 16:00:00,2.0,436.0
2023-07-07 17:00:00,1.6,278.0
2023-07-07 18:00:00,4.3,123.0
2023-07-07 19:00:00,6.4,17.0
2023-07-07 20:00:00,6.4,0.0
2023-07-07 21:00:00,5.0,0.0
2023-07-07 22:00:00,5.8,0.0
2023-07-07 23:00:00,6.8,0.0
2023-07-08 00:00:00,7.9,0.0
2023-07-08 01:00:00,8.9,0.0
2023-07-08 02:00:00,9.3,0.0
2023-07-08 03:00:00,6.2,0.0
2023-07-08 04:00:00,4.5,14.0
2023-07-08 05:00:00,4.4,111.0
2023-07-08 06:00:00,1.5,255.0
2023-07-08 07:00:00,1.8,446.0
2023-07-08 08:00:00,4.0,613.0
2023-07-08 09:00:00,4.3,751.0
2023-07-08 10:00:00,4.8,848.0
2023-07-08 11:00:00,6.0,900.0
2023-07-08 12:00:00,4.8,899.0
2023-07-08 13:00:00,2.4,836.0
2023-07-08 14:00:00,2.0,735.0
2023-07-08 15:00:00,2.9,612.0
2023-07-08 16:00:00,2.9,451.0
2023-07-08 17:00:00,3.1,280.0
2023-07-08 18:00:00,4.9,123.0
2023-07-08 19:00:00,7.2,17.0
2023-07-08 20:00:00,6.2,0.0
2023-07-08 21:00:00,6.6,0.0
2023-07-08 22:00:00,6.4,0.0
2023-07-08 23:00:00,7.4,0.0
2023-07-09 00:00:00,7.4,0.0
2023-07-09 01:00:00,7.0,0.0
2023-07-09 02:00:00,5.9,0.0
2023-07-09 03:00:00,6.3,0.0
2023-07-09 04:00:00,4.7,14.0
2023-07-09 05:00:00,1.5,112.0
2023-07-09 06:00:00,1.1,266.0
2023-07-09 07:00:00,1.8,434.0
2023-07-09 08:00:00,2.7,594.0
2023-07-09 09:00:00,4.3,729.0
2023-07-09 10:00:00,4.9,824.0
2023-07-09 11:00:00,5.2,863.0
2023-07-09 12:00:00,4.4,806.0
2023-07-09 13:00:00,4.8,747.0
2023-07-09 14:00:00,6.1,685.0
2023-07-09 15:00:00,5.7,550.0
2023-07-09 16:00:00,5.7,412.0
2023-07-09 17:00:00,5.6,262.0
2023-07-09 18:00:00,5.9,113.0
2023-07-09 19:00:00,8.6,16.0
2023-07-09 20:00:00,6.1,0.0
2023-07-09 21:00:00,7.4,0.0
2023-07-09 22:00:00,4.5,0.0
2023-07-09 23:00:00,4.2,0.0
2023-07-10 00:00:00,5.4,0.0
2023-07-10 01:00:00,2.2,0.0
2023-07-10 02:00:00,1.3,0.0
2023-07-10 03:00:00,2.2,0.0
2023-07-10 04:00:00,3.1,13.0
2023-07-10 05:00:00,2.2,110.0
2023-07-10 06:00:00,2.1,259.0
2023-07-10 07:00:00,1.8,435.0
2023-07-10 08:00:00,4.8,595.0
2023-07-10 09:00:00,6.8,730.0
2023-07-10 10:00:00,7.4,825.0
2023-07-10 11:00:00,7.5,831.0
2023-07-10 12:00:00,9.0,848.0
2023-07-10 13:00:00,6.8,698.0
2023-07-10 14:00:00,6.8,641.0
2023-07-10 15:00:00,6.1,511.0
2023-07-10 16:00:00,4.4,383.0
2023-07-10 17:00:00,3.4,245.0
2023-07-10 18:00:00,4.0,93.0
2023-07-10 19:00:00,8.1,15.0
2023-07-10 20:00:00,8.3,0.0
2023-07-10 21:00:00,4.1,0.0
2023-07-10 22:00:00,2.3,0.0
2023-07-10 23:00:00,3.3,0.0
2023-07-11 00:00:00,2.1,0.0
2023-07-11 01:00:00,7.1,0.0
2023-07-11 02:00:00,6.3,0.0
2023-07-11 03:00:00,6.1,0.0
2023-07-11 04:00:00,5.4,12.0
2023-07-11 05:00:00,6.2,104.0
2023-07-11 06:00:00,1.8,258.0
2023-07-11 07:00:00,1.5,428.0
2023-07-11 08:00:00,2.6,586.0
2023-07-11 09:00:00,3.3,720.0
2023-07-11 10:00:00,4.2,815.0
2023-07-11 11:00:00,4.2,849.0
2023-07-11 12:00:00,3.9,792.0
2023-07-11 13:00:00,3.6,612.0
2023-07-11 14:00:00,1.0,602.0
2023-07-11 15:00:00,1.0,364.0
2023-07-11 16:00:00,2.2,299.0
2023-07-11 17:00:00,0.5,227.0
2023-07-11 18:00:00,3.4,89.0
2023-07-11 19:00:00,4.1,12.0
2023-07-11 20:00:00,1.1,0.0
2023-07-11 21:00:00,1.9,0.0
2023-07-11 22:00:00,2.7,0.0
2023-07-11 23:00:00,4.6,0.0
2023-07-12 00:00:00,6.9,0.0
2023-07-12 01:00:00,7.4,0.0
2023-07-12 02:00:00,9.2,0.0
2023-07-12 03:00:00,5.9,0.0
2023-07-12 04:00:00,6.0,12.0
2023-07-12 05:00:00,6.2,69.0
2023-07-12 06:00:00,9.4,123.0
2023-07-12 07:00:00,5.8,121.0
2023-07-12 08:00:00,8.2,304.0
2023-07-12 09:00:00,12.5,568.0
2023-07-12 10:00:00,11.2,588.0
2023-07-12 11:00:00,13.4,696.0
2023-07-12 12:00:00,17.5,782.0
2023-07-12 13:00:00,13.9,707.0
2023-07-12 14:00:00,15.4,643.0
2023-07-12 15:00:00,17.1,489.0
2023-07-12 16:00:00,15.5,438.0
2023-07-12 17:00:00,13.6,273.0
2023-07-12 18:00:00,13.1,116.0
2023-07-12 19:00:00,9.4,15.0
2023-07-12 20:00:00,7.6,0.0
2023-07-12 21:00:00,7.4,0.0
2023-07-12 22:00:00,5.1,0.0
2023-07-12 23:00:00,5.6,0.0
2023-07-13 00:00:00,2.4,0.0
2023-07-13 01:00:00,5.4,0.0
2023-07-13 02:00:00,3.4,0.0
2023-07-13 03:00:00,10.5,0.0
2023-07-13 04:00:00,11.1,10.0
2023-07-13 05:00:00,10.0,103.0
2023-07-13 06:00:00,7.2,252.0
2023-07-13 07:00:00,4.1,418.0
2023-07-13 08:00:00,1.4,580.0
2023-07-13 09:00:00,1.8,706.0
2023-07-13 10:00:00,3.3,544.0
2023-07-13 11:00:00,7.9,632.0
2023-07-13 12:00:00,9.0,324.0
2023-07-13 13:00:00,10.7,449.0
2023-07-13 14:00:00,7.1,567.0
2023-07-13 15:00:00,6.9,468.0
2023-07-13 16:00:00,15.5,205.0
2023-07-13 17:00:00,15.5,78.0
2023-07-13 18:00:00,9.6,46.0
2023-07-13 19:00:00,2.8,8.0
2023-07-13 20:00:00,1.6,0.0
2023-07-13 21:00:00,5.2,0.0
2023-07-13 22:00:00,7.0,0.0
2023-07-13 23:00:00,6.8,0.0
2023-07-14 00:00:00,5.5,0.0
2023-07-14 01:00:00,4.4,0.0
2023-07-14 02:00:00,4.7,0.0
2023-07-14 03:00:00,5.8,0.0
2023-07-14 04:00:00,6.1,11.0
2023-07-14 05:00:00,5.6,107.0
2023-07-14 06:00:00,4.7,257.0
2023-07-14 07:00:00,2.7,432.0
2023-07-14 08:00:00,1.9,595.0
2023-07-14 09:00:00,2.5,733.0
2023-07-14 10:00:00,4.3,832.0
2023-07-14 11:00:00,6.7,885.0
2023-07-14 12:00:00,7.7,885.0
2023-07-14 13:00:00,6.9,789.0
2023-07-14 14:00:00,5.8,647.0
2023-07-14 15:00:00,4.8,514.0
2023-07-14 16:00:00,3.7,366.0
2023-07-14 17:00:00,4.7,235.0
2023-07-14 18:00:00,5.1,115.0
2023-07-14 19:00:00,2.9,14.0
2023-07-14 20:00:00,0.8,0.0
2023-07-14 21:00:00,1.5,0.0
2023-07-14 22:00:00,3.3,0.0
2023-07-14 23:00:00,4.8,0.0
2023-07-15 00:00:00,5.0,0.0
2023-07-15 01:00:00,4.1,0.0
2023-07-15 02:00:00,4.1,0.0
2023-07-15 03:00:00,4.3,0.0
2023-07-15 04:00:00,3.1,10.0
2023-07-15 05:00:00,2.3,105.0
2023-07-15 06:00:00,0.5,260.0
2023-07-15 07:00:00,2.9,430.0
2023-07-15 08:00:00,5.0,592.0
2023-07-15 09:00:00,5.8,728.0
2023-07-15 10:00:00,5.8,826.0
2023-07-15 11:00:00,5.8,878.0
2023-07-15 12:00:00,6.1,880.0
2023-07-15 13:00:00,5.1,835.0
2023-07-15 14:00:00,4.8,735.0
2023-07-15 15:00:00,5.6,596.0
2023-07-15 16:00:00,4.3,422.0
2023-07-15 17:00:00,2.9,260.0
2023-07-15 18:00:00,4.7,114.0
2023-07-15 19:00:00,7.9,14.0
2023-07-15 20:00:00,5.1,0.0
2023-07-15 21:00:00,2.2,0.0
2023-07-15 22:00:00,5.4,0.0
2023-07-15 23:00:00,6.1,0.0
2023-07-16 00:00:00,5.4,0.0
2023-07-16 01:00:00,6.1,0.0
2023-07-16 02:00:00,6.1,0.0
2023-07-16 03:00:00,5.8,0.0
2023-07-16 04:00:00,3.6,10.0
2023-07-16 05:00:00,4.8,105.0
2023-07-16 06:00:00,3.4,260.0
2023-07-16 07:00:00,2.3,430.0
2023-07-16 08:00:00,2.8,590.0
2023-07-16 09:00:00,6.7,724.0
2023-07-16 10:00:00,11.0,819.0
2023-07-16 11:00:00,9.4,872.0
2023-07-16 12:00:00,8.0,870.0
2023-07-16 13:00:00,6.5,744.0
2023-07-16 14:00:00,5.6,648.0
2023-07-16 15:00:00,6.1,542.0
2023-07-16 16:00:00,6.3,408.0
2023-07-16 17:00:00,4.3,247.0
2023-07-16 18:00:00,3.6,110.0
2023-07-16 19:00:00,6.0,13.0
2023-07-16 20:00:00,6.0,0.0
2023-07-16 21:00:00,7.8,0.0
2023-07-16 22:00:00,6.9,0.0
2023-07-16 23:00:00,5.6,0.0
2023-07-17 00:00:00,4.9,0.0
2023-07-17 01:00:00,3.6,0.0
2023-07-17 02:00:00,1.6,0.0
2023-07-17 03:00:00,1.5,0.0
2023-07-17 04:00:00,1.5,10.0
2023-07-17 05:00:00,1.6,102.0
2023-07-17 06:00:00,1.9,256.0
2023-07-17 07:00:00,1.5,426.0
2023-07-17 08:00:00,2.3,587.0
2023-07-17 09:00:00,2.6,723.0
2023-07-17 10:00:00,4.3,822.0
2023-07-17 11:00:00,6.3,867.0
2023-07-17 12:00:00,3.8,795.0
2023-07-17 13:00:00,4.1,719.0
2023-07-17 14:00:00,5.2,613.0
2023-07-17 15:00:00,5.8,523.0
2023-07-17 16:00:00,14.4,378.0
2023-07-17 17:00:00,12.6,253.0
2023-07-17 18:00:00,8.2,105.0
2023-07-17 19:00:00,7.4,12.0
2023-07-17 20:00:00,6.0,0.0
2023-07-17 21:00:00,5.2,0.0
2023-07-17 22:00:00,4.2,0.0
2023-07-17 23:00:00,4.1,0.0
2023-07-18 00:00:00,12.7,0.0
2023-07-18 01:00:00,4.3,0.0
2023-07-18 02:00:00,6.2,0.0
2023-07-18 03:00:00,6.8,0.0
2023-07-18 04:00:00,10.5,6.0
2023-07-18 05:00:00,7.2,79.0
2023-07-18 06:00:00,5.5,234.0
2023-07-18 07:00:00,6.7,375.0
2023-07-18 08:00:00,7.9,525.0
2023-07-18 09:00:00,9.6,690.0
2023-07-18 10:00:00,10.1,800.0
2023-07-18 11:00:00,10.4,856.0
2023-07-18 12:00:00,11.9,853.0
2023-07-18 13:00:00,8.7,684.0
2023-07-18 14:00:00,5.5,627.0
2023-07-18 15:00:00,4.3,480.0
2023-07-18 16:00:00,5.4,421.0
2023-07-18 17:00:00,4.6,241.0
2023-07-18 18:00:00,6.1,97.0
2023-07-18 19:00:00,17.1,3.0
2023-07-18 20:00:00,8.0,0.0
2023-07-18 21:00:00,6.6,0.0
2023-07-18 22:00:00,9.0,0.0
2023-07-18 23:00:00,4.8,0.0
2023-07-19 00:00:00,6.0,0.0
2023-07-19 01:00:00,11.4,0.0
2023-07-19 02:00:00,11.4,0.0
2023-07-19 03:00:00,5.6,0.0
2023-07-19 04:00:00,6.6,8.0
2023-07-19 05:00:00,8.0,96.0
2023-07-19 06:00:00,4.7,251.0
2023-07-19 07:00:00,2.7,352.0
2023-07-19 08:00:00,4.8,299.0
2023-07-19 09:00:00,3.6,709.0
2023-07-19 10:00:00,2.3,807.0
2023-07-19 11:00:00,3.1,848.0
2023-07-19 12:00:00,1.6,716.0
2023-07-19 13:00:00,12.7,155.0
2023-07-19 14:00:00,8.7,366.0
2023-07-19 15:00:00,8.4,472.0
2023-07-19 16:00:00,5.8,329.0
2023-07-19 17:00:00,1.8,160.0
2023-07-19 18:00:00,3.3,66.0
2023-07-19 19:00:00,3.6,10.0
2023-07-19 20:00:00,3.9,0.0
2023-07-19 21:00:00,5.1,0.0
2023-07-19 22:00:00,3.3,0.0
2023-07-19 23:00:00,2.6,0.0
2023-07-20 00:00:00,11.1,0.0
2023-07-20 01:00:00,1.3,0.0
2023-07-20 02:00:00,2.6,0.0
2023-07-20 03:00:00,3.8,0.0
2023-07-20 04:00:00,0.0,5.0
2023-07-20 05:00:00,4.2,65.0
2023-07-20 06:00:00,2.4,232.0
2023-07-20 07:00:00,1.8,411.0
2023-07-20 08:00:00,1.1,575.0
2023-07-20 09:00:00,4.0,712.0
2023-07-20 10:00:00,10.1,789.0
2023-07-20 11:00:00,10.6,823.0
2023-07-20 12:00:00,7.6,762.0
2023-07-20 13:00:00,8.3,678.0
2023-07-20 14:00:00,10.1,642.0
2023-07-20 15:00:00,11.6,519.0
2023-07-20 16:00:00,9.5,352.0
2023-07-20 17:00:00,4.7,207.0
2023-07-20 18:00:00,5.0,91.0
2023-07-20 19:00:00,5.8,10.0
2023-07-20 20:00:00,7.1,0.0
2023-07-20 21:00:00,7.1,0.0
2023-07-20 22:00:00,6.7,0.0
2023-07-20 23:00:00,5.4,0.0
2023-07-21 00:00:00,7.2,0.0
2023-07-21 01:00:00,6.9,0.0
2023-07-21 02:00:00,6.5,0.0
2023-07-21 03:00:00,4.8,0.0
2023-07-21 04:00:00,5.2,6.0
2023-07-21 05:00:00,4.7,88.0
2023-07-21 06:00:00,3.6,240.0
2023-07-21 07:00:00,3.3,286.0
2023-07-21 08:00:00,2.5,521.0
2023-07-21 09:00:00,1.3,453.0
2023-07-21 10:00:00,2.1,326.0
2023-07-21 11:00:00,7.5,646.0
2023-07-21 12:00:00,8.3,863.0
2023-07-21 13:00:00,5.4,274.0
2023-07-21 14:00:00,3.5,186.0
2023-07-21 15:00:00,4.7,167.0
2023-07-21 16:00:00,5.6,113.0
2023-07-21 17:00:00,0.8,167.0
2023-07-21 18:00:00,1.1,98.0
2023-07-21 19:00:00,4.5,9.0
2023-07-21 20:00:00,4.2,0.0
2023-07-21 21:00:00,4.4,0.0
2023-07-21 22:00:00,4.8,0.0
2023-07-21 23:00:00,6.0,0.0
2023-07-22 00:00:00,2.6,0.0
2023-07-22 01:00:00,3.4,0.0
2023-07-22 02:00:00,3.6,0.0
2023-07-22 03:00:00,5.0,0.0
2023-07-22 04:00:00,3.6,5.0
2023-07-22 05:00:00,3.0,72.0
2023-07-22 06:00:00,0.8,191.0
2023-07-22 07:00:00,4.3,369.0
2023-07-22 08:00:00,6.4,527.0
2023-07-22 09:00:00,7.6,632.0
2023-07-22 10:00:00,9.4,574.0
2023-07-22 11:00:00,10.2,576.0
2023-07-22 12:00:00,12.3,637.0
2023-07-22 13:00:00,11.5,284.0
2023-07-22 14:00:00,12.6,560.0
2023-07-22 15:00:00,9.8,276.0
2023-07-22 16:00:00,7.8,332.0
2023-07-22 17:00:00,11.3,184.0
2023-07-22 18:00:00,4.7,40.0
2023-07-22 19:00:00,6.0,8.0
2023-07-22 20:00:00,6.0,0.0
2023-07-22 21:00:00,5.9,0.0
2023-07-22 22:00:00,5.6,0.0
2023-07-22 23:00:00,4.8,0.0
2023-07-23 00:00:00,3.9,0.0
2023-07-23 01:00:00,4.8,0.0
2023-07-23 02:00:00,5.0,0.0
2023-07-23 03:00:00,4.0,0.0
2023-07-23 04:00:00,3.0,5.0
2023-07-23 05:00:00,2.2,66.0
2023-07-23 06:00:00,0.7,176.0
2023-07-23 07:00:00,3.7,318.0
2023-07-23 08:00:00,5.4,443.0
2023-07-23 09:00:00,6.2,477.0
2023-07-23 10:00:00,5.0,545.0
2023-07-23 11:00:00,5.5,546.0
2023-07-23 12:00:00,6.8,767.0
2023-07-23 13:00:00,8.4,601.0
2023-07-23 14:00:00,9.0,545.0
2023-07-23 15:00:00,8.2,553.0
2023-07-23 16:00:00,7.3,382.0
2023-07-23 17:00:00,6.5,244.0
2023-07-23 18:00:00,4.3,98.0
2023-07-23 19:00:00,6.9,9.0
2023-07-23 20:00:00,7.3,0.0
2023-07-23 21:00:00,6.8,0.0
2023-07-23 22:00:00,4.6,0.0
2023-07-23 23:00:00,6.5,0.0
2023-07-24 00:00:00,6.5,0.0
2023-07-24 01:00:00,5.2,0.0
2023-07-24 02:00:00,4.1,0.0
2023-07-24 03:00:00,3.7,0.0
2023-07-24 04:00:00,3.1,5.0
2023-07-24 05:00:00,3.2,86.0
2023-07-24 06:00:00,1.0,238.0
2023-07-24 07:00:00,1.8,409.0
2023-07-24 08:00:00,6.6,572.0
2023-07-24 09:00:00,8.5,703.0
2023-07-24 10:00:00,9.2,798.0
2023-07-24 11:00:00,11.2,674.0
2023-07-24 12:00:00,13.8,848.0
2023-07-24 13:00:00,11.6,489.0
2023-07-24 14:00:00,11.8,508.0
2023-07-24 15:00:00,17.2,471.0
2023-07-24 16:00:00,13.0,320.0
2023-07-24 17:00:00,7.6,214.0
2023-07-24 18:00:00,6.1,55.0
2023-07-24 19:00:00,4.4,6.0
2023-07-24 20:00:00,5.1,0.0
2023-07-24 21:00:00,6.8,0.0
2023-07-24 22:00:00,8.2,0.0
2023-07-24 23:00:00,13.5,0.0
2023-07-25 00:00:00,8.4,0.0
2023-07-25 01:00:00,5.8,0.0
2023-07-25 02:00:00,12.1,0.0
2023-07-25 03:00:00,9.6,0.0
2023-07-25 04:00:00,1.8,1.0
2023-07-25 05:00:00,8.3,19.0
2023-07-25 06:00:00,12.7,142.0
2023-07-25 07:00:00,5.7,101.0
2023-07-25 08:00:00,8.9,170.0
2023-07-25 09:00:00,8.6,135.0
2023-07-25 10:00:00,5.6,162.0
2023-07-25 11:00:00,8.8,147.0
2023-07-25 12:00:00,4.5,267.0
2023-07-25 13:00:00,11.3,589.0
2023-07-25 14:00:00,5.4,577.0
2023-07-25 15:00:00,7.8,512.0
2023-07-25 16:00:00,5.7,318.0
2023-07-25 17:00:00,9.4,190.0
2023-07-25 18:00:00,7.9,70.0
2023-07-25 19:00:00,1.1,4.0
2023-07-25 20:00:00,6.5,0.0
2023-07-25 21:00:00,9.8,0.0
2023-07-25 22:00:00,5.0,0.0
2023-07-25 23:00:00,8.7,0.0
2023-07-26 00:00:00,4.3,0.0
2023-07-26 01:00:00,7.3,0.0
2023-07-26 02:00:00,6.3,0.0
2023-07-26 03:00:00,4.8,0.0
2023-07-26 04:00:00,6.6,1.0
2023-07-26 05:00:00,8.5,25.0
2023-07-26 06:00:00,10.8,62.0
2023-07-26 07:00:00,12.6,139.0
2023-07-26 08:00:00,9.4,203.0
2023-07-26 09:00:00,9.2,260.0
2023-07-26 10:00:00,13.0,388.0
2023-07-26 11:00:00,7.6,213.0
2023-07-26 12:00:00,4.2,642.0
2023-07-26 13:00:00,11.3,766.0
2023-07-26 14:00:00,12.4,601.0
2023-07-26 15:00:00,11.4,494.0
2023-07-26 16:00:00,9.7,344.0
2023-07-26 17:00:00,5.4,193.0
2023-07-26 18:00:00,4.0,69.0
2023-07-26 19:00:00,4.8,6.0
2023-07-26 20:00:00,4.6,0.0
2023-07-26 21:00:00,4.7,0.0
2023-07-26 22:00:00,5.2,0.0
2023-07-26 23:00:00,5.4,0.0
2023-07-27 00:00:00,5.4,0.0
2023-07-27 01:00:00,3.1,0.0
2023-07-27 02:00:00,3.6,0.0
2023-07-27 03:00:00,4.2,0.0
2023-07-27 04:00:00,2.7,4.0
2023-07-27 05:00:00,3.9,82.0
2023-07-27 06:00:00,1.1,229.0
2023-07-27 07:00:00,2.9,402.0
2023-07-27 08:00:00,5.9,563.0
2023-07-27 09:00:00,6.9,642.0
2023-07-27 10:00:00,8.0,795.0
2023-07-27 11:00:00,9.4,815.0
2023-07-27 12:00:00,8.9,725.0
2023-07-27 13:00:00,10.5,740.0
2023-07-27 14:00:00,9.5,568.0
2023-07-27 15:00:00,4.8,559.0
2023-07-27 16:00:00,4.6,422.0
2023-07-27 17:00:00,4.3,251.0
2023-07-27 18:00:00,5.1,94.0
2023-07-27 19:00:00,6.7,6.0
2023-07-27 20:00:00,5.2,0.0
2023-07-27 21:00:00,3.8,0.0
2023-07-27 22:00:00,3.6,0.0
2023-07-27 23:00:00,4.9,0.0
2023-07-28 00:00:00,3.3,0.0
2023-07-28 01:00:00,4.7,0.0
2023-07-28 02:00:00,4.6,0.0
2023-07-28 03:00:00,3.8,0.0
2023-07-28 04:00:00,3.7,4.0
2023-07-28 05:00:00,3.2,81.0
2023-07-28 06:00:00,1.9,232.0
2023-07-28 07:00:00,4.2,403.0
2023-07-28 08:00:00,7.9,566.0
2023-07-28 09:00:00,9.4,703.0
2023-07-28 10:00:00,12.2,799.0
2023-07-28 11:00:00,16.2,817.0
2023-07-28 12:00:00,17.1,801.0
2023-07-28 13:00:00,16.3,732.0
2023-07-28 14:00:00,16.3,689.0
2023-07-28 15:00:00,16.8,568.0
2023-07-28 16:00:00,15.2,414.0
2023-07-28 17:00:00,11.3,244.0
2023-07-28 18:00:00,8.0,89.0
2023-07-28 19:00:00,6.3,6.0
2023-07-28 20:00:00,5.8,0.0
2023-07-28 21:00:00,5.0,0.0
2023-07-28 22:00:00,4.0,0.0
2023-07-28 23:00:00,4.2,0.0
2023-07-29 00:00:00,7.6,0.0
2023-07-29 01:00:00,6.2,0.0
2023-07-29 02:00:00,4.7,0.0
2023-07-29 03:00:00,4.3,0.0
2023-07-29 04:00:00,5.5,3.0
2023-07-29 05:00:00,8.0,74.0
2023-07-29 06:00:00,7.2,211.0
2023-07-29 07:00:00,6.2,380.0
2023-07-29 08:00:00,5.4,555.0
2023-07-29 09:00:00,6.0,686.0
2023-07-29 10:00:00,5.6,765.0
2023-07-29 11:00:00,4.3,840.0
2023-07-29 12:00:00,7.7,797.0
2023-07-29 13:00:00,9.8,677.0
2023-07-29 14:00:00,8.5,644.0
2023-07-29 15:00:00,6.4,533.0
2023-07-29 16:00:00,5.9,386.0
2023-07-29 17:00:00,5.2,219.0
2023-07-29 18:00:00,6.8,80.0
2023-07-29 19:00:00,6.1,5.0
2023-07-29 20:00:00,7.0,0.0
2023-07-29 21:00:00,6.4,0.0
2023-07-29 22:00:00,5.2,0.0
2023-07-29 23:00:00,4.4,0.0
2023-07-30 00:00:00,4.7,0.0
2023-07-30 01:00:00,4.7,0.0
2023-07-30 02:00:00,7.7,0.0
2023-07-30 03:00:00,10.4,0.0
2023-07-30 04:00:00,7.4,2.0
2023-07-30 05:00:00,6.1,47.0
2023-07-30 06:00:00,7.7,40.0
2023-07-30 07:00:00,10.9,85.0
2023-07-30 08:00:00,5.2,48.0
2023-07-30 09:00:00,8.8,269.0
2023-07-30 10:00:00,4.0,263.0
2023-07-30 11:00:00,6.7,422.0
2023-07-30 12:00:00,4.0,700.0
2023-07-30 13:00:00,4.0,751.0
2023-07-30 14:00:00,3.4,680.0
2023-07-30 15:00:00,4.1,509.0
2023-07-30 16:00:00,5.1,389.0
2023-07-30 17:00:00,3.6,209.0
2023-07-30 18:00:00,2.5,54.0
2023-07-30 19:00:00,4.9,4.0
2023-07-30 20:00:00,4.1,0.0
2023-07-30 21:00:00,2.3,0.0
2023-07-30 22:00:00,0.8,0.0
2023-07-30 23:00:00,2.3,0.0
2023-07-31 00:00:00,4.1,0.0
2023-07-31 01:00:00,4.5,0.0
2023-07-31 02:00:00,3.8,0.0
2023-07-31 03:00:00,4.3,0.0
2023-07-31 04:00:00,4.0,2.0
2023-07-31 05:00:00,3.6,72.0
2023-07-31 06:00:00,4.4,221.0
2023-07-31 07:00:00,6.0,388.0
2023-07-31 08:00:00,8.0,521.0
2023-07-31 09:00:00,8.5,645.0
2023-07-31 10:00:00,8.7,775.0
2023-07-31 11:00:00,8.4,822.0
2023-07-31 12:00:00,8.7,803.0
2023-07-31 13:00:00,9.4,596.0
2023-07-31 14:00:00,9.3,603.0
2023-07-31 15:00:00,9.2,531.0
2023-07-31 16:00:00,7.4,395.0
2023-07-31 17:00:00,4.1,222.0
2023-07-31 18:00:00,5.1,80.0
2023-07-31 19:00:00,5.8,4.0
2023-07-31 20:00:00,5.7,0.0
2023-07-31 21:00:00,7.4,0.0
2023-07-31 22:00:00,7.4,0.0
2023-07-31 23:00:00,5.2,0.0
2023-08-01 00:00:00,7.3,0.0
2023-08-01 01:00:00,5.8,0.0
2023-08-01 02:00:00,4.7,0.0
2023-08-01 03:00:00,4.7,0.0
2023-08-01 04:00:00,5.4,2.0
2023-08-01 05:00:00,3.3,65.0
2023-08-01 06:00:00,4.6,221.0
2023-08-01 07:00:00,6.1,391.0
2023-08-01 08:00:00,6.0,551.0
2023-08-01 09:00:00,7.3,672.0
2023-08-01 10:00:00,7.9,496.0
2023-08-01 11:00:00,7.9,610.0
2023-08-01 12:00:00,6.5,809.0
2023-08-01 13:00:00,7.1,663.0
2023-08-01 14:00:00,6.5,508.0
2023-08-01 15:00:00,3.7,431.0
2023-08-01 16:00:00,2.5,266.0
2023-08-01 17:00:00,21.1,130.0
2023-08-01 18:00:00,19.6,25.0
2023-08-01 19:00:00,13.1,2.0
2023-08-01 20:00:00,3.8,0.0
2023-08-01 21:00:00,6.5,0.0
2023-08-01 22:00:00,7.6,0.0
2023-08-01 23:00:00,4.7,0.0
2023-08-02 00:00:00,7.9,0.0
2023-08-02 01:00:00,6.6,0.0
2023-08-02 02:00:00,3.6,0.0
2023-08-02 03:00:00,3.5,0.0
2023-08-02 04:00:00,5.2,2.0
2023-08-02 05:00:00,3.6,45.0
2023-08-02 06:00:00,2.9,205.0
2023-08-02 07:00:00,2.1,378.0
2023-08-02 08:00:00,2.9,539.0
2023-08-02 09:00:00,5.0,658.0
2023-08-02 10:00:00,6.6,773.0
2023-08-02 11:00:00,10.0,842.0
2023-08-02 12:00:00,10.1,846.0
2023-08-02 13:00:00,9.5,504.0
2023-08-02 14:00:00,6.2,539.0
2023-08-02 15:00:00,6.5,526.0
2023-08-02 16:00:00,8.0,389.0
2023-08-02 17:00:00,6.2,226.0
2023-08-02 18:00:00,4.7,78.0
2023-08-02 19:00:00,5.9,3.0
2023-08-02 20:00:00,6.0,0.0
2023-08-02 21:00:00,6.9,0.0
2023-08-02 22:00:00,6.6,0.0
2023-08-02 23:00:00,6.2,0.0
2023-08-03 00:00:00,11.5,0.0
2023-08-03 01:00:00,12.1,0.0
2023-08-03 02:00:00,8.1,0.0
2023-08-03 03:00:00,7.3,0.0
2023-08-03 04:00:00,3.7,1.0
2023-08-03 05:00:00,3.8,67.0
2023-08-03 06:00:00,3.3,208.0
2023-08-03 07:00:00,5.1,364.0
2023-08-03 08:00:00,6.3,528.0
2023-08-03 09:00:00,11.7,640.0
2023-08-03 10:00:00,15.4,709.0
2023-08-03 11:00:00,15.4,780.0
2023-08-03 12:00:00,15.8,802.0
2023-08-03 13:00:00,17.1,690.0
2023-08-03 14:00:00,17.8,672.0
2023-08-03 15:00:00,14.0,480.0
2023-08-03 16:00:00,10.5,346.0
2023-08-03 17:00:00,7.2,209.0
2023-08-03 18:00:00,9.0,67.0
2023-08-03 19:00:00,8.8,2.0
2023-08-03 20:00:00,7.2,0.0
2023-08-03 21:00:00,7.6,0.0
2023-08-03 22:00:00,7.9,0.0
2023-08-03 23:00:00,10.0,0.0
2023-08-04 00:00:00,7.6,0.0
2023-08-04 01:00:00,6.7,0.0
2023-08-04 02:00:00,3.6,0.0
2023-08-04 03:00:00,7.9,0.0
2023-08-04 04:00:00,7.9,1.0
2023-08-04 05:00:00,7.8,50.0
2023-08-04 06:00:00,8.2,127.0
2023-08-04 07:00:00,8.0,276.0
2023-08-04 08:00:00,9.1,348.0
2023-08-04 09:00:00,5.9,351.0
2023-08-04 10:00:00,5.4,473.0
2023-08-04 11:00:00,2.3,561.0
2023-08-04 12:00:00,13.9,474.0
2023-08-04 13:00:00,12.8,342.0
2023-08-04 14:00:00,9.8,443.0
2023-08-04 15:00:00,9.4,428.0
2023-08-04 16:00:00,9.8,334.0
2023-08-04 17:00:00,7.6,155.0
2023-08-04 18:00:00,7.6,51.0
2023-08-04 19:00:00,8.6,1.0
2023-08-04 20:00:00,10.4,0.0
2023-08-04 21:00:00,15.8,0.0
2023-08-04 22:00:00,11.3,0.0
2023-08-04 23:00:00,13.2,0.0
2023-08-05 00:00:00,11.5,0.0
2023-08-05 01:00:00,8.5,0.0
2023-08-05 02:00:00,15.2,0.0
2023-08-05 03:00:00,17.7,0.0
2023-08-05 04:00:00,12.4,0.0
2023-08-05 05:00:00,11.0,8.0
2023-08-05 06:00:00,8.4,45.0
2023-08-05 07:00:00,9.4,56.0
2023-08-05 08:00:00,9.7,120.0
2023-08-05 09:00:00,12.6,201.0
2023-08-05 10:00:00,15.3,290.0
2023-08-05 11:00:00,13.2,218.0
2023-08-05 12:00:00,4.8,298.0
2023-08-05 13:00:00,5.4,197.0
2023-08-05 14:00:00,5.9,157.0
2023-08-05 15:00:00,10.7,139.0
2023-08-05 16:00:00,9.1,85.0
2023-08-05 17:00:00,7.9,23.0
2023-08-05 18:00:00,8.7,21.0
2023-08-05 19:00:00,5.7,1.0
2023-08-05 20:00:00,5.6,0.0
2023-08-05 21:00:00,3.9,0.0
2023-08-05 22:00:00,3.8,0.0
2023-08-05 23:00:00,4.4,0.0
2023-08-06 00:00:00,4.9,0.0
2023-08-06 01:00:00,4.5,0.0
2023-08-06 02:00:00,4.6,0.0
2023-08-06 03:00:00,4.6,0.0
2023-08-06 04:00:00,5.8,1.0
2023-08-06 05:00:00,7.5,24.0
2023-08-06 06:00:00,6.9,13.0
2023-08-06 07:00:00,6.6,42.0
2023-08-06 08:00:00,4.8,67.0
2023-08-06 09:00:00,5.4,145.0
2023-08-06 10:00:00,6.2,152.0
2023-08-06 11:00:00,7.7,359.0
2023-08-06 12:00:00,9.0,255.0
2023-08-06 13:00:00,8.2,386.0
2023-08-06 14:00:00,9.9,684.0
2023-08-06 15:00:00,9.9,506.0
2023-08-06 16:00:00,9.8,374.0
2023-08-06 17:00:00,8.7,203.0
2023-08-06 18:00:00,6.7,66.0
2023-08-06 19:00:00,4.2,2.0
2023-08-06 20:00:00,6.1,0.0
2023-08-06 21:00:00,0.8,0.0
2023-08-06 22:00:00,3.2,0.0
2023-08-06 23:00:00,5.5,0.0
2023-08-07 00:00:00,2.0,0.0
2023-08-07 01:00:00,5.4,0.0
2023-08-07 02:00:00,4.5,0.0
2023-08-07 03:00:00,7.4,0.0
2023-08-07 04:00:00,7.5,0.0
2023-08-07 05:00:00,5.4,38.0
2023-08-07 06:00:00,2.3,141.0
2023-08-07 07:00:00,3.2,243.0
2023-08-07 08:00:00,2.8,544.0
2023-08-07 09:00:00,3.7,681.0
2023-08-07 10:00:00,6.0,783.0
2023-08-07 11:00:00,5.8,831.0
2023-08-07 12:00:00,2.3,834.0
2023-08-07 13:00:00,5.9,568.0
2023-08-07 14:00:00,7.4,687.0
2023-08-07 15:00:00,3.8,445.0
2023-08-07 16:00:00,7.0,333.0
2023-08-07 17:00:00,3.9,191.0
2023-08-07 18:00:00,5.8,65.0
2023-08-07 19:00:00,6.8,1.0
2023-08-07 20:00:00,4.6,0.0
2023-08-07 21:00:00,4.1,0.0
2023-08-07 22:00:00,4.1,0.0
2023-08-07 23:00:00,3.1,0.0
2023-08-08 00:00:00,6.9,0.0
2023-08-08 01:00:00,5.1,0.0
2023-08-08 02:00:00,3.3,0.0
2023-08-08 03:00:00,3.7,0.0
2023-08-08 04:00:00,4.2,0.0
2023-08-08 05:00:00,4.5,51.0
2023-08-08 06:00:00,4.6,193.0
2023-08-08 07:00:00,5.0,370.0
2023-08-08 08:00:00,6.3,538.0
2023-08-08 09:00:00,7.6,685.0
2023-08-08 10:00:00,8.4,767.0
2023-08-08 11:00:00,9.5,767.0
2023-08-08 12:00:00,10.8,784.0
2023-08-08 13:00:00,9.9,742.0
2023-08-08 14:00:00,9.4,597.0
2023-08-08 15:00:00,6.8,473.0
2023-08-08 16:00:00,6.7,334.0
2023-08-08 17:00:00,6.7,189.0
2023-08-08 18:00:00,5.6,61.0
2023-08-08 19:00:00,5.7,1.0
2023-08-08 20:00:00,7.5,0.0
2023-08-08 21:00:00,6.2,0.0
2023-08-08 22:00:00,4.2,0.0
2023-08-08 23:00:00,5.8,0.0
2023-08-09 00:00:00,7.1,0.0
2023-08-09 01:00:00,7.3,0.0
2023-08-09 02:00:00,6.2,0.0
2023-08-09 03:00:00,4.9,0.0
2023-08-09 04:00:00,3.5,0.0
2023-08-09 05:00:00,2.1,52.0
2023-08-09 06:00:00,1.1,199.0
2023-08-09 07:00:00,2.5,273.0
2023-08-09 08:00:00,4.3,431.0
2023-08-09 09:00:00,5.5,681.0
2023-08-09 10:00:00,6.0,783.0
2023-08-09 11:00:00,5.4,720.0
2023-08-09 12:00:00,4.3,368.0
2023-08-09 13:00:00,6.4,568.0
2023-08-09 14:00:00,5.5,499.0
2023-08-09 15:00:00,1.5,370.0
2023-08-09 16:00:00,7.3,246.0
2023-08-09 17:00:00,5.0,102.0
2023-08-09 18:00:00,5.2,56.0
2023-08-09 19:00:00,5.4,1.0
2023-08-09 20:00:00,6.4,0.0
2023-08-09 21:00:00,4.0,0.0
2023-08-09 22:00:00,6.7,0.0
2023-08-09 23:00:00,5.7,0.0
2023-08-10 00:00:00,4.3,0.0
2023-08-10 01:00:00,1.8,0.0
2023-08-10 02:00:00,4.6,0.0
2023-08-10 03:00:00,3.7,0.0
2023-08-10 04:00:00,1.3,0.0
2023-08-10 05:00:00,4.3,31.0
2023-08-10 06:00:00,2.2,130.0
2023-08-10 07:00:00,1.5,162.0
2023-08-10 08:00:00,0.5,95.0
2023-08-10 09:00:00,2.6,152.0
2023-08-10 10:00:00,3.2,325.0
2023-08-10 11:00:00,2.9,796.0
2023-08-10 12:00:00,3.9,774.0
2023-08-10 13:00:00,2.6,722.0
2023-08-10 14:00:00,3.3,658.0
2023-08-10 15:00:00,4.7,519.0
2023-08-10 16:00:00,5.1,336.0
2023-08-10 17:00:00,3.3,158.0
2023-08-10 18:00:00,6.2,50.0
2023-08-10 19:00:00,5.5,1.0
2023-08-10 20:00:00,5.0,0.0
2023-08-10 21:00:00,4.0,0.0
2023-08-10 22:00:00,3.2,0.0
2023-08-10 23:00:00,3.7,0.0
2023-08-11 00:00:00,4.0,0.0
2023-08-11 01:00:00,3.6,0.0
2023-08-11 02:00:00,3.6,0.0
2023-08-11 03:00:00,1.9,0.0
2023-08-11 04:00:00,0.7,0.0
2023-08-11 05:00:00,1.8,46.0
2023-08-11 06:00:00,1.8,184.0
2023-08-11 07:00:00,2.1,360.0
2023-08-11 08:00:00,1.8,529.0
2023-08-11 09:00:00,2.1,670.0
2023-08-11 10:00:00,0.8,781.0
2023-08-11 11:00:00,3.3,795.0
2023-08-11 12:00:00,8.2,783.0
2023-08-11 13:00:00,11.8,617.0
2023-08-11 14:00:00,10.7,608.0
2023-08-11 15:00:00,5.8,528.0
2023-08-11 16:00:00,7.3,377.0
2023-08-11 17:00:00,5.4,204.0
2023-08-11 18:00:00,3.3,57.0
2023-08-11 19:00:00,3.8,0.0
2023-08-11 20:00:00,6.9,0.0
2023-08-11 21:00:00,4.6,0.0
2023-08-11 22:00:00,2.4,0.0
2023-08-11 23:00:00,5.0,0.0
2023-08-12 00:00:00,1.4,0.0
2023-08-12 01:00:00,3.3,0.0
2023-08-12 02:00:00,4.8,0.0
2023-08-12 03:00:00,6.2,0.0
2023-08-12 04:00:00,5.9,0.0
2023-08-12 05:00:00,3.1,50.0
2023-08-12 06:00:00,2.6,194.0
2023-08-12 07:00:00,0.8,368.0
2023-08-12 08:00:00,3.9,536.0
2023-08-12 09:00:00,5.8,678.0
2023-08-12 10:00:00,6.9,781.0
2023-08-12 11:00:00,6.1,835.0
2023-08-12 12:00:00,5.7,837.0
2023-08-12 13:00:00,4.6,785.0
2023-08-12 14:00:00,4.7,685.0
2023-08-12 15:00:00,5.8,545.0
2023-08-12 16:00:00,5.2,379.0
2023-08-12 17:00:00,4.6,204.0
2023-08-12 18:00:00,7.9,56.0
2023-08-12 19:00:00,7.2,0.0
2023-08-12 20:00:00,5.2,0.0
2023-08-12 21:00:00,4.0,0.0
2023-08-12 22:00:00,2.8,0.0
2023-08-12 23:00:00,2.3,0.0
2023-08-13 00:00:00,4.7,0.0
2023-08-13 01:00:00,3.2,0.0
2023-08-13 02:00:00,1.1,0.0
2023-08-13 03:00:00,0.8,0.0
2023-08-13 04:00:00,2.0,0.0
2023-08-13 05:00:00,1.9,46.0
2023-08-13 06:00:00,1.8,175.0
2023-08-13 07:00:00,2.5,347.0
2023-08-13 08:00:00,4.1,524.0
2023-08-13 09:00:00,5.6,665.0
2023-08-13 10:00:00,5.7,765.0
2023-08-13 11:00:00,6.4,818.0
2023-08-13 12:00:00,6.6,820.0
2023-08-13 13:00:00,7.7,767.0
2023-08-13 14:00:00,7.2,670.0
2023-08-13 15:00:00,6.0,533.0
2023-08-13 16:00:00,5.1,367.0
2023-08-13 17:00:00,3.3,195.0
2023-08-13 18:00:00,6.9,51.0
2023-08-13 19:00:00,3.6,0.0
2023-08-13 20:00:00,2.5,0.0
2023-08-13 21:00:00,2.5,0.0
2023-08-13 22:00:00,1.8,0.0
2023-08-13 23:00:00,4.0,0.0
2023-08-14 00:00:00,3.6,0.0
2023-08-14 01:00:00,1.4,0.0
2023-08-14 02:00:00,1.4,0.0
2023-08-14 03:00:00,2.8,0.0
2023-08-14 04:00:00,4.7,0.0
2023-08-14 05:00:00,1.1,45.0
2023-08-14 06:00:00,1.1,179.0
2023-08-14 07:00:00,1.6,356.0
2023-08-14 08:00:00,3.1,529.0
2023-08-14 09:00:00,3.3,671.0
2023-08-14 10:00:00,5.7,772.0
2023-08-14 11:00:00,7.5,826.0
2023-08-14 12:00:00,7.3,828.0
2023-08-14 13:00:00,6.3,764.0
2023-08-14 14:00:00,4.8,661.0
2023-08-14 15:00:00,3.3,527.0
2023-08-14 16:00:00,1.8,357.0
2023-08-14 17:00:00,2.6,188.0
2023-08-14 18:00:00,1.8,47.0
2023-08-14 19:00:00,4.3,0.0
2023-08-14 20:00:00,5.9,0.0
2023-08-14 21:00:00,4.7,0.0
2023-08-14 22:00:00,4.4,0.0
2023-08-14 23:00:00,4.3,0.0
2023-08-15 00:00:00,5.4,0.0
2023-08-15 01:00:00,5.4,0.0
2023-08-15 02:00:00,4.5,0.0
2023-08-15 03:00:00,5.2,0.0
2023-08-15 04:00:00,5.7,0.0
2023-08-15 05:00:00,2.9,44.0
2023-08-15 06:00:00,3.7,184.0
2023-08-15 07:00:00,2.3,355.0
2023-08-15 08:00:00,2.3,520.0
2023-08-15 09:00:00,3.4,659.0
2023-08-15 10:00:00,5.4,759.0
2023-08-15 11:00:00,8.4,812.0
2023-08-15 12:00:00,8.8,794.0
2023-08-15 13:00:00,8.8,708.0
2023-08-15 14:00:00,8.7,569.0
2023-08-15 15:00:00,10.4,462.0
2023-08-15 16:00:00,8.3,302.0
2023-08-15 17:00:00,6.8,174.0
2023-08-15 18:00:00,6.6,44.0
2023-08-15 19:00:00,5.6,0.0
2023-08-15 20:00:00,7.3,0.0
2023-08-15 21:00:00,5.4,0.0
2023-08-15 22:00:00,5.5,0.0
2023-08-15 23:00:00,3.7,0.0
2023-08-16 00:00:00,5.3,0.0
2023-08-16 01:00:00,4.4,0.0
2023-08-16 02:00:00,3.4,0.0
2023-08-16 03:00:00,3.3,0.0
2023-08-16 04:00:00,3.1,0.0
2023-08-16 05:00:00,0.8,40.0
2023-08-16 06:00:00,3.3,176.0
2023-08-16 07:00:00,1.5,346.0
2023-08-16 08:00:00,1.1,516.0
2023-08-16 09:00:00,3.9,649.0
2023-08-16 10:00:00,5.2,746.0
2023-08-16 11:00:00,7.3,795.0
2023-08-16 12:00:00,6.9,709.0
2023-08-16 13:00:00,8.9,685.0
2023-08-16 14:00:00,12.7,535.0
2023-08-16 15:00:00,11.1,476.0
2023-08-16 16:00:00,8.8,326.0
2023-08-16 17:00:00,4.9,170.0
2023-08-16 18:00:00,5.1,42.0
2023-08-16 19:00:00,5.6,0.0
2023-08-16 20:00:00,5.7,0.0
2023-08-16 21:00:00,4.7,0.0
2023-08-16 22:00:00,4.0,0.0
2023-08-16 23:00:00,2.6,0.0
2023-08-17 00:00:00,4.0,0.0
2023-08-17 01:00:00,4.7,0.0
2023-08-17 02:00:00,3.5,0.0
2023-08-17 03:00:00,4.4,0.0
2023-08-17 04:00:00,3.9,0.0
2023-08-17 05:00:00,6.3,37.0
2023-08-17 06:00:00,5.1,167.0
2023-08-17 07:00:00,3.2,337.0
2023-08-17 08:00:00,1.0,500.0
2023-08-17 09:00:00,1.1,625.0
2023-08-17 10:00:00,3.4,698.0
2023-08-17 11:00:00,3.1,745.0
2023-08-17 12:00:00,0.5,764.0
2023-08-17 13:00:00,2.6,690.0
2023-08-17 14:00:00,4.4,596.0
2023-08-17 15:00:00,5.7,472.0
2023-08-17 16:00:00,4.8,329.0
2023-08-17 17:00:00,2.3,169.0
2023-08-17 18:00:00,3.2,38.0
2023-08-17 19:00:00,5.6,0.0
2023-08-17 20:00:00,5.6,0.0
2023-08-17 21:00:00,6.1,0.0
2023-08-17 22:00:00,6.2,0.0
2023-08-17 23:00:00,3.6,0.0
2023-08-18 00:00:00,5.3,0.0
2023-08-18 01:00:00,7.8,0.0
2023-08-18 02:00:00,6.9,0.0
2023-08-18 03:00:00,7.2,0.0
2023-08-18 04:00:00,5.7,0.0
2023-08-18 05:00:00,6.1,36.0
2023-08-18 06:00:00,4.6,167.0
2023-08-18 07:00:00,4.0,326.0
2023-08-18 08:00:00,1.9,484.0
2023-08-18 09:00:00,1.8,629.0
2023-08-18 10:00:00,1.8,699.0
2023-08-18 11:00:00,1.8,730.0
2023-08-18 12:00:00,1.1,681.0
2023-08-18 13:00:00,0.7,642.0
2023-08-18 14:00:00,2.6,542.0
2023-08-18 15:00:00,3.1,398.0
2023-08-18 16:00:00,4.2,227.0
2023-08-18 17:00:00,3.4,141.0
2023-08-18 18:00:00,5.4,33.0
2023-08-18 19:00:00,5.6,0.0
2023-08-18 20:00:00,3.7,0.0
2023-08-18 21:00:00,3.7,0.0
2023-08-18 22:00:00,4.5,0.0
2023-08-18 23:00:00,4.3,0.0
2023-08-19 00:00:00,3.6,0.0
2023-08-19 01:00:00,3.9,0.0
2023-08-19 02:00:00,4.5,0.0
2023-08-19 03:00:00,6.3,0.0
2023-08-19 04:00:00,5.7,0.0
2023-08-19 05:00:00,5.9,24.0
2023-08-19 06:00:00,2.1,85.0
2023-08-19 07:00:00,2.9,231.0
2023-08-19 08:00:00,4.3,436.0
2023-08-19 09:00:00,3.1,623.0
2023-08-19 10:00:00,4.1,706.0
2023-08-19 11:00:00,6.7,734.0
2023-08-19 12:00:00,5.2,744.0
2023-08-19 13:00:00,9.0,543.0
2023-08-19 14:00:00,9.8,535.0
2023-08-19 15:00:00,8.7,452.0
2023-08-19 16:00:00,9.7,335.0
2023-08-19 17:00:00,5.2,162.0
2023-08-19 18:00:00,6.7,33.0
2023-08-19 19:00:00,5.7,0.0
2023-08-19 20:00:00,3.3,0.0
2023-08-19 21:00:00,1.1,0.0
2023-08-19 22:00:00,2.6,0.0
2023-08-19 23:00:00,3.1,0.0
2023-08-20 00:00:00,3.3,0.0
2023-08-20 01:00:00,5.2,0.0
2023-08-20 02:00:00,2.6,0.0
2023-08-20 03:00:00,4.1,0.0
2023-08-20 04:00:00,5.2,0.0
2023-08-20 05:00:00,3.7,34.0
2023-08-20 06:00:00,3.1,167.0
2023-08-20 07:00:00,3.6,336.0
2023-08-20 08:00:00,4.9,497.0
2023-08-20 09:00:00,4.0,635.0
2023-08-20 10:00:00,6.8,736.0
2023-08-20 11:00:00,8.3,742.0
2023-08-20 12:00:00,8.0,764.0
2023-08-20 13:00:00,8.6,714.0
2023-08-20 14:00:00,10.4,620.0
2023-08-20 15:00:00,10.8,480.0
2023-08-20 16:00:00,10.0,306.0
2023-08-20 17:00:00,6.0,147.0
2023-08-20 18:00:00,5.6,31.0
2023-08-20 19:00:00,5.2,0.0
2023-08-20 20:00:00,5.2,0.0
2023-08-20 21:00:00,4.0,0.0
2023-08-20 22:00:00,3.3,0.0
2023-08-20 23:00:00,4.1,0.0
2023-08-21 00:00:00,7.9,0.0
2023-08-21 01:00:00,6.0,0.0
2023-08-21 02:00:00,6.3,0.0
2023-08-21 03:00:00,6.1,0.0
2023-08-21 04:00:00,6.9,0.0
2023-08-21 05:00:00,6.5,32.0
2023-08-21 06:00:00,4.7,163.0
2023-08-21 07:00:00,4.2,330.0
2023-08-21 08:00:00,3.6,496.0
2023-08-21 09:00:00,1.5,636.0
2023-08-21 10:00:00,2.2,737.0
2023-08-21 11:00:00,3.5,790.0
2023-08-21 12:00:00,6.2,790.0
2023-08-21 13:00:00,6.7,725.0
2023-08-21 14:00:00,7.6,632.0
2023-08-21 15:00:00,7.9,495.0
2023-08-21 16:00:00,6.8,330.0
2023-08-21 17:00:00,4.7,162.0
2023-08-21 18:00:00,7.5,31.0
2023-08-21 19:00:00,6.6,0.0
2023-08-21 20:00:00,3.6,0.0
2023-08-21 21:00:00,4.0,0.0
2023-08-21 22:00:00,4.3,0.0
2023-08-21 23:00:00,5.4,0.0
2023-08-22 00:00:00,5.4,0.0
2023-08-22 01:00:00,5.4,0.0
2023-08-22 02:00:00,4.5,0.0
2023-08-22 03:00:00,6.1,0.0
2023-08-22 04:00:00,6.0,0.0
2023-08-22 05:00:00,4.7,31.0
2023-08-22 06:00:00,3.6,163.0
2023-08-22 07:00:00,1.1,331.0
2023-08-22 08:00:00,1.3,496.0
2023-08-22 09:00:00,1.8,635.0
2023-08-22 10:00:00,3.3,734.0
2023-08-22 11:00:00,3.5,787.0
2023-08-22 12:00:00,3.3,789.0
2023-08-22 13:00:00,3.5,732.0
2023-08-22 14:00:00,5.0,632.0
2023-08-22 15:00:00,5.3,490.0
2023-08-22 16:00:00,3.3,325.0
2023-08-22 17:00:00,2.5,158.0
2023-08-22 18:00:00,6.5,28.0
2023-08-22 19:00:00,7.3,0.0
2023-08-22 20:00:00,4.6,0.0
2023-08-22 21:00:00,3.6,0.0
2023-08-22 22:00:00,4.3,0.0
2023-08-22 23:00:00,3.5,0.0
2023-08-23 00:00:00,1.1,0.0
2023-08-23 01:00:00,5.2,0.0
2023-08-23 02:00:00,5.2,0.0
2023-08-23 03:00:00,6.1,0.0
2023-08-23 04:00:00,5.7,0.0
2023-08-23 05:00:00,3.5,28.0
2023-08-23 06:00:00,4.1,147.0
2023-08-23 07:00:00,1.9,321.0
2023-08-23 08:00:00,3.2,462.0
2023-08-23 09:00:00,2.9,575.0
2023-08-23 10:00:00,1.8,639.0
2023-08-23 11:00:00,3.0,661.0
2023-08-23 12:00:00,4.0,711.0
2023-08-23 13:00:00,5.9,565.0
2023-08-23 14:00:00,6.1,496.0
2023-08-23 15:00:00,3.3,430.0
2023-08-23 16:00:00,1.0,236.0
2023-08-23 17:00:00,1.9,132.0
2023-08-23 18:00:00,6.2,26.0
2023-08-23 19:00:00,5.8,0.0
2023-08-23 20:00:00,6.6,0.0
2023-08-23 21:00:00,5.1,0.0
2023-08-23 22:00:00,4.4,0.0
2023-08-23 23:00:00,5.4,0.0
2023-08-24 00:00:00,10.4,0.0
2023-08-24 01:00:00,6.6,0.0
2023-08-24 02:00:00,7.6,0.0
2023-08-24 03:00:00,8.1,0.0
2023-08-24 04:00:00,5.7,0.0
2023-08-24 05:00:00,6.1,23.0
2023-08-24 06:00:00,5.1,147.0
2023-08-24 07:00:00,1.8,299.0
2023-08-24 08:00:00,2.3,461.0
2023-08-24 09:00:00,3.0,618.0
2023-08-24 10:00:00,2.5,720.0
2023-08-24 11:00:00,2.8,760.0
2023-08-24 12:00:00,6.2,687.0
2023-08-24 13:00:00,6.0,576.0
2023-08-24 14:00:00,5.4,480.0
2023-08-24 15:00:00,4.3,333.0
2023-08-24 16:00:00,5.1,246.0
2023-08-24 17:00:00,4.8,124.0
2023-08-24 18:00:00,5.1,23.0
2023-08-24 19:00:00,5.4,0.0
2023-08-24 20:00:00,7.3,0.0
2023-08-24 21:00:00,5.7,0.0
2023-08-24 22:00:00,4.9,0.0
2023-08-24 23:00:00,4.9,0.0
2023-08-25 00:00:00,5.1,0.0
2023-08-25 01:00:00,4.7,0.0
2023-08-25 02:00:00,4.4,0.0
2023-08-25 03:00:00,6.3,0.0
2023-08-25 04:00:00,1.5,0.0
2023-08-25 05:00:00,2.7,26.0
2023-08-25 06:00:00,0.4,151.0
2023-08-25 07:00:00,1.6,320.0
2023-08-25 08:00:00,1.3,478.0
2023-08-25 09:00:00,3.1,619.0
2023-08-25 10:00:00,3.2,718.0
2023-08-25 11:00:00,3.2,769.0
2023-08-25 12:00:00,3.9,750.0
2023-08-25 13:00:00,6.0,648.0
2023-08-25 14:00:00,4.6,557.0
2023-08-25 15:00:00,1.8,383.0
2023-08-25 16:00:00,3.8,208.0
2023-08-25 17:00:00,5.1,113.0
2023-08-25 18:00:00,7.3,18.0
2023-08-25 19:00:00,6.4,0.0
2023-08-25 20:00:00,3.1,0.0
2023-08-25 21:00:00,2.1,0.0
2023-08-25 22:00:00,1.8,0.0
2023-08-25 23:00:00,1.4,0.0
2023-08-26 00:00:00,5.9,0.0
2023-08-26 01:00:00,4.1,0.0
2023-08-26 02:00:00,2.3,0.0
2023-08-26 03:00:00,5.0,0.0
2023-08-26 04:00:00,2.5,0.0
2023-08-26 05:00:00,0.5,25.0
2023-08-26 06:00:00,1.5,148.0
2023-08-26 07:00:00,2.5,320.0
2023-08-26 08:00:00,4.0,485.0
2023-08-26 09:00:00,4.7,624.0
2023-08-26 10:00:00,7.0,723.0
2023-08-26 11:00:00,8.2,775.0
2023-08-26 12:00:00,10.0,776.0
2023-08-26 13:00:00,8.0,665.0
2023-08-26 14:00:00,7.0,501.0
2023-08-26 15:00:00,7.9,417.0
2023-08-26 16:00:00,4.4,282.0
2023-08-26 17:00:00,5.5,143.0
2023-08-26 18:00:00,8.8,20.0
2023-08-26 19:00:00,8.8,0.0
2023-08-26 20:00:00,9.4,0.0
2023-08-26 21:00:00,8.7,0.0
2023-08-26 22:00:00,8.6,0.0
2023-08-26 23:00:00,6.7,0.0
2023-08-27 00:00:00,6.1,0.0
2023-08-27 01:00:00,3.1,0.0
2023-08-27 02:00:00,5.2,0.0
2023-08-27 03:00:00,2.7,0.0
2023-08-27 04:00:00,2.6,0.0
2023-08-27 05:00:00,3.2,24.0
2023-08-27 06:00:00,5.1,150.0
2023-08-27 07:00:00,4.0,319.0
2023-08-27 08:00:00,4.8,484.0
2023-08-27 09:00:00,4.7,625.0
2023-08-27 10:00:00,6.1,727.0
2023-08-27 11:00:00,7.2,780.0
2023-08-27 12:00:00,8.0,776.0
2023-08-27 13:00:00,6.5,713.0
2023-08-27 14:00:00,5.1,603.0
2023-08-27 15:00:00,4.2,451.0
2023-08-27 16:00:00,10.5,249.0
2023-08-27 17:00:00,6.0,133.0
2023-08-27 18:00:00,1.8,17.0
2023-08-27 19:00:00,4.2,0.0
2023-08-27 20:00:00,6.9,0.0
2023-08-27 21:00:00,5.0,0.0
2023-08-27 22:00:00,6.9,0.0
2023-08-27 23:00:00,7.7,0.0
2023-08-28 00:00:00,4.1,0.0
2023-08-28 01:00:00,3.6,0.0
2023-08-28 02:00:00,6.8,0.0
2023-08-28 03:00:00,9.9,0.0
2023-08-28 04:00:00,12.4,0.0
2023-08-28 05:00:00,11.5,21.0
2023-08-28 06:00:00,10.5,124.0
2023-08-28 07:00:00,10.0,303.0
2023-08-28 08:00:00,11.3,472.0
2023-08-28 09:00:00,10.9,614.0
2023-08-28 10:00:00,14.3,700.0
2023-08-28 11:00:00,8.6,736.0
2023-08-28 12:00:00,9.4,619.0
2023-08-28 13:00:00,11.4,568.0
2023-08-28 14:00:00,14.8,422.0
2023-08-28 15:00:00,18.9,176.0
2023-08-28 16:00:00,15.5,211.0
2023-08-28 17:00:00,9.7,85.0
2023-08-28 18:00:00,8.0,8.0
2023-08-28 19:00:00,9.4,0.0
2023-08-28 20:00:00,8.7,0.0
2023-08-28 21:00:00,5.4,0.0
2023-08-28 22:00:00,4.4,0.0
2023-08-28 23:00:00,4.0,0.0
2023-08-29 00:00:00,4.2,0.0
2023-08-29 01:00:00,10.9,0.0
2023-08-29 02:00:00,3.8,0.0
2023-08-29 03:00:00,6.4,0.0
2023-08-29 04:00:00,3.4,0.0
2023-08-29 05:00:00,9.8,15.0
2023-08-29 06:00:00,6.0,125.0
2023-08-29 07:00:00,4.9,283.0
2023-08-29 08:00:00,8.4,432.0
2023-08-29 09:00:00,4.9,528.0
2023-08-29 10:00:00,2.0,670.0
2023-08-29 11:00:00,1.8,706.0
2023-08-29 12:00:00,4.2,264.0
2023-08-29 13:00:00,2.7,514.0
2023-08-29 14:00:00,10.0,252.0
2023-08-29 15:00:00,10.1,281.0
2023-08-29 16:00:00,2.4,55.0
2023-08-29 17:00:00,8.0,32.0
2023-08-29 18:00:00,7.5,3.0
2023-08-29 19:00:00,8.3,0.0
2023-08-29 20:00:00,12.3,0.0
2023-08-29 21:00:00,9.6,0.0
2023-08-29 22:00:00,9.8,0.0
2023-08-29 23:00:00,9.0,0.0
2023-08-30 00:00:00,9.7,0.0
2023-08-30 01:00:00,9.2,0.0
2023-08-30 02:00:00,12.1,0.0
2023-08-30 03:00:00,4.3,0.0
2023-08-30 04:00:00,3.9,0.0
2023-08-30 05:00:00,4.7,10.0
2023-08-30 06:00:00,6.2,54.0
2023-08-30 07:00:00,7.3,168.0
2023-08-30 08:00:00,6.4,334.0
2023-08-30 09:00:00,10.8,421.0
2023-08-30 10:00:00,10.5,362.0
2023-08-30 11:00:00,6.7,278.0
2023-08-30 12:00:00,9.8,320.0
2023-08-30 13:00:00,9.4,280.0
2023-08-30 14:00:00,9.5,214.0
2023-08-30 15:00:00,10.2,318.0
2023-08-30 16:00:00,9.1,168.0
2023-08-30 17:00:00,5.6,84.0
2023-08-30 18:00:00,4.7,11.0
2023-08-30 19:00:00,5.8,0.0
2023-08-30 20:00:00,3.9,0.0
2023-08-30 21:00:00,3.3,0.0
2023-08-30 22:00:00,3.3,0.0
2023-08-30 23:00:00,3.6,0.0
2023-08-31 00:00:00,5.2,0.0
2023-08-31 01:00:00,6.5,0.0
2023-08-31 02:00:00,9.0,0.0
2023-08-31 03:00:00,9.4,0.0
2023-08-31 04:00:00,9.4,0.0
2023-08-31 05:00:00,7.9,4.0
2023-08-31 06:00:00,5.9,43.0
2023-08-31 07:00:00,6.5,192.0
2023-08-31 08:00:00,4.8,315.0
2023-08-31 09:00:00,1.9,625.0
2023-08-31 10:00:00,3.1,699.0
2023-08-31 11:00:00,4.3,739.0
2023-08-31 12:00:00,4.0,700.0
2023-08-31 13:00:00,5.6,651.0
2023-08-31 14:00:00,4.3,585.0
2023-08-31 15:00:00,4.1,425.0
2023-08-31 16:00:00,2.9,248.0
2023-08-31 17:00:00,4.1,98.0
2023-08-31 18:00:00,5.4,11.0
2023-08-31 19:00:00,6.2,0.0
2023-08-31 20:00:00,6.8,0.0
2023-08-31 21:00:00,5.8,0.0
2023-08-31 22:00:00,4.3,0.0
2023-08-31 23:00:00,3.3,0.0
2023-09-01 00:00:00,4.8,0.0
2023-09-01 01:00:00,2.9,0.0
2023-09-01 02:00:00,3.3,0.0
2023-09-01 03:00:00,2.6,0.0
2023-09-01 04:00:00,3.0,0.0
2023-09-01 05:00:00,1.8,17.0
2023-09-01 06:00:00,2.2,130.0
2023-09-01 07:00:00,3.0,300.0
2023-09-01 08:00:00,3.2,465.0
2023-09-01 09:00:00,4.0,603.0
2023-09-01 10:00:00,5.8,702.0
2023-09-01 11:00:00,5.9,726.0
2023-09-01 12:00:00,7.0,741.0
2023-09-01 13:00:00,8.4,693.0
2023-09-01 14:00:00,8.9,486.0
2023-09-01 15:00:00,7.4,430.0
2023-09-01 16:00:00,5.1,269.0
2023-09-01 17:00:00,4.3,114.0
2023-09-01 18:00:00,1.6,10.0
2023-09-01 19:00:00,1.1,0.0
2023-09-01 20:00:00,5.9,0.0
2023-09-01 21:00:00,5.4,0.0
2023-09-01 22:00:00,3.2,0.0
2023-09-01 23:00:00,7.3,0.0
2023-09-02 00:00:00,6.1,0.0
2023-09-02 01:00:00,3.7,0.0
2023-09-02 02:00:00,3.1,0.0
2023-09-02 03:00:00,2.6,0.0
2023-09-02 04:00:00,3.1,0.0
2023-09-02 05:00:00,2.8,16.0
2023-09-02 06:00:00,3.2,133.0
2023-09-02 07:00:00,0.8,300.0
2023-09-02 08:00:00,1.1,465.0
2023-09-02 09:00:00,1.8,606.0
2023-09-02 10:00:00,1.8,705.0
2023-09-02 11:00:00,3.2,756.0
2023-09-02 12:00:00,3.7,743.0
2023-09-02 13:00:00,3.3,696.0
2023-09-02 14:00:00,4.2,591.0
2023-09-02 15:00:00,4.3,447.0
2023-09-02 16:00:00,2.7,279.0
2023-09-02 17:00:00,1.6,113.0
2023-09-02 18:00:00,3.4,9.0
2023-09-02 19:00:00,5.2,0.0
2023-09-02 20:00:00,5.2,0.0
2023-09-02 21:00:00,3.3,0.0
2023-09-02 22:00:00,1.1,0.0
2023-09-02 23:00:00,2.7,0.0
2023-09-03 00:00:00,2.3,0.0
2023-09-03 01:00:00,4.1,0.0
2023-09-03 02:00:00,5.6,0.0
2023-09-03 03:00:00,5.4,0.0
2023-09-03 04:00:00,5.4,0.0
2023-09-03 05:00:00,4.8,15.0
2023-09-03 06:00:00,6.8,116.0
2023-09-03 07:00:00,5.8,294.0
2023-09-03 08:00:00,5.8,450.0
2023-09-03 09:00:00,8.4,546.0
2023-09-03 10:00:00,13.0,528.0
2023-09-03 11:00:00,14.2,334.0
2023-09-03 12:00:00,5.7,447.0
2023-09-03 13:00:00,7.2,490.0
2023-09-03 14:00:00,9.4,404.0
2023-09-03 15:00:00,9.5,348.0
2023-09-03 16:00:00,7.6,229.0
2023-09-03 17:00:00,6.2,69.0
2023-09-03 18:00:00,5.4,6.0
2023-09-03 19:00:00,6.2,0.0
2023-09-03 20:00:00,4.7,0.0
2023-09-03 21:00:00,5.1,0.0
2023-09-03 22:00:00,5.0,0.0
2023-09-03 23:00:00,7.1,0.0
2023-09-04 00:00:00,9.3,0.0
2023-09-04 01:00:00,9.2,0.0
2023-09-04 02:00:00,8.1,0.0
2023-09-04 03:00:00,7.8,0.0
2023-09-04 04:00:00,9.5,0.0
2023-09-04 05:00:00,11.3,13.0
2023-09-04 06:00:00,10.6,114.0
2023-09-04 07:00:00,13.3,284.0
2023-09-04 08:00:00,14.0,443.0
2023-09-04 09:00:00,16.3,575.0
2023-09-04 10:00:00,18.9,681.0
2023-09-04 11:00:00,20.0,716.0
2023-09-04 12:00:00,20.4,729.0
2023-09-04 13:00:00,22.0,635.0
2023-09-04 14:00:00,18.8,462.0
2023-09-04 15:00:00,17.0,377.0
2023-09-04 16:00:00,15.6,226.0
2023-09-04 17:00:00,15.8,102.0
2023-09-04 18:00:00,13.0,7.0
2023-09-04 19:00:00,12.4,0.0
2023-09-04 20:00:00,14.1,0.0
2023-09-04 21:00:00,14.4,0.0
2023-09-04 22:00:00,14.1,0.0
2023-09-04 23:00:00,13.3,0.0
2023-09-05 00:00:00,14.1,0.0
2023-09-05 01:00:00,13.0,0.0
2023-09-05 02:00:00,12.6,0.0
2023-09-05 03:00:00,12.3,0.0
2023-09-05 04:00:00,11.2,0.0
2023-09-05 05:00:00,10.1,13.0
2023-09-05 06:00:00,10.5,129.0
2023-09-05 07:00:00,11.3,299.0
2023-09-05 08:00:00,13.8,465.0
2023-09-05 09:00:00,14.5,604.0
2023-09-05 10:00:00,14.3,704.0
2023-09-05 11:00:00,14.8,753.0
2023-09-05 12:00:00,17.4,673.0
2023-09-05 13:00:00,16.0,313.0
2023-09-05 14:00:00,16.7,363.0
2023-09-05 15:00:00,14.8,314.0
2023-09-05 16:00:00,10.1,154.0
2023-09-05 17:00:00,6.1,64.0
2023-09-05 18:00:00,5.8,5.0
2023-09-05 19:00:00,7.2,0.0
2023-09-05 20:00:00,8.4,0.0
2023-09-05 21:00:00,8.8,0.0
2023-09-05 22:00:00,8.8,0.0
2023-09-05 23:00:00,8.7,0.0
2023-09-06 00:00:00,8.7,0.0
2023-09-06 01:00:00,8.7,0.0
2023-09-06 02:00:00,8.9,0.0
2023-09-06 03:00:00,8.4,0.0
2023-09-06 04:00:00,8.5,0.0
2023-09-06 05:00:00,8.7,12.0
2023-09-06 06:00:00,7.6,125.0
2023-09-06 07:00:00,5.3,293.0
2023-09-06 08:00:00,3.6,458.0
2023-09-06 09:00:00,4.3,598.0
2023-09-06 10:00:00,6.3,700.0
2023-09-06 11:00:00,10.9,750.0
2023-09-06 12:00:00,10.9,744.0
2023-09-06 13:00:00,12.2,683.0
2023-09-06 14:00:00,13.1,578.0
2023-09-06 15:00:00,12.1,429.0
2023-09-06 16:00:00,8.2,261.0
2023-09-06 17:00:00,6.6,98.0
2023-09-06 18:00:00,8.2,5.0
2023-09-06 19:00:00,9.1,0.0
2023-09-06 20:00:00,8.9,0.0
2023-09-06 21:00:00,8.4,0.0
2023-09-06 22:00:00,7.5,0.0
2023-09-06 23:00:00,6.6,0.0
2023-09-07 00:00:00,6.5,0.0
2023-09-07 01:00:00,5.8,0.0
2023-09-07 02:00:00,5.4,0.0
2023-09-07 03:00:00,5.7,0.0
2023-09-07 04:00:00,6.2,0.0
2023-09-07 05:00:00,6.7,11.0
2023-09-07 06:00:00,6.5,122.0
2023-09-07 07:00:00,4.0,292.0
2023-09-07 08:00:00,4.9,460.0
2023-09-07 09:00:00,6.7,603.0
2023-09-07 10:00:00,10.2,705.0
2023-09-07 11:00:00,13.2,755.0
2023-09-07 12:00:00,12.0,751.0
2023-09-07 13:00:00,11.8,681.0
2023-09-07 14:00:00,12.6,574.0
2023-09-07 15:00:00,11.4,427.0
2023-09-07 16:00:00,7.9,258.0
2023-09-07 17:00:00,6.1,94.0
2023-09-07 18:00:00,8.7,4.0
2023-09-07 19:00:00,11.3,0.0
2023-09-07 20:00:00,10.0,0.0
2023-09-07 21:00:00,8.2,0.0
2023-09-07 22:00:00,7.3,0.0
2023-09-07 23:00:00,6.1,0.0
2023-09-08 00:00:00,6.8,0.0
2023-09-08 01:00:00,5.9,0.0
2023-09-08 02:00:00,5.2,0.0
2023-09-08 03:00:00,5.1,0.0
2023-09-08 04:00:00,6.5,0.0
2023-09-08 05:00:00,6.9,10.0
2023-09-08 06:00:00,7.3,119.0
2023-09-08 07:00:00,4.9,286.0
2023-09-08 08:00:00,4.8,453.0
2023-09-08 09:00:00,4.9,594.0
2023-09-08 10:00:00,5.2,694.0
2023-09-08 11:00:00,8.3,743.0
2023-09-08 12:00:00,11.3,740.0
2023-09-08 13:00:00,10.1,647.0
2023-09-08 14:00:00,10.9,568.0
2023-09-08 15:00:00,10.9,419.0
2023-09-08 16:00:00,7.1,253.0
2023-09-08 17:00:00,6.6,89.0
2023-09-08 18:00:00,6.9,3.0
2023-09-08 19:00:00,6.2,0.0
2023-09-08 20:00:00,6.2,0.0
2023-09-08 21:00:00,5.7,0.0
2023-09-08 22:00:00,5.4,0.0
2023-09-08 23:00:00,4.7,0.0
2023-09-09 00:00:00,5.1,0.0
2023-09-09 01:00:00,5.4,0.0
2023-09-09 02:00:00,4.3,0.0
2023-09-09 03:00:00,5.4,0.0
2023-09-09 04:00:00,5.5,0.0
2023-09-09 05:00:00,5.9,9.0
2023-09-09 06:00:00,7.1,117.0
2023-09-09 07:00:00,4.1,286.0
2023-09-09 08:00:00,1.5,453.0
2023-09-09 09:00:00,1.4,594.0
2023-09-09 10:00:00,5.1,694.0
2023-09-09 11:00:00,9.3,743.0
2023-09-09 12:00:00,9.6,736.0
2023-09-09 13:00:00,8.7,560.0
2023-09-09 14:00:00,10.3,526.0
2023-09-09 15:00:00,10.8,407.0
2023-09-09 16:00:00,7.5,246.0
2023-09-09 17:00:00,6.6,84.0
2023-09-09 18:00:00,6.4,2.0
2023-09-09 19:00:00,7.0,0.0
2023-09-09 20:00:00,6.4,0.0
2023-09-09 21:00:00,6.4,0.0
2023-09-09 22:00:00,2.9,0.0
2023-09-09 23:00:00,3.1,0.0
2023-09-10 00:00:00,4.0,0.0
2023-09-10 01:00:00,5.1,0.0
2023-09-10 02:00:00,6.2,0.0
2023-09-10 03:00:00,4.5,0.0
2023-09-10 04:00:00,7.1,0.0
2023-09-10 05:00:00,6.6,8.0
2023-09-10 06:00:00,3.6,112.0
2023-09-10 07:00:00,1.5,280.0
2023-09-10 08:00:00,1.8,448.0
2023-09-10 09:00:00,1.3,589.0
2023-09-10 10:00:00,1.4,688.0
2023-09-10 11:00:00,4.0,736.0
2023-09-10 12:00:00,5.1,732.0
2023-09-10 13:00:00,5.6,670.0
2023-09-10 14:00:00,5.6,561.0
2023-09-10 15:00:00,5.4,413.0
2023-09-10 16:00:00,3.0,243.0
2023-09-10 17:00:00,3.9,81.0
2023-09-10 18:00:00,3.7,2.0
2023-09-10 19:00:00,4.2,0.0
2023-09-10 20:00:00,4.4,0.0
2023-09-10 21:00:00,4.7,0.0
2023-09-10 22:00:00,3.6,0.0
2023-09-10 23:00:00,2.9,0.0
2023-09-11 00:00:00,2.3,0.0
2023-09-11 01:00:00,5.2,0.0
2023-09-11 02:00:00,6.2,0.0
2023-09-11 03:00:00,5.8,0.0
2023-09-11 04:00:00,5.0,0.0
2023-09-11 05:00:00,5.1,8.0
2023-09-11 06:00:00,2.4,112.0
2023-09-11 07:00:00,1.5,280.0
2023-09-11 08:00:00,0.4,448.0
2023-09-11 09:00:00,2.7,589.0
2023-09-11 10:00:00,4.7,688.0
2023-09-11 11:00:00,5.9,737.0
2023-09-11 12:00:00,5.9,731.0
2023-09-11 13:00:00,5.5,668.0
2023-09-11 14:00:00,4.8,558.0
2023-09-11 15:00:00,4.0,409.0
2023-09-11 16:00:00,3.5,238.0
2023-09-11 17:00:00,4.0,77.0
2023-09-11 18:00:00,2.4,1.0
2023-09-11 19:00:00,3.3,0.0
2023-09-11 20:00:00,2.9,0.0
2023-09-11 21:00:00,4.0,0.0
2023-09-11 22:00:00,4.0,0.0
2023-09-11 23:00:00,4.8,0.0
2023-09-12 00:00:00,5.6,0.0
2023-09-12 01:00:00,5.5,0.0
2023-09-12 02:00:00,5.2,0.0
2023-09-12 03:00:00,6.2,0.0
2023-09-12 04:00:00,5.4,0.0
2023-09-12 05:00:00,4.9,7.0
2023-09-12 06:00:00,4.2,107.0
2023-09-12 07:00:00,2.6,276.0
2023-09-12 08:00:00,1.9,444.0
2023-09-12 09:00:00,2.6,584.0
2023-09-12 10:00:00,3.1,683.0
2023-09-12 11:00:00,4.8,730.0
2023-09-12 12:00:00,8.2,723.0
2023-09-12 13:00:00,8.4,651.0
2023-09-12 14:00:00,9.6,546.0
2023-09-12 15:00:00,7.2,387.0
2023-09-12 16:00:00,4.3,230.0
2023-09-12 17:00:00,8.0,73.0
2023-09-12 18:00:00,8.9,1.0
2023-09-12 19:00:00,7.0,0.0
2023-09-12 20:00:00,6.8,0.0
2023-09-12 21:00:00,7.2,0.0
2023-09-12 22:00:00,6.9,0.0
2023-09-12 23:00:00,6.4,0.0
2023-09-13 00:00:00,5.2,0.0
2023-09-13 01:00:00,5.6,0.0
2023-09-13 02:00:00,3.4,0.0
2023-09-13 03:00:00,3.7,0.0
2023-09-13 04:00:00,4.6,0.0
2023-09-13 05:00:00,4.7,6.0
2023-09-13 06:00:00,4.2,104.0
2023-09-13 07:00:00,1.3,270.0
2023-09-13 08:00:00,2.1,432.0
2023-09-13 09:00:00,2.9,564.0
2023-09-13 10:00:00,4.1,651.0
2023-09-13 11:00:00,4.3,604.0
2023-09-13 12:00:00,6.7,554.0
2023-09-13 13:00:00,7.9,540.0
2023-09-13 14:00:00,7.2,463.0
2023-09-13 15:00:00,6.6,296.0
2023-09-13 16:00:00,5.1,166.0
2023-09-13 17:00:00,6.7,51.0
2023-09-13 18:00:00,5.3,0.0
2023-09-13 19:00:00,5.2,0.0
2023-09-13 20:00:00,5.2,0.0
2023-09-13 21:00:00,8.2,0.0
2023-09-13 22:00:00,10.4,0.0
2023-09-13 23:00:00,10.2,0.0
2023-09-14 00:00:00,5.5,0.0
2023-09-14 01:00:00,4.7,0.0
2023-09-14 02:00:00,4.1,0.0
2023-09-14 03:00:00,3.4,0.0
2023-09-14 04:00:00,5.8,0.0
2023-09-14 05:00:00,4.3,4.0
2023-09-14 06:00:00,4.3,86.0
2023-09-14 07:00:00,1.8,242.0
2023-09-14 08:00:00,0.8,359.0
2023-09-14 09:00:00,4.1,457.0
2023-09-14 10:00:00,3.1,491.0
2023-09-14 11:00:00,7.1,553.0
2023-09-14 12:00:00,2.2,239.0
2023-09-14 13:00:00,6.1,383.0
2023-09-14 14:00:00,6.3,149.0
2023-09-14 15:00:00,2.3,177.0
2023-09-14 16:00:00,4.5,150.0
2023-09-14 17:00:00,5.2,47.0
2023-09-14 18:00:00,5.1,0.0
2023-09-14 19:00:00,4.1,0.0
2023-09-14 20:00:00,4.0,0.0
2023-09-14 21:00:00,4.0,0.0
2023-09-14 22:00:00,4.0,0.0
2023-09-14 23:00:00,4.0,0.0
2023-09-15 00:00:00,3.3,0.0
2023-09-15 01:00:00,3.8,0.0
2023-09-15 02:00:00,2.3,0.0
2023-09-15 03:00:00,2.5,0.0
2023-09-15 04:00:00,2.5,0.0
2023-09-15 05:00:00,5.0,4.0
2023-09-15 06:00:00,4.3,93.0
2023-09-15 07:00:00,3.3,250.0
2023-09-15 08:00:00,2.8,401.0
2023-09-15 09:00:00,4.8,534.0
2023-09-15 10:00:00,4.4,653.0
2023-09-15 11:00:00,5.8,683.0
2023-09-15 12:00:00,3.1,563.0
2023-09-15 13:00:00,4.0,610.0
2023-09-15 14:00:00,4.9,461.0
2023-09-15 15:00:00,6.5,322.0
2023-09-15 16:00:00,4.5,182.0
2023-09-15 17:00:00,6.8,49.0
2023-09-15 18:00:00,5.7,0.0
2023-09-15 19:00:00,4.9,0.0
2023-09-15 20:00:00,5.7,0.0
2023-09-15 21:00:00,5.5,0.0
2023-09-15 22:00:00,4.1,0.0
2023-09-15 23:00:00,4.0,0.0
2023-09-16 00:00:00,4.0,0.0
2023-09-16 01:00:00,6.0,0.0
2023-09-16 02:00:00,5.6,0.0
2023-09-16 03:00:00,5.2,0.0
2023-09-16 04:00:00,5.8,0.0
2023-09-16 05:00:00,5.1,3.0
2023-09-16 06:00:00,3.6,79.0
2023-09-16 07:00:00,2.3,241.0
2023-09-16 08:00:00,2.7,402.0
2023-09-16 09:00:00,3.6,539.0
2023-09-16 10:00:00,7.1,642.0
2023-09-16 11:00:00,8.7,661.0
2023-09-16 12:00:00,6.5,638.0
2023-09-16 13:00:00,7.1,589.0
2023-09-16 14:00:00,7.6,488.0
2023-09-16 15:00:00,7.6,346.0
2023-09-16 16:00:00,5.1,195.0
2023-09-16 17:00:00,5.9,54.0
2023-09-16 18:00:00,5.8,0.0
2023-09-16 19:00:00,5.4,0.0
2023-09-16 20:00:00,5.8,0.0
2023-09-16 21:00:00,7.2,0.0
2023-09-16 22:00:00,3.6,0.0
2023-09-16 23:00:00,4.0,0.0
2023-09-17 00:00:00,3.2,0.0
2023-09-17 01:00:00,2.2,0.0
2023-09-17 02:00:00,2.9,0.0
2023-09-17 03:00:00,0.8,0.0
2023-09-17 04:00:00,4.1,0.0
2023-09-17 05:00:00,3.7,3.0
2023-09-17 06:00:00,0.4,87.0
2023-09-17 07:00:00,2.3,246.0
2023-09-17 08:00:00,2.3,411.0
2023-09-17 09:00:00,4.5,549.0
2023-09-17 10:00:00,5.5,644.0
2023-09-17 11:00:00,6.3,682.0
2023-09-17 12:00:00,2.9,653.0
2023-09-17 13:00:00,4.0,550.0
2023-09-17 14:00:00,6.1,467.0
2023-09-17 15:00:00,5.6,293.0
2023-09-17 16:00:00,2.6,171.0
2023-09-17 17:00:00,2.8,45.0
2023-09-17 18:00:00,2.3,0.0
2023-09-17 19:00:00,3.6,0.0
2023-09-17 20:00:00,6.3,0.0
2023-09-17 21:00:00,8.0,0.0
2023-09-17 22:00:00,6.4,0.0
2023-09-17 23:00:00,5.5,0.0
2023-09-18 00:00:00,5.5,0.0
2023-09-18 01:00:00,7.3,0.0
2023-09-18 02:00:00,6.1,0.0
2023-09-18 03:00:00,6.5,0.0
2023-09-18 04:00:00,1.8,0.0
2023-09-18 05:00:00,2.0,3.0
2023-09-18 06:00:00,0.5,74.0
2023-09-18 07:00:00,1.5,201.0
2023-09-18 08:00:00,4.3,402.0
2023-09-18 09:00:00,6.6,518.0
2023-09-18 10:00:00,8.4,625.0
2023-09-18 11:00:00,9.8,652.0
2023-09-18 12:00:00,10.5,638.0
2023-09-18 13:00:00,12.5,458.0
2023-09-18 14:00:00,13.2,365.0
2023-09-18 15:00:00,13.8,169.0
2023-09-18 16:00:00,14.3,144.0
2023-09-18 17:00:00,14.5,31.0
2023-09-18 18:00:00,15.1,0.0
2023-09-18 19:00:00,16.1,0.0
2023-09-18 20:00:00,15.8,0.0
2023-09-18 21:00:00,16.7,0.0
2023-09-18 22:00:00,15.2,0.0
2023-09-18 23:00:00,12.0,0.0
2023-09-19 00:00:00,10.7,0.0
2023-09-19 01:00:00,17.4,0.0
2023-09-19 02:00:00,10.9,0.0
2023-09-19 03:00:00,9.8,0.0
2023-09-19 04:00:00,5.7,0.0
2023-09-19 05:00:00,8.2,3.0
2023-09-19 06:00:00,10.0,73.0
2023-09-19 07:00:00,9.9,166.0
2023-09-19 08:00:00,7.4,324.0
2023-09-19 09:00:00,4.5,446.0
2023-09-19 10:00:00,3.6,437.0
2023-09-19 11:00:00,5.4,469.0
2023-09-19 12:00:00,10.6,579.0
2023-09-19 13:00:00,8.2,530.0
2023-09-19 14:00:00,6.2,483.0
2023-09-19 15:00:00,6.0,351.0
2023-09-19 16:00:00,2.8,186.0
2023-09-19 17:00:00,4.4,43.0
2023-09-19 18:00:00,4.3,0.0
2023-09-19 19:00:00,4.6,0.0
2023-09-19 20:00:00,5.2,0.0
2023-09-19 21:00:00,3.1,0.0
2023-09-19 22:00:00,4.2,0.0
2023-09-19 23:00:00,6.1,0.0
2023-09-20 00:00:00,4.6,0.0
2023-09-20 01:00:00,3.2,0.0
2023-09-20 02:00:00,5.6,0.0
2023-09-20 03:00:00,2.7,0.0
2023-09-20 04:00:00,2.9,0.0
2023-09-20 05:00:00,2.4,2.0
2023-09-20 06:00:00,1.1,83.0
2023-09-20 07:00:00,1.8,244.0
2023-09-20 08:00:00,4.0,403.0
2023-09-20 09:00:00,5.8,521.0
2023-09-20 10:00:00,7.6,576.0
2023-09-20 11:00:00,4.8,546.0
2023-09-20 12:00:00,6.5,604.0
2023-09-20 13:00:00,7.0,460.0
2023-09-20 14:00:00,6.4,398.0
2023-09-20 15:00:00,6.4,329.0
2023-09-20 16:00:00,4.2,175.0
2023-09-20 17:00:00,6.1,39.0
2023-09-20 18:00:00,6.1,0.0
2023-09-20 19:00:00,6.5,0.0
2023-09-20 20:00:00,7.2,0.0
2023-09-20 21:00:00,7.0,0.0
2023-09-20 22:00:00,7.4,0.0
2023-09-20 23:00:00,7.2,0.0
2023-09-21 00:00:00,6.4,0.0
2023-09-21 01:00:00,6.9,0.0
2023-09-21 02:00:00,7.4,0.0
2023-09-21 03:00:00,6.2,0.0
2023-09-21 04:00:00,7.6,0.0
2023-09-21 05:00:00,7.0,2.0
2023-09-21 06:00:00,7.4,76.0
2023-09-21 07:00:00,6.6,199.0
2023-09-21 08:00:00,8.1,383.0
2023-09-21 09:00:00,12.0,462.0
2023-09-21 10:00:00,11.8,622.0
2023-09-21 11:00:00,13.9,665.0
2023-09-21 12:00:00,12.4,544.0
2023-09-21 13:00:00,12.4,221.0
2023-09-21 14:00:00,11.5,383.0
2023-09-21 15:00:00,11.9,265.0
2023-09-21 16:00:00,9.4,163.0
2023-09-21 17:00:00,7.6,35.0
2023-09-21 18:00:00,11.5,0.0
2023-09-21 19:00:00,11.3,0.0
2023-09-21 20:00:00,10.2,0.0
2023-09-21 21:00:00,10.7,0.0
2023-09-21 22:00:00,8.4,0.0
2023-09-21 23:00:00,7.9,0.0
2023-09-22 00:00:00,8.0,0.0
2023-09-22 01:00:00,10.6,0.0
2023-09-22 02:00:00,8.4,0.0
2023-09-22 03:00:00,6.3,0.0
2023-09-22 04:00:00,6.8,0.0
2023-09-22 05:00:00,5.5,1.0
2023-09-22 06:00:00,6.8,71.0
2023-09-22 07:00:00,6.3,219.0
2023-09-22 08:00:00,6.6,351.0
2023-09-22 09:00:00,8.0,510.0
2023-09-22 10:00:00,12.6,576.0
2023-09-22 11:00:00,15.8,630.0
2023-09-22 12:00:00,12.2,575.0
2023-09-22 13:00:00,13.1,545.0
2023-09-22 14:00:00,13.9,404.0
2023-09-22 15:00:00,12.7,229.0
2023-09-22 16:00:00,4.8,159.0
2023-09-22 17:00:00,6.4,27.0
2023-09-22 18:00:00,3.8,0.0
2023-09-22 19:00:00,6.6,0.0
2023-09-22 20:00:00,6.2,0.0
2023-09-22 21:00:00,13.2,0.0
2023-09-22 22:00:00,9.9,0.0
2023-09-22 23:00:00,10.8,0.0
2023-09-23 00:00:00,6.2,0.0
2023-09-23 01:00:00,5.1,0.0
2023-09-23 02:00:00,5.4,0.0
2023-09-23 03:00:00,5.7,0.0
2023-09-23 04:00:00,5.2,0.0
2023-09-23 05:00:00,3.7,0.0
2023-09-23 06:00:00,3.3,4.0
2023-09-23 07:00:00,2.9,43.0
2023-09-23 08:00:00,3.3,158.0
2023-09-23 09:00:00,8.2,209.0
2023-09-23 10:00:00,9.1,228.0
2023-09-23 11:00:00,11.3,130.0
2023-09-23 12:00:00,9.3,129.0
2023-09-23 13:00:00,11.9,166.0
2023-09-23 14:00:00,15.9,144.0
2023-09-23 15:00:00,15.9,106.0
2023-09-23 16:00:00,21.1,43.0
2023-09-23 17:00:00,17.9,10.0
2023-09-23 18:00:00,15.6,0.0
2023-09-23 19:00:00,13.3,0.0
2023-09-23 20:00:00,14.6,0.0
2023-09-23 21:00:00,17.8,0.0
2023-09-23 22:00:00,15.1,0.0
2023-09-23 23:00:00,16.6,0.0
2023-09-24 00:00:00,7.9,0.0
2023-09-24 01:00:00,12.6,0.0
2023-09-24 02:00:00,16.7,0.0
2023-09-24 03:00:00,16.2,0.0
2023-09-24 04:00:00,14.5,0.0
2023-09-24 05:00:00,17.5,0.0
2023-09-24 06:00:00,20.8,8.0
2023-09-24 07:00:00,21.5,34.0
2023-09-24 08:00:00,21.7,53.0
2023-09-24 09:00:00,22.5,118.0
2023-09-24 10:00:00,18.2,149.0
2023-09-24 11:00:00,19.4,133.0
2023-09-24 12:00:00,19.9,152.0
2023-09-24 13:00:00,21.1,229.0
2023-09-24 14:00:00,22.8,135.0
2023-09-24 15:00:00,16.9,124.0
2023-09-24 16:00:00,19.1,71.0
2023-09-24 17:00:00,19.5,8.0
2023-09-24 18:00:00,19.9,0.0
2023-09-24 19:00:00,19.9,0.0
2023-09-24 20:00:00,18.9,0.0
2023-09-24 21:00:00,19.1,0.0
2023-09-24 22:00:00,17.8,0.0
2023-09-24 23:00:00,15.9,0.0
2023-09-25 00:00:00,16.2,0.0
2023-09-25 01:00:00,15.1,0.0
2023-09-25 02:00:00,15.5,0.0
2023-09-25 03:00:00,12.0,0.0
2023-09-25 04:00:00,14.1,0.0
2023-09-25 05:00:00,12.2,1.0
2023-09-25 06:00:00,13.0,43.0
2023-09-25 07:00:00,12.2,44.0
2023-09-25 08:00:00,11.5,98.0
2023-09-25 09:00:00,11.2,136.0
2023-09-25 10:00:00,11.9,201.0
2023-09-25 11:00:00,18.4,208.0
2023-09-25 12:00:00,15.3,267.0
2023-09-25 13:00:00,16.3,160.0
2023-09-25 14:00:00,12.1,70.0
2023-09-25 15:00:00,10.6,69.0
2023-09-25 16:00:00,9.4,54.0
2023-09-25 17:00:00,9.5,11.0
2023-09-25 18:00:00,8.5,0.0
2023-09-25 19:00:00,9.6,0.0
2023-09-25 20:00:00,10.1,0.0
2023-09-25 21:00:00,9.4,0.0
2023-09-25 22:00:00,10.1,0.0
2023-09-25 23:00:00,8.9,0.0
2023-09-26 00:00:00,7.7,0.0
2023-09-26 01:00:00,7.7,0.0
2023-09-26 02:00:00,9.2,0.0
2023-09-26 03:00:00,10.3,0.0
2023-09-26 04:00:00,10.2,0.0
2023-09-26 05:00:00,9.2,0.0
2023-09-26 06:00:00,10.0,63.0
2023-09-26 07:00:00,7.8,217.0
2023-09-26 08:00:00,5.9,377.0
2023-09-26 09:00:00,6.8,468.0
2023-09-26 10:00:00,8.4,549.0
2023-09-26 11:00:00,10.7,649.0
2023-09-26 12:00:00,11.7,625.0
2023-09-26 13:00:00,11.4,473.0
2023-09-26 14:00:00,9.4,421.0
2023-09-26 15:00:00,6.8,311.0
2023-09-26 16:00:00,4.6,155.0
2023-09-26 17:00:00,8.7,24.0
2023-09-26 18:00:00,9.7,0.0
2023-09-26 19:00:00,6.7,0.0
2023-09-26 20:00:00,5.9,0.0
2023-09-26 21:00:00,8.0,0.0
2023-09-26 22:00:00,7.6,0.0
2023-09-26 23:00:00,7.6,0.0
2023-09-27 00:00:00,10.4,0.0
2023-09-27 01:00:00,6.4,0.0
2023-09-27 02:00:00,6.1,0.0
2023-09-27 03:00:00,6.5,0.0
2023-09-27 04:00:00,5.8,0.0
2023-09-27 05:00:00,5.8,0.0
2023-09-27 06:00:00,5.9,65.0
2023-09-27 07:00:00,5.4,220.0
2023-09-27 08:00:00,7.9,380.0
2023-09-27 09:00:00,8.9,513.0
2023-09-27 10:00:00,10.8,613.0
2023-09-27 11:00:00,10.9,658.0
2023-09-27 12:00:00,12.5,648.0
2023-09-27 13:00:00,12.3,575.0
2023-09-27 14:00:00,12.0,463.0
2023-09-27 15:00:00,11.3,314.0
2023-09-27 16:00:00,11.0,150.0
2023-09-27 17:00:00,6.4,21.0
2023-09-27 18:00:00,6.2,0.0
2023-09-27 19:00:00,6.6,0.0
2023-09-27 20:00:00,5.7,0.0
2023-09-27 21:00:00,5.1,0.0
2023-09-27 22:00:00,4.3,0.0
2023-09-27 23:00:00,5.0,0.0
2023-09-28 00:00:00,6.5,0.0
2023-09-28 01:00:00,7.2,0.0
2023-09-28 02:00:00,6.1,0.0
2023-09-28 03:00:00,5.8,0.0
2023-09-28 04:00:00,6.1,0.0
2023-09-28 05:00:00,5.8,0.0
2023-09-28 06:00:00,4.2,63.0
2023-09-28 07:00:00,2.7,219.0
2023-09-28 08:00:00,2.6,381.0
2023-09-28 09:00:00,4.7,518.0
2023-09-28 10:00:00,5.5,613.0
2023-09-28 11:00:00,6.4,657.0
2023-09-28 12:00:00,7.3,645.0
2023-09-28 13:00:00,6.8,572.0
2023-09-28 14:00:00,8.2,456.0
2023-09-28 15:00:00,6.4,307.0
2023-09-28 16:00:00,6.9,145.0
2023-09-28 17:00:00,8.7,19.0
2023-09-28 18:00:00,8.3,0.0
2023-09-28 19:00:00,7.4,0.0
2023-09-28 20:00:00,6.9,0.0
2023-09-28 21:00:00,6.6,0.0
2023-09-28 22:00:00,6.0,0.0
2023-09-28 23:00:00,5.6,0.0
2023-09-29 00:00:00,5.9,0.0
2023-09-29 01:00:00,5.5,0.0
2023-09-29 02:00:00,5.8,0.0
2023-09-29 03:00:00,4.9,0.0
2023-09-29 04:00:00,7.7,0.0
2023-09-29 05:00:00,8.0,0.0
2023-09-29 06:00:00,3.6,61.0
2023-09-29 07:00:00,2.8,216.0
2023-09-29 08:00:00,1.5,379.0
2023-09-29 09:00:00,1.1,515.0
2023-09-29 10:00:00,1.6,609.0
2023-09-29 11:00:00,1.3,651.0
2023-09-29 12:00:00,2.3,639.0
2023-09-29 13:00:00,3.6,574.0
2023-09-29 14:00:00,4.3,460.0
2023-09-29 15:00:00,3.3,308.0
2023-09-29 16:00:00,4.8,143.0
2023-09-29 17:00:00,1.8,17.0
2023-09-29 18:00:00,3.7,0.0
2023-09-29 19:00:00,4.9,0.0
2023-09-29 20:00:00,4.5,0.0
2023-09-29 21:00:00,5.1,0.0
2023-09-29 22:00:00,6.0,0.0
2023-09-29 23:00:00,5.2,0.0
2023-09-30 00:00:00,1.9,0.0
2023-09-30 01:00:00,5.0,0.0
2023-09-30 02:00:00,5.4,0.0
2023-09-30 03:00:00,6.8,0.0
2023-09-30 04:00:00,5.5,0.0
2023-09-30 05:00:00,7.0,0.0
2023-09-30 06:00:00,7.3,58.0
2023-09-30 07:00:00,5.6,208.0
2023-09-30 08:00:00,2.5,365.0
2023-09-30 09:00:00,1.8,496.0
2023-09-30 10:00:00,1.9,579.0
2023-09-30 11:00:00,3.2,562.0
2023-09-30 12:00:00,2.5,550.0
2023-09-30 13:00:00,3.7,479.0
2023-09-30 14:00:00,6.6,264.0
2023-09-30 15:00:00,5.4,229.0
2023-09-30 16:00:00,5.4,119.0
2023-09-30 17:00:00,4.0,12.0
2023-09-30 18:00:00,4.5,0.0
2023-09-30 19:00:00,4.9,0.0
2023-09-30 20:00:00,4.5,0.0
2023-09-30 21:00:00,5.0,0.0
2023-09-30 22:00:00,5.4,0.0
2023-09-30 23:00:00,5.5,0.0
2023-10-01 00:00:00,6.5,0.0
2023-10-01 01:00:00,6.5,0.0
2023-10-01 02:00:00,6.2,0.0
2023-10-01 03:00:00,5.4,0.0
2023-10-01 04:00:00,4.7,0.0
2023-10-01 05:00:00,5.3,0.0
2023-10-01 06:00:00,6.1,29.0
2023-10-01 07:00:00,5.4,112.0
2023-10-01 08:00:00,5.1,241.0
2023-10-01 09:00:00,3.4,426.0
2023-10-01 10:00:00,1.8,527.0
2023-10-01 11:00:00,2.3,616.0
2023-10-01 12:00:00,4.5,620.0
2023-10-01 13:00:00,3.5,516.0
2023-10-01 14:00:00,4.6,362.0
2023-10-01 15:00:00,6.5,273.0
2023-10-01 16:00:00,5.2,126.0
2023-10-01 17:00:00,6.1,13.0
2023-10-01 18:00:00,5.7,0.0
2023-10-01 19:00:00,6.2,0.0
2023-10-01 20:00:00,4.4,0.0
2023-10-01 21:00:00,4.9,0.0
2023-10-01 22:00:00,5.2,0.0
2023-10-01 23:00:00,5.1,0.0
2023-10-02 00:00:00,5.8,0.0
2023-10-02 01:00:00,5.5,0.0
2023-10-02 02:00:00,5.2,0.0
2023-10-02 03:00:00,6.0,0.0
2023-10-02 04:00:00,4.2,0.0
2023-10-02 05:00:00,2.7,0.0
2023-10-02 06:00:00,2.6,49.0
2023-10-02 07:00:00,2.2,187.0
2023-10-02 08:00:00,3.3,351.0
2023-10-02 09:00:00,4.2,486.0
2023-10-02 10:00:00,6.2,579.0
2023-10-02 11:00:00,6.6,620.0
2023-10-02 12:00:00,7.0,608.0
2023-10-02 13:00:00,6.2,543.0
2023-10-02 14:00:00,5.4,431.0
2023-10-02 15:00:00,3.7,283.0
2023-10-02 16:00:00,5.9,123.0
2023-10-02 17:00:00,7.1,11.0
2023-10-02 18:00:00,5.9,0.0
2023-10-02 19:00:00,6.9,0.0
2023-10-02 20:00:00,8.0,0.0
2023-10-02 21:00:00,6.1,0.0
2023-10-02 22:00:00,6.1,0.0
2023-10-02 23:00:00,6.5,0.0
2023-10-03 00:00:00,5.0,0.0
2023-10-03 01:00:00,4.0,0.0
2023-10-03 02:00:00,2.7,0.0
2023-10-03 03:00:00,3.4,0.0
2023-10-03 04:00:00,3.4,0.0
2023-10-03 05:00:00,2.2,0.0
2023-10-03 06:00:00,1.1,40.0
2023-10-03 07:00:00,0.7,144.0
2023-10-03 08:00:00,1.1,305.0
2023-10-03 09:00:00,2.2,482.0
2023-10-03 10:00:00,3.3,582.0
2023-10-03 11:00:00,4.4,624.0
2023-10-03 12:00:00,6.5,610.0
2023-10-03 13:00:00,6.1,540.0
2023-10-03 14:00:00,5.4,425.0
2023-10-03 15:00:00,3.0,276.0
2023-10-03 16:00:00,5.3,118.0
2023-10-03 17:00:00,10.0,10.0
2023-10-03 18:00:00,7.6,0.0
2023-10-03 19:00:00,5.2,0.0
2023-10-03 20:00:00,5.1,0.0
2023-10-03 21:00:00,6.4,0.0
2023-10-03 22:00:00,7.1,0.0
2023-10-03 23:00:00,8.4,0.0
2023-10-04 00:00:00,6.3,0.0
2023-10-04 01:00:00,6.3,0.0
2023-10-04 02:00:00,12.9,0.0
2023-10-04 03:00:00,8.3,0.0
2023-10-04 04:00:00,5.6,0.0
2023-10-04 05:00:00,4.7,0.0
2023-10-04 06:00:00,5.8,12.0
2023-10-04 07:00:00,8.4,55.0
2023-10-04 08:00:00,8.5,94.0
2023-10-04 09:00:00,12.9,250.0
2023-10-04 10:00:00,10.6,297.0
2023-10-04 11:00:00,10.0,344.0
2023-10-04 12:00:00,9.5,441.0
2023-10-04 13:00:00,9.5,369.0
2023-10-04 14:00:00,8.2,249.0
2023-10-04 15:00:00,6.0,180.0
2023-10-04 16:00:00,4.7,105.0
2023-10-04 17:00:00,3.6,8.0
2023-10-04 18:00:00,3.8,0.0
2023-10-04 19:00:00,5.4,0.0
2023-10-04 20:00:00,4.9,0.0
2023-10-04 21:00:00,4.3,0.0
2023-10-04 22:00:00,3.1,0.0
2023-10-04 23:00:00,5.2,0.0
2023-10-05 00:00:00,4.7,0.0
2023-10-05 01:00:00,4.3,0.0
2023-10-05 02:00:00,2.3,0.0
2023-10-05 03:00:00,4.3,0.0
2023-10-05 04:00:00,4.8,0.0
2023-10-05 05:00:00,1.5,0.0
2023-10-05 06:00:00,1.3,44.0
2023-10-05 07:00:00,2.8,183.0
2023-10-05 08:00:00,2.3,347.0
2023-10-05 09:00:00,0.8,486.0
2023-10-05 10:00:00,2.2,575.0
2023-10-05 11:00:00,4.5,584.0
2023-10-05 12:00:00,4.4,530.0
2023-10-05 13:00:00,4.1,512.0
2023-10-05 14:00:00,3.1,415.0
2023-10-05 15:00:00,3.1,266.0
2023-10-05 16:00:00,5.8,109.0
2023-10-05 17:00:00,4.6,7.0
2023-10-05 18:00:00,4.2,0.0
2023-10-05 19:00:00,0.8,0.0
2023-10-05 20:00:00,1.4,0.0
2023-10-05 21:00:00,1.4,0.0
2023-10-05 22:00:00,1.4,0.0
2023-10-05 23:00:00,0.7,0.0
2023-10-06 00:00:00,3.3,0.0
2023-10-06 01:00:00,5.4,0.0
2023-10-06 02:00:00,4.0,0.0
2023-10-06 03:00:00,5.1,0.0
2023-10-06 04:00:00,4.5,0.0
2023-10-06 05:00:00,5.5,0.0
2023-10-06 06:00:00,4.7,37.0
2023-10-06 07:00:00,5.5,171.0
2023-10-06 08:00:00,7.2,320.0
2023-10-06 09:00:00,7.9,463.0
2023-10-06 10:00:00,7.6,562.0
2023-10-06 11:00:00,6.6,605.0
2023-10-06 12:00:00,7.1,590.0
2023-10-06 13:00:00,5.5,529.0
2023-10-06 14:00:00,5.0,414.0
2023-10-06 15:00:00,4.2,264.0
2023-10-06 16:00:00,7.0,105.0
2023-10-06 17:00:00,6.0,6.0
2023-10-06 18:00:00,5.1,0.0
2023-10-06 19:00:00,2.1,0.0
2023-10-06 20:00:00,3.1,0.0
2023-10-06 21:00:00,4.4,0.0
2023-10-06 22:00:00,4.4,0.0
2023-10-06 23:00:00,3.9,0.0
2023-10-07 00:00:00,0.7,0.0
2023-10-07 01:00:00,2.7,0.0
2023-10-07 02:00:00,3.8,0.0
2023-10-07 03:00:00,3.9,0.0
2023-10-07 04:00:00,4.7,0.0
2023-10-07 05:00:00,5.4,0.0
2023-10-07 06:00:00,2.1,37.0
2023-10-07 07:00:00,2.5,170.0
2023-10-07 08:00:00,1.6,336.0
2023-10-07 09:00:00,2.3,472.0
2023-10-07 10:00:00,4.2,565.0
2023-10-07 11:00:00,4.8,606.0
2023-10-07 12:00:00,5.2,592.0
2023-10-07 13:00:00,4.8,524.0
2023-10-07 14:00:00,4.1,413.0
2023-10-07 15:00:00,3.1,263.0
2023-10-07 16:00:00,4.7,103.0
2023-10-07 17:00:00,4.0,5.0
2023-10-07 18:00:00,5.2,0.0
2023-10-07 19:00:00,6.8,0.0
2023-10-07 20:00:00,6.8,0.0
2023-10-07 21:00:00,5.2,0.0
2023-10-07 22:00:00,6.8,0.0
2023-10-07 23:00:00,6.2,0.0
2023-10-08 00:00:00,5.5,0.0
2023-10-08 01:00:00,7.2,0.0
2023-10-08 02:00:00,5.9,0.0
2023-10-08 03:00:00,6.9,0.0
2023-10-08 04:00:00,6.0,0.0
2023-10-08 05:00:00,6.1,0.0
2023-10-08 06:00:00,6.4,32.0
2023-10-08 07:00:00,7.7,147.0
2023-10-08 08:00:00,6.6,230.0
2023-10-08 09:00:00,6.6,438.0
2023-10-08 10:00:00,8.2,511.0
2023-10-08 11:00:00,8.7,496.0
2023-10-08 12:00:00,10.3,549.0
2023-10-08 13:00:00,8.6,487.0
2023-10-08 14:00:00,4.5,330.0
2023-10-08 15:00:00,4.4,207.0
2023-10-08 16:00:00,19.3,73.0
2023-10-08 17:00:00,19.1,3.0
2023-10-08 18:00:00,11.2,0.0
2023-10-08 19:00:00,10.0,0.0
2023-10-08 20:00:00,5.7,0.0
2023-10-08 21:00:00,1.9,0.0
2023-10-08 22:00:00,3.2,0.0
2023-10-08 23:00:00,3.3,0.0
2023-10-09 00:00:00,4.7,0.0
2023-10-09 01:00:00,3.8,0.0
2023-10-09 02:00:00,4.3,0.0
2023-10-09 03:00:00,3.7,0.0
2023-10-09 04:00:00,2.6,0.0
2023-10-09 05:00:00,3.3,0.0
2023-10-09 06:00:00,5.1,33.0
2023-10-09 07:00:00,4.8,161.0
2023-10-09 08:00:00,4.6,316.0
2023-10-09 09:00:00,3.8,454.0
2023-10-09 10:00:00,3.3,531.0
2023-10-09 11:00:00,2.6,497.0
2023-10-09 12:00:00,2.4,509.0
2023-10-09 13:00:00,0.5,438.0
2023-10-09 14:00:00,1.5,232.0
2023-10-09 15:00:00,1.3,92.0
2023-10-09 16:00:00,3.0,34.0
2023-10-09 17:00:00,5.5,1.0
2023-10-09 18:00:00,5.4,0.0
2023-10-09 19:00:00,4.1,0.0
2023-10-09 20:00:00,3.8,0.0
2023-10-09 21:00:00,4.6,0.0
2023-10-09 22:00:00,5.8,0.0
2023-10-09 23:00:00,4.8,0.0
2023-10-10 00:00:00,5.8,0.0
2023-10-10 01:00:00,4.7,0.0
2023-10-10 02:00:00,4.4,0.0
2023-10-10 03:00:00,5.9,0.0
2023-10-10 04:00:00,5.9,0.0
2023-10-10 05:00:00,5.2,0.0
2023-10-10 06:00:00,3.1,28.0
2023-10-10 07:00:00,0.5,130.0
2023-10-10 08:00:00,1.4,240.0
2023-10-10 09:00:00,3.0,437.0
2023-10-10 10:00:00,5.2,493.0
2023-10-10 11:00:00,7.4,542.0
2023-10-10 12:00:00,8.8,544.0
2023-10-10 13:00:00,7.9,430.0
2023-10-10 14:00:00,9.9,323.0
2023-10-10 15:00:00,9.4,204.0
2023-10-10 16:00:00,6.8,77.0
2023-10-10 17:00:00,8.1,3.0
2023-10-10 18:00:00,6.9,0.0
2023-10-10 19:00:00,7.3,0.0
2023-10-10 20:00:00,6.4,0.0
2023-10-10 21:00:00,7.4,0.0
2023-10-10 22:00:00,5.9,0.0
2023-10-10 23:00:00,6.0,0.0
2023-10-11 00:00:00,5.2,0.0
2023-10-11 01:00:00,2.8,0.0
2023-10-11 02:00:00,1.1,0.0
2023-10-11 03:00:00,1.1,0.0
2023-10-11 04:00:00,1.1,0.0
2023-10-11 05:00:00,3.9,0.0
2023-10-11 06:00:00,3.7,24.0
2023-10-11 07:00:00,2.3,122.0
2023-10-11 08:00:00,2.8,240.0
2023-10-11 09:00:00,3.6,404.0
2023-10-11 10:00:00,5.5,529.0
2023-10-11 11:00:00,5.9,575.0
2023-10-11 12:00:00,5.4,560.0
2023-10-11 13:00:00,4.2,492.0
2023-10-11 14:00:00,5.1,379.0
2023-10-11 15:00:00,5.5,233.0
2023-10-11 16:00:00,5.6,81.0
2023-10-11 17:00:00,7.9,2.0
2023-10-11 18:00:00,9.4,0.0
2023-10-11 19:00:00,9.1,0.0
2023-10-11 20:00:00,7.6,0.0
2023-10-11 21:00:00,5.5,0.0
2023-10-11 22:00:00,2.4,0.0
2023-10-11 23:00:00,0.0,0.0
2023-10-12 00:00:00,1.8,0.0
2023-10-12 01:00:00,3.4,0.0
2023-10-12 02:00:00,3.8,0.0
2023-10-12 03:00:00,3.2,0.0
2023-10-12 04:00:00,3.8,0.0
2023-10-12 05:00:00,2.9,0.0
2023-10-12 06:00:00,5.4,21.0
2023-10-12 07:00:00,3.6,126.0
2023-10-12 08:00:00,2.9,289.0
2023-10-12 09:00:00,2.6,438.0
2023-10-12 10:00:00,3.7,535.0
2023-10-12 11:00:00,4.4,574.0
2023-10-12 12:00:00,8.2,560.0
2023-10-12 13:00:00,8.8,490.0
2023-10-12 14:00:00,8.1,371.0
2023-10-12 15:00:00,5.2,224.0
2023-10-12 16:00:00,7.7,76.0
2023-10-12 17:00:00,8.4,1.0
2023-10-12 18:00:00,7.4,0.0
2023-10-12 19:00:00,8.4,0.0
2023-10-12 20:00:00,6.4,0.0
2023-10-12 21:00:00,6.2,0.0
2023-10-12 22:00:00,5.1,0.0
2023-10-12 23:00:00,5.4,0.0
2023-10-13 00:00:00,5.9,0.0
2023-10-13 01:00:00,7.7,0.0
2023-10-13 02:00:00,6.5,0.0
2023-10-13 03:00:00,5.2,0.0
2023-10-13 04:00:00,5.8,0.0
2023-10-13 05:00:00,5.6,0.0
2023-10-13 06:00:00,3.4,26.0
2023-10-13 07:00:00,3.5,145.0
2023-10-13 08:00:00,1.5,284.0
2023-10-13 09:00:00,2.5,391.0
2023-10-13 10:00:00,4.5,504.0
2023-10-13 11:00:00,5.3,559.0
2023-10-13 12:00:00,6.3,547.0
2023-10-13 13:00:00,5.9,482.0
2023-10-13 14:00:00,5.9,366.0
2023-10-13 15:00:00,3.6,222.0
2023-10-13 16:00:00,7.9,73.0
2023-10-13 17:00:00,6.9,1.0
2023-10-13 18:00:00,7.2,0.0
2023-10-13 19:00:00,6.6,0.0
2023-10-13 20:00:00,6.6,0.0
2023-10-13 21:00:00,5.1,0.0
2023-10-13 22:00:00,4.7,0.0
2023-10-13 23:00:00,6.5,0.0
2023-10-14 00:00:00,7.9,0.0
2023-10-14 01:00:00,10.7,0.0
2023-10-14 02:00:00,9.8,0.0
2023-10-14 03:00:00,10.6,0.0
2023-10-14 04:00:00,10.5,0.0
2023-10-14 05:00:00,9.9,0.0
2023-10-14 06:00:00,10.2,25.0
2023-10-14 07:00:00,10.5,153.0
2023-10-14 08:00:00,8.9,305.0
2023-10-14 09:00:00,10.7,434.0
2023-10-14 10:00:00,11.5,522.0
2023-10-14 11:00:00,12.9,560.0
2023-10-14 12:00:00,11.9,538.0
2023-10-14 13:00:00,12.9,473.0
2023-10-14 14:00:00,14.8,353.0
2023-10-14 15:00:00,15.0,211.0
2023-10-14 16:00:00,14.1,68.0
2023-10-14 17:00:00,12.0,1.0
2023-10-14 18:00:00,11.4,0.0
2023-10-14 19:00:00,8.2,0.0
2023-10-14 20:00:00,6.2,0.0
2023-10-14 21:00:00,6.8,0.0
2023-10-14 22:00:00,6.8,0.0
2023-10-14 23:00:00,7.9,0.0
2023-10-15 00:00:00,7.7,0.0
2023-10-15 01:00:00,15.2,0.0
2023-10-15 02:00:00,16.9,0.0
2023-10-15 03:00:00,21.7,0.0
2023-10-15 04:00:00,16.9,0.0
2023-10-15 05:00:00,17.6,0.0
2023-10-15 06:00:00,11.2,10.0
2023-10-15 07:00:00,13.1,35.0
2023-10-15 08:00:00,14.3,64.0
2023-10-15 09:00:00,15.7,138.0
2023-10-15 10:00:00,12.6,95.0
2023-10-15 11:00:00,12.5,124.0
2023-10-15 12:00:00,14.2,122.0
2023-10-15 13:00:00,7.6,67.0
2023-10-15 14:00:00,5.5,37.0
2023-10-15 15:00:00,2.2,13.0
2023-10-15 16:00:00,3.9,9.0
2023-10-15 17:00:00,3.5,0.0
2023-10-15 18:00:00,3.4,0.0
2023-10-15 19:00:00,3.1,0.0
2023-10-15 20:00:00,2.1,0.0
2023-10-15 21:00:00,4.6,0.0
2023-10-15 22:00:00,5.2,0.0
2023-10-15 23:00:00,5.6,0.0
2023-10-16 00:00:00,4.7,0.0
2023-10-16 01:00:00,4.7,0.0
2023-10-16 02:00:00,4.2,0.0
2023-10-16 03:00:00,4.4,0.0
2023-10-16 04:00:00,5.8,0.0
2023-10-16 05:00:00,4.0,0.0
2023-10-16 06:00:00,0.8,19.0
2023-10-16 07:00:00,0.8,122.0
2023-10-16 08:00:00,2.5,255.0
2023-10-16 09:00:00,6.7,421.0
2023-10-16 10:00:00,6.6,497.0
2023-10-16 11:00:00,7.4,520.0
2023-10-16 12:00:00,8.5,485.0
2023-10-16 13:00:00,8.5,288.0
2023-10-16 14:00:00,7.7,216.0
2023-10-16 15:00:00,5.6,116.0
2023-10-16 16:00:00,3.8,51.0
2023-10-16 17:00:00,2.6,0.0
2023-10-16 18:00:00,5.1,0.0
2023-10-16 19:00:00,5.4,0.0
2023-10-16 20:00:00,5.4,0.0
2023-10-16 21:00:00,6.4,0.0
2023-10-16 22:00:00,5.5,0.0
2023-10-16 23:00:00,6.0,0.0
2023-10-17 00:00:00,6.1,0.0
2023-10-17 01:00:00,7.2,0.0
2023-10-17 02:00:00,6.5,0.0
2023-10-17 03:00:00,6.8,0.0
2023-10-17 04:00:00,6.8,0.0
2023-10-17 05:00:00,7.2,0.0
2023-10-17 06:00:00,4.0,18.0
2023-10-17 07:00:00,4.6,119.0
2023-10-17 08:00:00,3.1,296.0
2023-10-17 09:00:00,4.7,439.0
2023-10-17 10:00:00,5.2,532.0
2023-10-17 11:00:00,5.5,577.0
2023-10-17 12:00:00,6.7,544.0
2023-10-17 13:00:00,5.3,237.0
2023-10-17 14:00:00,4.9,154.0
2023-10-17 15:00:00,3.6,104.0
2023-10-17 16:00:00,4.1,35.0
2023-10-17 17:00:00,2.8,0.0
2023-10-17 18:00:00,2.9,0.0
2023-10-17 19:00:00,4.4,0.0
2023-10-17 20:00:00,3.6,0.0
2023-10-17 21:00:00,3.3,0.0
2023-10-17 22:00:00,3.3,0.0
2023-10-17 23:00:00,4.8,0.0
2023-10-18 00:00:00,7.3,0.0
2023-10-18 01:00:00,6.6,0.0
2023-10-18 02:00:00,5.4,0.0
2023-10-18 03:00:00,3.8,0.0
2023-10-18 04:00:00,3.1,0.0
2023-10-18 05:00:00,4.1,0.0
2023-10-18 06:00:00,4.9,20.0
2023-10-18 07:00:00,2.4,144.0
2023-10-18 08:00:00,2.3,276.0
2023-10-18 09:00:00,3.6,392.0
2023-10-18 10:00:00,4.5,512.0
2023-10-18 11:00:00,5.0,547.0
2023-10-18 12:00:00,5.4,526.0
2023-10-18 13:00:00,4.9,323.0
2023-10-18 14:00:00,6.5,167.0
2023-10-18 15:00:00,5.3,169.0
2023-10-18 16:00:00,5.5,40.0
2023-10-18 17:00:00,5.9,0.0
2023-10-18 18:00:00,5.1,0.0
2023-10-18 19:00:00,3.9,0.0
2023-10-18 20:00:00,3.3,0.0
2023-10-18 21:00:00,4.7,0.0
2023-10-18 22:00:00,6.2,0.0
2023-10-18 23:00:00,3.9,0.0
2023-10-19 00:00:00,2.8,0.0
2023-10-19 01:00:00,3.4,0.0
2023-10-19 02:00:00,4.6,0.0
2023-10-19 03:00:00,3.9,0.0
2023-10-19 04:00:00,6.1,0.0
2023-10-19 05:00:00,6.3,0.0
2023-10-19 06:00:00,4.4,16.0
2023-10-19 07:00:00,7.0,109.0
2023-10-19 08:00:00,8.2,242.0
2023-10-19 09:00:00,9.3,354.0
2023-10-19 10:00:00,11.8,418.0
2023-10-19 11:00:00,18.7,360.0
2023-10-19 12:00:00,17.6,331.0
2023-10-19 13:00:00,19.3,366.0
2023-10-19 14:00:00,18.9,241.0
2023-10-19 15:00:00,20.3,94.0
2023-10-19 16:00:00,18.2,27.0
2023-10-19 17:00:00,15.8,0.0
2023-10-19 18:00:00,16.7,0.0
2023-10-19 19:00:00,16.1,0.0
2023-10-19 20:00:00,13.0,0.0
2023-10-19 21:00:00,11.4,0.0
2023-10-19 22:00:00,12.6,0.0
2023-10-19 23:00:00,15.9,0.0
2023-10-20 00:00:00,16.9,0.0
2023-10-20 01:00:00,14.5,0.0
2023-10-20 02:00:00,12.7,0.0
2023-10-20 03:00:00,10.2,0.0
2023-10-20 04:00:00,8.1,0.0
2023-10-20 05:00:00,10.5,0.0
2023-10-20 06:00:00,11.7,13.0
2023-10-20 07:00:00,14.9,110.0
2023-10-20 08:00:00,15.7,256.0
2023-10-20 09:00:00,14.5,366.0
2023-10-20 10:00:00,13.4,383.0
2023-10-20 11:00:00,17.4,394.0
2023-10-20 12:00:00,22.6,450.0
2023-10-20 13:00:00,19.3,371.0
2023-10-20 14:00:00,18.3,230.0
2023-10-20 15:00:00,17.7,155.0
2023-10-20 16:00:00,19.8,42.0
2023-10-20 17:00:00,18.0,0.0
2023-10-20 18:00:00,16.2,0.0
2023-10-20 19:00:00,15.1,0.0
2023-10-20 20:00:00,12.1,0.0
2023-10-20 21:00:00,13.2,0.0
2023-10-20 22:00:00,20.1,0.0
2023-10-20 23:00:00,15.9,0.0
2023-10-21 00:00:00,7.9,0.0
2023-10-21 01:00:00,5.2,0.0
2023-10-21 02:00:00,8.0,0.0
2023-10-21 03:00:00,12.4,0.0
2023-10-21 04:00:00,12.9,0.0
2023-10-21 05:00:00,12.9,0.0
2023-10-21 06:00:00,9.5,9.0
2023-10-21 07:00:00,11.0,107.0
2023-10-21 08:00:00,11.8,225.0
2023-10-21 09:00:00,10.4,267.0
2023-10-21 10:00:00,9.7,383.0
2023-10-21 11:00:00,9.0,348.0
2023-10-21 12:00:00,12.6,269.0
2023-10-21 13:00:00,12.2,198.0
2023-10-21 14:00:00,8.1,81.0
2023-10-21 15:00:00,8.9,62.0
2023-10-21 16:00:00,9.2,12.0
2023-10-21 17:00:00,7.8,0.0
2023-10-21 18:00:00,4.3,0.0
2023-10-21 19:00:00,3.4,0.0
2023-10-21 20:00:00,4.6,0.0
2023-10-21 21:00:00,6.8,0.0
2023-10-21 22:00:00,7.2,0.0
2023-10-21 23:00:00,9.2,0.0
2023-10-22 00:00:00,10.5,0.0
2023-10-22 01:00:00,9.6,0.0
2023-10-22 02:00:00,8.4,0.0
2023-10-22 03:00:00,8.0,0.0
2023-10-22 04:00:00,7.7,0.0
2023-10-22 05:00:00,5.1,0.0
2023-10-22 06:00:00,4.9,12.0
2023-10-22 07:00:00,5.9,121.0
2023-10-22 08:00:00,3.3,257.0
2023-10-22 09:00:00,3.6,385.0
2023-10-22 10:00:00,4.0,471.0
2023-10-22 11:00:00,7.1,472.0
2023-10-22 12:00:00,10.5,400.0
2023-10-22 13:00:00,4.4,339.0
2023-10-22 14:00:00,3.1,294.0
2023-10-22 15:00:00,3.6,164.0
2023-10-22 16:00:00,6.6,38.0
2023-10-22 17:00:00,8.0,0.0
2023-10-22 18:00:00,8.1,0.0
2023-10-22 19:00:00,6.6,0.0
2023-10-22 20:00:00,5.1,0.0
2023-10-22 21:00:00,5.2,0.0
2023-10-22 22:00:00,4.6,0.0
2023-10-22 23:00:00,3.8,0.0
2023-10-23 00:00:00,3.9,0.0
2023-10-23 01:00:00,6.2,0.0
2023-10-23 02:00:00,5.0,0.0
2023-10-23 03:00:00,3.8,0.0
2023-10-23 04:00:00,1.8,0.0
2023-10-23 05:00:00,4.1,0.0
2023-10-23 06:00:00,2.2,11.0
2023-10-23 07:00:00,0.4,112.0
2023-10-23 08:00:00,2.3,248.0
2023-10-23 09:00:00,3.5,381.0
2023-10-23 10:00:00,5.4,464.0
2023-10-23 11:00:00,7.6,498.0
2023-10-23 12:00:00,7.8,464.0
2023-10-23 13:00:00,10.0,371.0
2023-10-23 14:00:00,9.4,286.0
2023-10-23 15:00:00,9.0,161.0
2023-10-23 16:00:00,13.2,33.0
2023-10-23 17:00:00,10.0,0.0
2023-10-23 18:00:00,8.7,0.0
2023-10-23 19:00:00,7.7,0.0
2023-10-23 20:00:00,6.9,0.0
2023-10-23 21:00:00,6.1,0.0
2023-10-23 22:00:00,6.3,0.0
2023-10-23 23:00:00,6.4,0.0
2023-10-24 00:00:00,6.2,0.0
2023-10-24 01:00:00,8.7,0.0
2023-10-24 02:00:00,6.8,0.0
2023-10-24 03:00:00,5.6,0.0
2023-10-24 04:00:00,4.9,0.0
2023-10-24 05:00:00,6.5,0.0
2023-10-24 06:00:00,6.5,8.0
2023-10-24 07:00:00,6.2,52.0
2023-10-24 08:00:00,8.5,77.0
2023-10-24 09:00:00,9.7,114.0
2023-10-24 10:00:00,10.2,214.0
2023-10-24 11:00:00,9.5,247.0
2023-10-24 12:00:00,7.0,220.0
2023-10-24 13:00:00,3.5,169.0
2023-10-24 14:00:00,7.0,175.0
2023-10-24 15:00:00,7.4,96.0
2023-10-24 16:00:00,13.0,14.0
2023-10-24 17:00:00,18.2,0.0
2023-10-24 18:00:00,17.3,0.0
2023-10-24 19:00:00,15.8,0.0
2023-10-24 20:00:00,6.6,0.0
2023-10-24 21:00:00,12.6,0.0
2023-10-24 22:00:00,14.4,0.0
2023-10-24 23:00:00,14.6,0.0
2023-10-25 00:00:00,12.0,0.0
2023-10-25 01:00:00,12.0,0.0
2023-10-25 02:00:00,12.5,0.0
2023-10-25 03:00:00,10.7,0.0
2023-10-25 04:00:00,6.2,0.0
2023-10-25 05:00:00,5.9,0.0
2023-10-25 06:00:00,5.0,9.0
2023-10-25 07:00:00,9.7,96.0
2023-10-25 08:00:00,15.0,181.0
2023-10-25 09:00:00,15.6,339.0
2023-10-25 10:00:00,16.3,413.0
2023-10-25 11:00:00,15.8,462.0
2023-10-25 12:00:00,18.6,457.0
2023-10-25 13:00:00,15.1,289.0
2023-10-25 14:00:00,16.4,243.0
2023-10-25 15:00:00,11.3,66.0
2023-10-25 16:00:00,10.5,27.0
2023-10-25 17:00:00,10.5,0.0
2023-10-25 18:00:00,12.0,0.0
2023-10-25 19:00:00,11.9,0.0
2023-10-25 20:00:00,13.5,0.0
2023-10-25 21:00:00,13.4,0.0
2023-10-25 22:00:00,11.3,0.0
2023-10-25 23:00:00,9.8,0.0
2023-10-26 00:00:00,9.4,0.0
2023-10-26 01:00:00,8.9,0.0
2023-10-26 02:00:00,8.1,0.0
2023-10-26 03:00:00,7.7,0.0
2023-10-26 04:00:00,6.4,0.0
2023-10-26 05:00:00,5.3,0.0
2023-10-26 06:00:00,5.3,4.0
2023-10-26 07:00:00,6.6,31.0
2023-10-26 08:00:00,6.9,211.0
2023-10-26 09:00:00,9.9,353.0
2023-10-26 10:00:00,17.7,433.0
2023-10-26 11:00:00,17.8,414.0
2023-10-26 12:00:00,13.5,286.0
2023-10-26 13:00:00,8.4,169.0
2023-10-26 14:00:00,13.6,201.0
2023-10-26 15:00:00,13.8,80.0
2023-10-26 16:00:00,12.7,18.0
2023-10-26 17:00:00,13.2,0.0
2023-10-26 18:00:00,11.8,0.0
2023-10-26 19:00:00,9.2,0.0
2023-10-26 20:00:00,11.3,0.0
2023-10-26 21:00:00,12.3,0.0
2023-10-26 22:00:00,10.5,0.0
2023-10-26 23:00:00,12.3,0.0
2023-10-27 00:00:00,13.3,0.0
2023-10-27 01:00:00,12.6,0.0
2023-10-27 02:00:00,13.1,0.0
2023-10-27 03:00:00,13.8,0.0
2023-10-27 04:00:00,17.5,0.0
2023-10-27 05:00:00,18.6,0.0
2023-10-27 06:00:00,19.2,4.0
2023-10-27 07:00:00,19.5,29.0
2023-10-27 08:00:00,18.5,44.0
2023-10-27 09:00:00,26.1,65.0
2023-10-27 10:00:00,18.8,139.0
2023-10-27 11:00:00,20.2,206.0
2023-10-27 12:00:00,15.6,300.0
2023-10-27 13:00:00,6.8,178.0
2023-10-27 14:00:00,1.8,209.0
2023-10-27 15:00:00,2.4,110.0
2023-10-27 16:00:00,4.7,19.0
2023-10-27 17:00:00,5.9,0.0
2023-10-27 18:00:00,4.4,0.0
2023-10-27 19:00:00,4.8,0.0
2023-10-27 20:00:00,6.3,0.0
2023-10-27 21:00:00,8.3,0.0
2023-10-27 22:00:00,3.2,0.0
2023-10-27 23:00:00,1.1,0.0
2023-10-28 00:00:00,1.8,0.0
2023-10-28 01:00:00,6.9,0.0
2023-10-28 02:00:00,6.6,0.0
2023-10-28 03:00:00,6.1,0.0
2023-10-28 04:00:00,4.8,0.0
2023-10-28 05:00:00,4.4,0.0
2023-10-28 06:00:00,3.6,6.0
2023-10-28 07:00:00,3.2,78.0
2023-10-28 08:00:00,4.5,211.0
2023-10-28 09:00:00,5.9,329.0
2023-10-28 10:00:00,5.9,406.0
2023-10-28 11:00:00,5.6,440.0
2023-10-28 12:00:00,4.3,391.0
2023-10-28 13:00:00,4.3,351.0
2023-10-28 14:00:00,2.1,268.0
2023-10-28 15:00:00,2.5,129.0
2023-10-28 16:00:00,2.2,22.0
2023-10-28 17:00:00,5.9,0.0
2023-10-28 18:00:00,8.9,0.0
2023-10-28 19:00:00,8.7,0.0
2023-10-28 20:00:00,7.8,0.0
2023-10-28 21:00:00,7.9,0.0
2023-10-28 22:00:00,9.6,0.0
2023-10-28 23:00:00,7.3,0.0
2023-10-29 00:00:00,6.9,0.0
2023-10-29 01:00:00,7.9,0.0
2023-10-29 02:00:00,8.4,0.0
2023-10-29 03:00:00,7.7,0.0
2023-10-29 04:00:00,6.6,0.0
2023-10-29 05:00:00,7.4,0.0
2023-10-29 06:00:00,7.9,6.0
2023-10-29 07:00:00,10.5,98.0
2023-10-29 08:00:00,9.1,221.0
2023-10-29 09:00:00,12.2,327.0
2023-10-29 10:00:00,16.9,437.0
2023-10-29 11:00:00,22.9,437.0
2023-10-29 12:00:00,20.9,406.0
2023-10-29 13:00:00,19.4,278.0
2023-10-29 14:00:00,16.3,143.0
2023-10-29 15:00:00,16.3,89.0
2023-10-29 16:00:00,15.8,14.0
2023-10-29 17:00:00,15.8,0.0
2023-10-29 18:00:00,15.3,0.0
2023-10-29 19:00:00,12.5,0.0
2023-10-29 20:00:00,9.5,0.0
2023-10-29 21:00:00,8.2,0.0
2023-10-29 22:00:00,7.7,0.0
2023-10-29 23:00:00,7.7,0.0
2023-10-30 00:00:00,8.4,0.0
2023-10-30 01:00:00,9.7,0.0
2023-10-30 02:00:00,9.7,0.0
2023-10-30 03:00:00,7.9,0.0
2023-10-30 04:00:00,6.9,0.0
2023-10-30 05:00:00,8.2,0.0
2023-10-30 06:00:00,7.8,4.0
2023-10-30 07:00:00,9.3,68.0
2023-10-30 08:00:00,9.7,156.0
2023-10-30 09:00:00,8.3,297.0
2023-10-30 10:00:00,8.8,393.0
2023-10-30 11:00:00,9.5,423.0
2023-10-30 12:00:00,10.3,416.0
2023-10-30 13:00:00,10.7,324.0
2023-10-30 14:00:00,9.0,250.0
2023-10-30 15:00:00,5.5,125.0
2023-10-30 16:00:00,7.4,18.0
2023-10-30 17:00:00,8.0,0.0
2023-10-30 18:00:00,9.0,0.0
2023-10-30 19:00:00,7.1,0.0
2023-10-30 20:00:00,7.4,0.0
2023-10-30 21:00:00,9.9,0.0
2023-10-30 22:00:00,7.9,0.0
2023-10-30 23:00:00,5.2,0.0
2023-10-31 00:00:00,3.9,0.0
2023-10-31 01:00:00,3.1,0.0
2023-10-31 02:00:00,6.8,0.0
2023-10-31 03:00:00,16.2,0.0
2023-10-31 04:00:00,19.0,0.0
2023-10-31 05:00:00,17.3,0.0
2023-10-31 06:00:00,14.8,3.0
2023-10-31 07:00:00,8.7,67.0
2023-10-31 08:00:00,2.5,132.0
2023-10-31 09:00:00,4.0,184.0
2023-10-31 10:00:00,15.8,314.0
2023-10-31 11:00:00,8.3,174.0
2023-10-31 12:00:00,8.8,315.0
2023-10-31 13:00:00,20.6,352.0
2023-10-31 14:00:00,14.0,241.0
2023-10-31 15:00:00,7.9,128.0
2023-10-31 16:00:00,6.9,18.0
2023-10-31 17:00:00,13.4,0.0
2023-10-31 18:00:00,11.2,0.0
2023-10-31 19:00:00,14.0,0.0
2023-10-31 20:00:00,7.0,0.0
2023-10-31 21:00:00,4.3,0.0
2023-10-31 22:00:00,4.6,0.0
2023-10-31 23:00:00,4.7,0.0
2023-11-01 00:00:00,5.2,0.0
2023-11-01 01:00:00,8.9,0.0
2023-11-01 02:00:00,6.5,0.0
2023-11-01 03:00:00,4.7,0.0
2023-11-01 04:00:00,4.9,0.0
2023-11-01 05:00:00,4.8,0.0
2023-11-01 06:00:00,4.3,4.0
2023-11-01 07:00:00,1.1,89.0
2023-11-01 08:00:00,0.4,226.0
2023-11-01 09:00:00,2.9,346.0
2023-11-01 10:00:00,3.4,429.0
2023-11-01 11:00:00,4.0,468.0
2023-11-01 12:00:00,5.5,433.0
2023-11-01 13:00:00,5.8,333.0
2023-11-01 14:00:00,4.7,225.0
2023-11-01 15:00:00,3.3,97.0
2023-11-01 16:00:00,4.5,13.0
2023-11-01 17:00:00,5.7,0.0
2023-11-01 18:00:00,6.6,0.0
2023-11-01 19:00:00,6.7,0.0
2023-11-01 20:00:00,5.6,0.0
2023-11-01 21:00:00,6.0,0.0
2023-11-01 22:00:00,6.4,0.0
2023-11-01 23:00:00,6.8,0.0
2023-11-02 00:00:00,6.6,0.0
2023-11-02 01:00:00,11.8,0.0
2023-11-02 02:00:00,9.7,0.0
2023-11-02 03:00:00,9.2,0.0
2023-11-02 04:00:00,8.2,0.0
2023-11-02 05:00:00,6.4,0.0
2023-11-02 06:00:00,6.3,3.0
2023-11-02 07:00:00,8.0,81.0
2023-11-02 08:00:00,6.9,204.0
2023-11-02 09:00:00,9.4,338.0
2023-11-02 10:00:00,14.4,407.0
2023-11-02 11:00:00,17.0,438.0
2023-11-02 12:00:00,19.3,328.0
2023-11-02 13:00:00,18.2,263.0
2023-11-02 14:00:00,17.4,155.0
2023-11-02 15:00:00,14.3,46.0
2023-11-02 16:00:00,12.5,10.0
2023-11-02 17:00:00,13.9,0.0
2023-11-02 18:00:00,17.1,0.0
2023-11-02 19:00:00,18.0,0.0
2023-11-02 20:00:00,17.7,0.0
2023-11-02 21:00:00,18.1,0.0
2023-11-02 22:00:00,19.5,0.0
2023-11-02 23:00:00,20.4,0.0
2023-11-03 00:00:00,19.1,0.0
2023-11-03 01:00:00,8.6,0.0
2023-11-03 02:00:00,13.0,0.0
2023-11-03 03:00:00,13.0,0.0
2023-11-03 04:00:00,14.4,0.0
2023-11-03 05:00:00,13.7,0.0
2023-11-03 06:00:00,6.6,0.0
2023-11-03 07:00:00,5.0,10.0
2023-11-03 08:00:00,6.8,20.0
2023-11-03 09:00:00,6.0,182.0
2023-11-03 10:00:00,12.2,156.0
2023-11-03 11:00:00,19.8,348.0
2023-11-03 12:00:00,30.3,397.0
2023-11-03 13:00:00,29.9,241.0
2023-11-03 14:00:00,21.4,107.0
2023-11-03 15:00:00,16.1,61.0
2023-11-03 16:00:00,5.0,12.0
2023-11-03 17:00:00,8.7,0.0
2023-11-03 18:00:00,13.5,0.0
2023-11-03 19:00:00,9.5,0.0
2023-11-03 20:00:00,9.3,0.0
2023-11-03 21:00:00,5.4,0.0
2023-11-03 22:00:00,5.4,0.0
2023-11-03 23:00:00,5.4,0.0
2023-11-04 00:00:00,4.1,0.0
2023-11-04 01:00:00,3.1,0.0
2023-11-04 02:00:00,4.0,0.0
2023-11-04 03:00:00,4.8,0.0
2023-11-04 04:00:00,5.2,0.0
2023-11-04 05:00:00,4.0,0.0
2023-11-04 06:00:00,3.1,2.0
2023-11-04 07:00:00,5.1,48.0
2023-11-04 08:00:00,4.1,160.0
2023-11-04 09:00:00,2.3,276.0
2023-11-04 10:00:00,5.0,413.0
2023-11-04 11:00:00,7.6,339.0
2023-11-04 12:00:00,9.9,356.0
2023-11-04 13:00:00,5.7,226.0
2023-11-04 14:00:00,7.8,220.0
2023-11-04 15:00:00,5.5,109.0
2023-11-04 16:00:00,6.7,13.0
2023-11-04 17:00:00,6.2,0.0
2023-11-04 18:00:00,11.2,0.0
2023-11-04 19:00:00,13.8,0.0
2023-11-04 20:00:00,10.4,0.0
2023-11-04 21:00:00,9.8,0.0
2023-11-04 22:00:00,13.1,0.0
2023-11-04 23:00:00,14.2,0.0
2023-11-05 00:00:00,12.1,0.0
2023-11-05 01:00:00,10.2,0.0
2023-11-05 02:00:00,7.7,0.0
2023-11-05 03:00:00,14.0,0.0
2023-11-05 04:00:00,16.1,0.0
2023-11-05 05:00:00,13.2,0.0
2023-11-05 06:00:00,23.6,1.0
2023-11-05 07:00:00,18.3,7.0
2023-11-05 08:00:00,19.4,37.0
2023-11-05 09:00:00,18.7,141.0
2023-11-05 10:00:00,10.0,341.0
2023-11-05 11:00:00,12.5,398.0
2023-11-05 12:00:00,15.8,368.0
2023-11-05 13:00:00,19.5,346.0
2023-11-05 14:00:00,20.1,246.0
2023-11-05 15:00:00,19.9,116.0
2023-11-05 16:00:00,17.9,12.0
2023-11-05 17:00:00,16.1,0.0
2023-11-05 18:00:00,13.8,0.0
2023-11-05 19:00:00,9.6,0.0
2023-11-05 20:00:00,8.2,0.0
2023-11-05 21:00:00,7.2,0.0
2023-11-05 22:00:00,6.7,0.0
2023-11-05 23:00:00,5.7,0.0
2023-11-06 00:00:00,4.9,0.0
2023-11-06 01:00:00,5.9,0.0
2023-11-06 02:00:00,4.7,0.0
2023-11-06 03:00:00,4.7,0.0
2023-11-06 04:00:00,4.3,0.0
2023-11-06 05:00:00,2.0,0.0
2023-11-06 06:00:00,5.4,1.0
2023-11-06 07:00:00,4.3,72.0
2023-11-06 08:00:00,2.9,204.0
2023-11-06 09:00:00,6.9,328.0
2023-11-06 10:00:00,11.9,408.0
2023-11-06 11:00:00,13.7,400.0
2023-11-06 12:00:00,14.1,356.0
2023-11-06 13:00:00,10.8,309.0
2023-11-06 14:00:00,10.7,234.0
2023-11-06 15:00:00,13.0,105.0
2023-11-06 16:00:00,14.5,11.0
2023-11-06 17:00:00,11.5,0.0
2023-11-06 18:00:00,7.9,0.0
2023-11-06 19:00:00,9.7,0.0
2023-11-06 20:00:00,7.4,0.0
2023-11-06 21:00:00,7.2,0.0
2023-11-06 22:00:00,6.4,0.0
2023-11-06 23:00:00,7.5,0.0
2023-11-07 00:00:00,6.8,0.0
2023-11-07 01:00:00,8.2,0.0
2023-11-07 02:00:00,9.1,0.0
2023-11-07 03:00:00,9.6,0.0
2023-11-07 04:00:00,9.2,0.0
2023-11-07 05:00:00,8.0,0.0
2023-11-07 06:00:00,8.0,1.0
2023-11-07 07:00:00,2.8,29.0
2023-11-07 08:00:00,3.2,50.0
2023-11-07 09:00:00,1.8,44.0
2023-11-07 10:00:00,2.3,83.0
2023-11-07 11:00:00,3.4,55.0
2023-11-07 12:00:00,4.0,231.0
2023-11-07 13:00:00,3.9,93.0
2023-11-07 14:00:00,2.3,96.0
2023-11-07 15:00:00,2.8,47.0
2023-11-07 16:00:00,1.8,9.0
2023-11-07 17:00:00,6.1,0.0
2023-11-07 18:00:00,1.1,0.0
2023-11-07 19:00:00,1.5,0.0
2023-11-07 20:00:00,1.8,0.0
2023-11-07 21:00:00,2.6,0.0
2023-11-07 22:00:00,3.7,0.0
2023-11-07 23:00:00,3.8,0.0
2023-11-08 00:00:00,6.6,0.0
2023-11-08 01:00:00,11.4,0.0
2023-11-08 02:00:00,7.8,0.0
2023-11-08 03:00:00,7.7,0.0
2023-11-08 04:00:00,7.3,0.0
2023-11-08 05:00:00,7.6,0.0
2023-11-08 06:00:00,7.3,1.0
2023-11-08 07:00:00,5.7,52.0
2023-11-08 08:00:00,3.5,152.0
2023-11-08 09:00:00,1.8,282.0
2023-11-08 10:00:00,4.0,404.0
2023-11-08 11:00:00,6.3,440.0
2023-11-08 12:00:00,6.5,413.0
2023-11-08 13:00:00,4.9,335.0
2023-11-08 14:00:00,4.0,233.0
2023-11-08 15:00:00,3.7,104.0
2023-11-08 16:00:00,2.9,9.0
2023-11-08 17:00:00,3.3,0.0
2023-11-08 18:00:00,4.7,0.0
2023-11-08 19:00:00,7.4,0.0
2023-11-08 20:00:00,6.3,0.0
2023-11-08 21:00:00,4.1,0.0
2023-11-08 22:00:00,3.9,0.0
2023-11-08 23:00:00,3.1,0.0
2023-11-09 00:00:00,3.0,0.0
2023-11-09 01:00:00,4.6,0.0
2023-11-09 02:00:00,3.6,0.0
2023-11-09 03:00:00,0.4,0.0
2023-11-09 04:00:00,1.1,0.0
2023-11-09 05:00:00,2.5,0.0
2023-11-09 06:00:00,2.6,0.0
2023-11-09 07:00:00,2.3,41.0
2023-11-09 08:00:00,3.1,127.0
2023-11-09 09:00:00,4.0,282.0
2023-11-09 10:00:00,7.2,387.0
2023-11-09 11:00:00,9.4,431.0
2023-11-09 12:00:00,11.9,402.0
2023-11-09 13:00:00,13.1,302.0
2023-11-09 14:00:00,17.6,210.0
2023-11-09 15:00:00,17.0,85.0
2023-11-09 16:00:00,16.4,7.0
2023-11-09 17:00:00,14.4,0.0
2023-11-09 18:00:00,12.6,0.0
2023-11-09 19:00:00,10.1,0.0
2023-11-09 20:00:00,7.3,0.0
2023-11-09 21:00:00,7.0,0.0
2023-11-09 22:00:00,6.7,0.0
2023-11-09 23:00:00,8.0,0.0
2023-11-10 00:00:00,8.2,0.0
2023-11-10 01:00:00,5.4,0.0
2023-11-10 02:00:00,4.0,0.0
2023-11-10 03:00:00,5.4,0.0
2023-11-10 04:00:00,8.0,0.0
2023-11-10 05:00:00,7.6,0.0
2023-11-10 06:00:00,8.7,0.0
2023-11-10 07:00:00,9.5,12.0
2023-11-10 08:00:00,8.3,24.0
2023-11-10 09:00:00,9.1,47.0
2023-11-10 10:00:00,10.8,59.0
2023-11-10 11:00:00,9.5,66.0
2023-11-10 12:00:00,9.2,153.0
2023-11-10 13:00:00,7.2,95.0
2023-11-10 14:00:00,5.4,55.0
2023-11-10 15:00:00,5.2,28.0
2023-11-10 16:00:00,2.9,3.0
2023-11-10 17:00:00,2.8,0.0
2023-11-10 18:00:00,1.8,0.0
2023-11-10 19:00:00,3.3,0.0
2023-11-10 20:00:00,1.4,0.0
2023-11-10 21:00:00,4.2,0.0
2023-11-10 22:00:00,5.8,0.0
2023-11-10 23:00:00,4.1,0.0
2023-11-11 00:00:00,2.0,0.0
2023-11-11 01:00:00,5.8,0.0
2023-11-11 02:00:00,6.1,0.0
2023-11-11 03:00:00,12.6,0.0
2023-11-11 04:00:00,13.8,0.0
2023-11-11 05:00:00,17.3,0.0
2023-11-11 06:00:00,14.8,0.0
2023-11-11 07:00:00,17.0,10.0
2023-11-11 08:00:00,17.4,33.0
2023-11-11 09:00:00,12.5,39.0
2023-11-11 10:00:00,8.1,62.0
2023-11-11 11:00:00,9.0,176.0
2023-11-11 12:00:00,6.0,301.0
2023-11-11 13:00:00,11.1,243.0
2023-11-11 14:00:00,12.6,193.0
2023-11-11 15:00:00,6.6,89.0
2023-11-11 16:00:00,9.5,7.0
2023-11-11 17:00:00,8.6,0.0
2023-11-11 18:00:00,6.0,0.0
2023-11-11 19:00:00,6.0,0.0
2023-11-11 20:00:00,5.5,0.0
2023-11-11 21:00:00,5.9,0.0
2023-11-11 22:00:00,7.2,0.0
2023-11-11 23:00:00,5.9,0.0
2023-11-12 00:00:00,6.8,0.0
2023-11-12 01:00:00,5.8,0.0
2023-11-12 02:00:00,6.0,0.0
2023-11-12 03:00:00,8.4,0.0
2023-11-12 04:00:00,4.4,0.0
2023-11-12 05:00:00,3.6,0.0
2023-11-12 06:00:00,3.8,0.0
2023-11-12 07:00:00,1.1,57.0
2023-11-12 08:00:00,2.9,190.0
2023-11-12 09:00:00,3.9,301.0
2023-11-12 10:00:00,4.1,390.0
2023-11-12 11:00:00,5.9,423.0
2023-11-12 12:00:00,6.8,408.0
2023-11-12 13:00:00,5.9,214.0
2023-11-12 14:00:00,4.2,137.0
2023-11-12 15:00:00,1.8,37.0
2023-11-12 16:00:00,3.7,4.0
2023-11-12 17:00:00,2.8,0.0
2023-11-12 18:00:00,3.7,0.0
2023-11-12 19:00:00,4.1,0.0
2023-11-12 20:00:00,4.1,0.0
2023-11-12 21:00:00,5.0,0.0
2023-11-12 22:00:00,4.3,0.0
2023-11-12 23:00:00,3.6,0.0
2023-11-13 00:00:00,4.1,0.0
2023-11-13 01:00:00,5.1,0.0
2023-11-13 02:00:00,4.7,0.0
2023-11-13 03:00:00,5.5,0.0
2023-11-13 04:00:00,4.8,0.0
2023-11-13 05:00:00,6.7,0.0
2023-11-13 06:00:00,5.7,0.0
2023-11-13 07:00:00,6.3,34.0
2023-11-13 08:00:00,3.6,79.0
2023-11-13 09:00:00,3.1,133.0
2023-11-13 10:00:00,2.3,249.0
2023-11-13 11:00:00,1.5,212.0
2023-11-13 12:00:00,3.8,229.0
2023-11-13 13:00:00,2.6,84.0
2023-11-13 14:00:00,1.5,90.0
2023-11-13 15:00:00,2.3,36.0
2023-11-13 16:00:00,5.6,2.0
2023-11-13 17:00:00,6.1,0.0
2023-11-13 18:00:00,5.5,0.0
2023-11-13 19:00:00,5.9,0.0
2023-11-13 20:00:00,4.4,0.0
2023-11-13 21:00:00,5.8,0.0
2023-11-13 22:00:00,7.2,0.0
2023-11-13 23:00:00,8.6,0.0
2023-11-14 00:00:00,8.7,0.0
2023-11-14 01:00:00,4.5,0.0
2023-11-14 02:00:00,4.4,0.0
2023-11-14 03:00:00,4.9,0.0
2023-11-14 04:00:00,6.8,0.0
2023-11-14 05:00:00,6.3,0.0
2023-11-14 06:00:00,5.6,0.0
2023-11-14 07:00:00,8.3,35.0
2023-11-14 08:00:00,10.5,88.0
2023-11-14 09:00:00,10.1,194.0
2023-11-14 10:00:00,12.7,193.0
2023-11-14 11:00:00,15.8,192.0
2023-11-14 12:00:00,15.2,190.0
2023-11-14 13:00:00,6.6,248.0
2023-11-14 14:00:00,4.0,158.0
2023-11-14 15:00:00,3.7,37.0
2023-11-14 16:00:00,6.9,1.0
2023-11-14 17:00:00,6.6,0.0
2023-11-14 18:00:00,5.0,0.0
2023-11-14 19:00:00,6.1,0.0
2023-11-14 20:00:00,6.9,0.0
2023-11-14 21:00:00,4.3,0.0
2023-11-14 22:00:00,5.4,0.0
2023-11-14 23:00:00,6.2,0.0
2023-11-15 00:00:00,10.8,0.0
2023-11-15 01:00:00,6.2,0.0
2023-11-15 02:00:00,9.0,0.0
2023-11-15 03:00:00,10.7,0.0
2023-11-15 04:00:00,6.0,0.0
2023-11-15 05:00:00,5.4,0.0
2023-11-15 06:00:00,4.0,0.0
2023-11-15 07:00:00,4.3,45.0
2023-11-15 08:00:00,4.0,174.0
2023-11-15 09:00:00,4.2,291.0
2023-11-15 10:00:00,6.2,377.0
2023-11-15 11:00:00,11.5,413.0
2023-11-15 12:00:00,13.3,369.0
2023-11-15 13:00:00,2.5,286.0
2023-11-15 14:00:00,4.1,202.0
2023-11-15 15:00:00,4.9,78.0
2023-11-15 16:00:00,8.0,4.0
2023-11-15 17:00:00,5.4,0.0
2023-11-15 18:00:00,4.9,0.0
2023-11-15 19:00:00,5.9,0.0
2023-11-15 20:00:00,5.0,0.0
2023-11-15 21:00:00,5.8,0.0
2023-11-15 22:00:00,3.7,0.0
2023-11-15 23:00:00,1.9,0.0
2023-11-16 00:00:00,5.8,0.0
2023-11-16 01:00:00,6.4,0.0
2023-11-16 02:00:00,5.5,0.0
2023-11-16 03:00:00,2.9,0.0
2023-11-16 04:00:00,1.3,0.0
2023-11-16 05:00:00,3.7,0.0
2023-11-16 06:00:00,5.6,0.0
2023-11-16 07:00:00,6.1,28.0
2023-11-16 08:00:00,6.1,74.0
2023-11-16 09:00:00,7.5,140.0
2023-11-16 10:00:00,5.9,146.0
2023-11-16 11:00:00,4.9,336.0
2023-11-16 12:00:00,5.4,314.0
2023-11-16 13:00:00,4.1,241.0
2023-11-16 14:00:00,5.8,155.0
2023-11-16 15:00:00,4.3,46.0
2023-11-16 16:00:00,5.2,2.0
2023-11-16 17:00:00,6.6,0.0
2023-11-16 18:00:00,8.9,0.0
2023-11-16 19:00:00,6.8,0.0
2023-11-16 20:00:00,6.0,0.0
2023-11-16 21:00:00,4.8,0.0
2023-11-16 22:00:00,6.1,0.0
2023-11-16 23:00:00,6.1,0.0
2023-11-17 00:00:00,6.5,0.0
2023-11-17 01:00:00,8.5,0.0
2023-11-17 02:00:00,7.4,0.0
2023-11-17 03:00:00,7.1,0.0
2023-11-17 04:00:00,4.2,0.0
2023-11-17 05:00:00,4.8,0.0
2023-11-17 06:00:00,9.5,0.0
2023-11-17 07:00:00,9.7,30.0
2023-11-17 08:00:00,18.7,51.0
2023-11-17 09:00:00,18.8,195.0
2023-11-17 10:00:00,20.5,287.0
2023-11-17 11:00:00,24.7,338.0
2023-11-17 12:00:00,22.9,286.0
2023-11-17 13:00:00,8.4,183.0
2023-11-17 14:00:00,10.3,176.0
2023-11-17 15:00:00,10.5,82.0
2023-11-17 16:00:00,13.8,3.0
2023-11-17 17:00:00,15.0,0.0
2023-11-17 18:00:00,14.6,0.0
2023-11-17 19:00:00,14.2,0.0
2023-11-17 20:00:00,10.8,0.0
2023-11-17 21:00:00,6.6,0.0
2023-11-17 22:00:00,5.4,0.0
2023-11-17 23:00:00,5.3,0.0
2023-11-18 00:00:00,4.8,0.0
2023-11-18 01:00:00,4.3,0.0
2023-11-18 02:00:00,4.7,0.0
2023-11-18 03:00:00,4.5,0.0
2023-11-18 04:00:00,3.9,0.0
2023-11-18 05:00:00,3.1,0.0
2023-11-18 06:00:00,4.8,0.0
2023-11-18 07:00:00,3.4,38.0
2023-11-18 08:00:00,2.3,153.0
2023-11-18 09:00:00,2.9,263.0
2023-11-18 10:00:00,4.4,353.0
2023-11-18 11:00:00,4.3,368.0
2023-11-18 12:00:00,3.8,384.0
2023-11-18 13:00:00,0.8,309.0
2023-11-18 14:00:00,1.4,187.0
2023-11-18 15:00:00,1.3,79.0
2023-11-18 16:00:00,4.3,3.0
2023-11-18 17:00:00,6.2,0.0
2023-11-18 18:00:00,4.9,0.0
2023-11-18 19:00:00,6.2,0.0
2023-11-18 20:00:00,5.7,0.0
2023-11-18 21:00:00,2.1,0.0
2023-11-18 22:00:00,2.1,0.0
2023-11-18 23:00:00,4.0,0.0
2023-11-19 00:00:00,5.2,0.0
2023-11-19 01:00:00,4.8,0.0
2023-11-19 02:00:00,5.2,0.0
2023-11-19 03:00:00,4.6,0.0
2023-11-19 04:00:00,5.2,0.0
2023-11-19 05:00:00,3.0,0.0
2023-11-19 06:00:00,4.4,0.0
2023-11-19 07:00:00,4.3,13.0
2023-11-19 08:00:00,3.6,26.0
2023-11-19 09:00:00,3.1,44.0
2023-11-19 10:00:00,2.7,140.0
2023-11-19 11:00:00,3.2,231.0
2023-11-19 12:00:00,3.3,270.0
2023-11-19 13:00:00,3.4,273.0
2023-11-19 14:00:00,2.3,171.0
2023-11-19 15:00:00,4.6,77.0
2023-11-19 16:00:00,5.9,3.0
2023-11-19 17:00:00,7.0,0.0
2023-11-19 18:00:00,6.2,0.0
2023-11-19 19:00:00,6.9,0.0
2023-11-19 20:00:00,6.4,0.0
2023-11-19 21:00:00,7.5,0.0
2023-11-19 22:00:00,6.3,0.0
2023-11-19 23:00:00,5.3,0.0
2023-11-20 00:00:00,7.3,0.0
2023-11-20 01:00:00,7.1,0.0
2023-11-20 02:00:00,6.7,0.0
2023-11-20 03:00:00,6.0,0.0
2023-11-20 04:00:00,6.2,0.0
2023-11-20 05:00:00,7.9,0.0
2023-11-20 06:00:00,7.0,0.0
2023-11-20 07:00:00,3.9,29.0
2023-11-20 08:00:00,2.9,116.0
2023-11-20 09:00:00,1.9,204.0
2023-11-20 10:00:00,1.0,249.0
2023-11-20 11:00:00,1.8,235.0
2023-11-20 12:00:00,2.5,231.0
2023-11-20 13:00:00,2.5,193.0
2023-11-20 14:00:00,1.8,135.0
2023-11-20 15:00:00,3.3,60.0
2023-11-20 16:00:00,1.8,2.0
2023-11-20 17:00:00,1.1,0.0
2023-11-20 18:00:00,1.1,0.0
2023-11-20 19:00:00,2.1,0.0
2023-11-20 20:00:00,2.9,0.0
2023-11-20 21:00:00,5.8,0.0
2023-11-20 22:00:00,4.4,0.0
2023-11-20 23:00:00,3.7,0.0
2023-11-21 00:00:00,4.5,0.0
2023-11-21 01:00:00,2.3,0.0
2023-11-21 02:00:00,4.7,0.0
2023-11-21 03:00:00,4.8,0.0
2023-11-21 04:00:00,10.6,0.0
2023-11-21 05:00:00,12.6,0.0
2023-11-21 06:00:00,12.6,0.0
2023-11-21 07:00:00,12.1,3.0
2023-11-21 08:00:00,17.6,11.0
2023-11-21 09:00:00,16.3,35.0
2023-11-21 10:00:00,13.5,38.0
2023-11-21 11:00:00,8.6,63.0
2023-11-21 12:00:00,5.4,115.0
2023-11-21 13:00:00,6.5,61.0
2023-11-21 14:00:00,6.5,46.0
2023-11-21 15:00:00,5.4,18.0
2023-11-21 16:00:00,6.5,1.0
2023-11-21 17:00:00,5.4,0.0
2023-11-21 18:00:00,6.7,0.0
2023-11-21 19:00:00,7.3,0.0
2023-11-21 20:00:00,7.2,0.0
2023-11-21 21:00:00,9.6,0.0
2023-11-21 22:00:00,11.2,0.0
2023-11-21 23:00:00,14.3,0.0
2023-11-22 00:00:00,13.6,0.0
2023-11-22 01:00:00,16.5,0.0
2023-11-22 02:00:00,16.0,0.0
2023-11-22 03:00:00,15.3,0.0
2023-11-22 04:00:00,15.4,0.0
2023-11-22 05:00:00,16.9,0.0
2023-11-22 06:00:00,19.4,0.0
2023-11-22 07:00:00,20.4,16.0
2023-11-22 08:00:00,20.7,60.0
2023-11-22 09:00:00,20.0,168.0
2023-11-22 10:00:00,22.1,284.0
2023-11-22 11:00:00,21.4,327.0
2023-11-22 12:00:00,20.1,302.0
2023-11-22 13:00:00,17.7,136.0
2023-11-22 14:00:00,14.3,96.0
2023-11-22 15:00:00,18.1,34.0
2023-11-22 16:00:00,15.5,1.0
2023-11-22 17:00:00,16.3,0.0
2023-11-22 18:00:00,15.6,0.0
2023-11-22 19:00:00,12.0,0.0
2023-11-22 20:00:00,10.7,0.0
2023-11-22 21:00:00,10.2,0.0
2023-11-22 22:00:00,10.9,0.0
2023-11-22 23:00:00,11.8,0.0
2023-11-23 00:00:00,8.6,0.0
2023-11-23 01:00:00,5.2,0.0
2023-11-23 02:00:00,4.7,0.0
2023-11-23 03:00:00,4.0,0.0
2023-11-23 04:00:00,5.2,0.0
2023-11-23 05:00:00,4.2,0.0
2023-11-23 06:00:00,4.2,0.0
2023-11-23 07:00:00,6.2,28.0
2023-11-23 08:00:00,3.1,134.0
2023-11-23 09:00:00,2.2,259.0
2023-11-23 10:00:00,2.6,341.0
2023-11-23 11:00:00,5.2,379.0
2023-11-23 12:00:00,4.7,305.0
2023-11-23 13:00:00,6.2,304.0
2023-11-23 14:00:00,6.8,198.0
2023-11-23 15:00:00,7.2,73.0
2023-11-23 16:00:00,3.3,2.0
2023-11-23 17:00:00,3.1,0.0
2023-11-23 18:00:00,6.5,0.0
2023-11-23 19:00:00,5.9,0.0
2023-11-23 20:00:00,4.9,0.0
2023-11-23 21:00:00,8.2,0.0
2023-11-23 22:00:00,8.0,0.0
2023-11-23 23:00:00,6.5,0.0
2023-11-24 00:00:00,5.4,0.0
2023-11-24 01:00:00,6.2,0.0
2023-11-24 02:00:00,5.7,0.0
2023-11-24 03:00:00,4.7,0.0
2023-11-24 04:00:00,5.4,0.0
2023-11-24 05:00:00,4.8,0.0
2023-11-24 06:00:00,6.1,0.0
2023-11-24 07:00:00,5.8,26.0
2023-11-24 08:00:00,6.7,86.0
2023-11-24 09:00:00,4.2,168.0
2023-11-24 10:00:00,5.1,346.0
2023-11-24 11:00:00,6.0,372.0
2023-11-24 12:00:00,6.2,346.0
2023-11-24 13:00:00,5.8,280.0
2023-11-24 14:00:00,10.6,194.0
2023-11-24 15:00:00,10.8,70.0
2023-11-24 16:00:00,10.4,1.0
2023-11-24 17:00:00,10.5,0.0
2023-11-24 18:00:00,7.5,0.0
2023-11-24 19:00:00,6.1,0.0
2023-11-24 20:00:00,7.8,0.0
2023-11-24 21:00:00,4.0,0.0
2023-11-24 22:00:00,4.7,0.0
2023-11-24 23:00:00,3.3,0.0
2023-11-25 00:00:00,4.7,0.0
2023-11-25 01:00:00,4.8,0.0
2023-11-25 02:00:00,5.9,0.0
2023-11-25 03:00:00,6.4,0.0
2023-11-25 04:00:00,2.6,0.0
2023-11-25 05:00:00,0.5,0.0
2023-11-25 06:00:00,4.2,0.0
2023-11-25 07:00:00,4.0,20.0
2023-11-25 08:00:00,6.3,112.0
2023-11-25 09:00:00,9.6,175.0
2023-11-25 10:00:00,21.1,293.0
2023-11-25 11:00:00,21.6,344.0
2023-11-25 12:00:00,21.3,368.0
2023-11-25 13:00:00,20.5,302.0
2023-11-25 14:00:00,20.2,191.0
2023-11-25 15:00:00,20.2,71.0
2023-11-25 16:00:00,15.9,1.0
2023-11-25 17:00:00,17.3,0.0
2023-11-25 18:00:00,14.4,0.0
2023-11-25 19:00:00,8.6,0.0
2023-11-25 20:00:00,6.1,0.0
2023-11-25 21:00:00,5.5,0.0
2023-11-25 22:00:00,6.0,0.0
2023-11-25 23:00:00,7.1,0.0
2023-11-26 00:00:00,8.2,0.0
2023-11-26 01:00:00,4.0,0.0
2023-11-26 02:00:00,4.8,0.0
2023-11-26 03:00:00,6.5,0.0
2023-11-26 04:00:00,7.8,0.0
2023-11-26 05:00:00,9.9,0.0
2023-11-26 06:00:00,7.7,0.0
2023-11-26 07:00:00,9.0,22.0
2023-11-26 08:00:00,7.4,128.0
2023-11-26 09:00:00,4.5,257.0
2023-11-26 10:00:00,4.1,342.0
2023-11-26 11:00:00,9.8,348.0
2023-11-26 12:00:00,9.1,221.0
2023-11-26 13:00:00,7.9,240.0
2023-11-26 14:00:00,6.2,152.0
2023-11-26 15:00:00,7.9,47.0
2023-11-26 16:00:00,5.8,1.0
2023-11-26 17:00:00,5.4,0.0
2023-11-26 18:00:00,1.8,0.0
2023-11-26 19:00:00,5.9,0.0
2023-11-26 20:00:00,5.1,0.0
2023-11-26 21:00:00,10.7,0.0
2023-11-26 22:00:00,10.0,0.0
2023-11-26 23:00:00,10.1,0.0
2023-11-27 00:00:00,8.0,0.0
2023-11-27 01:00:00,7.2,0.0
2023-11-27 02:00:00,6.2,0.0
2023-11-27 03:00:00,7.6,0.0
2023-11-27 04:00:00,5.6,0.0
2023-11-27 05:00:00,5.8,0.0
2023-11-27 06:00:00,5.4,0.0
2023-11-27 07:00:00,3.3,19.0
2023-11-27 08:00:00,2.9,100.0
2023-11-27 09:00:00,2.8,191.0
2023-11-27 10:00:00,3.0,268.0
2023-11-27 11:00:00,4.7,272.0
2023-11-27 12:00:00,5.1,282.0
2023-11-27 13:00:00,5.2,263.0
2023-11-27 14:00:00,6.6,170.0
2023-11-27 15:00:00,10.4,50.0
2023-11-27 16:00:00,8.0,1.0
2023-11-27 17:00:00,9.2,0.0
2023-11-27 18:00:00,7.7,0.0
2023-11-27 19:00:00,7.9,0.0
2023-11-27 20:00:00,7.3,0.0
2023-11-27 21:00:00,7.2,0.0
2023-11-27 22:00:00,7.2,0.0
2023-11-27 23:00:00,6.8,0.0
2023-11-28 00:00:00,7.9,0.0
2023-11-28 01:00:00,9.1,0.0
2023-11-28 02:00:00,9.7,0.0
2023-11-28 03:00:00,9.7,0.0
2023-11-28 04:00:00,5.5,0.0
2023-11-28 05:00:00,5.3,0.0
2023-11-28 06:00:00,9.9,0.0
2023-11-28 07:00:00,9.7,3.0
2023-11-28 08:00:00,7.3,14.0
2023-11-28 09:00:00,7.1,34.0
2023-11-28 10:00:00,7.6,55.0
2023-11-28 11:00:00,9.7,94.0
2023-11-28 12:00:00,8.2,140.0
2023-11-28 13:00:00,6.5,209.0
2023-11-28 14:00:00,4.0,162.0
2023-11-28 15:00:00,3.3,55.0
2023-11-28 16:00:00,5.4,1.0
2023-11-28 17:00:00,7.6,0.0
2023-11-28 18:00:00,5.2,0.0
2023-11-28 19:00:00,3.6,0.0
2023-11-28 20:00:00,4.4,0.0
2023-11-28 21:00:00,6.1,0.0
2023-11-28 22:00:00,5.4,0.0
2023-11-28 23:00:00,5.5,0.0
2023-11-29 00:00:00,4.0,0.0
2023-11-29 01:00:00,1.6,0.0
2023-11-29 02:00:00,4.7,0.0
2023-11-29 03:00:00,7.2,0.0
2023-11-29 04:00:00,7.3,0.0
2023-11-29 05:00:00,6.6,0.0
2023-11-29 06:00:00,6.2,0.0
2023-11-29 07:00:00,4.0,18.0
2023-11-29 08:00:00,4.3,127.0
2023-11-29 09:00:00,6.4,243.0
2023-11-29 10:00:00,6.0,304.0
2023-11-29 11:00:00,6.2,317.0
2023-11-29 12:00:00,6.5,290.0
2023-11-29 13:00:00,5.8,218.0
2023-11-29 14:00:00,6.4,157.0
2023-11-29 15:00:00,5.5,62.0
2023-11-29 16:00:00,6.5,1.0
2023-11-29 17:00:00,6.5,0.0
2023-11-29 18:00:00,5.8,0.0
2023-11-29 19:00:00,7.2,0.0
2023-11-29 20:00:00,6.1,0.0
2023-11-29 21:00:00,5.4,0.0
2023-11-29 22:00:00,5.4,0.0
2023-11-29 23:00:00,5.4,0.0
2023-11-30 00:00:00,5.8,0.0
2023-11-30 01:00:00,4.7,0.0
2023-11-30 02:00:00,3.8,0.0
2023-11-30 03:00:00,5.1,0.0
2023-11-30 04:00:00,4.3,0.0
2023-11-30 05:00:00,3.6,0.0
2023-11-30 06:00:00,1.5,0.0
2023-11-30 07:00:00,1.0,3.0
2023-11-30 08:00:00,1.8,23.0
2023-11-30 09:00:00,2.2,88.0
2023-11-30 10:00:00,2.3,78.0
2023-11-30 11:00:00,2.5,107.0
2023-11-30 12:00:00,2.5,85.0
2023-11-30 13:00:00,4.0,44.0
2023-11-30 14:00:00,4.1,28.0
2023-11-30 15:00:00,6.6,14.0
2023-11-30 16:00:00,6.6,0.0
2023-11-30 17:00:00,6.2,0.0
2023-11-30 18:00:00,7.2,0.0
2023-11-30 19:00:00,8.6,0.0
2023-11-30 20:00:00,7.9,0.0
2023-11-30 21:00:00,7.6,0.0
2023-11-30 22:00:00,7.7,0.0
2023-11-30 23:00:00,6.5,0.0
2023-12-01 00:00:00,7.6,0.0
2023-12-01 01:00:00,6.6,0.0
2023-12-01 02:00:00,7.8,0.0
2023-12-01 03:00:00,5.5,0.0
2023-12-01 04:00:00,5.6,0.0
2023-12-01 05:00:00,6.6,0.0
2023-12-01 06:00:00,8.3,0.0
2023-12-01 07:00:00,9.8,5.0
2023-12-01 08:00:00,7.2,32.0
2023-12-01 09:00:00,6.8,49.0
2023-12-01 10:00:00,7.4,78.0
2023-12-01 11:00:00,6.0,116.0
2023-12-01 12:00:00,5.4,223.0
2023-12-01 13:00:00,7.1,181.0
2023-12-01 14:00:00,8.0,134.0
2023-12-01 15:00:00,6.0,42.0
2023-12-01 16:00:00,6.4,0.0
2023-12-01 17:00:00,4.4,0.0
2023-12-01 18:00:00,5.8,0.0
2023-12-01 19:00:00,5.9,0.0
2023-12-01 20:00:00,6.3,0.0
2023-12-01 21:00:00,5.1,0.0
2023-12-01 22:00:00,4.0,0.0
2023-12-01 23:00:00,3.2,0.0
2023-12-02 00:00:00,2.9,0.0
2023-12-02 01:00:00,3.0,0.0
2023-12-02 02:00:00,3.0,0.0
2023-12-02 03:00:00,5.7,0.0
2023-12-02 04:00:00,8.6,0.0
2023-12-02 05:00:00,8.4,0.0
2023-12-02 06:00:00,7.8,0.0
2023-12-02 07:00:00,8.2,6.0
2023-12-02 08:00:00,7.9,67.0
2023-12-02 09:00:00,8.6,92.0
2023-12-02 10:00:00,9.5,65.0
2023-12-02 11:00:00,14.7,109.0
2023-12-02 12:00:00,15.2,37.0
2023-12-02 13:00:00,16.2,161.0
2023-12-02 14:00:00,12.7,110.0
2023-12-02 15:00:00,8.7,52.0
2023-12-02 16:00:00,7.1,0.0
2023-12-02 17:00:00,8.7,0.0
2023-12-02 18:00:00,7.1,0.0
2023-12-02 19:00:00,2.7,0.0
2023-12-02 20:00:00,2.6,0.0
2023-12-02 21:00:00,5.4,0.0
2023-12-02 22:00:00,4.9,0.0
2023-12-02 23:00:00,5.6,0.0
2023-12-03 00:00:00,3.6,0.0
2023-12-03 01:00:00,4.6,0.0
2023-12-03 02:00:00,3.1,0.0
2023-12-03 03:00:00,2.0,0.0
2023-12-03 04:00:00,2.8,0.0
2023-12-03 05:00:00,1.8,0.0
2023-12-03 06:00:00,2.5,0.0
2023-12-03 07:00:00,2.5,5.0
2023-12-03 08:00:00,3.3,63.0
2023-12-03 09:00:00,6.2,191.0
2023-12-03 10:00:00,9.5,290.0
2023-12-03 11:00:00,8.4,345.0
2023-12-03 12:00:00,8.6,354.0
2023-12-03 13:00:00,4.0,277.0
2023-12-03 14:00:00,4.3,169.0
2023-12-03 15:00:00,4.0,56.0
2023-12-03 16:00:00,4.5,0.0
2023-12-03 17:00:00,4.6,0.0
2023-12-03 18:00:00,3.7,0.0
2023-12-03 19:00:00,1.9,0.0
2023-12-03 20:00:00,1.1,0.0
2023-12-03 21:00:00,2.8,0.0
2023-12-03 22:00:00,3.4,0.0
2023-12-03 23:00:00,4.7,0.0
2023-12-04 00:00:00,5.2,0.0
2023-12-04 01:00:00,1.8,0.0
2023-12-04 02:00:00,1.6,0.0
2023-12-04 03:00:00,2.6,0.0
2023-12-04 04:00:00,0.8,0.0
2023-12-04 05:00:00,3.5,0.0
2023-12-04 06:00:00,6.1,0.0
2023-12-04 07:00:00,4.9,14.0
2023-12-04 08:00:00,5.6,112.0
2023-12-04 09:00:00,5.9,235.0
2023-12-04 10:00:00,6.4,322.0
2023-12-04 11:00:00,6.7,342.0
2023-12-04 12:00:00,8.0,279.0
2023-12-04 13:00:00,7.7,199.0
2023-12-04 14:00:00,4.3,96.0
2023-12-04 15:00:00,6.8,39.0
2023-12-04 16:00:00,6.9,0.0
2023-12-04 17:00:00,6.7,0.0
2023-12-04 18:00:00,5.4,0.0
2023-12-04 19:00:00,4.2,0.0
2023-12-04 20:00:00,4.3,0.0
2023-12-04 21:00:00,4.1,0.0
2023-12-04 22:00:00,2.6,0.0
2023-12-04 23:00:00,3.1,0.0
2023-12-05 00:00:00,3.1,0.0
2023-12-05 01:00:00,3.3,0.0
2023-12-05 02:00:00,2.6,0.0
2023-12-05 03:00:00,2.8,0.0
2023-12-05 04:00:00,0.8,0.0
2023-12-05 05:00:00,2.4,0.0
2023-12-05 06:00:00,3.1,0.0
2023-12-05 07:00:00,1.8,10.0
2023-12-05 08:00:00,2.1,43.0
2023-12-05 09:00:00,2.2,38.0
2023-12-05 10:00:00,2.9,74.0
2023-12-05 11:00:00,2.9,78.0
2023-12-05 12:00:00,3.3,41.0
2023-12-05 13:00:00,4.1,36.0
2023-12-05 14:00:00,4.3,16.0
2023-12-05 15:00:00,3.1,7.0
2023-12-05 16:00:00,2.2,0.0
2023-12-05 17:00:00,2.5,0.0
2023-12-05 18:00:00,5.0,0.0
2023-12-05 19:00:00,7.3,0.0
2023-12-05 20:00:00,7.8,0.0
2023-12-05 21:00:00,7.3,0.0
2023-12-05 22:00:00,8.0,0.0
2023-12-05 23:00:00,7.5,0.0
2023-12-06 00:00:00,8.6,0.0
2023-12-06 01:00:00,9.1,0.0
2023-12-06 02:00:00,8.8,0.0
2023-12-06 03:00:00,9.2,0.0
2023-12-06 04:00:00,9.2,0.0
2023-12-06 05:00:00,8.0,0.0
2023-12-06 06:00:00,7.9,0.0
2023-12-06 07:00:00,7.2,3.0
2023-12-06 08:00:00,6.6,55.0
2023-12-06 09:00:00,6.6,117.0
2023-12-06 10:00:00,5.7,147.0
2023-12-06 11:00:00,6.0,147.0
2023-12-06 12:00:00,7.0,118.0
2023-12-06 13:00:00,7.1,94.0
2023-12-06 14:00:00,6.7,64.0
2023-12-06 15:00:00,6.1,25.0
2023-12-06 16:00:00,5.8,0.0
2023-12-06 17:00:00,5.2,0.0
2023-12-06 18:00:00,4.0,0.0
2023-12-06 19:00:00,3.7,0.0
2023-12-06 20:00:00,2.9,0.0
2023-12-06 21:00:00,3.7,0.0
2023-12-06 22:00:00,4.1,0.0
2023-12-06 23:00:00,3.6,0.0
2023-12-07 00:00:00,2.9,0.0
2023-12-07 01:00:00,3.2,0.0
2023-12-07 02:00:00,3.9,0.0
2023-12-07 03:00:00,5.4,0.0
2023-12-07 04:00:00,5.7,0.0
2023-12-07 05:00:00,6.4,0.0
2023-12-07 06:00:00,6.9,0.0
2023-12-07 07:00:00,6.9,10.0
2023-12-07 08:00:00,6.4,92.0
2023-12-07 09:00:00,3.8,194.0
2023-12-07 10:00:00,2.6,293.0
2023-12-07 11:00:00,1.6,334.0
2023-12-07 12:00:00,1.1,308.0
2023-12-07 13:00:00,4.0,271.0
2023-12-07 14:00:00,3.7,163.0
2023-12-07 15:00:00,3.6,55.0
2023-12-07 16:00:00,2.5,0.0
2023-12-07 17:00:00,2.9,0.0
2023-12-07 18:00:00,1.9,0.0
2023-12-07 19:00:00,3.6,0.0
2023-12-07 20:00:00,7.0,0.0
2023-12-07 21:00:00,6.6,0.0
2023-12-07 22:00:00,0.5,0.0
2023-12-07 23:00:00,4.3,0.0
2023-12-08 00:00:00,5.4,0.0
2023-12-08 01:00:00,5.0,0.0
2023-12-08 02:00:00,6.8,0.0
2023-12-08 03:00:00,6.2,0.0
2023-12-08 04:00:00,5.4,0.0
2023-12-08 05:00:00,4.9,0.0
2023-12-08 06:00:00,3.3,0.0
2023-12-08 07:00:00,4.0,8.0
2023-12-08 08:00:00,3.6,70.0
2023-12-08 09:00:00,2.9,152.0
2023-12-08 10:00:00,1.5,228.0
2023-12-08 11:00:00,1.8,275.0
2023-12-08 12:00:00,3.1,318.0
2023-12-08 13:00:00,3.9,243.0
2023-12-08 14:00:00,2.7,149.0
2023-12-08 15:00:00,6.9,51.0
2023-12-08 16:00:00,7.2,0.0
2023-12-08 17:00:00,7.2,0.0
2023-12-08 18:00:00,8.5,0.0
2023-12-08 19:00:00,6.5,0.0
2023-12-08 20:00:00,5.7,0.0
2023-12-08 21:00:00,5.3,0.0
2023-12-08 22:00:00,5.2,0.0
2023-12-08 23:00:00,4.5,0.0
2023-12-09 00:00:00,4.3,0.0
2023-12-09 01:00:00,3.2,0.0
2023-12-09 02:00:00,2.6,0.0
2023-12-09 03:00:00,3.0,0.0
2023-12-09 04:00:00,2.5,0.0
2023-12-09 05:00:00,1.5,0.0
2023-12-09 06:00:00,1.6,0.0
2023-12-09 07:00:00,2.4,2.0
2023-12-09 08:00:00,2.9,25.0
2023-12-09 09:00:00,4.0,61.0
2023-12-09 10:00:00,4.0,114.0
2023-12-09 11:00:00,3.6,135.0
2023-12-09 12:00:00,3.3,153.0
2023-12-09 13:00:00,4.2,133.0
2023-12-09 14:00:00,4.4,117.0
2023-12-09 15:00:00,3.3,45.0
2023-12-09 16:00:00,3.8,0.0
2023-12-09 17:00:00,4.3,0.0
2023-12-09 18:00:00,5.9,0.0
2023-12-09 19:00:00,7.1,0.0
2023-12-09 20:00:00,6.2,0.0
2023-12-09 21:00:00,6.1,0.0
2023-12-09 22:00:00,4.1,0.0
2023-12-09 23:00:00,5.6,0.0
2023-12-10 00:00:00,5.5,0.0
2023-12-10 01:00:00,6.9,0.0
2023-12-10 02:00:00,4.6,0.0
2023-12-10 03:00:00,5.8,0.0
2023-12-10 04:00:00,2.2,0.0
2023-12-10 05:00:00,4.0,0.0
2023-12-10 06:00:00,2.9,0.0
2023-12-10 07:00:00,3.9,2.0
2023-12-10 08:00:00,3.6,23.0
2023-12-10 09:00:00,3.5,56.0
2023-12-10 10:00:00,4.8,93.0
2023-12-10 11:00:00,3.7,139.0
2023-12-10 12:00:00,3.7,153.0
2023-12-10 13:00:00,4.3,179.0
2023-12-10 14:00:00,2.3,171.0
2023-12-10 15:00:00,7.6,54.0
2023-12-10 16:00:00,4.6,0.0
2023-12-10 17:00:00,4.0,0.0
2023-12-10 18:00:00,5.2,0.0
2023-12-10 19:00:00,4.2,0.0
2023-12-10 20:00:00,4.6,0.0
2023-12-10 21:00:00,5.5,0.0
2023-12-10 22:00:00,6.0,0.0
2023-12-10 23:00:00,4.3,0.0
2023-12-11 00:00:00,3.7,0.0
2023-12-11 01:00:00,2.0,0.0
2023-12-11 02:00:00,3.8,0.0
2023-12-11 03:00:00,2.9,0.0
2023-12-11 04:00:00,3.3,0.0
2023-12-11 05:00:00,3.7,0.0
2023-12-11 06:00:00,4.3,0.0
2023-12-11 07:00:00,7.9,6.0
2023-12-11 08:00:00,9.4,69.0
2023-12-11 09:00:00,4.8,148.0
2023-12-11 10:00:00,4.7,274.0
2023-12-11 11:00:00,4.0,317.0
2023-12-11 12:00:00,4.7,301.0
2023-12-11 13:00:00,6.3,159.0
2023-12-11 14:00:00,4.1,52.0
2023-12-11 15:00:00,5.4,5.0
2023-12-11 16:00:00,6.7,0.0
2023-12-11 17:00:00,4.9,0.0
2023-12-11 18:00:00,5.7,0.0
2023-12-11 19:00:00,5.9,0.0
2023-12-11 20:00:00,5.3,0.0
2023-12-11 21:00:00,7.4,0.0
2023-12-11 22:00:00,10.3,0.0
2023-12-11 23:00:00,11.5,0.0
2023-12-12 00:00:00,8.4,0.0
2023-12-12 01:00:00,8.8,0.0
2023-12-12 02:00:00,8.9,0.0
2023-12-12 03:00:00,6.7,0.0
2023-12-12 04:00:00,7.8,0.0
2023-12-12 05:00:00,6.3,0.0
2023-12-12 06:00:00,3.7,0.0
2023-12-12 07:00:00,1.5,5.0
2023-12-12 08:00:00,2.5,55.0
2023-12-12 09:00:00,2.3,95.0
2023-12-12 10:00:00,1.3,163.0
2023-12-12 11:00:00,3.4,136.0
2023-12-12 12:00:00,0.7,128.0
2023-12-12 13:00:00,3.0,72.0
2023-12-12 14:00:00,2.1,83.0
2023-12-12 15:00:00,1.3,9.0
2023-12-12 16:00:00,3.6,0.0
2023-12-12 17:00:00,4.8,0.0
2023-12-12 18:00:00,1.1,0.0
2023-12-12 19:00:00,1.9,0.0
2023-12-12 20:00:00,1.3,0.0
2023-12-12 21:00:00,1.4,0.0
2023-12-12 22:00:00,0.8,0.0
2023-12-12 23:00:00,3.7,0.0
2023-12-13 00:00:00,3.3,0.0
2023-12-13 01:00:00,0.4,0.0
2023-12-13 02:00:00,1.1,0.0
2023-12-13 03:00:00,2.6,0.0
2023-12-13 04:00:00,3.5,0.0
2023-12-13 05:00:00,0.8,0.0
2023-12-13 06:00:00,2.9,0.0
2023-12-13 07:00:00,9.7,1.0
2023-12-13 08:00:00,9.3,10.0
2023-12-13 09:00:00,6.5,17.0
2023-12-13 10:00:00,6.3,32.0
2023-12-13 11:00:00,4.3,19.0
2023-12-13 12:00:00,4.8,26.0
2023-12-13 13:00:00,3.9,17.0
2023-12-13 14:00:00,5.2,23.0
2023-12-13 15:00:00,3.9,3.0
2023-12-13 16:00:00,6.2,0.0
2023-12-13 17:00:00,4.7,0.0
2023-12-13 18:00:00,2.5,0.0
2023-12-13 19:00:00,3.6,0.0
2023-12-13 20:00:00,2.1,0.0
2023-12-13 21:00:00,8.4,0.0
2023-12-13 22:00:00,10.1,0.0
2023-12-13 23:00:00,7.9,0.0
2023-12-14 00:00:00,9.0,0.0
2023-12-14 01:00:00,6.8,0.0
2023-12-14 02:00:00,8.7,0.0
2023-12-14 03:00:00,8.8,0.0
2023-12-14 04:00:00,8.9,0.0
2023-12-14 05:00:00,10.3,0.0
2023-12-14 06:00:00,8.7,0.0
2023-12-14 07:00:00,5.7,5.0
2023-12-14 08:00:00,8.8,64.0
2023-12-14 09:00:00,5.6,182.0
2023-12-14 10:00:00,4.8,265.0
2023-12-14 11:00:00,5.2,300.0
2023-12-14 12:00:00,4.0,235.0
2023-12-14 13:00:00,3.8,201.0
2023-12-14 14:00:00,5.7,144.0
2023-12-14 15:00:00,5.4,47.0
2023-12-14 16:00:00,4.6,0.0
2023-12-14 17:00:00,3.8,0.0
2023-12-14 18:00:00,5.6,0.0
2023-12-14 19:00:00,6.8,0.0
2023-12-14 20:00:00,4.2,0.0
2023-12-14 21:00:00,4.7,0.0
2023-12-14 22:00:00,4.3,0.0
2023-12-14 23:00:00,5.6,0.0
2023-12-15 00:00:00,5.6,0.0
2023-12-15 01:00:00,6.2,0.0
2023-12-15 02:00:00,6.3,0.0
2023-12-15 03:00:00,6.0,0.0
2023-12-15 04:00:00,8.7,0.0
2023-12-15 05:00:00,8.8,0.0
2023-12-15 06:00:00,8.3,0.0
2023-12-15 07:00:00,7.2,4.0
2023-12-15 08:00:00,7.6,66.0
2023-12-15 09:00:00,5.6,204.0
2023-12-15 10:00:00,7.6,274.0
2023-12-15 11:00:00,11.9,327.0
2023-12-15 12:00:00,17.1,308.0
2023-12-15 13:00:00,16.4,240.0
2023-12-15 14:00:00,17.0,166.0
2023-12-15 15:00:00,15.5,55.0
2023-12-15 16:00:00,15.0,0.0
2023-12-15 17:00:00,16.4,0.0
2023-12-15 18:00:00,18.5,0.0
2023-12-15 19:00:00,16.6,0.0
2023-12-15 20:00:00,12.6,0.0
2023-12-15 21:00:00,13.2,0.0
2023-12-15 22:00:00,13.2,0.0
2023-12-15 23:00:00,11.8,0.0
2023-12-16 00:00:00,8.7,0.0
2023-12-16 01:00:00,6.3,0.0
2023-12-16 02:00:00,4.9,0.0
2023-12-16 03:00:00,4.4,0.0
2023-12-16 04:00:00,4.3,0.0
2023-12-16 05:00:00,3.6,0.0
2023-12-16 06:00:00,2.8,0.0
2023-12-16 07:00:00,3.6,3.0
2023-12-16 08:00:00,9.0,65.0
2023-12-16 09:00:00,11.4,172.0
2023-12-16 10:00:00,12.8,268.0
2023-12-16 11:00:00,15.3,321.0
2023-12-16 12:00:00,19.6,300.0
2023-12-16 13:00:00,14.7,148.0
2023-12-16 14:00:00,12.1,140.0
2023-12-16 15:00:00,5.5,50.0
2023-12-16 16:00:00,7.3,0.0
2023-12-16 17:00:00,6.4,0.0
2023-12-16 18:00:00,6.2,0.0
2023-12-16 19:00:00,5.9,0.0
2023-12-16 20:00:00,5.1,0.0
2023-12-16 21:00:00,3.1,0.0
2023-12-16 22:00:00,6.2,0.0
2023-12-16 23:00:00,6.6,0.0
2023-12-17 00:00:00,7.9,0.0
2023-12-17 01:00:00,5.1,0.0
2023-12-17 02:00:00,4.7,0.0
2023-12-17 03:00:00,6.6,0.0
2023-12-17 04:00:00,3.1,0.0
2023-12-17 05:00:00,5.1,0.0
2023-12-17 06:00:00,6.2,0.0
2023-12-17 07:00:00,4.7,4.0
2023-12-17 08:00:00,2.7,70.0
2023-12-17 09:00:00,2.0,170.0
2023-12-17 10:00:00,3.1,269.0
2023-12-17 11:00:00,4.3,324.0
2023-12-17 12:00:00,5.2,316.0
2023-12-17 13:00:00,2.6,261.0
2023-12-17 14:00:00,2.9,164.0
2023-12-17 15:00:00,4.3,54.0
2023-12-17 16:00:00,2.7,0.0
2023-12-17 17:00:00,4.1,0.0
2023-12-17 18:00:00,5.4,0.0
2023-12-17 19:00:00,6.0,0.0
2023-12-17 20:00:00,7.0,0.0
2023-12-17 21:00:00,6.4,0.0
2023-12-17 22:00:00,4.3,0.0
2023-12-17 23:00:00,3.6,0.0
2023-12-18 00:00:00,4.5,0.0
2023-12-18 01:00:00,7.4,0.0
2023-12-18 02:00:00,7.4,0.0
2023-12-18 03:00:00,6.6,0.0
2023-12-18 04:00:00,6.1,0.0
2023-12-18 05:00:00,3.8,0.0
2023-12-18 06:00:00,3.4,0.0
2023-12-18 07:00:00,3.3,4.0
2023-12-18 08:00:00,1.9,72.0
2023-12-18 09:00:00,1.8,168.0
2023-12-18 10:00:00,1.5,275.0
2023-12-18 11:00:00,1.6,323.0
2023-12-18 12:00:00,1.8,320.0
2023-12-18 13:00:00,2.4,265.0
2023-12-18 14:00:00,2.2,171.0
2023-12-18 15:00:00,2.9,58.0
2023-12-18 16:00:00,2.9,0.0
2023-12-18 17:00:00,3.3,0.0
2023-12-18 18:00:00,2.6,0.0
2023-12-18 19:00:00,2.6,0.0
2023-12-18 20:00:00,2.9,0.0
2023-12-18 21:00:00,3.0,0.0
2023-12-18 22:00:00,3.8,0.0
2023-12-18 23:00:00,4.8,0.0
2023-12-19 00:00:00,5.6,0.0
2023-12-19 01:00:00,5.6,0.0
2023-12-19 02:00:00,6.4,0.0
2023-12-19 03:00:00,5.5,0.0
2023-12-19 04:00:00,3.4,0.0
2023-12-19 05:00:00,1.8,0.0
2023-12-19 06:00:00,2.4,0.0
2023-12-19 07:00:00,1.6,5.0
2023-12-19 08:00:00,2.5,78.0
2023-12-19 09:00:00,1.9,173.0
2023-12-19 10:00:00,1.3,277.0
2023-12-19 11:00:00,0.7,334.0
2023-12-19 12:00:00,1.8,329.0
2023-12-19 13:00:00,1.6,266.0
2023-12-19 14:00:00,0.7,173.0
2023-12-19 15:00:00,2.5,60.0
2023-12-19 16:00:00,1.4,0.0
2023-12-19 17:00:00,0.8,0.0
2023-12-19 18:00:00,2.4,0.0
2023-12-19 19:00:00,1.4,0.0
2023-12-19 20:00:00,2.1,0.0
2023-12-19 21:00:00,2.5,0.0
2023-12-19 22:00:00,2.6,0.0
2023-12-19 23:00:00,2.3,0.0
2023-12-20 00:00:00,2.4,0.0
2023-12-20 01:00:00,2.2,0.0
2023-12-20 02:00:00,3.9,0.0
2023-12-20 03:00:00,2.4,0.0
2023-12-20 04:00:00,3.9,0.0
2023-12-20 05:00:00,2.6,0.0
2023-12-20 06:00:00,3.1,0.0
2023-12-20 07:00:00,3.7,3.0
2023-12-20 08:00:00,4.1,61.0
2023-12-20 09:00:00,4.3,148.0
2023-12-20 10:00:00,2.7,219.0
2023-12-20 11:00:00,2.9,271.0
2023-12-20 12:00:00,0.8,235.0
2023-12-20 13:00:00,2.3,163.0
2023-12-20 14:00:00,5.8,88.0
2023-12-20 15:00:00,7.8,31.0
2023-12-20 16:00:00,6.9,0.0
2023-12-20 17:00:00,6.6,0.0
2023-12-20 18:00:00,4.3,0.0
2023-12-20 19:00:00,4.0,0.0
2023-12-20 20:00:00,1.8,0.0
2023-12-20 21:00:00,2.6,0.0
2023-12-20 22:00:00,3.6,0.0
2023-12-20 23:00:00,5.8,0.0
2023-12-21 00:00:00,5.2,0.0
2023-12-21 01:00:00,4.3,0.0
2023-12-21 02:00:00,4.7,0.0
2023-12-21 03:00:00,1.1,0.0
2023-12-21 04:00:00,3.2,0.0
2023-12-21 05:00:00,6.3,0.0
2023-12-21 06:00:00,5.9,0.0
2023-12-21 07:00:00,7.9,4.0
2023-12-21 08:00:00,4.5,72.0
2023-12-21 09:00:00,2.3,174.0
2023-12-21 10:00:00,3.4,269.0
2023-12-21 11:00:00,3.1,312.0
2023-12-21 12:00:00,4.5,308.0
2023-12-21 13:00:00,6.9,183.0
2023-12-21 14:00:00,6.0,74.0
2023-12-21 15:00:00,6.4,15.0
2023-12-21 16:00:00,6.1,0.0
2023-12-21 17:00:00,6.2,0.0
2023-12-21 18:00:00,6.8,0.0
2023-12-21 19:00:00,5.2,0.0
2023-12-21 20:00:00,8.2,0.0
2023-12-21 21:00:00,9.5,0.0
2023-12-21 22:00:00,8.9,0.0
2023-12-21 23:00:00,8.1,0.0
2023-12-22 00:00:00,8.2,0.0
2023-12-22 01:00:00,8.2,0.0
2023-12-22 02:00:00,8.2,0.0
2023-12-22 03:00:00,8.0,0.0
2023-12-22 04:00:00,9.2,0.0
2023-12-22 05:00:00,8.0,0.0
2023-12-22 06:00:00,4.3,0.0
2023-12-22 07:00:00,5.5,3.0
2023-12-22 08:00:00,7.4,68.0
2023-12-22 09:00:00,4.0,191.0
2023-12-22 10:00:00,2.8,273.0
2023-12-22 11:00:00,5.5,271.0
2023-12-22 12:00:00,1.5,205.0
2023-12-22 13:00:00,5.0,234.0
2023-12-22 14:00:00,4.3,150.0
2023-12-22 15:00:00,6.7,55.0
2023-12-22 16:00:00,9.2,1.0
2023-12-22 17:00:00,7.8,0.0
2023-12-22 18:00:00,7.8,0.0
2023-12-22 19:00:00,4.9,0.0
2023-12-22 20:00:00,1.4,0.0
2023-12-22 21:00:00,4.0,0.0
2023-12-22 22:00:00,4.6,0.0
2023-12-22 23:00:00,9.0,0.0
2023-12-23 00:00:00,10.6,0.0
2023-12-23 01:00:00,8.9,0.0
2023-12-23 02:00:00,7.8,0.0
2023-12-23 03:00:00,8.0,0.0
2023-12-23 04:00:00,9.3,0.0
2023-12-23 05:00:00,8.4,0.0
2023-12-23 06:00:00,6.9,0.0
2023-12-23 07:00:00,4.6,3.0
2023-12-23 08:00:00,9.6,70.0
2023-12-23 09:00:00,10.2,170.0
2023-12-23 10:00:00,7.6,266.0
2023-12-23 11:00:00,5.6,290.0
2023-12-23 12:00:00,6.0,313.0
2023-12-23 13:00:00,8.4,248.0
2023-12-23 14:00:00,4.0,167.0
2023-12-23 15:00:00,5.2,59.0
2023-12-23 16:00:00,2.2,1.0
2023-12-23 17:00:00,3.1,0.0
2023-12-23 18:00:00,4.0,0.0
2023-12-23 19:00:00,7.2,0.0
2023-12-23 20:00:00,10.2,0.0
2023-12-23 21:00:00,8.0,0.0
2023-12-23 22:00:00,5.6,0.0
2023-12-23 23:00:00,4.2,0.0
2023-12-24 00:00:00,2.2,0.0
2023-12-24 01:00:00,4.3,0.0
2023-12-24 02:00:00,1.8,0.0
2023-12-24 03:00:00,1.6,0.0
2023-12-24 04:00:00,4.0,0.0
2023-12-24 05:00:00,4.3,0.0
2023-12-24 06:00:00,3.3,0.0
2023-12-24 07:00:00,2.3,2.0
2023-12-24 08:00:00,2.9,29.0
2023-12-24 09:00:00,5.1,44.0
2023-12-24 10:00:00,2.8,80.0
2023-12-24 11:00:00,2.2,92.0
2023-12-24 12:00:00,2.2,106.0
2023-12-24 13:00:00,7.0,91.0
2023-12-24 14:00:00,2.9,75.0
2023-12-24 15:00:00,4.8,30.0
2023-12-24 16:00:00,5.2,0.0
2023-12-24 17:00:00,6.3,0.0
2023-12-24 18:00:00,5.4,0.0
2023-12-24 19:00:00,6.9,0.0
2023-12-24 20:00:00,7.9,0.0
2023-12-24 21:00:00,7.7,0.0
2023-12-24 22:00:00,8.1,0.0
2023-12-24 23:00:00,8.1,0.0
2023-12-25 00:00:00,9.0,0.0
2023-12-25 01:00:00,8.7,0.0
2023-12-25 02:00:00,9.0,0.0
2023-12-25 03:00:00,7.2,0.0
2023-12-25 04:00:00,5.6,0.0
2023-12-25 05:00:00,7.3,0.0
2023-12-25 06:00:00,10.0,0.0
2023-12-25 07:00:00,10.4,2.0
2023-12-25 08:00:00,11.9,46.0
2023-12-25 09:00:00,12.5,123.0
2023-12-25 10:00:00,10.7,249.0
2023-12-25 11:00:00,7.5,300.0
2023-12-25 12:00:00,6.6,290.0
2023-12-25 13:00:00,12.0,170.0
2023-12-25 14:00:00,10.0,158.0
2023-12-25 15:00:00,8.2,48.0
2023-12-25 16:00:00,7.3,1.0
2023-12-25 17:00:00,6.9,0.0
2023-12-25 18:00:00,9.2,0.0
2023-12-25 19:00:00,9.4,0.0
2023-12-25 20:00:00,8.5,0.0
2023-12-25 21:00:00,8.4,0.0
2023-12-25 22:00:00,8.0,0.0
2023-12-25 23:00:00,6.4,0.0
2023-12-26 00:00:00,4.8,0.0
2023-12-26 01:00:00,5.4,0.0
2023-12-26 02:00:00,6.6,0.0
2023-12-26 03:00:00,8.0,0.0
2023-12-26 04:00:00,6.8,0.0
2023-12-26 05:00:00,5.6,0.0
2023-12-26 06:00:00,4.8,0.0
2023-12-26 07:00:00,4.6,3.0
2023-12-26 08:00:00,7.1,75.0
2023-12-26 09:00:00,5.4,186.0
2023-12-26 10:00:00,5.4,273.0
2023-12-26 11:00:00,6.1,318.0
2023-12-26 12:00:00,10.0,315.0
2023-12-26 13:00:00,11.9,266.0
2023-12-26 14:00:00,8.7,175.0
2023-12-26 15:00:00,7.1,64.0
2023-12-26 16:00:00,8.7,1.0
2023-12-26 17:00:00,9.2,0.0
2023-12-26 18:00:00,6.4,0.0
2023-12-26 19:00:00,6.4,0.0
2023-12-26 20:00:00,6.1,0.0
2023-12-26 21:00:00,7.2,0.0
2023-12-26 22:00:00,6.1,0.0
2023-12-26 23:00:00,7.9,0.0
2023-12-27 00:00:00,8.0,0.0
2023-12-27 01:00:00,8.3,0.0
2023-12-27 02:00:00,8.0,0.0
2023-12-27 03:00:00,6.9,0.0
2023-12-27 04:00:00,6.0,0.0
2023-12-27 05:00:00,4.9,0.0
2023-12-27 06:00:00,3.3,0.0
2023-12-27 07:00:00,4.3,3.0
2023-12-27 08:00:00,1.0,62.0
2023-12-27 09:00:00,1.3,122.0
2023-12-27 10:00:00,1.9,183.0
2023-12-27 11:00:00,1.8,237.0
2023-12-27 12:00:00,3.7,239.0
2023-12-27 13:00:00,3.5,207.0
2023-12-27 14:00:00,3.9,152.0
2023-12-27 15:00:00,3.1,58.0
2023-12-27 16:00:00,1.6,1.0
2023-12-27 17:00:00,2.6,0.0
2023-12-27 18:00:00,3.3,0.0
2023-12-27 19:00:00,4.5,0.0
2023-12-27 20:00:00,5.6,0.0
2023-12-27 21:00:00,4.1,0.0
2023-12-27 22:00:00,3.1,0.0
2023-12-27 23:00:00,2.8,0.0
2023-12-28 00:00:00,3.1,0.0
2023-12-28 01:00:00,3.6,0.0
2023-12-28 02:00:00,3.6,0.0
2023-12-28 03:00:00,4.8,0.0
2023-12-28 04:00:00,4.6,0.0
2023-12-28 05:00:00,5.2,0.0
2023-12-28 06:00:00,5.8,0.0
2023-12-28 07:00:00,6.6,3.0
2023-12-28 08:00:00,6.2,75.0
2023-12-28 09:00:00,5.5,190.0
2023-12-28 10:00:00,4.1,275.0
2023-12-28 11:00:00,6.6,324.0
2023-12-28 12:00:00,10.5,321.0
2023-12-28 13:00:00,15.1,274.0
2023-12-28 14:00:00,12.2,180.0
2023-12-28 15:00:00,8.9,67.0
2023-12-28 16:00:00,8.3,1.0
2023-12-28 17:00:00,8.6,0.0
2023-12-28 18:00:00,8.0,0.0
2023-12-28 19:00:00,7.9,0.0
2023-12-28 20:00:00,8.5,0.0
2023-12-28 21:00:00,8.0,0.0
2023-12-28 22:00:00,8.4,0.0
2023-12-28 23:00:00,8.9,0.0
2023-12-29 00:00:00,8.9,0.0
2023-12-29 01:00:00,7.6,0.0
2023-12-29 02:00:00,6.8,0.0
2023-12-29 03:00:00,6.1,0.0
2023-12-29 04:00:00,6.0,0.0
2023-12-29 05:00:00,5.3,0.0
2023-12-29 06:00:00,6.2,0.0
2023-12-29 07:00:00,6.0,3.0
2023-12-29 08:00:00,5.7,74.0
2023-12-29 09:00:00,4.8,184.0
2023-12-29 10:00:00,4.0,273.0
2023-12-29 11:00:00,4.5,317.0
2023-12-29 12:00:00,12.4,285.0
2023-12-29 13:00:00,9.0,216.0
2023-12-29 14:00:00,6.2,162.0
2023-12-29 15:00:00,8.1,64.0
2023-12-29 16:00:00,8.6,2.0
2023-12-29 17:00:00,6.7,0.0
2023-12-29 18:00:00,7.2,0.0
2023-12-29 19:00:00,7.6,0.0
2023-12-29 20:00:00,6.5,0.0
2023-12-29 21:00:00,6.1,0.0
2023-12-29 22:00:00,6.8,0.0
2023-12-29 23:00:00,7.2,0.0
2023-12-30 00:00:00,5.4,0.0
2023-12-30 01:00:00,7.6,0.0
2023-12-30 02:00:00,8.6,0.0
2023-12-30 03:00:00,9.1,0.0
2023-12-30 04:00:00,8.5,0.0
2023-12-30 05:00:00,6.4,0.0
2023-12-30 06:00:00,5.6,0.0
2023-12-30 07:00:00,5.6,3.0
2023-12-30 08:00:00,5.4,72.0
2023-12-30 09:00:00,3.6,162.0
2023-12-30 10:00:00,1.6,213.0
2023-12-30 11:00:00,1.8,239.0
2023-12-30 12:00:00,1.6,306.0
2023-12-30 13:00:00,1.0,219.0
2023-12-30 14:00:00,0.5,138.0
2023-12-30 15:00:00,4.0,61.0
2023-12-30 16:00:00,4.7,2.0
2023-12-30 17:00:00,5.0,0.0
2023-12-30 18:00:00,4.3,0.0
2023-12-30 19:00:00,3.4,0.0
2023-12-30 20:00:00,5.4,0.0
2023-12-30 21:00:00,6.4,0.0
2023-12-30 22:00:00,5.2,0.0
2023-12-30 23:00:00,6.3,0.0
2023-12-31 00:00:00,4.3,0.0
2023-12-31 01:00:00,7.0,0.0
2023-12-31 02:00:00,8.4,0.0
2023-12-31 03:00:00,10.4,0.0
2023-12-31 04:00:00,9.7,0.0
2023-12-31 05:00:00,8.9,0.0
2023-12-31 06:00:00,7.6,0.0
2023-12-31 07:00:00,7.1,3.0
2023-12-31 08:00:00,9.5,70.0
2023-12-31 09:00:00,7.8,182.0
2023-12-31 10:00:00,9.4,260.0
2023-12-31 11:00:00,12.6,315.0
2023-12-31 12:00:00,14.8,318.0
2023-12-31 13:00:00,16.1,253.0
2023-12-31 14:00:00,18.8,169.0
2023-12-31 15:00:00,16.9,65.0
2023-12-31 16:00:00,15.4,2.0
2023-12-31 17:00:00,11.2,0.0
2023-12-31 18:00:00,7.7,0.0
2023-12-31 19:00:00,6.5,0.0
2023-12-31 20:00:00,10.4,0.0
2023-12-31 21:00:00,15.2,0.0
2023-12-31 22:00:00,16.5,0.0
2023-12-31 23:00:00,16.9,0.0
2024-01-01 00:00:00,13.5,0.0
2024-01-01 01:00:00,7.6,0.0
2024-01-01 02:00:00,13.6,0.0
2024-01-01 03:00:00,17.1,0.0
2024-01-01 04:00:00,14.8,0.0
2024-01-01 05:00:00,12.4,0.0
2024-01-01 06:00:00,21.3,0.0
2024-01-01 07:00:00,14.9,0.0
2024-01-01 08:00:00,3.3,33.0
2024-01-01 09:00:00,6.2,43.0
2024-01-01 10:00:00,4.5,75.0
2024-01-01 11:00:00,5.5,107.0
2024-01-01 12:00:00,8.0,151.0
2024-01-01 13:00:00,10.4,68.0
2024-01-01 14:00:00,5.4,50.0
2024-01-01 15:00:00,3.0,18.0
2024-01-01 16:00:00,1.5,1.0
2024-01-01 17:00:00,2.5,0.0
2024-01-01 18:00:00,1.8,0.0
2024-01-01 19:00:00,1.8,0.0
2024-01-01 20:00:00,3.3,0.0
2024-01-01 21:00:00,6.2,0.0
2024-01-01 22:00:00,6.4,0.0
2024-01-01 23:00:00,4.0,0.0
2024-01-02 00:00:00,5.2,0.0
2024-01-02 01:00:00,4.6,0.0
2024-01-02 02:00:00,4.3,0.0
2024-01-02 03:00:00,4.6,0.0
2024-01-02 04:00:00,3.8,0.0
2024-01-02 05:00:00,2.8,0.0
2024-01-02 06:00:00,1.5,0.0
2024-01-02 07:00:00,1.6,2.0
2024-01-02 08:00:00,4.7,39.0
2024-01-02 09:00:00,6.2,95.0
2024-01-02 10:00:00,7.4,144.0
2024-01-02 11:00:00,8.2,194.0
2024-01-02 12:00:00,8.0,235.0
2024-01-02 13:00:00,7.3,181.0
2024-01-02 14:00:00,10.8,143.0
2024-01-02 15:00:00,16.8,64.0
2024-01-02 16:00:00,17.3,2.0
2024-01-02 17:00:00,16.3,0.0
2024-01-02 18:00:00,14.1,0.0
2024-01-02 19:00:00,12.1,0.0
2024-01-02 20:00:00,13.3,0.0
2024-01-02 21:00:00,13.1,0.0
2024-01-02 22:00:00,14.5,0.0
2024-01-02 23:00:00,17.4,0.0
2024-01-03 00:00:00,20.5,0.0
2024-01-03 01:00:00,19.4,0.0
2024-01-03 02:00:00,15.8,0.0
2024-01-03 03:00:00,14.6,0.0
2024-01-03 04:00:00,11.7,0.0
2024-01-03 05:00:00,10.3,0.0
2024-01-03 06:00:00,10.0,0.0
2024-01-03 07:00:00,7.9,1.0
2024-01-03 08:00:00,5.8,42.0
2024-01-03 09:00:00,5.5,65.0
2024-01-03 10:00:00,7.1,128.0
2024-01-03 11:00:00,8.2,294.0
2024-01-03 12:00:00,12.6,275.0
2024-01-03 13:00:00,11.1,245.0
2024-01-03 14:00:00,8.6,165.0
2024-01-03 15:00:00,4.9,60.0
2024-01-03 16:00:00,5.6,3.0
2024-01-03 17:00:00,7.0,0.0
2024-01-03 18:00:00,7.3,0.0
2024-01-03 19:00:00,4.0,0.0
2024-01-03 20:00:00,4.8,0.0
2024-01-03 21:00:00,5.0,0.0
2024-01-03 22:00:00,4.9,0.0
2024-01-03 23:00:00,5.2,0.0
2024-01-04 00:00:00,6.2,0.0
2024-01-04 01:00:00,6.8,0.0
2024-01-04 02:00:00,7.7,0.0
2024-01-04 03:00:00,9.5,0.0
2024-01-04 04:00:00,7.1,0.0
2024-01-04 05:00:00,6.6,0.0
2024-01-04 06:00:00,11.5,0.0
2024-01-04 07:00:00,14.6,2.0
2024-01-04 08:00:00,14.9,74.0
2024-01-04 09:00:00,11.9,193.0
2024-01-04 10:00:00,5.6,287.0
2024-01-04 11:00:00,4.9,338.0
2024-01-04 12:00:00,7.7,338.0
2024-01-04 13:00:00,9.5,286.0
2024-01-04 14:00:00,7.3,197.0
2024-01-04 15:00:00,5.9,81.0
2024-01-04 16:00:00,7.3,4.0
2024-01-04 17:00:00,6.7,0.0
2024-01-04 18:00:00,6.8,0.0
2024-01-04 19:00:00,6.6,0.0
2024-01-04 20:00:00,3.7,0.0
2024-01-04 21:00:00,6.9,0.0
2024-01-04 22:00:00,2.1,0.0
2024-01-04 23:00:00,2.5,0.0
2024-01-05 00:00:00,7.4,0.0
2024-01-05 01:00:00,6.4,0.0
2024-01-05 02:00:00,6.2,0.0
2024-01-05 03:00:00,4.9,0.0
2024-01-05 04:00:00,6.2,0.0
2024-01-05 05:00:00,4.7,0.0
2024-01-05 06:00:00,4.4,0.0
2024-01-05 07:00:00,2.5,2.0
2024-01-05 08:00:00,2.2,44.0
2024-01-05 09:00:00,1.9,129.0
2024-01-05 10:00:00,1.1,193.0
2024-01-05 11:00:00,2.5,257.0
2024-01-05 12:00:00,4.3,272.0
2024-01-05 13:00:00,2.7,246.0
2024-01-05 14:00:00,1.0,132.0
2024-01-05 15:00:00,3.1,60.0
2024-01-05 16:00:00,8.4,4.0
2024-01-05 17:00:00,5.8,0.0
2024-01-05 18:00:00,7.9,0.0
2024-01-05 19:00:00,7.3,0.0
2024-01-05 20:00:00,8.0,0.0
2024-01-05 21:00:00,8.0,0.0
2024-01-05 22:00:00,7.8,0.0
2024-01-05 23:00:00,6.3,0.0
2024-01-06 00:00:00,6.8,0.0
2024-01-06 01:00:00,6.8,0.0
2024-01-06 02:00:00,9.0,0.0
2024-01-06 03:00:00,9.8,0.0
2024-01-06 04:00:00,8.7,0.0
2024-01-06 05:00:00,7.7,0.0
2024-01-06 06:00:00,7.1,0.0
2024-01-06 07:00:00,6.5,1.0
2024-01-06 08:00:00,5.2,23.0
2024-01-06 09:00:00,5.2,39.0
2024-01-06 10:00:00,4.9,35.0
2024-01-06 11:00:00,7.1,72.0
2024-01-06 12:00:00,6.8,46.0
2024-01-06 13:00:00,6.4,32.0
2024-01-06 14:00:00,7.7,24.0
2024-01-06 15:00:00,8.3,15.0
2024-01-06 16:00:00,11.3,1.0
2024-01-06 17:00:00,14.9,0.0
2024-01-06 18:00:00,15.9,0.0
2024-01-06 19:00:00,16.7,0.0
2024-01-06 20:00:00,19.3,0.0
2024-01-06 21:00:00,20.5,0.0
2024-01-06 22:00:00,21.4,0.0
2024-01-06 23:00:00,21.3,0.0
2024-01-07 00:00:00,20.1,0.0
2024-01-07 01:00:00,21.6,0.0
2024-01-07 02:00:00,21.3,0.0
2024-01-07 03:00:00,20.6,0.0
2024-01-07 04:00:00,19.4,0.0
2024-01-07 05:00:00,19.7,0.0
2024-01-07 06:00:00,22.3,0.0
2024-01-07 07:00:00,23.1,0.0
2024-01-07 08:00:00,20.9,12.0
2024-01-07 09:00:00,19.9,20.0
2024-01-07 10:00:00,18.1,29.0
2024-01-07 11:00:00,15.5,69.0
2024-01-07 12:00:00,15.1,62.0
2024-01-07 13:00:00,9.4,31.0
2024-01-07 14:00:00,5.1,28.0
2024-01-07 15:00:00,4.3,13.0
2024-01-07 16:00:00,12.4,1.0
2024-01-07 17:00:00,12.8,0.0
2024-01-07 18:00:00,10.4,0.0
2024-01-07 19:00:00,11.4,0.0
2024-01-07 20:00:00,12.5,0.0
2024-01-07 21:00:00,13.7,0.0
2024-01-07 22:00:00,10.6,0.0
2024-01-07 23:00:00,8.4,0.0
2024-01-08 00:00:00,9.3,0.0
2024-01-08 01:00:00,4.8,0.0
2024-01-08 02:00:00,3.0,0.0
2024-01-08 03:00:00,4.7,0.0
2024-01-08 04:00:00,4.8,0.0
2024-01-08 05:00:00,11.5,0.0
2024-01-08 06:00:00,11.2,0.0
2024-01-08 07:00:00,12.0,1.0
2024-01-08 08:00:00,10.7,21.0
2024-01-08 09:00:00,12.6,33.0
2024-01-08 10:00:00,13.8,45.0
2024-01-08 11:00:00,14.7,49.0
2024-01-08 12:00:00,15.3,70.0
2024-01-08 13:00:00,11.0,80.0
2024-01-08 14:00:00,9.6,41.0
2024-01-08 15:00:00,10.7,19.0
2024-01-08 16:00:00,9.6,1.0
2024-01-08 17:00:00,9.0,0.0
2024-01-08 18:00:00,6.4,0.0
2024-01-08 19:00:00,7.8,0.0
2024-01-08 20:00:00,9.7,0.0
2024-01-08 21:00:00,8.9,0.0
2024-01-08 22:00:00,12.2,0.0
2024-01-08 23:00:00,11.1,0.0
2024-01-09 00:00:00,10.9,0.0
2024-01-09 01:00:00,11.1,0.0
2024-01-09 02:00:00,10.6,0.0
2024-01-09 03:00:00,9.1,0.0
2024-01-09 04:00:00,9.0,0.0
2024-01-09 05:00:00,9.5,0.0
2024-01-09 06:00:00,8.7,0.0
2024-01-09 07:00:00,8.8,1.0
2024-01-09 08:00:00,10.0,21.0
2024-01-09 09:00:00,10.6,56.0
2024-01-09 10:00:00,10.4,89.0
2024-01-09 11:00:00,10.5,107.0
2024-01-09 12:00:00,11.9,85.0
2024-01-09 13:00:00,12.1,81.0
2024-01-09 14:00:00,13.2,40.0
2024-01-09 15:00:00,12.0,16.0
2024-01-09 16:00:00,9.7,2.0
2024-01-09 17:00:00,8.7,0.0
2024-01-09 18:00:00,8.8,0.0
2024-01-09 19:00:00,8.4,0.0
2024-01-09 20:00:00,8.0,0.0
2024-01-09 21:00:00,7.9,0.0
2024-01-09 22:00:00,8.2,0.0
2024-01-09 23:00:00,7.7,0.0
2024-01-10 00:00:00,6.1,0.0
2024-01-10 01:00:00,4.6,0.0
2024-01-10 02:00:00,4.5,0.0
2024-01-10 03:00:00,5.0,0.0
2024-01-10 04:00:00,6.0,0.0
2024-01-10 05:00:00,5.7,0.0
2024-01-10 06:00:00,4.9,0.0
2024-01-10 07:00:00,4.9,3.0
2024-01-10 08:00:00,5.2,74.0
2024-01-10 09:00:00,5.6,191.0
2024-01-10 10:00:00,5.4,294.0
2024-01-10 11:00:00,5.1,344.0
2024-01-10 12:00:00,5.8,355.0
2024-01-10 13:00:00,8.6,284.0
2024-01-10 14:00:00,8.3,190.0
2024-01-10 15:00:00,4.3,88.0
2024-01-10 16:00:00,6.8,7.0
2024-01-10 17:00:00,5.9,0.0
2024-01-10 18:00:00,5.6,0.0
2024-01-10 19:00:00,5.1,0.0
2024-01-10 20:00:00,5.3,0.0
2024-01-10 21:00:00,4.8,0.0
2024-01-10 22:00:00,5.8,0.0
2024-01-10 23:00:00,5.3,0.0
2024-01-11 00:00:00,3.4,0.0
2024-01-11 01:00:00,2.8,0.0
2024-01-11 02:00:00,3.1,0.0
2024-01-11 03:00:00,2.0,0.0
2024-01-11 04:00:00,2.3,0.0
2024-01-11 05:00:00,3.3,0.0
2024-01-11 06:00:00,3.8,0.0
2024-01-11 07:00:00,3.2,4.0
2024-01-11 08:00:00,2.4,85.0
2024-01-11 09:00:00,3.1,211.0
2024-01-11 10:00:00,3.5,312.0
2024-01-11 11:00:00,3.3,368.0
2024-01-11 12:00:00,4.0,372.0
2024-01-11 13:00:00,4.7,310.0
2024-01-11 14:00:00,4.0,223.0
2024-01-11 15:00:00,6.6,103.0
2024-01-11 16:00:00,4.6,8.0
2024-01-11 17:00:00,2.3,0.0
2024-01-11 18:00:00,1.6,0.0
2024-01-11 19:00:00,0.5,0.0
2024-01-11 20:00:00,3.4,0.0
2024-01-11 21:00:00,4.9,0.0
2024-01-11 22:00:00,5.1,0.0
2024-01-11 23:00:00,5.2,0.0
2024-01-12 00:00:00,3.3,0.0
2024-01-12 01:00:00,4.3,0.0
2024-01-12 02:00:00,3.9,0.0
2024-01-12 03:00:00,3.1,0.0
2024-01-12 04:00:00,2.9,0.0
2024-01-12 05:00:00,2.3,0.0
2024-01-12 06:00:00,3.8,0.0
2024-01-12 07:00:00,3.1,2.0
2024-01-12 08:00:00,4.6,45.0
2024-01-12 09:00:00,6.3,114.0
2024-01-12 10:00:00,5.9,201.0
2024-01-12 11:00:00,9.4,261.0
2024-01-12 12:00:00,10.1,258.0
2024-01-12 13:00:00,10.7,178.0
2024-01-12 14:00:00,3.0,44.0
2024-01-12 15:00:00,3.4,33.0
2024-01-12 16:00:00,4.5,3.0
2024-01-12 17:00:00,3.8,0.0
2024-01-12 18:00:00,3.1,0.0
2024-01-12 19:00:00,2.9,0.0
2024-01-12 20:00:00,2.9,0.0
2024-01-12 21:00:00,2.2,0.0
2024-01-12 22:00:00,2.9,0.0
2024-01-12 23:00:00,7.3,0.0
2024-01-13 00:00:00,8.5,0.0
2024-01-13 01:00:00,4.8,0.0
2024-01-13 02:00:00,5.2,0.0
2024-01-13 03:00:00,7.2,0.0
2024-01-13 04:00:00,7.7,0.0
2024-01-13 05:00:00,6.1,0.0
2024-01-13 06:00:00,4.6,0.0
2024-01-13 07:00:00,6.1,4.0
2024-01-13 08:00:00,5.0,86.0
2024-01-13 09:00:00,4.5,210.0
2024-01-13 10:00:00,7.8,309.0
2024-01-13 11:00:00,8.6,365.0
2024-01-13 12:00:00,8.9,370.0
2024-01-13 13:00:00,6.9,325.0
2024-01-13 14:00:00,5.9,232.0
2024-01-13 15:00:00,5.6,108.0
2024-01-13 16:00:00,5.2,10.0
2024-01-13 17:00:00,4.5,0.0
2024-01-13 18:00:00,4.8,0.0
2024-01-13 19:00:00,3.2,0.0
2024-01-13 20:00:00,3.5,0.0
2024-01-13 21:00:00,7.2,0.0
2024-01-13 22:00:00,7.1,0.0
2024-01-13 23:00:00,6.1,0.0
2024-01-14 00:00:00,6.4,0.0
2024-01-14 01:00:00,6.7,0.0
2024-01-14 02:00:00,6.7,0.0
2024-01-14 03:00:00,7.2,0.0
2024-01-14 04:00:00,6.3,0.0
2024-01-14 05:00:00,8.0,0.0
2024-01-14 06:00:00,6.0,0.0
2024-01-14 07:00:00,2.3,4.0
2024-01-14 08:00:00,1.0,76.0
2024-01-14 09:00:00,0.0,179.0
2024-01-14 10:00:00,2.0,267.0
2024-01-14 11:00:00,2.8,318.0
2024-01-14 12:00:00,2.6,308.0
2024-01-14 13:00:00,0.7,295.0
2024-01-14 14:00:00,1.8,212.0
2024-01-14 15:00:00,4.6,98.0
2024-01-14 16:00:00,6.5,10.0
2024-01-14 17:00:00,5.4,0.0
2024-01-14 18:00:00,3.4,0.0
2024-01-14 19:00:00,3.3,0.0
2024-01-14 20:00:00,5.4,0.0
2024-01-14 21:00:00,3.1,0.0
2024-01-14 22:00:00,5.9,0.0
2024-01-14 23:00:00,6.5,0.0
2024-01-15 00:00:00,8.2,0.0
2024-01-15 01:00:00,4.6,0.0
2024-01-15 02:00:00,3.2,0.0
2024-01-15 03:00:00,2.6,0.0
2024-01-15 04:00:00,4.5,0.0
2024-01-15 05:00:00,2.9,0.0
2024-01-15 06:00:00,3.3,0.0
2024-01-15 07:00:00,4.8,2.0
2024-01-15 08:00:00,3.8,25.0
2024-01-15 09:00:00,6.2,97.0
2024-01-15 10:00:00,5.1,142.0
2024-01-15 11:00:00,3.3,147.0
2024-01-15 12:00:00,4.6,68.0
2024-01-15 13:00:00,5.6,53.0
2024-01-15 14:00:00,4.6,36.0
2024-01-15 15:00:00,4.5,14.0
2024-01-15 16:00:00,7.0,1.0
2024-01-15 17:00:00,7.2,0.0
2024-01-15 18:00:00,8.7,0.0
2024-01-15 19:00:00,10.6,0.0
2024-01-15 20:00:00,8.7,0.0
2024-01-15 21:00:00,3.6,0.0
2024-01-15 22:00:00,2.9,0.0
2024-01-15 23:00:00,1.8,0.0
2024-01-16 00:00:00,2.6,0.0
2024-01-16 01:00:00,0.4,0.0
2024-01-16 02:00:00,3.0,0.0
2024-01-16 03:00:00,2.4,0.0
2024-01-16 04:00:00,3.3,0.0
2024-01-16 05:00:00,4.5,0.0
2024-01-16 06:00:00,2.4,0.0
2024-01-16 07:00:00,2.5,4.0
2024-01-16 08:00:00,0.0,68.0
2024-01-16 09:00:00,0.5,162.0
2024-01-16 10:00:00,1.6,237.0
2024-01-16 11:00:00,3.1,314.0
2024-01-16 12:00:00,4.8,357.0
2024-01-16 13:00:00,5.1,264.0
2024-01-16 14:00:00,4.6,197.0
2024-01-16 15:00:00,6.4,91.0
2024-01-16 16:00:00,7.9,10.0
2024-01-16 17:00:00,8.8,0.0
2024-01-16 18:00:00,8.6,0.0
2024-01-16 19:00:00,6.6,0.0
2024-01-16 20:00:00,4.4,0.0
2024-01-16 21:00:00,4.1,0.0
2024-01-16 22:00:00,4.6,0.0
2024-01-16 23:00:00,2.7,0.0
2024-01-17 00:00:00,2.3,0.0
2024-01-17 01:00:00,1.5,0.0
2024-01-17 02:00:00,2.6,0.0
2024-01-17 03:00:00,1.9,0.0
2024-01-17 04:00:00,0.8,0.0
2024-01-17 05:00:00,2.3,0.0
2024-01-17 06:00:00,2.1,0.0
2024-01-17 07:00:00,2.9,2.0
2024-01-17 08:00:00,1.1,45.0
2024-01-17 09:00:00,3.1,50.0
2024-01-17 10:00:00,3.3,95.0
2024-01-17 11:00:00,3.8,129.0
2024-01-17 12:00:00,9.3,119.0
2024-01-17 13:00:00,2.9,160.0
2024-01-17 14:00:00,4.5,62.0
2024-01-17 15:00:00,4.4,23.0
2024-01-17 16:00:00,4.8,5.0
2024-01-17 17:00:00,4.4,0.0
2024-01-17 18:00:00,7.4,0.0
2024-01-17 19:00:00,6.6,0.0
2024-01-17 20:00:00,7.0,0.0
2024-01-17 21:00:00,9.4,0.0
2024-01-17 22:00:00,12.2,0.0
2024-01-17 23:00:00,13.0,0.0
2024-01-18 00:00:00,12.5,0.0
2024-01-18 01:00:00,10.3,0.0
2024-01-18 02:00:00,12.6,0.0
2024-01-18 03:00:00,18.0,0.0
2024-01-18 04:00:00,15.2,0.0
2024-01-18 05:00:00,10.5,0.0
2024-01-18 06:00:00,8.7,0.0
2024-01-18 07:00:00,8.0,4.0
2024-01-18 08:00:00,20.0,43.0
2024-01-18 09:00:00,15.7,66.0
2024-01-18 10:00:00,9.1,120.0
2024-01-18 11:00:00,8.7,106.0
2024-01-18 12:00:00,9.6,185.0
2024-01-18 13:00:00,11.0,245.0
2024-01-18 14:00:00,6.3,160.0
2024-01-18 15:00:00,6.8,98.0
2024-01-18 16:00:00,9.2,12.0
2024-01-18 17:00:00,9.7,0.0
2024-01-18 18:00:00,9.7,0.0
2024-01-18 19:00:00,7.4,0.0
2024-01-18 20:00:00,6.4,0.0
2024-01-18 21:00:00,8.9,0.0
2024-01-18 22:00:00,11.5,0.0
2024-01-18 23:00:00,11.3,0.0
2024-01-19 00:00:00,9.2,0.0
2024-01-19 01:00:00,7.9,0.0
2024-01-19 02:00:00,18.7,0.0
2024-01-19 03:00:00,22.9,0.0
2024-01-19 04:00:00,21.1,0.0
2024-01-19 05:00:00,22.5,0.0
2024-01-19 06:00:00,17.4,0.0
2024-01-19 07:00:00,14.0,1.0
2024-01-19 08:00:00,9.3,20.0
2024-01-19 09:00:00,2.6,50.0
2024-01-19 10:00:00,4.7,88.0
2024-01-19 11:00:00,5.9,130.0
2024-01-19 12:00:00,5.1,94.0
2024-01-19 13:00:00,2.3,91.0
2024-01-19 14:00:00,3.5,109.0
2024-01-19 15:00:00,3.7,47.0
2024-01-19 16:00:00,3.9,7.0
2024-01-19 17:00:00,4.3,0.0
2024-01-19 18:00:00,5.0,0.0
2024-01-19 19:00:00,6.6,0.0
2024-01-19 20:00:00,6.9,0.0
2024-01-19 21:00:00,5.8,0.0
2024-01-19 22:00:00,4.7,0.0
2024-01-19 23:00:00,5.2,0.0
2024-01-20 00:00:00,7.4,0.0
2024-01-20 01:00:00,7.2,0.0
2024-01-20 02:00:00,6.5,0.0
2024-01-20 03:00:00,6.8,0.0
2024-01-20 04:00:00,5.8,0.0
2024-01-20 05:00:00,5.4,0.0
2024-01-20 06:00:00,4.5,0.0
2024-01-20 07:00:00,4.2,7.0
2024-01-20 08:00:00,5.2,101.0
2024-01-20 09:00:00,4.0,233.0
2024-01-20 10:00:00,4.1,338.0
2024-01-20 11:00:00,5.5,399.0
2024-01-20 12:00:00,7.5,406.0
2024-01-20 13:00:00,5.6,358.0
2024-01-20 14:00:00,5.1,265.0
2024-01-20 15:00:00,5.5,136.0
2024-01-20 16:00:00,5.8,19.0
2024-01-20 17:00:00,6.0,0.0
2024-01-20 18:00:00,6.0,0.0
2024-01-20 19:00:00,7.5,0.0
2024-01-20 20:00:00,7.3,0.0
2024-01-20 21:00:00,6.6,0.0
2024-01-20 22:00:00,7.1,0.0
2024-01-20 23:00:00,7.9,0.0
2024-01-21 00:00:00,9.2,0.0
2024-01-21 01:00:00,10.8,0.0
2024-01-21 02:00:00,10.6,0.0
2024-01-21 03:00:00,7.4,0.0
2024-01-21 04:00:00,4.4,0.0
2024-01-21 05:00:00,5.7,0.0
2024-01-21 06:00:00,4.8,0.0
2024-01-21 07:00:00,5.8,7.0
2024-01-21 08:00:00,4.6,101.0
2024-01-21 09:00:00,2.9,234.0
2024-01-21 10:00:00,2.1,344.0
2024-01-21 11:00:00,1.9,411.0
2024-01-21 12:00:00,2.5,420.0
2024-01-21 13:00:00,2.9,371.0
2024-01-21 14:00:00,4.6,274.0
2024-01-21 15:00:00,3.6,142.0
2024-01-21 16:00:00,2.2,21.0
2024-01-21 17:00:00,3.1,0.0
2024-01-21 18:00:00,2.6,0.0
2024-01-21 19:00:00,1.9,0.0
2024-01-21 20:00:00,3.9,0.0
2024-01-21 21:00:00,5.6,0.0
2024-01-21 22:00:00,4.0,0.0
2024-01-21 23:00:00,4.7,0.0
2024-01-22 00:00:00,2.6,0.0
2024-01-22 01:00:00,2.6,0.0
2024-01-22 02:00:00,4.3,0.0
2024-01-22 03:00:00,4.7,0.0
2024-01-22 04:00:00,4.7,0.0
2024-01-22 05:00:00,3.4,0.0
2024-01-22 06:00:00,2.6,0.0
2024-01-22 07:00:00,2.7,7.0
2024-01-22 08:00:00,1.3,88.0
2024-01-22 09:00:00,2.4,214.0
2024-01-22 10:00:00,2.6,340.0
2024-01-22 11:00:00,2.5,403.0
2024-01-22 12:00:00,1.8,406.0
2024-01-22 13:00:00,1.8,296.0
2024-01-22 14:00:00,2.9,208.0
2024-01-22 15:00:00,3.6,118.0
2024-01-22 16:00:00,5.0,20.0
2024-01-22 17:00:00,4.8,0.0
2024-01-22 18:00:00,6.4,0.0
2024-01-22 19:00:00,9.1,0.0
2024-01-22 20:00:00,10.1,0.0
2024-01-22 21:00:00,6.5,0.0
2024-01-22 22:00:00,7.8,0.0
2024-01-22 23:00:00,11.5,0.0
2024-01-23 00:00:00,11.5,0.0
2024-01-23 01:00:00,3.0,0.0
2024-01-23 02:00:00,0.7,0.0
2024-01-23 03:00:00,2.6,0.0
2024-01-23 04:00:00,6.7,0.0
2024-01-23 05:00:00,8.7,0.0
2024-01-23 06:00:00,6.6,0.0
2024-01-23 07:00:00,8.9,8.0
2024-01-23 08:00:00,6.4,103.0
2024-01-23 09:00:00,6.9,236.0
2024-01-23 10:00:00,5.6,335.0
2024-01-23 11:00:00,4.7,333.0
2024-01-23 12:00:00,3.0,411.0
2024-01-23 13:00:00,5.5,354.0
2024-01-23 14:00:00,3.1,267.0
2024-01-23 15:00:00,1.8,132.0
2024-01-23 16:00:00,1.1,23.0
2024-01-23 17:00:00,1.1,0.0
2024-01-23 18:00:00,3.9,0.0
2024-01-23 19:00:00,3.2,0.0
2024-01-23 20:00:00,6.1,0.0
2024-01-23 21:00:00,5.3,0.0
2024-01-23 22:00:00,7.3,0.0
2024-01-23 23:00:00,7.1,0.0
2024-01-24 00:00:00,7.8,0.0
2024-01-24 01:00:00,7.2,0.0
2024-01-24 02:00:00,7.2,0.0
2024-01-24 03:00:00,7.4,0.0
2024-01-24 04:00:00,6.1,0.0
2024-01-24 05:00:00,3.9,0.0
2024-01-24 06:00:00,4.9,0.0
2024-01-24 07:00:00,5.8,8.0
2024-01-24 08:00:00,2.6,54.0
2024-01-24 09:00:00,1.8,211.0
2024-01-24 10:00:00,3.0,313.0
2024-01-24 11:00:00,3.4,350.0
2024-01-24 12:00:00,3.1,345.0
2024-01-24 13:00:00,5.0,288.0
2024-01-24 14:00:00,5.9,166.0
2024-01-24 15:00:00,6.5,125.0
2024-01-24 16:00:00,7.9,23.0
2024-01-24 17:00:00,10.9,0.0
2024-01-24 18:00:00,10.0,0.0
2024-01-24 19:00:00,7.9,0.0
2024-01-24 20:00:00,8.2,0.0
2024-01-24 21:00:00,6.4,0.0
2024-01-24 22:00:00,6.3,0.0
2024-01-24 23:00:00,5.8,0.0
2024-01-25 00:00:00,5.4,0.0
2024-01-25 01:00:00,9.5,0.0
2024-01-25 02:00:00,7.6,0.0
2024-01-25 03:00:00,4.8,0.0
2024-01-25 04:00:00,5.5,0.0
2024-01-25 05:00:00,7.2,0.0
2024-01-25 06:00:00,4.1,0.0
2024-01-25 07:00:00,2.5,1.0
2024-01-25 08:00:00,3.2,36.0
2024-01-25 09:00:00,5.5,80.0
2024-01-25 10:00:00,4.3,306.0
2024-01-25 11:00:00,2.2,402.0
2024-01-25 12:00:00,2.1,403.0
2024-01-25 13:00:00,1.5,363.0
2024-01-25 14:00:00,2.5,271.0
2024-01-25 15:00:00,5.0,146.0
2024-01-25 16:00:00,6.5,27.0
2024-01-25 17:00:00,8.2,0.0
2024-01-25 18:00:00,7.2,0.0
2024-01-25 19:00:00,8.3,0.0
2024-01-25 20:00:00,6.8,0.0
2024-01-25 21:00:00,6.6,0.0
2024-01-25 22:00:00,6.6,0.0
2024-01-25 23:00:00,7.7,0.0
2024-01-26 00:00:00,9.5,0.0
2024-01-26 01:00:00,10.7,0.0
2024-01-26 02:00:00,9.0,0.0
2024-01-26 03:00:00,6.6,0.0
2024-01-26 04:00:00,5.1,0.0
2024-01-26 05:00:00,5.4,0.0
2024-01-26 06:00:00,4.3,0.0
2024-01-26 07:00:00,6.4,2.0
2024-01-26 08:00:00,4.5,53.0
2024-01-26 09:00:00,4.2,160.0
2024-01-26 10:00:00,5.5,319.0
2024-01-26 11:00:00,5.8,378.0
2024-01-26 12:00:00,6.6,411.0
2024-01-26 13:00:00,5.2,363.0
2024-01-26 14:00:00,2.6,270.0
2024-01-26 15:00:00,5.5,144.0
2024-01-26 16:00:00,6.4,27.0
2024-01-26 17:00:00,5.6,0.0
2024-01-26 18:00:00,8.7,0.0
2024-01-26 19:00:00,6.5,0.0
2024-01-26 20:00:00,6.7,0.0
2024-01-26 21:00:00,7.0,0.0
2024-01-26 22:00:00,7.3,0.0
2024-01-26 23:00:00,9.8,0.0
2024-01-27 00:00:00,11.5,0.0
2024-01-27 01:00:00,14.8,0.0
2024-01-27 02:00:00,12.2,0.0
2024-01-27 03:00:00,7.3,0.0
2024-01-27 04:00:00,7.9,0.0
2024-01-27 05:00:00,7.1,0.0
2024-01-27 06:00:00,4.9,0.0
2024-01-27 07:00:00,5.0,11.0
2024-01-27 08:00:00,3.3,113.0
2024-01-27 09:00:00,1.8,246.0
2024-01-27 10:00:00,3.8,351.0
2024-01-27 11:00:00,5.6,411.0
2024-01-27 12:00:00,4.6,419.0
2024-01-27 13:00:00,4.2,366.0
2024-01-27 14:00:00,2.5,278.0
2024-01-27 15:00:00,1.0,153.0
2024-01-27 16:00:00,4.7,31.0
2024-01-27 17:00:00,7.4,0.0
2024-01-27 18:00:00,5.2,0.0
2024-01-27 19:00:00,7.9,0.0
2024-01-27 20:00:00,7.0,0.0
2024-01-27 21:00:00,5.0,0.0
2024-01-27 22:00:00,5.0,0.0
2024-01-27 23:00:00,5.6,0.0
2024-01-28 00:00:00,5.2,0.0
2024-01-28 01:00:00,3.7,0.0
2024-01-28 02:00:00,5.4,0.0
2024-01-28 03:00:00,6.9,0.0
2024-01-28 04:00:00,6.0,0.0
2024-01-28 05:00:00,4.3,0.0
2024-01-28 06:00:00,4.6,0.0
2024-01-28 07:00:00,3.4,12.0
2024-01-28 08:00:00,5.5,117.0
2024-01-28 09:00:00,1.8,251.0
2024-01-28 10:00:00,1.5,358.0
2024-01-28 11:00:00,3.8,419.0
2024-01-28 12:00:00,3.7,428.0
2024-01-28 13:00:00,3.3,383.0
2024-01-28 14:00:00,1.5,290.0
2024-01-28 15:00:00,1.6,161.0
2024-01-28 16:00:00,4.5,34.0
2024-01-28 17:00:00,3.6,0.0
2024-01-28 18:00:00,2.6,0.0
2024-01-28 19:00:00,2.5,0.0
2024-01-28 20:00:00,2.7,0.0
2024-01-28 21:00:00,2.9,0.0
2024-01-28 22:00:00,2.2,0.0
2024-01-28 23:00:00,3.1,0.0
2024-01-29 00:00:00,1.8,0.0
2024-01-29 01:00:00,2.6,0.0
2024-01-29 02:00:00,4.1,0.0
2024-01-29 03:00:00,0.7,0.0
2024-01-29 04:00:00,1.5,0.0
2024-01-29 05:00:00,2.0,0.0
2024-01-29 06:00:00,4.3,0.0
2024-01-29 07:00:00,2.3,13.0
2024-01-29 08:00:00,2.2,115.0
2024-01-29 09:00:00,2.3,252.0
2024-01-29 10:00:00,3.9,363.0
2024-01-29 11:00:00,4.8,425.0
2024-01-29 12:00:00,5.1,434.0
2024-01-29 13:00:00,4.7,387.0
2024-01-29 14:00:00,3.8,295.0
2024-01-29 15:00:00,4.7,166.0
2024-01-29 16:00:00,8.0,37.0
2024-01-29 17:00:00,9.2,0.0
2024-01-29 18:00:00,9.4,0.0
2024-01-29 19:00:00,10.2,0.0
2024-01-29 20:00:00,10.0,0.0
2024-01-29 21:00:00,10.0,0.0
2024-01-29 22:00:00,9.4,0.0
2024-01-29 23:00:00,7.2,0.0
2024-01-30 00:00:00,5.6,0.0
2024-01-30 01:00:00,7.1,0.0
2024-01-30 02:00:00,5.4,0.0
2024-01-30 03:00:00,6.7,0.0
2024-01-30 04:00:00,7.1,0.0
2024-01-30 05:00:00,7.4,0.0
2024-01-30 06:00:00,8.3,0.0
2024-01-30 07:00:00,6.2,14.0
2024-01-30 08:00:00,3.6,125.0
2024-01-30 09:00:00,2.5,261.0
2024-01-30 10:00:00,4.2,368.0
2024-01-30 11:00:00,4.8,430.0
2024-01-30 12:00:00,4.7,439.0
2024-01-30 13:00:00,5.1,393.0
2024-01-30 14:00:00,4.5,300.0
2024-01-30 15:00:00,5.2,170.0
2024-01-30 16:00:00,8.1,39.0
2024-01-30 17:00:00,8.5,0.0
2024-01-30 18:00:00,5.9,0.0
2024-01-30 19:00:00,4.9,0.0
2024-01-30 20:00:00,3.3,0.0
2024-01-30 21:00:00,3.6,0.0
2024-01-30 22:00:00,4.3,0.0
2024-01-30 23:00:00,4.6,0.0
2024-01-31 00:00:00,3.9,0.0
2024-01-31 01:00:00,2.9,0.0
2024-01-31 02:00:00,1.6,0.0
2024-01-31 03:00:00,1.8,0.0
2024-01-31 04:00:00,3.9,0.0
2024-01-31 05:00:00,3.7,0.0
2024-01-31 06:00:00,2.7,0.0
2024-01-31 07:00:00,2.5,13.0
2024-01-31 08:00:00,0.0,97.0
2024-01-31 09:00:00,1.3,205.0
2024-01-31 10:00:00,1.6,315.0
2024-01-31 11:00:00,1.5,331.0
2024-01-31 12:00:00,2.6,356.0
2024-01-31 13:00:00,3.4,290.0
2024-01-31 14:00:00,4.0,279.0
2024-01-31 15:00:00,6.0,172.0
2024-01-31 16:00:00,5.2,38.0
2024-01-31 17:00:00,3.2,0.0
2024-01-31 18:00:00,2.3,0.0
2024-01-31 19:00:00,0.7,0.0
2024-01-31 20:00:00,3.1,0.0
2024-01-31 21:00:00,4.7,0.0
2024-01-31 22:00:00,4.9,0.0
2024-01-31 23:00:00,4.7,0.0
2024-02-01 00:00:00,3.3,0.0
2024-02-01 01:00:00,4.7,0.0
2024-02-01 02:00:00,5.1,0.0
2024-02-01 03:00:00,4.2,0.0
2024-02-01 04:00:00,4.0,0.0
2024-02-01 05:00:00,5.4,0.0
2024-02-01 06:00:00,3.5,0.0
2024-02-01 07:00:00,4.8,16.0
2024-02-01 08:00:00,2.5,127.0
2024-02-01 09:00:00,2.0,262.0
2024-02-01 10:00:00,4.0,367.0
2024-02-01 11:00:00,2.6,397.0
2024-02-01 12:00:00,1.1,331.0
2024-02-01 13:00:00,2.5,276.0
2024-02-01 14:00:00,2.5,202.0
2024-02-01 15:00:00,7.0,135.0
2024-02-01 16:00:00,6.5,21.0
2024-02-01 17:00:00,4.7,0.0
2024-02-01 18:00:00,5.8,0.0
2024-02-01 19:00:00,6.2,0.0
2024-02-01 20:00:00,4.9,0.0
2024-02-01 21:00:00,2.6,0.0
2024-02-01 22:00:00,5.1,0.0
2024-02-01 23:00:00,4.5,0.0
2024-02-02 00:00:00,1.5,0.0
2024-02-02 01:00:00,3.2,0.0
2024-02-02 02:00:00,1.8,0.0
2024-02-02 03:00:00,3.9,0.0
2024-02-02 04:00:00,4.6,0.0
2024-02-02 05:00:00,3.3,0.0
2024-02-02 06:00:00,6.6,0.0
2024-02-02 07:00:00,5.9,13.0
2024-02-02 08:00:00,4.0,57.0
2024-02-02 09:00:00,5.5,116.0
2024-02-02 10:00:00,4.5,236.0
2024-02-02 11:00:00,5.5,377.0
2024-02-02 12:00:00,8.0,401.0
2024-02-02 13:00:00,6.8,381.0
2024-02-02 14:00:00,6.5,291.0
2024-02-02 15:00:00,5.8,155.0
2024-02-02 16:00:00,5.6,36.0
2024-02-02 17:00:00,5.1,0.0
2024-02-02 18:00:00,7.8,0.0
2024-02-02 19:00:00,8.7,0.0
2024-02-02 20:00:00,8.2,0.0
2024-02-02 21:00:00,9.2,0.0
2024-02-02 22:00:00,8.8,0.0
2024-02-02 23:00:00,7.1,0.0
2024-02-03 00:00:00,5.8,0.0
2024-02-03 01:00:00,6.9,0.0
2024-02-03 02:00:00,5.9,0.0
2024-02-03 03:00:00,5.0,0.0
2024-02-03 04:00:00,8.1,0.0
2024-02-03 05:00:00,6.8,0.0
2024-02-03 06:00:00,8.7,0.0
2024-02-03 07:00:00,8.8,17.0
2024-02-03 08:00:00,7.4,123.0
2024-02-03 09:00:00,4.2,252.0
2024-02-03 10:00:00,1.4,344.0
2024-02-03 11:00:00,2.3,405.0
2024-02-03 12:00:00,3.1,412.0
2024-02-03 13:00:00,3.3,385.0
2024-02-03 14:00:00,2.6,252.0
2024-02-03 15:00:00,3.5,136.0
2024-02-03 16:00:00,3.8,37.0
2024-02-03 17:00:00,0.4,0.0
2024-02-03 18:00:00,1.3,0.0
2024-02-03 19:00:00,4.1,0.0
2024-02-03 20:00:00,7.1,0.0
2024-02-03 21:00:00,7.4,0.0
2024-02-03 22:00:00,3.3,0.0
2024-02-03 23:00:00,2.9,0.0
2024-02-04 00:00:00,3.7,0.0
2024-02-04 01:00:00,5.3,0.0
2024-02-04 02:00:00,5.4,0.0
2024-02-04 03:00:00,4.2,0.0
2024-02-04 04:00:00,7.7,0.0
2024-02-04 05:00:00,6.6,0.0
2024-02-04 06:00:00,6.0,0.0
2024-02-04 07:00:00,5.4,19.0
2024-02-04 08:00:00,3.3,131.0
2024-02-04 09:00:00,1.5,240.0
2024-02-04 10:00:00,3.6,330.0
2024-02-04 11:00:00,5.9,419.0
2024-02-04 12:00:00,4.3,421.0
2024-02-04 13:00:00,4.5,402.0
2024-02-04 14:00:00,3.7,310.0
2024-02-04 15:00:00,3.1,183.0
2024-02-04 16:00:00,4.1,51.0
2024-02-04 17:00:00,4.6,0.0
2024-02-04 18:00:00,8.0,0.0
2024-02-04 19:00:00,7.0,0.0
2024-02-04 20:00:00,9.2,0.0
2024-02-04 21:00:00,8.4,0.0
2024-02-04 22:00:00,7.6,0.0
2024-02-04 23:00:00,7.1,0.0
2024-02-05 00:00:00,6.9,0.0
2024-02-05 01:00:00,7.7,0.0
2024-02-05 02:00:00,6.4,0.0
2024-02-05 03:00:00,7.9,0.0
2024-02-05 04:00:00,7.0,0.0
2024-02-05 05:00:00,7.0,0.0
2024-02-05 06:00:00,6.3,0.0
2024-02-05 07:00:00,7.4,14.0
2024-02-05 08:00:00,8.9,81.0
2024-02-05 09:00:00,9.3,149.0
2024-02-05 10:00:00,9.7,253.0
2024-02-05 11:00:00,8.6,407.0
2024-02-05 12:00:00,7.6,445.0
2024-02-05 13:00:00,8.0,420.0
2024-02-05 14:00:00,5.8,325.0
2024-02-05 15:00:00,5.4,194.0
2024-02-05 16:00:00,9.0,56.0
2024-02-05 17:00:00,7.1,0.0
2024-02-05 18:00:00,6.8,0.0
2024-02-05 19:00:00,6.4,0.0
2024-02-05 20:00:00,7.0,0.0
2024-02-05 21:00:00,8.4,0.0
2024-02-05 22:00:00,6.2,0.0
2024-02-05 23:00:00,7.3,0.0
2024-02-06 00:00:00,6.7,0.0
2024-02-06 01:00:00,6.9,0.0
2024-02-06 02:00:00,6.9,0.0
2024-02-06 03:00:00,6.7,0.0
2024-02-06 04:00:00,8.7,0.0
2024-02-06 05:00:00,8.1,0.0
2024-02-06 06:00:00,7.5,0.0
2024-02-06 07:00:00,7.8,22.0
2024-02-06 08:00:00,8.3,134.0
2024-02-06 09:00:00,6.8,281.0
2024-02-06 10:00:00,4.1,387.0
2024-02-06 11:00:00,7.7,418.0
2024-02-06 12:00:00,14.6,402.0
2024-02-06 13:00:00,15.4,374.0
2024-02-06 14:00:00,14.5,300.0
2024-02-06 15:00:00,13.4,186.0
2024-02-06 16:00:00,10.8,54.0
2024-02-06 17:00:00,7.6,0.0
2024-02-06 18:00:00,7.1,0.0
2024-02-06 19:00:00,7.4,0.0
2024-02-06 20:00:00,7.9,0.0
2024-02-06 21:00:00,7.4,0.0
2024-02-06 22:00:00,6.9,0.0
2024-02-06 23:00:00,6.1,0.0
2024-02-07 00:00:00,5.5,0.0
2024-02-07 01:00:00,7.6,0.0
2024-02-07 02:00:00,6.8,0.0
2024-02-07 03:00:00,6.4,0.0
2024-02-07 04:00:00,6.4,0.0
2024-02-07 05:00:00,7.4,0.0
2024-02-07 06:00:00,6.1,0.0
2024-02-07 07:00:00,7.2,20.0
2024-02-07 08:00:00,8.7,114.0
2024-02-07 09:00:00,6.3,249.0
2024-02-07 10:00:00,8.0,358.0
2024-02-07 11:00:00,16.3,414.0
2024-02-07 12:00:00,17.1,281.0
2024-02-07 13:00:00,17.4,311.0
2024-02-07 14:00:00,17.0,300.0
2024-02-07 15:00:00,14.8,171.0
2024-02-07 16:00:00,12.0,57.0
2024-02-07 17:00:00,11.2,0.0
2024-02-07 18:00:00,8.2,0.0
2024-02-07 19:00:00,6.3,0.0
2024-02-07 20:00:00,5.4,0.0
2024-02-07 21:00:00,6.2,0.0
2024-02-07 22:00:00,5.4,0.0
2024-02-07 23:00:00,5.4,0.0
2024-02-08 00:00:00,5.4,0.0
2024-02-08 01:00:00,7.3,0.0
2024-02-08 02:00:00,6.8,0.0
2024-02-08 03:00:00,7.2,0.0
2024-02-08 04:00:00,5.4,0.0
2024-02-08 05:00:00,6.5,0.0
2024-02-08 06:00:00,6.9,0.0
2024-02-08 07:00:00,8.9,22.0
2024-02-08 08:00:00,10.3,146.0
2024-02-08 09:00:00,6.2,287.0
2024-02-08 10:00:00,12.9,393.0
2024-02-08 11:00:00,17.0,431.0
2024-02-08 12:00:00,15.8,417.0
2024-02-08 13:00:00,16.9,379.0
2024-02-08 14:00:00,19.9,326.0
2024-02-08 15:00:00,16.3,199.0
2024-02-08 16:00:00,16.4,63.0
2024-02-08 17:00:00,15.8,0.0
2024-02-08 18:00:00,14.5,0.0
2024-02-08 19:00:00,12.2,0.0
2024-02-08 20:00:00,12.5,0.0
2024-02-08 21:00:00,12.1,0.0
2024-02-08 22:00:00,13.3,0.0
2024-02-08 23:00:00,12.0,0.0
2024-02-09 00:00:00,11.8,0.0
2024-02-09 01:00:00,15.0,0.0
2024-02-09 02:00:00,14.0,0.0
2024-02-09 03:00:00,17.6,0.0
2024-02-09 04:00:00,17.8,0.0
2024-02-09 05:00:00,21.4,0.0
2024-02-09 06:00:00,22.9,0.0
2024-02-09 07:00:00,21.8,7.0
2024-02-09 08:00:00,24.0,39.0
2024-02-09 09:00:00,25.8,110.0
2024-02-09 10:00:00,25.0,212.0
2024-02-09 11:00:00,26.0,311.0
2024-02-09 12:00:00,22.5,184.0
2024-02-09 13:00:00,22.0,149.0
2024-02-09 14:00:00,20.2,152.0
2024-02-09 15:00:00,20.3,78.0
2024-02-09 16:00:00,19.3,37.0
2024-02-09 17:00:00,15.8,0.0
2024-02-09 18:00:00,14.5,0.0
2024-02-09 19:00:00,14.5,0.0
2024-02-09 20:00:00,14.1,0.0
2024-02-09 21:00:00,10.5,0.0
2024-02-09 22:00:00,9.3,0.0
2024-02-09 23:00:00,8.1,0.0
2024-02-10 00:00:00,11.9,0.0
2024-02-10 01:00:00,13.0,0.0
2024-02-10 02:00:00,11.0,0.0
2024-02-10 03:00:00,11.2,0.0
2024-02-10 04:00:00,9.6,0.0
2024-02-10 05:00:00,10.4,0.0
2024-02-10 06:00:00,9.3,0.0
2024-02-10 07:00:00,7.4,22.0
2024-02-10 08:00:00,9.2,103.0
2024-02-10 09:00:00,10.4,263.0
2024-02-10 10:00:00,10.3,371.0
2024-02-10 11:00:00,6.8,254.0
2024-02-10 12:00:00,12.3,368.0
2024-02-10 13:00:00,19.3,259.0
2024-02-10 14:00:00,13.8,110.0
2024-02-10 15:00:00,10.6,49.0
2024-02-10 16:00:00,9.1,16.0
2024-02-10 17:00:00,9.1,0.0
2024-02-10 18:00:00,9.7,0.0
2024-02-10 19:00:00,10.0,0.0
2024-02-10 20:00:00,11.5,0.0
2024-02-10 21:00:00,11.7,0.0
2024-02-10 22:00:00,11.0,0.0
2024-02-10 23:00:00,11.1,0.0
2024-02-11 00:00:00,10.9,0.0
2024-02-11 01:00:00,11.7,0.0
2024-02-11 02:00:00,10.6,0.0
2024-02-11 03:00:00,9.7,0.0
2024-02-11 04:00:00,9.5,0.0
2024-02-11 05:00:00,8.2,0.0
2024-02-11 06:00:00,6.8,0.0
2024-02-11 07:00:00,7.6,6.0
2024-02-11 08:00:00,6.4,27.0
2024-02-11 09:00:00,6.1,50.0
2024-02-11 10:00:00,4.1,177.0
2024-02-11 11:00:00,6.2,356.0
2024-02-11 12:00:00,8.2,417.0
2024-02-11 13:00:00,5.1,258.0
2024-02-11 14:00:00,6.3,209.0
2024-02-11 15:00:00,4.0,78.0
2024-02-11 16:00:00,4.7,44.0
2024-02-11 17:00:00,2.3,1.0
2024-02-11 18:00:00,2.4,0.0
2024-02-11 19:00:00,4.7,0.0
2024-02-11 20:00:00,3.7,0.0
2024-02-11 21:00:00,5.2,0.0
2024-02-11 22:00:00,4.7,0.0
2024-02-11 23:00:00,6.4,0.0
2024-02-12 00:00:00,8.4,0.0
2024-02-12 01:00:00,4.7,0.0
2024-02-12 02:00:00,19.3,0.0
2024-02-12 03:00:00,15.7,0.0
2024-02-12 04:00:00,8.8,0.0
2024-02-12 05:00:00,4.2,0.0
2024-02-12 06:00:00,1.6,0.0
2024-02-12 07:00:00,4.0,7.0
2024-02-12 08:00:00,4.4,31.0
2024-02-12 09:00:00,4.3,74.0
2024-02-12 10:00:00,7.2,200.0
2024-02-12 11:00:00,7.4,214.0
2024-02-12 12:00:00,7.7,181.0
2024-02-12 13:00:00,9.2,152.0
2024-02-12 14:00:00,7.1,159.0
2024-02-12 15:00:00,6.4,133.0
2024-02-12 16:00:00,4.6,48.0
2024-02-12 17:00:00,7.6,1.0
2024-02-12 18:00:00,7.4,0.0
2024-02-12 19:00:00,6.1,0.0
2024-02-12 20:00:00,5.4,0.0
2024-02-12 21:00:00,3.6,0.0
2024-02-12 22:00:00,3.8,0.0
2024-02-12 23:00:00,3.2,0.0
2024-02-13 00:00:00,4.7,0.0
2024-02-13 01:00:00,3.4,0.0
2024-02-13 02:00:00,3.8,0.0
2024-02-13 03:00:00,5.0,0.0
2024-02-13 04:00:00,5.8,0.0
2024-02-13 05:00:00,9.3,0.0
2024-02-13 06:00:00,8.7,0.0
2024-02-13 07:00:00,7.3,30.0
2024-02-13 08:00:00,7.7,161.0
2024-02-13 09:00:00,6.6,302.0
2024-02-13 10:00:00,8.7,405.0
2024-02-13 11:00:00,13.6,465.0
2024-02-13 12:00:00,15.5,492.0
2024-02-13 13:00:00,9.7,390.0
2024-02-13 14:00:00,11.5,291.0
2024-02-13 15:00:00,7.9,200.0
2024-02-13 16:00:00,6.1,76.0
2024-02-13 17:00:00,4.5,2.0
2024-02-13 18:00:00,3.6,0.0
2024-02-13 19:00:00,6.2,0.0
2024-02-13 20:00:00,5.4,0.0
2024-02-13 21:00:00,3.6,0.0
2024-02-13 22:00:00,4.9,0.0
2024-02-13 23:00:00,6.6,0.0
2024-02-14 00:00:00,6.7,0.0
2024-02-14 01:00:00,6.4,0.0
2024-02-14 02:00:00,5.2,0.0
2024-02-14 03:00:00,5.4,0.0
2024-02-14 04:00:00,8.0,0.0
2024-02-14 05:00:00,7.9,0.0
2024-02-14 06:00:00,6.9,0.0
2024-02-14 07:00:00,5.8,40.0
2024-02-14 08:00:00,4.7,178.0
2024-02-14 09:00:00,4.7,324.0
2024-02-14 10:00:00,7.8,430.0
2024-02-14 11:00:00,7.7,494.0
2024-02-14 12:00:00,7.9,506.0
2024-02-14 13:00:00,6.0,461.0
2024-02-14 14:00:00,6.2,369.0
2024-02-14 15:00:00,5.0,233.0
2024-02-14 16:00:00,5.1,85.0
2024-02-14 17:00:00,3.3,2.0
2024-02-14 18:00:00,3.3,0.0
2024-02-14 19:00:00,4.7,0.0
2024-02-14 20:00:00,5.2,0.0
2024-02-14 21:00:00,4.7,0.0
2024-02-14 22:00:00,3.7,0.0
2024-02-14 23:00:00,4.5,0.0
2024-02-15 00:00:00,4.6,0.0
2024-02-15 01:00:00,6.8,0.0
2024-02-15 02:00:00,7.3,0.0
2024-02-15 03:00:00,5.7,0.0
2024-02-15 04:00:00,6.0,0.0
2024-02-15 05:00:00,2.6,0.0
2024-02-15 06:00:00,2.5,0.0
2024-02-15 07:00:00,2.5,42.0
2024-02-15 08:00:00,2.5,174.0
2024-02-15 09:00:00,1.8,317.0
2024-02-15 10:00:00,3.3,429.0
2024-02-15 11:00:00,5.0,491.0
2024-02-15 12:00:00,5.8,498.0
2024-02-15 13:00:00,4.5,454.0
2024-02-15 14:00:00,3.8,361.0
2024-02-15 15:00:00,3.0,234.0
2024-02-15 16:00:00,9.0,87.0
2024-02-15 17:00:00,9.8,3.0
2024-02-15 18:00:00,9.1,0.0
2024-02-15 19:00:00,8.7,0.0
2024-02-15 20:00:00,9.1,0.0
2024-02-15 21:00:00,8.9,0.0
2024-02-15 22:00:00,9.3,0.0
2024-02-15 23:00:00,9.6,0.0
2024-02-16 00:00:00,9.3,0.0
2024-02-16 01:00:00,9.2,0.0
2024-02-16 02:00:00,10.2,0.0
2024-02-16 03:00:00,7.8,0.0
2024-02-16 04:00:00,6.4,0.0
2024-02-16 05:00:00,6.0,0.0
2024-02-16 06:00:00,6.6,0.0
2024-02-16 07:00:00,5.1,45.0
2024-02-16 08:00:00,3.1,185.0
2024-02-16 09:00:00,2.5,324.0
2024-02-16 10:00:00,4.2,438.0
2024-02-16 11:00:00,4.1,503.0
2024-02-16 12:00:00,4.1,513.0
2024-02-16 13:00:00,3.8,468.0
2024-02-16 14:00:00,3.1,371.0
2024-02-16 15:00:00,2.0,238.0
2024-02-16 16:00:00,2.5,91.0
2024-02-16 17:00:00,4.9,4.0
2024-02-16 18:00:00,4.3,0.0
2024-02-16 19:00:00,6.2,0.0
2024-02-16 20:00:00,8.9,0.0
2024-02-16 21:00:00,9.1,0.0
2024-02-16 22:00:00,7.8,0.0
2024-02-16 23:00:00,5.9,0.0
2024-02-17 00:00:00,6.2,0.0
2024-02-17 01:00:00,5.1,0.0
2024-02-17 02:00:00,5.8,0.0
2024-02-17 03:00:00,8.1,0.0
2024-02-17 04:00:00,9.0,0.0
2024-02-17 05:00:00,8.6,0.0
2024-02-17 06:00:00,7.2,0.0
2024-02-17 07:00:00,4.3,47.0
2024-02-17 08:00:00,3.8,182.0
2024-02-17 09:00:00,2.2,321.0
2024-02-17 10:00:00,3.1,435.0
2024-02-17 11:00:00,2.5,499.0
2024-02-17 12:00:00,3.2,503.0
2024-02-17 13:00:00,1.5,288.0
2024-02-17 14:00:00,1.1,282.0
2024-02-17 15:00:00,1.8,182.0
2024-02-17 16:00:00,7.7,63.0
2024-02-17 17:00:00,5.4,3.0
2024-02-17 18:00:00,5.2,0.0
2024-02-17 19:00:00,5.4,0.0
2024-02-17 20:00:00,5.2,0.0
2024-02-17 21:00:00,5.0,0.0
2024-02-17 22:00:00,4.2,0.0
2024-02-17 23:00:00,3.9,0.0
2024-02-18 00:00:00,5.4,0.0
2024-02-18 01:00:00,4.1,0.0
2024-02-18 02:00:00,4.0,0.0
2024-02-18 03:00:00,4.3,0.0
2024-02-18 04:00:00,4.1,0.0
2024-02-18 05:00:00,0.7,0.0
2024-02-18 06:00:00,2.6,0.0
2024-02-18 07:00:00,2.2,22.0
2024-02-18 08:00:00,2.1,97.0
2024-02-18 09:00:00,3.3,170.0
2024-02-18 10:00:00,5.7,318.0
2024-02-18 11:00:00,4.8,375.0
2024-02-18 12:00:00,6.4,275.0
2024-02-18 13:00:00,5.4,277.0
2024-02-18 14:00:00,5.1,326.0
2024-02-18 15:00:00,3.7,232.0
2024-02-18 16:00:00,4.1,89.0
2024-02-18 17:00:00,1.6,5.0
2024-02-18 18:00:00,3.6,0.0
2024-02-18 19:00:00,5.2,0.0
2024-02-18 20:00:00,7.2,0.0
2024-02-18 21:00:00,7.2,0.0
2024-02-18 22:00:00,3.1,0.0
2024-02-18 23:00:00,4.4,0.0
2024-02-19 00:00:00,4.9,0.0
2024-02-19 01:00:00,6.0,0.0
2024-02-19 02:00:00,4.7,0.0
2024-02-19 03:00:00,2.6,0.0
2024-02-19 04:00:00,3.6,0.0
2024-02-19 05:00:00,2.9,0.0
2024-02-19 06:00:00,1.5,0.0
2024-02-19 07:00:00,1.5,43.0
2024-02-19 08:00:00,3.3,131.0
2024-02-19 09:00:00,4.0,179.0
2024-02-19 10:00:00,3.9,190.0
2024-02-19 11:00:00,2.5,245.0
2024-02-19 12:00:00,1.1,186.0
2024-02-19 13:00:00,3.8,196.0
2024-02-19 14:00:00,2.8,190.0
2024-02-19 15:00:00,0.0,147.0
2024-02-19 16:00:00,1.6,57.0
2024-02-19 17:00:00,7.5,3.0
2024-02-19 18:00:00,4.0,0.0
2024-02-19 19:00:00,2.9,0.0
2024-02-19 20:00:00,3.9,0.0
2024-02-19 21:00:00,4.3,0.0
2024-02-19 22:00:00,4.8,0.0
2024-02-19 23:00:00,5.3,0.0
2024-02-20 00:00:00,5.8,0.0
2024-02-20 01:00:00,2.4,0.0
2024-02-20 02:00:00,2.7,0.0
2024-02-20 03:00:00,7.1,0.0
2024-02-20 04:00:00,4.9,0.0
2024-02-20 05:00:00,4.7,0.0
2024-02-20 06:00:00,5.2,0.0
2024-02-20 07:00:00,6.6,57.0
2024-02-20 08:00:00,6.2,206.0
2024-02-20 09:00:00,5.2,326.0
2024-02-20 10:00:00,3.6,432.0
2024-02-20 11:00:00,4.8,491.0
2024-02-20 12:00:00,4.7,477.0
2024-02-20 13:00:00,2.5,373.0
2024-02-20 14:00:00,2.2,332.0
2024-02-20 15:00:00,2.3,225.0
2024-02-20 16:00:00,2.4,97.0
2024-02-20 17:00:00,3.9,6.0
2024-02-20 18:00:00,4.1,0.0
2024-02-20 19:00:00,5.5,0.0
2024-02-20 20:00:00,8.4,0.0
2024-02-20 21:00:00,9.7,0.0
2024-02-20 22:00:00,6.6,0.0
2024-02-20 23:00:00,5.4,0.0
2024-02-21 00:00:00,5.1,0.0
2024-02-21 01:00:00,7.8,0.0
2024-02-21 02:00:00,3.6,0.0
2024-02-21 03:00:00,1.1,0.0
2024-02-21 04:00:00,2.5,0.0
2024-02-21 05:00:00,7.2,0.0
2024-02-21 06:00:00,8.4,0.0
2024-02-21 07:00:00,5.1,56.0
2024-02-21 08:00:00,6.6,153.0
2024-02-21 09:00:00,7.1,327.0
2024-02-21 10:00:00,10.4,462.0
2024-02-21 11:00:00,11.8,525.0
2024-02-21 12:00:00,10.9,538.0
2024-02-21 13:00:00,10.3,495.0
2024-02-21 14:00:00,9.0,398.0
2024-02-21 15:00:00,6.0,262.0
2024-02-21 16:00:00,4.3,110.0
2024-02-21 17:00:00,6.1,7.0
2024-02-21 18:00:00,8.9,0.0
2024-02-21 19:00:00,9.5,0.0
2024-02-21 20:00:00,6.8,0.0
2024-02-21 21:00:00,6.4,0.0
2024-02-21 22:00:00,6.3,0.0
2024-02-21 23:00:00,4.5,0.0
2024-02-22 00:00:00,5.9,0.0
2024-02-22 01:00:00,8.2,0.0
2024-02-22 02:00:00,7.9,0.0
2024-02-22 03:00:00,7.2,0.0
2024-02-22 04:00:00,8.7,0.0
2024-02-22 05:00:00,7.3,0.0
2024-02-22 06:00:00,8.1,0.0
2024-02-22 07:00:00,9.3,38.0
2024-02-22 08:00:00,12.8,196.0
2024-02-22 09:00:00,14.7,265.0
2024-02-22 10:00:00,18.0,323.0
2024-02-22 11:00:00,21.0,315.0
2024-02-22 12:00:00,23.2,262.0
2024-02-22 13:00:00,25.7,80.0
2024-02-22 14:00:00,27.4,81.0
2024-02-22 15:00:00,26.5,52.0
2024-02-22 16:00:00,23.2,68.0
2024-02-22 17:00:00,20.6,5.0
2024-02-22 18:00:00,19.9,0.0
2024-02-22 19:00:00,19.6,0.0
2024-02-22 20:00:00,21.1,0.0
2024-02-22 21:00:00,23.2,0.0
2024-02-22 22:00:00,23.6,0.0
2024-02-22 23:00:00,24.2,0.0
2024-02-23 00:00:00,24.1,0.0
2024-02-23 01:00:00,23.2,0.0
2024-02-23 02:00:00,22.9,0.0
2024-02-23 03:00:00,21.1,0.0
2024-02-23 04:00:00,15.8,0.0
2024-02-23 05:00:00,12.7,0.0
2024-02-23 06:00:00,8.4,0.0
2024-02-23 07:00:00,5.5,37.0
2024-02-23 08:00:00,7.1,136.0
2024-02-23 09:00:00,10.7,282.0
2024-02-23 10:00:00,14.0,252.0
2024-02-23 11:00:00,14.3,131.0
2024-02-23 12:00:00,18.5,239.0
2024-02-23 13:00:00,17.7,158.0
2024-02-23 14:00:00,22.4,146.0
2024-02-23 15:00:00,20.0,126.0
2024-02-23 16:00:00,17.9,60.0
2024-02-23 17:00:00,15.5,4.0
2024-02-23 18:00:00,17.1,0.0
2024-02-23 19:00:00,19.7,0.0
2024-02-23 20:00:00,20.6,0.0
2024-02-23 21:00:00,20.6,0.0
2024-02-23 22:00:00,20.9,0.0
2024-02-23 23:00:00,20.2,0.0
2024-02-24 00:00:00,21.5,0.0
2024-02-24 01:00:00,17.9,0.0
2024-02-24 02:00:00,16.6,0.0
2024-02-24 03:00:00,10.4,0.0
2024-02-24 04:00:00,8.6,0.0
2024-02-24 05:00:00,7.1,0.0
2024-02-24 06:00:00,9.0,1.0
2024-02-24 07:00:00,4.3,60.0
2024-02-24 08:00:00,4.8,176.0
2024-02-24 09:00:00,10.2,285.0
2024-02-24 10:00:00,12.9,373.0
2024-02-24 11:00:00,13.2,396.0
2024-02-24 12:00:00,13.2,382.0
2024-02-24 13:00:00,10.7,338.0
2024-02-24 14:00:00,9.8,296.0
2024-02-24 15:00:00,6.8,203.0
2024-02-24 16:00:00,5.4,101.0
2024-02-24 17:00:00,6.9,10.0
2024-02-24 18:00:00,7.1,0.0
2024-02-24 19:00:00,8.1,0.0
2024-02-24 20:00:00,6.8,0.0
2024-02-24 21:00:00,9.1,0.0
2024-02-24 22:00:00,5.6,0.0
2024-02-24 23:00:00,2.9,0.0
2024-02-25 00:00:00,1.1,0.0
2024-02-25 01:00:00,6.5,0.0
2024-02-25 02:00:00,4.7,0.0
2024-02-25 03:00:00,1.8,0.0
2024-02-25 04:00:00,2.4,0.0
2024-02-25 05:00:00,1.1,0.0
2024-02-25 06:00:00,0.7,1.0
2024-02-25 07:00:00,0.7,65.0
2024-02-25 08:00:00,0.0,210.0
2024-02-25 09:00:00,3.0,334.0
2024-02-25 10:00:00,4.4,453.0
2024-02-25 11:00:00,3.7,462.0
2024-02-25 12:00:00,4.7,494.0
2024-02-25 13:00:00,5.2,395.0
2024-02-25 14:00:00,5.6,259.0
2024-02-25 15:00:00,4.8,176.0
2024-02-25 16:00:00,4.5,89.0
2024-02-25 17:00:00,6.6,10.0
2024-02-25 18:00:00,7.2,0.0
2024-02-25 19:00:00,3.8,0.0
2024-02-25 20:00:00,4.0,0.0
2024-02-25 21:00:00,7.3,0.0
2024-02-25 22:00:00,1.6,0.0
2024-02-25 23:00:00,5.1,0.0
2024-02-26 00:00:00,5.2,0.0
2024-02-26 01:00:00,4.2,0.0
2024-02-26 02:00:00,1.5,0.0
2024-02-26 03:00:00,1.8,0.0
2024-02-26 04:00:00,1.8,0.0
2024-02-26 05:00:00,4.2,0.0
2024-02-26 06:00:00,0.5,2.0
2024-02-26 07:00:00,3.3,86.0
2024-02-26 08:00:00,2.4,244.0
2024-02-26 09:00:00,3.6,387.0
2024-02-26 10:00:00,6.1,489.0
2024-02-26 11:00:00,7.0,562.0
2024-02-26 12:00:00,7.8,565.0
2024-02-26 13:00:00,10.5,526.0
2024-02-26 14:00:00,10.8,406.0
2024-02-26 15:00:00,7.1,200.0
2024-02-26 16:00:00,5.6,49.0
2024-02-26 17:00:00,7.8,7.0
2024-02-26 18:00:00,6.6,0.0
2024-02-26 19:00:00,3.1,0.0
2024-02-26 20:00:00,4.7,0.0
2024-02-26 21:00:00,5.1,0.0
2024-02-26 22:00:00,1.8,0.0
2024-02-26 23:00:00,4.0,0.0
2024-02-27 00:00:00,5.9,0.0
2024-02-27 01:00:00,5.5,0.0
2024-02-27 02:00:00,5.0,0.0
2024-02-27 03:00:00,4.8,0.0
2024-02-27 04:00:00,6.2,0.0
2024-02-27 05:00:00,7.4,0.0
2024-02-27 06:00:00,6.3,2.0
2024-02-27 07:00:00,2.2,48.0
2024-02-27 08:00:00,0.7,126.0
2024-02-27 09:00:00,1.3,193.0
2024-02-27 10:00:00,0.4,124.0
2024-02-27 11:00:00,0.0,103.0
2024-02-27 12:00:00,0.0,116.0
2024-02-27 13:00:00,3.8,157.0
2024-02-27 14:00:00,4.7,245.0
2024-02-27 15:00:00,4.0,134.0
2024-02-27 16:00:00,6.5,64.0
2024-02-27 17:00:00,5.2,11.0
2024-02-27 18:00:00,6.5,0.0
2024-02-27 19:00:00,5.9,0.0
2024-02-27 20:00:00,5.2,0.0
2024-02-27 21:00:00,4.8,0.0
2024-02-27 22:00:00,6.5,0.0
2024-02-27 23:00:00,4.5,0.0
2024-02-28 00:00:00,4.0,0.0
2024-02-28 01:00:00,5.9,0.0
2024-02-28 02:00:00,6.0,0.0
2024-02-28 03:00:00,6.3,0.0
2024-02-28 04:00:00,6.2,0.0
2024-02-28 05:00:00,5.5,0.0
2024-02-28 06:00:00,3.2,1.0
2024-02-28 07:00:00,2.2,53.0
2024-02-28 08:00:00,0.4,186.0
2024-02-28 09:00:00,1.6,254.0
2024-02-28 10:00:00,0.7,369.0
2024-02-28 11:00:00,0.8,376.0
2024-02-28 12:00:00,1.5,277.0
2024-02-28 13:00:00,2.4,342.0
2024-02-28 14:00:00,4.0,216.0
2024-02-28 15:00:00,1.0,149.0
2024-02-28 16:00:00,4.7,58.0
2024-02-28 17:00:00,5.0,8.0
2024-02-28 18:00:00,4.5,0.0
2024-02-28 19:00:00,4.0,0.0
2024-02-28 20:00:00,4.0,0.0
2024-02-28 21:00:00,4.1,0.0
2024-02-28 22:00:00,5.9,0.0
2024-02-28 23:00:00,6.1,0.0
2024-02-29 00:00:00,5.4,0.0
2024-02-29 01:00:00,6.6,0.0
2024-02-29 02:00:00,8.4,0.0
2024-02-29 03:00:00,8.9,0.0
2024-02-29 04:00:00,8.4,0.0
2024-02-29 05:00:00,7.1,0.0
2024-02-29 06:00:00,7.7,4.0
2024-02-29 07:00:00,9.3,62.0
2024-02-29 08:00:00,7.1,193.0
2024-02-29 09:00:00,5.5,353.0
2024-02-29 10:00:00,6.2,461.0
2024-02-29 11:00:00,6.0,512.0
2024-02-29 12:00:00,5.9,481.0
2024-02-29 13:00:00,5.8,342.0
2024-02-29 14:00:00,9.0,363.0
2024-02-29 15:00:00,7.9,225.0
2024-02-29 16:00:00,5.7,114.0
2024-02-29 17:00:00,5.4,16.0
2024-02-29 18:00:00,3.6,0.0
2024-02-29 19:00:00,1.1,0.0
2024-02-29 20:00:00,6.1,0.0
2024-02-29 21:00:00,6.5,0.0
2024-02-29 22:00:00,6.9,0.0
2024-02-29 23:00:00,4.0,0.0
2024-03-01 00:00:00,5.4,0.0
2024-03-01 01:00:00,4.7,0.0
2024-03-01 02:00:00,5.6,0.0
2024-03-01 03:00:00,6.6,0.0
2024-03-01 04:00:00,7.2,0.0
2024-03-01 05:00:00,7.4,0.0
2024-03-01 06:00:00,3.6,3.0
2024-03-01 07:00:00,2.8,49.0
2024-03-01 08:00:00,0.7,60.0
2024-03-01 09:00:00,4.1,84.0
2024-03-01 10:00:00,4.6,113.0
2024-03-01 11:00:00,1.8,129.0
2024-03-01 12:00:00,1.9,357.0
2024-03-01 13:00:00,2.0,312.0
2024-03-01 14:00:00,3.3,310.0
2024-03-01 15:00:00,3.2,216.0
2024-03-01 16:00:00,3.3,128.0
2024-03-01 17:00:00,3.2,18.0
2024-03-01 18:00:00,4.3,0.0
2024-03-01 19:00:00,4.6,0.0
2024-03-01 20:00:00,4.9,0.0
2024-03-01 21:00:00,3.3,0.0
2024-03-01 22:00:00,4.9,0.0
2024-03-01 23:00:00,5.2,0.0
2024-03-02 00:00:00,4.7,0.0
2024-03-02 01:00:00,4.1,0.0
2024-03-02 02:00:00,4.7,0.0
2024-03-02 03:00:00,4.4,0.0
2024-03-02 04:00:00,4.7,0.0
2024-03-02 05:00:00,5.0,0.0
2024-03-02 06:00:00,4.7,6.0
2024-03-02 07:00:00,3.1,94.0
2024-03-02 08:00:00,0.8,219.0
2024-03-02 09:00:00,2.3,354.0
2024-03-02 10:00:00,7.3,451.0
2024-03-02 11:00:00,9.0,490.0
2024-03-02 12:00:00,10.2,546.0
2024-03-02 13:00:00,9.3,462.0
2024-03-02 14:00:00,7.1,350.0
2024-03-02 15:00:00,6.8,252.0
2024-03-02 16:00:00,10.1,121.0
2024-03-02 17:00:00,4.1,17.0
2024-03-02 18:00:00,4.2,0.0
2024-03-02 19:00:00,5.9,0.0
2024-03-02 20:00:00,6.1,0.0
2024-03-02 21:00:00,5.9,0.0
2024-03-02 22:00:00,7.4,0.0
2024-03-02 23:00:00,6.5,0.0
2024-03-03 00:00:00,8.3,0.0
2024-03-03 01:00:00,6.7,0.0
2024-03-03 02:00:00,7.9,0.0
2024-03-03 03:00:00,8.0,0.0
2024-03-03 04:00:00,8.8,0.0
2024-03-03 05:00:00,8.2,0.0
2024-03-03 06:00:00,6.3,7.0
2024-03-03 07:00:00,8.4,104.0
2024-03-03 08:00:00,8.9,263.0
2024-03-03 09:00:00,11.3,411.0
2024-03-03 10:00:00,13.3,527.0
2024-03-03 11:00:00,15.5,548.0
2024-03-03 12:00:00,14.9,523.0
2024-03-03 13:00:00,13.2,509.0
2024-03-03 14:00:00,11.0,392.0
2024-03-03 15:00:00,7.1,262.0
2024-03-03 16:00:00,5.6,130.0
2024-03-03 17:00:00,4.8,18.0
2024-03-03 18:00:00,4.3,0.0
2024-03-03 19:00:00,4.7,0.0
2024-03-03 20:00:00,5.4,0.0
2024-03-03 21:00:00,9.0,0.0
2024-03-03 22:00:00,6.6,0.0
2024-03-03 23:00:00,6.3,0.0
2024-03-04 00:00:00,2.9,0.0
2024-03-04 01:00:00,3.7,0.0
2024-03-04 02:00:00,5.6,0.0
2024-03-04 03:00:00,5.4,0.0
2024-03-04 04:00:00,5.6,0.0
2024-03-04 05:00:00,6.4,0.0
2024-03-04 06:00:00,3.9,5.0
2024-03-04 07:00:00,1.8,74.0
2024-03-04 08:00:00,1.1,117.0
2024-03-04 09:00:00,2.1,145.0
2024-03-04 10:00:00,3.2,393.0
2024-03-04 11:00:00,4.4,353.0
2024-03-04 12:00:00,6.1,501.0
2024-03-04 13:00:00,3.7,297.0
2024-03-04 14:00:00,5.9,361.0
2024-03-04 15:00:00,4.9,212.0
2024-03-04 16:00:00,4.6,97.0
2024-03-04 17:00:00,6.8,20.0
2024-03-04 18:00:00,6.5,0.0
2024-03-04 19:00:00,5.4,0.0
2024-03-04 20:00:00,5.2,0.0
2024-03-04 21:00:00,6.8,0.0
2024-03-04 22:00:00,7.6,0.0
2024-03-04 23:00:00,8.0,0.0
2024-03-05 00:00:00,6.0,0.0
2024-03-05 01:00:00,5.4,0.0
2024-03-05 02:00:00,7.0,0.0
2024-03-05 03:00:00,7.8,0.0
2024-03-05 04:00:00,8.9,0.0
2024-03-05 05:00:00,7.5,0.0
2024-03-05 06:00:00,4.0,7.0
2024-03-05 07:00:00,3.6,88.0
2024-03-05 08:00:00,0.8,252.0
2024-03-05 09:00:00,2.6,412.0
2024-03-05 10:00:00,4.1,517.0
2024-03-05 11:00:00,6.2,578.0
2024-03-05 12:00:00,6.2,594.0
2024-03-05 13:00:00,5.0,491.0
2024-03-05 14:00:00,7.1,428.0
2024-03-05 15:00:00,7.6,320.0
2024-03-05 16:00:00,4.7,135.0
2024-03-05 17:00:00,8.2,20.0
2024-03-05 18:00:00,6.8,0.0
2024-03-05 19:00:00,5.6,0.0
2024-03-05 20:00:00,6.2,0.0
2024-03-05 21:00:00,5.2,0.0
2024-03-05 22:00:00,5.7,0.0
2024-03-05 23:00:00,5.0,0.0
2024-03-06 00:00:00,5.7,0.0
2024-03-06 01:00:00,6.4,0.0
2024-03-06 02:00:00,6.0,0.0
2024-03-06 03:00:00,5.4,0.0
2024-03-06 04:00:00,7.1,0.0
2024-03-06 05:00:00,5.7,0.0
2024-03-06 06:00:00,5.4,10.0
2024-03-06 07:00:00,6.5,111.0
2024-03-06 08:00:00,7.0,208.0
2024-03-06 09:00:00,7.9,316.0
2024-03-06 10:00:00,8.2,434.0
2024-03-06 11:00:00,8.7,528.0
2024-03-06 12:00:00,9.7,538.0
2024-03-06 13:00:00,7.4,336.0
2024-03-06 14:00:00,9.6,254.0
2024-03-06 15:00:00,8.6,172.0
2024-03-06 16:00:00,4.3,84.0
2024-03-06 17:00:00,8.2,18.0
2024-03-06 18:00:00,12.7,0.0
2024-03-06 19:00:00,13.9,0.0
2024-03-06 20:00:00,15.7,0.0
2024-03-06 21:00:00,16.0,0.0
2024-03-06 22:00:00,15.8,0.0
2024-03-06 23:00:00,15.9,0.0
2024-03-07 00:00:00,17.5,0.0
2024-03-07 01:00:00,12.9,0.0
2024-03-07 02:00:00,7.5,0.0
2024-03-07 03:00:00,6.7,0.0
2024-03-07 04:00:00,9.4,0.0
2024-03-07 05:00:00,10.1,0.0
2024-03-07 06:00:00,10.7,11.0
2024-03-07 07:00:00,13.1,106.0
2024-03-07 08:00:00,18.5,153.0
2024-03-07 09:00:00,17.2,149.0
2024-03-07 10:00:00,17.6,228.0
2024-03-07 11:00:00,15.2,276.0
2024-03-07 12:00:00,14.3,306.0
2024-03-07 13:00:00,14.1,444.0
2024-03-07 14:00:00,11.9,268.0
2024-03-07 15:00:00,9.5,178.0
2024-03-07 16:00:00,8.1,85.0
2024-03-07 17:00:00,7.1,17.0
2024-03-07 18:00:00,7.8,0.0
2024-03-07 19:00:00,7.1,0.0
2024-03-07 20:00:00,6.1,0.0
2024-03-07 21:00:00,6.3,0.0
2024-03-07 22:00:00,7.6,0.0
2024-03-07 23:00:00,6.0,0.0
2024-03-08 00:00:00,5.2,0.0
2024-03-08 01:00:00,5.4,0.0
2024-03-08 02:00:00,5.0,0.0
2024-03-08 03:00:00,4.8,0.0
2024-03-08 04:00:00,3.4,0.0
2024-03-08 05:00:00,4.7,0.0
2024-03-08 06:00:00,4.8,6.0
2024-03-08 07:00:00,4.3,44.0
2024-03-08 08:00:00,4.1,95.0
2024-03-08 09:00:00,5.6,104.0
2024-03-08 10:00:00,5.5,153.0
2024-03-08 11:00:00,4.7,148.0
2024-03-08 12:00:00,5.4,205.0
2024-03-08 13:00:00,7.4,278.0
2024-03-08 14:00:00,5.8,161.0
2024-03-08 15:00:00,5.5,156.0
2024-03-08 16:00:00,6.0,101.0
2024-03-08 17:00:00,4.3,18.0
2024-03-08 18:00:00,5.4,0.0
2024-03-08 19:00:00,5.7,0.0
2024-03-08 20:00:00,4.8,0.0
2024-03-08 21:00:00,5.1,0.0
2024-03-08 22:00:00,5.6,0.0
2024-03-08 23:00:00,4.7,0.0
2024-03-09 00:00:00,6.3,0.0
2024-03-09 01:00:00,6.2,0.0
2024-03-09 02:00:00,6.7,0.0
2024-03-09 03:00:00,8.0,0.0
2024-03-09 04:00:00,7.6,0.0
2024-03-09 05:00:00,7.6,0.0
2024-03-09 06:00:00,9.0,6.0
2024-03-09 07:00:00,7.6,51.0
2024-03-09 08:00:00,6.6,108.0
2024-03-09 09:00:00,5.4,184.0
2024-03-09 10:00:00,4.0,316.0
2024-03-09 11:00:00,4.5,411.0
2024-03-09 12:00:00,4.1,333.0
2024-03-09 13:00:00,5.1,95.0
2024-03-09 14:00:00,5.8,160.0
2024-03-09 15:00:00,7.6,64.0
2024-03-09 16:00:00,4.7,75.0
2024-03-09 17:00:00,4.5,14.0
2024-03-09 18:00:00,3.6,0.0
2024-03-09 19:00:00,1.8,0.0
2024-03-09 20:00:00,1.1,0.0
2024-03-09 21:00:00,1.1,0.0
2024-03-09 22:00:00,0.7,0.0
2024-03-09 23:00:00,1.8,0.0
2024-03-10 00:00:00,3.3,0.0
2024-03-10 01:00:00,2.8,0.0
2024-03-10 02:00:00,4.0,0.0
2024-03-10 03:00:00,0.5,0.0
2024-03-10 04:00:00,3.1,0.0
2024-03-10 05:00:00,1.4,0.0
2024-03-10 06:00:00,1.3,16.0
2024-03-10 07:00:00,4.1,108.0
2024-03-10 08:00:00,1.3,236.0
2024-03-10 09:00:00,9.2,368.0
2024-03-10 10:00:00,7.2,372.0
2024-03-10 11:00:00,5.7,304.0
2024-03-10 12:00:00,7.2,517.0
2024-03-10 13:00:00,10.8,391.0
2024-03-10 14:00:00,6.1,167.0
2024-03-10 15:00:00,6.0,178.0
2024-03-10 16:00:00,4.3,106.0
2024-03-10 17:00:00,6.0,23.0
2024-03-10 18:00:00,9.4,0.0
2024-03-10 19:00:00,8.1,0.0
2024-03-10 20:00:00,6.9,0.0
2024-03-10 21:00:00,4.7,0.0
2024-03-10 22:00:00,6.1,0.0
2024-03-10 23:00:00,5.2,0.0
2024-03-11 00:00:00,4.6,0.0
2024-03-11 01:00:00,4.7,0.0
2024-03-11 02:00:00,6.9,0.0
2024-03-11 03:00:00,7.2,0.0
2024-03-11 04:00:00,4.0,0.0
2024-03-11 05:00:00,1.9,0.0
2024-03-11 06:00:00,4.0,5.0
2024-03-11 07:00:00,3.9,18.0
2024-03-11 08:00:00,5.7,39.0
2024-03-11 09:00:00,6.2,78.0
2024-03-11 10:00:00,6.5,33.0
2024-03-11 11:00:00,11.6,60.0
2024-03-11 12:00:00,16.5,83.0
2024-03-11 13:00:00,9.9,101.0
2024-03-11 14:00:00,12.8,62.0
2024-03-11 15:00:00,13.2,49.0
2024-03-11 16:00:00,16.3,18.0
2024-03-11 17:00:00,16.5,5.0
2024-03-11 18:00:00,15.9,0.0
2024-03-11 19:00:00,16.7,0.0
2024-03-11 20:00:00,16.3,0.0
2024-03-11 21:00:00,16.6,0.0
2024-03-11 22:00:00,16.7,0.0
2024-03-11 23:00:00,15.5,0.0
2024-03-12 00:00:00,14.5,0.0
2024-03-12 01:00:00,11.6,0.0
2024-03-12 02:00:00,12.7,0.0
2024-03-12 03:00:00,8.0,0.0
2024-03-12 04:00:00,6.5,0.0
2024-03-12 05:00:00,5.9,0.0
2024-03-12 06:00:00,4.4,3.0
2024-03-12 07:00:00,4.6,20.0
2024-03-12 08:00:00,4.1,52.0
2024-03-12 09:00:00,3.6,92.0
2024-03-12 10:00:00,3.1,118.0
2024-03-12 11:00:00,1.3,163.0
2024-03-12 12:00:00,4.1,201.0
2024-03-12 13:00:00,5.8,236.0
2024-03-12 14:00:00,7.4,333.0
2024-03-12 15:00:00,7.2,121.0
2024-03-12 16:00:00,5.9,112.0
2024-03-12 17:00:00,4.5,28.0
2024-03-12 18:00:00,5.8,0.0
2024-03-12 19:00:00,3.4,0.0
2024-03-12 20:00:00,4.4,0.0
2024-03-12 21:00:00,5.1,0.0
2024-03-12 22:00:00,5.5,0.0
2024-03-12 23:00:00,6.0,0.0
2024-03-13 00:00:00,5.4,0.0
2024-03-13 01:00:00,4.8,0.0
2024-03-13 02:00:00,4.0,0.0
2024-03-13 03:00:00,5.6,0.0
2024-03-13 04:00:00,6.4,0.0
2024-03-13 05:00:00,7.7,0.0
2024-03-13 06:00:00,8.7,22.0
2024-03-13 07:00:00,8.4,153.0
2024-03-13 08:00:00,6.4,324.0
2024-03-13 09:00:00,6.7,473.0
2024-03-13 10:00:00,8.4,577.0
2024-03-13 11:00:00,10.5,609.0
2024-03-13 12:00:00,10.0,510.0
2024-03-13 13:00:00,8.9,496.0
2024-03-13 14:00:00,7.4,322.0
2024-03-13 15:00:00,3.2,184.0
2024-03-13 16:00:00,0.7,121.0
2024-03-13 17:00:00,3.4,39.0
2024-03-13 18:00:00,3.3,0.0
2024-03-13 19:00:00,3.4,0.0
2024-03-13 20:00:00,6.2,0.0
2024-03-13 21:00:00,7.9,0.0
2024-03-13 22:00:00,6.8,0.0
2024-03-13 23:00:00,4.7,0.0
2024-03-14 00:00:00,3.9,0.0
2024-03-14 01:00:00,4.7,0.0
2024-03-14 02:00:00,5.4,0.0
2024-03-14 03:00:00,7.4,0.0
2024-03-14 04:00:00,7.3,0.0
2024-03-14 05:00:00,7.6,0.0
2024-03-14 06:00:00,4.9,26.0
2024-03-14 07:00:00,3.3,135.0
2024-03-14 08:00:00,1.3,260.0
2024-03-14 09:00:00,4.5,344.0
2024-03-14 10:00:00,6.8,477.0
2024-03-14 11:00:00,7.3,486.0
2024-03-14 12:00:00,6.9,621.0
2024-03-14 13:00:00,4.4,574.0
2024-03-14 14:00:00,4.9,472.0
2024-03-14 15:00:00,5.4,344.0
2024-03-14 16:00:00,3.6,165.0
2024-03-14 17:00:00,6.8,40.0
2024-03-14 18:00:00,9.7,0.0
2024-03-14 19:00:00,8.1,0.0
2024-03-14 20:00:00,8.8,0.0
2024-03-14 21:00:00,9.4,0.0
2024-03-14 22:00:00,6.8,0.0
2024-03-14 23:00:00,4.0,0.0
2024-03-15 00:00:00,3.8,0.0
2024-03-15 01:00:00,5.2,0.0
2024-03-15 02:00:00,5.9,0.0
2024-03-15 03:00:00,5.5,0.0
2024-03-15 04:00:00,5.7,0.0
2024-03-15 05:00:00,5.6,0.0
2024-03-15 06:00:00,4.7,30.0
2024-03-15 07:00:00,4.8,169.0
2024-03-15 08:00:00,3.1,335.0
2024-03-15 09:00:00,4.0,479.0
2024-03-15 10:00:00,5.4,582.0
2024-03-15 11:00:00,7.0,646.0
2024-03-15 12:00:00,6.8,623.0
2024-03-15 13:00:00,4.7,567.0
2024-03-15 14:00:00,6.3,460.0
2024-03-15 15:00:00,5.8,285.0
2024-03-15 16:00:00,4.5,165.0
2024-03-15 17:00:00,5.4,44.0
2024-03-15 18:00:00,2.5,0.0
2024-03-15 19:00:00,6.8,0.0
2024-03-15 20:00:00,7.9,0.0
2024-03-15 21:00:00,7.6,0.0
2024-03-15 22:00:00,8.4,0.0
2024-03-15 23:00:00,8.4,0.0
2024-03-16 00:00:00,6.9,0.0
2024-03-16 01:00:00,8.6,0.0
2024-03-16 02:00:00,7.4,0.0
2024-03-16 03:00:00,5.1,0.0
2024-03-16 04:00:00,6.1,0.0
2024-03-16 05:00:00,7.5,0.0
2024-03-16 06:00:00,6.9,12.0
2024-03-16 07:00:00,7.5,61.0
2024-03-16 08:00:00,5.1,83.0
2024-03-16 09:00:00,4.0,143.0
2024-03-16 10:00:00,3.5,135.0
2024-03-16 11:00:00,3.1,157.0
2024-03-16 12:00:00,4.0,238.0
2024-03-16 13:00:00,3.4,172.0
2024-03-16 14:00:00,3.6,312.0
2024-03-16 15:00:00,5.6,209.0
2024-03-16 16:00:00,5.4,120.0
2024-03-16 17:00:00,7.9,38.0
2024-03-16 18:00:00,5.9,0.0
2024-03-16 19:00:00,6.4,0.0
2024-03-16 20:00:00,5.2,0.0
2024-03-16 21:00:00,5.8,0.0
2024-03-16 22:00:00,4.7,0.0
2024-03-16 23:00:00,5.4,0.0
2024-03-17 00:00:00,4.8,0.0
2024-03-17 01:00:00,4.7,0.0
2024-03-17 02:00:00,6.0,0.0
2024-03-17 03:00:00,7.2,0.0
2024-03-17 04:00:00,5.1,0.0
2024-03-17 05:00:00,3.4,0.0
2024-03-17 06:00:00,4.4,31.0
2024-03-17 07:00:00,2.2,169.0
2024-03-17 08:00:00,2.5,340.0
2024-03-17 09:00:00,7.5,490.0
2024-03-17 10:00:00,8.6,544.0
2024-03-17 11:00:00,6.5,482.0
2024-03-17 12:00:00,5.6,370.0
2024-03-17 13:00:00,6.6,544.0
2024-03-17 14:00:00,7.6,444.0
2024-03-17 15:00:00,5.0,356.0
2024-03-17 16:00:00,2.8,164.0
2024-03-17 17:00:00,7.8,42.0
2024-03-17 18:00:00,7.6,0.0
2024-03-17 19:00:00,6.5,0.0
2024-03-17 20:00:00,6.9,0.0
2024-03-17 21:00:00,6.8,0.0
2024-03-17 22:00:00,7.9,0.0
2024-03-17 23:00:00,9.1,0.0
2024-03-18 00:00:00,6.2,0.0
2024-03-18 01:00:00,6.3,0.0
2024-03-18 02:00:00,5.4,0.0
2024-03-18 03:00:00,4.7,0.0
2024-03-18 04:00:00,5.1,0.0
2024-03-18 05:00:00,4.8,0.0
2024-03-18 06:00:00,5.4,33.0
2024-03-18 07:00:00,5.2,157.0
2024-03-18 08:00:00,8.1,333.0
2024-03-18 09:00:00,7.9,487.0
2024-03-18 10:00:00,7.4,588.0
2024-03-18 11:00:00,6.8,659.0
2024-03-18 12:00:00,7.2,616.0
2024-03-18 13:00:00,6.5,486.0
2024-03-18 14:00:00,6.9,386.0
2024-03-18 15:00:00,8.8,199.0
2024-03-18 16:00:00,7.2,74.0
2024-03-18 17:00:00,5.9,22.0
2024-03-18 18:00:00,8.2,0.0
2024-03-18 19:00:00,7.4,0.0
2024-03-18 20:00:00,10.2,0.0
2024-03-18 21:00:00,7.4,0.0
2024-03-18 22:00:00,5.2,0.0
2024-03-18 23:00:00,6.3,0.0
2024-03-19 00:00:00,5.5,0.0
2024-03-19 01:00:00,7.7,0.0
2024-03-19 02:00:00,7.9,0.0
2024-03-19 03:00:00,7.1,0.0
2024-03-19 04:00:00,7.9,0.0
2024-03-19 05:00:00,8.4,0.0
2024-03-19 06:00:00,8.8,8.0
2024-03-19 07:00:00,7.5,27.0
2024-03-19 08:00:00,5.6,42.0
2024-03-19 09:00:00,4.3,151.0
2024-03-19 10:00:00,2.6,317.0
2024-03-19 11:00:00,2.2,409.0
2024-03-19 12:00:00,2.5,422.0
2024-03-19 13:00:00,6.1,489.0
2024-03-19 14:00:00,6.8,446.0
2024-03-19 15:00:00,6.2,347.0
2024-03-19 16:00:00,5.7,197.0
2024-03-19 17:00:00,5.0,59.0
2024-03-19 18:00:00,5.8,0.0
2024-03-19 19:00:00,7.3,0.0
2024-03-19 20:00:00,7.9,0.0
2024-03-19 21:00:00,7.4,0.0
2024-03-19 22:00:00,6.4,0.0
2024-03-19 23:00:00,5.0,0.0
2024-03-20 00:00:00,4.3,0.0
2024-03-20 01:00:00,2.5,0.0
2024-03-20 02:00:00,1.1,0.0
2024-03-20 03:00:00,3.3,0.0
2024-03-20 04:00:00,6.5,0.0
2024-03-20 05:00:00,5.4,0.0
2024-03-20 06:00:00,3.6,46.0
2024-03-20 07:00:00,2.5,203.0
2024-03-20 08:00:00,4.3,378.0
2024-03-20 09:00:00,6.5,532.0
2024-03-20 10:00:00,6.9,644.0
2024-03-20 11:00:00,6.5,704.0
2024-03-20 12:00:00,6.5,706.0
2024-03-20 13:00:00,5.9,652.0
2024-03-20 14:00:00,6.0,545.0
2024-03-20 15:00:00,5.9,397.0
2024-03-20 16:00:00,5.2,224.0
2024-03-20 17:00:00,5.9,63.0
2024-03-20 18:00:00,7.4,0.0
2024-03-20 19:00:00,7.6,0.0
2024-03-20 20:00:00,5.8,0.0
2024-03-20 21:00:00,5.1,0.0
2024-03-20 22:00:00,4.0,0.0
2024-03-20 23:00:00,3.7,0.0
2024-03-21 00:00:00,4.2,0.0
2024-03-21 01:00:00,3.4,0.0
2024-03-21 02:00:00,4.3,0.0
2024-03-21 03:00:00,4.8,0.0
2024-03-21 04:00:00,4.8,0.0
2024-03-21 05:00:00,5.9,0.0
2024-03-21 06:00:00,3.8,45.0
2024-03-21 07:00:00,4.7,188.0
2024-03-21 08:00:00,3.7,358.0
2024-03-21 09:00:00,4.1,520.0
2024-03-21 10:00:00,4.3,630.0
2024-03-21 11:00:00,3.3,689.0
2024-03-21 12:00:00,2.6,685.0
2024-03-21 13:00:00,4.2,632.0
2024-03-21 14:00:00,4.8,523.0
2024-03-21 15:00:00,3.6,325.0
2024-03-21 16:00:00,2.6,108.0
2024-03-21 17:00:00,5.4,15.0
2024-03-21 18:00:00,4.8,0.0
2024-03-21 19:00:00,5.2,0.0
2024-03-21 20:00:00,4.7,0.0
2024-03-21 21:00:00,6.4,0.0
2024-03-21 22:00:00,5.5,0.0
2024-03-21 23:00:00,6.3,0.0
2024-03-22 00:00:00,5.1,0.0
2024-03-22 01:00:00,8.1,0.0
2024-03-22 02:00:00,8.1,0.0
2024-03-22 03:00:00,5.4,0.0
2024-03-22 04:00:00,4.4,0.0
2024-03-22 05:00:00,6.0,0.0
2024-03-22 06:00:00,7.2,43.0
2024-03-22 07:00:00,5.2,170.0
2024-03-22 08:00:00,1.8,306.0
2024-03-22 09:00:00,2.0,417.0
2024-03-22 10:00:00,4.2,598.0
2024-03-22 11:00:00,4.8,681.0
2024-03-22 12:00:00,7.8,535.0
2024-03-22 13:00:00,5.2,511.0
2024-03-22 14:00:00,6.5,440.0
2024-03-22 15:00:00,9.4,274.0
2024-03-22 16:00:00,4.5,186.0
2024-03-22 17:00:00,4.8,53.0
2024-03-22 18:00:00,5.8,0.0
2024-03-22 19:00:00,7.7,0.0
2024-03-22 20:00:00,8.2,0.0
2024-03-22 21:00:00,6.8,0.0
2024-03-22 22:00:00,7.9,0.0
2024-03-22 23:00:00,7.0,0.0
2024-03-23 00:00:00,5.7,0.0
2024-03-23 01:00:00,7.1,0.0
2024-03-23 02:00:00,4.9,0.0
2024-03-23 03:00:00,4.6,0.0
2024-03-23 04:00:00,6.7,0.0
2024-03-23 05:00:00,5.1,0.0
2024-03-23 06:00:00,3.4,55.0
2024-03-23 07:00:00,1.6,208.0
2024-03-23 08:00:00,3.2,386.0
2024-03-23 09:00:00,7.4,485.0
2024-03-23 10:00:00,14.2,492.0
2024-03-23 11:00:00,16.7,481.0
2024-03-23 12:00:00,20.9,627.0
2024-03-23 13:00:00,21.9,517.0
2024-03-23 14:00:00,21.7,514.0
2024-03-23 15:00:00,20.4,388.0
2024-03-23 16:00:00,17.6,190.0
2024-03-23 17:00:00,11.8,58.0
2024-03-23 18:00:00,8.4,1.0
2024-03-23 19:00:00,4.5,0.0
2024-03-23 20:00:00,20.2,0.0
2024-03-23 21:00:00,21.4,0.0
2024-03-23 22:00:00,10.1,0.0
2024-03-23 23:00:00,1.3,0.0
2024-03-24 00:00:00,5.2,0.0
2024-03-24 01:00:00,9.7,0.0
2024-03-24 02:00:00,5.9,0.0
2024-03-24 03:00:00,6.6,0.0
2024-03-24 04:00:00,5.7,0.0
2024-03-24 05:00:00,7.1,0.0
2024-03-24 06:00:00,6.1,10.0
2024-03-24 07:00:00,7.7,65.0
2024-03-24 08:00:00,9.3,110.0
2024-03-24 09:00:00,5.4,211.0
2024-03-24 10:00:00,5.5,394.0
2024-03-24 11:00:00,6.4,627.0
2024-03-24 12:00:00,7.6,686.0
2024-03-24 13:00:00,6.2,500.0
2024-03-24 14:00:00,5.1,517.0
2024-03-24 15:00:00,4.2,412.0
2024-03-24 16:00:00,1.8,242.0
2024-03-24 17:00:00,3.5,74.0
2024-03-24 18:00:00,3.3,1.0
2024-03-24 19:00:00,5.9,0.0
2024-03-24 20:00:00,7.8,0.0
2024-03-24 21:00:00,3.5,0.0
2024-03-24 22:00:00,3.7,0.0
2024-03-24 23:00:00,3.1,0.0
2024-03-25 00:00:00,4.7,0.0
2024-03-25 01:00:00,6.0,0.0
2024-03-25 02:00:00,6.9,0.0
2024-03-25 03:00:00,8.3,0.0
2024-03-25 04:00:00,5.6,0.0
2024-03-25 05:00:00,7.1,0.0
2024-03-25 06:00:00,5.4,67.0
2024-03-25 07:00:00,3.1,231.0
2024-03-25 08:00:00,1.9,407.0
2024-03-25 09:00:00,3.1,561.0
2024-03-25 10:00:00,6.5,669.0
2024-03-25 11:00:00,6.4,684.0
2024-03-25 12:00:00,6.4,703.0
2024-03-25 13:00:00,6.3,634.0
2024-03-25 14:00:00,4.4,571.0
2024-03-25 15:00:00,5.5,396.0
2024-03-25 16:00:00,6.7,181.0
2024-03-25 17:00:00,8.2,75.0
2024-03-25 18:00:00,8.9,1.0
2024-03-25 19:00:00,7.4,0.0
2024-03-25 20:00:00,5.0,0.0
2024-03-25 21:00:00,6.8,0.0
2024-03-25 22:00:00,7.3,0.0
2024-03-25 23:00:00,7.0,0.0
2024-03-26 00:00:00,2.6,0.0
2024-03-26 01:00:00,8.7,0.0
2024-03-26 02:00:00,7.4,0.0
2024-03-26 03:00:00,4.8,0.0
2024-03-26 04:00:00,6.6,0.0
2024-03-26 05:00:00,6.3,1.0
2024-03-26 06:00:00,5.1,72.0
2024-03-26 07:00:00,3.6,240.0
2024-03-26 08:00:00,4.8,418.0
2024-03-26 09:00:00,5.4,563.0
2024-03-26 10:00:00,6.8,672.0
2024-03-26 11:00:00,7.8,726.0
2024-03-26 12:00:00,8.4,713.0
2024-03-26 13:00:00,6.5,615.0
2024-03-26 14:00:00,5.3,468.0
2024-03-26 15:00:00,4.3,224.0
2024-03-26 16:00:00,4.0,77.0
2024-03-26 17:00:00,5.2,19.0
2024-03-26 18:00:00,5.4,1.0
2024-03-26 19:00:00,3.1,0.0
2024-03-26 20:00:00,2.5,0.0
2024-03-26 21:00:00,2.1,0.0
2024-03-26 22:00:00,0.7,0.0
2024-03-26 23:00:00,3.4,0.0
2024-03-27 00:00:00,2.9,0.0
2024-03-27 01:00:00,5.4,0.0
2024-03-27 02:00:00,5.3,0.0
2024-03-27 03:00:00,3.3,0.0
2024-03-27 04:00:00,2.7,0.0
2024-03-27 05:00:00,2.9,1.0
2024-03-27 06:00:00,4.2,35.0
2024-03-27 07:00:00,4.1,165.0
2024-03-27 08:00:00,5.2,379.0
2024-03-27 09:00:00,5.6,503.0
2024-03-27 10:00:00,7.6,613.0
2024-03-27 11:00:00,10.8,668.0
2024-03-27 12:00:00,10.2,385.0
2024-03-27 13:00:00,8.2,467.0
2024-03-27 14:00:00,14.7,388.0
2024-03-27 15:00:00,12.2,231.0
2024-03-27 16:00:00,9.7,168.0
2024-03-27 17:00:00,3.4,42.0
2024-03-27 18:00:00,4.7,1.0
2024-03-27 19:00:00,17.6,0.0
2024-03-27 20:00:00,16.0,0.0
2024-03-27 21:00:00,16.6,0.0
2024-03-27 22:00:00,14.3,0.0
2024-03-27 23:00:00,17.3,0.0
2024-03-28 00:00:00,19.1,0.0
2024-03-28 01:00:00,19.2,0.0
2024-03-28 02:00:00,16.8,0.0
2024-03-28 03:00:00,18.8,0.0
2024-03-28 04:00:00,21.4,0.0
2024-03-28 05:00:00,21.0,1.0
2024-03-28 06:00:00,20.7,74.0
2024-03-28 07:00:00,17.7,217.0
2024-03-28 08:00:00,19.9,323.0
2024-03-28 09:00:00,31.5,503.0
2024-03-28 10:00:00,30.4,507.0
2024-03-28 11:00:00,25.0,490.0
2024-03-28 12:00:00,29.0,556.0
2024-03-28 13:00:00,6.0,169.0
2024-03-28 14:00:00,5.7,235.0
2024-03-28 15:00:00,8.2,234.0
2024-03-28 16:00:00,21.6,101.0
2024-03-28 17:00:00,24.6,43.0
2024-03-28 18:00:00,24.5,2.0
2024-03-28 19:00:00,25.2,0.0
2024-03-28 20:00:00,22.3,0.0
2024-03-28 21:00:00,17.9,0.0
2024-03-28 22:00:00,10.2,0.0
2024-03-28 23:00:00,8.3,0.0
2024-03-29 00:00:00,8.8,0.0
2024-03-29 01:00:00,4.6,0.0
2024-03-29 02:00:00,7.6,0.0
2024-03-29 03:00:00,8.5,0.0
2024-03-29 04:00:00,5.8,0.0
2024-03-29 05:00:00,5.4,2.0
2024-03-29 06:00:00,6.9,67.0
2024-03-29 07:00:00,12.4,208.0
2024-03-29 08:00:00,15.1,345.0
2024-03-29 09:00:00,19.4,454.0
2024-03-29 10:00:00,26.9,465.0
2024-03-29 11:00:00,25.4,517.0
2024-03-29 12:00:00,20.0,615.0
2024-03-29 13:00:00,21.4,469.0
2024-03-29 14:00:00,21.9,449.0
2024-03-29 15:00:00,16.2,338.0
2024-03-29 16:00:00,11.3,241.0
2024-03-29 17:00:00,8.6,84.0
2024-03-29 18:00:00,7.9,3.0
2024-03-29 19:00:00,7.6,0.0
2024-03-29 20:00:00,6.5,0.0
2024-03-29 21:00:00,5.6,0.0
2024-03-29 22:00:00,4.6,0.0
2024-03-29 23:00:00,3.1,0.0
2024-03-30 00:00:00,1.6,0.0
2024-03-30 01:00:00,1.8,0.0
2024-03-30 02:00:00,3.3,0.0
2024-03-30 03:00:00,2.8,0.0
2024-03-30 04:00:00,3.1,0.0
2024-03-30 05:00:00,1.3,2.0
2024-03-30 06:00:00,1.1,85.0
2024-03-30 07:00:00,0.8,251.0
2024-03-30 08:00:00,2.0,422.0
2024-03-30 09:00:00,4.3,569.0
2024-03-30 10:00:00,6.5,672.0
2024-03-30 11:00:00,6.9,726.0
2024-03-30 12:00:00,9.1,725.0
2024-03-30 13:00:00,9.0,527.0
2024-03-30 14:00:00,5.8,514.0
2024-03-30 15:00:00,6.8,392.0
2024-03-30 16:00:00,3.0,195.0
2024-03-30 17:00:00,6.8,53.0
2024-03-30 18:00:00,9.7,3.0
2024-03-30 19:00:00,12.6,0.0
2024-03-30 20:00:00,9.9,0.0
2024-03-30 21:00:00,7.9,0.0
2024-03-30 22:00:00,10.0,0.0
2024-03-30 23:00:00,8.8,0.0
2024-03-31 00:00:00,8.4,0.0
2024-03-31 01:00:00,7.7,0.0
2024-03-31 02:00:00,6.6,0.0
2024-03-31 03:00:00,5.8,0.0
2024-03-31 04:00:00,6.6,0.0
2024-03-31 05:00:00,6.1,3.0
2024-03-31 06:00:00,7.6,88.0
2024-03-31 07:00:00,7.1,257.0
2024-03-31 08:00:00,8.0,337.0
2024-03-31 09:00:00,9.2,553.0
2024-03-31 10:00:00,10.8,599.0
2024-03-31 11:00:00,14.2,679.0
2024-03-31 12:00:00,11.1,532.0
2024-03-31 13:00:00,16.3,397.0
2024-03-31 14:00:00,11.3,237.0
2024-03-31 15:00:00,15.7,356.0
2024-03-31 16:00:00,17.7,140.0
2024-03-31 17:00:00,11.5,88.0
2024-03-31 18:00:00,7.5,4.0
2024-03-31 19:00:00,7.9,0.0
2024-03-31 20:00:00,8.4,0.0
2024-03-31 21:00:00,7.7,0.0
2024-03-31 22:00:00,7.0,0.0
2024-03-31 23:00:00,7.1,0.0
2024-04-01 00:00:00,8.1,0.0
2024-04-01 01:00:00,6.6,0.0
2024-04-01 02:00:00,6.5,0.0
2024-04-01 03:00:00,7.3,0.0
2024-04-01 04:00:00,10.5,0.0
2024-04-01 05:00:00,7.6,4.0
2024-04-01 06:00:00,8.2,91.0
2024-04-01 07:00:00,7.1,252.0
2024-04-01 08:00:00,9.9,422.0
2024-04-01 09:00:00,11.1,569.0
2024-04-01 10:00:00,11.8,678.0
2024-04-01 11:00:00,12.7,737.0
2024-04-01 12:00:00,18.4,735.0
2024-04-01 13:00:00,19.8,646.0
2024-04-01 14:00:00,24.8,544.0
2024-04-01 15:00:00,20.6,411.0
2024-04-01 16:00:00,20.2,206.0
2024-04-01 17:00:00,20.9,46.0
2024-04-01 18:00:00,21.3,2.0
2024-04-01 19:00:00,16.3,0.0
2024-04-01 20:00:00,10.9,0.0
2024-04-01 21:00:00,10.2,0.0
2024-04-01 22:00:00,9.7,0.0
2024-04-01 23:00:00,10.0,0.0
2024-04-02 00:00:00,9.1,0.0
2024-04-02 01:00:00,10.6,0.0
2024-04-02 02:00:00,5.1,0.0
2024-04-02 03:00:00,2.7,0.0
2024-04-02 04:00:00,5.0,0.0
2024-04-02 05:00:00,5.6,4.0
2024-04-02 06:00:00,5.0,44.0
2024-04-02 07:00:00,2.7,222.0
2024-04-02 08:00:00,5.2,429.0
2024-04-02 09:00:00,9.5,591.0
2024-04-02 10:00:00,12.0,692.0
2024-04-02 11:00:00,20.2,727.0
2024-04-02 12:00:00,6.7,310.0
2024-04-02 13:00:00,10.5,291.0
2024-04-02 14:00:00,19.0,586.0
2024-04-02 15:00:00,4.9,207.0
2024-04-02 16:00:00,4.9,164.0
2024-04-02 17:00:00,4.6,82.0
2024-04-02 18:00:00,5.9,5.0
2024-04-02 19:00:00,6.9,0.0
2024-04-02 20:00:00,6.5,0.0
2024-04-02 21:00:00,6.2,0.0
2024-04-02 22:00:00,5.3,0.0
2024-04-02 23:00:00,4.4,0.0
2024-04-03 00:00:00,4.9,0.0
2024-04-03 01:00:00,6.0,0.0
2024-04-03 02:00:00,4.0,0.0
2024-04-03 03:00:00,3.3,0.0
2024-04-03 04:00:00,6.2,0.0
2024-04-03 05:00:00,6.8,6.0
2024-04-03 06:00:00,6.8,96.0
2024-04-03 07:00:00,5.2,214.0
2024-04-03 08:00:00,6.5,350.0
2024-04-03 09:00:00,11.6,454.0
2024-04-03 10:00:00,14.5,501.0
2024-04-03 11:00:00,18.1,555.0
2024-04-03 12:00:00,21.5,439.0
2024-04-03 13:00:00,22.8,386.0
2024-04-03 14:00:00,19.9,288.0
2024-04-03 15:00:00,17.6,243.0
2024-04-03 16:00:00,14.5,203.0
2024-04-03 17:00:00,14.3,90.0
2024-04-03 18:00:00,14.5,5.0
2024-04-03 19:00:00,11.7,0.0
2024-04-03 20:00:00,10.2,0.0
2024-04-03 21:00:00,8.4,0.0
2024-04-03 22:00:00,6.5,0.0
2024-04-03 23:00:00,6.5,0.0
2024-04-04 00:00:00,6.6,0.0
2024-04-04 01:00:00,9.4,0.0
2024-04-04 02:00:00,6.5,0.0
2024-04-04 03:00:00,5.5,0.0
2024-04-04 04:00:00,5.3,0.0
2024-04-04 05:00:00,5.9,7.0
2024-04-04 06:00:00,7.1,105.0
2024-04-04 07:00:00,5.0,271.0
2024-04-04 08:00:00,4.7,441.0
2024-04-04 09:00:00,5.0,592.0
2024-04-04 10:00:00,5.1,697.0
2024-04-04 11:00:00,7.1,757.0
2024-04-04 12:00:00,9.0,701.0
2024-04-04 13:00:00,11.2,615.0
2024-04-04 14:00:00,11.5,566.0
2024-04-04 15:00:00,13.3,430.0
2024-04-04 16:00:00,15.3,244.0
2024-04-04 17:00:00,12.5,78.0
2024-04-04 18:00:00,8.2,5.0
2024-04-04 19:00:00,6.8,0.0
2024-04-04 20:00:00,5.4,0.0
2024-04-04 21:00:00,5.8,0.0
2024-04-04 22:00:00,6.5,0.0
2024-04-04 23:00:00,6.2,0.0
2024-04-05 00:00:00,5.8,0.0
2024-04-05 01:00:00,6.5,0.0
2024-04-05 02:00:00,5.8,0.0
2024-04-05 03:00:00,6.2,0.0
2024-04-05 04:00:00,6.1,0.0
2024-04-05 05:00:00,5.6,8.0
2024-04-05 06:00:00,4.8,109.0
2024-04-05 07:00:00,2.6,278.0
2024-04-05 08:00:00,4.3,446.0
2024-04-05 09:00:00,6.1,571.0
2024-04-05 10:00:00,7.9,649.0
2024-04-05 11:00:00,8.2,701.0
2024-04-05 12:00:00,9.9,735.0
2024-04-05 13:00:00,10.4,622.0
2024-04-05 14:00:00,11.9,550.0
2024-04-05 15:00:00,13.4,425.0
2024-04-05 16:00:00,9.2,268.0
2024-04-05 17:00:00,5.8,102.0
2024-04-05 18:00:00,8.8,7.0
2024-04-05 19:00:00,6.5,0.0
2024-04-05 20:00:00,6.1,0.0
2024-04-05 21:00:00,5.1,0.0
2024-04-05 22:00:00,7.2,0.0
2024-04-05 23:00:00,7.6,0.0
2024-04-06 00:00:00,7.6,0.0
2024-04-06 01:00:00,8.0,0.0
2024-04-06 02:00:00,7.4,0.0
2024-04-06 03:00:00,8.4,0.0
2024-04-06 04:00:00,8.4,0.0
2024-04-06 05:00:00,6.5,9.0
2024-04-06 06:00:00,6.3,112.0
2024-04-06 07:00:00,4.5,277.0
2024-04-06 08:00:00,5.4,445.0
2024-04-06 09:00:00,6.8,573.0
2024-04-06 10:00:00,7.1,688.0
2024-04-06 11:00:00,7.1,740.0
2024-04-06 12:00:00,7.1,743.0
2024-04-06 13:00:00,6.6,699.0
2024-04-06 14:00:00,5.6,590.0
2024-04-06 15:00:00,4.9,442.0
2024-04-06 16:00:00,4.1,269.0
2024-04-06 17:00:00,6.9,107.0
2024-04-06 18:00:00,8.4,8.0
2024-04-06 19:00:00,7.9,0.0
2024-04-06 20:00:00,8.7,0.0
2024-04-06 21:00:00,9.8,0.0
2024-04-06 22:00:00,9.5,0.0
2024-04-06 23:00:00,7.1,0.0
2024-04-07 00:00:00,6.5,0.0
2024-04-07 01:00:00,8.4,0.0
2024-04-07 02:00:00,7.9,0.0
2024-04-07 03:00:00,5.8,0.0
2024-04-07 04:00:00,5.6,0.0
2024-04-07 05:00:00,5.6,11.0
2024-04-07 06:00:00,7.1,122.0
2024-04-07 07:00:00,3.4,294.0
2024-04-07 08:00:00,0.8,465.0
2024-04-07 09:00:00,1.6,612.0
2024-04-07 10:00:00,2.1,718.0
2024-04-07 11:00:00,4.8,773.0
2024-04-07 12:00:00,6.8,772.0
2024-04-07 13:00:00,6.1,713.0
2024-04-07 14:00:00,6.8,606.0
2024-04-07 15:00:00,6.2,459.0
2024-04-07 16:00:00,3.6,287.0
2024-04-07 17:00:00,7.3,115.0
2024-04-07 18:00:00,7.4,9.0
2024-04-07 19:00:00,8.2,0.0
2024-04-07 20:00:00,9.3,0.0
2024-04-07 21:00:00,10.1,0.0
2024-04-07 22:00:00,10.7,0.0
2024-04-07 23:00:00,8.2,0.0
2024-04-08 00:00:00,6.2,0.0
2024-04-08 01:00:00,9.0,0.0
2024-04-08 02:00:00,9.7,0.0
2024-04-08 03:00:00,10.5,0.0
2024-04-08 04:00:00,10.0,0.0
2024-04-08 05:00:00,6.6,11.0
2024-04-08 06:00:00,6.3,103.0
2024-04-08 07:00:00,3.7,266.0
2024-04-08 08:00:00,3.6,443.0
2024-04-08 09:00:00,2.8,560.0
2024-04-08 10:00:00,4.9,677.0
2024-04-08 11:00:00,6.2,747.0
2024-04-08 12:00:00,6.5,771.0
2024-04-08 13:00:00,6.2,714.0
2024-04-08 14:00:00,8.3,604.0
2024-04-08 15:00:00,8.3,446.0
2024-04-08 16:00:00,5.4,258.0
2024-04-08 17:00:00,5.2,113.0
2024-04-08 18:00:00,5.0,10.0
2024-04-08 19:00:00,4.7,0.0
2024-04-08 20:00:00,6.7,0.0
2024-04-08 21:00:00,8.4,0.0
2024-04-08 22:00:00,6.1,0.0
2024-04-08 23:00:00,4.4,0.0
2024-04-09 00:00:00,4.3,0.0
2024-04-09 01:00:00,5.2,0.0
2024-04-09 02:00:00,6.4,0.0
2024-04-09 03:00:00,6.5,0.0
2024-04-09 04:00:00,6.1,0.0
2024-04-09 05:00:00,5.7,14.0
2024-04-09 06:00:00,4.5,129.0
2024-04-09 07:00:00,2.8,300.0
2024-04-09 08:00:00,4.2,427.0
2024-04-09 09:00:00,7.6,567.0
2024-04-09 10:00:00,11.0,679.0
2024-04-09 11:00:00,14.3,755.0
2024-04-09 12:00:00,16.4,778.0
2024-04-09 13:00:00,16.8,704.0
2024-04-09 14:00:00,17.7,609.0
2024-04-09 15:00:00,16.5,462.0
2024-04-09 16:00:00,13.6,287.0
2024-04-09 17:00:00,9.6,115.0
2024-04-09 18:00:00,7.9,9.0
2024-04-09 19:00:00,6.9,0.0
2024-04-09 20:00:00,7.6,0.0
2024-04-09 21:00:00,6.9,0.0
2024-04-09 22:00:00,5.5,0.0
2024-04-09 23:00:00,4.3,0.0
2024-04-10 00:00:00,4.6,0.0
2024-04-10 01:00:00,8.1,0.0
2024-04-10 02:00:00,3.8,0.0
2024-04-10 03:00:00,5.0,0.0
2024-04-10 04:00:00,5.7,0.0
2024-04-10 05:00:00,11.5,11.0
2024-04-10 06:00:00,15.3,118.0
2024-04-10 07:00:00,15.3,291.0
2024-04-10 08:00:00,14.9,456.0
2024-04-10 09:00:00,14.8,563.0
2024-04-10 10:00:00,16.6,657.0
2024-04-10 11:00:00,19.4,591.0
2024-04-10 12:00:00,20.0,576.0
2024-04-10 13:00:00,20.2,609.0
2024-04-10 14:00:00,19.1,530.0
2024-04-10 15:00:00,18.7,382.0
2024-04-10 16:00:00,16.5,227.0
2024-04-10 17:00:00,13.0,82.0
2024-04-10 18:00:00,14.3,7.0
2024-04-10 19:00:00,13.5,0.0
2024-04-10 20:00:00,11.8,0.0
2024-04-10 21:00:00,9.2,0.0
2024-04-10 22:00:00,11.2,0.0
2024-04-10 23:00:00,10.2,0.0
2024-04-11 00:00:00,8.8,0.0
2024-04-11 01:00:00,4.2,0.0
2024-04-11 02:00:00,4.1,0.0
2024-04-11 03:00:00,6.2,0.0
2024-04-11 04:00:00,5.6,0.0
2024-04-11 05:00:00,6.0,15.0
2024-04-11 06:00:00,5.6,116.0
2024-04-11 07:00:00,6.8,266.0
2024-04-11 08:00:00,9.7,426.0
2024-04-11 09:00:00,9.2,564.0
2024-04-11 10:00:00,8.7,659.0
2024-04-11 11:00:00,10.9,698.0
2024-04-11 12:00:00,12.1,693.0
2024-04-11 13:00:00,10.5,689.0
2024-04-11 14:00:00,13.1,581.0
2024-04-11 15:00:00,12.5,403.0
2024-04-11 16:00:00,9.7,282.0
2024-04-11 17:00:00,5.6,119.0
2024-04-11 18:00:00,6.6,12.0
2024-04-11 19:00:00,6.4,0.0
2024-04-11 20:00:00,7.4,0.0
2024-04-11 21:00:00,8.0,0.0
2024-04-11 22:00:00,6.5,0.0
2024-04-11 23:00:00,6.1,0.0
2024-04-12 00:00:00,6.9,0.0
2024-04-12 01:00:00,6.6,0.0
2024-04-12 02:00:00,6.4,0.0
2024-04-12 03:00:00,6.0,0.0
2024-04-12 04:00:00,5.2,0.0
2024-04-12 05:00:00,4.8,18.0
2024-04-12 06:00:00,4.8,139.0
2024-04-12 07:00:00,2.3,312.0
2024-04-12 08:00:00,2.5,484.0
2024-04-12 09:00:00,4.6,628.0
2024-04-12 10:00:00,5.8,732.0
2024-04-12 11:00:00,5.9,784.0
2024-04-12 12:00:00,5.8,782.0
2024-04-12 13:00:00,6.8,724.0
2024-04-12 14:00:00,6.8,616.0
2024-04-12 15:00:00,6.6,468.0
2024-04-12 16:00:00,5.0,296.0
2024-04-12 17:00:00,7.1,126.0
2024-04-12 18:00:00,4.6,13.0
2024-04-12 19:00:00,3.0,0.0
2024-04-12 20:00:00,4.3,0.0
2024-04-12 21:00:00,4.4,0.0
2024-04-12 22:00:00,3.8,0.0
2024-04-12 23:00:00,3.3,0.0
2024-04-13 00:00:00,3.4,0.0
2024-04-13 01:00:00,5.2,0.0
2024-04-13 02:00:00,6.5,0.0
2024-04-13 03:00:00,4.9,0.0
2024-04-13 04:00:00,6.5,0.0
2024-04-13 05:00:00,4.2,20.0
2024-04-13 06:00:00,6.6,143.0
2024-04-13 07:00:00,3.7,313.0
2024-04-13 08:00:00,3.4,438.0
2024-04-13 09:00:00,2.2,590.0
2024-04-13 10:00:00,3.2,718.0
2024-04-13 11:00:00,5.0,782.0
2024-04-13 12:00:00,5.7,780.0
2024-04-13 13:00:00,5.9,722.0
2024-04-13 14:00:00,6.6,612.0
2024-04-13 15:00:00,7.4,471.0
2024-04-13 16:00:00,6.3,301.0
2024-04-13 17:00:00,8.0,131.0
2024-04-13 18:00:00,5.2,15.0
2024-04-13 19:00:00,3.4,0.0
2024-04-13 20:00:00,4.1,0.0
2024-04-13 21:00:00,6.3,0.0
2024-04-13 22:00:00,7.7,0.0
2024-04-13 23:00:00,7.0,0.0
2024-04-14 00:00:00,5.4,0.0
2024-04-14 01:00:00,7.9,0.0
2024-04-14 02:00:00,8.2,0.0
2024-04-14 03:00:00,6.6,0.0
2024-04-14 04:00:00,5.7,0.0
2024-04-14 05:00:00,5.1,22.0
2024-04-14 06:00:00,2.5,149.0
2024-04-14 07:00:00,1.6,324.0
2024-04-14 08:00:00,3.0,495.0
2024-04-14 09:00:00,4.8,645.0
2024-04-14 10:00:00,5.6,748.0
2024-04-14 11:00:00,6.7,799.0
2024-04-14 12:00:00,7.8,795.0
2024-04-14 13:00:00,9.8,734.0
2024-04-14 14:00:00,9.4,625.0
2024-04-14 15:00:00,8.5,476.0
2024-04-14 16:00:00,4.8,304.0
2024-04-14 17:00:00,6.4,134.0
2024-04-14 18:00:00,9.0,16.0
2024-04-14 19:00:00,8.6,0.0
2024-04-14 20:00:00,6.9,0.0
2024-04-14 21:00:00,6.4,0.0
2024-04-14 22:00:00,5.5,0.0
2024-04-14 23:00:00,5.5,0.0
2024-04-15 00:00:00,6.0,0.0
2024-04-15 01:00:00,6.2,0.0
2024-04-15 02:00:00,5.6,0.0
2024-04-15 03:00:00,8.0,0.0
2024-04-15 04:00:00,8.0,0.0
2024-04-15 05:00:00,5.2,25.0
2024-04-15 06:00:00,8.4,159.0
2024-04-15 07:00:00,7.9,336.0
2024-04-15 08:00:00,10.9,508.0
2024-04-15 09:00:00,16.0,651.0
2024-04-15 10:00:00,18.8,753.0
2024-04-15 11:00:00,19.4,806.0
2024-04-15 12:00:00,18.6,805.0
2024-04-15 13:00:00,23.2,746.0
2024-04-15 14:00:00,24.7,638.0
2024-04-15 15:00:00,23.2,486.0
2024-04-15 16:00:00,18.6,298.0
2024-04-15 17:00:00,17.6,132.0
2024-04-15 18:00:00,15.5,17.0
2024-04-15 19:00:00,9.7,0.0
2024-04-15 20:00:00,7.2,0.0
2024-04-15 21:00:00,8.2,0.0
2024-04-15 22:00:00,16.1,0.0
2024-04-15 23:00:00,17.9,0.0
2024-04-16 00:00:00,16.4,0.0
2024-04-16 01:00:00,18.7,0.0
2024-04-16 02:00:00,16.3,0.0
2024-04-16 03:00:00,11.1,0.0
2024-04-16 04:00:00,9.3,0.0
2024-04-16 05:00:00,9.0,24.0
2024-04-16 06:00:00,11.7,127.0
2024-04-16 07:00:00,8.3,145.0
2024-04-16 08:00:00,14.2,212.0
2024-04-16 09:00:00,29.8,181.0
2024-04-16 10:00:00,23.4,56.0
2024-04-16 11:00:00,24.0,185.0
2024-04-16 12:00:00,22.9,137.0
2024-04-16 13:00:00,18.4,109.0
2024-04-16 14:00:00,13.1,74.0
2024-04-16 15:00:00,9.0,27.0
2024-04-16 16:00:00,6.2,59.0
2024-04-16 17:00:00,2.2,22.0
2024-04-16 18:00:00,3.1,4.0
2024-04-16 19:00:00,6.4,0.0
2024-04-16 20:00:00,7.2,0.0
2024-04-16 21:00:00,6.2,0.0
2024-04-16 22:00:00,6.2,0.0
2024-04-16 23:00:00,6.1,0.0
2024-04-17 00:00:00,5.1,0.0
2024-04-17 01:00:00,6.9,0.0
2024-04-17 02:00:00,7.0,0.0
2024-04-17 03:00:00,4.3,0.0
2024-04-17 04:00:00,3.6,0.0
2024-04-17 05:00:00,3.2,31.0
2024-04-17 06:00:00,5.0,168.0
2024-04-17 07:00:00,5.4,320.0
2024-04-17 08:00:00,4.1,400.0
2024-04-17 09:00:00,6.0,520.0
2024-04-17 10:00:00,5.2,737.0
2024-04-17 11:00:00,7.6,673.0
2024-04-17 12:00:00,8.3,659.0
2024-04-17 13:00:00,10.2,482.0
2024-04-17 14:00:00,3.2,213.0
2024-04-17 15:00:00,8.0,313.0
2024-04-17 16:00:00,4.1,198.0
2024-04-17 17:00:00,3.7,92.0
2024-04-17 18:00:00,4.6,17.0
2024-04-17 19:00:00,8.3,0.0
2024-04-17 20:00:00,8.4,0.0
2024-04-17 21:00:00,10.0,0.0
2024-04-17 22:00:00,7.4,0.0
2024-04-17 23:00:00,7.6,0.0
2024-04-18 00:00:00,7.0,0.0
2024-04-18 01:00:00,7.2,0.0
2024-04-18 02:00:00,6.4,0.0
2024-04-18 03:00:00,5.7,0.0
2024-04-18 04:00:00,5.3,0.0
2024-04-18 05:00:00,7.6,31.0
2024-04-18 06:00:00,5.4,161.0
2024-04-18 07:00:00,3.2,331.0
2024-04-18 08:00:00,8.3,516.0
2024-04-18 09:00:00,11.6,616.0
2024-04-18 10:00:00,11.0,657.0
2024-04-18 11:00:00,10.2,745.0
2024-04-18 12:00:00,10.1,726.0
2024-04-18 13:00:00,10.5,620.0
2024-04-18 14:00:00,13.5,518.0
2024-04-18 15:00:00,9.5,342.0
2024-04-18 16:00:00,7.7,248.0
2024-04-18 17:00:00,4.8,117.0
2024-04-18 18:00:00,6.5,19.0
2024-04-18 19:00:00,7.4,0.0
2024-04-18 20:00:00,7.2,0.0
2024-04-18 21:00:00,6.6,0.0
2024-04-18 22:00:00,7.3,0.0
2024-04-18 23:00:00,6.4,0.0
2024-04-19 00:00:00,6.2,0.0
2024-04-19 01:00:00,5.0,0.0
2024-04-19 02:00:00,4.6,0.0
2024-04-19 03:00:00,4.6,0.0
2024-04-19 04:00:00,4.6,0.0
2024-04-19 05:00:00,5.0,35.0
2024-04-19 06:00:00,2.6,179.0
2024-04-19 07:00:00,0.8,362.0
2024-04-19 08:00:00,3.2,540.0
2024-04-19 09:00:00,2.8,683.0
2024-04-19 10:00:00,2.7,777.0
2024-04-19 11:00:00,3.3,826.0
2024-04-19 12:00:00,5.1,787.0
2024-04-19 13:00:00,6.5,655.0
2024-04-19 14:00:00,7.0,611.0
2024-04-19 15:00:00,8.2,484.0
2024-04-19 16:00:00,7.9,325.0
2024-04-19 17:00:00,4.6,157.0
2024-04-19 18:00:00,7.1,23.0
2024-04-19 19:00:00,9.0,0.0
2024-04-19 20:00:00,8.4,0.0
2024-04-19 21:00:00,7.4,0.0
2024-04-19 22:00:00,6.9,0.0
2024-04-19 23:00:00,8.2,0.0
2024-04-20 00:00:00,6.4,0.0
2024-04-20 01:00:00,6.5,0.0
2024-04-20 02:00:00,3.7,0.0
2024-04-20 03:00:00,3.4,0.0
2024-04-20 04:00:00,4.6,0.0
2024-04-20 05:00:00,5.4,32.0
2024-04-20 06:00:00,5.8,131.0
2024-04-20 07:00:00,5.4,282.0
2024-04-20 08:00:00,5.1,414.0
2024-04-20 09:00:00,6.6,524.0
2024-04-20 10:00:00,7.1,621.0
2024-04-20 11:00:00,6.9,611.0
2024-04-20 12:00:00,6.7,637.0
2024-04-20 13:00:00,10.9,407.0
2024-04-20 14:00:00,11.4,450.0
2024-04-20 15:00:00,14.9,349.0
2024-04-20 16:00:00,12.9,219.0
2024-04-20 17:00:00,7.1,99.0
2024-04-20 18:00:00,7.7,18.0
2024-04-20 19:00:00,12.6,0.0
2024-04-20 20:00:00,10.2,0.0
2024-04-20 21:00:00,9.4,0.0
2024-04-20 22:00:00,7.3,0.0
2024-04-20 23:00:00,6.2,0.0
2024-04-21 00:00:00,5.8,0.0
2024-04-21 01:00:00,8.0,0.0
2024-04-21 02:00:00,5.5,0.0
2024-04-21 03:00:00,4.3,0.0
2024-04-21 04:00:00,5.4,0.0
2024-04-21 05:00:00,4.0,37.0
2024-04-21 06:00:00,3.0,181.0
2024-04-21 07:00:00,6.6,365.0
2024-04-21 08:00:00,12.0,541.0
2024-04-21 09:00:00,14.8,629.0
2024-04-21 10:00:00,13.2,594.0
2024-04-21 11:00:00,11.9,624.0
2024-04-21 12:00:00,12.5,688.0
2024-04-21 13:00:00,8.4,492.0
2024-04-21 14:00:00,11.3,458.0
2024-04-21 15:00:00,12.0,398.0
2024-04-21 16:00:00,11.3,278.0
2024-04-21 17:00:00,4.3,157.0
2024-04-21 18:00:00,7.2,25.0
2024-04-21 19:00:00,5.5,0.0
2024-04-21 20:00:00,7.1,0.0
2024-04-21 21:00:00,7.0,0.0
2024-04-21 22:00:00,9.7,0.0
2024-04-21 23:00:00,6.2,0.0
2024-04-22 00:00:00,6.1,0.0
2024-04-22 01:00:00,5.0,0.0
2024-04-22 02:00:00,4.0,0.0
2024-04-22 03:00:00,3.1,0.0
2024-04-22 04:00:00,5.1,0.0
2024-04-22 05:00:00,6.5,40.0
2024-04-22 06:00:00,4.8,184.0
2024-04-22 07:00:00,7.9,362.0
2024-04-22 08:00:00,14.3,527.0
2024-04-22 09:00:00,13.3,499.0
2024-04-22 10:00:00,13.2,444.0
2024-04-22 11:00:00,14.5,471.0
2024-04-22 12:00:00,14.4,510.0
2024-04-22 13:00:00,14.8,456.0
2024-04-22 14:00:00,16.1,281.0
2024-04-22 15:00:00,17.2,218.0
2024-04-22 16:00:00,16.0,101.0
2024-04-22 17:00:00,15.2,42.0
2024-04-22 18:00:00,13.7,13.0
2024-04-22 19:00:00,15.3,0.0
2024-04-22 20:00:00,15.3,0.0
2024-04-22 21:00:00,15.5,0.0
2024-04-22 22:00:00,13.7,0.0
2024-04-22 23:00:00,10.8,0.0
2024-04-23 00:00:00,11.9,0.0
2024-04-23 01:00:00,9.0,0.0
2024-04-23 02:00:00,9.9,0.0
2024-04-23 03:00:00,9.7,0.0
2024-04-23 04:00:00,12.3,0.0
2024-04-23 05:00:00,12.7,8.0
2024-04-23 06:00:00,13.7,42.0
2024-04-23 07:00:00,15.1,89.0
2024-04-23 08:00:00,17.7,214.0
2024-04-23 09:00:00,16.1,194.0
2024-04-23 10:00:00,15.0,303.0
2024-04-23 11:00:00,15.9,352.0
2024-04-23 12:00:00,16.5,333.0
2024-04-23 13:00:00,15.7,190.0
2024-04-23 14:00:00,18.4,190.0
2024-04-23 15:00:00,19.5,164.0
2024-04-23 16:00:00,19.2,133.0
2024-04-23 17:00:00,18.5,50.0
2024-04-23 18:00:00,19.2,10.0
2024-04-23 19:00:00,17.2,0.0
2024-04-23 20:00:00,17.6,0.0
2024-04-23 21:00:00,16.1,0.0
2024-04-23 22:00:00,14.7,0.0
2024-04-23 23:00:00,11.3,0.0
2024-04-24 00:00:00,9.5,0.0
2024-04-24 01:00:00,9.4,0.0
2024-04-24 02:00:00,7.8,0.0
2024-04-24 03:00:00,6.0,0.0
2024-04-24 04:00:00,6.1,0.0
2024-04-24 05:00:00,6.6,12.0
2024-04-24 06:00:00,7.2,40.0
2024-04-24 07:00:00,7.0,56.0
2024-04-24 08:00:00,8.4,108.0
2024-04-24 09:00:00,10.8,166.0
2024-04-24 10:00:00,8.3,201.0
2024-04-24 11:00:00,7.7,212.0
2024-04-24 12:00:00,6.0,255.0
2024-04-24 13:00:00,5.1,223.0
2024-04-24 14:00:00,3.4,337.0
2024-04-24 15:00:00,2.5,240.0
2024-04-24 16:00:00,4.1,133.0
2024-04-24 17:00:00,4.8,60.0
2024-04-24 18:00:00,5.1,18.0
2024-04-24 19:00:00,4.0,0.0
2024-04-24 20:00:00,3.2,0.0
2024-04-24 21:00:00,4.1,0.0
2024-04-24 22:00:00,6.2,0.0
2024-04-24 23:00:00,5.9,0.0
2024-04-25 00:00:00,5.1,0.0
2024-04-25 01:00:00,5.0,0.0
2024-04-25 02:00:00,4.9,0.0
2024-04-25 03:00:00,2.5,0.0
2024-04-25 04:00:00,3.3,0.0
2024-04-25 05:00:00,6.8,26.0
2024-04-25 06:00:00,6.6,108.0
2024-04-25 07:00:00,7.1,132.0
2024-04-25 08:00:00,8.2,226.0
2024-04-25 09:00:00,8.4,97.0
2024-04-25 10:00:00,9.1,164.0
2024-04-25 11:00:00,8.7,248.0
2024-04-25 12:00:00,7.6,296.0
2024-04-25 13:00:00,6.0,197.0
2024-04-25 14:00:00,3.9,224.0
2024-04-25 15:00:00,5.3,175.0
2024-04-25 16:00:00,4.3,237.0
2024-04-25 17:00:00,3.6,108.0
2024-04-25 18:00:00,6.6,27.0
2024-04-25 19:00:00,4.7,0.0
2024-04-25 20:00:00,4.7,0.0
2024-04-25 21:00:00,4.9,0.0
2024-04-25 22:00:00,4.6,0.0
2024-04-25 23:00:00,4.5,0.0
2024-04-26 00:00:00,4.5,0.0
2024-04-26 01:00:00,4.1,0.0
2024-04-26 02:00:00,4.6,0.0
2024-04-26 03:00:00,5.4,0.0
2024-04-26 04:00:00,4.2,0.0
2024-04-26 05:00:00,4.6,47.0
2024-04-26 06:00:00,2.6,175.0
2024-04-26 07:00:00,2.9,350.0
2024-04-26 08:00:00,7.9,510.0
2024-04-26 09:00:00,8.9,600.0
2024-04-26 10:00:00,9.2,645.0
2024-04-26 11:00:00,8.4,727.0
2024-04-26 12:00:00,8.7,684.0
2024-04-26 13:00:00,10.2,588.0
2024-04-26 14:00:00,13.3,536.0
2024-04-26 15:00:00,12.0,441.0
2024-04-26 16:00:00,7.7,259.0
2024-04-26 17:00:00,4.9,140.0
2024-04-26 18:00:00,8.7,33.0
2024-04-26 19:00:00,8.0,0.0
2024-04-26 20:00:00,9.8,0.0
2024-04-26 21:00:00,9.3,0.0
2024-04-26 22:00:00,7.9,0.0
2024-04-26 23:00:00,5.8,0.0
2024-04-27 00:00:00,6.4,0.0
2024-04-27 01:00:00,7.0,0.0
2024-04-27 02:00:00,5.7,0.0
2024-04-27 03:00:00,6.0,0.0
2024-04-27 04:00:00,3.7,0.0
2024-04-27 05:00:00,2.9,56.0
2024-04-27 06:00:00,2.1,206.0
2024-04-27 07:00:00,4.7,383.0
2024-04-27 08:00:00,8.4,551.0
2024-04-27 09:00:00,10.5,701.0
2024-04-27 10:00:00,12.5,758.0
2024-04-27 11:00:00,13.0,796.0
2024-04-27 12:00:00,12.8,771.0
2024-04-27 13:00:00,14.8,736.0
2024-04-27 14:00:00,14.3,607.0
2024-04-27 15:00:00,11.2,443.0
2024-04-27 16:00:00,8.1,331.0
2024-04-27 17:00:00,6.0,172.0
2024-04-27 18:00:00,7.9,35.0
2024-04-27 19:00:00,8.0,0.0
2024-04-27 20:00:00,8.0,0.0
2024-04-27 21:00:00,6.4,0.0
2024-04-27 22:00:00,5.2,0.0
2024-04-27 23:00:00,4.5,0.0
2024-04-28 00:00:00,4.1,0.0
2024-04-28 01:00:00,5.0,0.0
2024-04-28 02:00:00,3.5,0.0
2024-04-28 03:00:00,5.4,0.0
2024-04-28 04:00:00,6.0,0.0
2024-04-28 05:00:00,2.5,59.0
2024-04-28 06:00:00,2.5,192.0
2024-04-28 07:00:00,3.4,359.0
2024-04-28 08:00:00,5.6,509.0
2024-04-28 09:00:00,7.6,616.0
2024-04-28 10:00:00,8.3,730.0
2024-04-28 11:00:00,8.4,795.0
2024-04-28 12:00:00,10.2,796.0
2024-04-28 13:00:00,10.4,760.0
2024-04-28 14:00:00,10.9,666.0
2024-04-28 15:00:00,10.0,519.0
2024-04-28 16:00:00,5.4,339.0
2024-04-28 17:00:00,5.7,164.0
2024-04-28 18:00:00,5.8,35.0
2024-04-28 19:00:00,5.1,0.0
2024-04-28 20:00:00,6.6,0.0
2024-04-28 21:00:00,7.1,0.0
2024-04-28 22:00:00,6.5,0.0
2024-04-28 23:00:00,6.4,0.0
2024-04-29 00:00:00,7.2,0.0
2024-04-29 01:00:00,8.2,0.0
2024-04-29 02:00:00,5.1,0.0
2024-04-29 03:00:00,6.0,0.0
2024-04-29 04:00:00,6.3,1.0
2024-04-29 05:00:00,5.0,56.0
2024-04-29 06:00:00,3.8,185.0
2024-04-29 07:00:00,1.8,363.0
2024-04-29 08:00:00,1.5,550.0
2024-04-29 09:00:00,1.4,690.0
2024-04-29 10:00:00,3.3,775.0
2024-04-29 11:00:00,6.6,842.0
2024-04-29 12:00:00,8.4,837.0
2024-04-29 13:00:00,10.0,778.0
2024-04-29 14:00:00,8.5,670.0
2024-04-29 15:00:00,7.3,521.0
2024-04-29 16:00:00,4.5,348.0
2024-04-29 17:00:00,5.6,171.0
2024-04-29 18:00:00,8.0,38.0
2024-04-29 19:00:00,7.4,0.0
2024-04-29 20:00:00,6.9,0.0
2024-04-29 21:00:00,7.9,0.0
2024-04-29 22:00:00,8.0,0.0
2024-04-29 23:00:00,7.2,0.0
2024-04-30 00:00:00,6.6,0.0
2024-04-30 01:00:00,7.9,0.0
2024-04-30 02:00:00,5.8,0.0
2024-04-30 03:00:00,5.4,0.0
2024-04-30 04:00:00,4.8,1.0
2024-04-30 05:00:00,6.1,66.0
2024-04-30 06:00:00,4.7,221.0
2024-04-30 07:00:00,3.1,402.0
2024-04-30 08:00:00,3.1,573.0
2024-04-30 09:00:00,6.5,715.0
2024-04-30 10:00:00,9.0,813.0
2024-04-30 11:00:00,11.2,863.0
2024-04-30 12:00:00,11.7,857.0
2024-04-30 13:00:00,14.1,794.0
2024-04-30 14:00:00,14.3,681.0
2024-04-30 15:00:00,14.7,530.0
2024-04-30 16:00:00,11.4,349.0
2024-04-30 17:00:00,7.1,174.0
2024-04-30 18:00:00,7.6,39.0
2024-04-30 19:00:00,7.2,0.0
2024-04-30 20:00:00,9.3,0.0
2024-04-30 21:00:00,11.1,0.0
2024-04-30 22:00:00,11.6,0.0
2024-04-30 23:00:00,9.8,0.0
2024-05-01 00:00:00,6.7,0.0
2024-05-01 01:00:00,5.7,0.0
2024-05-01 02:00:00,5.6,0.0
2024-05-01 03:00:00,5.2,0.0
2024-05-01 04:00:00,4.9,1.0
2024-05-01 05:00:00,6.1,62.0
2024-05-01 06:00:00,4.2,208.0
2024-05-01 07:00:00,5.1,365.0
2024-05-01 08:00:00,4.0,518.0
2024-05-01 09:00:00,3.1,655.0
2024-05-01 10:00:00,4.7,690.0
2024-05-01 11:00:00,8.3,752.0
2024-05-01 12:00:00,13.1,800.0
2024-05-01 13:00:00,10.9,345.0
2024-05-01 14:00:00,11.6,385.0
2024-05-01 15:00:00,8.6,312.0
2024-05-01 16:00:00,3.7,207.0
2024-05-01 17:00:00,6.7,88.0
2024-05-01 18:00:00,3.0,16.0
2024-05-01 19:00:00,6.9,0.0
2024-05-01 20:00:00,5.6,0.0
2024-05-01 21:00:00,7.0,0.0
2024-05-01 22:00:00,7.2,0.0
2024-05-01 23:00:00,5.7,0.0
2024-05-02 00:00:00,5.4,0.0
2024-05-02 01:00:00,6.9,0.0
2024-05-02 02:00:00,3.7,0.0
2024-05-02 03:00:00,4.8,0.0
2024-05-02 04:00:00,5.2,1.0
2024-05-02 05:00:00,6.9,58.0
2024-05-02 06:00:00,7.8,215.0
2024-05-02 07:00:00,9.1,362.0
2024-05-02 08:00:00,14.6,522.0
2024-05-02 09:00:00,12.8,634.0
2024-05-02 10:00:00,12.7,779.0
2024-05-02 11:00:00,11.6,797.0
2024-05-02 12:00:00,11.6,801.0
2024-05-02 13:00:00,14.6,703.0
2024-05-02 14:00:00,10.1,657.0
2024-05-02 15:00:00,6.5,504.0
2024-05-02 16:00:00,10.7,316.0
2024-05-02 17:00:00,10.0,91.0
2024-05-02 18:00:00,3.7,21.0
2024-05-02 19:00:00,5.2,0.0
2024-05-02 20:00:00,7.0,0.0
2024-05-02 21:00:00,6.6,0.0
2024-05-02 22:00:00,6.0,0.0
2024-05-02 23:00:00,4.5,0.0
2024-05-03 00:00:00,5.6,0.0
2024-05-03 01:00:00,4.3,0.0
2024-05-03 02:00:00,3.4,0.0
2024-05-03 03:00:00,2.5,0.0
2024-05-03 04:00:00,3.3,0.0
2024-05-03 05:00:00,4.8,21.0
2024-05-03 06:00:00,3.3,75.0
2024-05-03 07:00:00,5.6,187.0
2024-05-03 08:00:00,10.2,372.0
2024-05-03 09:00:00,9.0,281.0
2024-05-03 10:00:00,8.9,208.0
2024-05-03 11:00:00,11.0,213.0
2024-05-03 12:00:00,10.7,299.0
2024-05-03 13:00:00,10.6,176.0
2024-05-03 14:00:00,10.8,123.0
2024-05-03 15:00:00,7.2,79.0
2024-05-03 16:00:00,6.8,69.0
2024-05-03 17:00:00,6.8,48.0
2024-05-03 18:00:00,5.6,12.0
2024-05-03 19:00:00,9.4,0.0
2024-05-03 20:00:00,10.6,0.0
2024-05-03 21:00:00,9.0,0.0
2024-05-03 22:00:00,9.4,0.0
2024-05-03 23:00:00,8.0,0.0
2024-05-04 00:00:00,7.2,0.0
2024-05-04 01:00:00,9.3,0.0
2024-05-04 02:00:00,11.0,0.0
2024-05-04 03:00:00,9.5,0.0
2024-05-04 04:00:00,8.6,2.0
2024-05-04 05:00:00,8.0,40.0
2024-05-04 06:00:00,3.6,93.0
2024-05-04 07:00:00,1.3,233.0
2024-05-04 08:00:00,2.5,446.0
2024-05-04 09:00:00,3.7,573.0
2024-05-04 10:00:00,3.4,682.0
2024-05-04 11:00:00,3.7,727.0
2024-05-04 12:00:00,1.5,778.0
2024-05-04 13:00:00,4.0,660.0
2024-05-04 14:00:00,4.3,591.0
2024-05-04 15:00:00,4.7,313.0
2024-05-04 16:00:00,2.3,263.0
2024-05-04 17:00:00,1.9,165.0
2024-05-04 18:00:00,2.0,48.0
2024-05-04 19:00:00,2.1,0.0
2024-05-04 20:00:00,3.6,0.0
2024-05-04 21:00:00,5.6,0.0
2024-05-04 22:00:00,5.9,0.0
2024-05-04 23:00:00,6.1,0.0
2024-05-05 00:00:00,6.8,0.0
2024-05-05 01:00:00,6.3,0.0
2024-05-05 02:00:00,4.4,0.0
2024-05-05 03:00:00,5.4,0.0
2024-05-05 04:00:00,2.8,3.0
2024-05-05 05:00:00,1.3,76.0
2024-05-05 06:00:00,2.3,230.0
2024-05-05 07:00:00,3.9,407.0
2024-05-05 08:00:00,5.7,573.0
2024-05-05 09:00:00,7.4,684.0
2024-05-05 10:00:00,10.1,762.0
2024-05-05 11:00:00,10.7,728.0
2024-05-05 12:00:00,10.9,677.0
2024-05-05 13:00:00,13.5,602.0
2024-05-05 14:00:00,12.9,630.0
2024-05-05 15:00:00,13.9,447.0
2024-05-05 16:00:00,14.2,334.0
2024-05-05 17:00:00,11.5,186.0
2024-05-05 18:00:00,10.2,49.0
2024-05-05 19:00:00,7.6,0.0
2024-05-05 20:00:00,5.8,0.0
2024-05-05 21:00:00,6.7,0.0
2024-05-05 22:00:00,6.2,0.0
2024-05-05 23:00:00,5.5,0.0
2024-05-06 00:00:00,5.8,0.0
2024-05-06 01:00:00,6.6,0.0
2024-05-06 02:00:00,7.7,0.0
2024-05-06 03:00:00,6.8,0.0
2024-05-06 04:00:00,6.7,3.0
2024-05-06 05:00:00,5.7,74.0
2024-05-06 06:00:00,4.1,217.0
2024-05-06 07:00:00,5.9,401.0
2024-05-06 08:00:00,9.7,560.0
2024-05-06 09:00:00,13.3,680.0
2024-05-06 10:00:00,19.5,785.0
2024-05-06 11:00:00,20.2,781.0
2024-05-06 12:00:00,21.6,780.0
2024-05-06 13:00:00,22.1,724.0
2024-05-06 14:00:00,21.8,613.0
2024-05-06 15:00:00,22.3,499.0
2024-05-06 16:00:00,20.7,338.0
2024-05-06 17:00:00,18.5,183.0
2024-05-06 18:00:00,16.3,51.0
2024-05-06 19:00:00,13.9,0.0
2024-05-06 20:00:00,13.9,0.0
2024-05-06 21:00:00,14.9,0.0
2024-05-06 22:00:00,13.5,0.0
2024-05-06 23:00:00,10.8,0.0
2024-05-07 00:00:00,7.9,0.0
2024-05-07 01:00:00,15.5,0.0
2024-05-07 02:00:00,8.5,0.0
2024-05-07 03:00:00,5.4,0.0
2024-05-07 04:00:00,4.6,4.0
2024-05-07 05:00:00,7.1,81.0
2024-05-07 06:00:00,6.0,235.0
2024-05-07 07:00:00,6.5,383.0
2024-05-07 08:00:00,8.7,526.0
2024-05-07 09:00:00,9.8,656.0
2024-05-07 10:00:00,10.2,759.0
2024-05-07 11:00:00,11.3,857.0
2024-05-07 12:00:00,12.5,613.0
2024-05-07 13:00:00,7.4,290.0
2024-05-07 14:00:00,7.0,307.0
2024-05-07 15:00:00,5.2,197.0
2024-05-07 16:00:00,4.2,120.0
2024-05-07 17:00:00,2.9,170.0
2024-05-07 18:00:00,3.4,39.0
2024-05-07 19:00:00,1.5,0.0
2024-05-07 20:00:00,0.5,0.0
2024-05-07 21:00:00,3.4,0.0
2024-05-07 22:00:00,2.8,0.0
2024-05-07 23:00:00,4.3,0.0
2024-05-08 00:00:00,2.7,0.0
2024-05-08 01:00:00,4.0,0.0
2024-05-08 02:00:00,4.4,0.0
2024-05-08 03:00:00,2.7,0.0
2024-05-08 04:00:00,6.2,2.0
2024-05-08 05:00:00,2.9,31.0
2024-05-08 06:00:00,5.4,83.0
2024-05-08 07:00:00,5.8,249.0
2024-05-08 08:00:00,4.5,268.0
2024-05-08 09:00:00,7.0,406.0
2024-05-08 10:00:00,9.0,223.0
2024-05-08 11:00:00,11.9,445.0
2024-05-08 12:00:00,12.7,711.0
2024-05-08 13:00:00,10.5,254.0
2024-05-08 14:00:00,12.1,196.0
2024-05-08 15:00:00,12.8,233.0
2024-05-08 16:00:00,12.0,193.0
2024-05-08 17:00:00,13.9,161.0
2024-05-08 18:00:00,11.0,44.0
2024-05-08 19:00:00,7.4,0.0
2024-05-08 20:00:00,10.3,0.0
2024-05-08 21:00:00,13.7,0.0
2024-05-08 22:00:00,14.2,0.0
2024-05-08 23:00:00,11.3,0.0
2024-05-09 00:00:00,6.5,0.0
2024-05-09 01:00:00,9.3,0.0
2024-05-09 02:00:00,10.3,0.0
2024-05-09 03:00:00,6.5,0.0
2024-05-09 04:00:00,4.7,3.0
2024-05-09 05:00:00,7.6,62.0
2024-05-09 06:00:00,5.9,160.0
2024-05-09 07:00:00,7.7,284.0
2024-05-09 08:00:00,11.0,374.0
2024-05-09 09:00:00,13.0,537.0
2024-05-09 10:00:00,16.8,775.0
2024-05-09 11:00:00,17.4,784.0
2024-05-09 12:00:00,17.9,756.0
2024-05-09 13:00:00,14.5,527.0
2024-05-09 14:00:00,17.5,432.0
2024-05-09 15:00:00,16.9,334.0
2024-05-09 16:00:00,14.3,175.0
2024-05-09 17:00:00,7.7,121.0
2024-05-09 18:00:00,5.2,44.0
2024-05-09 19:00:00,4.7,1.0
2024-05-09 20:00:00,6.5,0.0
2024-05-09 21:00:00,8.0,0.0
2024-05-09 22:00:00,9.1,0.0
2024-05-09 23:00:00,10.2,0.0
2024-05-10 00:00:00,10.0,0.0
2024-05-10 01:00:00,8.0,0.0
2024-05-10 02:00:00,7.9,0.0
2024-05-10 03:00:00,8.5,0.0
2024-05-10 04:00:00,8.5,5.0
2024-05-10 05:00:00,8.4,88.0
2024-05-10 06:00:00,7.1,252.0
2024-05-10 07:00:00,6.8,430.0
2024-05-10 08:00:00,7.3,597.0
2024-05-10 09:00:00,8.2,736.0
2024-05-10 10:00:00,10.1,838.0
2024-05-10 11:00:00,12.9,825.0
2024-05-10 12:00:00,13.9,757.0
2024-05-10 13:00:00,12.9,668.0
2024-05-10 14:00:00,13.2,587.0
2024-05-10 15:00:00,13.3,409.0
2024-05-10 16:00:00,10.2,278.0
2024-05-10 17:00:00,7.6,157.0
2024-05-10 18:00:00,6.1,59.0
2024-05-10 19:00:00,6.9,1.0
2024-05-10 20:00:00,7.1,0.0
2024-05-10 21:00:00,6.8,0.0
2024-05-10 22:00:00,6.2,0.0
2024-05-10 23:00:00,7.2,0.0
2024-05-11 00:00:00,6.2,0.0
2024-05-11 01:00:00,6.1,0.0
2024-05-11 02:00:00,6.4,0.0
2024-05-11 03:00:00,7.4,0.0
2024-05-11 04:00:00,7.1,5.0
2024-05-11 05:00:00,8.7,89.0
2024-05-11 06:00:00,6.9,245.0
2024-05-11 07:00:00,6.3,428.0
2024-05-11 08:00:00,5.1,596.0
2024-05-11 09:00:00,8.2,736.0
2024-05-11 10:00:00,8.9,834.0
2024-05-11 11:00:00,8.5,884.0
2024-05-11 12:00:00,8.0,887.0
2024-05-11 13:00:00,4.2,807.0
2024-05-11 14:00:00,7.2,697.0
2024-05-11 15:00:00,11.1,540.0
2024-05-11 16:00:00,9.9,374.0
2024-05-11 17:00:00,3.3,203.0
2024-05-11 18:00:00,2.9,60.0
2024-05-11 19:00:00,5.0,1.0
2024-05-11 20:00:00,6.2,0.0
2024-05-11 21:00:00,6.2,0.0
2024-05-11 22:00:00,5.8,0.0
2024-05-11 23:00:00,5.5,0.0
2024-05-12 00:00:00,4.7,0.0
2024-05-12 01:00:00,5.0,0.0
2024-05-12 02:00:00,7.1,0.0
2024-05-12 03:00:00,7.6,0.0
2024-05-12 04:00:00,7.8,6.0
2024-05-12 05:00:00,7.7,93.0
2024-05-12 06:00:00,4.1,247.0
2024-05-12 07:00:00,1.1,422.0
2024-05-12 08:00:00,1.6,591.0
2024-05-12 09:00:00,3.2,727.0
2024-05-12 10:00:00,5.6,802.0
2024-05-12 11:00:00,6.6,811.0
2024-05-12 12:00:00,6.9,768.0
2024-05-12 13:00:00,5.5,666.0
2024-05-12 14:00:00,3.3,611.0
2024-05-12 15:00:00,3.7,527.0
2024-05-12 16:00:00,5.9,352.0
2024-05-12 17:00:00,3.6,200.0
2024-05-12 18:00:00,6.6,60.0
2024-05-12 19:00:00,7.0,1.0
2024-05-12 20:00:00,5.4,0.0
2024-05-12 21:00:00,5.2,0.0
2024-05-12 22:00:00,6.2,0.0
2024-05-12 23:00:00,7.1,0.0
2024-05-13 00:00:00,5.4,0.0
2024-05-13 01:00:00,5.3,0.0
2024-05-13 02:00:00,6.6,0.0
2024-05-13 03:00:00,7.2,0.0
2024-05-13 04:00:00,5.7,7.0
2024-05-13 05:00:00,7.3,95.0
2024-05-13 06:00:00,7.0,250.0
2024-05-13 07:00:00,7.2,420.0
2024-05-13 08:00:00,7.2,587.0
2024-05-13 09:00:00,7.2,689.0
2024-05-13 10:00:00,8.1,731.0
2024-05-13 11:00:00,7.2,731.0
2024-05-13 12:00:00,6.2,702.0
2024-05-13 13:00:00,9.3,583.0
2024-05-13 14:00:00,8.5,399.0
2024-05-13 15:00:00,8.8,284.0
2024-05-13 16:00:00,6.1,149.0
2024-05-13 17:00:00,4.2,97.0
2024-05-13 18:00:00,9.5,20.0
2024-05-13 19:00:00,6.1,0.0
2024-05-13 20:00:00,4.4,0.0
2024-05-13 21:00:00,4.3,0.0
2024-05-13 22:00:00,3.4,0.0
2024-05-13 23:00:00,5.8,0.0
2024-05-14 00:00:00,6.2,0.0
2024-05-14 01:00:00,6.2,0.0
2024-05-14 02:00:00,6.3,0.0
2024-05-14 03:00:00,7.7,0.0
2024-05-14 04:00:00,7.6,1.0
2024-05-14 05:00:00,7.1,17.0
2024-05-14 06:00:00,6.4,53.0
2024-05-14 07:00:00,7.4,124.0
2024-05-14 08:00:00,7.8,162.0
2024-05-14 09:00:00,8.4,210.0
2024-05-14 10:00:00,7.2,253.0
2024-05-14 11:00:00,8.0,431.0
2024-05-14 12:00:00,9.5,706.0
2024-05-14 13:00:00,9.6,534.0
2024-05-14 14:00:00,9.1,339.0
2024-05-14 15:00:00,8.5,233.0
2024-05-14 16:00:00,7.6,296.0
2024-05-14 17:00:00,6.6,191.0
2024-05-14 18:00:00,6.0,65.0
2024-05-14 19:00:00,5.6,2.0
2024-05-14 20:00:00,3.1,0.0
2024-05-14 21:00:00,3.6,0.0
2024-05-14 22:00:00,4.0,0.0
2024-05-14 23:00:00,4.1,0.0
2024-05-15 00:00:00,5.5,0.0
2024-05-15 01:00:00,3.8,0.0
2024-05-15 02:00:00,5.9,0.0
2024-05-15 03:00:00,5.3,0.0
2024-05-15 04:00:00,5.1,9.0
2024-05-15 05:00:00,4.9,102.0
2024-05-15 06:00:00,4.1,262.0
2024-05-15 07:00:00,5.3,437.0
2024-05-15 08:00:00,6.1,602.0
2024-05-15 09:00:00,7.6,731.0
2024-05-15 10:00:00,6.6,692.0
2024-05-15 11:00:00,6.8,522.0
2024-05-15 12:00:00,7.1,566.0
2024-05-15 13:00:00,8.4,542.0
2024-05-15 14:00:00,7.0,384.0
2024-05-15 15:00:00,4.0,288.0
2024-05-15 16:00:00,4.6,262.0
2024-05-15 17:00:00,1.6,103.0
2024-05-15 18:00:00,1.8,54.0
2024-05-15 19:00:00,5.2,1.0
2024-05-15 20:00:00,4.3,0.0
2024-05-15 21:00:00,4.9,0.0
2024-05-15 22:00:00,6.7,0.0
2024-05-15 23:00:00,8.4,0.0
2024-05-16 00:00:00,8.4,0.0
2024-05-16 01:00:00,5.3,0.0
2024-05-16 02:00:00,7.6,0.0
2024-05-16 03:00:00,7.7,0.0
2024-05-16 04:00:00,8.4,8.0
2024-05-16 05:00:00,8.7,85.0
2024-05-16 06:00:00,8.6,172.0
2024-05-16 07:00:00,6.8,310.0
2024-05-16 08:00:00,7.6,482.0
2024-05-16 09:00:00,8.6,488.0
2024-05-16 10:00:00,8.0,535.0
2024-05-16 11:00:00,5.4,393.0
2024-05-16 12:00:00,10.0,434.0
2024-05-16 13:00:00,13.7,722.0
2024-05-16 14:00:00,14.9,610.0
2024-05-16 15:00:00,13.6,422.0
2024-05-16 16:00:00,8.8,213.0
2024-05-16 17:00:00,7.2,107.0
2024-05-16 18:00:00,6.1,35.0
2024-05-16 19:00:00,9.2,1.0
2024-05-16 20:00:00,12.0,0.0
2024-05-16 21:00:00,15.7,0.0
2024-05-16 22:00:00,14.5,0.0
2024-05-16 23:00:00,13.0,0.0
2024-05-17 00:00:00,12.7,0.0
2024-05-17 01:00:00,3.9,0.0
2024-05-17 02:00:00,4.3,0.0
2024-05-17 03:00:00,2.9,0.0
2024-05-17 04:00:00,1.3,9.0
2024-05-17 05:00:00,2.6,100.0
2024-05-17 06:00:00,7.8,250.0
2024-05-17 07:00:00,11.5,432.0
2024-05-17 08:00:00,14.1,569.0
2024-05-17 09:00:00,16.6,694.0
2024-05-17 10:00:00,17.1,793.0
2024-05-17 11:00:00,19.1,825.0
2024-05-17 12:00:00,19.2,765.0
2024-05-17 13:00:00,21.2,772.0
2024-05-17 14:00:00,19.2,632.0
2024-05-17 15:00:00,17.1,561.0
2024-05-17 16:00:00,14.5,402.0
2024-05-17 17:00:00,13.7,226.0
2024-05-17 18:00:00,9.8,76.0
2024-05-17 19:00:00,6.7,3.0
2024-05-17 20:00:00,8.3,0.0
2024-05-17 21:00:00,8.3,0.0
2024-05-17 22:00:00,8.0,0.0
2024-05-17 23:00:00,8.4,0.0
2024-05-18 00:00:00,8.0,0.0
2024-05-18 01:00:00,7.0,0.0
2024-05-18 02:00:00,5.9,0.0
2024-05-18 03:00:00,4.2,0.0
2024-05-18 04:00:00,3.6,10.0
2024-05-18 05:00:00,2.4,101.0
2024-05-18 06:00:00,1.5,264.0
2024-05-18 07:00:00,2.5,444.0
2024-05-18 08:00:00,5.4,607.0
2024-05-18 09:00:00,8.4,729.0
2024-05-18 10:00:00,10.3,775.0
2024-05-18 11:00:00,11.6,783.0
2024-05-18 12:00:00,13.4,747.0
2024-05-18 13:00:00,8.6,614.0
2024-05-18 14:00:00,5.2,611.0
2024-05-18 15:00:00,7.4,536.0
2024-05-18 16:00:00,8.3,386.0
2024-05-18 17:00:00,5.1,218.0
2024-05-18 18:00:00,7.9,76.0
2024-05-18 19:00:00,9.8,3.0
2024-05-18 20:00:00,8.0,0.0
2024-05-18 21:00:00,7.3,0.0
2024-05-18 22:00:00,5.7,0.0
2024-05-18 23:00:00,7.0,0.0
2024-05-19 00:00:00,7.9,0.0
2024-05-19 01:00:00,4.6,0.0
2024-05-19 02:00:00,6.3,0.0
2024-05-19 03:00:00,4.8,0.0
2024-05-19 04:00:00,4.9,11.0
2024-05-19 05:00:00,7.4,109.0
2024-05-19 06:00:00,3.9,269.0
2024-05-19 07:00:00,3.3,443.0
2024-05-19 08:00:00,2.9,606.0
2024-05-19 09:00:00,4.0,738.0
2024-05-19 10:00:00,4.7,833.0
2024-05-19 11:00:00,4.8,852.0
2024-05-19 12:00:00,4.9,798.0
2024-05-19 13:00:00,5.6,651.0
2024-05-19 14:00:00,6.1,617.0
2024-05-19 15:00:00,7.8,440.0
2024-05-19 16:00:00,6.1,315.0
2024-05-19 17:00:00,3.8,161.0
2024-05-19 18:00:00,7.9,66.0
2024-05-19 19:00:00,5.8,4.0
2024-05-19 20:00:00,4.6,0.0
2024-05-19 21:00:00,5.9,0.0
2024-05-19 22:00:00,3.6,0.0
2024-05-19 23:00:00,4.1,0.0
2024-05-20 00:00:00,6.3,0.0
2024-05-20 01:00:00,7.6,0.0
2024-05-20 02:00:00,5.5,0.0
2024-05-20 03:00:00,6.4,0.0
2024-05-20 04:00:00,5.6,12.0
2024-05-20 05:00:00,4.6,112.0
2024-05-20 06:00:00,3.2,260.0
2024-05-20 07:00:00,3.7,446.0
2024-05-20 08:00:00,4.5,604.0
2024-05-20 09:00:00,2.9,720.0
2024-05-20 10:00:00,3.6,825.0
2024-05-20 11:00:00,5.2,840.0
2024-05-20 12:00:00,7.6,650.0
2024-05-20 13:00:00,6.6,402.0
2024-05-20 14:00:00,7.5,417.0
2024-05-20 15:00:00,5.5,381.0
2024-05-20 16:00:00,4.4,298.0
2024-05-20 17:00:00,4.2,171.0
2024-05-20 18:00:00,5.9,61.0
2024-05-20 19:00:00,3.7,3.0
2024-05-20 20:00:00,1.9,0.0
2024-05-20 21:00:00,2.4,0.0
2024-05-20 22:00:00,3.8,0.0
2024-05-20 23:00:00,5.5,0.0
2024-05-21 00:00:00,4.4,0.0
2024-05-21 01:00:00,6.4,0.0
2024-05-21 02:00:00,7.4,0.0
2024-05-21 03:00:00,8.9,0.0
2024-05-21 04:00:00,5.6,5.0
2024-05-21 05:00:00,10.1,45.0
2024-05-21 06:00:00,8.2,187.0
2024-05-21 07:00:00,10.9,351.0
2024-05-21 08:00:00,10.5,332.0
2024-05-21 09:00:00,12.4,471.0
2024-05-21 10:00:00,13.2,515.0
2024-05-21 11:00:00,14.5,537.0
2024-05-21 12:00:00,13.7,454.0
2024-05-21 13:00:00,13.3,229.0
2024-05-21 14:00:00,7.2,297.0
2024-05-21 15:00:00,11.2,248.0
2024-05-21 16:00:00,8.6,190.0
2024-05-21 17:00:00,9.6,119.0
2024-05-21 18:00:00,8.7,45.0
2024-05-21 19:00:00,12.4,4.0
2024-05-21 20:00:00,11.8,0.0
2024-05-21 21:00:00,10.2,0.0
2024-05-21 22:00:00,11.2,0.0
2024-05-21 23:00:00,10.6,0.0
2024-05-22 00:00:00,10.7,0.0
2024-05-22 01:00:00,10.2,0.0
2024-05-22 02:00:00,5.9,0.0
2024-05-22 03:00:00,7.7,0.0
2024-05-22 04:00:00,5.4,13.0
2024-05-22 05:00:00,6.3,115.0
2024-05-22 06:00:00,6.0,274.0
2024-05-22 07:00:00,7.4,445.0
2024-05-22 08:00:00,8.0,596.0
2024-05-22 09:00:00,7.6,704.0
2024-05-22 10:00:00,7.2,660.0
2024-05-22 11:00:00,7.6,467.0
2024-05-22 12:00:00,10.2,544.0
2024-05-22 13:00:00,6.0,511.0
2024-05-22 14:00:00,3.5,476.0
2024-05-22 15:00:00,5.8,503.0
2024-05-22 16:00:00,13.8,377.0
2024-05-22 17:00:00,8.4,146.0
2024-05-22 18:00:00,4.0,63.0
2024-05-22 19:00:00,4.9,5.0
2024-05-22 20:00:00,5.9,0.0
2024-05-22 21:00:00,5.9,0.0
2024-05-22 22:00:00,6.1,0.0
2024-05-22 23:00:00,5.1,0.0
2024-05-23 00:00:00,5.4,0.0
2024-05-23 01:00:00,7.0,0.0
2024-05-23 02:00:00,7.6,0.0
2024-05-23 03:00:00,8.8,0.0
2024-05-23 04:00:00,7.9,12.0
2024-05-23 05:00:00,8.7,104.0
2024-05-23 06:00:00,4.8,260.0
2024-05-23 07:00:00,4.9,433.0
2024-05-23 08:00:00,3.4,596.0
2024-05-23 09:00:00,1.5,719.0
2024-05-23 10:00:00,4.3,802.0
2024-05-23 11:00:00,6.4,751.0
2024-05-23 12:00:00,7.6,735.0
2024-05-23 13:00:00,2.3,725.0
2024-05-23 14:00:00,2.0,674.0
2024-05-23 15:00:00,9.2,534.0
2024-05-23 16:00:00,6.5,301.0
2024-05-23 17:00:00,5.0,189.0
2024-05-23 18:00:00,4.2,72.0
2024-05-23 19:00:00,5.4,5.0
2024-05-23 20:00:00,5.5,0.0
2024-05-23 21:00:00,4.6,0.0
2024-05-23 22:00:00,5.6,0.0
2024-05-23 23:00:00,6.9,0.0
2024-05-24 00:00:00,6.9,0.0
2024-05-24 01:00:00,5.2,0.0
2024-05-24 02:00:00,5.6,0.0
2024-05-24 03:00:00,5.7,0.0
2024-05-24 04:00:00,2.9,14.0
2024-05-24 05:00:00,5.4,117.0
2024-05-24 06:00:00,2.9,276.0
2024-05-24 07:00:00,3.8,449.0
2024-05-24 08:00:00,4.6,606.0
2024-05-24 09:00:00,5.4,723.0
2024-05-24 10:00:00,6.0,822.0
2024-05-24 11:00:00,7.8,833.0
2024-05-24 12:00:00,9.7,750.0
2024-05-24 13:00:00,7.3,671.0
2024-05-24 14:00:00,7.9,666.0
2024-05-24 15:00:00,5.9,492.0
2024-05-24 16:00:00,5.7,369.0
2024-05-24 17:00:00,3.3,218.0
2024-05-24 18:00:00,3.7,81.0
2024-05-24 19:00:00,1.4,6.0
2024-05-24 20:00:00,0.8,0.0
2024-05-24 21:00:00,1.0,0.0
2024-05-24 22:00:00,6.3,0.0
2024-05-24 23:00:00,8.7,0.0
2024-05-25 00:00:00,6.4,0.0
2024-05-25 01:00:00,6.6,0.0
2024-05-25 02:00:00,7.8,0.0
2024-05-25 03:00:00,6.0,0.0
2024-05-25 04:00:00,4.3,15.0
2024-05-25 05:00:00,2.3,112.0
2024-05-25 06:00:00,1.3,267.0
2024-05-25 07:00:00,1.9,436.0
2024-05-25 08:00:00,1.1,590.0
2024-05-25 09:00:00,0.8,709.0
2024-05-25 10:00:00,2.6,740.0
2024-05-25 11:00:00,5.5,785.0
2024-05-25 12:00:00,5.3,758.0
2024-05-25 13:00:00,11.5,661.0
2024-05-25 14:00:00,4.8,532.0
2024-05-25 15:00:00,4.9,441.0
2024-05-25 16:00:00,3.9,373.0
2024-05-25 17:00:00,5.2,208.0
2024-05-25 18:00:00,6.2,81.0
2024-05-25 19:00:00,5.4,6.0
2024-05-25 20:00:00,6.4,0.0
2024-05-25 21:00:00,5.2,0.0
2024-05-25 22:00:00,6.2,0.0
2024-05-25 23:00:00,7.3,0.0
2024-05-26 00:00:00,8.3,0.0
2024-05-26 01:00:00,5.5,0.0
2024-05-26 02:00:00,11.9,0.0
2024-05-26 03:00:00,6.9,0.0
2024-05-26 04:00:00,6.6,6.0
2024-05-26 05:00:00,6.3,53.0
2024-05-26 06:00:00,5.4,120.0
2024-05-26 07:00:00,6.5,233.0
2024-05-26 08:00:00,4.4,257.0
2024-05-26 09:00:00,3.4,355.0
2024-05-26 10:00:00,2.5,449.0
2024-05-26 11:00:00,1.1,532.0
2024-05-26 12:00:00,0.4,363.0
2024-05-26 13:00:00,7.8,276.0
2024-05-26 14:00:00,7.1,522.0
2024-05-26 15:00:00,5.8,365.0
2024-05-26 16:00:00,1.9,176.0
2024-05-26 17:00:00,0.5,167.0
2024-05-26 18:00:00,2.9,84.0
2024-05-26 19:00:00,2.5,6.0
2024-05-26 20:00:00,1.0,0.0
2024-05-26 21:00:00,5.4,0.0
2024-05-26 22:00:00,5.0,0.0
2024-05-26 23:00:00,3.6,0.0
2024-05-27 00:00:00,3.3,0.0
2024-05-27 01:00:00,4.3,0.0
2024-05-27 02:00:00,5.2,0.0
2024-05-27 03:00:00,5.3,0.0
2024-05-27 04:00:00,5.2,15.0
2024-05-27 05:00:00,3.9,101.0
2024-05-27 06:00:00,1.0,245.0
2024-05-27 07:00:00,2.9,380.0
2024-05-27 08:00:00,4.8,435.0
2024-05-27 09:00:00,4.2,553.0
2024-05-27 10:00:00,4.7,699.0
2024-05-27 11:00:00,4.2,829.0
2024-05-27 12:00:00,3.4,786.0
2024-05-27 13:00:00,4.0,772.0
2024-05-27 14:00:00,2.2,692.0
2024-05-27 15:00:00,2.9,468.0
2024-05-27 16:00:00,4.1,349.0
2024-05-27 17:00:00,4.0,219.0
2024-05-27 18:00:00,6.7,80.0
2024-05-27 19:00:00,3.5,7.0
2024-05-27 20:00:00,0.4,0.0
2024-05-27 21:00:00,0.0,0.0
2024-05-27 22:00:00,1.5,0.0
2024-05-27 23:00:00,4.0,0.0
2024-05-28 00:00:00,3.3,0.0
2024-05-28 01:00:00,6.5,0.0
2024-05-28 02:00:00,6.3,0.0
2024-05-28 03:00:00,4.9,0.0
2024-05-28 04:00:00,4.8,16.0
2024-05-28 05:00:00,4.3,106.0
2024-05-28 06:00:00,2.4,241.0
2024-05-28 07:00:00,1.8,415.0
2024-05-28 08:00:00,0.5,560.0
2024-05-28 09:00:00,1.1,651.0
2024-05-28 10:00:00,2.5,658.0
2024-05-28 11:00:00,9.4,292.0
2024-05-28 12:00:00,4.7,183.0
2024-05-28 13:00:00,10.7,159.0
2024-05-28 14:00:00,11.4,398.0
2024-05-28 15:00:00,10.9,135.0
2024-05-28 16:00:00,12.9,200.0
2024-05-28 17:00:00,14.3,122.0
2024-05-28 18:00:00,14.7,57.0
2024-05-28 19:00:00,14.9,4.0
2024-05-28 20:00:00,13.5,0.0
2024-05-28 21:00:00,12.2,0.0
2024-05-28 22:00:00,11.3,0.0
2024-05-28 23:00:00,6.1,0.0
2024-05-29 00:00:00,8.3,0.0
2024-05-29 01:00:00,7.7,0.0
2024-05-29 02:00:00,5.9,0.0
2024-05-29 03:00:00,5.4,0.0
2024-05-29 04:00:00,5.1,7.0
2024-05-29 05:00:00,3.6,82.0
2024-05-29 06:00:00,4.8,141.0
2024-05-29 07:00:00,4.1,310.0
2024-05-29 08:00:00,2.8,439.0
2024-05-29 09:00:00,3.2,607.0
2024-05-29 10:00:00,1.8,798.0
2024-05-29 11:00:00,1.1,867.0
2024-05-29 12:00:00,3.5,796.0
2024-05-29 13:00:00,3.1,658.0
2024-05-29 14:00:00,3.9,631.0
2024-05-29 15:00:00,4.4,511.0
2024-05-29 16:00:00,4.7,390.0
2024-05-29 17:00:00,3.1,233.0
2024-05-29 18:00:00,5.0,91.0
2024-05-29 19:00:00,4.8,8.0
2024-05-29 20:00:00,6.8,0.0
2024-05-29 21:00:00,6.6,0.0
2024-05-29 22:00:00,5.8,0.0
2024-05-29 23:00:00,3.6,0.0
2024-05-30 00:00:00,3.1,0.0
2024-05-30 01:00:00,2.8,0.0
2024-05-30 02:00:00,4.2,0.0
2024-05-30 03:00:00,5.3,0.0
2024-05-30 04:00:00,3.2,18.0
2024-05-30 05:00:00,3.1,109.0
2024-05-30 06:00:00,0.5,264.0
2024-05-30 07:00:00,4.1,412.0
2024-05-30 08:00:00,6.6,492.0
2024-05-30 09:00:00,7.4,622.0
2024-05-30 10:00:00,9.0,712.0
2024-05-30 11:00:00,9.2,860.0
2024-05-30 12:00:00,11.3,869.0
2024-05-30 13:00:00,12.7,742.0
2024-05-30 14:00:00,13.6,469.0
2024-05-30 15:00:00,11.5,397.0
2024-05-30 16:00:00,9.7,231.0
2024-05-30 17:00:00,7.4,125.0
2024-05-30 18:00:00,7.9,57.0
2024-05-30 19:00:00,7.4,5.0
2024-05-30 20:00:00,3.8,0.0
2024-05-30 21:00:00,2.9,0.0
2024-05-30 22:00:00,3.5,0.0
2024-05-30 23:00:00,3.8,0.0
2024-05-31 00:00:00,3.3,0.0
2024-05-31 01:00:00,3.6,0.0
2024-05-31 02:00:00,8.6,0.0
2024-05-31 03:00:00,8.3,0.0
2024-05-31 04:00:00,6.9,3.0
2024-05-31 05:00:00,5.8,68.0
2024-05-31 06:00:00,9.7,91.0
2024-05-31 07:00:00,15.6,260.0
2024-05-31 08:00:00,14.9,240.0
2024-05-31 09:00:00,11.0,572.0
2024-05-31 10:00:00,8.0,617.0
2024-05-31 11:00:00,6.4,777.0
2024-05-31 12:00:00,10.8,382.0
2024-05-31 13:00:00,9.4,719.0
2024-05-31 14:00:00,7.6,493.0
2024-05-31 15:00:00,5.8,220.0
2024-05-31 16:00:00,2.9,326.0
2024-05-31 17:00:00,4.3,207.0
2024-05-31 18:00:00,2.6,69.0
2024-05-31 19:00:00,4.6,7.0
2024-05-31 20:00:00,4.2,0.0
2024-05-31 21:00:00,4.6,0.0
2024-05-31 22:00:00,4.4,0.0
2024-05-31 23:00:00,5.5,0.0
2024-06-01 00:00:00,8.2,0.0
2024-06-01 01:00:00,8.0,0.0
2024-06-01 02:00:00,4.7,0.0
2024-06-01 03:00:00,3.7,0.0
2024-06-01 04:00:00,5.1,14.0
2024-06-01 05:00:00,5.4,80.0
2024-06-01 06:00:00,11.8,255.0
2024-06-01 07:00:00,12.0,432.0
2024-06-01 08:00:00,15.7,601.0
2024-06-01 09:00:00,15.5,675.0
2024-06-01 10:00:00,14.4,784.0
2024-06-01 11:00:00,14.1,738.0
2024-06-01 12:00:00,13.9,729.0
2024-06-01 13:00:00,11.2,773.0
2024-06-01 14:00:00,15.1,571.0
2024-06-01 15:00:00,14.4,531.0
2024-06-01 16:00:00,12.6,391.0
2024-06-01 17:00:00,13.5,229.0
2024-06-01 18:00:00,10.2,96.0
2024-06-01 19:00:00,8.4,10.0
2024-06-01 20:00:00,7.9,0.0
2024-06-01 21:00:00,6.3,0.0
2024-06-01 22:00:00,5.4,0.0
2024-06-01 23:00:00,4.4,0.0
2024-06-02 00:00:00,5.4,0.0
2024-06-02 01:00:00,4.8,0.0
2024-06-02 02:00:00,4.1,0.0
2024-06-02 03:00:00,5.2,0.0
2024-06-02 04:00:00,3.3,19.0
2024-06-02 05:00:00,4.3,123.0
2024-06-02 06:00:00,2.6,285.0
2024-06-02 07:00:00,3.1,458.0
2024-06-02 08:00:00,4.2,616.0
2024-06-02 09:00:00,5.8,749.0
2024-06-02 10:00:00,4.8,797.0
2024-06-02 11:00:00,4.5,750.0
2024-06-02 12:00:00,5.8,685.0
2024-06-02 13:00:00,0.8,539.0
2024-06-02 14:00:00,4.0,616.0
2024-06-02 15:00:00,4.0,446.0
2024-06-02 16:00:00,4.2,290.0
2024-06-02 17:00:00,3.7,85.0
2024-06-02 18:00:00,9.2,33.0
2024-06-02 19:00:00,3.6,2.0
2024-06-02 20:00:00,3.3,0.0
2024-06-02 21:00:00,2.9,0.0
2024-06-02 22:00:00,3.3,0.0
2024-06-02 23:00:00,2.7,0.0
2024-06-03 00:00:00,3.6,0.0
2024-06-03 01:00:00,2.3,0.0
2024-06-03 02:00:00,4.5,0.0
2024-06-03 03:00:00,3.1,0.0
2024-06-03 04:00:00,3.4,15.0
2024-06-03 05:00:00,3.6,88.0
2024-06-03 06:00:00,3.5,211.0
2024-06-03 07:00:00,2.1,264.0
2024-06-03 08:00:00,2.5,224.0
2024-06-03 09:00:00,0.7,456.0
2024-06-03 10:00:00,2.8,428.0
2024-06-03 11:00:00,4.9,384.0
2024-06-03 12:00:00,3.2,509.0
2024-06-03 13:00:00,7.2,238.0
2024-06-03 14:00:00,11.5,307.0
2024-06-03 15:00:00,6.8,379.0
2024-06-03 16:00:00,3.1,350.0
2024-06-03 17:00:00,5.8,170.0
2024-06-03 18:00:00,4.7,43.0
2024-06-03 19:00:00,3.1,4.0
2024-06-03 20:00:00,8.6,0.0
2024-06-03 21:00:00,6.9,0.0
2024-06-03 22:00:00,6.8,0.0
2024-06-03 23:00:00,5.1,0.0
2024-06-04 00:00:00,5.4,0.0
2024-06-04 01:00:00,5.8,0.0
2024-06-04 02:00:00,4.6,0.0
2024-06-04 03:00:00,4.3,0.0
2024-06-04 04:00:00,3.7,4.0
2024-06-04 05:00:00,5.3,70.0
2024-06-04 06:00:00,4.9,224.0
2024-06-04 07:00:00,4.3,426.0
2024-06-04 08:00:00,3.6,594.0
2024-06-04 09:00:00,2.7,665.0
2024-06-04 10:00:00,1.8,571.0
2024-06-04 11:00:00,2.6,583.0
2024-06-04 12:00:00,0.4,605.0
2024-06-04 13:00:00,5.1,636.0
2024-06-04 14:00:00,2.6,640.0
2024-06-04 15:00:00,5.8,523.0
2024-06-04 16:00:00,6.5,382.0
2024-06-04 17:00:00,4.9,197.0
2024-06-04 18:00:00,3.6,83.0
2024-06-04 19:00:00,6.8,11.0
2024-06-04 20:00:00,6.5,0.0
2024-06-04 21:00:00,6.6,0.0
2024-06-04 22:00:00,5.9,0.0
2024-06-04 23:00:00,4.1,0.0
2024-06-05 00:00:00,2.5,0.0
2024-06-05 01:00:00,3.5,0.0
2024-06-05 02:00:00,3.3,0.0
2024-06-05 03:00:00,5.4,0.0
2024-06-05 04:00:00,5.0,21.0
2024-06-05 05:00:00,5.0,129.0
2024-06-05 06:00:00,4.8,286.0
2024-06-05 07:00:00,4.5,454.0
2024-06-05 08:00:00,4.8,611.0
2024-06-05 09:00:00,6.9,732.0
2024-06-05 10:00:00,6.4,770.0
2024-06-05 11:00:00,5.6,807.0
2024-06-05 12:00:00,5.6,732.0
2024-06-05 13:00:00,4.4,628.0
2024-06-05 14:00:00,4.6,586.0
2024-06-05 15:00:00,5.9,547.0
2024-06-05 16:00:00,5.6,387.0
2024-06-05 17:00:00,4.9,208.0
2024-06-05 18:00:00,4.0,85.0
2024-06-05 19:00:00,5.2,11.0
2024-06-05 20:00:00,5.9,0.0
2024-06-05 21:00:00,7.8,0.0
2024-06-05 22:00:00,6.6,0.0
2024-06-05 23:00:00,5.8,0.0
2024-06-06 00:00:00,5.5,0.0
2024-06-06 01:00:00,5.8,0.0
2024-06-06 02:00:00,6.1,0.0
2024-06-06 03:00:00,5.5,0.0
2024-06-06 04:00:00,2.6,21.0
2024-06-06 05:00:00,3.6,128.0
2024-06-06 06:00:00,1.8,283.0
2024-06-06 07:00:00,3.2,450.0
2024-06-06 08:00:00,5.1,608.0
2024-06-06 09:00:00,6.7,717.0
2024-06-06 10:00:00,7.0,777.0
2024-06-06 11:00:00,7.0,816.0
2024-06-06 12:00:00,7.2,812.0
2024-06-06 13:00:00,6.6,702.0
2024-06-06 14:00:00,5.4,540.0
2024-06-06 15:00:00,4.8,443.0
2024-06-06 16:00:00,6.1,354.0
2024-06-06 17:00:00,3.6,230.0
2024-06-06 18:00:00,1.4,95.0
2024-06-06 19:00:00,1.0,12.0
2024-06-06 20:00:00,2.3,0.0
2024-06-06 21:00:00,1.6,0.0
2024-06-06 22:00:00,7.4,0.0
2024-06-06 23:00:00,7.4,0.0
2024-06-07 00:00:00,6.6,0.0
2024-06-07 01:00:00,5.8,0.0
2024-06-07 02:00:00,5.7,0.0
2024-06-07 03:00:00,5.7,0.0
2024-06-07 04:00:00,6.1,21.0
2024-06-07 05:00:00,6.3,117.0
2024-06-07 06:00:00,3.7,282.0
2024-06-07 07:00:00,3.9,425.0
2024-06-07 08:00:00,5.4,606.0
2024-06-07 09:00:00,4.0,729.0
2024-06-07 10:00:00,3.2,816.0
2024-06-07 11:00:00,4.8,854.0
2024-06-07 12:00:00,4.4,813.0
2024-06-07 13:00:00,6.1,743.0
2024-06-07 14:00:00,8.6,646.0
2024-06-07 15:00:00,5.8,378.0
2024-06-07 16:00:00,2.0,354.0
2024-06-07 17:00:00,3.4,207.0
2024-06-07 18:00:00,5.6,67.0
2024-06-07 19:00:00,8.8,10.0
2024-06-07 20:00:00,8.3,0.0
2024-06-07 21:00:00,7.5,0.0
2024-06-07 22:00:00,7.6,0.0
2024-06-07 23:00:00,7.1,0.0
2024-06-08 00:00:00,7.3,0.0
2024-06-08 01:00:00,7.8,0.0
2024-06-08 02:00:00,7.4,0.0
2024-06-08 03:00:00,6.0,0.0
2024-06-08 04:00:00,6.6,20.0
2024-06-08 05:00:00,4.9,113.0
2024-06-08 06:00:00,3.0,246.0
2024-06-08 07:00:00,1.6,435.0
2024-06-08 08:00:00,1.8,599.0
2024-06-08 09:00:00,1.1,729.0
2024-06-08 10:00:00,1.8,760.0
2024-06-08 11:00:00,3.6,775.0
2024-06-08 12:00:00,5.4,746.0
2024-06-08 13:00:00,5.4,684.0
2024-06-08 14:00:00,3.3,543.0
2024-06-08 15:00:00,7.1,526.0
2024-06-08 16:00:00,5.1,291.0
2024-06-08 17:00:00,2.2,195.0
2024-06-08 18:00:00,5.2,71.0
2024-06-08 19:00:00,6.2,9.0
2024-06-08 20:00:00,4.2,0.0
2024-06-08 21:00:00,5.1,0.0
2024-06-08 22:00:00,5.6,0.0
2024-06-08 23:00:00,4.8,0.0
2024-06-09 00:00:00,4.5,0.0
2024-06-09 01:00:00,3.9,0.0
2024-06-09 02:00:00,5.9,0.0
2024-06-09 03:00:00,4.0,0.0
2024-06-09 04:00:00,3.9,19.0
2024-06-09 05:00:00,4.1,111.0
2024-06-09 06:00:00,1.8,242.0
2024-06-09 07:00:00,2.7,374.0
2024-06-09 08:00:00,2.2,513.0
2024-06-09 09:00:00,4.7,660.0
2024-06-09 10:00:00,8.1,807.0
2024-06-09 11:00:00,10.5,701.0
2024-06-09 12:00:00,13.4,755.0
2024-06-09 13:00:00,11.6,769.0
2024-06-09 14:00:00,12.2,667.0
2024-06-09 15:00:00,13.7,585.0
2024-06-09 16:00:00,9.9,363.0
2024-06-09 17:00:00,6.5,220.0
2024-06-09 18:00:00,5.4,63.0
2024-06-09 19:00:00,7.1,11.0
2024-06-09 20:00:00,3.7,0.0
2024-06-09 21:00:00,2.7,0.0
2024-06-09 22:00:00,5.9,0.0
2024-06-09 23:00:00,5.7,0.0
2024-06-10 00:00:00,15.6,0.0
2024-06-10 01:00:00,10.7,0.0
2024-06-10 02:00:00,5.8,0.0
2024-06-10 03:00:00,17.2,0.0
2024-06-10 04:00:00,12.3,10.0
2024-06-10 05:00:00,1.0,86.0
2024-06-10 06:00:00,6.9,86.0
2024-06-10 07:00:00,5.8,272.0
2024-06-10 08:00:00,10.7,549.0
2024-06-10 09:00:00,13.8,744.0
2024-06-10 10:00:00,14.8,816.0
2024-06-10 11:00:00,14.6,873.0
2024-06-10 12:00:00,15.7,801.0
2024-06-10 13:00:00,14.7,777.0
2024-06-10 14:00:00,9.0,467.0
2024-06-10 15:00:00,8.6,470.0
2024-06-10 16:00:00,7.0,381.0
2024-06-10 17:00:00,13.6,225.0
2024-06-10 18:00:00,7.9,75.0
2024-06-10 19:00:00,6.8,13.0
2024-06-10 20:00:00,5.4,0.0
2024-06-10 21:00:00,4.8,0.0
2024-06-10 22:00:00,5.2,0.0
2024-06-10 23:00:00,3.2,0.0
2024-06-11 00:00:00,4.8,0.0
2024-06-11 01:00:00,7.9,0.0
2024-06-11 02:00:00,7.5,0.0
2024-06-11 03:00:00,8.1,0.0
2024-06-11 04:00:00,5.9,6.0
2024-06-11 05:00:00,0.4,62.0
2024-06-11 06:00:00,3.3,168.0
2024-06-11 07:00:00,6.9,161.0
2024-06-11 08:00:00,7.1,170.0
2024-06-11 09:00:00,7.3,167.0
2024-06-11 10:00:00,6.7,247.0
2024-06-11 11:00:00,7.0,350.0
2024-06-11 12:00:00,7.2,530.0
2024-06-11 13:00:00,3.3,781.0
2024-06-11 14:00:00,3.5,388.0
2024-06-11 15:00:00,3.1,299.0
2024-06-11 16:00:00,3.1,226.0
2024-06-11 17:00:00,4.0,212.0
2024-06-11 18:00:00,2.1,105.0
2024-06-11 19:00:00,4.8,13.0
2024-06-11 20:00:00,7.9,0.0
2024-06-11 21:00:00,8.9,0.0
2024-06-11 22:00:00,8.2,0.0
2024-06-11 23:00:00,6.5,0.0
2024-06-12 00:00:00,6.6,0.0
2024-06-12 01:00:00,9.9,0.0
2024-06-12 02:00:00,12.7,0.0
2024-06-12 03:00:00,11.1,0.0
2024-06-12 04:00:00,12.1,12.0
2024-06-12 05:00:00,13.1,34.0
2024-06-12 06:00:00,12.3,62.0
2024-06-12 07:00:00,10.1,54.0
2024-06-12 08:00:00,10.7,108.0
2024-06-12 09:00:00,12.0,90.0
2024-06-12 10:00:00,11.2,272.0
2024-06-12 11:00:00,10.8,395.0
2024-06-12 12:00:00,11.5,319.0
2024-06-12 13:00:00,14.4,383.0
2024-06-12 14:00:00,12.7,373.0
2024-06-12 15:00:00,11.9,311.0
2024-06-12 16:00:00,11.0,217.0
2024-06-12 17:00:00,8.2,166.0
2024-06-12 18:00:00,5.0,80.0
2024-06-12 19:00:00,4.9,14.0
2024-06-12 20:00:00,4.8,0.0
2024-06-12 21:00:00,4.3,0.0
2024-06-12 22:00:00,3.6,0.0
2024-06-12 23:00:00,3.6,0.0
2024-06-13 00:00:00,4.3,0.0
2024-06-13 01:00:00,3.5,0.0
2024-06-13 02:00:00,4.9,0.0
2024-06-13 03:00:00,3.9,0.0
2024-06-13 04:00:00,2.5,20.0
2024-06-13 05:00:00,1.8,114.0
2024-06-13 06:00:00,1.8,257.0
2024-06-13 07:00:00,4.0,382.0
2024-06-13 08:00:00,5.4,361.0
2024-06-13 09:00:00,5.9,451.0
2024-06-13 10:00:00,5.6,496.0
2024-06-13 11:00:00,6.9,393.0
2024-06-13 12:00:00,7.1,466.0
2024-06-13 13:00:00,2.9,214.0
2024-06-13 14:00:00,5.8,316.0
2024-06-13 15:00:00,6.0,466.0
2024-06-13 16:00:00,5.8,221.0
2024-06-13 17:00:00,4.3,137.0
2024-06-13 18:00:00,0.5,58.0
2024-06-13 19:00:00,3.8,12.0
2024-06-13 20:00:00,5.9,0.0
2024-06-13 21:00:00,5.2,0.0
2024-06-13 22:00:00,5.2,0.0
2024-06-13 23:00:00,4.7,0.0
2024-06-14 00:00:00,4.7,0.0
2024-06-14 01:00:00,6.9,0.0
2024-06-14 02:00:00,7.1,0.0
2024-06-14 03:00:00,6.7,0.0
2024-06-14 04:00:00,7.9,23.0
2024-06-14 05:00:00,7.0,134.0
2024-06-14 06:00:00,3.7,293.0
2024-06-14 07:00:00,4.1,441.0
2024-06-14 08:00:00,5.0,624.0
2024-06-14 09:00:00,7.2,723.0
2024-06-14 10:00:00,8.0,774.0
2024-06-14 11:00:00,8.6,747.0
2024-06-14 12:00:00,9.0,860.0
2024-06-14 13:00:00,8.2,738.0
2024-06-14 14:00:00,7.9,394.0
2024-06-14 15:00:00,7.9,480.0
2024-06-14 16:00:00,5.2,329.0
2024-06-14 17:00:00,2.2,115.0
2024-06-14 18:00:00,3.9,109.0
2024-06-14 19:00:00,4.5,15.0
2024-06-14 20:00:00,1.8,0.0
2024-06-14 21:00:00,7.2,0.0
2024-06-14 22:00:00,6.8,0.0
2024-06-14 23:00:00,5.8,0.0
2024-06-15 00:00:00,4.6,0.0
2024-06-15 01:00:00,2.7,0.0
2024-06-15 02:00:00,2.4,0.0
2024-06-15 03:00:00,0.8,0.0
2024-06-15 04:00:00,1.1,23.0
2024-06-15 05:00:00,0.8,131.0
2024-06-15 06:00:00,1.9,288.0
2024-06-15 07:00:00,4.0,455.0
2024-06-15 08:00:00,7.9,613.0
2024-06-15 09:00:00,10.4,745.0
2024-06-15 10:00:00,12.6,848.0
2024-06-15 11:00:00,15.3,708.0
2024-06-15 12:00:00,14.9,679.0
2024-06-15 13:00:00,13.7,647.0
2024-06-15 14:00:00,15.1,685.0
2024-06-15 15:00:00,15.8,576.0
2024-06-15 16:00:00,12.4,432.0
2024-06-15 17:00:00,14.0,263.0
2024-06-15 18:00:00,11.4,110.0
2024-06-15 19:00:00,8.6,16.0
2024-06-15 20:00:00,6.8,0.0
2024-06-15 21:00:00,6.0,0.0
2024-06-15 22:00:00,5.4,0.0
2024-06-15 23:00:00,5.2,0.0
2024-06-16 00:00:00,5.6,0.0
2024-06-16 01:00:00,5.0,0.0
2024-06-16 02:00:00,3.4,0.0
2024-06-16 03:00:00,3.3,0.0
2024-06-16 04:00:00,2.5,22.0
2024-06-16 05:00:00,4.4,128.0
2024-06-16 06:00:00,4.0,266.0
2024-06-16 07:00:00,4.8,434.0
2024-06-16 08:00:00,5.5,602.0
2024-06-16 09:00:00,4.6,690.0
2024-06-16 10:00:00,4.1,797.0
2024-06-16 11:00:00,4.8,797.0
2024-06-16 12:00:00,6.6,740.0
2024-06-16 13:00:00,2.3,757.0
2024-06-16 14:00:00,4.3,589.0
2024-06-16 15:00:00,6.2,526.0
2024-06-16 16:00:00,4.5,394.0
2024-06-16 17:00:00,2.1,244.0
2024-06-16 18:00:00,2.4,112.0
2024-06-16 19:00:00,7.0,16.0
2024-06-16 20:00:00,5.9,0.0
2024-06-16 21:00:00,5.4,0.0
2024-06-16 22:00:00,4.8,0.0
2024-06-16 23:00:00,5.2,0.0
2024-06-17 00:00:00,4.8,0.0
2024-06-17 01:00:00,5.5,0.0
2024-06-17 02:00:00,4.7,0.0
2024-06-17 03:00:00,5.7,0.0
2024-06-17 04:00:00,7.0,21.0
2024-06-17 05:00:00,6.1,120.0
2024-06-17 06:00:00,3.4,263.0
2024-06-17 07:00:00,3.3,444.0
2024-06-17 08:00:00,4.0,611.0
2024-06-17 09:00:00,4.7,743.0
2024-06-17 10:00:00,4.8,789.0
2024-06-17 11:00:00,5.4,834.0
2024-06-17 12:00:00,5.8,808.0
2024-06-17 13:00:00,5.4,772.0
2024-06-17 14:00:00,4.4,693.0
2024-06-17 15:00:00,0.5,536.0
2024-06-17 16:00:00,4.3,405.0
2024-06-17 17:00:00,2.9,256.0
2024-06-17 18:00:00,3.7,113.0
2024-06-17 19:00:00,6.1,16.0
2024-06-17 20:00:00,6.0,0.0
2024-06-17 21:00:00,7.9,0.0
2024-06-17 22:00:00,6.5,0.0
2024-06-17 23:00:00,7.3,0.0
2024-06-18 00:00:00,7.5,0.0
2024-06-18 01:00:00,7.2,0.0
2024-06-18 02:00:00,6.4,0.0
2024-06-18 03:00:00,5.9,0.0
2024-06-18 04:00:00,5.3,22.0
2024-06-18 05:00:00,7.0,131.0
2024-06-18 06:00:00,3.6,290.0
2024-06-18 07:00:00,3.1,460.0
2024-06-18 08:00:00,2.5,618.0
2024-06-18 09:00:00,3.1,750.0
2024-06-18 10:00:00,4.0,844.0
2024-06-18 11:00:00,5.5,891.0
2024-06-18 12:00:00,5.9,884.0
2024-06-18 13:00:00,7.2,820.0
2024-06-18 14:00:00,7.6,732.0
2024-06-18 15:00:00,8.0,600.0
2024-06-18 16:00:00,8.2,440.0
2024-06-18 17:00:00,6.9,272.0
2024-06-18 18:00:00,7.5,118.0
2024-06-18 19:00:00,6.9,17.0
2024-06-18 20:00:00,7.6,0.0
2024-06-18 21:00:00,6.0,0.0
2024-06-18 22:00:00,5.1,0.0
2024-06-18 23:00:00,6.3,0.0
2024-06-19 00:00:00,3.4,0.0
2024-06-19 01:00:00,6.6,0.0
2024-06-19 02:00:00,5.9,0.0
2024-06-19 03:00:00,6.5,0.0
2024-06-19 04:00:00,4.0,22.0
2024-06-19 05:00:00,4.7,129.0
2024-06-19 06:00:00,3.7,284.0
2024-06-19 07:00:00,5.4,453.0
2024-06-19 08:00:00,7.2,615.0
2024-06-19 09:00:00,9.3,743.0
2024-06-19 10:00:00,11.5,834.0
2024-06-19 11:00:00,16.0,884.0
2024-06-19 12:00:00,17.4,883.0
2024-06-19 13:00:00,18.2,832.0
2024-06-19 14:00:00,20.0,735.0
2024-06-19 15:00:00,19.0,603.0
2024-06-19 16:00:00,18.0,442.0
2024-06-19 17:00:00,15.0,274.0
2024-06-19 18:00:00,12.6,120.0
2024-06-19 19:00:00,11.0,18.0
2024-06-19 20:00:00,6.9,0.0
2024-06-19 21:00:00,7.1,0.0
2024-06-19 22:00:00,5.9,0.0
2024-06-19 23:00:00,6.6,0.0
2024-06-20 00:00:00,7.5,0.0
2024-06-20 01:00:00,5.7,0.0
2024-06-20 02:00:00,8.2,0.0
2024-06-20 03:00:00,11.2,0.0
2024-06-20 04:00:00,8.5,22.0
2024-06-20 05:00:00,8.5,127.0
2024-06-20 06:00:00,8.4,279.0
2024-06-20 07:00:00,5.8,443.0
2024-06-20 08:00:00,3.3,600.0
2024-06-20 09:00:00,2.1,727.0
2024-06-20 10:00:00,1.4,821.0
2024-06-20 11:00:00,3.0,863.0
2024-06-20 12:00:00,6.8,863.0
2024-06-20 13:00:00,6.4,590.0
2024-06-20 14:00:00,8.6,602.0
2024-06-20 15:00:00,8.8,536.0
2024-06-20 16:00:00,5.4,355.0
2024-06-20 17:00:00,3.1,252.0
2024-06-20 18:00:00,1.5,112.0
2024-06-20 19:00:00,1.1,17.0
2024-06-20 20:00:00,4.0,0.0
2024-06-20 21:00:00,3.1,0.0
2024-06-20 22:00:00,2.2,0.0
2024-06-20 23:00:00,4.2,0.0
2024-06-21 00:00:00,4.0,0.0
2024-06-21 01:00:00,7.5,0.0
2024-06-21 02:00:00,1.8,0.0
2024-06-21 03:00:00,3.6,0.0
2024-06-21 04:00:00,2.2,21.0
2024-06-21 05:00:00,1.8,125.0
2024-06-21 06:00:00,0.8,278.0
2024-06-21 07:00:00,0.8,446.0
2024-06-21 08:00:00,2.2,602.0
2024-06-21 09:00:00,3.7,734.0
2024-06-21 10:00:00,3.4,816.0
2024-06-21 11:00:00,3.6,872.0
2024-06-21 12:00:00,4.0,805.0
2024-06-21 13:00:00,5.8,754.0
2024-06-21 14:00:00,7.2,528.0
2024-06-21 15:00:00,9.7,356.0
2024-06-21 16:00:00,6.6,218.0
2024-06-21 17:00:00,9.8,197.0
2024-06-21 18:00:00,5.8,65.0
2024-06-21 19:00:00,8.3,14.0
2024-06-21 20:00:00,8.7,0.0
2024-06-21 21:00:00,7.6,0.0
2024-06-21 22:00:00,8.4,0.0
2024-06-21 23:00:00,9.1,0.0
2024-06-22 00:00:00,6.6,0.0
2024-06-22 01:00:00,7.5,0.0
2024-06-22 02:00:00,7.7,0.0
2024-06-22 03:00:00,5.9,0.0
2024-06-22 04:00:00,6.6,19.0
2024-06-22 05:00:00,7.2,122.0
2024-06-22 06:00:00,6.6,277.0
2024-06-22 07:00:00,11.4,448.0
2024-06-22 08:00:00,10.2,480.0
2024-06-22 09:00:00,9.0,711.0
2024-06-22 10:00:00,12.5,776.0
2024-06-22 11:00:00,11.7,770.0
2024-06-22 12:00:00,10.3,803.0
2024-06-22 13:00:00,18.4,696.0
2024-06-22 14:00:00,17.1,589.0
2024-06-22 15:00:00,15.6,572.0
2024-06-22 16:00:00,13.1,409.0
2024-06-22 17:00:00,10.6,267.0
2024-06-22 18:00:00,7.9,112.0
2024-06-22 19:00:00,7.7,17.0
2024-06-22 20:00:00,5.8,0.0
2024-06-22 21:00:00,5.0,0.0
2024-06-22 22:00:00,7.2,0.0
2024-06-22 23:00:00,5.4,0.0
2024-06-23 00:00:00,6.9,0.0
2024-06-23 01:00:00,7.6,0.0
2024-06-23 02:00:00,6.6,0.0
2024-06-23 03:00:00,5.5,0.0
2024-06-23 04:00:00,10.2,15.0
2024-06-23 05:00:00,10.9,55.0
2024-06-23 06:00:00,10.4,87.0
2024-06-23 07:00:00,12.6,256.0
2024-06-23 08:00:00,16.6,545.0
2024-06-23 09:00:00,18.5,663.0
2024-06-23 10:00:00,18.4,826.0
2024-06-23 11:00:00,17.8,868.0
2024-06-23 12:00:00,17.1,872.0
2024-06-23 13:00:00,19.7,604.0
2024-06-23 14:00:00,18.9,351.0
2024-06-23 15:00:00,18.8,312.0
2024-06-23 16:00:00,13.8,178.0
2024-06-23 17:00:00,9.1,80.0
2024-06-23 18:00:00,9.2,48.0
2024-06-23 19:00:00,10.2,6.0
2024-06-23 20:00:00,9.5,0.0
2024-06-23 21:00:00,6.3,0.0
2024-06-23 22:00:00,10.2,0.0
2024-06-23 23:00:00,9.7,0.0
2024-06-24 00:00:00,8.4,0.0
2024-06-24 01:00:00,12.0,0.0
2024-06-24 02:00:00,9.9,0.0
2024-06-24 03:00:00,7.7,0.0
2024-06-24 04:00:00,16.7,11.0
2024-06-24 05:00:00,15.9,66.0
2024-06-24 06:00:00,10.9,146.0
2024-06-24 07:00:00,11.3,233.0
2024-06-24 08:00:00,13.5,390.0
2024-06-24 09:00:00,13.8,612.0
2024-06-24 10:00:00,13.8,593.0
2024-06-24 11:00:00,17.0,678.0
2024-06-24 12:00:00,16.1,405.0
2024-06-24 13:00:00,15.5,625.0
2024-06-24 14:00:00,11.3,222.0
2024-06-24 15:00:00,11.7,242.0
2024-06-24 16:00:00,8.8,149.0
2024-06-24 17:00:00,11.0,117.0
2024-06-24 18:00:00,6.6,48.0
2024-06-24 19:00:00,7.3,5.0
2024-06-24 20:00:00,8.0,0.0
2024-06-24 21:00:00,7.4,0.0
2024-06-24 22:00:00,7.6,0.0
2024-06-24 23:00:00,9.4,0.0
2024-06-25 00:00:00,10.2,0.0
2024-06-25 01:00:00,9.7,0.0
2024-06-25 02:00:00,7.4,0.0
2024-06-25 03:00:00,8.4,0.0
2024-06-25 04:00:00,11.6,14.0
2024-06-25 05:00:00,8.9,100.0
2024-06-25 06:00:00,7.3,266.0
2024-06-25 07:00:00,8.7,317.0
2024-06-25 08:00:00,7.8,549.0
2024-06-25 09:00:00,11.5,627.0
2024-06-25 10:00:00,9.9,664.0
2024-06-25 11:00:00,8.7,220.0
2024-06-25 12:00:00,10.2,808.0
2024-06-25 13:00:00,6.0,643.0
2024-06-25 14:00:00,6.8,270.0
2024-06-25 15:00:00,7.0,461.0
2024-06-25 16:00:00,9.4,382.0
2024-06-25 17:00:00,7.3,214.0
2024-06-25 18:00:00,3.1,81.0
2024-06-25 19:00:00,3.3,16.0
2024-06-25 20:00:00,4.6,0.0
2024-06-25 21:00:00,9.8,0.0
2024-06-25 22:00:00,9.0,0.0
2024-06-25 23:00:00,7.4,0.0
2024-06-26 00:00:00,4.5,0.0
2024-06-26 01:00:00,2.7,0.0
2024-06-26 02:00:00,8.0,0.0
2024-06-26 03:00:00,4.6,0.0
2024-06-26 04:00:00,6.0,18.0
2024-06-26 05:00:00,6.4,84.0
2024-06-26 06:00:00,1.1,228.0
2024-06-26 07:00:00,2.0,321.0
2024-06-26 08:00:00,3.3,335.0
2024-06-26 09:00:00,4.9,611.0
2024-06-26 10:00:00,5.9,507.0
2024-06-26 11:00:00,8.1,682.0
2024-06-26 12:00:00,6.6,591.0
2024-06-26 13:00:00,4.0,693.0
2024-06-26 14:00:00,3.6,481.0
2024-06-26 15:00:00,8.2,421.0
2024-06-26 16:00:00,11.3,216.0
2024-06-26 17:00:00,2.9,86.0
2024-06-26 18:00:00,4.3,69.0
2024-06-26 19:00:00,1.8,16.0
2024-06-26 20:00:00,2.1,0.0
2024-06-26 21:00:00,1.6,0.0
2024-06-26 22:00:00,14.8,0.0
2024-06-26 23:00:00,5.4,0.0
2024-06-27 00:00:00,5.7,0.0
2024-06-27 01:00:00,2.5,0.0
2024-06-27 02:00:00,3.2,0.0
2024-06-27 03:00:00,4.6,0.0
2024-06-27 04:00:00,5.5,15.0
2024-06-27 05:00:00,3.8,93.0
2024-06-27 06:00:00,3.7,189.0
2024-06-27 07:00:00,3.5,320.0
2024-06-27 08:00:00,5.1,322.0
2024-06-27 09:00:00,6.1,437.0
2024-06-27 10:00:00,6.3,784.0
2024-06-27 11:00:00,4.0,808.0
2024-06-27 12:00:00,0.7,790.0
2024-06-27 13:00:00,4.7,599.0
2024-06-27 14:00:00,7.6,575.0
2024-06-27 15:00:00,1.5,420.0
2024-06-27 16:00:00,3.5,340.0
2024-06-27 17:00:00,5.1,246.0
2024-06-27 18:00:00,4.1,106.0
2024-06-27 19:00:00,5.9,16.0
2024-06-27 20:00:00,2.9,0.0
2024-06-27 21:00:00,2.2,0.0
2024-06-27 22:00:00,3.9,0.0
2024-06-27 23:00:00,5.0,0.0
2024-06-28 00:00:00,3.9,0.0
2024-06-28 01:00:00,5.7,0.0
2024-06-28 02:00:00,7.5,0.0
2024-06-28 03:00:00,8.7,0.0
2024-06-28 04:00:00,8.2,19.0
2024-06-28 05:00:00,7.1,121.0
2024-06-28 06:00:00,3.6,273.0
2024-06-28 07:00:00,3.6,439.0
2024-06-28 08:00:00,4.0,595.0
2024-06-28 09:00:00,3.7,723.0
2024-06-28 10:00:00,3.1,803.0
2024-06-28 11:00:00,4.7,834.0
2024-06-28 12:00:00,6.5,794.0
2024-06-28 13:00:00,6.2,763.0
2024-06-28 14:00:00,5.5,620.0
2024-06-28 15:00:00,4.3,546.0
2024-06-28 16:00:00,3.8,380.0
2024-06-28 17:00:00,3.6,249.0
2024-06-28 18:00:00,5.5,112.0
2024-06-28 19:00:00,6.9,18.0
2024-06-28 20:00:00,5.3,0.0
2024-06-28 21:00:00,2.9,0.0
2024-06-28 22:00:00,1.4,0.0
2024-06-28 23:00:00,1.1,0.0
2024-06-29 00:00:00,1.1,0.0
2024-06-29 01:00:00,3.7,0.0
2024-06-29 02:00:00,4.8,0.0
2024-06-29 03:00:00,5.4,0.0
2024-06-29 04:00:00,6.1,19.0
2024-06-29 05:00:00,6.4,123.0
2024-06-29 06:00:00,3.1,277.0
2024-06-29 07:00:00,2.9,444.0
2024-06-29 08:00:00,4.2,601.0
2024-06-29 09:00:00,5.9,734.0
2024-06-29 10:00:00,6.8,830.0
2024-06-29 11:00:00,6.2,864.0
2024-06-29 12:00:00,4.7,870.0
2024-06-29 13:00:00,5.9,746.0
2024-06-29 14:00:00,7.0,687.0
2024-06-29 15:00:00,6.2,548.0
2024-06-29 16:00:00,5.1,418.0
2024-06-29 17:00:00,4.6,259.0
2024-06-29 18:00:00,6.5,118.0
2024-06-29 19:00:00,6.6,18.0
2024-06-29 20:00:00,6.5,0.0
2024-06-29 21:00:00,6.5,0.0
2024-06-29 22:00:00,7.6,0.0
2024-06-29 23:00:00,6.2,0.0
2024-06-30 00:00:00,4.0,0.0
2024-06-30 01:00:00,6.1,0.0
2024-06-30 02:00:00,4.7,0.0
2024-06-30 03:00:00,6.2,0.0
2024-06-30 04:00:00,3.6,18.0
2024-06-30 05:00:00,4.8,121.0
2024-06-30 06:00:00,4.8,275.0
2024-06-30 07:00:00,6.6,436.0
2024-06-30 08:00:00,8.6,598.0
2024-06-30 09:00:00,9.9,734.0
2024-06-30 10:00:00,12.6,824.0
2024-06-30 11:00:00,14.3,873.0
2024-06-30 12:00:00,16.5,853.0
2024-06-30 13:00:00,13.5,742.0
2024-06-30 14:00:00,8.5,496.0
2024-06-30 15:00:00,6.6,515.0
2024-06-30 16:00:00,11.9,374.0
2024-06-30 17:00:00,12.2,265.0
2024-06-30 18:00:00,12.8,118.0
2024-06-30 19:00:00,9.8,18.0
2024-06-30 20:00:00,7.4,0.0
2024-06-30 21:00:00,6.8,0.0
2024-06-30 22:00:00,6.3,0.0
2024-06-30 23:00:00,6.0,0.0
2024-07-01 00:00:00,6.1,0.0
2024-07-01 01:00:00,5.0,0.0
2024-07-01 02:00:00,4.7,0.0
2024-07-01 03:00:00,7.0,0.0
2024-07-01 04:00:00,5.8,17.0
2024-07-01 05:00:00,4.7,109.0
2024-07-01 06:00:00,4.8,264.0
2024-07-01 07:00:00,9.1,424.0
2024-07-01 08:00:00,10.6,502.0
2024-07-01 09:00:00,10.0,588.0
2024-07-01 10:00:00,7.7,733.0
2024-07-01 11:00:00,3.3,670.0
2024-07-01 12:00:00,3.8,630.0
2024-07-01 13:00:00,15.3,372.0
2024-07-01 14:00:00,8.9,366.0
2024-07-01 15:00:00,9.6,201.0
2024-07-01 16:00:00,8.5,264.0
2024-07-01 17:00:00,3.6,108.0
2024-07-01 18:00:00,4.3,39.0
2024-07-01 19:00:00,4.7,11.0
2024-07-01 20:00:00,10.1,0.0
2024-07-01 21:00:00,9.8,0.0
2024-07-01 22:00:00,9.6,0.0
2024-07-01 23:00:00,6.1,0.0
2024-07-02 00:00:00,5.4,0.0
2024-07-02 01:00:00,4.7,0.0
2024-07-02 02:00:00,7.7,0.0
2024-07-02 03:00:00,8.2,0.0
2024-07-02 04:00:00,7.2,5.0
2024-07-02 05:00:00,4.9,15.0
2024-07-02 06:00:00,7.9,44.0
2024-07-02 07:00:00,8.6,72.0
2024-07-02 08:00:00,10.2,308.0
2024-07-02 09:00:00,11.3,397.0
2024-07-02 10:00:00,14.9,695.0
2024-07-02 11:00:00,15.2,836.0
2024-07-02 12:00:00,14.3,839.0
2024-07-02 13:00:00,10.7,560.0
2024-07-02 14:00:00,12.1,533.0
2024-07-02 15:00:00,10.7,372.0
2024-07-02 16:00:00,11.3,390.0
2024-07-02 17:00:00,6.4,259.0
2024-07-02 18:00:00,7.4,108.0
2024-07-02 19:00:00,6.5,17.0
2024-07-02 20:00:00,6.6,0.0
2024-07-02 21:00:00,5.0,0.0
2024-07-02 22:00:00,5.2,0.0
2024-07-02 23:00:00,4.7,0.0
2024-07-03 00:00:00,5.1,0.0
2024-07-03 01:00:00,5.0,0.0
2024-07-03 02:00:00,3.7,0.0
2024-07-03 03:00:00,3.7,0.0
2024-07-03 04:00:00,5.6,17.0
2024-07-03 05:00:00,4.3,120.0
2024-07-03 06:00:00,2.2,251.0
2024-07-03 07:00:00,2.5,321.0
2024-07-03 08:00:00,4.7,400.0
2024-07-03 09:00:00,6.9,703.0
2024-07-03 10:00:00,6.7,667.0
2024-07-03 11:00:00,4.9,560.0
2024-07-03 12:00:00,3.6,451.0
2024-07-03 13:00:00,2.5,438.0
2024-07-03 14:00:00,1.1,508.0
2024-07-03 15:00:00,3.1,476.0
2024-07-03 16:00:00,5.8,334.0
2024-07-03 17:00:00,5.4,249.0
2024-07-03 18:00:00,3.6,113.0
2024-07-03 19:00:00,5.9,17.0
2024-07-03 20:00:00,4.3,0.0
2024-07-03 21:00:00,3.3,0.0
2024-07-03 22:00:00,3.3,0.0
2024-07-03 23:00:00,4.5,0.0
2024-07-04 00:00:00,4.5,0.0
2024-07-04 01:00:00,6.3,0.0
2024-07-04 02:00:00,5.8,0.0
2024-07-04 03:00:00,4.9,0.0
2024-07-04 04:00:00,6.6,15.0
2024-07-04 05:00:00,6.8,100.0
2024-07-04 06:00:00,6.1,194.0
2024-07-04 07:00:00,4.0,316.0
2024-07-04 08:00:00,1.6,425.0
2024-07-04 09:00:00,2.3,560.0
2024-07-04 10:00:00,2.6,716.0
2024-07-04 11:00:00,3.7,728.0
2024-07-04 12:00:00,4.1,744.0
2024-07-04 13:00:00,1.5,685.0
2024-07-04 14:00:00,2.9,674.0
2024-07-04 15:00:00,5.7,511.0
2024-07-04 16:00:00,5.7,400.0
2024-07-04 17:00:00,4.4,251.0
2024-07-04 18:00:00,4.3,108.0
2024-07-04 19:00:00,3.1,17.0
2024-07-04 20:00:00,2.9,0.0
2024-07-04 21:00:00,1.5,0.0
2024-07-04 22:00:00,2.5,0.0
2024-07-04 23:00:00,3.4,0.0
2024-07-05 00:00:00,4.8,0.0
2024-07-05 01:00:00,5.6,0.0
2024-07-05 02:00:00,4.6,0.0
2024-07-05 03:00:00,3.6,0.0
2024-07-05 04:00:00,3.3,16.0
2024-07-05 05:00:00,2.6,118.0
2024-07-05 06:00:00,2.3,274.0
2024-07-05 07:00:00,4.7,445.0
2024-07-05 08:00:00,6.9,605.0
2024-07-05 09:00:00,8.3,740.0
2024-07-05 10:00:00,7.6,837.0
2024-07-05 11:00:00,7.9,887.0
2024-07-05 12:00:00,9.5,887.0
2024-07-05 13:00:00,10.6,830.0
2024-07-05 14:00:00,11.1,711.0
2024-07-05 15:00:00,8.8,583.0
2024-07-05 16:00:00,6.9,365.0
2024-07-05 17:00:00,7.1,275.0
2024-07-05 18:00:00,6.8,119.0
2024-07-05 19:00:00,10.2,17.0
2024-07-05 20:00:00,10.3,0.0
2024-07-05 21:00:00,7.0,0.0
2024-07-05 22:00:00,7.0,0.0
2024-07-05 23:00:00,5.4,0.0
2024-07-06 00:00:00,5.0,0.0
2024-07-06 01:00:00,1.1,0.0
2024-07-06 02:00:00,3.7,0.0
2024-07-06 03:00:00,6.5,0.0
2024-07-06 04:00:00,4.0,15.0
2024-07-06 05:00:00,0.0,116.0
2024-07-06 06:00:00,1.3,254.0
2024-07-06 07:00:00,1.8,437.0
2024-07-06 08:00:00,4.4,594.0
2024-07-06 09:00:00,7.3,726.0
2024-07-06 10:00:00,9.3,828.0
2024-07-06 11:00:00,12.0,888.0
2024-07-06 12:00:00,13.4,882.0
2024-07-06 13:00:00,13.8,780.0
2024-07-06 14:00:00,12.3,692.0
2024-07-06 15:00:00,15.3,602.0
2024-07-06 16:00:00,15.6,437.0
2024-07-06 17:00:00,13.4,275.0
2024-07-06 18:00:00,12.1,124.0
2024-07-06 19:00:00,11.2,18.0
2024-07-06 20:00:00,9.3,0.0
2024-07-06 21:00:00,9.8,0.0
2024-07-06 22:00:00,8.4,0.0
2024-07-06 23:00:00,7.2,0.0
2024-07-07 00:00:00,6.2,0.0
2024-07-07 01:00:00,6.5,0.0
2024-07-07 02:00:00,8.0,0.0
2024-07-07 03:00:00,6.5,0.0
2024-07-07 04:00:00,5.6,14.0
2024-07-07 05:00:00,3.1,106.0
2024-07-07 06:00:00,1.1,269.0
2024-07-07 07:00:00,3.5,420.0
2024-07-07 08:00:00,2.2,553.0
2024-07-07 09:00:00,4.0,720.0
2024-07-07 10:00:00,5.8,823.0
2024-07-07 11:00:00,8.4,861.0
2024-07-07 12:00:00,8.6,749.0
2024-07-07 13:00:00,1.5,705.0
2024-07-07 14:00:00,6.8,552.0
2024-07-07 15:00:00,14.0,444.0
2024-07-07 16:00:00,12.9,109.0
2024-07-07 17:00:00,2.5,145.0
2024-07-07 18:00:00,5.8,108.0
2024-07-07 19:00:00,4.1,16.0
2024-07-07 20:00:00,4.3,0.0
2024-07-07 21:00:00,4.5,0.0
2024-07-07 22:00:00,4.8,0.0
2024-07-07 23:00:00,4.4,0.0
2024-07-08 00:00:00,3.3,0.0
2024-07-08 01:00:00,7.4,0.0
2024-07-08 02:00:00,4.4,0.0
2024-07-08 03:00:00,5.6,0.0
2024-07-08 04:00:00,4.7,14.0
2024-07-08 05:00:00,6.5,106.0
2024-07-08 06:00:00,6.4,260.0
2024-07-08 07:00:00,7.6,428.0
2024-07-08 08:00:00,8.7,578.0
2024-07-08 09:00:00,10.5,693.0
2024-07-08 10:00:00,9.4,722.0
2024-07-08 11:00:00,6.9,735.0
2024-07-08 12:00:00,3.3,790.0
2024-07-08 13:00:00,6.1,738.0
2024-07-08 14:00:00,7.4,605.0
2024-07-08 15:00:00,7.6,480.0
2024-07-08 16:00:00,8.6,376.0
2024-07-08 17:00:00,5.8,230.0
2024-07-08 18:00:00,5.5,90.0
2024-07-08 19:00:00,7.2,14.0
2024-07-08 20:00:00,7.0,0.0
2024-07-08 21:00:00,8.8,0.0
2024-07-08 22:00:00,8.7,0.0
2024-07-08 23:00:00,8.3,0.0
2024-07-09 00:00:00,9.2,0.0
2024-07-09 01:00:00,10.8,0.0
2024-07-09 02:00:00,10.1,0.0
2024-07-09 03:00:00,9.5,0.0
2024-07-09 04:00:00,9.8,13.0
2024-07-09 05:00:00,9.2,109.0
2024-07-09 06:00:00,7.8,258.0
2024-07-09 07:00:00,6.5,421.0
2024-07-09 08:00:00,6.0,581.0
2024-07-09 09:00:00,5.4,716.0
2024-07-09 10:00:00,6.0,812.0
2024-07-09 11:00:00,8.3,822.0
2024-07-09 12:00:00,10.0,793.0
2024-07-09 13:00:00,10.9,708.0
2024-07-09 14:00:00,9.9,658.0
2024-07-09 15:00:00,11.1,563.0
2024-07-09 16:00:00,10.9,426.0
2024-07-09 17:00:00,4.8,248.0
2024-07-09 18:00:00,2.2,66.0
2024-07-09 19:00:00,2.6,9.0
2024-07-09 20:00:00,5.1,0.0
2024-07-09 21:00:00,4.3,0.0
2024-07-09 22:00:00,4.0,0.0
2024-07-09 23:00:00,5.4,0.0
2024-07-10 00:00:00,5.6,0.0
2024-07-10 01:00:00,6.0,0.0
2024-07-10 02:00:00,6.9,0.0
2024-07-10 03:00:00,5.2,0.0
2024-07-10 04:00:00,3.3,13.0
2024-07-10 05:00:00,4.7,109.0
2024-07-10 06:00:00,2.5,262.0
2024-07-10 07:00:00,2.6,430.0
2024-07-10 08:00:00,2.6,588.0
2024-07-10 09:00:00,4.9,719.0
2024-07-10 10:00:00,8.4,779.0
2024-07-10 11:00:00,10.5,801.0
2024-07-10 12:00:00,9.4,766.0
2024-07-10 13:00:00,7.3,667.0
2024-07-10 14:00:00,9.0,631.0
2024-07-10 15:00:00,9.0,552.0
2024-07-10 16:00:00,6.5,402.0
2024-07-10 17:00:00,4.0,236.0
2024-07-10 18:00:00,7.6,107.0
2024-07-10 19:00:00,7.4,15.0
2024-07-10 20:00:00,6.0,0.0
2024-07-10 21:00:00,6.0,0.0
2024-07-10 22:00:00,5.5,0.0
2024-07-10 23:00:00,4.7,0.0
2024-07-11 00:00:00,4.3,0.0
2024-07-11 01:00:00,5.1,0.0
2024-07-11 02:00:00,3.7,0.0
2024-07-11 03:00:00,7.6,0.0
2024-07-11 04:00:00,8.7,12.0
2024-07-11 05:00:00,8.4,107.0
2024-07-11 06:00:00,6.6,253.0
2024-07-11 07:00:00,6.6,422.0
2024-07-11 08:00:00,5.5,580.0
2024-07-11 09:00:00,4.9,711.0
2024-07-11 10:00:00,4.9,806.0
2024-07-11 11:00:00,4.2,848.0
2024-07-11 12:00:00,3.6,792.0
2024-07-11 13:00:00,3.5,763.0
2024-07-11 14:00:00,3.1,654.0
2024-07-11 15:00:00,3.4,543.0
2024-07-11 16:00:00,2.7,347.0
2024-07-11 17:00:00,2.9,218.0
2024-07-11 18:00:00,5.1,107.0
2024-07-11 19:00:00,4.9,14.0
2024-07-11 20:00:00,4.7,0.0
2024-07-11 21:00:00,6.2,0.0
2024-07-11 22:00:00,5.7,0.0
2024-07-11 23:00:00,5.4,0.0
2024-07-12 00:00:00,6.2,0.0
2024-07-12 01:00:00,10.3,0.0
2024-07-12 02:00:00,10.8,0.0
2024-07-12 03:00:00,17.1,0.0
2024-07-12 04:00:00,10.2,9.0
2024-07-12 05:00:00,6.8,101.0
2024-07-12 06:00:00,7.4,255.0
2024-07-12 07:00:00,7.1,422.0
2024-07-12 08:00:00,4.5,581.0
2024-07-12 09:00:00,2.3,715.0
2024-07-12 10:00:00,2.0,793.0
2024-07-12 11:00:00,6.9,829.0
2024-07-12 12:00:00,7.4,785.0
2024-07-12 13:00:00,12.0,795.0
2024-07-12 14:00:00,10.0,692.0
2024-07-12 15:00:00,9.4,538.0
2024-07-12 16:00:00,3.5,326.0
2024-07-12 17:00:00,11.8,244.0
2024-07-12 18:00:00,9.0,114.0
2024-07-12 19:00:00,7.4,15.0
2024-07-12 20:00:00,8.3,0.0
2024-07-12 21:00:00,4.6,0.0
2024-07-12 22:00:00,3.1,0.0
2024-07-12 23:00:00,4.2,0.0
2024-07-13 00:00:00,3.1,0.0
2024-07-13 01:00:00,5.0,0.0
2024-07-13 02:00:00,5.3,0.0
2024-07-13 03:00:00,4.9,0.0
2024-07-13 04:00:00,3.5,11.0
2024-07-13 05:00:00,7.2,100.0
2024-07-13 06:00:00,6.3,245.0
2024-07-13 07:00:00,3.8,388.0
2024-07-13 08:00:00,3.5,542.0
2024-07-13 09:00:00,6.5,707.0
2024-07-13 10:00:00,7.2,791.0
2024-07-13 11:00:00,6.6,758.0
2024-07-13 12:00:00,6.2,691.0
2024-07-13 13:00:00,8.5,623.0
2024-07-13 14:00:00,12.6,469.0
2024-07-13 15:00:00,8.6,524.0
2024-07-13 16:00:00,2.9,362.0
2024-07-13 17:00:00,6.6,237.0
2024-07-13 18:00:00,8.6,112.0
2024-07-13 19:00:00,10.9,14.0
2024-07-13 20:00:00,9.2,0.0
2024-07-13 21:00:00,9.3,0.0
2024-07-13 22:00:00,9.4,0.0
2024-07-13 23:00:00,10.9,0.0
2024-07-14 00:00:00,10.9,0.0
2024-07-14 01:00:00,5.1,0.0
2024-07-14 02:00:00,5.8,0.0
2024-07-14 03:00:00,6.6,0.0
2024-07-14 04:00:00,6.4,10.0
2024-07-14 05:00:00,3.6,101.0
2024-07-14 06:00:00,1.3,252.0
2024-07-14 07:00:00,3.8,400.0
2024-07-14 08:00:00,6.5,463.0
2024-07-14 09:00:00,6.9,571.0
2024-07-14 10:00:00,5.5,688.0
2024-07-14 11:00:00,4.4,642.0
2024-07-14 12:00:00,5.2,770.0
2024-07-14 13:00:00,7.3,642.0
2024-07-14 14:00:00,4.3,659.0
2024-07-14 15:00:00,3.1,572.0
2024-07-14 16:00:00,1.8,418.0
2024-07-14 17:00:00,3.2,244.0
2024-07-14 18:00:00,3.6,99.0
2024-07-14 19:00:00,5.9,13.0
2024-07-14 20:00:00,6.2,0.0
2024-07-14 21:00:00,4.7,0.0
2024-07-14 22:00:00,6.6,0.0
2024-07-14 23:00:00,6.1,0.0
2024-07-15 00:00:00,11.2,0.0
2024-07-15 01:00:00,9.2,0.0
2024-07-15 02:00:00,9.3,0.0
2024-07-15 03:00:00,8.9,0.0
2024-07-15 04:00:00,10.0,10.0
2024-07-15 05:00:00,8.4,102.0
2024-07-15 06:00:00,7.0,255.0
2024-07-15 07:00:00,5.0,424.0
2024-07-15 08:00:00,2.4,583.0
2024-07-15 09:00:00,0.5,720.0
2024-07-15 10:00:00,0.8,816.0
2024-07-15 11:00:00,2.1,849.0
2024-07-15 12:00:00,3.7,851.0
2024-07-15 13:00:00,2.3,779.0
2024-07-15 14:00:00,3.2,676.0
2024-07-15 15:00:00,1.8,580.0
2024-07-15 16:00:00,0.0,426.0
2024-07-15 17:00:00,1.9,263.0
2024-07-15 18:00:00,4.4,112.0
2024-07-15 19:00:00,7.4,13.0
2024-07-15 20:00:00,6.3,0.0
2024-07-15 21:00:00,4.7,0.0
2024-07-15 22:00:00,2.9,0.0
2024-07-15 23:00:00,1.9,0.0
2024-07-16 00:00:00,3.3,0.0
2024-07-16 01:00:00,3.5,0.0
2024-07-16 02:00:00,5.5,0.0
2024-07-16 03:00:00,5.3,0.0
2024-07-16 04:00:00,6.3,9.0
2024-07-16 05:00:00,6.5,103.0
2024-07-16 06:00:00,2.8,258.0
2024-07-16 07:00:00,1.6,428.0
2024-07-16 08:00:00,1.3,589.0
2024-07-16 09:00:00,1.4,724.0
2024-07-16 10:00:00,3.6,821.0
2024-07-16 11:00:00,5.1,839.0
2024-07-16 12:00:00,7.1,861.0
2024-07-16 13:00:00,4.2,777.0
2024-07-16 14:00:00,6.1,700.0
2024-07-16 15:00:00,5.9,569.0
2024-07-16 16:00:00,4.3,399.0
2024-07-16 17:00:00,6.1,233.0
2024-07-16 18:00:00,6.9,102.0
2024-07-16 19:00:00,6.6,12.0
2024-07-16 20:00:00,6.3,0.0
2024-07-16 21:00:00,8.2,0.0
2024-07-16 22:00:00,7.6,0.0
2024-07-16 23:00:00,8.0,0.0
2024-07-17 00:00:00,7.6,0.0
2024-07-17 01:00:00,7.6,0.0
2024-07-17 02:00:00,10.8,0.0
2024-07-17 03:00:00,13.7,0.0
2024-07-17 04:00:00,13.0,9.0
2024-07-17 05:00:00,9.8,97.0
2024-07-17 06:00:00,10.5,235.0
2024-07-17 07:00:00,10.9,367.0
2024-07-17 08:00:00,9.5,518.0
2024-07-17 09:00:00,7.9,670.0
2024-07-17 10:00:00,7.9,801.0
2024-07-17 11:00:00,7.1,838.0
2024-07-17 12:00:00,6.6,810.0
2024-07-17 13:00:00,9.5,686.0
2024-07-17 14:00:00,8.9,648.0
2024-07-17 15:00:00,8.4,564.0
2024-07-17 16:00:00,8.7,402.0
2024-07-17 17:00:00,9.4,191.0
2024-07-17 18:00:00,9.9,96.0
2024-07-17 19:00:00,14.6,11.0
2024-07-17 20:00:00,15.1,0.0
2024-07-17 21:00:00,15.2,0.0
2024-07-17 22:00:00,13.4,0.0
2024-07-17 23:00:00,11.9,0.0
2024-07-18 00:00:00,9.7,0.0
2024-07-18 01:00:00,7.3,0.0
2024-07-18 02:00:00,7.7,0.0
2024-07-18 03:00:00,7.2,0.0
2024-07-18 04:00:00,3.7,7.0
2024-07-18 05:00:00,6.1,71.0
2024-07-18 06:00:00,10.1,217.0
2024-07-18 07:00:00,9.5,379.0
2024-07-18 08:00:00,7.8,574.0
2024-07-18 09:00:00,7.2,707.0
2024-07-18 10:00:00,7.4,811.0
2024-07-18 11:00:00,7.9,864.0
2024-07-18 12:00:00,8.0,865.0
2024-07-18 13:00:00,10.0,734.0
2024-07-18 14:00:00,12.8,579.0
2024-07-18 15:00:00,8.9,443.0
2024-07-18 16:00:00,7.4,354.0
2024-07-18 17:00:00,12.0,213.0
2024-07-18 18:00:00,4.0,75.0
2024-07-18 19:00:00,5.4,11.0
2024-07-18 20:00:00,6.4,0.0
2024-07-18 21:00:00,6.6,0.0
2024-07-18 22:00:00,7.2,0.0
2024-07-18 23:00:00,7.3,0.0
2024-07-19 00:00:00,6.5,0.0
2024-07-19 01:00:00,13.1,0.0
2024-07-19 02:00:00,13.0,0.0
2024-07-19 03:00:00,10.9,0.0
2024-07-19 04:00:00,9.7,4.0
2024-07-19 05:00:00,10.8,67.0
2024-07-19 06:00:00,7.7,183.0
2024-07-19 07:00:00,8.7,346.0
2024-07-19 08:00:00,7.2,497.0
2024-07-19 09:00:00,5.6,652.0
2024-07-19 10:00:00,6.6,766.0
2024-07-19 11:00:00,8.2,823.0
2024-07-19 12:00:00,9.4,824.0
2024-07-19 13:00:00,12.3,696.0
2024-07-19 14:00:00,13.1,618.0
2024-07-19 15:00:00,13.7,516.0
2024-07-19 16:00:00,9.0,309.0
2024-07-19 17:00:00,6.4,202.0
2024-07-19 18:00:00,6.5,86.0
2024-07-19 19:00:00,10.0,9.0
2024-07-19 20:00:00,5.5,0.0
2024-07-19 21:00:00,6.9,0.0
2024-07-19 22:00:00,5.8,0.0
2024-07-19 23:00:00,5.4,0.0
2024-07-20 00:00:00,7.1,0.0
2024-07-20 01:00:00,9.6,0.0
2024-07-20 02:00:00,14.2,0.0
2024-07-20 03:00:00,12.6,0.0
2024-07-20 04:00:00,8.7,2.0
2024-07-20 05:00:00,9.0,34.0
2024-07-20 06:00:00,10.2,46.0
2024-07-20 07:00:00,10.2,170.0
2024-07-20 08:00:00,8.3,250.0
2024-07-20 09:00:00,8.0,296.0
2024-07-20 10:00:00,8.3,286.0
2024-07-20 11:00:00,7.3,486.0
2024-07-20 12:00:00,4.3,678.0
2024-07-20 13:00:00,8.8,328.0
2024-07-20 14:00:00,8.2,321.0
2024-07-20 15:00:00,6.4,276.0
2024-07-20 16:00:00,2.0,127.0
2024-07-20 17:00:00,4.1,53.0
2024-07-20 18:00:00,3.7,30.0
2024-07-20 19:00:00,3.6,4.0
2024-07-20 20:00:00,3.4,0.0
2024-07-20 21:00:00,4.4,0.0
2024-07-20 22:00:00,4.7,0.0
2024-07-20 23:00:00,5.6,0.0
2024-07-21 00:00:00,4.8,0.0
2024-07-21 01:00:00,4.4,0.0
2024-07-21 02:00:00,4.3,0.0
2024-07-21 03:00:00,5.1,0.0
2024-07-21 04:00:00,4.7,6.0
2024-07-21 05:00:00,4.2,89.0
2024-07-21 06:00:00,2.6,241.0
2024-07-21 07:00:00,3.4,413.0
2024-07-21 08:00:00,5.2,572.0
2024-07-21 09:00:00,3.8,689.0
2024-07-21 10:00:00,4.6,780.0
2024-07-21 11:00:00,5.2,864.0
2024-07-21 12:00:00,6.2,867.0
2024-07-21 13:00:00,6.9,783.0
2024-07-21 14:00:00,6.0,698.0
2024-07-21 15:00:00,7.0,551.0
2024-07-21 16:00:00,7.9,420.0
2024-07-21 17:00:00,5.4,255.0
2024-07-21 18:00:00,5.3,103.0
2024-07-21 19:00:00,3.0,9.0
2024-07-21 20:00:00,6.8,0.0
2024-07-21 21:00:00,5.4,0.0
2024-07-21 22:00:00,6.3,0.0
2024-07-21 23:00:00,5.0,0.0
2024-07-22 00:00:00,3.1,0.0
2024-07-22 01:00:00,2.5,0.0
2024-07-22 02:00:00,3.1,0.0
2024-07-22 03:00:00,2.6,0.0
2024-07-22 04:00:00,3.6,6.0
2024-07-22 05:00:00,16.1,66.0
2024-07-22 06:00:00,5.7,46.0
2024-07-22 07:00:00,9.3,156.0
2024-07-22 08:00:00,7.9,430.0
2024-07-22 09:00:00,6.9,663.0
2024-07-22 10:00:00,4.7,780.0
2024-07-22 11:00:00,1.6,778.0
2024-07-22 12:00:00,1.9,784.0
2024-07-22 13:00:00,1.6,700.0
2024-07-22 14:00:00,1.5,589.0
2024-07-22 15:00:00,3.6,544.0
2024-07-22 16:00:00,1.5,415.0
2024-07-22 17:00:00,4.8,234.0
2024-07-22 18:00:00,5.8,98.0
2024-07-22 19:00:00,5.2,9.0
2024-07-22 20:00:00,4.2,0.0
2024-07-22 21:00:00,4.2,0.0
2024-07-22 22:00:00,6.4,0.0
2024-07-22 23:00:00,6.6,0.0
2024-07-23 00:00:00,5.4,0.0
2024-07-23 01:00:00,5.9,0.0
2024-07-23 02:00:00,6.2,0.0
2024-07-23 03:00:00,8.2,0.0
2024-07-23 04:00:00,3.7,5.0
2024-07-23 05:00:00,7.9,75.0
2024-07-23 06:00:00,5.1,213.0
2024-07-23 07:00:00,5.7,362.0
2024-07-23 08:00:00,5.4,553.0
2024-07-23 09:00:00,6.4,679.0
2024-07-23 10:00:00,6.6,777.0
2024-07-23 11:00:00,7.4,807.0
2024-07-23 12:00:00,7.0,806.0
2024-07-23 13:00:00,7.9,631.0
2024-07-23 14:00:00,8.9,597.0
2024-07-23 15:00:00,7.6,524.0
2024-07-23 16:00:00,6.1,311.0
2024-07-23 17:00:00,3.7,175.0
2024-07-23 18:00:00,4.5,81.0
2024-07-23 19:00:00,5.1,7.0
2024-07-23 20:00:00,4.2,0.0
2024-07-23 21:00:00,7.4,0.0
2024-07-23 22:00:00,7.6,0.0
2024-07-23 23:00:00,7.8,0.0
2024-07-24 00:00:00,8.4,0.0
2024-07-24 01:00:00,4.0,0.0
2024-07-24 02:00:00,7.9,0.0
2024-07-24 03:00:00,6.1,0.0
2024-07-24 04:00:00,5.9,4.0
2024-07-24 05:00:00,6.9,72.0
2024-07-24 06:00:00,4.9,241.0
2024-07-24 07:00:00,2.1,409.0
2024-07-24 08:00:00,1.5,567.0
2024-07-24 09:00:00,2.9,696.0
2024-07-24 10:00:00,3.6,732.0
2024-07-24 11:00:00,3.7,740.0
2024-07-24 12:00:00,9.8,631.0
2024-07-24 13:00:00,5.5,660.0
2024-07-24 14:00:00,6.6,331.0
2024-07-24 15:00:00,5.0,473.0
2024-07-24 16:00:00,6.5,344.0
2024-07-24 17:00:00,3.2,225.0
2024-07-24 18:00:00,1.1,88.0
2024-07-24 19:00:00,4.2,7.0
2024-07-24 20:00:00,4.3,0.0
2024-07-24 21:00:00,6.5,0.0
2024-07-24 22:00:00,4.3,0.0
2024-07-24 23:00:00,7.1,0.0
2024-07-25 00:00:00,7.6,0.0
2024-07-25 01:00:00,5.4,0.0
2024-07-25 02:00:00,6.5,0.0
2024-07-25 03:00:00,6.4,0.0
2024-07-25 04:00:00,6.0,5.0
2024-07-25 05:00:00,5.5,86.0
2024-07-25 06:00:00,1.6,239.0
2024-07-25 07:00:00,0.8,411.0
2024-07-25 08:00:00,4.6,574.0
2024-07-25 09:00:00,6.0,680.0
2024-07-25 10:00:00,7.2,756.0
2024-07-25 11:00:00,8.0,782.0
2024-07-25 12:00:00,8.6,785.0
2024-07-25 13:00:00,3.3,754.0
2024-07-25 14:00:00,3.2,644.0
2024-07-25 15:00:00,3.8,545.0
2024-07-25 16:00:00,6.3,402.0
2024-07-25 17:00:00,6.6,243.0
2024-07-25 18:00:00,5.0,96.0
2024-07-25 19:00:00,5.8,7.0
2024-07-25 20:00:00,3.7,0.0
2024-07-25 21:00:00,2.9,0.0
2024-07-25 22:00:00,0.7,0.0
2024-07-25 23:00:00,2.9,0.0
2024-07-26 00:00:00,4.2,0.0
2024-07-26 01:00:00,3.3,0.0
2024-07-26 02:00:00,4.3,0.0
2024-07-26 03:00:00,3.4,0.0
2024-07-26 04:00:00,2.9,4.0
2024-07-26 05:00:00,0.0,83.0
2024-07-26 06:00:00,1.8,235.0
2024-07-26 07:00:00,3.2,406.0
2024-07-26 08:00:00,5.5,569.0
2024-07-26 09:00:00,5.8,707.0
2024-07-26 10:00:00,5.4,804.0
2024-07-26 11:00:00,5.4,857.0
2024-07-26 12:00:00,5.8,861.0
2024-07-26 13:00:00,2.5,790.0
2024-07-26 14:00:00,1.6,703.0
2024-07-26 15:00:00,3.6,562.0
2024-07-26 16:00:00,6.4,393.0
2024-07-26 17:00:00,7.0,227.0
2024-07-26 18:00:00,6.5,92.0
2024-07-26 19:00:00,5.8,6.0
2024-07-26 20:00:00,6.5,0.0
2024-07-26 21:00:00,7.5,0.0
2024-07-26 22:00:00,3.6,0.0
2024-07-26 23:00:00,3.7,0.0
2024-07-27 00:00:00,4.0,0.0
2024-07-27 01:00:00,6.0,0.0
2024-07-27 02:00:00,6.3,0.0
2024-07-27 03:00:00,5.9,0.0
2024-07-27 04:00:00,6.6,4.0
2024-07-27 05:00:00,5.4,81.0
2024-07-27 06:00:00,3.3,232.0
2024-07-27 07:00:00,3.8,402.0
2024-07-27 08:00:00,4.6,566.0
2024-07-27 09:00:00,4.8,704.0
2024-07-27 10:00:00,7.1,805.0
2024-07-27 11:00:00,8.5,859.0
2024-07-27 12:00:00,8.3,862.0
2024-07-27 13:00:00,7.4,816.0
2024-07-27 14:00:00,7.7,717.0
2024-07-27 15:00:00,7.8,563.0
2024-07-27 16:00:00,7.0,400.0
2024-07-27 17:00:00,7.2,237.0
2024-07-27 18:00:00,6.3,90.0
2024-07-27 19:00:00,6.3,6.0
2024-07-27 20:00:00,7.8,0.0
2024-07-27 21:00:00,4.6,0.0
2024-07-27 22:00:00,5.8,0.0
2024-07-27 23:00:00,6.9,0.0
2024-07-28 00:00:00,8.4,0.0
2024-07-28 01:00:00,8.4,0.0
2024-07-28 02:00:00,4.0,0.0
2024-07-28 03:00:00,3.2,0.0
2024-07-28 04:00:00,2.1,3.0
2024-07-28 05:00:00,2.6,79.0
2024-07-28 06:00:00,1.6,230.0
2024-07-28 07:00:00,2.3,400.0
2024-07-28 08:00:00,3.1,560.0
2024-07-28 09:00:00,6.9,694.0
2024-07-28 10:00:00,12.1,783.0
2024-07-28 11:00:00,14.1,784.0
2024-07-28 12:00:00,11.0,766.0
2024-07-28 13:00:00,9.1,636.0
2024-07-28 14:00:00,15.8,557.0
2024-07-28 15:00:00,18.6,413.0
2024-07-28 16:00:00,15.9,325.0
2024-07-28 17:00:00,14.3,176.0
2024-07-28 18:00:00,16.1,55.0
2024-07-28 19:00:00,13.6,4.0
2024-07-28 20:00:00,13.6,0.0
2024-07-28 21:00:00,11.0,0.0
2024-07-28 22:00:00,6.5,0.0
2024-07-28 23:00:00,5.8,0.0
2024-07-29 00:00:00,6.5,0.0
2024-07-29 01:00:00,4.9,0.0
2024-07-29 02:00:00,4.6,0.0
2024-07-29 03:00:00,4.7,0.0
2024-07-29 04:00:00,6.4,3.0
2024-07-29 05:00:00,7.3,67.0
2024-07-29 06:00:00,7.2,187.0
2024-07-29 07:00:00,9.4,392.0
2024-07-29 08:00:00,11.3,562.0
2024-07-29 09:00:00,12.0,703.0
2024-07-29 10:00:00,11.9,800.0
2024-07-29 11:00:00,11.2,854.0
2024-07-29 12:00:00,10.2,859.0
2024-07-29 13:00:00,10.5,764.0
2024-07-29 14:00:00,8.4,632.0
2024-07-29 15:00:00,10.5,496.0
2024-07-29 16:00:00,13.7,332.0
2024-07-29 17:00:00,8.7,227.0
2024-07-29 18:00:00,5.7,88.0
2024-07-29 19:00:00,6.2,5.0
2024-07-29 20:00:00,6.2,0.0
2024-07-29 21:00:00,5.7,0.0
2024-07-29 22:00:00,6.3,0.0
2024-07-29 23:00:00,3.6,0.0
2024-07-30 00:00:00,5.0,0.0
2024-07-30 01:00:00,6.2,0.0
2024-07-30 02:00:00,6.1,0.0
2024-07-30 03:00:00,6.1,0.0
2024-07-30 04:00:00,5.8,3.0
2024-07-30 05:00:00,3.7,77.0
2024-07-30 06:00:00,2.6,231.0
2024-07-30 07:00:00,3.1,405.0
2024-07-30 08:00:00,4.2,572.0
2024-07-30 09:00:00,5.2,713.0
2024-07-30 10:00:00,5.5,815.0
2024-07-30 11:00:00,4.7,870.0
2024-07-30 12:00:00,4.0,873.0
2024-07-30 13:00:00,4.6,819.0
2024-07-30 14:00:00,4.4,724.0
2024-07-30 15:00:00,5.0,587.0
2024-07-30 16:00:00,6.2,422.0
2024-07-30 17:00:00,5.2,247.0
2024-07-30 18:00:00,6.0,89.0
2024-07-30 19:00:00,7.2,5.0
2024-07-30 20:00:00,3.8,0.0
2024-07-30 21:00:00,2.9,0.0
2024-07-30 22:00:00,0.7,0.0
2024-07-30 23:00:00,2.1,0.0
2024-07-31 00:00:00,1.5,0.0
2024-07-31 01:00:00,2.6,0.0
2024-07-31 02:00:00,4.2,0.0
2024-07-31 03:00:00,0.4,0.0
2024-07-31 04:00:00,1.8,2.0
2024-07-31 05:00:00,2.9,74.0
2024-07-31 06:00:00,2.1,226.0
2024-07-31 07:00:00,3.3,397.0
2024-07-31 08:00:00,6.5,561.0
2024-07-31 09:00:00,6.5,703.0
2024-07-31 10:00:00,6.2,806.0
2024-07-31 11:00:00,6.7,858.0
2024-07-31 12:00:00,7.1,859.0
2024-07-31 13:00:00,7.0,809.0
2024-07-31 14:00:00,6.8,708.0
2024-07-31 15:00:00,5.4,569.0
2024-07-31 16:00:00,5.4,396.0
2024-07-31 17:00:00,5.2,223.0
2024-07-31 18:00:00,5.9,83.0
2024-07-31 19:00:00,7.0,4.0
2024-07-31 20:00:00,8.4,0.0
2024-07-31 21:00:00,7.7,0.0
2024-07-31 22:00:00,6.4,0.0
2024-07-31 23:00:00,6.5,0.0
2024-08-01 00:00:00,6.6,0.0
2024-08-01 01:00:00,5.1,0.0
2024-08-01 02:00:00,4.6,0.0
2024-08-01 03:00:00,4.1,0.0
2024-08-01 04:00:00,3.2,2.0
2024-08-01 05:00:00,2.2,71.0
2024-08-01 06:00:00,1.4,220.0
2024-08-01 07:00:00,0.7,392.0
2024-08-01 08:00:00,2.3,554.0
2024-08-01 09:00:00,3.3,690.0
2024-08-01 10:00:00,2.3,788.0
2024-08-01 11:00:00,3.3,841.0
2024-08-01 12:00:00,2.6,834.0
2024-08-01 13:00:00,3.6,682.0
2024-08-01 14:00:00,4.7,321.0
2024-08-01 15:00:00,5.2,394.0
2024-08-01 16:00:00,7.1,354.0
2024-08-01 17:00:00,8.4,199.0
2024-08-01 18:00:00,7.5,63.0
2024-08-01 19:00:00,7.2,3.0
2024-08-01 20:00:00,7.4,0.0
2024-08-01 21:00:00,6.9,0.0
2024-08-01 22:00:00,6.0,0.0
2024-08-01 23:00:00,8.4,0.0
2024-08-02 00:00:00,8.7,0.0
2024-08-02 01:00:00,8.1,0.0
2024-08-02 02:00:00,9.7,0.0
2024-08-02 03:00:00,7.9,0.0
2024-08-02 04:00:00,8.3,1.0
2024-08-02 05:00:00,9.3,40.0
2024-08-02 06:00:00,7.8,179.0
2024-08-02 07:00:00,6.8,343.0
2024-08-02 08:00:00,4.0,513.0
2024-08-02 09:00:00,1.0,668.0
2024-08-02 10:00:00,2.5,770.0
2024-08-02 11:00:00,4.0,830.0
2024-08-02 12:00:00,4.7,820.0
2024-08-02 13:00:00,4.7,752.0
2024-08-02 14:00:00,5.3,597.0
2024-08-02 15:00:00,3.5,412.0
2024-08-02 16:00:00,2.7,342.0
2024-08-02 17:00:00,4.6,154.0
2024-08-02 18:00:00,4.5,66.0
2024-08-02 19:00:00,4.8,2.0
2024-08-02 20:00:00,6.2,0.0
2024-08-02 21:00:00,9.3,0.0
2024-08-02 22:00:00,5.7,0.0
2024-08-02 23:00:00,3.0,0.0
2024-08-03 00:00:00,7.7,0.0
2024-08-03 01:00:00,6.6,0.0
2024-08-03 02:00:00,6.6,0.0
2024-08-03 03:00:00,8.0,0.0
2024-08-03 04:00:00,7.5,1.0
2024-08-03 05:00:00,5.2,65.0
2024-08-03 06:00:00,2.9,198.0
2024-08-03 07:00:00,3.3,371.0
2024-08-03 08:00:00,3.6,492.0
2024-08-03 09:00:00,3.4,537.0
2024-08-03 10:00:00,4.1,773.0
2024-08-03 11:00:00,5.1,663.0
2024-08-03 12:00:00,6.3,793.0
2024-08-03 13:00:00,4.3,789.0
2024-08-03 14:00:00,6.5,676.0
2024-08-03 15:00:00,7.0,552.0
2024-08-03 16:00:00,5.6,376.0
2024-08-03 17:00:00,2.9,220.0
2024-08-03 18:00:00,5.5,72.0
2024-08-03 19:00:00,6.0,2.0
2024-08-03 20:00:00,6.1,0.0
2024-08-03 21:00:00,3.6,0.0
2024-08-03 22:00:00,1.5,0.0
2024-08-03 23:00:00,1.1,0.0
2024-08-04 00:00:00,1.1,0.0
2024-08-04 01:00:00,0.8,0.0
2024-08-04 02:00:00,2.5,0.0
2024-08-04 03:00:00,6.0,0.0
2024-08-04 04:00:00,6.6,1.0
2024-08-04 05:00:00,3.9,64.0
2024-08-04 06:00:00,1.1,209.0
2024-08-04 07:00:00,2.0,379.0
2024-08-04 08:00:00,3.4,536.0
2024-08-04 09:00:00,3.4,613.0
2024-08-04 10:00:00,3.0,643.0
2024-08-04 11:00:00,2.9,658.0
2024-08-04 12:00:00,2.4,604.0
2024-08-04 13:00:00,8.7,674.0
2024-08-04 14:00:00,7.0,506.0
2024-08-04 15:00:00,7.7,488.0
2024-08-04 16:00:00,8.5,339.0
2024-08-04 17:00:00,6.5,202.0
2024-08-04 18:00:00,5.7,69.0
2024-08-04 19:00:00,4.6,2.0
2024-08-04 20:00:00,4.3,0.0
2024-08-04 21:00:00,3.7,0.0
2024-08-04 22:00:00,4.7,0.0
2024-08-04 23:00:00,1.5,0.0
2024-08-05 00:00:00,3.3,0.0
2024-08-05 01:00:00,3.7,0.0
2024-08-05 02:00:00,5.3,0.0
2024-08-05 03:00:00,5.6,0.0
2024-08-05 04:00:00,5.8,1.0
2024-08-05 05:00:00,6.5,40.0
2024-08-05 06:00:00,2.7,202.0
2024-08-05 07:00:00,2.7,338.0
2024-08-05 08:00:00,5.8,523.0
2024-08-05 09:00:00,6.5,674.0
2024-08-05 10:00:00,6.2,766.0
2024-08-05 11:00:00,5.8,800.0
2024-08-05 12:00:00,4.7,818.0
2024-08-05 13:00:00,4.6,723.0
2024-08-05 14:00:00,3.0,586.0
2024-08-05 15:00:00,2.4,472.0
2024-08-05 16:00:00,3.1,328.0
2024-08-05 17:00:00,10.0,147.0
2024-08-05 18:00:00,11.2,46.0
2024-08-05 19:00:00,11.3,1.0
2024-08-05 20:00:00,10.2,0.0
2024-08-05 21:00:00,10.5,0.0
2024-08-05 22:00:00,9.5,0.0
2024-08-05 23:00:00,6.1,0.0
2024-08-06 00:00:00,4.6,0.0
2024-08-06 01:00:00,4.0,0.0
2024-08-06 02:00:00,3.2,0.0
2024-08-06 03:00:00,3.6,0.0
2024-08-06 04:00:00,3.0,0.0
2024-08-06 05:00:00,3.7,48.0
2024-08-06 06:00:00,2.5,190.0
2024-08-06 07:00:00,3.7,350.0
2024-08-06 08:00:00,4.0,511.0
2024-08-06 09:00:00,4.7,662.0
2024-08-06 10:00:00,6.8,767.0
2024-08-06 11:00:00,8.2,820.0
2024-08-06 12:00:00,9.7,805.0
2024-08-06 13:00:00,7.1,777.0
2024-08-06 14:00:00,8.0,683.0
2024-08-06 15:00:00,7.9,544.0
2024-08-06 16:00:00,7.9,380.0
2024-08-06 17:00:00,7.1,212.0
2024-08-06 18:00:00,4.7,66.0
2024-08-06 19:00:00,4.8,1.0
2024-08-06 20:00:00,5.6,0.0
2024-08-06 21:00:00,5.9,0.0
2024-08-06 22:00:00,6.6,0.0
2024-08-06 23:00:00,7.2,0.0
2024-08-07 00:00:00,7.7,0.0
2024-08-07 01:00:00,5.2,0.0
2024-08-07 02:00:00,2.9,0.0
2024-08-07 03:00:00,1.8,0.0
2024-08-07 04:00:00,1.6,0.0
2024-08-07 05:00:00,2.7,57.0
2024-08-07 06:00:00,1.3,199.0
2024-08-07 07:00:00,2.1,369.0
2024-08-07 08:00:00,3.6,533.0
2024-08-07 09:00:00,4.6,662.0
2024-08-07 10:00:00,4.1,738.0
2024-08-07 11:00:00,4.3,787.0
2024-08-07 12:00:00,4.8,784.0
2024-08-07 13:00:00,5.1,770.0
2024-08-07 14:00:00,6.0,673.0
2024-08-07 15:00:00,6.2,540.0
2024-08-07 16:00:00,7.6,332.0
2024-08-07 17:00:00,5.7,178.0
2024-08-07 18:00:00,6.4,49.0
2024-08-07 19:00:00,5.3,1.0
2024-08-07 20:00:00,5.2,0.0
2024-08-07 21:00:00,6.0,0.0
2024-08-07 22:00:00,16.2,0.0
2024-08-07 23:00:00,4.4,0.0
2024-08-08 00:00:00,3.2,0.0
2024-08-08 01:00:00,12.9,0.0
2024-08-08 02:00:00,6.4,0.0
2024-08-08 03:00:00,7.6,0.0
2024-08-08 04:00:00,3.8,0.0
2024-08-08 05:00:00,8.2,48.0
2024-08-08 06:00:00,6.1,182.0
2024-08-08 07:00:00,5.7,271.0
2024-08-08 08:00:00,2.1,460.0
2024-08-08 09:00:00,2.6,567.0
2024-08-08 10:00:00,4.0,711.0
2024-08-08 11:00:00,3.7,802.0
2024-08-08 12:00:00,2.1,797.0
2024-08-08 13:00:00,4.9,710.0
2024-08-08 14:00:00,2.1,637.0
2024-08-08 15:00:00,2.3,517.0
2024-08-08 16:00:00,3.1,363.0
2024-08-08 17:00:00,4.4,193.0
2024-08-08 18:00:00,4.3,55.0
2024-08-08 19:00:00,3.9,1.0
2024-08-08 20:00:00,3.6,0.0
2024-08-08 21:00:00,4.7,0.0
2024-08-08 22:00:00,6.2,0.0
2024-08-08 23:00:00,5.8,0.0
2024-08-09 00:00:00,5.4,0.0
2024-08-09 01:00:00,4.0,0.0
2024-08-09 02:00:00,4.1,0.0
2024-08-09 03:00:00,3.4,0.0
2024-08-09 04:00:00,3.7,0.0
2024-08-09 05:00:00,1.6,53.0
2024-08-09 06:00:00,1.4,192.0
2024-08-09 07:00:00,2.6,359.0
2024-08-09 08:00:00,3.1,526.0
2024-08-09 09:00:00,4.3,669.0
2024-08-09 10:00:00,4.3,770.0
2024-08-09 11:00:00,5.0,797.0
2024-08-09 12:00:00,5.2,766.0
2024-08-09 13:00:00,3.4,713.0
2024-08-09 14:00:00,3.2,652.0
2024-08-09 15:00:00,4.4,523.0
2024-08-09 16:00:00,3.6,354.0
2024-08-09 17:00:00,3.2,199.0
2024-08-09 18:00:00,6.2,58.0
2024-08-09 19:00:00,5.0,0.0
2024-08-09 20:00:00,6.4,0.0
2024-08-09 21:00:00,6.4,0.0
2024-08-09 22:00:00,6.2,0.0
2024-08-09 23:00:00,4.8,0.0
2024-08-10 00:00:00,6.6,0.0
2024-08-10 01:00:00,5.6,0.0
2024-08-10 02:00:00,5.3,0.0
2024-08-10 03:00:00,4.3,0.0
2024-08-10 04:00:00,3.3,0.0
2024-08-10 05:00:00,1.8,51.0
2024-08-10 06:00:00,2.2,191.0
2024-08-10 07:00:00,1.8,358.0
2024-08-10 08:00:00,1.9,521.0
2024-08-10 09:00:00,2.9,657.0
2024-08-10 10:00:00,4.7,751.0
2024-08-10 11:00:00,4.8,800.0
2024-08-10 12:00:00,3.9,804.0
2024-08-10 13:00:00,9.0,660.0
2024-08-10 14:00:00,6.9,629.0
2024-08-10 15:00:00,5.5,482.0
2024-08-10 16:00:00,7.6,358.0
2024-08-10 17:00:00,7.4,196.0
2024-08-10 18:00:00,8.2,56.0
2024-08-10 19:00:00,6.3,0.0
2024-08-10 20:00:00,6.4,0.0
2024-08-10 21:00:00,4.9,0.0
2024-08-10 22:00:00,4.0,0.0
2024-08-10 23:00:00,3.8,0.0
2024-08-11 00:00:00,2.3,0.0
2024-08-11 01:00:00,2.8,0.0
2024-08-11 02:00:00,1.8,0.0
2024-08-11 03:00:00,3.6,0.0
2024-08-11 04:00:00,4.6,0.0
2024-08-11 05:00:00,2.8,49.0
2024-08-11 06:00:00,2.8,187.0
2024-08-11 07:00:00,0.7,357.0
2024-08-11 08:00:00,2.3,520.0
2024-08-11 09:00:00,3.6,658.0
2024-08-11 10:00:00,5.3,759.0
2024-08-11 11:00:00,5.9,812.0
2024-08-11 12:00:00,6.7,815.0
2024-08-11 13:00:00,6.8,730.0
2024-08-11 14:00:00,6.9,645.0
2024-08-11 15:00:00,9.0,513.0
2024-08-11 16:00:00,10.9,344.0
2024-08-11 17:00:00,5.5,193.0
2024-08-11 18:00:00,6.0,53.0
2024-08-11 19:00:00,5.9,0.0
2024-08-11 20:00:00,6.0,0.0
2024-08-11 21:00:00,3.0,0.0
2024-08-11 22:00:00,1.1,0.0
2024-08-11 23:00:00,1.8,0.0
2024-08-12 00:00:00,0.7,0.0
2024-08-12 01:00:00,1.1,0.0
2024-08-12 02:00:00,2.4,0.0
2024-08-12 03:00:00,2.6,0.0
2024-08-12 04:00:00,1.8,0.0
2024-08-12 05:00:00,0.4,48.0
2024-08-12 06:00:00,0.4,188.0
2024-08-12 07:00:00,2.1,357.0
2024-08-12 08:00:00,3.9,525.0
2024-08-12 09:00:00,6.3,665.0
2024-08-12 10:00:00,6.9,766.0
2024-08-12 11:00:00,6.9,820.0
2024-08-12 12:00:00,6.6,822.0
2024-08-12 13:00:00,5.9,772.0
2024-08-12 14:00:00,7.5,666.0
2024-08-12 15:00:00,7.0,538.0
2024-08-12 16:00:00,6.2,371.0
2024-08-12 17:00:00,4.7,198.0
2024-08-12 18:00:00,7.9,52.0
2024-08-12 19:00:00,8.5,0.0
2024-08-12 20:00:00,4.3,0.0
2024-08-12 21:00:00,2.8,0.0
2024-08-12 22:00:00,4.5,0.0
2024-08-12 23:00:00,3.4,0.0
2024-08-13 00:00:00,0.5,0.0
2024-08-13 01:00:00,3.7,0.0
2024-08-13 02:00:00,0.7,0.0
2024-08-13 03:00:00,1.9,0.0
2024-08-13 04:00:00,6.2,0.0
2024-08-13 05:00:00,6.5,46.0
2024-08-13 06:00:00,0.5,184.0
2024-08-13 07:00:00,1.8,353.0
2024-08-13 08:00:00,1.9,517.0
2024-08-13 09:00:00,1.1,655.0
2024-08-13 10:00:00,1.0,755.0
2024-08-13 11:00:00,2.6,792.0
2024-08-13 12:00:00,4.4,789.0
2024-08-13 13:00:00,7.3,532.0
2024-08-13 14:00:00,4.9,285.0
2024-08-13 15:00:00,7.2,505.0
2024-08-13 16:00:00,6.7,367.0
2024-08-13 17:00:00,4.3,182.0
2024-08-13 18:00:00,7.1,48.0
2024-08-13 19:00:00,5.8,0.0
2024-08-13 20:00:00,5.8,0.0
2024-08-13 21:00:00,4.4,0.0
2024-08-13 22:00:00,4.6,0.0
2024-08-13 23:00:00,4.0,0.0
2024-08-14 00:00:00,4.1,0.0
2024-08-14 01:00:00,5.2,0.0
2024-08-14 02:00:00,6.6,0.0
2024-08-14 03:00:00,5.6,0.0
2024-08-14 04:00:00,7.7,0.0
2024-08-14 05:00:00,8.0,27.0
2024-08-14 06:00:00,6.9,86.0
2024-08-14 07:00:00,1.1,305.0
2024-08-14 08:00:00,0.4,341.0
2024-08-14 09:00:00,2.3,559.0
2024-08-14 10:00:00,1.4,715.0
2024-08-14 11:00:00,1.1,766.0
2024-08-14 12:00:00,3.1,784.0
2024-08-14 13:00:00,5.8,560.0
2024-08-14 14:00:00,5.8,477.0
2024-08-14 15:00:00,6.4,357.0
2024-08-14 16:00:00,6.5,257.0
2024-08-14 17:00:00,3.1,163.0
2024-08-14 18:00:00,6.6,40.0
2024-08-14 19:00:00,5.0,0.0
2024-08-14 20:00:00,3.7,0.0
2024-08-14 21:00:00,3.6,0.0
2024-08-14 22:00:00,6.1,0.0
2024-08-14 23:00:00,5.6,0.0
2024-08-15 00:00:00,4.8,0.0
2024-08-15 01:00:00,6.2,0.0
2024-08-15 02:00:00,5.0,0.0
2024-08-15 03:00:00,4.3,0.0
2024-08-15 04:00:00,6.5,0.0
2024-08-15 05:00:00,7.7,41.0
2024-08-15 06:00:00,6.0,173.0
2024-08-15 07:00:00,3.4,349.0
2024-08-15 08:00:00,2.5,514.0
2024-08-15 09:00:00,2.4,651.0
2024-08-15 10:00:00,2.2,750.0
2024-08-15 11:00:00,1.1,799.0
2024-08-15 12:00:00,0.8,797.0
2024-08-15 13:00:00,0.7,709.0
2024-08-15 14:00:00,2.8,510.0
2024-08-15 15:00:00,3.3,377.0
2024-08-15 16:00:00,3.7,316.0
2024-08-15 17:00:00,3.3,159.0
2024-08-15 18:00:00,4.5,40.0
2024-08-15 19:00:00,2.1,0.0
2024-08-15 20:00:00,1.1,0.0
2024-08-15 21:00:00,1.5,0.0
2024-08-15 22:00:00,3.2,0.0
2024-08-15 23:00:00,5.1,0.0
2024-08-16 00:00:00,5.0,0.0
2024-08-16 01:00:00,5.4,0.0
2024-08-16 02:00:00,1.8,0.0
2024-08-16 03:00:00,4.1,0.0
2024-08-16 04:00:00,3.6,0.0
2024-08-16 05:00:00,1.5,39.0
2024-08-16 06:00:00,2.9,175.0
2024-08-16 07:00:00,2.4,340.0
2024-08-16 08:00:00,0.5,496.0
2024-08-16 09:00:00,2.6,642.0
2024-08-16 10:00:00,5.2,740.0
2024-08-16 11:00:00,5.6,788.0
2024-08-16 12:00:00,4.5,760.0
2024-08-16 13:00:00,4.3,539.0
2024-08-16 14:00:00,2.1,489.0
2024-08-16 15:00:00,6.8,512.0
2024-08-16 16:00:00,5.9,334.0
2024-08-16 17:00:00,4.8,169.0
2024-08-16 18:00:00,5.8,37.0
2024-08-16 19:00:00,6.6,0.0
2024-08-16 20:00:00,6.9,0.0
2024-08-16 21:00:00,4.3,0.0
2024-08-16 22:00:00,4.0,0.0
2024-08-16 23:00:00,2.9,0.0
2024-08-17 00:00:00,6.8,0.0
2024-08-17 01:00:00,6.0,0.0
2024-08-17 02:00:00,7.4,0.0
2024-08-17 03:00:00,6.6,0.0
2024-08-17 04:00:00,5.9,0.0
2024-08-17 05:00:00,1.4,20.0
2024-08-17 06:00:00,3.9,86.0
2024-08-17 07:00:00,3.6,252.0
2024-08-17 08:00:00,4.1,426.0
2024-08-17 09:00:00,3.9,583.0
2024-08-17 10:00:00,4.8,709.0
2024-08-17 11:00:00,4.4,762.0
2024-08-17 12:00:00,5.9,759.0
2024-08-17 13:00:00,11.9,491.0
2024-08-17 14:00:00,4.7,453.0
2024-08-17 15:00:00,2.4,322.0
2024-08-17 16:00:00,2.2,257.0
2024-08-17 17:00:00,2.4,140.0
2024-08-17 18:00:00,0.7,35.0
2024-08-17 19:00:00,3.0,0.0
2024-08-17 20:00:00,4.5,0.0
2024-08-17 21:00:00,6.2,0.0
2024-08-17 22:00:00,5.5,0.0
2024-08-17 23:00:00,8.4,0.0
2024-08-18 00:00:00,7.8,0.0
2024-08-18 01:00:00,7.0,0.0
2024-08-18 02:00:00,4.2,0.0
2024-08-18 03:00:00,5.2,0.0
2024-08-18 04:00:00,7.2,0.0
2024-08-18 05:00:00,6.8,36.0
2024-08-18 06:00:00,3.6,170.0
2024-08-18 07:00:00,0.8,336.0
2024-08-18 08:00:00,2.0,492.0
2024-08-18 09:00:00,4.0,635.0
2024-08-18 10:00:00,5.4,735.0
2024-08-18 11:00:00,8.6,775.0
2024-08-18 12:00:00,9.1,736.0
2024-08-18 13:00:00,6.7,497.0
2024-08-18 14:00:00,10.5,399.0
2024-08-18 15:00:00,9.9,310.0
2024-08-18 16:00:00,1.0,239.0
2024-08-18 17:00:00,2.5,107.0
2024-08-18 18:00:00,4.2,32.0
2024-08-18 19:00:00,4.7,0.0
2024-08-18 20:00:00,4.9,0.0
2024-08-18 21:00:00,7.7,0.0
2024-08-18 22:00:00,8.2,0.0
2024-08-18 23:00:00,8.9,0.0
2024-08-19 00:00:00,8.3,0.0
2024-08-19 01:00:00,2.2,0.0
2024-08-19 02:00:00,6.6,0.0
2024-08-19 03:00:00,6.6,0.0
2024-08-19 04:00:00,4.2,0.0
2024-08-19 05:00:00,7.2,17.0
2024-08-19 06:00:00,3.6,39.0
2024-08-19 07:00:00,10.9,80.0
2024-08-19 08:00:00,12.3,209.0
2024-08-19 09:00:00,13.7,520.0
2024-08-19 10:00:00,15.6,582.0
2024-08-19 11:00:00,15.6,589.0
2024-08-19 12:00:00,15.1,655.0
2024-08-19 13:00:00,15.1,592.0
2024-08-19 14:00:00,19.6,426.0
2024-08-19 15:00:00,18.0,336.0
2024-08-19 16:00:00,18.0,229.0
2024-08-19 17:00:00,7.4,75.0
2024-08-19 18:00:00,10.4,8.0
2024-08-19 19:00:00,10.6,0.0
2024-08-19 20:00:00,12.6,0.0
2024-08-19 21:00:00,7.4,0.0
2024-08-19 22:00:00,14.4,0.0
2024-08-19 23:00:00,16.2,0.0
2024-08-20 00:00:00,15.8,0.0
2024-08-20 01:00:00,7.6,0.0
2024-08-20 02:00:00,11.3,0.0
2024-08-20 03:00:00,10.4,0.0
2024-08-20 04:00:00,12.6,0.0
2024-08-20 05:00:00,12.6,21.0
2024-08-20 06:00:00,11.9,150.0
2024-08-20 07:00:00,15.3,278.0
2024-08-20 08:00:00,18.7,367.0
2024-08-20 09:00:00,16.4,336.0
2024-08-20 10:00:00,12.0,314.0
2024-08-20 11:00:00,13.1,436.0
2024-08-20 12:00:00,11.0,701.0
2024-08-20 13:00:00,5.7,513.0
2024-08-20 14:00:00,2.4,584.0
2024-08-20 15:00:00,2.4,459.0
2024-08-20 16:00:00,2.5,216.0
2024-08-20 17:00:00,9.9,117.0
2024-08-20 18:00:00,4.2,22.0
2024-08-20 19:00:00,2.9,0.0
2024-08-20 20:00:00,5.1,0.0
2024-08-20 21:00:00,5.1,0.0
2024-08-20 22:00:00,3.6,0.0
2024-08-20 23:00:00,4.8,0.0
2024-08-21 00:00:00,5.0,0.0
2024-08-21 01:00:00,6.2,0.0
2024-08-21 02:00:00,7.9,0.0
2024-08-21 03:00:00,7.2,0.0
2024-08-21 04:00:00,6.0,0.0
2024-08-21 05:00:00,6.7,31.0
2024-08-21 06:00:00,5.7,160.0
2024-08-21 07:00:00,5.8,326.0
2024-08-21 08:00:00,6.8,446.0
2024-08-21 09:00:00,8.0,468.0
2024-08-21 10:00:00,10.5,615.0
2024-08-21 11:00:00,10.2,664.0
2024-08-21 12:00:00,14.5,675.0
2024-08-21 13:00:00,12.7,660.0
2024-08-21 14:00:00,10.3,323.0
2024-08-21 15:00:00,9.3,435.0
2024-08-21 16:00:00,7.3,288.0
2024-08-21 17:00:00,2.9,141.0
2024-08-21 18:00:00,4.8,26.0
2024-08-21 19:00:00,4.3,0.0
2024-08-21 20:00:00,5.0,0.0
2024-08-21 21:00:00,4.5,0.0
2024-08-21 22:00:00,4.0,0.0
2024-08-21 23:00:00,4.4,0.0
2024-08-22 00:00:00,4.0,0.0
2024-08-22 01:00:00,4.8,0.0
2024-08-22 02:00:00,4.3,0.0
2024-08-22 03:00:00,4.7,0.0
2024-08-22 04:00:00,4.8,0.0
2024-08-22 05:00:00,4.3,30.0
2024-08-22 06:00:00,3.1,163.0
2024-08-22 07:00:00,2.4,332.0
2024-08-22 08:00:00,2.5,487.0
2024-08-22 09:00:00,2.7,600.0
2024-08-22 10:00:00,1.9,695.0
2024-08-22 11:00:00,2.3,716.0
2024-08-22 12:00:00,4.4,752.0
2024-08-22 13:00:00,4.2,705.0
2024-08-22 14:00:00,5.4,600.0
2024-08-22 15:00:00,6.5,464.0
2024-08-22 16:00:00,5.0,300.0
2024-08-22 17:00:00,4.0,133.0
2024-08-22 18:00:00,2.9,21.0
2024-08-22 19:00:00,1.5,0.0
2024-08-22 20:00:00,1.8,0.0
2024-08-22 21:00:00,2.3,0.0
2024-08-22 22:00:00,4.2,0.0
2024-08-22 23:00:00,3.1,0.0
2024-08-23 00:00:00,2.6,0.0
2024-08-23 01:00:00,5.4,0.0
2024-08-23 02:00:00,5.1,0.0
2024-08-23 03:00:00,4.9,0.0
2024-08-23 04:00:00,4.9,0.0
2024-08-23 05:00:00,2.2,28.0
2024-08-23 06:00:00,1.5,157.0
2024-08-23 07:00:00,1.9,328.0
2024-08-23 08:00:00,1.3,495.0
2024-08-23 09:00:00,3.6,635.0
2024-08-23 10:00:00,5.2,736.0
2024-08-23 11:00:00,5.8,788.0
2024-08-23 12:00:00,5.4,789.0
2024-08-23 13:00:00,4.8,724.0
2024-08-23 14:00:00,5.0,615.0
2024-08-23 15:00:00,5.0,475.0
2024-08-23 16:00:00,4.6,317.0
2024-08-23 17:00:00,3.9,149.0
2024-08-23 18:00:00,7.2,24.0
2024-08-23 19:00:00,5.9,0.0
2024-08-23 20:00:00,3.7,0.0
2024-08-23 21:00:00,1.1,0.0
2024-08-23 22:00:00,1.6,0.0
2024-08-23 23:00:00,3.6,0.0
2024-08-24 00:00:00,5.5,0.0
2024-08-24 01:00:00,6.2,0.0
2024-08-24 02:00:00,5.3,0.0
2024-08-24 03:00:00,5.6,0.0
2024-08-24 04:00:00,4.9,0.0
2024-08-24 05:00:00,3.8,25.0
2024-08-24 06:00:00,3.8,145.0
2024-08-24 07:00:00,2.6,302.0
2024-08-24 08:00:00,0.8,486.0
2024-08-24 09:00:00,2.5,628.0
2024-08-24 10:00:00,4.7,728.0
2024-08-24 11:00:00,6.2,780.0
2024-08-24 12:00:00,6.6,781.0
2024-08-24 13:00:00,6.6,727.0
2024-08-24 14:00:00,6.1,604.0
2024-08-24 15:00:00,5.8,465.0
2024-08-24 16:00:00,3.5,306.0
2024-08-24 17:00:00,5.6,141.0
2024-08-24 18:00:00,6.8,22.0
2024-08-24 19:00:00,4.1,0.0
2024-08-24 20:00:00,5.1,0.0
2024-08-24 21:00:00,6.2,0.0
2024-08-24 22:00:00,4.9,0.0
2024-08-24 23:00:00,7.3,0.0
2024-08-25 00:00:00,7.9,0.0
2024-08-25 01:00:00,6.5,0.0
2024-08-25 02:00:00,5.5,0.0
2024-08-25 03:00:00,5.2,0.0
2024-08-25 04:00:00,4.2,0.0
2024-08-25 05:00:00,0.4,26.0
2024-08-25 06:00:00,1.6,158.0
2024-08-25 07:00:00,1.5,329.0
2024-08-25 08:00:00,1.1,497.0
2024-08-25 09:00:00,0.5,639.0
2024-08-25 10:00:00,3.1,739.0
2024-08-25 11:00:00,4.9,788.0
2024-08-25 12:00:00,2.5,785.0
2024-08-25 13:00:00,4.3,727.0
2024-08-25 14:00:00,6.1,628.0
2024-08-25 15:00:00,6.8,485.0
2024-08-25 16:00:00,5.4,304.0
2024-08-25 17:00:00,4.8,135.0
2024-08-25 18:00:00,6.8,19.0
2024-08-25 19:00:00,16.1,0.0
2024-08-25 20:00:00,19.2,0.0
2024-08-25 21:00:00,20.5,0.0
2024-08-25 22:00:00,21.3,0.0
2024-08-25 23:00:00,19.8,0.0
2024-08-26 00:00:00,16.7,0.0
2024-08-26 01:00:00,15.2,0.0
2024-08-26 02:00:00,12.1,0.0
2024-08-26 03:00:00,5.0,0.0
2024-08-26 04:00:00,5.9,0.0
2024-08-26 05:00:00,6.5,23.0
2024-08-26 06:00:00,6.9,143.0
2024-08-26 07:00:00,8.7,269.0
2024-08-26 08:00:00,8.7,462.0
2024-08-26 09:00:00,7.2,597.0
2024-08-26 10:00:00,6.9,711.0
2024-08-26 11:00:00,6.6,767.0
2024-08-26 12:00:00,6.8,767.0
2024-08-26 13:00:00,7.7,636.0
2024-08-26 14:00:00,9.2,485.0
2024-08-26 15:00:00,10.2,431.0
2024-08-26 16:00:00,9.2,278.0
2024-08-26 17:00:00,7.6,132.0
2024-08-26 18:00:00,10.5,18.0
2024-08-26 19:00:00,11.8,0.0
2024-08-26 20:00:00,11.4,0.0
2024-08-26 21:00:00,13.6,0.0
2024-08-26 22:00:00,14.3,0.0
2024-08-26 23:00:00,16.6,0.0
2024-08-27 00:00:00,14.2,0.0
2024-08-27 01:00:00,13.9,0.0
2024-08-27 02:00:00,14.2,0.0
2024-08-27 03:00:00,8.7,0.0
2024-08-27 04:00:00,6.8,0.0
2024-08-27 05:00:00,7.0,13.0
2024-08-27 06:00:00,7.2,103.0
2024-08-27 07:00:00,3.7,228.0
2024-08-27 08:00:00,5.0,432.0
2024-08-27 09:00:00,6.3,575.0
2024-08-27 10:00:00,7.1,690.0
2024-08-27 11:00:00,9.4,717.0
2024-08-27 12:00:00,9.8,707.0
2024-08-27 13:00:00,4.3,524.0
2024-08-27 14:00:00,5.0,499.0
2024-08-27 15:00:00,7.0,427.0
2024-08-27 16:00:00,9.0,264.0
2024-08-27 17:00:00,4.8,112.0
2024-08-27 18:00:00,5.2,15.0
2024-08-27 19:00:00,4.0,0.0
2024-08-27 20:00:00,5.2,0.0
2024-08-27 21:00:00,6.4,0.0
2024-08-27 22:00:00,6.7,0.0
2024-08-27 23:00:00,6.5,0.0
2024-08-28 00:00:00,6.2,0.0
2024-08-28 01:00:00,8.9,0.0
2024-08-28 02:00:00,7.3,0.0
2024-08-28 03:00:00,6.9,0.0
2024-08-28 04:00:00,4.4,0.0
2024-08-28 05:00:00,6.6,19.0
2024-08-28 06:00:00,5.2,140.0
2024-08-28 07:00:00,3.6,303.0
2024-08-28 08:00:00,3.7,460.0
2024-08-28 09:00:00,3.6,603.0
2024-08-28 10:00:00,2.0,702.0
2024-08-28 11:00:00,3.3,757.0
2024-08-28 12:00:00,5.4,682.0
2024-08-28 13:00:00,8.8,714.0
2024-08-28 14:00:00,3.0,555.0
2024-08-28 15:00:00,2.9,354.0
2024-08-28 16:00:00,2.2,278.0
2024-08-28 17:00:00,3.8,118.0
2024-08-28 18:00:00,5.0,14.0
2024-08-28 19:00:00,5.1,0.0
2024-08-28 20:00:00,4.4,0.0
2024-08-28 21:00:00,4.6,0.0
2024-08-28 22:00:00,4.7,0.0
2024-08-28 23:00:00,5.6,0.0
2024-08-29 00:00:00,7.1,0.0
2024-08-29 01:00:00,9.1,0.0
2024-08-29 02:00:00,4.9,0.0
2024-08-29 03:00:00,8.2,0.0
2024-08-29 04:00:00,8.8,0.0
2024-08-29 05:00:00,9.2,18.0
2024-08-29 06:00:00,6.1,141.0
2024-08-29 07:00:00,1.6,301.0
2024-08-29 08:00:00,2.1,469.0
2024-08-29 09:00:00,1.8,607.0
2024-08-29 10:00:00,2.6,706.0
2024-08-29 11:00:00,2.5,758.0
2024-08-29 12:00:00,2.3,727.0
2024-08-29 13:00:00,10.1,533.0
2024-08-29 14:00:00,8.3,421.0
2024-08-29 15:00:00,6.4,441.0
2024-08-29 16:00:00,4.7,282.0
2024-08-29 17:00:00,4.0,110.0
2024-08-29 18:00:00,4.4,13.0
2024-08-29 19:00:00,3.1,0.0
2024-08-29 20:00:00,4.2,0.0
2024-08-29 21:00:00,6.0,0.0
2024-08-29 22:00:00,7.1,0.0
2024-08-29 23:00:00,6.8,0.0
2024-08-30 00:00:00,7.6,0.0
2024-08-30 01:00:00,11.2,0.0
2024-08-30 02:00:00,10.9,0.0
2024-08-30 03:00:00,9.9,0.0
2024-08-30 04:00:00,8.4,0.0
2024-08-30 05:00:00,7.1,18.0
2024-08-30 06:00:00,8.0,135.0
2024-08-30 07:00:00,6.5,304.0
2024-08-30 08:00:00,6.8,469.0
2024-08-30 09:00:00,5.7,609.0
2024-08-30 10:00:00,3.6,709.0
2024-08-30 11:00:00,5.2,757.0
2024-08-30 12:00:00,5.9,696.0
2024-08-30 13:00:00,5.1,616.0
2024-08-30 14:00:00,5.4,536.0
2024-08-30 15:00:00,3.3,426.0
2024-08-30 16:00:00,4.0,282.0
2024-08-30 17:00:00,3.5,120.0
2024-08-30 18:00:00,3.1,11.0
2024-08-30 19:00:00,4.3,0.0
2024-08-30 20:00:00,5.1,0.0
2024-08-30 21:00:00,5.4,0.0
2024-08-30 22:00:00,4.3,0.0
2024-08-30 23:00:00,3.8,0.0
2024-08-31 00:00:00,5.1,0.0
2024-08-31 01:00:00,6.0,0.0
2024-08-31 02:00:00,6.0,0.0
2024-08-31 03:00:00,8.0,0.0
2024-08-31 04:00:00,8.3,0.0
2024-08-31 05:00:00,8.4,17.0
2024-08-31 06:00:00,8.2,137.0
2024-08-31 07:00:00,6.1,306.0
2024-08-31 08:00:00,5.2,472.0
2024-08-31 09:00:00,2.3,612.0
2024-08-31 10:00:00,0.5,711.0
2024-08-31 11:00:00,3.7,753.0
2024-08-31 12:00:00,6.1,710.0
2024-08-31 13:00:00,4.1,620.0
2024-08-31 14:00:00,4.8,545.0
2024-08-31 15:00:00,3.7,420.0
2024-08-31 16:00:00,2.2,267.0
2024-08-31 17:00:00,2.5,114.0
2024-08-31 18:00:00,6.6,10.0
2024-08-31 19:00:00,5.2,0.0
2024-08-31 20:00:00,4.7,0.0
2024-08-31 21:00:00,5.4,0.0
2024-08-31 22:00:00,5.1,0.0
2024-08-31 23:00:00,5.2,0.0
2024-09-01 00:00:00,5.8,0.0
2024-09-01 01:00:00,8.1,0.0
2024-09-01 02:00:00,8.7,0.0
2024-09-01 03:00:00,8.5,0.0
2024-09-01 04:00:00,9.4,0.0
2024-09-01 05:00:00,8.6,16.0
2024-09-01 06:00:00,7.6,133.0
2024-09-01 07:00:00,5.7,299.0
2024-09-01 08:00:00,4.8,461.0
2024-09-01 09:00:00,4.0,599.0
2024-09-01 10:00:00,2.5,699.0
2024-09-01 11:00:00,1.8,751.0
2024-09-01 12:00:00,3.4,730.0
2024-09-01 13:00:00,5.4,677.0
2024-09-01 14:00:00,6.6,528.0
2024-09-01 15:00:00,5.6,413.0
2024-09-01 16:00:00,4.1,219.0
2024-09-01 17:00:00,6.2,97.0
2024-09-01 18:00:00,5.9,9.0
2024-09-01 19:00:00,5.0,0.0
2024-09-01 20:00:00,5.0,0.0
2024-09-01 21:00:00,4.4,0.0
2024-09-01 22:00:00,4.3,0.0
2024-09-01 23:00:00,5.4,0.0
2024-09-02 00:00:00,7.2,0.0
2024-09-02 01:00:00,1.5,0.0
2024-09-02 02:00:00,5.7,0.0
2024-09-02 03:00:00,5.2,0.0
2024-09-02 04:00:00,4.8,0.0
2024-09-02 05:00:00,3.7,15.0
2024-09-02 06:00:00,4.3,130.0
2024-09-02 07:00:00,1.5,291.0
2024-09-02 08:00:00,0.7,441.0
2024-09-02 09:00:00,1.9,569.0
2024-09-02 10:00:00,3.7,678.0
2024-09-02 11:00:00,4.5,742.0
2024-09-02 12:00:00,5.0,736.0
2024-09-02 13:00:00,7.4,666.0
2024-09-02 14:00:00,6.9,563.0
2024-09-02 15:00:00,5.0,391.0
2024-09-02 16:00:00,4.1,262.0
2024-09-02 17:00:00,2.5,103.0
2024-09-02 18:00:00,1.5,7.0
2024-09-02 19:00:00,5.2,0.0
2024-09-02 20:00:00,5.8,0.0
2024-09-02 21:00:00,4.3,0.0
2024-09-02 22:00:00,5.5,0.0
2024-09-02 23:00:00,5.2,0.0
2024-09-03 00:00:00,6.5,0.0
2024-09-03 01:00:00,5.4,0.0
2024-09-03 02:00:00,7.6,0.0
2024-09-03 03:00:00,7.5,0.0
2024-09-03 04:00:00,4.4,0.0
2024-09-03 05:00:00,5.5,14.0
2024-09-03 06:00:00,6.7,127.0
2024-09-03 07:00:00,4.8,293.0
2024-09-03 08:00:00,3.3,458.0
2024-09-03 09:00:00,1.5,597.0
2024-09-03 10:00:00,2.1,696.0
2024-09-03 11:00:00,4.3,745.0
2024-09-03 12:00:00,5.9,742.0
2024-09-03 13:00:00,8.1,690.0
2024-09-03 14:00:00,7.2,585.0
2024-09-03 15:00:00,5.2,441.0
2024-09-03 16:00:00,5.0,262.0
2024-09-03 17:00:00,5.4,101.0
2024-09-03 18:00:00,5.8,6.0
2024-09-03 19:00:00,7.4,0.0
2024-09-03 20:00:00,6.3,0.0
2024-09-03 21:00:00,6.6,0.0
2024-09-03 22:00:00,7.8,0.0
2024-09-03 23:00:00,8.0,0.0
2024-09-04 00:00:00,5.5,0.0
2024-09-04 01:00:00,5.8,0.0
2024-09-04 02:00:00,4.8,0.0
2024-09-04 03:00:00,5.5,0.0
2024-09-04 04:00:00,7.1,0.0
2024-09-04 05:00:00,7.3,13.0
2024-09-04 06:00:00,6.4,122.0
2024-09-04 07:00:00,3.8,289.0
2024-09-04 08:00:00,3.9,454.0
2024-09-04 09:00:00,2.6,592.0
2024-09-04 10:00:00,1.1,689.0
2024-09-04 11:00:00,3.6,736.0
2024-09-04 12:00:00,3.3,720.0
2024-09-04 13:00:00,4.9,665.0
2024-09-04 14:00:00,4.5,524.0
2024-09-04 15:00:00,6.3,372.0
2024-09-04 16:00:00,4.6,247.0
2024-09-04 17:00:00,6.6,94.0
2024-09-04 18:00:00,6.1,5.0
2024-09-04 19:00:00,6.3,0.0
2024-09-04 20:00:00,6.6,0.0
2024-09-04 21:00:00,6.7,0.0
2024-09-04 22:00:00,10.1,0.0
2024-09-04 23:00:00,3.2,0.0
2024-09-05 00:00:00,3.5,0.0
2024-09-05 01:00:00,4.7,0.0
2024-09-05 02:00:00,5.9,0.0
2024-09-05 03:00:00,5.4,0.0
2024-09-05 04:00:00,4.4,0.0
2024-09-05 05:00:00,3.6,11.0
2024-09-05 06:00:00,5.8,104.0
2024-09-05 07:00:00,1.9,268.0
2024-09-05 08:00:00,5.2,450.0
2024-09-05 09:00:00,8.3,598.0
2024-09-05 10:00:00,7.5,689.0
2024-09-05 11:00:00,8.6,728.0
2024-09-05 12:00:00,8.6,729.0
2024-09-05 13:00:00,9.8,633.0
2024-09-05 14:00:00,8.2,510.0
2024-09-05 15:00:00,7.8,248.0
2024-09-05 16:00:00,10.1,50.0
2024-09-05 17:00:00,2.9,20.0
2024-09-05 18:00:00,5.0,3.0
2024-09-05 19:00:00,2.3,0.0
2024-09-05 20:00:00,4.7,0.0
2024-09-05 21:00:00,4.8,0.0
2024-09-05 22:00:00,9.0,0.0
2024-09-05 23:00:00,5.9,0.0
2024-09-06 00:00:00,6.1,0.0
2024-09-06 01:00:00,7.3,0.0
2024-09-06 02:00:00,3.7,0.0
2024-09-06 03:00:00,3.4,0.0
2024-09-06 04:00:00,2.8,0.0
2024-09-06 05:00:00,5.0,10.0
2024-09-06 06:00:00,4.3,117.0
2024-09-06 07:00:00,3.9,285.0
2024-09-06 08:00:00,1.9,454.0
2024-09-06 09:00:00,4.1,577.0
2024-09-06 10:00:00,5.3,643.0
2024-09-06 11:00:00,6.0,705.0
2024-09-06 12:00:00,5.4,701.0
2024-09-06 13:00:00,6.8,542.0
2024-09-06 14:00:00,4.7,500.0
2024-09-06 15:00:00,5.9,315.0
2024-09-06 16:00:00,6.4,168.0
2024-09-06 17:00:00,6.9,25.0
2024-09-06 18:00:00,5.6,1.0
2024-09-06 19:00:00,4.3,0.0
2024-09-06 20:00:00,3.4,0.0
2024-09-06 21:00:00,3.9,0.0
2024-09-06 22:00:00,5.0,0.0
2024-09-06 23:00:00,5.4,0.0
2024-09-07 00:00:00,7.4,0.0
2024-09-07 01:00:00,4.9,0.0
2024-09-07 02:00:00,4.0,0.0
2024-09-07 03:00:00,3.8,0.0
2024-09-07 04:00:00,4.3,0.0
2024-09-07 05:00:00,3.9,10.0
2024-09-07 06:00:00,2.9,117.0
2024-09-07 07:00:00,0.5,276.0
2024-09-07 08:00:00,4.0,442.0
2024-09-07 09:00:00,4.6,580.0
2024-09-07 10:00:00,4.8,676.0
2024-09-07 11:00:00,5.1,730.0
2024-09-07 12:00:00,4.0,721.0
2024-09-07 13:00:00,5.4,642.0
2024-09-07 14:00:00,5.0,533.0
2024-09-07 15:00:00,5.4,396.0
2024-09-07 16:00:00,2.6,243.0
2024-09-07 17:00:00,5.6,86.0
2024-09-07 18:00:00,6.6,3.0
2024-09-07 19:00:00,5.2,0.0
2024-09-07 20:00:00,2.5,0.0
2024-09-07 21:00:00,4.2,0.0
2024-09-07 22:00:00,4.3,0.0
2024-09-07 23:00:00,4.0,0.0
2024-09-08 00:00:00,4.1,0.0
2024-09-08 01:00:00,1.9,0.0
2024-09-08 02:00:00,4.9,0.0
2024-09-08 03:00:00,2.2,0.0
2024-09-08 04:00:00,4.3,0.0
2024-09-08 05:00:00,0.5,9.0
2024-09-08 06:00:00,1.1,113.0
2024-09-08 07:00:00,0.8,274.0
2024-09-08 08:00:00,2.7,430.0
2024-09-08 09:00:00,3.6,574.0
2024-09-08 10:00:00,4.8,666.0
2024-09-08 11:00:00,4.3,620.0
2024-09-08 12:00:00,8.8,596.0
2024-09-08 13:00:00,13.8,595.0
2024-09-08 14:00:00,11.0,423.0
2024-09-08 15:00:00,7.3,216.0
2024-09-08 16:00:00,6.4,139.0
2024-09-08 17:00:00,6.6,41.0
2024-09-08 18:00:00,7.3,1.0
2024-09-08 19:00:00,7.4,0.0
2024-09-08 20:00:00,4.9,0.0
2024-09-08 21:00:00,6.7,0.0
2024-09-08 22:00:00,6.6,0.0
2024-09-08 23:00:00,5.6,0.0
2024-09-09 00:00:00,3.6,0.0
2024-09-09 01:00:00,9.2,0.0
2024-09-09 02:00:00,11.0,0.0
2024-09-09 03:00:00,9.2,0.0
2024-09-09 04:00:00,2.4,0.0
2024-09-09 05:00:00,1.1,1.0
2024-09-09 06:00:00,5.3,11.0
2024-09-09 07:00:00,1.0,58.0
2024-09-09 08:00:00,7.9,68.0
2024-09-09 09:00:00,5.1,56.0
2024-09-09 10:00:00,6.6,256.0
2024-09-09 11:00:00,6.1,207.0
2024-09-09 12:00:00,4.8,213.0
2024-09-09 13:00:00,7.7,159.0
2024-09-09 14:00:00,7.8,177.0
2024-09-09 15:00:00,20.9,141.0
2024-09-09 16:00:00,20.3,57.0
2024-09-09 17:00:00,14.8,39.0
2024-09-09 18:00:00,13.1,1.0
2024-09-09 19:00:00,4.7,0.0
2024-09-09 20:00:00,3.8,0.0
2024-09-09 21:00:00,4.8,0.0
2024-09-09 22:00:00,4.4,0.0
2024-09-09 23:00:00,4.9,0.0
2024-09-10 00:00:00,4.2,0.0
2024-09-10 01:00:00,4.2,0.0
2024-09-10 02:00:00,5.6,0.0
2024-09-10 03:00:00,5.0,0.0
2024-09-10 04:00:00,5.0,0.0
2024-09-10 05:00:00,4.6,8.0
2024-09-10 06:00:00,5.6,112.0
2024-09-10 07:00:00,4.5,278.0
2024-09-10 08:00:00,4.0,441.0
2024-09-10 09:00:00,4.0,580.0
2024-09-10 10:00:00,2.4,644.0
2024-09-10 11:00:00,7.6,685.0
2024-09-10 12:00:00,9.2,648.0
2024-09-10 13:00:00,9.4,540.0
2024-09-10 14:00:00,9.4,437.0
2024-09-10 15:00:00,7.3,326.0
2024-09-10 16:00:00,4.2,212.0
2024-09-10 17:00:00,6.5,71.0
2024-09-10 18:00:00,5.7,1.0
2024-09-10 19:00:00,2.3,0.0
2024-09-10 20:00:00,1.8,0.0
2024-09-10 21:00:00,4.0,0.0
2024-09-10 22:00:00,4.9,0.0
2024-09-10 23:00:00,6.5,0.0
2024-09-11 00:00:00,5.2,0.0
2024-09-11 01:00:00,4.2,0.0
2024-09-11 02:00:00,4.3,0.0
2024-09-11 03:00:00,3.2,0.0
2024-09-11 04:00:00,3.5,0.0
2024-09-11 05:00:00,2.4,7.0
2024-09-11 06:00:00,3.6,106.0
2024-09-11 07:00:00,4.2,269.0
2024-09-11 08:00:00,6.5,434.0
2024-09-11 09:00:00,6.1,571.0
2024-09-11 10:00:00,6.5,666.0
2024-09-11 11:00:00,5.9,720.0
2024-09-11 12:00:00,6.0,711.0
2024-09-11 13:00:00,7.3,647.0
2024-09-11 14:00:00,5.5,546.0
2024-09-11 15:00:00,4.0,373.0
2024-09-11 16:00:00,3.2,220.0
2024-09-11 17:00:00,6.5,67.0
2024-09-11 18:00:00,6.5,1.0
2024-09-11 19:00:00,5.8,0.0
2024-09-11 20:00:00,6.2,0.0
2024-09-11 21:00:00,5.1,0.0
2024-09-11 22:00:00,5.1,0.0
2024-09-11 23:00:00,6.5,0.0
2024-09-12 00:00:00,5.8,0.0
2024-09-12 01:00:00,6.8,0.0
2024-09-12 02:00:00,7.7,0.0
2024-09-12 03:00:00,4.7,0.0
2024-09-12 04:00:00,4.3,0.0
2024-09-12 05:00:00,4.1,3.0
2024-09-12 06:00:00,4.0,56.0
2024-09-12 07:00:00,5.1,101.0
2024-09-12 08:00:00,4.5,206.0
2024-09-12 09:00:00,6.0,300.0
2024-09-12 10:00:00,7.1,487.0
2024-09-12 11:00:00,8.2,246.0
2024-09-12 12:00:00,13.8,74.0
2024-09-12 13:00:00,17.1,45.0
2024-09-12 14:00:00,18.0,81.0
2024-09-12 15:00:00,19.7,46.0
2024-09-12 16:00:00,16.9,24.0
2024-09-12 17:00:00,15.5,8.0
2024-09-12 18:00:00,17.6,0.0
2024-09-12 19:00:00,20.6,0.0
2024-09-12 20:00:00,17.0,0.0
2024-09-12 21:00:00,19.5,0.0
2024-09-12 22:00:00,18.7,0.0
2024-09-12 23:00:00,13.5,0.0
2024-09-13 00:00:00,9.6,0.0
2024-09-13 01:00:00,14.1,0.0
2024-09-13 02:00:00,15.1,0.0
2024-09-13 03:00:00,12.8,0.0
2024-09-13 04:00:00,16.7,0.0
2024-09-13 05:00:00,19.4,1.0
2024-09-13 06:00:00,17.6,10.0
2024-09-13 07:00:00,19.2,29.0
2024-09-13 08:00:00,16.6,23.0
2024-09-13 09:00:00,14.9,48.0
2024-09-13 10:00:00,15.0,92.0
2024-09-13 11:00:00,11.8,134.0
2024-09-13 12:00:00,12.3,282.0
2024-09-13 13:00:00,3.3,178.0
2024-09-13 14:00:00,4.3,176.0
2024-09-13 15:00:00,4.5,163.0
2024-09-13 16:00:00,4.2,103.0
2024-09-13 17:00:00,3.0,21.0
2024-09-13 18:00:00,3.7,0.0
2024-09-13 19:00:00,4.6,0.0
2024-09-13 20:00:00,5.4,0.0
2024-09-13 21:00:00,5.0,0.0
2024-09-13 22:00:00,4.6,0.0
2024-09-13 23:00:00,5.3,0.0
2024-09-14 00:00:00,5.3,0.0
2024-09-14 01:00:00,5.0,0.0
2024-09-14 02:00:00,4.4,0.0
2024-09-14 03:00:00,4.9,0.0
2024-09-14 04:00:00,7.6,0.0
2024-09-14 05:00:00,7.9,1.0
2024-09-14 06:00:00,5.8,17.0
2024-09-14 07:00:00,5.2,34.0
2024-09-14 08:00:00,5.5,47.0
2024-09-14 09:00:00,5.6,81.0
2024-09-14 10:00:00,6.3,135.0
2024-09-14 11:00:00,6.9,97.0
2024-09-14 12:00:00,6.4,94.0
2024-09-14 13:00:00,10.0,85.0
2024-09-14 14:00:00,9.8,87.0
2024-09-14 15:00:00,10.2,55.0
2024-09-14 16:00:00,11.3,24.0
2024-09-14 17:00:00,13.0,6.0
2024-09-14 18:00:00,14.2,0.0
2024-09-14 19:00:00,13.4,0.0
2024-09-14 20:00:00,11.7,0.0
2024-09-14 21:00:00,10.7,0.0
2024-09-14 22:00:00,9.2,0.0
2024-09-14 23:00:00,9.8,0.0
2024-09-15 00:00:00,9.4,0.0
2024-09-15 01:00:00,11.2,0.0
2024-09-15 02:00:00,13.2,0.0
2024-09-15 03:00:00,9.3,0.0
2024-09-15 04:00:00,7.8,0.0
2024-09-15 05:00:00,10.2,1.0
2024-09-15 06:00:00,9.2,16.0
2024-09-15 07:00:00,7.9,47.0
2024-09-15 08:00:00,8.4,78.0
2024-09-15 09:00:00,7.5,129.0
2024-09-15 10:00:00,6.5,175.0
2024-09-15 11:00:00,10.7,237.0
2024-09-15 12:00:00,10.7,263.0
2024-09-15 13:00:00,7.3,103.0
2024-09-15 14:00:00,3.8,118.0
2024-09-15 15:00:00,4.0,63.0
2024-09-15 16:00:00,1.1,42.0
2024-09-15 17:00:00,3.8,13.0
2024-09-15 18:00:00,8.4,0.0
2024-09-15 19:00:00,10.0,0.0
2024-09-15 20:00:00,8.7,0.0
2024-09-15 21:00:00,5.4,0.0
2024-09-15 22:00:00,4.9,0.0
2024-09-15 23:00:00,3.9,0.0
2024-09-16 00:00:00,4.5,0.0
2024-09-16 01:00:00,6.6,0.0
2024-09-16 02:00:00,7.7,0.0
2024-09-16 03:00:00,7.9,0.0
2024-09-16 04:00:00,7.6,0.0
2024-09-16 05:00:00,8.7,3.0
2024-09-16 06:00:00,8.7,68.0
2024-09-16 07:00:00,6.5,222.0
2024-09-16 08:00:00,8.5,337.0
2024-09-16 09:00:00,9.5,470.0
2024-09-16 10:00:00,8.9,411.0
2024-09-16 11:00:00,9.8,307.0
2024-09-16 12:00:00,10.4,152.0
2024-09-16 13:00:00,4.0,47.0
2024-09-16 14:00:00,2.7,50.0
2024-09-16 15:00:00,5.1,42.0
2024-09-16 16:00:00,7.9,27.0
2024-09-16 17:00:00,7.0,13.0
2024-09-16 18:00:00,5.9,0.0
2024-09-16 19:00:00,6.1,0.0
2024-09-16 20:00:00,5.1,0.0
2024-09-16 21:00:00,6.0,0.0
2024-09-16 22:00:00,6.1,0.0
2024-09-16 23:00:00,5.5,0.0
2024-09-17 00:00:00,5.4,0.0
2024-09-17 01:00:00,5.4,0.0
2024-09-17 02:00:00,8.2,0.0
2024-09-17 03:00:00,9.2,0.0
2024-09-17 04:00:00,10.7,0.0
2024-09-17 05:00:00,10.9,1.0
2024-09-17 06:00:00,12.5,13.0
2024-09-17 07:00:00,13.0,74.0
2024-09-17 08:00:00,14.3,161.0
2024-09-17 09:00:00,14.0,367.0
2024-09-17 10:00:00,14.2,307.0
2024-09-17 11:00:00,15.2,382.0
2024-09-17 12:00:00,16.0,286.0
2024-09-17 13:00:00,16.4,334.0
2024-09-17 14:00:00,14.8,163.0
2024-09-17 15:00:00,13.8,153.0
2024-09-17 16:00:00,11.2,98.0
2024-09-17 17:00:00,9.8,22.0
2024-09-17 18:00:00,7.2,0.0
2024-09-17 19:00:00,5.8,0.0
2024-09-17 20:00:00,6.1,0.0
2024-09-17 21:00:00,7.2,0.0
2024-09-17 22:00:00,6.1,0.0
2024-09-17 23:00:00,6.2,0.0
2024-09-18 00:00:00,7.6,0.0
2024-09-18 01:00:00,7.5,0.0
2024-09-18 02:00:00,6.2,0.0
2024-09-18 03:00:00,5.6,0.0
2024-09-18 04:00:00,6.0,0.0
2024-09-18 05:00:00,6.1,3.0
2024-09-18 06:00:00,7.7,86.0
2024-09-18 07:00:00,5.6,240.0
2024-09-18 08:00:00,6.0,405.0
2024-09-18 09:00:00,9.5,554.0
2024-09-18 10:00:00,11.3,576.0
2024-09-18 11:00:00,10.3,584.0
2024-09-18 12:00:00,10.7,580.0
2024-09-18 13:00:00,7.1,469.0
2024-09-18 14:00:00,9.4,418.0
2024-09-18 15:00:00,10.9,294.0
2024-09-18 16:00:00,12.4,157.0
2024-09-18 17:00:00,8.9,40.0
2024-09-18 18:00:00,8.0,0.0
2024-09-18 19:00:00,7.6,0.0
2024-09-18 20:00:00,7.2,0.0
2024-09-18 21:00:00,7.5,0.0
2024-09-18 22:00:00,7.5,0.0
2024-09-18 23:00:00,10.1,0.0
2024-09-19 00:00:00,9.6,0.0
2024-09-19 01:00:00,5.6,0.0
2024-09-19 02:00:00,5.5,0.0
2024-09-19 03:00:00,6.9,0.0
2024-09-19 04:00:00,14.0,0.0
2024-09-19 05:00:00,13.7,2.0
2024-09-19 06:00:00,14.8,71.0
2024-09-19 07:00:00,12.0,223.0
2024-09-19 08:00:00,13.6,342.0
2024-09-19 09:00:00,13.4,401.0
2024-09-19 10:00:00,12.5,516.0
2024-09-19 11:00:00,14.5,624.0
2024-09-19 12:00:00,15.8,561.0
2024-09-19 13:00:00,18.1,542.0
2024-09-19 14:00:00,19.7,378.0
2024-09-19 15:00:00,12.3,113.0
2024-09-19 16:00:00,8.0,48.0
2024-09-19 17:00:00,8.9,18.0
2024-09-19 18:00:00,3.1,0.0
2024-09-19 19:00:00,1.8,0.0
2024-09-19 20:00:00,6.8,0.0
2024-09-19 21:00:00,8.9,0.0
2024-09-19 22:00:00,8.2,0.0
2024-09-19 23:00:00,8.0,0.0
2024-09-20 00:00:00,9.7,0.0
2024-09-20 01:00:00,14.5,0.0
2024-09-20 02:00:00,13.1,0.0
2024-09-20 03:00:00,8.6,0.0
2024-09-20 04:00:00,9.7,0.0
2024-09-20 05:00:00,6.6,2.0
2024-09-20 06:00:00,9.4,78.0
2024-09-20 07:00:00,9.4,241.0
2024-09-20 08:00:00,10.9,389.0
2024-09-20 09:00:00,10.8,482.0
2024-09-20 10:00:00,10.5,517.0
2024-09-20 11:00:00,13.1,614.0
2024-09-20 12:00:00,13.9,525.0
2024-09-20 13:00:00,13.6,458.0
2024-09-20 14:00:00,15.8,428.0
2024-09-20 15:00:00,8.0,211.0
2024-09-20 16:00:00,7.1,126.0
2024-09-20 17:00:00,8.9,33.0
2024-09-20 18:00:00,10.3,0.0
2024-09-20 19:00:00,9.4,0.0
2024-09-20 20:00:00,8.2,0.0
2024-09-20 21:00:00,6.3,0.0
2024-09-20 22:00:00,5.4,0.0
2024-09-20 23:00:00,5.5,0.0
2024-09-21 00:00:00,5.6,0.0
2024-09-21 01:00:00,5.4,0.0
2024-09-21 02:00:00,5.4,0.0
2024-09-21 03:00:00,5.2,0.0
2024-09-21 04:00:00,6.4,0.0
2024-09-21 05:00:00,5.2,2.0
2024-09-21 06:00:00,5.4,79.0
2024-09-21 07:00:00,1.6,239.0
2024-09-21 08:00:00,1.8,402.0
2024-09-21 09:00:00,4.3,539.0
2024-09-21 10:00:00,6.4,637.0
2024-09-21 11:00:00,7.8,679.0
2024-09-21 12:00:00,8.3,672.0
2024-09-21 13:00:00,8.1,614.0
2024-09-21 14:00:00,6.9,492.0
2024-09-21 15:00:00,5.8,345.0
2024-09-21 16:00:00,4.5,177.0
2024-09-21 17:00:00,8.5,35.0
2024-09-21 18:00:00,6.9,0.0
2024-09-21 19:00:00,6.4,0.0
2024-09-21 20:00:00,7.1,0.0
2024-09-21 21:00:00,8.0,0.0
2024-09-21 22:00:00,5.9,0.0
2024-09-21 23:00:00,3.3,0.0
2024-09-22 00:00:00,3.0,0.0
2024-09-22 01:00:00,3.6,0.0
2024-09-22 02:00:00,4.1,0.0
2024-09-22 03:00:00,4.2,0.0
2024-09-22 04:00:00,3.5,0.0
2024-09-22 05:00:00,3.0,1.0
2024-09-22 06:00:00,1.1,79.0
2024-09-22 07:00:00,1.5,240.0
2024-09-22 08:00:00,2.3,405.0
2024-09-22 09:00:00,3.4,544.0
2024-09-22 10:00:00,4.8,640.0
2024-09-22 11:00:00,6.4,685.0
2024-09-22 12:00:00,7.0,674.0
2024-09-22 13:00:00,7.4,610.0
2024-09-22 14:00:00,7.4,494.0
2024-09-22 15:00:00,5.6,344.0
2024-09-22 16:00:00,5.6,176.0
2024-09-22 17:00:00,4.2,30.0
2024-09-22 18:00:00,4.7,0.0
2024-09-22 19:00:00,3.8,0.0
2024-09-22 20:00:00,2.9,0.0
2024-09-22 21:00:00,2.9,0.0
2024-09-22 22:00:00,3.3,0.0
2024-09-22 23:00:00,3.8,0.0
2024-09-23 00:00:00,3.4,0.0
2024-09-23 01:00:00,1.6,0.0
2024-09-23 02:00:00,3.2,0.0
2024-09-23 03:00:00,2.6,0.0
2024-09-23 04:00:00,1.4,0.0
2024-09-23 05:00:00,1.6,1.0
2024-09-23 06:00:00,1.8,69.0
2024-09-23 07:00:00,0.8,217.0
2024-09-23 08:00:00,2.2,390.0
2024-09-23 09:00:00,4.4,529.0
2024-09-23 10:00:00,7.1,623.0
2024-09-23 11:00:00,8.0,667.0
2024-09-23 12:00:00,8.3,651.0
2024-09-23 13:00:00,7.6,556.0
2024-09-23 14:00:00,8.1,450.0
2024-09-23 15:00:00,6.4,302.0
2024-09-23 16:00:00,4.7,148.0
2024-09-23 17:00:00,7.4,27.0
2024-09-23 18:00:00,8.7,0.0
2024-09-23 19:00:00,7.9,0.0
2024-09-23 20:00:00,6.1,0.0
2024-09-23 21:00:00,6.9,0.0
2024-09-23 22:00:00,6.7,0.0
2024-09-23 23:00:00,7.1,0.0
2024-09-24 00:00:00,6.4,0.0
2024-09-24 01:00:00,6.7,0.0
2024-09-24 02:00:00,6.1,0.0
2024-09-24 03:00:00,4.5,0.0
2024-09-24 04:00:00,6.6,0.0
2024-09-24 05:00:00,2.9,0.0
2024-09-24 06:00:00,5.3,17.0
2024-09-24 07:00:00,5.8,81.0
2024-09-24 08:00:00,5.4,211.0
2024-09-24 09:00:00,6.9,475.0
2024-09-24 10:00:00,9.8,597.0
2024-09-24 11:00:00,12.0,615.0
2024-09-24 12:00:00,13.5,601.0
2024-09-24 13:00:00,11.8,468.0
2024-09-24 14:00:00,12.0,423.0
2024-09-24 15:00:00,9.5,253.0
2024-09-24 16:00:00,12.4,95.0
2024-09-24 17:00:00,13.2,22.0
2024-09-24 18:00:00,11.0,0.0
2024-09-24 19:00:00,9.4,0.0
2024-09-24 20:00:00,9.2,0.0
2024-09-24 21:00:00,6.4,0.0
2024-09-24 22:00:00,6.5,0.0
2024-09-24 23:00:00,6.9,0.0
2024-09-25 00:00:00,8.0,0.0
2024-09-25 01:00:00,5.2,0.0
2024-09-25 02:00:00,8.0,0.0
2024-09-25 03:00:00,8.6,0.0
2024-09-25 04:00:00,6.2,0.0
2024-09-25 05:00:00,7.1,0.0
2024-09-25 06:00:00,8.1,54.0
2024-09-25 07:00:00,4.6,191.0
2024-09-25 08:00:00,4.5,371.0
2024-09-25 09:00:00,6.8,514.0
2024-09-25 10:00:00,7.8,607.0
2024-09-25 11:00:00,9.2,648.0
2024-09-25 12:00:00,11.4,623.0
2024-09-25 13:00:00,10.0,442.0
2024-09-25 14:00:00,7.1,390.0
2024-09-25 15:00:00,9.9,268.0
2024-09-25 16:00:00,6.0,143.0
2024-09-25 17:00:00,5.2,23.0
2024-09-25 18:00:00,8.4,0.0
2024-09-25 19:00:00,10.4,0.0
2024-09-25 20:00:00,9.9,0.0
2024-09-25 21:00:00,8.8,0.0
2024-09-25 22:00:00,9.9,0.0
2024-09-25 23:00:00,9.2,0.0
2024-09-26 00:00:00,7.8,0.0
2024-09-26 01:00:00,9.5,0.0
2024-09-26 02:00:00,11.8,0.0
2024-09-26 03:00:00,11.3,0.0
2024-09-26 04:00:00,12.4,0.0
2024-09-26 05:00:00,14.3,0.0
2024-09-26 06:00:00,14.1,48.0
2024-09-26 07:00:00,17.6,132.0
2024-09-26 08:00:00,16.6,250.0
2024-09-26 09:00:00,24.1,437.0
2024-09-26 10:00:00,26.4,510.0
2024-09-26 11:00:00,27.5,594.0
2024-09-26 12:00:00,25.5,551.0
2024-09-26 13:00:00,23.5,452.0
2024-09-26 14:00:00,23.0,341.0
2024-09-26 15:00:00,22.2,260.0
2024-09-26 16:00:00,18.6,121.0
2024-09-26 17:00:00,17.4,20.0
2024-09-26 18:00:00,14.5,0.0
2024-09-26 19:00:00,14.2,0.0
2024-09-26 20:00:00,14.7,0.0
2024-09-26 21:00:00,15.4,0.0
2024-09-26 22:00:00,15.6,0.0
2024-09-26 23:00:00,14.0,0.0
2024-09-27 00:00:00,13.8,0.0
2024-09-27 01:00:00,10.8,0.0
2024-09-27 02:00:00,10.0,0.0
2024-09-27 03:00:00,9.2,0.0
2024-09-27 04:00:00,5.8,0.0
2024-09-27 05:00:00,6.7,0.0
2024-09-27 06:00:00,6.7,56.0
2024-09-27 07:00:00,5.0,182.0
2024-09-27 08:00:00,6.4,345.0
2024-09-27 09:00:00,7.9,477.0
2024-09-27 10:00:00,8.9,562.0
2024-09-27 11:00:00,18.0,596.0
2024-09-27 12:00:00,22.2,575.0
2024-09-27 13:00:00,23.2,516.0
2024-09-27 14:00:00,20.9,445.0
2024-09-27 15:00:00,19.5,289.0
2024-09-27 16:00:00,15.5,136.0
2024-09-27 17:00:00,14.6,18.0
2024-09-27 18:00:00,14.7,0.0
2024-09-27 19:00:00,12.6,0.0
2024-09-27 20:00:00,10.5,0.0
2024-09-27 21:00:00,10.3,0.0
2024-09-27 22:00:00,11.1,0.0
2024-09-27 23:00:00,10.2,0.0
2024-09-28 00:00:00,6.6,0.0
2024-09-28 01:00:00,8.4,0.0
2024-09-28 02:00:00,5.6,0.0
2024-09-28 03:00:00,13.7,0.0
2024-09-28 04:00:00,8.1,0.0
2024-09-28 05:00:00,10.8,0.0
2024-09-28 06:00:00,12.2,9.0
2024-09-28 07:00:00,12.8,15.0
2024-09-28 08:00:00,14.3,47.0
2024-09-28 09:00:00,12.6,65.0
2024-09-28 10:00:00,13.6,145.0
2024-09-28 11:00:00,10.7,258.0
2024-09-28 12:00:00,10.7,395.0
2024-09-28 13:00:00,10.6,353.0
2024-09-28 14:00:00,9.1,277.0
2024-09-28 15:00:00,11.7,214.0
2024-09-28 16:00:00,5.2,90.0
2024-09-28 17:00:00,4.5,8.0
2024-09-28 18:00:00,10.6,0.0
2024-09-28 19:00:00,12.4,0.0
2024-09-28 20:00:00,11.4,0.0
2024-09-28 21:00:00,12.3,0.0
2024-09-28 22:00:00,13.1,0.0
2024-09-28 23:00:00,10.7,0.0
2024-09-29 00:00:00,9.2,0.0
2024-09-29 01:00:00,7.1,0.0
2024-09-29 02:00:00,8.1,0.0
2024-09-29 03:00:00,10.0,0.0
2024-09-29 04:00:00,10.0,0.0
2024-09-29 05:00:00,10.1,0.0
2024-09-29 06:00:00,10.4,59.0
2024-09-29 07:00:00,10.3,210.0
2024-09-29 08:00:00,11.5,371.0
2024-09-29 09:00:00,17.9,506.0
2024-09-29 10:00:00,18.0,558.0
2024-09-29 11:00:00,16.1,571.0
2024-09-29 12:00:00,14.9,621.0
2024-09-29 13:00:00,13.0,468.0
2024-09-29 14:00:00,12.2,397.0
2024-09-29 15:00:00,9.3,264.0
2024-09-29 16:00:00,4.2,110.0
2024-09-29 17:00:00,6.0,14.0
2024-09-29 18:00:00,9.3,0.0
2024-09-29 19:00:00,8.0,0.0
2024-09-29 20:00:00,6.4,0.0
2024-09-29 21:00:00,5.1,0.0
2024-09-29 22:00:00,4.5,0.0
2024-09-29 23:00:00,5.0,0.0
2024-09-30 00:00:00,5.7,0.0
2024-09-30 01:00:00,7.1,0.0
2024-09-30 02:00:00,6.2,0.0
2024-09-30 03:00:00,5.8,0.0
2024-09-30 04:00:00,5.1,0.0
2024-09-30 05:00:00,4.1,0.0
2024-09-30 06:00:00,4.3,57.0
2024-09-30 07:00:00,1.1,190.0
2024-09-30 08:00:00,2.1,219.0
2024-09-30 09:00:00,4.0,290.0
2024-09-30 10:00:00,4.3,415.0
2024-09-30 11:00:00,2.9,469.0
2024-09-30 12:00:00,2.7,614.0
2024-09-30 13:00:00,5.1,572.0
2024-09-30 14:00:00,5.6,451.0
2024-09-30 15:00:00,5.7,298.0
2024-09-30 16:00:00,5.2,132.0
2024-09-30 17:00:00,4.0,14.0
2024-09-30 18:00:00,5.9,0.0
2024-09-30 19:00:00,8.2,0.0
2024-09-30 20:00:00,6.2,0.0
2024-09-30 21:00:00,4.7,0.0
2024-09-30 22:00:00,3.8,0.0
2024-09-30 23:00:00,3.2,0.0
2024-10-01 00:00:00,3.9,0.0
2024-10-01 01:00:00,1.7,0.0
2024-10-01 02:00:00,1.8,0.0
2024-10-01 03:00:00,0.6,0.0
2024-10-01 04:00:00,3.9,0.0
2024-10-01 05:00:00,4.5,0.0
2024-10-01 06:00:00,2.9,44.0
2024-10-01 07:00:00,2.3,182.0
2024-10-01 08:00:00,4.1,356.0
2024-10-01 09:00:00,4.9,483.0
2024-10-01 10:00:00,4.7,559.0
2024-10-01 11:00:00,5.4,625.0
2024-10-01 12:00:00,5.6,611.0
2024-10-01 13:00:00,5.4,546.0
2024-10-01 14:00:00,5.6,414.0
2024-10-01 15:00:00,5.5,283.0
2024-10-01 16:00:00,5.1,104.0
2024-10-01 17:00:00,6.4,9.0
2024-10-01 18:00:00,5.9,0.0
2024-10-01 19:00:00,5.3,0.0
2024-10-01 20:00:00,5.2,0.0
2024-10-01 21:00:00,5.2,0.0
2024-10-01 22:00:00,4.9,0.0
2024-10-01 23:00:00,4.5,0.0
2024-10-02 00:00:00,5.1,0.0
2024-10-02 01:00:00,3.8,0.0
2024-10-02 02:00:00,4.9,0.0
2024-10-02 03:00:00,6.3,0.0
2024-10-02 04:00:00,6.8,0.0
2024-10-02 05:00:00,7.4,0.0
2024-10-02 06:00:00,6.5,21.0
2024-10-02 07:00:00,6.7,66.0
2024-10-02 08:00:00,5.6,78.0
2024-10-02 09:00:00,6.2,55.0
2024-10-02 10:00:00,5.9,148.0
2024-10-02 11:00:00,6.1,263.0
2024-10-02 12:00:00,7.6,122.0
2024-10-02 13:00:00,10.0,178.0
2024-10-02 14:00:00,8.6,89.0
2024-10-02 15:00:00,2.6,167.0
2024-10-02 16:00:00,3.7,15.0
2024-10-02 17:00:00,16.1,3.0
2024-10-02 18:00:00,9.8,0.0
2024-10-02 19:00:00,6.1,0.0
2024-10-02 20:00:00,5.9,0.0
2024-10-02 21:00:00,6.5,0.0
2024-10-02 22:00:00,10.7,0.0
2024-10-02 23:00:00,7.6,0.0
2024-10-03 00:00:00,7.7,0.0
2024-10-03 01:00:00,4.4,0.0
2024-10-03 02:00:00,5.4,0.0
2024-10-03 03:00:00,4.6,0.0
2024-10-03 04:00:00,5.0,0.0
2024-10-03 05:00:00,6.2,0.0
2024-10-03 06:00:00,7.1,6.0
2024-10-03 07:00:00,8.7,19.0
2024-10-03 08:00:00,8.1,27.0
2024-10-03 09:00:00,10.7,34.0
2024-10-03 10:00:00,14.1,65.0
2024-10-03 11:00:00,10.7,88.0
2024-10-03 12:00:00,8.5,53.0
2024-10-03 13:00:00,11.1,47.0
2024-10-03 14:00:00,9.4,43.0
2024-10-03 15:00:00,9.1,25.0
2024-10-03 16:00:00,13.4,13.0
2024-10-03 17:00:00,13.0,2.0
2024-10-03 18:00:00,14.4,0.0
2024-10-03 19:00:00,13.6,0.0
2024-10-03 20:00:00,16.8,0.0
2024-10-03 21:00:00,18.4,0.0
2024-10-03 22:00:00,16.7,0.0
2024-10-03 23:00:00,12.6,0.0
2024-10-04 00:00:00,17.0,0.0
2024-10-04 01:00:00,15.3,0.0
2024-10-04 02:00:00,16.6,0.0
2024-10-04 03:00:00,17.0,0.0
2024-10-04 04:00:00,18.6,0.0
2024-10-04 05:00:00,18.9,0.0
2024-10-04 06:00:00,17.3,6.0
2024-10-04 07:00:00,15.0,50.0
2024-10-04 08:00:00,13.4,75.0
2024-10-04 09:00:00,11.7,122.0
2024-10-04 10:00:00,11.6,170.0
2024-10-04 11:00:00,10.7,213.0
2024-10-04 12:00:00,8.5,200.0
2024-10-04 13:00:00,4.9,145.0
2024-10-04 14:00:00,7.2,142.0
2024-10-04 15:00:00,5.4,135.0
2024-10-04 16:00:00,3.1,73.0
2024-10-04 17:00:00,1.7,5.0
2024-10-04 18:00:00,1.8,0.0
2024-10-04 19:00:00,1.5,0.0
2024-10-04 20:00:00,1.3,0.0
2024-10-04 21:00:00,2.0,0.0
2024-10-04 22:00:00,1.4,0.0
2024-10-04 23:00:00,2.8,0.0
2024-10-05 00:00:00,1.5,0.0
2024-10-05 01:00:00,1.3,0.0
2024-10-05 02:00:00,0.7,0.0
2024-10-05 03:00:00,3.2,0.0
2024-10-05 04:00:00,1.2,0.0
2024-10-05 05:00:00,2.2,0.0
2024-10-05 06:00:00,0.2,19.0
2024-10-05 07:00:00,2.4,55.0
2024-10-05 08:00:00,3.0,102.0
2024-10-05 09:00:00,1.0,135.0
2024-10-05 10:00:00,2.8,121.0
2024-10-05 11:00:00,3.1,144.0
2024-10-05 12:00:00,2.8,190.0
2024-10-05 13:00:00,4.2,193.0
2024-10-05 14:00:00,2.5,83.0
2024-10-05 15:00:00,2.2,64.0
2024-10-05 16:00:00,1.7,16.0
2024-10-05 17:00:00,2.5,1.0
2024-10-05 18:00:00,2.4,0.0
2024-10-05 19:00:00,2.3,0.0
2024-10-05 20:00:00,3.1,0.0
2024-10-05 21:00:00,4.3,0.0
2024-10-05 22:00:00,4.5,0.0
2024-10-05 23:00:00,4.5,0.0
2024-10-06 00:00:00,3.7,0.0
2024-10-06 01:00:00,2.7,0.0
2024-10-06 02:00:00,3.0,0.0
2024-10-06 03:00:00,1.7,0.0
2024-10-06 04:00:00,3.8,0.0
2024-10-06 05:00:00,3.7,0.0
2024-10-06 06:00:00,3.1,13.0
2024-10-06 07:00:00,2.7,57.0
2024-10-06 08:00:00,3.8,110.0
2024-10-06 09:00:00,4.5,161.0
2024-10-06 10:00:00,6.0,366.0
2024-10-06 11:00:00,6.6,448.0
2024-10-06 12:00:00,6.4,471.0
2024-10-06 13:00:00,6.2,408.0
2024-10-06 14:00:00,7.6,328.0
2024-10-06 15:00:00,8.1,192.0
2024-10-06 16:00:00,5.8,90.0
2024-10-06 17:00:00,5.4,5.0
2024-10-06 18:00:00,7.6,0.0
2024-10-06 19:00:00,5.6,0.0
2024-10-06 20:00:00,6.7,0.0
2024-10-06 21:00:00,7.7,0.0
2024-10-06 22:00:00,6.9,0.0
2024-10-06 23:00:00,5.6,0.0
2024-10-07 00:00:00,5.2,0.0
2024-10-07 01:00:00,6.4,0.0
2024-10-07 02:00:00,6.1,0.0
2024-10-07 03:00:00,6.3,0.0
2024-10-07 04:00:00,6.1,0.0
2024-10-07 05:00:00,5.5,0.0
2024-10-07 06:00:00,3.3,39.0
2024-10-07 07:00:00,3.2,181.0
2024-10-07 08:00:00,3.4,337.0
2024-10-07 09:00:00,5.6,468.0
2024-10-07 10:00:00,7.7,559.0
2024-10-07 11:00:00,10.7,563.0
2024-10-07 12:00:00,14.3,488.0
2024-10-07 13:00:00,17.2,432.0
2024-10-07 14:00:00,16.8,361.0
2024-10-07 15:00:00,14.6,244.0
2024-10-07 16:00:00,13.1,93.0
2024-10-07 17:00:00,12.5,4.0
2024-10-07 18:00:00,10.8,0.0
2024-10-07 19:00:00,9.2,0.0
2024-10-07 20:00:00,9.1,0.0
2024-10-07 21:00:00,9.7,0.0
2024-10-07 22:00:00,9.4,0.0
2024-10-07 23:00:00,7.7,0.0
2024-10-08 00:00:00,6.5,0.0
2024-10-08 01:00:00,8.2,0.0
2024-10-08 02:00:00,6.2,0.0
2024-10-08 03:00:00,5.7,0.0
2024-10-08 04:00:00,6.6,0.0
2024-10-08 05:00:00,7.2,0.0
2024-10-08 06:00:00,6.9,31.0
2024-10-08 07:00:00,7.6,158.0
2024-10-08 08:00:00,7.9,319.0
2024-10-08 09:00:00,10.7,449.0
2024-10-08 10:00:00,12.2,538.0
2024-10-08 11:00:00,13.3,577.0
2024-10-08 12:00:00,16.1,561.0
2024-10-08 13:00:00,8.7,385.0
2024-10-08 14:00:00,16.5,377.0
2024-10-08 15:00:00,13.6,236.0
2024-10-08 16:00:00,13.5,85.0
2024-10-08 17:00:00,13.5,3.0
2024-10-08 18:00:00,12.4,0.0
2024-10-08 19:00:00,11.2,0.0
2024-10-08 20:00:00,11.8,0.0
2024-10-08 21:00:00,11.2,0.0
2024-10-08 22:00:00,16.6,0.0
2024-10-08 23:00:00,15.2,0.0
2024-10-09 00:00:00,15.5,0.0
2024-10-09 01:00:00,15.5,0.0
2024-10-09 02:00:00,13.3,0.0
2024-10-09 03:00:00,12.2,0.0
2024-10-09 04:00:00,10.7,0.0
2024-10-09 05:00:00,10.3,0.0
2024-10-09 06:00:00,12.6,30.0
2024-10-09 07:00:00,14.1,167.0
2024-10-09 08:00:00,13.1,311.0
2024-10-09 09:00:00,16.4,427.0
2024-10-09 10:00:00,19.1,504.0
2024-10-09 11:00:00,20.2,544.0
2024-10-09 12:00:00,20.1,542.0
2024-10-09 13:00:00,20.5,497.0
2024-10-09 14:00:00,20.4,373.0
2024-10-09 15:00:00,19.6,234.0
2024-10-09 16:00:00,19.4,83.0
2024-10-09 17:00:00,18.5,3.0
2024-10-09 18:00:00,19.2,0.0
2024-10-09 19:00:00,17.7,0.0
2024-10-09 20:00:00,14.8,0.0
2024-10-09 21:00:00,13.4,0.0
2024-10-09 22:00:00,11.9,0.0
2024-10-09 23:00:00,13.1,0.0
2024-10-10 00:00:00,14.5,0.0
2024-10-10 01:00:00,15.4,0.0
2024-10-10 02:00:00,17.2,0.0
2024-10-10 03:00:00,17.2,0.0
2024-10-10 04:00:00,17.6,0.0
2024-10-10 05:00:00,18.2,0.0
2024-10-10 06:00:00,19.8,23.0
2024-10-10 07:00:00,18.2,163.0
2024-10-10 08:00:00,16.3,308.0
2024-10-10 09:00:00,13.4,421.0
2024-10-10 10:00:00,15.0,511.0
2024-10-10 11:00:00,14.1,532.0
2024-10-10 12:00:00,17.9,471.0
2024-10-10 13:00:00,15.7,474.0
2024-10-10 14:00:00,10.5,231.0
2024-10-10 15:00:00,15.7,78.0
2024-10-10 16:00:00,6.0,20.0
2024-10-10 17:00:00,6.5,1.0
2024-10-10 18:00:00,8.8,0.0
2024-10-10 19:00:00,6.9,0.0
2024-10-10 20:00:00,17.5,0.0
2024-10-10 21:00:00,10.8,0.0
2024-10-10 22:00:00,11.3,0.0
2024-10-10 23:00:00,7.6,0.0
2024-10-11 00:00:00,6.3,0.0
2024-10-11 01:00:00,6.1,0.0
2024-10-11 02:00:00,6.0,0.0
2024-10-11 03:00:00,5.1,0.0
2024-10-11 04:00:00,3.5,0.0
2024-10-11 05:00:00,3.1,0.0
2024-10-11 06:00:00,4.3,9.0
2024-10-11 07:00:00,4.0,35.0
2024-10-11 08:00:00,3.2,147.0
2024-10-11 09:00:00,2.8,276.0
2024-10-11 10:00:00,2.3,240.0
2024-10-11 11:00:00,1.7,272.0
2024-10-11 12:00:00,0.5,377.0
2024-10-11 13:00:00,3.1,328.0
2024-10-11 14:00:00,4.2,282.0
2024-10-11 15:00:00,3.1,120.0
2024-10-11 16:00:00,2.7,35.0
2024-10-11 17:00:00,3.4,1.0
2024-10-11 18:00:00,2.4,0.0
2024-10-11 19:00:00,9.7,0.0
2024-10-11 20:00:00,6.0,0.0
2024-10-11 21:00:00,6.8,0.0
2024-10-11 22:00:00,4.1,0.0
2024-10-11 23:00:00,4.3,0.0
2024-10-12 00:00:00,3.1,0.0
2024-10-12 01:00:00,8.0,0.0
2024-10-12 02:00:00,6.3,0.0
2024-10-12 03:00:00,3.2,0.0
2024-10-12 04:00:00,2.3,0.0
2024-10-12 05:00:00,2.7,0.0
2024-10-12 06:00:00,2.9,9.0
2024-10-12 07:00:00,3.4,94.0
2024-10-12 08:00:00,2.0,313.0
2024-10-12 09:00:00,0.8,458.0
2024-10-12 10:00:00,1.4,550.0
2024-10-12 11:00:00,3.0,585.0
2024-10-12 12:00:00,5.2,562.0
2024-10-12 13:00:00,6.8,499.0
2024-10-12 14:00:00,5.4,341.0
2024-10-12 15:00:00,2.4,177.0
2024-10-12 16:00:00,3.5,61.0
2024-10-12 17:00:00,5.7,1.0
2024-10-12 18:00:00,6.1,0.0
2024-10-12 19:00:00,6.2,0.0
2024-10-12 20:00:00,6.2,0.0
2024-10-12 21:00:00,6.6,0.0
2024-10-12 22:00:00,6.1,0.0
2024-10-12 23:00:00,4.5,0.0
2024-10-13 00:00:00,4.4,0.0
2024-10-13 01:00:00,4.6,0.0
2024-10-13 02:00:00,4.5,0.0
2024-10-13 03:00:00,6.9,0.0
2024-10-13 04:00:00,6.2,0.0
2024-10-13 05:00:00,4.9,0.0
2024-10-13 06:00:00,5.2,24.0
2024-10-13 07:00:00,6.3,136.0
2024-10-13 08:00:00,5.7,287.0
2024-10-13 09:00:00,8.9,405.0
2024-10-13 10:00:00,14.6,481.0
2024-10-13 11:00:00,16.6,487.0
2024-10-13 12:00:00,14.5,398.0
2024-10-13 13:00:00,14.6,321.0
2024-10-13 14:00:00,10.5,262.0
2024-10-13 15:00:00,6.5,177.0
2024-10-13 16:00:00,6.0,58.0
2024-10-13 17:00:00,5.9,1.0
2024-10-13 18:00:00,5.5,0.0
2024-10-13 19:00:00,6.9,0.0
2024-10-13 20:00:00,7.8,0.0
2024-10-13 21:00:00,8.0,0.0
2024-10-13 22:00:00,6.8,0.0
2024-10-13 23:00:00,5.6,0.0
2024-10-14 00:00:00,6.9,0.0
2024-10-14 01:00:00,5.7,0.0
2024-10-14 02:00:00,6.0,0.0
2024-10-14 03:00:00,7.7,0.0
2024-10-14 04:00:00,10.2,0.0
2024-10-14 05:00:00,9.9,0.0
2024-10-14 06:00:00,10.1,10.0
2024-10-14 07:00:00,9.6,49.0
2024-10-14 08:00:00,8.2,156.0
2024-10-14 09:00:00,6.7,253.0
2024-10-14 10:00:00,5.2,292.0
2024-10-14 11:00:00,5.1,385.0
2024-10-14 12:00:00,5.9,458.0
2024-10-14 13:00:00,6.1,352.0
2024-10-14 14:00:00,6.0,166.0
2024-10-14 15:00:00,3.4,181.0
2024-10-14 16:00:00,3.2,62.0
2024-10-14 17:00:00,2.1,0.0
2024-10-14 18:00:00,3.1,0.0
2024-10-14 19:00:00,3.4,0.0
2024-10-14 20:00:00,6.2,0.0
2024-10-14 21:00:00,8.0,0.0
2024-10-14 22:00:00,7.1,0.0
2024-10-14 23:00:00,5.0,0.0
2024-10-15 00:00:00,5.1,0.0
2024-10-15 01:00:00,6.9,0.0
2024-10-15 02:00:00,8.1,0.0
2024-10-15 03:00:00,9.0,0.0
2024-10-15 04:00:00,6.7,0.0
2024-10-15 05:00:00,5.0,0.0
2024-10-15 06:00:00,5.5,21.0
2024-10-15 07:00:00,5.1,142.0
2024-10-15 08:00:00,2.3,298.0
2024-10-15 09:00:00,0.6,424.0
2024-10-15 10:00:00,5.3,512.0
2024-10-15 11:00:00,10.1,549.0
2024-10-15 12:00:00,11.7,532.0
2024-10-15 13:00:00,12.0,432.0
2024-10-15 14:00:00,11.8,348.0
2024-10-15 15:00:00,10.3,198.0
2024-10-15 16:00:00,9.6,48.0
2024-10-15 17:00:00,11.3,0.0
2024-10-15 18:00:00,10.4,0.0
2024-10-15 19:00:00,9.8,0.0
2024-10-15 20:00:00,8.5,0.0
2024-10-15 21:00:00,7.6,0.0
2024-10-15 22:00:00,7.7,0.0
2024-10-15 23:00:00,7.5,0.0
2024-10-16 00:00:00,5.7,0.0
2024-10-16 01:00:00,7.4,0.0
2024-10-16 02:00:00,7.6,0.0
2024-10-16 03:00:00,7.5,0.0
2024-10-16 04:00:00,5.9,0.0
2024-10-16 05:00:00,5.4,0.0
2024-10-16 06:00:00,5.3,8.0
2024-10-16 07:00:00,5.8,58.0
2024-10-16 08:00:00,4.4,165.0
2024-10-16 09:00:00,4.5,302.0
2024-10-16 10:00:00,6.9,460.0
2024-10-16 11:00:00,7.5,518.0
2024-10-16 12:00:00,8.9,509.0
2024-10-16 13:00:00,6.9,229.0
2024-10-16 14:00:00,7.8,199.0
2024-10-16 15:00:00,7.1,96.0
2024-10-16 16:00:00,6.7,31.0
2024-10-16 17:00:00,4.9,0.0
2024-10-16 18:00:00,6.7,0.0
2024-10-16 19:00:00,8.6,0.0
2024-10-16 20:00:00,7.2,0.0
2024-10-16 21:00:00,7.3,0.0
2024-10-16 22:00:00,4.4,0.0
2024-10-16 23:00:00,4.2,0.0
2024-10-17 00:00:00,4.3,0.0
2024-10-17 01:00:00,3.1,0.0
2024-10-17 02:00:00,2.3,0.0
2024-10-17 03:00:00,4.9,0.0
2024-10-17 04:00:00,5.2,0.0
2024-10-17 05:00:00,5.6,0.0
2024-10-17 06:00:00,5.4,2.0
2024-10-17 07:00:00,5.0,11.0
2024-10-17 08:00:00,4.8,52.0
2024-10-17 09:00:00,5.5,120.0
2024-10-17 10:00:00,6.4,245.0
2024-10-17 11:00:00,5.7,324.0
2024-10-17 12:00:00,5.4,290.0
2024-10-17 13:00:00,6.7,124.0
2024-10-17 14:00:00,8.1,102.0
2024-10-17 15:00:00,6.9,74.0
2024-10-17 16:00:00,4.9,16.0
2024-10-17 17:00:00,3.9,0.0
2024-10-17 18:00:00,3.8,0.0
2024-10-17 19:00:00,4.4,0.0
2024-10-17 20:00:00,4.5,0.0
2024-10-17 21:00:00,3.6,0.0
2024-10-17 22:00:00,4.5,0.0
2024-10-17 23:00:00,3.1,0.0
2024-10-18 00:00:00,1.4,0.0
2024-10-18 01:00:00,3.4,0.0
2024-10-18 02:00:00,1.9,0.0
2024-10-18 03:00:00,2.4,0.0
2024-10-18 04:00:00,2.3,0.0
2024-10-18 05:00:00,1.3,0.0
2024-10-18 06:00:00,2.8,6.0
2024-10-18 07:00:00,3.7,56.0
2024-10-18 08:00:00,3.9,91.0
2024-10-18 09:00:00,4.1,240.0
2024-10-18 10:00:00,5.4,267.0
2024-10-18 11:00:00,6.2,322.0
2024-10-18 12:00:00,6.1,307.0
2024-10-18 13:00:00,5.2,108.0
2024-10-18 14:00:00,6.0,103.0
2024-10-18 15:00:00,4.3,66.0
2024-10-18 16:00:00,3.8,20.0
2024-10-18 17:00:00,1.9,0.0
2024-10-18 18:00:00,1.1,0.0
2024-10-18 19:00:00,2.3,0.0
2024-10-18 20:00:00,2.3,0.0
2024-10-18 21:00:00,3.4,0.0
2024-10-18 22:00:00,3.3,0.0
2024-10-18 23:00:00,3.2,0.0
2024-10-19 00:00:00,2.5,0.0
2024-10-19 01:00:00,4.7,0.0
2024-10-19 02:00:00,3.6,0.0
2024-10-19 03:00:00,2.1,0.0
2024-10-19 04:00:00,3.1,0.0
2024-10-19 05:00:00,3.7,0.0
2024-10-19 06:00:00,6.9,9.0
2024-10-19 07:00:00,4.9,98.0
2024-10-19 08:00:00,5.2,125.0
2024-10-19 09:00:00,6.7,182.0
2024-10-19 10:00:00,5.5,424.0
2024-10-19 11:00:00,6.0,495.0
2024-10-19 12:00:00,7.6,483.0
2024-10-19 13:00:00,8.3,289.0
2024-10-19 14:00:00,8.5,264.0
2024-10-19 15:00:00,6.5,148.0
2024-10-19 16:00:00,7.1,37.0
2024-10-19 17:00:00,5.5,0.0
2024-10-19 18:00:00,6.0,0.0
2024-10-19 19:00:00,6.1,0.0
2024-10-19 20:00:00,7.1,0.0
2024-10-19 21:00:00,6.4,0.0
2024-10-19 22:00:00,5.6,0.0
2024-10-19 23:00:00,5.4,0.0
2024-10-20 00:00:00,6.5,0.0
2024-10-20 01:00:00,4.7,0.0
2024-10-20 02:00:00,4.9,0.0
2024-10-20 03:00:00,5.2,0.0
2024-10-20 04:00:00,5.0,0.0
2024-10-20 05:00:00,5.2,0.0
2024-10-20 06:00:00,4.9,16.0
2024-10-20 07:00:00,4.5,134.0
2024-10-20 08:00:00,3.0,288.0
2024-10-20 09:00:00,2.5,419.0
2024-10-20 10:00:00,1.5,509.0
2024-10-20 11:00:00,2.7,546.0
2024-10-20 12:00:00,3.5,528.0
2024-10-20 13:00:00,5.2,456.0
2024-10-20 14:00:00,4.6,339.0
2024-10-20 15:00:00,3.5,191.0
2024-10-20 16:00:00,7.2,47.0
2024-10-20 17:00:00,4.8,0.0
2024-10-20 18:00:00,4.1,0.0
2024-10-20 19:00:00,5.6,0.0
2024-10-20 20:00:00,4.4,0.0
2024-10-20 21:00:00,4.7,0.0
2024-10-20 22:00:00,4.7,0.0
2024-10-20 23:00:00,4.3,0.0
2024-10-21 00:00:00,4.3,0.0
2024-10-21 01:00:00,2.9,0.0
2024-10-21 02:00:00,5.2,0.0
2024-10-21 03:00:00,1.3,0.0
2024-10-21 04:00:00,0.2,0.0
2024-10-21 05:00:00,0.7,0.0
2024-10-21 06:00:00,1.3,10.0
2024-10-21 07:00:00,1.9,88.0
2024-10-21 08:00:00,2.3,193.0
2024-10-21 09:00:00,2.9,333.0
2024-10-21 10:00:00,4.4,464.0
2024-10-21 11:00:00,5.0,522.0
2024-10-21 12:00:00,4.0,507.0
2024-10-21 13:00:00,4.2,436.0
2024-10-21 14:00:00,4.5,321.0
2024-10-21 15:00:00,2.7,178.0
2024-10-21 16:00:00,5.9,42.0
2024-10-21 17:00:00,6.8,0.0
2024-10-21 18:00:00,6.5,0.0
2024-10-21 19:00:00,5.9,0.0
2024-10-21 20:00:00,5.9,0.0
2024-10-21 21:00:00,5.8,0.0
2024-10-21 22:00:00,6.3,0.0
2024-10-21 23:00:00,7.0,0.0
2024-10-22 00:00:00,7.2,0.0
2024-10-22 01:00:00,4.8,0.0
2024-10-22 02:00:00,3.5,0.0
2024-10-22 03:00:00,0.9,0.0
2024-10-22 04:00:00,0.7,0.0
2024-10-22 05:00:00,1.8,0.0
2024-10-22 06:00:00,1.5,7.0
2024-10-22 07:00:00,1.8,69.0
2024-10-22 08:00:00,2.6,149.0
2024-10-22 09:00:00,2.4,270.0
2024-10-22 10:00:00,2.2,381.0
2024-10-22 11:00:00,3.0,492.0
2024-10-22 12:00:00,3.4,483.0
2024-10-22 13:00:00,4.4,413.0
2024-10-22 14:00:00,3.6,308.0
2024-10-22 15:00:00,2.8,168.0
2024-10-22 16:00:00,4.4,37.0
2024-10-22 17:00:00,5.6,0.0
2024-10-22 18:00:00,3.4,0.0
2024-10-22 19:00:00,2.0,0.0
2024-10-22 20:00:00,3.6,0.0
2024-10-22 21:00:00,5.5,0.0
2024-10-22 22:00:00,6.8,0.0
2024-10-22 23:00:00,6.1,0.0
2024-10-23 00:00:00,4.8,0.0
2024-10-23 01:00:00,5.9,0.0
2024-10-23 02:00:00,6.2,0.0
2024-10-23 03:00:00,4.8,0.0
2024-10-23 04:00:00,3.1,0.0
2024-10-23 05:00:00,3.6,0.0
2024-10-23 06:00:00,4.6,8.0
2024-10-23 07:00:00,3.9,69.0
2024-10-23 08:00:00,4.6,175.0
2024-10-23 09:00:00,4.5,265.0
2024-10-23 10:00:00,5.5,325.0
2024-10-23 11:00:00,5.0,424.0
2024-10-23 12:00:00,6.4,446.0
2024-10-23 13:00:00,6.5,280.0
2024-10-23 14:00:00,6.9,130.0
2024-10-23 15:00:00,6.0,69.0
2024-10-23 16:00:00,8.7,10.0
2024-10-23 17:00:00,7.5,0.0
2024-10-23 18:00:00,8.2,0.0
2024-10-23 19:00:00,8.6,0.0
2024-10-23 20:00:00,9.0,0.0
2024-10-23 21:00:00,9.7,0.0
2024-10-23 22:00:00,7.8,0.0
2024-10-23 23:00:00,6.8,0.0
2024-10-24 00:00:00,6.4,0.0
2024-10-24 01:00:00,5.4,0.0
2024-10-24 02:00:00,4.4,0.0
2024-10-24 03:00:00,4.8,0.0
2024-10-24 04:00:00,5.0,0.0
2024-10-24 05:00:00,5.9,0.0
2024-10-24 06:00:00,6.3,4.0
2024-10-24 07:00:00,5.7,33.0
2024-10-24 08:00:00,5.7,73.0
2024-10-24 09:00:00,7.7,162.0
2024-10-24 10:00:00,6.3,230.0
2024-10-24 11:00:00,5.6,266.0
2024-10-24 12:00:00,5.5,189.0
2024-10-24 13:00:00,4.7,200.0
2024-10-24 14:00:00,4.9,152.0
2024-10-24 15:00:00,3.4,102.0
2024-10-24 16:00:00,4.4,23.0
2024-10-24 17:00:00,2.6,0.0
2024-10-24 18:00:00,3.8,0.0
2024-10-24 19:00:00,4.7,0.0
2024-10-24 20:00:00,2.2,0.0
2024-10-24 21:00:00,3.1,0.0
2024-10-24 22:00:00,3.5,0.0
2024-10-24 23:00:00,1.8,0.0
2024-10-25 00:00:00,2.7,0.0
2024-10-25 01:00:00,2.1,0.0
2024-10-25 02:00:00,1.7,0.0
2024-10-25 03:00:00,0.4,0.0
2024-10-25 04:00:00,1.8,0.0
2024-10-25 05:00:00,1.9,0.0
2024-10-25 06:00:00,2.3,8.0
2024-10-25 07:00:00,0.8,91.0
2024-10-25 08:00:00,2.9,206.0
2024-10-25 09:00:00,4.5,256.0
2024-10-25 10:00:00,4.8,209.0
2024-10-25 11:00:00,3.5,250.0
2024-10-25 12:00:00,4.5,231.0
2024-10-25 13:00:00,5.0,182.0
2024-10-25 14:00:00,3.5,146.0
2024-10-25 15:00:00,3.9,88.0
2024-10-25 16:00:00,1.9,19.0
2024-10-25 17:00:00,4.4,0.0
2024-10-25 18:00:00,6.0,0.0
2024-10-25 19:00:00,5.1,0.0
2024-10-25 20:00:00,5.5,0.0
2024-10-25 21:00:00,3.8,0.0
2024-10-25 22:00:00,3.4,0.0
2024-10-25 23:00:00,2.9,0.0
2024-10-26 00:00:00,1.9,0.0
2024-10-26 01:00:00,0.2,0.0
2024-10-26 02:00:00,1.1,0.0
2024-10-26 03:00:00,1.5,0.0
2024-10-26 04:00:00,2.0,0.0
2024-10-26 05:00:00,2.1,0.0
2024-10-26 06:00:00,2.2,4.0
2024-10-26 07:00:00,2.3,53.0
2024-10-26 08:00:00,3.7,113.0
2024-10-26 09:00:00,5.4,219.0
2024-10-26 10:00:00,6.2,320.0
2024-10-26 11:00:00,5.8,402.0
2024-10-26 12:00:00,5.3,457.0
2024-10-26 13:00:00,4.2,356.0
2024-10-26 14:00:00,4.5,264.0
2024-10-26 15:00:00,2.3,142.0
2024-10-26 16:00:00,3.8,27.0
2024-10-26 17:00:00,6.3,0.0
2024-10-26 18:00:00,7.5,0.0
2024-10-26 19:00:00,6.5,0.0
2024-10-26 20:00:00,4.3,0.0
2024-10-26 21:00:00,4.0,0.0
2024-10-26 22:00:00,4.3,0.0
2024-10-26 23:00:00,4.8,0.0
2024-10-27 00:00:00,3.5,0.0
2024-10-27 01:00:00,4.2,0.0
2024-10-27 02:00:00,2.3,0.0
2024-10-27 03:00:00,2.4,0.0
2024-10-27 04:00:00,2.9,0.0
2024-10-27 05:00:00,4.1,0.0
2024-10-27 06:00:00,3.6,6.0
2024-10-27 07:00:00,0.4,83.0
2024-10-27 08:00:00,1.8,221.0
2024-10-27 09:00:00,2.4,360.0
2024-10-27 10:00:00,4.2,446.0
2024-10-27 11:00:00,6.8,479.0
2024-10-27 12:00:00,9.6,464.0
2024-10-27 13:00:00,11.0,380.0
2024-10-27 14:00:00,8.9,265.0
2024-10-27 15:00:00,5.9,146.0
2024-10-27 16:00:00,8.7,25.0
2024-10-27 17:00:00,6.2,0.0
2024-10-27 18:00:00,6.0,0.0
2024-10-27 19:00:00,5.1,0.0
2024-10-27 20:00:00,4.9,0.0
2024-10-27 21:00:00,6.3,0.0
2024-10-27 22:00:00,7.8,0.0
2024-10-27 23:00:00,8.6,0.0
2024-10-28 00:00:00,7.9,0.0
2024-10-28 01:00:00,6.3,0.0
2024-10-28 02:00:00,5.8,0.0
2024-10-28 03:00:00,6.3,0.0
2024-10-28 04:00:00,6.2,0.0
2024-10-28 05:00:00,4.6,0.0
2024-10-28 06:00:00,4.1,6.0
2024-10-28 07:00:00,2.3,87.0
2024-10-28 08:00:00,1.9,222.0
2024-10-28 09:00:00,2.4,362.0
2024-10-28 10:00:00,2.8,442.0
2024-10-28 11:00:00,3.6,475.0
2024-10-28 12:00:00,5.7,453.0
2024-10-28 13:00:00,4.7,275.0
2024-10-28 14:00:00,5.3,195.0
2024-10-28 15:00:00,5.0,100.0
2024-10-28 16:00:00,5.9,19.0
2024-10-28 17:00:00,6.8,0.0
2024-10-28 18:00:00,5.3,0.0
2024-10-28 19:00:00,3.6,0.0
2024-10-28 20:00:00,3.3,0.0
2024-10-28 21:00:00,4.0,0.0
2024-10-28 22:00:00,5.4,0.0
2024-10-28 23:00:00,2.2,0.0
2024-10-29 00:00:00,4.3,0.0
2024-10-29 01:00:00,4.5,0.0
2024-10-29 02:00:00,1.5,0.0
2024-10-29 03:00:00,1.7,0.0
2024-10-29 04:00:00,3.1,0.0
2024-10-29 05:00:00,4.7,0.0
2024-10-29 06:00:00,4.7,5.0
2024-10-29 07:00:00,4.7,78.0
2024-10-29 08:00:00,3.3,193.0
2024-10-29 09:00:00,2.2,295.0
2024-10-29 10:00:00,0.5,407.0
2024-10-29 11:00:00,2.8,442.0
2024-10-29 12:00:00,4.4,446.0
2024-10-29 13:00:00,4.0,382.0
2024-10-29 14:00:00,4.4,275.0
2024-10-29 15:00:00,3.9,139.0
2024-10-29 16:00:00,4.3,21.0
2024-10-29 17:00:00,2.9,0.0
2024-10-29 18:00:00,0.9,0.0
2024-10-29 19:00:00,2.3,0.0
2024-10-29 20:00:00,3.1,0.0
2024-10-29 21:00:00,2.7,0.0
2024-10-29 22:00:00,3.3,0.0
2024-10-29 23:00:00,4.0,0.0
2024-10-30 00:00:00,3.6,0.0
2024-10-30 01:00:00,2.6,0.0
2024-10-30 02:00:00,4.3,0.0
2024-10-30 03:00:00,5.9,0.0
2024-10-30 04:00:00,3.2,0.0
2024-10-30 05:00:00,3.0,0.0
2024-10-30 06:00:00,2.8,4.0
2024-10-30 07:00:00,1.3,64.0
2024-10-30 08:00:00,1.9,170.0
2024-10-30 09:00:00,2.4,267.0
2024-10-30 10:00:00,2.9,367.0
2024-10-30 11:00:00,4.6,408.0
2024-10-30 12:00:00,4.9,421.0
2024-10-30 13:00:00,3.3,352.0
2024-10-30 14:00:00,3.7,267.0
2024-10-30 15:00:00,3.1,135.0
2024-10-30 16:00:00,3.6,20.0
2024-10-30 17:00:00,1.3,0.0
2024-10-30 18:00:00,0.9,0.0
2024-10-30 19:00:00,2.5,0.0
2024-10-30 20:00:00,3.9,0.0
2024-10-30 21:00:00,4.4,0.0
2024-10-30 22:00:00,4.8,0.0
2024-10-30 23:00:00,5.4,0.0
2024-10-31 00:00:00,5.1,0.0
2024-10-31 01:00:00,6.4,0.0
2024-10-31 02:00:00,5.3,0.0
2024-10-31 03:00:00,5.6,0.0
2024-10-31 04:00:00,2.9,0.0
2024-10-31 05:00:00,3.1,0.0
2024-10-31 06:00:00,1.9,3.0
2024-10-31 07:00:00,0.4,54.0
2024-10-31 08:00:00,0.6,133.0
2024-10-31 09:00:00,1.3,224.0
2024-10-31 10:00:00,2.3,298.0
2024-10-31 11:00:00,3.5,370.0
2024-10-31 12:00:00,5.1,380.0
2024-10-31 13:00:00,5.5,312.0
2024-10-31 14:00:00,5.6,247.0
2024-10-31 15:00:00,4.7,134.0
2024-10-31 16:00:00,6.5,19.0
2024-10-31 17:00:00,7.6,0.0
2024-10-31 18:00:00,4.4,0.0
2024-10-31 19:00:00,2.2,0.0
2024-10-31 20:00:00,1.0,0.0
2024-10-31 21:00:00,1.9,0.0
2024-10-31 22:00:00,2.2,0.0
2024-10-31 23:00:00,3.4,0.0
2024-11-01 00:00:00,3.6,0.0
2024-11-01 01:00:00,3.2,0.0
2024-11-01 02:00:00,3.1,0.0
2024-11-01 03:00:00,2.4,0.0
2024-11-01 04:00:00,2.3,0.0
2024-11-01 05:00:00,2.5,0.0
2024-11-01 06:00:00,2.4,2.0
2024-11-01 07:00:00,3.2,44.0
2024-11-01 08:00:00,3.9,93.0
2024-11-01 09:00:00,4.1,155.0
2024-11-01 10:00:00,3.6,231.0
2024-11-01 11:00:00,2.8,262.0
2024-11-01 12:00:00,3.5,304.0
2024-11-01 13:00:00,5.5,323.0
2024-11-01 14:00:00,5.5,259.0
2024-11-01 15:00:00,2.6,129.0
2024-11-01 16:00:00,4.0,17.0
2024-11-01 17:00:00,4.3,0.0
2024-11-01 18:00:00,4.0,0.0
2024-11-01 19:00:00,3.5,0.0
2024-11-01 20:00:00,1.5,0.0
2024-11-01 21:00:00,0.8,0.0
2024-11-01 22:00:00,2.0,0.0
2024-11-01 23:00:00,2.6,0.0
2024-11-02 00:00:00,4.2,0.0
2024-11-02 01:00:00,3.8,0.0
2024-11-02 02:00:00,3.5,0.0
2024-11-02 03:00:00,3.1,0.0
2024-11-02 04:00:00,3.1,0.0
2024-11-02 05:00:00,2.2,0.0
2024-11-02 06:00:00,3.1,2.0
2024-11-02 07:00:00,7.6,52.0
2024-11-02 08:00:00,8.9,119.0
2024-11-02 09:00:00,7.6,205.0
2024-11-02 10:00:00,8.3,259.0
2024-11-02 11:00:00,8.0,265.0
2024-11-02 12:00:00,7.5,264.0
2024-11-02 13:00:00,9.4,219.0
2024-11-02 14:00:00,9.4,152.0
2024-11-02 15:00:00,4.0,88.0
2024-11-02 16:00:00,4.9,12.0
2024-11-02 17:00:00,3.9,0.0
2024-11-02 18:00:00,6.8,0.0
2024-11-02 19:00:00,5.8,0.0
2024-11-02 20:00:00,6.2,0.0
2024-11-02 21:00:00,5.5,0.0
2024-11-02 22:00:00,6.0,0.0
2024-11-02 23:00:00,5.3,0.0
2024-11-03 00:00:00,5.1,0.0
2024-11-03 01:00:00,6.5,0.0
2024-11-03 02:00:00,5.3,0.0
2024-11-03 03:00:00,5.0,0.0
2024-11-03 04:00:00,5.1,0.0
2024-11-03 05:00:00,4.8,0.0
2024-11-03 06:00:00,4.4,2.0
2024-11-03 07:00:00,4.8,61.0
2024-11-03 08:00:00,6.7,182.0
2024-11-03 09:00:00,5.5,306.0
2024-11-03 10:00:00,6.2,419.0
2024-11-03 11:00:00,5.7,446.0
2024-11-03 12:00:00,5.3,454.0
2024-11-03 13:00:00,5.5,382.0
2024-11-03 14:00:00,6.5,267.0
2024-11-03 15:00:00,5.1,127.0
2024-11-03 16:00:00,6.5,14.0
2024-11-03 17:00:00,7.3,0.0
2024-11-03 18:00:00,5.3,0.0
2024-11-03 19:00:00,4.2,0.0
2024-11-03 20:00:00,3.3,0.0
2024-11-03 21:00:00,3.2,0.0
2024-11-03 22:00:00,4.3,0.0
2024-11-03 23:00:00,5.8,0.0
2024-11-04 00:00:00,6.0,0.0
2024-11-04 01:00:00,3.6,0.0
2024-11-04 02:00:00,5.3,0.0
2024-11-04 03:00:00,5.2,0.0
2024-11-04 04:00:00,5.5,0.0
2024-11-04 05:00:00,6.6,0.0
2024-11-04 06:00:00,4.3,2.0
2024-11-04 07:00:00,5.6,70.0
2024-11-04 08:00:00,4.0,193.0
2024-11-04 09:00:00,2.6,332.0
2024-11-04 10:00:00,1.0,429.0
2024-11-04 11:00:00,0.6,465.0
2024-11-04 12:00:00,2.3,447.0
2024-11-04 13:00:00,1.3,378.0
2024-11-04 14:00:00,2.4,265.0
2024-11-04 15:00:00,3.4,125.0
2024-11-04 16:00:00,2.5,13.0
2024-11-04 17:00:00,0.4,0.0
2024-11-04 18:00:00,1.6,0.0
2024-11-04 19:00:00,2.2,0.0
2024-11-04 20:00:00,3.1,0.0
2024-11-04 21:00:00,6.0,0.0
2024-11-04 22:00:00,5.1,0.0
2024-11-04 23:00:00,6.1,0.0
2024-11-05 00:00:00,5.0,0.0
2024-11-05 01:00:00,5.1,0.0
2024-11-05 02:00:00,5.8,0.0
2024-11-05 03:00:00,5.8,0.0
2024-11-05 04:00:00,5.6,0.0
2024-11-05 05:00:00,4.5,0.0
2024-11-05 06:00:00,3.6,2.0
2024-11-05 07:00:00,2.3,74.0
2024-11-05 08:00:00,1.4,207.0
2024-11-05 09:00:00,1.2,327.0
2024-11-05 10:00:00,1.1,417.0
2024-11-05 11:00:00,3.1,456.0
2024-11-05 12:00:00,6.1,432.0
2024-11-05 13:00:00,6.1,369.0
2024-11-05 14:00:00,6.0,251.0
2024-11-05 15:00:00,4.1,118.0
2024-11-05 16:00:00,4.8,12.0
2024-11-05 17:00:00,2.6,0.0
2024-11-05 18:00:00,2.8,0.0
2024-11-05 19:00:00,2.3,0.0
2024-11-05 20:00:00,2.2,0.0
2024-11-05 21:00:00,1.6,0.0
2024-11-05 22:00:00,2.0,0.0
2024-11-05 23:00:00,2.6,0.0
2024-11-06 00:00:00,3.0,0.0
2024-11-06 01:00:00,1.9,0.0
2024-11-06 02:00:00,4.6,0.0
2024-11-06 03:00:00,6.2,0.0
2024-11-06 04:00:00,6.3,0.0
2024-11-06 05:00:00,4.7,0.0
2024-11-06 06:00:00,4.0,1.0
2024-11-06 07:00:00,3.4,50.0
2024-11-06 08:00:00,2.9,143.0
2024-11-06 09:00:00,1.9,256.0
2024-11-06 10:00:00,2.2,337.0
2024-11-06 11:00:00,3.2,402.0
2024-11-06 12:00:00,3.5,399.0
2024-11-06 13:00:00,3.7,312.0
2024-11-06 14:00:00,3.5,221.0
2024-11-06 15:00:00,4.4,102.0
2024-11-06 16:00:00,2.8,10.0
2024-11-06 17:00:00,0.9,0.0
2024-11-06 18:00:00,2.2,0.0
2024-11-06 19:00:00,2.9,0.0
2024-11-06 20:00:00,3.1,0.0
2024-11-06 21:00:00,3.1,0.0
2024-11-06 22:00:00,3.3,0.0
2024-11-06 23:00:00,2.9,0.0
2024-11-07 00:00:00,2.3,0.0
2024-11-07 01:00:00,4.0,0.0
2024-11-07 02:00:00,4.3,0.0
2024-11-07 03:00:00,4.4,0.0
2024-11-07 04:00:00,4.1,0.0
2024-11-07 05:00:00,4.5,0.0
2024-11-07 06:00:00,3.3,1.0
2024-11-07 07:00:00,2.6,45.0
2024-11-07 08:00:00,3.0,115.0
2024-11-07 09:00:00,2.9,203.0
2024-11-07 10:00:00,2.6,300.0
2024-11-07 11:00:00,2.2,331.0
2024-11-07 12:00:00,0.9,370.0
2024-11-07 13:00:00,0.7,315.0
2024-11-07 14:00:00,0.7,233.0
2024-11-07 15:00:00,4.5,106.0
2024-11-07 16:00:00,4.9,9.0
2024-11-07 17:00:00,3.5,0.0
2024-11-07 18:00:00,1.8,0.0
2024-11-07 19:00:00,2.2,0.0
2024-11-07 20:00:00,2.5,0.0
2024-11-07 21:00:00,2.4,0.0
2024-11-07 22:00:00,3.0,0.0
2024-11-07 23:00:00,4.6,0.0
2024-11-08 00:00:00,3.3,0.0
2024-11-08 01:00:00,4.7,0.0
2024-11-08 02:00:00,4.6,0.0
2024-11-08 03:00:00,3.1,0.0
2024-11-08 04:00:00,4.6,0.0
2024-11-08 05:00:00,3.8,0.0
2024-11-08 06:00:00,1.8,0.0
2024-11-08 07:00:00,3.3,34.0
2024-11-08 08:00:00,4.5,99.0
2024-11-08 09:00:00,3.6,169.0
2024-11-08 10:00:00,2.5,234.0
2024-11-08 11:00:00,2.0,275.0
2024-11-08 12:00:00,2.1,293.0
2024-11-08 13:00:00,3.4,200.0
2024-11-08 14:00:00,3.3,147.0
2024-11-08 15:00:00,1.9,69.0
2024-11-08 16:00:00,2.3,6.0
2024-11-08 17:00:00,3.1,0.0
2024-11-08 18:00:00,3.4,0.0
2024-11-08 19:00:00,2.4,0.0
2024-11-08 20:00:00,1.0,0.0
2024-11-08 21:00:00,1.8,0.0
2024-11-08 22:00:00,4.2,0.0
2024-11-08 23:00:00,4.7,0.0
2024-11-09 00:00:00,3.9,0.0
2024-11-09 01:00:00,1.8,0.0
2024-11-09 02:00:00,3.1,0.0
2024-11-09 03:00:00,1.7,0.0
2024-11-09 04:00:00,0.7,0.0
2024-11-09 05:00:00,0.6,0.0
2024-11-09 06:00:00,2.0,0.0
2024-11-09 07:00:00,3.1,27.0
2024-11-09 08:00:00,3.6,88.0
2024-11-09 09:00:00,2.3,156.0
2024-11-09 10:00:00,0.7,179.0
2024-11-09 11:00:00,0.8,246.0
2024-11-09 12:00:00,1.2,251.0
2024-11-09 13:00:00,1.2,211.0
2024-11-09 14:00:00,2.9,132.0
2024-11-09 15:00:00,4.5,71.0
2024-11-09 16:00:00,6.1,6.0
2024-11-09 17:00:00,4.4,0.0
2024-11-09 18:00:00,2.6,0.0
2024-11-09 19:00:00,1.5,0.0
2024-11-09 20:00:00,2.8,0.0
2024-11-09 21:00:00,2.0,0.0
2024-11-09 22:00:00,3.2,0.0
2024-11-09 23:00:00,3.5,0.0
2024-11-10 00:00:00,1.5,0.0
2024-11-10 01:00:00,2.3,0.0
2024-11-10 02:00:00,2.5,0.0
2024-11-10 03:00:00,1.8,0.0
2024-11-10 04:00:00,0.6,0.0
2024-11-10 05:00:00,1.9,0.0
2024-11-10 06:00:00,2.7,0.0
2024-11-10 07:00:00,2.3,21.0
2024-11-10 08:00:00,2.3,73.0
2024-11-10 09:00:00,0.9,141.0
2024-11-10 10:00:00,0.6,197.0
2024-11-10 11:00:00,1.0,272.0
2024-11-10 12:00:00,2.3,275.0
2024-11-10 13:00:00,4.7,197.0
2024-11-10 14:00:00,5.6,132.0
2024-11-10 15:00:00,6.8,61.0
2024-11-10 16:00:00,7.0,5.0
2024-11-10 17:00:00,4.6,0.0
2024-11-10 18:00:00,3.3,0.0
2024-11-10 19:00:00,5.8,0.0
2024-11-10 20:00:00,7.0,0.0
2024-11-10 21:00:00,7.3,0.0
2024-11-10 22:00:00,6.7,0.0
2024-11-10 23:00:00,6.4,0.0
2024-11-11 00:00:00,6.7,0.0
2024-11-11 01:00:00,4.9,0.0
2024-11-11 02:00:00,5.6,0.0
2024-11-11 03:00:00,6.4,0.0
2024-11-11 04:00:00,6.8,0.0
2024-11-11 05:00:00,6.5,0.0
2024-11-11 06:00:00,6.1,0.0
2024-11-11 07:00:00,4.6,24.0
2024-11-11 08:00:00,3.8,81.0
2024-11-11 09:00:00,3.6,152.0
2024-11-11 10:00:00,4.3,193.0
2024-11-11 11:00:00,4.3,231.0
2024-11-11 12:00:00,6.0,199.0
2024-11-11 13:00:00,5.9,141.0
2024-11-11 14:00:00,6.2,93.0
2024-11-11 15:00:00,5.6,57.0
2024-11-11 16:00:00,4.8,4.0
2024-11-11 17:00:00,4.2,0.0
2024-11-11 18:00:00,3.8,0.0
2024-11-11 19:00:00,3.4,0.0
2024-11-11 20:00:00,2.9,0.0
2024-11-11 21:00:00,3.1,0.0
2024-11-11 22:00:00,3.8,0.0
2024-11-11 23:00:00,5.1,0.0
2024-11-12 00:00:00,5.2,0.0
2024-11-12 01:00:00,6.5,0.0
2024-11-12 02:00:00,4.8,0.0
2024-11-12 03:00:00,4.6,0.0
2024-11-12 04:00:00,3.9,0.0
2024-11-12 05:00:00,2.5,0.0
2024-11-12 06:00:00,4.1,0.0
2024-11-12 07:00:00,4.5,22.0
2024-11-12 08:00:00,6.2,82.0
2024-11-12 09:00:00,7.4,108.0
2024-11-12 10:00:00,7.6,143.0
2024-11-12 11:00:00,6.9,168.0
2024-11-12 12:00:00,7.2,121.0
2024-11-12 13:00:00,7.7,91.0
2024-11-12 14:00:00,8.1,60.0
2024-11-12 15:00:00,8.0,28.0
2024-11-12 16:00:00,7.0,2.0
2024-11-12 17:00:00,6.7,0.0
2024-11-12 18:00:00,6.1,0.0
2024-11-12 19:00:00,5.4,0.0
2024-11-12 20:00:00,5.2,0.0
2024-11-12 21:00:00,5.1,0.0
2024-11-12 22:00:00,5.6,0.0
2024-11-12 23:00:00,5.1,0.0
2024-11-13 00:00:00,3.9,0.0
2024-11-13 01:00:00,3.5,0.0
2024-11-13 02:00:00,3.6,0.0
2024-11-13 03:00:00,4.4,0.0
2024-11-13 04:00:00,4.0,0.0
2024-11-13 05:00:00,3.1,0.0
2024-11-13 06:00:00,3.1,0.0
2024-11-13 07:00:00,4.0,24.0
2024-11-13 08:00:00,4.0,77.0
2024-11-13 09:00:00,3.8,136.0
2024-11-13 10:00:00,4.1,139.0
2024-11-13 11:00:00,4.8,183.0
2024-11-13 12:00:00,4.8,213.0
2024-11-13 13:00:00,6.2,155.0
2024-11-13 14:00:00,8.3,72.0
2024-11-13 15:00:00,8.6,35.0
2024-11-13 16:00:00,8.6,2.0
2024-11-13 17:00:00,5.9,0.0
2024-11-13 18:00:00,8.9,0.0
2024-11-13 19:00:00,8.4,0.0
2024-11-13 20:00:00,8.6,0.0
2024-11-13 21:00:00,8.8,0.0
2024-11-13 22:00:00,8.6,0.0
2024-11-13 23:00:00,8.7,0.0
2024-11-14 00:00:00,8.4,0.0
2024-11-14 01:00:00,9.1,0.0
2024-11-14 02:00:00,9.3,0.0
2024-11-14 03:00:00,7.4,0.0
2024-11-14 04:00:00,6.2,0.0
2024-11-14 05:00:00,5.8,0.0
2024-11-14 06:00:00,5.0,0.0
2024-11-14 07:00:00,5.7,10.0
2024-11-14 08:00:00,4.6,37.0
2024-11-14 09:00:00,7.4,103.0
2024-11-14 10:00:00,12.5,128.0
2024-11-14 11:00:00,11.7,117.0
2024-11-14 12:00:00,12.5,139.0
2024-11-14 13:00:00,10.3,118.0
2024-11-14 14:00:00,9.0,76.0
2024-11-14 15:00:00,5.8,27.0
2024-11-14 16:00:00,3.7,1.0
2024-11-14 17:00:00,2.3,0.0
2024-11-14 18:00:00,1.1,0.0
2024-11-14 19:00:00,0.2,0.0
2024-11-14 20:00:00,0.5,0.0
2024-11-14 21:00:00,3.3,0.0
2024-11-14 22:00:00,3.6,0.0
2024-11-14 23:00:00,4.0,0.0
2024-11-15 00:00:00,3.5,0.0
2024-11-15 01:00:00,5.7,0.0
2024-11-15 02:00:00,4.1,0.0
2024-11-15 03:00:00,4.1,0.0
2024-11-15 04:00:00,4.6,0.0
2024-11-15 05:00:00,4.0,0.0
2024-11-15 06:00:00,3.1,0.0
2024-11-15 07:00:00,4.2,37.0
2024-11-15 08:00:00,4.0,168.0
2024-11-15 09:00:00,3.8,239.0
2024-11-15 10:00:00,4.1,215.0
2024-11-15 11:00:00,4.0,246.0
2024-11-15 12:00:00,3.1,237.0
2024-11-15 13:00:00,2.0,202.0
2024-11-15 14:00:00,2.9,163.0
2024-11-15 15:00:00,2.7,70.0
2024-11-15 16:00:00,1.0,3.0
2024-11-15 17:00:00,0.4,0.0
2024-11-15 18:00:00,0.8,0.0
2024-11-15 19:00:00,2.4,0.0
2024-11-15 20:00:00,3.7,0.0
2024-11-15 21:00:00,5.6,0.0
2024-11-15 22:00:00,6.6,0.0
2024-11-15 23:00:00,6.8,0.0
2024-11-16 00:00:00,7.4,0.0
2024-11-16 01:00:00,8.9,0.0
2024-11-16 02:00:00,8.6,0.0
2024-11-16 03:00:00,6.4,0.0
2024-11-16 04:00:00,3.6,0.0
2024-11-16 05:00:00,2.8,0.0
2024-11-16 06:00:00,2.0,0.0
2024-11-16 07:00:00,0.6,42.0
2024-11-16 08:00:00,1.7,162.0
2024-11-16 09:00:00,2.3,283.0
2024-11-16 10:00:00,3.5,368.0
2024-11-16 11:00:00,4.0,405.0
2024-11-16 12:00:00,4.2,390.0
2024-11-16 13:00:00,5.1,324.0
2024-11-16 14:00:00,5.0,212.0
2024-11-16 15:00:00,3.4,84.0
2024-11-16 16:00:00,4.1,4.0
2024-11-16 17:00:00,4.0,0.0
2024-11-16 18:00:00,3.9,0.0
2024-11-16 19:00:00,3.9,0.0
2024-11-16 20:00:00,4.1,0.0
2024-11-16 21:00:00,3.6,0.0
2024-11-16 22:00:00,4.3,0.0
2024-11-16 23:00:00,4.1,0.0
2024-11-17 00:00:00,2.6,0.0
2024-11-17 01:00:00,2.3,0.0
2024-11-17 02:00:00,1.0,0.0
2024-11-17 03:00:00,0.7,0.0
2024-11-17 04:00:00,0.5,0.0
2024-11-17 05:00:00,0.3,0.0
2024-11-17 06:00:00,0.4,0.0
2024-11-17 07:00:00,2.5,32.0
2024-11-17 08:00:00,2.4,114.0
2024-11-17 09:00:00,3.4,207.0
2024-11-17 10:00:00,3.1,292.0
2024-11-17 11:00:00,2.1,391.0
2024-11-17 12:00:00,2.3,372.0
2024-11-17 13:00:00,1.2,312.0
2024-11-17 14:00:00,1.0,213.0
2024-11-17 15:00:00,3.6,84.0
2024-11-17 16:00:00,3.9,3.0
2024-11-17 17:00:00,2.3,0.0
2024-11-17 18:00:00,0.5,0.0
2024-11-17 19:00:00,0.6,0.0
2024-11-17 20:00:00,1.7,0.0
2024-11-17 21:00:00,1.8,0.0
2024-11-17 22:00:00,0.8,0.0
2024-11-17 23:00:00,1.4,0.0
2024-11-18 00:00:00,0.9,0.0
2024-11-18 01:00:00,2.0,0.0
2024-11-18 02:00:00,3.5,0.0
2024-11-18 03:00:00,3.1,0.0
2024-11-18 04:00:00,1.0,0.0
2024-11-18 05:00:00,1.2,0.0
2024-11-18 06:00:00,0.2,0.0
2024-11-18 07:00:00,3.6,9.0
2024-11-18 08:00:00,4.8,29.0
2024-11-18 09:00:00,2.8,41.0
2024-11-18 10:00:00,1.2,65.0
2024-11-18 11:00:00,3.1,90.0
2024-11-18 12:00:00,4.2,172.0
2024-11-18 13:00:00,4.1,220.0
2024-11-18 14:00:00,4.7,149.0
2024-11-18 15:00:00,1.7,46.0
2024-11-18 16:00:00,0.6,2.0
2024-11-18 17:00:00,0.6,0.0
2024-11-18 18:00:00,1.5,0.0
2024-11-18 19:00:00,2.3,0.0
2024-11-18 20:00:00,1.7,0.0
2024-11-18 21:00:00,2.3,0.0
2024-11-18 22:00:00,3.7,0.0
2024-11-18 23:00:00,4.0,0.0
2024-11-19 00:00:00,0.8,0.0
2024-11-19 01:00:00,2.7,0.0
2024-11-19 02:00:00,1.6,0.0
2024-11-19 03:00:00,0.8,0.0
2024-11-19 04:00:00,2.5,0.0
2024-11-19 05:00:00,1.8,0.0
2024-11-19 06:00:00,3.3,0.0
2024-11-19 07:00:00,4.1,13.0
2024-11-19 08:00:00,4.2,48.0
2024-11-19 09:00:00,2.9,91.0
2024-11-19 10:00:00,3.1,154.0
2024-11-19 11:00:00,3.0,169.0
2024-11-19 12:00:00,2.6,155.0
2024-11-19 13:00:00,3.3,158.0
2024-11-19 14:00:00,4.1,88.0
2024-11-19 15:00:00,1.5,36.0
2024-11-19 16:00:00,0.8,1.0
2024-11-19 17:00:00,4.3,0.0
2024-11-19 18:00:00,2.4,0.0
2024-11-19 19:00:00,5.6,0.0
2024-11-19 20:00:00,6.4,0.0
2024-11-19 21:00:00,7.3,0.0
2024-11-19 22:00:00,7.5,0.0
2024-11-19 23:00:00,9.4,0.0
2024-11-20 00:00:00,14.4,0.0
2024-11-20 01:00:00,17.8,0.0
2024-11-20 02:00:00,15.2,0.0
2024-11-20 03:00:00,12.6,0.0
2024-11-20 04:00:00,16.5,0.0
2024-11-20 05:00:00,15.6,0.0
2024-11-20 06:00:00,14.8,0.0
2024-11-20 07:00:00,12.2,18.0
2024-11-20 08:00:00,15.6,53.0
2024-11-20 09:00:00,13.3,94.0
2024-11-20 10:00:00,24.4,101.0
2024-11-20 11:00:00,15.2,31.0
2024-11-20 12:00:00,18.2,34.0
2024-11-20 13:00:00,11.8,34.0
2024-11-20 14:00:00,11.8,15.0
2024-11-20 15:00:00,8.8,9.0
2024-11-20 16:00:00,7.2,0.0
2024-11-20 17:00:00,4.3,0.0
2024-11-20 18:00:00,4.5,0.0
2024-11-20 19:00:00,6.8,0.0
2024-11-20 20:00:00,9.0,0.0
2024-11-20 21:00:00,8.1,0.0
2024-11-20 22:00:00,7.5,0.0
2024-11-20 23:00:00,5.6,0.0
2024-11-21 00:00:00,6.0,0.0
2024-11-21 01:00:00,6.6,0.0
2024-11-21 02:00:00,9.3,0.0
2024-11-21 03:00:00,6.3,0.0
2024-11-21 04:00:00,3.9,0.0
2024-11-21 05:00:00,4.8,0.0
2024-11-21 06:00:00,4.2,0.0
2024-11-21 07:00:00,3.6,33.0
2024-11-21 08:00:00,1.5,155.0
2024-11-21 09:00:00,2.1,280.0
2024-11-21 10:00:00,3.1,365.0
2024-11-21 11:00:00,4.5,393.0
2024-11-21 12:00:00,6.1,379.0
2024-11-21 13:00:00,5.0,253.0
2024-11-21 14:00:00,7.6,180.0
2024-11-21 15:00:00,9.4,56.0
2024-11-21 16:00:00,10.5,1.0
2024-11-21 17:00:00,9.7,0.0
2024-11-21 18:00:00,12.2,0.0
2024-11-21 19:00:00,13.7,0.0
2024-11-21 20:00:00,16.0,0.0
2024-11-21 21:00:00,10.9,0.0
2024-11-21 22:00:00,13.7,0.0
2024-11-21 23:00:00,13.9,0.0
2024-11-22 00:00:00,7.4,0.0
2024-11-22 01:00:00,7.7,0.0
2024-11-22 02:00:00,15.7,0.0
2024-11-22 03:00:00,9.6,0.0
2024-11-22 04:00:00,12.1,0.0
2024-11-22 05:00:00,3.3,0.0
2024-11-22 06:00:00,8.3,0.0
2024-11-22 07:00:00,16.1,5.0
2024-11-22 08:00:00,17.3,14.0
2024-11-22 09:00:00,23.6,39.0
2024-11-22 10:00:00,17.3,57.0
2024-11-22 11:00:00,15.4,60.0
2024-11-22 12:00:00,10.9,78.0
2024-11-22 13:00:00,3.8,68.0
2024-11-22 14:00:00,7.2,48.0
2024-11-22 15:00:00,7.7,21.0
2024-11-22 16:00:00,8.1,1.0
2024-11-22 17:00:00,7.0,0.0
2024-11-22 18:00:00,5.2,0.0
2024-11-22 19:00:00,4.2,0.0
2024-11-22 20:00:00,4.0,0.0
2024-11-22 21:00:00,3.9,0.0
2024-11-22 22:00:00,3.3,0.0
2024-11-22 23:00:00,1.7,0.0
2024-11-23 00:00:00,2.9,0.0
2024-11-23 01:00:00,3.1,0.0
2024-11-23 02:00:00,5.1,0.0
2024-11-23 03:00:00,5.9,0.0
2024-11-23 04:00:00,4.5,0.0
2024-11-23 05:00:00,4.8,0.0
2024-11-23 06:00:00,4.9,0.0
2024-11-23 07:00:00,4.0,29.0
2024-11-23 08:00:00,6.0,148.0
2024-11-23 09:00:00,6.6,270.0
2024-11-23 10:00:00,6.0,357.0
2024-11-23 11:00:00,7.2,399.0
2024-11-23 12:00:00,5.2,385.0
2024-11-23 13:00:00,5.3,317.0
2024-11-23 14:00:00,1.0,199.0
2024-11-23 15:00:00,1.7,73.0
2024-11-23 16:00:00,6.4,1.0
2024-11-23 17:00:00,4.7,0.0
2024-11-23 18:00:00,4.9,0.0
2024-11-23 19:00:00,5.9,0.0
2024-11-23 20:00:00,6.6,0.0
2024-11-23 21:00:00,7.1,0.0
2024-11-23 22:00:00,7.4,0.0
2024-11-23 23:00:00,7.9,0.0
2024-11-24 00:00:00,10.1,0.0
2024-11-24 01:00:00,9.6,0.0
2024-11-24 02:00:00,10.4,0.0
2024-11-24 03:00:00,10.8,0.0
2024-11-24 04:00:00,9.8,0.0
2024-11-24 05:00:00,9.0,0.0
2024-11-24 06:00:00,7.9,0.0
2024-11-24 07:00:00,8.4,25.0
2024-11-24 08:00:00,9.9,138.0
2024-11-24 09:00:00,10.1,253.0
2024-11-24 10:00:00,8.8,337.0
2024-11-24 11:00:00,10.1,370.0
2024-11-24 12:00:00,9.7,358.0
2024-11-24 13:00:00,9.7,293.0
2024-11-24 14:00:00,10.5,151.0
2024-11-24 15:00:00,8.0,49.0
2024-11-24 16:00:00,6.2,1.0
2024-11-24 17:00:00,5.0,0.0
2024-11-24 18:00:00,4.7,0.0
2024-11-24 19:00:00,5.2,0.0
2024-11-24 20:00:00,5.1,0.0
2024-11-24 21:00:00,4.1,0.0
2024-11-24 22:00:00,3.9,0.0
2024-11-24 23:00:00,4.1,0.0
2024-11-25 00:00:00,2.8,0.0
2024-11-25 01:00:00,4.2,0.0
2024-11-25 02:00:00,2.7,0.0
2024-11-25 03:00:00,1.7,0.0
2024-11-25 04:00:00,1.3,0.0
2024-11-25 05:00:00,1.5,0.0
2024-11-25 06:00:00,2.0,0.0
2024-11-25 07:00:00,4.1,24.0
2024-11-25 08:00:00,6.4,134.0
2024-11-25 09:00:00,6.7,248.0
2024-11-25 10:00:00,7.1,334.0
2024-11-25 11:00:00,13.0,370.0
2024-11-25 12:00:00,16.8,357.0
2024-11-25 13:00:00,16.3,291.0
2024-11-25 14:00:00,15.0,187.0
2024-11-25 15:00:00,13.2,66.0
2024-11-25 16:00:00,12.7,1.0
2024-11-25 17:00:00,11.9,0.0
2024-11-25 18:00:00,11.6,0.0
2024-11-25 19:00:00,11.8,0.0
2024-11-25 20:00:00,12.4,0.0
2024-11-25 21:00:00,13.0,0.0
2024-11-25 22:00:00,12.7,0.0
2024-11-25 23:00:00,12.2,0.0
2024-11-26 00:00:00,10.9,0.0
2024-11-26 01:00:00,9.5,0.0
2024-11-26 02:00:00,8.7,0.0
2024-11-26 03:00:00,7.9,0.0
2024-11-26 04:00:00,6.6,0.0
2024-11-26 05:00:00,5.8,0.0
2024-11-26 06:00:00,5.6,0.0
2024-11-26 07:00:00,6.8,21.0
2024-11-26 08:00:00,9.2,122.0
2024-11-26 09:00:00,8.4,216.0
2024-11-26 10:00:00,6.3,304.0
2024-11-26 11:00:00,9.7,277.0
2024-11-26 12:00:00,10.4,234.0
2024-11-26 13:00:00,9.3,239.0
2024-11-26 14:00:00,7.5,151.0
2024-11-26 15:00:00,9.4,31.0
2024-11-26 16:00:00,8.9,0.0
2024-11-26 17:00:00,6.8,0.0
2024-11-26 18:00:00,5.0,0.0
2024-11-26 19:00:00,3.3,0.0
2024-11-26 20:00:00,3.4,0.0
2024-11-26 21:00:00,5.2,0.0
2024-11-26 22:00:00,4.6,0.0
2024-11-26 23:00:00,5.5,0.0
2024-11-27 00:00:00,6.0,0.0
2024-11-27 01:00:00,10.8,0.0
2024-11-27 02:00:00,10.7,0.0
2024-11-27 03:00:00,11.7,0.0
2024-11-27 04:00:00,11.2,0.0
2024-11-27 05:00:00,7.8,0.0
2024-11-27 06:00:00,7.0,0.0
2024-11-27 07:00:00,6.9,3.0
2024-11-27 08:00:00,6.8,10.0
2024-11-27 09:00:00,6.3,25.0
2024-11-27 10:00:00,8.4,30.0
2024-11-27 11:00:00,6.1,32.0
2024-11-27 12:00:00,5.4,37.0
2024-11-27 13:00:00,4.0,32.0
2024-11-27 14:00:00,3.6,24.0
2024-11-27 15:00:00,3.4,10.0
2024-11-27 16:00:00,2.9,0.0
2024-11-27 17:00:00,2.5,0.0
2024-11-27 18:00:00,2.2,0.0
2024-11-27 19:00:00,1.5,0.0
2024-11-27 20:00:00,1.3,0.0
2024-11-27 21:00:00,1.3,0.0
2024-11-27 22:00:00,1.5,0.0
2024-11-27 23:00:00,1.1,0.0
2024-11-28 00:00:00,0.6,0.0
2024-11-28 01:00:00,3.2,0.0
2024-11-28 02:00:00,3.8,0.0
2024-11-28 03:00:00,3.2,0.0
2024-11-28 04:00:00,3.1,0.0
2024-11-28 05:00:00,3.6,0.0
2024-11-28 06:00:00,4.2,0.0
2024-11-28 07:00:00,5.9,10.0
2024-11-28 08:00:00,6.2,66.0
2024-11-28 09:00:00,6.2,158.0
2024-11-28 10:00:00,6.1,190.0
2024-11-28 11:00:00,3.4,184.0
2024-11-28 12:00:00,3.6,183.0
2024-11-28 13:00:00,3.7,114.0
2024-11-28 14:00:00,5.8,40.0
2024-11-28 15:00:00,10.9,7.0
2024-11-28 16:00:00,13.0,0.0
2024-11-28 17:00:00,12.4,0.0
2024-11-28 18:00:00,8.9,0.0
2024-11-28 19:00:00,2.7,0.0
2024-11-28 20:00:00,4.4,0.0
2024-11-28 21:00:00,3.7,0.0
2024-11-28 22:00:00,1.4,0.0
2024-11-28 23:00:00,1.2,0.0
2024-11-29 00:00:00,0.2,0.0
2024-11-29 01:00:00,2.4,0.0
2024-11-29 02:00:00,3.5,0.0
2024-11-29 03:00:00,0.5,0.0
2024-11-29 04:00:00,1.9,0.0
2024-11-29 05:00:00,2.3,0.0
2024-11-29 06:00:00,3.9,0.0
2024-11-29 07:00:00,7.4,11.0
2024-11-29 08:00:00,7.6,76.0
2024-11-29 09:00:00,5.0,186.0
2024-11-29 10:00:00,4.3,278.0
2024-11-29 11:00:00,5.7,291.0
2024-11-29 12:00:00,10.2,317.0
2024-11-29 13:00:00,5.3,200.0
2024-11-29 14:00:00,11.1,144.0
2024-11-29 15:00:00,7.9,51.0
2024-11-29 16:00:00,9.0,1.0
2024-11-29 17:00:00,11.6,0.0
2024-11-29 18:00:00,7.8,0.0
2024-11-29 19:00:00,10.1,0.0
2024-11-29 20:00:00,14.2,0.0
2024-11-29 21:00:00,20.2,0.0
2024-11-29 22:00:00,21.4,0.0
2024-11-29 23:00:00,19.9,0.0
2024-11-30 00:00:00,17.9,0.0
2024-11-30 01:00:00,18.6,0.0
2024-11-30 02:00:00,16.7,0.0
2024-11-30 03:00:00,16.5,0.0
2024-11-30 04:00:00,15.8,0.0
2024-11-30 05:00:00,16.0,0.0
2024-11-30 06:00:00,16.2,0.0
2024-11-30 07:00:00,15.6,9.0
2024-11-30 08:00:00,15.7,89.0
2024-11-30 09:00:00,19.2,234.0
2024-11-30 10:00:00,19.9,274.0
2024-11-30 11:00:00,19.4,258.0
2024-11-30 12:00:00,18.8,250.0
2024-11-30 13:00:00,18.7,184.0
2024-11-30 14:00:00,16.3,132.0
2024-11-30 15:00:00,13.7,43.0
2024-11-30 16:00:00,12.9,0.0
2024-11-30 17:00:00,12.8,0.0
2024-11-30 18:00:00,10.6,0.0
2024-11-30 19:00:00,11.4,0.0
2024-11-30 20:00:00,11.7,0.0
2024-11-30 21:00:00,10.7,0.0
2024-11-30 22:00:00,11.4,0.0
2024-11-30 23:00:00,11.7,0.0
2024-12-01 00:00:00,10.2,0.0
2024-12-01 01:00:00,10.7,0.0
2024-12-01 02:00:00,12.3,0.0
2024-12-01 03:00:00,11.5,0.0
2024-12-01 04:00:00,10.0,0.0
2024-12-01 05:00:00,7.1,0.0
2024-12-01 06:00:00,6.7,0.0
2024-12-01 07:00:00,6.9,11.0
2024-12-01 08:00:00,6.5,92.0
2024-12-01 09:00:00,7.1,200.0
2024-12-01 10:00:00,5.4,256.0
2024-12-01 11:00:00,4.5,273.0
2024-12-01 12:00:00,6.1,284.0
2024-12-01 13:00:00,8.0,108.0
2024-12-01 14:00:00,6.2,70.0
2024-12-01 15:00:00,4.6,29.0
2024-12-01 16:00:00,4.4,0.0
2024-12-01 17:00:00,5.0,0.0
2024-12-01 18:00:00,4.4,0.0
2024-12-01 19:00:00,4.3,0.0
2024-12-01 20:00:00,4.2,0.0
2024-12-01 21:00:00,4.0,0.0
2024-12-01 22:00:00,4.0,0.0
2024-12-01 23:00:00,5.0,0.0
2024-12-02 00:00:00,4.5,0.0
2024-12-02 01:00:00,5.6,0.0
2024-12-02 02:00:00,4.5,0.0
2024-12-02 03:00:00,4.6,0.0
2024-12-02 04:00:00,4.7,0.0
2024-12-02 05:00:00,4.1,0.0
2024-12-02 06:00:00,2.6,0.0
2024-12-02 07:00:00,2.8,12.0
2024-12-02 08:00:00,2.6,93.0
2024-12-02 09:00:00,0.9,217.0
2024-12-02 10:00:00,0.2,314.0
2024-12-02 11:00:00,0.6,357.0
2024-12-02 12:00:00,2.0,338.0
2024-12-02 13:00:00,5.1,248.0
2024-12-02 14:00:00,6.6,136.0
2024-12-02 15:00:00,5.2,37.0
2024-12-02 16:00:00,3.5,0.0
2024-12-02 17:00:00,3.3,0.0
2024-12-02 18:00:00,3.4,0.0
2024-12-02 19:00:00,2.5,0.0
2024-12-02 20:00:00,2.2,0.0
2024-12-02 21:00:00,1.3,0.0
2024-12-02 22:00:00,1.2,0.0
2024-12-02 23:00:00,2.1,0.0
2024-12-03 00:00:00,2.3,0.0
2024-12-03 01:00:00,0.4,0.0
2024-12-03 02:00:00,2.7,0.0
2024-12-03 03:00:00,4.0,0.0
2024-12-03 04:00:00,3.2,0.0
2024-12-03 05:00:00,2.8,0.0
2024-12-03 06:00:00,2.3,0.0
2024-12-03 07:00:00,3.0,5.0
2024-12-03 08:00:00,2.8,32.0
2024-12-03 09:00:00,2.5,82.0
2024-12-03 10:00:00,1.5,101.0
2024-12-03 11:00:00,1.1,141.0
2024-12-03 12:00:00,1.3,131.0
2024-12-03 13:00:00,2.1,75.0
2024-12-03 14:00:00,2.2,52.0
2024-12-03 15:00:00,1.8,19.0
2024-12-03 16:00:00,4.5,0.0
2024-12-03 17:00:00,5.8,0.0
2024-12-03 18:00:00,5.2,0.0
2024-12-03 19:00:00,4.8,0.0
2024-12-03 20:00:00,4.6,0.0
2024-12-03 21:00:00,4.3,0.0
2024-12-03 22:00:00,4.3,0.0
2024-12-03 23:00:00,4.4,0.0
2024-12-04 00:00:00,4.9,0.0
2024-12-04 01:00:00,5.4,0.0
2024-12-04 02:00:00,4.3,0.0
2024-12-04 03:00:00,5.4,0.0
2024-12-04 04:00:00,4.7,0.0
2024-12-04 05:00:00,4.9,0.0
2024-12-04 06:00:00,5.9,0.0
2024-12-04 07:00:00,6.6,9.0
2024-12-04 08:00:00,5.7,43.0
2024-12-04 09:00:00,3.1,98.0
2024-12-04 10:00:00,2.9,159.0
2024-12-04 11:00:00,7.5,187.0
2024-12-04 12:00:00,8.6,127.0
2024-12-04 13:00:00,8.3,52.0
2024-12-04 14:00:00,8.4,34.0
2024-12-04 15:00:00,8.3,12.0
2024-12-04 16:00:00,5.8,0.0
2024-12-04 17:00:00,6.0,0.0
2024-12-04 18:00:00,7.1,0.0
2024-12-04 19:00:00,8.1,0.0
2024-12-04 20:00:00,9.6,0.0
2024-12-04 21:00:00,10.1,0.0
2024-12-04 22:00:00,9.1,0.0
2024-12-04 23:00:00,8.5,0.0
2024-12-05 00:00:00,7.8,0.0
2024-12-05 01:00:00,8.7,0.0
2024-12-05 02:00:00,7.0,0.0
2024-12-05 03:00:00,8.9,0.0
2024-12-05 04:00:00,8.3,0.0
2024-12-05 05:00:00,8.3,0.0
2024-12-05 06:00:00,7.7,0.0
2024-12-05 07:00:00,8.0,10.0
2024-12-05 08:00:00,8.6,86.0
2024-12-05 09:00:00,8.1,220.0
2024-12-05 10:00:00,9.7,300.0
2024-12-05 11:00:00,10.4,321.0
2024-12-05 12:00:00,9.3,289.0
2024-12-05 13:00:00,7.7,113.0
2024-12-05 14:00:00,6.6,67.0
2024-12-05 15:00:00,4.7,29.0
2024-12-05 16:00:00,3.9,0.0
2024-12-05 17:00:00,3.2,0.0
2024-12-05 18:00:00,3.1,0.0
2024-12-05 19:00:00,3.0,0.0
2024-12-05 20:00:00,3.4,0.0
2024-12-05 21:00:00,2.0,0.0
2024-12-05 22:00:00,1.8,0.0
2024-12-05 23:00:00,1.1,0.0
2024-12-06 00:00:00,1.3,0.0
2024-12-06 01:00:00,0.9,0.0
2024-12-06 02:00:00,0.2,0.0
2024-12-06 03:00:00,1.0,0.0
2024-12-06 04:00:00,1.8,0.0
2024-12-06 05:00:00,3.3,0.0
2024-12-06 06:00:00,6.0,0.0
2024-12-06 07:00:00,3.2,6.0
2024-12-06 08:00:00,3.9,43.0
2024-12-06 09:00:00,3.4,111.0
2024-12-06 10:00:00,7.2,247.0
2024-12-06 11:00:00,3.6,172.0
2024-12-06 12:00:00,6.9,64.0
2024-12-06 13:00:00,3.3,133.0
2024-12-06 14:00:00,1.6,29.0
2024-12-06 15:00:00,2.4,11.0
2024-12-06 16:00:00,4.1,0.0
2024-12-06 17:00:00,3.5,0.0
2024-12-06 18:00:00,4.4,0.0
2024-12-06 19:00:00,5.1,0.0
2024-12-06 20:00:00,6.0,0.0
2024-12-06 21:00:00,8.5,0.0
2024-12-06 22:00:00,8.7,0.0
2024-12-06 23:00:00,8.2,0.0
2024-12-07 00:00:00,4.5,0.0
2024-12-07 01:00:00,5.6,0.0
2024-12-07 02:00:00,4.5,0.0
2024-12-07 03:00:00,4.5,0.0
2024-12-07 04:00:00,4.4,0.0
2024-12-07 05:00:00,2.9,0.0
2024-12-07 06:00:00,2.2,0.0
2024-12-07 07:00:00,2.2,5.0
2024-12-07 08:00:00,3.7,95.0
2024-12-07 09:00:00,1.6,214.0
2024-12-07 10:00:00,3.2,208.0
2024-12-07 11:00:00,2.6,233.0
2024-12-07 12:00:00,3.5,293.0
2024-12-07 13:00:00,5.4,271.0
2024-12-07 14:00:00,4.5,171.0
2024-12-07 15:00:00,3.8,56.0
2024-12-07 16:00:00,4.2,0.0
2024-12-07 17:00:00,7.4,0.0
2024-12-07 18:00:00,8.8,0.0
2024-12-07 19:00:00,8.8,0.0
2024-12-07 20:00:00,9.1,0.0
2024-12-07 21:00:00,8.7,0.0
2024-12-07 22:00:00,8.3,0.0
2024-12-07 23:00:00,7.9,0.0
2024-12-08 00:00:00,7.2,0.0
2024-12-08 01:00:00,7.5,0.0
2024-12-08 02:00:00,6.1,0.0
2024-12-08 03:00:00,7.1,0.0
2024-12-08 04:00:00,6.6,0.0
2024-12-08 05:00:00,9.0,0.0
2024-12-08 06:00:00,7.8,0.0
2024-12-08 07:00:00,10.4,6.0
2024-12-08 08:00:00,12.3,50.0
2024-12-08 09:00:00,10.6,109.0
2024-12-08 10:00:00,11.6,115.0
2024-12-08 11:00:00,10.8,78.0
2024-12-08 12:00:00,14.3,100.0
2024-12-08 13:00:00,17.4,79.0
2024-12-08 14:00:00,19.7,56.0
2024-12-08 15:00:00,17.3,10.0
2024-12-08 16:00:00,19.1,0.0
2024-12-08 17:00:00,19.4,0.0
2024-12-08 18:00:00,18.7,0.0
2024-12-08 19:00:00,16.9,0.0
2024-12-08 20:00:00,16.4,0.0
2024-12-08 21:00:00,15.0,0.0
2024-12-08 22:00:00,13.8,0.0
2024-12-08 23:00:00,12.5,0.0
2024-12-09 00:00:00,13.0,0.0
2024-12-09 01:00:00,13.3,0.0
2024-12-09 02:00:00,11.9,0.0
2024-12-09 03:00:00,13.2,0.0
2024-12-09 04:00:00,12.3,0.0
2024-12-09 05:00:00,10.9,0.0
2024-12-09 06:00:00,10.6,0.0
2024-12-09 07:00:00,10.0,2.0
2024-12-09 08:00:00,9.9,19.0
2024-12-09 09:00:00,11.2,40.0
2024-12-09 10:00:00,11.5,64.0
2024-12-09 11:00:00,11.8,70.0
2024-12-09 12:00:00,10.2,57.0
2024-12-09 13:00:00,11.1,69.0
2024-12-09 14:00:00,8.0,26.0
2024-12-09 15:00:00,7.4,10.0
2024-12-09 16:00:00,7.6,0.0
2024-12-09 17:00:00,7.5,0.0
2024-12-09 18:00:00,8.3,0.0
2024-12-09 19:00:00,7.1,0.0
2024-12-09 20:00:00,6.9,0.0
2024-12-09 21:00:00,5.4,0.0
2024-12-09 22:00:00,6.7,0.0
2024-12-09 23:00:00,5.7,0.0
2024-12-10 00:00:00,5.6,0.0
2024-12-10 01:00:00,6.6,0.0
2024-12-10 02:00:00,6.9,0.0
2024-12-10 03:00:00,5.0,0.0
2024-12-10 04:00:00,6.2,0.0
2024-12-10 05:00:00,6.7,0.0
2024-12-10 06:00:00,6.9,0.0
2024-12-10 07:00:00,6.2,2.0
2024-12-10 08:00:00,7.8,27.0
2024-12-10 09:00:00,8.5,53.0
2024-12-10 10:00:00,7.3,59.0
2024-12-10 11:00:00,7.3,86.0
2024-12-10 12:00:00,7.8,81.0
2024-12-10 13:00:00,9.2,46.0
2024-12-10 14:00:00,7.5,26.0
2024-12-10 15:00:00,7.0,11.0
2024-12-10 16:00:00,6.7,0.0
2024-12-10 17:00:00,6.4,0.0
2024-12-10 18:00:00,6.4,0.0
2024-12-10 19:00:00,5.4,0.0
2024-12-10 20:00:00,2.9,0.0
2024-12-10 21:00:00,2.9,0.0
2024-12-10 22:00:00,5.1,0.0
2024-12-10 23:00:00,5.9,0.0
2024-12-11 00:00:00,4.9,0.0
2024-12-11 01:00:00,3.5,0.0
2024-12-11 02:00:00,3.7,0.0
2024-12-11 03:00:00,1.3,0.0
2024-12-11 04:00:00,0.0,0.0
2024-12-11 05:00:00,0.7,0.0
2024-12-11 06:00:00,2.9,0.0
2024-12-11 07:00:00,4.2,3.0
2024-12-11 08:00:00,4.8,22.0
2024-12-11 09:00:00,3.9,31.0
2024-12-11 10:00:00,4.0,59.0
2024-12-11 11:00:00,3.8,47.0
2024-12-11 12:00:00,4.0,63.0
2024-12-11 13:00:00,6.7,56.0
2024-12-11 14:00:00,5.9,44.0
2024-12-11 15:00:00,4.8,13.0
2024-12-11 16:00:00,3.1,0.0
2024-12-11 17:00:00,3.7,0.0
2024-12-11 18:00:00,4.3,0.0
2024-12-11 19:00:00,5.1,0.0
2024-12-11 20:00:00,4.3,0.0
2024-12-11 21:00:00,3.1,0.0
2024-12-11 22:00:00,2.0,0.0
2024-12-11 23:00:00,1.5,0.0
2024-12-12 00:00:00,0.9,0.0
2024-12-12 01:00:00,1.3,0.0
2024-12-12 02:00:00,1.3,0.0
2024-12-12 03:00:00,0.6,0.0
2024-12-12 04:00:00,0.2,0.0
2024-12-12 05:00:00,0.9,0.0
2024-12-12 06:00:00,1.1,0.0
2024-12-12 07:00:00,2.3,5.0
2024-12-12 08:00:00,3.1,56.0
2024-12-12 09:00:00,4.0,139.0
2024-12-12 10:00:00,4.2,285.0
2024-12-12 11:00:00,3.9,325.0
2024-12-12 12:00:00,3.6,291.0
2024-12-12 13:00:00,1.1,164.0
2024-12-12 14:00:00,1.9,106.0
2024-12-12 15:00:00,3.9,29.0
2024-12-12 16:00:00,4.7,0.0
2024-12-12 17:00:00,3.7,0.0
2024-12-12 18:00:00,3.1,0.0
2024-12-12 19:00:00,1.6,0.0
2024-12-12 20:00:00,1.0,0.0
2024-12-12 21:00:00,0.9,0.0
2024-12-12 22:00:00,1.0,0.0
2024-12-12 23:00:00,0.8,0.0
2024-12-13 00:00:00,1.4,0.0
2024-12-13 01:00:00,0.5,0.0
2024-12-13 02:00:00,0.7,0.0
2024-12-13 03:00:00,0.4,0.0
2024-12-13 04:00:00,1.2,0.0
2024-12-13 05:00:00,2.2,0.0
2024-12-13 06:00:00,0.9,0.0
2024-12-13 07:00:00,1.4,5.0
2024-12-13 08:00:00,2.7,61.0
2024-12-13 09:00:00,2.0,100.0
2024-12-13 10:00:00,2.6,133.0
2024-12-13 11:00:00,3.1,163.0
2024-12-13 12:00:00,4.7,146.0
2024-12-13 13:00:00,5.4,92.0
2024-12-13 14:00:00,5.9,52.0
2024-12-13 15:00:00,4.3,19.0
2024-12-13 16:00:00,3.8,0.0
2024-12-13 17:00:00,4.5,0.0
2024-12-13 18:00:00,5.2,0.0
2024-12-13 19:00:00,4.3,0.0
2024-12-13 20:00:00,5.2,0.0
2024-12-13 21:00:00,4.0,0.0
2024-12-13 22:00:00,4.1,0.0
2024-12-13 23:00:00,4.0,0.0
2024-12-14 00:00:00,4.2,0.0
2024-12-14 01:00:00,5.1,0.0
2024-12-14 02:00:00,4.5,0.0
2024-12-14 03:00:00,3.4,0.0
2024-12-14 04:00:00,3.1,0.0
2024-12-14 05:00:00,2.8,0.0
2024-12-14 06:00:00,3.5,0.0
2024-12-14 07:00:00,3.7,1.0
2024-12-14 08:00:00,3.9,14.0
2024-12-14 09:00:00,1.0,49.0
2024-12-14 10:00:00,2.3,89.0
2024-12-14 11:00:00,2.4,160.0
2024-12-14 12:00:00,2.5,180.0
2024-12-14 13:00:00,5.4,167.0
2024-12-14 14:00:00,2.9,100.0
2024-12-14 15:00:00,1.1,38.0
2024-12-14 16:00:00,1.2,0.0
2024-12-14 17:00:00,0.7,0.0
2024-12-14 18:00:00,0.6,0.0
2024-12-14 19:00:00,0.7,0.0
2024-12-14 20:00:00,0.9,0.0
2024-12-14 21:00:00,0.8,0.0
2024-12-14 22:00:00,1.1,0.0
2024-12-14 23:00:00,2.2,0.0
2024-12-15 00:00:00,2.3,0.0
2024-12-15 01:00:00,3.2,0.0
2024-12-15 02:00:00,1.5,0.0
2024-12-15 03:00:00,0.9,0.0
2024-12-15 04:00:00,0.4,0.0
2024-12-15 05:00:00,1.7,0.0
2024-12-15 06:00:00,0.2,0.0
2024-12-15 07:00:00,4.0,3.0
2024-12-15 08:00:00,2.1,48.0
2024-12-15 09:00:00,1.8,151.0
2024-12-15 10:00:00,3.3,228.0
2024-12-15 11:00:00,2.7,220.0
2024-12-15 12:00:00,4.0,180.0
2024-12-15 13:00:00,4.2,215.0
2024-12-15 14:00:00,4.0,167.0
2024-12-15 15:00:00,1.4,55.0
2024-12-15 16:00:00,0.9,0.0
2024-12-15 17:00:00,1.2,0.0
2024-12-15 18:00:00,1.3,0.0
2024-12-15 19:00:00,1.1,0.0
2024-12-15 20:00:00,1.5,0.0
2024-12-15 21:00:00,1.2,0.0
2024-12-15 22:00:00,1.4,0.0
2024-12-15 23:00:00,1.3,0.0
2024-12-16 00:00:00,1.9,0.0
2024-12-16 01:00:00,3.1,0.0
2024-12-16 02:00:00,2.3,0.0
2024-12-16 03:00:00,2.2,0.0
2024-12-16 04:00:00,2.1,0.0
2024-12-16 05:00:00,0.8,0.0
2024-12-16 06:00:00,1.3,0.0
2024-12-16 07:00:00,2.0,4.0
2024-12-16 08:00:00,3.8,68.0
2024-12-16 09:00:00,3.2,173.0
2024-12-16 10:00:00,1.2,267.0
2024-12-16 11:00:00,0.9,310.0
2024-12-16 12:00:00,0.4,314.0
2024-12-16 13:00:00,0.7,250.0
2024-12-16 14:00:00,0.8,162.0
2024-12-16 15:00:00,1.8,54.0
2024-12-16 16:00:00,2.1,0.0
2024-12-16 17:00:00,1.8,0.0
2024-12-16 18:00:00,2.4,0.0
2024-12-16 19:00:00,2.2,0.0
2024-12-16 20:00:00,2.2,0.0
2024-12-16 21:00:00,2.3,0.0
2024-12-16 22:00:00,1.9,0.0
2024-12-16 23:00:00,3.8,0.0
2024-12-17 00:00:00,3.5,0.0
2024-12-17 01:00:00,6.0,0.0
2024-12-17 02:00:00,6.7,0.0
2024-12-17 03:00:00,6.5,0.0
2024-12-17 04:00:00,6.1,0.0
2024-12-17 05:00:00,6.1,0.0
2024-12-17 06:00:00,6.6,0.0
2024-12-17 07:00:00,5.9,5.0
2024-12-17 08:00:00,6.6,78.0
2024-12-17 09:00:00,7.3,174.0
2024-12-17 10:00:00,6.7,263.0
2024-12-17 11:00:00,4.4,274.0
2024-12-17 12:00:00,2.6,316.0
2024-12-17 13:00:00,5.1,263.0
2024-12-17 14:00:00,4.7,162.0
2024-12-17 15:00:00,3.5,56.0
2024-12-17 16:00:00,1.4,0.0
2024-12-17 17:00:00,1.8,0.0
2024-12-17 18:00:00,2.1,0.0
2024-12-17 19:00:00,2.1,0.0
2024-12-17 20:00:00,2.0,0.0
2024-12-17 21:00:00,1.9,0.0
2024-12-17 22:00:00,1.6,0.0
2024-12-17 23:00:00,0.6,0.0
2024-12-18 00:00:00,2.7,0.0
2024-12-18 01:00:00,3.6,0.0
2024-12-18 02:00:00,2.7,0.0
2024-12-18 03:00:00,1.4,0.0
2024-12-18 04:00:00,2.3,0.0
2024-12-18 05:00:00,2.7,0.0
2024-12-18 06:00:00,1.7,0.0
2024-12-18 07:00:00,0.9,4.0
2024-12-18 08:00:00,2.3,64.0
2024-12-18 09:00:00,0.9,158.0
2024-12-18 10:00:00,2.4,229.0
2024-12-18 11:00:00,1.8,277.0
2024-12-18 12:00:00,1.9,279.0
2024-12-18 13:00:00,0.6,261.0
2024-12-18 14:00:00,0.6,155.0
2024-12-18 15:00:00,0.5,53.0
2024-12-18 16:00:00,2.4,0.0
2024-12-18 17:00:00,5.4,0.0
2024-12-18 18:00:00,6.0,0.0
2024-12-18 19:00:00,5.5,0.0
2024-12-18 20:00:00,4.6,0.0
2024-12-18 21:00:00,3.6,0.0
2024-12-18 22:00:00,5.0,0.0
2024-12-18 23:00:00,5.1,0.0
2024-12-19 00:00:00,4.7,0.0
2024-12-19 01:00:00,5.7,0.0
2024-12-19 02:00:00,3.1,0.0
2024-12-19 03:00:00,2.3,0.0
2024-12-19 04:00:00,1.9,0.0
2024-12-19 05:00:00,1.3,0.0
2024-12-19 06:00:00,1.2,0.0
2024-12-19 07:00:00,1.3,4.0
2024-12-19 08:00:00,2.8,61.0
2024-12-19 09:00:00,3.5,153.0
2024-12-19 10:00:00,4.5,248.0
2024-12-19 11:00:00,5.3,293.0
2024-12-19 12:00:00,10.7,312.0
2024-12-19 13:00:00,15.1,250.0
2024-12-19 14:00:00,15.1,154.0
2024-12-19 15:00:00,13.6,52.0
2024-12-19 16:00:00,13.1,0.0
2024-12-19 17:00:00,14.5,0.0
2024-12-19 18:00:00,13.8,0.0
2024-12-19 19:00:00,13.9,0.0
2024-12-19 20:00:00,13.8,0.0
2024-12-19 21:00:00,12.5,0.0
2024-12-19 22:00:00,7.6,0.0
2024-12-19 23:00:00,5.1,0.0
2024-12-20 00:00:00,5.2,0.0
2024-12-20 01:00:00,3.6,0.0
2024-12-20 02:00:00,1.5,0.0
2024-12-20 03:00:00,8.4,0.0
2024-12-20 04:00:00,20.3,0.0
2024-12-20 05:00:00,22.7,0.0
2024-12-20 06:00:00,15.8,0.0
2024-12-20 07:00:00,8.2,1.0
2024-12-20 08:00:00,10.8,16.0
2024-12-20 09:00:00,11.2,53.0
2024-12-20 10:00:00,13.2,62.0
2024-12-20 11:00:00,14.1,53.0
2024-12-20 12:00:00,16.5,66.0
2024-12-20 13:00:00,4.7,63.0
2024-12-20 14:00:00,7.1,58.0
2024-12-20 15:00:00,5.8,16.0
2024-12-20 16:00:00,7.7,0.0
2024-12-20 17:00:00,9.1,0.0
2024-12-20 18:00:00,8.3,0.0
2024-12-20 19:00:00,7.7,0.0
2024-12-20 20:00:00,11.2,0.0
2024-12-20 21:00:00,12.6,0.0
2024-12-20 22:00:00,14.8,0.0
2024-12-20 23:00:00,15.4,0.0
2024-12-21 00:00:00,14.8,0.0
2024-12-21 01:00:00,5.7,0.0
2024-12-21 02:00:00,2.1,0.0
2024-12-21 03:00:00,1.0,0.0
2024-12-21 04:00:00,1.7,0.0
2024-12-21 05:00:00,1.9,0.0
2024-12-21 06:00:00,3.5,0.0
2024-12-21 07:00:00,4.9,4.0
2024-12-21 08:00:00,5.8,82.0
2024-12-21 09:00:00,2.8,198.0
2024-12-21 10:00:00,2.7,288.0
2024-12-21 11:00:00,3.3,334.0
2024-12-21 12:00:00,3.3,330.0
2024-12-21 13:00:00,3.8,276.0
2024-12-21 14:00:00,2.8,179.0
2024-12-21 15:00:00,5.1,62.0
2024-12-21 16:00:00,4.9,1.0
2024-12-21 17:00:00,2.5,0.0
2024-12-21 18:00:00,3.1,0.0
2024-12-21 19:00:00,4.5,0.0
2024-12-21 20:00:00,5.9,0.0
2024-12-21 21:00:00,6.3,0.0
2024-12-21 22:00:00,6.1,0.0
2024-12-21 23:00:00,6.5,0.0
2024-12-22 00:00:00,5.6,0.0
2024-12-22 01:00:00,5.1,0.0
2024-12-22 02:00:00,4.2,0.0
2024-12-22 03:00:00,3.5,0.0
2024-12-22 04:00:00,4.4,0.0
2024-12-22 05:00:00,3.8,0.0
2024-12-22 06:00:00,3.8,0.0
2024-12-22 07:00:00,3.8,4.0
2024-12-22 08:00:00,5.1,72.0
2024-12-22 09:00:00,4.1,176.0
2024-12-22 10:00:00,5.6,179.0
2024-12-22 11:00:00,7.4,203.0
2024-12-22 12:00:00,13.4,223.0
2024-12-22 13:00:00,13.4,216.0
2024-12-22 14:00:00,12.9,143.0
2024-12-22 15:00:00,10.9,42.0
2024-12-22 16:00:00,9.1,0.0
2024-12-22 17:00:00,5.6,0.0
2024-12-22 18:00:00,6.9,0.0
2024-12-22 19:00:00,4.0,0.0
2024-12-22 20:00:00,7.3,0.0
2024-12-22 21:00:00,8.2,0.0
2024-12-22 22:00:00,5.4,0.0
2024-12-22 23:00:00,15.4,0.0
2024-12-23 00:00:00,17.6,0.0
2024-12-23 01:00:00,10.1,0.0
2024-12-23 02:00:00,17.2,0.0
2024-12-23 03:00:00,12.9,0.0
2024-12-23 04:00:00,8.2,0.0
2024-12-23 05:00:00,8.8,0.0
2024-12-23 06:00:00,11.5,0.0
2024-12-23 07:00:00,12.6,1.0
2024-12-23 08:00:00,18.7,27.0
2024-12-23 09:00:00,21.0,105.0
2024-12-23 10:00:00,24.9,138.0
2024-12-23 11:00:00,23.4,91.0
2024-12-23 12:00:00,23.2,70.0
2024-12-23 13:00:00,21.3,74.0
2024-12-23 14:00:00,22.1,35.0
2024-12-23 15:00:00,23.1,16.0
2024-12-23 16:00:00,24.1,0.0
2024-12-23 17:00:00,24.6,0.0
2024-12-23 18:00:00,23.8,0.0
2024-12-23 19:00:00,22.8,0.0
2024-12-23 20:00:00,22.6,0.0
2024-12-23 21:00:00,22.5,0.0
2024-12-23 22:00:00,25.5,0.0
2024-12-23 23:00:00,26.2,0.0
2024-12-24 00:00:00,24.8,0.0
2024-12-24 01:00:00,22.5,0.0
2024-12-24 02:00:00,23.5,0.0
2024-12-24 03:00:00,23.6,0.0
2024-12-24 04:00:00,21.1,0.0
2024-12-24 05:00:00,20.9,0.0
2024-12-24 06:00:00,20.9,0.0
2024-12-24 07:00:00,21.3,2.0
2024-12-24 08:00:00,22.7,37.0
2024-12-24 09:00:00,20.6,102.0
2024-12-24 10:00:00,22.5,118.0
2024-12-24 11:00:00,26.4,160.0
2024-12-24 12:00:00,29.0,170.0
2024-12-24 13:00:00,23.1,56.0
2024-12-24 14:00:00,26.5,37.0
2024-12-24 15:00:00,26.0,21.0
2024-12-24 16:00:00,24.2,0.0
2024-12-24 17:00:00,21.9,0.0
2024-12-24 18:00:00,19.0,0.0
2024-12-24 19:00:00,18.5,0.0
2024-12-24 20:00:00,20.6,0.0
2024-12-24 21:00:00,21.4,0.0
2024-12-24 22:00:00,22.7,0.0
2024-12-24 23:00:00,22.8,0.0
2024-12-25 00:00:00,22.6,0.0
2024-12-25 01:00:00,22.9,0.0
2024-12-25 02:00:00,22.1,0.0
2024-12-25 03:00:00,22.5,0.0
2024-12-25 04:00:00,23.6,0.0
2024-12-25 05:00:00,23.5,0.0
2024-12-25 06:00:00,23.5,0.0
2024-12-25 07:00:00,23.3,1.0
2024-12-25 08:00:00,23.2,32.0
2024-12-25 09:00:00,20.2,81.0
2024-12-25 10:00:00,21.0,204.0
2024-12-25 11:00:00,19.6,283.0
2024-12-25 12:00:00,18.7,273.0
2024-12-25 13:00:00,14.4,183.0
2024-12-25 14:00:00,13.4,100.0
2024-12-25 15:00:00,14.0,31.0
2024-12-25 16:00:00,16.0,0.0
2024-12-25 17:00:00,16.3,0.0
2024-12-25 18:00:00,15.1,0.0
2024-12-25 19:00:00,13.0,0.0
2024-12-25 20:00:00,11.7,0.0
2024-12-25 21:00:00,11.0,0.0
2024-12-25 22:00:00,9.9,0.0
2024-12-25 23:00:00,8.7,0.0
2024-12-26 00:00:00,7.3,0.0
2024-12-26 01:00:00,8.7,0.0
2024-12-26 02:00:00,8.7,0.0
2024-12-26 03:00:00,9.2,0.0
2024-12-26 04:00:00,7.6,0.0
2024-12-26 05:00:00,5.3,0.0
2024-12-26 06:00:00,6.7,0.0
2024-12-26 07:00:00,5.1,3.0
2024-12-26 08:00:00,5.0,77.0
2024-12-26 09:00:00,2.8,192.0
2024-12-26 10:00:00,3.0,282.0
2024-12-26 11:00:00,3.9,329.0
2024-12-26 12:00:00,5.9,326.0
2024-12-26 13:00:00,7.3,271.0
2024-12-26 14:00:00,4.6,178.0
2024-12-26 15:00:00,4.7,64.0
2024-12-26 16:00:00,6.4,1.0
2024-12-26 17:00:00,5.9,0.0
2024-12-26 18:00:00,5.6,0.0
2024-12-26 19:00:00,4.9,0.0
2024-12-26 20:00:00,4.8,0.0
2024-12-26 21:00:00,4.4,0.0
2024-12-26 22:00:00,4.4,0.0
2024-12-26 23:00:00,5.1,0.0
2024-12-27 00:00:00,5.3,0.0
2024-12-27 01:00:00,5.2,0.0
2024-12-27 02:00:00,4.8,0.0
2024-12-27 03:00:00,4.3,0.0
2024-12-27 04:00:00,3.2,0.0
2024-12-27 05:00:00,2.4,0.0
2024-12-27 06:00:00,3.3,0.0
2024-12-27 07:00:00,3.7,3.0
2024-12-27 08:00:00,5.7,75.0
2024-12-27 09:00:00,4.3,188.0
2024-12-27 10:00:00,2.7,280.0
2024-12-27 11:00:00,3.3,327.0
2024-12-27 12:00:00,2.9,326.0
2024-12-27 13:00:00,2.1,274.0
2024-12-27 14:00:00,1.1,181.0
2024-12-27 15:00:00,1.1,67.0
2024-12-27 16:00:00,1.0,1.0
2024-12-27 17:00:00,2.0,0.0
2024-12-27 18:00:00,2.7,0.0
2024-12-27 19:00:00,2.3,0.0
2024-12-27 20:00:00,2.5,0.0
2024-12-27 21:00:00,1.7,0.0
2024-12-27 22:00:00,1.4,0.0
2024-12-27 23:00:00,1.7,0.0
2024-12-28 00:00:00,2.5,0.0
2024-12-28 01:00:00,5.4,0.0
2024-12-28 02:00:00,4.9,0.0
2024-12-28 03:00:00,5.6,0.0
2024-12-28 04:00:00,4.8,0.0
2024-12-28 05:00:00,3.7,0.0
2024-12-28 06:00:00,2.8,0.0
2024-12-28 07:00:00,2.5,3.0
2024-12-28 08:00:00,3.5,76.0
2024-12-28 09:00:00,3.2,186.0
2024-12-28 10:00:00,2.6,271.0
2024-12-28 11:00:00,3.3,303.0
2024-12-28 12:00:00,3.2,300.0
2024-12-28 13:00:00,0.6,251.0
2024-12-28 14:00:00,0.6,163.0
2024-12-28 15:00:00,1.1,67.0
2024-12-28 16:00:00,0.9,2.0
2024-12-28 17:00:00,1.2,0.0
2024-12-28 18:00:00,1.5,0.0
2024-12-28 19:00:00,1.5,0.0
2024-12-28 20:00:00,1.4,0.0
2024-12-28 21:00:00,1.7,0.0
2024-12-28 22:00:00,1.5,0.0
2024-12-28 23:00:00,1.6,0.0
2024-12-29 00:00:00,1.1,0.0
2024-12-29 01:00:00,3.0,0.0
2024-12-29 02:00:00,2.6,0.0
2024-12-29 03:00:00,0.7,0.0
2024-12-29 04:00:00,0.4,0.0
2024-12-29 05:00:00,0.8,0.0
2024-12-29 06:00:00,1.1,0.0
2024-12-29 07:00:00,0.7,3.0
2024-12-29 08:00:00,1.5,76.0
2024-12-29 09:00:00,1.9,190.0
2024-12-29 10:00:00,2.2,280.0
2024-12-29 11:00:00,2.5,329.0
2024-12-29 12:00:00,2.6,328.0
2024-12-29 13:00:00,2.8,277.0
2024-12-29 14:00:00,1.5,184.0
2024-12-29 15:00:00,2.2,70.0
2024-12-29 16:00:00,2.7,2.0
2024-12-29 17:00:00,2.2,0.0
2024-12-29 18:00:00,1.0,0.0
2024-12-29 19:00:00,0.4,0.0
2024-12-29 20:00:00,0.2,0.0
2024-12-29 21:00:00,0.6,0.0
2024-12-29 22:00:00,0.8,0.0
2024-12-29 23:00:00,1.2,0.0
2024-12-30 00:00:00,1.1,0.0
2024-12-30 01:00:00,1.1,0.0
2024-12-30 02:00:00,1.6,0.0
2024-12-30 03:00:00,1.5,0.0
2024-12-30 04:00:00,1.4,0.0
2024-12-30 05:00:00,1.3,0.0
2024-12-30 06:00:00,1.5,0.0
2024-12-30 07:00:00,1.7,3.0
2024-12-30 08:00:00,3.0,71.0
2024-12-30 09:00:00,1.3,179.0
2024-12-30 10:00:00,1.3,265.0
2024-12-30 11:00:00,1.4,333.0
2024-12-30 12:00:00,1.8,332.0
2024-12-30 13:00:00,2.6,282.0
2024-12-30 14:00:00,3.1,189.0
2024-12-30 15:00:00,2.3,73.0
2024-12-30 16:00:00,0.8,2.0
2024-12-30 17:00:00,0.6,0.0
2024-12-30 18:00:00,1.8,0.0
2024-12-30 19:00:00,1.7,0.0
2024-12-30 20:00:00,1.3,0.0
2024-12-30 21:00:00,0.6,0.0
2024-12-30 22:00:00,0.0,0.0
2024-12-30 23:00:00,0.2,0.0
2024-12-31 00:00:00,0.2,0.0
2024-12-31 01:00:00,0.6,0.0
2024-12-31 02:00:00,0.5,0.0
2024-12-31 03:00:00,0.5,0.0
2024-12-31 04:00:00,0.3,0.0
2024-12-31 05:00:00,0.2,0.0
2024-12-31 06:00:00,0.0,0.0
2024-12-31 07:00:00,0.3,2.0
2024-12-31 08:00:00,0.7,51.0
2024-12-31 09:00:00,0.2,134.0
2024-12-31 10:00:00,0.7,211.0
2024-12-31 11:00:00,1.7,301.0
2024-12-31 12:00:00,2.3,317.0
2024-12-31 13:00:00,4.0,277.0
2024-12-31 14:00:00,4.0,187.0
2024-12-31 15:00:00,4.0,73.0
2024-12-31 16:00:00,4.7,2.0
2024-12-31 17:00:00,4.8,0.0
2024-12-31 18:00:00,4.9,0.0
2024-12-31 19:00:00,4.0,0.0
2024-12-31 20:00:00,2.7,0.0
2024-12-31 21:00:00,1.8,0.0
2024-12-31 22:00:00,1.3,0.0
2024-12-31 23:00:00,1.1,0.0
2025-01-01 00:00:00,0.6,0.0
2025-01-01 01:00:00,1.5,0.0
2025-01-01 02:00:00,0.9,0.0
2025-01-01 03:00:00,1.7,0.0
2025-01-01 04:00:00,2.6,0.0
2025-01-01 05:00:00,2.3,0.0
2025-01-01 06:00:00,0.5,0.0
2025-01-01 07:00:00,1.4,2.0
2025-01-01 08:00:00,0.2,54.0
2025-01-01 09:00:00,0.4,140.0
2025-01-01 10:00:00,1.3,222.0
2025-01-01 11:00:00,1.4,279.0
2025-01-01 12:00:00,0.2,307.0
2025-01-01 13:00:00,0.2,265.0
2025-01-01 14:00:00,0.4,188.0
2025-01-01 15:00:00,1.8,77.0
2025-01-01 16:00:00,3.3,3.0
2025-01-01 17:00:00,5.1,0.0
2025-01-01 18:00:00,5.3,0.0
2025-01-01 19:00:00,5.3,0.0
2025-01-01 20:00:00,4.8,0.0
2025-01-01 21:00:00,5.7,0.0
2025-01-01 22:00:00,6.8,0.0
2025-01-01 23:00:00,6.9,0.0
2025-01-02 00:00:00,6.9,0.0
2025-01-02 01:00:00,6.1,0.0
2025-01-02 02:00:00,6.6,0.0
2025-01-02 03:00:00,6.7,0.0
2025-01-02 04:00:00,7.2,0.0
2025-01-02 05:00:00,8.8,0.0
2025-01-02 06:00:00,10.1,0.0
2025-01-02 07:00:00,10.2,3.0
2025-01-02 08:00:00,11.1,73.0
2025-01-02 09:00:00,12.7,176.0
2025-01-02 10:00:00,13.2,250.0
2025-01-02 11:00:00,17.1,286.0
2025-01-02 12:00:00,17.3,283.0
2025-01-02 13:00:00,20.0,273.0
2025-01-02 14:00:00,20.4,178.0
2025-01-02 15:00:00,19.1,75.0
2025-01-02 16:00:00,16.7,3.0
2025-01-02 17:00:00,16.7,0.0
2025-01-02 18:00:00,17.2,0.0
2025-01-02 19:00:00,15.7,0.0
2025-01-02 20:00:00,12.6,0.0
2025-01-02 21:00:00,13.3,0.0
2025-01-02 22:00:00,15.3,0.0
2025-01-02 23:00:00,18.4,0.0
2025-01-03 00:00:00,18.2,0.0
2025-01-03 01:00:00,12.6,0.0
2025-01-03 02:00:00,1.3,0.0
2025-01-03 03:00:00,3.2,0.0
2025-01-03 04:00:00,21.1,0.0
2025-01-03 05:00:00,12.9,0.0
2025-01-03 06:00:00,6.0,0.0
2025-01-03 07:00:00,3.0,0.0
2025-01-03 08:00:00,1.4,14.0
2025-01-03 09:00:00,3.5,41.0
2025-01-03 10:00:00,3.9,68.0
2025-01-03 11:00:00,3.8,105.0
2025-01-03 12:00:00,3.6,123.0
2025-01-03 13:00:00,3.5,143.0
2025-01-03 14:00:00,2.0,167.0
2025-01-03 15:00:00,0.6,74.0
2025-01-03 16:00:00,1.1,3.0
2025-01-03 17:00:00,0.9,0.0
2025-01-03 18:00:00,1.4,0.0
2025-01-03 19:00:00,1.7,0.0
2025-01-03 20:00:00,2.4,0.0
2025-01-03 21:00:00,2.4,0.0
2025-01-03 22:00:00,1.9,0.0
2025-01-03 23:00:00,1.4,0.0
2025-01-04 00:00:00,1.8,0.0
2025-01-04 01:00:00,2.3,0.0
2025-01-04 02:00:00,1.1,0.0
2025-01-04 03:00:00,1.2,0.0
2025-01-04 04:00:00,1.4,0.0
2025-01-04 05:00:00,0.7,0.0
2025-01-04 06:00:00,1.5,0.0
2025-01-04 07:00:00,2.5,2.0
2025-01-04 08:00:00,3.4,56.0
2025-01-04 09:00:00,3.7,139.0
2025-01-04 10:00:00,5.2,217.0
2025-01-04 11:00:00,6.5,286.0
2025-01-04 12:00:00,5.9,296.0
2025-01-04 13:00:00,2.2,230.0
2025-01-04 14:00:00,4.4,159.0
2025-01-04 15:00:00,3.6,64.0
2025-01-04 16:00:00,3.6,3.0
2025-01-04 17:00:00,4.1,0.0
2025-01-04 18:00:00,2.2,0.0
2025-01-04 19:00:00,2.5,0.0
2025-01-04 20:00:00,2.3,0.0
2025-01-04 21:00:00,1.3,0.0
2025-01-04 22:00:00,0.9,0.0
2025-01-04 23:00:00,1.5,0.0
2025-01-05 00:00:00,1.8,0.0
2025-01-05 01:00:00,5.3,0.0
2025-01-05 02:00:00,5.6,0.0
2025-01-05 03:00:00,5.1,0.0
2025-01-05 04:00:00,4.2,0.0
2025-01-05 05:00:00,5.2,0.0
2025-01-05 06:00:00,5.0,0.0
2025-01-05 07:00:00,2.7,1.0
2025-01-05 08:00:00,4.4,28.0
2025-01-05 09:00:00,3.2,65.0
2025-01-05 10:00:00,2.4,104.0
2025-01-05 11:00:00,2.8,138.0
2025-01-05 12:00:00,2.4,167.0
2025-01-05 13:00:00,8.4,183.0
2025-01-05 14:00:00,4.5,108.0
2025-01-05 15:00:00,5.4,46.0
2025-01-05 16:00:00,6.1,3.0
2025-01-05 17:00:00,2.9,0.0
2025-01-05 18:00:00,2.7,0.0
2025-01-05 19:00:00,2.5,0.0
2025-01-05 20:00:00,2.4,0.0
2025-01-05 21:00:00,4.2,0.0
2025-01-05 22:00:00,5.0,0.0
2025-01-05 23:00:00,5.3,0.0
2025-01-06 00:00:00,9.3,0.0
2025-01-06 01:00:00,14.9,0.0
2025-01-06 02:00:00,13.6,0.0
2025-01-06 03:00:00,12.2,0.0
2025-01-06 04:00:00,11.9,0.0
2025-01-06 05:00:00,12.1,0.0
2025-01-06 06:00:00,11.1,0.0
2025-01-06 07:00:00,10.5,2.0
2025-01-06 08:00:00,11.1,24.0
2025-01-06 09:00:00,18.3,68.0
2025-01-06 10:00:00,20.1,168.0
2025-01-06 11:00:00,22.6,225.0
2025-01-06 12:00:00,22.1,278.0
2025-01-06 13:00:00,20.6,242.0
2025-01-06 14:00:00,17.2,166.0
2025-01-06 15:00:00,14.7,70.0
2025-01-06 16:00:00,11.4,3.0
2025-01-06 17:00:00,10.7,0.0
2025-01-06 18:00:00,11.5,0.0
2025-01-06 19:00:00,11.3,0.0
2025-01-06 20:00:00,11.9,0.0
2025-01-06 21:00:00,14.1,0.0
2025-01-06 22:00:00,12.2,0.0
2025-01-06 23:00:00,9.3,0.0
2025-01-07 00:00:00,7.1,0.0
2025-01-07 01:00:00,10.1,0.0
2025-01-07 02:00:00,7.9,0.0
2025-01-07 03:00:00,7.2,0.0
2025-01-07 04:00:00,7.5,0.0
2025-01-07 05:00:00,8.2,0.0
2025-01-07 06:00:00,9.5,0.0
2025-01-07 07:00:00,8.1,2.0
2025-01-07 08:00:00,7.8,50.0
2025-01-07 09:00:00,10.2,142.0
2025-01-07 10:00:00,10.7,253.0
2025-01-07 11:00:00,10.4,309.0
2025-01-07 12:00:00,11.8,278.0
2025-01-07 13:00:00,11.0,233.0
2025-01-07 14:00:00,7.0,112.0
2025-01-07 15:00:00,7.8,54.0
2025-01-07 16:00:00,6.1,2.0
2025-01-07 17:00:00,3.6,0.0
2025-01-07 18:00:00,5.3,0.0
2025-01-07 19:00:00,5.0,0.0
2025-01-07 20:00:00,6.2,0.0
2025-01-07 21:00:00,7.8,0.0
2025-01-07 22:00:00,5.5,0.0
2025-01-07 23:00:00,4.7,0.0
2025-01-08 00:00:00,6.9,0.0
2025-01-08 01:00:00,8.9,0.0
2025-01-08 02:00:00,7.5,0.0
2025-01-08 03:00:00,5.0,0.0
2025-01-08 04:00:00,5.1,0.0
2025-01-08 05:00:00,3.9,0.0
2025-01-08 06:00:00,0.7,0.0
2025-01-08 07:00:00,2.7,2.0
2025-01-08 08:00:00,10.7,56.0
2025-01-08 09:00:00,11.5,184.0
2025-01-08 10:00:00,11.2,272.0
2025-01-08 11:00:00,11.6,303.0
2025-01-08 12:00:00,12.9,307.0
2025-01-08 13:00:00,15.2,233.0
2025-01-08 14:00:00,18.4,185.0
2025-01-08 15:00:00,18.7,80.0
2025-01-08 16:00:00,18.7,5.0
2025-01-08 17:00:00,17.4,0.0
2025-01-08 18:00:00,16.8,0.0
2025-01-08 19:00:00,14.5,0.0
2025-01-08 20:00:00,12.6,0.0
2025-01-08 21:00:00,10.5,0.0
2025-01-08 22:00:00,9.1,0.0
2025-01-08 23:00:00,10.3,0.0
2025-01-09 00:00:00,12.8,0.0
2025-01-09 01:00:00,15.1,0.0
2025-01-09 02:00:00,16.8,0.0
2025-01-09 03:00:00,15.6,0.0
2025-01-09 04:00:00,15.1,0.0
2025-01-09 05:00:00,16.7,0.0
2025-01-09 06:00:00,20.4,0.0
2025-01-09 07:00:00,20.5,2.0
2025-01-09 08:00:00,18.0,62.0
2025-01-09 09:00:00,18.3,141.0
2025-01-09 10:00:00,19.0,187.0
2025-01-09 11:00:00,16.3,107.0
2025-01-09 12:00:00,15.2,94.0
2025-01-09 13:00:00,15.5,45.0
2025-01-09 14:00:00,13.8,56.0
2025-01-09 15:00:00,15.8,37.0
2025-01-09 16:00:00,15.7,5.0
2025-01-09 17:00:00,13.5,0.0
2025-01-09 18:00:00,14.7,0.0
2025-01-09 19:00:00,13.7,0.0
2025-01-09 20:00:00,11.9,0.0
2025-01-09 21:00:00,13.7,0.0
2025-01-09 22:00:00,13.5,0.0
2025-01-09 23:00:00,11.6,0.0
2025-01-10 00:00:00,11.2,0.0
2025-01-10 01:00:00,9.6,0.0
2025-01-10 02:00:00,2.4,0.0
2025-01-10 03:00:00,18.2,0.0
2025-01-10 04:00:00,32.4,0.0
2025-01-10 05:00:00,24.6,0.0
2025-01-10 06:00:00,15.3,0.0
2025-01-10 07:00:00,8.2,1.0
2025-01-10 08:00:00,6.2,14.0
2025-01-10 09:00:00,7.3,26.0
2025-01-10 10:00:00,7.8,58.0
2025-01-10 11:00:00,8.3,90.0
2025-01-10 12:00:00,7.9,98.0
2025-01-10 13:00:00,6.2,65.0
2025-01-10 14:00:00,6.2,54.0
2025-01-10 15:00:00,3.2,34.0
2025-01-10 16:00:00,1.4,6.0
2025-01-10 17:00:00,0.8,0.0
2025-01-10 18:00:00,0.2,0.0
2025-01-10 19:00:00,1.1,0.0
2025-01-10 20:00:00,0.4,0.0
2025-01-10 21:00:00,0.9,0.0
2025-01-10 22:00:00,1.5,0.0
2025-01-10 23:00:00,3.0,0.0
2025-01-11 00:00:00,3.7,0.0
2025-01-11 01:00:00,3.8,0.0
2025-01-11 02:00:00,4.3,0.0
2025-01-11 03:00:00,4.5,0.0
2025-01-11 04:00:00,4.1,0.0
2025-01-11 05:00:00,4.5,0.0
2025-01-11 06:00:00,4.2,0.0
2025-01-11 07:00:00,4.1,3.0
2025-01-11 08:00:00,3.4,62.0
2025-01-11 09:00:00,2.8,166.0
2025-01-11 10:00:00,2.1,263.0
2025-01-11 11:00:00,4.1,335.0
2025-01-11 12:00:00,5.2,367.0
2025-01-11 13:00:00,1.8,277.0
2025-01-11 14:00:00,2.0,232.0
2025-01-11 15:00:00,0.7,108.0
2025-01-11 16:00:00,1.3,9.0
2025-01-11 17:00:00,1.5,0.0
2025-01-11 18:00:00,1.9,0.0
2025-01-11 19:00:00,4.2,0.0
2025-01-11 20:00:00,3.8,0.0
2025-01-11 21:00:00,4.2,0.0
2025-01-11 22:00:00,3.8,0.0
2025-01-11 23:00:00,3.5,0.0
2025-01-12 00:00:00,1.3,0.0
2025-01-12 01:00:00,2.8,0.0
2025-01-12 02:00:00,2.7,0.0
2025-01-12 03:00:00,2.5,0.0
2025-01-12 04:00:00,1.8,0.0
2025-01-12 05:00:00,0.7,0.0
2025-01-12 06:00:00,1.0,0.0
2025-01-12 07:00:00,2.0,4.0
2025-01-12 08:00:00,1.9,69.0
2025-01-12 09:00:00,0.6,156.0
2025-01-12 10:00:00,3.1,239.0
2025-01-12 11:00:00,9.9,252.0
2025-01-12 12:00:00,13.2,253.0
2025-01-12 13:00:00,3.1,161.0
2025-01-12 14:00:00,2.3,93.0
2025-01-12 15:00:00,2.2,42.0
2025-01-12 16:00:00,2.2,6.0
2025-01-12 17:00:00,1.0,0.0
2025-01-12 18:00:00,2.5,0.0
2025-01-12 19:00:00,5.2,0.0
2025-01-12 20:00:00,11.5,0.0
2025-01-12 21:00:00,13.9,0.0
2025-01-12 22:00:00,12.5,0.0
2025-01-12 23:00:00,13.0,0.0
2025-01-13 00:00:00,14.6,0.0
2025-01-13 01:00:00,12.8,0.0
2025-01-13 02:00:00,16.7,0.0
2025-01-13 03:00:00,18.1,0.0
2025-01-13 04:00:00,19.2,0.0
2025-01-13 05:00:00,19.8,0.0
2025-01-13 06:00:00,19.1,0.0
2025-01-13 07:00:00,19.3,2.0
2025-01-13 08:00:00,19.5,29.0
2025-01-13 09:00:00,17.4,75.0
2025-01-13 10:00:00,16.7,98.0
2025-01-13 11:00:00,23.6,169.0
2025-01-13 12:00:00,25.9,174.0
2025-01-13 13:00:00,21.3,85.0
2025-01-13 14:00:00,19.8,79.0
2025-01-13 15:00:00,17.8,54.0
2025-01-13 16:00:00,16.9,8.0
2025-01-13 17:00:00,17.3,0.0
2025-01-13 18:00:00,17.0,0.0
2025-01-13 19:00:00,16.4,0.0
2025-01-13 20:00:00,15.8,0.0
2025-01-13 21:00:00,15.8,0.0
2025-01-13 22:00:00,15.1,0.0
2025-01-13 23:00:00,14.6,0.0
2025-01-14 00:00:00,13.7,0.0
2025-01-14 01:00:00,13.1,0.0
2025-01-14 02:00:00,13.5,0.0
2025-01-14 03:00:00,12.6,0.0
2025-01-14 04:00:00,11.2,0.0
2025-01-14 05:00:00,10.1,0.0
2025-01-14 06:00:00,8.5,0.0
2025-01-14 07:00:00,8.1,4.0
2025-01-14 08:00:00,6.4,87.0
2025-01-14 09:00:00,4.5,215.0
2025-01-14 10:00:00,3.2,316.0
2025-01-14 11:00:00,4.8,373.0
2025-01-14 12:00:00,6.7,379.0
2025-01-14 13:00:00,8.7,245.0
2025-01-14 14:00:00,8.5,181.0
2025-01-14 15:00:00,6.0,95.0
2025-01-14 16:00:00,5.4,11.0
2025-01-14 17:00:00,4.8,0.0
2025-01-14 18:00:00,4.4,0.0
2025-01-14 19:00:00,3.3,0.0
2025-01-14 20:00:00,2.2,0.0
2025-01-14 21:00:00,1.5,0.0
2025-01-14 22:00:00,0.6,0.0
2025-01-14 23:00:00,1.7,0.0
2025-01-15 00:00:00,2.8,0.0
2025-01-15 01:00:00,1.2,0.0
2025-01-15 02:00:00,1.2,0.0
2025-01-15 03:00:00,1.4,0.0
2025-01-15 04:00:00,1.2,0.0
2025-01-15 05:00:00,1.1,0.0
2025-01-15 06:00:00,0.3,0.0
2025-01-15 07:00:00,3.0,2.0
2025-01-15 08:00:00,0.2,23.0
2025-01-15 09:00:00,2.8,43.0
2025-01-15 10:00:00,2.4,94.0
2025-01-15 11:00:00,1.5,72.0
2025-01-15 12:00:00,3.7,72.0
2025-01-15 13:00:00,3.2,67.0
2025-01-15 14:00:00,0.7,67.0
2025-01-15 15:00:00,0.4,18.0
2025-01-15 16:00:00,0.2,2.0
2025-01-15 17:00:00,1.9,0.0
2025-01-15 18:00:00,3.1,0.0
2025-01-15 19:00:00,4.6,0.0
2025-01-15 20:00:00,4.9,0.0
2025-01-15 21:00:00,4.0,0.0
2025-01-15 22:00:00,3.6,0.0
2025-01-15 23:00:00,4.0,0.0
2025-01-16 00:00:00,3.8,0.0
2025-01-16 01:00:00,5.1,0.0
2025-01-16 02:00:00,5.2,0.0
2025-01-16 03:00:00,6.2,0.0
2025-01-16 04:00:00,8.4,0.0
2025-01-16 05:00:00,7.9,0.0
2025-01-16 06:00:00,7.0,0.0
2025-01-16 07:00:00,6.6,2.0
2025-01-16 08:00:00,7.3,36.0
2025-01-16 09:00:00,8.4,103.0
2025-01-16 10:00:00,8.1,143.0
2025-01-16 11:00:00,7.8,138.0
2025-01-16 12:00:00,6.6,128.0
2025-01-16 13:00:00,6.3,97.0
2025-01-16 14:00:00,6.3,76.0
2025-01-16 15:00:00,5.0,51.0
2025-01-16 16:00:00,3.1,4.0
2025-01-16 17:00:00,3.8,0.0
2025-01-16 18:00:00,4.9,0.0
2025-01-16 19:00:00,5.2,0.0
2025-01-16 20:00:00,6.1,0.0
2025-01-16 21:00:00,6.1,0.0
2025-01-16 22:00:00,6.2,0.0
2025-01-16 23:00:00,6.3,0.0
2025-01-17 00:00:00,6.3,0.0
2025-01-17 01:00:00,6.6,0.0
2025-01-17 02:00:00,6.0,0.0
2025-01-17 03:00:00,5.6,0.0
2025-01-17 04:00:00,5.8,0.0
2025-01-17 05:00:00,5.2,0.0
2025-01-17 06:00:00,4.6,0.0
2025-01-17 07:00:00,4.6,2.0
2025-01-17 08:00:00,3.9,41.0
2025-01-17 09:00:00,3.8,91.0
2025-01-17 10:00:00,4.2,147.0
2025-01-17 11:00:00,3.9,216.0
2025-01-17 12:00:00,4.3,218.0
2025-01-17 13:00:00,6.3,135.0
2025-01-17 14:00:00,6.2,89.0
2025-01-17 15:00:00,5.5,43.0
2025-01-17 16:00:00,4.8,9.0
2025-01-17 17:00:00,3.9,0.0
2025-01-17 18:00:00,1.8,0.0
2025-01-17 19:00:00,1.5,0.0
2025-01-17 20:00:00,2.2,0.0
2025-01-17 21:00:00,2.7,0.0
2025-01-17 22:00:00,4.4,0.0
2025-01-17 23:00:00,5.2,0.0
2025-01-18 00:00:00,4.2,0.0
2025-01-18 01:00:00,4.9,0.0
2025-01-18 02:00:00,4.7,0.0
2025-01-18 03:00:00,3.8,0.0
2025-01-18 04:00:00,3.1,0.0
2025-01-18 05:00:00,3.6,0.0
2025-01-18 06:00:00,4.2,0.0
2025-01-18 07:00:00,3.6,4.0
2025-01-18 08:00:00,1.1,52.0
2025-01-18 09:00:00,2.5,133.0
2025-01-18 10:00:00,2.5,231.0
2025-01-18 11:00:00,1.3,283.0
2025-01-18 12:00:00,4.6,312.0
2025-01-18 13:00:00,7.2,273.0
2025-01-18 14:00:00,6.1,223.0
2025-01-18 15:00:00,6.1,120.0
2025-01-18 16:00:00,3.5,16.0
2025-01-18 17:00:00,1.5,0.0
2025-01-18 18:00:00,2.5,0.0
2025-01-18 19:00:00,3.3,0.0
2025-01-18 20:00:00,1.9,0.0
2025-01-18 21:00:00,1.2,0.0
2025-01-18 22:00:00,3.8,0.0
2025-01-18 23:00:00,2.9,0.0
2025-01-19 00:00:00,2.2,0.0
2025-01-19 01:00:00,2.9,0.0
2025-01-19 02:00:00,2.8,0.0
2025-01-19 03:00:00,2.6,0.0
2025-01-19 04:00:00,2.4,0.0
2025-01-19 05:00:00,2.8,0.0
2025-01-19 06:00:00,2.3,0.0
2025-01-19 07:00:00,1.4,2.0
2025-01-19 08:00:00,1.7,24.0
2025-01-19 09:00:00,1.5,72.0
2025-01-19 10:00:00,2.3,121.0
2025-01-19 11:00:00,2.3,132.0
2025-01-19 12:00:00,3.1,147.0
2025-01-19 13:00:00,4.3,112.0
2025-01-19 14:00:00,4.5,83.0
2025-01-19 15:00:00,4.2,37.0
2025-01-19 16:00:00,3.1,6.0
2025-01-19 17:00:00,3.6,0.0
2025-01-19 18:00:00,3.8,0.0
2025-01-19 19:00:00,3.2,0.0
2025-01-19 20:00:00,2.7,0.0
2025-01-19 21:00:00,3.2,0.0
2025-01-19 22:00:00,3.1,0.0
2025-01-19 23:00:00,2.7,0.0
2025-01-20 00:00:00,2.2,0.0
2025-01-20 01:00:00,4.2,0.0
2025-01-20 02:00:00,4.8,0.0
2025-01-20 03:00:00,4.8,0.0
2025-01-20 04:00:00,3.8,0.0
2025-01-20 05:00:00,3.0,0.0
2025-01-20 06:00:00,2.2,0.0
2025-01-20 07:00:00,2.6,4.0
2025-01-20 08:00:00,3.2,59.0
2025-01-20 09:00:00,2.7,130.0
2025-01-20 10:00:00,2.3,185.0
2025-01-20 11:00:00,1.8,261.0
2025-01-20 12:00:00,3.1,294.0
2025-01-20 13:00:00,3.7,179.0
2025-01-20 14:00:00,3.9,138.0
2025-01-20 15:00:00,4.7,68.0
2025-01-20 16:00:00,4.8,10.0
2025-01-20 17:00:00,5.0,0.0
2025-01-20 18:00:00,4.4,0.0
2025-01-20 19:00:00,2.3,0.0
2025-01-20 20:00:00,3.7,0.0
2025-01-20 21:00:00,4.2,0.0
2025-01-20 22:00:00,3.2,0.0
2025-01-20 23:00:00,2.3,0.0
2025-01-21 00:00:00,3.4,0.0
2025-01-21 01:00:00,5.0,0.0
2025-01-21 02:00:00,3.5,0.0
2025-01-21 03:00:00,2.2,0.0
2025-01-21 04:00:00,4.4,0.0
2025-01-21 05:00:00,4.2,0.0
2025-01-21 06:00:00,2.1,0.0
2025-01-21 07:00:00,2.0,4.0
2025-01-21 08:00:00,1.6,55.0
2025-01-21 09:00:00,2.6,109.0
2025-01-21 10:00:00,2.5,119.0
2025-01-21 11:00:00,2.7,151.0
2025-01-21 12:00:00,2.9,231.0
2025-01-21 13:00:00,3.8,213.0
2025-01-21 14:00:00,3.9,174.0
2025-01-21 15:00:00,3.4,94.0
2025-01-21 16:00:00,2.4,13.0
2025-01-21 17:00:00,4.4,0.0
2025-01-21 18:00:00,4.7,0.0
2025-01-21 19:00:00,3.6,0.0
2025-01-21 20:00:00,0.9,0.0
2025-01-21 21:00:00,0.4,0.0
2025-01-21 22:00:00,0.8,0.0
2025-01-21 23:00:00,0.4,0.0
2025-01-22 00:00:00,0.6,0.0
2025-01-22 01:00:00,1.4,0.0
2025-01-22 02:00:00,1.5,0.0
2025-01-22 03:00:00,1.4,0.0
2025-01-22 04:00:00,2.3,0.0
2025-01-22 05:00:00,2.4,0.0
2025-01-22 06:00:00,1.9,0.0
2025-01-22 07:00:00,2.5,6.0
2025-01-22 08:00:00,1.5,79.0
2025-01-22 09:00:00,3.3,192.0
2025-01-22 10:00:00,3.7,286.0
2025-01-22 11:00:00,4.7,367.0
2025-01-22 12:00:00,5.9,390.0
2025-01-22 13:00:00,5.6,285.0
2025-01-22 14:00:00,3.9,256.0
2025-01-22 15:00:00,2.3,135.0
2025-01-22 16:00:00,2.0,22.0
2025-01-22 17:00:00,3.1,0.0
2025-01-22 18:00:00,4.5,0.0
2025-01-22 19:00:00,4.7,0.0
2025-01-22 20:00:00,4.2,0.0
2025-01-22 21:00:00,3.5,0.0
2025-01-22 22:00:00,2.5,0.0
2025-01-22 23:00:00,4.1,0.0
2025-01-23 00:00:00,5.8,0.0
2025-01-23 01:00:00,3.7,0.0
2025-01-23 02:00:00,2.1,0.0
2025-01-23 03:00:00,3.8,0.0
2025-01-23 04:00:00,5.0,0.0
2025-01-23 05:00:00,5.7,0.0
2025-01-23 06:00:00,6.4,0.0
2025-01-23 07:00:00,8.1,6.0
2025-01-23 08:00:00,11.1,76.0
2025-01-23 09:00:00,13.5,168.0
2025-01-23 10:00:00,13.7,200.0
2025-01-23 11:00:00,13.5,211.0
2025-01-23 12:00:00,12.7,250.0
2025-01-23 13:00:00,9.7,300.0
2025-01-23 14:00:00,14.7,180.0
2025-01-23 15:00:00,14.3,72.0
2025-01-23 16:00:00,8.3,12.0
2025-01-23 17:00:00,5.7,0.0
2025-01-23 18:00:00,3.6,0.0
2025-01-23 19:00:00,2.1,0.0
2025-01-23 20:00:00,3.5,0.0
2025-01-23 21:00:00,7.0,0.0
2025-01-23 22:00:00,12.0,0.0
2025-01-23 23:00:00,12.1,0.0
2025-01-24 00:00:00,9.1,0.0
2025-01-24 01:00:00,10.3,0.0
2025-01-24 02:00:00,7.5,0.0
2025-01-24 03:00:00,9.2,0.0
2025-01-24 04:00:00,7.6,0.0
2025-01-24 05:00:00,7.9,0.0
2025-01-24 06:00:00,6.0,0.0
2025-01-24 07:00:00,1.8,2.0
2025-01-24 08:00:00,2.8,61.0
2025-01-24 09:00:00,4.7,116.0
2025-01-24 10:00:00,2.3,148.0
2025-01-24 11:00:00,4.2,290.0
2025-01-24 12:00:00,6.0,391.0
2025-01-24 13:00:00,6.3,180.0
2025-01-24 14:00:00,6.1,179.0
2025-01-24 15:00:00,5.4,118.0
2025-01-24 16:00:00,2.7,24.0
2025-01-24 17:00:00,2.2,0.0
2025-01-24 18:00:00,1.5,0.0
2025-01-24 19:00:00,2.0,0.0
2025-01-24 20:00:00,1.8,0.0
2025-01-24 21:00:00,0.9,0.0
2025-01-24 22:00:00,0.9,0.0
2025-01-24 23:00:00,1.0,0.0
2025-01-25 00:00:00,0.8,0.0
2025-01-25 01:00:00,0.6,0.0
2025-01-25 02:00:00,0.3,0.0
2025-01-25 03:00:00,0.5,0.0
2025-01-25 04:00:00,0.9,0.0
2025-01-25 05:00:00,1.4,0.0
2025-01-25 06:00:00,1.7,0.0
2025-01-25 07:00:00,1.9,7.0
2025-01-25 08:00:00,5.1,81.0
2025-01-25 09:00:00,8.5,205.0
2025-01-25 10:00:00,7.3,320.0
2025-01-25 11:00:00,12.8,369.0
2025-01-25 12:00:00,18.0,370.0
2025-01-25 13:00:00,16.1,301.0
2025-01-25 14:00:00,15.6,231.0
2025-01-25 15:00:00,15.1,112.0
2025-01-25 16:00:00,12.8,19.0
2025-01-25 17:00:00,12.1,0.0
2025-01-25 18:00:00,12.2,0.0
2025-01-25 19:00:00,12.5,0.0
2025-01-25 20:00:00,14.2,0.0
2025-01-25 21:00:00,14.1,0.0
2025-01-25 22:00:00,14.8,0.0
2025-01-25 23:00:00,12.1,0.0
2025-01-26 00:00:00,10.9,0.0
2025-01-26 01:00:00,14.9,0.0
2025-01-26 02:00:00,13.8,0.0
2025-01-26 03:00:00,13.6,0.0
2025-01-26 04:00:00,12.9,0.0
2025-01-26 05:00:00,11.4,0.0
2025-01-26 06:00:00,9.4,0.0
2025-01-26 07:00:00,6.8,9.0
2025-01-26 08:00:00,7.3,85.0
2025-01-26 09:00:00,6.0,196.0
2025-01-26 10:00:00,3.8,327.0
2025-01-26 11:00:00,5.6,402.0
2025-01-26 12:00:00,6.9,399.0
2025-01-26 13:00:00,9.6,290.0
2025-01-26 14:00:00,6.4,209.0
2025-01-26 15:00:00,16.0,131.0
2025-01-26 16:00:00,12.0,8.0
2025-01-26 17:00:00,11.0,0.0
2025-01-26 18:00:00,7.7,0.0
2025-01-26 19:00:00,11.6,0.0
2025-01-26 20:00:00,9.6,0.0
2025-01-26 21:00:00,9.1,0.0
2025-01-26 22:00:00,9.3,0.0
2025-01-26 23:00:00,10.4,0.0
2025-01-27 00:00:00,11.8,0.0
2025-01-27 01:00:00,15.5,0.0
2025-01-27 02:00:00,16.3,0.0
2025-01-27 03:00:00,16.3,0.0
2025-01-27 04:00:00,16.7,0.0
2025-01-27 05:00:00,15.8,0.0
2025-01-27 06:00:00,16.6,0.0
2025-01-27 07:00:00,20.4,6.0
2025-01-27 08:00:00,23.4,64.0
2025-01-27 09:00:00,23.2,163.0
2025-01-27 10:00:00,20.9,248.0
2025-01-27 11:00:00,28.0,247.0
2025-01-27 12:00:00,25.4,303.0
2025-01-27 13:00:00,23.1,251.0
2025-01-27 14:00:00,22.1,169.0
2025-01-27 15:00:00,20.6,112.0
2025-01-27 16:00:00,22.1,25.0
2025-01-27 17:00:00,22.8,0.0
2025-01-27 18:00:00,18.1,0.0
2025-01-27 19:00:00,14.5,0.0
2025-01-27 20:00:00,11.0,0.0
2025-01-27 21:00:00,11.3,0.0
2025-01-27 22:00:00,11.1,0.0
2025-01-27 23:00:00,11.7,0.0
2025-01-28 00:00:00,11.8,0.0
2025-01-28 01:00:00,12.6,0.0
2025-01-28 02:00:00,11.3,0.0
2025-01-28 03:00:00,9.4,0.0
2025-01-28 04:00:00,10.0,0.0
2025-01-28 05:00:00,20.3,0.0
2025-01-28 06:00:00,15.8,0.0
2025-01-28 07:00:00,13.1,5.0
2025-01-28 08:00:00,15.1,63.0
2025-01-28 09:00:00,19.2,167.0
2025-01-28 10:00:00,16.2,188.0
2025-01-28 11:00:00,18.2,179.0
2025-01-28 12:00:00,19.8,208.0
2025-01-28 13:00:00,20.6,244.0
2025-01-28 14:00:00,21.5,250.0
2025-01-28 15:00:00,19.6,104.0
2025-01-28 16:00:00,22.5,21.0
2025-01-28 17:00:00,16.7,0.0
2025-01-28 18:00:00,9.5,0.0
2025-01-28 19:00:00,14.4,0.0
2025-01-28 20:00:00,16.6,0.0
2025-01-28 21:00:00,15.4,0.0
2025-01-28 22:00:00,15.6,0.0
2025-01-28 23:00:00,13.6,0.0
2025-01-29 00:00:00,9.7,0.0
2025-01-29 01:00:00,13.6,0.0
2025-01-29 02:00:00,9.4,0.0
2025-01-29 03:00:00,9.5,0.0
2025-01-29 04:00:00,8.1,0.0
2025-01-29 05:00:00,7.7,0.0
2025-01-29 06:00:00,5.9,0.0
2025-01-29 07:00:00,5.0,13.0
2025-01-29 08:00:00,6.8,119.0
2025-01-29 09:00:00,6.1,251.0
2025-01-29 10:00:00,10.5,355.0
2025-01-29 11:00:00,13.9,416.0
2025-01-29 12:00:00,15.7,373.0
2025-01-29 13:00:00,11.7,348.0
2025-01-29 14:00:00,11.5,271.0
2025-01-29 15:00:00,10.7,149.0
2025-01-29 16:00:00,8.0,32.0
2025-01-29 17:00:00,5.4,0.0
2025-01-29 18:00:00,2.8,0.0
2025-01-29 19:00:00,1.8,0.0
2025-01-29 20:00:00,3.3,0.0
2025-01-29 21:00:00,3.8,0.0
2025-01-29 22:00:00,2.3,0.0
2025-01-29 23:00:00,1.5,0.0
2025-01-30 00:00:00,3.3,0.0
2025-01-30 01:00:00,6.4,0.0
2025-01-30 02:00:00,7.7,0.0
2025-01-30 03:00:00,5.8,0.0
2025-01-30 04:00:00,4.2,0.0
2025-01-30 05:00:00,4.7,0.0
2025-01-30 06:00:00,6.4,0.0
2025-01-30 07:00:00,7.4,14.0
2025-01-30 08:00:00,3.8,123.0
2025-01-30 09:00:00,2.6,257.0
2025-01-30 10:00:00,1.3,363.0
2025-01-30 11:00:00,3.4,424.0
2025-01-30 12:00:00,3.3,433.0
2025-01-30 13:00:00,2.3,387.0
2025-01-30 14:00:00,2.5,295.0
2025-01-30 15:00:00,1.5,168.0
2025-01-30 16:00:00,1.3,39.0
2025-01-30 17:00:00,1.1,0.0
2025-01-30 18:00:00,0.6,0.0
2025-01-30 19:00:00,2.6,0.0
2025-01-30 20:00:00,2.0,0.0
2025-01-30 21:00:00,3.5,0.0
2025-01-30 22:00:00,4.0,0.0
2025-01-30 23:00:00,3.4,0.0
2025-01-31 00:00:00,1.9,0.0
2025-01-31 01:00:00,3.6,0.0
2025-01-31 02:00:00,1.9,0.0
2025-01-31 03:00:00,1.5,0.0
2025-01-31 04:00:00,2.4,0.0
2025-01-31 05:00:00,3.2,0.0
2025-01-31 06:00:00,3.6,0.0
2025-01-31 07:00:00,3.7,15.0
2025-01-31 08:00:00,5.7,111.0
2025-01-31 09:00:00,4.6,230.0
2025-01-31 10:00:00,2.7,355.0
2025-01-31 11:00:00,2.2,391.0
2025-01-31 12:00:00,0.7,342.0
2025-01-31 13:00:00,0.4,360.0
2025-01-31 14:00:00,1.5,281.0
2025-01-31 15:00:00,1.0,110.0
2025-01-31 16:00:00,0.7,26.0
2025-01-31 17:00:00,2.7,0.0
2025-01-31 18:00:00,4.7,0.0
2025-01-31 19:00:00,10.9,0.0
2025-01-31 20:00:00,12.4,0.0
2025-01-31 21:00:00,10.4,0.0
2025-01-31 22:00:00,9.8,0.0
2025-01-31 23:00:00,8.0,0.0
2025-02-01 00:00:00,7.4,0.0
2025-02-01 01:00:00,7.8,0.0
2025-02-01 02:00:00,6.3,0.0
2025-02-01 03:00:00,8.3,0.0
2025-02-01 04:00:00,7.5,0.0
2025-02-01 05:00:00,5.2,0.0
2025-02-01 06:00:00,5.8,0.0
2025-02-01 07:00:00,5.1,5.0
2025-02-01 08:00:00,5.3,28.0
2025-02-01 09:00:00,5.3,124.0
2025-02-01 10:00:00,5.2,242.0
2025-02-01 11:00:00,4.7,315.0
2025-02-01 12:00:00,5.2,315.0
2025-02-01 13:00:00,5.2,301.0
2025-02-01 14:00:00,5.6,273.0
2025-02-01 15:00:00,4.6,154.0
2025-02-01 16:00:00,3.4,42.0
2025-02-01 17:00:00,4.1,0.0
2025-02-01 18:00:00,4.7,0.0
2025-02-01 19:00:00,3.6,0.0
2025-02-01 20:00:00,3.5,0.0
2025-02-01 21:00:00,3.6,0.0
2025-02-01 22:00:00,3.4,0.0
2025-02-01 23:00:00,3.6,0.0
2025-02-02 00:00:00,3.5,0.0
2025-02-02 01:00:00,2.9,0.0
2025-02-02 02:00:00,2.1,0.0
2025-02-02 03:00:00,1.1,0.0
2025-02-02 04:00:00,0.6,0.0
2025-02-02 05:00:00,1.4,0.0
2025-02-02 06:00:00,3.2,0.0
2025-02-02 07:00:00,3.4,14.0
2025-02-02 08:00:00,4.8,110.0
2025-02-02 09:00:00,3.3,258.0
2025-02-02 10:00:00,3.1,371.0
2025-02-02 11:00:00,2.3,433.0
2025-02-02 12:00:00,2.2,443.0
2025-02-02 13:00:00,3.8,393.0
2025-02-02 14:00:00,5.5,305.0
2025-02-02 15:00:00,4.3,178.0
2025-02-02 16:00:00,2.4,45.0
2025-02-02 17:00:00,5.3,0.0
2025-02-02 18:00:00,5.3,0.0
2025-02-02 19:00:00,5.2,0.0
2025-02-02 20:00:00,6.3,0.0
2025-02-02 21:00:00,6.6,0.0
2025-02-02 22:00:00,6.9,0.0
2025-02-02 23:00:00,6.9,0.0
2025-02-03 00:00:00,8.3,0.0
2025-02-03 01:00:00,6.3,0.0
2025-02-03 02:00:00,4.7,0.0
2025-02-03 03:00:00,5.1,0.0
2025-02-03 04:00:00,5.0,0.0
2025-02-03 05:00:00,5.5,0.0
2025-02-03 06:00:00,5.1,0.0
2025-02-03 07:00:00,6.2,7.0
2025-02-03 08:00:00,7.9,57.0
2025-02-03 09:00:00,8.9,110.0
2025-02-03 10:00:00,7.9,171.0
2025-02-03 11:00:00,6.7,385.0
2025-02-03 12:00:00,6.8,448.0
2025-02-03 13:00:00,8.5,371.0
2025-02-03 14:00:00,9.3,302.0
2025-02-03 15:00:00,7.3,189.0
2025-02-03 16:00:00,5.1,52.0
2025-02-03 17:00:00,5.4,0.0
2025-02-03 18:00:00,6.3,0.0
2025-02-03 19:00:00,6.2,0.0
2025-02-03 20:00:00,5.5,0.0
2025-02-03 21:00:00,5.7,0.0
2025-02-03 22:00:00,5.5,0.0
2025-02-03 23:00:00,4.9,0.0
2025-02-04 00:00:00,4.5,0.0
2025-02-04 01:00:00,4.1,0.0
2025-02-04 02:00:00,4.0,0.0
2025-02-04 03:00:00,3.5,0.0
2025-02-04 04:00:00,3.6,0.0
2025-02-04 05:00:00,1.5,0.0
2025-02-04 06:00:00,3.1,0.0
2025-02-04 07:00:00,3.2,22.0
2025-02-04 08:00:00,2.3,145.0
2025-02-04 09:00:00,0.8,285.0
2025-02-04 10:00:00,2.4,394.0
2025-02-04 11:00:00,3.6,456.0
2025-02-04 12:00:00,3.9,466.0
2025-02-04 13:00:00,4.1,428.0
2025-02-04 14:00:00,4.7,332.0
2025-02-04 15:00:00,5.3,195.0
2025-02-04 16:00:00,4.6,56.0
2025-02-04 17:00:00,1.7,0.0
2025-02-04 18:00:00,2.0,0.0
2025-02-04 19:00:00,1.5,0.0
2025-02-04 20:00:00,0.7,0.0
2025-02-04 21:00:00,0.4,0.0
2025-02-04 22:00:00,0.6,0.0
2025-02-04 23:00:00,0.5,0.0
2025-02-05 00:00:00,0.7,0.0
2025-02-05 01:00:00,0.9,0.0
2025-02-05 02:00:00,0.9,0.0
2025-02-05 03:00:00,1.6,0.0
2025-02-05 04:00:00,2.5,0.0
2025-02-05 05:00:00,1.8,0.0
2025-02-05 06:00:00,0.4,0.0
2025-02-05 07:00:00,0.6,22.0
2025-02-05 08:00:00,0.8,137.0
2025-02-05 09:00:00,1.4,284.0
2025-02-05 10:00:00,2.6,395.0
2025-02-05 11:00:00,3.1,458.0
2025-02-05 12:00:00,2.6,471.0
2025-02-05 13:00:00,1.3,428.0
2025-02-05 14:00:00,2.2,335.0
2025-02-05 15:00:00,2.1,203.0
2025-02-05 16:00:00,1.5,60.0
2025-02-05 17:00:00,0.8,0.0
2025-02-05 18:00:00,0.0,0.0
2025-02-05 19:00:00,0.4,0.0
2025-02-05 20:00:00,0.5,0.0
2025-02-05 21:00:00,0.6,0.0
2025-02-05 22:00:00,0.7,0.0
2025-02-05 23:00:00,0.9,0.0
2025-02-06 00:00:00,0.9,0.0
2025-02-06 01:00:00,1.1,0.0
2025-02-06 02:00:00,1.4,0.0
2025-02-06 03:00:00,3.9,0.0
2025-02-06 04:00:00,4.0,0.0
2025-02-06 05:00:00,3.0,0.0
2025-02-06 06:00:00,1.5,0.0
2025-02-06 07:00:00,1.0,9.0
2025-02-06 08:00:00,2.6,34.0
2025-02-06 09:00:00,3.4,73.0
2025-02-06 10:00:00,2.9,147.0
2025-02-06 11:00:00,5.8,266.0
2025-02-06 12:00:00,9.3,236.0
2025-02-06 13:00:00,7.0,162.0
2025-02-06 14:00:00,4.6,116.0
2025-02-06 15:00:00,3.3,80.0
2025-02-06 16:00:00,4.6,29.0
2025-02-06 17:00:00,5.0,0.0
2025-02-06 18:00:00,5.0,0.0
2025-02-06 19:00:00,5.8,0.0
2025-02-06 20:00:00,6.1,0.0
2025-02-06 21:00:00,5.7,0.0
2025-02-06 22:00:00,5.9,0.0
2025-02-06 23:00:00,5.2,0.0
2025-02-07 00:00:00,4.6,0.0
2025-02-07 01:00:00,6.3,0.0
2025-02-07 02:00:00,6.7,0.0
2025-02-07 03:00:00,6.7,0.0
2025-02-07 04:00:00,5.2,0.0
2025-02-07 05:00:00,5.2,0.0
2025-02-07 06:00:00,5.1,0.0
2025-02-07 07:00:00,7.4,26.0
2025-02-07 08:00:00,5.1,137.0
2025-02-07 09:00:00,3.3,257.0
2025-02-07 10:00:00,1.9,374.0
2025-02-07 11:00:00,1.9,421.0
2025-02-07 12:00:00,4.3,383.0
2025-02-07 13:00:00,5.5,316.0
2025-02-07 14:00:00,5.2,187.0
2025-02-07 15:00:00,4.7,127.0
2025-02-07 16:00:00,4.2,48.0
2025-02-07 17:00:00,5.1,0.0
2025-02-07 18:00:00,3.5,0.0
2025-02-07 19:00:00,3.1,0.0
2025-02-07 20:00:00,2.6,0.0
2025-02-07 21:00:00,1.8,0.0
2025-02-07 22:00:00,2.5,0.0
2025-02-07 23:00:00,3.7,0.0
2025-02-08 00:00:00,4.3,0.0
2025-02-08 01:00:00,3.7,0.0
2025-02-08 02:00:00,3.2,0.0
2025-02-08 03:00:00,3.6,0.0
2025-02-08 04:00:00,4.2,0.0
2025-02-08 05:00:00,4.8,0.0
2025-02-08 06:00:00,5.9,0.0
2025-02-08 07:00:00,6.3,7.0
2025-02-08 08:00:00,6.6,25.0
2025-02-08 09:00:00,5.6,59.0
2025-02-08 10:00:00,4.3,125.0
2025-02-08 11:00:00,3.5,352.0
2025-02-08 12:00:00,2.9,469.0
2025-02-08 13:00:00,4.3,397.0
2025-02-08 14:00:00,4.6,312.0
2025-02-08 15:00:00,4.5,189.0
2025-02-08 16:00:00,3.4,46.0
2025-02-08 17:00:00,5.6,0.0
2025-02-08 18:00:00,7.1,0.0
2025-02-08 19:00:00,8.5,0.0
2025-02-08 20:00:00,7.9,0.0
2025-02-08 21:00:00,4.2,0.0
2025-02-08 22:00:00,4.8,0.0
2025-02-08 23:00:00,5.1,0.0
2025-02-09 00:00:00,4.2,0.0
2025-02-09 01:00:00,3.7,0.0
2025-02-09 02:00:00,3.2,0.0
2025-02-09 03:00:00,2.8,0.0
2025-02-09 04:00:00,3.8,0.0
2025-02-09 05:00:00,1.5,0.0
2025-02-09 06:00:00,1.4,0.0
2025-02-09 07:00:00,3.0,28.0
2025-02-09 08:00:00,3.1,125.0
2025-02-09 09:00:00,3.6,216.0
2025-02-09 10:00:00,4.4,252.0
2025-02-09 11:00:00,3.6,297.0
2025-02-09 12:00:00,3.1,345.0
2025-02-09 13:00:00,3.7,171.0
2025-02-09 14:00:00,3.7,124.0
2025-02-09 15:00:00,2.6,78.0
2025-02-09 16:00:00,1.5,23.0
2025-02-09 17:00:00,3.5,0.0
2025-02-09 18:00:00,4.0,0.0
2025-02-09 19:00:00,4.0,0.0
2025-02-09 20:00:00,4.1,0.0
2025-02-09 21:00:00,5.5,0.0
2025-02-09 22:00:00,5.5,0.0
2025-02-09 23:00:00,6.1,0.0
2025-02-10 00:00:00,5.7,0.0
2025-02-10 01:00:00,5.9,0.0
2025-02-10 02:00:00,4.7,0.0
2025-02-10 03:00:00,3.6,0.0
2025-02-10 04:00:00,4.1,0.0
2025-02-10 05:00:00,3.1,0.0
2025-02-10 06:00:00,3.6,0.0
2025-02-10 07:00:00,4.7,17.0
2025-02-10 08:00:00,4.5,70.0
2025-02-10 09:00:00,4.0,137.0
2025-02-10 10:00:00,3.7,180.0
2025-02-10 11:00:00,4.0,215.0
2025-02-10 12:00:00,4.9,244.0
2025-02-10 13:00:00,5.1,278.0
2025-02-10 14:00:00,6.8,215.0
2025-02-10 15:00:00,8.4,148.0
2025-02-10 16:00:00,7.4,53.0
2025-02-10 17:00:00,7.0,1.0
2025-02-10 18:00:00,4.9,0.0
2025-02-10 19:00:00,5.7,0.0
2025-02-10 20:00:00,5.4,0.0
2025-02-10 21:00:00,5.5,0.0
2025-02-10 22:00:00,4.4,0.0
2025-02-10 23:00:00,3.8,0.0
2025-02-11 00:00:00,3.3,0.0
2025-02-11 01:00:00,3.5,0.0
2025-02-11 02:00:00,3.0,0.0
2025-02-11 03:00:00,1.9,0.0
2025-02-11 04:00:00,2.1,0.0
2025-02-11 05:00:00,2.9,0.0
2025-02-11 06:00:00,3.3,0.0
2025-02-11 07:00:00,3.6,19.0
2025-02-11 08:00:00,1.3,65.0
2025-02-11 09:00:00,1.2,113.0
2025-02-11 10:00:00,0.6,134.0
2025-02-11 11:00:00,1.7,147.0
2025-02-11 12:00:00,2.6,151.0
2025-02-11 13:00:00,4.3,139.0
2025-02-11 14:00:00,4.4,135.0
2025-02-11 15:00:00,4.9,75.0
2025-02-11 16:00:00,5.0,34.0
2025-02-11 17:00:00,5.1,1.0
2025-02-11 18:00:00,5.0,0.0
2025-02-11 19:00:00,4.5,0.0
2025-02-11 20:00:00,3.8,0.0
2025-02-11 21:00:00,4.4,0.0
2025-02-11 22:00:00,4.7,0.0
2025-02-11 23:00:00,4.6,0.0
2025-02-12 00:00:00,4.2,0.0
2025-02-12 01:00:00,4.3,0.0
2025-02-12 02:00:00,4.7,0.0
2025-02-12 03:00:00,5.4,0.0
2025-02-12 04:00:00,6.2,0.0
2025-02-12 05:00:00,6.4,0.0
2025-02-12 06:00:00,7.0,0.0
2025-02-12 07:00:00,6.5,6.0
2025-02-12 08:00:00,5.7,24.0
2025-02-12 09:00:00,6.6,40.0
2025-02-12 10:00:00,6.2,47.0
2025-02-12 11:00:00,6.0,61.0
2025-02-12 12:00:00,6.1,63.0
2025-02-12 13:00:00,4.9,64.0
2025-02-12 14:00:00,5.0,46.0
2025-02-12 15:00:00,4.3,68.0
2025-02-12 16:00:00,4.8,26.0
2025-02-12 17:00:00,4.5,1.0
2025-02-12 18:00:00,3.5,0.0
2025-02-12 19:00:00,2.9,0.0
2025-02-12 20:00:00,3.1,0.0
2025-02-12 21:00:00,3.6,0.0
2025-02-12 22:00:00,2.8,0.0
2025-02-12 23:00:00,2.2,0.0
2025-02-13 00:00:00,2.7,0.0
2025-02-13 01:00:00,3.3,0.0
2025-02-13 02:00:00,1.9,0.0
2025-02-13 03:00:00,1.2,0.0
2025-02-13 04:00:00,2.1,0.0
2025-02-13 05:00:00,2.6,0.0
2025-02-13 06:00:00,2.3,0.0
2025-02-13 07:00:00,2.4,19.0
2025-02-13 08:00:00,3.4,110.0
2025-02-13 09:00:00,5.1,184.0
2025-02-13 10:00:00,6.2,243.0
2025-02-13 11:00:00,6.8,314.0
2025-02-13 12:00:00,6.9,426.0
2025-02-13 13:00:00,7.1,328.0
2025-02-13 14:00:00,5.7,223.0
2025-02-13 15:00:00,3.6,140.0
2025-02-13 16:00:00,1.9,56.0
2025-02-13 17:00:00,4.2,2.0
2025-02-13 18:00:00,3.6,0.0
2025-02-13 19:00:00,2.0,0.0
2025-02-13 20:00:00,0.7,0.0
2025-02-13 21:00:00,1.3,0.0
2025-02-13 22:00:00,2.8,0.0
2025-02-13 23:00:00,2.8,0.0
2025-02-14 00:00:00,2.8,0.0
2025-02-14 01:00:00,4.0,0.0
2025-02-14 02:00:00,9.8,0.0
2025-02-14 03:00:00,13.0,0.0
2025-02-14 04:00:00,18.8,0.0
2025-02-14 05:00:00,18.6,0.0
2025-02-14 06:00:00,17.8,0.0
2025-02-14 07:00:00,15.8,8.0
2025-02-14 08:00:00,16.7,29.0
2025-02-14 09:00:00,18.5,31.0
2025-02-14 10:00:00,19.5,72.0
2025-02-14 11:00:00,17.9,85.0
2025-02-14 12:00:00,10.7,120.0
2025-02-14 13:00:00,8.6,125.0
2025-02-14 14:00:00,7.3,92.0
2025-02-14 15:00:00,3.5,101.0
2025-02-14 16:00:00,9.9,34.0
2025-02-14 17:00:00,14.6,1.0
2025-02-14 18:00:00,14.7,0.0
2025-02-14 19:00:00,15.2,0.0
2025-02-14 20:00:00,16.7,0.0
2025-02-14 21:00:00,16.9,0.0
2025-02-14 22:00:00,14.4,0.0
2025-02-14 23:00:00,13.0,0.0
2025-02-15 00:00:00,13.4,0.0
2025-02-15 01:00:00,12.4,0.0
2025-02-15 02:00:00,13.1,0.0
2025-02-15 03:00:00,12.9,0.0
2025-02-15 04:00:00,12.5,0.0
2025-02-15 05:00:00,11.9,0.0
2025-02-15 06:00:00,11.7,0.0
2025-02-15 07:00:00,12.9,41.0
2025-02-15 08:00:00,10.6,192.0
2025-02-15 09:00:00,10.6,341.0
2025-02-15 10:00:00,12.6,420.0
2025-02-15 11:00:00,11.6,463.0
2025-02-15 12:00:00,9.4,424.0
2025-02-15 13:00:00,10.9,259.0
2025-02-15 14:00:00,9.8,238.0
2025-02-15 15:00:00,8.7,159.0
2025-02-15 16:00:00,5.4,78.0
2025-02-15 17:00:00,4.4,3.0
2025-02-15 18:00:00,6.3,0.0
2025-02-15 19:00:00,6.2,0.0
2025-02-15 20:00:00,5.2,0.0
2025-02-15 21:00:00,5.9,0.0
2025-02-15 22:00:00,4.8,0.0
2025-02-15 23:00:00,5.5,0.0
2025-02-16 00:00:00,6.0,0.0
2025-02-16 01:00:00,6.6,0.0
2025-02-16 02:00:00,5.4,0.0
2025-02-16 03:00:00,4.8,0.0
2025-02-16 04:00:00,4.3,0.0
2025-02-16 05:00:00,5.0,0.0
2025-02-16 06:00:00,5.9,0.0
2025-02-16 07:00:00,7.1,24.0
2025-02-16 08:00:00,7.4,72.0
2025-02-16 09:00:00,8.2,145.0
2025-02-16 10:00:00,9.1,215.0
2025-02-16 11:00:00,9.7,250.0
2025-02-16 12:00:00,9.4,275.0
2025-02-16 13:00:00,10.1,202.0
2025-02-16 14:00:00,10.9,129.0
2025-02-16 15:00:00,10.5,66.0
2025-02-16 16:00:00,8.7,33.0
2025-02-16 17:00:00,7.8,2.0
2025-02-16 18:00:00,7.8,0.0
2025-02-16 19:00:00,8.0,0.0
2025-02-16 20:00:00,8.0,0.0
2025-02-16 21:00:00,7.5,0.0
2025-02-16 22:00:00,7.6,0.0
2025-02-16 23:00:00,7.5,0.0
2025-02-17 00:00:00,7.5,0.0
2025-02-17 01:00:00,8.5,0.0
2025-02-17 02:00:00,8.3,0.0
2025-02-17 03:00:00,7.8,0.0
2025-02-17 04:00:00,8.1,0.0
2025-02-17 05:00:00,8.3,0.0
2025-02-17 06:00:00,8.2,0.0
2025-02-17 07:00:00,8.4,30.0
2025-02-17 08:00:00,11.5,100.0
2025-02-17 09:00:00,13.0,162.0
2025-02-17 10:00:00,12.5,209.0
2025-02-17 11:00:00,11.4,210.0
2025-02-17 12:00:00,10.2,249.0
2025-02-17 13:00:00,9.8,224.0
2025-02-17 14:00:00,9.2,188.0
2025-02-17 15:00:00,8.5,139.0
2025-02-17 16:00:00,5.2,50.0
2025-02-17 17:00:00,4.0,4.0
2025-02-17 18:00:00,4.0,0.0
2025-02-17 19:00:00,4.2,0.0
2025-02-17 20:00:00,3.6,0.0
2025-02-17 21:00:00,3.4,0.0
2025-02-17 22:00:00,3.6,0.0
2025-02-17 23:00:00,3.6,0.0
2025-02-18 00:00:00,3.6,0.0
2025-02-18 01:00:00,4.2,0.0
2025-02-18 02:00:00,5.1,0.0
2025-02-18 03:00:00,5.0,0.0
2025-02-18 04:00:00,3.8,0.0
2025-02-18 05:00:00,3.6,0.0
2025-02-18 06:00:00,3.5,0.0
2025-02-18 07:00:00,5.1,56.0
2025-02-18 08:00:00,4.2,205.0
2025-02-18 09:00:00,3.9,358.0
2025-02-18 10:00:00,7.3,473.0
2025-02-18 11:00:00,9.0,532.0
2025-02-18 12:00:00,9.7,541.0
2025-02-18 13:00:00,9.3,372.0
2025-02-18 14:00:00,9.9,328.0
2025-02-18 15:00:00,9.6,248.0
2025-02-18 16:00:00,5.2,110.0
2025-02-18 17:00:00,5.2,6.0
2025-02-18 18:00:00,5.3,0.0
2025-02-18 19:00:00,6.0,0.0
2025-02-18 20:00:00,7.3,0.0
2025-02-18 21:00:00,7.1,0.0
2025-02-18 22:00:00,5.5,0.0
2025-02-18 23:00:00,4.1,0.0
2025-02-19 00:00:00,2.7,0.0
2025-02-19 01:00:00,1.7,0.0
2025-02-19 02:00:00,1.8,0.0
2025-02-19 03:00:00,2.2,0.0
2025-02-19 04:00:00,2.4,0.0
2025-02-19 05:00:00,1.9,0.0
2025-02-19 06:00:00,1.5,0.0
2025-02-19 07:00:00,2.5,63.0
2025-02-19 08:00:00,2.3,217.0
2025-02-19 09:00:00,4.2,372.0
2025-02-19 10:00:00,7.6,490.0
2025-02-19 11:00:00,7.7,515.0
2025-02-19 12:00:00,7.6,511.0
2025-02-19 13:00:00,7.3,499.0
2025-02-19 14:00:00,7.8,412.0
2025-02-19 15:00:00,7.6,273.0
2025-02-19 16:00:00,3.4,113.0
2025-02-19 17:00:00,1.9,7.0
2025-02-19 18:00:00,1.4,0.0
2025-02-19 19:00:00,2.2,0.0
2025-02-19 20:00:00,4.5,0.0
2025-02-19 21:00:00,4.8,0.0
2025-02-19 22:00:00,4.3,0.0
2025-02-19 23:00:00,3.9,0.0
2025-02-20 00:00:00,3.4,0.0
2025-02-20 01:00:00,2.8,0.0
2025-02-20 02:00:00,0.6,0.0
2025-02-20 03:00:00,0.4,0.0
2025-02-20 04:00:00,0.4,0.0
2025-02-20 05:00:00,0.6,0.0
2025-02-20 06:00:00,1.7,0.0
2025-02-20 07:00:00,4.7,67.0
2025-02-20 08:00:00,5.2,223.0
2025-02-20 09:00:00,6.4,376.0
2025-02-20 10:00:00,6.9,494.0
2025-02-20 11:00:00,6.6,561.0
2025-02-20 12:00:00,5.8,573.0
2025-02-20 13:00:00,5.6,521.0
2025-02-20 14:00:00,5.9,419.0
2025-02-20 15:00:00,5.6,274.0
2025-02-20 16:00:00,3.5,108.0
2025-02-20 17:00:00,4.6,6.0
2025-02-20 18:00:00,4.0,0.0
2025-02-20 19:00:00,4.0,0.0
2025-02-20 20:00:00,4.0,0.0
2025-02-20 21:00:00,4.2,0.0
2025-02-20 22:00:00,4.6,0.0
2025-02-20 23:00:00,5.4,0.0
2025-02-21 00:00:00,6.4,0.0
2025-02-21 01:00:00,6.5,0.0
2025-02-21 02:00:00,6.9,0.0
2025-02-21 03:00:00,6.6,0.0
2025-02-21 04:00:00,6.7,0.0
2025-02-21 05:00:00,6.4,0.0
2025-02-21 06:00:00,6.0,0.0
2025-02-21 07:00:00,6.3,48.0
2025-02-21 08:00:00,6.8,130.0
2025-02-21 09:00:00,6.5,232.0
2025-02-21 10:00:00,6.4,362.0
2025-02-21 11:00:00,6.7,487.0
2025-02-21 12:00:00,7.8,528.0
2025-02-21 13:00:00,7.8,423.0
2025-02-21 14:00:00,8.2,355.0
2025-02-21 15:00:00,8.5,259.0
2025-02-21 16:00:00,5.8,104.0
2025-02-21 17:00:00,7.8,8.0
2025-02-21 18:00:00,7.7,0.0
2025-02-21 19:00:00,7.1,0.0
2025-02-21 20:00:00,5.1,0.0
2025-02-21 21:00:00,3.3,0.0
2025-02-21 22:00:00,3.2,0.0
2025-02-21 23:00:00,2.3,0.0
2025-02-22 00:00:00,4.7,0.0
2025-02-22 01:00:00,2.3,0.0
2025-02-22 02:00:00,4.3,0.0
2025-02-22 03:00:00,4.5,0.0
2025-02-22 04:00:00,4.5,0.0
2025-02-22 05:00:00,4.7,0.0
2025-02-22 06:00:00,4.1,1.0
2025-02-22 07:00:00,3.5,71.0
2025-02-22 08:00:00,1.0,222.0
2025-02-22 09:00:00,2.2,368.0
2025-02-22 10:00:00,3.8,479.0
2025-02-22 11:00:00,5.4,533.0
2025-02-22 12:00:00,6.3,545.0
2025-02-22 13:00:00,7.4,472.0
2025-02-22 14:00:00,6.7,385.0
2025-02-22 15:00:00,4.9,257.0
2025-02-22 16:00:00,5.0,107.0
2025-02-22 17:00:00,6.1,8.0
2025-02-22 18:00:00,4.9,0.0
2025-02-22 19:00:00,2.4,0.0
2025-02-22 20:00:00,1.2,0.0
2025-02-22 21:00:00,1.1,0.0
2025-02-22 22:00:00,1.3,0.0
2025-02-22 23:00:00,1.5,0.0
2025-02-23 00:00:00,1.0,0.0
2025-02-23 01:00:00,2.2,0.0
2025-02-23 02:00:00,1.3,0.0
2025-02-23 03:00:00,0.5,0.0
2025-02-23 04:00:00,0.9,0.0
2025-02-23 05:00:00,0.8,0.0
2025-02-23 06:00:00,1.5,1.0
2025-02-23 07:00:00,2.3,47.0
2025-02-23 08:00:00,2.2,115.0
2025-02-23 09:00:00,2.9,224.0
2025-02-23 10:00:00,3.1,276.0
2025-02-23 11:00:00,3.1,416.0
2025-02-23 12:00:00,4.0,424.0
2025-02-23 13:00:00,1.0,384.0
2025-02-23 14:00:00,2.7,328.0
2025-02-23 15:00:00,5.1,227.0
2025-02-23 16:00:00,6.2,84.0
2025-02-23 17:00:00,7.0,5.0
2025-02-23 18:00:00,5.6,0.0
2025-02-23 19:00:00,4.7,0.0
2025-02-23 20:00:00,3.2,0.0
2025-02-23 21:00:00,0.7,0.0
2025-02-23 22:00:00,0.4,0.0
2025-02-23 23:00:00,1.6,0.0
2025-02-24 00:00:00,1.2,0.0
2025-02-24 01:00:00,0.9,0.0
2025-02-24 02:00:00,0.4,0.0
2025-02-24 03:00:00,1.3,0.0
2025-02-24 04:00:00,0.9,0.0
2025-02-24 05:00:00,0.3,0.0
2025-02-24 06:00:00,1.0,0.0
2025-02-24 07:00:00,0.9,17.0
2025-02-24 08:00:00,0.9,67.0
2025-02-24 09:00:00,0.7,95.0
2025-02-24 10:00:00,0.3,208.0
2025-02-24 11:00:00,1.5,215.0
2025-02-24 12:00:00,2.0,116.0
2025-02-24 13:00:00,1.5,233.0
2025-02-24 14:00:00,3.2,225.0
2025-02-24 15:00:00,4.2,226.0
2025-02-24 16:00:00,2.0,104.0
2025-02-24 17:00:00,3.4,11.0
2025-02-24 18:00:00,2.9,0.0
2025-02-24 19:00:00,3.0,0.0
2025-02-24 20:00:00,4.0,0.0
2025-02-24 21:00:00,1.2,0.0
2025-02-24 22:00:00,1.2,0.0
2025-02-24 23:00:00,1.9,0.0
2025-02-25 00:00:00,0.4,0.0
2025-02-25 01:00:00,0.6,0.0
2025-02-25 02:00:00,0.6,0.0
2025-02-25 03:00:00,1.5,0.0
2025-02-25 04:00:00,2.8,0.0
2025-02-25 05:00:00,3.0,0.0
2025-02-25 06:00:00,2.4,1.0
2025-02-25 07:00:00,2.7,36.0
2025-02-25 08:00:00,3.2,110.0
2025-02-25 09:00:00,4.6,177.0
2025-02-25 10:00:00,4.5,235.0
2025-02-25 11:00:00,4.7,311.0
2025-02-25 12:00:00,5.4,333.0
2025-02-25 13:00:00,2.2,271.0
2025-02-25 14:00:00,6.0,306.0
2025-02-25 15:00:00,8.4,221.0
2025-02-25 16:00:00,5.1,118.0
2025-02-25 17:00:00,7.0,12.0
2025-02-25 18:00:00,9.2,0.0
2025-02-25 19:00:00,4.8,0.0
2025-02-25 20:00:00,2.0,0.0
2025-02-25 21:00:00,2.9,0.0
2025-02-25 22:00:00,4.0,0.0
2025-02-25 23:00:00,4.3,0.0
2025-02-26 00:00:00,4.2,0.0
2025-02-26 01:00:00,4.6,0.0
2025-02-26 02:00:00,2.7,0.0
2025-02-26 03:00:00,2.5,0.0
2025-02-26 04:00:00,4.0,0.0
2025-02-26 05:00:00,3.9,0.0
2025-02-26 06:00:00,4.1,1.0
2025-02-26 07:00:00,4.2,40.0
2025-02-26 08:00:00,4.7,124.0
2025-02-26 09:00:00,4.8,200.0
2025-02-26 10:00:00,3.2,158.0
2025-02-26 11:00:00,3.2,148.0
2025-02-26 12:00:00,4.8,94.0
2025-02-26 13:00:00,4.8,75.0
2025-02-26 14:00:00,5.1,121.0
2025-02-26 15:00:00,6.6,69.0
2025-02-26 16:00:00,9.9,21.0
2025-02-26 17:00:00,8.7,2.0
2025-02-26 18:00:00,11.1,0.0
2025-02-26 19:00:00,12.0,0.0
2025-02-26 20:00:00,13.2,0.0
2025-02-26 21:00:00,16.8,0.0
2025-02-26 22:00:00,19.8,0.0
2025-02-26 23:00:00,17.8,0.0
2025-02-27 00:00:00,15.5,0.0
2025-02-27 01:00:00,19.0,0.0
2025-02-27 02:00:00,19.7,0.0
2025-02-27 03:00:00,18.1,0.0
2025-02-27 04:00:00,15.6,0.0
2025-02-27 05:00:00,13.1,0.0
2025-02-27 06:00:00,11.3,0.0
2025-02-27 07:00:00,13.5,9.0
2025-02-27 08:00:00,14.5,27.0
2025-02-27 09:00:00,14.4,41.0
2025-02-27 10:00:00,14.4,78.0
2025-02-27 11:00:00,12.6,121.0
2025-02-27 12:00:00,8.0,77.0
2025-02-27 13:00:00,8.6,62.0
2025-02-27 14:00:00,8.2,57.0
2025-02-27 15:00:00,5.6,32.0
2025-02-27 16:00:00,1.4,23.0
2025-02-27 17:00:00,1.1,3.0
2025-02-27 18:00:00,3.1,0.0
2025-02-27 19:00:00,2.9,0.0
2025-02-27 20:00:00,1.5,0.0
2025-02-27 21:00:00,1.8,0.0
2025-02-27 22:00:00,3.4,0.0
2025-02-27 23:00:00,3.3,0.0
2025-02-28 00:00:00,3.3,0.0
2025-02-28 01:00:00,3.7,0.0
2025-02-28 02:00:00,7.1,0.0
2025-02-28 03:00:00,7.6,0.0
2025-02-28 04:00:00,8.4,0.0
2025-02-28 05:00:00,8.2,0.0
2025-02-28 06:00:00,8.1,2.0
2025-02-28 07:00:00,6.9,57.0
2025-02-28 08:00:00,4.8,146.0
2025-02-28 09:00:00,1.9,290.0
2025-02-28 10:00:00,0.9,408.0
2025-02-28 11:00:00,5.0,464.0
2025-02-28 12:00:00,6.5,510.0
2025-02-28 13:00:00,6.5,466.0
2025-02-28 14:00:00,7.4,348.0
2025-02-28 15:00:00,6.7,223.0
2025-02-28 16:00:00,3.8,105.0
2025-02-28 17:00:00,4.1,14.0
2025-02-28 18:00:00,4.8,0.0
2025-02-28 19:00:00,5.4,0.0
2025-02-28 20:00:00,5.6,0.0
2025-02-28 21:00:00,4.8,0.0
2025-02-28 22:00:00,4.4,0.0
2025-02-28 23:00:00,4.0,0.0
2025-03-01 00:00:00,4.2,0.0
2025-03-01 01:00:00,4.4,0.0
2025-03-01 02:00:00,5.0,0.0
2025-03-01 03:00:00,6.0,0.0
2025-03-01 04:00:00,6.7,0.0
2025-03-01 05:00:00,7.0,0.0
2025-03-01 06:00:00,8.2,2.0
2025-03-01 07:00:00,8.8,34.0
2025-03-01 08:00:00,7.5,115.0
2025-03-01 09:00:00,6.8,115.0
2025-03-01 10:00:00,9.8,305.0
2025-03-01 11:00:00,10.4,234.0
2025-03-01 12:00:00,10.2,214.0
2025-03-01 13:00:00,13.0,249.0
2025-03-01 14:00:00,10.6,129.0
2025-03-01 15:00:00,8.0,87.0
2025-03-01 16:00:00,6.2,48.0
2025-03-01 17:00:00,4.9,8.0
2025-03-01 18:00:00,5.8,0.0
2025-03-01 19:00:00,6.1,0.0
2025-03-01 20:00:00,7.9,0.0
2025-03-01 21:00:00,8.6,0.0
2025-03-01 22:00:00,8.9,0.0
2025-03-01 23:00:00,9.6,0.0
2025-03-02 00:00:00,10.1,0.0
2025-03-02 01:00:00,9.7,0.0
2025-03-02 02:00:00,8.6,0.0
2025-03-02 03:00:00,7.2,0.0
2025-03-02 04:00:00,6.7,0.0
2025-03-02 05:00:00,6.1,0.0
2025-03-02 06:00:00,4.8,6.0
2025-03-02 07:00:00,4.2,106.0
2025-03-02 08:00:00,2.7,263.0
2025-03-02 09:00:00,6.1,414.0
2025-03-02 10:00:00,11.8,534.0
2025-03-02 11:00:00,12.1,557.0
2025-03-02 12:00:00,10.6,579.0
2025-03-02 13:00:00,9.3,515.0
2025-03-02 14:00:00,7.7,448.0
2025-03-02 15:00:00,7.5,313.0
2025-03-02 16:00:00,3.7,150.0
2025-03-02 17:00:00,4.3,21.0
2025-03-02 18:00:00,3.5,0.0
2025-03-02 19:00:00,2.7,0.0
2025-03-02 20:00:00,3.1,0.0
2025-03-02 21:00:00,2.9,0.0
2025-03-02 22:00:00,2.3,0.0
2025-03-02 23:00:00,2.2,0.0
2025-03-03 00:00:00,4.2,0.0
2025-03-03 01:00:00,5.3,0.0
2025-03-03 02:00:00,4.7,0.0
2025-03-03 03:00:00,5.1,0.0
2025-03-03 04:00:00,4.5,0.0
2025-03-03 05:00:00,3.7,0.0
2025-03-03 06:00:00,3.2,7.0
2025-03-03 07:00:00,4.1,112.0
2025-03-03 08:00:00,1.6,278.0
2025-03-03 09:00:00,1.1,431.0
2025-03-03 10:00:00,3.1,545.0
2025-03-03 11:00:00,4.1,610.0
2025-03-03 12:00:00,4.1,618.0
2025-03-03 13:00:00,4.2,567.0
2025-03-03 14:00:00,4.5,466.0
2025-03-03 15:00:00,4.5,324.0
2025-03-03 16:00:00,3.1,159.0
2025-03-03 17:00:00,1.8,23.0
2025-03-03 18:00:00,0.6,0.0
2025-03-03 19:00:00,0.4,0.0
2025-03-03 20:00:00,0.4,0.0
2025-03-03 21:00:00,0.6,0.0
2025-03-03 22:00:00,0.8,0.0
2025-03-03 23:00:00,0.6,0.0
2025-03-04 00:00:00,2.1,0.0
2025-03-04 01:00:00,2.3,0.0
2025-03-04 02:00:00,3.8,0.0
2025-03-04 03:00:00,4.8,0.0
2025-03-04 04:00:00,5.0,0.0
2025-03-04 05:00:00,4.4,0.0
2025-03-04 06:00:00,3.8,8.0
2025-03-04 07:00:00,3.9,115.0
2025-03-04 08:00:00,1.5,272.0
2025-03-04 09:00:00,1.3,396.0
2025-03-04 10:00:00,2.7,505.0
2025-03-04 11:00:00,3.0,582.0
2025-03-04 12:00:00,2.4,613.0
2025-03-04 13:00:00,1.6,569.0
2025-03-04 14:00:00,0.9,468.0
2025-03-04 15:00:00,2.2,326.0
2025-03-04 16:00:00,2.7,161.0
2025-03-04 17:00:00,2.8,25.0
2025-03-04 18:00:00,1.9,0.0
2025-03-04 19:00:00,0.7,0.0
2025-03-04 20:00:00,0.6,0.0
2025-03-04 21:00:00,0.6,0.0
2025-03-04 22:00:00,1.0,0.0
2025-03-04 23:00:00,2.3,0.0
2025-03-05 00:00:00,3.0,0.0
2025-03-05 01:00:00,2.0,0.0
2025-03-05 02:00:00,3.3,0.0
2025-03-05 03:00:00,2.7,0.0
2025-03-05 04:00:00,1.5,0.0
2025-03-05 05:00:00,0.7,0.0
2025-03-05 06:00:00,1.1,9.0
2025-03-05 07:00:00,2.9,121.0
2025-03-05 08:00:00,1.0,287.0
2025-03-05 09:00:00,1.9,440.0
2025-03-05 10:00:00,3.3,554.0
2025-03-05 11:00:00,4.2,619.0
2025-03-05 12:00:00,3.8,627.0
2025-03-05 13:00:00,3.7,577.0
2025-03-05 14:00:00,4.0,476.0
2025-03-05 15:00:00,2.8,332.0
2025-03-05 16:00:00,1.7,166.0
2025-03-05 17:00:00,3.4,27.0
2025-03-05 18:00:00,3.3,0.0
2025-03-05 19:00:00,1.7,0.0
2025-03-05 20:00:00,1.0,0.0
2025-03-05 21:00:00,0.9,0.0
2025-03-05 22:00:00,0.6,0.0
2025-03-05 23:00:00,0.6,0.0
2025-03-06 00:00:00,0.5,0.0
2025-03-06 01:00:00,0.6,0.0
2025-03-06 02:00:00,2.4,0.0
2025-03-06 03:00:00,4.0,0.0
2025-03-06 04:00:00,3.1,0.0
2025-03-06 05:00:00,1.5,0.0
2025-03-06 06:00:00,0.2,11.0
2025-03-06 07:00:00,1.5,128.0
2025-03-06 08:00:00,1.4,297.0
2025-03-06 09:00:00,1.7,452.0
2025-03-06 10:00:00,2.5,568.0
2025-03-06 11:00:00,3.1,632.0
2025-03-06 12:00:00,2.9,640.0
2025-03-06 13:00:00,3.3,591.0
2025-03-06 14:00:00,3.4,487.0
2025-03-06 15:00:00,2.5,341.0
2025-03-06 16:00:00,3.1,173.0
2025-03-06 17:00:00,2.7,30.0
2025-03-06 18:00:00,1.5,0.0
2025-03-06 19:00:00,1.3,0.0
2025-03-06 20:00:00,0.9,0.0
2025-03-06 21:00:00,0.2,0.0
2025-03-06 22:00:00,1.3,0.0
2025-03-06 23:00:00,1.0,0.0
2025-03-07 00:00:00,1.2,0.0
2025-03-07 01:00:00,4.0,0.0
2025-03-07 02:00:00,4.4,0.0
2025-03-07 03:00:00,4.4,0.0
2025-03-07 04:00:00,3.8,0.0
2025-03-07 05:00:00,3.1,0.0
2025-03-07 06:00:00,2.8,13.0
2025-03-07 07:00:00,4.0,134.0
2025-03-07 08:00:00,2.4,304.0
2025-03-07 09:00:00,1.5,457.0
2025-03-07 10:00:00,1.9,571.0
2025-03-07 11:00:00,3.1,634.0
2025-03-07 12:00:00,2.9,641.0
2025-03-07 13:00:00,2.9,594.0
2025-03-07 14:00:00,4.3,491.0
2025-03-07 15:00:00,3.3,345.0
2025-03-07 16:00:00,2.7,173.0
2025-03-07 17:00:00,2.7,31.0
2025-03-07 18:00:00,1.3,0.0
2025-03-07 19:00:00,0.2,0.0
2025-03-07 20:00:00,0.6,0.0
2025-03-07 21:00:00,2.8,0.0
2025-03-07 22:00:00,4.8,0.0
2025-03-07 23:00:00,7.3,0.0
2025-03-08 00:00:00,8.4,0.0
2025-03-08 01:00:00,7.0,0.0
2025-03-08 02:00:00,7.3,0.0
2025-03-08 03:00:00,7.9,0.0
2025-03-08 04:00:00,7.2,0.0
2025-03-08 05:00:00,5.7,0.0
2025-03-08 06:00:00,6.1,13.0
2025-03-08 07:00:00,6.2,122.0
2025-03-08 08:00:00,4.2,282.0
2025-03-08 09:00:00,2.5,436.0
2025-03-08 10:00:00,1.4,557.0
2025-03-08 11:00:00,1.0,524.0
2025-03-08 12:00:00,1.0,618.0
2025-03-08 13:00:00,1.3,551.0
2025-03-08 14:00:00,1.4,485.0
2025-03-08 15:00:00,0.3,341.0
2025-03-08 16:00:00,0.2,177.0
2025-03-08 17:00:00,1.1,33.0
2025-03-08 18:00:00,0.4,0.0
2025-03-08 19:00:00,1.9,0.0
2025-03-08 20:00:00,2.5,0.0
2025-03-08 21:00:00,2.6,0.0
2025-03-08 22:00:00,3.6,0.0
2025-03-08 23:00:00,5.6,0.0
2025-03-09 00:00:00,7.1,0.0
2025-03-09 01:00:00,8.6,0.0
2025-03-09 02:00:00,5.5,0.0
2025-03-09 03:00:00,7.3,0.0
2025-03-09 04:00:00,6.7,0.0
2025-03-09 05:00:00,5.8,0.0
2025-03-09 06:00:00,2.2,15.0
2025-03-09 07:00:00,0.7,136.0
2025-03-09 08:00:00,1.5,302.0
2025-03-09 09:00:00,2.0,454.0
2025-03-09 10:00:00,4.9,567.0
2025-03-09 11:00:00,7.7,628.0
2025-03-09 12:00:00,10.9,633.0
2025-03-09 13:00:00,14.3,589.0
2025-03-09 14:00:00,19.5,480.0
2025-03-09 15:00:00,16.0,328.0
2025-03-09 16:00:00,12.0,177.0
2025-03-09 17:00:00,9.1,34.0
2025-03-09 18:00:00,10.3,0.0
2025-03-09 19:00:00,9.3,0.0
2025-03-09 20:00:00,7.3,0.0
2025-03-09 21:00:00,5.7,0.0
2025-03-09 22:00:00,4.8,0.0
2025-03-09 23:00:00,4.6,0.0
2025-03-10 00:00:00,4.4,0.0
2025-03-10 01:00:00,6.2,0.0
2025-03-10 02:00:00,6.1,0.0
2025-03-10 03:00:00,5.2,0.0
2025-03-10 04:00:00,4.8,0.0
2025-03-10 05:00:00,2.1,0.0
2025-03-10 06:00:00,2.4,13.0
2025-03-10 07:00:00,5.6,82.0
2025-03-10 08:00:00,5.5,156.0
2025-03-10 09:00:00,5.1,247.0
2025-03-10 10:00:00,7.5,383.0
2025-03-10 11:00:00,5.0,215.0
2025-03-10 12:00:00,6.7,139.0
2025-03-10 13:00:00,4.5,31.0
2025-03-10 14:00:00,9.8,385.0
2025-03-10 15:00:00,7.4,243.0
2025-03-10 16:00:00,15.4,141.0
2025-03-10 17:00:00,15.4,32.0
2025-03-10 18:00:00,12.4,0.0
2025-03-10 19:00:00,11.1,0.0
2025-03-10 20:00:00,9.8,0.0
2025-03-10 21:00:00,8.3,0.0
2025-03-10 22:00:00,7.0,0.0
2025-03-10 23:00:00,5.5,0.0
2025-03-11 00:00:00,1.6,0.0
2025-03-11 01:00:00,1.4,0.0
2025-03-11 02:00:00,1.3,0.0
2025-03-11 03:00:00,2.7,0.0
2025-03-11 04:00:00,3.9,0.0
2025-03-11 05:00:00,3.1,0.0
2025-03-11 06:00:00,1.9,3.0
2025-03-11 07:00:00,5.4,64.0
2025-03-11 08:00:00,2.8,153.0
2025-03-11 09:00:00,2.2,232.0
2025-03-11 10:00:00,4.9,348.0
2025-03-11 11:00:00,8.0,309.0
2025-03-11 12:00:00,9.9,393.0
2025-03-11 13:00:00,10.5,360.0
2025-03-11 14:00:00,12.8,418.0
2025-03-11 15:00:00,11.5,291.0
2025-03-11 16:00:00,12.2,157.0
2025-03-11 17:00:00,16.3,38.0
2025-03-11 18:00:00,15.5,0.0
2025-03-11 19:00:00,14.9,0.0
2025-03-11 20:00:00,12.0,0.0
2025-03-11 21:00:00,9.9,0.0
2025-03-11 22:00:00,11.2,0.0
2025-03-11 23:00:00,9.5,0.0
2025-03-12 00:00:00,7.5,0.0
2025-03-12 01:00:00,7.1,0.0
2025-03-12 02:00:00,4.9,0.0
2025-03-12 03:00:00,4.8,0.0
2025-03-12 04:00:00,5.3,0.0
2025-03-12 05:00:00,4.4,0.0
2025-03-12 06:00:00,3.9,19.0
2025-03-12 07:00:00,6.6,137.0
2025-03-12 08:00:00,6.6,289.0
2025-03-12 09:00:00,7.2,447.0
2025-03-12 10:00:00,10.8,546.0
2025-03-12 11:00:00,16.9,602.0
2025-03-12 12:00:00,17.7,622.0
2025-03-12 13:00:00,11.2,432.0
2025-03-12 14:00:00,11.9,369.0
2025-03-12 15:00:00,10.2,180.0
2025-03-12 16:00:00,6.3,99.0
2025-03-12 17:00:00,4.1,24.0
2025-03-12 18:00:00,5.6,0.0
2025-03-12 19:00:00,5.1,0.0
2025-03-12 20:00:00,9.3,0.0
2025-03-12 21:00:00,7.6,0.0
2025-03-12 22:00:00,7.6,0.0
2025-03-12 23:00:00,11.2,0.0
2025-03-13 00:00:00,12.7,0.0
2025-03-13 01:00:00,9.7,0.0
2025-03-13 02:00:00,6.4,0.0
2025-03-13 03:00:00,12.9,0.0
2025-03-13 04:00:00,13.0,0.0
2025-03-13 05:00:00,11.8,0.0
2025-03-13 06:00:00,12.0,20.0
2025-03-13 07:00:00,15.2,103.0
2025-03-13 08:00:00,16.1,207.0
2025-03-13 09:00:00,24.7,372.0
2025-03-13 10:00:00,24.8,496.0
2025-03-13 11:00:00,26.8,596.0
2025-03-13 12:00:00,27.7,499.0
2025-03-13 13:00:00,25.0,528.0
2025-03-13 14:00:00,22.4,487.0
2025-03-13 15:00:00,20.0,319.0
2025-03-13 16:00:00,15.1,149.0
2025-03-13 17:00:00,15.7,42.0
2025-03-13 18:00:00,14.5,0.0
2025-03-13 19:00:00,14.5,0.0
2025-03-13 20:00:00,13.1,0.0
2025-03-13 21:00:00,8.5,0.0
2025-03-13 22:00:00,4.9,0.0
2025-03-13 23:00:00,4.3,0.0
2025-03-14 00:00:00,4.2,0.0
2025-03-14 01:00:00,5.6,0.0
2025-03-14 02:00:00,5.4,0.0
2025-03-14 03:00:00,1.9,0.0
2025-03-14 04:00:00,4.1,0.0
2025-03-14 05:00:00,5.3,0.0
2025-03-14 06:00:00,7.3,14.0
2025-03-14 07:00:00,5.2,54.0
2025-03-14 08:00:00,8.8,58.0
2025-03-14 09:00:00,10.0,107.0
2025-03-14 10:00:00,12.6,102.0
2025-03-14 11:00:00,6.2,341.0
2025-03-14 12:00:00,6.5,326.0
2025-03-14 13:00:00,10.4,327.0
2025-03-14 14:00:00,16.7,387.0
2025-03-14 15:00:00,15.0,170.0
2025-03-14 16:00:00,10.6,99.0
2025-03-14 17:00:00,7.0,24.0
2025-03-14 18:00:00,5.2,0.0
2025-03-14 19:00:00,9.4,0.0
2025-03-14 20:00:00,6.4,0.0
2025-03-14 21:00:00,7.7,0.0
2025-03-14 22:00:00,8.8,0.0
2025-03-14 23:00:00,13.2,0.0
2025-03-15 00:00:00,18.0,0.0
2025-03-15 01:00:00,12.2,0.0
2025-03-15 02:00:00,11.3,0.0
2025-03-15 03:00:00,10.7,0.0
2025-03-15 04:00:00,8.2,0.0
2025-03-15 05:00:00,5.3,0.0
2025-03-15 06:00:00,5.1,11.0
2025-03-15 07:00:00,6.4,85.0
2025-03-15 08:00:00,5.9,132.0
2025-03-15 09:00:00,5.9,214.0
2025-03-15 10:00:00,4.4,293.0
2025-03-15 11:00:00,1.8,368.0
2025-03-15 12:00:00,1.8,429.0
2025-03-15 13:00:00,3.4,294.0
2025-03-15 14:00:00,4.4,238.0
2025-03-15 15:00:00,4.2,240.0
2025-03-15 16:00:00,3.9,142.0
2025-03-15 17:00:00,3.1,38.0
2025-03-15 18:00:00,6.5,0.0
2025-03-15 19:00:00,6.6,0.0
2025-03-15 20:00:00,7.0,0.0
2025-03-15 21:00:00,5.3,0.0
2025-03-15 22:00:00,7.2,0.0
2025-03-15 23:00:00,7.1,0.0
2025-03-16 00:00:00,6.9,0.0
2025-03-16 01:00:00,6.5,0.0
2025-03-16 02:00:00,8.7,0.0
2025-03-16 03:00:00,7.1,0.0
2025-03-16 04:00:00,8.3,0.0
2025-03-16 05:00:00,7.1,0.0
2025-03-16 06:00:00,7.3,3.0
2025-03-16 07:00:00,8.4,21.0
2025-03-16 08:00:00,5.7,43.0
2025-03-16 09:00:00,6.2,68.0
2025-03-16 10:00:00,7.0,123.0
2025-03-16 11:00:00,5.1,171.0
2025-03-16 12:00:00,4.8,230.0
2025-03-16 13:00:00,1.4,233.0
2025-03-16 14:00:00,1.7,146.0
2025-03-16 15:00:00,2.6,125.0
2025-03-16 16:00:00,2.4,131.0
2025-03-16 17:00:00,0.9,27.0
2025-03-16 18:00:00,2.6,0.0
2025-03-16 19:00:00,5.0,0.0
2025-03-16 20:00:00,3.2,0.0
2025-03-16 21:00:00,3.4,0.0
2025-03-16 22:00:00,3.7,0.0
2025-03-16 23:00:00,5.0,0.0
2025-03-17 00:00:00,5.1,0.0
2025-03-17 01:00:00,11.3,0.0
2025-03-17 02:00:00,4.6,0.0
2025-03-17 03:00:00,6.4,0.0
2025-03-17 04:00:00,5.3,0.0
2025-03-17 05:00:00,4.9,0.0
2025-03-17 06:00:00,3.4,6.0
2025-03-17 07:00:00,3.4,37.0
2025-03-17 08:00:00,0.6,87.0
2025-03-17 09:00:00,2.7,119.0
2025-03-17 10:00:00,3.7,213.0
2025-03-17 11:00:00,6.1,286.0
2025-03-17 12:00:00,5.7,487.0
2025-03-17 13:00:00,7.7,324.0
2025-03-17 14:00:00,10.4,367.0
2025-03-17 15:00:00,13.1,230.0
2025-03-17 16:00:00,14.3,136.0
2025-03-17 17:00:00,16.9,39.0
2025-03-17 18:00:00,16.8,0.0
2025-03-17 19:00:00,16.7,0.0
2025-03-17 20:00:00,14.5,0.0
2025-03-17 21:00:00,12.9,0.0
2025-03-17 22:00:00,13.0,0.0
2025-03-17 23:00:00,13.2,0.0
2025-03-18 00:00:00,14.2,0.0
2025-03-18 01:00:00,14.7,0.0
2025-03-18 02:00:00,13.8,0.0
2025-03-18 03:00:00,13.5,0.0
2025-03-18 04:00:00,13.3,0.0
2025-03-18 05:00:00,12.2,0.0
2025-03-18 06:00:00,11.4,39.0
2025-03-18 07:00:00,10.0,150.0
2025-03-18 08:00:00,9.1,313.0
2025-03-18 09:00:00,11.3,522.0
2025-03-18 10:00:00,10.9,582.0
2025-03-18 11:00:00,10.6,622.0
2025-03-18 12:00:00,10.8,624.0
2025-03-18 13:00:00,9.8,577.0
2025-03-18 14:00:00,10.4,522.0
2025-03-18 15:00:00,9.6,393.0
2025-03-18 16:00:00,7.9,223.0
2025-03-18 17:00:00,4.7,60.0
2025-03-18 18:00:00,3.9,0.0
2025-03-18 19:00:00,3.1,0.0
2025-03-18 20:00:00,3.2,0.0
2025-03-18 21:00:00,3.1,0.0
2025-03-18 22:00:00,2.2,0.0
2025-03-18 23:00:00,2.4,0.0
2025-03-19 00:00:00,2.3,0.0
2025-03-19 01:00:00,4.0,0.0
2025-03-19 02:00:00,2.3,0.0
2025-03-19 03:00:00,2.5,0.0
2025-03-19 04:00:00,2.0,0.0
2025-03-19 05:00:00,1.3,0.0
2025-03-19 06:00:00,1.5,44.0
2025-03-19 07:00:00,1.5,202.0
2025-03-19 08:00:00,3.6,381.0
2025-03-19 09:00:00,4.3,539.0
2025-03-19 10:00:00,5.0,655.0
2025-03-19 11:00:00,5.1,718.0
2025-03-19 12:00:00,5.3,722.0
2025-03-19 13:00:00,5.1,666.0
2025-03-19 14:00:00,6.0,558.0
2025-03-19 15:00:00,6.9,406.0
2025-03-19 16:00:00,5.8,229.0
2025-03-19 17:00:00,6.5,63.0
2025-03-19 18:00:00,6.9,0.0
2025-03-19 19:00:00,6.1,0.0
2025-03-19 20:00:00,5.0,0.0
2025-03-19 21:00:00,4.6,0.0
2025-03-19 22:00:00,4.0,0.0
2025-03-19 23:00:00,4.3,0.0
2025-03-20 00:00:00,4.5,0.0
2025-03-20 01:00:00,3.3,0.0
2025-03-20 02:00:00,2.0,0.0
2025-03-20 03:00:00,1.4,0.0
2025-03-20 04:00:00,0.7,0.0
2025-03-20 05:00:00,1.0,0.0
2025-03-20 06:00:00,1.7,48.0
2025-03-20 07:00:00,1.4,208.0
2025-03-20 08:00:00,1.9,387.0
2025-03-20 09:00:00,2.5,543.0
2025-03-20 10:00:00,3.5,656.0
2025-03-20 11:00:00,5.5,718.0
2025-03-20 12:00:00,6.5,722.0
2025-03-20 13:00:00,5.4,670.0
2025-03-20 14:00:00,5.1,559.0
2025-03-20 15:00:00,4.7,407.0
2025-03-20 16:00:00,2.0,231.0
2025-03-20 17:00:00,1.9,66.0
2025-03-20 18:00:00,1.8,0.0
2025-03-20 19:00:00,5.3,0.0
2025-03-20 20:00:00,5.2,0.0
2025-03-20 21:00:00,5.6,0.0
2025-03-20 22:00:00,5.0,0.0
2025-03-20 23:00:00,4.0,0.0
2025-03-21 00:00:00,3.6,0.0
2025-03-21 01:00:00,4.6,0.0
2025-03-21 02:00:00,4.1,0.0
2025-03-21 03:00:00,3.8,0.0
2025-03-21 04:00:00,3.3,0.0
2025-03-21 05:00:00,3.3,0.0
2025-03-21 06:00:00,2.8,49.0
2025-03-21 07:00:00,3.1,205.0
2025-03-21 08:00:00,2.2,378.0
2025-03-21 09:00:00,3.2,530.0
2025-03-21 10:00:00,5.6,642.0
2025-03-21 11:00:00,7.9,700.0
2025-03-21 12:00:00,10.2,701.0
2025-03-21 13:00:00,8.8,642.0
2025-03-21 14:00:00,8.5,518.0
2025-03-21 15:00:00,10.3,292.0
2025-03-21 16:00:00,10.9,151.0
2025-03-21 17:00:00,8.4,44.0
2025-03-21 18:00:00,8.1,0.0
2025-03-21 19:00:00,7.7,0.0
2025-03-21 20:00:00,5.8,0.0
2025-03-21 21:00:00,5.6,0.0
2025-03-21 22:00:00,6.0,0.0
2025-03-21 23:00:00,5.6,0.0
2025-03-22 00:00:00,4.6,0.0
2025-03-22 01:00:00,3.9,0.0
2025-03-22 02:00:00,4.2,0.0
2025-03-22 03:00:00,4.4,0.0
2025-03-22 04:00:00,4.0,0.0
2025-03-22 05:00:00,4.7,0.0
2025-03-22 06:00:00,8.4,23.0
2025-03-22 07:00:00,7.9,119.0
2025-03-22 08:00:00,8.4,225.0
2025-03-22 09:00:00,11.5,338.0
2025-03-22 10:00:00,13.0,364.0
2025-03-22 11:00:00,13.1,324.0
2025-03-22 12:00:00,14.2,233.0
2025-03-22 13:00:00,17.7,548.0
2025-03-22 14:00:00,18.1,445.0
2025-03-22 15:00:00,14.4,291.0
2025-03-22 16:00:00,7.9,183.0
2025-03-22 17:00:00,4.0,62.0
2025-03-22 18:00:00,4.7,0.0
2025-03-22 19:00:00,7.8,0.0
2025-03-22 20:00:00,7.8,0.0
2025-03-22 21:00:00,6.6,0.0
2025-03-22 22:00:00,6.4,0.0
2025-03-22 23:00:00,6.2,0.0
2025-03-23 00:00:00,6.2,0.0
2025-03-23 01:00:00,7.6,0.0
2025-03-23 02:00:00,11.0,0.0
2025-03-23 03:00:00,11.1,0.0
2025-03-23 04:00:00,9.6,0.0
2025-03-23 05:00:00,10.6,0.0
2025-03-23 06:00:00,10.9,39.0
2025-03-23 07:00:00,8.8,178.0
2025-03-23 08:00:00,8.8,346.0
2025-03-23 09:00:00,11.3,466.0
2025-03-23 10:00:00,18.3,553.0
2025-03-23 11:00:00,18.9,524.0
2025-03-23 12:00:00,19.2,511.0
2025-03-23 13:00:00,19.3,576.0
2025-03-23 14:00:00,19.5,524.0
2025-03-23 15:00:00,18.3,349.0
2025-03-23 16:00:00,16.6,218.0
2025-03-23 17:00:00,10.7,63.0
2025-03-23 18:00:00,6.8,1.0
2025-03-23 19:00:00,5.6,0.0
2025-03-23 20:00:00,3.5,0.0
2025-03-23 21:00:00,4.4,0.0
2025-03-23 22:00:00,1.3,0.0
2025-03-23 23:00:00,1.1,0.0
2025-03-24 00:00:00,1.3,0.0
2025-03-24 01:00:00,0.9,0.0
2025-03-24 02:00:00,1.0,0.0
2025-03-24 03:00:00,2.7,0.0
2025-03-24 04:00:00,2.7,0.0
2025-03-24 05:00:00,3.6,0.0
2025-03-24 06:00:00,2.3,47.0
2025-03-24 07:00:00,1.7,186.0
2025-03-24 08:00:00,0.4,226.0
2025-03-24 09:00:00,2.7,231.0
2025-03-24 10:00:00,5.0,316.0
2025-03-24 11:00:00,6.7,435.0
2025-03-24 12:00:00,6.4,567.0
2025-03-24 13:00:00,8.3,527.0
2025-03-24 14:00:00,9.2,471.0
2025-03-24 15:00:00,3.8,347.0
2025-03-24 16:00:00,2.9,202.0
2025-03-24 17:00:00,3.2,62.0
2025-03-24 18:00:00,5.7,1.0
2025-03-24 19:00:00,9.8,0.0
2025-03-24 20:00:00,8.3,0.0
2025-03-24 21:00:00,3.9,0.0
2025-03-24 22:00:00,6.7,0.0
2025-03-24 23:00:00,6.5,0.0
2025-03-25 00:00:00,8.2,0.0
2025-03-25 01:00:00,4.4,0.0
2025-03-25 02:00:00,7.6,0.0
2025-03-25 03:00:00,5.6,0.0
2025-03-25 04:00:00,4.1,0.0
2025-03-25 05:00:00,5.5,0.0
2025-03-25 06:00:00,7.3,53.0
2025-03-25 07:00:00,4.5,158.0
2025-03-25 08:00:00,2.8,291.0
2025-03-25 09:00:00,1.5,408.0
2025-03-25 10:00:00,2.2,534.0
2025-03-25 11:00:00,3.1,508.0
2025-03-25 12:00:00,3.8,516.0
2025-03-25 13:00:00,2.3,348.0
2025-03-25 14:00:00,3.2,360.0
2025-03-25 15:00:00,4.5,331.0
2025-03-25 16:00:00,6.4,151.0
2025-03-25 17:00:00,3.9,56.0
2025-03-25 18:00:00,4.3,1.0
2025-03-25 19:00:00,3.7,0.0
2025-03-25 20:00:00,3.9,0.0
2025-03-25 21:00:00,4.8,0.0
2025-03-25 22:00:00,5.6,0.0
2025-03-25 23:00:00,6.5,0.0
2025-03-26 00:00:00,7.1,0.0
2025-03-26 01:00:00,2.8,0.0
2025-03-26 02:00:00,4.0,0.0
2025-03-26 03:00:00,3.6,0.0
2025-03-26 04:00:00,4.8,0.0
2025-03-26 05:00:00,7.2,0.0
2025-03-26 06:00:00,7.3,39.0
2025-03-26 07:00:00,5.2,163.0
2025-03-26 08:00:00,3.8,288.0
2025-03-26 09:00:00,7.4,402.0
2025-03-26 10:00:00,9.8,448.0
2025-03-26 11:00:00,11.8,593.0
2025-03-26 12:00:00,10.7,253.0
2025-03-26 13:00:00,10.1,573.0
2025-03-26 14:00:00,12.1,416.0
2025-03-26 15:00:00,12.0,202.0
2025-03-26 16:00:00,6.1,87.0
2025-03-26 17:00:00,5.7,27.0
2025-03-26 18:00:00,6.1,1.0
2025-03-26 19:00:00,9.0,0.0
2025-03-26 20:00:00,10.1,0.0
2025-03-26 21:00:00,12.6,0.0
2025-03-26 22:00:00,10.8,0.0
2025-03-26 23:00:00,12.0,0.0
2025-03-27 00:00:00,14.9,0.0
2025-03-27 01:00:00,15.9,0.0
2025-03-27 02:00:00,19.7,0.0
2025-03-27 03:00:00,21.7,0.0
2025-03-27 04:00:00,22.0,0.0
2025-03-27 05:00:00,22.4,1.0
2025-03-27 06:00:00,23.8,44.0
2025-03-27 07:00:00,24.9,106.0
2025-03-27 08:00:00,22.8,180.0
2025-03-27 09:00:00,24.0,360.0
2025-03-27 10:00:00,26.0,190.0
2025-03-27 11:00:00,24.5,127.0
2025-03-27 12:00:00,23.1,145.0
2025-03-27 13:00:00,22.4,113.0
2025-03-27 14:00:00,20.8,46.0
2025-03-27 15:00:00,19.5,51.0
2025-03-27 16:00:00,20.3,31.0
2025-03-27 17:00:00,23.3,12.0
2025-03-27 18:00:00,22.7,1.0
2025-03-27 19:00:00,22.8,0.0
2025-03-27 20:00:00,25.0,0.0
2025-03-27 21:00:00,25.0,0.0
2025-03-27 22:00:00,25.1,0.0
2025-03-27 23:00:00,24.8,0.0
2025-03-28 00:00:00,25.2,0.0
2025-03-28 01:00:00,25.3,0.0
2025-03-28 02:00:00,25.6,0.0
2025-03-28 03:00:00,23.2,0.0
2025-03-28 04:00:00,22.9,0.0
2025-03-28 05:00:00,24.0,0.0
2025-03-28 06:00:00,22.9,6.0
2025-03-28 07:00:00,24.4,23.0
2025-03-28 08:00:00,21.5,35.0
2025-03-28 09:00:00,19.6,36.0
2025-03-28 10:00:00,19.3,114.0
2025-03-28 11:00:00,17.6,80.0
2025-03-28 12:00:00,18.6,91.0
2025-03-28 13:00:00,19.5,81.0
2025-03-28 14:00:00,17.7,39.0
2025-03-28 15:00:00,20.3,40.0
2025-03-28 16:00:00,19.3,30.0
2025-03-28 17:00:00,17.5,7.0
2025-03-28 18:00:00,16.7,0.0
2025-03-28 19:00:00,15.7,0.0
2025-03-28 20:00:00,13.8,0.0
2025-03-28 21:00:00,12.9,0.0
2025-03-28 22:00:00,11.2,0.0
2025-03-28 23:00:00,9.8,0.0
2025-03-29 00:00:00,9.4,0.0
2025-03-29 01:00:00,9.1,0.0
2025-03-29 02:00:00,8.3,0.0
2025-03-29 03:00:00,6.5,0.0
2025-03-29 04:00:00,6.6,0.0
2025-03-29 05:00:00,7.1,0.0
2025-03-29 06:00:00,8.1,13.0
2025-03-29 07:00:00,10.3,44.0
2025-03-29 08:00:00,12.3,74.0
2025-03-29 09:00:00,12.3,85.0
2025-03-29 10:00:00,10.7,81.0
2025-03-29 11:00:00,9.4,129.0
2025-03-29 12:00:00,11.2,127.0
2025-03-29 13:00:00,13.6,126.0
2025-03-29 14:00:00,13.8,89.0
2025-03-29 15:00:00,13.0,56.0
2025-03-29 16:00:00,13.5,56.0
2025-03-29 17:00:00,14.1,31.0
2025-03-29 18:00:00,12.9,1.0
2025-03-29 19:00:00,13.7,0.0
2025-03-29 20:00:00,14.2,0.0
2025-03-29 21:00:00,15.0,0.0
2025-03-29 22:00:00,14.4,0.0
2025-03-29 23:00:00,13.3,0.0
2025-03-30 00:00:00,12.3,0.0
2025-03-30 01:00:00,14.6,0.0
2025-03-30 02:00:00,14.6,0.0
2025-03-30 03:00:00,12.4,0.0
2025-03-30 04:00:00,8.6,0.0
2025-03-30 05:00:00,7.0,2.0
2025-03-30 06:00:00,9.2,24.0
2025-03-30 07:00:00,9.6,53.0
2025-03-30 08:00:00,10.6,144.0
2025-03-30 09:00:00,10.8,157.0
2025-03-30 10:00:00,8.2,113.0
2025-03-30 11:00:00,7.0,114.0
2025-03-30 12:00:00,4.0,142.0
2025-03-30 13:00:00,3.9,167.0
2025-03-30 14:00:00,2.2,417.0
2025-03-30 15:00:00,3.1,286.0
2025-03-30 16:00:00,4.3,219.0
2025-03-30 17:00:00,5.0,77.0
2025-03-30 18:00:00,3.5,3.0
2025-03-30 19:00:00,2.8,0.0
2025-03-30 20:00:00,2.0,0.0
2025-03-30 21:00:00,1.2,0.0
2025-03-30 22:00:00,2.4,0.0
2025-03-30 23:00:00,2.6,0.0
2025-03-31 00:00:00,9.4,0.0
2025-03-31 01:00:00,2.0,0.0
2025-03-31 02:00:00,5.6,0.0
2025-03-31 03:00:00,4.5,0.0
2025-03-31 04:00:00,7.6,0.0
2025-03-31 05:00:00,9.5,2.0
2025-03-31 06:00:00,9.2,72.0
2025-03-31 07:00:00,6.1,242.0
2025-03-31 08:00:00,9.3,429.0
2025-03-31 09:00:00,13.5,534.0
2025-03-31 10:00:00,16.3,644.0
2025-03-31 11:00:00,15.4,607.0
2025-03-31 12:00:00,13.2,662.0
2025-03-31 13:00:00,17.6,614.0
2025-03-31 14:00:00,16.7,520.0
2025-03-31 15:00:00,16.1,433.0
2025-03-31 16:00:00,15.9,232.0
2025-03-31 17:00:00,11.1,77.0
2025-03-31 18:00:00,8.8,3.0
2025-03-31 19:00:00,11.3,0.0
2025-03-31 20:00:00,13.8,0.0
2025-03-31 21:00:00,15.5,0.0
2025-03-31 22:00:00,15.8,0.0
2025-03-31 23:00:00,17.2,0.0
2025-04-01 00:00:00,18.7,0.0
2025-04-01 01:00:00,18.1,0.0
2025-04-01 02:00:00,19.5,0.0
2025-04-01 03:00:00,20.2,0.0
2025-04-01 04:00:00,19.0,0.0
2025-04-01 05:00:00,18.0,3.0
2025-04-01 06:00:00,19.0,60.0
2025-04-01 07:00:00,17.9,203.0
2025-04-01 08:00:00,22.6,308.0
2025-04-01 09:00:00,22.0,189.0
2025-04-01 10:00:00,22.2,252.0
2025-04-01 11:00:00,21.7,268.0
2025-04-01 12:00:00,22.1,346.0
2025-04-01 13:00:00,24.4,371.0
2025-04-01 14:00:00,24.0,189.0
2025-04-01 15:00:00,18.1,121.0
2025-04-01 16:00:00,18.0,111.0
2025-04-01 17:00:00,17.5,36.0
2025-04-01 18:00:00,20.8,2.0
2025-04-01 19:00:00,21.4,0.0
2025-04-01 20:00:00,22.0,0.0
2025-04-01 21:00:00,23.4,0.0
2025-04-01 22:00:00,21.4,0.0
2025-04-01 23:00:00,19.8,0.0
2025-04-02 00:00:00,18.2,0.0
2025-04-02 01:00:00,15.7,0.0
2025-04-02 02:00:00,16.0,0.0
2025-04-02 03:00:00,16.1,0.0
2025-04-02 04:00:00,15.5,0.0
2025-04-02 05:00:00,15.3,3.0
2025-04-02 06:00:00,15.2,58.0
2025-04-02 07:00:00,10.8,184.0
2025-04-02 08:00:00,11.0,298.0
2025-04-02 09:00:00,11.9,443.0
2025-04-02 10:00:00,16.6,642.0
2025-04-02 11:00:00,16.0,494.0
2025-04-02 12:00:00,14.4,374.0
2025-04-02 13:00:00,12.3,423.0
2025-04-02 14:00:00,11.7,391.0
2025-04-02 15:00:00,11.5,284.0
2025-04-02 16:00:00,7.4,171.0
2025-04-02 17:00:00,6.6,74.0
2025-04-02 18:00:00,5.6,4.0
2025-04-02 19:00:00,11.2,0.0
2025-04-02 20:00:00,9.1,0.0
2025-04-02 21:00:00,8.5,0.0
2025-04-02 22:00:00,7.5,0.0
2025-04-02 23:00:00,8.4,0.0
2025-04-03 00:00:00,9.4,0.0
2025-04-03 01:00:00,7.6,0.0
2025-04-03 02:00:00,8.5,0.0
2025-04-03 03:00:00,8.6,0.0
2025-04-03 04:00:00,8.9,0.0
2025-04-03 05:00:00,9.2,2.0
2025-04-03 06:00:00,9.8,74.0
2025-04-03 07:00:00,7.7,250.0
2025-04-03 08:00:00,10.4,438.0
2025-04-03 09:00:00,10.1,566.0
2025-04-03 10:00:00,9.8,687.0
2025-04-03 11:00:00,11.9,754.0
2025-04-03 12:00:00,12.3,480.0
2025-04-03 13:00:00,11.2,534.0
2025-04-03 14:00:00,7.6,400.0
2025-04-03 15:00:00,7.0,366.0
2025-04-03 16:00:00,7.5,255.0
2025-04-03 17:00:00,10.1,103.0
2025-04-03 18:00:00,5.6,6.0
2025-04-03 19:00:00,4.2,0.0
2025-04-03 20:00:00,5.4,0.0
2025-04-03 21:00:00,7.0,0.0
2025-04-03 22:00:00,9.3,0.0
2025-04-03 23:00:00,10.0,0.0
2025-04-04 00:00:00,9.6,0.0
2025-04-04 01:00:00,9.6,0.0
2025-04-04 02:00:00,9.0,0.0
2025-04-04 03:00:00,8.8,0.0
2025-04-04 04:00:00,8.4,0.0
2025-04-04 05:00:00,7.9,6.0
2025-04-04 06:00:00,7.9,104.0
2025-04-04 07:00:00,5.5,250.0
2025-04-04 08:00:00,5.0,428.0
2025-04-04 09:00:00,9.0,588.0
2025-04-04 10:00:00,13.9,674.0
2025-04-04 11:00:00,12.8,583.0
2025-04-04 12:00:00,11.5,577.0
2025-04-04 13:00:00,8.5,612.0
2025-04-04 14:00:00,8.3,483.0
2025-04-04 15:00:00,7.8,368.0
2025-04-04 16:00:00,5.4,219.0
2025-04-04 17:00:00,3.0,89.0
2025-04-04 18:00:00,0.4,6.0
2025-04-04 19:00:00,1.7,0.0
2025-04-04 20:00:00,2.4,0.0
2025-04-04 21:00:00,2.4,0.0
2025-04-04 22:00:00,4.2,0.0
2025-04-04 23:00:00,6.1,0.0
2025-04-05 00:00:00,7.3,0.0
2025-04-05 01:00:00,6.6,0.0
2025-04-05 02:00:00,7.7,0.0
2025-04-05 03:00:00,8.0,0.0
2025-04-05 04:00:00,7.3,0.0
2025-04-05 05:00:00,5.7,8.0
2025-04-05 06:00:00,5.1,113.0
2025-04-05 07:00:00,1.9,287.0
2025-04-05 08:00:00,1.0,462.0
2025-04-05 09:00:00,2.4,561.0
2025-04-05 10:00:00,4.8,695.0
2025-04-05 11:00:00,6.0,740.0
2025-04-05 12:00:00,6.4,767.0
2025-04-05 13:00:00,8.6,694.0
2025-04-05 14:00:00,9.1,578.0
2025-04-05 15:00:00,5.3,439.0
2025-04-05 16:00:00,2.7,273.0
2025-04-05 17:00:00,1.9,72.0
2025-04-05 18:00:00,3.8,4.0
2025-04-05 19:00:00,5.8,0.0
2025-04-05 20:00:00,12.9,0.0
2025-04-05 21:00:00,22.0,0.0
2025-04-05 22:00:00,21.3,0.0
2025-04-05 23:00:00,17.0,0.0
2025-04-06 00:00:00,13.6,0.0
2025-04-06 01:00:00,7.7,0.0
2025-04-06 02:00:00,11.9,0.0
2025-04-06 03:00:00,13.4,0.0
2025-04-06 04:00:00,13.3,0.0
2025-04-06 05:00:00,12.4,2.0
2025-04-06 06:00:00,10.5,33.0
2025-04-06 07:00:00,13.9,199.0
2025-04-06 08:00:00,15.6,414.0
2025-04-06 09:00:00,18.8,621.0
2025-04-06 10:00:00,21.1,757.0
2025-04-06 11:00:00,18.7,815.0
2025-04-06 12:00:00,18.0,810.0
2025-04-06 13:00:00,16.1,750.0
2025-04-06 14:00:00,17.1,638.0
2025-04-06 15:00:00,16.2,469.0
2025-04-06 16:00:00,15.5,278.0
2025-04-06 17:00:00,15.2,112.0
2025-04-06 18:00:00,13.6,8.0
2025-04-06 19:00:00,12.6,0.0
2025-04-06 20:00:00,11.2,0.0
2025-04-06 21:00:00,11.1,0.0
2025-04-06 22:00:00,12.4,0.0
2025-04-06 23:00:00,10.9,0.0
2025-04-07 00:00:00,9.7,0.0
2025-04-07 01:00:00,5.8,0.0
2025-04-07 02:00:00,3.5,0.0
2025-04-07 03:00:00,3.6,0.0
2025-04-07 04:00:00,4.0,0.0
2025-04-07 05:00:00,5.6,10.0
2025-04-07 06:00:00,5.3,103.0
2025-04-07 07:00:00,5.6,298.0
2025-04-07 08:00:00,4.5,318.0
2025-04-07 09:00:00,7.9,467.0
2025-04-07 10:00:00,14.1,286.0
2025-04-07 11:00:00,15.2,418.0
2025-04-07 12:00:00,14.2,406.0
2025-04-07 13:00:00,12.8,410.0
2025-04-07 14:00:00,13.1,441.0
2025-04-07 15:00:00,12.1,250.0
2025-04-07 16:00:00,10.2,181.0
2025-04-07 17:00:00,8.0,112.0
2025-04-07 18:00:00,3.8,9.0
2025-04-07 19:00:00,0.7,0.0
2025-04-07 20:00:00,0.9,0.0
2025-04-07 21:00:00,2.7,0.0
2025-04-07 22:00:00,4.0,0.0
2025-04-07 23:00:00,5.0,0.0
2025-04-08 00:00:00,6.3,0.0
2025-04-08 01:00:00,2.8,0.0
2025-04-08 02:00:00,4.0,0.0
2025-04-08 03:00:00,3.1,0.0
2025-04-08 04:00:00,2.3,0.0
2025-04-08 05:00:00,4.3,8.0
2025-04-08 06:00:00,6.4,117.0
2025-04-08 07:00:00,3.8,306.0
2025-04-08 08:00:00,4.0,384.0
2025-04-08 09:00:00,3.7,632.0
2025-04-08 10:00:00,5.7,738.0
2025-04-08 11:00:00,8.5,558.0
2025-04-08 12:00:00,7.4,518.0
2025-04-08 13:00:00,10.3,518.0
2025-04-08 14:00:00,8.7,534.0
2025-04-08 15:00:00,8.6,393.0
2025-04-08 16:00:00,7.4,219.0
2025-04-08 17:00:00,3.8,104.0
2025-04-08 18:00:00,3.1,9.0
2025-04-08 19:00:00,2.3,0.0
2025-04-08 20:00:00,0.4,0.0
2025-04-08 21:00:00,2.1,0.0
2025-04-08 22:00:00,3.1,0.0
2025-04-08 23:00:00,3.3,0.0
2025-04-09 00:00:00,2.7,0.0
2025-04-09 01:00:00,2.8,0.0
2025-04-09 02:00:00,4.0,0.0
2025-04-09 03:00:00,2.4,0.0
2025-04-09 04:00:00,1.5,0.0
2025-04-09 05:00:00,4.5,13.0
2025-04-09 06:00:00,6.6,123.0
2025-04-09 07:00:00,3.9,294.0
2025-04-09 08:00:00,6.5,476.0
2025-04-09 09:00:00,8.9,621.0
2025-04-09 10:00:00,7.4,729.0
2025-04-09 11:00:00,10.2,729.0
2025-04-09 12:00:00,12.7,523.0
2025-04-09 13:00:00,7.2,595.0
2025-04-09 14:00:00,9.5,469.0
2025-04-09 15:00:00,10.9,368.0
2025-04-09 16:00:00,5.0,243.0
2025-04-09 17:00:00,2.2,107.0
2025-04-09 18:00:00,4.2,9.0
2025-04-09 19:00:00,4.0,0.0
2025-04-09 20:00:00,3.3,0.0
2025-04-09 21:00:00,3.6,0.0
2025-04-09 22:00:00,2.2,0.0
2025-04-09 23:00:00,2.2,0.0
2025-04-10 00:00:00,7.7,0.0
2025-04-10 01:00:00,2.9,0.0
2025-04-10 02:00:00,0.2,0.0
2025-04-10 03:00:00,1.8,0.0
2025-04-10 04:00:00,4.5,0.0
2025-04-10 05:00:00,7.3,14.0
2025-04-10 06:00:00,7.5,114.0
2025-04-10 07:00:00,5.0,231.0
2025-04-10 08:00:00,4.6,146.0
2025-04-10 09:00:00,6.6,490.0
2025-04-10 10:00:00,10.1,622.0
2025-04-10 11:00:00,14.3,612.0
2025-04-10 12:00:00,14.9,535.0
2025-04-10 13:00:00,13.0,640.0
2025-04-10 14:00:00,10.1,494.0
2025-04-10 15:00:00,8.0,383.0
2025-04-10 16:00:00,5.1,216.0
2025-04-10 17:00:00,13.6,105.0
2025-04-10 18:00:00,9.6,11.0
2025-04-10 19:00:00,5.9,0.0
2025-04-10 20:00:00,2.7,0.0
2025-04-10 21:00:00,0.6,0.0
2025-04-10 22:00:00,2.6,0.0
2025-04-10 23:00:00,2.2,0.0
2025-04-11 00:00:00,2.2,0.0
2025-04-11 01:00:00,2.0,0.0
2025-04-11 02:00:00,1.6,0.0
2025-04-11 03:00:00,3.9,0.0
2025-04-11 04:00:00,4.3,0.0
2025-04-11 05:00:00,3.6,16.0
2025-04-11 06:00:00,3.9,139.0
2025-04-11 07:00:00,3.0,317.0
2025-04-11 08:00:00,2.5,495.0
2025-04-11 09:00:00,3.3,642.0
2025-04-11 10:00:00,5.7,746.0
2025-04-11 11:00:00,9.2,800.0
2025-04-11 12:00:00,12.5,794.0
2025-04-11 13:00:00,14.6,736.0
2025-04-11 14:00:00,17.6,612.0
2025-04-11 15:00:00,14.6,445.0
2025-04-11 16:00:00,11.9,279.0
2025-04-11 17:00:00,11.2,123.0
2025-04-11 18:00:00,11.4,12.0
2025-04-11 19:00:00,11.0,0.0
2025-04-11 20:00:00,10.0,0.0
2025-04-11 21:00:00,9.4,0.0
2025-04-11 22:00:00,9.6,0.0
2025-04-11 23:00:00,9.0,0.0
2025-04-12 00:00:00,8.6,0.0
2025-04-12 01:00:00,9.0,0.0
2025-04-12 02:00:00,3.5,0.0
2025-04-12 03:00:00,2.2,0.0
2025-04-12 04:00:00,2.4,0.0
2025-04-12 05:00:00,3.1,18.0
2025-04-12 06:00:00,4.0,141.0
2025-04-12 07:00:00,3.4,315.0
2025-04-12 08:00:00,4.9,489.0
2025-04-12 09:00:00,4.4,634.0
2025-04-12 10:00:00,4.4,737.0
2025-04-12 11:00:00,6.5,661.0
2025-04-12 12:00:00,6.7,602.0
2025-04-12 13:00:00,6.5,730.0
2025-04-12 14:00:00,5.6,629.0
2025-04-12 15:00:00,7.9,478.0
2025-04-12 16:00:00,8.0,302.0
2025-04-12 17:00:00,7.2,128.0
2025-04-12 18:00:00,6.1,13.0
2025-04-12 19:00:00,5.4,0.0
2025-04-12 20:00:00,5.8,0.0
2025-04-12 21:00:00,4.7,0.0
2025-04-12 22:00:00,4.5,0.0
2025-04-12 23:00:00,5.6,0.0
2025-04-13 00:00:00,5.1,0.0
2025-04-13 01:00:00,3.9,0.0
2025-04-13 02:00:00,2.8,0.0
2025-04-13 03:00:00,4.5,0.0
2025-04-13 04:00:00,5.0,0.0
2025-04-13 05:00:00,5.1,19.0
2025-04-13 06:00:00,7.8,122.0
2025-04-13 07:00:00,6.0,284.0
2025-04-13 08:00:00,6.9,439.0
2025-04-13 09:00:00,10.4,422.0
2025-04-13 10:00:00,13.0,418.0
2025-04-13 11:00:00,15.8,534.0
2025-04-13 12:00:00,15.5,573.0
2025-04-13 13:00:00,10.9,390.0
2025-04-13 14:00:00,12.7,429.0
2025-04-13 15:00:00,14.5,330.0
2025-04-13 16:00:00,12.6,128.0
2025-04-13 17:00:00,11.2,63.0
2025-04-13 18:00:00,11.4,9.0
2025-04-13 19:00:00,8.3,0.0
2025-04-13 20:00:00,6.4,0.0
2025-04-13 21:00:00,7.6,0.0
2025-04-13 22:00:00,6.3,0.0
2025-04-13 23:00:00,6.9,0.0
2025-04-14 00:00:00,5.1,0.0
2025-04-14 01:00:00,5.7,0.0
2025-04-14 02:00:00,5.1,0.0
2025-04-14 03:00:00,4.5,0.0
2025-04-14 04:00:00,3.6,0.0
2025-04-14 05:00:00,4.1,17.0
2025-04-14 06:00:00,3.9,77.0
2025-04-14 07:00:00,2.7,276.0
2025-04-14 08:00:00,2.7,353.0
2025-04-14 09:00:00,4.0,236.0
2025-04-14 10:00:00,6.0,545.0
2025-04-14 11:00:00,8.5,619.0
2025-04-14 12:00:00,8.6,370.0
2025-04-14 13:00:00,12.3,653.0
2025-04-14 14:00:00,8.4,372.0
2025-04-14 15:00:00,9.1,199.0
2025-04-14 16:00:00,6.1,58.0
2025-04-14 17:00:00,2.2,24.0
2025-04-14 18:00:00,0.6,3.0
2025-04-14 19:00:00,3.0,0.0
2025-04-14 20:00:00,3.7,0.0
2025-04-14 21:00:00,3.9,0.0
2025-04-14 22:00:00,3.6,0.0
2025-04-14 23:00:00,7.5,0.0
2025-04-15 00:00:00,5.6,0.0
2025-04-15 01:00:00,10.7,0.0
2025-04-15 02:00:00,10.4,0.0
2025-04-15 03:00:00,11.0,0.0
2025-04-15 04:00:00,10.6,0.0
2025-04-15 05:00:00,10.5,3.0
2025-04-15 06:00:00,8.5,96.0
2025-04-15 07:00:00,10.4,160.0
2025-04-15 08:00:00,10.7,349.0
2025-04-15 09:00:00,10.6,472.0
2025-04-15 10:00:00,18.4,599.0
2025-04-15 11:00:00,24.1,496.0
2025-04-15 12:00:00,20.4,329.0
2025-04-15 13:00:00,17.4,450.0
2025-04-15 14:00:00,12.8,106.0
2025-04-15 15:00:00,11.9,319.0
2025-04-15 16:00:00,18.9,229.0
2025-04-15 17:00:00,15.0,114.0
2025-04-15 18:00:00,13.7,15.0
2025-04-15 19:00:00,12.8,0.0
2025-04-15 20:00:00,11.8,0.0
2025-04-15 21:00:00,13.1,0.0
2025-04-15 22:00:00,12.2,0.0
2025-04-15 23:00:00,12.0,0.0
2025-04-16 00:00:00,11.4,0.0
2025-04-16 01:00:00,10.4,0.0
2025-04-16 02:00:00,6.4,0.0
2025-04-16 03:00:00,4.1,0.0
2025-04-16 04:00:00,3.2,0.0
2025-04-16 05:00:00,3.7,24.0
2025-04-16 06:00:00,6.1,142.0
2025-04-16 07:00:00,6.4,320.0
2025-04-16 08:00:00,10.5,496.0
2025-04-16 09:00:00,10.0,636.0
2025-04-16 10:00:00,6.7,746.0
2025-04-16 11:00:00,6.7,792.0
2025-04-16 12:00:00,11.5,715.0
2025-04-16 13:00:00,8.5,729.0
2025-04-16 14:00:00,8.9,615.0
2025-04-16 15:00:00,11.0,430.0
2025-04-16 16:00:00,4.6,291.0
2025-04-16 17:00:00,1.8,133.0
2025-04-16 18:00:00,1.4,14.0
2025-04-16 19:00:00,0.9,0.0
2025-04-16 20:00:00,0.6,0.0
2025-04-16 21:00:00,4.0,0.0
2025-04-16 22:00:00,8.3,0.0
2025-04-16 23:00:00,5.8,0.0
2025-04-17 00:00:00,8.1,0.0
2025-04-17 01:00:00,9.3,0.0
2025-04-17 02:00:00,11.9,0.0
2025-04-17 03:00:00,12.1,0.0
2025-04-17 04:00:00,11.7,0.0
2025-04-17 05:00:00,10.5,23.0
2025-04-17 06:00:00,11.1,87.0
2025-04-17 07:00:00,10.7,147.0
2025-04-17 08:00:00,6.8,249.0
2025-04-17 09:00:00,9.3,375.0
2025-04-17 10:00:00,12.2,288.0
2025-04-17 11:00:00,11.2,325.0
2025-04-17 12:00:00,12.0,423.0
2025-04-17 13:00:00,12.6,245.0
2025-04-17 14:00:00,19.4,208.0
2025-04-17 15:00:00,19.0,197.0
2025-04-17 16:00:00,14.3,67.0
2025-04-17 17:00:00,7.5,58.0
2025-04-17 18:00:00,2.9,12.0
2025-04-17 19:00:00,10.9,0.0
2025-04-17 20:00:00,10.6,0.0
2025-04-17 21:00:00,4.7,0.0
2025-04-17 22:00:00,3.2,0.0
2025-04-17 23:00:00,2.4,0.0
2025-04-18 00:00:00,4.4,0.0
2025-04-18 01:00:00,5.7,0.0
2025-04-18 02:00:00,3.7,0.0
2025-04-18 03:00:00,10.0,0.0
2025-04-18 04:00:00,5.7,0.0
2025-04-18 05:00:00,8.1,20.0
2025-04-18 06:00:00,7.6,111.0
2025-04-18 07:00:00,9.2,201.0
2025-04-18 08:00:00,9.1,356.0
2025-04-18 09:00:00,13.4,484.0
2025-04-18 10:00:00,14.8,335.0
2025-04-18 11:00:00,15.4,463.0
2025-04-18 12:00:00,18.7,736.0
2025-04-18 13:00:00,15.4,710.0
2025-04-18 14:00:00,16.6,572.0
2025-04-18 15:00:00,11.1,429.0
2025-04-18 16:00:00,8.8,290.0
2025-04-18 17:00:00,5.2,142.0
2025-04-18 18:00:00,5.9,20.0
2025-04-18 19:00:00,5.5,0.0
2025-04-18 20:00:00,4.7,0.0
2025-04-18 21:00:00,4.1,0.0
2025-04-18 22:00:00,3.9,0.0
2025-04-18 23:00:00,2.3,0.0
2025-04-19 00:00:00,1.5,0.0
2025-04-19 01:00:00,1.2,0.0
2025-04-19 02:00:00,1.4,0.0
2025-04-19 03:00:00,3.6,0.0
2025-04-19 04:00:00,4.2,0.0
2025-04-19 05:00:00,4.7,33.0
2025-04-19 06:00:00,5.4,170.0
2025-04-19 07:00:00,6.2,345.0
2025-04-19 08:00:00,9.4,502.0
2025-04-19 09:00:00,11.3,644.0
2025-04-19 10:00:00,16.5,695.0
2025-04-19 11:00:00,14.3,623.0
2025-04-19 12:00:00,14.2,696.0
2025-04-19 13:00:00,12.1,567.0
2025-04-19 14:00:00,10.2,541.0
2025-04-19 15:00:00,13.4,452.0
2025-04-19 16:00:00,12.8,309.0
2025-04-19 17:00:00,11.6,143.0
2025-04-19 18:00:00,9.5,21.0
2025-04-19 19:00:00,8.0,0.0
2025-04-19 20:00:00,6.9,0.0
2025-04-19 21:00:00,5.8,0.0
2025-04-19 22:00:00,5.5,0.0
2025-04-19 23:00:00,5.5,0.0
2025-04-20 00:00:00,5.4,0.0
2025-04-20 01:00:00,8.3,0.0
2025-04-20 02:00:00,8.4,0.0
2025-04-20 03:00:00,7.9,0.0
2025-04-20 04:00:00,8.0,0.0
2025-04-20 05:00:00,9.0,35.0
2025-04-20 06:00:00,8.9,171.0
2025-04-20 07:00:00,7.8,351.0
2025-04-20 08:00:00,11.0,524.0
2025-04-20 09:00:00,13.0,668.0
2025-04-20 10:00:00,16.7,770.0
2025-04-20 11:00:00,16.9,819.0
2025-04-20 12:00:00,19.1,799.0
2025-04-20 13:00:00,20.1,740.0
2025-04-20 14:00:00,20.3,640.0
2025-04-20 15:00:00,18.0,486.0
2025-04-20 16:00:00,16.5,319.0
2025-04-20 17:00:00,14.8,148.0
2025-04-20 18:00:00,14.7,23.0
2025-04-20 19:00:00,13.2,0.0
2025-04-20 20:00:00,12.2,0.0
2025-04-20 21:00:00,9.1,0.0
2025-04-20 22:00:00,6.6,0.0
2025-04-20 23:00:00,5.9,0.0
2025-04-21 00:00:00,6.7,0.0
2025-04-21 01:00:00,7.4,0.0
2025-04-21 02:00:00,7.8,0.0
2025-04-21 03:00:00,6.9,0.0
2025-04-21 04:00:00,6.0,0.0
2025-04-21 05:00:00,6.4,37.0
2025-04-21 06:00:00,5.5,173.0
2025-04-21 07:00:00,4.0,336.0
2025-04-21 08:00:00,5.1,458.0
2025-04-21 09:00:00,5.8,603.0
2025-04-21 10:00:00,5.9,728.0
2025-04-21 11:00:00,4.5,779.0
2025-04-21 12:00:00,6.9,756.0
2025-04-21 13:00:00,6.1,688.0
2025-04-21 14:00:00,8.6,597.0
2025-04-21 15:00:00,6.9,319.0
2025-04-21 16:00:00,3.8,186.0
2025-04-21 17:00:00,1.7,122.0
2025-04-21 18:00:00,0.9,19.0
2025-04-21 19:00:00,0.5,0.0
2025-04-21 20:00:00,1.3,0.0
2025-04-21 21:00:00,1.2,0.0
2025-04-21 22:00:00,1.6,0.0
2025-04-21 23:00:00,6.2,0.0
2025-04-22 00:00:00,9.0,0.0
2025-04-22 01:00:00,12.0,0.0
2025-04-22 02:00:00,12.4,0.0
2025-04-22 03:00:00,7.3,0.0
2025-04-22 04:00:00,0.7,0.0
2025-04-22 05:00:00,13.5,19.0
2025-04-22 06:00:00,3.3,93.0
2025-04-22 07:00:00,9.1,246.0
2025-04-22 08:00:00,2.9,366.0
2025-04-22 09:00:00,7.2,592.0
2025-04-22 10:00:00,9.7,688.0
2025-04-22 11:00:00,9.1,793.0
2025-04-22 12:00:00,8.1,726.0
2025-04-22 13:00:00,5.0,447.0
2025-04-22 14:00:00,4.8,485.0
2025-04-22 15:00:00,2.4,406.0
2025-04-22 16:00:00,2.7,233.0
2025-04-22 17:00:00,1.3,124.0
2025-04-22 18:00:00,1.3,22.0
2025-04-22 19:00:00,0.2,0.0
2025-04-22 20:00:00,1.6,0.0
2025-04-22 21:00:00,2.0,0.0
2025-04-22 22:00:00,4.0,0.0
2025-04-22 23:00:00,6.3,0.0
2025-04-23 00:00:00,6.2,0.0
2025-04-23 01:00:00,4.6,0.0
2025-04-23 02:00:00,4.4,0.0
2025-04-23 03:00:00,3.0,0.0
2025-04-23 04:00:00,6.0,0.0
2025-04-23 05:00:00,6.3,32.0
2025-04-23 06:00:00,6.0,155.0
2025-04-23 07:00:00,4.4,278.0
2025-04-23 08:00:00,1.7,430.0
2025-04-23 09:00:00,2.6,521.0
2025-04-23 10:00:00,8.6,539.0
2025-04-23 11:00:00,4.2,619.0
2025-04-23 12:00:00,1.5,791.0
2025-04-23 13:00:00,6.7,635.0
2025-04-23 14:00:00,3.6,579.0
2025-04-23 15:00:00,1.7,441.0
2025-04-23 16:00:00,2.3,200.0
2025-04-23 17:00:00,3.9,106.0
2025-04-23 18:00:00,3.0,26.0
2025-04-23 19:00:00,2.9,0.0
2025-04-23 20:00:00,3.1,0.0
2025-04-23 21:00:00,2.0,0.0
2025-04-23 22:00:00,2.6,0.0
2025-04-23 23:00:00,2.4,0.0
2025-04-24 00:00:00,3.1,0.0
2025-04-24 01:00:00,10.4,0.0
2025-04-24 02:00:00,3.8,0.0
2025-04-24 03:00:00,0.0,0.0
2025-04-24 04:00:00,5.6,0.0
2025-04-24 05:00:00,5.2,18.0
2025-04-24 06:00:00,7.0,129.0
2025-04-24 07:00:00,6.4,230.0
2025-04-24 08:00:00,7.4,311.0
2025-04-24 09:00:00,8.7,470.0
2025-04-24 10:00:00,8.3,720.0
2025-04-24 11:00:00,7.8,652.0
2025-04-24 12:00:00,4.9,411.0
2025-04-24 13:00:00,13.6,521.0
2025-04-24 14:00:00,7.0,288.0
2025-04-24 15:00:00,8.4,226.0
2025-04-24 16:00:00,8.3,262.0
2025-04-24 17:00:00,7.0,80.0
2025-04-24 18:00:00,8.0,25.0
2025-04-24 19:00:00,9.5,0.0
2025-04-24 20:00:00,8.9,0.0
2025-04-24 21:00:00,8.2,0.0
2025-04-24 22:00:00,8.7,0.0
2025-04-24 23:00:00,9.2,0.0
2025-04-25 00:00:00,9.6,0.0
2025-04-25 01:00:00,9.0,0.0
2025-04-25 02:00:00,9.9,0.0
2025-04-25 03:00:00,10.5,0.0
2025-04-25 04:00:00,10.4,0.0
2025-04-25 05:00:00,10.1,13.0
2025-04-25 06:00:00,8.2,61.0
2025-04-25 07:00:00,8.0,106.0
2025-04-25 08:00:00,7.6,128.0
2025-04-25 09:00:00,7.4,159.0
2025-04-25 10:00:00,8.7,235.0
2025-04-25 11:00:00,6.7,272.0
2025-04-25 12:00:00,6.7,234.0
2025-04-25 13:00:00,9.6,173.0
2025-04-25 14:00:00,10.5,226.0
2025-04-25 15:00:00,9.2,169.0
2025-04-25 16:00:00,7.8,147.0
2025-04-25 17:00:00,7.5,40.0
2025-04-25 18:00:00,8.4,7.0
2025-04-25 19:00:00,7.7,0.0
2025-04-25 20:00:00,8.7,0.0
2025-04-25 21:00:00,8.7,0.0
2025-04-25 22:00:00,6.6,0.0
2025-04-25 23:00:00,6.5,0.0
2025-04-26 00:00:00,7.9,0.0
2025-04-26 01:00:00,7.0,0.0
2025-04-26 02:00:00,8.9,0.0
2025-04-26 03:00:00,12.0,0.0
2025-04-26 04:00:00,13.1,0.0
2025-04-26 05:00:00,15.1,9.0
2025-04-26 06:00:00,17.5,23.0
2025-04-26 07:00:00,19.5,32.0
2025-04-26 08:00:00,19.0,44.0
2025-04-26 09:00:00,18.2,58.0
2025-04-26 10:00:00,14.5,139.0
2025-04-26 11:00:00,18.2,306.0
2025-04-26 12:00:00,13.3,110.0
2025-04-26 13:00:00,13.9,122.0
2025-04-26 14:00:00,13.0,129.0
2025-04-26 15:00:00,11.2,90.0
2025-04-26 16:00:00,9.6,53.0
2025-04-26 17:00:00,7.9,27.0
2025-04-26 18:00:00,8.1,8.0
2025-04-26 19:00:00,7.9,0.0
2025-04-26 20:00:00,7.4,0.0
2025-04-26 21:00:00,9.4,0.0
2025-04-26 22:00:00,12.8,0.0
2025-04-26 23:00:00,11.5,0.0
2025-04-27 00:00:00,11.4,0.0
2025-04-27 01:00:00,10.1,0.0
2025-04-27 02:00:00,9.8,0.0
2025-04-27 03:00:00,10.7,0.0
2025-04-27 04:00:00,10.0,0.0
2025-04-27 05:00:00,9.6,52.0
2025-04-27 06:00:00,6.2,204.0
2025-04-27 07:00:00,8.6,374.0
2025-04-27 08:00:00,9.4,517.0
2025-04-27 09:00:00,8.8,661.0
2025-04-27 10:00:00,8.7,785.0
2025-04-27 11:00:00,9.9,838.0
2025-04-27 12:00:00,10.6,834.0
2025-04-27 13:00:00,10.7,758.0
2025-04-27 14:00:00,9.9,659.0
2025-04-27 15:00:00,10.0,516.0
2025-04-27 16:00:00,9.1,346.0
2025-04-27 17:00:00,6.3,171.0
2025-04-27 18:00:00,5.6,35.0
2025-04-27 19:00:00,6.0,0.0
2025-04-27 20:00:00,6.9,0.0
2025-04-27 21:00:00,7.3,0.0
2025-04-27 22:00:00,6.4,0.0
2025-04-27 23:00:00,5.5,0.0
2025-04-28 00:00:00,5.0,0.0
2025-04-28 01:00:00,3.5,0.0
2025-04-28 02:00:00,2.7,0.0
2025-04-28 03:00:00,2.7,0.0
2025-04-28 04:00:00,4.6,0.0
2025-04-28 05:00:00,6.4,57.0
2025-04-28 06:00:00,4.0,207.0
2025-04-28 07:00:00,2.6,384.0
2025-04-28 08:00:00,4.2,552.0
2025-04-28 09:00:00,9.0,708.0
2025-04-28 10:00:00,11.0,756.0
2025-04-28 11:00:00,10.8,505.0
2025-04-28 12:00:00,10.3,545.0
2025-04-28 13:00:00,9.0,638.0
2025-04-28 14:00:00,8.8,492.0
2025-04-28 15:00:00,10.2,412.0
2025-04-28 16:00:00,9.4,304.0
2025-04-28 17:00:00,6.2,153.0
2025-04-28 18:00:00,6.0,33.0
2025-04-28 19:00:00,7.7,0.0
2025-04-28 20:00:00,6.2,0.0
2025-04-28 21:00:00,5.2,0.0
2025-04-28 22:00:00,4.5,0.0
2025-04-28 23:00:00,4.1,0.0
2025-04-29 00:00:00,4.1,0.0
2025-04-29 01:00:00,2.9,0.0
2025-04-29 02:00:00,2.7,0.0
2025-04-29 03:00:00,4.2,0.0
2025-04-29 04:00:00,3.1,1.0
2025-04-29 05:00:00,4.0,59.0
2025-04-29 06:00:00,2.5,207.0
2025-04-29 07:00:00,1.8,384.0
2025-04-29 08:00:00,2.2,556.0
2025-04-29 09:00:00,4.1,703.0
2025-04-29 10:00:00,6.7,783.0
2025-04-29 11:00:00,7.3,809.0
2025-04-29 12:00:00,8.1,811.0
2025-04-29 13:00:00,9.9,759.0
2025-04-29 14:00:00,10.1,654.0
2025-04-29 15:00:00,9.0,504.0
2025-04-29 16:00:00,8.4,347.0
2025-04-29 17:00:00,7.9,179.0
2025-04-29 18:00:00,5.9,39.0
2025-04-29 19:00:00,5.3,0.0
2025-04-29 20:00:00,4.4,0.0
2025-04-29 21:00:00,4.3,0.0
2025-04-29 22:00:00,3.3,0.0
2025-04-29 23:00:00,1.6,0.0
2025-04-30 00:00:00,1.3,0.0
2025-04-30 01:00:00,2.2,0.0
2025-04-30 02:00:00,3.1,0.0
2025-04-30 03:00:00,3.9,0.0
2025-04-30 04:00:00,4.0,1.0
2025-04-30 05:00:00,4.3,65.0
2025-04-30 06:00:00,3.5,220.0
2025-04-30 07:00:00,1.8,401.0
2025-04-30 08:00:00,1.2,571.0
2025-04-30 09:00:00,2.7,713.0
2025-04-30 10:00:00,6.6,815.0
2025-04-30 11:00:00,8.4,849.0
2025-04-30 12:00:00,9.2,808.0
2025-04-30 13:00:00,11.5,768.0
2025-04-30 14:00:00,11.2,657.0
2025-04-30 15:00:00,10.0,520.0
2025-04-30 16:00:00,6.3,344.0
2025-04-30 17:00:00,0.5,178.0
2025-04-30 18:00:00,2.2,41.0
2025-04-30 19:00:00,3.7,0.0
2025-04-30 20:00:00,3.6,0.0
2025-04-30 21:00:00,5.3,0.0
2025-04-30 22:00:00,4.3,0.0
2025-04-30 23:00:00,4.7,0.0
2025-05-01 00:00:00,7.5,0.0
2025-05-01 01:00:00,9.0,0.0
2025-05-01 02:00:00,9.1,0.0
2025-05-01 03:00:00,9.2,0.0
2025-05-01 04:00:00,9.4,1.0
2025-05-01 05:00:00,7.8,66.0
2025-05-01 06:00:00,6.2,219.0
2025-05-01 07:00:00,4.6,395.0
2025-05-01 08:00:00,4.0,563.0
2025-05-01 09:00:00,3.2,703.0
2025-05-01 10:00:00,3.6,803.0
2025-05-01 11:00:00,5.6,806.0
2025-05-01 12:00:00,5.8,772.0
2025-05-01 13:00:00,10.0,709.0
2025-05-01 14:00:00,9.3,619.0
2025-05-01 15:00:00,8.3,497.0
2025-05-01 16:00:00,5.8,341.0
2025-05-01 17:00:00,3.4,175.0
2025-05-01 18:00:00,2.1,41.0
2025-05-01 19:00:00,1.5,0.0
2025-05-01 20:00:00,1.6,0.0
2025-05-01 21:00:00,1.1,0.0
2025-05-01 22:00:00,1.3,0.0
2025-05-01 23:00:00,3.1,0.0
2025-05-02 00:00:00,5.4,0.0
2025-05-02 01:00:00,3.7,0.0
2025-05-02 02:00:00,5.3,0.0
2025-05-02 03:00:00,6.4,0.0
2025-05-02 04:00:00,5.3,1.0
2025-05-02 05:00:00,3.2,69.0
2025-05-02 06:00:00,2.2,223.0
2025-05-02 07:00:00,1.9,400.0
2025-05-02 08:00:00,3.3,568.0
2025-05-02 09:00:00,6.0,707.0
2025-05-02 10:00:00,7.2,805.0
2025-05-02 11:00:00,8.1,852.0
2025-05-02 12:00:00,8.2,844.0
2025-05-02 13:00:00,8.8,789.0
2025-05-02 14:00:00,8.5,668.0
2025-05-02 15:00:00,8.2,467.0
2025-05-02 16:00:00,6.7,321.0
2025-05-02 17:00:00,4.7,175.0
2025-05-02 18:00:00,4.5,41.0
2025-05-02 19:00:00,3.1,0.0
2025-05-02 20:00:00,5.0,0.0
2025-05-02 21:00:00,5.5,0.0
2025-05-02 22:00:00,4.0,0.0
2025-05-02 23:00:00,3.4,0.0
2025-05-03 00:00:00,3.6,0.0
2025-05-03 01:00:00,2.6,0.0
2025-05-03 02:00:00,2.7,0.0
2025-05-03 03:00:00,3.9,0.0
2025-05-03 04:00:00,3.6,2.0
2025-05-03 05:00:00,4.0,69.0
2025-05-03 06:00:00,3.8,222.0
2025-05-03 07:00:00,3.5,382.0
2025-05-03 08:00:00,5.6,555.0
2025-05-03 09:00:00,7.4,647.0
2025-05-03 10:00:00,9.3,792.0
2025-05-03 11:00:00,13.2,850.0
2025-05-03 12:00:00,14.6,799.0
2025-05-03 13:00:00,17.8,646.0
2025-05-03 14:00:00,18.8,540.0
2025-05-03 15:00:00,19.2,415.0
2025-05-03 16:00:00,16.5,328.0
2025-05-03 17:00:00,14.6,184.0
2025-05-03 18:00:00,14.2,45.0
2025-05-03 19:00:00,13.6,0.0
2025-05-03 20:00:00,14.4,0.0
2025-05-03 21:00:00,11.1,0.0
2025-05-03 22:00:00,9.0,0.0
2025-05-03 23:00:00,6.6,0.0
2025-05-04 00:00:00,6.0,0.0
2025-05-04 01:00:00,8.4,0.0
2025-05-04 02:00:00,4.8,0.0
2025-05-04 03:00:00,4.4,0.0
2025-05-04 04:00:00,4.7,2.0
2025-05-04 05:00:00,6.3,70.0
2025-05-04 06:00:00,4.5,226.0
2025-05-04 07:00:00,4.8,395.0
2025-05-04 08:00:00,8.3,551.0
2025-05-04 09:00:00,12.7,655.0
2025-05-04 10:00:00,15.8,756.0
2025-05-04 11:00:00,14.3,791.0
2025-05-04 12:00:00,17.6,759.0
2025-05-04 13:00:00,18.8,642.0
2025-05-04 14:00:00,18.3,556.0
2025-05-04 15:00:00,16.0,492.0
2025-05-04 16:00:00,14.5,342.0
2025-05-04 17:00:00,11.7,180.0
2025-05-04 18:00:00,8.2,48.0
2025-05-04 19:00:00,7.3,0.0
2025-05-04 20:00:00,6.8,0.0
2025-05-04 21:00:00,4.7,0.0
2025-05-04 22:00:00,6.9,0.0
2025-05-04 23:00:00,5.1,0.0
2025-05-05 00:00:00,4.5,0.0
2025-05-05 01:00:00,3.7,0.0
2025-05-05 02:00:00,3.2,0.0
2025-05-05 03:00:00,4.2,0.0
2025-05-05 04:00:00,6.0,2.0
2025-05-05 05:00:00,9.0,52.0
2025-05-05 06:00:00,10.0,114.0
2025-05-05 07:00:00,9.3,122.0
2025-05-05 08:00:00,9.0,140.0
2025-05-05 09:00:00,9.5,266.0
2025-05-05 10:00:00,10.9,283.0
2025-05-05 11:00:00,10.6,323.0
2025-05-05 12:00:00,10.3,320.0
2025-05-05 13:00:00,13.4,234.0
2025-05-05 14:00:00,10.2,360.0
2025-05-05 15:00:00,8.2,187.0
2025-05-05 16:00:00,11.0,168.0
2025-05-05 17:00:00,11.1,62.0
2025-05-05 18:00:00,10.9,13.0
2025-05-05 19:00:00,10.0,0.0
2025-05-05 20:00:00,9.0,0.0
2025-05-05 21:00:00,11.2,0.0
2025-05-05 22:00:00,9.3,0.0
2025-05-05 23:00:00,10.6,0.0
2025-05-06 00:00:00,10.1,0.0
2025-05-06 01:00:00,8.6,0.0
2025-05-06 02:00:00,10.2,0.0
2025-05-06 03:00:00,11.9,0.0
2025-05-06 04:00:00,10.1,2.0
2025-05-06 05:00:00,7.7,37.0
2025-05-06 06:00:00,6.9,86.0
2025-05-06 07:00:00,7.7,146.0
2025-05-06 08:00:00,8.9,165.0
2025-05-06 09:00:00,8.8,202.0
2025-05-06 10:00:00,7.3,267.0
2025-05-06 11:00:00,7.4,293.0
2025-05-06 12:00:00,5.9,283.0
2025-05-06 13:00:00,6.9,205.0
2025-05-06 14:00:00,8.3,210.0
2025-05-06 15:00:00,8.5,198.0
2025-05-06 16:00:00,8.6,174.0
2025-05-06 17:00:00,7.6,69.0
2025-05-06 18:00:00,5.8,23.0
2025-05-06 19:00:00,3.4,0.0
2025-05-06 20:00:00,3.4,0.0
2025-05-06 21:00:00,3.4,0.0
2025-05-06 22:00:00,3.6,0.0
2025-05-06 23:00:00,4.8,0.0
2025-05-07 00:00:00,5.5,0.0
2025-05-07 01:00:00,2.4,0.0
2025-05-07 02:00:00,1.5,0.0
2025-05-07 03:00:00,3.1,0.0
2025-05-07 04:00:00,3.7,1.0
2025-05-07 05:00:00,3.1,21.0
2025-05-07 06:00:00,2.3,89.0
2025-05-07 07:00:00,0.9,145.0
2025-05-07 08:00:00,2.8,328.0
2025-05-07 09:00:00,5.8,614.0
2025-05-07 10:00:00,5.8,731.0
2025-05-07 11:00:00,5.1,504.0
2025-05-07 12:00:00,3.9,458.0
2025-05-07 13:00:00,6.1,478.0
2025-05-07 14:00:00,6.2,397.0
2025-05-07 15:00:00,7.9,240.0
2025-05-07 16:00:00,7.9,233.0
2025-05-07 17:00:00,7.6,137.0
2025-05-07 18:00:00,6.3,42.0
2025-05-07 19:00:00,6.6,0.0
2025-05-07 20:00:00,6.6,0.0
2025-05-07 21:00:00,7.6,0.0
2025-05-07 22:00:00,10.1,0.0
2025-05-07 23:00:00,9.3,0.0
2025-05-08 00:00:00,9.4,0.0
2025-05-08 01:00:00,10.3,0.0
2025-05-08 02:00:00,12.7,0.0
2025-05-08 03:00:00,13.1,0.0
2025-05-08 04:00:00,13.8,2.0
2025-05-08 05:00:00,13.6,14.0
2025-05-08 06:00:00,13.0,68.0
2025-05-08 07:00:00,11.4,46.0
2025-05-08 08:00:00,9.5,74.0
2025-05-08 09:00:00,9.1,99.0
2025-05-08 10:00:00,8.1,141.0
2025-05-08 11:00:00,7.6,153.0
2025-05-08 12:00:00,7.0,127.0
2025-05-08 13:00:00,8.2,154.0
2025-05-08 14:00:00,9.2,197.0
2025-05-08 15:00:00,8.0,300.0
2025-05-08 16:00:00,7.5,271.0
2025-05-08 17:00:00,7.4,124.0
2025-05-08 18:00:00,6.2,31.0
2025-05-08 19:00:00,4.4,0.0
2025-05-08 20:00:00,2.8,0.0
2025-05-08 21:00:00,2.1,0.0
2025-05-08 22:00:00,3.8,0.0
2025-05-08 23:00:00,3.9,0.0
2025-05-09 00:00:00,3.8,0.0
2025-05-09 01:00:00,4.8,0.0
2025-05-09 02:00:00,4.4,0.0
2025-05-09 03:00:00,4.8,0.0
2025-05-09 04:00:00,4.4,2.0
2025-05-09 05:00:00,4.1,36.0
2025-05-09 06:00:00,3.8,104.0
2025-05-09 07:00:00,7.0,221.0
2025-05-09 08:00:00,8.6,319.0
2025-05-09 09:00:00,9.8,532.0
2025-05-09 10:00:00,10.1,577.0
2025-05-09 11:00:00,9.8,651.0
2025-05-09 12:00:00,9.2,799.0
2025-05-09 13:00:00,9.7,625.0
2025-05-09 14:00:00,10.4,551.0
2025-05-09 15:00:00,12.3,394.0
2025-05-09 16:00:00,9.7,278.0
2025-05-09 17:00:00,11.2,152.0
2025-05-09 18:00:00,10.9,47.0
2025-05-09 19:00:00,11.2,1.0
2025-05-09 20:00:00,10.3,0.0
2025-05-09 21:00:00,6.6,0.0
2025-05-09 22:00:00,4.9,0.0
2025-05-09 23:00:00,5.6,0.0
2025-05-10 00:00:00,6.4,0.0
2025-05-10 01:00:00,4.9,0.0
2025-05-10 02:00:00,6.1,0.0
2025-05-10 03:00:00,5.0,0.0
2025-05-10 04:00:00,4.5,3.0
2025-05-10 05:00:00,5.0,63.0
2025-05-10 06:00:00,3.4,189.0
2025-05-10 07:00:00,2.0,369.0
2025-05-10 08:00:00,3.5,546.0
2025-05-10 09:00:00,4.2,733.0
2025-05-10 10:00:00,4.5,829.0
2025-05-10 11:00:00,4.2,874.0
2025-05-10 12:00:00,4.0,874.0
2025-05-10 13:00:00,5.8,810.0
2025-05-10 14:00:00,7.3,655.0
2025-05-10 15:00:00,5.6,473.0
2025-05-10 16:00:00,5.8,295.0
2025-05-10 17:00:00,5.4,189.0
2025-05-10 18:00:00,4.2,61.0
2025-05-10 19:00:00,2.6,1.0
2025-05-10 20:00:00,0.8,0.0
2025-05-10 21:00:00,1.1,0.0
2025-05-10 22:00:00,1.1,0.0
2025-05-10 23:00:00,0.4,0.0
2025-05-11 00:00:00,1.3,0.0
2025-05-11 01:00:00,1.5,0.0
2025-05-11 02:00:00,4.0,0.0
2025-05-11 03:00:00,4.6,0.0
2025-05-11 04:00:00,5.0,6.0
2025-05-11 05:00:00,5.0,94.0
2025-05-11 06:00:00,1.7,253.0
2025-05-11 07:00:00,3.1,430.0
2025-05-11 08:00:00,3.1,596.0
2025-05-11 09:00:00,3.1,734.0
2025-05-11 10:00:00,2.6,818.0
2025-05-11 11:00:00,2.8,824.0
2025-05-11 12:00:00,2.8,781.0
2025-05-11 13:00:00,3.6,686.0
2025-05-11 14:00:00,5.2,632.0
2025-05-11 15:00:00,7.1,538.0
2025-05-11 16:00:00,7.9,353.0
2025-05-11 17:00:00,7.2,182.0
2025-05-11 18:00:00,9.7,56.0
2025-05-11 19:00:00,7.5,1.0
2025-05-11 20:00:00,7.7,0.0
2025-05-11 21:00:00,7.9,0.0
2025-05-11 22:00:00,5.6,0.0
2025-05-11 23:00:00,4.5,0.0
2025-05-12 00:00:00,4.1,0.0
2025-05-12 01:00:00,4.1,0.0
2025-05-12 02:00:00,3.5,0.0
2025-05-12 03:00:00,4.0,0.0
2025-05-12 04:00:00,6.3,6.0
2025-05-12 05:00:00,6.7,88.0
2025-05-12 06:00:00,5.2,244.0
2025-05-12 07:00:00,4.4,399.0
2025-05-12 08:00:00,5.9,555.0
2025-05-12 09:00:00,8.0,672.0
2025-05-12 10:00:00,9.1,624.0
2025-05-12 11:00:00,16.1,491.0
2025-05-12 12:00:00,15.1,288.0
2025-05-12 13:00:00,17.0,677.0
2025-05-12 14:00:00,15.2,420.0
2025-05-12 15:00:00,13.9,396.0
2025-05-12 16:00:00,11.2,286.0
2025-05-12 17:00:00,10.0,185.0
2025-05-12 18:00:00,7.4,66.0
2025-05-12 19:00:00,7.3,1.0
2025-05-12 20:00:00,7.3,0.0
2025-05-12 21:00:00,5.7,0.0
2025-05-12 22:00:00,4.9,0.0
2025-05-12 23:00:00,4.5,0.0
2025-05-13 00:00:00,4.4,0.0
2025-05-13 01:00:00,3.4,0.0
2025-05-13 02:00:00,3.1,0.0
2025-05-13 03:00:00,3.4,0.0
2025-05-13 04:00:00,3.6,7.0
2025-05-13 05:00:00,4.4,92.0
2025-05-13 06:00:00,2.9,246.0
2025-05-13 07:00:00,4.2,425.0
2025-05-13 08:00:00,6.0,605.0
2025-05-13 09:00:00,6.4,713.0
2025-05-13 10:00:00,9.0,754.0
2025-05-13 11:00:00,9.7,715.0
2025-05-13 12:00:00,9.8,561.0
2025-05-13 13:00:00,10.6,716.0
2025-05-13 14:00:00,9.0,567.0
2025-05-13 15:00:00,8.5,480.0
2025-05-13 16:00:00,7.2,350.0
2025-05-13 17:00:00,4.5,203.0
2025-05-13 18:00:00,3.5,66.0
2025-05-13 19:00:00,2.5,2.0
2025-05-13 20:00:00,4.5,0.0
2025-05-13 21:00:00,6.1,0.0
2025-05-13 22:00:00,4.8,0.0
2025-05-13 23:00:00,5.1,0.0
2025-05-14 00:00:00,4.2,0.0
2025-05-14 01:00:00,3.8,0.0
2025-05-14 02:00:00,2.1,0.0
2025-05-14 03:00:00,1.0,0.0
2025-05-14 04:00:00,0.4,8.0
2025-05-14 05:00:00,3.4,102.0
2025-05-14 06:00:00,2.8,265.0
2025-05-14 07:00:00,2.0,444.0
2025-05-14 08:00:00,2.7,611.0
2025-05-14 09:00:00,5.9,749.0
2025-05-14 10:00:00,8.7,846.0
2025-05-14 11:00:00,8.1,891.0
2025-05-14 12:00:00,6.7,848.0
2025-05-14 13:00:00,5.4,806.0
2025-05-14 14:00:00,7.3,707.0
2025-05-14 15:00:00,8.7,568.0
2025-05-14 16:00:00,8.1,396.0
2025-05-14 17:00:00,6.3,220.0
2025-05-14 18:00:00,4.9,69.0
2025-05-14 19:00:00,3.6,2.0
2025-05-14 20:00:00,1.9,0.0
2025-05-14 21:00:00,3.0,0.0
2025-05-14 22:00:00,4.0,0.0
2025-05-14 23:00:00,3.2,0.0
2025-05-15 00:00:00,2.5,0.0
2025-05-15 01:00:00,4.6,0.0
2025-05-15 02:00:00,4.4,0.0
2025-05-15 03:00:00,4.3,0.0
2025-05-15 04:00:00,4.0,8.0
2025-05-15 05:00:00,4.6,101.0
2025-05-15 06:00:00,2.5,262.0
2025-05-15 07:00:00,3.0,439.0
2025-05-15 08:00:00,5.5,592.0
2025-05-15 09:00:00,10.8,635.0
2025-05-15 10:00:00,12.9,696.0
2025-05-15 11:00:00,14.7,826.0
2025-05-15 12:00:00,7.3,792.0
2025-05-15 13:00:00,10.3,706.0
2025-05-15 14:00:00,7.6,513.0
2025-05-15 15:00:00,15.4,181.0
2025-05-15 16:00:00,18.8,81.0
2025-05-15 17:00:00,16.4,79.0
2025-05-15 18:00:00,15.9,13.0
2025-05-15 19:00:00,10.4,0.0
2025-05-15 20:00:00,3.1,0.0
2025-05-15 21:00:00,3.0,0.0
2025-05-15 22:00:00,2.8,0.0
2025-05-15 23:00:00,0.3,0.0
2025-05-16 00:00:00,0.4,0.0
2025-05-16 01:00:00,2.6,0.0
2025-05-16 02:00:00,3.5,0.0
2025-05-16 03:00:00,4.0,0.0
2025-05-16 04:00:00,5.3,7.0
2025-05-16 05:00:00,7.1,60.0
2025-05-16 06:00:00,7.6,152.0
2025-05-16 07:00:00,9.3,301.0
2025-05-16 08:00:00,10.4,493.0
2025-05-16 09:00:00,17.2,579.0
2025-05-16 10:00:00,15.7,487.0
2025-05-16 11:00:00,15.2,471.0
2025-05-16 12:00:00,14.3,600.0
2025-05-16 13:00:00,14.5,603.0
2025-05-16 14:00:00,13.8,616.0
2025-05-16 15:00:00,13.2,510.0
2025-05-16 16:00:00,11.0,346.0
2025-05-16 17:00:00,6.9,202.0
2025-05-16 18:00:00,2.7,67.0
2025-05-16 19:00:00,0.7,2.0
2025-05-16 20:00:00,2.2,0.0
2025-05-16 21:00:00,3.6,0.0
2025-05-16 22:00:00,5.6,0.0
2025-05-16 23:00:00,6.9,0.0
2025-05-17 00:00:00,8.4,0.0
2025-05-17 01:00:00,2.7,0.0
2025-05-17 02:00:00,3.5,0.0
2025-05-17 03:00:00,7.0,0.0
2025-05-17 04:00:00,6.9,10.0
2025-05-17 05:00:00,7.5,104.0
2025-05-17 06:00:00,5.7,246.0
2025-05-17 07:00:00,5.3,435.0
2025-05-17 08:00:00,5.2,599.0
2025-05-17 09:00:00,5.5,714.0
2025-05-17 10:00:00,7.6,739.0
2025-05-17 11:00:00,8.3,815.0
2025-05-17 12:00:00,7.0,598.0
2025-05-17 13:00:00,3.1,789.0
2025-05-17 14:00:00,5.2,698.0
2025-05-17 15:00:00,6.4,537.0
2025-05-17 16:00:00,6.9,367.0
2025-05-17 17:00:00,6.6,199.0
2025-05-17 18:00:00,4.9,67.0
2025-05-17 19:00:00,4.8,3.0
2025-05-17 20:00:00,4.6,0.0
2025-05-17 21:00:00,4.6,0.0
2025-05-17 22:00:00,4.4,0.0
2025-05-17 23:00:00,3.9,0.0
2025-05-18 00:00:00,3.7,0.0
2025-05-18 01:00:00,4.4,0.0
2025-05-18 02:00:00,3.6,0.0
2025-05-18 03:00:00,3.9,0.0
2025-05-18 04:00:00,5.4,10.0
2025-05-18 05:00:00,6.7,107.0
2025-05-18 06:00:00,3.8,271.0
2025-05-18 07:00:00,7.6,445.0
2025-05-18 08:00:00,11.6,604.0
2025-05-18 09:00:00,11.6,746.0
2025-05-18 10:00:00,11.3,781.0
2025-05-18 11:00:00,14.2,795.0
2025-05-18 12:00:00,9.1,577.0
2025-05-18 13:00:00,16.2,758.0
2025-05-18 14:00:00,15.3,623.0
2025-05-18 15:00:00,14.5,470.0
2025-05-18 16:00:00,11.7,312.0
2025-05-18 17:00:00,10.6,200.0
2025-05-18 18:00:00,11.5,73.0
2025-05-18 19:00:00,11.1,3.0
2025-05-18 20:00:00,7.2,0.0
2025-05-18 21:00:00,4.5,0.0
2025-05-18 22:00:00,4.0,0.0
2025-05-18 23:00:00,3.8,0.0
2025-05-19 00:00:00,4.2,0.0
2025-05-19 01:00:00,0.8,0.0
2025-05-19 02:00:00,3.5,0.0
2025-05-19 03:00:00,1.5,0.0
2025-05-19 04:00:00,2.5,7.0
2025-05-19 05:00:00,3.2,67.0
2025-05-19 06:00:00,1.3,249.0
2025-05-19 07:00:00,1.8,418.0
2025-05-19 08:00:00,3.5,606.0
2025-05-19 09:00:00,6.7,739.0
2025-05-19 10:00:00,8.1,822.0
2025-05-19 11:00:00,6.0,830.0
2025-05-19 12:00:00,12.5,576.0
2025-05-19 13:00:00,9.1,669.0
2025-05-19 14:00:00,8.8,665.0
2025-05-19 15:00:00,3.8,495.0
2025-05-19 16:00:00,7.6,309.0
2025-05-19 17:00:00,6.9,189.0
2025-05-19 18:00:00,1.0,67.0
2025-05-19 19:00:00,0.2,3.0
2025-05-19 20:00:00,9.6,0.0
2025-05-19 21:00:00,7.6,0.0
2025-05-19 22:00:00,8.3,0.0
2025-05-19 23:00:00,8.5,0.0
2025-05-20 00:00:00,7.7,0.0
2025-05-20 01:00:00,7.3,0.0
2025-05-20 02:00:00,5.6,0.0
2025-05-20 03:00:00,3.6,0.0
2025-05-20 04:00:00,0.9,12.0
2025-05-20 05:00:00,0.4,103.0
2025-05-20 06:00:00,0.5,248.0
2025-05-20 07:00:00,1.1,404.0
2025-05-20 08:00:00,4.3,557.0
2025-05-20 09:00:00,5.3,699.0
2025-05-20 10:00:00,6.2,771.0
2025-05-20 11:00:00,6.9,810.0
2025-05-20 12:00:00,7.0,639.0
2025-05-20 13:00:00,4.8,255.0
2025-05-20 14:00:00,6.4,498.0
2025-05-20 15:00:00,5.4,458.0
2025-05-20 16:00:00,6.0,269.0
2025-05-20 17:00:00,11.1,139.0
2025-05-20 18:00:00,2.1,40.0
2025-05-20 19:00:00,3.3,2.0
2025-05-20 20:00:00,0.3,0.0
2025-05-20 21:00:00,5.4,0.0
2025-05-20 22:00:00,1.7,0.0
2025-05-20 23:00:00,5.4,0.0
2025-05-21 00:00:00,2.2,0.0
2025-05-21 01:00:00,2.2,0.0
2025-05-21 02:00:00,3.1,0.0
2025-05-21 03:00:00,1.5,0.0
2025-05-21 04:00:00,3.8,9.0
2025-05-21 05:00:00,4.7,85.0
2025-05-21 06:00:00,3.4,220.0
2025-05-21 07:00:00,7.7,355.0
2025-05-21 08:00:00,6.0,409.0
2025-05-21 09:00:00,5.4,495.0
2025-05-21 10:00:00,5.0,665.0
2025-05-21 11:00:00,4.1,686.0
2025-05-21 12:00:00,4.9,660.0
2025-05-21 13:00:00,5.8,707.0
2025-05-21 14:00:00,4.8,572.0
2025-05-21 15:00:00,3.1,343.0
2025-05-21 16:00:00,2.8,245.0
2025-05-21 17:00:00,3.2,163.0
2025-05-21 18:00:00,2.6,68.0
2025-05-21 19:00:00,2.8,4.0
2025-05-21 20:00:00,3.1,0.0
2025-05-21 21:00:00,1.7,0.0
2025-05-21 22:00:00,1.3,0.0
2025-05-21 23:00:00,1.2,0.0
2025-05-22 00:00:00,1.7,0.0
2025-05-22 01:00:00,0.5,0.0
2025-05-22 02:00:00,0.6,0.0
2025-05-22 03:00:00,2.3,0.0
2025-05-22 04:00:00,1.7,10.0
2025-05-22 05:00:00,2.2,76.0
2025-05-22 06:00:00,3.5,170.0
2025-05-22 07:00:00,4.4,309.0
2025-05-22 08:00:00,6.7,382.0
2025-05-22 09:00:00,7.7,530.0
2025-05-22 10:00:00,9.2,723.0
2025-05-22 11:00:00,8.8,492.0
2025-05-22 12:00:00,13.0,600.0
2025-05-22 13:00:00,6.8,542.0
2025-05-22 14:00:00,11.8,563.0
2025-05-22 15:00:00,14.1,498.0
2025-05-22 16:00:00,12.2,359.0
2025-05-22 17:00:00,9.1,194.0
2025-05-22 18:00:00,6.7,73.0
2025-05-22 19:00:00,6.7,4.0
2025-05-22 20:00:00,11.7,0.0
2025-05-22 21:00:00,12.5,0.0
2025-05-22 22:00:00,9.6,0.0
2025-05-22 23:00:00,11.2,0.0
2025-05-23 00:00:00,9.6,0.0
2025-05-23 01:00:00,12.4,0.0
2025-05-23 02:00:00,18.4,0.0
2025-05-23 03:00:00,19.9,0.0
2025-05-23 04:00:00,18.0,1.0
2025-05-23 05:00:00,17.4,13.0
2025-05-23 06:00:00,19.5,61.0
2025-05-23 07:00:00,17.4,142.0
2025-05-23 08:00:00,12.0,131.0
2025-05-23 09:00:00,8.9,183.0
2025-05-23 10:00:00,9.1,180.0
2025-05-23 11:00:00,9.0,193.0
2025-05-23 12:00:00,5.4,196.0
2025-05-23 13:00:00,6.0,137.0
2025-05-23 14:00:00,5.8,236.0
2025-05-23 15:00:00,6.5,97.0
2025-05-23 16:00:00,5.3,51.0
2025-05-23 17:00:00,4.6,59.0
2025-05-23 18:00:00,5.4,14.0
2025-05-23 19:00:00,5.2,1.0
2025-05-23 20:00:00,5.5,0.0
2025-05-23 21:00:00,5.1,0.0
2025-05-23 22:00:00,4.5,0.0
2025-05-23 23:00:00,5.3,0.0
2025-05-24 00:00:00,5.3,0.0
2025-05-24 01:00:00,4.4,0.0
2025-05-24 02:00:00,4.8,0.0
2025-05-24 03:00:00,5.5,0.0
2025-05-24 04:00:00,6.5,15.0
2025-05-24 05:00:00,6.2,120.0
2025-05-24 06:00:00,3.2,284.0
2025-05-24 07:00:00,2.8,461.0
2025-05-24 08:00:00,1.6,626.0
2025-05-24 09:00:00,3.5,712.0
2025-05-24 10:00:00,7.2,679.0
2025-05-24 11:00:00,8.2,774.0
2025-05-24 12:00:00,8.9,767.0
2025-05-24 13:00:00,11.2,645.0
2025-05-24 14:00:00,10.6,584.0
2025-05-24 15:00:00,11.4,491.0
2025-05-24 16:00:00,10.8,388.0
2025-05-24 17:00:00,6.3,222.0
2025-05-24 18:00:00,3.5,88.0
2025-05-24 19:00:00,1.1,6.0
2025-05-24 20:00:00,2.0,0.0
2025-05-24 21:00:00,5.5,0.0
2025-05-24 22:00:00,6.9,0.0
2025-05-24 23:00:00,5.9,0.0
2025-05-25 00:00:00,6.6,0.0
2025-05-25 01:00:00,8.5,0.0
2025-05-25 02:00:00,8.8,0.0
2025-05-25 03:00:00,10.2,0.0
2025-05-25 04:00:00,10.9,16.0
2025-05-25 05:00:00,9.0,122.0
2025-05-25 06:00:00,5.8,289.0
2025-05-25 07:00:00,5.2,468.0
2025-05-25 08:00:00,5.0,634.0
2025-05-25 09:00:00,6.4,770.0
2025-05-25 10:00:00,7.2,850.0
2025-05-25 11:00:00,9.0,673.0
2025-05-25 12:00:00,7.6,549.0
2025-05-25 13:00:00,6.7,504.0
2025-05-25 14:00:00,5.7,465.0
2025-05-25 15:00:00,5.3,445.0
2025-05-25 16:00:00,4.3,260.0
2025-05-25 17:00:00,3.7,161.0
2025-05-25 18:00:00,3.7,33.0
2025-05-25 19:00:00,4.1,3.0
2025-05-25 20:00:00,4.2,0.0
2025-05-25 21:00:00,3.9,0.0
2025-05-25 22:00:00,4.6,0.0
2025-05-25 23:00:00,5.3,0.0
2025-05-26 00:00:00,4.4,0.0
2025-05-26 01:00:00,2.7,0.0
2025-05-26 02:00:00,2.5,0.0
2025-05-26 03:00:00,3.0,0.0
2025-05-26 04:00:00,2.8,16.0
2025-05-26 05:00:00,4.5,119.0
2025-05-26 06:00:00,3.0,275.0
2025-05-26 07:00:00,3.1,448.0
2025-05-26 08:00:00,4.5,601.0
2025-05-26 09:00:00,4.7,734.0
2025-05-26 10:00:00,4.3,832.0
2025-05-26 11:00:00,3.7,825.0
2025-05-26 12:00:00,2.8,846.0
2025-05-26 13:00:00,6.3,713.0
2025-05-26 14:00:00,7.1,622.0
2025-05-26 15:00:00,9.2,376.0
2025-05-26 16:00:00,7.7,325.0
2025-05-26 17:00:00,7.2,225.0
2025-05-26 18:00:00,5.9,71.0
2025-05-26 19:00:00,6.8,6.0
2025-05-26 20:00:00,7.2,0.0
2025-05-26 21:00:00,6.9,0.0
2025-05-26 22:00:00,6.9,0.0
2025-05-26 23:00:00,8.2,0.0
2025-05-27 00:00:00,7.6,0.0
2025-05-27 01:00:00,4.9,0.0
2025-05-27 02:00:00,1.8,0.0
2025-05-27 03:00:00,3.0,0.0
2025-05-27 04:00:00,5.8,16.0
2025-05-27 05:00:00,4.3,116.0
2025-05-27 06:00:00,1.3,268.0
2025-05-27 07:00:00,1.8,440.0
2025-05-27 08:00:00,2.8,600.0
2025-05-27 09:00:00,5.0,709.0
2025-05-27 10:00:00,5.4,751.0
2025-05-27 11:00:00,4.4,803.0
2025-05-27 12:00:00,4.0,690.0
2025-05-27 13:00:00,4.4,700.0
2025-05-27 14:00:00,8.3,653.0
2025-05-27 15:00:00,11.3,449.0
2025-05-27 16:00:00,8.8,341.0
2025-05-27 17:00:00,6.0,204.0
2025-05-27 18:00:00,6.4,83.0
2025-05-27 19:00:00,6.6,6.0
2025-05-27 20:00:00,4.5,0.0
2025-05-27 21:00:00,5.8,0.0
2025-05-27 22:00:00,3.8,0.0
2025-05-27 23:00:00,6.1,0.0
2025-05-28 00:00:00,8.2,0.0
2025-05-28 01:00:00,9.1,0.0
2025-05-28 02:00:00,7.8,0.0
2025-05-28 03:00:00,8.3,0.0
2025-05-28 04:00:00,6.7,17.0
2025-05-28 05:00:00,6.1,119.0
2025-05-28 06:00:00,4.5,272.0
2025-05-28 07:00:00,4.0,419.0
2025-05-28 08:00:00,3.4,593.0
2025-05-28 09:00:00,2.4,730.0
2025-05-28 10:00:00,5.2,839.0
2025-05-28 11:00:00,7.4,753.0
2025-05-28 12:00:00,8.8,651.0
2025-05-28 13:00:00,7.8,337.0
2025-05-28 14:00:00,8.6,525.0
2025-05-28 15:00:00,7.0,430.0
2025-05-28 16:00:00,4.1,182.0
2025-05-28 17:00:00,4.3,110.0
2025-05-28 18:00:00,3.1,59.0
2025-05-28 19:00:00,3.1,3.0
2025-05-28 20:00:00,7.8,0.0
2025-05-28 21:00:00,11.2,0.0
2025-05-28 22:00:00,4.5,0.0
2025-05-28 23:00:00,4.8,0.0
2025-05-29 00:00:00,5.1,0.0
2025-05-29 01:00:00,4.7,0.0
2025-05-29 02:00:00,5.0,0.0
2025-05-29 03:00:00,4.0,0.0
2025-05-29 04:00:00,7.6,11.0
2025-05-29 05:00:00,6.1,28.0
2025-05-29 06:00:00,5.5,258.0
2025-05-29 07:00:00,5.5,419.0
2025-05-29 08:00:00,5.6,586.0
2025-05-29 09:00:00,6.9,712.0
2025-05-29 10:00:00,12.6,789.0
2025-05-29 11:00:00,16.8,708.0
2025-05-29 12:00:00,17.3,743.0
2025-05-29 13:00:00,14.1,677.0
2025-05-29 14:00:00,12.4,645.0
2025-05-29 15:00:00,10.5,549.0
2025-05-29 16:00:00,11.3,385.0
2025-05-29 17:00:00,3.1,215.0
2025-05-29 18:00:00,3.3,83.0
2025-05-29 19:00:00,3.2,7.0
2025-05-29 20:00:00,0.8,0.0
2025-05-29 21:00:00,3.3,0.0
2025-05-29 22:00:00,4.4,0.0
2025-05-29 23:00:00,5.6,0.0
2025-05-30 00:00:00,4.8,0.0
2025-05-30 01:00:00,3.0,0.0
2025-05-30 02:00:00,2.7,0.0
2025-05-30 03:00:00,2.9,0.0
2025-05-30 04:00:00,4.1,4.0
2025-05-30 05:00:00,5.0,38.0
2025-05-30 06:00:00,4.2,73.0
2025-05-30 07:00:00,4.4,106.0
2025-05-30 08:00:00,5.2,177.0
2025-05-30 09:00:00,5.6,208.0
2025-05-30 10:00:00,4.5,210.0
2025-05-30 11:00:00,0.9,202.0
2025-05-30 12:00:00,3.5,497.0
2025-05-30 13:00:00,1.6,628.0
2025-05-30 14:00:00,3.5,509.0
2025-05-30 15:00:00,6.4,572.0
2025-05-30 16:00:00,7.3,410.0
2025-05-30 17:00:00,6.6,243.0
2025-05-30 18:00:00,2.4,94.0
2025-05-30 19:00:00,3.5,9.0
2025-05-30 20:00:00,3.4,0.0
2025-05-30 21:00:00,1.0,0.0
2025-05-30 22:00:00,0.6,0.0
2025-05-30 23:00:00,0.5,0.0
2025-05-31 00:00:00,0.6,0.0
2025-05-31 01:00:00,3.5,0.0
2025-05-31 02:00:00,3.4,0.0
2025-05-31 03:00:00,3.4,0.0
2025-05-31 04:00:00,5.0,18.0
2025-05-31 05:00:00,5.7,123.0
2025-05-31 06:00:00,2.9,282.0
2025-05-31 07:00:00,1.3,453.0
2025-05-31 08:00:00,1.7,614.0
2025-05-31 09:00:00,3.6,745.0
2025-05-31 10:00:00,5.5,833.0
2025-05-31 11:00:00,5.8,876.0
2025-05-31 12:00:00,5.0,853.0
2025-05-31 13:00:00,7.8,731.0
2025-05-31 14:00:00,8.3,685.0
2025-05-31 15:00:00,9.7,557.0
2025-05-31 16:00:00,8.6,399.0
2025-05-31 17:00:00,4.3,236.0
2025-05-31 18:00:00,1.7,96.0
2025-05-31 19:00:00,2.0,9.0
2025-05-31 20:00:00,1.8,0.0
2025-05-31 21:00:00,1.7,0.0
2025-05-31 22:00:00,2.2,0.0
2025-05-31 23:00:00,2.3,0.0
2025-06-01 00:00:00,2.0,0.0
2025-06-01 01:00:00,1.7,0.0
2025-06-01 02:00:00,2.0,0.0
2025-06-01 03:00:00,3.3,0.0
2025-06-01 04:00:00,4.8,18.0
2025-06-01 05:00:00,4.5,122.0
2025-06-01 06:00:00,3.4,280.0
2025-06-01 07:00:00,3.7,452.0
2025-06-01 08:00:00,4.6,609.0
2025-06-01 09:00:00,6.2,738.0
2025-06-01 10:00:00,7.5,838.0
2025-06-01 11:00:00,9.4,875.0
2025-06-01 12:00:00,9.7,876.0
2025-06-01 13:00:00,11.0,812.0
2025-06-01 14:00:00,11.6,700.0
2025-06-01 15:00:00,11.2,538.0
2025-06-01 16:00:00,10.5,385.0
2025-06-01 17:00:00,6.4,220.0
2025-06-01 18:00:00,3.3,94.0
2025-06-01 19:00:00,3.0,10.0
2025-06-01 20:00:00,3.7,0.0
2025-06-01 21:00:00,4.5,0.0
2025-06-01 22:00:00,5.0,0.0
2025-06-01 23:00:00,3.8,0.0
2025-06-02 00:00:00,3.5,0.0
2025-06-02 01:00:00,4.5,0.0
2025-06-02 02:00:00,3.7,0.0
2025-06-02 03:00:00,3.3,0.0
2025-06-02 04:00:00,3.4,19.0
2025-06-02 05:00:00,4.1,124.0
2025-06-02 06:00:00,3.0,280.0
2025-06-02 07:00:00,3.1,450.0
2025-06-02 08:00:00,5.5,607.0
2025-06-02 09:00:00,10.0,739.0
2025-06-02 10:00:00,15.0,833.0
2025-06-02 11:00:00,17.5,883.0
2025-06-02 12:00:00,16.4,874.0
2025-06-02 13:00:00,17.7,801.0
2025-06-02 14:00:00,18.8,705.0
2025-06-02 15:00:00,18.6,539.0
2025-06-02 16:00:00,18.0,369.0
2025-06-02 17:00:00,15.5,208.0
2025-06-02 18:00:00,12.8,85.0
2025-06-02 19:00:00,10.7,10.0
2025-06-02 20:00:00,8.4,0.0
2025-06-02 21:00:00,6.0,0.0
2025-06-02 22:00:00,4.7,0.0
2025-06-02 23:00:00,5.1,0.0
2025-06-03 00:00:00,5.1,0.0
2025-06-03 01:00:00,6.1,0.0
2025-06-03 02:00:00,4.5,0.0
2025-06-03 03:00:00,4.5,0.0
2025-06-03 04:00:00,5.8,19.0
2025-06-03 05:00:00,6.2,119.0
2025-06-03 06:00:00,5.6,274.0
2025-06-03 07:00:00,7.5,440.0
2025-06-03 08:00:00,10.0,608.0
2025-06-03 09:00:00,11.6,720.0
2025-06-03 10:00:00,11.6,833.0
2025-06-03 11:00:00,12.1,874.0
2025-06-03 12:00:00,11.4,865.0
2025-06-03 13:00:00,17.3,766.0
2025-06-03 14:00:00,18.0,681.0
2025-06-03 15:00:00,17.1,552.0
2025-06-03 16:00:00,14.4,402.0
2025-06-03 17:00:00,13.4,245.0
2025-06-03 18:00:00,12.6,100.0
2025-06-03 19:00:00,9.9,11.0
2025-06-03 20:00:00,9.3,0.0
2025-06-03 21:00:00,7.7,0.0
2025-06-03 22:00:00,5.9,0.0
2025-06-03 23:00:00,6.0,0.0
2025-06-04 00:00:00,6.6,0.0
2025-06-04 01:00:00,6.6,0.0
2025-06-04 02:00:00,4.8,0.0
2025-06-04 03:00:00,3.9,0.0
2025-06-04 04:00:00,4.6,20.0
2025-06-04 05:00:00,5.1,127.0
2025-06-04 06:00:00,2.9,286.0
2025-06-04 07:00:00,6.7,458.0
2025-06-04 08:00:00,11.9,619.0
2025-06-04 09:00:00,13.9,754.0
2025-06-04 10:00:00,15.3,847.0
2025-06-04 11:00:00,15.8,891.0
2025-06-04 12:00:00,17.2,870.0
2025-06-04 13:00:00,19.6,811.0
2025-06-04 14:00:00,19.2,695.0
2025-06-04 15:00:00,18.2,559.0
2025-06-04 16:00:00,16.4,400.0
2025-06-04 17:00:00,14.8,233.0
2025-06-04 18:00:00,14.6,95.0
2025-06-04 19:00:00,12.4,11.0
2025-06-04 20:00:00,10.7,0.0
2025-06-04 21:00:00,9.3,0.0
2025-06-04 22:00:00,7.1,0.0
2025-06-04 23:00:00,5.8,0.0
2025-06-05 00:00:00,4.8,0.0
2025-06-05 01:00:00,5.5,0.0
2025-06-05 02:00:00,4.3,0.0
2025-06-05 03:00:00,3.0,0.0
2025-06-05 04:00:00,1.5,21.0
2025-06-05 05:00:00,1.8,128.0
2025-06-05 06:00:00,1.4,285.0
2025-06-05 07:00:00,4.8,454.0
2025-06-05 08:00:00,8.6,614.0
2025-06-05 09:00:00,10.4,748.0
2025-06-05 10:00:00,11.0,838.0
2025-06-05 11:00:00,11.3,882.0
2025-06-05 12:00:00,11.1,879.0
2025-06-05 13:00:00,14.5,809.0
2025-06-05 14:00:00,16.5,696.0
2025-06-05 15:00:00,15.9,536.0
2025-06-05 16:00:00,12.8,411.0
2025-06-05 17:00:00,11.7,254.0
2025-06-05 18:00:00,10.1,105.0
2025-06-05 19:00:00,9.1,12.0
2025-06-05 20:00:00,7.2,0.0
2025-06-05 21:00:00,6.9,0.0
2025-06-05 22:00:00,6.6,0.0
2025-06-05 23:00:00,6.5,0.0
2025-06-06 00:00:00,6.7,0.0
2025-06-06 01:00:00,3.9,0.0
2025-06-06 02:00:00,4.3,0.0
2025-06-06 03:00:00,4.3,0.0
2025-06-06 04:00:00,4.8,21.0
2025-06-06 05:00:00,7.5,130.0
2025-06-06 06:00:00,5.6,287.0
2025-06-06 07:00:00,8.0,457.0
2025-06-06 08:00:00,11.3,615.0
2025-06-06 09:00:00,13.2,747.0
2025-06-06 10:00:00,14.0,840.0
2025-06-06 11:00:00,14.3,873.0
2025-06-06 12:00:00,15.6,828.0
2025-06-06 13:00:00,15.9,774.0
2025-06-06 14:00:00,16.7,716.0
2025-06-06 15:00:00,16.3,559.0
2025-06-06 16:00:00,16.1,419.0
2025-06-06 17:00:00,14.9,259.0
2025-06-06 18:00:00,13.2,107.0
2025-06-06 19:00:00,10.6,12.0
2025-06-06 20:00:00,8.1,0.0
2025-06-06 21:00:00,6.7,0.0
2025-06-06 22:00:00,5.6,0.0
2025-06-06 23:00:00,4.9,0.0
2025-06-07 00:00:00,5.1,0.0
2025-06-07 01:00:00,7.8,0.0
2025-06-07 02:00:00,6.4,0.0
2025-06-07 03:00:00,4.9,0.0
2025-06-07 04:00:00,5.0,21.0
2025-06-07 05:00:00,4.5,129.0
2025-06-07 06:00:00,2.3,285.0
2025-06-07 07:00:00,3.9,454.0
2025-06-07 08:00:00,9.2,612.0
2025-06-07 09:00:00,13.8,743.0
2025-06-07 10:00:00,15.8,835.0
2025-06-07 11:00:00,15.8,868.0
2025-06-07 12:00:00,20.9,873.0
2025-06-07 13:00:00,19.7,799.0
2025-06-07 14:00:00,20.5,706.0
2025-06-07 15:00:00,19.6,589.0
2025-06-07 16:00:00,18.3,429.0
2025-06-07 17:00:00,16.7,262.0
2025-06-07 18:00:00,15.9,108.0
2025-06-07 19:00:00,10.3,13.0
2025-06-07 20:00:00,7.5,0.0
2025-06-07 21:00:00,6.1,0.0
2025-06-07 22:00:00,6.3,0.0
2025-06-07 23:00:00,6.5,0.0
2025-06-08 00:00:00,4.2,0.0
2025-06-08 01:00:00,2.5,0.0
2025-06-08 02:00:00,7.9,0.0
2025-06-08 03:00:00,7.3,0.0
2025-06-08 04:00:00,7.3,20.0
2025-06-08 05:00:00,6.7,123.0
2025-06-08 06:00:00,4.9,283.0
2025-06-08 07:00:00,4.8,452.0
2025-06-08 08:00:00,6.3,613.0
2025-06-08 09:00:00,8.9,747.0
2025-06-08 10:00:00,11.9,839.0
2025-06-08 11:00:00,14.1,826.0
2025-06-08 12:00:00,20.0,825.0
2025-06-08 13:00:00,19.1,774.0
2025-06-08 14:00:00,16.4,668.0
2025-06-08 15:00:00,24.9,531.0
2025-06-08 16:00:00,16.3,351.0
2025-06-08 17:00:00,14.0,249.0
2025-06-08 18:00:00,10.1,101.0
2025-06-08 19:00:00,7.6,13.0
2025-06-08 20:00:00,6.2,0.0
2025-06-08 21:00:00,3.9,0.0
2025-06-08 22:00:00,4.6,0.0
2025-06-08 23:00:00,2.7,0.0
2025-06-09 00:00:00,3.9,0.0
2025-06-09 01:00:00,6.4,0.0
2025-06-09 02:00:00,5.9,0.0
2025-06-09 03:00:00,6.0,0.0
2025-06-09 04:00:00,9.0,4.0
2025-06-09 05:00:00,9.7,28.0
2025-06-09 06:00:00,9.9,47.0
2025-06-09 07:00:00,9.6,106.0
2025-06-09 08:00:00,9.5,126.0
2025-06-09 09:00:00,10.1,228.0
2025-06-09 10:00:00,10.3,422.0
2025-06-09 11:00:00,10.7,484.0
2025-06-09 12:00:00,10.0,562.0
2025-06-09 13:00:00,9.9,564.0
2025-06-09 14:00:00,9.5,570.0
2025-06-09 15:00:00,9.2,483.0
2025-06-09 16:00:00,8.8,370.0
2025-06-09 17:00:00,10.3,254.0
2025-06-09 18:00:00,8.2,110.0
2025-06-09 19:00:00,7.0,14.0
2025-06-09 20:00:00,7.9,0.0
2025-06-09 21:00:00,7.5,0.0
2025-06-09 22:00:00,7.2,0.0
2025-06-09 23:00:00,5.1,0.0
2025-06-10 00:00:00,4.0,0.0
2025-06-10 01:00:00,3.6,0.0
2025-06-10 02:00:00,3.3,0.0
2025-06-10 03:00:00,2.0,0.0
2025-06-10 04:00:00,1.7,23.0
2025-06-10 05:00:00,2.7,135.0
2025-06-10 06:00:00,1.9,297.0
2025-06-10 07:00:00,1.3,470.0
2025-06-10 08:00:00,4.0,632.0
2025-06-10 09:00:00,6.9,767.0
2025-06-10 10:00:00,7.5,864.0
2025-06-10 11:00:00,8.3,913.0
2025-06-10 12:00:00,8.7,908.0
2025-06-10 13:00:00,7.7,854.0
2025-06-10 14:00:00,7.7,752.0
2025-06-10 15:00:00,7.4,613.0
2025-06-10 16:00:00,6.7,449.0
2025-06-10 17:00:00,6.6,276.0
2025-06-10 18:00:00,6.0,117.0
2025-06-10 19:00:00,4.6,15.0
2025-06-10 20:00:00,1.5,0.0
2025-06-10 21:00:00,0.5,0.0
2025-06-10 22:00:00,0.6,0.0
2025-06-10 23:00:00,0.9,0.0
2025-06-11 00:00:00,0.2,0.0
2025-06-11 01:00:00,1.9,0.0
2025-06-11 02:00:00,2.8,0.0
2025-06-11 03:00:00,4.1,0.0
2025-06-11 04:00:00,5.8,22.0
2025-06-11 05:00:00,5.3,131.0
2025-06-11 06:00:00,3.9,288.0
2025-06-11 07:00:00,1.3,458.0
2025-06-11 08:00:00,1.8,617.0
2025-06-11 09:00:00,5.1,748.0
2025-06-11 10:00:00,6.9,842.0
2025-06-11 11:00:00,6.4,889.0
2025-06-11 12:00:00,5.8,887.0
2025-06-11 13:00:00,6.7,814.0
2025-06-11 14:00:00,6.7,730.0
2025-06-11 15:00:00,6.8,584.0
2025-06-11 16:00:00,6.4,428.0
2025-06-11 17:00:00,6.2,240.0
2025-06-11 18:00:00,4.0,103.0
2025-06-11 19:00:00,7.2,13.0
2025-06-11 20:00:00,14.1,0.0
2025-06-11 21:00:00,14.1,0.0
2025-06-11 22:00:00,13.6,0.0
2025-06-11 23:00:00,10.3,0.0
2025-06-12 00:00:00,7.0,0.0
2025-06-12 01:00:00,8.7,0.0
2025-06-12 02:00:00,8.6,0.0
2025-06-12 03:00:00,6.1,0.0
2025-06-12 04:00:00,7.1,22.0
2025-06-12 05:00:00,5.8,128.0
2025-06-12 06:00:00,5.5,285.0
2025-06-12 07:00:00,5.8,455.0
2025-06-12 08:00:00,5.9,613.0
2025-06-12 09:00:00,6.3,745.0
2025-06-12 10:00:00,6.9,838.0
2025-06-12 11:00:00,7.9,884.0
2025-06-12 12:00:00,8.5,881.0
2025-06-12 13:00:00,8.8,829.0
2025-06-12 14:00:00,8.5,730.0
2025-06-12 15:00:00,8.2,595.0
2025-06-12 16:00:00,7.8,434.0
2025-06-12 17:00:00,8.1,265.0
2025-06-12 18:00:00,8.1,113.0
2025-06-12 19:00:00,5.1,15.0
2025-06-12 20:00:00,4.7,0.0
2025-06-12 21:00:00,3.5,0.0
2025-06-12 22:00:00,5.1,0.0
2025-06-12 23:00:00,7.1,0.0
2025-06-13 00:00:00,7.3,0.0
2025-06-13 01:00:00,6.3,0.0
2025-06-13 02:00:00,5.1,0.0
2025-06-13 03:00:00,4.6,0.0
2025-06-13 04:00:00,6.7,22.0
2025-06-13 05:00:00,6.2,130.0
2025-06-13 06:00:00,5.4,288.0
2025-06-13 07:00:00,5.7,459.0
2025-06-13 08:00:00,5.8,619.0
2025-06-13 09:00:00,6.1,752.0
2025-06-13 10:00:00,5.8,846.0
2025-06-13 11:00:00,5.1,893.0
2025-06-13 12:00:00,5.7,891.0
2025-06-13 13:00:00,7.2,837.0
2025-06-13 14:00:00,8.7,738.0
2025-06-13 15:00:00,10.5,602.0
2025-06-13 16:00:00,11.3,442.0
2025-06-13 17:00:00,10.5,272.0
2025-06-13 18:00:00,7.8,117.0
2025-06-13 19:00:00,5.1,16.0
2025-06-13 20:00:00,4.4,0.0
2025-06-13 21:00:00,5.8,0.0
2025-06-13 22:00:00,6.8,0.0
2025-06-13 23:00:00,5.4,0.0
2025-06-14 00:00:00,3.8,0.0
2025-06-14 01:00:00,3.7,0.0
2025-06-14 02:00:00,3.5,0.0
2025-06-14 03:00:00,2.7,0.0
2025-06-14 04:00:00,1.8,23.0
2025-06-14 05:00:00,1.6,135.0
2025-06-14 06:00:00,1.5,295.0
2025-06-14 07:00:00,1.5,466.0
2025-06-14 08:00:00,2.1,625.0
2025-06-14 09:00:00,4.2,758.0
2025-06-14 10:00:00,5.3,852.0
2025-06-14 11:00:00,6.0,900.0
2025-06-14 12:00:00,6.2,896.0
2025-06-14 13:00:00,6.7,843.0
2025-06-14 14:00:00,7.2,743.0
2025-06-14 15:00:00,6.5,606.0
2025-06-14 16:00:00,5.9,444.0
2025-06-14 17:00:00,6.4,274.0
2025-06-14 18:00:00,4.8,118.0
2025-06-14 19:00:00,1.4,16.0
2025-06-14 20:00:00,3.1,0.0
2025-06-14 21:00:00,3.4,0.0
2025-06-14 22:00:00,6.9,0.0
2025-06-14 23:00:00,8.1,0.0
2025-06-15 00:00:00,6.8,0.0
2025-06-15 01:00:00,4.3,0.0
2025-06-15 02:00:00,3.9,0.0
2025-06-15 03:00:00,4.1,0.0
2025-06-15 04:00:00,2.8,23.0
2025-06-15 05:00:00,1.9,131.0
2025-06-15 06:00:00,0.5,289.0
2025-06-15 07:00:00,0.6,459.0
2025-06-15 08:00:00,3.1,618.0
2025-06-15 09:00:00,5.2,750.0
2025-06-15 10:00:00,6.7,842.0
2025-06-15 11:00:00,6.1,889.0
2025-06-15 12:00:00,5.7,885.0
2025-06-15 13:00:00,5.8,832.0
2025-06-15 14:00:00,5.6,731.0
2025-06-15 15:00:00,6.5,567.0
2025-06-15 16:00:00,6.1,364.0
2025-06-15 17:00:00,6.7,233.0
2025-06-15 18:00:00,8.1,108.0
2025-06-15 19:00:00,6.2,15.0
2025-06-15 20:00:00,4.6,0.0
2025-06-15 21:00:00,3.2,0.0
2025-06-15 22:00:00,2.9,0.0
2025-06-15 23:00:00,2.9,0.0
2025-06-16 00:00:00,3.8,0.0
2025-06-16 01:00:00,2.4,0.0
2025-06-16 02:00:00,1.7,0.0
2025-06-16 03:00:00,8.0,0.0
2025-06-16 04:00:00,14.5,19.0
2025-06-16 05:00:00,12.3,48.0
2025-06-16 06:00:00,9.4,123.0
2025-06-16 07:00:00,10.0,192.0
2025-06-16 08:00:00,9.0,352.0
2025-06-16 09:00:00,10.0,207.0
2025-06-16 10:00:00,9.5,328.0
2025-06-16 11:00:00,8.6,378.0
2025-06-16 12:00:00,12.6,443.0
2025-06-16 13:00:00,10.2,463.0
2025-06-16 14:00:00,12.7,567.0
2025-06-16 15:00:00,12.8,517.0
2025-06-16 16:00:00,13.8,336.0
2025-06-16 17:00:00,12.7,195.0
2025-06-16 18:00:00,8.0,86.0
2025-06-16 19:00:00,8.8,15.0
2025-06-16 20:00:00,5.9,0.0
2025-06-16 21:00:00,6.1,0.0
2025-06-16 22:00:00,4.5,0.0
2025-06-16 23:00:00,3.4,0.0
2025-06-17 00:00:00,3.3,0.0
2025-06-17 01:00:00,1.7,0.0
2025-06-17 02:00:00,2.9,0.0
2025-06-17 03:00:00,3.8,0.0
2025-06-17 04:00:00,3.9,10.0
2025-06-17 05:00:00,3.6,67.0
2025-06-17 06:00:00,3.9,147.0
2025-06-17 07:00:00,7.0,248.0
2025-06-17 08:00:00,15.6,434.0
2025-06-17 09:00:00,17.0,374.0
2025-06-17 10:00:00,15.5,542.0
2025-06-17 11:00:00,15.9,679.0
2025-06-17 12:00:00,16.2,557.0
2025-06-17 13:00:00,15.5,543.0
2025-06-17 14:00:00,14.5,598.0
2025-06-17 15:00:00,14.0,511.0
2025-06-17 16:00:00,8.9,278.0
2025-06-17 17:00:00,8.4,157.0
2025-06-17 18:00:00,9.3,72.0
2025-06-17 19:00:00,5.1,9.0
2025-06-17 20:00:00,3.3,0.0
2025-06-17 21:00:00,1.6,0.0
2025-06-17 22:00:00,2.4,0.0
2025-06-17 23:00:00,4.5,0.0
2025-06-18 00:00:00,5.3,0.0
2025-06-18 01:00:00,5.0,0.0
2025-06-18 02:00:00,5.6,0.0
2025-06-18 03:00:00,5.3,0.0
2025-06-18 04:00:00,5.9,19.0
2025-06-18 05:00:00,5.5,96.0
2025-06-18 06:00:00,3.5,196.0
2025-06-18 07:00:00,2.1,357.0
2025-06-18 08:00:00,2.8,580.0
2025-06-18 09:00:00,4.1,733.0
2025-06-18 10:00:00,5.4,836.0
2025-06-18 11:00:00,5.4,870.0
2025-06-18 12:00:00,3.8,845.0
2025-06-18 13:00:00,4.3,743.0
2025-06-18 14:00:00,4.1,714.0
2025-06-18 15:00:00,4.1,596.0
2025-06-18 16:00:00,4.4,436.0
2025-06-18 17:00:00,5.9,273.0
2025-06-18 18:00:00,5.4,119.0
2025-06-18 19:00:00,3.3,18.0
2025-06-18 20:00:00,0.8,0.0
2025-06-18 21:00:00,0.6,0.0
2025-06-18 22:00:00,0.9,0.0
2025-06-18 23:00:00,1.7,0.0
2025-06-19 00:00:00,1.0,0.0
2025-06-19 01:00:00,3.2,0.0
2025-06-19 02:00:00,3.1,0.0
2025-06-19 03:00:00,2.8,0.0
2025-06-19 04:00:00,4.6,22.0
2025-06-19 05:00:00,4.4,123.0
2025-06-19 06:00:00,1.9,276.0
2025-06-19 07:00:00,1.7,456.0
2025-06-19 08:00:00,3.3,616.0
2025-06-19 09:00:00,3.3,747.0
2025-06-19 10:00:00,3.1,841.0
2025-06-19 11:00:00,3.1,891.0
2025-06-19 12:00:00,3.3,881.0
2025-06-19 13:00:00,4.5,763.0
2025-06-19 14:00:00,3.5,660.0
2025-06-19 15:00:00,2.5,540.0
2025-06-19 16:00:00,1.8,406.0
2025-06-19 17:00:00,2.5,252.0
2025-06-19 18:00:00,4.8,111.0
2025-06-19 19:00:00,3.5,17.0
2025-06-19 20:00:00,0.8,0.0
2025-06-19 21:00:00,1.3,0.0
2025-06-19 22:00:00,7.1,0.0
2025-06-19 23:00:00,11.5,0.0
2025-06-20 00:00:00,11.2,0.0
2025-06-20 01:00:00,14.9,0.0
2025-06-20 02:00:00,9.9,0.0
2025-06-20 03:00:00,8.3,0.0
2025-06-20 04:00:00,9.7,19.0
2025-06-20 05:00:00,8.2,109.0
2025-06-20 06:00:00,6.5,234.0
2025-06-20 07:00:00,8.7,376.0
2025-06-20 08:00:00,8.9,502.0
2025-06-20 09:00:00,9.6,641.0
2025-06-20 10:00:00,11.4,683.0
2025-06-20 11:00:00,9.7,774.0
2025-06-20 12:00:00,8.6,840.0
2025-06-20 13:00:00,9.3,789.0
2025-06-20 14:00:00,10.5,719.0
2025-06-20 15:00:00,12.1,562.0
2025-06-20 16:00:00,11.0,416.0
2025-06-20 17:00:00,8.0,261.0
2025-06-20 18:00:00,5.0,118.0
2025-06-20 19:00:00,2.4,18.0
2025-06-20 20:00:00,3.2,0.0
2025-06-20 21:00:00,5.4,0.0
2025-06-20 22:00:00,8.2,0.0
2025-06-20 23:00:00,6.4,0.0
2025-06-21 00:00:00,5.7,0.0
2025-06-21 01:00:00,6.1,0.0
2025-06-21 02:00:00,6.9,0.0
2025-06-21 03:00:00,7.8,0.0
2025-06-21 04:00:00,7.0,22.0
2025-06-21 05:00:00,5.2,132.0
2025-06-21 06:00:00,3.4,291.0
2025-06-21 07:00:00,3.2,464.0
2025-06-21 08:00:00,4.3,626.0
2025-06-21 09:00:00,5.8,761.0
2025-06-21 10:00:00,5.5,856.0
2025-06-21 11:00:00,5.6,906.0
2025-06-21 12:00:00,7.2,906.0
2025-06-21 13:00:00,8.0,854.0
2025-06-21 14:00:00,9.4,756.0
2025-06-21 15:00:00,9.6,621.0
2025-06-21 16:00:00,9.7,459.0
2025-06-21 17:00:00,9.5,287.0
2025-06-21 18:00:00,5.2,126.0
2025-06-21 19:00:00,2.6,19.0
2025-06-21 20:00:00,3.1,0.0
2025-06-21 21:00:00,3.9,0.0
2025-06-21 22:00:00,3.6,0.0
2025-06-21 23:00:00,4.3,0.0
2025-06-22 00:00:00,4.8,0.0
2025-06-22 01:00:00,1.5,0.0
2025-06-22 02:00:00,0.6,0.0
2025-06-22 03:00:00,0.4,0.0
2025-06-22 04:00:00,1.5,23.0
2025-06-22 05:00:00,1.2,135.0
2025-06-22 06:00:00,1.4,296.0
2025-06-22 07:00:00,2.8,469.0
2025-06-22 08:00:00,4.4,632.0
2025-06-22 09:00:00,5.8,768.0
2025-06-22 10:00:00,6.1,866.0
2025-06-22 11:00:00,5.7,915.0
2025-06-22 12:00:00,5.6,914.0
2025-06-22 13:00:00,4.6,856.0
2025-06-22 14:00:00,4.7,757.0
2025-06-22 15:00:00,5.9,620.0
2025-06-22 16:00:00,7.7,457.0
2025-06-22 17:00:00,8.3,285.0
2025-06-22 18:00:00,8.2,126.0
2025-06-22 19:00:00,5.7,19.0
2025-06-22 20:00:00,4.9,0.0
2025-06-22 21:00:00,2.3,0.0
2025-06-22 22:00:00,1.5,0.0
2025-06-22 23:00:00,2.4,0.0
2025-06-23 00:00:00,2.7,0.0
2025-06-23 01:00:00,1.6,0.0
2025-06-23 02:00:00,0.9,0.0
2025-06-23 03:00:00,0.8,0.0
2025-06-23 04:00:00,1.1,22.0
2025-06-23 05:00:00,3.0,132.0
2025-06-23 06:00:00,1.7,293.0
2025-06-23 07:00:00,1.8,464.0
2025-06-23 08:00:00,3.6,624.0
2025-06-23 09:00:00,5.8,757.0
2025-06-23 10:00:00,8.2,851.0
2025-06-23 11:00:00,9.5,898.0
2025-06-23 12:00:00,10.2,897.0
2025-06-23 13:00:00,10.5,827.0
2025-06-23 14:00:00,11.5,644.0
2025-06-23 15:00:00,13.6,480.0
2025-06-23 16:00:00,15.1,379.0
2025-06-23 17:00:00,16.6,239.0
2025-06-23 18:00:00,11.3,115.0
2025-06-23 19:00:00,9.0,18.0
2025-06-23 20:00:00,9.2,0.0
2025-06-23 21:00:00,7.7,0.0
2025-06-23 22:00:00,6.6,0.0
2025-06-23 23:00:00,6.8,0.0
2025-06-24 00:00:00,7.9,0.0
2025-06-24 01:00:00,8.3,0.0
2025-06-24 02:00:00,9.7,0.0
2025-06-24 03:00:00,9.6,0.0
2025-06-24 04:00:00,6.7,19.0
2025-06-24 05:00:00,4.9,94.0
2025-06-24 06:00:00,3.1,207.0
2025-06-24 07:00:00,7.6,364.0
2025-06-24 08:00:00,10.5,527.0
2025-06-24 09:00:00,11.8,652.0
2025-06-24 10:00:00,11.8,809.0
2025-06-24 11:00:00,10.3,868.0
2025-06-24 12:00:00,8.4,851.0
2025-06-24 13:00:00,9.3,752.0
2025-06-24 14:00:00,9.6,687.0
2025-06-24 15:00:00,7.5,539.0
2025-06-24 16:00:00,6.9,399.0
2025-06-24 17:00:00,9.4,250.0
2025-06-24 18:00:00,13.4,118.0
2025-06-24 19:00:00,5.9,18.0
2025-06-24 20:00:00,3.1,0.0
2025-06-24 21:00:00,4.1,0.0
2025-06-24 22:00:00,5.3,0.0
2025-06-24 23:00:00,5.7,0.0
2025-06-25 00:00:00,6.0,0.0
2025-06-25 01:00:00,4.0,0.0
2025-06-25 02:00:00,3.9,0.0
2025-06-25 03:00:00,4.7,0.0
2025-06-25 04:00:00,6.5,20.0
2025-06-25 05:00:00,5.6,125.0
2025-06-25 06:00:00,4.5,278.0
2025-06-25 07:00:00,4.5,445.0
2025-06-25 08:00:00,4.7,601.0
2025-06-25 09:00:00,4.9,733.0
2025-06-25 10:00:00,5.4,827.0
2025-06-25 11:00:00,6.2,876.0
2025-06-25 12:00:00,7.1,806.0
2025-06-25 13:00:00,7.9,713.0
2025-06-25 14:00:00,8.5,609.0
2025-06-25 15:00:00,10.8,455.0
2025-06-25 16:00:00,10.0,307.0
2025-06-25 17:00:00,11.4,223.0
2025-06-25 18:00:00,9.3,116.0
2025-06-25 19:00:00,9.3,18.0
2025-06-25 20:00:00,6.4,0.0
2025-06-25 21:00:00,8.0,0.0
2025-06-25 22:00:00,7.4,0.0
2025-06-25 23:00:00,7.4,0.0
2025-06-26 00:00:00,8.1,0.0
2025-06-26 01:00:00,5.5,0.0
2025-06-26 02:00:00,4.6,0.0
2025-06-26 03:00:00,3.9,0.0
2025-06-26 04:00:00,3.5,20.0
2025-06-26 05:00:00,3.1,126.0
2025-06-26 06:00:00,2.0,280.0
2025-06-26 07:00:00,2.7,447.0
2025-06-26 08:00:00,3.8,604.0
2025-06-26 09:00:00,4.2,736.0
2025-06-26 10:00:00,5.8,831.0
2025-06-26 11:00:00,6.5,880.0
2025-06-26 12:00:00,7.0,883.0
2025-06-26 13:00:00,3.6,797.0
2025-06-26 14:00:00,4.4,641.0
2025-06-26 15:00:00,3.7,438.0
2025-06-26 16:00:00,13.4,323.0
2025-06-26 17:00:00,8.1,185.0
2025-06-26 18:00:00,5.2,102.0
2025-06-26 19:00:00,2.5,18.0
2025-06-26 20:00:00,3.1,0.0
2025-06-26 21:00:00,0.7,0.0
2025-06-26 22:00:00,7.1,0.0
2025-06-26 23:00:00,16.7,0.0
2025-06-27 00:00:00,25.3,0.0
2025-06-27 01:00:00,19.5,0.0
2025-06-27 02:00:00,10.7,0.0
2025-06-27 03:00:00,8.2,0.0
2025-06-27 04:00:00,3.9,12.0
2025-06-27 05:00:00,7.3,98.0
2025-06-27 06:00:00,6.7,209.0
2025-06-27 07:00:00,7.6,402.0
2025-06-27 08:00:00,9.1,583.0
2025-06-27 09:00:00,5.8,609.0
2025-06-27 10:00:00,4.2,758.0
2025-06-27 11:00:00,3.7,803.0
2025-06-27 12:00:00,4.0,823.0
2025-06-27 13:00:00,2.6,764.0
2025-06-27 14:00:00,2.7,690.0
2025-06-27 15:00:00,2.2,549.0
2025-06-27 16:00:00,1.5,423.0
2025-06-27 17:00:00,3.1,261.0
2025-06-27 18:00:00,4.1,112.0
2025-06-27 19:00:00,3.0,14.0
2025-06-27 20:00:00,0.9,0.0
2025-06-27 21:00:00,1.6,0.0
2025-06-27 22:00:00,1.8,0.0
2025-06-27 23:00:00,5.2,0.0
2025-06-28 00:00:00,4.8,0.0
2025-06-28 01:00:00,4.1,0.0
2025-06-28 02:00:00,5.4,0.0
2025-06-28 03:00:00,6.3,0.0
2025-06-28 04:00:00,6.4,18.0
2025-06-28 05:00:00,5.6,115.0
2025-06-28 06:00:00,6.4,257.0
2025-06-28 07:00:00,6.6,432.0
2025-06-28 08:00:00,8.2,578.0
2025-06-28 09:00:00,8.3,665.0
2025-06-28 10:00:00,8.0,577.0
2025-06-28 11:00:00,8.4,537.0
2025-06-28 12:00:00,8.7,634.0
2025-06-28 13:00:00,6.1,352.0
2025-06-28 14:00:00,8.7,582.0
2025-06-28 15:00:00,9.1,493.0
2025-06-28 16:00:00,13.3,430.0
2025-06-28 17:00:00,6.3,225.0
2025-06-28 18:00:00,1.6,113.0
2025-06-28 19:00:00,6.5,18.0
2025-06-28 20:00:00,5.3,0.0
2025-06-28 21:00:00,3.5,0.0
2025-06-28 22:00:00,4.0,0.0
2025-06-28 23:00:00,1.4,0.0
2025-06-29 00:00:00,1.1,0.0
2025-06-29 01:00:00,1.8,0.0
2025-06-29 02:00:00,1.3,0.0
2025-06-29 03:00:00,2.6,0.0
2025-06-29 04:00:00,5.5,19.0
2025-06-29 05:00:00,6.5,122.0
2025-06-29 06:00:00,3.9,276.0
2025-06-29 07:00:00,1.9,444.0
2025-06-29 08:00:00,1.0,602.0
2025-06-29 09:00:00,2.2,734.0
2025-06-29 10:00:00,0.7,831.0
2025-06-29 11:00:00,2.6,873.0
2025-06-29 12:00:00,3.1,737.0
2025-06-29 13:00:00,6.3,751.0
2025-06-29 14:00:00,6.6,633.0
2025-06-29 15:00:00,8.1,512.0
2025-06-29 16:00:00,12.2,426.0
2025-06-29 17:00:00,9.6,275.0
2025-06-29 18:00:00,5.0,121.0
2025-06-29 19:00:00,2.4,18.0
2025-06-29 20:00:00,2.6,0.0
2025-06-29 21:00:00,1.7,0.0
2025-06-29 22:00:00,4.2,0.0
2025-06-29 23:00:00,4.3,0.0
2025-06-30 00:00:00,1.8,0.0
2025-06-30 01:00:00,2.0,0.0
2025-06-30 02:00:00,6.1,0.0
2025-06-30 03:00:00,6.9,0.0
2025-06-30 04:00:00,7.8,18.0
2025-06-30 05:00:00,5.6,116.0
2025-06-30 06:00:00,4.1,221.0
2025-06-30 07:00:00,4.1,381.0
2025-06-30 08:00:00,3.7,554.0
2025-06-30 09:00:00,4.4,658.0
2025-06-30 10:00:00,2.8,702.0
2025-06-30 11:00:00,2.3,782.0
2025-06-30 12:00:00,1.0,748.0
2025-06-30 13:00:00,5.2,727.0
2025-06-30 14:00:00,7.7,549.0
2025-06-30 15:00:00,8.2,408.0
2025-06-30 16:00:00,8.0,360.0
2025-06-30 17:00:00,6.8,221.0
2025-06-30 18:00:00,6.9,97.0
2025-06-30 19:00:00,4.0,16.0
2025-06-30 20:00:00,4.8,0.0
2025-06-30 21:00:00,5.0,0.0
2025-06-30 22:00:00,10.8,0.0
2025-06-30 23:00:00,8.9,0.0
2025-07-01 00:00:00,6.9,0.0
2025-07-01 01:00:00,5.8,0.0
2025-07-01 02:00:00,5.3,0.0
2025-07-01 03:00:00,7.2,0.0
2025-07-01 04:00:00,8.0,10.0
2025-07-01 05:00:00,7.1,82.0
2025-07-01 06:00:00,6.5,132.0
2025-07-01 07:00:00,7.9,186.0
2025-07-01 08:00:00,6.1,243.0
2025-07-01 09:00:00,4.5,403.0
2025-07-01 10:00:00,2.1,480.0
2025-07-01 11:00:00,3.4,615.0
2025-07-01 12:00:00,4.0,795.0
2025-07-01 13:00:00,5.5,704.0
2025-07-01 14:00:00,4.2,728.0
2025-07-01 15:00:00,4.6,608.0
2025-07-01 16:00:00,5.6,441.0
2025-07-01 17:00:00,6.1,252.0
2025-07-01 18:00:00,5.9,104.0
2025-07-01 19:00:00,2.7,17.0
2025-07-01 20:00:00,3.8,0.0
2025-07-01 21:00:00,5.4,0.0
2025-07-01 22:00:00,6.0,0.0
2025-07-01 23:00:00,5.8,0.0
2025-07-02 00:00:00,6.1,0.0
2025-07-02 01:00:00,0.6,0.0
2025-07-02 02:00:00,2.0,0.0
2025-07-02 03:00:00,1.9,0.0
2025-07-02 04:00:00,2.2,18.0
2025-07-02 05:00:00,3.6,126.0
2025-07-02 06:00:00,1.7,286.0
2025-07-02 07:00:00,0.9,458.0
2025-07-02 08:00:00,2.9,620.0
2025-07-02 09:00:00,4.8,755.0
2025-07-02 10:00:00,6.6,854.0
2025-07-02 11:00:00,7.4,906.0
2025-07-02 12:00:00,7.4,906.0
2025-07-02 13:00:00,7.8,851.0
2025-07-02 14:00:00,7.5,754.0
2025-07-02 15:00:00,7.3,620.0
2025-07-02 16:00:00,6.9,459.0
2025-07-02 17:00:00,6.7,286.0
2025-07-02 18:00:00,4.8,127.0
2025-07-02 19:00:00,0.6,19.0
2025-07-02 20:00:00,0.7,0.0
2025-07-02 21:00:00,2.8,0.0
2025-07-02 22:00:00,3.6,0.0
2025-07-02 23:00:00,4.0,0.0
2025-07-03 00:00:00,3.9,0.0
2025-07-03 01:00:00,2.0,0.0
2025-07-03 02:00:00,1.3,0.0
2025-07-03 03:00:00,0.9,0.0
2025-07-03 04:00:00,1.2,18.0
2025-07-03 05:00:00,1.1,126.0
2025-07-03 06:00:00,1.0,286.0
2025-07-03 07:00:00,2.6,459.0
2025-07-03 08:00:00,3.5,622.0
2025-07-03 09:00:00,5.1,758.0
2025-07-03 10:00:00,5.9,855.0
2025-07-03 11:00:00,5.9,905.0
2025-07-03 12:00:00,5.0,903.0
2025-07-03 13:00:00,3.8,849.0
2025-07-03 14:00:00,2.2,751.0
2025-07-03 15:00:00,3.0,616.0
2025-07-03 16:00:00,2.5,454.0
2025-07-03 17:00:00,1.9,284.0
2025-07-03 18:00:00,0.7,125.0
2025-07-03 19:00:00,4.8,18.0
2025-07-03 20:00:00,5.0,0.0
2025-07-03 21:00:00,4.0,0.0
2025-07-03 22:00:00,10.4,0.0
2025-07-03 23:00:00,12.8,0.0
2025-07-04 00:00:00,12.8,0.0
2025-07-04 01:00:00,10.1,0.0
2025-07-04 02:00:00,6.7,0.0
2025-07-04 03:00:00,6.6,0.0
2025-07-04 04:00:00,8.5,17.0
2025-07-04 05:00:00,6.6,118.0
2025-07-04 06:00:00,4.1,271.0
2025-07-04 07:00:00,3.3,438.0
2025-07-04 08:00:00,4.2,595.0
2025-07-04 09:00:00,5.6,726.0
2025-07-04 10:00:00,6.8,820.0
2025-07-04 11:00:00,7.7,870.0
2025-07-04 12:00:00,7.9,868.0
2025-07-04 13:00:00,12.5,659.0
2025-07-04 14:00:00,13.1,640.0
2025-07-04 15:00:00,13.9,478.0
2025-07-04 16:00:00,14.2,304.0
2025-07-04 17:00:00,13.2,154.0
2025-07-04 18:00:00,13.0,96.0
2025-07-04 19:00:00,10.1,17.0
2025-07-04 20:00:00,11.3,0.0
2025-07-04 21:00:00,9.8,0.0
2025-07-04 22:00:00,8.1,0.0
2025-07-04 23:00:00,7.9,0.0
2025-07-05 00:00:00,5.4,0.0
2025-07-05 01:00:00,7.4,0.0
2025-07-05 02:00:00,7.0,0.0
2025-07-05 03:00:00,6.9,0.0
2025-07-05 04:00:00,6.3,16.0
2025-07-05 05:00:00,4.3,117.0
2025-07-05 06:00:00,3.3,272.0
2025-07-05 07:00:00,5.2,441.0
2025-07-05 08:00:00,6.9,602.0
2025-07-05 09:00:00,7.4,738.0
2025-07-05 10:00:00,6.3,833.0
2025-07-05 11:00:00,5.0,881.0
2025-07-05 12:00:00,4.8,882.0
2025-07-05 13:00:00,5.0,827.0
2025-07-05 14:00:00,4.7,732.0
2025-07-05 15:00:00,4.1,598.0
2025-07-05 16:00:00,4.9,445.0
2025-07-05 17:00:00,3.3,265.0
2025-07-05 18:00:00,4.0,110.0
2025-07-05 19:00:00,3.6,16.0
2025-07-05 20:00:00,5.0,0.0
2025-07-05 21:00:00,3.3,0.0
2025-07-05 22:00:00,2.3,0.0
2025-07-05 23:00:00,1.0,0.0
2025-07-06 00:00:00,1.6,0.0
2025-07-06 01:00:00,2.7,0.0
2025-07-06 02:00:00,3.7,0.0
2025-07-06 03:00:00,2.3,0.0
2025-07-06 04:00:00,4.4,15.0
2025-07-06 05:00:00,2.7,114.0
2025-07-06 06:00:00,2.0,267.0
2025-07-06 07:00:00,2.3,433.0
2025-07-06 08:00:00,3.1,592.0
2025-07-06 09:00:00,4.4,724.0
2025-07-06 10:00:00,6.3,815.0
2025-07-06 11:00:00,8.8,849.0
2025-07-06 12:00:00,14.5,804.0
2025-07-06 13:00:00,14.2,705.0
2025-07-06 14:00:00,14.0,509.0
2025-07-06 15:00:00,8.5,386.0
2025-07-06 16:00:00,11.4,314.0
2025-07-06 17:00:00,10.1,203.0
2025-07-06 18:00:00,12.1,95.0
2025-07-06 19:00:00,8.4,16.0
2025-07-06 20:00:00,6.7,0.0
2025-07-06 21:00:00,10.1,0.0
2025-07-06 22:00:00,6.6,0.0
2025-07-06 23:00:00,8.1,0.0
2025-07-07 00:00:00,13.0,0.0
2025-07-07 01:00:00,9.6,0.0
2025-07-07 02:00:00,6.7,0.0
2025-07-07 03:00:00,6.4,0.0
2025-07-07 04:00:00,6.6,13.0
2025-07-07 05:00:00,7.6,102.0
2025-07-07 06:00:00,5.5,253.0
2025-07-07 07:00:00,5.2,360.0
2025-07-07 08:00:00,9.8,438.0
2025-07-07 09:00:00,10.9,289.0
2025-07-07 10:00:00,16.1,400.0
2025-07-07 11:00:00,14.4,453.0
2025-07-07 12:00:00,11.5,397.0
2025-07-07 13:00:00,1.4,183.0
2025-07-07 14:00:00,4.0,687.0
2025-07-07 15:00:00,6.6,506.0
2025-07-07 16:00:00,5.5,210.0
2025-07-07 17:00:00,3.1,167.0
2025-07-07 18:00:00,1.9,107.0
2025-07-07 19:00:00,1.9,15.0
2025-07-07 20:00:00,3.0,0.0
2025-07-07 21:00:00,5.0,0.0
2025-07-07 22:00:00,5.8,0.0
2025-07-07 23:00:00,5.5,0.0
2025-07-08 00:00:00,6.0,0.0
2025-07-08 01:00:00,7.7,0.0
2025-07-08 02:00:00,6.1,0.0
2025-07-08 03:00:00,8.9,0.0
2025-07-08 04:00:00,8.9,8.0
2025-07-08 05:00:00,9.5,68.0
2025-07-08 06:00:00,3.3,165.0
2025-07-08 07:00:00,8.5,197.0
2025-07-08 08:00:00,3.5,214.0
2025-07-08 09:00:00,5.9,251.0
2025-07-08 10:00:00,9.1,523.0
2025-07-08 11:00:00,12.4,577.0
2025-07-08 12:00:00,12.5,240.0
2025-07-08 13:00:00,16.2,395.0
2025-07-08 14:00:00,13.7,317.0
2025-07-08 15:00:00,12.9,229.0
2025-07-08 16:00:00,14.5,61.0
2025-07-08 17:00:00,14.6,70.0
2025-07-08 18:00:00,13.0,27.0
2025-07-08 19:00:00,12.3,7.0
2025-07-08 20:00:00,11.2,0.0
2025-07-08 21:00:00,12.1,0.0
2025-07-08 22:00:00,12.1,0.0
2025-07-08 23:00:00,7.3,0.0
2025-07-09 00:00:00,4.9,0.0
2025-07-09 01:00:00,0.6,0.0
2025-07-09 02:00:00,6.4,0.0
2025-07-09 03:00:00,4.7,0.0
2025-07-09 04:00:00,5.5,4.0
2025-07-09 05:00:00,6.3,56.0
2025-07-09 06:00:00,5.3,142.0
2025-07-09 07:00:00,4.7,169.0
2025-07-09 08:00:00,10.8,414.0
2025-07-09 09:00:00,13.2,528.0
2025-07-09 10:00:00,13.3,489.0
2025-07-09 11:00:00,13.3,690.0
2025-07-09 12:00:00,11.5,591.0
2025-07-09 13:00:00,9.4,558.0
2025-07-09 14:00:00,6.4,565.0
2025-07-09 15:00:00,6.5,490.0
2025-07-09 16:00:00,7.2,386.0
2025-07-09 17:00:00,6.5,245.0
2025-07-09 18:00:00,2.9,117.0
2025-07-09 19:00:00,2.9,16.0
2025-07-09 20:00:00,4.1,0.0
2025-07-09 21:00:00,6.1,0.0
2025-07-09 22:00:00,6.7,0.0
2025-07-09 23:00:00,6.3,0.0
2025-07-10 00:00:00,5.9,0.0
2025-07-10 01:00:00,6.1,0.0
2025-07-10 02:00:00,7.4,0.0
2025-07-10 03:00:00,7.6,0.0
2025-07-10 04:00:00,8.4,13.0
2025-07-10 05:00:00,8.0,112.0
2025-07-10 06:00:00,5.9,271.0
2025-07-10 07:00:00,6.1,435.0
2025-07-10 08:00:00,8.0,592.0
2025-07-10 09:00:00,11.8,727.0
2025-07-10 10:00:00,10.6,690.0
2025-07-10 11:00:00,9.3,769.0
2025-07-10 12:00:00,6.9,653.0
2025-07-10 13:00:00,13.1,723.0
2025-07-10 14:00:00,11.9,636.0
2025-07-10 15:00:00,9.5,487.0
2025-07-10 16:00:00,7.5,381.0
2025-07-10 17:00:00,5.3,231.0
2025-07-10 18:00:00,1.9,106.0
2025-07-10 19:00:00,0.4,16.0
2025-07-10 20:00:00,2.6,0.0
2025-07-10 21:00:00,2.5,0.0
2025-07-10 22:00:00,3.0,0.0
2025-07-10 23:00:00,3.4,0.0
2025-07-11 00:00:00,4.0,0.0
2025-07-11 01:00:00,6.6,0.0
2025-07-11 02:00:00,6.1,0.0
2025-07-11 03:00:00,5.7,0.0
2025-07-11 04:00:00,5.5,10.0
2025-07-11 05:00:00,5.3,105.0
2025-07-11 06:00:00,2.4,258.0
2025-07-11 07:00:00,2.0,427.0
2025-07-11 08:00:00,2.6,592.0
2025-07-11 09:00:00,2.3,728.0
2025-07-11 10:00:00,2.5,793.0
2025-07-11 11:00:00,3.3,764.0
2025-07-11 12:00:00,4.2,727.0
2025-07-11 13:00:00,5.9,694.0
2025-07-11 14:00:00,1.5,565.0
2025-07-11 15:00:00,4.4,537.0
2025-07-11 16:00:00,5.0,313.0
2025-07-11 17:00:00,7.9,244.0
2025-07-11 18:00:00,7.2,103.0
2025-07-11 19:00:00,4.4,15.0
2025-07-11 20:00:00,2.5,0.0
2025-07-11 21:00:00,0.7,0.0
2025-07-11 22:00:00,1.0,0.0
2025-07-11 23:00:00,2.1,0.0
2025-07-12 00:00:00,2.4,0.0
2025-07-12 01:00:00,3.9,0.0
2025-07-12 02:00:00,1.9,0.0
2025-07-12 03:00:00,1.7,0.0
2025-07-12 04:00:00,2.8,12.0
2025-07-12 05:00:00,1.3,104.0
2025-07-12 06:00:00,1.1,247.0
2025-07-12 07:00:00,3.8,382.0
2025-07-12 08:00:00,5.2,580.0
2025-07-12 09:00:00,5.1,711.0
2025-07-12 10:00:00,6.1,784.0
2025-07-12 11:00:00,5.8,836.0
2025-07-12 12:00:00,6.1,848.0
2025-07-12 13:00:00,4.2,760.0
2025-07-12 14:00:00,7.3,472.0
2025-07-12 15:00:00,12.5,545.0
2025-07-12 16:00:00,11.0,277.0
2025-07-12 17:00:00,8.5,261.0
2025-07-12 18:00:00,3.0,102.0
2025-07-12 19:00:00,3.7,13.0
2025-07-12 20:00:00,2.4,0.0
2025-07-12 21:00:00,1.7,0.0
2025-07-12 22:00:00,6.0,0.0
2025-07-12 23:00:00,10.3,0.0
2025-07-13 00:00:00,6.7,0.0
2025-07-13 01:00:00,7.2,0.0
2025-07-13 02:00:00,3.9,0.0
2025-07-13 03:00:00,4.1,0.0
2025-07-13 04:00:00,3.6,10.0
2025-07-13 05:00:00,6.0,91.0
2025-07-13 06:00:00,4.0,259.0
2025-07-13 07:00:00,5.7,427.0
2025-07-13 08:00:00,10.6,580.0
2025-07-13 09:00:00,13.9,699.0
2025-07-13 10:00:00,15.7,677.0
2025-07-13 11:00:00,15.8,865.0
2025-07-13 12:00:00,17.4,849.0
2025-07-13 13:00:00,16.3,740.0
2025-07-13 14:00:00,19.0,701.0
2025-07-13 15:00:00,20.6,532.0
2025-07-13 16:00:00,20.8,392.0
2025-07-13 17:00:00,18.2,256.0
2025-07-13 18:00:00,13.7,112.0
2025-07-13 19:00:00,8.5,13.0
2025-07-13 20:00:00,7.4,0.0
2025-07-13 21:00:00,6.4,0.0
2025-07-13 22:00:00,5.7,0.0
2025-07-13 23:00:00,4.2,0.0
2025-07-14 00:00:00,2.7,0.0
2025-07-14 01:00:00,3.5,0.0
2025-07-14 02:00:00,3.0,0.0
2025-07-14 03:00:00,3.6,0.0
2025-07-14 04:00:00,4.5,11.0
2025-07-14 05:00:00,4.7,106.0
2025-07-14 06:00:00,3.6,260.0
2025-07-14 07:00:00,4.2,430.0
2025-07-14 08:00:00,7.1,591.0
2025-07-14 09:00:00,7.7,727.0
2025-07-14 10:00:00,5.4,826.0
2025-07-14 11:00:00,3.6,870.0
2025-07-14 12:00:00,2.3,848.0
2025-07-14 13:00:00,5.2,788.0
2025-07-14 14:00:00,5.6,714.0
2025-07-14 15:00:00,5.9,589.0
2025-07-14 16:00:00,4.1,435.0
2025-07-14 17:00:00,4.0,256.0
2025-07-14 18:00:00,6.5,103.0
2025-07-14 19:00:00,13.4,11.0
2025-07-14 20:00:00,11.3,0.0
2025-07-14 21:00:00,13.3,0.0
2025-07-14 22:00:00,13.7,0.0
2025-07-14 23:00:00,11.9,0.0
2025-07-15 00:00:00,7.4,0.0
2025-07-15 01:00:00,8.9,0.0
2025-07-15 02:00:00,1.9,0.0
2025-07-15 03:00:00,1.1,0.0
2025-07-15 04:00:00,1.0,10.0
2025-07-15 05:00:00,3.6,101.0
2025-07-15 06:00:00,5.0,255.0
2025-07-15 07:00:00,5.5,424.0
2025-07-15 08:00:00,4.1,586.0
2025-07-15 09:00:00,1.9,723.0
2025-07-15 10:00:00,1.9,778.0
2025-07-15 11:00:00,1.7,864.0
2025-07-15 12:00:00,2.8,822.0
2025-07-15 13:00:00,1.5,792.0
2025-07-15 14:00:00,2.6,699.0
2025-07-15 15:00:00,3.9,572.0
2025-07-15 16:00:00,5.9,410.0
2025-07-15 17:00:00,4.8,250.0
2025-07-15 18:00:00,8.8,109.0
2025-07-15 19:00:00,7.8,13.0
2025-07-15 20:00:00,0.9,0.0
2025-07-15 21:00:00,0.4,0.0
2025-07-15 22:00:00,4.2,0.0
2025-07-15 23:00:00,6.8,0.0
2025-07-16 00:00:00,9.2,0.0
2025-07-16 01:00:00,8.1,0.0
2025-07-16 02:00:00,6.5,0.0
2025-07-16 03:00:00,6.9,0.0
2025-07-16 04:00:00,6.1,3.0
2025-07-16 05:00:00,4.6,28.0
2025-07-16 06:00:00,3.2,61.0
2025-07-16 07:00:00,2.2,109.0
2025-07-16 08:00:00,4.6,147.0
2025-07-16 09:00:00,5.9,382.0
2025-07-16 10:00:00,5.8,623.0
2025-07-16 11:00:00,7.8,764.0
2025-07-16 12:00:00,10.1,776.0
2025-07-16 13:00:00,10.2,441.0
2025-07-16 14:00:00,8.5,480.0
2025-07-16 15:00:00,7.9,429.0
2025-07-16 16:00:00,5.6,353.0
2025-07-16 17:00:00,3.6,220.0
2025-07-16 18:00:00,2.7,89.0
2025-07-16 19:00:00,3.1,12.0
2025-07-16 20:00:00,2.2,0.0
2025-07-16 21:00:00,1.5,0.0
2025-07-16 22:00:00,0.3,0.0
2025-07-16 23:00:00,14.9,0.0
2025-07-17 00:00:00,4.5,0.0
2025-07-17 01:00:00,10.3,0.0
2025-07-17 02:00:00,6.1,0.0
2025-07-17 03:00:00,4.1,0.0
2025-07-17 04:00:00,5.8,4.0
2025-07-17 05:00:00,6.5,18.0
2025-07-17 06:00:00,1.1,46.0
2025-07-17 07:00:00,0.8,106.0
2025-07-17 08:00:00,4.1,442.0
2025-07-17 09:00:00,5.8,704.0
2025-07-17 10:00:00,2.1,750.0
2025-07-17 11:00:00,8.0,728.0
2025-07-17 12:00:00,5.2,597.0
2025-07-17 13:00:00,4.4,737.0
2025-07-17 14:00:00,2.6,612.0
2025-07-17 15:00:00,2.2,539.0
2025-07-17 16:00:00,4.9,403.0
2025-07-17 17:00:00,3.2,242.0
2025-07-17 18:00:00,0.6,107.0
2025-07-17 19:00:00,0.9,12.0
2025-07-17 20:00:00,1.3,0.0
2025-07-17 21:00:00,1.7,0.0
2025-07-17 22:00:00,2.4,0.0
2025-07-17 23:00:00,2.7,0.0
2025-07-18 00:00:00,3.8,0.0
2025-07-18 01:00:00,2.5,0.0
2025-07-18 02:00:00,2.9,0.0
2025-07-18 03:00:00,1.9,0.0
2025-07-18 04:00:00,1.8,8.0
2025-07-18 05:00:00,3.1,90.0
2025-07-18 06:00:00,2.5,229.0
2025-07-18 07:00:00,3.1,411.0
2025-07-18 08:00:00,5.1,587.0
2025-07-18 09:00:00,7.6,726.0
2025-07-18 10:00:00,8.5,812.0
2025-07-18 11:00:00,8.0,833.0
2025-07-18 12:00:00,6.7,817.0
2025-07-18 13:00:00,5.2,763.0
2025-07-18 14:00:00,7.6,635.0
2025-07-18 15:00:00,6.0,540.0
2025-07-18 16:00:00,3.5,356.0
2025-07-18 17:00:00,6.5,246.0
2025-07-18 18:00:00,5.2,106.0
2025-07-18 19:00:00,4.0,11.0
2025-07-18 20:00:00,4.0,0.0
2025-07-18 21:00:00,3.3,0.0
2025-07-18 22:00:00,2.6,0.0
2025-07-18 23:00:00,2.4,0.0
2025-07-19 00:00:00,5.1,0.0
2025-07-19 01:00:00,2.2,0.0
2025-07-19 02:00:00,1.1,0.0
2025-07-19 03:00:00,1.8,0.0
2025-07-19 04:00:00,2.2,7.0
2025-07-19 05:00:00,2.4,92.0
2025-07-19 06:00:00,0.9,248.0
2025-07-19 07:00:00,0.6,421.0
2025-07-19 08:00:00,1.6,582.0
2025-07-19 09:00:00,3.2,718.0
2025-07-19 10:00:00,4.4,818.0
2025-07-19 11:00:00,5.5,873.0
2025-07-19 12:00:00,7.2,796.0
2025-07-19 13:00:00,7.1,757.0
2025-07-19 14:00:00,3.1,688.0
2025-07-19 15:00:00,5.2,521.0
2025-07-19 16:00:00,7.2,393.0
2025-07-19 17:00:00,5.4,218.0
2025-07-19 18:00:00,5.3,98.0
2025-07-19 19:00:00,4.4,11.0
2025-07-19 20:00:00,4.6,0.0
2025-07-19 21:00:00,6.2,0.0
2025-07-19 22:00:00,5.1,0.0
2025-07-19 23:00:00,6.8,0.0
2025-07-20 00:00:00,6.0,0.0
2025-07-20 01:00:00,6.8,0.0
2025-07-20 02:00:00,7.2,0.0
2025-07-20 03:00:00,9.9,0.0
2025-07-20 04:00:00,9.9,7.0
2025-07-20 05:00:00,9.9,84.0
2025-07-20 06:00:00,9.2,216.0
2025-07-20 07:00:00,8.1,404.0
2025-07-20 08:00:00,5.4,573.0
2025-07-20 09:00:00,3.8,706.0
2025-07-20 10:00:00,1.0,800.0
2025-07-20 11:00:00,3.6,818.0
2025-07-20 12:00:00,6.2,809.0
2025-07-20 13:00:00,8.0,717.0
2025-07-20 14:00:00,6.3,678.0
2025-07-20 15:00:00,8.4,525.0
2025-07-20 16:00:00,6.9,381.0
2025-07-20 17:00:00,5.8,240.0
2025-07-20 18:00:00,8.0,99.0
2025-07-20 19:00:00,2.4,10.0
2025-07-20 20:00:00,0.6,0.0
2025-07-20 21:00:00,0.5,0.0
2025-07-20 22:00:00,2.5,0.0
2025-07-20 23:00:00,4.2,0.0
2025-07-21 00:00:00,5.0,0.0
2025-07-21 01:00:00,3.8,0.0
2025-07-21 02:00:00,3.5,0.0
2025-07-21 03:00:00,3.1,0.0
2025-07-21 04:00:00,3.1,7.0
2025-07-21 05:00:00,3.3,93.0
2025-07-21 06:00:00,3.3,245.0
2025-07-21 07:00:00,5.1,394.0
2025-07-21 08:00:00,10.3,541.0
2025-07-21 09:00:00,12.1,710.0
2025-07-21 10:00:00,17.3,786.0
2025-07-21 11:00:00,18.4,787.0
2025-07-21 12:00:00,20.0,791.0
2025-07-21 13:00:00,21.9,754.0
2025-07-21 14:00:00,22.0,673.0
2025-07-21 15:00:00,22.2,536.0
2025-07-21 16:00:00,18.0,368.0
2025-07-21 17:00:00,15.7,189.0
2025-07-21 18:00:00,14.0,77.0
2025-07-21 19:00:00,9.6,10.0
2025-07-21 20:00:00,8.6,0.0
2025-07-21 21:00:00,9.2,0.0
2025-07-21 22:00:00,7.5,0.0
2025-07-21 23:00:00,8.3,0.0
2025-07-22 00:00:00,7.7,0.0
2025-07-22 01:00:00,1.9,0.0
2025-07-22 02:00:00,9.5,0.0
2025-07-22 03:00:00,8.5,0.0
2025-07-22 04:00:00,12.0,5.0
2025-07-22 05:00:00,0.5,49.0
2025-07-22 06:00:00,6.9,100.0
2025-07-22 07:00:00,3.4,273.0
2025-07-22 08:00:00,2.3,445.0
2025-07-22 09:00:00,2.1,559.0
2025-07-22 10:00:00,3.2,703.0
2025-07-22 11:00:00,5.4,795.0
2025-07-22 12:00:00,6.8,827.0
2025-07-22 13:00:00,5.9,772.0
2025-07-22 14:00:00,5.1,693.0
2025-07-22 15:00:00,5.6,551.0
2025-07-22 16:00:00,5.2,402.0
2025-07-22 17:00:00,3.5,247.0
2025-07-22 18:00:00,1.6,100.0
2025-07-22 19:00:00,0.9,9.0
2025-07-22 20:00:00,3.1,0.0
2025-07-22 21:00:00,4.4,0.0
2025-07-22 22:00:00,4.3,0.0
2025-07-22 23:00:00,4.0,0.0
2025-07-23 00:00:00,4.2,0.0
2025-07-23 01:00:00,3.0,0.0
2025-07-23 02:00:00,3.6,0.0
2025-07-23 03:00:00,5.3,0.0
2025-07-23 04:00:00,6.5,6.0
2025-07-23 05:00:00,7.0,89.0
2025-07-23 06:00:00,4.3,242.0
2025-07-23 07:00:00,7.1,413.0
2025-07-23 08:00:00,11.4,575.0
2025-07-23 09:00:00,11.7,713.0
2025-07-23 10:00:00,9.4,813.0
2025-07-23 11:00:00,8.2,867.0
2025-07-23 12:00:00,7.2,859.0
2025-07-23 13:00:00,6.2,808.0
2025-07-23 14:00:00,6.2,704.0
2025-07-23 15:00:00,6.4,540.0
2025-07-23 16:00:00,5.8,391.0
2025-07-23 17:00:00,5.4,249.0
2025-07-23 18:00:00,2.2,99.0
2025-07-23 19:00:00,3.0,8.0
2025-07-23 20:00:00,5.5,0.0
2025-07-23 21:00:00,5.5,0.0
2025-07-23 22:00:00,3.4,0.0
2025-07-23 23:00:00,0.9,0.0
2025-07-24 00:00:00,0.7,0.0
2025-07-24 01:00:00,2.4,0.0
2025-07-24 02:00:00,3.8,0.0
2025-07-24 03:00:00,5.9,0.0
2025-07-24 04:00:00,5.7,5.0
2025-07-24 05:00:00,4.6,81.0
2025-07-24 06:00:00,2.7,220.0
2025-07-24 07:00:00,1.9,382.0
2025-07-24 08:00:00,2.7,561.0
2025-07-24 09:00:00,2.9,572.0
2025-07-24 10:00:00,3.9,693.0
2025-07-24 11:00:00,6.8,855.0
2025-07-24 12:00:00,8.8,818.0
2025-07-24 13:00:00,9.4,785.0
2025-07-24 14:00:00,15.8,597.0
2025-07-24 15:00:00,9.4,464.0
2025-07-24 16:00:00,7.0,415.0
2025-07-24 17:00:00,9.6,247.0
2025-07-24 18:00:00,6.9,95.0
2025-07-24 19:00:00,7.4,8.0
2025-07-24 20:00:00,10.1,0.0
2025-07-24 21:00:00,5.9,0.0
2025-07-24 22:00:00,8.1,0.0
2025-07-24 23:00:00,7.9,0.0
2025-07-25 00:00:00,9.3,0.0
2025-07-25 01:00:00,10.3,0.0
2025-07-25 02:00:00,7.3,0.0
2025-07-25 03:00:00,3.0,0.0
2025-07-25 04:00:00,5.8,4.0
2025-07-25 05:00:00,6.2,62.0
2025-07-25 06:00:00,5.2,234.0
2025-07-25 07:00:00,5.8,391.0
2025-07-25 08:00:00,4.9,530.0
2025-07-25 09:00:00,5.6,456.0
2025-07-25 10:00:00,3.8,595.0
2025-07-25 11:00:00,4.8,760.0
2025-07-25 12:00:00,4.6,658.0
2025-07-25 13:00:00,1.8,760.0
2025-07-25 14:00:00,1.7,614.0
2025-07-25 15:00:00,1.5,493.0
2025-07-25 16:00:00,5.3,380.0
2025-07-25 17:00:00,8.4,219.0
2025-07-25 18:00:00,9.1,87.0
2025-07-25 19:00:00,9.9,7.0
2025-07-25 20:00:00,9.7,0.0
2025-07-25 21:00:00,9.3,0.0
2025-07-25 22:00:00,9.7,0.0
2025-07-25 23:00:00,12.3,0.0
2025-07-26 00:00:00,12.6,0.0
2025-07-26 01:00:00,11.4,0.0
2025-07-26 02:00:00,9.5,0.0
2025-07-26 03:00:00,9.3,0.0
2025-07-26 04:00:00,3.8,3.0
2025-07-26 05:00:00,2.4,45.0
2025-07-26 06:00:00,6.4,185.0
2025-07-26 07:00:00,3.8,163.0
2025-07-26 08:00:00,3.8,228.0
2025-07-26 09:00:00,4.1,568.0
2025-07-26 10:00:00,1.3,379.0
2025-07-26 11:00:00,3.1,482.0
2025-07-26 12:00:00,4.6,501.0
2025-07-26 13:00:00,5.8,468.0
2025-07-26 14:00:00,8.0,193.0
2025-07-26 15:00:00,5.3,229.0
2025-07-26 16:00:00,4.8,236.0
2025-07-26 17:00:00,4.2,146.0
2025-07-26 18:00:00,8.1,54.0
2025-07-26 19:00:00,2.0,3.0
2025-07-26 20:00:00,12.0,0.0
2025-07-26 21:00:00,4.9,0.0
2025-07-26 22:00:00,6.1,0.0
2025-07-26 23:00:00,2.2,0.0
2025-07-27 00:00:00,6.3,0.0
2025-07-27 01:00:00,4.1,0.0
2025-07-27 02:00:00,4.7,0.0
2025-07-27 03:00:00,9.4,0.0
2025-07-27 04:00:00,9.4,1.0
2025-07-27 05:00:00,12.9,15.0
2025-07-27 06:00:00,14.7,55.0
2025-07-27 07:00:00,14.1,96.0
2025-07-27 08:00:00,13.3,138.0
2025-07-27 09:00:00,10.9,184.0
2025-07-27 10:00:00,11.8,465.0
2025-07-27 11:00:00,6.8,499.0
2025-07-27 12:00:00,10.1,729.0
2025-07-27 13:00:00,4.1,231.0
2025-07-27 14:00:00,2.8,285.0
2025-07-27 15:00:00,3.6,378.0
2025-07-27 16:00:00,4.5,224.0
2025-07-27 17:00:00,5.1,138.0
2025-07-27 18:00:00,4.1,80.0
2025-07-27 19:00:00,2.2,5.0
2025-07-27 20:00:00,2.5,0.0
2025-07-27 21:00:00,0.9,0.0
2025-07-27 22:00:00,0.5,0.0
2025-07-27 23:00:00,0.5,0.0
2025-07-28 00:00:00,2.5,0.0
2025-07-28 01:00:00,3.2,0.0
2025-07-28 02:00:00,6.5,0.0
2025-07-28 03:00:00,2.4,0.0
2025-07-28 04:00:00,6.0,2.0
2025-07-28 05:00:00,9.7,59.0
2025-07-28 06:00:00,10.8,105.0
2025-07-28 07:00:00,7.3,146.0
2025-07-28 08:00:00,4.4,252.0
2025-07-28 09:00:00,5.8,639.0
2025-07-28 10:00:00,7.4,674.0
2025-07-28 11:00:00,9.3,555.0
2025-07-28 12:00:00,9.9,606.0
2025-07-28 13:00:00,6.8,676.0
2025-07-28 14:00:00,8.8,640.0
2025-07-28 15:00:00,9.3,504.0
2025-07-28 16:00:00,9.5,286.0
2025-07-28 17:00:00,7.0,113.0
2025-07-28 18:00:00,7.7,44.0
2025-07-28 19:00:00,8.3,3.0
2025-07-28 20:00:00,8.8,0.0
2025-07-28 21:00:00,9.7,0.0
2025-07-28 22:00:00,10.6,0.0
2025-07-28 23:00:00,11.0,0.0
2025-07-29 00:00:00,11.2,0.0
2025-07-29 01:00:00,16.3,0.0
2025-07-29 02:00:00,15.3,0.0
2025-07-29 03:00:00,15.5,0.0
2025-07-29 04:00:00,17.0,2.0
2025-07-29 05:00:00,19.7,23.0
2025-07-29 06:00:00,19.4,61.0
2025-07-29 07:00:00,17.7,87.0
2025-07-29 08:00:00,15.5,119.0
2025-07-29 09:00:00,11.5,178.0
2025-07-29 10:00:00,12.0,313.0
2025-07-29 11:00:00,13.2,368.0
2025-07-29 12:00:00,15.5,478.0
2025-07-29 13:00:00,12.5,432.0
2025-07-29 14:00:00,11.9,441.0
2025-07-29 15:00:00,11.4,311.0
2025-07-29 16:00:00,9.4,173.0
2025-07-29 17:00:00,6.7,57.0
2025-07-29 18:00:00,8.2,24.0
2025-07-29 19:00:00,7.9,1.0
2025-07-29 20:00:00,7.7,0.0
2025-07-29 21:00:00,4.7,0.0
2025-07-29 22:00:00,5.6,0.0
2025-07-29 23:00:00,6.6,0.0
2025-07-30 00:00:00,7.3,0.0
2025-07-30 01:00:00,8.0,0.0
2025-07-30 02:00:00,8.2,0.0
2025-07-30 03:00:00,8.1,0.0
2025-07-30 04:00:00,9.1,3.0
2025-07-30 05:00:00,7.6,75.0
2025-07-30 06:00:00,4.6,218.0
2025-07-30 07:00:00,2.4,394.0
2025-07-30 08:00:00,1.0,564.0
2025-07-30 09:00:00,2.6,710.0
2025-07-30 10:00:00,3.4,766.0
2025-07-30 11:00:00,3.3,816.0
2025-07-30 12:00:00,2.9,805.0
2025-07-30 13:00:00,2.7,732.0
2025-07-30 14:00:00,2.2,632.0
2025-07-30 15:00:00,1.5,537.0
2025-07-30 16:00:00,0.9,390.0
2025-07-30 17:00:00,1.5,231.0
2025-07-30 18:00:00,0.6,86.0
2025-07-30 19:00:00,0.5,4.0
2025-07-30 20:00:00,1.6,0.0
2025-07-30 21:00:00,2.4,0.0
2025-07-30 22:00:00,3.5,0.0
2025-07-30 23:00:00,3.8,0.0
2025-07-31 00:00:00,4.0,0.0
2025-07-31 01:00:00,5.0,0.0
2025-07-31 02:00:00,4.7,0.0
2025-07-31 03:00:00,4.0,0.0
2025-07-31 04:00:00,2.8,2.0
2025-07-31 05:00:00,3.8,74.0
2025-07-31 06:00:00,1.5,224.0
2025-07-31 07:00:00,2.3,395.0
2025-07-31 08:00:00,4.7,560.0
2025-07-31 09:00:00,5.6,703.0
2025-07-31 10:00:00,5.5,804.0
2025-07-31 11:00:00,5.4,848.0
2025-07-31 12:00:00,4.9,819.0
2025-07-31 13:00:00,4.3,764.0
2025-07-31 14:00:00,4.0,664.0
2025-07-31 15:00:00,3.0,528.0
2025-07-31 16:00:00,2.8,365.0
2025-07-31 17:00:00,4.2,212.0
2025-07-31 18:00:00,4.0,77.0
2025-07-31 19:00:00,3.3,4.0
2025-07-31 20:00:00,1.9,0.0
2025-07-31 21:00:00,2.4,0.0
2025-07-31 22:00:00,1.3,0.0
2025-07-31 23:00:00,1.0,0.0
2025-08-01 00:00:00,1.1,0.0
2025-08-01 01:00:00,0.6,0.0
2025-08-01 02:00:00,0.8,0.0
2025-08-01 03:00:00,0.4,0.0
2025-08-01 04:00:00,0.2,2.0
2025-08-01 05:00:00,1.5,71.0
2025-08-01 06:00:00,2.0,220.0
2025-08-01 07:00:00,2.7,393.0
2025-08-01 08:00:00,4.4,559.0
2025-08-01 09:00:00,5.1,698.0
2025-08-01 10:00:00,5.3,800.0
2025-08-01 11:00:00,6.5,855.0
2025-08-01 12:00:00,9.0,859.0
2025-08-01 13:00:00,7.9,752.0
2025-08-01 14:00:00,8.4,644.0
2025-08-01 15:00:00,6.6,543.0
2025-08-01 16:00:00,5.1,366.0
2025-08-01 17:00:00,7.5,204.0
2025-08-01 18:00:00,10.0,65.0
2025-08-01 19:00:00,8.9,3.0
2025-08-01 20:00:00,8.8,0.0
2025-08-01 21:00:00,8.5,0.0
2025-08-01 22:00:00,9.6,0.0
2025-08-01 23:00:00,2.7,0.0
2025-08-02 00:00:00,1.3,0.0
2025-08-02 01:00:00,6.3,0.0
2025-08-02 02:00:00,7.2,0.0
2025-08-02 03:00:00,4.8,0.0
2025-08-02 04:00:00,2.3,2.0
2025-08-02 05:00:00,5.6,54.0
2025-08-02 06:00:00,3.6,149.0
2025-08-02 07:00:00,1.8,291.0
2025-08-02 08:00:00,3.4,505.0
2025-08-02 09:00:00,4.0,652.0
2025-08-02 10:00:00,4.6,774.0
2025-08-02 11:00:00,5.5,806.0
2025-08-02 12:00:00,4.9,818.0
2025-08-02 13:00:00,6.1,583.0
2025-08-02 14:00:00,7.2,487.0
2025-08-02 15:00:00,6.9,391.0
2025-08-02 16:00:00,2.8,327.0
2025-08-02 17:00:00,14.3,143.0
2025-08-02 18:00:00,5.6,29.0
2025-08-02 19:00:00,7.4,0.0
2025-08-02 20:00:00,5.3,0.0
2025-08-02 21:00:00,2.5,0.0
2025-08-02 22:00:00,8.9,0.0
2025-08-02 23:00:00,6.5,0.0
2025-08-03 00:00:00,15.9,0.0
2025-08-03 01:00:00,8.1,0.0
2025-08-03 02:00:00,8.6,0.0
2025-08-03 03:00:00,9.6,0.0
2025-08-03 04:00:00,8.9,1.0
2025-08-03 05:00:00,2.9,64.0
2025-08-03 06:00:00,1.8,158.0
2025-08-03 07:00:00,4.0,306.0
2025-08-03 08:00:00,6.0,450.0
2025-08-03 09:00:00,7.7,487.0
2025-08-03 10:00:00,8.1,522.0
2025-08-03 11:00:00,10.0,537.0
2025-08-03 12:00:00,9.3,402.0
2025-08-03 13:00:00,11.6,399.0
2025-08-03 14:00:00,12.1,496.0
2025-08-03 15:00:00,11.0,359.0
2025-08-03 16:00:00,10.3,281.0
2025-08-03 17:00:00,6.8,178.0
2025-08-03 18:00:00,3.1,54.0
2025-08-03 19:00:00,3.6,2.0
2025-08-03 20:00:00,5.0,0.0
2025-08-03 21:00:00,5.1,0.0
2025-08-03 22:00:00,6.0,0.0
2025-08-03 23:00:00,6.0,0.0
2025-08-04 00:00:00,6.4,0.0
2025-08-04 01:00:00,7.6,0.0
2025-08-04 02:00:00,6.6,0.0
2025-08-04 03:00:00,4.9,0.0
2025-08-04 04:00:00,5.1,1.0
2025-08-04 05:00:00,5.9,64.0
2025-08-04 06:00:00,2.2,212.0
2025-08-04 07:00:00,2.3,382.0
2025-08-04 08:00:00,3.4,550.0
2025-08-04 09:00:00,5.6,690.0
2025-08-04 10:00:00,5.1,795.0
2025-08-04 11:00:00,4.5,845.0
2025-08-04 12:00:00,5.2,843.0
2025-08-04 13:00:00,6.0,757.0
2025-08-04 14:00:00,5.7,468.0
2025-08-04 15:00:00,6.9,342.0
2025-08-04 16:00:00,9.6,264.0
2025-08-04 17:00:00,5.2,119.0
2025-08-04 18:00:00,3.5,41.0
2025-08-04 19:00:00,3.3,1.0
2025-08-04 20:00:00,5.1,0.0
2025-08-04 21:00:00,8.1,0.0
2025-08-04 22:00:00,10.1,0.0
2025-08-04 23:00:00,4.0,0.0
2025-08-05 00:00:00,1.8,0.0
2025-08-05 01:00:00,1.5,0.0
2025-08-05 02:00:00,1.4,0.0
2025-08-05 03:00:00,0.6,0.0
2025-08-05 04:00:00,2.2,1.0
2025-08-05 05:00:00,2.1,64.0
2025-08-05 06:00:00,4.6,211.0
2025-08-05 07:00:00,5.3,375.0
2025-08-05 08:00:00,4.6,551.0
2025-08-05 09:00:00,5.0,697.0
2025-08-05 10:00:00,2.3,801.0
2025-08-05 11:00:00,0.5,807.0
2025-08-05 12:00:00,2.9,850.0
2025-08-05 13:00:00,5.0,808.0
2025-08-05 14:00:00,5.3,696.0
2025-08-05 15:00:00,6.0,562.0
2025-08-05 16:00:00,6.9,392.0
2025-08-05 17:00:00,7.7,224.0
2025-08-05 18:00:00,5.5,71.0
2025-08-05 19:00:00,2.6,2.0
2025-08-05 20:00:00,0.0,0.0
2025-08-05 21:00:00,2.6,0.0
2025-08-05 22:00:00,1.5,0.0
2025-08-05 23:00:00,1.0,0.0
2025-08-06 00:00:00,0.7,0.0
2025-08-06 01:00:00,2.0,0.0
2025-08-06 02:00:00,3.7,0.0
2025-08-06 03:00:00,4.3,0.0
2025-08-06 04:00:00,4.1,0.0
2025-08-06 05:00:00,7.8,24.0
2025-08-06 06:00:00,8.9,123.0
2025-08-06 07:00:00,9.3,205.0
2025-08-06 08:00:00,11.4,251.0
2025-08-06 09:00:00,12.1,254.0
2025-08-06 10:00:00,10.6,247.0
2025-08-06 11:00:00,12.9,680.0
2025-08-06 12:00:00,12.2,809.0
2025-08-06 13:00:00,12.8,772.0
2025-08-06 14:00:00,11.8,682.0
2025-08-06 15:00:00,10.2,552.0
2025-08-06 16:00:00,8.7,380.0
2025-08-06 17:00:00,6.4,213.0
2025-08-06 18:00:00,2.2,68.0
2025-08-06 19:00:00,0.6,1.0
2025-08-06 20:00:00,0.4,0.0
2025-08-06 21:00:00,2.4,0.0
2025-08-06 22:00:00,6.5,0.0
2025-08-06 23:00:00,5.7,0.0
2025-08-07 00:00:00,4.3,0.0
2025-08-07 01:00:00,3.2,0.0
2025-08-07 02:00:00,2.9,0.0
2025-08-07 03:00:00,2.6,0.0
2025-08-07 04:00:00,3.2,1.0
2025-08-07 05:00:00,4.3,60.0
2025-08-07 06:00:00,3.8,210.0
2025-08-07 07:00:00,1.5,386.0
2025-08-07 08:00:00,4.4,555.0
2025-08-07 09:00:00,4.8,697.0
2025-08-07 10:00:00,5.7,800.0
2025-08-07 11:00:00,6.1,855.0
2025-08-07 12:00:00,5.6,856.0
2025-08-07 13:00:00,3.6,802.0
2025-08-07 14:00:00,4.4,702.0
2025-08-07 15:00:00,5.9,562.0
2025-08-07 16:00:00,5.9,391.0
2025-08-07 17:00:00,5.5,217.0
2025-08-07 18:00:00,4.0,67.0
2025-08-07 19:00:00,4.2,1.0
2025-08-07 20:00:00,3.4,0.0
2025-08-07 21:00:00,0.8,0.0
2025-08-07 22:00:00,0.5,0.0
2025-08-07 23:00:00,1.3,0.0
2025-08-08 00:00:00,0.9,0.0
2025-08-08 01:00:00,0.6,0.0
2025-08-08 02:00:00,0.2,0.0
2025-08-08 03:00:00,0.4,0.0
2025-08-08 04:00:00,0.2,0.0
2025-08-08 05:00:00,1.0,54.0
2025-08-08 06:00:00,1.9,188.0
2025-08-08 07:00:00,2.4,353.0
2025-08-08 08:00:00,4.3,543.0
2025-08-08 09:00:00,5.6,688.0
2025-08-08 10:00:00,5.8,790.0
2025-08-08 11:00:00,5.6,844.0
2025-08-08 12:00:00,6.5,846.0
2025-08-08 13:00:00,6.1,793.0
2025-08-08 14:00:00,6.8,693.0
2025-08-08 15:00:00,6.9,553.0
2025-08-08 16:00:00,7.1,383.0
2025-08-08 17:00:00,7.3,209.0
2025-08-08 18:00:00,4.2,63.0
2025-08-08 19:00:00,4.3,1.0
2025-08-08 20:00:00,4.7,0.0
2025-08-08 21:00:00,4.1,0.0
2025-08-08 22:00:00,3.5,0.0
2025-08-08 23:00:00,2.1,0.0
2025-08-09 00:00:00,1.0,0.0
2025-08-09 01:00:00,0.9,0.0
2025-08-09 02:00:00,0.7,0.0
2025-08-09 03:00:00,0.4,0.0
2025-08-09 04:00:00,0.4,0.0
2025-08-09 05:00:00,0.8,55.0
2025-08-09 06:00:00,0.7,198.0
2025-08-09 07:00:00,1.3,369.0
2025-08-09 08:00:00,2.5,534.0
2025-08-09 09:00:00,4.1,674.0
2025-08-09 10:00:00,5.4,775.0
2025-08-09 11:00:00,6.4,829.0
2025-08-09 12:00:00,7.1,831.0
2025-08-09 13:00:00,6.6,781.0
2025-08-09 14:00:00,7.7,683.0
2025-08-09 15:00:00,7.1,545.0
2025-08-09 16:00:00,6.5,380.0
2025-08-09 17:00:00,4.9,208.0
2025-08-09 18:00:00,2.4,61.0
2025-08-09 19:00:00,3.1,1.0
2025-08-09 20:00:00,2.4,0.0
2025-08-09 21:00:00,1.1,0.0
2025-08-09 22:00:00,1.7,0.0
2025-08-09 23:00:00,3.6,0.0
2025-08-10 00:00:00,7.1,0.0
2025-08-10 01:00:00,5.2,0.0
2025-08-10 02:00:00,6.4,0.0
2025-08-10 03:00:00,7.9,0.0
2025-08-10 04:00:00,6.9,0.0
2025-08-10 05:00:00,6.5,53.0
2025-08-10 06:00:00,3.3,197.0
2025-08-10 07:00:00,1.9,368.0
2025-08-10 08:00:00,1.2,533.0
2025-08-10 09:00:00,1.5,672.0
2025-08-10 10:00:00,3.1,772.0
2025-08-10 11:00:00,4.5,826.0
2025-08-10 12:00:00,5.9,827.0
2025-08-10 13:00:00,6.1,774.0
2025-08-10 14:00:00,8.1,676.0
2025-08-10 15:00:00,9.8,539.0
2025-08-10 16:00:00,9.2,375.0
2025-08-10 17:00:00,7.9,204.0
2025-08-10 18:00:00,6.5,58.0
2025-08-10 19:00:00,6.7,0.0
2025-08-10 20:00:00,13.9,0.0
2025-08-10 21:00:00,14.2,0.0
2025-08-10 22:00:00,13.9,0.0
2025-08-10 23:00:00,14.9,0.0
2025-08-11 00:00:00,14.7,0.0
2025-08-11 01:00:00,14.4,0.0
2025-08-11 02:00:00,13.6,0.0
2025-08-11 03:00:00,10.8,0.0
2025-08-11 04:00:00,9.1,0.0
2025-08-11 05:00:00,9.9,48.0
2025-08-11 06:00:00,9.9,182.0
2025-08-11 07:00:00,11.3,354.0
2025-08-11 08:00:00,11.9,513.0
2025-08-11 09:00:00,13.3,655.0
2025-08-11 10:00:00,13.2,751.0
2025-08-11 11:00:00,13.2,811.0
2025-08-11 12:00:00,13.4,815.0
2025-08-11 13:00:00,12.2,772.0
2025-08-11 14:00:00,12.2,660.0
2025-08-11 15:00:00,12.2,525.0
2025-08-11 16:00:00,13.2,366.0
2025-08-11 17:00:00,12.4,197.0
2025-08-11 18:00:00,10.5,54.0
2025-08-11 19:00:00,8.9,0.0
2025-08-11 20:00:00,8.3,0.0
2025-08-11 21:00:00,7.9,0.0
2025-08-11 22:00:00,6.6,0.0
2025-08-11 23:00:00,6.1,0.0
2025-08-12 00:00:00,5.9,0.0
2025-08-12 01:00:00,4.8,0.0
2025-08-12 02:00:00,4.0,0.0
2025-08-12 03:00:00,6.0,0.0
2025-08-12 04:00:00,6.2,0.0
2025-08-12 05:00:00,6.6,49.0
2025-08-12 06:00:00,4.8,192.0
2025-08-12 07:00:00,4.7,364.0
2025-08-12 08:00:00,4.0,532.0
2025-08-12 09:00:00,4.5,674.0
2025-08-12 10:00:00,6.4,776.0
2025-08-12 11:00:00,8.1,829.0
2025-08-12 12:00:00,8.4,829.0
2025-08-12 13:00:00,8.5,774.0
2025-08-12 14:00:00,8.9,674.0
2025-08-12 15:00:00,8.5,535.0
2025-08-12 16:00:00,8.3,370.0
2025-08-12 17:00:00,6.9,198.0
2025-08-12 18:00:00,4.3,53.0
2025-08-12 19:00:00,4.5,0.0
2025-08-12 20:00:00,4.7,0.0
2025-08-12 21:00:00,4.2,0.0
2025-08-12 22:00:00,4.2,0.0
2025-08-12 23:00:00,4.1,0.0
2025-08-13 00:00:00,3.1,0.0
2025-08-13 01:00:00,1.8,0.0
2025-08-13 02:00:00,1.4,0.0
2025-08-13 03:00:00,0.9,0.0
2025-08-13 04:00:00,1.5,0.0
2025-08-13 05:00:00,2.6,48.0
2025-08-13 06:00:00,2.1,191.0
2025-08-13 07:00:00,1.8,364.0
2025-08-13 08:00:00,1.3,530.0
2025-08-13 09:00:00,1.1,671.0
2025-08-13 10:00:00,2.3,773.0
2025-08-13 11:00:00,3.9,827.0
2025-08-13 12:00:00,4.8,829.0
2025-08-13 13:00:00,6.1,776.0
2025-08-13 14:00:00,7.2,676.0
2025-08-13 15:00:00,6.9,536.0
2025-08-13 16:00:00,5.6,370.0
2025-08-13 17:00:00,3.1,196.0
2025-08-13 18:00:00,0.5,51.0
2025-08-13 19:00:00,2.9,0.0
2025-08-13 20:00:00,5.2,0.0
2025-08-13 21:00:00,4.5,0.0
2025-08-13 22:00:00,4.7,0.0
2025-08-13 23:00:00,6.9,0.0
2025-08-14 00:00:00,4.9,0.0
2025-08-14 01:00:00,3.0,0.0
2025-08-14 02:00:00,3.7,0.0
2025-08-14 03:00:00,4.9,0.0
2025-08-14 04:00:00,5.5,0.0
2025-08-14 05:00:00,6.4,45.0
2025-08-14 06:00:00,4.5,186.0
2025-08-14 07:00:00,3.2,358.0
2025-08-14 08:00:00,3.1,525.0
2025-08-14 09:00:00,4.0,667.0
2025-08-14 10:00:00,6.3,768.0
2025-08-14 11:00:00,10.1,820.0
2025-08-14 12:00:00,11.4,820.0
2025-08-14 13:00:00,11.4,768.0
2025-08-14 14:00:00,12.6,670.0
2025-08-14 15:00:00,12.0,530.0
2025-08-14 16:00:00,10.7,365.0
2025-08-14 17:00:00,9.5,192.0
2025-08-14 18:00:00,6.6,48.0
2025-08-14 19:00:00,7.7,0.0
2025-08-14 20:00:00,8.2,0.0
2025-08-14 21:00:00,7.4,0.0
2025-08-14 22:00:00,5.6,0.0
2025-08-14 23:00:00,5.1,0.0
2025-08-15 00:00:00,5.8,0.0
2025-08-15 01:00:00,6.3,0.0
2025-08-15 02:00:00,4.7,0.0
2025-08-15 03:00:00,5.7,0.0
2025-08-15 04:00:00,5.4,0.0
2025-08-15 05:00:00,6.9,43.0
2025-08-15 06:00:00,6.2,183.0
2025-08-15 07:00:00,4.7,354.0
2025-08-15 08:00:00,5.6,518.0
2025-08-15 09:00:00,6.4,658.0
2025-08-15 10:00:00,7.7,765.0
2025-08-15 11:00:00,9.5,812.0
2025-08-15 12:00:00,10.9,813.0
2025-08-15 13:00:00,12.3,729.0
2025-08-15 14:00:00,14.8,619.0
2025-08-15 15:00:00,15.1,518.0
2025-08-15 16:00:00,13.4,359.0
2025-08-15 17:00:00,9.3,188.0
2025-08-15 18:00:00,3.9,45.0
2025-08-15 19:00:00,3.8,0.0
2025-08-15 20:00:00,3.8,0.0
2025-08-15 21:00:00,4.9,0.0
2025-08-15 22:00:00,4.8,0.0
2025-08-15 23:00:00,3.6,0.0
2025-08-16 00:00:00,3.6,0.0
2025-08-16 01:00:00,4.9,0.0
2025-08-16 02:00:00,4.5,0.0
2025-08-16 03:00:00,5.8,0.0
2025-08-16 04:00:00,8.2,0.0
2025-08-16 05:00:00,6.9,41.0
2025-08-16 06:00:00,5.1,182.0
2025-08-16 07:00:00,3.6,354.0
2025-08-16 08:00:00,2.6,521.0
2025-08-16 09:00:00,1.0,664.0
2025-08-16 10:00:00,1.7,769.0
2025-08-16 11:00:00,3.9,773.0
2025-08-16 12:00:00,6.5,726.0
2025-08-16 13:00:00,7.3,582.0
2025-08-16 14:00:00,6.0,565.0
2025-08-16 15:00:00,5.2,462.0
2025-08-16 16:00:00,8.4,321.0
2025-08-16 17:00:00,10.2,166.0
2025-08-16 18:00:00,7.7,39.0
2025-08-16 19:00:00,6.1,0.0
2025-08-16 20:00:00,12.2,0.0
2025-08-16 21:00:00,12.5,0.0
2025-08-16 22:00:00,12.0,0.0
2025-08-16 23:00:00,9.8,0.0
2025-08-17 00:00:00,7.9,0.0
2025-08-17 01:00:00,6.5,0.0
2025-08-17 02:00:00,9.8,0.0
2025-08-17 03:00:00,7.4,0.0
2025-08-17 04:00:00,6.6,0.0
2025-08-17 05:00:00,5.6,34.0
2025-08-17 06:00:00,4.7,139.0
2025-08-17 07:00:00,4.6,300.0
2025-08-17 08:00:00,7.7,471.0
2025-08-17 09:00:00,9.5,600.0
2025-08-17 10:00:00,9.3,723.0
2025-08-17 11:00:00,8.7,647.0
2025-08-17 12:00:00,9.0,657.0
2025-08-17 13:00:00,9.3,581.0
2025-08-17 14:00:00,13.5,413.0
2025-08-17 15:00:00,12.5,397.0
2025-08-17 16:00:00,9.9,279.0
2025-08-17 17:00:00,7.1,130.0
2025-08-17 18:00:00,4.8,26.0
2025-08-17 19:00:00,6.0,0.0
2025-08-17 20:00:00,7.4,0.0
2025-08-17 21:00:00,7.0,0.0
2025-08-17 22:00:00,7.1,0.0
2025-08-17 23:00:00,7.4,0.0
2025-08-18 00:00:00,9.2,0.0
2025-08-18 01:00:00,7.8,0.0
2025-08-18 02:00:00,7.5,0.0
2025-08-18 03:00:00,6.3,0.0
2025-08-18 04:00:00,6.1,0.0
2025-08-18 05:00:00,8.0,34.0
2025-08-18 06:00:00,7.2,158.0
2025-08-18 07:00:00,8.4,333.0
2025-08-18 08:00:00,8.1,510.0
2025-08-18 09:00:00,9.3,655.0
2025-08-18 10:00:00,10.2,756.0
2025-08-18 11:00:00,10.0,812.0
2025-08-18 12:00:00,9.8,818.0
2025-08-18 13:00:00,11.9,704.0
2025-08-18 14:00:00,11.3,637.0
2025-08-18 15:00:00,12.4,521.0
2025-08-18 16:00:00,11.0,352.0
2025-08-18 17:00:00,7.4,178.0
2025-08-18 18:00:00,3.3,38.0
2025-08-18 19:00:00,3.1,0.0
2025-08-18 20:00:00,4.7,0.0
2025-08-18 21:00:00,6.3,0.0
2025-08-18 22:00:00,5.8,0.0
2025-08-18 23:00:00,6.0,0.0
2025-08-19 00:00:00,6.8,0.0
2025-08-19 01:00:00,2.7,0.0
2025-08-19 02:00:00,3.3,0.0
2025-08-19 03:00:00,4.1,0.0
2025-08-19 04:00:00,3.9,0.0
2025-08-19 05:00:00,3.2,34.0
2025-08-19 06:00:00,1.3,166.0
2025-08-19 07:00:00,1.5,346.0
2025-08-19 08:00:00,2.1,514.0
2025-08-19 09:00:00,3.3,655.0
2025-08-19 10:00:00,5.2,756.0
2025-08-19 11:00:00,6.5,808.0
2025-08-19 12:00:00,6.9,808.0
2025-08-19 13:00:00,6.1,757.0
2025-08-19 14:00:00,6.2,653.0
2025-08-19 15:00:00,6.0,512.0
2025-08-19 16:00:00,6.1,344.0
2025-08-19 17:00:00,4.5,172.0
2025-08-19 18:00:00,4.2,35.0
2025-08-19 19:00:00,5.6,0.0
2025-08-19 20:00:00,4.0,0.0
2025-08-19 21:00:00,3.8,0.0
2025-08-19 22:00:00,3.3,0.0
2025-08-19 23:00:00,2.9,0.0
2025-08-20 00:00:00,1.8,0.0
2025-08-20 01:00:00,3.1,0.0
2025-08-20 02:00:00,3.1,0.0
2025-08-20 03:00:00,1.1,0.0
2025-08-20 04:00:00,0.2,0.0
2025-08-20 05:00:00,0.0,34.0
2025-08-20 06:00:00,0.2,169.0
2025-08-20 07:00:00,1.5,337.0
2025-08-20 08:00:00,3.0,500.0
2025-08-20 09:00:00,4.6,626.0
2025-08-20 10:00:00,5.6,700.0
2025-08-20 11:00:00,8.5,654.0
2025-08-20 12:00:00,12.8,499.0
2025-08-20 13:00:00,12.7,376.0
2025-08-20 14:00:00,11.7,455.0
2025-08-20 15:00:00,12.0,401.0
2025-08-20 16:00:00,11.2,284.0
2025-08-20 17:00:00,9.0,135.0
2025-08-20 18:00:00,7.7,27.0
2025-08-20 19:00:00,4.5,0.0
2025-08-20 20:00:00,4.0,0.0
2025-08-20 21:00:00,6.3,0.0
2025-08-20 22:00:00,7.2,0.0
2025-08-20 23:00:00,5.8,0.0
2025-08-21 00:00:00,5.4,0.0
2025-08-21 01:00:00,11.0,0.0
2025-08-21 02:00:00,6.8,0.0
2025-08-21 03:00:00,5.1,0.0
2025-08-21 04:00:00,4.7,0.0
2025-08-21 05:00:00,7.9,5.0
2025-08-21 06:00:00,6.4,52.0
2025-08-21 07:00:00,5.1,62.0
2025-08-21 08:00:00,3.5,133.0
2025-08-21 09:00:00,4.2,158.0
2025-08-21 10:00:00,5.8,321.0
2025-08-21 11:00:00,8.0,306.0
2025-08-21 12:00:00,8.5,401.0
2025-08-21 13:00:00,6.3,431.0
2025-08-21 14:00:00,7.6,459.0
2025-08-21 15:00:00,9.4,293.0
2025-08-21 16:00:00,7.4,280.0
2025-08-21 17:00:00,5.7,124.0
2025-08-21 18:00:00,4.2,26.0
2025-08-21 19:00:00,7.1,0.0
2025-08-21 20:00:00,6.8,0.0
2025-08-21 21:00:00,7.3,0.0
2025-08-21 22:00:00,7.0,0.0
2025-08-21 23:00:00,7.7,0.0
2025-08-22 00:00:00,7.7,0.0
2025-08-22 01:00:00,4.1,0.0
2025-08-22 02:00:00,10.4,0.0
2025-08-22 03:00:00,10.2,0.0
2025-08-22 04:00:00,9.6,0.0
2025-08-22 05:00:00,8.5,18.0
2025-08-22 06:00:00,6.8,119.0
2025-08-22 07:00:00,7.2,146.0
2025-08-22 08:00:00,7.9,209.0
2025-08-22 09:00:00,7.3,411.0
2025-08-22 10:00:00,8.3,275.0
2025-08-22 11:00:00,9.4,448.0
2025-08-22 12:00:00,10.1,718.0
2025-08-22 13:00:00,10.0,464.0
2025-08-22 14:00:00,7.2,578.0
2025-08-22 15:00:00,5.4,443.0
2025-08-22 16:00:00,4.5,296.0
2025-08-22 17:00:00,2.1,134.0
2025-08-22 18:00:00,4.0,25.0
2025-08-22 19:00:00,4.3,0.0
2025-08-22 20:00:00,3.2,0.0
2025-08-22 21:00:00,2.8,0.0
2025-08-22 22:00:00,3.0,0.0
2025-08-22 23:00:00,3.4,0.0
2025-08-23 00:00:00,3.4,0.0
2025-08-23 01:00:00,5.4,0.0
2025-08-23 02:00:00,6.0,0.0
2025-08-23 03:00:00,4.7,0.0
2025-08-23 04:00:00,5.2,0.0
2025-08-23 05:00:00,4.8,24.0
2025-08-23 06:00:00,3.6,148.0
2025-08-23 07:00:00,3.5,260.0
2025-08-23 08:00:00,4.6,434.0
2025-08-23 09:00:00,3.8,620.0
2025-08-23 10:00:00,5.2,735.0
2025-08-23 11:00:00,7.5,781.0
2025-08-23 12:00:00,7.9,763.0
2025-08-23 13:00:00,4.1,666.0
2025-08-23 14:00:00,3.3,604.0
2025-08-23 15:00:00,5.0,424.0
2025-08-23 16:00:00,4.1,278.0
2025-08-23 17:00:00,13.4,80.0
2025-08-23 18:00:00,8.2,9.0
2025-08-23 19:00:00,6.2,0.0
2025-08-23 20:00:00,7.5,0.0
2025-08-23 21:00:00,6.3,0.0
2025-08-23 22:00:00,1.0,0.0
2025-08-23 23:00:00,3.4,0.0
2025-08-24 00:00:00,1.7,0.0
2025-08-24 01:00:00,3.6,0.0
2025-08-24 02:00:00,2.3,0.0
2025-08-24 03:00:00,3.3,0.0
2025-08-24 04:00:00,5.1,0.0
2025-08-24 05:00:00,6.6,26.0
2025-08-24 06:00:00,6.7,143.0
2025-08-24 07:00:00,6.7,313.0
2025-08-24 08:00:00,6.3,498.0
2025-08-24 09:00:00,6.5,638.0
2025-08-24 10:00:00,7.2,738.0
2025-08-24 11:00:00,8.5,787.0
2025-08-24 12:00:00,8.1,770.0
2025-08-24 13:00:00,10.2,726.0
2025-08-24 14:00:00,8.0,605.0
2025-08-24 15:00:00,7.3,461.0
2025-08-24 16:00:00,5.6,307.0
2025-08-24 17:00:00,2.0,139.0
2025-08-24 18:00:00,2.4,19.0
2025-08-24 19:00:00,2.9,0.0
2025-08-24 20:00:00,2.3,0.0
2025-08-24 21:00:00,0.6,0.0
2025-08-24 22:00:00,3.2,0.0
2025-08-24 23:00:00,1.8,0.0
2025-08-25 00:00:00,1.3,0.0
2025-08-25 01:00:00,1.8,0.0
2025-08-25 02:00:00,0.9,0.0
2025-08-25 03:00:00,0.4,0.0
2025-08-25 04:00:00,0.2,0.0
2025-08-25 05:00:00,1.6,26.0
2025-08-25 06:00:00,2.8,154.0
2025-08-25 07:00:00,2.1,320.0
2025-08-25 08:00:00,2.5,491.0
2025-08-25 09:00:00,3.8,637.0
2025-08-25 10:00:00,5.0,745.0
2025-08-25 11:00:00,5.7,800.0
2025-08-25 12:00:00,5.9,777.0
2025-08-25 13:00:00,6.2,675.0
2025-08-25 14:00:00,6.6,623.0
2025-08-25 15:00:00,6.1,485.0
2025-08-25 16:00:00,7.1,306.0
2025-08-25 17:00:00,6.6,144.0
2025-08-25 18:00:00,7.0,21.0
2025-08-25 19:00:00,6.3,0.0
2025-08-25 20:00:00,4.3,0.0
2025-08-25 21:00:00,2.4,0.0
2025-08-25 22:00:00,1.1,0.0
2025-08-25 23:00:00,1.3,0.0
2025-08-26 00:00:00,1.3,0.0
2025-08-26 01:00:00,0.8,0.0
2025-08-26 02:00:00,0.4,0.0
2025-08-26 03:00:00,1.7,0.0
2025-08-26 04:00:00,0.9,0.0
2025-08-26 05:00:00,1.0,25.0
2025-08-26 06:00:00,1.1,156.0
2025-08-26 07:00:00,0.3,328.0
2025-08-26 08:00:00,0.5,496.0
2025-08-26 09:00:00,0.7,638.0
2025-08-26 10:00:00,1.9,739.0
2025-08-26 11:00:00,3.4,791.0
2025-08-26 12:00:00,4.2,791.0
2025-08-26 13:00:00,3.5,731.0
2025-08-26 14:00:00,3.2,619.0
2025-08-26 15:00:00,3.2,474.0
2025-08-26 16:00:00,5.0,305.0
2025-08-26 17:00:00,6.3,139.0
2025-08-26 18:00:00,4.5,19.0
2025-08-26 19:00:00,1.1,0.0
2025-08-26 20:00:00,0.4,0.0
2025-08-26 21:00:00,0.7,0.0
2025-08-26 22:00:00,4.1,0.0
2025-08-26 23:00:00,4.0,0.0
2025-08-27 00:00:00,4.5,0.0
2025-08-27 01:00:00,4.7,0.0
2025-08-27 02:00:00,2.8,0.0
2025-08-27 03:00:00,1.5,0.0
2025-08-27 04:00:00,1.2,0.0
2025-08-27 05:00:00,1.1,23.0
2025-08-27 06:00:00,1.3,151.0
2025-08-27 07:00:00,0.6,319.0
2025-08-27 08:00:00,2.0,489.0
2025-08-27 09:00:00,4.3,629.0
2025-08-27 10:00:00,5.8,730.0
2025-08-27 11:00:00,6.3,783.0
2025-08-27 12:00:00,5.9,783.0
2025-08-27 13:00:00,5.1,716.0
2025-08-27 14:00:00,5.6,585.0
2025-08-27 15:00:00,7.9,416.0
2025-08-27 16:00:00,9.3,290.0
2025-08-27 17:00:00,6.0,127.0
2025-08-27 18:00:00,3.7,15.0
2025-08-27 19:00:00,4.9,0.0
2025-08-27 20:00:00,5.6,0.0
2025-08-27 21:00:00,3.0,0.0
2025-08-27 22:00:00,1.2,0.0
2025-08-27 23:00:00,0.0,0.0
2025-08-28 00:00:00,0.6,0.0
2025-08-28 01:00:00,0.6,0.0
2025-08-28 02:00:00,2.4,0.0
2025-08-28 03:00:00,1.3,0.0
2025-08-28 04:00:00,0.3,0.0
2025-08-28 05:00:00,3.6,20.0
2025-08-28 06:00:00,3.5,141.0
2025-08-28 07:00:00,4.1,307.0
2025-08-28 08:00:00,6.0,472.0
2025-08-28 09:00:00,7.2,610.0
2025-08-28 10:00:00,7.4,711.0
2025-08-28 11:00:00,8.4,762.0
2025-08-28 12:00:00,10.2,759.0
2025-08-28 13:00:00,10.9,703.0
2025-08-28 14:00:00,12.8,599.0
2025-08-28 15:00:00,10.4,461.0
2025-08-28 16:00:00,6.5,295.0
2025-08-28 17:00:00,1.2,131.0
2025-08-28 18:00:00,1.3,15.0
2025-08-28 19:00:00,2.3,0.0
2025-08-28 20:00:00,1.0,0.0
2025-08-28 21:00:00,0.4,0.0
2025-08-28 22:00:00,3.1,0.0
2025-08-28 23:00:00,6.3,0.0
2025-08-29 00:00:00,6.1,0.0
2025-08-29 01:00:00,5.6,0.0
2025-08-29 02:00:00,3.4,0.0
2025-08-29 03:00:00,6.5,0.0
2025-08-29 04:00:00,2.9,0.0
2025-08-29 05:00:00,2.9,20.0
2025-08-29 06:00:00,4.5,142.0
2025-08-29 07:00:00,4.6,272.0
2025-08-29 08:00:00,6.2,396.0
2025-08-29 09:00:00,7.2,459.0
2025-08-29 10:00:00,11.9,583.0
2025-08-29 11:00:00,14.9,559.0
2025-08-29 12:00:00,13.9,436.0
2025-08-29 13:00:00,7.3,481.0
2025-08-29 14:00:00,9.2,216.0
2025-08-29 15:00:00,4.0,136.0
2025-08-29 16:00:00,3.1,81.0
2025-08-29 17:00:00,1.1,65.0
2025-08-29 18:00:00,9.4,11.0
2025-08-29 19:00:00,7.7,0.0
2025-08-29 20:00:00,4.5,0.0
2025-08-29 21:00:00,6.0,0.0
2025-08-29 22:00:00,3.5,0.0
2025-08-29 23:00:00,6.0,0.0
2025-08-30 00:00:00,6.5,0.0
2025-08-30 01:00:00,9.4,0.0
2025-08-30 02:00:00,5.1,0.0
2025-08-30 03:00:00,4.6,0.0
2025-08-30 04:00:00,0.2,0.0
2025-08-30 05:00:00,1.9,17.0
2025-08-30 06:00:00,1.7,125.0
2025-08-30 07:00:00,1.4,275.0
2025-08-30 08:00:00,2.4,415.0
2025-08-30 09:00:00,1.0,375.0
2025-08-30 10:00:00,1.5,417.0
2025-08-30 11:00:00,4.0,547.0
2025-08-30 12:00:00,9.6,475.0
2025-08-30 13:00:00,2.8,446.0
2025-08-30 14:00:00,6.5,311.0
2025-08-30 15:00:00,3.0,166.0
2025-08-30 16:00:00,6.4,109.0
2025-08-30 17:00:00,5.8,18.0
2025-08-30 18:00:00,9.1,1.0
2025-08-30 19:00:00,9.7,0.0
2025-08-30 20:00:00,7.2,0.0
2025-08-30 21:00:00,5.6,0.0
2025-08-30 22:00:00,8.1,0.0
2025-08-30 23:00:00,8.9,0.0
2025-08-31 00:00:00,8.0,0.0
2025-08-31 01:00:00,7.1,0.0
2025-08-31 02:00:00,5.8,0.0
2025-08-31 03:00:00,6.0,0.0
2025-08-31 04:00:00,6.0,0.0
2025-08-31 05:00:00,6.6,16.0
2025-08-31 06:00:00,7.0,131.0
2025-08-31 07:00:00,6.0,295.0
2025-08-31 08:00:00,7.1,463.0
2025-08-31 09:00:00,9.1,609.0
2025-08-31 10:00:00,10.9,698.0
2025-08-31 11:00:00,11.3,696.0
2025-08-31 12:00:00,10.2,628.0
2025-08-31 13:00:00,3.3,566.0
2025-08-31 14:00:00,3.0,533.0
2025-08-31 15:00:00,2.0,398.0
2025-08-31 16:00:00,4.2,260.0
2025-08-31 17:00:00,5.0,116.0
2025-08-31 18:00:00,3.7,11.0
2025-08-31 19:00:00,3.6,0.0
2025-08-31 20:00:00,0.9,0.0
2025-08-31 21:00:00,1.8,0.0
2025-08-31 22:00:00,5.9,0.0
2025-08-31 23:00:00,4.2,0.0
2025-09-01 00:00:00,1.8,0.0
2025-09-01 01:00:00,0.9,0.0
2025-09-01 02:00:00,0.5,0.0
2025-09-01 03:00:00,0.6,0.0
2025-09-01 04:00:00,2.2,0.0
2025-09-01 05:00:00,2.5,15.0
2025-09-01 06:00:00,1.1,112.0
2025-09-01 07:00:00,1.9,280.0
2025-09-01 08:00:00,3.6,468.0
2025-09-01 09:00:00,6.1,611.0
2025-09-01 10:00:00,8.5,708.0
2025-09-01 11:00:00,11.9,758.0
2025-09-01 12:00:00,15.9,683.0
2025-09-01 13:00:00,13.4,568.0
2025-09-01 14:00:00,13.4,523.0
2025-09-01 15:00:00,13.9,396.0
2025-09-01 16:00:00,13.4,273.0
2025-09-01 17:00:00,12.0,114.0
2025-09-01 18:00:00,8.7,10.0
2025-09-01 19:00:00,8.8,0.0
2025-09-01 20:00:00,7.1,0.0
2025-09-01 21:00:00,4.8,0.0
2025-09-01 22:00:00,3.8,0.0
2025-09-01 23:00:00,3.8,0.0
2025-09-02 00:00:00,3.9,0.0
2025-09-02 01:00:00,3.6,0.0
2025-09-02 02:00:00,3.5,0.0
2025-09-02 03:00:00,1.3,0.0
2025-09-02 04:00:00,2.4,0.0
2025-09-02 05:00:00,2.1,16.0
2025-09-02 06:00:00,0.9,134.0
2025-09-02 07:00:00,2.7,289.0
2025-09-02 08:00:00,3.4,362.0
2025-09-02 09:00:00,4.0,399.0
2025-09-02 10:00:00,4.8,625.0
2025-09-02 11:00:00,4.3,678.0
2025-09-02 12:00:00,5.6,607.0
2025-09-02 13:00:00,6.0,235.0
2025-09-02 14:00:00,7.5,103.0
2025-09-02 15:00:00,6.5,52.0
2025-09-02 16:00:00,3.3,52.0
2025-09-02 17:00:00,3.0,28.0
2025-09-02 18:00:00,1.8,7.0
2025-09-02 19:00:00,0.5,0.0
2025-09-02 20:00:00,0.8,0.0
2025-09-02 21:00:00,0.5,0.0
2025-09-02 22:00:00,3.1,0.0
2025-09-02 23:00:00,5.2,0.0
2025-09-03 00:00:00,8.0,0.0
2025-09-03 01:00:00,2.6,0.0
2025-09-03 02:00:00,2.7,0.0
2025-09-03 03:00:00,10.2,0.0
2025-09-03 04:00:00,8.3,0.0
2025-09-03 05:00:00,8.9,14.0
2025-09-03 06:00:00,6.7,97.0
2025-09-03 07:00:00,7.4,246.0
2025-09-03 08:00:00,6.3,366.0
2025-09-03 09:00:00,5.0,411.0
2025-09-03 10:00:00,4.4,593.0
2025-09-03 11:00:00,4.7,638.0
2025-09-03 12:00:00,3.6,649.0
2025-09-03 13:00:00,5.4,537.0
2025-09-03 14:00:00,4.2,505.0
2025-09-03 15:00:00,3.8,391.0
2025-09-03 16:00:00,2.1,249.0
2025-09-03 17:00:00,1.6,102.0
2025-09-03 18:00:00,1.3,7.0
2025-09-03 19:00:00,0.5,0.0
2025-09-03 20:00:00,1.3,0.0
2025-09-03 21:00:00,2.5,0.0
2025-09-03 22:00:00,4.6,0.0
2025-09-03 23:00:00,6.4,0.0
2025-09-04 00:00:00,6.7,0.0
2025-09-04 01:00:00,6.4,0.0
2025-09-04 02:00:00,6.1,0.0
2025-09-04 03:00:00,6.0,0.0
2025-09-04 04:00:00,7.0,0.0
2025-09-04 05:00:00,7.5,12.0
2025-09-04 06:00:00,4.3,111.0
2025-09-04 07:00:00,1.2,259.0
2025-09-04 08:00:00,0.6,446.0
2025-09-04 09:00:00,2.7,593.0
2025-09-04 10:00:00,3.4,699.0
2025-09-04 11:00:00,4.1,750.0
2025-09-04 12:00:00,5.3,741.0
2025-09-04 13:00:00,5.7,650.0
2025-09-04 14:00:00,6.3,549.0
2025-09-04 15:00:00,6.9,410.0
2025-09-04 16:00:00,5.9,249.0
2025-09-04 17:00:00,3.6,96.0
2025-09-04 18:00:00,3.1,6.0
2025-09-04 19:00:00,3.2,0.0
2025-09-04 20:00:00,1.7,0.0
2025-09-04 21:00:00,0.4,0.0
2025-09-04 22:00:00,0.4,0.0
2025-09-04 23:00:00,0.7,0.0
2025-09-05 00:00:00,0.2,0.0
2025-09-05 01:00:00,2.2,0.0
2025-09-05 02:00:00,2.1,0.0
2025-09-05 03:00:00,1.3,0.0
2025-09-05 04:00:00,1.3,0.0
2025-09-05 05:00:00,2.2,11.0
2025-09-05 06:00:00,3.0,105.0
2025-09-05 07:00:00,2.2,257.0
2025-09-05 08:00:00,0.7,448.0
2025-09-05 09:00:00,1.8,592.0
2025-09-05 10:00:00,2.4,675.0
2025-09-05 11:00:00,3.3,684.0
2025-09-05 12:00:00,4.6,692.0
2025-09-05 13:00:00,4.2,633.0
2025-09-05 14:00:00,4.9,534.0
2025-09-05 15:00:00,5.5,350.0
2025-09-05 16:00:00,6.3,222.0
2025-09-05 17:00:00,4.6,83.0
2025-09-05 18:00:00,13.1,5.0
2025-09-05 19:00:00,14.0,0.0
2025-09-05 20:00:00,16.3,0.0
2025-09-05 21:00:00,14.6,0.0
2025-09-05 22:00:00,12.3,0.0
2025-09-05 23:00:00,14.5,0.0
2025-09-06 00:00:00,14.4,0.0
2025-09-06 01:00:00,18.6,0.0
2025-09-06 02:00:00,12.7,0.0
2025-09-06 03:00:00,8.9,0.0
2025-09-06 04:00:00,7.9,0.0
2025-09-06 05:00:00,5.4,5.0
2025-09-06 06:00:00,3.6,64.0
2025-09-06 07:00:00,0.4,103.0
2025-09-06 08:00:00,0.9,174.0
2025-09-06 09:00:00,1.5,211.0
2025-09-06 10:00:00,2.0,338.0
2025-09-06 11:00:00,0.4,583.0
2025-09-06 12:00:00,1.2,658.0
2025-09-06 13:00:00,6.5,564.0
2025-09-06 14:00:00,6.8,514.0
2025-09-06 15:00:00,8.5,360.0
2025-09-06 16:00:00,1.5,233.0
2025-09-06 17:00:00,2.7,91.0
2025-09-06 18:00:00,1.5,4.0
2025-09-06 19:00:00,0.6,0.0
2025-09-06 20:00:00,1.8,0.0
2025-09-06 21:00:00,3.6,0.0
2025-09-06 22:00:00,4.2,0.0
2025-09-06 23:00:00,4.4,0.0
2025-09-07 00:00:00,4.1,0.0
2025-09-07 01:00:00,4.9,0.0
2025-09-07 02:00:00,4.9,0.0
2025-09-07 03:00:00,4.7,0.0
2025-09-07 04:00:00,4.3,0.0
2025-09-07 05:00:00,3.7,9.0
2025-09-07 06:00:00,4.5,83.0
2025-09-07 07:00:00,2.6,180.0
2025-09-07 08:00:00,0.6,284.0
2025-09-07 09:00:00,2.3,426.0
2025-09-07 10:00:00,4.7,485.0
2025-09-07 11:00:00,4.8,451.0
2025-09-07 12:00:00,4.5,406.0
2025-09-07 13:00:00,4.1,485.0
2025-09-07 14:00:00,4.7,435.0
2025-09-07 15:00:00,4.5,272.0
2025-09-07 16:00:00,5.0,163.0
2025-09-07 17:00:00,4.8,62.0
2025-09-07 18:00:00,4.1,3.0
2025-09-07 19:00:00,2.9,0.0
2025-09-07 20:00:00,2.6,0.0
2025-09-07 21:00:00,1.3,0.0
2025-09-07 22:00:00,1.7,0.0
2025-09-07 23:00:00,2.5,0.0
2025-09-08 00:00:00,3.5,0.0
2025-09-08 01:00:00,4.0,0.0
2025-09-08 02:00:00,5.4,0.0
2025-09-08 03:00:00,5.6,0.0
2025-09-08 04:00:00,6.4,0.0
2025-09-08 05:00:00,4.5,9.0
2025-09-08 06:00:00,3.1,116.0
2025-09-08 07:00:00,3.0,284.0
2025-09-08 08:00:00,2.4,451.0
2025-09-08 09:00:00,1.8,593.0
2025-09-08 10:00:00,4.0,687.0
2025-09-08 11:00:00,4.8,732.0
2025-09-08 12:00:00,4.6,648.0
2025-09-08 13:00:00,2.8,638.0
2025-09-08 14:00:00,3.7,548.0
2025-09-08 15:00:00,3.1,393.0
2025-09-08 16:00:00,3.0,253.0
2025-09-08 17:00:00,4.0,82.0
2025-09-08 18:00:00,4.8,3.0
2025-09-08 19:00:00,5.2,0.0
2025-09-08 20:00:00,4.1,0.0
2025-09-08 21:00:00,3.3,0.0
2025-09-08 22:00:00,2.7,0.0
2025-09-08 23:00:00,1.3,0.0
2025-09-09 00:00:00,2.3,0.0
2025-09-09 01:00:00,3.1,0.0
2025-09-09 02:00:00,4.6,0.0
2025-09-09 03:00:00,4.3,0.0
2025-09-09 04:00:00,3.4,0.0
2025-09-09 05:00:00,1.7,9.0
2025-09-09 06:00:00,2.4,111.0
2025-09-09 07:00:00,0.6,218.0
2025-09-09 08:00:00,1.1,300.0
2025-09-09 09:00:00,1.6,416.0
2025-09-09 10:00:00,3.4,564.0
2025-09-09 11:00:00,4.2,670.0
2025-09-09 12:00:00,3.1,697.0
2025-09-09 13:00:00,3.1,543.0
2025-09-09 14:00:00,2.5,416.0
2025-09-09 15:00:00,1.4,195.0
2025-09-09 16:00:00,3.8,131.0
2025-09-09 17:00:00,3.4,46.0
2025-09-09 18:00:00,2.5,2.0
2025-09-09 19:00:00,0.9,0.0
2025-09-09 20:00:00,1.5,0.0
2025-09-09 21:00:00,1.8,0.0
2025-09-09 22:00:00,2.9,0.0
2025-09-09 23:00:00,1.8,0.0
2025-09-10 00:00:00,4.6,0.0
2025-09-10 01:00:00,0.3,0.0
2025-09-10 02:00:00,0.4,0.0
2025-09-10 03:00:00,2.9,0.0
2025-09-10 04:00:00,3.4,0.0
2025-09-10 05:00:00,3.2,7.0
2025-09-10 06:00:00,5.3,74.0
2025-09-10 07:00:00,3.1,208.0
2025-09-10 08:00:00,9.7,351.0
2025-09-10 09:00:00,10.9,190.0
2025-09-10 10:00:00,12.7,262.0
2025-09-10 11:00:00,9.5,89.0
2025-09-10 12:00:00,10.2,83.0
2025-09-10 13:00:00,12.6,64.0
2025-09-10 14:00:00,16.8,99.0
2025-09-10 15:00:00,16.3,99.0
2025-09-10 16:00:00,15.1,76.0
2025-09-10 17:00:00,10.9,9.0
2025-09-10 18:00:00,13.4,0.0
2025-09-10 19:00:00,14.7,0.0
2025-09-10 20:00:00,6.8,0.0
2025-09-10 21:00:00,3.5,0.0
2025-09-10 22:00:00,4.1,0.0
2025-09-10 23:00:00,4.4,0.0
2025-09-11 00:00:00,4.0,0.0
2025-09-11 01:00:00,2.0,0.0
2025-09-11 02:00:00,0.9,0.0
2025-09-11 03:00:00,0.9,0.0
2025-09-11 04:00:00,1.5,0.0
2025-09-11 05:00:00,2.2,6.0
2025-09-11 06:00:00,4.9,97.0
2025-09-11 07:00:00,5.9,260.0
2025-09-11 08:00:00,6.2,396.0
2025-09-11 09:00:00,8.3,522.0
2025-09-11 10:00:00,7.4,625.0
2025-09-11 11:00:00,5.5,665.0
2025-09-11 12:00:00,4.0,526.0
2025-09-11 13:00:00,5.2,488.0
2025-09-11 14:00:00,1.4,503.0
2025-09-11 15:00:00,2.3,367.0
2025-09-11 16:00:00,2.9,199.0
2025-09-11 17:00:00,3.9,68.0
2025-09-11 18:00:00,3.6,1.0
2025-09-11 19:00:00,2.5,0.0
2025-09-11 20:00:00,1.7,0.0
2025-09-11 21:00:00,3.1,0.0
2025-09-11 22:00:00,2.6,0.0
2025-09-11 23:00:00,2.1,0.0
2025-09-12 00:00:00,2.7,0.0
2025-09-12 01:00:00,2.0,0.0
2025-09-12 02:00:00,3.6,0.0
2025-09-12 03:00:00,1.0,0.0
2025-09-12 04:00:00,0.6,0.0
2025-09-12 05:00:00,1.1,4.0
2025-09-12 06:00:00,1.5,63.0
2025-09-12 07:00:00,1.0,168.0
2025-09-12 08:00:00,1.4,307.0
2025-09-12 09:00:00,2.4,509.0
2025-09-12 10:00:00,4.1,641.0
2025-09-12 11:00:00,5.2,696.0
2025-09-12 12:00:00,7.2,666.0
2025-09-12 13:00:00,5.4,522.0
2025-09-12 14:00:00,6.5,497.0
2025-09-12 15:00:00,5.7,363.0
2025-09-12 16:00:00,3.1,210.0
2025-09-12 17:00:00,3.9,64.0
2025-09-12 18:00:00,6.1,1.0
2025-09-12 19:00:00,5.1,0.0
2025-09-12 20:00:00,3.5,0.0
2025-09-12 21:00:00,2.9,0.0
2025-09-12 22:00:00,6.7,0.0
2025-09-12 23:00:00,8.0,0.0
2025-09-13 00:00:00,8.0,0.0
2025-09-13 01:00:00,5.9,0.0
2025-09-13 02:00:00,7.2,0.0
2025-09-13 03:00:00,6.2,0.0
2025-09-13 04:00:00,5.9,0.0
2025-09-13 05:00:00,6.0,4.0
2025-09-13 06:00:00,6.1,89.0
2025-09-13 07:00:00,4.1,250.0
2025-09-13 08:00:00,2.6,424.0
2025-09-13 09:00:00,0.4,560.0
2025-09-13 10:00:00,5.9,627.0
2025-09-13 11:00:00,7.5,619.0
2025-09-13 12:00:00,5.7,618.0
2025-09-13 13:00:00,4.8,518.0
2025-09-13 14:00:00,3.1,468.0
2025-09-13 15:00:00,1.8,369.0
2025-09-13 16:00:00,1.3,180.0
2025-09-13 17:00:00,1.4,49.0
2025-09-13 18:00:00,1.4,0.0
2025-09-13 19:00:00,0.5,0.0
2025-09-13 20:00:00,0.4,0.0
2025-09-13 21:00:00,0.6,0.0
2025-09-13 22:00:00,2.6,0.0
2025-09-13 23:00:00,3.4,0.0
2025-09-14 00:00:00,2.7,0.0
2025-09-14 01:00:00,0.4,0.0
2025-09-14 02:00:00,2.3,0.0
2025-09-14 03:00:00,2.2,0.0
2025-09-14 04:00:00,3.0,0.0
2025-09-14 05:00:00,4.9,3.0
2025-09-14 06:00:00,5.5,95.0
2025-09-14 07:00:00,6.6,251.0
2025-09-14 08:00:00,6.4,411.0
2025-09-14 09:00:00,6.8,559.0
2025-09-14 10:00:00,11.1,414.0
2025-09-14 11:00:00,10.3,440.0
2025-09-14 12:00:00,12.6,404.0
2025-09-14 13:00:00,7.7,543.0
2025-09-14 14:00:00,7.1,416.0
2025-09-14 15:00:00,8.5,328.0
2025-09-14 16:00:00,5.3,152.0
2025-09-14 17:00:00,3.8,48.0
2025-09-14 18:00:00,5.9,0.0
2025-09-14 19:00:00,5.1,0.0
2025-09-14 20:00:00,4.2,0.0
2025-09-14 21:00:00,3.7,0.0
2025-09-14 22:00:00,2.9,0.0
2025-09-14 23:00:00,0.7,0.0
2025-09-15 00:00:00,0.5,0.0
2025-09-15 01:00:00,0.9,0.0
2025-09-15 02:00:00,1.0,0.0
2025-09-15 03:00:00,2.3,0.0
2025-09-15 04:00:00,3.0,0.0
2025-09-15 05:00:00,2.0,4.0
2025-09-15 06:00:00,1.9,84.0
2025-09-15 07:00:00,3.5,232.0
2025-09-15 08:00:00,6.1,409.0
2025-09-15 09:00:00,9.4,541.0
2025-09-15 10:00:00,6.8,589.0
2025-09-15 11:00:00,5.3,677.0
2025-09-15 12:00:00,7.6,653.0
2025-09-15 13:00:00,6.5,623.0
2025-09-15 14:00:00,7.6,516.0
2025-09-15 15:00:00,7.3,364.0
2025-09-15 16:00:00,4.2,202.0
2025-09-15 17:00:00,4.2,56.0
2025-09-15 18:00:00,3.7,0.0
2025-09-15 19:00:00,2.3,0.0
2025-09-15 20:00:00,1.2,0.0
2025-09-15 21:00:00,6.0,0.0
2025-09-15 22:00:00,5.2,0.0
2025-09-15 23:00:00,4.5,0.0
2025-09-16 00:00:00,3.5,0.0
2025-09-16 01:00:00,1.8,0.0
2025-09-16 02:00:00,3.1,0.0
2025-09-16 03:00:00,2.9,0.0
2025-09-16 04:00:00,3.1,0.0
2025-09-16 05:00:00,2.9,4.0
2025-09-16 06:00:00,3.5,88.0
2025-09-16 07:00:00,2.7,229.0
2025-09-16 08:00:00,3.5,346.0
2025-09-16 09:00:00,4.2,340.0
2025-09-16 10:00:00,12.3,326.0
2025-09-16 11:00:00,16.5,225.0
2025-09-16 12:00:00,18.1,196.0
2025-09-16 13:00:00,19.1,393.0
2025-09-16 14:00:00,12.2,75.0
2025-09-16 15:00:00,8.4,186.0
2025-09-16 16:00:00,4.7,87.0
2025-09-16 17:00:00,4.5,15.0
2025-09-16 18:00:00,1.5,0.0
2025-09-16 19:00:00,1.8,0.0
2025-09-16 20:00:00,4.5,0.0
2025-09-16 21:00:00,5.2,0.0
2025-09-16 22:00:00,5.8,0.0
2025-09-16 23:00:00,5.5,0.0
2025-09-17 00:00:00,5.3,0.0
2025-09-17 01:00:00,6.1,0.0
2025-09-17 02:00:00,3.1,0.0
2025-09-17 03:00:00,0.9,0.0
2025-09-17 04:00:00,4.1,0.0
2025-09-17 05:00:00,6.2,1.0
2025-09-17 06:00:00,3.2,25.0
2025-09-17 07:00:00,2.2,71.0
2025-09-17 08:00:00,0.8,185.0
2025-09-17 09:00:00,1.1,292.0
2025-09-17 10:00:00,2.7,539.0
2025-09-17 11:00:00,4.8,639.0
2025-09-17 12:00:00,4.3,659.0
2025-09-17 13:00:00,4.8,593.0
2025-09-17 14:00:00,3.2,484.0
2025-09-17 15:00:00,4.3,347.0
2025-09-17 16:00:00,5.6,187.0
2025-09-17 17:00:00,6.3,48.0
2025-09-17 18:00:00,4.5,0.0
2025-09-17 19:00:00,3.6,0.0
2025-09-17 20:00:00,1.2,0.0
2025-09-17 21:00:00,0.2,0.0
2025-09-17 22:00:00,0.4,0.0
2025-09-17 23:00:00,0.7,0.0
2025-09-18 00:00:00,1.1,0.0
2025-09-18 01:00:00,2.6,0.0
2025-09-18 02:00:00,2.0,0.0
2025-09-18 03:00:00,1.6,0.0
2025-09-18 04:00:00,1.3,0.0
2025-09-18 05:00:00,0.7,3.0
2025-09-18 06:00:00,1.3,85.0
2025-09-18 07:00:00,2.0,240.0
2025-09-18 08:00:00,3.8,355.0
2025-09-18 09:00:00,6.2,539.0
2025-09-18 10:00:00,7.7,640.0
2025-09-18 11:00:00,8.2,686.0
2025-09-18 12:00:00,8.5,677.0
2025-09-18 13:00:00,7.6,613.0
2025-09-18 14:00:00,7.3,503.0
2025-09-18 15:00:00,6.4,356.0
2025-09-18 16:00:00,5.1,191.0
2025-09-18 17:00:00,4.4,45.0
2025-09-18 18:00:00,3.3,0.0
2025-09-18 19:00:00,2.4,0.0
2025-09-18 20:00:00,1.4,0.0
2025-09-18 21:00:00,1.3,0.0
2025-09-18 22:00:00,1.9,0.0
2025-09-18 23:00:00,1.4,0.0
2025-09-19 00:00:00,2.3,0.0
2025-09-19 01:00:00,2.8,0.0
2025-09-19 02:00:00,1.8,0.0
2025-09-19 03:00:00,1.5,0.0
2025-09-19 04:00:00,2.4,0.0
2025-09-19 05:00:00,2.7,2.0
2025-09-19 06:00:00,3.0,86.0
2025-09-19 07:00:00,1.8,247.0
2025-09-19 08:00:00,1.2,410.0
2025-09-19 09:00:00,1.0,548.0
2025-09-19 10:00:00,1.8,644.0
2025-09-19 11:00:00,3.6,689.0
2025-09-19 12:00:00,4.7,680.0
2025-09-19 13:00:00,4.7,618.0
2025-09-19 14:00:00,4.6,506.0
2025-09-19 15:00:00,4.5,357.0
2025-09-19 16:00:00,3.3,190.0
2025-09-19 17:00:00,3.7,43.0
2025-09-19 18:00:00,4.1,0.0
2025-09-19 19:00:00,2.7,0.0
2025-09-19 20:00:00,1.5,0.0
2025-09-19 21:00:00,0.7,0.0
2025-09-19 22:00:00,0.8,0.0
2025-09-19 23:00:00,0.6,0.0
2025-09-20 00:00:00,0.4,0.0
2025-09-20 01:00:00,0.4,0.0
2025-09-20 02:00:00,0.4,0.0
2025-09-20 03:00:00,0.4,0.0
2025-09-20 04:00:00,0.2,0.0
2025-09-20 05:00:00,0.2,2.0
2025-09-20 06:00:00,1.0,64.0
2025-09-20 07:00:00,1.5,179.0
2025-09-20 08:00:00,2.7,340.0
2025-09-20 09:00:00,3.8,520.0
2025-09-20 10:00:00,4.0,645.0
2025-09-20 11:00:00,4.5,692.0
2025-09-20 12:00:00,5.2,683.0
2025-09-20 13:00:00,6.2,617.0
2025-09-20 14:00:00,6.6,504.0
2025-09-20 15:00:00,6.4,354.0
2025-09-20 16:00:00,5.2,186.0
2025-09-20 17:00:00,5.1,40.0
2025-09-20 18:00:00,4.9,0.0
2025-09-20 19:00:00,4.2,0.0
2025-09-20 20:00:00,2.4,0.0
2025-09-20 21:00:00,2.0,0.0
2025-09-20 22:00:00,4.0,0.0
2025-09-20 23:00:00,4.0,0.0
2025-09-21 00:00:00,1.5,0.0
2025-09-21 01:00:00,0.4,0.0
2025-09-21 02:00:00,0.5,0.0
2025-09-21 03:00:00,0.3,0.0
2025-09-21 04:00:00,0.5,0.0
2025-09-21 05:00:00,0.5,2.0
2025-09-21 06:00:00,0.6,74.0
2025-09-21 07:00:00,0.5,212.0
2025-09-21 08:00:00,1.3,396.0
2025-09-21 09:00:00,2.8,540.0
2025-09-21 10:00:00,5.0,641.0
2025-09-21 11:00:00,6.1,687.0
2025-09-21 12:00:00,7.0,674.0
2025-09-21 13:00:00,7.0,606.0
2025-09-21 14:00:00,7.8,492.0
2025-09-21 15:00:00,6.6,338.0
2025-09-21 16:00:00,7.9,177.0
2025-09-21 17:00:00,7.7,37.0
2025-09-21 18:00:00,7.0,0.0
2025-09-21 19:00:00,6.6,0.0
2025-09-21 20:00:00,5.2,0.0
2025-09-21 21:00:00,3.5,0.0
2025-09-21 22:00:00,2.5,0.0
2025-09-21 23:00:00,2.2,0.0
2025-09-22 00:00:00,3.6,0.0
2025-09-22 01:00:00,4.9,0.0
2025-09-22 02:00:00,2.9,0.0
2025-09-22 03:00:00,1.1,0.0
2025-09-22 04:00:00,0.2,0.0
2025-09-22 05:00:00,1.7,1.0
2025-09-22 06:00:00,4.5,80.0
2025-09-22 07:00:00,2.2,240.0
2025-09-22 08:00:00,2.0,403.0
2025-09-22 09:00:00,5.2,539.0
2025-09-22 10:00:00,7.2,631.0
2025-09-22 11:00:00,7.8,673.0
2025-09-22 12:00:00,8.2,660.0
2025-09-22 13:00:00,8.7,560.0
2025-09-22 14:00:00,9.1,461.0
2025-09-22 15:00:00,6.3,293.0
2025-09-22 16:00:00,6.4,149.0
2025-09-22 17:00:00,6.6,28.0
2025-09-22 18:00:00,4.0,0.0
2025-09-22 19:00:00,4.3,0.0
2025-09-22 20:00:00,5.2,0.0
2025-09-22 21:00:00,5.1,0.0
2025-09-22 22:00:00,4.6,0.0
2025-09-22 23:00:00,2.6,0.0
2025-09-23 00:00:00,1.5,0.0
2025-09-23 01:00:00,4.2,0.0
2025-09-23 02:00:00,0.4,0.0
2025-09-23 03:00:00,1.2,0.0
2025-09-23 04:00:00,1.8,0.0
2025-09-23 05:00:00,0.4,0.0
2025-09-23 06:00:00,4.3,11.0
2025-09-23 07:00:00,5.0,63.0
2025-09-23 08:00:00,3.3,88.0
2025-09-23 09:00:00,6.4,170.0
2025-09-23 10:00:00,6.8,102.0
2025-09-23 11:00:00,5.9,87.0
2025-09-23 12:00:00,5.1,120.0
2025-09-23 13:00:00,8.3,263.0
2025-09-23 14:00:00,8.3,61.0
2025-09-23 15:00:00,8.8,41.0
2025-09-23 16:00:00,7.8,37.0
2025-09-23 17:00:00,7.8,7.0
2025-09-23 18:00:00,5.8,0.0
2025-09-23 19:00:00,6.2,0.0
2025-09-23 20:00:00,6.7,0.0
2025-09-23 21:00:00,6.5,0.0
2025-09-23 22:00:00,6.7,0.0
2025-09-23 23:00:00,6.0,0.0
2025-09-24 00:00:00,5.7,0.0
2025-09-24 01:00:00,4.9,0.0
2025-09-24 02:00:00,5.3,0.0
2025-09-24 03:00:00,5.9,0.0
2025-09-24 04:00:00,5.0,0.0
2025-09-24 05:00:00,5.9,0.0
2025-09-24 06:00:00,4.8,10.0
2025-09-24 07:00:00,4.4,29.0
2025-09-24 08:00:00,5.8,54.0
2025-09-24 09:00:00,7.5,149.0
2025-09-24 10:00:00,6.8,261.0
2025-09-24 11:00:00,6.8,276.0
2025-09-24 12:00:00,6.7,188.0
2025-09-24 13:00:00,9.1,122.0
2025-09-24 14:00:00,7.9,269.0
2025-09-24 15:00:00,6.8,93.0
2025-09-24 16:00:00,6.0,36.0
2025-09-24 17:00:00,7.4,5.0
2025-09-24 18:00:00,7.1,0.0
2025-09-24 19:00:00,4.7,0.0
2025-09-24 20:00:00,5.2,0.0
2025-09-24 21:00:00,4.7,0.0
2025-09-24 22:00:00,5.8,0.0
2025-09-24 23:00:00,4.5,0.0
2025-09-25 00:00:00,3.4,0.0
2025-09-25 01:00:00,7.4,0.0
2025-09-25 02:00:00,5.5,0.0
2025-09-25 03:00:00,5.0,0.0
2025-09-25 04:00:00,3.6,0.0
2025-09-25 05:00:00,2.2,0.0
2025-09-25 06:00:00,4.9,42.0
2025-09-25 07:00:00,3.6,175.0
2025-09-25 08:00:00,2.2,272.0
2025-09-25 09:00:00,1.7,320.0
2025-09-25 10:00:00,0.7,326.0
2025-09-25 11:00:00,0.3,390.0
2025-09-25 12:00:00,3.5,502.0
2025-09-25 13:00:00,6.5,325.0
2025-09-25 14:00:00,8.1,235.0
2025-09-25 15:00:00,8.6,208.0
2025-09-25 16:00:00,6.7,125.0
2025-09-25 17:00:00,7.1,19.0
2025-09-25 18:00:00,7.9,0.0
2025-09-25 19:00:00,6.3,0.0
2025-09-25 20:00:00,7.2,0.0
2025-09-25 21:00:00,4.8,0.0
2025-09-25 22:00:00,4.4,0.0
2025-09-25 23:00:00,4.3,0.0
2025-09-26 00:00:00,4.4,0.0
2025-09-26 01:00:00,7.8,0.0
2025-09-26 02:00:00,3.8,0.0
2025-09-26 03:00:00,6.4,0.0
2025-09-26 04:00:00,5.6,0.0
2025-09-26 05:00:00,6.9,0.0
2025-09-26 06:00:00,5.4,22.0
2025-09-26 07:00:00,6.4,89.0
2025-09-26 08:00:00,6.0,116.0
2025-09-26 09:00:00,3.8,250.0
2025-09-26 10:00:00,3.6,290.0
2025-09-26 11:00:00,5.0,291.0
2025-09-26 12:00:00,4.4,328.0
2025-09-26 13:00:00,8.5,357.0
2025-09-26 14:00:00,9.2,185.0
2025-09-26 15:00:00,8.5,110.0
2025-09-26 16:00:00,8.6,66.0
2025-09-26 17:00:00,8.2,8.0
2025-09-26 18:00:00,6.2,0.0
2025-09-26 19:00:00,4.6,0.0
2025-09-26 20:00:00,5.0,0.0
2025-09-26 21:00:00,5.9,0.0
2025-09-26 22:00:00,6.9,0.0
2025-09-26 23:00:00,6.7,0.0
2025-09-27 00:00:00,6.3,0.0
2025-09-27 01:00:00,5.4,0.0
2025-09-27 02:00:00,4.2,0.0
2025-09-27 03:00:00,4.7,0.0
2025-09-27 04:00:00,5.6,0.0
2025-09-27 05:00:00,6.8,0.0
2025-09-27 06:00:00,6.0,54.0
2025-09-27 07:00:00,5.9,156.0
2025-09-27 08:00:00,5.1,186.0
2025-09-27 09:00:00,4.0,306.0
2025-09-27 10:00:00,4.5,411.0
2025-09-27 11:00:00,6.3,558.0
2025-09-27 12:00:00,7.7,614.0
2025-09-27 13:00:00,9.3,405.0
2025-09-27 14:00:00,11.5,243.0
2025-09-27 15:00:00,11.2,144.0
2025-09-27 16:00:00,6.9,78.0
2025-09-27 17:00:00,3.9,11.0
2025-09-27 18:00:00,5.0,0.0
2025-09-27 19:00:00,6.4,0.0
2025-09-27 20:00:00,6.2,0.0
2025-09-27 21:00:00,6.5,0.0
2025-09-27 22:00:00,6.7,0.0
2025-09-27 23:00:00,6.5,0.0
2025-09-28 00:00:00,8.1,0.0
2025-09-28 01:00:00,6.3,0.0
2025-09-28 02:00:00,7.6,0.0
2025-09-28 03:00:00,7.2,0.0
2025-09-28 04:00:00,7.6,0.0
2025-09-28 05:00:00,6.9,0.0
2025-09-28 06:00:00,7.0,32.0
2025-09-28 07:00:00,5.6,78.0
2025-09-28 08:00:00,5.9,189.0
2025-09-28 09:00:00,5.6,168.0
2025-09-28 10:00:00,5.8,200.0
2025-09-28 11:00:00,6.2,342.0
2025-09-28 12:00:00,9.7,500.0
2025-09-28 13:00:00,9.7,303.0
2025-09-28 14:00:00,8.0,317.0
2025-09-28 15:00:00,6.0,283.0
2025-09-28 16:00:00,2.0,132.0
2025-09-28 17:00:00,0.8,16.0
2025-09-28 18:00:00,1.1,0.0
2025-09-28 19:00:00,1.7,0.0
2025-09-28 20:00:00,3.0,0.0
2025-09-28 21:00:00,4.0,0.0
2025-09-28 22:00:00,5.6,0.0
2025-09-28 23:00:00,7.1,0.0
2025-09-29 00:00:00,8.2,0.0
2025-09-29 01:00:00,6.8,0.0
2025-09-29 02:00:00,7.1,0.0
2025-09-29 03:00:00,7.8,0.0
2025-09-29 04:00:00,6.4,0.0
2025-09-29 05:00:00,3.9,0.0
2025-09-29 06:00:00,4.7,59.0
2025-09-29 07:00:00,3.8,212.0
2025-09-29 08:00:00,5.1,363.0
2025-09-29 09:00:00,6.1,468.0
2025-09-29 10:00:00,6.4,562.0
2025-09-29 11:00:00,8.9,624.0
2025-09-29 12:00:00,10.3,580.0
2025-09-29 13:00:00,10.8,535.0
2025-09-29 14:00:00,9.4,408.0
2025-09-29 15:00:00,7.5,263.0
2025-09-29 16:00:00,4.7,127.0
2025-09-29 17:00:00,4.0,10.0
2025-09-29 18:00:00,3.9,0.0
2025-09-29 19:00:00,5.4,0.0
2025-09-29 20:00:00,4.9,0.0
2025-09-29 21:00:00,4.4,0.0
2025-09-29 22:00:00,4.2,0.0
2025-09-29 23:00:00,4.5,0.0
2025-09-30 00:00:00,4.2,0.0
2025-09-30 01:00:00,4.6,0.0
2025-09-30 02:00:00,3.2,0.0
2025-09-30 03:00:00,2.6,0.0
2025-09-30 04:00:00,2.3,0.0
2025-09-30 05:00:00,2.2,0.0
2025-09-30 06:00:00,3.7,32.0
2025-09-30 07:00:00,2.9,101.0
2025-09-30 08:00:00,1.8,102.0
2025-09-30 09:00:00,2.1,95.0
2025-09-30 10:00:00,2.8,185.0
2025-09-30 11:00:00,3.1,175.0
2025-09-30 12:00:00,3.2,180.0
2025-09-30 13:00:00,4.5,195.0
2025-09-30 14:00:00,5.8,148.0
2025-09-30 15:00:00,6.3,106.0
2025-09-30 16:00:00,4.5,65.0
2025-09-30 17:00:00,5.0,9.0
2025-09-30 18:00:00,5.8,0.0
2025-09-30 19:00:00,3.8,0.0
2025-09-30 20:00:00,4.3,0.0
2025-09-30 21:00:00,5.2,0.0
2025-09-30 22:00:00,6.0,0.0
2025-09-30 23:00:00,6.7,0.0
2025-10-01 00:00:00,8.7,0.0
2025-10-01 01:00:00,7.2,0.0
2025-10-01 02:00:00,6.6,0.0
2025-10-01 03:00:00,7.0,0.0
2025-10-01 04:00:00,6.7,0.0
2025-10-01 05:00:00,7.2,0.0
2025-10-01 06:00:00,10.4,34.0
2025-10-01 07:00:00,10.1,180.0
2025-10-01 08:00:00,9.4,350.0
2025-10-01 09:00:00,12.3,501.0
2025-10-01 10:00:00,12.6,532.0
2025-10-01 11:00:00,12.8,575.0
2025-10-01 12:00:00,16.0,529.0
2025-10-01 13:00:00,13.4,466.0
2025-10-01 14:00:00,13.7,414.0
2025-10-01 15:00:00,14.5,252.0
2025-10-01 16:00:00,11.2,121.0
2025-10-01 17:00:00,10.8,12.0
2025-10-01 18:00:00,12.8,0.0
2025-10-01 19:00:00,13.0,0.0
2025-10-01 20:00:00,13.3,0.0
2025-10-01 21:00:00,13.4,0.0
2025-10-01 22:00:00,13.5,0.0
2025-10-01 23:00:00,13.4,0.0
2025-10-02 00:00:00,14.2,0.0
2025-10-02 01:00:00,14.4,0.0
2025-10-02 02:00:00,13.2,0.0
2025-10-02 03:00:00,12.2,0.0
2025-10-02 04:00:00,12.4,0.0
2025-10-02 05:00:00,12.7,0.0
2025-10-02 06:00:00,14.0,37.0
2025-10-02 07:00:00,13.6,139.0
2025-10-02 08:00:00,20.9,315.0
2025-10-02 09:00:00,22.0,421.0
2025-10-02 10:00:00,22.8,398.0
2025-10-02 11:00:00,22.0,555.0
2025-10-02 12:00:00,20.7,556.0
2025-10-02 13:00:00,20.4,513.0
2025-10-02 14:00:00,20.0,403.0
2025-10-02 15:00:00,16.9,291.0
2025-10-02 16:00:00,13.5,124.0
2025-10-02 17:00:00,13.4,10.0
2025-10-02 18:00:00,14.5,0.0
2025-10-02 19:00:00,12.5,0.0
2025-10-02 20:00:00,12.8,0.0
2025-10-02 21:00:00,13.4,0.0
2025-10-02 22:00:00,14.3,0.0
2025-10-02 23:00:00,14.4,0.0
2025-10-03 00:00:00,14.9,0.0
2025-10-03 01:00:00,14.2,0.0
2025-10-03 02:00:00,12.1,0.0
2025-10-03 03:00:00,11.0,0.0
2025-10-03 04:00:00,11.3,0.0
2025-10-03 05:00:00,11.6,0.0
2025-10-03 06:00:00,12.5,50.0
2025-10-03 07:00:00,11.6,204.0
2025-10-03 08:00:00,12.6,370.0
2025-10-03 09:00:00,15.6,507.0
2025-10-03 10:00:00,16.8,603.0
2025-10-03 11:00:00,17.0,647.0
2025-10-03 12:00:00,14.2,617.0
2025-10-03 13:00:00,14.3,563.0
2025-10-03 14:00:00,14.3,447.0
2025-10-03 15:00:00,11.0,292.0
2025-10-03 16:00:00,6.3,124.0
2025-10-03 17:00:00,4.9,10.0
2025-10-03 18:00:00,4.0,0.0
2025-10-03 19:00:00,3.8,0.0
2025-10-03 20:00:00,4.1,0.0
2025-10-03 21:00:00,5.6,0.0
2025-10-03 22:00:00,6.8,0.0
2025-10-03 23:00:00,7.4,0.0
2025-10-04 00:00:00,9.6,0.0
2025-10-04 01:00:00,9.9,0.0
2025-10-04 02:00:00,9.8,0.0
2025-10-04 03:00:00,9.5,0.0
2025-10-04 04:00:00,8.5,0.0
2025-10-04 05:00:00,8.2,0.0
2025-10-04 06:00:00,6.9,50.0
2025-10-04 07:00:00,4.1,206.0
2025-10-04 08:00:00,1.9,372.0
2025-10-04 09:00:00,6.7,511.0
2025-10-04 10:00:00,9.0,606.0
2025-10-04 11:00:00,9.2,645.0
2025-10-04 12:00:00,8.7,624.0
2025-10-04 13:00:00,9.0,550.0
2025-10-04 14:00:00,8.6,396.0
2025-10-04 15:00:00,3.8,88.0
2025-10-04 16:00:00,2.2,19.0
2025-10-04 17:00:00,4.5,4.0
2025-10-04 18:00:00,8.5,0.0
2025-10-04 19:00:00,10.1,0.0
2025-10-04 20:00:00,10.4,0.0
2025-10-04 21:00:00,8.1,0.0
2025-10-04 22:00:00,4.2,0.0
2025-10-04 23:00:00,5.2,0.0
2025-10-05 00:00:00,6.8,0.0
2025-10-05 01:00:00,5.1,0.0
2025-10-05 02:00:00,3.3,0.0
2025-10-05 03:00:00,6.3,0.0
2025-10-05 04:00:00,7.8,0.0
2025-10-05 05:00:00,7.6,0.0
2025-10-05 06:00:00,11.1,2.0
2025-10-05 07:00:00,12.6,11.0
2025-10-05 08:00:00,14.5,9.0
2025-10-05 09:00:00,8.7,34.0
2025-10-05 10:00:00,3.5,34.0
2025-10-05 11:00:00,7.5,49.0
2025-10-05 12:00:00,6.2,69.0
2025-10-05 13:00:00,4.1,132.0
2025-10-05 14:00:00,4.3,91.0
2025-10-05 15:00:00,3.8,54.0
2025-10-05 16:00:00,1.7,37.0
2025-10-05 17:00:00,4.6,4.0
2025-10-05 18:00:00,4.8,0.0
2025-10-05 19:00:00,7.5,0.0
2025-10-05 20:00:00,7.5,0.0
2025-10-05 21:00:00,7.3,0.0
2025-10-05 22:00:00,8.9,0.0
2025-10-05 23:00:00,9.0,0.0
2025-10-06 00:00:00,7.7,0.0
2025-10-06 01:00:00,8.2,0.0
2025-10-06 02:00:00,8.3,0.0
2025-10-06 03:00:00,8.5,0.0
2025-10-06 04:00:00,8.2,0.0
2025-10-06 05:00:00,7.9,0.0
2025-10-06 06:00:00,9.2,38.0
2025-10-06 07:00:00,8.5,151.0
2025-10-06 08:00:00,8.4,300.0
2025-10-06 09:00:00,6.3,258.0
2025-10-06 10:00:00,6.5,253.0
2025-10-06 11:00:00,2.9,530.0
2025-10-06 12:00:00,3.7,518.0
2025-10-06 13:00:00,5.4,451.0
2025-10-06 14:00:00,7.4,326.0
2025-10-06 15:00:00,6.2,200.0
2025-10-06 16:00:00,3.2,97.0
2025-10-06 17:00:00,3.3,5.0
2025-10-06 18:00:00,6.6,0.0
2025-10-06 19:00:00,5.8,0.0
2025-10-06 20:00:00,6.0,0.0
2025-10-06 21:00:00,5.0,0.0
2025-10-06 22:00:00,10.7,0.0
2025-10-06 23:00:00,1.7,0.0
2025-10-07 00:00:00,7.2,0.0
2025-10-07 01:00:00,5.7,0.0
2025-10-07 02:00:00,7.1,0.0
2025-10-07 03:00:00,4.7,0.0
2025-10-07 04:00:00,7.7,0.0
2025-10-07 05:00:00,8.7,0.0
2025-10-07 06:00:00,12.1,14.0
2025-10-07 07:00:00,9.7,160.0
2025-10-07 08:00:00,7.7,275.0
2025-10-07 09:00:00,7.3,460.0
2025-10-07 10:00:00,8.4,505.0
2025-10-07 11:00:00,13.8,549.0
2025-10-07 12:00:00,17.1,462.0
2025-10-07 13:00:00,15.9,407.0
2025-10-07 14:00:00,12.5,306.0
2025-10-07 15:00:00,7.3,201.0
2025-10-07 16:00:00,4.8,82.0
2025-10-07 17:00:00,5.1,4.0
2025-10-07 18:00:00,3.6,0.0
2025-10-07 19:00:00,1.7,0.0
2025-10-07 20:00:00,6.4,0.0
2025-10-07 21:00:00,7.6,0.0
2025-10-07 22:00:00,7.3,0.0
2025-10-07 23:00:00,5.8,0.0
2025-10-08 00:00:00,5.3,0.0
2025-10-08 01:00:00,6.1,0.0
2025-10-08 02:00:00,7.4,0.0
2025-10-08 03:00:00,7.5,0.0
2025-10-08 04:00:00,7.2,0.0
2025-10-08 05:00:00,7.0,0.0
2025-10-08 06:00:00,7.5,35.0
2025-10-08 07:00:00,5.9,166.0
2025-10-08 08:00:00,4.5,270.0
2025-10-08 09:00:00,5.9,340.0
2025-10-08 10:00:00,6.2,507.0
2025-10-08 11:00:00,11.7,563.0
2025-10-08 12:00:00,11.8,493.0
2025-10-08 13:00:00,9.3,372.0
2025-10-08 14:00:00,6.4,307.0
2025-10-08 15:00:00,1.8,185.0
2025-10-08 16:00:00,1.7,82.0
2025-10-08 17:00:00,0.7,4.0
2025-10-08 18:00:00,1.1,0.0
2025-10-08 19:00:00,1.2,0.0
2025-10-08 20:00:00,0.7,0.0
2025-10-08 21:00:00,0.4,0.0
2025-10-08 22:00:00,1.7,0.0
2025-10-08 23:00:00,1.5,0.0
2025-10-09 00:00:00,2.4,0.0
2025-10-09 01:00:00,4.1,0.0
2025-10-09 02:00:00,3.9,0.0
2025-10-09 03:00:00,3.1,0.0
2025-10-09 04:00:00,2.3,0.0
2025-10-09 05:00:00,1.5,0.0
2025-10-09 06:00:00,3.0,32.0
2025-10-09 07:00:00,5.1,160.0
2025-10-09 08:00:00,4.0,313.0
2025-10-09 09:00:00,2.2,445.0
2025-10-09 10:00:00,3.1,482.0
2025-10-09 11:00:00,4.8,557.0
2025-10-09 12:00:00,3.7,529.0
2025-10-09 13:00:00,3.6,313.0
2025-10-09 14:00:00,4.8,246.0
2025-10-09 15:00:00,3.4,222.0
2025-10-09 16:00:00,1.3,76.0
2025-10-09 17:00:00,2.7,2.0
2025-10-09 18:00:00,0.7,0.0
2025-10-09 19:00:00,2.0,0.0
2025-10-09 20:00:00,3.3,0.0
2025-10-09 21:00:00,4.6,0.0
2025-10-09 22:00:00,6.4,0.0
2025-10-09 23:00:00,2.3,0.0
2025-10-10 00:00:00,4.0,0.0
2025-10-10 01:00:00,2.5,0.0
2025-10-10 02:00:00,4.6,0.0
2025-10-10 03:00:00,3.4,0.0
2025-10-10 04:00:00,2.9,0.0
2025-10-10 05:00:00,0.9,0.0
2025-10-10 06:00:00,0.7,29.0
2025-10-10 07:00:00,1.2,155.0
2025-10-10 08:00:00,3.0,303.0
2025-10-10 09:00:00,3.9,439.0
2025-10-10 10:00:00,6.1,516.0
2025-10-10 11:00:00,6.3,395.0
2025-10-10 12:00:00,5.9,462.0
2025-10-10 13:00:00,6.1,334.0
2025-10-10 14:00:00,4.8,299.0
2025-10-10 15:00:00,4.8,212.0
2025-10-10 16:00:00,3.3,80.0
2025-10-10 17:00:00,1.3,2.0
2025-10-10 18:00:00,0.7,0.0
2025-10-10 19:00:00,2.6,0.0
2025-10-10 20:00:00,2.6,0.0
2025-10-10 21:00:00,10.6,0.0
2025-10-10 22:00:00,7.5,0.0
2025-10-10 23:00:00,3.6,0.0
2025-10-11 00:00:00,4.1,0.0
2025-10-11 01:00:00,2.2,0.0
2025-10-11 02:00:00,2.5,0.0
2025-10-11 03:00:00,4.7,0.0
2025-10-11 04:00:00,3.3,0.0
2025-10-11 05:00:00,3.5,0.0
2025-10-11 06:00:00,5.0,28.0
2025-10-11 07:00:00,5.5,155.0
2025-10-11 08:00:00,4.3,305.0
2025-10-11 09:00:00,2.1,429.0
2025-10-11 10:00:00,0.4,526.0
2025-10-11 11:00:00,1.3,576.0
2025-10-11 12:00:00,3.4,400.0
2025-10-11 13:00:00,3.3,380.0
2025-10-11 14:00:00,2.2,253.0
2025-10-11 15:00:00,2.2,169.0
2025-10-11 16:00:00,1.3,75.0
2025-10-11 17:00:00,1.0,2.0
2025-10-11 18:00:00,2.0,0.0
2025-10-11 19:00:00,1.5,0.0
2025-10-11 20:00:00,0.8,0.0
2025-10-11 21:00:00,0.6,0.0
2025-10-11 22:00:00,1.3,0.0
2025-10-11 23:00:00,1.6,0.0
2025-10-12 00:00:00,0.5,0.0
2025-10-12 01:00:00,1.5,0.0
2025-10-12 02:00:00,0.2,0.0
2025-10-12 03:00:00,1.1,0.0
2025-10-12 04:00:00,1.3,0.0
2025-10-12 05:00:00,1.0,0.0
2025-10-12 06:00:00,1.6,27.0
2025-10-12 07:00:00,2.8,157.0
2025-10-12 08:00:00,4.1,314.0
2025-10-12 09:00:00,6.0,447.0
2025-10-12 10:00:00,5.8,539.0
2025-10-12 11:00:00,5.5,495.0
2025-10-12 12:00:00,4.5,404.0
2025-10-12 13:00:00,3.7,348.0
2025-10-12 14:00:00,3.4,303.0
2025-10-12 15:00:00,4.4,191.0
2025-10-12 16:00:00,6.0,72.0
2025-10-12 17:00:00,5.1,1.0
2025-10-12 18:00:00,3.9,0.0
2025-10-12 19:00:00,3.9,0.0
2025-10-12 20:00:00,3.3,0.0
2025-10-12 21:00:00,1.7,0.0
2025-10-12 22:00:00,0.4,0.0
2025-10-12 23:00:00,0.5,0.0
2025-10-13 00:00:00,0.0,0.0
2025-10-13 01:00:00,0.7,0.0
2025-10-13 02:00:00,2.6,0.0
2025-10-13 03:00:00,1.1,0.0
2025-10-13 04:00:00,0.5,0.0
2025-10-13 05:00:00,0.7,0.0
2025-10-13 06:00:00,2.6,18.0
2025-10-13 07:00:00,1.0,73.0
2025-10-13 08:00:00,1.7,126.0
2025-10-13 09:00:00,2.6,172.0
2025-10-13 10:00:00,4.4,351.0
2025-10-13 11:00:00,4.1,322.0
2025-10-13 12:00:00,3.3,300.0
2025-10-13 13:00:00,4.0,471.0
2025-10-13 14:00:00,5.8,247.0
2025-10-13 15:00:00,3.8,136.0
2025-10-13 16:00:00,2.9,67.0
2025-10-13 17:00:00,1.8,1.0
2025-10-13 18:00:00,1.1,0.0
2025-10-13 19:00:00,1.0,0.0
2025-10-13 20:00:00,1.1,0.0
2025-10-13 21:00:00,0.5,0.0
2025-10-13 22:00:00,0.7,0.0
2025-10-13 23:00:00,1.7,0.0
2025-10-14 00:00:00,3.2,0.0
2025-10-14 01:00:00,3.4,0.0
2025-10-14 02:00:00,3.1,0.0
2025-10-14 03:00:00,2.0,0.0
2025-10-14 04:00:00,1.2,0.0
2025-10-14 05:00:00,0.9,0.0
2025-10-14 06:00:00,1.1,15.0
2025-10-14 07:00:00,0.8,85.0
2025-10-14 08:00:00,1.7,234.0
2025-10-14 09:00:00,2.8,367.0
2025-10-14 10:00:00,4.1,461.0
2025-10-14 11:00:00,5.2,538.0
2025-10-14 12:00:00,3.6,551.0
2025-10-14 13:00:00,4.4,388.0
2025-10-14 14:00:00,5.7,263.0
2025-10-14 15:00:00,6.0,208.0
2025-10-14 16:00:00,5.1,63.0
2025-10-14 17:00:00,5.1,0.0
2025-10-14 18:00:00,5.1,0.0
2025-10-14 19:00:00,4.3,0.0
2025-10-14 20:00:00,4.5,0.0
2025-10-14 21:00:00,4.8,0.0
2025-10-14 22:00:00,4.4,0.0
2025-10-14 23:00:00,3.1,0.0
2025-10-15 00:00:00,3.1,0.0
2025-10-15 01:00:00,1.9,0.0
2025-10-15 02:00:00,1.8,0.0
2025-10-15 03:00:00,1.6,0.0
2025-10-15 04:00:00,1.4,0.0
2025-10-15 05:00:00,2.1,0.0
2025-10-15 06:00:00,2.5,23.0
2025-10-15 07:00:00,1.0,145.0
2025-10-15 08:00:00,1.3,294.0
2025-10-15 09:00:00,0.2,422.0
2025-10-15 10:00:00,3.1,516.0
2025-10-15 11:00:00,5.2,545.0
2025-10-15 12:00:00,6.5,528.0
2025-10-15 13:00:00,5.5,288.0
2025-10-15 14:00:00,5.8,253.0
2025-10-15 15:00:00,4.5,200.0
2025-10-15 16:00:00,3.8,61.0
2025-10-15 17:00:00,4.4,0.0
2025-10-15 18:00:00,4.7,0.0
2025-10-15 19:00:00,4.4,0.0
2025-10-15 20:00:00,4.1,0.0
2025-10-15 21:00:00,4.0,0.0
2025-10-15 22:00:00,3.9,0.0
2025-10-15 23:00:00,3.6,0.0
2025-10-16 00:00:00,1.3,0.0
2025-10-16 01:00:00,0.4,0.0
2025-10-16 02:00:00,0.9,0.0
2025-10-16 03:00:00,3.5,0.0
2025-10-16 04:00:00,3.3,0.0
2025-10-16 05:00:00,3.1,0.0
2025-10-16 06:00:00,3.9,21.0
2025-10-16 07:00:00,2.2,144.0
2025-10-16 08:00:00,0.9,293.0
2025-10-16 09:00:00,3.2,421.0
2025-10-16 10:00:00,6.6,502.0
2025-10-16 11:00:00,8.0,438.0
2025-10-16 12:00:00,8.8,425.0
2025-10-16 13:00:00,8.8,359.0
2025-10-16 14:00:00,8.1,207.0
2025-10-16 15:00:00,5.2,125.0
2025-10-16 16:00:00,3.5,51.0
2025-10-16 17:00:00,3.5,0.0
2025-10-16 18:00:00,4.4,0.0
2025-10-16 19:00:00,4.1,0.0
2025-10-16 20:00:00,3.6,0.0
2025-10-16 21:00:00,4.1,0.0
2025-10-16 22:00:00,3.8,0.0
2025-10-16 23:00:00,4.0,0.0
2025-10-17 00:00:00,3.5,0.0
2025-10-17 01:00:00,3.6,0.0
2025-10-17 02:00:00,4.2,0.0
2025-10-17 03:00:00,3.5,0.0
2025-10-17 04:00:00,3.0,0.0
2025-10-17 05:00:00,2.9,0.0
2025-10-17 06:00:00,6.2,20.0
2025-10-17 07:00:00,6.4,140.0
2025-10-17 08:00:00,4.1,294.0
2025-10-17 09:00:00,3.0,426.0
2025-10-17 10:00:00,2.2,513.0
2025-10-17 11:00:00,4.6,559.0
2025-10-17 12:00:00,7.1,549.0
2025-10-17 13:00:00,7.8,393.0
2025-10-17 14:00:00,8.3,238.0
2025-10-17 15:00:00,6.2,151.0
2025-10-17 16:00:00,3.8,45.0
2025-10-17 17:00:00,2.2,0.0
2025-10-17 18:00:00,3.9,0.0
2025-10-17 19:00:00,4.7,0.0
2025-10-17 20:00:00,4.3,0.0
2025-10-17 21:00:00,5.2,0.0
2025-10-17 22:00:00,4.9,0.0
2025-10-17 23:00:00,4.1,0.0
2025-10-18 00:00:00,6.2,0.0
2025-10-18 01:00:00,6.0,0.0
2025-10-18 02:00:00,5.4,0.0
2025-10-18 03:00:00,5.2,0.0
2025-10-18 04:00:00,6.0,0.0
2025-10-18 05:00:00,7.0,0.0
2025-10-18 06:00:00,9.0,18.0
2025-10-18 07:00:00,7.6,135.0
2025-10-18 08:00:00,4.8,276.0
2025-10-18 09:00:00,3.9,395.0
2025-10-18 10:00:00,3.2,486.0
2025-10-18 11:00:00,3.4,538.0
2025-10-18 12:00:00,4.3,529.0
2025-10-18 13:00:00,4.8,351.0
2025-10-18 14:00:00,4.1,244.0
2025-10-18 15:00:00,3.5,148.0
2025-10-18 16:00:00,3.6,52.0
2025-10-18 17:00:00,5.9,0.0
2025-10-18 18:00:00,11.5,0.0
2025-10-18 19:00:00,10.9,0.0
2025-10-18 20:00:00,9.8,0.0
2025-10-18 21:00:00,6.3,0.0
2025-10-18 22:00:00,5.8,0.0
2025-10-18 23:00:00,5.0,0.0
2025-10-19 00:00:00,4.6,0.0
2025-10-19 01:00:00,3.9,0.0
2025-10-19 02:00:00,3.4,0.0
2025-10-19 03:00:00,2.7,0.0
2025-10-19 04:00:00,3.1,0.0
2025-10-19 05:00:00,3.5,0.0
2025-10-19 06:00:00,6.5,15.0
2025-10-19 07:00:00,4.1,114.0
2025-10-19 08:00:00,3.0,263.0
2025-10-19 09:00:00,4.2,413.0
2025-10-19 10:00:00,5.1,497.0
2025-10-19 11:00:00,5.0,510.0
2025-10-19 12:00:00,4.2,489.0
2025-10-19 13:00:00,4.6,432.0
2025-10-19 14:00:00,4.8,324.0
2025-10-19 15:00:00,4.5,195.0
2025-10-19 16:00:00,4.6,50.0
2025-10-19 17:00:00,4.4,0.0
2025-10-19 18:00:00,4.0,0.0
2025-10-19 19:00:00,2.3,0.0
2025-10-19 20:00:00,2.6,0.0
2025-10-19 21:00:00,4.5,0.0
2025-10-19 22:00:00,4.7,0.0
2025-10-19 23:00:00,5.0,0.0
2025-10-20 00:00:00,4.0,0.0
2025-10-20 01:00:00,3.4,0.0
2025-10-20 02:00:00,3.3,0.0
2025-10-20 03:00:00,3.6,0.0
2025-10-20 04:00:00,3.4,0.0
2025-10-20 05:00:00,2.9,0.0
2025-10-20 06:00:00,3.5,14.0
2025-10-20 07:00:00,2.7,92.0
2025-10-20 08:00:00,3.2,230.0
2025-10-20 09:00:00,4.2,384.0
2025-10-20 10:00:00,5.5,455.0
2025-10-20 11:00:00,6.4,439.0
2025-10-20 12:00:00,4.8,351.0
2025-10-20 13:00:00,4.2,226.0
2025-10-20 14:00:00,4.0,152.0
2025-10-20 15:00:00,5.8,159.0
2025-10-20 16:00:00,6.1,33.0
2025-10-20 17:00:00,6.5,0.0
2025-10-20 18:00:00,5.6,0.0
2025-10-20 19:00:00,5.4,0.0
2025-10-20 20:00:00,6.3,0.0
2025-10-20 21:00:00,6.0,0.0
2025-10-20 22:00:00,6.5,0.0
2025-10-20 23:00:00,6.6,0.0
2025-10-21 00:00:00,6.8,0.0
2025-10-21 01:00:00,5.0,0.0
2025-10-21 02:00:00,4.3,0.0
2025-10-21 03:00:00,4.5,0.0
2025-10-21 04:00:00,5.4,0.0
2025-10-21 05:00:00,5.2,0.0
2025-10-21 06:00:00,5.2,2.0
2025-10-21 07:00:00,7.6,62.0
2025-10-21 08:00:00,7.2,118.0
2025-10-21 09:00:00,6.3,89.0
2025-10-21 10:00:00,3.6,160.0
2025-10-21 11:00:00,5.6,306.0
2025-10-21 12:00:00,6.4,253.0
2025-10-21 13:00:00,6.7,211.0
2025-10-21 14:00:00,5.6,197.0
2025-10-21 15:00:00,2.9,77.0
2025-10-21 16:00:00,2.8,24.0
2025-10-21 17:00:00,2.2,0.0
2025-10-21 18:00:00,3.1,0.0
2025-10-21 19:00:00,7.2,0.0
2025-10-21 20:00:00,4.4,0.0
2025-10-21 21:00:00,4.7,0.0
2025-10-21 22:00:00,8.5,0.0
2025-10-21 23:00:00,4.6,0.0
2025-10-22 00:00:00,3.6,0.0
2025-10-22 01:00:00,3.5,0.0
2025-10-22 02:00:00,3.8,0.0
2025-10-22 03:00:00,4.4,0.0
2025-10-22 04:00:00,1.7,0.0
2025-10-22 05:00:00,2.4,0.0
2025-10-22 06:00:00,4.2,11.0
2025-10-22 07:00:00,5.4,110.0
2025-10-22 08:00:00,5.2,239.0
2025-10-22 09:00:00,6.6,366.0
2025-10-22 10:00:00,8.7,466.0
2025-10-22 11:00:00,12.5,499.0
2025-10-22 12:00:00,15.9,421.0
2025-10-22 13:00:00,13.3,366.0
2025-10-22 14:00:00,11.3,263.0
2025-10-22 15:00:00,12.3,125.0
2025-10-22 16:00:00,9.8,33.0
2025-10-22 17:00:00,6.8,0.0
2025-10-22 18:00:00,5.4,0.0
2025-10-22 19:00:00,4.7,0.0
2025-10-22 20:00:00,3.8,0.0
2025-10-22 21:00:00,3.1,0.0
2025-10-22 22:00:00,4.5,0.0
2025-10-22 23:00:00,5.3,0.0
2025-10-23 00:00:00,4.4,0.0
2025-10-23 01:00:00,7.0,0.0
2025-10-23 02:00:00,7.6,0.0
2025-10-23 03:00:00,6.0,0.0
2025-10-23 04:00:00,5.6,0.0
2025-10-23 05:00:00,5.7,0.0
2025-10-23 06:00:00,7.0,8.0
2025-10-23 07:00:00,8.7,100.0
2025-10-23 08:00:00,10.3,160.0
2025-10-23 09:00:00,8.2,233.0
2025-10-23 10:00:00,13.4,385.0
2025-10-23 11:00:00,23.9,449.0
2025-10-23 12:00:00,11.6,405.0
2025-10-23 13:00:00,22.2,324.0
2025-10-23 14:00:00,19.3,136.0
2025-10-23 15:00:00,15.3,45.0
2025-10-23 16:00:00,13.6,16.0
2025-10-23 17:00:00,12.3,0.0
2025-10-23 18:00:00,5.4,0.0
2025-10-23 19:00:00,3.1,0.0
2025-10-23 20:00:00,7.0,0.0
2025-10-23 21:00:00,22.4,0.0
2025-10-23 22:00:00,32.3,0.0
2025-10-23 23:00:00,33.8,0.0
2025-10-24 00:00:00,8.1,0.0
2025-10-24 01:00:00,5.7,0.0
2025-10-24 02:00:00,6.2,0.0
2025-10-24 03:00:00,11.2,0.0
2025-10-24 04:00:00,10.8,0.0
2025-10-24 05:00:00,10.0,0.0
2025-10-24 06:00:00,6.0,4.0
2025-10-24 07:00:00,4.7,78.0
2025-10-24 08:00:00,3.1,251.0
2025-10-24 09:00:00,3.0,359.0
2025-10-24 10:00:00,6.4,448.0
2025-10-24 11:00:00,5.9,431.0
2025-10-24 12:00:00,3.6,336.0
2025-10-24 13:00:00,10.1,357.0
2025-10-24 14:00:00,5.8,183.0
2025-10-24 15:00:00,3.3,142.0
2025-10-24 16:00:00,1.7,31.0
2025-10-24 17:00:00,2.9,0.0
2025-10-24 18:00:00,3.8,0.0
2025-10-24 19:00:00,1.8,0.0
2025-10-24 20:00:00,1.3,0.0
2025-10-24 21:00:00,4.6,0.0
2025-10-24 22:00:00,7.6,0.0
2025-10-24 23:00:00,6.7,0.0
2025-10-25 00:00:00,3.6,0.0
2025-10-25 01:00:00,4.8,0.0
2025-10-25 02:00:00,0.6,0.0
2025-10-25 03:00:00,2.1,0.0
2025-10-25 04:00:00,2.6,0.0
2025-10-25 05:00:00,1.7,0.0
2025-10-25 06:00:00,2.0,8.0
2025-10-25 07:00:00,1.6,90.0
2025-10-25 08:00:00,2.3,208.0
2025-10-25 09:00:00,6.5,303.0
2025-10-25 10:00:00,6.6,396.0
2025-10-25 11:00:00,6.8,426.0
2025-10-25 12:00:00,3.7,414.0
2025-10-25 13:00:00,7.0,353.0
2025-10-25 14:00:00,7.6,272.0
2025-10-25 15:00:00,5.7,131.0
2025-10-25 16:00:00,9.9,29.0
2025-10-25 17:00:00,10.9,0.0
2025-10-25 18:00:00,4.4,0.0
2025-10-25 19:00:00,12.6,0.0
2025-10-25 20:00:00,10.1,0.0
2025-10-25 21:00:00,5.7,0.0
2025-10-25 22:00:00,2.4,0.0
2025-10-25 23:00:00,2.2,0.0
2025-10-26 00:00:00,2.2,0.0
2025-10-26 01:00:00,2.2,0.0
2025-10-26 02:00:00,0.8,0.0
2025-10-26 03:00:00,4.0,0.0
2025-10-26 04:00:00,3.8,0.0
2025-10-26 05:00:00,6.9,0.0
2025-10-26 06:00:00,7.1,1.0
2025-10-26 07:00:00,6.1,14.0
2025-10-26 08:00:00,5.3,50.0
2025-10-26 09:00:00,8.1,112.0
2025-10-26 10:00:00,7.4,98.0
2025-10-26 11:00:00,9.8,142.0
2025-10-26 12:00:00,7.9,140.0
2025-10-26 13:00:00,4.2,109.0
2025-10-26 14:00:00,5.2,37.0
2025-10-26 15:00:00,4.3,79.0
2025-10-26 16:00:00,4.0,20.0
2025-10-26 17:00:00,9.6,0.0
2025-10-26 18:00:00,13.6,0.0
2025-10-26 19:00:00,15.2,0.0
2025-10-26 20:00:00,10.5,0.0
2025-10-26 21:00:00,9.7,0.0
2025-10-26 22:00:00,5.9,0.0
2025-10-26 23:00:00,1.0,0.0
2025-10-27 00:00:00,2.0,0.0
2025-10-27 01:00:00,2.3,0.0
2025-10-27 02:00:00,2.3,0.0
2025-10-27 03:00:00,2.8,0.0
2025-10-27 04:00:00,2.9,0.0
2025-10-27 05:00:00,3.3,0.0
2025-10-27 06:00:00,4.2,2.0
2025-10-27 07:00:00,0.4,28.0
2025-10-27 08:00:00,4.3,58.0
2025-10-27 09:00:00,4.8,271.0
2025-10-27 10:00:00,13.2,408.0
2025-10-27 11:00:00,13.4,262.0
2025-10-27 12:00:00,12.6,214.0
2025-10-27 13:00:00,4.9,190.0
2025-10-27 14:00:00,1.9,149.0
2025-10-27 15:00:00,2.3,89.0
2025-10-27 16:00:00,2.1,20.0
2025-10-27 17:00:00,1.2,0.0
2025-10-27 18:00:00,1.5,0.0
2025-10-27 19:00:00,6.5,0.0
2025-10-27 20:00:00,6.9,0.0
2025-10-27 21:00:00,6.7,0.0
2025-10-27 22:00:00,5.2,0.0
2025-10-27 23:00:00,3.5,0.0
2025-10-28 00:00:00,3.6,0.0
2025-10-28 01:00:00,6.1,0.0
2025-10-28 02:00:00,6.5,0.0
2025-10-28 03:00:00,7.7,0.0
2025-10-28 04:00:00,8.2,0.0
2025-10-28 05:00:00,7.4,0.0
2025-10-28 06:00:00,7.1,7.0
2025-10-28 07:00:00,5.2,105.0
2025-10-28 08:00:00,2.7,249.0
2025-10-28 09:00:00,2.2,377.0
2025-10-28 10:00:00,5.1,463.0
2025-10-28 11:00:00,6.4,498.0
2025-10-28 12:00:00,4.3,480.0
2025-10-28 13:00:00,4.8,404.0
2025-10-28 14:00:00,5.3,290.0
2025-10-28 15:00:00,2.7,146.0
2025-10-28 16:00:00,4.6,22.0
2025-10-28 17:00:00,6.2,0.0
2025-10-28 18:00:00,7.6,0.0
2025-10-28 19:00:00,6.2,0.0
2025-10-28 20:00:00,5.5,0.0
2025-10-28 21:00:00,4.7,0.0
2025-10-28 22:00:00,4.7,0.0
2025-10-28 23:00:00,5.2,0.0
2025-10-29 00:00:00,4.0,0.0
2025-10-29 01:00:00,4.2,0.0
2025-10-29 02:00:00,3.6,0.0
2025-10-29 03:00:00,2.3,0.0
2025-10-29 04:00:00,2.1,0.0
2025-10-29 05:00:00,2.3,0.0
2025-10-29 06:00:00,0.9,5.0
2025-10-29 07:00:00,4.1,76.0
2025-10-29 08:00:00,3.1,202.0
2025-10-29 09:00:00,4.6,350.0
2025-10-29 10:00:00,6.9,407.0
2025-10-29 11:00:00,8.1,443.0
2025-10-29 12:00:00,12.1,433.0
2025-10-29 13:00:00,14.8,335.0
2025-10-29 14:00:00,14.8,252.0
2025-10-29 15:00:00,17.0,121.0
2025-10-29 16:00:00,16.3,22.0
2025-10-29 17:00:00,12.4,0.0
2025-10-29 18:00:00,14.0,0.0
2025-10-29 19:00:00,11.1,0.0
2025-10-29 20:00:00,10.4,0.0
2025-10-29 21:00:00,11.0,0.0
2025-10-29 22:00:00,10.5,0.0
2025-10-29 23:00:00,10.7,0.0
2025-10-30 00:00:00,11.9,0.0
2025-10-30 01:00:00,11.8,0.0
2025-10-30 02:00:00,13.1,0.0
2025-10-30 03:00:00,15.1,0.0
2025-10-30 04:00:00,13.7,0.0
2025-10-30 05:00:00,13.9,0.0
2025-10-30 06:00:00,13.6,3.0
2025-10-30 07:00:00,12.4,42.0
2025-10-30 08:00:00,14.3,74.0
2025-10-30 09:00:00,15.2,105.0
2025-10-30 10:00:00,14.9,186.0
2025-10-30 11:00:00,15.8,409.0
2025-10-30 12:00:00,15.2,368.0
2025-10-30 13:00:00,15.0,331.0
2025-10-30 14:00:00,11.4,174.0
2025-10-30 15:00:00,11.5,67.0
2025-10-30 16:00:00,11.8,8.0
2025-10-30 17:00:00,9.0,0.0
2025-10-30 18:00:00,8.2,0.0
2025-10-30 19:00:00,3.8,0.0
2025-10-30 20:00:00,3.0,0.0
2025-10-30 21:00:00,1.3,0.0
2025-10-30 22:00:00,2.3,0.0
2025-10-30 23:00:00,1.1,0.0
2025-10-31 00:00:00,2.7,0.0
2025-10-31 01:00:00,1.2,0.0
2025-10-31 02:00:00,2.0,0.0
2025-10-31 03:00:00,0.6,0.0
2025-10-31 04:00:00,2.8,0.0
2025-10-31 05:00:00,2.5,0.0
2025-10-31 06:00:00,2.5,3.0
2025-10-31 07:00:00,3.0,73.0
2025-10-31 08:00:00,3.1,219.0
2025-10-31 09:00:00,4.3,335.0
2025-10-31 10:00:00,4.3,412.0
2025-10-31 11:00:00,5.1,456.0
2025-10-31 12:00:00,6.5,440.0
2025-10-31 13:00:00,6.6,372.0
2025-10-31 14:00:00,5.9,263.0
2025-10-31 15:00:00,2.5,129.0
2025-10-31 16:00:00,0.9,18.0
2025-10-31 17:00:00,0.9,0.0
2025-10-31 18:00:00,2.5,0.0
2025-10-31 19:00:00,2.3,0.0
2025-10-31 20:00:00,2.8,0.0
2025-10-31 21:00:00,5.0,0.0
2025-10-31 22:00:00,7.1,0.0
2025-10-31 23:00:00,4.0,0.0
2025-11-01 00:00:00,0.5,0.0
2025-11-01 01:00:00,1.3,0.0
2025-11-01 02:00:00,3.5,0.0
2025-11-01 03:00:00,1.6,0.0
2025-11-01 04:00:00,0.8,0.0
2025-11-01 05:00:00,0.7,0.0
2025-11-01 06:00:00,0.5,3.0
2025-11-01 07:00:00,1.5,83.0
2025-11-01 08:00:00,2.5,211.0
2025-11-01 09:00:00,2.3,334.0
2025-11-01 10:00:00,3.6,425.0
2025-11-01 11:00:00,5.1,461.0
2025-11-01 12:00:00,6.4,446.0
2025-11-01 13:00:00,7.0,364.0
2025-11-01 14:00:00,6.9,260.0
2025-11-01 15:00:00,4.3,127.0
2025-11-01 16:00:00,9.2,17.0
2025-11-01 17:00:00,12.6,0.0
2025-11-01 18:00:00,9.7,0.0
2025-11-01 19:00:00,8.5,0.0
2025-11-01 20:00:00,8.7,0.0
2025-11-01 21:00:00,8.1,0.0
2025-11-01 22:00:00,6.0,0.0
2025-11-01 23:00:00,5.3,0.0
2025-11-02 00:00:00,7.7,0.0
2025-11-02 01:00:00,8.8,0.0
2025-11-02 02:00:00,6.8,0.0
2025-11-02 03:00:00,5.3,0.0
2025-11-02 04:00:00,5.4,0.0
2025-11-02 05:00:00,5.9,0.0
2025-11-02 06:00:00,7.0,3.0
2025-11-02 07:00:00,10.8,82.0
2025-11-02 08:00:00,13.3,215.0
2025-11-02 09:00:00,12.2,328.0
2025-11-02 10:00:00,13.6,418.0
2025-11-02 11:00:00,16.7,435.0
2025-11-02 12:00:00,17.0,380.0
2025-11-02 13:00:00,14.9,299.0
2025-11-02 14:00:00,13.0,196.0
2025-11-02 15:00:00,12.4,86.0
2025-11-02 16:00:00,10.2,12.0
2025-11-02 17:00:00,7.5,0.0
2025-11-02 18:00:00,9.7,0.0
2025-11-02 19:00:00,8.6,0.0
2025-11-02 20:00:00,7.3,0.0
2025-11-02 21:00:00,7.4,0.0
2025-11-02 22:00:00,7.8,0.0
2025-11-02 23:00:00,8.5,0.0
2025-11-03 00:00:00,5.4,0.0
2025-11-03 01:00:00,3.2,0.0
2025-11-03 02:00:00,2.7,0.0
2025-11-03 03:00:00,21.7,0.0
2025-11-03 04:00:00,32.8,0.0
2025-11-03 05:00:00,28.1,0.0
2025-11-03 06:00:00,18.6,0.0
2025-11-03 07:00:00,14.2,15.0
2025-11-03 08:00:00,4.2,54.0
2025-11-03 09:00:00,7.0,73.0
2025-11-03 10:00:00,6.3,108.0
2025-11-03 11:00:00,5.4,265.0
2025-11-03 12:00:00,5.3,308.0
2025-11-03 13:00:00,4.2,268.0
2025-11-03 14:00:00,4.5,226.0
2025-11-03 15:00:00,4.7,109.0
2025-11-03 16:00:00,2.8,13.0
2025-11-03 17:00:00,1.0,0.0
2025-11-03 18:00:00,0.9,0.0
2025-11-03 19:00:00,0.4,0.0
2025-11-03 20:00:00,2.0,0.0
2025-11-03 21:00:00,2.6,0.0
2025-11-03 22:00:00,2.1,0.0
2025-11-03 23:00:00,2.9,0.0
2025-11-04 00:00:00,4.5,0.0
2025-11-04 01:00:00,1.3,0.0
2025-11-04 02:00:00,0.9,0.0
2025-11-04 03:00:00,1.4,0.0
2025-11-04 04:00:00,0.3,0.0
2025-11-04 05:00:00,0.3,0.0
2025-11-04 06:00:00,0.2,2.0
2025-11-04 07:00:00,3.2,77.0
2025-11-04 08:00:00,2.7,215.0
2025-11-04 09:00:00,2.8,336.0
2025-11-04 10:00:00,4.8,422.0
2025-11-04 11:00:00,5.9,459.0
2025-11-04 12:00:00,5.5,441.0
2025-11-04 13:00:00,5.4,370.0
2025-11-04 14:00:00,4.9,258.0
2025-11-04 15:00:00,2.3,121.0
2025-11-04 16:00:00,0.6,13.0
2025-11-04 17:00:00,0.9,0.0
2025-11-04 18:00:00,2.3,0.0
2025-11-04 19:00:00,1.6,0.0
2025-11-04 20:00:00,1.1,0.0
2025-11-04 21:00:00,1.1,0.0
2025-11-04 22:00:00,1.1,0.0
2025-11-04 23:00:00,1.3,0.0
2025-11-05 00:00:00,2.2,0.0
2025-11-05 01:00:00,1.0,0.0
2025-11-05 02:00:00,0.5,0.0
2025-11-05 03:00:00,0.0,0.0
2025-11-05 04:00:00,0.8,0.0
2025-11-05 05:00:00,0.9,0.0
2025-11-05 06:00:00,1.3,1.0
2025-11-05 07:00:00,0.9,57.0
2025-11-05 08:00:00,0.8,160.0
2025-11-05 09:00:00,1.8,272.0
2025-11-05 10:00:00,3.3,404.0
2025-11-05 11:00:00,4.2,449.0
2025-11-05 12:00:00,5.2,438.0
2025-11-05 13:00:00,4.6,369.0
2025-11-05 14:00:00,4.9,256.0
2025-11-05 15:00:00,3.4,119.0
2025-11-05 16:00:00,4.0,12.0
2025-11-05 17:00:00,2.9,0.0
2025-11-05 18:00:00,2.4,0.0
2025-11-05 19:00:00,1.8,0.0
2025-11-05 20:00:00,1.9,0.0
2025-11-05 21:00:00,4.5,0.0
2025-11-05 22:00:00,4.4,0.0
2025-11-05 23:00:00,2.6,0.0
2025-11-06 00:00:00,1.7,0.0
2025-11-06 01:00:00,1.3,0.0
2025-11-06 02:00:00,1.2,0.0
2025-11-06 03:00:00,0.9,0.0
2025-11-06 04:00:00,0.8,0.0
2025-11-06 05:00:00,0.8,0.0
2025-11-06 06:00:00,0.6,1.0
2025-11-06 07:00:00,1.5,61.0
2025-11-06 08:00:00,2.3,162.0
2025-11-06 09:00:00,2.9,246.0
2025-11-06 10:00:00,3.0,358.0
2025-11-06 11:00:00,2.6,441.0
2025-11-06 12:00:00,3.7,434.0
2025-11-06 13:00:00,4.7,367.0
2025-11-06 14:00:00,5.4,253.0
2025-11-06 15:00:00,3.3,116.0
2025-11-06 16:00:00,3.0,11.0
2025-11-06 17:00:00,3.5,0.0
2025-11-06 18:00:00,4.2,0.0
2025-11-06 19:00:00,4.7,0.0
2025-11-06 20:00:00,4.9,0.0
2025-11-06 21:00:00,4.9,0.0
2025-11-06 22:00:00,4.9,0.0
2025-11-06 23:00:00,4.7,0.0
2025-11-07 00:00:00,4.3,0.0
2025-11-07 01:00:00,3.8,0.0
2025-11-07 02:00:00,3.9,0.0
2025-11-07 03:00:00,4.0,0.0
2025-11-07 04:00:00,3.8,0.0
2025-11-07 05:00:00,3.4,0.0
2025-11-07 06:00:00,4.0,1.0
2025-11-07 07:00:00,4.4,61.0
2025-11-07 08:00:00,3.1,156.0
2025-11-07 09:00:00,4.6,239.0
2025-11-07 10:00:00,4.6,296.0
2025-11-07 11:00:00,4.3,279.0
2025-11-07 12:00:00,6.6,299.0
2025-11-07 13:00:00,7.4,182.0
2025-11-07 14:00:00,8.9,118.0
2025-11-07 15:00:00,7.2,50.0
2025-11-07 16:00:00,0.7,6.0
2025-11-07 17:00:00,2.1,0.0
2025-11-07 18:00:00,3.5,0.0
2025-11-07 19:00:00,6.0,0.0
2025-11-07 20:00:00,7.5,0.0
2025-11-07 21:00:00,7.6,0.0
2025-11-07 22:00:00,7.1,0.0
2025-11-07 23:00:00,6.5,0.0
2025-11-08 00:00:00,5.7,0.0
2025-11-08 01:00:00,5.2,0.0
2025-11-08 02:00:00,4.2,0.0
2025-11-08 03:00:00,2.9,0.0
2025-11-08 04:00:00,1.2,0.0
2025-11-08 05:00:00,2.0,0.0
2025-11-08 06:00:00,4.1,0.0
2025-11-08 07:00:00,4.9,59.0
2025-11-08 08:00:00,1.7,193.0
2025-11-08 09:00:00,2.3,230.0
2025-11-08 10:00:00,4.8,298.0
2025-11-08 11:00:00,4.8,290.0
2025-11-08 12:00:00,6.4,287.0
2025-11-08 13:00:00,6.9,174.0
2025-11-08 14:00:00,6.0,134.0
2025-11-08 15:00:00,4.8,47.0
2025-11-08 16:00:00,3.8,4.0
2025-11-08 17:00:00,3.4,0.0
2025-11-08 18:00:00,4.4,0.0
2025-11-08 19:00:00,1.3,0.0
2025-11-08 20:00:00,0.9,0.0
2025-11-08 21:00:00,0.4,0.0
2025-11-08 22:00:00,1.2,0.0
2025-11-08 23:00:00,1.1,0.0
2025-11-09 00:00:00,0.4,0.0
2025-11-09 01:00:00,0.9,0.0
2025-11-09 02:00:00,0.9,0.0
2025-11-09 03:00:00,2.0,0.0
2025-11-09 04:00:00,3.3,0.0
2025-11-09 05:00:00,2.3,0.0
2025-11-09 06:00:00,0.9,0.0
2025-11-09 07:00:00,2.0,34.0
2025-11-09 08:00:00,3.9,104.0
2025-11-09 09:00:00,3.9,170.0
2025-11-09 10:00:00,3.9,286.0
2025-11-09 11:00:00,3.3,320.0
2025-11-09 12:00:00,3.0,353.0
2025-11-09 13:00:00,4.3,330.0
2025-11-09 14:00:00,4.9,236.0
2025-11-09 15:00:00,3.9,104.0
2025-11-09 16:00:00,3.1,8.0
2025-11-09 17:00:00,3.4,0.0
2025-11-09 18:00:00,4.7,0.0
2025-11-09 19:00:00,3.8,0.0
2025-11-09 20:00:00,2.8,0.0
2025-11-09 21:00:00,1.2,0.0
2025-11-09 22:00:00,0.9,0.0
2025-11-09 23:00:00,0.7,0.0
2025-11-10 00:00:00,0.7,0.0
2025-11-10 01:00:00,3.1,0.0
2025-11-10 02:00:00,6.1,0.0
2025-11-10 03:00:00,5.6,0.0
2025-11-10 04:00:00,5.1,0.0
2025-11-10 05:00:00,4.1,0.0
2025-11-10 06:00:00,2.7,0.0
2025-11-10 07:00:00,3.9,32.0
2025-11-10 08:00:00,3.3,104.0
2025-11-10 09:00:00,1.3,216.0
2025-11-10 10:00:00,1.5,305.0
2025-11-10 11:00:00,1.7,391.0
2025-11-10 12:00:00,2.6,416.0
2025-11-10 13:00:00,3.1,343.0
2025-11-10 14:00:00,6.0,235.0
2025-11-10 15:00:00,6.4,102.0
2025-11-10 16:00:00,3.8,7.0
2025-11-10 17:00:00,3.3,0.0
2025-11-10 18:00:00,3.6,0.0
2025-11-10 19:00:00,3.1,0.0
2025-11-10 20:00:00,1.5,0.0
2025-11-10 21:00:00,0.7,0.0
2025-11-10 22:00:00,1.8,0.0
2025-11-10 23:00:00,0.7,0.0
2025-11-11 00:00:00,2.2,0.0
2025-11-11 01:00:00,1.3,0.0
2025-11-11 02:00:00,1.9,0.0
2025-11-11 03:00:00,2.0,0.0
2025-11-11 04:00:00,2.1,0.0
2025-11-11 05:00:00,2.1,0.0
2025-11-11 06:00:00,2.1,0.0
2025-11-11 07:00:00,2.1,32.0
2025-11-11 08:00:00,2.4,101.0
2025-11-11 09:00:00,2.3,152.0
2025-11-11 10:00:00,2.7,249.0
2025-11-11 11:00:00,3.7,310.0
2025-11-11 12:00:00,3.7,326.0
2025-11-11 13:00:00,3.9,264.0
2025-11-11 14:00:00,4.8,178.0
2025-11-11 15:00:00,4.7,93.0
2025-11-11 16:00:00,2.9,6.0
2025-11-11 17:00:00,2.5,0.0
2025-11-11 18:00:00,1.8,0.0
2025-11-11 19:00:00,1.4,0.0
2025-11-11 20:00:00,0.4,0.0
2025-11-11 21:00:00,1.5,0.0
2025-11-11 22:00:00,1.8,0.0
2025-11-11 23:00:00,2.4,0.0
2025-11-12 00:00:00,1.7,0.0
2025-11-12 01:00:00,0.9,0.0
2025-11-12 02:00:00,2.2,0.0
2025-11-12 03:00:00,2.8,0.0
2025-11-12 04:00:00,1.9,0.0
2025-11-12 05:00:00,0.5,0.0
2025-11-12 06:00:00,0.4,0.0
2025-11-12 07:00:00,1.8,35.0
2025-11-12 08:00:00,1.2,104.0
2025-11-12 09:00:00,2.7,182.0
2025-11-12 10:00:00,1.6,265.0
2025-11-12 11:00:00,3.9,341.0
2025-11-12 12:00:00,3.4,346.0
2025-11-12 13:00:00,4.3,317.0
2025-11-12 14:00:00,5.0,225.0
2025-11-12 15:00:00,3.1,95.0
2025-11-12 16:00:00,3.9,6.0
2025-11-12 17:00:00,3.5,0.0
2025-11-12 18:00:00,3.3,0.0
2025-11-12 19:00:00,3.1,0.0
2025-11-12 20:00:00,3.6,0.0
2025-11-12 21:00:00,1.8,0.0
2025-11-12 22:00:00,1.5,0.0
2025-11-12 23:00:00,0.9,0.0
2025-11-13 00:00:00,0.6,0.0
2025-11-13 01:00:00,0.4,0.0
2025-11-13 02:00:00,0.9,0.0
2025-11-13 03:00:00,0.6,0.0
2025-11-13 04:00:00,0.8,0.0
2025-11-13 05:00:00,0.0,0.0
2025-11-13 06:00:00,0.8,0.0
2025-11-13 07:00:00,2.1,36.0
2025-11-13 08:00:00,1.4,121.0
2025-11-13 09:00:00,1.7,198.0
2025-11-13 10:00:00,2.1,306.0
2025-11-13 11:00:00,2.8,387.0
2025-11-13 12:00:00,3.8,388.0
2025-11-13 13:00:00,2.5,315.0
2025-11-13 14:00:00,2.3,218.0
2025-11-13 15:00:00,0.7,91.0
2025-11-13 16:00:00,1.1,5.0
2025-11-13 17:00:00,1.5,0.0
2025-11-13 18:00:00,1.3,0.0
2025-11-13 19:00:00,1.9,0.0
2025-11-13 20:00:00,1.9,0.0
2025-11-13 21:00:00,3.3,0.0
2025-11-13 22:00:00,3.6,0.0
2025-11-13 23:00:00,1.9,0.0
2025-11-14 00:00:00,1.5,0.0
2025-11-14 01:00:00,1.3,0.0
2025-11-14 02:00:00,0.8,0.0
2025-11-14 03:00:00,0.6,0.0
2025-11-14 04:00:00,0.5,0.0
2025-11-14 05:00:00,0.7,0.0
2025-11-14 06:00:00,0.7,0.0
2025-11-14 07:00:00,0.9,42.0
2025-11-14 08:00:00,1.9,153.0
2025-11-14 09:00:00,0.5,258.0
2025-11-14 10:00:00,0.6,350.0
2025-11-14 11:00:00,3.1,409.0
2025-11-14 12:00:00,9.3,395.0
2025-11-14 13:00:00,14.9,326.0
2025-11-14 14:00:00,15.1,218.0
2025-11-14 15:00:00,15.2,89.0
2025-11-14 16:00:00,13.2,4.0
2025-11-14 17:00:00,9.7,0.0
2025-11-14 18:00:00,11.5,0.0
2025-11-14 19:00:00,9.5,0.0
2025-11-14 20:00:00,6.4,0.0
2025-11-14 21:00:00,5.1,0.0
2025-11-14 22:00:00,4.0,0.0
2025-11-14 23:00:00,2.6,0.0
2025-11-15 00:00:00,3.4,0.0
2025-11-15 01:00:00,3.2,0.0
2025-11-15 02:00:00,2.2,0.0
2025-11-15 03:00:00,2.7,0.0
2025-11-15 04:00:00,4.3,0.0
2025-11-15 05:00:00,5.2,0.0
2025-11-15 06:00:00,7.0,0.0
2025-11-15 07:00:00,7.0,42.0
2025-11-15 08:00:00,9.2,141.0
2025-11-15 09:00:00,8.0,261.0
2025-11-15 10:00:00,9.3,315.0
2025-11-15 11:00:00,11.5,340.0
2025-11-15 12:00:00,14.8,276.0
2025-11-15 13:00:00,11.3,99.0
2025-11-15 14:00:00,13.2,205.0
2025-11-15 15:00:00,13.0,78.0
2025-11-15 16:00:00,13.7,4.0
2025-11-15 17:00:00,12.9,0.0
2025-11-15 18:00:00,15.6,0.0
2025-11-15 19:00:00,13.2,0.0
2025-11-15 20:00:00,12.6,0.0
2025-11-15 21:00:00,11.2,0.0
2025-11-15 22:00:00,11.7,0.0
2025-11-15 23:00:00,11.2,0.0
2025-11-16 00:00:00,13.6,0.0
2025-11-16 01:00:00,9.4,0.0
2025-11-16 02:00:00,7.5,0.0
2025-11-16 03:00:00,7.4,0.0
2025-11-16 04:00:00,8.9,0.0
2025-11-16 05:00:00,7.0,0.0
2025-11-16 06:00:00,10.9,0.0
2025-11-16 07:00:00,12.9,30.0
2025-11-16 08:00:00,12.5,129.0
2025-11-16 09:00:00,12.5,249.0
2025-11-16 10:00:00,11.5,153.0
2025-11-16 11:00:00,10.4,249.0
2025-11-16 12:00:00,15.2,218.0
2025-11-16 13:00:00,12.7,237.0
2025-11-16 14:00:00,13.8,168.0
2025-11-16 15:00:00,14.6,79.0
2025-11-16 16:00:00,13.0,3.0
2025-11-16 17:00:00,15.4,0.0
2025-11-16 18:00:00,13.7,0.0
2025-11-16 19:00:00,14.4,0.0
2025-11-16 20:00:00,16.5,0.0
2025-11-16 21:00:00,16.9,0.0
2025-11-16 22:00:00,14.3,0.0
2025-11-16 23:00:00,12.8,0.0
2025-11-17 00:00:00,11.2,0.0
2025-11-17 01:00:00,9.5,0.0
2025-11-17 02:00:00,9.6,0.0
2025-11-17 03:00:00,10.6,0.0
2025-11-17 04:00:00,8.1,0.0
2025-11-17 05:00:00,5.9,0.0
2025-11-17 06:00:00,5.2,0.0
2025-11-17 07:00:00,10.3,26.0
2025-11-17 08:00:00,15.6,38.0
2025-11-17 09:00:00,18.4,190.0
2025-11-17 10:00:00,18.7,202.0
2025-11-17 11:00:00,23.7,255.0
2025-11-17 12:00:00,21.1,318.0
2025-11-17 13:00:00,15.3,235.0
2025-11-17 14:00:00,10.3,147.0
2025-11-17 15:00:00,9.4,37.0
2025-11-17 16:00:00,5.3,3.0
2025-11-17 17:00:00,4.8,0.0
2025-11-17 18:00:00,8.8,0.0
2025-11-17 19:00:00,12.3,0.0
2025-11-17 20:00:00,8.8,0.0
2025-11-17 21:00:00,21.3,0.0
2025-11-17 22:00:00,27.4,0.0
2025-11-17 23:00:00,13.6,0.0
2025-11-18 00:00:00,3.8,0.0
2025-11-18 01:00:00,1.4,0.0
2025-11-18 02:00:00,5.3,0.0
2025-11-18 03:00:00,3.8,0.0
2025-11-18 04:00:00,3.1,0.0
2025-11-18 05:00:00,3.3,0.0
2025-11-18 06:00:00,5.2,0.0
2025-11-18 07:00:00,4.4,11.0
2025-11-18 08:00:00,3.2,71.0
2025-11-18 09:00:00,2.8,128.0
2025-11-18 10:00:00,5.4,164.0
2025-11-18 11:00:00,8.6,162.0
2025-11-18 12:00:00,6.8,149.0
2025-11-18 13:00:00,9.0,119.0
2025-11-18 14:00:00,6.6,58.0
2025-11-18 15:00:00,3.8,21.0
2025-11-18 16:00:00,2.3,1.0
2025-11-18 17:00:00,4.0,0.0
2025-11-18 18:00:00,3.8,0.0
2025-11-18 19:00:00,5.0,0.0
2025-11-18 20:00:00,5.3,0.0
2025-11-18 21:00:00,5.2,0.0
2025-11-18 22:00:00,4.5,0.0
2025-11-18 23:00:00,4.5,0.0
2025-11-19 00:00:00,4.7,0.0
2025-11-19 01:00:00,4.8,0.0
2025-11-19 02:00:00,3.9,0.0
2025-11-19 03:00:00,4.0,0.0
2025-11-19 04:00:00,3.5,0.0
2025-11-19 05:00:00,4.1,0.0
2025-11-19 06:00:00,3.8,0.0
2025-11-19 07:00:00,3.6,13.0
2025-11-19 08:00:00,3.6,58.0
2025-11-19 09:00:00,3.4,121.0
2025-11-19 10:00:00,4.8,164.0
2025-11-19 11:00:00,5.3,156.0
2025-11-19 12:00:00,5.2,135.0
2025-11-19 13:00:00,3.9,96.0
2025-11-19 14:00:00,2.8,52.0
2025-11-19 15:00:00,1.9,31.0
2025-11-19 16:00:00,3.7,1.0
2025-11-19 17:00:00,4.6,0.0
2025-11-19 18:00:00,4.5,0.0
2025-11-19 19:00:00,3.8,0.0
2025-11-19 20:00:00,3.8,0.0
2025-11-19 21:00:00,3.3,0.0
2025-11-19 22:00:00,3.8,0.0
2025-11-19 23:00:00,4.2,0.0
2025-11-20 00:00:00,3.4,0.0
2025-11-20 01:00:00,3.8,0.0
2025-11-20 02:00:00,3.6,0.0
2025-11-20 03:00:00,3.3,0.0
2025-11-20 04:00:00,3.2,0.0
2025-11-20 05:00:00,6.3,0.0
2025-11-20 06:00:00,8.3,0.0
2025-11-20 07:00:00,6.6,27.0
2025-11-20 08:00:00,3.7,98.0
2025-11-20 09:00:00,1.5,177.0
2025-11-20 10:00:00,3.6,115.0
2025-11-20 11:00:00,4.1,240.0
2025-11-20 12:00:00,2.8,355.0
2025-11-20 13:00:00,5.5,273.0
2025-11-20 14:00:00,7.0,49.0
2025-11-20 15:00:00,7.4,15.0
2025-11-20 16:00:00,11.9,0.0
2025-11-20 17:00:00,9.6,0.0
2025-11-20 18:00:00,10.3,0.0
2025-11-20 19:00:00,10.8,0.0
2025-11-20 20:00:00,14.5,0.0
2025-11-20 21:00:00,13.6,0.0
2025-11-20 22:00:00,11.8,0.0
2025-11-20 23:00:00,8.8,0.0
2025-11-21 00:00:00,11.5,0.0
2025-11-21 01:00:00,7.6,0.0
2025-11-21 02:00:00,4.0,0.0
2025-11-21 03:00:00,5.2,0.0
2025-11-21 04:00:00,4.7,0.0
2025-11-21 05:00:00,5.0,0.0
2025-11-21 06:00:00,7.7,0.0
2025-11-21 07:00:00,7.9,10.0
2025-11-21 08:00:00,7.3,35.0
2025-11-21 09:00:00,6.4,47.0
2025-11-21 10:00:00,9.0,84.0
2025-11-21 11:00:00,10.8,79.0
2025-11-21 12:00:00,10.9,81.0
2025-11-21 13:00:00,11.1,73.0
2025-11-21 14:00:00,10.2,41.0
2025-11-21 15:00:00,10.2,19.0
2025-11-21 16:00:00,11.1,1.0
2025-11-21 17:00:00,11.8,0.0
2025-11-21 18:00:00,10.2,0.0
2025-11-21 19:00:00,11.7,0.0
2025-11-21 20:00:00,9.7,0.0
2025-11-21 21:00:00,13.6,0.0
2025-11-21 22:00:00,15.0,0.0
2025-11-21 23:00:00,17.1,0.0
2025-11-22 00:00:00,16.1,0.0
2025-11-22 01:00:00,18.2,0.0
2025-11-22 02:00:00,18.8,0.0
2025-11-22 03:00:00,16.5,0.0
2025-11-22 04:00:00,15.5,0.0
2025-11-22 05:00:00,15.6,0.0
2025-11-22 06:00:00,12.9,0.0
2025-11-22 07:00:00,13.8,3.0
2025-11-22 08:00:00,16.3,18.0
2025-11-22 09:00:00,12.0,40.0
2025-11-22 10:00:00,10.8,69.0
2025-11-22 11:00:00,14.1,64.0
2025-11-22 12:00:00,16.2,82.0
2025-11-22 13:00:00,19.6,48.0
2025-11-22 14:00:00,17.7,40.0
2025-11-22 15:00:00,18.1,22.0
2025-11-22 16:00:00,16.9,1.0
2025-11-22 17:00:00,16.8,0.0
2025-11-22 18:00:00,12.5,0.0
2025-11-22 19:00:00,8.0,0.0
2025-11-22 20:00:00,8.2,0.0
2025-11-22 21:00:00,7.4,0.0
2025-11-22 22:00:00,4.0,0.0
2025-11-22 23:00:00,2.9,0.0
2025-11-23 00:00:00,1.2,0.0
2025-11-23 01:00:00,2.7,0.0
2025-11-23 02:00:00,2.8,0.0
2025-11-23 03:00:00,2.6,0.0
2025-11-23 04:00:00,1.4,0.0
2025-11-23 05:00:00,1.8,0.0
2025-11-23 06:00:00,2.2,0.0
2025-11-23 07:00:00,2.8,30.0
2025-11-23 08:00:00,2.5,145.0
2025-11-23 09:00:00,3.1,258.0
2025-11-23 10:00:00,2.4,356.0
2025-11-23 11:00:00,4.2,397.0
2025-11-23 12:00:00,8.1,385.0
2025-11-23 13:00:00,8.0,320.0
2025-11-23 14:00:00,6.0,213.0
2025-11-23 15:00:00,5.6,78.0
2025-11-23 16:00:00,4.5,2.0
2025-11-23 17:00:00,5.8,0.0
2025-11-23 18:00:00,5.8,0.0
2025-11-23 19:00:00,6.1,0.0
2025-11-23 20:00:00,5.2,0.0
2025-11-23 21:00:00,4.3,0.0
2025-11-23 22:00:00,5.4,0.0
2025-11-23 23:00:00,4.7,0.0
2025-11-24 00:00:00,4.4,0.0
2025-11-24 01:00:00,5.3,0.0
2025-11-24 02:00:00,5.9,0.0
2025-11-24 03:00:00,5.9,0.0
2025-11-24 04:00:00,5.5,0.0
2025-11-24 05:00:00,5.2,0.0
2025-11-24 06:00:00,5.4,0.0
2025-11-24 07:00:00,5.1,15.0
2025-11-24 08:00:00,5.8,81.0
2025-11-24 09:00:00,3.8,166.0
2025-11-24 10:00:00,4.4,191.0
2025-11-24 11:00:00,7.1,238.0
2025-11-24 12:00:00,9.4,211.0
2025-11-24 13:00:00,10.3,189.0
2025-11-24 14:00:00,8.6,112.0
2025-11-24 15:00:00,8.9,48.0
2025-11-24 16:00:00,8.4,1.0
2025-11-24 17:00:00,5.7,0.0
2025-11-24 18:00:00,7.1,0.0
2025-11-24 19:00:00,8.2,0.0
2025-11-24 20:00:00,9.2,0.0
2025-11-24 21:00:00,9.2,0.0
2025-11-24 22:00:00,7.4,0.0
2025-11-24 23:00:00,9.0,0.0
2025-11-25 00:00:00,7.6,0.0
2025-11-25 01:00:00,11.2,0.0
2025-11-25 02:00:00,10.7,0.0
2025-11-25 03:00:00,6.0,0.0
2025-11-25 04:00:00,5.8,0.0
2025-11-25 05:00:00,9.0,0.0
2025-11-25 06:00:00,5.3,0.0
2025-11-25 07:00:00,10.3,9.0
2025-11-25 08:00:00,11.2,56.0
2025-11-25 09:00:00,7.7,163.0
2025-11-25 10:00:00,5.3,48.0
2025-11-25 11:00:00,3.4,38.0
2025-11-25 12:00:00,3.7,26.0
2025-11-25 13:00:00,1.8,19.0
2025-11-25 14:00:00,5.0,16.0
2025-11-25 15:00:00,2.7,8.0
2025-11-25 16:00:00,1.1,0.0
2025-11-25 17:00:00,9.5,0.0
2025-11-25 18:00:00,10.1,0.0
2025-11-25 19:00:00,16.7,0.0
2025-11-25 20:00:00,17.6,0.0
2025-11-25 21:00:00,13.8,0.0
2025-11-25 22:00:00,9.6,0.0
2025-11-25 23:00:00,6.4,0.0
2025-11-26 00:00:00,2.7,0.0
2025-11-26 01:00:00,2.2,0.0
2025-11-26 02:00:00,3.6,0.0
2025-11-26 03:00:00,3.6,0.0
2025-11-26 04:00:00,5.2,0.0
2025-11-26 05:00:00,5.6,0.0
2025-11-26 06:00:00,3.6,0.0
2025-11-26 07:00:00,1.6,5.0
2025-11-26 08:00:00,4.7,36.0
2025-11-26 09:00:00,2.9,72.0
2025-11-26 10:00:00,3.3,129.0
2025-11-26 11:00:00,3.1,206.0
2025-11-26 12:00:00,0.7,245.0
2025-11-26 13:00:00,1.8,127.0
2025-11-26 14:00:00,3.6,68.0
2025-11-26 15:00:00,4.7,29.0
2025-11-26 16:00:00,5.2,1.0
2025-11-26 17:00:00,5.2,0.0
2025-11-26 18:00:00,8.6,0.0
2025-11-26 19:00:00,7.7,0.0
2025-11-26 20:00:00,10.1,0.0
2025-11-26 21:00:00,9.2,0.0
2025-11-26 22:00:00,7.5,0.0
2025-11-26 23:00:00,5.9,0.0
2025-11-27 00:00:00,12.3,0.0
2025-11-27 01:00:00,11.1,0.0
2025-11-27 02:00:00,9.2,0.0
2025-11-27 03:00:00,4.7,0.0
2025-11-27 04:00:00,4.5,0.0
2025-11-27 05:00:00,4.0,0.0
2025-11-27 06:00:00,4.6,0.0
2025-11-27 07:00:00,8.7,14.0
2025-11-27 08:00:00,12.2,102.0
2025-11-27 09:00:00,9.0,196.0
2025-11-27 10:00:00,20.8,287.0
2025-11-27 11:00:00,19.4,265.0
2025-11-27 12:00:00,19.5,238.0
2025-11-27 13:00:00,18.1,128.0
2025-11-27 14:00:00,15.8,102.0
2025-11-27 15:00:00,14.2,34.0
2025-11-27 16:00:00,11.2,1.0
2025-11-27 17:00:00,11.2,0.0
2025-11-27 18:00:00,12.0,0.0
2025-11-27 19:00:00,11.2,0.0
2025-11-27 20:00:00,12.1,0.0
2025-11-27 21:00:00,10.2,0.0
2025-11-27 22:00:00,9.3,0.0
2025-11-27 23:00:00,8.6,0.0
2025-11-28 00:00:00,12.2,0.0
2025-11-28 01:00:00,10.5,0.0
2025-11-28 02:00:00,8.0,0.0
2025-11-28 03:00:00,6.0,0.0
2025-11-28 04:00:00,5.1,0.0
2025-11-28 05:00:00,4.4,0.0
2025-11-28 06:00:00,6.1,0.0
2025-11-28 07:00:00,6.7,16.0
2025-11-28 08:00:00,4.7,91.0
2025-11-28 09:00:00,3.2,166.0
2025-11-28 10:00:00,1.3,237.0
2025-11-28 11:00:00,0.6,336.0
2025-11-28 12:00:00,4.3,372.0
2025-11-28 13:00:00,5.0,220.0
2025-11-28 14:00:00,5.1,160.0
2025-11-28 15:00:00,2.9,46.0
2025-11-28 16:00:00,3.1,1.0
2025-11-28 17:00:00,1.5,0.0
2025-11-28 18:00:00,3.4,0.0
2025-11-28 19:00:00,3.7,0.0
2025-11-28 20:00:00,4.9,0.0
2025-11-28 21:00:00,2.6,0.0
2025-11-28 22:00:00,2.0,0.0
2025-11-28 23:00:00,3.5,0.0
2025-11-29 00:00:00,4.9,0.0
2025-11-29 01:00:00,4.4,0.0
2025-11-29 02:00:00,5.6,0.0
2025-11-29 03:00:00,5.0,0.0
2025-11-29 04:00:00,4.8,0.0
2025-11-29 05:00:00,3.3,0.0
2025-11-29 06:00:00,5.0,0.0
2025-11-29 07:00:00,5.8,15.0
2025-11-29 08:00:00,4.7,71.0
2025-11-29 09:00:00,2.6,147.0
2025-11-29 10:00:00,3.2,279.0
2025-11-29 11:00:00,3.7,292.0
2025-11-29 12:00:00,2.5,242.0
2025-11-29 13:00:00,1.0,175.0
2025-11-29 14:00:00,0.6,106.0
2025-11-29 15:00:00,0.7,58.0
2025-11-29 16:00:00,0.3,1.0
2025-11-29 17:00:00,0.8,0.0
2025-11-29 18:00:00,0.8,0.0
2025-11-29 19:00:00,1.1,0.0
2025-11-29 20:00:00,1.9,0.0
2025-11-29 21:00:00,1.4,0.0
2025-11-29 22:00:00,1.4,0.0
2025-11-29 23:00:00,2.6,0.0
2025-11-30 00:00:00,3.4,0.0
2025-11-30 01:00:00,4.1,0.0
2025-11-30 02:00:00,4.3,0.0
2025-11-30 03:00:00,2.9,0.0
2025-11-30 04:00:00,2.4,0.0
2025-11-30 05:00:00,1.5,0.0
2025-11-30 06:00:00,1.0,0.0
2025-11-30 07:00:00,3.6,17.0
2025-11-30 08:00:00,5.2,121.0
2025-11-30 09:00:00,2.9,236.0
2025-11-30 10:00:00,2.4,319.0
2025-11-30 11:00:00,3.6,358.0
2025-11-30 12:00:00,4.5,346.0
2025-11-30 13:00:00,3.1,285.0
2025-11-30 14:00:00,1.1,182.0
2025-11-30 15:00:00,0.9,62.0
2025-11-30 16:00:00,1.0,1.0
2025-11-30 17:00:00,1.8,0.0
2025-11-30 18:00:00,1.8,0.0
2025-11-30 19:00:00,0.0,0.0
2025-11-30 20:00:00,2.3,0.0
2025-11-30 21:00:00,3.4,0.0
2025-11-30 22:00:00,2.9,0.0
2025-11-30 23:00:00,2.2,0.0
2025-12-01 00:00:00,3.3,0.0
2025-12-01 01:00:00,3.9,0.0
2025-12-01 02:00:00,4.9,0.0
2025-12-01 03:00:00,4.4,0.0
2025-12-01 04:00:00,4.3,0.0
2025-12-01 05:00:00,4.7,0.0
2025-12-01 06:00:00,5.3,0.0
2025-12-01 07:00:00,6.3,12.0
2025-12-01 08:00:00,4.7,87.0
2025-12-01 09:00:00,2.2,153.0
2025-12-01 10:00:00,0.9,234.0
2025-12-01 11:00:00,1.1,265.0
2025-12-01 12:00:00,2.2,243.0
2025-12-01 13:00:00,4.2,200.0
2025-12-01 14:00:00,3.6,133.0
2025-12-01 15:00:00,3.4,42.0
2025-12-01 16:00:00,2.5,0.0
2025-12-01 17:00:00,1.4,0.0
2025-12-01 18:00:00,1.4,0.0
2025-12-01 19:00:00,1.4,0.0
2025-12-01 20:00:00,1.3,0.0
2025-12-01 21:00:00,0.9,0.0
2025-12-01 22:00:00,0.9,0.0
2025-12-01 23:00:00,0.7,0.0
2025-12-02 00:00:00,3.2,0.0
2025-12-02 01:00:00,3.6,0.0
2025-12-02 02:00:00,3.2,0.0
2025-12-02 03:00:00,2.7,0.0
2025-12-02 04:00:00,2.2,0.0
2025-12-02 05:00:00,2.8,0.0
2025-12-02 06:00:00,3.7,0.0
2025-12-02 07:00:00,3.9,7.0
2025-12-02 08:00:00,4.3,47.0
2025-12-02 09:00:00,4.8,95.0
2025-12-02 10:00:00,4.2,131.0
2025-12-02 11:00:00,3.9,173.0
2025-12-02 12:00:00,5.1,104.0
2025-12-02 13:00:00,5.1,89.0
2025-12-02 14:00:00,4.9,66.0
2025-12-02 15:00:00,3.2,23.0
2025-12-02 16:00:00,2.7,0.0
2025-12-02 17:00:00,3.1,0.0
2025-12-02 18:00:00,2.2,0.0
2025-12-02 19:00:00,3.8,0.0
2025-12-02 20:00:00,3.3,0.0
2025-12-02 21:00:00,4.4,0.0
2025-12-02 22:00:00,4.3,0.0
2025-12-02 23:00:00,3.8,0.0
2025-12-03 00:00:00,3.0,0.0
2025-12-03 01:00:00,4.6,0.0
2025-12-03 02:00:00,4.7,0.0
2025-12-03 03:00:00,3.3,0.0
2025-12-03 04:00:00,4.6,0.0
2025-12-03 05:00:00,5.4,0.0
2025-12-03 06:00:00,2.1,0.0
2025-12-03 07:00:00,4.5,3.0
2025-12-03 08:00:00,4.8,35.0
2025-12-03 09:00:00,5.2,60.0
2025-12-03 10:00:00,4.6,82.0
2025-12-03 11:00:00,3.3,105.0
2025-12-03 12:00:00,0.4,140.0
2025-12-03 13:00:00,0.4,101.0
2025-12-03 14:00:00,3.6,75.0
2025-12-03 15:00:00,4.3,20.0
2025-12-03 16:00:00,3.1,0.0
2025-12-03 17:00:00,1.3,0.0
2025-12-03 18:00:00,0.4,0.0
2025-12-03 19:00:00,2.1,0.0
2025-12-03 20:00:00,1.4,0.0
2025-12-03 21:00:00,0.5,0.0
2025-12-03 22:00:00,0.9,0.0
2025-12-03 23:00:00,1.9,0.0
2025-12-04 00:00:00,2.4,0.0
2025-12-04 01:00:00,2.3,0.0
2025-12-04 02:00:00,3.4,0.0
2025-12-04 03:00:00,2.0,0.0
2025-12-04 04:00:00,3.1,0.0
2025-12-04 05:00:00,3.1,0.0
2025-12-04 06:00:00,3.1,0.0
2025-12-04 07:00:00,4.2,4.0
2025-12-04 08:00:00,3.9,22.0
2025-12-04 09:00:00,5.0,42.0
2025-12-04 10:00:00,6.1,62.0
2025-12-04 11:00:00,6.0,71.0
2025-12-04 12:00:00,7.6,76.0
2025-12-04 13:00:00,8.2,52.0
2025-12-04 14:00:00,6.7,30.0
2025-12-04 15:00:00,6.4,8.0
2025-12-04 16:00:00,5.3,0.0
2025-12-04 17:00:00,6.0,0.0
2025-12-04 18:00:00,6.5,0.0
2025-12-04 19:00:00,7.0,0.0
2025-12-04 20:00:00,7.4,0.0
2025-12-04 21:00:00,7.1,0.0
2025-12-04 22:00:00,8.5,0.0
2025-12-04 23:00:00,8.2,0.0
2025-12-05 00:00:00,6.7,0.0
2025-12-05 01:00:00,6.1,0.0
2025-12-05 02:00:00,6.5,0.0
2025-12-05 03:00:00,6.0,0.0
2025-12-05 04:00:00,5.6,0.0
2025-12-05 05:00:00,4.1,0.0
2025-12-05 06:00:00,4.2,0.0
2025-12-05 07:00:00,4.5,5.0
2025-12-05 08:00:00,4.1,51.0
2025-12-05 09:00:00,2.9,130.0
2025-12-05 10:00:00,1.8,264.0
2025-12-05 11:00:00,0.9,252.0
2025-12-05 12:00:00,3.3,198.0
2025-12-05 13:00:00,3.6,130.0
2025-12-05 14:00:00,3.1,63.0
2025-12-05 15:00:00,0.9,20.0
2025-12-05 16:00:00,1.5,0.0
2025-12-05 17:00:00,2.2,0.0
2025-12-05 18:00:00,2.4,0.0
2025-12-05 19:00:00,3.8,0.0
2025-12-05 20:00:00,5.2,0.0
2025-12-05 21:00:00,7.0,0.0
2025-12-05 22:00:00,9.4,0.0
2025-12-05 23:00:00,9.8,0.0
2025-12-06 00:00:00,9.4,0.0
2025-12-06 01:00:00,10.1,0.0
2025-12-06 02:00:00,10.6,0.0
2025-12-06 03:00:00,10.8,0.0
2025-12-06 04:00:00,9.6,0.0
2025-12-06 05:00:00,9.0,0.0
2025-12-06 06:00:00,9.3,0.0
2025-12-06 07:00:00,9.0,1.0
2025-12-06 08:00:00,8.1,14.0
2025-12-06 09:00:00,7.1,41.0
2025-12-06 10:00:00,7.2,81.0
2025-12-06 11:00:00,6.8,127.0
2025-12-06 12:00:00,6.8,87.0
2025-12-06 13:00:00,6.4,59.0
2025-12-06 14:00:00,4.8,43.0
2025-12-06 15:00:00,2.5,21.0
2025-12-06 16:00:00,3.9,0.0
2025-12-06 17:00:00,3.8,0.0
2025-12-06 18:00:00,4.2,0.0
2025-12-06 19:00:00,4.9,0.0
2025-12-06 20:00:00,4.3,0.0
2025-12-06 21:00:00,4.5,0.0
2025-12-06 22:00:00,4.6,0.0
2025-12-06 23:00:00,4.0,0.0
2025-12-07 00:00:00,4.1,0.0
2025-12-07 01:00:00,4.2,0.0
2025-12-07 02:00:00,3.2,0.0
2025-12-07 03:00:00,4.0,0.0
2025-12-07 04:00:00,3.4,0.0
2025-12-07 05:00:00,3.1,0.0
2025-12-07 06:00:00,4.3,0.0
2025-12-07 07:00:00,4.0,4.0
2025-12-07 08:00:00,4.5,49.0
2025-12-07 09:00:00,5.7,121.0
2025-12-07 10:00:00,6.2,170.0
2025-12-07 11:00:00,4.5,192.0
2025-12-07 12:00:00,2.7,209.0
2025-12-07 13:00:00,2.0,197.0
2025-12-07 14:00:00,1.7,154.0
2025-12-07 15:00:00,3.7,52.0
2025-12-07 16:00:00,4.6,0.0
2025-12-07 17:00:00,1.7,0.0
2025-12-07 18:00:00,1.0,0.0
2025-12-07 19:00:00,0.4,0.0
2025-12-07 20:00:00,0.6,0.0
2025-12-07 21:00:00,0.9,0.0
2025-12-07 22:00:00,1.3,0.0
2025-12-07 23:00:00,2.9,0.0
2025-12-08 00:00:00,1.0,0.0
2025-12-08 01:00:00,2.2,0.0
2025-12-08 02:00:00,2.5,0.0
2025-12-08 03:00:00,2.1,0.0
2025-12-08 04:00:00,3.0,0.0
2025-12-08 05:00:00,2.3,0.0
2025-12-08 06:00:00,2.4,0.0
2025-12-08 07:00:00,0.9,1.0
2025-12-08 08:00:00,3.3,15.0
2025-12-08 09:00:00,3.3,106.0
2025-12-08 10:00:00,2.6,162.0
2025-12-08 11:00:00,1.5,54.0
2025-12-08 12:00:00,3.6,60.0
2025-12-08 13:00:00,3.1,178.0
2025-12-08 14:00:00,3.3,137.0
2025-12-08 15:00:00,1.4,52.0
2025-12-08 16:00:00,0.6,0.0
2025-12-08 17:00:00,0.8,0.0
2025-12-08 18:00:00,0.8,0.0
2025-12-08 19:00:00,0.6,0.0
2025-12-08 20:00:00,0.7,0.0
2025-12-08 21:00:00,1.7,0.0
2025-12-08 22:00:00,1.3,0.0
2025-12-08 23:00:00,1.3,0.0
2025-12-09 00:00:00,0.0,0.0
2025-12-09 01:00:00,0.4,0.0
2025-12-09 02:00:00,2.7,0.0
2025-12-09 03:00:00,2.7,0.0
2025-12-09 04:00:00,2.0,0.0
2025-12-09 05:00:00,4.4,0.0
2025-12-09 06:00:00,2.4,0.0
2025-12-09 07:00:00,1.1,6.0
2025-12-09 08:00:00,0.9,69.0
2025-12-09 09:00:00,0.2,142.0
2025-12-09 10:00:00,2.7,204.0
2025-12-09 11:00:00,4.5,245.0
2025-12-09 12:00:00,2.1,291.0
2025-12-09 13:00:00,1.3,258.0
2025-12-09 14:00:00,2.2,162.0
2025-12-09 15:00:00,2.3,53.0
2025-12-09 16:00:00,2.2,0.0
2025-12-09 17:00:00,1.7,0.0
2025-12-09 18:00:00,3.4,0.0
2025-12-09 19:00:00,4.9,0.0
2025-12-09 20:00:00,5.3,0.0
2025-12-09 21:00:00,5.7,0.0
2025-12-09 22:00:00,5.7,0.0
2025-12-09 23:00:00,4.8,0.0
2025-12-10 00:00:00,4.5,0.0
2025-12-10 01:00:00,4.7,0.0
2025-12-10 02:00:00,5.1,0.0
2025-12-10 03:00:00,5.1,0.0
2025-12-10 04:00:00,6.0,0.0
2025-12-10 05:00:00,6.2,0.0
2025-12-10 06:00:00,4.7,0.0
2025-12-10 07:00:00,6.1,8.0
2025-12-10 08:00:00,7.1,85.0
2025-12-10 09:00:00,6.6,192.0
2025-12-10 10:00:00,3.9,282.0
2025-12-10 11:00:00,2.6,338.0
2025-12-10 12:00:00,2.3,329.0
2025-12-10 13:00:00,2.3,270.0
2025-12-10 14:00:00,0.7,171.0
2025-12-10 15:00:00,1.1,56.0
2025-12-10 16:00:00,1.7,0.0
2025-12-10 17:00:00,1.8,0.0
2025-12-10 18:00:00,2.3,0.0
2025-12-10 19:00:00,2.7,0.0
2025-12-10 20:00:00,3.5,0.0
2025-12-10 21:00:00,2.9,0.0
2025-12-10 22:00:00,1.7,0.0
2025-12-10 23:00:00,0.8,0.0
2025-12-11 00:00:00,2.0,0.0
2025-12-11 01:00:00,2.0,0.0
2025-12-11 02:00:00,4.3,0.0
2025-12-11 03:00:00,3.6,0.0
2025-12-11 04:00:00,3.8,0.0
2025-12-11 05:00:00,3.6,0.0
2025-12-11 06:00:00,2.7,0.0
2025-12-11 07:00:00,3.0,5.0
2025-12-11 08:00:00,4.1,49.0
2025-12-11 09:00:00,3.7,107.0
2025-12-11 10:00:00,3.3,168.0
2025-12-11 11:00:00,2.2,225.0
2025-12-11 12:00:00,2.0,234.0
2025-12-11 13:00:00,1.8,230.0
2025-12-11 14:00:00,2.7,140.0
2025-12-11 15:00:00,2.6,45.0
2025-12-11 16:00:00,1.1,0.0
2025-12-11 17:00:00,1.2,0.0
2025-12-11 18:00:00,2.3,0.0
2025-12-11 19:00:00,3.6,0.0
2025-12-11 20:00:00,4.1,0.0
2025-12-11 21:00:00,5.3,0.0
2025-12-11 22:00:00,4.0,0.0
2025-12-11 23:00:00,2.9,0.0
2025-12-12 00:00:00,4.0,0.0
2025-12-12 01:00:00,4.6,0.0
2025-12-12 02:00:00,1.8,0.0
2025-12-12 03:00:00,1.1,0.0
2025-12-12 04:00:00,0.9,0.0
2025-12-12 05:00:00,1.8,0.0
2025-12-12 06:00:00,2.8,0.0
2025-12-12 07:00:00,3.1,4.0
2025-12-12 08:00:00,4.7,55.0
2025-12-12 09:00:00,3.0,126.0
2025-12-12 10:00:00,1.4,199.0
2025-12-12 11:00:00,2.2,271.0
2025-12-12 12:00:00,1.4,262.0
2025-12-12 13:00:00,3.4,176.0
2025-12-12 14:00:00,3.6,108.0
2025-12-12 15:00:00,3.2,37.0
2025-12-12 16:00:00,0.9,0.0
2025-12-12 17:00:00,0.6,0.0
2025-12-12 18:00:00,0.7,0.0
2025-12-12 19:00:00,0.2,0.0
2025-12-12 20:00:00,0.3,0.0
2025-12-12 21:00:00,0.3,0.0
2025-12-12 22:00:00,0.2,0.0
2025-12-12 23:00:00,0.4,0.0
