time,windspeed_10m,shortwave_radiation
2022-12-31 00:00:00,6.2,0.0
2022-12-31 01:00:00,6.4,0.0
2022-12-31 02:00:00,7.5,0.0
2022-12-31 03:00:00,7.8,0.0
2022-12-31 04:00:00,7.2,0.0
2022-12-31 05:00:00,5.9,0.0
2022-12-31 06:00:00,4.7,0.0
2022-12-31 07:00:00,3.4,3.0
2022-12-31 08:00:00,4.5,78.0
2022-12-31 09:00:00,4.6,203.0
2022-12-31 10:00:00,4.3,311.0
2022-12-31 11:00:00,5.2,377.0
2022-12-31 12:00:00,4.1,389.0
2022-12-31 13:00:00,3.4,306.0
2022-12-31 14:00:00,2.3,225.0
2022-12-31 15:00:00,2.9,127.0
2022-12-31 16:00:00,2.9,21.0
2022-12-31 17:00:00,5.1,0.0
2022-12-31 18:00:00,5.1,0.0
2022-12-31 19:00:00,2.2,0.0
2022-12-31 20:00:00,4.2,0.0
2022-12-31 21:00:00,5.0,0.0
2022-12-31 22:00:00,4.8,0.0
2022-12-31 23:00:00,5.7,0.0
2023-01-01 00:00:00,5.9,0.0
2023-01-01 01:00:00,5.4,0.0
2023-01-01 02:00:00,5.3,0.0
2023-01-01 03:00:00,5.8,0.0
2023-01-01 04:00:00,7.9,0.0
2023-01-01 05:00:00,6.8,0.0
2023-01-01 06:00:00,6.8,0.0
2023-01-01 07:00:00,7.1,3.0
2023-01-01 08:00:00,6.3,69.0
2023-01-01 09:00:00,6.9,171.0
2023-01-01 10:00:00,6.9,316.0
2023-01-01 11:00:00,6.5,378.0
2023-01-01 12:00:00,5.5,387.0
2023-01-01 13:00:00,3.2,319.0
2023-01-01 14:00:00,3.3,225.0
2023-01-01 15:00:00,3.6,128.0
2023-01-01 16:00:00,6.0,23.0
2023-01-01 17:00:00,5.4,0.0
2023-01-01 18:00:00,2.9,0.0
2023-01-01 19:00:00,2.9,0.0
2023-01-01 20:00:00,5.6,0.0
2023-01-01 21:00:00,6.4,0.0
2023-01-01 22:00:00,5.4,0.0
2023-01-01 23:00:00,3.8,0.0
2023-01-02 00:00:00,7.5,0.0
2023-01-02 01:00:00,5.7,0.0
2023-01-02 02:00:00,5.0,0.0
2023-01-02 03:00:00,5.6,0.0
2023-01-02 04:00:00,6.1,0.0
2023-01-02 05:00:00,6.5,0.0
2023-01-02 06:00:00,6.4,0.0
2023-01-02 07:00:00,7.2,2.0
2023-01-02 08:00:00,7.6,64.0
2023-01-02 09:00:00,7.7,148.0
2023-01-02 10:00:00,6.2,257.0
2023-01-02 11:00:00,4.7,309.0
2023-01-02 12:00:00,5.8,296.0
2023-01-02 13:00:00,5.0,228.0
2023-01-02 14:00:00,4.0,136.0
2023-01-02 15:00:00,3.8,93.0
2023-01-02 16:00:00,4.6,21.0
2023-01-02 17:00:00,4.2,0.0
2023-01-02 18:00:00,4.3,0.0
2023-01-02 19:00:00,4.4,0.0
2023-01-02 20:00:00,6.2,0.0
2023-01-02 21:00:00,5.0,0.0
2023-01-02 22:00:00,5.6,0.0
2023-01-02 23:00:00,4.4,0.0
2023-01-03 00:00:00,5.7,0.0
2023-01-03 01:00:00,5.1,0.0
2023-01-03 02:00:00,6.1,0.0
2023-01-03 03:00:00,7.9,0.0
2023-01-03 04:00:00,7.6,0.0
2023-01-03 05:00:00,7.3,0.0
2023-01-03 06:00:00,6.4,0.0
2023-01-03 07:00:00,7.4,2.0
2023-01-03 08:00:00,6.1,54.0
2023-01-03 09:00:00,4.2,126.0
2023-01-03 10:00:00,3.6,268.0
2023-01-03 11:00:00,2.2,321.0
2023-01-03 12:00:00,3.6,284.0
2023-01-03 13:00:00,3.3,254.0
2023-01-03 14:00:00,2.6,192.0
2023-01-03 15:00:00,3.3,88.0
2023-01-03 16:00:00,1.3,20.0
2023-01-03 17:00:00,4.0,0.0
2023-01-03 18:00:00,5.2,0.0
2023-01-03 19:00:00,4.8,0.0
2023-01-03 20:00:00,5.2,0.0
2023-01-03 21:00:00,4.7,0.0
2023-01-03 22:00:00,6.0,0.0
2023-01-03 23:00:00,6.1,0.0
2023-01-04 00:00:00,4.9,0.0
2023-01-04 01:00:00,4.2,0.0
2023-01-04 02:00:00,6.4,0.0
2023-01-04 03:00:00,3.8,0.0
2023-01-04 04:00:00,4.8,0.0
2023-01-04 05:00:00,6.7,0.0
2023-01-04 06:00:00,5.8,0.0
2023-01-04 07:00:00,4.4,3.0
2023-01-04 08:00:00,5.4,77.0
2023-01-04 09:00:00,6.2,202.0
2023-01-04 10:00:00,6.6,287.0
2023-01-04 11:00:00,4.9,370.0
2023-01-04 12:00:00,4.0,393.0
2023-01-04 13:00:00,4.0,344.0
2023-01-04 14:00:00,1.8,246.0
2023-01-04 15:00:00,0.7,129.0
2023-01-04 16:00:00,1.1,26.0
2023-01-04 17:00:00,2.5,0.0
2023-01-04 18:00:00,2.3,0.0
2023-01-04 19:00:00,6.0,0.0
2023-01-04 20:00:00,7.5,0.0
2023-01-04 21:00:00,8.1,0.0
2023-01-04 22:00:00,7.4,0.0
2023-01-04 23:00:00,7.7,0.0
2023-01-05 00:00:00,6.8,0.0
2023-01-05 01:00:00,4.2,0.0
2023-01-05 02:00:00,7.2,0.0
2023-01-05 03:00:00,5.4,0.0
2023-01-05 04:00:00,5.8,0.0
2023-01-05 05:00:00,6.7,0.0
2023-01-05 06:00:00,5.8,0.0
2023-01-05 07:00:00,6.2,2.0
2023-01-05 08:00:00,5.4,48.0
2023-01-05 09:00:00,4.3,143.0
2023-01-05 10:00:00,4.3,238.0
2023-01-05 11:00:00,4.1,306.0
2023-01-05 12:00:00,4.4,293.0
2023-01-05 13:00:00,4.8,273.0
2023-01-05 14:00:00,3.3,197.0
2023-01-05 15:00:00,1.9,98.0
2023-01-05 16:00:00,4.4,23.0
2023-01-05 17:00:00,3.4,0.0
2023-01-05 18:00:00,4.8,0.0
2023-01-05 19:00:00,4.1,0.0
2023-01-05 20:00:00,4.1,0.0
2023-01-05 21:00:00,4.8,0.0
2023-01-05 22:00:00,6.0,0.0
2023-01-05 23:00:00,4.4,0.0
2023-01-06 00:00:00,5.1,0.0
2023-01-06 01:00:00,4.9,0.0
2023-01-06 02:00:00,3.1,0.0
2023-01-06 03:00:00,3.2,0.0
2023-01-06 04:00:00,3.4,0.0
2023-01-06 05:00:00,4.1,0.0
2023-01-06 06:00:00,4.3,0.0
2023-01-06 07:00:00,5.2,2.0
2023-01-06 08:00:00,6.0,39.0
2023-01-06 09:00:00,5.4,124.0
2023-01-06 10:00:00,3.7,234.0
2023-01-06 11:00:00,2.8,274.0
2023-01-06 12:00:00,6.2,224.0
2023-01-06 13:00:00,4.2,215.0
2023-01-06 14:00:00,1.5,126.0
2023-01-06 15:00:00,0.4,71.0
2023-01-06 16:00:00,1.8,20.0
2023-01-06 17:00:00,4.0,0.0
2023-01-06 18:00:00,5.4,0.0
2023-01-06 19:00:00,4.2,0.0
2023-01-06 20:00:00,3.7,0.0
2023-01-06 21:00:00,4.0,0.0
2023-01-06 22:00:00,5.1,0.0
2023-01-06 23:00:00,4.0,0.0
2023-01-07 00:00:00,5.9,0.0
2023-01-07 01:00:00,6.2,0.0
2023-01-07 02:00:00,6.1,0.0
2023-01-07 03:00:00,6.8,0.0
2023-01-07 04:00:00,7.1,0.0
2023-01-07 05:00:00,5.5,0.0
2023-01-07 06:00:00,5.5,0.0
2023-01-07 07:00:00,5.8,3.0
2023-01-07 08:00:00,6.7,80.0
2023-01-07 09:00:00,5.8,209.0
2023-01-07 10:00:00,5.4,304.0
2023-01-07 11:00:00,4.5,367.0
2023-01-07 12:00:00,2.5,325.0
2023-01-07 13:00:00,1.1,277.0
2023-01-07 14:00:00,1.5,194.0
2023-01-07 15:00:00,2.2,104.0
2023-01-07 16:00:00,2.9,24.0
2023-01-07 17:00:00,1.8,0.0
2023-01-07 18:00:00,2.5,0.0
2023-01-07 19:00:00,4.7,0.0
2023-01-07 20:00:00,4.7,0.0
2023-01-07 21:00:00,5.5,0.0
2023-01-07 22:00:00,4.4,0.0
2023-01-07 23:00:00,5.4,0.0
2023-01-08 00:00:00,4.9,0.0
2023-01-08 01:00:00,4.9,0.0
2023-01-08 02:00:00,4.8,0.0
2023-01-08 03:00:00,3.1,0.0
2023-01-08 04:00:00,4.0,0.0
2023-01-08 05:00:00,2.7,0.0
2023-01-08 06:00:00,4.4,0.0
2023-01-08 07:00:00,4.1,3.0
2023-01-08 08:00:00,3.3,61.0
2023-01-08 09:00:00,4.0,132.0
2023-01-08 10:00:00,5.4,271.0
2023-01-08 11:00:00,15.6,336.0
2023-01-08 12:00:00,8.3,258.0
2023-01-08 13:00:00,15.4,246.0
2023-01-08 14:00:00,15.8,179.0
2023-01-08 15:00:00,13.8,100.0
2023-01-08 16:00:00,12.6,23.0
2023-01-08 17:00:00,14.2,0.0
2023-01-08 18:00:00,13.4,0.0
2023-01-08 19:00:00,14.5,0.0
2023-01-08 20:00:00,16.2,0.0
2023-01-08 21:00:00,18.5,0.0
2023-01-08 22:00:00,20.4,0.0
2023-01-08 23:00:00,22.1,0.0
2023-01-09 00:00:00,22.7,0.0
2023-01-09 01:00:00,22.5,0.0
2023-01-09 02:00:00,25.6,0.0
2023-01-09 03:00:00,23.2,0.0
2023-01-09 04:00:00,26.5,0.0
2023-01-09 05:00:00,25.9,0.0
2023-01-09 06:00:00,21.4,0.0
2023-01-09 07:00:00,17.5,1.0
2023-01-09 08:00:00,20.0,7.0
2023-01-09 09:00:00,26.6,16.0
2023-01-09 10:00:00,26.2,45.0
2023-01-09 11:00:00,20.8,104.0
2023-01-09 12:00:00,13.9,204.0
2023-01-09 13:00:00,15.9,135.0
2023-01-09 14:00:00,14.5,136.0
2023-01-09 15:00:00,20.9,92.0
2023-01-09 16:00:00,6.6,33.0
2023-01-09 17:00:00,9.9,0.0
2023-01-09 18:00:00,10.5,0.0
2023-01-09 19:00:00,5.9,0.0
2023-01-09 20:00:00,1.8,0.0
2023-01-09 21:00:00,7.7,0.0
2023-01-09 22:00:00,10.9,0.0
2023-01-09 23:00:00,7.6,0.0
2023-01-10 00:00:00,5.9,0.0
2023-01-10 01:00:00,6.5,0.0
2023-01-10 02:00:00,6.0,0.0
2023-01-10 03:00:00,6.6,0.0
2023-01-10 04:00:00,6.5,0.0
2023-01-10 05:00:00,12.3,0.0
2023-01-10 06:00:00,12.7,0.0
2023-01-10 07:00:00,15.5,3.0
2023-01-10 08:00:00,18.6,79.0
2023-01-10 09:00:00,13.0,228.0
2023-01-10 10:00:00,13.2,342.0
2023-01-10 11:00:00,16.3,417.0
2023-01-10 12:00:00,16.7,432.0
2023-01-10 13:00:00,17.9,393.0
2023-01-10 14:00:00,16.4,301.0
2023-01-10 15:00:00,15.5,172.0
2023-01-10 16:00:00,15.6,40.0
2023-01-10 17:00:00,12.1,0.0
2023-01-10 18:00:00,9.0,0.0
2023-01-10 19:00:00,6.5,0.0
2023-01-10 20:00:00,7.3,0.0
2023-01-10 21:00:00,6.9,0.0
2023-01-10 22:00:00,6.5,0.0
2023-01-10 23:00:00,6.5,0.0
2023-01-11 00:00:00,9.5,0.0
2023-01-11 01:00:00,7.9,0.0
2023-01-11 02:00:00,8.0,0.0
2023-01-11 03:00:00,7.9,0.0
2023-01-11 04:00:00,6.6,0.0
2023-01-11 05:00:00,7.4,0.0
2023-01-11 06:00:00,7.0,0.0
2023-01-11 07:00:00,4.7,4.0
2023-01-11 08:00:00,6.4,96.0
2023-01-11 09:00:00,3.8,239.0
2023-01-11 10:00:00,1.0,354.0
2023-01-11 11:00:00,1.4,421.0
2023-01-11 12:00:00,4.6,438.0
2023-01-11 13:00:00,4.9,371.0
2023-01-11 14:00:00,4.0,282.0
2023-01-11 15:00:00,4.3,153.0
2023-01-11 16:00:00,5.4,35.0
2023-01-11 17:00:00,7.5,0.0
2023-01-11 18:00:00,7.9,0.0
2023-01-11 19:00:00,7.3,0.0
2023-01-11 20:00:00,7.5,0.0
2023-01-11 21:00:00,6.6,0.0
2023-01-11 22:00:00,6.6,0.0
2023-01-11 23:00:00,7.8,0.0
2023-01-12 00:00:00,5.9,0.0
2023-01-12 01:00:00,5.6,0.0
2023-01-12 02:00:00,4.7,0.0
2023-01-12 03:00:00,4.0,0.0
2023-01-12 04:00:00,16.2,0.0
2023-01-12 05:00:00,8.7,0.0
2023-01-12 06:00:00,7.6,0.0
2023-01-12 07:00:00,4.4,2.0
2023-01-12 08:00:00,8.8,74.0
2023-01-12 09:00:00,9.4,229.0
2023-01-12 10:00:00,7.3,336.0
2023-01-12 11:00:00,6.2,428.0
2023-01-12 12:00:00,10.1,433.0
2023-01-12 13:00:00,9.4,393.0
2023-01-12 14:00:00,13.0,305.0
2023-01-12 15:00:00,9.4,159.0
2023-01-12 16:00:00,8.1,30.0
2023-01-12 17:00:00,8.4,0.0
2023-01-12 18:00:00,5.4,0.0
2023-01-12 19:00:00,5.6,0.0
2023-01-12 20:00:00,4.7,0.0
2023-01-12 21:00:00,4.1,0.0
2023-01-12 22:00:00,4.6,0.0
2023-01-12 23:00:00,5.6,0.0
2023-01-13 00:00:00,6.2,0.0
2023-01-13 01:00:00,5.7,0.0
2023-01-13 02:00:00,5.4,0.0
2023-01-13 03:00:00,6.8,0.0
2023-01-13 04:00:00,5.1,0.0
2023-01-13 05:00:00,6.2,0.0
2023-01-13 06:00:00,5.1,0.0
2023-01-13 07:00:00,4.1,3.0
2023-01-13 08:00:00,6.8,64.0
2023-01-13 09:00:00,4.0,162.0
2023-01-13 10:00:00,3.6,181.0
2023-01-13 11:00:00,2.9,208.0
2023-01-13 12:00:00,3.3,188.0
2023-01-13 13:00:00,3.2,140.0
2023-01-13 14:00:00,1.8,132.0
2023-01-13 15:00:00,2.4,55.0
2023-01-13 16:00:00,4.6,16.0
2023-01-13 17:00:00,9.3,0.0
2023-01-13 18:00:00,10.0,0.0
2023-01-13 19:00:00,10.4,0.0
2023-01-13 20:00:00,11.5,0.0
2023-01-13 21:00:00,8.7,0.0
2023-01-13 22:00:00,8.6,0.0
2023-01-13 23:00:00,7.2,0.0
2023-01-14 00:00:00,7.1,0.0
2023-01-14 01:00:00,7.5,0.0
2023-01-14 02:00:00,6.9,0.0
2023-01-14 03:00:00,7.2,0.0
2023-01-14 04:00:00,9.1,0.0
2023-01-14 05:00:00,10.8,0.0
2023-01-14 06:00:00,7.6,0.0
2023-01-14 07:00:00,7.0,4.0
2023-01-14 08:00:00,8.3,92.0
2023-01-14 09:00:00,7.3,235.0
2023-01-14 10:00:00,9.2,354.0
2023-01-14 11:00:00,12.1,427.0
2023-01-14 12:00:00,14.5,439.0
2023-01-14 13:00:00,13.2,406.0
2023-01-14 14:00:00,11.1,316.0
2023-01-14 15:00:00,8.0,186.0
2023-01-14 16:00:00,8.7,47.0
2023-01-14 17:00:00,8.8,0.0
2023-01-14 18:00:00,7.1,0.0
2023-01-14 19:00:00,7.0,0.0
2023-01-14 20:00:00,6.8,0.0
2023-01-14 21:00:00,9.0,0.0
2023-01-14 22:00:00,7.1,0.0
2023-01-14 23:00:00,6.0,0.0
2023-01-15 00:00:00,8.0,0.0
2023-01-15 01:00:00,5.9,0.0
2023-01-15 02:00:00,6.5,0.0
2023-01-15 03:00:00,5.4,0.0
2023-01-15 04:00:00,5.9,0.0
2023-01-15 05:00:00,6.0,0.0
2023-01-15 06:00:00,8.7,0.0
2023-01-15 07:00:00,11.5,2.0
2023-01-15 08:00:00,12.9,37.0
2023-01-15 09:00:00,13.4,82.0
2023-01-15 10:00:00,13.7,177.0
2023-01-15 11:00:00,17.2,304.0
2023-01-15 12:00:00,14.7,313.0
2023-01-15 13:00:00,13.8,197.0
2023-01-15 14:00:00,13.1,130.0
2023-01-15 15:00:00,11.3,85.0
2023-01-15 16:00:00,8.4,22.0
2023-01-15 17:00:00,8.2,0.0
2023-01-15 18:00:00,10.8,0.0
2023-01-15 19:00:00,11.3,0.0
2023-01-15 20:00:00,11.1,0.0
2023-01-15 21:00:00,12.5,0.0
2023-01-15 22:00:00,13.0,0.0
2023-01-15 23:00:00,12.7,0.0
2023-01-16 00:00:00,15.4,0.0
2023-01-16 01:00:00,13.8,0.0
2023-01-16 02:00:00,14.4,0.0
2023-01-16 03:00:00,13.6,0.0
2023-01-16 04:00:00,14.2,0.0
2023-01-16 05:00:00,15.2,0.0
2023-01-16 06:00:00,16.1,0.0
2023-01-16 07:00:00,14.3,3.0
2023-01-16 08:00:00,12.5,80.0
2023-01-16 09:00:00,13.6,207.0
2023-01-16 10:00:00,18.3,297.0
2023-01-16 11:00:00,17.9,280.0
2023-01-16 12:00:00,29.0,392.0
2023-01-16 13:00:00,24.1,252.0
2023-01-16 14:00:00,24.7,186.0
2023-01-16 15:00:00,18.9,72.0
2023-01-16 16:00:00,14.5,4.0
2023-01-16 17:00:00,17.6,0.0
2023-01-16 18:00:00,20.9,0.0
2023-01-16 19:00:00,24.0,0.0
2023-01-16 20:00:00,22.1,0.0
2023-01-16 21:00:00,24.2,0.0
2023-01-16 22:00:00,24.5,0.0
2023-01-16 23:00:00,21.1,0.0
2023-01-17 00:00:00,17.1,0.0
2023-01-17 01:00:00,18.3,0.0
2023-01-17 02:00:00,14.2,0.0
2023-01-17 03:00:00,15.4,0.0
2023-01-17 04:00:00,12.6,0.0
2023-01-17 05:00:00,13.8,0.0
2023-01-17 06:00:00,15.2,0.0
2023-01-17 07:00:00,21.7,0.0
2023-01-17 08:00:00,22.5,4.0
2023-01-17 09:00:00,23.4,18.0
2023-01-17 10:00:00,23.6,17.0
2023-01-17 11:00:00,28.2,28.0
2023-01-17 12:00:00,20.2,21.0
2023-01-17 13:00:00,26.9,69.0
2023-01-17 14:00:00,17.6,90.0
2023-01-17 15:00:00,28.5,45.0
2023-01-17 16:00:00,26.0,44.0
2023-01-17 17:00:00,21.6,0.0
2023-01-17 18:00:00,17.9,0.0
2023-01-17 19:00:00,21.1,0.0
2023-01-17 20:00:00,16.8,0.0
2023-01-17 21:00:00,18.3,0.0
2023-01-17 22:00:00,24.9,0.0
2023-01-17 23:00:00,21.0,0.0
2023-01-18 00:00:00,22.5,0.0
2023-01-18 01:00:00,22.4,0.0
2023-01-18 02:00:00,20.7,0.0
2023-01-18 03:00:00,16.8,0.0
2023-01-18 04:00:00,15.0,0.0
2023-01-18 05:00:00,16.8,0.0
2023-01-18 06:00:00,15.9,0.0
2023-01-18 07:00:00,14.6,5.0
2023-01-18 08:00:00,13.4,60.0
2023-01-18 09:00:00,17.7,96.0
2023-01-18 10:00:00,17.4,161.0
2023-01-18 11:00:00,15.8,203.0
2023-01-18 12:00:00,8.4,197.0
2023-01-18 13:00:00,5.6,187.0
2023-01-18 14:00:00,8.4,116.0
2023-01-18 15:00:00,8.2,34.0
2023-01-18 16:00:00,13.1,10.0
2023-01-18 17:00:00,4.7,0.0
2023-01-18 18:00:00,8.9,0.0
2023-01-18 19:00:00,9.8,0.0
2023-01-18 20:00:00,9.5,0.0
2023-01-18 21:00:00,13.9,0.0
2023-01-18 22:00:00,12.3,0.0
2023-01-18 23:00:00,11.7,0.0
2023-01-19 00:00:00,12.8,0.0
2023-01-19 01:00:00,8.1,0.0
2023-01-19 02:00:00,6.6,0.0
2023-01-19 03:00:00,6.3,0.0
2023-01-19 04:00:00,5.9,0.0
2023-01-19 05:00:00,11.0,0.0
2023-01-19 06:00:00,8.4,0.0
2023-01-19 07:00:00,6.6,5.0
2023-01-19 08:00:00,13.7,70.0
2023-01-19 09:00:00,15.5,186.0
2023-01-19 10:00:00,17.9,336.0
2023-01-19 11:00:00,21.4,399.0
2023-01-19 12:00:00,13.2,413.0
2023-01-19 13:00:00,21.7,427.0
2023-01-19 14:00:00,23.8,280.0
2023-01-19 15:00:00,20.9,194.0
2023-01-19 16:00:00,16.1,48.0
2023-01-19 17:00:00,9.5,0.0
2023-01-19 18:00:00,8.5,0.0
2023-01-19 19:00:00,6.4,0.0
2023-01-19 20:00:00,7.5,0.0
2023-01-19 21:00:00,7.7,0.0
2023-01-19 22:00:00,7.7,0.0
2023-01-19 23:00:00,8.4,0.0
2023-01-20 00:00:00,8.8,0.0
2023-01-20 01:00:00,6.0,0.0
2023-01-20 02:00:00,5.8,0.0
2023-01-20 03:00:00,5.0,0.0
2023-01-20 04:00:00,4.8,0.0
2023-01-20 05:00:00,5.2,0.0
2023-01-20 06:00:00,5.3,0.0
2023-01-20 07:00:00,3.4,4.0
2023-01-20 08:00:00,4.7,58.0
2023-01-20 09:00:00,6.8,113.0
2023-01-20 10:00:00,7.7,142.0
2023-01-20 11:00:00,8.4,191.0
2023-01-20 12:00:00,15.9,162.0
2023-01-20 13:00:00,17.7,123.0
2023-01-20 14:00:00,20.6,73.0
2023-01-20 15:00:00,25.8,46.0
2023-01-20 16:00:00,25.9,10.0
2023-01-20 17:00:00,22.1,0.0
2023-01-20 18:00:00,25.2,0.0
2023-01-20 19:00:00,25.8,0.0
2023-01-20 20:00:00,26.4,0.0
2023-01-20 21:00:00,25.9,0.0
2023-01-20 22:00:00,27.4,0.0
2023-01-20 23:00:00,27.7,0.0
2023-01-21 00:00:00,25.8,0.0
2023-01-21 01:00:00,26.1,0.0
2023-01-21 02:00:00,26.2,0.0
2023-01-21 03:00:00,26.2,0.0
2023-01-21 04:00:00,27.2,0.0
2023-01-21 05:00:00,27.4,0.0
2023-01-21 06:00:00,25.2,0.0
2023-01-21 07:00:00,23.9,3.0
2023-01-21 08:00:00,23.2,39.0
2023-01-21 09:00:00,20.9,165.0
2023-01-21 10:00:00,21.8,225.0
2023-01-21 11:00:00,22.7,240.0
2023-01-21 12:00:00,24.5,271.0
2023-01-21 13:00:00,23.8,406.0
2023-01-21 14:00:00,21.7,300.0
2023-01-21 15:00:00,20.1,106.0
2023-01-21 16:00:00,20.5,49.0
2023-01-21 17:00:00,19.9,0.0
2023-01-21 18:00:00,16.9,0.0
2023-01-21 19:00:00,15.0,0.0
2023-01-21 20:00:00,9.1,0.0
2023-01-21 21:00:00,12.0,0.0
2023-01-21 22:00:00,9.4,0.0
2023-01-21 23:00:00,8.7,0.0
2023-01-22 00:00:00,7.8,0.0
2023-01-22 01:00:00,9.9,0.0
2023-01-22 02:00:00,10.1,0.0
2023-01-22 03:00:00,10.4,0.0
2023-01-22 04:00:00,8.0,0.0
2023-01-22 05:00:00,9.4,0.0
2023-01-22 06:00:00,7.2,0.0
2023-01-22 07:00:00,5.8,5.0
2023-01-22 08:00:00,8.3,101.0
2023-01-22 09:00:00,10.1,251.0
2023-01-22 10:00:00,8.7,354.0
2023-01-22 11:00:00,5.4,436.0
2023-01-22 12:00:00,6.2,402.0
2023-01-22 13:00:00,3.7,331.0
2023-01-22 14:00:00,4.2,277.0
2023-01-22 15:00:00,3.3,164.0
2023-01-22 16:00:00,6.1,53.0
2023-01-22 17:00:00,5.8,0.0
2023-01-22 18:00:00,5.3,0.0
2023-01-22 19:00:00,7.3,0.0
2023-01-22 20:00:00,8.4,0.0
2023-01-22 21:00:00,8.3,0.0
2023-01-22 22:00:00,8.3,0.0
2023-01-22 23:00:00,9.0,0.0
2023-01-23 00:00:00,8.8,0.0
2023-01-23 01:00:00,6.6,0.0
2023-01-23 02:00:00,7.1,0.0
2023-01-23 03:00:00,4.8,0.0
2023-01-23 04:00:00,5.8,0.0
2023-01-23 05:00:00,5.8,0.0
2023-01-23 06:00:00,5.8,0.0
2023-01-23 07:00:00,2.9,4.0
2023-01-23 08:00:00,5.4,50.0
2023-01-23 09:00:00,3.1,136.0
2023-01-23 10:00:00,1.5,249.0
2023-01-23 11:00:00,5.4,295.0
2023-01-23 12:00:00,4.3,337.0
2023-01-23 13:00:00,8.9,109.0
2023-01-23 14:00:00,4.8,161.0
2023-01-23 15:00:00,3.6,176.0
2023-01-23 16:00:00,7.2,44.0
2023-01-23 17:00:00,9.7,0.0
2023-01-23 18:00:00,8.0,0.0
2023-01-23 19:00:00,7.8,0.0
2023-01-23 20:00:00,7.2,0.0
2023-01-23 21:00:00,6.6,0.0
2023-01-23 22:00:00,6.6,0.0
2023-01-23 23:00:00,8.6,0.0
2023-01-24 00:00:00,5.2,0.0
2023-01-24 01:00:00,6.8,0.0
2023-01-24 02:00:00,7.6,0.0
2023-01-24 03:00:00,5.0,0.0
2023-01-24 04:00:00,5.9,0.0
2023-01-24 05:00:00,5.4,0.0
2023-01-24 06:00:00,4.9,0.0
2023-01-24 07:00:00,6.2,6.0
2023-01-24 08:00:00,6.8,84.0
2023-01-24 09:00:00,8.3,213.0
2023-01-24 10:00:00,8.0,320.0
2023-01-24 11:00:00,10.5,328.0
2023-01-24 12:00:00,8.6,371.0
2023-01-24 13:00:00,8.3,374.0
2023-01-24 14:00:00,6.2,325.0
2023-01-24 15:00:00,5.9,209.0
2023-01-24 16:00:00,5.5,72.0
2023-01-24 17:00:00,10.5,1.0
2023-01-24 18:00:00,6.4,0.0
2023-01-24 19:00:00,8.9,0.0
2023-01-24 20:00:00,7.4,0.0
2023-01-24 21:00:00,9.2,0.0
2023-01-24 22:00:00,8.9,0.0
2023-01-24 23:00:00,10.0,0.0
2023-01-25 00:00:00,11.8,0.0
2023-01-25 01:00:00,11.8,0.0
2023-01-25 02:00:00,11.3,0.0
2023-01-25 03:00:00,8.9,0.0
2023-01-25 04:00:00,10.4,0.0
2023-01-25 05:00:00,8.4,0.0
2023-01-25 06:00:00,9.4,0.0
2023-01-25 07:00:00,10.8,7.0
2023-01-25 08:00:00,10.9,89.0
2023-01-25 09:00:00,12.7,208.0
2023-01-25 10:00:00,10.2,280.0
2023-01-25 11:00:00,11.7,364.0
2023-01-25 12:00:00,14.4,409.0
2023-01-25 13:00:00,16.2,434.0
2023-01-25 14:00:00,15.9,291.0
2023-01-25 15:00:00,13.8,137.0
2023-01-25 16:00:00,11.1,52.0
2023-01-25 17:00:00,11.1,1.0
2023-01-25 18:00:00,14.6,0.0
2023-01-25 19:00:00,15.9,0.0
2023-01-25 20:00:00,16.7,0.0
2023-01-25 21:00:00,15.8,0.0
2023-01-25 22:00:00,12.6,0.0
2023-01-25 23:00:00,10.8,0.0
2023-01-26 00:00:00,11.5,0.0
2023-01-26 01:00:00,10.6,0.0
2023-01-26 02:00:00,11.2,0.0
2023-01-26 03:00:00,11.6,0.0
2023-01-26 04:00:00,13.3,0.0
2023-01-26 05:00:00,13.7,0.0
2023-01-26 06:00:00,14.1,0.0
2023-01-26 07:00:00,12.6,8.0
2023-01-26 08:00:00,11.7,106.0
2023-01-26 09:00:00,12.6,200.0
2023-01-26 10:00:00,12.7,350.0
2023-01-26 11:00:00,13.8,458.0
2023-01-26 12:00:00,18.4,465.0
2023-01-26 13:00:00,14.7,436.0
2023-01-26 14:00:00,14.9,365.0
2023-01-26 15:00:00,14.7,230.0
2023-01-26 16:00:00,14.8,77.0
2023-01-26 17:00:00,17.7,1.0
2023-01-26 18:00:00,14.8,0.0
2023-01-26 19:00:00,14.4,0.0
2023-01-26 20:00:00,14.4,0.0
2023-01-26 21:00:00,14.5,0.0
2023-01-26 22:00:00,14.1,0.0
2023-01-26 23:00:00,12.1,0.0
2023-01-27 00:00:00,14.4,0.0
2023-01-27 01:00:00,15.5,0.0
2023-01-27 02:00:00,16.2,0.0
2023-01-27 03:00:00,14.1,0.0
2023-01-27 04:00:00,10.8,0.0
2023-01-27 05:00:00,9.2,0.0
2023-01-27 06:00:00,8.4,0.0
2023-01-27 07:00:00,7.6,10.0
2023-01-27 08:00:00,9.8,122.0
2023-01-27 09:00:00,8.0,245.0
2023-01-27 10:00:00,7.2,257.0
2023-01-27 11:00:00,7.2,136.0
2023-01-27 12:00:00,10.2,154.0
2023-01-27 13:00:00,9.7,435.0
2023-01-27 14:00:00,5.8,326.0
2023-01-27 15:00:00,1.1,193.0
2023-01-27 16:00:00,6.1,54.0
2023-01-27 17:00:00,3.6,1.0
2023-01-27 18:00:00,7.9,0.0
2023-01-27 19:00:00,8.7,0.0
2023-01-27 20:00:00,9.8,0.0
2023-01-27 21:00:00,8.9,0.0
2023-01-27 22:00:00,10.5,0.0
2023-01-27 23:00:00,9.6,0.0
2023-01-28 00:00:00,7.1,0.0
2023-01-28 01:00:00,9.0,0.0
2023-01-28 02:00:00,10.6,0.0
2023-01-28 03:00:00,8.5,0.0
2023-01-28 04:00:00,7.9,0.0
2023-01-28 05:00:00,5.6,0.0
2023-01-28 06:00:00,5.3,0.0
2023-01-28 07:00:00,5.3,4.0
2023-01-28 08:00:00,5.6,97.0
2023-01-28 09:00:00,6.8,186.0
2023-01-28 10:00:00,7.5,202.0
2023-01-28 11:00:00,9.4,272.0
2023-01-28 12:00:00,5.6,281.0
2023-01-28 13:00:00,5.9,203.0
2023-01-28 14:00:00,8.3,102.0
2023-01-28 15:00:00,8.4,82.0
2023-01-28 16:00:00,7.9,32.0
2023-01-28 17:00:00,6.2,1.0
2023-01-28 18:00:00,9.5,0.0
2023-01-28 19:00:00,10.0,0.0
2023-01-28 20:00:00,9.0,0.0
2023-01-28 21:00:00,8.4,0.0
2023-01-28 22:00:00,7.0,0.0
2023-01-28 23:00:00,6.7,0.0
2023-01-29 00:00:00,5.4,0.0
2023-01-29 01:00:00,6.0,0.0
2023-01-29 02:00:00,7.0,0.0
2023-01-29 03:00:00,7.1,0.0
2023-01-29 04:00:00,7.8,0.0
2023-01-29 05:00:00,7.0,0.0
2023-01-29 06:00:00,6.7,0.0
2023-01-29 07:00:00,7.6,12.0
2023-01-29 08:00:00,8.1,130.0
2023-01-29 09:00:00,8.8,283.0
2023-01-29 10:00:00,9.4,407.0
2023-01-29 11:00:00,9.7,484.0
2023-01-29 12:00:00,10.8,506.0
2023-01-29 13:00:00,10.2,470.0
2023-01-29 14:00:00,10.1,379.0
2023-01-29 15:00:00,9.6,245.0
2023-01-29 16:00:00,7.1,92.0
2023-01-29 17:00:00,9.8,3.0
2023-01-29 18:00:00,9.7,0.0
2023-01-29 19:00:00,6.5,0.0
2023-01-29 20:00:00,7.7,0.0
2023-01-29 21:00:00,10.0,0.0
2023-01-29 22:00:00,9.0,0.0
2023-01-29 23:00:00,7.0,0.0
2023-01-30 00:00:00,7.0,0.0
2023-01-30 01:00:00,7.0,0.0
2023-01-30 02:00:00,6.3,0.0
2023-01-30 03:00:00,6.3,0.0
2023-01-30 04:00:00,4.2,0.0
2023-01-30 05:00:00,5.5,0.0
2023-01-30 06:00:00,7.3,0.0
2023-01-30 07:00:00,4.8,12.0
2023-01-30 08:00:00,4.8,131.0
2023-01-30 09:00:00,6.3,286.0
2023-01-30 10:00:00,5.5,410.0
2023-01-30 11:00:00,3.1,489.0
2023-01-30 12:00:00,4.6,512.0
2023-01-30 13:00:00,6.6,476.0
2023-01-30 14:00:00,7.1,385.0
2023-01-30 15:00:00,2.9,220.0
2023-01-30 16:00:00,3.6,86.0
2023-01-30 17:00:00,6.1,3.0
2023-01-30 18:00:00,9.0,0.0
2023-01-30 19:00:00,7.0,0.0
2023-01-30 20:00:00,7.1,0.0
2023-01-30 21:00:00,8.7,0.0
2023-01-30 22:00:00,7.6,0.0
2023-01-30 23:00:00,9.2,0.0
2023-01-31 00:00:00,8.3,0.0
2023-01-31 01:00:00,8.4,0.0
2023-01-31 02:00:00,9.3,0.0
2023-01-31 03:00:00,10.7,0.0
2023-01-31 04:00:00,13.7,0.0
2023-01-31 05:00:00,11.4,0.0
2023-01-31 06:00:00,7.9,0.0
2023-01-31 07:00:00,8.1,13.0
2023-01-31 08:00:00,6.8,135.0
2023-01-31 09:00:00,7.6,293.0
2023-01-31 10:00:00,6.8,422.0
2023-01-31 11:00:00,6.5,501.0
2023-01-31 12:00:00,4.6,522.0
2023-01-31 13:00:00,2.9,474.0
2023-01-31 14:00:00,2.2,392.0
2023-01-31 15:00:00,1.1,255.0
2023-01-31 16:00:00,3.2,99.0
2023-01-31 17:00:00,6.7,4.0
2023-01-31 18:00:00,7.1,0.0
2023-01-31 19:00:00,6.6,0.0
2023-01-31 20:00:00,1.1,0.0
2023-01-31 21:00:00,4.0,0.0
2023-01-31 22:00:00,5.0,0.0
2023-01-31 23:00:00,8.4,0.0
2023-02-01 00:00:00,7.7,0.0
2023-02-01 01:00:00,6.9,0.0
2023-02-01 02:00:00,7.7,0.0
2023-02-01 03:00:00,4.6,0.0
2023-02-01 04:00:00,6.9,0.0
2023-02-01 05:00:00,5.6,0.0
2023-02-01 06:00:00,5.4,0.0
2023-02-01 07:00:00,5.9,13.0
2023-02-01 08:00:00,6.4,126.0
2023-02-01 09:00:00,5.4,264.0
2023-02-01 10:00:00,5.5,359.0
2023-02-01 11:00:00,2.9,435.0
2023-02-01 12:00:00,3.1,467.0
2023-02-01 13:00:00,4.1,459.0
2023-02-01 14:00:00,4.2,392.0
2023-02-01 15:00:00,5.2,249.0
2023-02-01 16:00:00,8.3,97.0
2023-02-01 17:00:00,8.9,4.0
2023-02-01 18:00:00,5.6,0.0
2023-02-01 19:00:00,6.0,0.0
2023-02-01 20:00:00,5.1,0.0
2023-02-01 21:00:00,6.9,0.0
2023-02-01 22:00:00,7.2,0.0
2023-02-01 23:00:00,6.2,0.0
2023-02-02 00:00:00,6.1,0.0
2023-02-02 01:00:00,6.1,0.0
2023-02-02 02:00:00,6.5,0.0
2023-02-02 03:00:00,6.8,0.0
2023-02-02 04:00:00,4.8,0.0
2023-02-02 05:00:00,5.8,0.0
2023-02-02 06:00:00,6.6,0.0
2023-02-02 07:00:00,4.8,15.0
2023-02-02 08:00:00,3.4,138.0
2023-02-02 09:00:00,4.0,294.0
2023-02-02 10:00:00,4.0,421.0
2023-02-02 11:00:00,4.8,500.0
2023-02-02 12:00:00,9.0,523.0
2023-02-02 13:00:00,8.3,481.0
2023-02-02 14:00:00,6.2,351.0
2023-02-02 15:00:00,3.3,235.0
2023-02-02 16:00:00,3.7,102.0
2023-02-02 17:00:00,5.0,5.0
2023-02-02 18:00:00,5.3,0.0
2023-02-02 19:00:00,5.6,0.0
2023-02-02 20:00:00,5.4,0.0
2023-02-02 21:00:00,6.7,0.0
2023-02-02 22:00:00,7.5,0.0
2023-02-02 23:00:00,7.4,0.0
2023-02-03 00:00:00,8.0,0.0
2023-02-03 01:00:00,7.1,0.0
2023-02-03 02:00:00,7.6,0.0
2023-02-03 03:00:00,7.1,0.0
2023-02-03 04:00:00,5.8,0.0
2023-02-03 05:00:00,5.3,0.0
2023-02-03 06:00:00,6.0,0.0
2023-02-03 07:00:00,6.0,16.0
2023-02-03 08:00:00,5.7,141.0
2023-02-03 09:00:00,5.2,294.0
2023-02-03 10:00:00,6.5,421.0
2023-02-03 11:00:00,5.8,489.0
2023-02-03 12:00:00,1.1,522.0
2023-02-03 13:00:00,1.1,475.0
2023-02-03 14:00:00,5.2,380.0
2023-02-03 15:00:00,8.5,246.0
2023-02-03 16:00:00,8.2,106.0
2023-02-03 17:00:00,9.2,6.0
2023-02-03 18:00:00,7.4,0.0
2023-02-03 19:00:00,7.6,0.0
2023-02-03 20:00:00,0.0,0.0
2023-02-03 21:00:00,5.2,0.0
2023-02-03 22:00:00,4.4,0.0
2023-02-03 23:00:00,4.6,0.0
2023-02-04 00:00:00,8.4,0.0
2023-02-04 01:00:00,8.4,0.0
2023-02-04 02:00:00,4.7,0.0
2023-02-04 03:00:00,8.3,0.0
2023-02-04 04:00:00,6.9,0.0
2023-02-04 05:00:00,5.7,0.0
2023-02-04 06:00:00,7.4,0.0
2023-02-04 07:00:00,6.6,17.0
2023-02-04 08:00:00,6.9,140.0
2023-02-04 09:00:00,4.4,288.0
2023-02-04 10:00:00,9.4,414.0
2023-02-04 11:00:00,11.1,496.0
2023-02-04 12:00:00,10.9,524.0
2023-02-04 13:00:00,8.6,468.0
2023-02-04 14:00:00,10.7,399.0
2023-02-04 15:00:00,10.4,264.0
2023-02-04 16:00:00,6.5,101.0
2023-02-04 17:00:00,8.4,6.0
2023-02-04 18:00:00,9.5,0.0
2023-02-04 19:00:00,7.9,0.0
2023-02-04 20:00:00,10.4,0.0
2023-02-04 21:00:00,10.1,0.0
2023-02-04 22:00:00,11.7,0.0
2023-02-04 23:00:00,14.4,0.0
2023-02-05 00:00:00,9.5,0.0
2023-02-05 01:00:00,7.6,0.0
2023-02-05 02:00:00,6.2,0.0
2023-02-05 03:00:00,7.0,0.0
2023-02-05 04:00:00,10.2,0.0
2023-02-05 05:00:00,15.7,0.0
2023-02-05 06:00:00,18.8,0.0
2023-02-05 07:00:00,18.5,19.0
2023-02-05 08:00:00,17.1,154.0
2023-02-05 09:00:00,15.9,316.0
2023-02-05 10:00:00,15.5,451.0
2023-02-05 11:00:00,16.2,529.0
2023-02-05 12:00:00,15.5,552.0
2023-02-05 13:00:00,14.1,511.0
2023-02-05 14:00:00,12.7,420.0
2023-02-05 15:00:00,6.0,282.0
2023-02-05 16:00:00,17.8,120.0
2023-02-05 17:00:00,15.8,8.0
2023-02-05 18:00:00,18.1,0.0
2023-02-05 19:00:00,16.7,0.0
2023-02-05 20:00:00,15.8,0.0
2023-02-05 21:00:00,15.5,0.0
2023-02-05 22:00:00,15.2,0.0
2023-02-05 23:00:00,15.6,0.0
2023-02-06 00:00:00,16.7,0.0
2023-02-06 01:00:00,16.9,0.0
2023-02-06 02:00:00,14.9,0.0
2023-02-06 03:00:00,13.6,0.0
2023-02-06 04:00:00,12.4,0.0
2023-02-06 05:00:00,14.5,0.0
2023-02-06 06:00:00,15.6,0.0
2023-02-06 07:00:00,16.1,22.0
2023-02-06 08:00:00,16.3,159.0
2023-02-06 09:00:00,14.5,326.0
2023-02-06 10:00:00,11.8,457.0
2023-02-06 11:00:00,11.0,537.0
2023-02-06 12:00:00,10.7,561.0
2023-02-06 13:00:00,10.7,519.0
2023-02-06 14:00:00,9.4,427.0
2023-02-06 15:00:00,8.7,264.0
2023-02-06 16:00:00,10.8,102.0
2023-02-06 17:00:00,9.9,9.0
2023-02-06 18:00:00,7.4,0.0
2023-02-06 19:00:00,9.4,0.0
2023-02-06 20:00:00,6.6,0.0
2023-02-06 21:00:00,5.9,0.0
2023-02-06 22:00:00,6.4,0.0
2023-02-06 23:00:00,6.8,0.0
2023-02-07 00:00:00,7.1,0.0
2023-02-07 01:00:00,6.6,0.0
2023-02-07 02:00:00,7.2,0.0
2023-02-07 03:00:00,7.3,0.0
2023-02-07 04:00:00,9.6,0.0
2023-02-07 05:00:00,12.2,0.0
2023-02-07 06:00:00,13.1,0.0
2023-02-07 07:00:00,13.2,22.0
2023-02-07 08:00:00,14.5,164.0
2023-02-07 09:00:00,14.0,331.0
2023-02-07 10:00:00,12.5,462.0
2023-02-07 11:00:00,8.3,540.0
2023-02-07 12:00:00,4.5,558.0
2023-02-07 13:00:00,3.8,525.0
2023-02-07 14:00:00,3.4,430.0
2023-02-07 15:00:00,3.1,289.0
2023-02-07 16:00:00,6.3,125.0
2023-02-07 17:00:00,5.6,10.0
2023-02-07 18:00:00,7.6,0.0
2023-02-07 19:00:00,9.4,0.0
2023-02-07 20:00:00,7.4,0.0
2023-02-07 21:00:00,8.7,0.0
2023-02-07 22:00:00,8.2,0.0
2023-02-07 23:00:00,6.4,0.0
2023-02-08 00:00:00,6.0,0.0
2023-02-08 01:00:00,7.3,0.0
2023-02-08 02:00:00,4.3,0.0
2023-02-08 03:00:00,3.8,0.0
2023-02-08 04:00:00,6.0,0.0
2023-02-08 05:00:00,6.3,0.0
2023-02-08 06:00:00,6.4,0.0
2023-02-08 07:00:00,8.2,24.0
2023-02-08 08:00:00,8.8,166.0
2023-02-08 09:00:00,8.7,330.0
2023-02-08 10:00:00,5.9,458.0
2023-02-08 11:00:00,4.8,537.0
2023-02-08 12:00:00,5.5,559.0
2023-02-08 13:00:00,3.8,462.0
2023-02-08 14:00:00,5.5,323.0
2023-02-08 15:00:00,10.5,201.0
2023-02-08 16:00:00,10.9,95.0
2023-02-08 17:00:00,9.9,11.0
2023-02-08 18:00:00,12.5,0.0
2023-02-08 19:00:00,14.3,0.0
2023-02-08 20:00:00,14.6,0.0
2023-02-08 21:00:00,13.5,0.0
2023-02-08 22:00:00,12.2,0.0
2023-02-08 23:00:00,11.8,0.0
2023-02-09 00:00:00,10.6,0.0
2023-02-09 01:00:00,12.0,0.0
2023-02-09 02:00:00,9.8,0.0
2023-02-09 03:00:00,8.6,0.0
2023-02-09 04:00:00,9.0,0.0
2023-02-09 05:00:00,9.7,0.0
2023-02-09 06:00:00,9.8,0.0
2023-02-09 07:00:00,10.8,23.0
2023-02-09 08:00:00,12.9,134.0
2023-02-09 09:00:00,8.7,273.0
2023-02-09 10:00:00,8.6,272.0
2023-02-09 11:00:00,8.3,340.0
2023-02-09 12:00:00,11.0,336.0
2023-02-09 13:00:00,8.7,352.0
2023-02-09 14:00:00,6.5,197.0
2023-02-09 15:00:00,2.9,172.0
2023-02-09 16:00:00,10.9,94.0
2023-02-09 17:00:00,12.4,11.0
2023-02-09 18:00:00,7.2,0.0
2023-02-09 19:00:00,6.7,0.0
2023-02-09 20:00:00,10.2,0.0
2023-02-09 21:00:00,11.9,0.0
2023-02-09 22:00:00,11.5,0.0
2023-02-09 23:00:00,11.2,0.0
2023-02-10 00:00:00,15.9,0.0
2023-02-10 01:00:00,17.2,0.0
2023-02-10 02:00:00,14.9,0.0
2023-02-10 03:00:00,15.2,0.0
2023-02-10 04:00:00,12.3,0.0
2023-02-10 05:00:00,11.6,0.0
2023-02-10 06:00:00,10.9,0.0
2023-02-10 07:00:00,10.6,27.0
2023-02-10 08:00:00,8.0,173.0
2023-02-10 09:00:00,5.8,334.0
2023-02-10 10:00:00,7.2,463.0
2023-02-10 11:00:00,7.6,543.0
2023-02-10 12:00:00,11.9,566.0
2023-02-10 13:00:00,8.8,533.0
2023-02-10 14:00:00,10.9,440.0
2023-02-10 15:00:00,6.8,300.0
2023-02-10 16:00:00,5.5,137.0
2023-02-10 17:00:00,10.0,13.0
2023-02-10 18:00:00,10.9,0.0
2023-02-10 19:00:00,9.4,0.0
2023-02-10 20:00:00,5.8,0.0
2023-02-10 21:00:00,7.8,0.0
2023-02-10 22:00:00,9.2,0.0
2023-02-10 23:00:00,8.2,0.0
2023-02-11 00:00:00,8.8,0.0
2023-02-11 01:00:00,6.6,0.0
2023-02-11 02:00:00,7.4,0.0
2023-02-11 03:00:00,6.8,0.0
2023-02-11 04:00:00,8.8,0.0
2023-02-11 05:00:00,8.9,0.0
2023-02-11 06:00:00,6.7,0.0
2023-02-11 07:00:00,8.9,28.0
2023-02-11 08:00:00,10.2,170.0
2023-02-11 09:00:00,8.9,330.0
2023-02-11 10:00:00,5.7,460.0
2023-02-11 11:00:00,3.8,541.0
2023-02-11 12:00:00,3.5,565.0
2023-02-11 13:00:00,4.3,530.0
2023-02-11 14:00:00,4.6,439.0
2023-02-11 15:00:00,3.3,301.0
2023-02-11 16:00:00,3.3,138.0
2023-02-11 17:00:00,6.0,14.0
2023-02-11 18:00:00,5.2,0.0
2023-02-11 19:00:00,3.6,0.0
2023-02-11 20:00:00,6.4,0.0
2023-02-11 21:00:00,8.0,0.0
2023-02-11 22:00:00,8.4,0.0
2023-02-11 23:00:00,9.0,0.0
2023-02-12 00:00:00,7.1,0.0
2023-02-12 01:00:00,8.6,0.0
2023-02-12 02:00:00,9.2,0.0
2023-02-12 03:00:00,6.1,0.0
2023-02-12 04:00:00,7.5,0.0
2023-02-12 05:00:00,8.3,0.0
2023-02-12 06:00:00,7.4,0.0
2023-02-12 07:00:00,5.1,30.0
2023-02-12 08:00:00,4.8,173.0
2023-02-12 09:00:00,4.9,335.0
2023-02-12 10:00:00,4.1,462.0
2023-02-12 11:00:00,2.9,544.0
2023-02-12 12:00:00,4.7,573.0
2023-02-12 13:00:00,5.0,410.0
2023-02-12 14:00:00,6.6,299.0
2023-02-12 15:00:00,3.9,223.0
2023-02-12 16:00:00,8.6,126.0
2023-02-12 17:00:00,10.6,14.0
2023-02-12 18:00:00,5.5,0.0
2023-02-12 19:00:00,6.7,0.0
2023-02-12 20:00:00,5.6,0.0
2023-02-12 21:00:00,6.4,0.0
2023-02-12 22:00:00,5.4,0.0
2023-02-12 23:00:00,7.4,0.0
2023-02-13 00:00:00,6.6,0.0
2023-02-13 01:00:00,8.2,0.0
2023-02-13 02:00:00,7.1,0.0
2023-02-13 03:00:00,8.2,0.0
2023-02-13 04:00:00,8.9,0.0
2023-02-13 05:00:00,8.7,0.0
2023-02-13 06:00:00,9.4,0.0
2023-02-13 07:00:00,8.9,33.0
2023-02-13 08:00:00,6.2,181.0
2023-02-13 09:00:00,6.5,342.0
2023-02-13 10:00:00,4.9,472.0
2023-02-13 11:00:00,3.9,553.0
2023-02-13 12:00:00,6.6,575.0
2023-02-13 13:00:00,6.6,539.0
2023-02-13 14:00:00,5.2,444.0
2023-02-13 15:00:00,3.6,298.0
2023-02-13 16:00:00,4.9,145.0
2023-02-13 17:00:00,12.1,17.0
2023-02-13 18:00:00,8.2,0.0
2023-02-13 19:00:00,3.8,0.0
2023-02-13 20:00:00,3.2,0.0
2023-02-13 21:00:00,4.5,0.0
2023-02-13 22:00:00,7.4,0.0
2023-02-13 23:00:00,8.9,0.0
2023-02-14 00:00:00,8.6,0.0
2023-02-14 01:00:00,7.9,0.0
2023-02-14 02:00:00,5.4,0.0
2023-02-14 03:00:00,5.9,0.0
2023-02-14 04:00:00,5.3,0.0
2023-02-14 05:00:00,6.1,0.0
2023-02-14 06:00:00,8.1,0.0
2023-02-14 07:00:00,5.1,35.0
2023-02-14 08:00:00,4.1,185.0
2023-02-14 09:00:00,3.3,350.0
2023-02-14 10:00:00,2.3,484.0
2023-02-14 11:00:00,2.5,567.0
2023-02-14 12:00:00,5.0,588.0
2023-02-14 13:00:00,4.1,548.0
2023-02-14 14:00:00,4.1,456.0
2023-02-14 15:00:00,2.5,317.0
2023-02-14 16:00:00,3.6,151.0
2023-02-14 17:00:00,6.1,19.0
2023-02-14 18:00:00,7.1,0.0
2023-02-14 19:00:00,4.7,0.0
2023-02-14 20:00:00,3.1,0.0
2023-02-14 21:00:00,5.6,0.0
2023-02-14 22:00:00,8.3,0.0
2023-02-14 23:00:00,6.4,0.0
2023-02-15 00:00:00,5.7,0.0
2023-02-15 01:00:00,6.9,0.0
2023-02-15 02:00:00,6.6,0.0
2023-02-15 03:00:00,6.3,0.0
2023-02-15 04:00:00,7.4,0.0
2023-02-15 05:00:00,6.9,0.0
2023-02-15 06:00:00,6.2,0.0
2023-02-15 07:00:00,8.1,39.0
2023-02-15 08:00:00,6.9,195.0
2023-02-15 09:00:00,5.1,362.0
2023-02-15 10:00:00,3.4,493.0
2023-02-15 11:00:00,2.0,574.0
2023-02-15 12:00:00,1.8,596.0
2023-02-15 13:00:00,3.4,561.0
2023-02-15 14:00:00,3.8,466.0
2023-02-15 15:00:00,5.6,325.0
2023-02-15 16:00:00,8.4,157.0
2023-02-15 17:00:00,12.4,20.0
2023-02-15 18:00:00,5.4,0.0
2023-02-15 19:00:00,3.9,0.0
2023-02-15 20:00:00,6.2,0.0
2023-02-15 21:00:00,8.0,0.0
2023-02-15 22:00:00,4.3,0.0
2023-02-15 23:00:00,2.3,0.0
2023-02-16 00:00:00,5.2,0.0
2023-02-16 01:00:00,4.0,0.0
2023-02-16 02:00:00,6.0,0.0
2023-02-16 03:00:00,5.4,0.0
2023-02-16 04:00:00,3.7,0.0
2023-02-16 05:00:00,2.7,0.0
2023-02-16 06:00:00,4.3,0.0
2023-02-16 07:00:00,5.8,31.0
2023-02-16 08:00:00,6.3,146.0
2023-02-16 09:00:00,5.4,319.0
2023-02-16 10:00:00,2.5,456.0
2023-02-16 11:00:00,3.3,528.0
2023-02-16 12:00:00,8.1,438.0
2023-02-16 13:00:00,9.9,447.0
2023-02-16 14:00:00,10.3,381.0
2023-02-16 15:00:00,10.0,280.0
2023-02-16 16:00:00,7.1,142.0
2023-02-16 17:00:00,9.0,21.0
2023-02-16 18:00:00,6.6,0.0
2023-02-16 19:00:00,2.9,0.0
2023-02-16 20:00:00,1.3,0.0
2023-02-16 21:00:00,3.6,0.0
2023-02-16 22:00:00,5.1,0.0
2023-02-16 23:00:00,6.6,0.0
2023-02-17 00:00:00,7.0,0.0
2023-02-17 01:00:00,5.6,0.0
2023-02-17 02:00:00,4.6,0.0
2023-02-17 03:00:00,7.7,0.0
2023-02-17 04:00:00,7.2,0.0
2023-02-17 05:00:00,4.7,0.0
2023-02-17 06:00:00,5.9,0.0
2023-02-17 07:00:00,6.5,39.0
2023-02-17 08:00:00,7.0,163.0
2023-02-17 09:00:00,6.6,343.0
2023-02-17 10:00:00,4.2,484.0
2023-02-17 11:00:00,3.4,568.0
2023-02-17 12:00:00,8.9,503.0
2023-02-17 13:00:00,8.0,557.0
2023-02-17 14:00:00,7.1,437.0
2023-02-17 15:00:00,8.2,284.0
2023-02-17 16:00:00,11.3,155.0
2023-02-17 17:00:00,13.5,22.0
2023-02-17 18:00:00,9.5,0.0
2023-02-17 19:00:00,8.2,0.0
2023-02-17 20:00:00,0.8,0.0
2023-02-17 21:00:00,3.4,0.0
2023-02-17 22:00:00,4.9,0.0
2023-02-17 23:00:00,4.1,0.0
2023-02-18 00:00:00,4.7,0.0
2023-02-18 01:00:00,3.9,0.0
2023-02-18 02:00:00,4.6,0.0
2023-02-18 03:00:00,7.0,0.0
2023-02-18 04:00:00,8.1,0.0
2023-02-18 05:00:00,6.9,0.0
2023-02-18 06:00:00,6.4,0.0
2023-02-18 07:00:00,5.4,44.0
2023-02-18 08:00:00,4.7,197.0
2023-02-18 09:00:00,5.2,360.0
2023-02-18 10:00:00,2.5,489.0
2023-02-18 11:00:00,0.5,571.0
2023-02-18 12:00:00,5.4,527.0
2023-02-18 13:00:00,4.5,451.0
2023-02-18 14:00:00,6.5,421.0
2023-02-18 15:00:00,12.1,286.0
2023-02-18 16:00:00,13.4,151.0
2023-02-18 17:00:00,10.2,23.0
2023-02-18 18:00:00,7.7,0.0
2023-02-18 19:00:00,4.3,0.0
2023-02-18 20:00:00,2.8,0.0
2023-02-18 21:00:00,4.1,0.0
2023-02-18 22:00:00,4.7,0.0
2023-02-18 23:00:00,4.5,0.0
2023-02-19 00:00:00,5.6,0.0
2023-02-19 01:00:00,5.6,0.0
2023-02-19 02:00:00,3.9,0.0
2023-02-19 03:00:00,3.1,0.0
2023-02-19 04:00:00,3.5,0.0
2023-02-19 05:00:00,3.7,0.0
2023-02-19 06:00:00,3.4,0.0
2023-02-19 07:00:00,4.3,21.0
2023-02-19 08:00:00,3.4,91.0
2023-02-19 09:00:00,3.7,213.0
2023-02-19 10:00:00,3.4,356.0
2023-02-19 11:00:00,1.6,446.0
2023-02-19 12:00:00,6.3,358.0
2023-02-19 13:00:00,3.3,285.0
2023-02-19 14:00:00,2.3,202.0
2023-02-19 15:00:00,3.3,137.0
2023-02-19 16:00:00,4.9,64.0
2023-02-19 17:00:00,6.8,14.0
2023-02-19 18:00:00,8.1,0.0
2023-02-19 19:00:00,7.2,0.0
2023-02-19 20:00:00,3.7,0.0
2023-02-19 21:00:00,4.1,0.0
2023-02-19 22:00:00,5.2,0.0
2023-02-19 23:00:00,7.9,0.0
2023-02-20 00:00:00,5.4,0.0
2023-02-20 01:00:00,4.1,0.0
2023-02-20 02:00:00,5.9,0.0
2023-02-20 03:00:00,6.4,0.0
2023-02-20 04:00:00,4.8,0.0
2023-02-20 05:00:00,4.3,0.0
2023-02-20 06:00:00,5.2,0.0
2023-02-20 07:00:00,5.5,29.0
2023-02-20 08:00:00,5.1,115.0
2023-02-20 09:00:00,6.1,248.0
2023-02-20 10:00:00,5.0,448.0
2023-02-20 11:00:00,2.2,568.0
2023-02-20 12:00:00,4.8,591.0
2023-02-20 13:00:00,5.6,520.0
2023-02-20 14:00:00,4.6,391.0
2023-02-20 15:00:00,6.9,262.0
2023-02-20 16:00:00,9.4,153.0
2023-02-20 17:00:00,10.0,27.0
2023-02-20 18:00:00,7.1,0.0
2023-02-20 19:00:00,6.1,0.0
2023-02-20 20:00:00,4.0,0.0
2023-02-20 21:00:00,5.4,0.0
2023-02-20 22:00:00,6.8,0.0
2023-02-20 23:00:00,6.7,0.0
2023-02-21 00:00:00,6.8,0.0
2023-02-21 01:00:00,5.6,0.0
2023-02-21 02:00:00,5.6,0.0
2023-02-21 03:00:00,4.6,0.0
2023-02-21 04:00:00,5.9,0.0
2023-02-21 05:00:00,7.1,0.0
2023-02-21 06:00:00,6.1,0.0
2023-02-21 07:00:00,6.8,39.0
2023-02-21 08:00:00,7.2,161.0
2023-02-21 09:00:00,6.3,298.0
2023-02-21 10:00:00,4.9,479.0
2023-02-21 11:00:00,4.7,547.0
2023-02-21 12:00:00,7.7,299.0
2023-02-21 13:00:00,6.8,213.0
2023-02-21 14:00:00,6.1,199.0
2023-02-21 15:00:00,5.9,108.0
2023-02-21 16:00:00,5.1,69.0
2023-02-21 17:00:00,5.9,14.0
2023-02-21 18:00:00,6.4,0.0
2023-02-21 19:00:00,6.6,0.0
2023-02-21 20:00:00,3.5,0.0
2023-02-21 21:00:00,2.2,0.0
2023-02-21 22:00:00,5.8,0.0
2023-02-21 23:00:00,6.5,0.0
2023-02-22 00:00:00,7.3,0.0
2023-02-22 01:00:00,6.2,0.0
2023-02-22 02:00:00,4.7,0.0
2023-02-22 03:00:00,6.7,0.0
2023-02-22 04:00:00,5.1,0.0
2023-02-22 05:00:00,7.2,0.0
2023-02-22 06:00:00,4.5,0.0
2023-02-22 07:00:00,4.0,41.0
2023-02-22 08:00:00,4.5,167.0
2023-02-22 09:00:00,4.4,309.0
2023-02-22 10:00:00,2.8,416.0
2023-02-22 11:00:00,1.3,500.0
2023-02-22 12:00:00,2.5,514.0
2023-02-22 13:00:00,2.8,391.0
2023-02-22 14:00:00,4.5,323.0
2023-02-22 15:00:00,10.8,229.0
2023-02-22 16:00:00,12.0,172.0
2023-02-22 17:00:00,7.9,31.0
2023-02-22 18:00:00,4.9,0.0
2023-02-22 19:00:00,2.1,0.0
2023-02-22 20:00:00,5.7,0.0
2023-02-22 21:00:00,5.5,0.0
2023-02-22 22:00:00,1.9,0.0
2023-02-22 23:00:00,1.5,0.0
2023-02-23 00:00:00,4.6,0.0
2023-02-23 01:00:00,4.7,0.0
2023-02-23 02:00:00,5.6,0.0
2023-02-23 03:00:00,7.9,0.0
2023-02-23 04:00:00,6.2,0.0
2023-02-23 05:00:00,5.3,0.0
2023-02-23 06:00:00,6.8,0.0
2023-02-23 07:00:00,7.7,49.0
2023-02-23 08:00:00,6.1,191.0
2023-02-23 09:00:00,4.7,353.0
2023-02-23 10:00:00,4.2,505.0
2023-02-23 11:00:00,6.9,523.0
2023-02-23 12:00:00,5.4,330.0
2023-02-23 13:00:00,4.6,322.0
2023-02-23 14:00:00,5.4,311.0
2023-02-23 15:00:00,5.8,257.0
2023-02-23 16:00:00,4.5,155.0
2023-02-23 17:00:00,9.7,32.0
2023-02-23 18:00:00,9.7,0.0
2023-02-23 19:00:00,4.7,0.0
2023-02-23 20:00:00,4.5,0.0
2023-02-23 21:00:00,5.0,0.0
2023-02-23 22:00:00,4.6,0.0
2023-02-23 23:00:00,7.6,0.0
2023-02-24 00:00:00,5.1,0.0
2023-02-24 01:00:00,4.2,0.0
2023-02-24 02:00:00,5.4,0.0
2023-02-24 03:00:00,4.9,0.0
2023-02-24 04:00:00,4.4,0.0
2023-02-24 05:00:00,4.9,0.0
2023-02-24 06:00:00,4.1,0.0
2023-02-24 07:00:00,4.6,52.0
2023-02-24 08:00:00,4.0,147.0
2023-02-24 09:00:00,3.4,253.0
2023-02-24 10:00:00,4.3,348.0
2023-02-24 11:00:00,12.3,283.0
2023-02-24 12:00:00,6.0,423.0
2023-02-24 13:00:00,12.0,326.0
2023-02-24 14:00:00,11.2,403.0
2023-02-24 15:00:00,10.5,332.0
2023-02-24 16:00:00,7.3,180.0
2023-02-24 17:00:00,11.6,34.0
2023-02-24 18:00:00,10.6,0.0
2023-02-24 19:00:00,8.5,0.0
2023-02-24 20:00:00,9.9,0.0
2023-02-24 21:00:00,7.4,0.0
2023-02-24 22:00:00,1.0,0.0
2023-02-24 23:00:00,9.0,0.0
2023-02-25 00:00:00,7.1,0.0
2023-02-25 01:00:00,6.9,0.0
2023-02-25 02:00:00,7.9,0.0
2023-02-25 03:00:00,10.9,0.0
2023-02-25 04:00:00,10.7,0.0
2023-02-25 05:00:00,13.2,0.0
2023-02-25 06:00:00,11.0,0.0
2023-02-25 07:00:00,9.4,37.0
2023-02-25 08:00:00,10.5,170.0
2023-02-25 09:00:00,10.7,233.0
2023-02-25 10:00:00,17.4,485.0
2023-02-25 11:00:00,21.3,564.0
2023-02-25 12:00:00,17.1,566.0
2023-02-25 13:00:00,13.4,241.0
2023-02-25 14:00:00,10.5,190.0
2023-02-25 15:00:00,7.3,57.0
2023-02-25 16:00:00,9.5,29.0
2023-02-25 17:00:00,5.8,8.0
2023-02-25 18:00:00,6.3,0.0
2023-02-25 19:00:00,9.1,0.0
2023-02-25 20:00:00,18.0,0.0
2023-02-25 21:00:00,13.5,0.0
2023-02-25 22:00:00,13.9,0.0
2023-02-25 23:00:00,9.6,0.0
2023-02-26 00:00:00,6.1,0.0
2023-02-26 01:00:00,4.3,0.0
2023-02-26 02:00:00,5.1,0.0
2023-02-26 03:00:00,5.2,0.0
2023-02-26 04:00:00,5.8,0.0
2023-02-26 05:00:00,3.6,0.0
2023-02-26 06:00:00,4.7,0.0
2023-02-26 07:00:00,5.7,12.0
2023-02-26 08:00:00,6.2,44.0
2023-02-26 09:00:00,10.1,72.0
2023-02-26 10:00:00,13.3,57.0
2023-02-26 11:00:00,14.2,59.0
2023-02-26 12:00:00,18.3,99.0
2023-02-26 13:00:00,16.4,224.0
2023-02-26 14:00:00,15.3,272.0
2023-02-26 15:00:00,7.8,135.0
2023-02-26 16:00:00,6.8,111.0
2023-02-26 17:00:00,4.2,19.0
2023-02-26 18:00:00,4.0,0.0
2023-02-26 19:00:00,6.9,0.0
2023-02-26 20:00:00,3.6,0.0
2023-02-26 21:00:00,3.2,0.0
2023-02-26 22:00:00,0.5,0.0
2023-02-26 23:00:00,6.6,0.0
2023-02-27 00:00:00,13.8,0.0
2023-02-27 01:00:00,6.9,0.0
2023-02-27 02:00:00,6.0,0.0
2023-02-27 03:00:00,7.8,0.0
2023-02-27 04:00:00,8.5,0.0
2023-02-27 05:00:00,8.3,0.0
2023-02-27 06:00:00,12.7,0.0
2023-02-27 07:00:00,8.0,41.0
2023-02-27 08:00:00,4.5,210.0
2023-02-27 09:00:00,2.2,381.0
2023-02-27 10:00:00,8.4,400.0
2023-02-27 11:00:00,7.0,325.0
2023-02-27 12:00:00,4.1,365.0
2023-02-27 13:00:00,4.9,397.0
2023-02-27 14:00:00,9.4,349.0
2023-02-27 15:00:00,9.5,203.0
2023-02-27 16:00:00,7.1,144.0
2023-02-27 17:00:00,11.1,33.0
2023-02-27 18:00:00,8.4,0.0
2023-02-27 19:00:00,8.9,0.0
2023-02-27 20:00:00,5.4,0.0
2023-02-27 21:00:00,7.2,0.0
2023-02-27 22:00:00,7.1,0.0
2023-02-27 23:00:00,5.2,0.0
2023-02-28 00:00:00,6.6,0.0
2023-02-28 01:00:00,3.1,0.0
2023-02-28 02:00:00,8.9,0.0
2023-02-28 03:00:00,5.7,0.0
2023-02-28 04:00:00,6.1,0.0
2023-02-28 05:00:00,5.4,0.0
2023-02-28 06:00:00,6.3,1.0
2023-02-28 07:00:00,7.7,43.0
2023-02-28 08:00:00,6.7,181.0
2023-02-28 09:00:00,7.8,180.0
2023-02-28 10:00:00,10.9,455.0
2023-02-28 11:00:00,7.6,584.0
2023-02-28 12:00:00,10.5,529.0
2023-02-28 13:00:00,8.3,450.0
2023-02-28 14:00:00,7.1,194.0
2023-02-28 15:00:00,14.1,141.0
2023-02-28 16:00:00,20.5,95.0
2023-02-28 17:00:00,15.8,16.0
2023-02-28 18:00:00,12.5,0.0
2023-02-28 19:00:00,10.9,0.0
2023-02-28 20:00:00,8.0,0.0
2023-02-28 21:00:00,7.6,0.0
2023-02-28 22:00:00,9.1,0.0
2023-02-28 23:00:00,11.7,0.0
2023-03-01 00:00:00,10.0,0.0
2023-03-01 01:00:00,9.6,0.0
2023-03-01 02:00:00,8.4,0.0
2023-03-01 03:00:00,12.6,0.0
2023-03-01 04:00:00,11.5,0.0
2023-03-01 05:00:00,7.7,0.0
2023-03-01 06:00:00,6.1,1.0
2023-03-01 07:00:00,6.9,68.0
2023-03-01 08:00:00,6.9,227.0
2023-03-01 09:00:00,8.2,382.0
2023-03-01 10:00:00,9.5,474.0
2023-03-01 11:00:00,13.1,492.0
2023-03-01 12:00:00,5.1,432.0
2023-03-01 13:00:00,5.5,149.0
2023-03-01 14:00:00,4.4,318.0
2023-03-01 15:00:00,6.6,355.0
2023-03-01 16:00:00,2.7,176.0
2023-03-01 17:00:00,5.9,38.0
2023-03-01 18:00:00,7.4,0.0
2023-03-01 19:00:00,6.8,0.0
2023-03-01 20:00:00,6.1,0.0
2023-03-01 21:00:00,8.7,0.0
2023-03-01 22:00:00,9.0,0.0
2023-03-01 23:00:00,5.9,0.0
2023-03-02 00:00:00,5.1,0.0
2023-03-02 01:00:00,10.9,0.0
2023-03-02 02:00:00,10.4,0.0
2023-03-02 03:00:00,14.2,0.0
2023-03-02 04:00:00,12.8,0.0
2023-03-02 05:00:00,12.4,0.0
2023-03-02 06:00:00,11.8,1.0
2023-03-02 07:00:00,9.4,74.0
2023-03-02 08:00:00,11.7,226.0
2023-03-02 09:00:00,12.2,357.0
2023-03-02 10:00:00,18.6,394.0
2023-03-02 11:00:00,22.3,409.0
2023-03-02 12:00:00,19.9,440.0
2023-03-02 13:00:00,17.1,287.0
2023-03-02 14:00:00,18.3,341.0
2023-03-02 15:00:00,20.0,230.0
2023-03-02 16:00:00,13.7,153.0
2023-03-02 17:00:00,12.7,38.0
2023-03-02 18:00:00,12.1,0.0
2023-03-02 19:00:00,13.0,0.0
2023-03-02 20:00:00,13.5,0.0
2023-03-02 21:00:00,12.2,0.0
2023-03-02 22:00:00,11.7,0.0
2023-03-02 23:00:00,10.7,0.0
2023-03-03 00:00:00,10.1,0.0
2023-03-03 01:00:00,8.9,0.0
2023-03-03 02:00:00,6.4,0.0
2023-03-03 03:00:00,6.5,0.0
2023-03-03 04:00:00,6.0,0.0
2023-03-03 05:00:00,6.2,0.0
2023-03-03 06:00:00,4.3,1.0
2023-03-03 07:00:00,8.4,67.0
2023-03-03 08:00:00,7.7,175.0
2023-03-03 09:00:00,5.6,408.0
2023-03-03 10:00:00,3.1,529.0
2023-03-03 11:00:00,7.9,575.0
2023-03-03 12:00:00,6.2,404.0
2023-03-03 13:00:00,6.9,591.0
2023-03-03 14:00:00,9.9,445.0
2023-03-03 15:00:00,10.8,183.0
2023-03-03 16:00:00,9.0,98.0
2023-03-03 17:00:00,6.3,37.0
2023-03-03 18:00:00,5.9,0.0
2023-03-03 19:00:00,7.9,0.0
2023-03-03 20:00:00,6.5,0.0
2023-03-03 21:00:00,7.4,0.0
2023-03-03 22:00:00,9.3,0.0
2023-03-03 23:00:00,9.6,0.0
2023-03-04 00:00:00,11.4,0.0
2023-03-04 01:00:00,9.7,0.0
2023-03-04 02:00:00,8.7,0.0
2023-03-04 03:00:00,8.9,0.0
2023-03-04 04:00:00,7.9,0.0
2023-03-04 05:00:00,6.5,0.0
2023-03-04 06:00:00,6.0,2.0
2023-03-04 07:00:00,7.6,78.0
2023-03-04 08:00:00,7.3,255.0
2023-03-04 09:00:00,6.9,444.0
2023-03-04 10:00:00,6.6,568.0
2023-03-04 11:00:00,5.4,615.0
2023-03-04 12:00:00,5.5,652.0
2023-03-04 13:00:00,6.3,576.0
2023-03-04 14:00:00,7.4,470.0
2023-03-04 15:00:00,7.3,348.0
2023-03-04 16:00:00,3.6,209.0
2023-03-04 17:00:00,5.9,52.0
2023-03-04 18:00:00,7.1,0.0
2023-03-04 19:00:00,6.8,0.0
2023-03-04 20:00:00,8.1,0.0
2023-03-04 21:00:00,7.4,0.0
2023-03-04 22:00:00,6.5,0.0
2023-03-04 23:00:00,6.9,0.0
2023-03-05 00:00:00,5.8,0.0
2023-03-05 01:00:00,6.9,0.0
2023-03-05 02:00:00,6.8,0.0
2023-03-05 03:00:00,7.2,0.0
2023-03-05 04:00:00,8.1,0.0
2023-03-05 05:00:00,7.4,0.0
2023-03-05 06:00:00,6.7,3.0
2023-03-05 07:00:00,7.3,99.0
2023-03-05 08:00:00,7.3,275.0
2023-03-05 09:00:00,5.5,444.0
2023-03-05 10:00:00,2.9,585.0
2023-03-05 11:00:00,3.4,670.0
2023-03-05 12:00:00,7.2,695.0
2023-03-05 13:00:00,11.8,666.0
2023-03-05 14:00:00,16.6,553.0
2023-03-05 15:00:00,17.0,406.0
2023-03-05 16:00:00,12.6,229.0
2023-03-05 17:00:00,8.1,59.0
2023-03-05 18:00:00,7.4,0.0
2023-03-05 19:00:00,6.2,0.0
2023-03-05 20:00:00,5.3,0.0
2023-03-05 21:00:00,6.1,0.0
2023-03-05 22:00:00,5.9,0.0
2023-03-05 23:00:00,6.3,0.0
2023-03-06 00:00:00,7.4,0.0
2023-03-06 01:00:00,8.7,0.0
2023-03-06 02:00:00,11.0,0.0
2023-03-06 03:00:00,13.4,0.0
2023-03-06 04:00:00,16.6,0.0
2023-03-06 05:00:00,15.1,0.0
2023-03-06 06:00:00,12.1,2.0
2023-03-06 07:00:00,13.3,46.0
2023-03-06 08:00:00,8.9,126.0
2023-03-06 09:00:00,9.9,263.0
2023-03-06 10:00:00,15.4,241.0
2023-03-06 11:00:00,8.3,344.0
2023-03-06 12:00:00,12.6,371.0
2023-03-06 13:00:00,15.1,478.0
2023-03-06 14:00:00,15.5,455.0
2023-03-06 15:00:00,16.2,355.0
2023-03-06 16:00:00,12.2,213.0
2023-03-06 17:00:00,6.6,56.0
2023-03-06 18:00:00,8.4,0.0
2023-03-06 19:00:00,7.8,0.0
2023-03-06 20:00:00,7.9,0.0
2023-03-06 21:00:00,8.2,0.0
2023-03-06 22:00:00,7.9,0.0
2023-03-06 23:00:00,7.7,0.0
2023-03-07 00:00:00,3.6,0.0
2023-03-07 01:00:00,5.0,0.0
2023-03-07 02:00:00,5.5,0.0
2023-03-07 03:00:00,6.1,0.0
2023-03-07 04:00:00,8.9,0.0
2023-03-07 05:00:00,9.7,0.0
2023-03-07 06:00:00,10.0,3.0
2023-03-07 07:00:00,11.2,92.0
2023-03-07 08:00:00,10.6,260.0
2023-03-07 09:00:00,11.9,423.0
2023-03-07 10:00:00,12.8,464.0
2023-03-07 11:00:00,13.3,609.0
2023-03-07 12:00:00,15.4,644.0
2023-03-07 13:00:00,18.9,500.0
2023-03-07 14:00:00,20.6,483.0
2023-03-07 15:00:00,21.0,301.0
2023-03-07 16:00:00,16.8,171.0
2023-03-07 17:00:00,12.6,50.0
2023-03-07 18:00:00,12.3,0.0
2023-03-07 19:00:00,13.2,0.0
2023-03-07 20:00:00,13.4,0.0
2023-03-07 21:00:00,13.9,0.0
2023-03-07 22:00:00,16.1,0.0
2023-03-07 23:00:00,16.7,0.0
2023-03-08 00:00:00,13.1,0.0
2023-03-08 01:00:00,8.4,0.0
2023-03-08 02:00:00,6.5,0.0
2023-03-08 03:00:00,3.8,0.0
2023-03-08 04:00:00,5.2,0.0
2023-03-08 05:00:00,9.7,0.0
2023-03-08 06:00:00,10.5,4.0
2023-03-08 07:00:00,12.2,37.0
2023-03-08 08:00:00,13.3,58.0
2023-03-08 09:00:00,15.0,153.0
2023-03-08 10:00:00,17.3,246.0
2023-03-08 11:00:00,20.8,459.0
2023-03-08 12:00:00,21.0,468.0
2023-03-08 13:00:00,20.2,351.0
2023-03-08 14:00:00,18.9,412.0
2023-03-08 15:00:00,19.1,333.0
2023-03-08 16:00:00,15.6,196.0
2023-03-08 17:00:00,10.5,56.0
2023-03-08 18:00:00,13.4,0.0
2023-03-08 19:00:00,15.4,0.0
2023-03-08 20:00:00,13.3,0.0
2023-03-08 21:00:00,13.0,0.0
2023-03-08 22:00:00,10.9,0.0
2023-03-08 23:00:00,11.5,0.0
2023-03-09 00:00:00,13.7,0.0
2023-03-09 01:00:00,13.8,0.0
2023-03-09 02:00:00,16.1,0.0
2023-03-09 03:00:00,15.9,0.0
2023-03-09 04:00:00,12.0,0.0
2023-03-09 05:00:00,11.1,0.0
2023-03-09 06:00:00,13.2,2.0
2023-03-09 07:00:00,12.9,36.0
2023-03-09 08:00:00,9.0,108.0
2023-03-09 09:00:00,13.9,216.0
2023-03-09 10:00:00,15.9,388.0
2023-03-09 11:00:00,16.5,461.0
2023-03-09 12:00:00,14.8,505.0
2023-03-09 13:00:00,16.3,262.0
2023-03-09 14:00:00,15.1,239.0
2023-03-09 15:00:00,14.5,253.0
2023-03-09 16:00:00,9.3,99.0
2023-03-09 17:00:00,9.9,46.0
2023-03-09 18:00:00,11.5,0.0
2023-03-09 19:00:00,10.9,0.0
2023-03-09 20:00:00,9.9,0.0
2023-03-09 21:00:00,13.9,0.0
2023-03-09 22:00:00,13.8,0.0
2023-03-09 23:00:00,14.0,0.0
2023-03-10 00:00:00,10.4,0.0
2023-03-10 01:00:00,9.7,0.0
2023-03-10 02:00:00,8.0,0.0
2023-03-10 03:00:00,7.8,0.0
2023-03-10 04:00:00,6.6,0.0
2023-03-10 05:00:00,7.9,0.0
2023-03-10 06:00:00,9.4,3.0
2023-03-10 07:00:00,13.3,45.0
2023-03-10 08:00:00,17.1,160.0
2023-03-10 09:00:00,20.4,211.0
2023-03-10 10:00:00,21.8,205.0
2023-03-10 11:00:00,25.1,414.0
2023-03-10 12:00:00,20.4,508.0
2023-03-10 13:00:00,17.1,391.0
2023-03-10 14:00:00,16.6,326.0
2023-03-10 15:00:00,8.6,296.0
2023-03-10 16:00:00,8.9,149.0
2023-03-10 17:00:00,6.1,58.0
2023-03-10 18:00:00,6.4,0.0
2023-03-10 19:00:00,6.6,0.0
2023-03-10 20:00:00,3.3,0.0
2023-03-10 21:00:00,0.8,0.0
2023-03-10 22:00:00,4.7,0.0
2023-03-10 23:00:00,3.0,0.0
2023-03-11 00:00:00,4.8,0.0
2023-03-11 01:00:00,2.0,0.0
2023-03-11 02:00:00,3.8,0.0
2023-03-11 03:00:00,5.8,0.0
2023-03-11 04:00:00,4.2,0.0
2023-03-11 05:00:00,6.8,0.0
2023-03-11 06:00:00,6.1,8.0
2023-03-11 07:00:00,4.4,45.0
2023-03-11 08:00:00,1.6,93.0
2023-03-11 09:00:00,4.3,173.0
2023-03-11 10:00:00,3.1,413.0
2023-03-11 11:00:00,3.6,341.0
2023-03-11 12:00:00,4.2,239.0
2023-03-11 13:00:00,6.6,224.0
2023-03-11 14:00:00,4.5,318.0
2023-03-11 15:00:00,5.5,186.0
2023-03-11 16:00:00,4.2,127.0
2023-03-11 17:00:00,3.6,47.0
2023-03-11 18:00:00,1.3,0.0
2023-03-11 19:00:00,0.8,0.0
2023-03-11 20:00:00,3.4,0.0
2023-03-11 21:00:00,2.6,0.0
2023-03-11 22:00:00,3.6,0.0
2023-03-11 23:00:00,4.7,0.0
2023-03-12 00:00:00,6.1,0.0
2023-03-12 01:00:00,5.8,0.0
2023-03-12 02:00:00,5.2,0.0
2023-03-12 03:00:00,6.4,0.0
2023-03-12 04:00:00,5.8,0.0
2023-03-12 05:00:00,6.2,0.0
2023-03-12 06:00:00,5.2,10.0
2023-03-12 07:00:00,6.4,129.0
2023-03-12 08:00:00,5.6,310.0
2023-03-12 09:00:00,7.6,480.0
2023-03-12 10:00:00,10.0,614.0
2023-03-12 11:00:00,10.5,688.0
2023-03-12 12:00:00,11.7,696.0
2023-03-12 13:00:00,10.5,621.0
2023-03-12 14:00:00,10.7,485.0
2023-03-12 15:00:00,10.2,397.0
2023-03-12 16:00:00,7.0,242.0
2023-03-12 17:00:00,9.5,76.0
2023-03-12 18:00:00,11.9,1.0
2023-03-12 19:00:00,7.3,0.0
2023-03-12 20:00:00,8.1,0.0
2023-03-12 21:00:00,1.4,0.0
2023-03-12 22:00:00,3.1,0.0
2023-03-12 23:00:00,3.4,0.0
2023-03-13 00:00:00,4.8,0.0
2023-03-13 01:00:00,5.1,0.0
2023-03-13 02:00:00,6.2,0.0
2023-03-13 03:00:00,8.0,0.0
2023-03-13 04:00:00,5.4,0.0
2023-03-13 05:00:00,5.6,0.0
2023-03-13 06:00:00,3.9,11.0
2023-03-13 07:00:00,6.4,135.0
2023-03-13 08:00:00,6.6,316.0
2023-03-13 09:00:00,3.3,486.0
2023-03-13 10:00:00,4.7,615.0
2023-03-13 11:00:00,11.0,694.0
2023-03-13 12:00:00,10.3,712.0
2023-03-13 13:00:00,11.4,669.0
2023-03-13 14:00:00,11.1,571.0
2023-03-13 15:00:00,12.4,430.0
2023-03-13 16:00:00,10.0,240.0
2023-03-13 17:00:00,7.2,75.0
2023-03-13 18:00:00,8.0,1.0
2023-03-13 19:00:00,8.9,0.0
2023-03-13 20:00:00,8.5,0.0
2023-03-13 21:00:00,7.7,0.0
2023-03-13 22:00:00,9.3,0.0
2023-03-13 23:00:00,11.7,0.0
2023-03-14 00:00:00,9.6,0.0
2023-03-14 01:00:00,8.8,0.0
2023-03-14 02:00:00,11.8,0.0
2023-03-14 03:00:00,15.1,0.0
2023-03-14 04:00:00,12.6,0.0
2023-03-14 05:00:00,14.1,0.0
2023-03-14 06:00:00,16.8,13.0
2023-03-14 07:00:00,19.1,138.0
2023-03-14 08:00:00,22.4,318.0
2023-03-14 09:00:00,30.8,450.0
2023-03-14 10:00:00,32.8,454.0
2023-03-14 11:00:00,34.4,378.0
2023-03-14 12:00:00,21.7,182.0
2023-03-14 13:00:00,22.4,106.0
2023-03-14 14:00:00,25.7,248.0
2023-03-14 15:00:00,18.6,89.0
2023-03-14 16:00:00,14.5,119.0
2023-03-14 17:00:00,13.0,63.0
2023-03-14 18:00:00,10.0,1.0
2023-03-14 19:00:00,4.4,0.0
2023-03-14 20:00:00,4.4,0.0
2023-03-14 21:00:00,5.1,0.0
2023-03-14 22:00:00,3.5,0.0
2023-03-14 23:00:00,6.2,0.0
2023-03-15 00:00:00,2.6,0.0
2023-03-15 01:00:00,7.1,0.0
2023-03-15 02:00:00,2.4,0.0
2023-03-15 03:00:00,7.0,0.0
2023-03-15 04:00:00,7.9,0.0
2023-03-15 05:00:00,7.0,0.0
2023-03-15 06:00:00,8.7,14.0
2023-03-15 07:00:00,10.2,142.0
2023-03-15 08:00:00,16.9,336.0
2023-03-15 09:00:00,24.0,412.0
2023-03-15 10:00:00,24.9,536.0
2023-03-15 11:00:00,26.2,656.0
2023-03-15 12:00:00,25.2,707.0
2023-03-15 13:00:00,28.2,669.0
2023-03-15 14:00:00,28.7,527.0
2023-03-15 15:00:00,27.0,437.0
2023-03-15 16:00:00,26.5,241.0
2023-03-15 17:00:00,22.7,85.0
2023-03-15 18:00:00,17.7,1.0
2023-03-15 19:00:00,16.6,0.0
2023-03-15 20:00:00,15.7,0.0
2023-03-15 21:00:00,15.4,0.0
2023-03-15 22:00:00,14.9,0.0
2023-03-15 23:00:00,14.3,0.0
2023-03-16 00:00:00,17.7,0.0
2023-03-16 01:00:00,16.9,0.0
2023-03-16 02:00:00,17.0,0.0
2023-03-16 03:00:00,18.1,0.0
2023-03-16 04:00:00,18.3,0.0
2023-03-16 05:00:00,17.2,0.0
2023-03-16 06:00:00,16.3,17.0
2023-03-16 07:00:00,15.4,154.0
2023-03-16 08:00:00,15.5,344.0
2023-03-16 09:00:00,16.9,517.0
2023-03-16 10:00:00,15.5,652.0
2023-03-16 11:00:00,15.7,730.0
2023-03-16 12:00:00,12.5,748.0
2023-03-16 13:00:00,9.8,702.0
2023-03-16 14:00:00,14.2,601.0
2023-03-16 15:00:00,13.6,451.0
2023-03-16 16:00:00,11.2,270.0
2023-03-16 17:00:00,14.5,89.0
2023-03-16 18:00:00,16.3,2.0
2023-03-16 19:00:00,13.4,0.0
2023-03-16 20:00:00,11.4,0.0
2023-03-16 21:00:00,9.5,0.0
2023-03-16 22:00:00,6.9,0.0
2023-03-16 23:00:00,7.7,0.0
2023-03-17 00:00:00,6.1,0.0
2023-03-17 01:00:00,2.8,0.0
2023-03-17 02:00:00,6.1,0.0
2023-03-17 03:00:00,6.4,0.0
2023-03-17 04:00:00,5.6,0.0
2023-03-17 05:00:00,7.6,0.0
2023-03-17 06:00:00,8.7,18.0
2023-03-17 07:00:00,6.6,156.0
2023-03-17 08:00:00,5.6,341.0
2023-03-17 09:00:00,4.0,511.0
2023-03-17 10:00:00,1.0,643.0
2023-03-17 11:00:00,2.9,723.0
2023-03-17 12:00:00,4.3,742.0
2023-03-17 13:00:00,6.9,697.0
2023-03-17 14:00:00,10.5,596.0
2023-03-17 15:00:00,12.0,448.0
2023-03-17 16:00:00,11.5,269.0
2023-03-17 17:00:00,9.1,91.0
2023-03-17 18:00:00,7.4,2.0
2023-03-17 19:00:00,6.2,0.0
2023-03-17 20:00:00,3.1,0.0
2023-03-17 21:00:00,5.1,0.0
2023-03-17 22:00:00,5.8,0.0
2023-03-17 23:00:00,6.7,0.0
2023-03-18 00:00:00,7.7,0.0
2023-03-18 01:00:00,6.9,0.0
2023-03-18 02:00:00,4.8,0.0
2023-03-18 03:00:00,5.2,0.0
2023-03-18 04:00:00,4.6,0.0
2023-03-18 05:00:00,5.6,0.0
2023-03-18 06:00:00,3.1,20.0
2023-03-18 07:00:00,4.0,161.0
2023-03-18 08:00:00,4.0,348.0
2023-03-18 09:00:00,3.1,519.0
2023-03-18 10:00:00,10.2,648.0
2023-03-18 11:00:00,12.6,707.0
2023-03-18 12:00:00,14.7,719.0
2023-03-18 13:00:00,14.5,651.0
2023-03-18 14:00:00,13.7,583.0
2023-03-18 15:00:00,13.1,444.0
2023-03-18 16:00:00,12.1,251.0
2023-03-18 17:00:00,8.0,82.0
2023-03-18 18:00:00,5.8,2.0
2023-03-18 19:00:00,5.7,0.0
2023-03-18 20:00:00,7.2,0.0
2023-03-18 21:00:00,7.7,0.0
2023-03-18 22:00:00,6.1,0.0
2023-03-18 23:00:00,6.9,0.0
2023-03-19 00:00:00,5.4,0.0
2023-03-19 01:00:00,5.2,0.0
2023-03-19 02:00:00,4.1,0.0
2023-03-19 03:00:00,6.6,0.0
2023-03-19 04:00:00,6.2,0.0
2023-03-19 05:00:00,5.2,0.0
2023-03-19 06:00:00,4.7,9.0
2023-03-19 07:00:00,4.0,77.0
2023-03-19 08:00:00,1.9,174.0
2023-03-19 09:00:00,1.6,369.0
2023-03-19 10:00:00,8.5,388.0
2023-03-19 11:00:00,11.7,226.0
2023-03-19 12:00:00,3.2,193.0
2023-03-19 13:00:00,6.7,253.0
2023-03-19 14:00:00,9.3,200.0
2023-03-19 15:00:00,10.1,122.0
2023-03-19 16:00:00,6.4,94.0
2023-03-19 17:00:00,3.7,41.0
2023-03-19 18:00:00,6.0,1.0
2023-03-19 19:00:00,7.4,0.0
2023-03-19 20:00:00,4.4,0.0
2023-03-19 21:00:00,3.9,0.0
2023-03-19 22:00:00,4.7,0.0
2023-03-19 23:00:00,7.1,0.0
2023-03-20 00:00:00,7.0,0.0
2023-03-20 01:00:00,4.7,0.0
2023-03-20 02:00:00,6.1,0.0
2023-03-20 03:00:00,5.7,0.0
2023-03-20 04:00:00,5.8,0.0
2023-03-20 05:00:00,4.7,0.0
2023-03-20 06:00:00,4.6,7.0
2023-03-20 07:00:00,6.4,35.0
2023-03-20 08:00:00,7.2,39.0
2023-03-20 09:00:00,8.1,68.0
2023-03-20 10:00:00,6.1,84.0
2023-03-20 11:00:00,7.0,88.0
2023-03-20 12:00:00,5.6,96.0
2023-03-20 13:00:00,7.0,186.0
2023-03-20 14:00:00,7.9,240.0
2023-03-20 15:00:00,8.8,165.0
2023-03-20 16:00:00,7.2,123.0
2023-03-20 17:00:00,3.3,60.0
2023-03-20 18:00:00,2.5,2.0
2023-03-20 19:00:00,6.2,0.0
2023-03-20 20:00:00,5.6,0.0
2023-03-20 21:00:00,4.7,0.0
2023-03-20 22:00:00,7.6,0.0
2023-03-20 23:00:00,6.8,0.0
2023-03-21 00:00:00,6.2,0.0
2023-03-21 01:00:00,6.0,0.0
2023-03-21 02:00:00,4.4,0.0
2023-03-21 03:00:00,7.1,0.0
2023-03-21 04:00:00,6.8,0.0
2023-03-21 05:00:00,6.2,0.0
2023-03-21 06:00:00,9.4,25.0
2023-03-21 07:00:00,11.4,161.0
2023-03-21 08:00:00,10.5,352.0
2023-03-21 09:00:00,8.0,526.0
2023-03-21 10:00:00,6.8,639.0
2023-03-21 11:00:00,4.7,653.0
2023-03-21 12:00:00,4.9,636.0
2023-03-21 13:00:00,4.3,489.0
2023-03-21 14:00:00,1.9,308.0
2023-03-21 15:00:00,7.3,392.0
2023-03-21 16:00:00,13.8,213.0
2023-03-21 17:00:00,9.7,89.0
2023-03-21 18:00:00,7.6,4.0
2023-03-21 19:00:00,7.1,0.0
2023-03-21 20:00:00,6.9,0.0
2023-03-21 21:00:00,5.4,0.0
2023-03-21 22:00:00,4.0,0.0
2023-03-21 23:00:00,6.1,0.0
2023-03-22 00:00:00,4.4,0.0
2023-03-22 01:00:00,4.6,0.0
2023-03-22 02:00:00,5.2,0.0
2023-03-22 03:00:00,6.4,0.0
2023-03-22 04:00:00,5.1,0.0
2023-03-22 05:00:00,4.5,0.0
2023-03-22 06:00:00,6.1,25.0
2023-03-22 07:00:00,5.5,155.0
2023-03-22 08:00:00,5.8,300.0
2023-03-22 09:00:00,4.3,443.0
2023-03-22 10:00:00,4.7,562.0
2023-03-22 11:00:00,8.2,619.0
2023-03-22 12:00:00,5.2,617.0
2023-03-22 13:00:00,7.0,518.0
2023-03-22 14:00:00,9.9,436.0
2023-03-22 15:00:00,11.8,358.0
2023-03-22 16:00:00,10.6,218.0
2023-03-22 17:00:00,7.7,83.0
2023-03-22 18:00:00,8.4,4.0
2023-03-22 19:00:00,7.5,0.0
2023-03-22 20:00:00,4.0,0.0
2023-03-22 21:00:00,2.4,0.0
2023-03-22 22:00:00,1.9,0.0
2023-03-22 23:00:00,1.4,0.0
2023-03-23 00:00:00,7.2,0.0
2023-03-23 01:00:00,5.7,0.0
2023-03-23 02:00:00,7.3,0.0
2023-03-23 03:00:00,6.5,0.0
2023-03-23 04:00:00,6.3,0.0
2023-03-23 05:00:00,6.0,0.0
2023-03-23 06:00:00,4.9,31.0
2023-03-23 07:00:00,4.3,182.0
2023-03-23 08:00:00,5.4,368.0
2023-03-23 09:00:00,2.2,536.0
2023-03-23 10:00:00,2.8,664.0
2023-03-23 11:00:00,4.3,740.0
2023-03-23 12:00:00,6.4,766.0
2023-03-23 13:00:00,8.4,710.0
2023-03-23 14:00:00,13.8,604.0
2023-03-23 15:00:00,13.7,480.0
2023-03-23 16:00:00,11.0,294.0
2023-03-23 17:00:00,10.8,109.0
2023-03-23 18:00:00,9.8,5.0
2023-03-23 19:00:00,7.4,0.0
2023-03-23 20:00:00,6.4,0.0
2023-03-23 21:00:00,5.5,0.0
2023-03-23 22:00:00,5.5,0.0
2023-03-23 23:00:00,4.7,0.0
2023-03-24 00:00:00,3.8,0.0
2023-03-24 01:00:00,3.2,0.0
2023-03-24 02:00:00,5.8,0.0
2023-03-24 03:00:00,3.4,0.0
2023-03-24 04:00:00,3.8,0.0
2023-03-24 05:00:00,4.8,0.0
2023-03-24 06:00:00,3.7,34.0
2023-03-24 07:00:00,2.9,186.0
2023-03-24 08:00:00,2.2,370.0
2023-03-24 09:00:00,1.4,538.0
2023-03-24 10:00:00,3.8,666.0
2023-03-24 11:00:00,7.6,742.0
2023-03-24 12:00:00,12.4,755.0
2023-03-24 13:00:00,12.0,648.0
2023-03-24 14:00:00,12.2,559.0
2023-03-24 15:00:00,12.7,445.0
2023-03-24 16:00:00,12.0,289.0
2023-03-24 17:00:00,8.4,109.0
2023-03-24 18:00:00,7.6,5.0
2023-03-24 19:00:00,4.7,0.0
2023-03-24 20:00:00,4.7,0.0
2023-03-24 21:00:00,4.7,0.0
2023-03-24 22:00:00,7.1,0.0
2023-03-24 23:00:00,6.7,0.0
2023-03-25 00:00:00,6.5,0.0
2023-03-25 01:00:00,6.9,0.0
2023-03-25 02:00:00,4.7,0.0
2023-03-25 03:00:00,5.7,0.0
2023-03-25 04:00:00,7.1,0.0
2023-03-25 05:00:00,7.7,0.0
2023-03-25 06:00:00,6.6,35.0
2023-03-25 07:00:00,3.6,177.0
2023-03-25 08:00:00,5.8,347.0
2023-03-25 09:00:00,10.0,441.0
2023-03-25 10:00:00,9.0,528.0
2023-03-25 11:00:00,8.1,737.0
2023-03-25 12:00:00,9.4,741.0
2023-03-25 13:00:00,10.5,690.0
2023-03-25 14:00:00,15.0,553.0
2023-03-25 15:00:00,13.0,422.0
2023-03-25 16:00:00,10.8,284.0
2023-03-25 17:00:00,8.9,115.0
2023-03-25 18:00:00,7.1,6.0
2023-03-25 19:00:00,5.7,0.0
2023-03-25 20:00:00,4.7,0.0
2023-03-25 21:00:00,4.7,0.0
2023-03-25 22:00:00,5.2,0.0
2023-03-25 23:00:00,4.7,0.0
2023-03-26 00:00:00,4.7,0.0
2023-03-26 01:00:00,4.2,0.0
2023-03-26 02:00:00,3.3,0.0
2023-03-26 03:00:00,3.3,0.0
2023-03-26 04:00:00,4.7,0.0
2023-03-26 05:00:00,1.8,0.0
2023-03-26 06:00:00,5.4,38.0
2023-03-26 07:00:00,4.4,172.0
2023-03-26 08:00:00,0.7,379.0
2023-03-26 09:00:00,6.4,541.0
2023-03-26 10:00:00,16.4,626.0
2023-03-26 11:00:00,19.5,733.0
2023-03-26 12:00:00,22.8,764.0
2023-03-26 13:00:00,21.1,497.0
2023-03-26 14:00:00,15.5,574.0
2023-03-26 15:00:00,14.8,448.0
2023-03-26 16:00:00,13.4,168.0
2023-03-26 17:00:00,12.2,114.0
2023-03-26 18:00:00,14.1,7.0
2023-03-26 19:00:00,16.7,0.0
2023-03-26 20:00:00,18.6,0.0
2023-03-26 21:00:00,19.4,0.0
2023-03-26 22:00:00,14.4,0.0
2023-03-26 23:00:00,12.7,0.0
2023-03-27 00:00:00,8.8,0.0
2023-03-27 01:00:00,5.0,0.0
2023-03-27 02:00:00,9.7,0.0
2023-03-27 03:00:00,7.0,0.0
2023-03-27 04:00:00,7.0,0.0
2023-03-27 05:00:00,2.2,0.0
2023-03-27 06:00:00,7.4,18.0
2023-03-27 07:00:00,5.7,126.0
2023-03-27 08:00:00,6.5,343.0
2023-03-27 09:00:00,9.7,466.0
2023-03-27 10:00:00,9.8,505.0
2023-03-27 11:00:00,11.1,644.0
2023-03-27 12:00:00,16.8,656.0
2023-03-27 13:00:00,5.7,451.0
2023-03-27 14:00:00,8.1,546.0
2023-03-27 15:00:00,13.8,325.0
2023-03-27 16:00:00,9.8,199.0
2023-03-27 17:00:00,9.2,119.0
2023-03-27 18:00:00,5.4,8.0
2023-03-27 19:00:00,11.0,0.0
2023-03-27 20:00:00,6.2,0.0
2023-03-27 21:00:00,11.3,0.0
2023-03-27 22:00:00,12.6,0.0
2023-03-27 23:00:00,14.6,0.0
2023-03-28 00:00:00,9.4,0.0
2023-03-28 01:00:00,8.0,0.0
2023-03-28 02:00:00,11.3,0.0
2023-03-28 03:00:00,12.2,0.0
2023-03-28 04:00:00,14.4,0.0
2023-03-28 05:00:00,17.3,0.0
2023-03-28 06:00:00,19.1,49.0
2023-03-28 07:00:00,16.2,220.0
2023-03-28 08:00:00,13.7,416.0
2023-03-28 09:00:00,11.2,592.0
2023-03-28 10:00:00,8.9,726.0
2023-03-28 11:00:00,7.1,800.0
2023-03-28 12:00:00,11.4,816.0
2023-03-28 13:00:00,12.4,769.0
2023-03-28 14:00:00,14.1,666.0
2023-03-28 15:00:00,16.4,513.0
2023-03-28 16:00:00,14.7,324.0
2023-03-28 17:00:00,15.8,131.0
2023-03-28 18:00:00,14.7,9.0
2023-03-28 19:00:00,11.6,0.0
2023-03-28 20:00:00,6.9,0.0
2023-03-28 21:00:00,7.4,0.0
2023-03-28 22:00:00,4.3,0.0
2023-03-28 23:00:00,4.0,0.0
2023-03-29 00:00:00,8.3,0.0
2023-03-29 01:00:00,4.7,0.0
2023-03-29 02:00:00,5.2,0.0
2023-03-29 03:00:00,4.0,0.0
2023-03-29 04:00:00,5.8,0.0
2023-03-29 05:00:00,6.7,0.0
2023-03-29 06:00:00,4.8,45.0
2023-03-29 07:00:00,6.0,215.0
2023-03-29 08:00:00,8.0,397.0
2023-03-29 09:00:00,15.9,563.0
2023-03-29 10:00:00,15.1,594.0
2023-03-29 11:00:00,15.6,687.0
2023-03-29 12:00:00,15.1,614.0
2023-03-29 13:00:00,15.7,507.0
2023-03-29 14:00:00,15.1,425.0
2023-03-29 15:00:00,15.0,340.0
2023-03-29 16:00:00,14.2,142.0
2023-03-29 17:00:00,10.5,102.0
2023-03-29 18:00:00,10.1,8.0
2023-03-29 19:00:00,9.2,0.0
2023-03-29 20:00:00,8.1,0.0
2023-03-29 21:00:00,8.0,0.0
2023-03-29 22:00:00,6.1,0.0
2023-03-29 23:00:00,7.1,0.0
2023-03-30 00:00:00,6.9,0.0
2023-03-30 01:00:00,4.6,0.0
2023-03-30 02:00:00,4.6,0.0
2023-03-30 03:00:00,4.3,0.0
2023-03-30 04:00:00,4.9,0.0
2023-03-30 05:00:00,5.8,0.0
2023-03-30 06:00:00,7.8,33.0
2023-03-30 07:00:00,6.3,153.0
2023-03-30 08:00:00,7.2,323.0
2023-03-30 09:00:00,9.0,435.0
2023-03-30 10:00:00,9.4,413.0
2023-03-30 11:00:00,11.4,620.0
2023-03-30 12:00:00,11.4,712.0
2023-03-30 13:00:00,15.6,719.0
2023-03-30 14:00:00,16.6,605.0
2023-03-30 15:00:00,15.6,446.0
2023-03-30 16:00:00,13.6,278.0
2023-03-30 17:00:00,10.8,104.0
2023-03-30 18:00:00,10.2,10.0
2023-03-30 19:00:00,9.3,0.0
2023-03-30 20:00:00,10.0,0.0
2023-03-30 21:00:00,9.2,0.0
2023-03-30 22:00:00,9.9,0.0
2023-03-30 23:00:00,9.9,0.0
2023-03-31 00:00:00,7.9,0.0
2023-03-31 01:00:00,9.4,0.0
2023-03-31 02:00:00,9.2,0.0
2023-03-31 03:00:00,8.7,0.0
2023-03-31 04:00:00,8.2,0.0
2023-03-31 05:00:00,5.4,0.0
2023-03-31 06:00:00,8.2,43.0
2023-03-31 07:00:00,9.1,168.0
2023-03-31 08:00:00,10.3,287.0
2023-03-31 09:00:00,13.2,382.0
2023-03-31 10:00:00,15.2,428.0
2023-03-31 11:00:00,16.3,439.0
2023-03-31 12:00:00,18.0,411.0
2023-03-31 13:00:00,17.0,464.0
2023-03-31 14:00:00,20.2,314.0
2023-03-31 15:00:00,18.6,173.0
2023-03-31 16:00:00,13.8,160.0
2023-03-31 17:00:00,11.2,108.0
2023-03-31 18:00:00,12.8,10.0
2023-03-31 19:00:00,7.6,0.0
2023-03-31 20:00:00,9.0,0.0
2023-03-31 21:00:00,12.1,0.0
2023-03-31 22:00:00,12.3,0.0
2023-03-31 23:00:00,9.5,0.0
2023-04-01 00:00:00,12.1,0.0
2023-04-01 01:00:00,15.3,0.0
2023-04-01 02:00:00,10.9,0.0
2023-04-01 03:00:00,9.8,0.0
2023-04-01 04:00:00,11.5,0.0
2023-04-01 05:00:00,8.3,0.0
2023-04-01 06:00:00,6.3,61.0
2023-04-01 07:00:00,5.6,222.0
2023-04-01 08:00:00,10.5,422.0
2023-04-01 09:00:00,13.6,578.0
2023-04-01 10:00:00,17.9,707.0
2023-04-01 11:00:00,20.2,727.0
2023-04-01 12:00:00,17.4,791.0
2023-04-01 13:00:00,17.6,704.0
2023-04-01 14:00:00,16.4,599.0
2023-04-01 15:00:00,14.4,477.0
2023-04-01 16:00:00,14.6,287.0
2023-04-01 17:00:00,10.4,99.0
2023-04-01 18:00:00,6.5,9.0
2023-04-01 19:00:00,5.8,0.0
2023-04-01 20:00:00,4.6,0.0
2023-04-01 21:00:00,3.7,0.0
2023-04-01 22:00:00,6.9,0.0
2023-04-01 23:00:00,4.0,0.0
2023-04-02 00:00:00,1.6,0.0
2023-04-02 01:00:00,3.0,0.0
2023-04-02 02:00:00,5.4,0.0
2023-04-02 03:00:00,6.0,0.0
2023-04-02 04:00:00,6.0,0.0
2023-04-02 05:00:00,4.4,0.0
2023-04-02 06:00:00,6.5,64.0
2023-04-02 07:00:00,5.9,231.0
2023-04-02 08:00:00,7.8,415.0
2023-04-02 09:00:00,4.2,589.0
2023-04-02 10:00:00,5.9,703.0
2023-04-02 11:00:00,5.4,682.0
2023-04-02 12:00:00,4.5,504.0
2023-04-02 13:00:00,3.0,708.0
2023-04-02 14:00:00,8.0,583.0
2023-04-02 15:00:00,10.1,367.0
2023-04-02 16:00:00,2.6,100.0
2023-04-02 17:00:00,13.5,104.0
2023-04-02 18:00:00,5.2,7.0
2023-04-02 19:00:00,3.4,0.0
2023-04-02 20:00:00,6.3,0.0
2023-04-02 21:00:00,6.0,0.0
2023-04-02 22:00:00,13.4,0.0
2023-04-02 23:00:00,17.7,0.0
2023-04-03 00:00:00,21.6,0.0
2023-04-03 01:00:00,20.2,0.0
2023-04-03 02:00:00,17.7,0.0
2023-04-03 03:00:00,18.1,0.0
2023-04-03 04:00:00,20.2,0.0
2023-04-03 05:00:00,19.8,0.0
2023-04-03 06:00:00,20.2,66.0
2023-04-03 07:00:00,20.3,238.0
2023-04-03 08:00:00,23.9,419.0
2023-04-03 09:00:00,24.5,581.0
2023-04-03 10:00:00,25.8,707.0
2023-04-03 11:00:00,27.0,795.0
2023-04-03 12:00:00,27.6,813.0
2023-04-03 13:00:00,27.0,658.0
2023-04-03 14:00:00,28.2,653.0
2023-04-03 15:00:00,26.3,505.0
2023-04-03 16:00:00,21.7,326.0
2023-04-03 17:00:00,21.2,137.0
2023-04-03 18:00:00,23.9,14.0
2023-04-03 19:00:00,20.9,0.0
2023-04-03 20:00:00,18.4,0.0
2023-04-03 21:00:00,19.6,0.0
2023-04-03 22:00:00,24.1,0.0
2023-04-03 23:00:00,25.8,0.0
2023-04-04 00:00:00,21.0,0.0
2023-04-04 01:00:00,17.8,0.0
2023-04-04 02:00:00,14.8,0.0
2023-04-04 03:00:00,13.7,0.0
2023-04-04 04:00:00,14.2,0.0
2023-04-04 05:00:00,15.0,1.0
2023-04-04 06:00:00,17.2,52.0
2023-04-04 07:00:00,17.3,176.0
2023-04-04 08:00:00,15.9,346.0
2023-04-04 09:00:00,11.3,513.0
2023-04-04 10:00:00,4.7,639.0
2023-04-04 11:00:00,3.4,662.0
2023-04-04 12:00:00,4.6,613.0
2023-04-04 13:00:00,3.7,386.0
2023-04-04 14:00:00,8.9,168.0
2023-04-04 15:00:00,10.5,138.0
2023-04-04 16:00:00,9.0,163.0
2023-04-04 17:00:00,2.9,70.0
2023-04-04 18:00:00,8.3,13.0
2023-04-04 19:00:00,9.8,0.0
2023-04-04 20:00:00,7.6,0.0
2023-04-04 21:00:00,7.2,0.0
2023-04-04 22:00:00,7.8,0.0
2023-04-04 23:00:00,4.6,0.0
2023-04-05 00:00:00,3.5,0.0
2023-04-05 01:00:00,4.7,0.0
2023-04-05 02:00:00,5.5,0.0
2023-04-05 03:00:00,6.3,0.0
2023-04-05 04:00:00,6.2,0.0
2023-04-05 05:00:00,5.6,1.0
2023-04-05 06:00:00,5.8,59.0
2023-04-05 07:00:00,6.9,200.0
2023-04-05 08:00:00,7.6,352.0
2023-04-05 09:00:00,7.6,365.0
2023-04-05 10:00:00,8.7,531.0
2023-04-05 11:00:00,8.5,606.0
2023-04-05 12:00:00,7.2,508.0
2023-04-05 13:00:00,6.1,491.0
2023-04-05 14:00:00,5.9,419.0
2023-04-05 15:00:00,7.3,380.0
2023-04-05 16:00:00,16.0,209.0
2023-04-05 17:00:00,5.2,80.0
2023-04-05 18:00:00,3.7,11.0
2023-04-05 19:00:00,5.2,0.0
2023-04-05 20:00:00,5.1,0.0
2023-04-05 21:00:00,3.1,0.0
2023-04-05 22:00:00,7.5,0.0
2023-04-05 23:00:00,8.0,0.0
2023-04-06 00:00:00,11.5,0.0
2023-04-06 01:00:00,12.3,0.0
2023-04-06 02:00:00,13.0,0.0
2023-04-06 03:00:00,11.2,0.0
2023-04-06 04:00:00,11.9,0.0
2023-04-06 05:00:00,9.3,1.0
2023-04-06 06:00:00,8.4,82.0
2023-04-06 07:00:00,7.6,264.0
2023-04-06 08:00:00,7.6,461.0
2023-04-06 09:00:00,5.9,634.0
2023-04-06 10:00:00,5.4,760.0
2023-04-06 11:00:00,5.1,803.0
2023-04-06 12:00:00,7.5,838.0
2023-04-06 13:00:00,8.8,731.0
2023-04-06 14:00:00,12.2,643.0
2023-04-06 15:00:00,15.8,494.0
2023-04-06 16:00:00,16.9,338.0
2023-04-06 17:00:00,15.7,159.0
2023-04-06 18:00:00,13.2,17.0
2023-04-06 19:00:00,9.5,0.0
2023-04-06 20:00:00,7.5,0.0
2023-04-06 21:00:00,8.4,0.0
2023-04-06 22:00:00,5.8,0.0
2023-04-06 23:00:00,4.8,0.0
2023-04-07 00:00:00,8.9,0.0
2023-04-07 01:00:00,4.8,0.0
2023-04-07 02:00:00,6.6,0.0
2023-04-07 03:00:00,4.3,0.0
2023-04-07 04:00:00,4.1,0.0
2023-04-07 05:00:00,4.3,2.0
2023-04-07 06:00:00,6.6,87.0
2023-04-07 07:00:00,7.2,271.0
2023-04-07 08:00:00,5.5,464.0
2023-04-07 09:00:00,2.6,633.0
2023-04-07 10:00:00,6.4,759.0
2023-04-07 11:00:00,7.1,830.0
2023-04-07 12:00:00,11.8,840.0
2023-04-07 13:00:00,13.8,741.0
2023-04-07 14:00:00,14.4,616.0
2023-04-07 15:00:00,13.5,517.0
2023-04-07 16:00:00,13.2,360.0
2023-04-07 17:00:00,11.1,155.0
2023-04-07 18:00:00,8.1,18.0
2023-04-07 19:00:00,5.8,0.0
2023-04-07 20:00:00,8.5,0.0
2023-04-07 21:00:00,8.1,0.0
2023-04-07 22:00:00,9.1,0.0
2023-04-07 23:00:00,10.7,0.0
2023-04-08 00:00:00,12.2,0.0
2023-04-08 01:00:00,11.6,0.0
2023-04-08 02:00:00,10.4,0.0
2023-04-08 03:00:00,13.5,0.0
2023-04-08 04:00:00,19.5,0.0
2023-04-08 05:00:00,18.4,2.0
2023-04-08 06:00:00,16.1,26.0
2023-04-08 07:00:00,15.5,135.0
2023-04-08 08:00:00,15.8,361.0
2023-04-08 09:00:00,12.7,512.0
2023-04-08 10:00:00,10.6,357.0
2023-04-08 11:00:00,15.0,564.0
2023-04-08 12:00:00,9.5,237.0
2023-04-08 13:00:00,2.5,589.0
2023-04-08 14:00:00,3.6,135.0
2023-04-08 15:00:00,3.7,283.0
2023-04-08 16:00:00,1.0,282.0
2023-04-08 17:00:00,3.1,79.0
2023-04-08 18:00:00,6.1,16.0
2023-04-08 19:00:00,7.1,0.0
2023-04-08 20:00:00,4.1,0.0
2023-04-08 21:00:00,8.1,0.0
2023-04-08 22:00:00,5.6,0.0
2023-04-08 23:00:00,5.2,0.0
2023-04-09 00:00:00,9.7,0.0
2023-04-09 01:00:00,10.2,0.0
2023-04-09 02:00:00,9.5,0.0
2023-04-09 03:00:00,9.5,0.0
2023-04-09 04:00:00,7.3,0.0
2023-04-09 05:00:00,8.2,2.0
2023-04-09 06:00:00,10.3,79.0
2023-04-09 07:00:00,9.8,231.0
2023-04-09 08:00:00,12.3,401.0
2023-04-09 09:00:00,14.0,623.0
2023-04-09 10:00:00,11.2,752.0
2023-04-09 11:00:00,11.0,825.0
2023-04-09 12:00:00,11.0,833.0
2023-04-09 13:00:00,3.6,600.0
2023-04-09 14:00:00,24.9,454.0
2023-04-09 15:00:00,5.5,386.0
2023-04-09 16:00:00,1.8,340.0
2023-04-09 17:00:00,2.9,155.0
2023-04-09 18:00:00,4.8,19.0
2023-04-09 19:00:00,3.8,0.0
2023-04-09 20:00:00,10.2,0.0
2023-04-09 21:00:00,10.1,0.0
2023-04-09 22:00:00,11.2,0.0
2023-04-09 23:00:00,10.9,0.0
2023-04-10 00:00:00,13.0,0.0
2023-04-10 01:00:00,13.3,0.0
2023-04-10 02:00:00,15.1,0.0
2023-04-10 03:00:00,14.0,0.0
2023-04-10 04:00:00,14.0,0.0
2023-04-10 05:00:00,13.7,3.0
2023-04-10 06:00:00,11.2,95.0
2023-04-10 07:00:00,13.0,281.0
2023-04-10 08:00:00,18.4,477.0
2023-04-10 09:00:00,19.8,648.0
2023-04-10 10:00:00,17.6,763.0
2023-04-10 11:00:00,16.8,841.0
2023-04-10 12:00:00,18.2,813.0
2023-04-10 13:00:00,16.9,707.0
2023-04-10 14:00:00,13.0,512.0
2023-04-10 15:00:00,18.2,379.0
2023-04-10 16:00:00,11.5,355.0
2023-04-10 17:00:00,9.0,162.0
2023-04-10 18:00:00,13.3,22.0
2023-04-10 19:00:00,13.4,0.0
2023-04-10 20:00:00,11.5,0.0
2023-04-10 21:00:00,9.7,0.0
2023-04-10 22:00:00,8.0,0.0
2023-04-10 23:00:00,7.8,0.0
2023-04-11 00:00:00,6.4,0.0
2023-04-11 01:00:00,5.9,0.0
2023-04-11 02:00:00,6.0,0.0
2023-04-11 03:00:00,5.0,0.0
2023-04-11 04:00:00,6.1,0.0
2023-04-11 05:00:00,7.2,4.0
2023-04-11 06:00:00,6.8,103.0
2023-04-11 07:00:00,6.8,283.0
2023-04-11 08:00:00,5.2,475.0
2023-04-11 09:00:00,3.1,644.0
2023-04-11 10:00:00,1.8,727.0
2023-04-11 11:00:00,5.6,756.0
2023-04-11 12:00:00,9.0,839.0
2023-04-11 13:00:00,13.9,769.0
2023-04-11 14:00:00,17.3,659.0
2023-04-11 15:00:00,16.1,512.0
2023-04-11 16:00:00,13.6,338.0
2023-04-11 17:00:00,10.0,148.0
2023-04-11 18:00:00,6.8,20.0
2023-04-11 19:00:00,6.1,0.0
2023-04-11 20:00:00,7.0,0.0
2023-04-11 21:00:00,7.6,0.0
2023-04-11 22:00:00,6.7,0.0
2023-04-11 23:00:00,6.8,0.0
2023-04-12 00:00:00,5.8,0.0
2023-04-12 01:00:00,4.7,0.0
2023-04-12 02:00:00,5.6,0.0
2023-04-12 03:00:00,6.9,0.0
2023-04-12 04:00:00,6.4,0.0
2023-04-12 05:00:00,3.8,4.0
2023-04-12 06:00:00,2.9,95.0
2023-04-12 07:00:00,1.9,278.0
2023-04-12 08:00:00,1.5,464.0
2023-04-12 09:00:00,2.9,620.0
2023-04-12 10:00:00,4.5,745.0
2023-04-12 11:00:00,9.0,814.0
2023-04-12 12:00:00,5.2,820.0
2023-04-12 13:00:00,14.5,669.0
2023-04-12 14:00:00,16.7,649.0
2023-04-12 15:00:00,16.1,459.0
2023-04-12 16:00:00,16.2,342.0
2023-04-12 17:00:00,11.9,137.0
2023-04-12 18:00:00,9.4,22.0
2023-04-12 19:00:00,8.2,0.0
2023-04-12 20:00:00,8.4,0.0
2023-04-12 21:00:00,8.4,0.0
2023-04-12 22:00:00,9.1,0.0
2023-04-12 23:00:00,9.3,0.0
2023-04-13 00:00:00,7.3,0.0
2023-04-13 01:00:00,4.6,0.0
2023-04-13 02:00:00,9.3,0.0
2023-04-13 03:00:00,10.7,0.0
2023-04-13 04:00:00,11.7,0.0
2023-04-13 05:00:00,9.7,5.0
2023-04-13 06:00:00,10.2,78.0
2023-04-13 07:00:00,8.0,240.0
2023-04-13 08:00:00,16.5,360.0
2023-04-13 09:00:00,19.4,319.0
2023-04-13 10:00:00,20.5,335.0
2023-04-13 11:00:00,24.9,333.0
2023-04-13 12:00:00,23.0,463.0
2023-04-13 13:00:00,26.9,502.0
2023-04-13 14:00:00,17.1,185.0
2023-04-13 15:00:00,19.7,138.0
2023-04-13 16:00:00,13.1,106.0
2023-04-13 17:00:00,10.0,64.0
2023-04-13 18:00:00,12.8,19.0
2023-04-13 19:00:00,7.3,0.0
2023-04-13 20:00:00,5.9,0.0
2023-04-13 21:00:00,6.9,0.0
2023-04-13 22:00:00,6.8,0.0
2023-04-13 23:00:00,6.0,0.0
2023-04-14 00:00:00,8.7,0.0
2023-04-14 01:00:00,1.8,0.0
2023-04-14 02:00:00,2.1,0.0
2023-04-14 03:00:00,5.1,0.0
2023-04-14 04:00:00,6.2,0.0
2023-04-14 05:00:00,7.6,6.0
2023-04-14 06:00:00,9.8,107.0
2023-04-14 07:00:00,6.5,285.0
2023-04-14 08:00:00,5.1,334.0
2023-04-14 09:00:00,4.7,264.0
2023-04-14 10:00:00,13.8,485.0
2023-04-14 11:00:00,12.6,533.0
2023-04-14 12:00:00,6.2,747.0
2023-04-14 13:00:00,5.1,570.0
2023-04-14 14:00:00,1.0,624.0
2023-04-14 15:00:00,16.1,374.0
2023-04-14 16:00:00,5.8,176.0
2023-04-14 17:00:00,7.7,152.0
2023-04-14 18:00:00,6.2,26.0
2023-04-14 19:00:00,5.9,0.0
2023-04-14 20:00:00,7.5,0.0
2023-04-14 21:00:00,9.4,0.0
2023-04-14 22:00:00,6.5,0.0
2023-04-14 23:00:00,7.9,0.0
2023-04-15 00:00:00,10.7,0.0
2023-04-15 01:00:00,12.6,0.0
2023-04-15 02:00:00,11.0,0.0
2023-04-15 03:00:00,12.3,0.0
2023-04-15 04:00:00,14.4,0.0
2023-04-15 05:00:00,14.9,3.0
2023-04-15 06:00:00,15.4,10.0
2023-04-15 07:00:00,18.9,38.0
2023-04-15 08:00:00,22.0,65.0
2023-04-15 09:00:00,20.2,163.0
2023-04-15 10:00:00,23.0,175.0
2023-04-15 11:00:00,20.9,291.0
2023-04-15 12:00:00,16.3,304.0
2023-04-15 13:00:00,13.6,219.0
2023-04-15 14:00:00,18.0,301.0
2023-04-15 15:00:00,16.5,234.0
2023-04-15 16:00:00,13.6,142.0
2023-04-15 17:00:00,15.3,100.0
2023-04-15 18:00:00,15.0,15.0
2023-04-15 19:00:00,16.3,0.0
2023-04-15 20:00:00,16.6,0.0
2023-04-15 21:00:00,16.5,0.0
2023-04-15 22:00:00,14.4,0.0
2023-04-15 23:00:00,11.2,0.0
2023-04-16 00:00:00,6.3,0.0
2023-04-16 01:00:00,9.0,0.0
2023-04-16 02:00:00,5.8,0.0
2023-04-16 03:00:00,7.0,0.0
2023-04-16 04:00:00,5.6,0.0
2023-04-16 05:00:00,4.2,7.0
2023-04-16 06:00:00,3.3,102.0
2023-04-16 07:00:00,5.1,223.0
2023-04-16 08:00:00,8.0,188.0
2023-04-16 09:00:00,4.6,294.0
2023-04-16 10:00:00,8.4,423.0
2023-04-16 11:00:00,8.5,558.0
2023-04-16 12:00:00,6.1,502.0
2023-04-16 13:00:00,6.1,580.0
2023-04-16 14:00:00,13.0,607.0
2023-04-16 15:00:00,10.3,453.0
2023-04-16 16:00:00,11.3,257.0
2023-04-16 17:00:00,20.5,129.0
2023-04-16 18:00:00,23.6,21.0
2023-04-16 19:00:00,22.7,0.0
2023-04-16 20:00:00,22.0,0.0
2023-04-16 21:00:00,20.2,0.0
2023-04-16 22:00:00,18.1,0.0
2023-04-16 23:00:00,17.4,0.0
2023-04-17 00:00:00,14.0,0.0
2023-04-17 01:00:00,14.2,0.0
2023-04-17 02:00:00,15.0,0.0
2023-04-17 03:00:00,19.2,0.0
2023-04-17 04:00:00,17.7,0.0
2023-04-17 05:00:00,16.7,9.0
2023-04-17 06:00:00,16.8,119.0
2023-04-17 07:00:00,16.6,302.0
2023-04-17 08:00:00,18.1,494.0
2023-04-17 09:00:00,17.7,655.0
2023-04-17 10:00:00,10.8,762.0
2023-04-17 11:00:00,7.4,701.0
2023-04-17 12:00:00,13.8,729.0
2023-04-17 13:00:00,14.2,704.0
2023-04-17 14:00:00,14.8,585.0
2023-04-17 15:00:00,10.2,420.0
2023-04-17 16:00:00,12.3,279.0
2023-04-17 17:00:00,15.3,123.0
2023-04-17 18:00:00,13.2,20.0
2023-04-17 19:00:00,7.6,0.0
2023-04-17 20:00:00,4.8,0.0
2023-04-17 21:00:00,5.9,0.0
2023-04-17 22:00:00,6.4,0.0
2023-04-17 23:00:00,6.9,0.0
2023-04-18 00:00:00,6.8,0.0
2023-04-18 01:00:00,6.0,0.0
2023-04-18 02:00:00,8.0,0.0
2023-04-18 03:00:00,4.9,0.0
2023-04-18 04:00:00,5.3,0.0
2023-04-18 05:00:00,5.4,8.0
2023-04-18 06:00:00,4.1,98.0
2023-04-18 07:00:00,3.6,220.0
2023-04-18 08:00:00,2.6,376.0
2023-04-18 09:00:00,4.9,599.0
2023-04-18 10:00:00,4.3,661.0
2023-04-18 11:00:00,4.3,668.0
2023-04-18 12:00:00,3.2,463.0
2023-04-18 13:00:00,6.3,158.0
2023-04-18 14:00:00,1.8,398.0
2023-04-18 15:00:00,6.8,349.0
2023-04-18 16:00:00,5.8,210.0
2023-04-18 17:00:00,6.0,119.0
2023-04-18 18:00:00,5.5,30.0
2023-04-18 19:00:00,5.2,0.0
2023-04-18 20:00:00,5.1,0.0
2023-04-18 21:00:00,6.1,0.0
2023-04-18 22:00:00,7.6,0.0
2023-04-18 23:00:00,7.4,0.0
2023-04-19 00:00:00,6.0,0.0
2023-04-19 01:00:00,5.4,0.0
2023-04-19 02:00:00,4.6,0.0
2023-04-19 03:00:00,3.4,0.0
2023-04-19 04:00:00,5.0,0.0
2023-04-19 05:00:00,7.4,10.0
2023-04-19 06:00:00,7.5,108.0
2023-04-19 07:00:00,8.0,298.0
2023-04-19 08:00:00,5.9,495.0
2023-04-19 09:00:00,1.8,658.0
2023-04-19 10:00:00,4.2,748.0
2023-04-19 11:00:00,6.1,801.0
2023-04-19 12:00:00,12.1,751.0
2023-04-19 13:00:00,10.9,666.0
2023-04-19 14:00:00,11.1,522.0
2023-04-19 15:00:00,10.4,450.0
2023-04-19 16:00:00,9.6,311.0
2023-04-19 17:00:00,7.7,138.0
2023-04-19 18:00:00,10.5,30.0
2023-04-19 19:00:00,7.2,0.0
2023-04-19 20:00:00,5.2,0.0
2023-04-19 21:00:00,4.4,0.0
2023-04-19 22:00:00,5.1,0.0
2023-04-19 23:00:00,4.8,0.0
2023-04-20 00:00:00,4.2,0.0
2023-04-20 01:00:00,4.5,0.0
2023-04-20 02:00:00,1.8,0.0
2023-04-20 03:00:00,3.8,0.0
2023-04-20 04:00:00,5.4,0.0
2023-04-20 05:00:00,6.2,10.0
2023-04-20 06:00:00,4.3,88.0
2023-04-20 07:00:00,4.7,214.0
2023-04-20 08:00:00,4.0,468.0
2023-04-20 09:00:00,3.1,606.0
2023-04-20 10:00:00,5.9,651.0
2023-04-20 11:00:00,6.6,683.0
2023-04-20 12:00:00,7.1,738.0
2023-04-20 13:00:00,8.5,724.0
2023-04-20 14:00:00,9.0,644.0
2023-04-20 15:00:00,11.5,384.0
2023-04-20 16:00:00,8.0,287.0
2023-04-20 17:00:00,5.7,165.0
2023-04-20 18:00:00,6.9,32.0
2023-04-20 19:00:00,5.1,0.0
2023-04-20 20:00:00,5.1,0.0
2023-04-20 21:00:00,1.6,0.0
2023-04-20 22:00:00,3.7,0.0
2023-04-20 23:00:00,5.1,0.0
2023-04-21 00:00:00,7.7,0.0
2023-04-21 01:00:00,6.4,0.0
2023-04-21 02:00:00,6.2,0.0
2023-04-21 03:00:00,4.1,0.0
2023-04-21 04:00:00,5.4,0.0
2023-04-21 05:00:00,6.5,14.0
2023-04-21 06:00:00,6.3,133.0
2023-04-21 07:00:00,6.9,310.0
2023-04-21 08:00:00,6.4,491.0
2023-04-21 09:00:00,3.3,662.0
2023-04-21 10:00:00,2.3,744.0
2023-04-21 11:00:00,2.4,738.0
2023-04-21 12:00:00,5.2,745.0
2023-04-21 13:00:00,8.7,741.0
2023-04-21 14:00:00,10.7,582.0
2023-04-21 15:00:00,11.5,468.0
2023-04-21 16:00:00,8.3,322.0
2023-04-21 17:00:00,5.9,162.0
2023-04-21 18:00:00,6.5,35.0
2023-04-21 19:00:00,8.1,0.0
2023-04-21 20:00:00,2.8,0.0
2023-04-21 21:00:00,4.4,0.0
2023-04-21 22:00:00,7.2,0.0
2023-04-21 23:00:00,6.1,0.0
2023-04-22 00:00:00,5.1,0.0
2023-04-22 01:00:00,5.8,0.0
2023-04-22 02:00:00,6.9,0.0
2023-04-22 03:00:00,6.5,0.0
2023-04-22 04:00:00,6.8,0.0
2023-04-22 05:00:00,8.1,16.0
2023-04-22 06:00:00,6.2,138.0
2023-04-22 07:00:00,7.3,326.0
2023-04-22 08:00:00,7.2,513.0
2023-04-22 09:00:00,3.9,672.0
2023-04-22 10:00:00,5.2,791.0
2023-04-22 11:00:00,6.9,856.0
2023-04-22 12:00:00,6.2,870.0
2023-04-22 13:00:00,8.7,799.0
2023-04-22 14:00:00,12.4,684.0
2023-04-22 15:00:00,14.2,540.0
2023-04-22 16:00:00,11.9,347.0
2023-04-22 17:00:00,11.6,171.0
2023-04-22 18:00:00,10.2,37.0
2023-04-22 19:00:00,8.1,0.0
2023-04-22 20:00:00,6.6,0.0
2023-04-22 21:00:00,6.5,0.0
2023-04-22 22:00:00,5.8,0.0
2023-04-22 23:00:00,3.9,0.0
2023-04-23 00:00:00,1.0,0.0
2023-04-23 01:00:00,1.5,0.0
2023-04-23 02:00:00,3.3,0.0
2023-04-23 03:00:00,4.3,0.0
2023-04-23 04:00:00,5.1,0.0
2023-04-23 05:00:00,5.6,17.0
2023-04-23 06:00:00,2.7,122.0
2023-04-23 07:00:00,2.0,251.0
2023-04-23 08:00:00,1.8,420.0
2023-04-23 09:00:00,3.1,542.0
2023-04-23 10:00:00,8.0,548.0
2023-04-23 11:00:00,11.3,743.0
2023-04-23 12:00:00,14.4,504.0
2023-04-23 13:00:00,14.7,652.0
2023-04-23 14:00:00,14.3,460.0
2023-04-23 15:00:00,15.5,500.0
2023-04-23 16:00:00,12.9,385.0
2023-04-23 17:00:00,9.7,193.0
2023-04-23 18:00:00,9.7,41.0
2023-04-23 19:00:00,11.3,0.0
2023-04-23 20:00:00,12.8,0.0
2023-04-23 21:00:00,12.4,0.0
2023-04-23 22:00:00,12.2,0.0
2023-04-23 23:00:00,13.8,0.0
2023-04-24 00:00:00,14.3,0.0
2023-04-24 01:00:00,13.6,0.0
2023-04-24 02:00:00,12.4,0.0
2023-04-24 03:00:00,12.2,0.0
2023-04-24 04:00:00,14.2,0.0
2023-04-24 05:00:00,13.3,11.0
2023-04-24 06:00:00,13.7,59.0
2023-04-24 07:00:00,13.4,57.0
2023-04-24 08:00:00,10.6,41.0
2023-04-24 09:00:00,11.0,422.0
2023-04-24 10:00:00,12.0,531.0
2023-04-24 11:00:00,12.8,540.0
2023-04-24 12:00:00,11.6,633.0
2023-04-24 13:00:00,13.2,494.0
2023-04-24 14:00:00,13.6,678.0
2023-04-24 15:00:00,14.9,489.0
2023-04-24 16:00:00,16.1,339.0
2023-04-24 17:00:00,11.5,192.0
2023-04-24 18:00:00,8.9,41.0
2023-04-24 19:00:00,9.1,0.0
2023-04-24 20:00:00,5.6,0.0
2023-04-24 21:00:00,7.4,0.0
2023-04-24 22:00:00,6.7,0.0
2023-04-24 23:00:00,7.3,0.0
2023-04-25 00:00:00,1.1,0.0
2023-04-25 01:00:00,1.9,0.0
2023-04-25 02:00:00,0.7,0.0
2023-04-25 03:00:00,5.3,0.0
2023-04-25 04:00:00,4.9,0.0
2023-04-25 05:00:00,3.3,12.0
2023-04-25 06:00:00,4.0,86.0
2023-04-25 07:00:00,3.4,249.0
2023-04-25 08:00:00,5.8,376.0
2023-04-25 09:00:00,5.1,474.0
2023-04-25 10:00:00,7.7,739.0
2023-04-25 11:00:00,10.5,810.0
2023-04-25 12:00:00,11.3,652.0
2023-04-25 13:00:00,13.4,656.0
2023-04-25 14:00:00,11.6,545.0
2023-04-25 15:00:00,12.4,474.0
2023-04-25 16:00:00,12.0,315.0
2023-04-25 17:00:00,9.5,154.0
2023-04-25 18:00:00,8.4,35.0
2023-04-25 19:00:00,5.9,0.0
2023-04-25 20:00:00,6.6,0.0
2023-04-25 21:00:00,7.4,0.0
2023-04-25 22:00:00,8.4,0.0
2023-04-25 23:00:00,7.6,0.0
2023-04-26 00:00:00,12.4,0.0
2023-04-26 01:00:00,12.4,0.0
2023-04-26 02:00:00,12.2,0.0
2023-04-26 03:00:00,10.9,0.0
2023-04-26 04:00:00,11.9,0.0
2023-04-26 05:00:00,12.8,23.0
2023-04-26 06:00:00,7.9,165.0
2023-04-26 07:00:00,7.2,356.0
2023-04-26 08:00:00,8.0,546.0
2023-04-26 09:00:00,6.2,709.0
2023-04-26 10:00:00,2.6,826.0
2023-04-26 11:00:00,4.3,880.0
2023-04-26 12:00:00,7.4,835.0
2023-04-26 13:00:00,8.2,842.0
2023-04-26 14:00:00,14.8,711.0
2023-04-26 15:00:00,18.5,562.0
2023-04-26 16:00:00,13.4,394.0
2023-04-26 17:00:00,12.0,204.0
2023-04-26 18:00:00,6.3,48.0
2023-04-26 19:00:00,4.3,0.0
2023-04-26 20:00:00,5.5,0.0
2023-04-26 21:00:00,6.7,0.0
2023-04-26 22:00:00,4.0,0.0
2023-04-26 23:00:00,3.6,0.0
2023-04-27 00:00:00,3.8,0.0
2023-04-27 01:00:00,4.3,0.0
2023-04-27 02:00:00,4.2,0.0
2023-04-27 03:00:00,5.5,0.0
2023-04-27 04:00:00,5.6,0.0
2023-04-27 05:00:00,6.4,23.0
2023-04-27 06:00:00,5.0,160.0
2023-04-27 07:00:00,5.1,349.0
2023-04-27 08:00:00,2.9,536.0
2023-04-27 09:00:00,3.7,697.0
2023-04-27 10:00:00,7.1,814.0
2023-04-27 11:00:00,10.2,875.0
2023-04-27 12:00:00,9.3,877.0
2023-04-27 13:00:00,10.6,853.0
2023-04-27 14:00:00,14.8,733.0
2023-04-27 15:00:00,14.7,595.0
2023-04-27 16:00:00,14.7,401.0
2023-04-27 17:00:00,8.0,196.0
2023-04-27 18:00:00,4.7,45.0
2023-04-27 19:00:00,5.5,0.0
2023-04-27 20:00:00,5.5,0.0
2023-04-27 21:00:00,4.1,0.0
2023-04-27 22:00:00,3.6,0.0
2023-04-27 23:00:00,5.5,0.0
2023-04-28 00:00:00,7.1,0.0
2023-04-28 01:00:00,5.2,0.0
2023-04-28 02:00:00,4.6,0.0
2023-04-28 03:00:00,5.2,0.0
2023-04-28 04:00:00,6.8,0.0
2023-04-28 05:00:00,5.6,26.0
2023-04-28 06:00:00,5.7,166.0
2023-04-28 07:00:00,5.9,354.0
2023-04-28 08:00:00,2.9,539.0
2023-04-28 09:00:00,3.4,696.0
2023-04-28 10:00:00,9.7,811.0
2023-04-28 11:00:00,14.1,872.0
2023-04-28 12:00:00,15.0,878.0
2023-04-28 13:00:00,14.1,791.0
2023-04-28 14:00:00,15.0,696.0
2023-04-28 15:00:00,15.3,564.0
2023-04-28 16:00:00,12.5,357.0
2023-04-28 17:00:00,8.7,200.0
2023-04-28 18:00:00,6.6,45.0
2023-04-28 19:00:00,5.8,0.0
2023-04-28 20:00:00,4.6,0.0
2023-04-28 21:00:00,5.0,0.0
2023-04-28 22:00:00,3.6,0.0
2023-04-28 23:00:00,2.9,0.0
2023-04-29 00:00:00,6.0,0.0
2023-04-29 01:00:00,4.7,0.0
2023-04-29 02:00:00,6.4,0.0
2023-04-29 03:00:00,3.8,0.0
2023-04-29 04:00:00,4.3,0.0
2023-04-29 05:00:00,2.7,25.0
2023-04-29 06:00:00,0.4,159.0
2023-04-29 07:00:00,1.0,343.0
2023-04-29 08:00:00,4.2,515.0
2023-04-29 09:00:00,6.2,673.0
2023-04-29 10:00:00,8.2,775.0
2023-04-29 11:00:00,10.2,730.0
2023-04-29 12:00:00,4.7,715.0
2023-04-29 13:00:00,5.8,775.0
2023-04-29 14:00:00,8.3,417.0
2023-04-29 15:00:00,11.8,430.0
2023-04-29 16:00:00,13.5,328.0
2023-04-29 17:00:00,11.1,165.0
2023-04-29 18:00:00,8.2,33.0
2023-04-29 19:00:00,6.0,0.0
2023-04-29 20:00:00,5.9,0.0
2023-04-29 21:00:00,1.9,0.0
2023-04-29 22:00:00,1.1,0.0
2023-04-29 23:00:00,3.6,0.0
2023-04-30 00:00:00,5.0,0.0
2023-04-30 01:00:00,3.2,0.0
2023-04-30 02:00:00,2.5,0.0
2023-04-30 03:00:00,6.6,0.0
2023-04-30 04:00:00,6.4,0.0
2023-04-30 05:00:00,2.8,26.0
2023-04-30 06:00:00,4.2,131.0
2023-04-30 07:00:00,4.8,235.0
2023-04-30 08:00:00,4.5,390.0
2023-04-30 09:00:00,2.7,517.0
2023-04-30 10:00:00,1.5,500.0
2023-04-30 11:00:00,4.9,527.0
2023-04-30 12:00:00,6.8,314.0
2023-04-30 13:00:00,11.6,186.0
2023-04-30 14:00:00,9.7,239.0
2023-04-30 15:00:00,8.1,129.0
2023-04-30 16:00:00,1.5,78.0
2023-04-30 17:00:00,1.5,32.0
2023-04-30 18:00:00,3.7,15.0
2023-04-30 19:00:00,5.4,0.0
2023-04-30 20:00:00,5.8,0.0
2023-04-30 21:00:00,5.4,0.0
2023-04-30 22:00:00,3.3,0.0
2023-04-30 23:00:00,2.9,0.0
2023-05-01 00:00:00,4.7,0.0
2023-05-01 01:00:00,3.8,0.0
2023-05-01 02:00:00,3.6,0.0
2023-05-01 03:00:00,5.0,0.0
2023-05-01 04:00:00,5.5,0.0
2023-05-01 05:00:00,4.8,8.0
2023-05-01 06:00:00,5.5,49.0
2023-05-01 07:00:00,6.1,65.0
2023-05-01 08:00:00,5.0,48.0
2023-05-01 09:00:00,4.0,76.0
2023-05-01 10:00:00,6.6,127.0
2023-05-01 11:00:00,8.0,150.0
2023-05-01 12:00:00,5.2,141.0
2023-05-01 13:00:00,5.2,207.0
2023-05-01 14:00:00,3.4,142.0
2023-05-01 15:00:00,3.9,215.0
2023-05-01 16:00:00,4.0,107.0
2023-05-01 17:00:00,4.0,55.0
2023-05-01 18:00:00,4.3,13.0
2023-05-01 19:00:00,3.4,0.0
2023-05-01 20:00:00,3.3,0.0
2023-05-01 21:00:00,1.6,0.0
2023-05-01 22:00:00,3.6,0.0
2023-05-01 23:00:00,4.7,0.0
2023-05-02 00:00:00,3.1,0.0
2023-05-02 01:00:00,5.1,0.0
2023-05-02 02:00:00,7.2,0.0
2023-05-02 03:00:00,3.6,0.0
2023-05-02 04:00:00,3.7,0.0
2023-05-02 05:00:00,3.1,13.0
2023-05-02 06:00:00,0.7,73.0
2023-05-02 07:00:00,3.7,214.0
2023-05-02 08:00:00,3.3,356.0
2023-05-02 09:00:00,3.1,424.0
2023-05-02 10:00:00,2.5,531.0
2023-05-02 11:00:00,1.9,611.0
2023-05-02 12:00:00,10.0,445.0
2023-05-02 13:00:00,4.7,297.0
2023-05-02 14:00:00,5.4,378.0
2023-05-02 15:00:00,4.6,312.0
2023-05-02 16:00:00,5.6,202.0
2023-05-02 17:00:00,2.9,160.0
2023-05-02 18:00:00,1.8,32.0
2023-05-02 19:00:00,4.0,0.0
2023-05-02 20:00:00,5.2,0.0
2023-05-02 21:00:00,5.0,0.0
2023-05-02 22:00:00,6.4,0.0
2023-05-02 23:00:00,4.3,0.0
2023-05-03 00:00:00,4.8,0.0
2023-05-03 01:00:00,6.1,0.0
2023-05-03 02:00:00,6.5,0.0
2023-05-03 03:00:00,7.2,0.0
2023-05-03 04:00:00,4.5,0.0
2023-05-03 05:00:00,6.2,32.0
2023-05-03 06:00:00,5.9,168.0
2023-05-03 07:00:00,6.6,360.0
2023-05-03 08:00:00,6.2,540.0
2023-05-03 09:00:00,6.3,675.0
2023-05-03 10:00:00,4.0,579.0
2023-05-03 11:00:00,3.9,651.0
2023-05-03 12:00:00,6.1,745.0
2023-05-03 13:00:00,2.7,304.0
2023-05-03 14:00:00,3.5,545.0
2023-05-03 15:00:00,4.2,166.0
2023-05-03 16:00:00,6.4,108.0
2023-05-03 17:00:00,4.7,96.0
2023-05-03 18:00:00,6.2,52.0
2023-05-03 19:00:00,6.2,0.0
2023-05-03 20:00:00,7.7,0.0
2023-05-03 21:00:00,7.1,0.0
2023-05-03 22:00:00,7.1,0.0
2023-05-03 23:00:00,7.2,0.0
2023-05-04 00:00:00,2.5,0.0
2023-05-04 01:00:00,4.0,0.0
2023-05-04 02:00:00,4.5,0.0
2023-05-04 03:00:00,4.9,0.0
2023-05-04 04:00:00,6.6,0.0
2023-05-04 05:00:00,5.6,33.0
2023-05-04 06:00:00,7.2,176.0
2023-05-04 07:00:00,9.1,361.0
2023-05-04 08:00:00,5.9,547.0
2023-05-04 09:00:00,4.7,706.0
2023-05-04 10:00:00,3.9,744.0
2023-05-04 11:00:00,3.9,765.0
2023-05-04 12:00:00,4.3,658.0
2023-05-04 13:00:00,6.3,672.0
2023-05-04 14:00:00,14.8,509.0
2023-05-04 15:00:00,19.1,540.0
2023-05-04 16:00:00,12.9,322.0
2023-05-04 17:00:00,10.0,191.0
2023-05-04 18:00:00,9.9,58.0
2023-05-04 19:00:00,8.7,0.0
2023-05-04 20:00:00,6.5,0.0
2023-05-04 21:00:00,4.4,0.0
2023-05-04 22:00:00,6.1,0.0
2023-05-04 23:00:00,2.9,0.0
2023-05-05 00:00:00,6.9,0.0
2023-05-05 01:00:00,5.1,0.0
2023-05-05 02:00:00,6.2,0.0
2023-05-05 03:00:00,5.5,0.0
2023-05-05 04:00:00,5.8,0.0
2023-05-05 05:00:00,7.6,37.0
2023-05-05 06:00:00,5.8,183.0
2023-05-05 07:00:00,5.9,365.0
2023-05-05 08:00:00,5.2,534.0
2023-05-05 09:00:00,3.3,686.0
2023-05-05 10:00:00,3.4,754.0
2023-05-05 11:00:00,4.1,756.0
2023-05-05 12:00:00,6.1,738.0
2023-05-05 13:00:00,13.1,698.0
2023-05-05 14:00:00,17.4,713.0
2023-05-05 15:00:00,15.6,570.0
2023-05-05 16:00:00,13.6,388.0
2023-05-05 17:00:00,11.6,218.0
2023-05-05 18:00:00,8.3,62.0
2023-05-05 19:00:00,5.8,0.0
2023-05-05 20:00:00,6.0,0.0
2023-05-05 21:00:00,4.7,0.0
2023-05-05 22:00:00,4.7,0.0
2023-05-05 23:00:00,4.2,0.0
2023-05-06 00:00:00,3.5,0.0
2023-05-06 01:00:00,2.5,0.0
2023-05-06 02:00:00,5.4,0.0
2023-05-06 03:00:00,6.6,0.0
2023-05-06 04:00:00,6.2,0.0
2023-05-06 05:00:00,4.1,39.0
2023-05-06 06:00:00,3.5,184.0
2023-05-06 07:00:00,4.9,369.0
2023-05-06 08:00:00,3.9,546.0
2023-05-06 09:00:00,1.4,703.0
2023-05-06 10:00:00,3.0,804.0
2023-05-06 11:00:00,6.0,783.0
2023-05-06 12:00:00,10.6,806.0
2023-05-06 13:00:00,11.8,760.0
2023-05-06 14:00:00,12.4,726.0
2023-05-06 15:00:00,13.2,566.0
2023-05-06 16:00:00,12.5,389.0
2023-05-06 17:00:00,11.3,218.0
2023-05-06 18:00:00,9.7,63.0
2023-05-06 19:00:00,8.8,1.0
2023-05-06 20:00:00,7.2,0.0
2023-05-06 21:00:00,6.6,0.0
2023-05-06 22:00:00,7.3,0.0
2023-05-06 23:00:00,5.2,0.0
2023-05-07 00:00:00,2.9,0.0
2023-05-07 01:00:00,1.9,0.0
2023-05-07 02:00:00,2.5,0.0
2023-05-07 03:00:00,7.4,0.0
2023-05-07 04:00:00,6.6,0.0
2023-05-07 05:00:00,5.2,41.0
2023-05-07 06:00:00,5.2,186.0
2023-05-07 07:00:00,5.0,372.0
2023-05-07 08:00:00,1.1,548.0
2023-05-07 09:00:00,5.2,707.0
2023-05-07 10:00:00,11.2,814.0
2023-05-07 11:00:00,13.5,880.0
2023-05-07 12:00:00,14.4,872.0
2023-05-07 13:00:00,13.3,774.0
2023-05-07 14:00:00,12.8,686.0
2023-05-07 15:00:00,11.9,585.0
2023-05-07 16:00:00,11.4,407.0
2023-05-07 17:00:00,8.2,224.0
2023-05-07 18:00:00,5.8,67.0
2023-05-07 19:00:00,6.3,1.0
2023-05-07 20:00:00,4.3,0.0
2023-05-07 21:00:00,2.1,0.0
2023-05-07 22:00:00,4.7,0.0
2023-05-07 23:00:00,3.2,0.0
2023-05-08 00:00:00,1.4,0.0
2023-05-08 01:00:00,4.0,0.0
2023-05-08 02:00:00,5.8,0.0
2023-05-08 03:00:00,5.1,0.0
2023-05-08 04:00:00,4.2,0.0
2023-05-08 05:00:00,2.3,31.0
2023-05-08 06:00:00,4.8,124.0
2023-05-08 07:00:00,3.3,236.0
2023-05-08 08:00:00,5.0,247.0
2023-05-08 09:00:00,7.4,389.0
2023-05-08 10:00:00,9.7,370.0
2023-05-08 11:00:00,10.9,269.0
2023-05-08 12:00:00,12.0,281.0
2023-05-08 13:00:00,4.5,253.0
2023-05-08 14:00:00,3.5,286.0
2023-05-08 15:00:00,4.3,210.0
2023-05-08 16:00:00,3.2,134.0
2023-05-08 17:00:00,3.3,75.0
2023-05-08 18:00:00,3.7,43.0
2023-05-08 19:00:00,6.0,1.0
2023-05-08 20:00:00,5.2,0.0
2023-05-08 21:00:00,4.7,0.0
2023-05-08 22:00:00,2.3,0.0
2023-05-08 23:00:00,1.8,0.0
2023-05-09 00:00:00,3.0,0.0
2023-05-09 01:00:00,4.2,0.0
2023-05-09 02:00:00,4.7,0.0
2023-05-09 03:00:00,5.1,0.0
2023-05-09 04:00:00,2.9,0.0
2023-05-09 05:00:00,3.7,9.0
2023-05-09 06:00:00,4.5,42.0
2023-05-09 07:00:00,3.3,139.0
2023-05-09 08:00:00,1.1,505.0
2023-05-09 09:00:00,2.2,634.0
2023-05-09 10:00:00,2.3,743.0
2023-05-09 11:00:00,1.1,738.0
2023-05-09 12:00:00,0.4,731.0
2023-05-09 13:00:00,8.5,736.0
2023-05-09 14:00:00,16.6,516.0
2023-05-09 15:00:00,12.3,472.0
2023-05-09 16:00:00,8.9,315.0
2023-05-09 17:00:00,8.0,196.0
2023-05-09 18:00:00,8.2,61.0
2023-05-09 19:00:00,6.4,1.0
2023-05-09 20:00:00,6.6,0.0
2023-05-09 21:00:00,3.7,0.0
2023-05-09 22:00:00,5.6,0.0
2023-05-09 23:00:00,4.3,0.0
2023-05-10 00:00:00,7.3,0.0
2023-05-10 01:00:00,5.8,0.0
2023-05-10 02:00:00,5.1,0.0
2023-05-10 03:00:00,5.6,0.0
2023-05-10 04:00:00,6.6,0.0
2023-05-10 05:00:00,3.1,10.0
2023-05-10 06:00:00,3.1,35.0
2023-05-10 07:00:00,3.6,136.0
2023-05-10 08:00:00,6.2,217.0
2023-05-10 09:00:00,11.3,221.0
2023-05-10 10:00:00,15.5,160.0
2023-05-10 11:00:00,14.7,201.0
2023-05-10 12:00:00,10.1,122.0
2023-05-10 13:00:00,10.9,162.0
2023-05-10 14:00:00,15.6,330.0
2023-05-10 15:00:00,16.4,281.0
2023-05-10 16:00:00,17.3,301.0
2023-05-10 17:00:00,12.3,110.0
2023-05-10 18:00:00,9.6,54.0
2023-05-10 19:00:00,6.4,1.0
2023-05-10 20:00:00,5.7,0.0
2023-05-10 21:00:00,8.4,0.0
2023-05-10 22:00:00,9.3,0.0
2023-05-10 23:00:00,9.2,0.0
2023-05-11 00:00:00,5.5,0.0
2023-05-11 01:00:00,4.8,0.0
2023-05-11 02:00:00,4.7,0.0
2023-05-11 03:00:00,4.1,0.0
2023-05-11 04:00:00,4.8,0.0
2023-05-11 05:00:00,6.2,40.0
2023-05-11 06:00:00,5.8,168.0
2023-05-11 07:00:00,8.1,276.0
2023-05-11 08:00:00,7.2,422.0
2023-05-11 09:00:00,3.8,598.0
2023-05-11 10:00:00,9.3,751.0
2023-05-11 11:00:00,15.0,668.0
2023-05-11 12:00:00,15.4,441.0
2023-05-11 13:00:00,10.9,691.0
2023-05-11 14:00:00,16.8,430.0
2023-05-11 15:00:00,17.2,454.0
2023-05-11 16:00:00,18.6,389.0
2023-05-11 17:00:00,18.9,217.0
2023-05-11 18:00:00,12.4,68.0
2023-05-11 19:00:00,10.9,2.0
2023-05-11 20:00:00,11.8,0.0
2023-05-11 21:00:00,11.3,0.0
2023-05-11 22:00:00,11.8,0.0
2023-05-11 23:00:00,13.6,0.0
2023-05-12 00:00:00,10.5,0.0
2023-05-12 01:00:00,9.9,0.0
2023-05-12 02:00:00,10.3,0.0
2023-05-12 03:00:00,12.0,0.0
2023-05-12 04:00:00,12.3,0.0
2023-05-12 05:00:00,8.3,34.0
2023-05-12 06:00:00,5.5,111.0
2023-05-12 07:00:00,8.8,159.0
2023-05-12 08:00:00,13.0,433.0
2023-05-12 09:00:00,14.5,441.0
2023-05-12 10:00:00,14.5,304.0
2023-05-12 11:00:00,17.1,589.0
2023-05-12 12:00:00,15.3,758.0
2023-05-12 13:00:00,18.3,737.0
2023-05-12 14:00:00,16.1,568.0
2023-05-12 15:00:00,16.5,528.0
2023-05-12 16:00:00,13.5,368.0
2023-05-12 17:00:00,9.3,208.0
2023-05-12 18:00:00,5.0,72.0
2023-05-12 19:00:00,6.3,2.0
2023-05-12 20:00:00,4.9,0.0
2023-05-12 21:00:00,7.0,0.0
2023-05-12 22:00:00,6.9,0.0
2023-05-12 23:00:00,5.4,0.0
2023-05-13 00:00:00,5.8,0.0
2023-05-13 01:00:00,3.3,0.0
2023-05-13 02:00:00,4.6,0.0
2023-05-13 03:00:00,3.4,0.0
2023-05-13 04:00:00,4.8,0.0
2023-05-13 05:00:00,6.1,22.0
2023-05-13 06:00:00,5.5,74.0
2023-05-13 07:00:00,6.0,194.0
2023-05-13 08:00:00,5.7,239.0
2023-05-13 09:00:00,7.1,280.0
2023-05-13 10:00:00,7.9,473.0
2023-05-13 11:00:00,7.9,597.0
2023-05-13 12:00:00,8.8,399.0
2023-05-13 13:00:00,10.2,200.0
2023-05-13 14:00:00,11.3,74.0
2023-05-13 15:00:00,11.8,65.0
2023-05-13 16:00:00,11.9,32.0
2023-05-13 17:00:00,11.8,20.0
2023-05-13 18:00:00,12.1,12.0
2023-05-13 19:00:00,10.8,1.0
2023-05-13 20:00:00,9.4,0.0
2023-05-13 21:00:00,7.7,0.0
2023-05-13 22:00:00,7.8,0.0
2023-05-13 23:00:00,8.0,0.0
2023-05-14 00:00:00,7.6,0.0
2023-05-14 01:00:00,9.6,0.0
2023-05-14 02:00:00,3.8,0.0
2023-05-14 03:00:00,4.8,0.0
2023-05-14 04:00:00,3.9,0.0
2023-05-14 05:00:00,1.5,23.0
2023-05-14 06:00:00,4.4,133.0
2023-05-14 07:00:00,3.7,141.0
2023-05-14 08:00:00,2.9,560.0
2023-05-14 09:00:00,7.4,543.0
2023-05-14 10:00:00,9.8,660.0
2023-05-14 11:00:00,14.3,866.0
2023-05-14 12:00:00,10.4,626.0
2023-05-14 13:00:00,9.4,684.0
2023-05-14 14:00:00,11.7,727.0
2023-05-14 15:00:00,15.9,580.0
2023-05-14 16:00:00,16.9,404.0
2023-05-14 17:00:00,13.8,237.0
2023-05-14 18:00:00,9.2,80.0
2023-05-14 19:00:00,10.1,3.0
2023-05-14 20:00:00,7.9,0.0
2023-05-14 21:00:00,5.3,0.0
2023-05-14 22:00:00,3.6,0.0
2023-05-14 23:00:00,3.2,0.0
2023-05-15 00:00:00,2.4,0.0
2023-05-15 01:00:00,5.4,0.0
2023-05-15 02:00:00,5.2,0.0
2023-05-15 03:00:00,5.4,0.0
2023-05-15 04:00:00,7.9,0.0
2023-05-15 05:00:00,6.2,54.0
2023-05-15 06:00:00,8.7,212.0
2023-05-15 07:00:00,10.4,357.0
2023-05-15 08:00:00,12.2,505.0
2023-05-15 09:00:00,12.4,661.0
2023-05-15 10:00:00,9.4,729.0
2023-05-15 11:00:00,6.3,540.0
2023-05-15 12:00:00,6.6,489.0
2023-05-15 13:00:00,6.4,515.0
2023-05-15 14:00:00,5.8,278.0
2023-05-15 15:00:00,4.4,127.0
2023-05-15 16:00:00,6.5,77.0
2023-05-15 17:00:00,13.9,55.0
2023-05-15 18:00:00,15.0,10.0
2023-05-15 19:00:00,16.9,0.0
2023-05-15 20:00:00,20.0,0.0
2023-05-15 21:00:00,22.1,0.0
2023-05-15 22:00:00,22.0,0.0
2023-05-15 23:00:00,21.6,0.0
2023-05-16 00:00:00,21.5,0.0
2023-05-16 01:00:00,23.0,0.0
2023-05-16 02:00:00,19.7,0.0
2023-05-16 03:00:00,14.8,0.0
2023-05-16 04:00:00,13.7,0.0
2023-05-16 05:00:00,7.9,17.0
2023-05-16 06:00:00,4.9,96.0
2023-05-16 07:00:00,2.8,218.0
2023-05-16 08:00:00,3.8,378.0
2023-05-16 09:00:00,7.0,139.0
2023-05-16 10:00:00,7.9,207.0
2023-05-16 11:00:00,10.4,175.0
2023-05-16 12:00:00,4.5,265.0
2023-05-16 13:00:00,3.1,145.0
2023-05-16 14:00:00,4.0,264.0
2023-05-16 15:00:00,2.9,73.0
2023-05-16 16:00:00,1.8,178.0
2023-05-16 17:00:00,4.0,81.0
2023-05-16 18:00:00,3.3,30.0
2023-05-16 19:00:00,7.1,1.0
2023-05-16 20:00:00,8.2,0.0
2023-05-16 21:00:00,8.4,0.0
2023-05-16 22:00:00,5.1,0.0
2023-05-16 23:00:00,5.6,0.0
2023-05-17 00:00:00,4.3,0.0
2023-05-17 01:00:00,3.7,0.0
2023-05-17 02:00:00,5.4,0.0
2023-05-17 03:00:00,7.3,0.0
2023-05-17 04:00:00,4.5,0.0
2023-05-17 05:00:00,0.5,31.0
2023-05-17 06:00:00,2.9,140.0
2023-05-17 07:00:00,1.5,313.0
2023-05-17 08:00:00,2.8,272.0
2023-05-17 09:00:00,4.1,275.0
2023-05-17 10:00:00,2.0,240.0
2023-05-17 11:00:00,0.8,352.0
2023-05-17 12:00:00,6.2,428.0
2023-05-17 13:00:00,3.9,166.0
2023-05-17 14:00:00,2.6,350.0
2023-05-17 15:00:00,8.1,416.0
2023-05-17 16:00:00,8.7,192.0
2023-05-17 17:00:00,1.0,113.0
2023-05-17 18:00:00,1.4,18.0
2023-05-17 19:00:00,3.3,1.0
2023-05-17 20:00:00,5.5,0.0
2023-05-17 21:00:00,4.6,0.0
2023-05-17 22:00:00,4.1,0.0
2023-05-17 23:00:00,5.0,0.0
2023-05-18 00:00:00,3.9,0.0
2023-05-18 01:00:00,5.2,0.0
2023-05-18 02:00:00,6.8,0.0
2023-05-18 03:00:00,6.4,0.0
2023-05-18 04:00:00,6.9,0.0
2023-05-18 05:00:00,5.7,56.0
2023-05-18 06:00:00,4.1,179.0
2023-05-18 07:00:00,4.0,249.0
2023-05-18 08:00:00,3.8,244.0
2023-05-18 09:00:00,10.6,502.0
2023-05-18 10:00:00,14.0,239.0
2023-05-18 11:00:00,12.3,387.0
2023-05-18 12:00:00,11.4,532.0
2023-05-18 13:00:00,12.6,406.0
2023-05-18 14:00:00,10.9,377.0
2023-05-18 15:00:00,8.9,243.0
2023-05-18 16:00:00,10.2,235.0
2023-05-18 17:00:00,2.5,72.0
2023-05-18 18:00:00,4.0,40.0
2023-05-18 19:00:00,7.3,2.0
2023-05-18 20:00:00,4.7,0.0
2023-05-18 21:00:00,4.5,0.0
2023-05-18 22:00:00,2.7,0.0
2023-05-18 23:00:00,4.3,0.0
2023-05-19 00:00:00,4.4,0.0
2023-05-19 01:00:00,6.0,0.0
2023-05-19 02:00:00,4.2,0.0
2023-05-19 03:00:00,3.9,0.0
2023-05-19 04:00:00,1.5,0.0
2023-05-19 05:00:00,4.5,12.0
2023-05-19 06:00:00,5.8,90.0
2023-05-19 07:00:00,6.5,321.0
2023-05-19 08:00:00,5.8,433.0
2023-05-19 09:00:00,0.7,334.0
2023-05-19 10:00:00,3.4,344.0
2023-05-19 11:00:00,6.3,593.0
2023-05-19 12:00:00,9.7,857.0
2023-05-19 13:00:00,9.0,742.0
2023-05-19 14:00:00,12.2,514.0
2023-05-19 15:00:00,6.2,453.0
2023-05-19 16:00:00,9.0,148.0
2023-05-19 17:00:00,15.3,92.0
2023-05-19 18:00:00,9.0,39.0
2023-05-19 19:00:00,9.1,2.0
2023-05-19 20:00:00,10.5,0.0
2023-05-19 21:00:00,6.5,0.0
2023-05-19 22:00:00,4.4,0.0
2023-05-19 23:00:00,11.7,0.0
2023-05-20 00:00:00,14.2,0.0
2023-05-20 01:00:00,15.4,0.0
2023-05-20 02:00:00,6.6,0.0
2023-05-20 03:00:00,6.4,0.0
2023-05-20 04:00:00,14.8,0.0
2023-05-20 05:00:00,10.9,15.0
2023-05-20 06:00:00,8.9,59.0
2023-05-20 07:00:00,10.9,136.0
2023-05-20 08:00:00,12.7,99.0
2023-05-20 09:00:00,15.5,441.0
2023-05-20 10:00:00,12.6,214.0
2023-05-20 11:00:00,13.5,120.0
2023-05-20 12:00:00,8.5,228.0
2023-05-20 13:00:00,10.5,198.0
2023-05-20 14:00:00,10.2,286.0
2023-05-20 15:00:00,10.0,216.0
2023-05-20 16:00:00,8.7,66.0
2023-05-20 17:00:00,9.4,64.0
2023-05-20 18:00:00,8.8,23.0
2023-05-20 19:00:00,11.1,1.0
2023-05-20 20:00:00,11.5,0.0
2023-05-20 21:00:00,14.8,0.0
2023-05-20 22:00:00,13.6,0.0
2023-05-20 23:00:00,11.7,0.0
2023-05-21 00:00:00,10.1,0.0
2023-05-21 01:00:00,7.3,0.0
2023-05-21 02:00:00,8.7,0.0
2023-05-21 03:00:00,6.6,0.0
2023-05-21 04:00:00,4.6,0.0
2023-05-21 05:00:00,7.2,29.0
2023-05-21 06:00:00,6.6,163.0
2023-05-21 07:00:00,5.8,108.0
2023-05-21 08:00:00,7.6,336.0
2023-05-21 09:00:00,8.8,705.0
2023-05-21 10:00:00,7.7,814.0
2023-05-21 11:00:00,8.9,871.0
2023-05-21 12:00:00,5.4,577.0
2023-05-21 13:00:00,9.6,488.0
2023-05-21 14:00:00,4.5,351.0
2023-05-21 15:00:00,10.2,491.0
2023-05-21 16:00:00,6.0,315.0
2023-05-21 17:00:00,7.3,117.0
2023-05-21 18:00:00,4.3,69.0
2023-05-21 19:00:00,4.6,4.0
2023-05-21 20:00:00,4.8,0.0
2023-05-21 21:00:00,4.8,0.0
2023-05-21 22:00:00,5.2,0.0
2023-05-21 23:00:00,3.9,0.0
2023-05-22 00:00:00,3.4,0.0
2023-05-22 01:00:00,6.2,0.0
2023-05-22 02:00:00,8.1,0.0
2023-05-22 03:00:00,5.4,0.0
2023-05-22 04:00:00,4.6,1.0
2023-05-22 05:00:00,5.6,58.0
2023-05-22 06:00:00,4.3,211.0
2023-05-22 07:00:00,5.4,393.0
2023-05-22 08:00:00,4.2,567.0
2023-05-22 09:00:00,2.6,729.0
2023-05-22 10:00:00,3.3,831.0
2023-05-22 11:00:00,4.1,852.0
2023-05-22 12:00:00,12.1,794.0
2023-05-22 13:00:00,2.5,360.0
2023-05-22 14:00:00,6.0,510.0
2023-05-22 15:00:00,5.8,500.0
2023-05-22 16:00:00,8.8,388.0
2023-05-22 17:00:00,5.8,163.0
2023-05-22 18:00:00,5.6,53.0
2023-05-22 19:00:00,4.5,5.0
2023-05-22 20:00:00,5.4,0.0
2023-05-22 21:00:00,5.0,0.0
2023-05-22 22:00:00,5.6,0.0
2023-05-22 23:00:00,5.6,0.0
2023-05-23 00:00:00,7.1,0.0
2023-05-23 01:00:00,3.9,0.0
2023-05-23 02:00:00,5.4,0.0
2023-05-23 03:00:00,6.4,0.0
2023-05-23 04:00:00,5.1,1.0
2023-05-23 05:00:00,4.4,67.0
2023-05-23 06:00:00,5.7,221.0
2023-05-23 07:00:00,4.7,404.0
2023-05-23 08:00:00,2.6,582.0
2023-05-23 09:00:00,4.7,738.0
2023-05-23 10:00:00,6.4,833.0
2023-05-23 11:00:00,6.3,889.0
2023-05-23 12:00:00,8.3,840.0
2023-05-23 13:00:00,3.5,501.0
2023-05-23 14:00:00,3.4,546.0
2023-05-23 15:00:00,2.6,379.0
2023-05-23 16:00:00,1.8,301.0
2023-05-23 17:00:00,4.0,171.0
2023-05-23 18:00:00,3.6,69.0
2023-05-23 19:00:00,5.4,6.0
2023-05-23 20:00:00,3.6,0.0
2023-05-23 21:00:00,4.0,0.0
2023-05-23 22:00:00,2.1,0.0
2023-05-23 23:00:00,1.8,0.0
2023-05-24 00:00:00,6.4,0.0
2023-05-24 01:00:00,4.4,0.0
2023-05-24 02:00:00,5.5,0.0
2023-05-24 03:00:00,5.4,0.0
2023-05-24 04:00:00,6.0,1.0
2023-05-24 05:00:00,6.0,67.0
2023-05-24 06:00:00,6.0,220.0
2023-05-24 07:00:00,5.9,402.0
2023-05-24 08:00:00,4.1,579.0
2023-05-24 09:00:00,2.5,733.0
2023-05-24 10:00:00,2.3,840.0
2023-05-24 11:00:00,10.9,902.0
2023-05-24 12:00:00,9.2,645.0
2023-05-24 13:00:00,10.1,628.0
2023-05-24 14:00:00,4.6,559.0
2023-05-24 15:00:00,7.6,555.0
2023-05-24 16:00:00,7.6,286.0
2023-05-24 17:00:00,8.2,234.0
2023-05-24 18:00:00,9.0,86.0
2023-05-24 19:00:00,5.4,6.0
2023-05-24 20:00:00,4.6,0.0
2023-05-24 21:00:00,5.6,0.0
2023-05-24 22:00:00,2.6,0.0
2023-05-24 23:00:00,6.6,0.0
2023-05-25 00:00:00,6.0,0.0
2023-05-25 01:00:00,5.6,0.0
2023-05-25 02:00:00,6.4,0.0
2023-05-25 03:00:00,5.4,0.0
2023-05-25 04:00:00,5.2,2.0
2023-05-25 05:00:00,6.8,69.0
2023-05-25 06:00:00,6.6,217.0
2023-05-25 07:00:00,5.2,397.0
2023-05-25 08:00:00,3.7,571.0
2023-05-25 09:00:00,3.1,713.0
2023-05-25 10:00:00,2.7,807.0
2023-05-25 11:00:00,3.6,833.0
2023-05-25 12:00:00,4.1,849.0
2023-05-25 13:00:00,5.8,568.0
2023-05-25 14:00:00,7.6,518.0
2023-05-25 15:00:00,3.8,535.0
2023-05-25 16:00:00,6.1,359.0
2023-05-25 17:00:00,11.9,149.0
2023-05-25 18:00:00,10.2,73.0
2023-05-25 19:00:00,7.0,7.0
2023-05-25 20:00:00,6.6,0.0
2023-05-25 21:00:00,5.2,0.0
2023-05-25 22:00:00,5.7,0.0
2023-05-25 23:00:00,4.4,0.0
2023-05-26 00:00:00,6.4,0.0
2023-05-26 01:00:00,6.4,0.0
2023-05-26 02:00:00,6.9,0.0
2023-05-26 03:00:00,6.9,0.0
2023-05-26 04:00:00,6.6,2.0
2023-05-26 05:00:00,8.9,69.0
2023-05-26 06:00:00,6.7,225.0
2023-05-26 07:00:00,5.1,405.0
2023-05-26 08:00:00,3.9,579.0
2023-05-26 09:00:00,2.3,733.0
2023-05-26 10:00:00,1.5,830.0
2023-05-26 11:00:00,1.3,853.0
2023-05-26 12:00:00,5.2,836.0
2023-05-26 13:00:00,18.3,543.0
2023-05-26 14:00:00,9.2,346.0
2023-05-26 15:00:00,7.4,427.0
2023-05-26 16:00:00,6.6,391.0
2023-05-26 17:00:00,4.1,238.0
2023-05-26 18:00:00,4.4,97.0
2023-05-26 19:00:00,7.2,7.0
2023-05-26 20:00:00,5.8,0.0
2023-05-26 21:00:00,4.3,0.0
2023-05-26 22:00:00,6.6,0.0
2023-05-26 23:00:00,7.2,0.0
2023-05-27 00:00:00,8.9,0.0
2023-05-27 01:00:00,8.9,0.0
2023-05-27 02:00:00,9.7,0.0
2023-05-27 03:00:00,8.7,0.0
2023-05-27 04:00:00,7.6,2.0
2023-05-27 05:00:00,8.5,73.0
2023-05-27 06:00:00,7.1,230.0
2023-05-27 07:00:00,6.9,413.0
2023-05-27 08:00:00,5.2,590.0
2023-05-27 09:00:00,2.9,738.0
2023-05-27 10:00:00,3.8,820.0
2023-05-27 11:00:00,3.1,858.0
2023-05-27 12:00:00,3.9,851.0
2023-05-27 13:00:00,5.7,741.0
2023-05-27 14:00:00,4.3,556.0
2023-05-27 15:00:00,5.5,442.0
2023-05-27 16:00:00,4.7,322.0
2023-05-27 17:00:00,2.8,206.0
2023-05-27 18:00:00,2.5,90.0
2023-05-27 19:00:00,4.8,8.0
2023-05-27 20:00:00,5.2,0.0
2023-05-27 21:00:00,6.7,0.0
2023-05-27 22:00:00,4.4,0.0
2023-05-27 23:00:00,6.8,0.0
2023-05-28 00:00:00,7.1,0.0
2023-05-28 01:00:00,7.1,0.0
2023-05-28 02:00:00,6.9,0.0
2023-05-28 03:00:00,4.7,0.0
2023-05-28 04:00:00,7.1,2.0
2023-05-28 05:00:00,8.8,72.0
2023-05-28 06:00:00,7.3,225.0
2023-05-28 07:00:00,7.3,401.0
2023-05-28 08:00:00,7.3,560.0
2023-05-28 09:00:00,3.2,726.0
2023-05-28 10:00:00,1.1,802.0
2023-05-28 11:00:00,1.8,768.0
2023-05-28 12:00:00,6.3,721.0
2023-05-28 13:00:00,6.4,754.0
2023-05-28 14:00:00,6.2,694.0
2023-05-28 15:00:00,8.7,534.0
2023-05-28 16:00:00,9.3,354.0
2023-05-28 17:00:00,5.8,222.0
2023-05-28 18:00:00,7.2,93.0
2023-05-28 19:00:00,5.5,8.0
2023-05-28 20:00:00,4.7,0.0
2023-05-28 21:00:00,1.0,0.0
2023-05-28 22:00:00,3.3,0.0
2023-05-28 23:00:00,5.7,0.0
2023-05-29 00:00:00,4.6,0.0
2023-05-29 01:00:00,5.0,0.0
2023-05-29 02:00:00,3.8,0.0
2023-05-29 03:00:00,5.5,0.0
2023-05-29 04:00:00,5.9,2.0
2023-05-29 05:00:00,6.8,72.0
2023-05-29 06:00:00,5.8,227.0
2023-05-29 07:00:00,5.4,407.0
2023-05-29 08:00:00,3.6,565.0
2023-05-29 09:00:00,1.6,726.0
2023-05-29 10:00:00,2.3,812.0
2023-05-29 11:00:00,7.9,860.0
2023-05-29 12:00:00,9.7,557.0
2023-05-29 13:00:00,2.6,676.0
2023-05-29 14:00:00,7.3,607.0
2023-05-29 15:00:00,3.9,464.0
2023-05-29 16:00:00,4.0,257.0
2023-05-29 17:00:00,4.1,205.0
2023-05-29 18:00:00,4.3,100.0
2023-05-29 19:00:00,6.6,9.0
2023-05-29 20:00:00,5.0,0.0
2023-05-29 21:00:00,4.7,0.0
2023-05-29 22:00:00,5.4,0.0
2023-05-29 23:00:00,4.7,0.0
2023-05-30 00:00:00,4.2,0.0
2023-05-30 01:00:00,6.4,0.0
2023-05-30 02:00:00,3.7,0.0
2023-05-30 03:00:00,10.1,0.0
2023-05-30 04:00:00,4.6,2.0
2023-05-30 05:00:00,5.1,72.0
2023-05-30 06:00:00,5.9,221.0
2023-05-30 07:00:00,4.7,376.0
2023-05-30 08:00:00,2.9,542.0
2023-05-30 09:00:00,2.5,703.0
2023-05-30 10:00:00,14.6,824.0
2023-05-30 11:00:00,7.4,648.0
2023-05-30 12:00:00,12.5,344.0
2023-05-30 13:00:00,0.5,525.0
2023-05-30 14:00:00,4.6,408.0
2023-05-30 15:00:00,6.1,554.0
2023-05-30 16:00:00,4.3,416.0
2023-05-30 17:00:00,4.2,228.0
2023-05-30 18:00:00,5.2,103.0
2023-05-30 19:00:00,5.5,9.0
2023-05-30 20:00:00,6.6,0.0
2023-05-30 21:00:00,4.8,0.0
2023-05-30 22:00:00,4.6,0.0
2023-05-30 23:00:00,2.2,0.0
2023-05-31 00:00:00,3.8,0.0
2023-05-31 01:00:00,5.1,0.0
2023-05-31 02:00:00,5.1,0.0
2023-05-31 03:00:00,3.6,0.0
2023-05-31 04:00:00,6.6,2.0
2023-05-31 05:00:00,5.4,74.0
2023-05-31 06:00:00,4.0,223.0
2023-05-31 07:00:00,7.6,397.0
2023-05-31 08:00:00,6.8,488.0
2023-05-31 09:00:00,3.6,685.0
2023-05-31 10:00:00,1.3,841.0
2023-05-31 11:00:00,7.3,919.0
2023-05-31 12:00:00,3.1,691.0
2023-05-31 13:00:00,7.1,805.0
2023-05-31 14:00:00,3.7,476.0
2023-05-31 15:00:00,10.0,267.0
2023-05-31 16:00:00,5.9,271.0
2023-05-31 17:00:00,7.6,236.0
2023-05-31 18:00:00,6.3,90.0
2023-05-31 19:00:00,4.9,10.0
2023-05-31 20:00:00,5.7,0.0
2023-05-31 21:00:00,5.7,0.0
2023-05-31 22:00:00,5.6,0.0
2023-05-31 23:00:00,3.9,0.0
2023-06-01 00:00:00,4.1,0.0
2023-06-01 01:00:00,3.3,0.0
2023-06-01 02:00:00,5.9,0.0
2023-06-01 03:00:00,6.4,0.0
2023-06-01 04:00:00,4.8,3.0
2023-06-01 05:00:00,4.8,75.0
2023-06-01 06:00:00,4.2,228.0
2023-06-01 07:00:00,4.3,404.0
2023-06-01 08:00:00,4.2,579.0
2023-06-01 09:00:00,2.9,733.0
2023-06-01 10:00:00,2.9,850.0
2023-06-01 11:00:00,4.4,904.0
2023-06-01 12:00:00,3.6,746.0
2023-06-01 13:00:00,9.8,804.0
2023-06-01 14:00:00,6.2,690.0
2023-06-01 15:00:00,5.1,430.0
2023-06-01 16:00:00,5.9,349.0
2023-06-01 17:00:00,5.9,250.0
2023-06-01 18:00:00,4.4,103.0
2023-06-01 19:00:00,2.3,11.0
2023-06-01 20:00:00,3.1,0.0
2023-06-01 21:00:00,2.9,0.0
2023-06-01 22:00:00,2.2,0.0
2023-06-01 23:00:00,4.1,0.0
2023-06-02 00:00:00,4.7,0.0
2023-06-02 01:00:00,5.7,0.0
2023-06-02 02:00:00,6.2,0.0
2023-06-02 03:00:00,6.5,0.0
2023-06-02 04:00:00,5.2,3.0
2023-06-02 05:00:00,6.2,75.0
2023-06-02 06:00:00,6.5,228.0
2023-06-02 07:00:00,5.4,407.0
2023-06-02 08:00:00,3.6,582.0
2023-06-02 09:00:00,1.8,731.0
2023-06-02 10:00:00,2.4,808.0
2023-06-02 11:00:00,3.6,863.0
2023-06-02 12:00:00,8.1,827.0
2023-06-02 13:00:00,6.1,573.0
2023-06-02 14:00:00,3.7,544.0
2023-06-02 15:00:00,3.2,466.0
2023-06-02 16:00:00,5.9,305.0
2023-06-02 17:00:00,3.2,221.0
2023-06-02 18:00:00,2.2,92.0
2023-06-02 19:00:00,5.2,10.0
2023-06-02 20:00:00,6.1,0.0
2023-06-02 21:00:00,4.7,0.0
2023-06-02 22:00:00,3.6,0.0
2023-06-02 23:00:00,2.9,0.0
2023-06-03 00:00:00,2.4,0.0
2023-06-03 01:00:00,3.3,0.0
2023-06-03 02:00:00,4.8,0.0
2023-06-03 03:00:00,4.5,0.0
2023-06-03 04:00:00,2.9,2.0
2023-06-03 05:00:00,5.8,64.0
2023-06-03 06:00:00,5.2,216.0
2023-06-03 07:00:00,3.0,399.0
2023-06-03 08:00:00,1.8,570.0
2023-06-03 09:00:00,4.0,702.0
2023-06-03 10:00:00,4.7,690.0
2023-06-03 11:00:00,5.2,775.0
2023-06-03 12:00:00,4.3,715.0
2023-06-03 13:00:00,5.0,638.0
2023-06-03 14:00:00,6.3,644.0
2023-06-03 15:00:00,3.3,540.0
2023-06-03 16:00:00,4.3,291.0
2023-06-03 17:00:00,7.9,151.0
2023-06-03 18:00:00,9.4,98.0
2023-06-03 19:00:00,5.1,12.0
2023-06-03 20:00:00,6.4,0.0
2023-06-03 21:00:00,4.1,0.0
2023-06-03 22:00:00,3.9,0.0
2023-06-03 23:00:00,3.6,0.0
2023-06-04 00:00:00,4.2,0.0
2023-06-04 01:00:00,4.3,0.0
2023-06-04 02:00:00,4.4,0.0
2023-06-04 03:00:00,4.8,0.0
2023-06-04 04:00:00,6.9,3.0
2023-06-04 05:00:00,5.0,68.0
2023-06-04 06:00:00,3.3,188.0
2023-06-04 07:00:00,4.2,328.0
2023-06-04 08:00:00,1.5,464.0
2023-06-04 09:00:00,1.8,577.0
2023-06-04 10:00:00,5.1,744.0
2023-06-04 11:00:00,8.4,729.0
2023-06-04 12:00:00,10.5,548.0
2023-06-04 13:00:00,1.8,354.0
2023-06-04 14:00:00,6.2,492.0
2023-06-04 15:00:00,13.3,356.0
2023-06-04 16:00:00,10.4,138.0
2023-06-04 17:00:00,1.8,70.0
2023-06-04 18:00:00,2.6,18.0
2023-06-04 19:00:00,5.6,3.0
2023-06-04 20:00:00,3.8,0.0
2023-06-04 21:00:00,4.0,0.0
2023-06-04 22:00:00,3.4,0.0
2023-06-04 23:00:00,3.6,0.0
2023-06-05 00:00:00,9.2,0.0
2023-06-05 01:00:00,1.5,0.0
2023-06-05 02:00:00,5.9,0.0
2023-06-05 03:00:00,3.7,0.0
2023-06-05 04:00:00,1.5,2.0
2023-06-05 05:00:00,2.4,50.0
2023-06-05 06:00:00,4.1,152.0
2023-06-05 07:00:00,6.6,273.0
2023-06-05 08:00:00,6.8,432.0
2023-06-05 09:00:00,12.6,395.0
2023-06-05 10:00:00,12.7,474.0
2023-06-05 11:00:00,14.5,585.0
2023-06-05 12:00:00,8.2,571.0
2023-06-05 13:00:00,11.9,632.0
2023-06-05 14:00:00,11.1,618.0
2023-06-05 15:00:00,9.3,474.0
2023-06-05 16:00:00,7.3,296.0
2023-06-05 17:00:00,5.4,163.0
2023-06-05 18:00:00,3.6,79.0
2023-06-05 19:00:00,3.9,8.0
2023-06-05 20:00:00,4.9,0.0
2023-06-05 21:00:00,1.3,0.0
2023-06-05 22:00:00,4.3,0.0
2023-06-05 23:00:00,3.9,0.0
2023-06-06 00:00:00,1.6,0.0
2023-06-06 01:00:00,7.4,0.0
2023-06-06 02:00:00,1.8,0.0
2023-06-06 03:00:00,7.1,0.0
2023-06-06 04:00:00,7.4,1.0
2023-06-06 05:00:00,5.4,60.0
2023-06-06 06:00:00,1.3,209.0
2023-06-06 07:00:00,2.2,396.0
2023-06-06 08:00:00,1.1,493.0
2023-06-06 09:00:00,2.6,693.0
2023-06-06 10:00:00,4.3,798.0
2023-06-06 11:00:00,5.5,703.0
2023-06-06 12:00:00,7.4,448.0
2023-06-06 13:00:00,10.2,724.0
2023-06-06 14:00:00,9.7,526.0
2023-06-06 15:00:00,9.0,559.0
2023-06-06 16:00:00,7.2,429.0
2023-06-06 17:00:00,7.0,250.0
2023-06-06 18:00:00,6.1,108.0
2023-06-06 19:00:00,7.9,13.0
2023-06-06 20:00:00,6.1,0.0
2023-06-06 21:00:00,3.7,0.0
2023-06-06 22:00:00,2.6,0.0
2023-06-06 23:00:00,5.1,0.0
2023-06-07 00:00:00,3.2,0.0
2023-06-07 01:00:00,5.4,0.0
2023-06-07 02:00:00,3.3,0.0
2023-06-07 03:00:00,4.5,0.0
2023-06-07 04:00:00,5.6,3.0
2023-06-07 05:00:00,4.8,79.0
2023-06-07 06:00:00,4.6,230.0
2023-06-07 07:00:00,6.3,406.0
2023-06-07 08:00:00,4.5,567.0
2023-06-07 09:00:00,3.3,723.0
2023-06-07 10:00:00,3.4,778.0
2023-06-07 11:00:00,4.4,855.0
2023-06-07 12:00:00,7.1,850.0
2023-06-07 13:00:00,11.8,809.0
2023-06-07 14:00:00,14.6,599.0
2023-06-07 15:00:00,7.2,464.0
2023-06-07 16:00:00,10.0,387.0
2023-06-07 17:00:00,9.7,233.0
2023-06-07 18:00:00,6.2,109.0
2023-06-07 19:00:00,3.9,13.0
2023-06-07 20:00:00,6.1,0.0
2023-06-07 21:00:00,6.3,0.0
2023-06-07 22:00:00,4.5,0.0
2023-06-07 23:00:00,3.1,0.0
2023-06-08 00:00:00,4.8,0.0
2023-06-08 01:00:00,5.5,0.0
2023-06-08 02:00:00,3.7,0.0
2023-06-08 03:00:00,5.5,0.0
2023-06-08 04:00:00,4.0,3.0
2023-06-08 05:00:00,4.7,72.0
2023-06-08 06:00:00,4.0,202.0
2023-06-08 07:00:00,4.1,397.0
2023-06-08 08:00:00,2.6,570.0
2023-06-08 09:00:00,1.8,669.0
2023-06-08 10:00:00,4.9,759.0
2023-06-08 11:00:00,8.5,829.0
2023-06-08 12:00:00,11.8,744.0
2023-06-08 13:00:00,12.1,839.0
2023-06-08 14:00:00,13.7,729.0
2023-06-08 15:00:00,12.4,586.0
2023-06-08 16:00:00,11.9,458.0
2023-06-08 17:00:00,11.5,281.0
2023-06-08 18:00:00,8.5,118.0
2023-06-08 19:00:00,7.3,14.0
2023-06-08 20:00:00,6.6,0.0
2023-06-08 21:00:00,3.2,0.0
2023-06-08 22:00:00,4.3,0.0
2023-06-08 23:00:00,3.1,0.0
2023-06-09 00:00:00,3.1,0.0
2023-06-09 01:00:00,3.6,0.0
2023-06-09 02:00:00,3.6,0.0
2023-06-09 03:00:00,5.4,0.0
2023-06-09 04:00:00,4.7,3.0
2023-06-09 05:00:00,4.8,77.0
2023-06-09 06:00:00,3.9,219.0
2023-06-09 07:00:00,3.3,410.0
2023-06-09 08:00:00,1.8,562.0
2023-06-09 09:00:00,3.0,718.0
2023-06-09 10:00:00,5.2,827.0
2023-06-09 11:00:00,6.9,876.0
2023-06-09 12:00:00,11.2,781.0
2023-06-09 13:00:00,11.7,750.0
2023-06-09 14:00:00,11.0,658.0
2023-06-09 15:00:00,13.5,440.0
2023-06-09 16:00:00,13.5,284.0
2023-06-09 17:00:00,11.7,158.0
2023-06-09 18:00:00,6.4,79.0
2023-06-09 19:00:00,5.4,12.0
2023-06-09 20:00:00,2.3,0.0
2023-06-09 21:00:00,0.0,0.0
2023-06-09 22:00:00,3.4,0.0
2023-06-09 23:00:00,4.0,0.0
2023-06-10 00:00:00,5.9,0.0
2023-06-10 01:00:00,8.7,0.0
2023-06-10 02:00:00,9.7,0.0
2023-06-10 03:00:00,7.6,0.0
2023-06-10 04:00:00,4.7,2.0
2023-06-10 05:00:00,3.2,74.0
2023-06-10 06:00:00,4.1,185.0
2023-06-10 07:00:00,5.2,342.0
2023-06-10 08:00:00,3.5,565.0
2023-06-10 09:00:00,3.9,715.0
2023-06-10 10:00:00,4.1,774.0
2023-06-10 11:00:00,4.3,802.0
2023-06-10 12:00:00,10.1,747.0
2023-06-10 13:00:00,10.8,737.0
2023-06-10 14:00:00,12.5,733.0
2023-06-10 15:00:00,13.0,599.0
2023-06-10 16:00:00,8.7,387.0
2023-06-10 17:00:00,16.1,250.0
2023-06-10 18:00:00,6.4,90.0
2023-06-10 19:00:00,2.2,14.0
2023-06-10 20:00:00,5.5,0.0
2023-06-10 21:00:00,5.4,0.0
2023-06-10 22:00:00,3.2,0.0
2023-06-10 23:00:00,2.4,0.0
2023-06-11 00:00:00,8.7,0.0
2023-06-11 01:00:00,3.9,0.0
2023-06-11 02:00:00,6.5,0.0
2023-06-11 03:00:00,6.8,0.0
2023-06-11 04:00:00,6.2,3.0
2023-06-11 05:00:00,8.2,75.0
2023-06-11 06:00:00,9.0,219.0
2023-06-11 07:00:00,10.4,390.0
2023-06-11 08:00:00,9.4,559.0
2023-06-11 09:00:00,6.3,713.0
2023-06-11 10:00:00,6.4,778.0
2023-06-11 11:00:00,6.4,889.0
2023-06-11 12:00:00,6.3,817.0
2023-06-11 13:00:00,13.6,593.0
2023-06-11 14:00:00,15.8,589.0
2023-06-11 15:00:00,11.8,419.0
2023-06-11 16:00:00,7.8,351.0
2023-06-11 17:00:00,1.5,153.0
2023-06-11 18:00:00,2.5,100.0
2023-06-11 19:00:00,1.3,15.0
2023-06-11 20:00:00,1.9,0.0
2023-06-11 21:00:00,5.0,0.0
2023-06-11 22:00:00,2.4,0.0
2023-06-11 23:00:00,4.7,0.0
2023-06-12 00:00:00,4.7,0.0
2023-06-12 01:00:00,5.2,0.0
2023-06-12 02:00:00,3.2,0.0
2023-06-12 03:00:00,3.6,0.0
2023-06-12 04:00:00,2.0,3.0
2023-06-12 05:00:00,5.8,78.0
2023-06-12 06:00:00,5.5,231.0
2023-06-12 07:00:00,5.4,408.0
2023-06-12 08:00:00,3.3,581.0
2023-06-12 09:00:00,2.9,727.0
2023-06-12 10:00:00,4.1,827.0
2023-06-12 11:00:00,4.5,892.0
2023-06-12 12:00:00,6.3,881.0
2023-06-12 13:00:00,12.7,819.0
2023-06-12 14:00:00,6.8,485.0
2023-06-12 15:00:00,7.9,523.0
2023-06-12 16:00:00,8.3,399.0
2023-06-12 17:00:00,5.9,207.0
2023-06-12 18:00:00,5.4,102.0
2023-06-12 19:00:00,5.0,15.0
2023-06-12 20:00:00,5.6,0.0
2023-06-12 21:00:00,5.9,0.0
2023-06-12 22:00:00,4.0,0.0
2023-06-12 23:00:00,4.8,0.0
2023-06-13 00:00:00,2.5,0.0
2023-06-13 01:00:00,3.9,0.0
2023-06-13 02:00:00,5.4,0.0
2023-06-13 03:00:00,14.6,0.0
2023-06-13 04:00:00,6.1,2.0
2023-06-13 05:00:00,4.3,51.0
2023-06-13 06:00:00,8.2,201.0
2023-06-13 07:00:00,5.7,365.0
2023-06-13 08:00:00,2.5,539.0
2023-06-13 09:00:00,4.5,660.0
2023-06-13 10:00:00,9.2,694.0
2023-06-13 11:00:00,8.4,598.0
2023-06-13 12:00:00,1.0,294.0
2023-06-13 13:00:00,8.4,281.0
2023-06-13 14:00:00,3.9,430.0
2023-06-13 15:00:00,5.4,249.0
2023-06-13 16:00:00,4.2,155.0
2023-06-13 17:00:00,4.4,84.0
2023-06-13 18:00:00,6.3,75.0
2023-06-13 19:00:00,6.0,7.0
2023-06-13 20:00:00,5.9,0.0
2023-06-13 21:00:00,2.6,0.0
2023-06-13 22:00:00,2.1,0.0
2023-06-13 23:00:00,3.1,0.0
2023-06-14 00:00:00,9.4,0.0
2023-06-14 01:00:00,4.8,0.0
2023-06-14 02:00:00,5.5,0.0
2023-06-14 03:00:00,3.7,0.0
2023-06-14 04:00:00,9.3,2.0
2023-06-14 05:00:00,7.6,64.0
2023-06-14 06:00:00,5.4,208.0
2023-06-14 07:00:00,4.0,377.0
2023-06-14 08:00:00,3.7,498.0
2023-06-14 09:00:00,2.8,618.0
2023-06-14 10:00:00,2.9,607.0
2023-06-14 11:00:00,14.0,464.0
2023-06-14 12:00:00,8.0,286.0
2023-06-14 13:00:00,5.2,393.0
2023-06-14 14:00:00,5.2,387.0
2023-06-14 15:00:00,3.2,290.0
2023-06-14 16:00:00,9.3,23.0
2023-06-14 17:00:00,7.6,149.0
2023-06-14 18:00:00,8.7,47.0
2023-06-14 19:00:00,8.8,5.0
2023-06-14 20:00:00,2.9,0.0
2023-06-14 21:00:00,4.7,0.0
2023-06-14 22:00:00,4.3,0.0
2023-06-14 23:00:00,5.4,0.0
2023-06-15 00:00:00,3.6,0.0
2023-06-15 01:00:00,3.7,0.0
2023-06-15 02:00:00,4.0,0.0
2023-06-15 03:00:00,4.2,0.0
2023-06-15 04:00:00,4.3,2.0
2023-06-15 05:00:00,6.4,56.0
2023-06-15 06:00:00,7.4,158.0
2023-06-15 07:00:00,5.5,338.0
2023-06-15 08:00:00,8.7,515.0
2023-06-15 09:00:00,8.3,723.0
2023-06-15 10:00:00,5.1,781.0
2023-06-15 11:00:00,4.9,766.0
2023-06-15 12:00:00,6.6,713.0
2023-06-15 13:00:00,7.1,732.0
2023-06-15 14:00:00,6.3,477.0
2023-06-15 15:00:00,0.4,352.0
2023-06-15 16:00:00,6.4,286.0
2023-06-15 17:00:00,6.1,252.0
2023-06-15 18:00:00,3.3,116.0
2023-06-15 19:00:00,4.1,16.0
2023-06-15 20:00:00,8.0,0.0
2023-06-15 21:00:00,13.8,0.0
2023-06-15 22:00:00,13.7,0.0
2023-06-15 23:00:00,13.3,0.0
2023-06-16 00:00:00,13.4,0.0
2023-06-16 01:00:00,11.7,0.0
2023-06-16 02:00:00,13.8,0.0
2023-06-16 03:00:00,14.5,0.0
2023-06-16 04:00:00,14.0,4.0
2023-06-16 05:00:00,14.1,70.0
2023-06-16 06:00:00,11.9,217.0
2023-06-16 07:00:00,13.0,402.0
2023-06-16 08:00:00,14.8,595.0
2023-06-16 09:00:00,15.0,751.0
2023-06-16 10:00:00,14.4,864.0
2023-06-16 11:00:00,12.6,922.0
2023-06-16 12:00:00,11.9,895.0
2023-06-16 13:00:00,16.6,847.0
2023-06-16 14:00:00,21.1,712.0
2023-06-16 15:00:00,20.7,618.0
2023-06-16 16:00:00,18.8,471.0
2023-06-16 17:00:00,17.4,297.0
2023-06-16 18:00:00,16.1,129.0
2023-06-16 19:00:00,13.1,17.0
2023-06-16 20:00:00,10.2,0.0
2023-06-16 21:00:00,7.6,0.0
2023-06-16 22:00:00,5.5,0.0
2023-06-16 23:00:00,6.5,0.0
2023-06-17 00:00:00,7.6,0.0
2023-06-17 01:00:00,7.4,0.0
2023-06-17 02:00:00,7.1,0.0
2023-06-17 03:00:00,7.1,0.0
2023-06-17 04:00:00,6.9,4.0
2023-06-17 05:00:00,7.9,83.0
2023-06-17 06:00:00,7.6,242.0
2023-06-17 07:00:00,7.6,424.0
2023-06-17 08:00:00,7.7,601.0
2023-06-17 09:00:00,8.8,753.0
2023-06-17 10:00:00,9.0,866.0
2023-06-17 11:00:00,9.4,932.0
2023-06-17 12:00:00,9.2,912.0
2023-06-17 13:00:00,8.4,802.0
2023-06-17 14:00:00,10.8,718.0
2023-06-17 15:00:00,10.9,607.0
2023-06-17 16:00:00,7.6,463.0
2023-06-17 17:00:00,4.2,297.0
2023-06-17 18:00:00,6.0,133.0
2023-06-17 19:00:00,7.9,18.0
2023-06-17 20:00:00,6.8,0.0
2023-06-17 21:00:00,5.9,0.0
2023-06-17 22:00:00,5.4,0.0
2023-06-17 23:00:00,5.8,0.0
2023-06-18 00:00:00,5.2,0.0
2023-06-18 01:00:00,3.4,0.0
2023-06-18 02:00:00,4.4,0.0
2023-06-18 03:00:00,5.6,0.0
2023-06-18 04:00:00,5.1,4.0
2023-06-18 05:00:00,4.9,81.0
2023-06-18 06:00:00,4.5,237.0
2023-06-18 07:00:00,4.5,418.0
2023-06-18 08:00:00,3.3,593.0
2023-06-18 09:00:00,4.0,744.0
2023-06-18 10:00:00,7.4,853.0
2023-06-18 11:00:00,9.2,862.0
2023-06-18 12:00:00,9.9,817.0
2023-06-18 13:00:00,11.0,772.0
2023-06-18 14:00:00,12.7,728.0
2023-06-18 15:00:00,11.8,593.0
2023-06-18 16:00:00,9.1,444.0
2023-06-18 17:00:00,8.4,284.0
2023-06-18 18:00:00,8.9,121.0
2023-06-18 19:00:00,7.4,17.0
2023-06-18 20:00:00,5.2,0.0
2023-06-18 21:00:00,3.4,0.0
2023-06-18 22:00:00,6.2,0.0
2023-06-18 23:00:00,2.6,0.0
2023-06-19 00:00:00,5.2,0.0
2023-06-19 01:00:00,6.6,0.0
2023-06-19 02:00:00,4.6,0.0
2023-06-19 03:00:00,5.9,0.0
2023-06-19 04:00:00,5.6,4.0
2023-06-19 05:00:00,6.5,80.0
2023-06-19 06:00:00,4.9,234.0
2023-06-19 07:00:00,5.7,411.0
2023-06-19 08:00:00,5.0,571.0
2023-06-19 09:00:00,3.6,680.0
2023-06-19 10:00:00,2.2,676.0
2023-06-19 11:00:00,6.4,708.0
2023-06-19 12:00:00,11.8,836.0
2023-06-19 13:00:00,16.3,864.0
2023-06-19 14:00:00,15.3,760.0
2023-06-19 15:00:00,13.6,634.0
2023-06-19 16:00:00,9.9,475.0
2023-06-19 17:00:00,6.4,301.0
2023-06-19 18:00:00,4.7,131.0
2023-06-19 19:00:00,5.1,18.0
2023-06-19 20:00:00,5.2,0.0
2023-06-19 21:00:00,4.9,0.0
2023-06-19 22:00:00,2.2,0.0
2023-06-19 23:00:00,4.7,0.0
2023-06-20 00:00:00,6.8,0.0
2023-06-20 01:00:00,6.1,0.0
2023-06-20 02:00:00,4.6,0.0
2023-06-20 03:00:00,5.5,0.0
2023-06-20 04:00:00,4.1,4.0
2023-06-20 05:00:00,5.5,80.0
2023-06-20 06:00:00,7.5,237.0
2023-06-20 07:00:00,5.4,418.0
2023-06-20 08:00:00,3.3,592.0
2023-06-20 09:00:00,1.5,740.0
2023-06-20 10:00:00,3.3,849.0
2023-06-20 11:00:00,6.6,911.0
2023-06-20 12:00:00,3.1,918.0
2023-06-20 13:00:00,4.3,864.0
2023-06-20 14:00:00,12.5,749.0
2023-06-20 15:00:00,15.9,590.0
2023-06-20 16:00:00,11.5,478.0
2023-06-20 17:00:00,5.7,295.0
2023-06-20 18:00:00,5.1,130.0
2023-06-20 19:00:00,5.4,19.0
2023-06-20 20:00:00,3.6,0.0
2023-06-20 21:00:00,1.8,0.0
2023-06-20 22:00:00,4.3,0.0
2023-06-20 23:00:00,5.1,0.0
2023-06-21 00:00:00,5.5,0.0
2023-06-21 01:00:00,6.0,0.0
2023-06-21 02:00:00,6.5,0.0
2023-06-21 03:00:00,7.8,0.0
2023-06-21 04:00:00,7.3,4.0
2023-06-21 05:00:00,1.9,80.0
2023-06-21 06:00:00,4.5,234.0
2023-06-21 07:00:00,6.6,413.0
2023-06-21 08:00:00,5.2,586.0
2023-06-21 09:00:00,2.4,729.0
2023-06-21 10:00:00,3.4,842.0
2023-06-21 11:00:00,7.1,909.0
2023-06-21 12:00:00,2.9,919.0
2023-06-21 13:00:00,4.6,861.0
2023-06-21 14:00:00,9.8,775.0
2023-06-21 15:00:00,12.8,645.0
2023-06-21 16:00:00,12.0,479.0
2023-06-21 17:00:00,9.7,300.0
2023-06-21 18:00:00,6.6,132.0
2023-06-21 19:00:00,6.4,19.0
2023-06-21 20:00:00,2.3,0.0
2023-06-21 21:00:00,0.8,0.0
2023-06-21 22:00:00,4.3,0.0
2023-06-21 23:00:00,6.5,0.0
2023-06-22 00:00:00,6.4,0.0
2023-06-22 01:00:00,4.5,0.0
2023-06-22 02:00:00,5.5,0.0
2023-06-22 03:00:00,5.5,0.0
2023-06-22 04:00:00,6.8,3.0
2023-06-22 05:00:00,7.9,80.0
2023-06-22 06:00:00,6.9,235.0
2023-06-22 07:00:00,6.5,415.0
2023-06-22 08:00:00,5.4,590.0
2023-06-22 09:00:00,1.8,739.0
2023-06-22 10:00:00,3.1,847.0
2023-06-22 11:00:00,6.8,908.0
2023-06-22 12:00:00,0.7,921.0
2023-06-22 13:00:00,7.2,833.0
2023-06-22 14:00:00,12.4,720.0
2023-06-22 15:00:00,11.9,630.0
2023-06-22 16:00:00,9.4,454.0
2023-06-22 17:00:00,5.3,292.0
2023-06-22 18:00:00,4.3,133.0
2023-06-22 19:00:00,6.8,19.0
2023-06-22 20:00:00,11.1,0.0
2023-06-22 21:00:00,5.8,0.0
2023-06-22 22:00:00,5.5,0.0
2023-06-22 23:00:00,5.0,0.0
2023-06-23 00:00:00,6.8,0.0
2023-06-23 01:00:00,8.1,0.0
2023-06-23 02:00:00,5.8,0.0
2023-06-23 03:00:00,5.9,0.0
2023-06-23 04:00:00,6.6,3.0
2023-06-23 05:00:00,7.7,62.0
2023-06-23 06:00:00,5.0,217.0
2023-06-23 07:00:00,5.4,339.0
2023-06-23 08:00:00,9.8,483.0
2023-06-23 09:00:00,13.5,729.0
2023-06-23 10:00:00,14.9,830.0
2023-06-23 11:00:00,15.3,905.0
2023-06-23 12:00:00,17.4,926.0
2023-06-23 13:00:00,18.8,831.0
2023-06-23 14:00:00,19.6,739.0
2023-06-23 15:00:00,15.6,631.0
2023-06-23 16:00:00,9.5,452.0
2023-06-23 17:00:00,6.8,270.0
2023-06-23 18:00:00,8.0,113.0
2023-06-23 19:00:00,10.8,17.0
2023-06-23 20:00:00,8.9,0.0
2023-06-23 21:00:00,7.4,0.0
2023-06-23 22:00:00,7.4,0.0
2023-06-23 23:00:00,5.1,0.0
2023-06-24 00:00:00,5.3,0.0
2023-06-24 01:00:00,3.3,0.0
2023-06-24 02:00:00,1.9,0.0
2023-06-24 03:00:00,9.4,0.0
2023-06-24 04:00:00,6.1,2.0
2023-06-24 05:00:00,7.2,68.0
2023-06-24 06:00:00,9.9,223.0
2023-06-24 07:00:00,6.9,396.0
2023-06-24 08:00:00,6.2,563.0
2023-06-24 09:00:00,5.8,708.0
2023-06-24 10:00:00,6.6,812.0
2023-06-24 11:00:00,8.9,813.0
2023-06-24 12:00:00,14.5,739.0
2023-06-24 13:00:00,1.1,737.0
2023-06-24 14:00:00,7.6,432.0
2023-06-24 15:00:00,2.3,551.0
2023-06-24 16:00:00,6.0,401.0
2023-06-24 17:00:00,6.1,260.0
2023-06-24 18:00:00,7.1,120.0
2023-06-24 19:00:00,7.9,19.0
2023-06-24 20:00:00,7.3,0.0
2023-06-24 21:00:00,8.6,0.0
2023-06-24 22:00:00,9.5,0.0
2023-06-24 23:00:00,11.6,0.0
2023-06-25 00:00:00,8.2,0.0
2023-06-25 01:00:00,9.0,0.0
2023-06-25 02:00:00,7.6,0.0
2023-06-25 03:00:00,7.5,0.0
2023-06-25 04:00:00,8.8,3.0
2023-06-25 05:00:00,9.2,78.0
2023-06-25 06:00:00,8.5,234.0
2023-06-25 07:00:00,9.7,417.0
2023-06-25 08:00:00,11.2,587.0
2023-06-25 09:00:00,9.9,735.0
2023-06-25 10:00:00,6.9,806.0
2023-06-25 11:00:00,6.1,859.0
2023-06-25 12:00:00,7.9,837.0
2023-06-25 13:00:00,9.7,746.0
2023-06-25 14:00:00,7.4,696.0
2023-06-25 15:00:00,3.3,483.0
2023-06-25 16:00:00,4.7,350.0
2023-06-25 17:00:00,5.9,238.0
2023-06-25 18:00:00,12.0,129.0
2023-06-25 19:00:00,12.6,20.0
2023-06-25 20:00:00,10.5,0.0
2023-06-25 21:00:00,8.8,0.0
2023-06-25 22:00:00,9.2,0.0
2023-06-25 23:00:00,7.9,0.0
2023-06-26 00:00:00,9.8,0.0
2023-06-26 01:00:00,11.3,0.0
2023-06-26 02:00:00,9.0,0.0
2023-06-26 03:00:00,5.6,0.0
2023-06-26 04:00:00,8.3,3.0
2023-06-26 05:00:00,8.8,79.0
2023-06-26 06:00:00,7.6,228.0
2023-06-26 07:00:00,7.9,411.0
2023-06-26 08:00:00,7.9,588.0
2023-06-26 09:00:00,5.8,740.0
2023-06-26 10:00:00,3.9,854.0
2023-06-26 11:00:00,4.3,918.0
2023-06-26 12:00:00,2.3,906.0
2023-06-26 13:00:00,5.2,878.0
2023-06-26 14:00:00,11.8,759.0
2023-06-26 15:00:00,17.7,634.0
2023-06-26 16:00:00,19.9,435.0
2023-06-26 17:00:00,19.8,296.0
2023-06-26 18:00:00,14.5,135.0
2023-06-26 19:00:00,4.7,20.0
2023-06-26 20:00:00,4.7,0.0
2023-06-26 21:00:00,4.7,0.0
2023-06-26 22:00:00,3.8,0.0
2023-06-26 23:00:00,3.9,0.0
2023-06-27 00:00:00,6.1,0.0
2023-06-27 01:00:00,4.8,0.0
2023-06-27 02:00:00,5.4,0.0
2023-06-27 03:00:00,3.6,0.0
2023-06-27 04:00:00,4.3,3.0
2023-06-27 05:00:00,5.4,79.0
2023-06-27 06:00:00,5.4,236.0
2023-06-27 07:00:00,4.0,417.0
2023-06-27 08:00:00,2.3,592.0
2023-06-27 09:00:00,6.0,742.0
2023-06-27 10:00:00,8.4,851.0
2023-06-27 11:00:00,10.8,912.0
2023-06-27 12:00:00,7.2,921.0
2023-06-27 13:00:00,15.0,875.0
2023-06-27 14:00:00,17.4,783.0
2023-06-27 15:00:00,17.2,591.0
2023-06-27 16:00:00,15.5,452.0
2023-06-27 17:00:00,12.7,280.0
2023-06-27 18:00:00,9.2,133.0
2023-06-27 19:00:00,9.2,21.0
2023-06-27 20:00:00,7.9,0.0
2023-06-27 21:00:00,6.1,0.0
2023-06-27 22:00:00,4.1,0.0
2023-06-27 23:00:00,4.6,0.0
2023-06-28 00:00:00,5.4,0.0
2023-06-28 01:00:00,5.5,0.0
2023-06-28 02:00:00,4.2,0.0
2023-06-28 03:00:00,3.3,0.0
2023-06-28 04:00:00,2.1,3.0
2023-06-28 05:00:00,1.5,77.0
2023-06-28 06:00:00,2.3,232.0
2023-06-28 07:00:00,2.6,404.0
2023-06-28 08:00:00,8.4,567.0
2023-06-28 09:00:00,12.0,718.0
2023-06-28 10:00:00,13.7,817.0
2023-06-28 11:00:00,17.9,888.0
2023-06-28 12:00:00,17.2,839.0
2023-06-28 13:00:00,15.3,726.0
2023-06-28 14:00:00,14.3,487.0
2023-06-28 15:00:00,15.1,500.0
2023-06-28 16:00:00,15.4,349.0
2023-06-28 17:00:00,15.5,249.0
2023-06-28 18:00:00,12.4,113.0
2023-06-28 19:00:00,6.7,18.0
2023-06-28 20:00:00,6.4,0.0
2023-06-28 21:00:00,5.2,0.0
2023-06-28 22:00:00,2.9,0.0
2023-06-28 23:00:00,3.7,0.0
2023-06-29 00:00:00,2.1,0.0
2023-06-29 01:00:00,1.1,0.0
2023-06-29 02:00:00,2.9,0.0
2023-06-29 03:00:00,3.7,0.0
2023-06-29 04:00:00,2.9,3.0
2023-06-29 05:00:00,4.5,72.0
2023-06-29 06:00:00,4.7,216.0
2023-06-29 07:00:00,3.4,383.0
2023-06-29 08:00:00,1.6,550.0
2023-06-29 09:00:00,0.8,660.0
2023-06-29 10:00:00,3.6,696.0
2023-06-29 11:00:00,12.5,766.0
2023-06-29 12:00:00,15.1,628.0
2023-06-29 13:00:00,9.7,759.0
2023-06-29 14:00:00,12.0,635.0
2023-06-29 15:00:00,10.4,472.0
2023-06-29 16:00:00,5.6,361.0
2023-06-29 17:00:00,9.7,252.0
2023-06-29 18:00:00,8.2,113.0
2023-06-29 19:00:00,7.2,18.0
2023-06-29 20:00:00,6.2,0.0
2023-06-29 21:00:00,4.1,0.0
2023-06-29 22:00:00,4.6,0.0
2023-06-29 23:00:00,2.8,0.0
2023-06-30 00:00:00,6.4,0.0
2023-06-30 01:00:00,6.1,0.0
2023-06-30 02:00:00,4.5,0.0
2023-06-30 03:00:00,4.2,0.0
2023-06-30 04:00:00,4.4,2.0
2023-06-30 05:00:00,4.7,72.0
2023-06-30 06:00:00,3.7,217.0
2023-06-30 07:00:00,2.3,392.0
2023-06-30 08:00:00,3.4,567.0
2023-06-30 09:00:00,9.3,687.0
2023-06-30 10:00:00,14.0,791.0
2023-06-30 11:00:00,14.9,871.0
2023-06-30 12:00:00,17.9,888.0
2023-06-30 13:00:00,7.2,446.0
2023-06-30 14:00:00,7.1,632.0
2023-06-30 15:00:00,15.9,529.0
2023-06-30 16:00:00,16.6,349.0
2023-06-30 17:00:00,12.8,236.0
2023-06-30 18:00:00,13.1,88.0
2023-06-30 19:00:00,4.2,5.0
2023-06-30 20:00:00,7.2,0.0
2023-06-30 21:00:00,10.6,0.0
2023-06-30 22:00:00,7.9,0.0
2023-06-30 23:00:00,11.9,0.0
2023-07-01 00:00:00,10.8,0.0
2023-07-01 01:00:00,8.4,0.0
2023-07-01 02:00:00,10.7,0.0
2023-07-01 03:00:00,3.3,0.0
2023-07-01 04:00:00,7.3,1.0
2023-07-01 05:00:00,3.5,24.0
2023-07-01 06:00:00,16.7,142.0
2023-07-01 07:00:00,16.3,231.0
2023-07-01 08:00:00,18.9,366.0
2023-07-01 09:00:00,16.2,610.0
2023-07-01 10:00:00,11.2,749.0
2023-07-01 11:00:00,10.2,834.0
2023-07-01 12:00:00,7.2,675.0
2023-07-01 13:00:00,7.6,655.0
2023-07-01 14:00:00,17.9,511.0
2023-07-01 15:00:00,11.3,457.0
2023-07-01 16:00:00,11.9,327.0
2023-07-01 17:00:00,7.9,222.0
2023-07-01 18:00:00,3.3,98.0
2023-07-01 19:00:00,0.4,17.0
2023-07-01 20:00:00,1.5,0.0
2023-07-01 21:00:00,2.4,0.0
2023-07-01 22:00:00,3.7,0.0
2023-07-01 23:00:00,1.3,0.0
2023-07-02 00:00:00,3.1,0.0
2023-07-02 01:00:00,3.6,0.0
2023-07-02 02:00:00,4.0,0.0
2023-07-02 03:00:00,5.1,0.0
2023-07-02 04:00:00,3.5,2.0
2023-07-02 05:00:00,5.2,69.0
2023-07-02 06:00:00,4.6,222.0
2023-07-02 07:00:00,4.3,396.0
2023-07-02 08:00:00,3.3,569.0
2023-07-02 09:00:00,2.2,710.0
2023-07-02 10:00:00,1.6,810.0
2023-07-02 11:00:00,2.6,843.0
2023-07-02 12:00:00,6.7,845.0
2023-07-02 13:00:00,12.8,779.0
2023-07-02 14:00:00,12.6,746.0
2023-07-02 15:00:00,13.7,613.0
2023-07-02 16:00:00,14.8,456.0
2023-07-02 17:00:00,12.0,281.0
2023-07-02 18:00:00,8.9,131.0
2023-07-02 19:00:00,7.6,19.0
2023-07-02 20:00:00,9.4,0.0
2023-07-02 21:00:00,8.6,0.0
2023-07-02 22:00:00,8.7,0.0
2023-07-02 23:00:00,7.6,0.0
2023-07-03 00:00:00,5.9,0.0
2023-07-03 01:00:00,6.4,0.0
2023-07-03 02:00:00,6.2,0.0
2023-07-03 03:00:00,8.2,0.0
2023-07-03 04:00:00,9.1,2.0
2023-07-03 05:00:00,8.7,67.0
2023-07-03 06:00:00,6.3,200.0
2023-07-03 07:00:00,9.0,370.0
2023-07-03 08:00:00,10.6,530.0
2023-07-03 09:00:00,12.4,616.0
2023-07-03 10:00:00,15.6,733.0
2023-07-03 11:00:00,17.1,735.0
2023-07-03 12:00:00,16.8,838.0
2023-07-03 13:00:00,17.9,812.0
2023-07-03 14:00:00,17.6,655.0
2023-07-03 15:00:00,17.8,459.0
2023-07-03 16:00:00,17.0,466.0
2023-07-03 17:00:00,15.7,257.0
2023-07-03 18:00:00,13.1,121.0
2023-07-03 19:00:00,9.4,19.0
2023-07-03 20:00:00,5.8,0.0
2023-07-03 21:00:00,8.4,0.0
2023-07-03 22:00:00,7.6,0.0
2023-07-03 23:00:00,5.9,0.0
2023-07-04 00:00:00,3.4,0.0
2023-07-04 01:00:00,4.7,0.0
2023-07-04 02:00:00,6.5,0.0
2023-07-04 03:00:00,6.4,0.0
2023-07-04 04:00:00,7.1,2.0
2023-07-04 05:00:00,5.7,66.0
2023-07-04 06:00:00,6.4,226.0
2023-07-04 07:00:00,7.4,376.0
2023-07-04 08:00:00,6.1,538.0
2023-07-04 09:00:00,3.7,710.0
2023-07-04 10:00:00,5.5,809.0
2023-07-04 11:00:00,6.2,832.0
2023-07-04 12:00:00,5.0,862.0
2023-07-04 13:00:00,9.8,783.0
2023-07-04 14:00:00,13.5,626.0
2023-07-04 15:00:00,12.6,520.0
2023-07-04 16:00:00,11.0,404.0
2023-07-04 17:00:00,6.5,258.0
2023-07-04 18:00:00,6.3,123.0
2023-07-04 19:00:00,6.5,19.0
2023-07-04 20:00:00,8.3,0.0
2023-07-04 21:00:00,7.1,0.0
2023-07-04 22:00:00,5.8,0.0
2023-07-04 23:00:00,3.1,0.0
2023-07-05 00:00:00,5.6,0.0
2023-07-05 01:00:00,4.2,0.0
2023-07-05 02:00:00,4.0,0.0
2023-07-05 03:00:00,4.3,0.0
2023-07-05 04:00:00,4.6,2.0
2023-07-05 05:00:00,6.6,71.0
2023-07-05 06:00:00,5.5,226.0
2023-07-05 07:00:00,4.6,403.0
2023-07-05 08:00:00,3.6,578.0
2023-07-05 09:00:00,2.7,717.0
2023-07-05 10:00:00,3.8,833.0
2023-07-05 11:00:00,5.3,861.0
2023-07-05 12:00:00,8.2,839.0
2023-07-05 13:00:00,9.0,777.0
2023-07-05 14:00:00,12.0,715.0
2023-07-05 15:00:00,14.4,615.0
2023-07-05 16:00:00,15.9,452.0
2023-07-05 17:00:00,13.5,300.0
2023-07-05 18:00:00,9.6,139.0
2023-07-05 19:00:00,9.2,20.0
2023-07-05 20:00:00,7.7,0.0
2023-07-05 21:00:00,5.5,0.0
2023-07-05 22:00:00,3.3,0.0
2023-07-05 23:00:00,4.4,0.0
2023-07-06 00:00:00,3.9,0.0
2023-07-06 01:00:00,3.0,0.0
2023-07-06 02:00:00,3.7,0.0
2023-07-06 03:00:00,4.5,0.0
2023-07-06 04:00:00,3.3,2.0
2023-07-06 05:00:00,5.6,70.0
2023-07-06 06:00:00,5.5,223.0
2023-07-06 07:00:00,3.7,395.0
2023-07-06 08:00:00,3.3,569.0
2023-07-06 09:00:00,8.3,724.0
2023-07-06 10:00:00,12.0,838.0
2023-07-06 11:00:00,16.3,902.0
2023-07-06 12:00:00,11.2,906.0
2023-07-06 13:00:00,13.2,869.0
2023-07-06 14:00:00,17.3,784.0
2023-07-06 15:00:00,18.2,645.0
2023-07-06 16:00:00,15.2,481.0
2023-07-06 17:00:00,10.2,303.0
2023-07-06 18:00:00,5.9,134.0
2023-07-06 19:00:00,4.1,19.0
2023-07-06 20:00:00,4.9,0.0
2023-07-06 21:00:00,5.1,0.0
2023-07-06 22:00:00,4.1,0.0
2023-07-06 23:00:00,1.5,0.0
2023-07-07 00:00:00,5.1,0.0
2023-07-07 01:00:00,3.7,0.0
2023-07-07 02:00:00,5.2,0.0
2023-07-07 03:00:00,4.2,0.0
2023-07-07 04:00:00,3.1,1.0
2023-07-07 05:00:00,5.6,54.0
2023-07-07 06:00:00,4.1,184.0
2023-07-07 07:00:00,5.8,395.0
2023-07-07 08:00:00,7.0,572.0
2023-07-07 09:00:00,5.8,723.0
2023-07-07 10:00:00,4.0,836.0
2023-07-07 11:00:00,4.3,901.0
2023-07-07 12:00:00,4.3,915.0
2023-07-07 13:00:00,7.0,846.0
2023-07-07 14:00:00,10.1,761.0
2023-07-07 15:00:00,13.4,641.0
2023-07-07 16:00:00,16.0,475.0
2023-07-07 17:00:00,13.5,233.0
2023-07-07 18:00:00,10.1,129.0
2023-07-07 19:00:00,5.1,18.0
2023-07-07 20:00:00,5.6,0.0
2023-07-07 21:00:00,3.3,0.0
2023-07-07 22:00:00,3.5,0.0
2023-07-07 23:00:00,4.1,0.0
2023-07-08 00:00:00,3.2,0.0
2023-07-08 01:00:00,3.6,0.0
2023-07-08 02:00:00,7.3,0.0
2023-07-08 03:00:00,9.1,0.0
2023-07-08 04:00:00,4.7,1.0
2023-07-08 05:00:00,6.5,64.0
2023-07-08 06:00:00,5.9,215.0
2023-07-08 07:00:00,9.0,336.0
2023-07-08 08:00:00,5.8,515.0
2023-07-08 09:00:00,3.1,690.0
2023-07-08 10:00:00,7.1,683.0
2023-07-08 11:00:00,5.1,759.0
2023-07-08 12:00:00,3.9,900.0
2023-07-08 13:00:00,4.3,853.0
2023-07-08 14:00:00,9.4,708.0
2023-07-08 15:00:00,17.3,457.0
2023-07-08 16:00:00,17.6,420.0
2023-07-08 17:00:00,14.8,247.0
2023-07-08 18:00:00,10.2,132.0
2023-07-08 19:00:00,6.4,19.0
2023-07-08 20:00:00,6.4,0.0
2023-07-08 21:00:00,3.1,0.0
2023-07-08 22:00:00,3.7,0.0
2023-07-08 23:00:00,3.8,0.0
2023-07-09 00:00:00,4.7,0.0
2023-07-09 01:00:00,4.9,0.0
2023-07-09 02:00:00,4.6,0.0
2023-07-09 03:00:00,4.2,0.0
2023-07-09 04:00:00,5.7,1.0
2023-07-09 05:00:00,6.2,66.0
2023-07-09 06:00:00,6.0,216.0
2023-07-09 07:00:00,6.9,394.0
2023-07-09 08:00:00,5.8,568.0
2023-07-09 09:00:00,5.1,718.0
2023-07-09 10:00:00,5.1,835.0
2023-07-09 11:00:00,4.0,900.0
2023-07-09 12:00:00,4.1,912.0
2023-07-09 13:00:00,7.3,869.0
2023-07-09 14:00:00,15.0,781.0
2023-07-09 15:00:00,18.7,648.0
2023-07-09 16:00:00,16.9,484.0
2023-07-09 17:00:00,14.8,306.0
2023-07-09 18:00:00,11.7,135.0
2023-07-09 19:00:00,8.4,19.0
2023-07-09 20:00:00,8.7,0.0
2023-07-09 21:00:00,6.6,0.0
2023-07-09 22:00:00,3.4,0.0
2023-07-09 23:00:00,3.6,0.0
2023-07-10 00:00:00,3.7,0.0
2023-07-10 01:00:00,4.0,0.0
2023-07-10 02:00:00,5.2,0.0
2023-07-10 03:00:00,6.4,0.0
2023-07-10 04:00:00,6.9,1.0
2023-07-10 05:00:00,6.3,66.0
2023-07-10 06:00:00,4.7,218.0
2023-07-10 07:00:00,5.9,397.0
2023-07-10 08:00:00,5.2,572.0
2023-07-10 09:00:00,3.6,723.0
2023-07-10 10:00:00,3.7,836.0
2023-07-10 11:00:00,3.3,902.0
2023-07-10 12:00:00,4.6,908.0
2023-07-10 13:00:00,9.3,863.0
2023-07-10 14:00:00,14.2,720.0
2023-07-10 15:00:00,16.8,571.0
2023-07-10 16:00:00,17.6,430.0
2023-07-10 17:00:00,18.4,229.0
2023-07-10 18:00:00,13.0,130.0
2023-07-10 19:00:00,5.6,18.0
2023-07-10 20:00:00,5.0,0.0
2023-07-10 21:00:00,3.6,0.0
2023-07-10 22:00:00,3.1,0.0
2023-07-10 23:00:00,0.7,0.0
2023-07-11 00:00:00,1.3,0.0
2023-07-11 01:00:00,4.8,0.0
2023-07-11 02:00:00,5.4,0.0
2023-07-11 03:00:00,5.3,0.0
2023-07-11 04:00:00,5.0,1.0
2023-07-11 05:00:00,6.3,65.0
2023-07-11 06:00:00,6.6,218.0
2023-07-11 07:00:00,5.9,398.0
2023-07-11 08:00:00,2.3,573.0
2023-07-11 09:00:00,6.4,724.0
2023-07-11 10:00:00,10.3,837.0
2023-07-11 11:00:00,14.5,904.0
2023-07-11 12:00:00,12.7,921.0
2023-07-11 13:00:00,17.2,884.0
2023-07-11 14:00:00,17.0,802.0
2023-07-11 15:00:00,16.4,662.0
2023-07-11 16:00:00,15.3,494.0
2023-07-11 17:00:00,11.8,312.0
2023-07-11 18:00:00,8.3,138.0
2023-07-11 19:00:00,6.9,18.0
2023-07-11 20:00:00,4.2,0.0
2023-07-11 21:00:00,2.6,0.0
2023-07-11 22:00:00,2.8,0.0
2023-07-11 23:00:00,1.8,0.0
2023-07-12 00:00:00,1.3,0.0
2023-07-12 01:00:00,4.0,0.0
2023-07-12 02:00:00,0.5,0.0
2023-07-12 03:00:00,3.1,0.0
2023-07-12 04:00:00,4.1,1.0
2023-07-12 05:00:00,5.4,63.0
2023-07-12 06:00:00,6.4,214.0
2023-07-12 07:00:00,6.5,393.0
2023-07-12 08:00:00,11.1,569.0
2023-07-12 09:00:00,13.8,720.0
2023-07-12 10:00:00,19.1,834.0
2023-07-12 11:00:00,20.7,900.0
2023-07-12 12:00:00,18.1,915.0
2023-07-12 13:00:00,20.4,871.0
2023-07-12 14:00:00,21.6,782.0
2023-07-12 15:00:00,22.0,650.0
2023-07-12 16:00:00,19.1,487.0
2023-07-12 17:00:00,17.3,307.0
2023-07-12 18:00:00,12.7,135.0
2023-07-12 19:00:00,10.9,18.0
2023-07-12 20:00:00,9.7,0.0
2023-07-12 21:00:00,8.5,0.0
2023-07-12 22:00:00,7.3,0.0
2023-07-12 23:00:00,9.2,0.0
2023-07-13 00:00:00,11.8,0.0
2023-07-13 01:00:00,10.7,0.0
2023-07-13 02:00:00,10.8,0.0
2023-07-13 03:00:00,11.5,0.0
2023-07-13 04:00:00,10.0,1.0
2023-07-13 05:00:00,8.8,62.0
2023-07-13 06:00:00,14.1,215.0
2023-07-13 07:00:00,17.6,396.0
2023-07-13 08:00:00,24.7,544.0
2023-07-13 09:00:00,25.1,624.0
2023-07-13 10:00:00,23.8,706.0
2023-07-13 11:00:00,23.8,608.0
2023-07-13 12:00:00,23.7,696.0
2023-07-13 13:00:00,23.5,733.0
2023-07-13 14:00:00,23.4,570.0
2023-07-13 15:00:00,23.2,602.0
2023-07-13 16:00:00,20.6,472.0
2023-07-13 17:00:00,17.6,297.0
2023-07-13 18:00:00,14.5,128.0
2023-07-13 19:00:00,10.1,17.0
2023-07-13 20:00:00,7.1,0.0
2023-07-13 21:00:00,6.6,0.0
2023-07-13 22:00:00,4.7,0.0
2023-07-13 23:00:00,4.3,0.0
2023-07-14 00:00:00,4.3,0.0
2023-07-14 01:00:00,5.3,0.0
2023-07-14 02:00:00,6.1,0.0
2023-07-14 03:00:00,6.4,0.0
2023-07-14 04:00:00,6.3,1.0
2023-07-14 05:00:00,4.9,60.0
2023-07-14 06:00:00,5.9,210.0
2023-07-14 07:00:00,6.5,389.0
2023-07-14 08:00:00,2.5,564.0
2023-07-14 09:00:00,2.3,716.0
2023-07-14 10:00:00,6.3,827.0
2023-07-14 11:00:00,9.5,889.0
2023-07-14 12:00:00,6.1,899.0
2023-07-14 13:00:00,12.7,786.0
2023-07-14 14:00:00,15.6,751.0
2023-07-14 15:00:00,17.1,631.0
2023-07-14 16:00:00,14.8,459.0
2023-07-14 17:00:00,11.5,289.0
2023-07-14 18:00:00,9.5,131.0
2023-07-14 19:00:00,8.2,16.0
2023-07-14 20:00:00,7.7,0.0
2023-07-14 21:00:00,5.7,0.0
2023-07-14 22:00:00,5.2,0.0
2023-07-14 23:00:00,3.8,0.0
2023-07-15 00:00:00,3.0,0.0
2023-07-15 01:00:00,3.4,0.0
2023-07-15 02:00:00,2.9,0.0
2023-07-15 03:00:00,4.4,0.0
2023-07-15 04:00:00,4.5,0.0
2023-07-15 05:00:00,3.9,58.0
2023-07-15 06:00:00,4.1,208.0
2023-07-15 07:00:00,3.6,388.0
2023-07-15 08:00:00,1.8,565.0
2023-07-15 09:00:00,6.6,717.0
2023-07-15 10:00:00,10.7,831.0
2023-07-15 11:00:00,11.2,908.0
2023-07-15 12:00:00,11.3,915.0
2023-07-15 13:00:00,15.6,848.0
2023-07-15 14:00:00,14.3,778.0
2023-07-15 15:00:00,14.1,644.0
2023-07-15 16:00:00,13.6,485.0
2023-07-15 17:00:00,10.5,305.0
2023-07-15 18:00:00,8.8,133.0
2023-07-15 19:00:00,7.9,16.0
2023-07-15 20:00:00,6.5,0.0
2023-07-15 21:00:00,2.9,0.0
2023-07-15 22:00:00,1.8,0.0
2023-07-15 23:00:00,2.2,0.0
2023-07-16 00:00:00,3.1,0.0
2023-07-16 01:00:00,4.6,0.0
2023-07-16 02:00:00,3.7,0.0
2023-07-16 03:00:00,5.1,0.0
2023-07-16 04:00:00,5.8,0.0
2023-07-16 05:00:00,6.3,59.0
2023-07-16 06:00:00,4.9,211.0
2023-07-16 07:00:00,4.8,391.0
2023-07-16 08:00:00,3.8,565.0
2023-07-16 09:00:00,6.5,717.0
2023-07-16 10:00:00,9.7,829.0
2023-07-16 11:00:00,12.8,892.0
2023-07-16 12:00:00,12.2,905.0
2023-07-16 13:00:00,15.3,867.0
2023-07-16 14:00:00,12.7,779.0
2023-07-16 15:00:00,16.1,648.0
2023-07-16 16:00:00,14.8,483.0
2023-07-16 17:00:00,11.6,304.0
2023-07-16 18:00:00,6.1,132.0
2023-07-16 19:00:00,4.8,16.0
2023-07-16 20:00:00,5.6,0.0
2023-07-16 21:00:00,5.0,0.0
2023-07-16 22:00:00,1.5,0.0
2023-07-16 23:00:00,1.8,0.0
2023-07-17 00:00:00,3.6,0.0
2023-07-17 01:00:00,4.6,0.0
2023-07-17 02:00:00,6.2,0.0
2023-07-17 03:00:00,6.5,0.0
2023-07-17 04:00:00,6.3,0.0
2023-07-17 05:00:00,8.0,58.0
2023-07-17 06:00:00,5.4,209.0
2023-07-17 07:00:00,5.1,390.0
2023-07-17 08:00:00,4.1,568.0
2023-07-17 09:00:00,1.6,721.0
2023-07-17 10:00:00,7.6,837.0
2023-07-17 11:00:00,10.8,904.0
2023-07-17 12:00:00,1.8,919.0
2023-07-17 13:00:00,9.0,883.0
2023-07-17 14:00:00,14.2,793.0
2023-07-17 15:00:00,14.8,658.0
2023-07-17 16:00:00,13.5,490.0
2023-07-17 17:00:00,16.2,306.0
2023-07-17 18:00:00,13.0,131.0
2023-07-17 19:00:00,6.9,15.0
2023-07-17 20:00:00,4.5,0.0
2023-07-17 21:00:00,3.9,0.0
2023-07-17 22:00:00,0.8,0.0
2023-07-17 23:00:00,4.8,0.0
2023-07-18 00:00:00,4.4,0.0
2023-07-18 01:00:00,0.5,0.0
2023-07-18 02:00:00,3.6,0.0
2023-07-18 03:00:00,4.1,0.0
2023-07-18 04:00:00,3.8,0.0
2023-07-18 05:00:00,5.6,56.0
2023-07-18 06:00:00,4.1,208.0
2023-07-18 07:00:00,4.7,390.0
2023-07-18 08:00:00,4.2,567.0
2023-07-18 09:00:00,2.3,719.0
2023-07-18 10:00:00,3.2,834.0
2023-07-18 11:00:00,6.9,902.0
2023-07-18 12:00:00,10.5,916.0
2023-07-18 13:00:00,9.3,877.0
2023-07-18 14:00:00,11.2,783.0
2023-07-18 15:00:00,15.8,636.0
2023-07-18 16:00:00,17.9,473.0
2023-07-18 17:00:00,13.2,300.0
2023-07-18 18:00:00,11.1,129.0
2023-07-18 19:00:00,8.4,15.0
2023-07-18 20:00:00,6.1,0.0
2023-07-18 21:00:00,4.9,0.0
2023-07-18 22:00:00,4.4,0.0
2023-07-18 23:00:00,6.1,0.0
2023-07-19 00:00:00,4.3,0.0
2023-07-19 01:00:00,4.8,0.0
2023-07-19 02:00:00,5.2,0.0
2023-07-19 03:00:00,4.2,0.0
2023-07-19 04:00:00,5.9,0.0
2023-07-19 05:00:00,7.6,56.0
2023-07-19 06:00:00,5.1,209.0
2023-07-19 07:00:00,5.2,393.0
2023-07-19 08:00:00,3.4,572.0
2023-07-19 09:00:00,5.7,726.0
2023-07-19 10:00:00,10.7,843.0
2023-07-19 11:00:00,13.8,912.0
2023-07-19 12:00:00,14.6,929.0
2023-07-19 13:00:00,18.0,887.0
2023-07-19 14:00:00,19.8,797.0
2023-07-19 15:00:00,19.1,654.0
2023-07-19 16:00:00,16.8,485.0
2023-07-19 17:00:00,15.2,303.0
2023-07-19 18:00:00,12.8,127.0
2023-07-19 19:00:00,8.5,14.0
2023-07-19 20:00:00,7.7,0.0
2023-07-19 21:00:00,3.9,0.0
2023-07-19 22:00:00,6.2,0.0
2023-07-19 23:00:00,3.7,0.0
2023-07-20 00:00:00,4.4,0.0
2023-07-20 01:00:00,6.4,0.0
2023-07-20 02:00:00,4.2,0.0
2023-07-20 03:00:00,5.4,0.0
2023-07-20 04:00:00,8.0,0.0
2023-07-20 05:00:00,3.3,42.0
2023-07-20 06:00:00,3.7,201.0
2023-07-20 07:00:00,4.1,382.0
2023-07-20 08:00:00,3.9,560.0
2023-07-20 09:00:00,4.0,712.0
2023-07-20 10:00:00,6.6,827.0
2023-07-20 11:00:00,10.3,897.0
2023-07-20 12:00:00,13.8,912.0
2023-07-20 13:00:00,16.1,867.0
2023-07-20 14:00:00,12.3,783.0
2023-07-20 15:00:00,13.0,643.0
2023-07-20 16:00:00,13.8,476.0
2023-07-20 17:00:00,13.5,294.0
2023-07-20 18:00:00,12.2,124.0
2023-07-20 19:00:00,9.2,13.0
2023-07-20 20:00:00,7.4,0.0
2023-07-20 21:00:00,7.9,0.0
2023-07-20 22:00:00,7.2,0.0
2023-07-20 23:00:00,10.0,0.0
2023-07-21 00:00:00,4.9,0.0
2023-07-21 01:00:00,5.8,0.0
2023-07-21 02:00:00,8.2,0.0
2023-07-21 03:00:00,6.1,0.0
2023-07-21 04:00:00,4.0,0.0
2023-07-21 05:00:00,8.3,50.0
2023-07-21 06:00:00,2.9,184.0
2023-07-21 07:00:00,5.9,351.0
2023-07-21 08:00:00,8.7,518.0
2023-07-21 09:00:00,13.0,675.0
2023-07-21 10:00:00,17.4,808.0
2023-07-21 11:00:00,19.9,882.0
2023-07-21 12:00:00,20.8,897.0
2023-07-21 13:00:00,23.7,858.0
2023-07-21 14:00:00,23.3,769.0
2023-07-21 15:00:00,21.6,634.0
2023-07-21 16:00:00,19.3,469.0
2023-07-21 17:00:00,15.7,289.0
2023-07-21 18:00:00,13.8,118.0
2023-07-21 19:00:00,11.0,12.0
2023-07-21 20:00:00,11.4,0.0
2023-07-21 21:00:00,13.0,0.0
2023-07-21 22:00:00,12.0,0.0
2023-07-21 23:00:00,13.8,0.0
2023-07-22 00:00:00,13.4,0.0
2023-07-22 01:00:00,13.8,0.0
2023-07-22 02:00:00,11.8,0.0
2023-07-22 03:00:00,5.8,0.0
2023-07-22 04:00:00,5.0,0.0
2023-07-22 05:00:00,7.6,43.0
2023-07-22 06:00:00,5.4,171.0
2023-07-22 07:00:00,8.0,341.0
2023-07-22 08:00:00,8.0,535.0
2023-07-22 09:00:00,10.2,689.0
2023-07-22 10:00:00,16.3,801.0
2023-07-22 11:00:00,17.1,854.0
2023-07-22 12:00:00,12.8,842.0
2023-07-22 13:00:00,13.0,845.0
2023-07-22 14:00:00,23.8,735.0
2023-07-22 15:00:00,16.2,638.0
2023-07-22 16:00:00,12.8,464.0
2023-07-22 17:00:00,12.4,287.0
2023-07-22 18:00:00,13.1,110.0
2023-07-22 19:00:00,12.6,12.0
2023-07-22 20:00:00,9.4,0.0
2023-07-22 21:00:00,6.8,0.0
2023-07-22 22:00:00,5.4,0.0
2023-07-22 23:00:00,3.2,0.0
2023-07-23 00:00:00,4.5,0.0
2023-07-23 01:00:00,3.3,0.0
2023-07-23 02:00:00,2.5,0.0
2023-07-23 03:00:00,0.8,0.0
2023-07-23 04:00:00,6.4,0.0
2023-07-23 05:00:00,6.3,45.0
2023-07-23 06:00:00,5.9,186.0
2023-07-23 07:00:00,2.3,366.0
2023-07-23 08:00:00,2.2,543.0
2023-07-23 09:00:00,6.6,700.0
2023-07-23 10:00:00,9.7,817.0
2023-07-23 11:00:00,11.5,886.0
2023-07-23 12:00:00,14.0,902.0
2023-07-23 13:00:00,13.0,855.0
2023-07-23 14:00:00,8.1,766.0
2023-07-23 15:00:00,11.0,621.0
2023-07-23 16:00:00,16.6,387.0
2023-07-23 17:00:00,15.3,285.0
2023-07-23 18:00:00,11.8,118.0
2023-07-23 19:00:00,8.5,11.0
2023-07-23 20:00:00,5.9,0.0
2023-07-23 21:00:00,2.8,0.0
2023-07-23 22:00:00,2.3,0.0
2023-07-23 23:00:00,2.3,0.0
2023-07-24 00:00:00,4.6,0.0
2023-07-24 01:00:00,3.3,0.0
2023-07-24 02:00:00,3.2,0.0
2023-07-24 03:00:00,5.0,0.0
2023-07-24 04:00:00,2.6,0.0
2023-07-24 05:00:00,8.0,44.0
2023-07-24 06:00:00,4.4,191.0
2023-07-24 07:00:00,5.6,361.0
2023-07-24 08:00:00,12.3,540.0
2023-07-24 09:00:00,11.5,696.0
2023-07-24 10:00:00,15.5,822.0
2023-07-24 11:00:00,20.9,892.0
2023-07-24 12:00:00,21.7,912.0
2023-07-24 13:00:00,23.1,832.0
2023-07-24 14:00:00,23.9,735.0
2023-07-24 15:00:00,24.5,603.0
2023-07-24 16:00:00,22.4,456.0
2023-07-24 17:00:00,21.0,278.0
2023-07-24 18:00:00,18.4,107.0
2023-07-24 19:00:00,16.3,11.0
2023-07-24 20:00:00,10.1,0.0
2023-07-24 21:00:00,4.5,0.0
2023-07-24 22:00:00,9.7,0.0
2023-07-24 23:00:00,12.7,0.0
2023-07-25 00:00:00,6.3,0.0
2023-07-25 01:00:00,6.0,0.0
2023-07-25 02:00:00,8.4,0.0
2023-07-25 03:00:00,10.0,0.0
2023-07-25 04:00:00,11.0,0.0
2023-07-25 05:00:00,5.1,39.0
2023-07-25 06:00:00,8.4,132.0
2023-07-25 07:00:00,11.0,252.0
2023-07-25 08:00:00,7.3,441.0
2023-07-25 09:00:00,7.3,663.0
2023-07-25 10:00:00,15.2,767.0
2023-07-25 11:00:00,26.3,876.0
2023-07-25 12:00:00,19.1,898.0
2023-07-25 13:00:00,29.8,861.0
2023-07-25 14:00:00,23.8,761.0
2023-07-25 15:00:00,19.5,632.0
2023-07-25 16:00:00,23.9,463.0
2023-07-25 17:00:00,24.2,279.0
2023-07-25 18:00:00,22.4,115.0
2023-07-25 19:00:00,18.5,10.0
2023-07-25 20:00:00,16.1,0.0
2023-07-25 21:00:00,17.9,0.0
2023-07-25 22:00:00,16.5,0.0
2023-07-25 23:00:00,15.0,0.0
2023-07-26 00:00:00,16.8,0.0
2023-07-26 01:00:00,15.8,0.0
2023-07-26 02:00:00,11.9,0.0
2023-07-26 03:00:00,12.1,0.0
2023-07-26 04:00:00,10.3,0.0
2023-07-26 05:00:00,4.4,35.0
2023-07-26 06:00:00,3.4,148.0
2023-07-26 07:00:00,4.7,294.0
2023-07-26 08:00:00,5.8,494.0
2023-07-26 09:00:00,7.2,634.0
2023-07-26 10:00:00,9.1,747.0
2023-07-26 11:00:00,5.1,832.0
2023-07-26 12:00:00,4.9,714.0
2023-07-26 13:00:00,6.6,782.0
2023-07-26 14:00:00,10.8,597.0
2023-07-26 15:00:00,10.8,550.0
2023-07-26 16:00:00,13.0,393.0
2023-07-26 17:00:00,13.0,254.0
2023-07-26 18:00:00,13.4,104.0
2023-07-26 19:00:00,13.7,9.0
2023-07-26 20:00:00,8.0,0.0
2023-07-26 21:00:00,3.7,0.0
2023-07-26 22:00:00,2.9,0.0
2023-07-26 23:00:00,4.3,0.0
2023-07-27 00:00:00,6.5,0.0
2023-07-27 01:00:00,4.1,0.0
2023-07-27 02:00:00,5.8,0.0
2023-07-27 03:00:00,7.2,0.0
2023-07-27 04:00:00,7.8,0.0
2023-07-27 05:00:00,7.2,42.0
2023-07-27 06:00:00,5.4,188.0
2023-07-27 07:00:00,5.8,370.0
2023-07-27 08:00:00,2.2,549.0
2023-07-27 09:00:00,3.1,705.0
2023-07-27 10:00:00,6.4,814.0
2023-07-27 11:00:00,11.1,854.0
2023-07-27 12:00:00,4.6,845.0
2023-07-27 13:00:00,14.0,736.0
2023-07-27 14:00:00,16.0,652.0
2023-07-27 15:00:00,14.6,579.0
2023-07-27 16:00:00,15.3,446.0
2023-07-27 17:00:00,15.5,278.0
2023-07-27 18:00:00,11.5,108.0
2023-07-27 19:00:00,9.7,9.0
2023-07-27 20:00:00,7.6,0.0
2023-07-27 21:00:00,6.1,0.0
2023-07-27 22:00:00,4.2,0.0
2023-07-27 23:00:00,4.7,0.0
2023-07-28 00:00:00,3.5,0.0
2023-07-28 01:00:00,2.5,0.0
2023-07-28 02:00:00,4.0,0.0
2023-07-28 03:00:00,5.5,0.0
2023-07-28 04:00:00,5.0,0.0
2023-07-28 05:00:00,7.3,40.0
2023-07-28 06:00:00,5.6,183.0
2023-07-28 07:00:00,2.9,366.0
2023-07-28 08:00:00,1.3,480.0
2023-07-28 09:00:00,2.7,686.0
2023-07-28 10:00:00,2.8,713.0
2023-07-28 11:00:00,0.4,822.0
2023-07-28 12:00:00,2.5,887.0
2023-07-28 13:00:00,7.4,857.0
2023-07-28 14:00:00,19.7,763.0
2023-07-28 15:00:00,17.9,629.0
2023-07-28 16:00:00,14.2,461.0
2023-07-28 17:00:00,12.6,275.0
2023-07-28 18:00:00,11.3,108.0
2023-07-28 19:00:00,6.5,8.0
2023-07-28 20:00:00,4.1,0.0
2023-07-28 21:00:00,3.7,0.0
2023-07-28 22:00:00,4.6,0.0
2023-07-28 23:00:00,3.1,0.0
2023-07-29 00:00:00,2.1,0.0
2023-07-29 01:00:00,2.3,0.0
2023-07-29 02:00:00,3.6,0.0
2023-07-29 03:00:00,4.3,0.0
2023-07-29 04:00:00,5.9,0.0
2023-07-29 05:00:00,6.0,38.0
2023-07-29 06:00:00,3.9,181.0
2023-07-29 07:00:00,3.7,361.0
2023-07-29 08:00:00,2.5,540.0
2023-07-29 09:00:00,2.6,695.0
2023-07-29 10:00:00,4.4,813.0
2023-07-29 11:00:00,5.8,882.0
2023-07-29 12:00:00,7.3,897.0
2023-07-29 13:00:00,12.1,794.0
2023-07-29 14:00:00,13.7,720.0
2023-07-29 15:00:00,14.6,580.0
2023-07-29 16:00:00,14.6,447.0
2023-07-29 17:00:00,13.0,270.0
2023-07-29 18:00:00,12.1,105.0
2023-07-29 19:00:00,10.4,7.0
2023-07-29 20:00:00,9.8,0.0
2023-07-29 21:00:00,8.7,0.0
2023-07-29 22:00:00,6.2,0.0
2023-07-29 23:00:00,5.8,0.0
2023-07-30 00:00:00,5.2,0.0
2023-07-30 01:00:00,4.0,0.0
2023-07-30 02:00:00,4.2,0.0
2023-07-30 03:00:00,4.9,0.0
2023-07-30 04:00:00,5.1,0.0
2023-07-30 05:00:00,4.1,36.0
2023-07-30 06:00:00,3.9,178.0
2023-07-30 07:00:00,1.8,358.0
2023-07-30 08:00:00,1.6,535.0
2023-07-30 09:00:00,3.6,690.0
2023-07-30 10:00:00,8.9,808.0
2023-07-30 11:00:00,15.8,875.0
2023-07-30 12:00:00,14.6,887.0
2023-07-30 13:00:00,17.3,824.0
2023-07-30 14:00:00,19.4,746.0
2023-07-30 15:00:00,15.5,614.0
2023-07-30 16:00:00,15.0,454.0
2023-07-30 17:00:00,15.0,272.0
2023-07-30 18:00:00,14.5,103.0
2023-07-30 19:00:00,11.6,7.0
2023-07-30 20:00:00,9.7,0.0
2023-07-30 21:00:00,7.9,0.0
2023-07-30 22:00:00,5.3,0.0
2023-07-30 23:00:00,5.0,0.0
2023-07-31 00:00:00,3.7,0.0
2023-07-31 01:00:00,1.3,0.0
2023-07-31 02:00:00,3.3,0.0
2023-07-31 03:00:00,3.7,0.0
2023-07-31 04:00:00,6.6,0.0
2023-07-31 05:00:00,7.1,35.0
2023-07-31 06:00:00,5.8,175.0
2023-07-31 07:00:00,6.9,355.0
2023-07-31 08:00:00,6.5,532.0
2023-07-31 09:00:00,4.3,682.0
2023-07-31 10:00:00,5.0,793.0
2023-07-31 11:00:00,5.9,861.0
2023-07-31 12:00:00,4.8,867.0
2023-07-31 13:00:00,12.8,748.0
2023-07-31 14:00:00,17.8,669.0
2023-07-31 15:00:00,17.7,569.0
2023-07-31 16:00:00,18.3,429.0
2023-07-31 17:00:00,16.9,262.0
2023-07-31 18:00:00,14.0,99.0
2023-07-31 19:00:00,8.9,6.0
2023-07-31 20:00:00,6.9,0.0
2023-07-31 21:00:00,9.1,0.0
2023-07-31 22:00:00,8.7,0.0
2023-07-31 23:00:00,6.1,0.0
2023-08-01 00:00:00,5.7,0.0
2023-08-01 01:00:00,5.4,0.0
2023-08-01 02:00:00,4.2,0.0
2023-08-01 03:00:00,3.9,0.0
2023-08-01 04:00:00,4.6,0.0
2023-08-01 05:00:00,1.6,32.0
2023-08-01 06:00:00,2.3,152.0
2023-08-01 07:00:00,3.2,353.0
2023-08-01 08:00:00,1.6,531.0
2023-08-01 09:00:00,4.7,688.0
2023-08-01 10:00:00,10.9,802.0
2023-08-01 11:00:00,17.5,844.0
2023-08-01 12:00:00,18.6,789.0
2023-08-01 13:00:00,20.6,793.0
2023-08-01 14:00:00,19.9,716.0
2023-08-01 15:00:00,19.6,616.0
2023-08-01 16:00:00,19.5,455.0
2023-08-01 17:00:00,17.1,243.0
2023-08-01 18:00:00,12.6,97.0
2023-08-01 19:00:00,10.9,5.0
2023-08-01 20:00:00,11.2,0.0
2023-08-01 21:00:00,9.7,0.0
2023-08-01 22:00:00,8.8,0.0
2023-08-01 23:00:00,8.4,0.0
2023-08-02 00:00:00,5.6,0.0
2023-08-02 01:00:00,6.0,0.0
2023-08-02 02:00:00,6.0,0.0
2023-08-02 03:00:00,5.7,0.0
2023-08-02 04:00:00,7.2,0.0
2023-08-02 05:00:00,6.6,32.0
2023-08-02 06:00:00,4.0,169.0
2023-08-02 07:00:00,5.5,347.0
2023-08-02 08:00:00,6.4,524.0
2023-08-02 09:00:00,6.7,678.0
2023-08-02 10:00:00,5.6,805.0
2023-08-02 11:00:00,4.1,875.0
2023-08-02 12:00:00,5.4,890.0
2023-08-02 13:00:00,7.6,760.0
2023-08-02 14:00:00,20.6,694.0
2023-08-02 15:00:00,17.8,583.0
2023-08-02 16:00:00,18.4,435.0
2023-08-02 17:00:00,14.8,260.0
2023-08-02 18:00:00,10.0,94.0
2023-08-02 19:00:00,7.0,5.0
2023-08-02 20:00:00,8.2,0.0
2023-08-02 21:00:00,9.0,0.0
2023-08-02 22:00:00,5.4,0.0
2023-08-02 23:00:00,3.1,0.0
2023-08-03 00:00:00,2.6,0.0
2023-08-03 01:00:00,1.5,0.0
2023-08-03 02:00:00,4.6,0.0
2023-08-03 03:00:00,3.2,0.0
2023-08-03 04:00:00,5.0,0.0
2023-08-03 05:00:00,4.8,31.0
2023-08-03 06:00:00,1.3,167.0
2023-08-03 07:00:00,5.2,341.0
2023-08-03 08:00:00,8.8,524.0
2023-08-03 09:00:00,12.7,658.0
2023-08-03 10:00:00,13.5,775.0
2023-08-03 11:00:00,12.3,841.0
2023-08-03 12:00:00,13.3,877.0
2023-08-03 13:00:00,16.8,831.0
2023-08-03 14:00:00,17.9,750.0
2023-08-03 15:00:00,16.6,612.0
2023-08-03 16:00:00,16.2,442.0
2023-08-03 17:00:00,15.6,260.0
2023-08-03 18:00:00,15.3,92.0
2023-08-03 19:00:00,13.1,5.0
2023-08-03 20:00:00,12.2,0.0
2023-08-03 21:00:00,9.8,0.0
2023-08-03 22:00:00,7.9,0.0
2023-08-03 23:00:00,7.0,0.0
2023-08-04 00:00:00,4.5,0.0
2023-08-04 01:00:00,4.3,0.0
2023-08-04 02:00:00,4.0,0.0
2023-08-04 03:00:00,6.1,0.0
2023-08-04 04:00:00,8.7,0.0
2023-08-04 05:00:00,10.9,27.0
2023-08-04 06:00:00,11.0,143.0
2023-08-04 07:00:00,13.3,294.0
2023-08-04 08:00:00,15.6,442.0
2023-08-04 09:00:00,18.5,554.0
2023-08-04 10:00:00,20.1,695.0
2023-08-04 11:00:00,24.0,565.0
2023-08-04 12:00:00,21.0,712.0
2023-08-04 13:00:00,16.4,483.0
2023-08-04 14:00:00,21.3,470.0
2023-08-04 15:00:00,15.4,105.0
2023-08-04 16:00:00,10.8,73.0
2023-08-04 17:00:00,9.7,71.0
2023-08-04 18:00:00,10.5,21.0
2023-08-04 19:00:00,11.7,1.0
2023-08-04 20:00:00,10.7,0.0
2023-08-04 21:00:00,10.2,0.0
2023-08-04 22:00:00,9.9,0.0
2023-08-04 23:00:00,11.8,0.0
2023-08-05 00:00:00,7.1,0.0
2023-08-05 01:00:00,3.3,0.0
2023-08-05 02:00:00,6.3,0.0
2023-08-05 03:00:00,7.2,0.0
2023-08-05 04:00:00,16.1,0.0
2023-08-05 05:00:00,9.2,21.0
2023-08-05 06:00:00,5.6,142.0
2023-08-05 07:00:00,4.7,325.0
2023-08-05 08:00:00,6.2,527.0
2023-08-05 09:00:00,3.3,630.0
2023-08-05 10:00:00,5.7,669.0
2023-08-05 11:00:00,19.1,414.0
2023-08-05 12:00:00,5.6,227.0
2023-08-05 13:00:00,5.3,588.0
2023-08-05 14:00:00,4.7,665.0
2023-08-05 15:00:00,8.0,434.0
2023-08-05 16:00:00,6.8,369.0
2023-08-05 17:00:00,6.0,230.0
2023-08-05 18:00:00,5.8,78.0
2023-08-05 19:00:00,12.3,3.0
2023-08-05 20:00:00,8.7,0.0
2023-08-05 21:00:00,5.3,0.0
2023-08-05 22:00:00,3.3,0.0
2023-08-05 23:00:00,3.4,0.0
2023-08-06 00:00:00,4.4,0.0
2023-08-06 01:00:00,4.4,0.0
2023-08-06 02:00:00,1.3,0.0
2023-08-06 03:00:00,2.2,0.0
2023-08-06 04:00:00,4.6,0.0
2023-08-06 05:00:00,4.0,28.0
2023-08-06 06:00:00,6.5,165.0
2023-08-06 07:00:00,7.3,346.0
2023-08-06 08:00:00,9.3,527.0
2023-08-06 09:00:00,11.6,627.0
2023-08-06 10:00:00,12.4,556.0
2023-08-06 11:00:00,11.5,609.0
2023-08-06 12:00:00,17.1,643.0
2023-08-06 13:00:00,15.1,754.0
2023-08-06 14:00:00,13.0,702.0
2023-08-06 15:00:00,11.1,575.0
2023-08-06 16:00:00,8.2,420.0
2023-08-06 17:00:00,9.2,226.0
2023-08-06 18:00:00,9.3,77.0
2023-08-06 19:00:00,9.5,3.0
2023-08-06 20:00:00,5.8,0.0
2023-08-06 21:00:00,6.5,0.0
2023-08-06 22:00:00,5.4,0.0
2023-08-06 23:00:00,4.5,0.0
2023-08-07 00:00:00,4.9,0.0
2023-08-07 01:00:00,2.5,0.0
2023-08-07 02:00:00,4.8,0.0
2023-08-07 03:00:00,5.2,0.0
2023-08-07 04:00:00,3.9,0.0
2023-08-07 05:00:00,8.4,26.0
2023-08-07 06:00:00,6.8,158.0
2023-08-07 07:00:00,6.4,334.0
2023-08-07 08:00:00,5.3,495.0
2023-08-07 09:00:00,4.3,620.0
2023-08-07 10:00:00,3.2,660.0
2023-08-07 11:00:00,1.0,783.0
2023-08-07 12:00:00,8.6,721.0
2023-08-07 13:00:00,15.6,801.0
2023-08-07 14:00:00,8.0,592.0
2023-08-07 15:00:00,5.7,542.0
2023-08-07 16:00:00,1.1,386.0
2023-08-07 17:00:00,6.1,214.0
2023-08-07 18:00:00,4.7,80.0
2023-08-07 19:00:00,8.2,3.0
2023-08-07 20:00:00,8.8,0.0
2023-08-07 21:00:00,4.5,0.0
2023-08-07 22:00:00,4.3,0.0
2023-08-07 23:00:00,4.0,0.0
2023-08-08 00:00:00,6.6,0.0
2023-08-08 01:00:00,5.7,0.0
2023-08-08 02:00:00,4.5,0.0
2023-08-08 03:00:00,6.6,0.0
2023-08-08 04:00:00,5.1,0.0
2023-08-08 05:00:00,7.4,22.0
2023-08-08 06:00:00,5.8,164.0
2023-08-08 07:00:00,6.5,351.0
2023-08-08 08:00:00,5.4,534.0
2023-08-08 09:00:00,3.1,693.0
2023-08-08 10:00:00,5.4,816.0
2023-08-08 11:00:00,6.6,868.0
2023-08-08 12:00:00,8.4,877.0
2023-08-08 13:00:00,10.5,828.0
2023-08-08 14:00:00,12.1,719.0
2023-08-08 15:00:00,13.9,525.0
2023-08-08 16:00:00,14.8,399.0
2023-08-08 17:00:00,13.4,252.0
2023-08-08 18:00:00,8.9,84.0
2023-08-08 19:00:00,6.6,2.0
2023-08-08 20:00:00,5.7,0.0
2023-08-08 21:00:00,1.8,0.0
2023-08-08 22:00:00,1.8,0.0
2023-08-08 23:00:00,0.8,0.0
2023-08-09 00:00:00,3.5,0.0
2023-08-09 01:00:00,4.3,0.0
2023-08-09 02:00:00,4.5,0.0
2023-08-09 03:00:00,3.9,0.0
2023-08-09 04:00:00,5.0,0.0
2023-08-09 05:00:00,3.9,22.0
2023-08-09 06:00:00,2.9,154.0
2023-08-09 07:00:00,4.2,343.0
2023-08-09 08:00:00,3.9,527.0
2023-08-09 09:00:00,2.3,687.0
2023-08-09 10:00:00,3.1,794.0
2023-08-09 11:00:00,5.8,855.0
2023-08-09 12:00:00,8.4,888.0
2023-08-09 13:00:00,13.8,835.0
2023-08-09 14:00:00,15.7,737.0
2023-08-09 15:00:00,15.9,593.0
2023-08-09 16:00:00,14.8,409.0
2023-08-09 17:00:00,12.2,243.0
2023-08-09 18:00:00,8.9,79.0
2023-08-09 19:00:00,8.4,2.0
2023-08-09 20:00:00,4.2,0.0
2023-08-09 21:00:00,5.2,0.0
2023-08-09 22:00:00,4.0,0.0
2023-08-09 23:00:00,5.2,0.0
2023-08-10 00:00:00,1.8,0.0
2023-08-10 01:00:00,4.2,0.0
2023-08-10 02:00:00,3.1,0.0
2023-08-10 03:00:00,3.1,0.0
2023-08-10 04:00:00,4.1,0.0
2023-08-10 05:00:00,3.9,22.0
2023-08-10 06:00:00,3.4,151.0
2023-08-10 07:00:00,6.0,330.0
2023-08-10 08:00:00,3.8,511.0
2023-08-10 09:00:00,2.8,669.0
2023-08-10 10:00:00,4.2,787.0
2023-08-10 11:00:00,4.7,856.0
2023-08-10 12:00:00,4.7,872.0
2023-08-10 13:00:00,10.2,838.0
2023-08-10 14:00:00,16.1,733.0
2023-08-10 15:00:00,17.9,577.0
2023-08-10 16:00:00,19.0,417.0
2023-08-10 17:00:00,14.9,238.0
2023-08-10 18:00:00,8.7,74.0
2023-08-10 19:00:00,6.2,2.0
2023-08-10 20:00:00,8.0,0.0
2023-08-10 21:00:00,5.9,0.0
2023-08-10 22:00:00,4.5,0.0
2023-08-10 23:00:00,2.6,0.0
2023-08-11 00:00:00,2.3,0.0
2023-08-11 01:00:00,3.8,0.0
2023-08-11 02:00:00,4.5,0.0
2023-08-11 03:00:00,5.2,0.0
2023-08-11 04:00:00,4.9,0.0
2023-08-11 05:00:00,6.2,21.0
2023-08-11 06:00:00,4.1,147.0
2023-08-11 07:00:00,4.5,324.0
2023-08-11 08:00:00,2.2,502.0
2023-08-11 09:00:00,3.6,658.0
2023-08-11 10:00:00,6.0,775.0
2023-08-11 11:00:00,7.4,828.0
2023-08-11 12:00:00,3.4,839.0
2023-08-11 13:00:00,3.4,805.0
2023-08-11 14:00:00,14.0,650.0
2023-08-11 15:00:00,21.1,459.0
2023-08-11 16:00:00,15.7,345.0
2023-08-11 17:00:00,15.7,212.0
2023-08-11 18:00:00,13.4,70.0
2023-08-11 19:00:00,12.6,1.0
2023-08-11 20:00:00,10.9,0.0
2023-08-11 21:00:00,8.6,0.0
2023-08-11 22:00:00,3.8,0.0
2023-08-11 23:00:00,1.9,0.0
2023-08-12 00:00:00,6.2,0.0
2023-08-12 01:00:00,5.2,0.0
2023-08-12 02:00:00,6.1,0.0
2023-08-12 03:00:00,7.6,0.0
2023-08-12 04:00:00,7.4,0.0
2023-08-12 05:00:00,7.3,21.0
2023-08-12 06:00:00,7.2,151.0
2023-08-12 07:00:00,8.6,331.0
2023-08-12 08:00:00,5.9,512.0
2023-08-12 09:00:00,2.1,671.0
2023-08-12 10:00:00,3.2,791.0
2023-08-12 11:00:00,2.9,860.0
2023-08-12 12:00:00,5.9,872.0
2023-08-12 13:00:00,8.1,820.0
2023-08-12 14:00:00,18.1,723.0
2023-08-12 15:00:00,22.7,544.0
2023-08-12 16:00:00,17.9,402.0
2023-08-12 17:00:00,19.1,232.0
2023-08-12 18:00:00,16.6,71.0
2023-08-12 19:00:00,11.0,1.0
2023-08-12 20:00:00,8.7,0.0
2023-08-12 21:00:00,4.2,0.0
2023-08-12 22:00:00,1.8,0.0
2023-08-12 23:00:00,2.9,0.0
2023-08-13 00:00:00,1.8,0.0
2023-08-13 01:00:00,3.6,0.0
2023-08-13 02:00:00,4.8,0.0
2023-08-13 03:00:00,5.2,0.0
2023-08-13 04:00:00,4.4,0.0
2023-08-13 05:00:00,3.8,19.0
2023-08-13 06:00:00,4.8,147.0
2023-08-13 07:00:00,6.5,327.0
2023-08-13 08:00:00,3.7,509.0
2023-08-13 09:00:00,3.4,668.0
2023-08-13 10:00:00,7.6,791.0
2023-08-13 11:00:00,10.7,863.0
2023-08-13 12:00:00,15.3,876.0
2023-08-13 13:00:00,17.8,835.0
2023-08-13 14:00:00,18.8,739.0
2023-08-13 15:00:00,18.8,595.0
2023-08-13 16:00:00,17.2,419.0
2023-08-13 17:00:00,15.3,232.0
2023-08-13 18:00:00,10.6,68.0
2023-08-13 19:00:00,8.9,1.0
2023-08-13 20:00:00,4.8,0.0
2023-08-13 21:00:00,2.4,0.0
2023-08-13 22:00:00,0.5,0.0
2023-08-13 23:00:00,1.8,0.0
2023-08-14 00:00:00,0.8,0.0
2023-08-14 01:00:00,2.4,0.0
2023-08-14 02:00:00,3.1,0.0
2023-08-14 03:00:00,5.1,0.0
2023-08-14 04:00:00,5.7,0.0
2023-08-14 05:00:00,7.1,18.0
2023-08-14 06:00:00,5.0,143.0
2023-08-14 07:00:00,3.4,323.0
2023-08-14 08:00:00,3.3,506.0
2023-08-14 09:00:00,5.7,664.0
2023-08-14 10:00:00,7.9,783.0
2023-08-14 11:00:00,10.4,850.0
2023-08-14 12:00:00,13.3,862.0
2023-08-14 13:00:00,15.4,823.0
2023-08-14 14:00:00,15.3,725.0
2023-08-14 15:00:00,16.2,536.0
2023-08-14 16:00:00,18.1,415.0
2023-08-14 17:00:00,17.1,227.0
2023-08-14 18:00:00,12.5,65.0
2023-08-14 19:00:00,7.0,0.0
2023-08-14 20:00:00,3.2,0.0
2023-08-14 21:00:00,2.5,0.0
2023-08-14 22:00:00,2.1,0.0
2023-08-14 23:00:00,4.3,0.0
2023-08-15 00:00:00,4.4,0.0
2023-08-15 01:00:00,4.4,0.0
2023-08-15 02:00:00,4.2,0.0
2023-08-15 03:00:00,3.4,0.0
2023-08-15 04:00:00,3.8,0.0
2023-08-15 05:00:00,4.6,17.0
2023-08-15 06:00:00,3.3,140.0
2023-08-15 07:00:00,3.3,319.0
2023-08-15 08:00:00,1.6,500.0
2023-08-15 09:00:00,3.3,659.0
2023-08-15 10:00:00,7.6,773.0
2023-08-15 11:00:00,12.0,837.0
2023-08-15 12:00:00,11.8,850.0
2023-08-15 13:00:00,16.0,780.0
2023-08-15 14:00:00,17.7,660.0
2023-08-15 15:00:00,18.9,449.0
2023-08-15 16:00:00,16.8,366.0
2023-08-15 17:00:00,15.8,200.0
2023-08-15 18:00:00,12.7,56.0
2023-08-15 19:00:00,9.2,0.0
2023-08-15 20:00:00,7.9,0.0
2023-08-15 21:00:00,7.4,0.0
2023-08-15 22:00:00,6.3,0.0
2023-08-15 23:00:00,5.4,0.0
2023-08-16 00:00:00,3.8,0.0
2023-08-16 01:00:00,3.9,0.0
2023-08-16 02:00:00,1.5,0.0
2023-08-16 03:00:00,2.6,0.0
2023-08-16 04:00:00,4.0,0.0
2023-08-16 05:00:00,2.4,11.0
2023-08-16 06:00:00,2.2,101.0
2023-08-16 07:00:00,3.3,301.0
2023-08-16 08:00:00,2.9,471.0
2023-08-16 09:00:00,3.3,635.0
2023-08-16 10:00:00,4.9,757.0
2023-08-16 11:00:00,6.3,789.0
2023-08-16 12:00:00,5.0,794.0
2023-08-16 13:00:00,12.6,743.0
2023-08-16 14:00:00,16.1,644.0
2023-08-16 15:00:00,18.1,518.0
2023-08-16 16:00:00,19.1,328.0
2023-08-16 17:00:00,18.3,194.0
2023-08-16 18:00:00,14.2,54.0
2023-08-16 19:00:00,10.2,0.0
2023-08-16 20:00:00,9.5,0.0
2023-08-16 21:00:00,7.7,0.0
2023-08-16 22:00:00,5.4,0.0
2023-08-16 23:00:00,5.1,0.0
2023-08-17 00:00:00,4.3,0.0
2023-08-17 01:00:00,2.8,0.0
2023-08-17 02:00:00,2.6,0.0
2023-08-17 03:00:00,4.8,0.0
2023-08-17 04:00:00,3.6,0.0
2023-08-17 05:00:00,3.5,12.0
2023-08-17 06:00:00,4.1,124.0
2023-08-17 07:00:00,5.0,303.0
2023-08-17 08:00:00,4.7,486.0
2023-08-17 09:00:00,3.9,646.0
2023-08-17 10:00:00,2.9,764.0
2023-08-17 11:00:00,4.1,834.0
2023-08-17 12:00:00,4.9,829.0
2023-08-17 13:00:00,11.2,773.0
2023-08-17 14:00:00,12.4,627.0
2023-08-17 15:00:00,14.2,507.0
2023-08-17 16:00:00,15.1,371.0
2023-08-17 17:00:00,16.5,202.0
2023-08-17 18:00:00,11.7,54.0
2023-08-17 19:00:00,11.2,0.0
2023-08-17 20:00:00,8.8,0.0
2023-08-17 21:00:00,7.4,0.0
2023-08-17 22:00:00,6.4,0.0
2023-08-17 23:00:00,6.8,0.0
2023-08-18 00:00:00,4.8,0.0
2023-08-18 01:00:00,3.6,0.0
2023-08-18 02:00:00,3.6,0.0
2023-08-18 03:00:00,3.9,0.0
2023-08-18 04:00:00,4.0,0.0
2023-08-18 05:00:00,6.3,13.0
2023-08-18 06:00:00,4.5,130.0
2023-08-18 07:00:00,3.2,305.0
2023-08-18 08:00:00,3.3,485.0
2023-08-18 09:00:00,0.8,640.0
2023-08-18 10:00:00,1.9,759.0
2023-08-18 11:00:00,3.2,830.0
2023-08-18 12:00:00,2.6,814.0
2023-08-18 13:00:00,7.3,775.0
2023-08-18 14:00:00,17.2,626.0
2023-08-18 15:00:00,15.9,498.0
2023-08-18 16:00:00,17.7,327.0
2023-08-18 17:00:00,16.3,194.0
2023-08-18 18:00:00,11.8,52.0
2023-08-18 19:00:00,10.6,0.0
2023-08-18 20:00:00,7.9,0.0
2023-08-18 21:00:00,4.8,0.0
2023-08-18 22:00:00,2.3,0.0
2023-08-18 23:00:00,2.8,0.0
2023-08-19 00:00:00,3.3,0.0
2023-08-19 01:00:00,4.0,0.0
2023-08-19 02:00:00,4.7,0.0
2023-08-19 03:00:00,3.8,0.0
2023-08-19 04:00:00,4.2,0.0
2023-08-19 05:00:00,3.5,13.0
2023-08-19 06:00:00,2.8,129.0
2023-08-19 07:00:00,2.8,305.0
2023-08-19 08:00:00,1.8,485.0
2023-08-19 09:00:00,2.8,646.0
2023-08-19 10:00:00,6.0,768.0
2023-08-19 11:00:00,7.6,837.0
2023-08-19 12:00:00,10.8,805.0
2023-08-19 13:00:00,11.3,783.0
2023-08-19 14:00:00,18.4,692.0
2023-08-19 15:00:00,17.6,548.0
2023-08-19 16:00:00,16.6,352.0
2023-08-19 17:00:00,15.2,203.0
2023-08-19 18:00:00,14.8,50.0
2023-08-19 19:00:00,13.1,0.0
2023-08-19 20:00:00,8.0,0.0
2023-08-19 21:00:00,4.5,0.0
2023-08-19 22:00:00,6.3,0.0
2023-08-19 23:00:00,7.1,0.0
2023-08-20 00:00:00,13.7,0.0
2023-08-20 01:00:00,14.1,0.0
2023-08-20 02:00:00,12.7,0.0
2023-08-20 03:00:00,11.3,0.0
2023-08-20 04:00:00,9.2,0.0
2023-08-20 05:00:00,8.0,13.0
2023-08-20 06:00:00,6.8,129.0
2023-08-20 07:00:00,7.7,306.0
2023-08-20 08:00:00,8.0,487.0
2023-08-20 09:00:00,5.8,644.0
2023-08-20 10:00:00,3.6,762.0
2023-08-20 11:00:00,3.7,827.0
2023-08-20 12:00:00,10.1,842.0
2023-08-20 13:00:00,11.9,748.0
2023-08-20 14:00:00,11.6,634.0
2023-08-20 15:00:00,7.3,326.0
2023-08-20 16:00:00,15.8,250.0
2023-08-20 17:00:00,16.3,171.0
2023-08-20 18:00:00,16.3,46.0
2023-08-20 19:00:00,2.9,0.0
2023-08-20 20:00:00,3.1,0.0
2023-08-20 21:00:00,2.6,0.0
2023-08-20 22:00:00,5.6,0.0
2023-08-20 23:00:00,6.4,0.0
2023-08-21 00:00:00,7.1,0.0
2023-08-21 01:00:00,6.9,0.0
2023-08-21 02:00:00,7.2,0.0
2023-08-21 03:00:00,7.8,0.0
2023-08-21 04:00:00,9.0,0.0
2023-08-21 05:00:00,9.4,12.0
2023-08-21 06:00:00,8.0,125.0
2023-08-21 07:00:00,8.6,302.0
2023-08-21 08:00:00,8.2,484.0
2023-08-21 09:00:00,5.4,643.0
2023-08-21 10:00:00,3.1,762.0
2023-08-21 11:00:00,3.1,801.0
2023-08-21 12:00:00,4.0,779.0
2023-08-21 13:00:00,4.9,713.0
2023-08-21 14:00:00,4.6,647.0
2023-08-21 15:00:00,12.2,499.0
2023-08-21 16:00:00,19.1,341.0
2023-08-21 17:00:00,15.1,185.0
2023-08-21 18:00:00,11.0,44.0
2023-08-21 19:00:00,5.5,0.0
2023-08-21 20:00:00,3.9,0.0
2023-08-21 21:00:00,3.2,0.0
2023-08-21 22:00:00,3.2,0.0
2023-08-21 23:00:00,3.9,0.0
2023-08-22 00:00:00,7.4,0.0
2023-08-22 01:00:00,9.1,0.0
2023-08-22 02:00:00,8.4,0.0
2023-08-22 03:00:00,8.1,0.0
2023-08-22 04:00:00,7.8,0.0
2023-08-22 05:00:00,8.7,11.0
2023-08-22 06:00:00,7.6,123.0
2023-08-22 07:00:00,8.2,299.0
2023-08-22 08:00:00,6.2,479.0
2023-08-22 09:00:00,2.5,638.0
2023-08-22 10:00:00,1.9,757.0
2023-08-22 11:00:00,3.3,825.0
2023-08-22 12:00:00,8.6,788.0
2023-08-22 13:00:00,18.9,723.0
2023-08-22 14:00:00,18.1,610.0
2023-08-22 15:00:00,18.7,500.0
2023-08-22 16:00:00,14.4,366.0
2023-08-22 17:00:00,12.1,180.0
2023-08-22 18:00:00,11.3,41.0
2023-08-22 19:00:00,10.1,0.0
2023-08-22 20:00:00,6.5,0.0
2023-08-22 21:00:00,6.9,0.0
2023-08-22 22:00:00,3.3,0.0
2023-08-22 23:00:00,3.7,0.0
2023-08-23 00:00:00,2.3,0.0
2023-08-23 01:00:00,5.2,0.0
2023-08-23 02:00:00,4.8,0.0
2023-08-23 03:00:00,5.4,0.0
2023-08-23 04:00:00,5.6,0.0
2023-08-23 05:00:00,8.4,10.0
2023-08-23 06:00:00,6.0,119.0
2023-08-23 07:00:00,6.3,293.0
2023-08-23 08:00:00,5.8,474.0
2023-08-23 09:00:00,4.7,633.0
2023-08-23 10:00:00,2.2,753.0
2023-08-23 11:00:00,4.1,823.0
2023-08-23 12:00:00,5.8,837.0
2023-08-23 13:00:00,10.0,750.0
2023-08-23 14:00:00,22.7,654.0
2023-08-23 15:00:00,20.4,425.0
2023-08-23 16:00:00,16.0,290.0
2023-08-23 17:00:00,10.5,154.0
2023-08-23 18:00:00,6.9,38.0
2023-08-23 19:00:00,6.2,0.0
2023-08-23 20:00:00,5.5,0.0
2023-08-23 21:00:00,5.6,0.0
2023-08-23 22:00:00,4.0,0.0
2023-08-23 23:00:00,0.7,0.0
2023-08-24 00:00:00,3.1,0.0
2023-08-24 01:00:00,4.6,0.0
2023-08-24 02:00:00,5.2,0.0
2023-08-24 03:00:00,6.4,0.0
2023-08-24 04:00:00,6.3,0.0
2023-08-24 05:00:00,7.8,9.0
2023-08-24 06:00:00,7.1,117.0
2023-08-24 07:00:00,6.7,293.0
2023-08-24 08:00:00,5.4,473.0
2023-08-24 09:00:00,2.4,632.0
2023-08-24 10:00:00,2.9,750.0
2023-08-24 11:00:00,7.4,813.0
2023-08-24 12:00:00,11.2,806.0
2023-08-24 13:00:00,16.9,766.0
2023-08-24 14:00:00,19.7,659.0
2023-08-24 15:00:00,19.0,469.0
2023-08-24 16:00:00,17.7,334.0
2023-08-24 17:00:00,13.5,162.0
2023-08-24 18:00:00,8.7,37.0
2023-08-24 19:00:00,8.6,0.0
2023-08-24 20:00:00,4.7,0.0
2023-08-24 21:00:00,3.4,0.0
2023-08-24 22:00:00,4.7,0.0
2023-08-24 23:00:00,1.5,0.0
2023-08-25 00:00:00,3.1,0.0
2023-08-25 01:00:00,2.6,0.0
2023-08-25 02:00:00,5.2,0.0
2023-08-25 03:00:00,4.6,0.0
2023-08-25 04:00:00,4.7,0.0
2023-08-25 05:00:00,4.0,8.0
2023-08-25 06:00:00,4.0,115.0
2023-08-25 07:00:00,3.8,290.0
2023-08-25 08:00:00,2.3,469.0
2023-08-25 09:00:00,0.4,627.0
2023-08-25 10:00:00,3.7,745.0
2023-08-25 11:00:00,9.4,816.0
2023-08-25 12:00:00,11.9,820.0
2023-08-25 13:00:00,17.3,782.0
2023-08-25 14:00:00,21.0,676.0
2023-08-25 15:00:00,19.5,537.0
2023-08-25 16:00:00,19.4,358.0
2023-08-25 17:00:00,14.8,178.0
2023-08-25 18:00:00,11.8,35.0
2023-08-25 19:00:00,10.1,0.0
2023-08-25 20:00:00,6.5,0.0
2023-08-25 21:00:00,5.4,0.0
2023-08-25 22:00:00,5.9,0.0
2023-08-25 23:00:00,5.4,0.0
2023-08-26 00:00:00,1.8,0.0
2023-08-26 01:00:00,4.5,0.0
2023-08-26 02:00:00,2.2,0.0
2023-08-26 03:00:00,4.7,0.0
2023-08-26 04:00:00,5.1,0.0
2023-08-26 05:00:00,3.8,8.0
2023-08-26 06:00:00,5.0,115.0
2023-08-26 07:00:00,3.2,292.0
2023-08-26 08:00:00,1.8,476.0
2023-08-26 09:00:00,5.9,637.0
2023-08-26 10:00:00,8.4,757.0
2023-08-26 11:00:00,11.4,828.0
2023-08-26 12:00:00,12.7,842.0
2023-08-26 13:00:00,16.9,792.0
2023-08-26 14:00:00,16.5,692.0
2023-08-26 15:00:00,15.1,546.0
2023-08-26 16:00:00,13.1,369.0
2023-08-26 17:00:00,11.5,183.0
2023-08-26 18:00:00,10.1,34.0
2023-08-26 19:00:00,7.7,0.0
2023-08-26 20:00:00,6.4,0.0
2023-08-26 21:00:00,6.0,0.0
2023-08-26 22:00:00,2.3,0.0
2023-08-26 23:00:00,6.0,0.0
2023-08-27 00:00:00,2.6,0.0
2023-08-27 01:00:00,1.6,0.0
2023-08-27 02:00:00,7.3,0.0
2023-08-27 03:00:00,6.4,0.0
2023-08-27 04:00:00,6.5,0.0
2023-08-27 05:00:00,6.4,7.0
2023-08-27 06:00:00,4.7,114.0
2023-08-27 07:00:00,4.6,292.0
2023-08-27 08:00:00,2.5,473.0
2023-08-27 09:00:00,3.7,633.0
2023-08-27 10:00:00,7.3,758.0
2023-08-27 11:00:00,12.4,748.0
2023-08-27 12:00:00,17.5,759.0
2023-08-27 13:00:00,21.0,772.0
2023-08-27 14:00:00,21.7,672.0
2023-08-27 15:00:00,22.0,533.0
2023-08-27 16:00:00,22.4,340.0
2023-08-27 17:00:00,17.0,160.0
2023-08-27 18:00:00,13.4,30.0
2023-08-27 19:00:00,8.0,0.0
2023-08-27 20:00:00,10.2,0.0
2023-08-27 21:00:00,8.6,0.0
2023-08-27 22:00:00,15.5,0.0
2023-08-27 23:00:00,16.5,0.0
2023-08-28 00:00:00,13.5,0.0
2023-08-28 01:00:00,15.4,0.0
2023-08-28 02:00:00,13.4,0.0
2023-08-28 03:00:00,15.0,0.0
2023-08-28 04:00:00,10.8,0.0
2023-08-28 05:00:00,17.0,4.0
2023-08-28 06:00:00,16.5,81.0
2023-08-28 07:00:00,16.6,169.0
2023-08-28 08:00:00,27.9,320.0
2023-08-28 09:00:00,21.7,314.0
2023-08-28 10:00:00,28.8,370.0
2023-08-28 11:00:00,22.7,664.0
2023-08-28 12:00:00,25.2,536.0
2023-08-28 13:00:00,29.0,621.0
2023-08-28 14:00:00,28.3,345.0
2023-08-28 15:00:00,27.2,416.0
2023-08-28 16:00:00,25.5,326.0
2023-08-28 17:00:00,23.6,128.0
2023-08-28 18:00:00,22.4,25.0
2023-08-28 19:00:00,19.9,0.0
2023-08-28 20:00:00,24.1,0.0
2023-08-28 21:00:00,27.4,0.0
2023-08-28 22:00:00,31.4,0.0
2023-08-28 23:00:00,28.3,0.0
2023-08-29 00:00:00,17.9,0.0
2023-08-29 01:00:00,16.9,0.0
2023-08-29 02:00:00,20.9,0.0
2023-08-29 03:00:00,10.5,0.0
2023-08-29 04:00:00,13.9,0.0
2023-08-29 05:00:00,14.8,2.0
2023-08-29 06:00:00,13.9,19.0
2023-08-29 07:00:00,12.9,63.0
2023-08-29 08:00:00,16.2,233.0
2023-08-29 09:00:00,12.0,318.0
2023-08-29 10:00:00,9.2,403.0
2023-08-29 11:00:00,9.2,534.0
2023-08-29 12:00:00,13.3,397.0
2023-08-29 13:00:00,11.6,595.0
2023-08-29 14:00:00,5.2,471.0
2023-08-29 15:00:00,10.8,343.0
2023-08-29 16:00:00,5.6,247.0
2023-08-29 17:00:00,5.3,146.0
2023-08-29 18:00:00,3.1,23.0
2023-08-29 19:00:00,4.0,0.0
2023-08-29 20:00:00,6.9,0.0
2023-08-29 21:00:00,4.3,0.0
2023-08-29 22:00:00,5.2,0.0
2023-08-29 23:00:00,3.6,0.0
2023-08-30 00:00:00,4.8,0.0
2023-08-30 01:00:00,3.1,0.0
2023-08-30 02:00:00,3.4,0.0
2023-08-30 03:00:00,4.8,0.0
2023-08-30 04:00:00,4.7,0.0
2023-08-30 05:00:00,5.8,5.0
2023-08-30 06:00:00,6.1,94.0
2023-08-30 07:00:00,6.9,257.0
2023-08-30 08:00:00,6.7,447.0
2023-08-30 09:00:00,1.4,582.0
2023-08-30 10:00:00,2.4,625.0
2023-08-30 11:00:00,15.2,695.0
2023-08-30 12:00:00,14.8,434.0
2023-08-30 13:00:00,13.0,703.0
2023-08-30 14:00:00,11.3,557.0
2023-08-30 15:00:00,12.7,324.0
2023-08-30 16:00:00,4.1,285.0
2023-08-30 17:00:00,3.6,144.0
2023-08-30 18:00:00,4.4,22.0
2023-08-30 19:00:00,4.6,0.0
2023-08-30 20:00:00,5.2,0.0
2023-08-30 21:00:00,5.6,0.0
2023-08-30 22:00:00,5.0,0.0
2023-08-30 23:00:00,4.3,0.0
2023-08-31 00:00:00,3.8,0.0
2023-08-31 01:00:00,4.4,0.0
2023-08-31 02:00:00,5.1,0.0
2023-08-31 03:00:00,5.1,0.0
2023-08-31 04:00:00,5.1,0.0
2023-08-31 05:00:00,5.8,5.0
2023-08-31 06:00:00,5.4,101.0
2023-08-31 07:00:00,5.5,276.0
2023-08-31 08:00:00,5.1,457.0
2023-08-31 09:00:00,3.0,612.0
2023-08-31 10:00:00,1.1,690.0
2023-08-31 11:00:00,3.1,746.0
2023-08-31 12:00:00,2.5,707.0
2023-08-31 13:00:00,5.9,652.0
2023-08-31 14:00:00,10.6,608.0
2023-08-31 15:00:00,10.0,450.0
2023-08-31 16:00:00,9.2,301.0
2023-08-31 17:00:00,8.7,142.0
2023-08-31 18:00:00,8.4,21.0
2023-08-31 19:00:00,5.9,0.0
2023-08-31 20:00:00,4.3,0.0
2023-08-31 21:00:00,4.2,0.0
2023-08-31 22:00:00,4.1,0.0
2023-08-31 23:00:00,3.6,0.0
2023-09-01 00:00:00,5.4,0.0
2023-09-01 01:00:00,6.2,0.0
2023-09-01 02:00:00,5.7,0.0
2023-09-01 03:00:00,3.2,0.0
2023-09-01 04:00:00,3.6,0.0
2023-09-01 05:00:00,5.4,4.0
2023-09-01 06:00:00,6.8,100.0
2023-09-01 07:00:00,7.2,276.0
2023-09-01 08:00:00,8.0,458.0
2023-09-01 09:00:00,4.6,618.0
2023-09-01 10:00:00,2.5,741.0
2023-09-01 11:00:00,2.4,814.0
2023-09-01 12:00:00,3.6,828.0
2023-09-01 13:00:00,6.9,696.0
2023-09-01 14:00:00,7.7,594.0
2023-09-01 15:00:00,10.6,442.0
2023-09-01 16:00:00,15.5,271.0
2023-09-01 17:00:00,12.6,139.0
2023-09-01 18:00:00,7.5,18.0
2023-09-01 19:00:00,4.5,0.0
2023-09-01 20:00:00,1.1,0.0
2023-09-01 21:00:00,3.3,0.0
2023-09-01 22:00:00,3.6,0.0
2023-09-01 23:00:00,4.5,0.0
2023-09-02 00:00:00,1.5,0.0
2023-09-02 01:00:00,3.4,0.0
2023-09-02 02:00:00,4.6,0.0
2023-09-02 03:00:00,4.9,0.0
2023-09-02 04:00:00,4.8,0.0
2023-09-02 05:00:00,5.1,4.0
2023-09-02 06:00:00,5.0,93.0
2023-09-02 07:00:00,4.2,268.0
2023-09-02 08:00:00,3.4,449.0
2023-09-02 09:00:00,2.6,607.0
2023-09-02 10:00:00,2.4,724.0
2023-09-02 11:00:00,3.1,754.0
2023-09-02 12:00:00,1.5,704.0
2023-09-02 13:00:00,2.9,662.0
2023-09-02 14:00:00,9.8,549.0
2023-09-02 15:00:00,13.5,445.0
2023-09-02 16:00:00,13.8,281.0
2023-09-02 17:00:00,10.9,121.0
2023-09-02 18:00:00,8.2,16.0
2023-09-02 19:00:00,4.6,0.0
2023-09-02 20:00:00,3.9,0.0
2023-09-02 21:00:00,2.8,0.0
2023-09-02 22:00:00,2.2,0.0
2023-09-02 23:00:00,4.1,0.0
2023-09-03 00:00:00,6.6,0.0
2023-09-03 01:00:00,4.6,0.0
2023-09-03 02:00:00,4.7,0.0
2023-09-03 03:00:00,4.4,0.0
2023-09-03 04:00:00,2.9,0.0
2023-09-03 05:00:00,5.1,4.0
2023-09-03 06:00:00,6.0,94.0
2023-09-03 07:00:00,5.4,265.0
2023-09-03 08:00:00,4.7,437.0
2023-09-03 09:00:00,4.0,604.0
2023-09-03 10:00:00,4.9,718.0
2023-09-03 11:00:00,6.8,786.0
2023-09-03 12:00:00,7.1,748.0
2023-09-03 13:00:00,12.0,678.0
2023-09-03 14:00:00,18.8,584.0
2023-09-03 15:00:00,16.5,446.0
2023-09-03 16:00:00,14.3,289.0
2023-09-03 17:00:00,11.8,143.0
2023-09-03 18:00:00,10.5,16.0
2023-09-03 19:00:00,7.1,0.0
2023-09-03 20:00:00,5.8,0.0
2023-09-03 21:00:00,4.4,0.0
2023-09-03 22:00:00,3.2,0.0
2023-09-03 23:00:00,3.8,0.0
2023-09-04 00:00:00,5.2,0.0
2023-09-04 01:00:00,10.4,0.0
2023-09-04 02:00:00,12.4,0.0
2023-09-04 03:00:00,10.6,0.0
2023-09-04 04:00:00,9.3,0.0
2023-09-04 05:00:00,8.8,3.0
2023-09-04 06:00:00,10.0,71.0
2023-09-04 07:00:00,10.0,256.0
2023-09-04 08:00:00,15.6,434.0
2023-09-04 09:00:00,22.2,591.0
2023-09-04 10:00:00,16.8,712.0
2023-09-04 11:00:00,17.0,773.0
2023-09-04 12:00:00,19.9,777.0
2023-09-04 13:00:00,21.7,743.0
2023-09-04 14:00:00,22.3,643.0
2023-09-04 15:00:00,21.4,489.0
2023-09-04 16:00:00,20.6,323.0
2023-09-04 17:00:00,22.8,141.0
2023-09-04 18:00:00,25.9,15.0
2023-09-04 19:00:00,22.2,0.0
2023-09-04 20:00:00,23.8,0.0
2023-09-04 21:00:00,19.1,0.0
2023-09-04 22:00:00,19.1,0.0
2023-09-04 23:00:00,18.5,0.0
2023-09-05 00:00:00,20.0,0.0
2023-09-05 01:00:00,19.5,0.0
2023-09-05 02:00:00,19.6,0.0
2023-09-05 03:00:00,20.5,0.0
2023-09-05 04:00:00,20.8,0.0
2023-09-05 05:00:00,21.4,3.0
2023-09-05 06:00:00,18.4,94.0
2023-09-05 07:00:00,20.7,272.0
2023-09-05 08:00:00,22.1,456.0
2023-09-05 09:00:00,18.4,616.0
2023-09-05 10:00:00,17.4,730.0
2023-09-05 11:00:00,19.5,791.0
2023-09-05 12:00:00,16.0,799.0
2023-09-05 13:00:00,11.3,658.0
2023-09-05 14:00:00,8.7,604.0
2023-09-05 15:00:00,15.7,467.0
2023-09-05 16:00:00,14.4,314.0
2023-09-05 17:00:00,7.1,136.0
2023-09-05 18:00:00,12.2,14.0
2023-09-05 19:00:00,16.1,0.0
2023-09-05 20:00:00,15.3,0.0
2023-09-05 21:00:00,13.7,0.0
2023-09-05 22:00:00,11.8,0.0
2023-09-05 23:00:00,11.3,0.0
2023-09-06 00:00:00,9.7,0.0
2023-09-06 01:00:00,11.8,0.0
2023-09-06 02:00:00,13.2,0.0
2023-09-06 03:00:00,11.5,0.0
2023-09-06 04:00:00,10.7,0.0
2023-09-06 05:00:00,10.4,2.0
2023-09-06 06:00:00,10.4,91.0
2023-09-06 07:00:00,11.6,265.0
2023-09-06 08:00:00,10.7,450.0
2023-09-06 09:00:00,10.9,611.0
2023-09-06 10:00:00,7.4,726.0
2023-09-06 11:00:00,1.9,790.0
2023-09-06 12:00:00,7.4,797.0
2023-09-06 13:00:00,10.3,748.0
2023-09-06 14:00:00,20.8,636.0
2023-09-06 15:00:00,22.3,415.0
2023-09-06 16:00:00,13.1,297.0
2023-09-06 17:00:00,9.7,129.0
2023-09-06 18:00:00,4.8,12.0
2023-09-06 19:00:00,4.7,0.0
2023-09-06 20:00:00,2.4,0.0
2023-09-06 21:00:00,7.4,0.0
2023-09-06 22:00:00,7.4,0.0
2023-09-06 23:00:00,7.7,0.0
2023-09-07 00:00:00,6.9,0.0
2023-09-07 01:00:00,8.2,0.0
2023-09-07 02:00:00,8.1,0.0
2023-09-07 03:00:00,8.9,0.0
2023-09-07 04:00:00,9.0,0.0
2023-09-07 05:00:00,8.7,2.0
2023-09-07 06:00:00,8.2,86.0
2023-09-07 07:00:00,8.9,259.0
2023-09-07 08:00:00,9.1,441.0
2023-09-07 09:00:00,8.0,600.0
2023-09-07 10:00:00,6.1,717.0
2023-09-07 11:00:00,4.3,782.0
2023-09-07 12:00:00,12.1,789.0
2023-09-07 13:00:00,13.2,724.0
2023-09-07 14:00:00,12.2,506.0
2023-09-07 15:00:00,10.4,435.0
2023-09-07 16:00:00,12.1,270.0
2023-09-07 17:00:00,7.6,113.0
2023-09-07 18:00:00,6.8,10.0
2023-09-07 19:00:00,3.6,0.0
2023-09-07 20:00:00,5.2,0.0
2023-09-07 21:00:00,10.0,0.0
2023-09-07 22:00:00,7.4,0.0
2023-09-07 23:00:00,6.5,0.0
2023-09-08 00:00:00,6.3,0.0
2023-09-08 01:00:00,8.4,0.0
2023-09-08 02:00:00,8.6,0.0
2023-09-08 03:00:00,8.3,0.0
2023-09-08 04:00:00,8.0,0.0
2023-09-08 05:00:00,7.8,2.0
2023-09-08 06:00:00,7.1,83.0
2023-09-08 07:00:00,7.6,253.0
2023-09-08 08:00:00,8.3,433.0
2023-09-08 09:00:00,6.1,591.0
2023-09-08 10:00:00,4.8,708.0
2023-09-08 11:00:00,4.5,773.0
2023-09-08 12:00:00,7.4,776.0
2023-09-08 13:00:00,3.4,662.0
2023-09-08 14:00:00,9.8,569.0
2023-09-08 15:00:00,15.9,408.0
2023-09-08 16:00:00,18.7,283.0
2023-09-08 17:00:00,15.6,116.0
2023-09-08 18:00:00,11.3,9.0
2023-09-08 19:00:00,7.6,0.0
2023-09-08 20:00:00,5.8,0.0
2023-09-08 21:00:00,5.2,0.0
2023-09-08 22:00:00,2.6,0.0
2023-09-08 23:00:00,3.3,0.0
2023-09-09 00:00:00,5.0,0.0
2023-09-09 01:00:00,6.4,0.0
2023-09-09 02:00:00,7.2,0.0
2023-09-09 03:00:00,8.1,0.0
2023-09-09 04:00:00,7.2,0.0
2023-09-09 05:00:00,7.4,1.0
2023-09-09 06:00:00,8.1,81.0
2023-09-09 07:00:00,7.4,251.0
2023-09-09 08:00:00,7.3,432.0
2023-09-09 09:00:00,5.4,589.0
2023-09-09 10:00:00,3.3,707.0
2023-09-09 11:00:00,3.1,773.0
2023-09-09 12:00:00,7.6,781.0
2023-09-09 13:00:00,8.8,727.0
2023-09-09 14:00:00,11.0,613.0
2023-09-09 15:00:00,13.0,473.0
2023-09-09 16:00:00,14.1,296.0
2023-09-09 17:00:00,11.8,117.0
2023-09-09 18:00:00,7.4,8.0
2023-09-09 19:00:00,6.4,0.0
2023-09-09 20:00:00,2.3,0.0
2023-09-09 21:00:00,3.6,0.0
2023-09-09 22:00:00,3.4,0.0
2023-09-09 23:00:00,4.7,0.0
2023-09-10 00:00:00,4.7,0.0
2023-09-10 01:00:00,7.1,0.0
2023-09-10 02:00:00,7.6,0.0
2023-09-10 03:00:00,7.2,0.0
2023-09-10 04:00:00,7.6,0.0
2023-09-10 05:00:00,7.1,1.0
2023-09-10 06:00:00,8.3,80.0
2023-09-10 07:00:00,7.3,252.0
2023-09-10 08:00:00,7.2,434.0
2023-09-10 09:00:00,4.2,593.0
2023-09-10 10:00:00,4.0,711.0
2023-09-10 11:00:00,4.7,776.0
2023-09-10 12:00:00,3.4,783.0
2023-09-10 13:00:00,3.8,733.0
2023-09-10 14:00:00,5.8,624.0
2023-09-10 15:00:00,11.8,473.0
2023-09-10 16:00:00,16.9,295.0
2023-09-10 17:00:00,12.6,115.0
2023-09-10 18:00:00,7.7,7.0
2023-09-10 19:00:00,5.8,0.0
2023-09-10 20:00:00,5.6,0.0
2023-09-10 21:00:00,4.5,0.0
2023-09-10 22:00:00,4.2,0.0
2023-09-10 23:00:00,5.5,0.0
2023-09-11 00:00:00,5.7,0.0
2023-09-11 01:00:00,5.2,0.0
2023-09-11 02:00:00,5.4,0.0
2023-09-11 03:00:00,5.7,0.0
2023-09-11 04:00:00,6.5,0.0
2023-09-11 05:00:00,7.0,1.0
2023-09-11 06:00:00,7.4,78.0
2023-09-11 07:00:00,6.1,250.0
2023-09-11 08:00:00,5.3,432.0
2023-09-11 09:00:00,4.3,592.0
2023-09-11 10:00:00,5.9,709.0
2023-09-11 11:00:00,9.5,773.0
2023-09-11 12:00:00,10.8,779.0
2023-09-11 13:00:00,15.3,731.0
2023-09-11 14:00:00,15.0,625.0
2023-09-11 15:00:00,14.0,474.0
2023-09-11 16:00:00,12.3,294.0
2023-09-11 17:00:00,10.2,113.0
2023-09-11 18:00:00,9.9,6.0
2023-09-11 19:00:00,8.3,0.0
2023-09-11 20:00:00,7.6,0.0
2023-09-11 21:00:00,5.1,0.0
2023-09-11 22:00:00,3.3,0.0
2023-09-11 23:00:00,4.1,0.0
2023-09-12 00:00:00,3.0,0.0
2023-09-12 01:00:00,6.0,0.0
2023-09-12 02:00:00,4.3,0.0
2023-09-12 03:00:00,4.8,0.0
2023-09-12 04:00:00,5.2,0.0
2023-09-12 05:00:00,4.5,1.0
2023-09-12 06:00:00,6.7,78.0
2023-09-12 07:00:00,5.8,252.0
2023-09-12 08:00:00,4.7,436.0
2023-09-12 09:00:00,2.5,598.0
2023-09-12 10:00:00,1.1,716.0
2023-09-12 11:00:00,3.3,780.0
2023-09-12 12:00:00,5.6,784.0
2023-09-12 13:00:00,11.3,724.0
2023-09-12 14:00:00,14.8,609.0
2023-09-12 15:00:00,14.9,467.0
2023-09-12 16:00:00,13.9,286.0
2023-09-12 17:00:00,9.9,107.0
2023-09-12 18:00:00,7.7,5.0
2023-09-12 19:00:00,6.6,0.0
2023-09-12 20:00:00,4.5,0.0
2023-09-12 21:00:00,4.8,0.0
2023-09-12 22:00:00,4.4,0.0
2023-09-12 23:00:00,4.7,0.0
2023-09-13 00:00:00,4.6,0.0
2023-09-13 01:00:00,5.1,0.0
2023-09-13 02:00:00,4.5,0.0
2023-09-13 03:00:00,6.0,0.0
2023-09-13 04:00:00,6.2,0.0
2023-09-13 05:00:00,4.9,1.0
2023-09-13 06:00:00,5.9,73.0
2023-09-13 07:00:00,5.9,205.0
2023-09-13 08:00:00,4.5,410.0
2023-09-13 09:00:00,4.1,536.0
2023-09-13 10:00:00,1.8,633.0
2023-09-13 11:00:00,3.3,661.0
2023-09-13 12:00:00,3.7,609.0
2023-09-13 13:00:00,1.8,430.0
2023-09-13 14:00:00,10.2,393.0
2023-09-13 15:00:00,20.1,328.0
2023-09-13 16:00:00,16.9,254.0
2023-09-13 17:00:00,11.3,95.0
2023-09-13 18:00:00,6.1,4.0
2023-09-13 19:00:00,4.8,0.0
2023-09-13 20:00:00,3.8,0.0
2023-09-13 21:00:00,2.9,0.0
2023-09-13 22:00:00,5.8,0.0
2023-09-13 23:00:00,3.9,0.0
2023-09-14 00:00:00,5.2,0.0
2023-09-14 01:00:00,2.9,0.0
2023-09-14 02:00:00,2.9,0.0
2023-09-14 03:00:00,3.1,0.0
2023-09-14 04:00:00,5.8,0.0
2023-09-14 05:00:00,1.8,0.0
2023-09-14 06:00:00,7.4,64.0
2023-09-14 07:00:00,5.6,217.0
2023-09-14 08:00:00,5.6,342.0
2023-09-14 09:00:00,2.6,522.0
2023-09-14 10:00:00,6.4,655.0
2023-09-14 11:00:00,12.8,716.0
2023-09-14 12:00:00,8.7,704.0
2023-09-14 13:00:00,11.4,412.0
2023-09-14 14:00:00,8.2,269.0
2023-09-14 15:00:00,7.7,329.0
2023-09-14 16:00:00,8.0,167.0
2023-09-14 17:00:00,7.1,64.0
2023-09-14 18:00:00,8.4,2.0
2023-09-14 19:00:00,4.1,0.0
2023-09-14 20:00:00,1.8,0.0
2023-09-14 21:00:00,8.5,0.0
2023-09-14 22:00:00,5.5,0.0
2023-09-14 23:00:00,9.2,0.0
2023-09-15 00:00:00,10.9,0.0
2023-09-15 01:00:00,2.5,0.0
2023-09-15 02:00:00,9.0,0.0
2023-09-15 03:00:00,4.1,0.0
2023-09-15 04:00:00,6.5,0.0
2023-09-15 05:00:00,9.0,0.0
2023-09-15 06:00:00,11.3,55.0
2023-09-15 07:00:00,5.5,185.0
2023-09-15 08:00:00,3.7,378.0
2023-09-15 09:00:00,1.6,559.0
2023-09-15 10:00:00,3.6,649.0
2023-09-15 11:00:00,8.3,650.0
2023-09-15 12:00:00,6.7,647.0
2023-09-15 13:00:00,9.4,545.0
2023-09-15 14:00:00,9.1,547.0
2023-09-15 15:00:00,9.6,415.0
2023-09-15 16:00:00,13.2,256.0
2023-09-15 17:00:00,13.1,88.0
2023-09-15 18:00:00,8.7,3.0
2023-09-15 19:00:00,8.7,0.0
2023-09-15 20:00:00,4.7,0.0
2023-09-15 21:00:00,4.2,0.0
2023-09-15 22:00:00,4.3,0.0
2023-09-15 23:00:00,4.3,0.0
2023-09-16 00:00:00,2.2,0.0
2023-09-16 01:00:00,3.7,0.0
2023-09-16 02:00:00,4.9,0.0
2023-09-16 03:00:00,4.4,0.0
2023-09-16 04:00:00,5.1,0.0
2023-09-16 05:00:00,5.6,0.0
2023-09-16 06:00:00,6.1,56.0
2023-09-16 07:00:00,4.8,207.0
2023-09-16 08:00:00,3.6,317.0
2023-09-16 09:00:00,6.1,512.0
2023-09-16 10:00:00,10.2,642.0
2023-09-16 11:00:00,12.6,684.0
2023-09-16 12:00:00,8.4,619.0
2023-09-16 13:00:00,10.6,282.0
2023-09-16 14:00:00,8.4,386.0
2023-09-16 15:00:00,5.9,310.0
2023-09-16 16:00:00,6.1,172.0
2023-09-16 17:00:00,4.1,71.0
2023-09-16 18:00:00,5.9,2.0
2023-09-16 19:00:00,7.7,0.0
2023-09-16 20:00:00,4.4,0.0
2023-09-16 21:00:00,3.7,0.0
2023-09-16 22:00:00,1.4,0.0
2023-09-16 23:00:00,0.5,0.0
2023-09-17 00:00:00,4.4,0.0
2023-09-17 01:00:00,5.5,0.0
2023-09-17 02:00:00,4.3,0.0
2023-09-17 03:00:00,6.1,0.0
2023-09-17 04:00:00,4.1,0.0
2023-09-17 05:00:00,4.6,0.0
2023-09-17 06:00:00,7.1,62.0
2023-09-17 07:00:00,5.1,224.0
2023-09-17 08:00:00,4.7,398.0
2023-09-17 09:00:00,3.3,533.0
2023-09-17 10:00:00,2.9,656.0
2023-09-17 11:00:00,2.9,712.0
2023-09-17 12:00:00,4.3,695.0
2023-09-17 13:00:00,7.6,647.0
2023-09-17 14:00:00,12.8,568.0
2023-09-17 15:00:00,16.0,422.0
2023-09-17 16:00:00,13.0,232.0
2023-09-17 17:00:00,5.9,73.0
2023-09-17 18:00:00,6.0,2.0
2023-09-17 19:00:00,4.7,0.0
2023-09-17 20:00:00,1.5,0.0
2023-09-17 21:00:00,4.3,0.0
2023-09-17 22:00:00,4.8,0.0
2023-09-17 23:00:00,4.5,0.0
2023-09-18 00:00:00,5.5,0.0
2023-09-18 01:00:00,4.6,0.0
2023-09-18 02:00:00,3.6,0.0
2023-09-18 03:00:00,4.0,0.0
2023-09-18 04:00:00,2.2,0.0
2023-09-18 05:00:00,6.7,0.0
2023-09-18 06:00:00,7.1,51.0
2023-09-18 07:00:00,2.5,193.0
2023-09-18 08:00:00,9.0,357.0
2023-09-18 09:00:00,4.7,546.0
2023-09-18 10:00:00,6.6,661.0
2023-09-18 11:00:00,9.5,720.0
2023-09-18 12:00:00,5.2,705.0
2023-09-18 13:00:00,6.6,527.0
2023-09-18 14:00:00,13.8,407.0
2023-09-18 15:00:00,19.8,246.0
2023-09-18 16:00:00,14.2,79.0
2023-09-18 17:00:00,13.7,16.0
2023-09-18 18:00:00,8.0,0.0
2023-09-18 19:00:00,4.3,0.0
2023-09-18 20:00:00,3.4,0.0
2023-09-18 21:00:00,7.1,0.0
2023-09-18 22:00:00,6.3,0.0
2023-09-18 23:00:00,8.4,0.0
2023-09-19 00:00:00,3.3,0.0
2023-09-19 01:00:00,6.0,0.0
2023-09-19 02:00:00,3.1,0.0
2023-09-19 03:00:00,6.1,0.0
2023-09-19 04:00:00,5.2,0.0
2023-09-19 05:00:00,4.0,0.0
2023-09-19 06:00:00,6.4,55.0
2023-09-19 07:00:00,4.9,216.0
2023-09-19 08:00:00,9.2,393.0
2023-09-19 09:00:00,11.1,545.0
2023-09-19 10:00:00,12.8,661.0
2023-09-19 11:00:00,15.3,701.0
2023-09-19 12:00:00,9.1,686.0
2023-09-19 13:00:00,9.2,570.0
2023-09-19 14:00:00,11.7,509.0
2023-09-19 15:00:00,14.0,368.0
2023-09-19 16:00:00,13.5,212.0
2023-09-19 17:00:00,10.7,67.0
2023-09-19 18:00:00,11.8,1.0
2023-09-19 19:00:00,4.8,0.0
2023-09-19 20:00:00,5.5,0.0
2023-09-19 21:00:00,3.2,0.0
2023-09-19 22:00:00,4.6,0.0
2023-09-19 23:00:00,4.9,0.0
2023-09-20 00:00:00,4.3,0.0
2023-09-20 01:00:00,8.4,0.0
2023-09-20 02:00:00,4.2,0.0
2023-09-20 03:00:00,5.9,0.0
2023-09-20 04:00:00,4.3,0.0
2023-09-20 05:00:00,2.3,0.0
2023-09-20 06:00:00,3.8,48.0
2023-09-20 07:00:00,2.5,152.0
2023-09-20 08:00:00,5.8,240.0
2023-09-20 09:00:00,4.7,149.0
2023-09-20 10:00:00,1.3,297.0
2023-09-20 11:00:00,1.1,218.0
2023-09-20 12:00:00,7.1,285.0
2023-09-20 13:00:00,7.9,265.0
2023-09-20 14:00:00,8.1,161.0
2023-09-20 15:00:00,4.8,98.0
2023-09-20 16:00:00,9.9,73.0
2023-09-20 17:00:00,6.6,10.0
2023-09-20 18:00:00,7.9,0.0
2023-09-20 19:00:00,14.2,0.0
2023-09-20 20:00:00,13.5,0.0
2023-09-20 21:00:00,10.9,0.0
2023-09-20 22:00:00,5.7,0.0
2023-09-20 23:00:00,4.2,0.0
2023-09-21 00:00:00,11.7,0.0
2023-09-21 01:00:00,7.4,0.0
2023-09-21 02:00:00,7.3,0.0
2023-09-21 03:00:00,8.3,0.0
2023-09-21 04:00:00,1.8,0.0
2023-09-21 05:00:00,4.1,0.0
2023-09-21 06:00:00,10.4,34.0
2023-09-21 07:00:00,6.6,83.0
2023-09-21 08:00:00,7.6,147.0
2023-09-21 09:00:00,0.8,209.0
2023-09-21 10:00:00,11.3,356.0
2023-09-21 11:00:00,18.4,573.0
2023-09-21 12:00:00,11.3,644.0
2023-09-21 13:00:00,12.2,576.0
2023-09-21 14:00:00,10.8,420.0
2023-09-21 15:00:00,9.5,323.0
2023-09-21 16:00:00,7.9,163.0
2023-09-21 17:00:00,7.6,51.0
2023-09-21 18:00:00,8.1,0.0
2023-09-21 19:00:00,7.7,0.0
2023-09-21 20:00:00,8.4,0.0
2023-09-21 21:00:00,3.7,0.0
2023-09-21 22:00:00,5.4,0.0
2023-09-21 23:00:00,7.2,0.0
2023-09-22 00:00:00,6.5,0.0
2023-09-22 01:00:00,6.7,0.0
2023-09-22 02:00:00,8.4,0.0
2023-09-22 03:00:00,11.9,0.0
2023-09-22 04:00:00,10.8,0.0
2023-09-22 05:00:00,12.6,0.0
2023-09-22 06:00:00,12.9,34.0
2023-09-22 07:00:00,16.5,110.0
2023-09-22 08:00:00,18.6,308.0
2023-09-22 09:00:00,20.2,297.0
2023-09-22 10:00:00,22.4,481.0
2023-09-22 11:00:00,21.8,584.0
2023-09-22 12:00:00,23.0,621.0
2023-09-22 13:00:00,21.8,579.0
2023-09-22 14:00:00,19.1,378.0
2023-09-22 15:00:00,11.3,111.0
2023-09-22 16:00:00,14.7,176.0
2023-09-22 17:00:00,10.4,45.0
2023-09-22 18:00:00,6.5,0.0
2023-09-22 19:00:00,12.6,0.0
2023-09-22 20:00:00,13.5,0.0
2023-09-22 21:00:00,16.2,0.0
2023-09-22 22:00:00,14.7,0.0
2023-09-22 23:00:00,14.3,0.0
2023-09-23 00:00:00,0.8,0.0
2023-09-23 01:00:00,10.6,0.0
2023-09-23 02:00:00,8.0,0.0
2023-09-23 03:00:00,3.6,0.0
2023-09-23 04:00:00,5.1,0.0
2023-09-23 05:00:00,5.5,0.0
2023-09-23 06:00:00,3.0,18.0
2023-09-23 07:00:00,10.1,60.0
2023-09-23 08:00:00,7.2,290.0
2023-09-23 09:00:00,8.8,342.0
2023-09-23 10:00:00,8.8,490.0
2023-09-23 11:00:00,11.4,607.0
2023-09-23 12:00:00,7.9,537.0
2023-09-23 13:00:00,13.8,610.0
2023-09-23 14:00:00,15.5,480.0
2023-09-23 15:00:00,18.7,369.0
2023-09-23 16:00:00,13.0,184.0
2023-09-23 17:00:00,6.2,54.0
2023-09-23 18:00:00,4.1,0.0
2023-09-23 19:00:00,8.6,0.0
2023-09-23 20:00:00,6.2,0.0
2023-09-23 21:00:00,5.5,0.0
2023-09-23 22:00:00,5.8,0.0
2023-09-23 23:00:00,7.2,0.0
2023-09-24 00:00:00,8.6,0.0
2023-09-24 01:00:00,3.6,0.0
2023-09-24 02:00:00,10.4,0.0
2023-09-24 03:00:00,4.4,0.0
2023-09-24 04:00:00,10.1,0.0
2023-09-24 05:00:00,11.6,0.0
2023-09-24 06:00:00,12.6,43.0
2023-09-24 07:00:00,13.7,208.0
2023-09-24 08:00:00,17.9,360.0
2023-09-24 09:00:00,20.0,540.0
2023-09-24 10:00:00,19.9,643.0
2023-09-24 11:00:00,16.5,693.0
2023-09-24 12:00:00,17.0,675.0
2023-09-24 13:00:00,15.9,615.0
2023-09-24 14:00:00,18.8,466.0
2023-09-24 15:00:00,22.2,364.0
2023-09-24 16:00:00,25.5,213.0
2023-09-24 17:00:00,26.1,56.0
2023-09-24 18:00:00,26.5,0.0
2023-09-24 19:00:00,22.8,0.0
2023-09-24 20:00:00,20.4,0.0
2023-09-24 21:00:00,19.2,0.0
2023-09-24 22:00:00,17.7,0.0
2023-09-24 23:00:00,15.5,0.0
2023-09-25 00:00:00,19.9,0.0
2023-09-25 01:00:00,18.0,0.0
2023-09-25 02:00:00,17.0,0.0
2023-09-25 03:00:00,17.1,0.0
2023-09-25 04:00:00,14.8,0.0
2023-09-25 05:00:00,11.9,0.0
2023-09-25 06:00:00,12.2,46.0
2023-09-25 07:00:00,10.0,202.0
2023-09-25 08:00:00,13.4,380.0
2023-09-25 09:00:00,19.5,541.0
2023-09-25 10:00:00,14.7,632.0
2023-09-25 11:00:00,14.3,642.0
2023-09-25 12:00:00,11.9,578.0
2023-09-25 13:00:00,9.5,552.0
2023-09-25 14:00:00,10.5,451.0
2023-09-25 15:00:00,15.1,296.0
2023-09-25 16:00:00,25.5,192.0
2023-09-25 17:00:00,23.5,49.0
2023-09-25 18:00:00,19.4,0.0
2023-09-25 19:00:00,17.8,0.0
2023-09-25 20:00:00,18.0,0.0
2023-09-25 21:00:00,17.0,0.0
2023-09-25 22:00:00,13.8,0.0
2023-09-25 23:00:00,9.0,0.0
2023-09-26 00:00:00,14.2,0.0
2023-09-26 01:00:00,12.5,0.0
2023-09-26 02:00:00,10.2,0.0
2023-09-26 03:00:00,11.4,0.0
2023-09-26 04:00:00,10.1,0.0
2023-09-26 05:00:00,10.1,0.0
2023-09-26 06:00:00,11.4,45.0
2023-09-26 07:00:00,11.4,204.0
2023-09-26 08:00:00,11.2,383.0
2023-09-26 09:00:00,12.6,538.0
2023-09-26 10:00:00,14.8,649.0
2023-09-26 11:00:00,15.1,705.0
2023-09-26 12:00:00,17.9,705.0
2023-09-26 13:00:00,16.3,642.0
2023-09-26 14:00:00,14.2,520.0
2023-09-26 15:00:00,12.7,377.0
2023-09-26 16:00:00,12.0,205.0
2023-09-26 17:00:00,13.9,48.0
2023-09-26 18:00:00,12.8,0.0
2023-09-26 19:00:00,9.0,0.0
2023-09-26 20:00:00,10.2,0.0
2023-09-26 21:00:00,10.1,0.0
2023-09-26 22:00:00,8.4,0.0
2023-09-26 23:00:00,7.9,0.0
2023-09-27 00:00:00,8.6,0.0
2023-09-27 01:00:00,9.3,0.0
2023-09-27 02:00:00,8.5,0.0
2023-09-27 03:00:00,7.9,0.0
2023-09-27 04:00:00,7.4,0.0
2023-09-27 05:00:00,6.8,0.0
2023-09-27 06:00:00,8.2,43.0
2023-09-27 07:00:00,7.3,198.0
2023-09-27 08:00:00,9.0,374.0
2023-09-27 09:00:00,9.0,529.0
2023-09-27 10:00:00,8.7,643.0
2023-09-27 11:00:00,9.0,702.0
2023-09-27 12:00:00,8.6,701.0
2023-09-27 13:00:00,8.4,644.0
2023-09-27 14:00:00,8.0,533.0
2023-09-27 15:00:00,7.4,379.0
2023-09-27 16:00:00,5.8,203.0
2023-09-27 17:00:00,7.0,46.0
2023-09-27 18:00:00,8.4,0.0
2023-09-27 19:00:00,10.2,0.0
2023-09-27 20:00:00,8.3,0.0
2023-09-27 21:00:00,6.2,0.0
2023-09-27 22:00:00,5.6,0.0
2023-09-27 23:00:00,4.9,0.0
2023-09-28 00:00:00,4.2,0.0
2023-09-28 01:00:00,6.0,0.0
2023-09-28 02:00:00,8.0,0.0
2023-09-28 03:00:00,7.3,0.0
2023-09-28 04:00:00,6.2,0.0
2023-09-28 05:00:00,5.6,0.0
2023-09-28 06:00:00,8.0,41.0
2023-09-28 07:00:00,7.6,193.0
2023-09-28 08:00:00,8.3,369.0
2023-09-28 09:00:00,8.4,525.0
2023-09-28 10:00:00,6.2,631.0
2023-09-28 11:00:00,4.9,668.0
2023-09-28 12:00:00,5.5,646.0
2023-09-28 13:00:00,5.9,562.0
2023-09-28 14:00:00,6.6,496.0
2023-09-28 15:00:00,6.2,368.0
2023-09-28 16:00:00,4.2,197.0
2023-09-28 17:00:00,10.7,42.0
2023-09-28 18:00:00,9.4,0.0
2023-09-28 19:00:00,6.1,0.0
2023-09-28 20:00:00,5.2,0.0
2023-09-28 21:00:00,4.0,0.0
2023-09-28 22:00:00,2.4,0.0
2023-09-28 23:00:00,5.3,0.0
2023-09-29 00:00:00,4.8,0.0
2023-09-29 01:00:00,6.0,0.0
2023-09-29 02:00:00,6.6,0.0
2023-09-29 03:00:00,7.1,0.0
2023-09-29 04:00:00,7.9,0.0
2023-09-29 05:00:00,7.5,0.0
2023-09-29 06:00:00,8.6,39.0
2023-09-29 07:00:00,7.3,193.0
2023-09-29 08:00:00,7.2,370.0
2023-09-29 09:00:00,6.3,525.0
2023-09-29 10:00:00,4.6,638.0
2023-09-29 11:00:00,5.4,700.0
2023-09-29 12:00:00,3.2,702.0
2023-09-29 13:00:00,5.3,636.0
2023-09-29 14:00:00,9.8,520.0
2023-09-29 15:00:00,13.4,362.0
2023-09-29 16:00:00,12.0,191.0
2023-09-29 17:00:00,9.4,39.0
2023-09-29 18:00:00,9.2,0.0
2023-09-29 19:00:00,6.0,0.0
2023-09-29 20:00:00,4.6,0.0
2023-09-29 21:00:00,3.6,0.0
2023-09-29 22:00:00,3.4,0.0
2023-09-29 23:00:00,3.6,0.0
2023-09-30 00:00:00,7.0,0.0
2023-09-30 01:00:00,7.3,0.0
2023-09-30 02:00:00,7.9,0.0
2023-09-30 03:00:00,6.6,0.0
2023-09-30 04:00:00,6.9,0.0
2023-09-30 05:00:00,5.6,0.0
2023-09-30 06:00:00,8.2,38.0
2023-09-30 07:00:00,6.6,192.0
2023-09-30 08:00:00,8.3,369.0
2023-09-30 09:00:00,7.6,522.0
2023-09-30 10:00:00,6.5,632.0
2023-09-30 11:00:00,5.7,688.0
2023-09-30 12:00:00,5.4,685.0
2023-09-30 13:00:00,4.8,616.0
2023-09-30 14:00:00,7.8,505.0
2023-09-30 15:00:00,9.8,332.0
2023-09-30 16:00:00,8.6,151.0
2023-09-30 17:00:00,10.1,35.0
2023-09-30 18:00:00,8.2,0.0
2023-09-30 19:00:00,7.6,0.0
2023-09-30 20:00:00,4.2,0.0
2023-09-30 21:00:00,2.3,0.0
2023-09-30 22:00:00,2.5,0.0
2023-09-30 23:00:00,4.4,0.0
2023-10-01 00:00:00,5.4,0.0
2023-10-01 01:00:00,5.6,0.0
2023-10-01 02:00:00,6.3,0.0
2023-10-01 03:00:00,6.7,0.0
2023-10-01 04:00:00,7.4,0.0
2023-10-01 05:00:00,6.6,0.0
2023-10-01 06:00:00,7.3,35.0
2023-10-01 07:00:00,6.9,186.0
2023-10-01 08:00:00,7.6,361.0
2023-10-01 09:00:00,5.8,513.0
2023-10-01 10:00:00,3.1,623.0
2023-10-01 11:00:00,4.5,681.0
2023-10-01 12:00:00,4.7,679.0
2023-10-01 13:00:00,7.3,617.0
2023-10-01 14:00:00,10.7,510.0
2023-10-01 15:00:00,15.3,352.0
2023-10-01 16:00:00,12.7,178.0
2023-10-01 17:00:00,10.0,33.0
2023-10-01 18:00:00,6.8,0.0
2023-10-01 19:00:00,6.6,0.0
2023-10-01 20:00:00,6.2,0.0
2023-10-01 21:00:00,1.5,0.0
2023-10-01 22:00:00,5.8,0.0
2023-10-01 23:00:00,6.3,0.0
2023-10-02 00:00:00,6.2,0.0
2023-10-02 01:00:00,5.8,0.0
2023-10-02 02:00:00,7.3,0.0
2023-10-02 03:00:00,5.7,0.0
2023-10-02 04:00:00,6.7,0.0
2023-10-02 05:00:00,7.3,0.0
2023-10-02 06:00:00,7.8,34.0
2023-10-02 07:00:00,6.9,184.0
2023-10-02 08:00:00,7.2,359.0
2023-10-02 09:00:00,6.5,511.0
2023-10-02 10:00:00,3.1,622.0
2023-10-02 11:00:00,4.0,679.0
2023-10-02 12:00:00,6.0,676.0
2023-10-02 13:00:00,9.2,614.0
2023-10-02 14:00:00,11.5,500.0
2023-10-02 15:00:00,12.0,348.0
2023-10-02 16:00:00,10.8,175.0
2023-10-02 17:00:00,8.4,30.0
2023-10-02 18:00:00,5.6,0.0
2023-10-02 19:00:00,1.8,0.0
2023-10-02 20:00:00,5.7,0.0
2023-10-02 21:00:00,6.4,0.0
2023-10-02 22:00:00,3.9,0.0
2023-10-02 23:00:00,4.2,0.0
2023-10-03 00:00:00,3.4,0.0
2023-10-03 01:00:00,4.6,0.0
2023-10-03 02:00:00,6.6,0.0
2023-10-03 03:00:00,6.1,0.0
2023-10-03 04:00:00,5.7,0.0
2023-10-03 05:00:00,7.0,0.0
2023-10-03 06:00:00,8.2,32.0
2023-10-03 07:00:00,6.7,180.0
2023-10-03 08:00:00,6.0,355.0
2023-10-03 09:00:00,4.0,508.0
2023-10-03 10:00:00,2.6,618.0
2023-10-03 11:00:00,3.3,676.0
2023-10-03 12:00:00,5.6,675.0
2023-10-03 13:00:00,9.2,613.0
2023-10-03 14:00:00,12.3,497.0
2023-10-03 15:00:00,13.9,346.0
2023-10-03 16:00:00,11.6,174.0
2023-10-03 17:00:00,9.2,29.0
2023-10-03 18:00:00,6.8,0.0
2023-10-03 19:00:00,5.6,0.0
2023-10-03 20:00:00,4.9,0.0
2023-10-03 21:00:00,5.2,0.0
2023-10-03 22:00:00,2.9,0.0
2023-10-03 23:00:00,2.9,0.0
2023-10-04 00:00:00,3.6,0.0
2023-10-04 01:00:00,4.2,0.0
2023-10-04 02:00:00,5.0,0.0
2023-10-04 03:00:00,6.0,0.0
2023-10-04 04:00:00,5.2,0.0
2023-10-04 05:00:00,5.8,0.0
2023-10-04 06:00:00,7.2,30.0
2023-10-04 07:00:00,5.5,175.0
2023-10-04 08:00:00,6.5,339.0
2023-10-04 09:00:00,4.7,485.0
2023-10-04 10:00:00,2.5,595.0
2023-10-04 11:00:00,6.6,640.0
2023-10-04 12:00:00,9.5,620.0
2023-10-04 13:00:00,13.6,603.0
2023-10-04 14:00:00,15.3,489.0
2023-10-04 15:00:00,14.3,336.0
2023-10-04 16:00:00,10.8,163.0
2023-10-04 17:00:00,7.9,25.0
2023-10-04 18:00:00,8.0,0.0
2023-10-04 19:00:00,5.8,0.0
2023-10-04 20:00:00,5.7,0.0
2023-10-04 21:00:00,3.3,0.0
2023-10-04 22:00:00,4.3,0.0
2023-10-04 23:00:00,4.9,0.0
2023-10-05 00:00:00,3.5,0.0
2023-10-05 01:00:00,4.7,0.0
2023-10-05 02:00:00,4.8,0.0
2023-10-05 03:00:00,3.6,0.0
2023-10-05 04:00:00,3.6,0.0
2023-10-05 05:00:00,3.8,0.0
2023-10-05 06:00:00,5.3,25.0
2023-10-05 07:00:00,6.4,135.0
2023-10-05 08:00:00,4.9,297.0
2023-10-05 09:00:00,0.5,441.0
2023-10-05 10:00:00,5.9,527.0
2023-10-05 11:00:00,9.4,610.0
2023-10-05 12:00:00,8.4,596.0
2023-10-05 13:00:00,10.8,435.0
2023-10-05 14:00:00,12.5,399.0
2023-10-05 15:00:00,12.7,245.0
2023-10-05 16:00:00,13.2,122.0
2023-10-05 17:00:00,10.0,22.0
2023-10-05 18:00:00,6.4,0.0
2023-10-05 19:00:00,5.4,0.0
2023-10-05 20:00:00,3.2,0.0
2023-10-05 21:00:00,1.5,0.0
2023-10-05 22:00:00,4.0,0.0
2023-10-05 23:00:00,6.0,0.0
2023-10-06 00:00:00,2.7,0.0
2023-10-06 01:00:00,5.2,0.0
2023-10-06 02:00:00,3.6,0.0
2023-10-06 03:00:00,3.3,0.0
2023-10-06 04:00:00,5.2,0.0
2023-10-06 05:00:00,4.6,0.0
2023-10-06 06:00:00,5.8,19.0
2023-10-06 07:00:00,5.6,102.0
2023-10-06 08:00:00,7.6,310.0
2023-10-06 09:00:00,5.0,485.0
2023-10-06 10:00:00,3.3,601.0
2023-10-06 11:00:00,3.4,660.0
2023-10-06 12:00:00,3.1,661.0
2023-10-06 13:00:00,3.4,600.0
2023-10-06 14:00:00,5.2,485.0
2023-10-06 15:00:00,9.0,322.0
2023-10-06 16:00:00,13.2,149.0
2023-10-06 17:00:00,12.5,20.0
2023-10-06 18:00:00,10.2,0.0
2023-10-06 19:00:00,8.3,0.0
2023-10-06 20:00:00,8.0,0.0
2023-10-06 21:00:00,4.9,0.0
2023-10-06 22:00:00,2.5,0.0
2023-10-06 23:00:00,5.2,0.0
2023-10-07 00:00:00,4.5,0.0
2023-10-07 01:00:00,5.2,0.0
2023-10-07 02:00:00,6.2,0.0
2023-10-07 03:00:00,6.5,0.0
2023-10-07 04:00:00,6.7,0.0
2023-10-07 05:00:00,6.8,0.0
2023-10-07 06:00:00,7.9,25.0
2023-10-07 07:00:00,7.9,163.0
2023-10-07 08:00:00,7.9,332.0
2023-10-07 09:00:00,5.8,482.0
2023-10-07 10:00:00,2.9,588.0
2023-10-07 11:00:00,5.1,646.0
2023-10-07 12:00:00,5.3,645.0
2023-10-07 13:00:00,6.1,589.0
2023-10-07 14:00:00,7.1,476.0
2023-10-07 15:00:00,11.7,316.0
2023-10-07 16:00:00,15.3,149.0
2023-10-07 17:00:00,9.4,19.0
2023-10-07 18:00:00,11.1,0.0
2023-10-07 19:00:00,8.0,0.0
2023-10-07 20:00:00,4.8,0.0
2023-10-07 21:00:00,4.5,0.0
2023-10-07 22:00:00,2.9,0.0
2023-10-07 23:00:00,4.9,0.0
2023-10-08 00:00:00,6.1,0.0
2023-10-08 01:00:00,5.2,0.0
2023-10-08 02:00:00,4.2,0.0
2023-10-08 03:00:00,3.6,0.0
2023-10-08 04:00:00,4.8,0.0
2023-10-08 05:00:00,5.3,0.0
2023-10-08 06:00:00,8.4,24.0
2023-10-08 07:00:00,7.2,163.0
2023-10-08 08:00:00,6.9,334.0
2023-10-08 09:00:00,3.3,484.0
2023-10-08 10:00:00,4.3,592.0
2023-10-08 11:00:00,3.8,647.0
2023-10-08 12:00:00,5.6,644.0
2023-10-08 13:00:00,6.9,583.0
2023-10-08 14:00:00,9.1,468.0
2023-10-08 15:00:00,11.1,305.0
2023-10-08 16:00:00,15.2,141.0
2023-10-08 17:00:00,12.0,17.0
2023-10-08 18:00:00,6.5,0.0
2023-10-08 19:00:00,5.8,0.0
2023-10-08 20:00:00,4.2,0.0
2023-10-08 21:00:00,2.2,0.0
2023-10-08 22:00:00,4.7,0.0
2023-10-08 23:00:00,5.3,0.0
2023-10-09 00:00:00,6.0,0.0
2023-10-09 01:00:00,4.4,0.0
2023-10-09 02:00:00,4.8,0.0
2023-10-09 03:00:00,5.8,0.0
2023-10-09 04:00:00,6.0,0.0
2023-10-09 05:00:00,4.8,0.0
2023-10-09 06:00:00,6.1,22.0
2023-10-09 07:00:00,5.2,159.0
2023-10-09 08:00:00,4.7,328.0
2023-10-09 09:00:00,3.7,478.0
2023-10-09 10:00:00,2.3,585.0
2023-10-09 11:00:00,1.3,642.0
2023-10-09 12:00:00,1.8,642.0
2023-10-09 13:00:00,5.4,578.0
2023-10-09 14:00:00,11.2,463.0
2023-10-09 15:00:00,15.6,310.0
2023-10-09 16:00:00,12.5,141.0
2023-10-09 17:00:00,9.5,15.0
2023-10-09 18:00:00,6.6,0.0
2023-10-09 19:00:00,4.0,0.0
2023-10-09 20:00:00,5.8,0.0
2023-10-09 21:00:00,5.1,0.0
2023-10-09 22:00:00,3.4,0.0
2023-10-09 23:00:00,3.6,0.0
2023-10-10 00:00:00,2.9,0.0
2023-10-10 01:00:00,6.8,0.0
2023-10-10 02:00:00,5.9,0.0
2023-10-10 03:00:00,5.7,0.0
2023-10-10 04:00:00,5.7,0.0
2023-10-10 05:00:00,4.0,0.0
2023-10-10 06:00:00,6.4,21.0
2023-10-10 07:00:00,4.6,157.0
2023-10-10 08:00:00,3.6,327.0
2023-10-10 09:00:00,2.6,476.0
2023-10-10 10:00:00,1.3,584.0
2023-10-10 11:00:00,3.0,639.0
2023-10-10 12:00:00,7.6,636.0
2023-10-10 13:00:00,6.2,572.0
2023-10-10 14:00:00,4.7,460.0
2023-10-10 15:00:00,4.5,309.0
2023-10-10 16:00:00,5.4,138.0
2023-10-10 17:00:00,7.7,14.0
2023-10-10 18:00:00,6.2,0.0
2023-10-10 19:00:00,4.8,0.0
2023-10-10 20:00:00,4.2,0.0
2023-10-10 21:00:00,4.3,0.0
2023-10-10 22:00:00,3.3,0.0
2023-10-10 23:00:00,5.4,0.0
2023-10-11 00:00:00,7.0,0.0
2023-10-11 01:00:00,5.4,0.0
2023-10-11 02:00:00,5.7,0.0
2023-10-11 03:00:00,6.1,0.0
2023-10-11 04:00:00,4.5,0.0
2023-10-11 05:00:00,5.1,0.0
2023-10-11 06:00:00,7.2,20.0
2023-10-11 07:00:00,7.4,154.0
2023-10-11 08:00:00,7.6,324.0
2023-10-11 09:00:00,6.5,474.0
2023-10-11 10:00:00,3.4,581.0
2023-10-11 11:00:00,2.9,636.0
2023-10-11 12:00:00,3.8,632.0
2023-10-11 13:00:00,6.5,570.0
2023-10-11 14:00:00,11.2,456.0
2023-10-11 15:00:00,14.4,303.0
2023-10-11 16:00:00,12.8,133.0
2023-10-11 17:00:00,10.0,12.0
2023-10-11 18:00:00,8.7,0.0
2023-10-11 19:00:00,6.7,0.0
2023-10-11 20:00:00,6.2,0.0
2023-10-11 21:00:00,2.7,0.0
2023-10-11 22:00:00,1.6,0.0
2023-10-11 23:00:00,3.8,0.0
2023-10-12 00:00:00,6.7,0.0
2023-10-12 01:00:00,5.2,0.0
2023-10-12 02:00:00,4.8,0.0
2023-10-12 03:00:00,5.2,0.0
2023-10-12 04:00:00,6.3,0.0
2023-10-12 05:00:00,6.0,0.0
2023-10-12 06:00:00,7.5,19.0
2023-10-12 07:00:00,7.3,150.0
2023-10-12 08:00:00,6.5,320.0
2023-10-12 09:00:00,4.7,470.0
2023-10-12 10:00:00,1.9,578.0
2023-10-12 11:00:00,2.9,632.0
2023-10-12 12:00:00,3.2,628.0
2023-10-12 13:00:00,4.7,564.0
2023-10-12 14:00:00,9.3,451.0
2023-10-12 15:00:00,14.2,297.0
2023-10-12 16:00:00,12.0,128.0
2023-10-12 17:00:00,9.4,11.0
2023-10-12 18:00:00,7.6,0.0
2023-10-12 19:00:00,6.0,0.0
2023-10-12 20:00:00,5.3,0.0
2023-10-12 21:00:00,3.8,0.0
2023-10-12 22:00:00,2.6,0.0
2023-10-12 23:00:00,3.6,0.0
2023-10-13 00:00:00,5.0,0.0
2023-10-13 01:00:00,4.1,0.0
2023-10-13 02:00:00,5.4,0.0
2023-10-13 03:00:00,5.5,0.0
2023-10-13 04:00:00,6.3,0.0
2023-10-13 05:00:00,3.8,0.0
2023-10-13 06:00:00,5.6,17.0
2023-10-13 07:00:00,5.8,140.0
2023-10-13 08:00:00,6.1,298.0
2023-10-13 09:00:00,4.7,447.0
2023-10-13 10:00:00,2.0,549.0
2023-10-13 11:00:00,2.2,610.0
2023-10-13 12:00:00,2.1,618.0
2023-10-13 13:00:00,2.3,520.0
2023-10-13 14:00:00,5.3,388.0
2023-10-13 15:00:00,11.4,225.0
2023-10-13 16:00:00,12.5,97.0
2023-10-13 17:00:00,9.8,9.0
2023-10-13 18:00:00,7.3,0.0
2023-10-13 19:00:00,5.2,0.0
2023-10-13 20:00:00,5.1,0.0
2023-10-13 21:00:00,3.6,0.0
2023-10-13 22:00:00,1.5,0.0
2023-10-13 23:00:00,1.3,0.0
2023-10-14 00:00:00,2.3,0.0
2023-10-14 01:00:00,3.1,0.0
2023-10-14 02:00:00,2.6,0.0
2023-10-14 03:00:00,4.8,0.0
2023-10-14 04:00:00,6.2,0.0
2023-10-14 05:00:00,6.6,0.0
2023-10-14 06:00:00,5.6,14.0
2023-10-14 07:00:00,4.1,134.0
2023-10-14 08:00:00,4.0,301.0
2023-10-14 09:00:00,3.8,452.0
2023-10-14 10:00:00,11.4,557.0
2023-10-14 11:00:00,16.1,596.0
2023-10-14 12:00:00,16.4,565.0
2023-10-14 13:00:00,16.5,474.0
2023-10-14 14:00:00,17.8,365.0
2023-10-14 15:00:00,17.8,235.0
2023-10-14 16:00:00,14.1,100.0
2023-10-14 17:00:00,9.7,7.0
2023-10-14 18:00:00,8.3,0.0
2023-10-14 19:00:00,9.2,0.0
2023-10-14 20:00:00,8.0,0.0
2023-10-14 21:00:00,5.6,0.0
2023-10-14 22:00:00,5.9,0.0
2023-10-14 23:00:00,7.9,0.0
2023-10-15 00:00:00,7.4,0.0
2023-10-15 01:00:00,6.9,0.0
2023-10-15 02:00:00,8.4,0.0
2023-10-15 03:00:00,12.1,0.0
2023-10-15 04:00:00,12.4,0.0
2023-10-15 05:00:00,12.7,0.0
2023-10-15 06:00:00,13.5,12.0
2023-10-15 07:00:00,15.8,97.0
2023-10-15 08:00:00,17.4,219.0
2023-10-15 09:00:00,20.3,361.0
2023-10-15 10:00:00,20.9,465.0
2023-10-15 11:00:00,21.7,431.0
2023-10-15 12:00:00,18.6,513.0
2023-10-15 13:00:00,16.5,518.0
2023-10-15 14:00:00,16.1,422.0
2023-10-15 15:00:00,16.7,235.0
2023-10-15 16:00:00,14.5,100.0
2023-10-15 17:00:00,11.2,4.0
2023-10-15 18:00:00,9.4,0.0
2023-10-15 19:00:00,7.2,0.0
2023-10-15 20:00:00,6.8,0.0
2023-10-15 21:00:00,5.2,0.0
2023-10-15 22:00:00,4.7,0.0
2023-10-15 23:00:00,5.2,0.0
2023-10-16 00:00:00,6.1,0.0
2023-10-16 01:00:00,4.9,0.0
2023-10-16 02:00:00,5.6,0.0
2023-10-16 03:00:00,6.8,0.0
2023-10-16 04:00:00,7.9,0.0
2023-10-16 05:00:00,6.8,0.0
2023-10-16 06:00:00,5.8,12.0
2023-10-16 07:00:00,6.7,113.0
2023-10-16 08:00:00,6.1,201.0
2023-10-16 09:00:00,8.0,220.0
2023-10-16 10:00:00,12.4,207.0
2023-10-16 11:00:00,17.7,149.0
2023-10-16 12:00:00,7.9,133.0
2023-10-16 13:00:00,7.9,44.0
2023-10-16 14:00:00,4.2,163.0
2023-10-16 15:00:00,7.6,116.0
2023-10-16 16:00:00,10.5,28.0
2023-10-16 17:00:00,10.3,1.0
2023-10-16 18:00:00,6.8,0.0
2023-10-16 19:00:00,6.9,0.0
2023-10-16 20:00:00,6.9,0.0
2023-10-16 21:00:00,8.2,0.0
2023-10-16 22:00:00,7.6,0.0
2023-10-16 23:00:00,6.5,0.0
2023-10-17 00:00:00,4.8,0.0
2023-10-17 01:00:00,8.3,0.0
2023-10-17 02:00:00,10.4,0.0
2023-10-17 03:00:00,13.0,0.0
2023-10-17 04:00:00,10.0,0.0
2023-10-17 05:00:00,11.4,0.0
2023-10-17 06:00:00,11.9,12.0
2023-10-17 07:00:00,10.0,131.0
2023-10-17 08:00:00,9.1,295.0
2023-10-17 09:00:00,8.6,440.0
2023-10-17 10:00:00,6.5,544.0
2023-10-17 11:00:00,5.0,598.0
2023-10-17 12:00:00,5.4,571.0
2023-10-17 13:00:00,3.9,460.0
2023-10-17 14:00:00,3.2,381.0
2023-10-17 15:00:00,4.8,264.0
2023-10-17 16:00:00,9.8,87.0
2023-10-17 17:00:00,9.0,5.0
2023-10-17 18:00:00,6.5,0.0
2023-10-17 19:00:00,6.5,0.0
2023-10-17 20:00:00,5.6,0.0
2023-10-17 21:00:00,4.8,0.0
2023-10-17 22:00:00,4.1,0.0
2023-10-17 23:00:00,3.3,0.0
2023-10-18 00:00:00,4.3,0.0
2023-10-18 01:00:00,3.2,0.0
2023-10-18 02:00:00,3.7,0.0
2023-10-18 03:00:00,5.8,0.0
2023-10-18 04:00:00,5.1,0.0
2023-10-18 05:00:00,5.2,0.0
2023-10-18 06:00:00,5.4,9.0
2023-10-18 07:00:00,3.9,103.0
2023-10-18 08:00:00,3.1,207.0
2023-10-18 09:00:00,3.4,264.0
2023-10-18 10:00:00,6.5,244.0
2023-10-18 11:00:00,9.5,322.0
2023-10-18 12:00:00,4.2,208.0
2023-10-18 13:00:00,3.1,164.0
2023-10-18 14:00:00,5.7,276.0
2023-10-18 15:00:00,7.6,197.0
2023-10-18 16:00:00,6.9,71.0
2023-10-18 17:00:00,10.3,2.0
2023-10-18 18:00:00,7.1,0.0
2023-10-18 19:00:00,8.4,0.0
2023-10-18 20:00:00,9.7,0.0
2023-10-18 21:00:00,7.0,0.0
2023-10-18 22:00:00,9.4,0.0
2023-10-18 23:00:00,7.2,0.0
2023-10-19 00:00:00,12.8,0.0
2023-10-19 01:00:00,6.8,0.0
2023-10-19 02:00:00,10.1,0.0
2023-10-19 03:00:00,17.7,0.0
2023-10-19 04:00:00,22.5,0.0
2023-10-19 05:00:00,19.9,0.0
2023-10-19 06:00:00,22.3,8.0
2023-10-19 07:00:00,23.1,96.0
2023-10-19 08:00:00,23.9,265.0
2023-10-19 09:00:00,26.8,422.0
2023-10-19 10:00:00,26.1,473.0
2023-10-19 11:00:00,23.5,465.0
2023-10-19 12:00:00,27.7,517.0
2023-10-19 13:00:00,25.5,389.0
2023-10-19 14:00:00,22.8,374.0
2023-10-19 15:00:00,21.6,216.0
2023-10-19 16:00:00,20.6,83.0
2023-10-19 17:00:00,19.1,3.0
2023-10-19 18:00:00,17.6,0.0
2023-10-19 19:00:00,20.3,0.0
2023-10-19 20:00:00,20.0,0.0
2023-10-19 21:00:00,22.6,0.0
2023-10-19 22:00:00,20.6,0.0
2023-10-19 23:00:00,19.7,0.0
2023-10-20 00:00:00,17.8,0.0
2023-10-20 01:00:00,15.8,0.0
2023-10-20 02:00:00,16.0,0.0
2023-10-20 03:00:00,11.8,0.0
2023-10-20 04:00:00,6.9,0.0
2023-10-20 05:00:00,12.6,0.0
2023-10-20 06:00:00,18.7,9.0
2023-10-20 07:00:00,26.4,86.0
2023-10-20 08:00:00,26.9,176.0
2023-10-20 09:00:00,26.0,246.0
2023-10-20 10:00:00,29.2,272.0
2023-10-20 11:00:00,30.1,232.0
2023-10-20 12:00:00,30.5,466.0
2023-10-20 13:00:00,25.2,184.0
2023-10-20 14:00:00,24.1,64.0
2023-10-20 15:00:00,19.1,62.0
2023-10-20 16:00:00,18.8,19.0
2023-10-20 17:00:00,16.2,1.0
2023-10-20 18:00:00,13.4,0.0
2023-10-20 19:00:00,6.5,0.0
2023-10-20 20:00:00,4.7,0.0
2023-10-20 21:00:00,15.2,0.0
2023-10-20 22:00:00,1.6,0.0
2023-10-20 23:00:00,9.2,0.0
2023-10-21 00:00:00,10.2,0.0
2023-10-21 01:00:00,14.8,0.0
2023-10-21 02:00:00,17.1,0.0
2023-10-21 03:00:00,14.8,0.0
2023-10-21 04:00:00,17.5,0.0
2023-10-21 05:00:00,4.8,0.0
2023-10-21 06:00:00,2.8,5.0
2023-10-21 07:00:00,2.3,28.0
2023-10-21 08:00:00,12.2,101.0
2023-10-21 09:00:00,12.6,194.0
2023-10-21 10:00:00,16.5,158.0
2023-10-21 11:00:00,10.1,213.0
2023-10-21 12:00:00,13.3,227.0
2023-10-21 13:00:00,17.0,409.0
2023-10-21 14:00:00,18.5,277.0
2023-10-21 15:00:00,13.8,190.0
2023-10-21 16:00:00,4.1,42.0
2023-10-21 17:00:00,4.3,2.0
2023-10-21 18:00:00,2.8,0.0
2023-10-21 19:00:00,8.4,0.0
2023-10-21 20:00:00,9.7,0.0
2023-10-21 21:00:00,6.1,0.0
2023-10-21 22:00:00,4.0,0.0
2023-10-21 23:00:00,6.3,0.0
2023-10-22 00:00:00,4.8,0.0
2023-10-22 01:00:00,8.7,0.0
2023-10-22 02:00:00,5.8,0.0
2023-10-22 03:00:00,6.6,0.0
2023-10-22 04:00:00,7.6,0.0
2023-10-22 05:00:00,7.0,0.0
2023-10-22 06:00:00,7.0,7.0
2023-10-22 07:00:00,8.9,111.0
2023-10-22 08:00:00,7.7,248.0
2023-10-22 09:00:00,12.4,388.0
2023-10-22 10:00:00,13.3,491.0
2023-10-22 11:00:00,13.4,500.0
2023-10-22 12:00:00,11.1,523.0
2023-10-22 13:00:00,10.9,476.0
2023-10-22 14:00:00,12.0,355.0
2023-10-22 15:00:00,9.3,211.0
2023-10-22 16:00:00,6.5,84.0
2023-10-22 17:00:00,6.6,2.0
2023-10-22 18:00:00,3.4,0.0
2023-10-22 19:00:00,4.7,0.0
2023-10-22 20:00:00,4.7,0.0
2023-10-22 21:00:00,4.0,0.0
2023-10-22 22:00:00,3.7,0.0
2023-10-22 23:00:00,3.6,0.0
2023-10-23 00:00:00,4.9,0.0
2023-10-23 01:00:00,5.5,0.0
2023-10-23 02:00:00,5.1,0.0
2023-10-23 03:00:00,5.6,0.0
2023-10-23 04:00:00,6.4,0.0
2023-10-23 05:00:00,5.4,0.0
2023-10-23 06:00:00,5.9,7.0
2023-10-23 07:00:00,7.7,109.0
2023-10-23 08:00:00,5.6,263.0
2023-10-23 09:00:00,5.4,389.0
2023-10-23 10:00:00,5.0,482.0
2023-10-23 11:00:00,8.9,540.0
2023-10-23 12:00:00,4.5,449.0
2023-10-23 13:00:00,8.9,374.0
2023-10-23 14:00:00,12.4,326.0
2023-10-23 15:00:00,11.4,208.0
2023-10-23 16:00:00,10.3,77.0
2023-10-23 17:00:00,9.3,1.0
2023-10-23 18:00:00,6.5,0.0
2023-10-23 19:00:00,7.2,0.0
2023-10-23 20:00:00,7.2,0.0
2023-10-23 21:00:00,7.9,0.0
2023-10-23 22:00:00,5.4,0.0
2023-10-23 23:00:00,5.6,0.0
2023-10-24 00:00:00,4.1,0.0
2023-10-24 01:00:00,5.6,0.0
2023-10-24 02:00:00,4.6,0.0
2023-10-24 03:00:00,6.7,0.0
2023-10-24 04:00:00,9.0,0.0
2023-10-24 05:00:00,7.6,0.0
2023-10-24 06:00:00,7.5,6.0
2023-10-24 07:00:00,5.1,105.0
2023-10-24 08:00:00,5.7,262.0
2023-10-24 09:00:00,12.5,393.0
2023-10-24 10:00:00,21.3,296.0
2023-10-24 11:00:00,26.1,355.0
2023-10-24 12:00:00,25.1,355.0
2023-10-24 13:00:00,23.4,102.0
2023-10-24 14:00:00,24.3,24.0
2023-10-24 15:00:00,24.1,24.0
2023-10-24 16:00:00,17.5,15.0
2023-10-24 17:00:00,20.6,1.0
2023-10-24 18:00:00,16.4,0.0
2023-10-24 19:00:00,9.5,0.0
2023-10-24 20:00:00,11.2,0.0
2023-10-24 21:00:00,13.5,0.0
2023-10-24 22:00:00,9.7,0.0
2023-10-24 23:00:00,9.7,0.0
2023-10-25 00:00:00,10.4,0.0
2023-10-25 01:00:00,7.3,0.0
2023-10-25 02:00:00,6.0,0.0
2023-10-25 03:00:00,6.9,0.0
2023-10-25 04:00:00,6.0,0.0
2023-10-25 05:00:00,5.6,0.0
2023-10-25 06:00:00,6.5,5.0
2023-10-25 07:00:00,9.1,79.0
2023-10-25 08:00:00,11.2,223.0
2023-10-25 09:00:00,12.8,259.0
2023-10-25 10:00:00,12.4,292.0
2023-10-25 11:00:00,13.7,355.0
2023-10-25 12:00:00,16.3,514.0
2023-10-25 13:00:00,15.8,451.0
2023-10-25 14:00:00,15.5,346.0
2023-10-25 15:00:00,8.7,208.0
2023-10-25 16:00:00,7.3,59.0
2023-10-25 17:00:00,8.7,1.0
2023-10-25 18:00:00,6.5,0.0
2023-10-25 19:00:00,11.6,0.0
2023-10-25 20:00:00,10.8,0.0
2023-10-25 21:00:00,7.4,0.0
2023-10-25 22:00:00,5.6,0.0
2023-10-25 23:00:00,5.4,0.0
2023-10-26 00:00:00,8.7,0.0
2023-10-26 01:00:00,8.0,0.0
2023-10-26 02:00:00,6.2,0.0
2023-10-26 03:00:00,6.9,0.0
2023-10-26 04:00:00,6.2,0.0
2023-10-26 05:00:00,7.0,0.0
2023-10-26 06:00:00,5.2,4.0
2023-10-26 07:00:00,4.9,94.0
2023-10-26 08:00:00,6.6,248.0
2023-10-26 09:00:00,12.9,366.0
2023-10-26 10:00:00,18.8,400.0
2023-10-26 11:00:00,20.0,491.0
2023-10-26 12:00:00,18.4,411.0
2023-10-26 13:00:00,17.7,306.0
2023-10-26 14:00:00,15.6,297.0
2023-10-26 15:00:00,14.5,147.0
2023-10-26 16:00:00,15.0,60.0
2023-10-26 17:00:00,8.0,0.0
2023-10-26 18:00:00,9.2,0.0
2023-10-26 19:00:00,12.2,0.0
2023-10-26 20:00:00,14.8,0.0
2023-10-26 21:00:00,20.4,0.0
2023-10-26 22:00:00,19.7,0.0
2023-10-26 23:00:00,18.4,0.0
2023-10-27 00:00:00,18.4,0.0
2023-10-27 01:00:00,19.5,0.0
2023-10-27 02:00:00,19.8,0.0
2023-10-27 03:00:00,20.9,0.0
2023-10-27 04:00:00,21.7,0.0
2023-10-27 05:00:00,23.3,0.0
2023-10-27 06:00:00,24.3,2.0
2023-10-27 07:00:00,27.1,27.0
2023-10-27 08:00:00,26.1,111.0
2023-10-27 09:00:00,28.9,236.0
2023-10-27 10:00:00,26.7,406.0
2023-10-27 11:00:00,26.5,470.0
2023-10-27 12:00:00,27.3,517.0
2023-10-27 13:00:00,24.4,449.0
2023-10-27 14:00:00,20.4,346.0
2023-10-27 15:00:00,15.9,217.0
2023-10-27 16:00:00,13.0,61.0
2023-10-27 17:00:00,11.2,0.0
2023-10-27 18:00:00,13.0,0.0
2023-10-27 19:00:00,13.4,0.0
2023-10-27 20:00:00,13.4,0.0
2023-10-27 21:00:00,14.3,0.0
2023-10-27 22:00:00,15.2,0.0
2023-10-27 23:00:00,14.7,0.0
2023-10-28 00:00:00,12.6,0.0
2023-10-28 01:00:00,14.3,0.0
2023-10-28 02:00:00,14.8,0.0
2023-10-28 03:00:00,13.8,0.0
2023-10-28 04:00:00,10.8,0.0
2023-10-28 05:00:00,9.2,0.0
2023-10-28 06:00:00,7.3,3.0
2023-10-28 07:00:00,7.0,87.0
2023-10-28 08:00:00,5.8,227.0
2023-10-28 09:00:00,8.7,342.0
2023-10-28 10:00:00,12.1,440.0
2023-10-28 11:00:00,13.9,511.0
2023-10-28 12:00:00,13.8,508.0
2023-10-28 13:00:00,10.0,345.0
2023-10-28 14:00:00,14.3,280.0
2023-10-28 15:00:00,8.7,151.0
2023-10-28 16:00:00,8.4,56.0
2023-10-28 17:00:00,10.8,0.0
2023-10-28 18:00:00,9.7,0.0
2023-10-28 19:00:00,8.4,0.0
2023-10-28 20:00:00,8.0,0.0
2023-10-28 21:00:00,7.9,0.0
2023-10-28 22:00:00,6.4,0.0
2023-10-28 23:00:00,5.0,0.0
2023-10-29 00:00:00,7.6,0.0
2023-10-29 01:00:00,11.6,0.0
2023-10-29 02:00:00,9.4,0.0
2023-10-29 03:00:00,8.0,0.0
2023-10-29 04:00:00,7.5,0.0
2023-10-29 05:00:00,8.7,0.0
2023-10-29 06:00:00,9.4,3.0
2023-10-29 07:00:00,11.0,85.0
2023-10-29 08:00:00,9.2,231.0
2023-10-29 09:00:00,12.2,370.0
2023-10-29 10:00:00,17.6,460.0
2023-10-29 11:00:00,20.2,460.0
2023-10-29 12:00:00,21.2,474.0
2023-10-29 13:00:00,16.8,466.0
2023-10-29 14:00:00,17.3,369.0
2023-10-29 15:00:00,14.0,202.0
2023-10-29 16:00:00,11.6,61.0
2023-10-29 17:00:00,9.8,0.0
2023-10-29 18:00:00,10.9,0.0
2023-10-29 19:00:00,11.9,0.0
2023-10-29 20:00:00,10.0,0.0
2023-10-29 21:00:00,7.9,0.0
2023-10-29 22:00:00,6.7,0.0
2023-10-29 23:00:00,6.5,0.0
2023-10-30 00:00:00,7.0,0.0
2023-10-30 01:00:00,6.5,0.0
2023-10-30 02:00:00,6.4,0.0
2023-10-30 03:00:00,6.8,0.0
2023-10-30 04:00:00,7.3,0.0
2023-10-30 05:00:00,8.7,0.0
2023-10-30 06:00:00,9.0,3.0
2023-10-30 07:00:00,7.1,85.0
2023-10-30 08:00:00,11.2,236.0
2023-10-30 09:00:00,14.1,377.0
2023-10-30 10:00:00,18.1,473.0
2023-10-30 11:00:00,21.4,500.0
2023-10-30 12:00:00,23.4,502.0
2023-10-30 13:00:00,22.3,446.0
2023-10-30 14:00:00,26.5,344.0
2023-10-30 15:00:00,26.1,168.0
2023-10-30 16:00:00,24.1,31.0
2023-10-30 17:00:00,25.6,0.0
2023-10-30 18:00:00,32.2,0.0
2023-10-30 19:00:00,32.2,0.0
2023-10-30 20:00:00,37.1,0.0
2023-10-30 21:00:00,28.6,0.0
2023-10-30 22:00:00,24.4,0.0
2023-10-30 23:00:00,13.1,0.0
2023-10-31 00:00:00,7.5,0.0
2023-10-31 01:00:00,17.8,0.0
2023-10-31 02:00:00,8.4,0.0
2023-10-31 03:00:00,5.2,0.0
2023-10-31 04:00:00,5.7,0.0
2023-10-31 05:00:00,8.6,0.0
2023-10-31 06:00:00,14.2,2.0
2023-10-31 07:00:00,20.2,75.0
2023-10-31 08:00:00,21.8,197.0
2023-10-31 09:00:00,24.7,390.0
2023-10-31 10:00:00,26.4,486.0
2023-10-31 11:00:00,23.3,547.0
2023-10-31 12:00:00,18.4,488.0
2023-10-31 13:00:00,15.1,457.0
2023-10-31 14:00:00,14.0,351.0
2023-10-31 15:00:00,10.1,193.0
2023-10-31 16:00:00,7.2,51.0
2023-10-31 17:00:00,7.6,0.0
2023-10-31 18:00:00,4.7,0.0
2023-10-31 19:00:00,7.2,0.0
2023-10-31 20:00:00,3.3,0.0
2023-10-31 21:00:00,3.3,0.0
2023-10-31 22:00:00,6.4,0.0
2023-10-31 23:00:00,5.4,0.0
2023-11-01 00:00:00,6.2,0.0
2023-11-01 01:00:00,6.0,0.0
2023-11-01 02:00:00,5.1,0.0
2023-11-01 03:00:00,5.9,0.0
2023-11-01 04:00:00,5.6,0.0
2023-11-01 05:00:00,6.4,0.0
2023-11-01 06:00:00,5.9,1.0
2023-11-01 07:00:00,5.2,47.0
2023-11-01 08:00:00,4.5,156.0
2023-11-01 09:00:00,4.7,232.0
2023-11-01 10:00:00,7.0,178.0
2023-11-01 11:00:00,12.2,130.0
2023-11-01 12:00:00,4.5,91.0
2023-11-01 13:00:00,10.4,209.0
2023-11-01 14:00:00,11.4,41.0
2023-11-01 15:00:00,5.5,31.0
2023-11-01 16:00:00,1.8,10.0
2023-11-01 17:00:00,2.2,0.0
2023-11-01 18:00:00,4.7,0.0
2023-11-01 19:00:00,3.9,0.0
2023-11-01 20:00:00,1.3,0.0
2023-11-01 21:00:00,5.2,0.0
2023-11-01 22:00:00,5.9,0.0
2023-11-01 23:00:00,5.4,0.0
2023-11-02 00:00:00,7.2,0.0
2023-11-02 01:00:00,6.3,0.0
2023-11-02 02:00:00,7.6,0.0
2023-11-02 03:00:00,7.1,0.0
2023-11-02 04:00:00,9.2,0.0
2023-11-02 05:00:00,12.5,0.0
2023-11-02 06:00:00,10.7,1.0
2023-11-02 07:00:00,13.2,55.0
2023-11-02 08:00:00,15.3,171.0
2023-11-02 09:00:00,16.4,160.0
2023-11-02 10:00:00,18.2,419.0
2023-11-02 11:00:00,23.6,394.0
2023-11-02 12:00:00,25.1,326.0
2023-11-02 13:00:00,25.5,313.0
2023-11-02 14:00:00,23.1,205.0
2023-11-02 15:00:00,24.9,117.0
2023-11-02 16:00:00,25.2,42.0
2023-11-02 17:00:00,30.0,0.0
2023-11-02 18:00:00,31.7,0.0
2023-11-02 19:00:00,31.8,0.0
2023-11-02 20:00:00,31.9,0.0
2023-11-02 21:00:00,33.9,0.0
2023-11-02 22:00:00,35.5,0.0
2023-11-02 23:00:00,36.3,0.0
2023-11-03 00:00:00,40.8,0.0
2023-11-03 01:00:00,35.7,0.0
2023-11-03 02:00:00,26.8,0.0
2023-11-03 03:00:00,31.6,0.0
2023-11-03 04:00:00,21.6,0.0
2023-11-03 05:00:00,21.5,0.0
2023-11-03 06:00:00,27.5,1.0
2023-11-03 07:00:00,31.7,75.0
2023-11-03 08:00:00,29.2,216.0
2023-11-03 09:00:00,30.7,336.0
2023-11-03 10:00:00,29.8,440.0
2023-11-03 11:00:00,27.6,426.0
2023-11-03 12:00:00,28.9,421.0
2023-11-03 13:00:00,19.7,384.0
2023-11-03 14:00:00,20.8,282.0
2023-11-03 15:00:00,19.3,132.0
2023-11-03 16:00:00,13.2,30.0
2023-11-03 17:00:00,18.1,0.0
2023-11-03 18:00:00,17.6,0.0
2023-11-03 19:00:00,20.3,0.0
2023-11-03 20:00:00,19.7,0.0
2023-11-03 21:00:00,15.5,0.0
2023-11-03 22:00:00,17.1,0.0
2023-11-03 23:00:00,16.8,0.0
2023-11-04 00:00:00,14.6,0.0
2023-11-04 01:00:00,3.6,0.0
2023-11-04 02:00:00,10.4,0.0
2023-11-04 03:00:00,7.6,0.0
2023-11-04 04:00:00,4.8,0.0
2023-11-04 05:00:00,5.0,0.0
2023-11-04 06:00:00,6.6,1.0
2023-11-04 07:00:00,6.3,76.0
2023-11-04 08:00:00,2.1,227.0
2023-11-04 09:00:00,2.8,370.0
2023-11-04 10:00:00,3.5,472.0
2023-11-04 11:00:00,4.0,520.0
2023-11-04 12:00:00,8.7,438.0
2023-11-04 13:00:00,7.1,394.0
2023-11-04 14:00:00,12.0,226.0
2023-11-04 15:00:00,10.5,135.0
2023-11-04 16:00:00,15.2,21.0
2023-11-04 17:00:00,12.2,0.0
2023-11-04 18:00:00,15.5,0.0
2023-11-04 19:00:00,19.5,0.0
2023-11-04 20:00:00,19.5,0.0
2023-11-04 21:00:00,18.2,0.0
2023-11-04 22:00:00,20.1,0.0
2023-11-04 23:00:00,21.0,0.0
2023-11-05 00:00:00,22.9,0.0
2023-11-05 01:00:00,28.5,0.0
2023-11-05 02:00:00,31.5,0.0
2023-11-05 03:00:00,31.1,0.0
2023-11-05 04:00:00,35.4,0.0
2023-11-05 05:00:00,30.1,0.0
2023-11-05 06:00:00,29.4,0.0
2023-11-05 07:00:00,26.5,39.0
2023-11-05 08:00:00,26.6,146.0
2023-11-05 09:00:00,25.5,189.0
2023-11-05 10:00:00,32.5,428.0
2023-11-05 11:00:00,29.5,499.0
2023-11-05 12:00:00,26.4,479.0
2023-11-05 13:00:00,23.9,445.0
2023-11-05 14:00:00,21.6,297.0
2023-11-05 15:00:00,17.9,178.0
2023-11-05 16:00:00,15.3,45.0
2023-11-05 17:00:00,11.8,0.0
2023-11-05 18:00:00,12.1,0.0
2023-11-05 19:00:00,12.1,0.0
2023-11-05 20:00:00,12.0,0.0
2023-11-05 21:00:00,11.8,0.0
2023-11-05 22:00:00,11.6,0.0
2023-11-05 23:00:00,10.8,0.0
2023-11-06 00:00:00,8.6,0.0
2023-11-06 01:00:00,11.6,0.0
2023-11-06 02:00:00,7.2,0.0
2023-11-06 03:00:00,6.5,0.0
2023-11-06 04:00:00,7.3,0.0
2023-11-06 05:00:00,4.7,0.0
2023-11-06 06:00:00,6.6,0.0
2023-11-06 07:00:00,8.4,64.0
2023-11-06 08:00:00,8.9,164.0
2023-11-06 09:00:00,11.5,288.0
2023-11-06 10:00:00,16.3,382.0
2023-11-06 11:00:00,18.3,449.0
2023-11-06 12:00:00,18.8,402.0
2023-11-06 13:00:00,18.7,367.0
2023-11-06 14:00:00,15.4,256.0
2023-11-06 15:00:00,9.8,119.0
2023-11-06 16:00:00,7.7,29.0
2023-11-06 17:00:00,7.5,0.0
2023-11-06 18:00:00,7.1,0.0
2023-11-06 19:00:00,4.8,0.0
2023-11-06 20:00:00,4.7,0.0
2023-11-06 21:00:00,6.3,0.0
2023-11-06 22:00:00,6.5,0.0
2023-11-06 23:00:00,6.9,0.0
2023-11-07 00:00:00,6.6,0.0
2023-11-07 01:00:00,7.1,0.0
2023-11-07 02:00:00,5.2,0.0
2023-11-07 03:00:00,4.5,0.0
2023-11-07 04:00:00,7.3,0.0
2023-11-07 05:00:00,13.0,0.0
2023-11-07 06:00:00,5.3,0.0
2023-11-07 07:00:00,4.2,19.0
2023-11-07 08:00:00,9.9,32.0
2023-11-07 09:00:00,8.4,44.0
2023-11-07 10:00:00,4.3,46.0
2023-11-07 11:00:00,6.3,169.0
2023-11-07 12:00:00,6.2,152.0
2023-11-07 13:00:00,2.9,273.0
2023-11-07 14:00:00,3.5,158.0
2023-11-07 15:00:00,3.2,37.0
2023-11-07 16:00:00,3.3,11.0
2023-11-07 17:00:00,5.6,0.0
2023-11-07 18:00:00,6.5,0.0
2023-11-07 19:00:00,7.1,0.0
2023-11-07 20:00:00,6.1,0.0
2023-11-07 21:00:00,6.3,0.0
2023-11-07 22:00:00,8.7,0.0
2023-11-07 23:00:00,8.1,0.0
2023-11-08 00:00:00,7.7,0.0
2023-11-08 01:00:00,6.1,0.0
2023-11-08 02:00:00,9.1,0.0
2023-11-08 03:00:00,8.8,0.0
2023-11-08 04:00:00,5.4,0.0
2023-11-08 05:00:00,5.2,0.0
2023-11-08 06:00:00,6.2,0.0
2023-11-08 07:00:00,7.0,53.0
2023-11-08 08:00:00,8.7,181.0
2023-11-08 09:00:00,10.9,331.0
2023-11-08 10:00:00,15.6,445.0
2023-11-08 11:00:00,17.9,511.0
2023-11-08 12:00:00,16.5,497.0
2023-11-08 13:00:00,14.7,437.0
2023-11-08 14:00:00,13.0,313.0
2023-11-08 15:00:00,11.2,177.0
2023-11-08 16:00:00,8.7,38.0
2023-11-08 17:00:00,7.7,0.0
2023-11-08 18:00:00,6.6,0.0
2023-11-08 19:00:00,6.0,0.0
2023-11-08 20:00:00,5.2,0.0
2023-11-08 21:00:00,4.1,0.0
2023-11-08 22:00:00,5.8,0.0
2023-11-08 23:00:00,5.6,0.0
2023-11-09 00:00:00,5.6,0.0
2023-11-09 01:00:00,4.1,0.0
2023-11-09 02:00:00,4.0,0.0
2023-11-09 03:00:00,5.5,0.0
2023-11-09 04:00:00,6.0,0.0
2023-11-09 05:00:00,6.3,0.0
2023-11-09 06:00:00,6.6,0.0
2023-11-09 07:00:00,7.7,62.0
2023-11-09 08:00:00,6.4,210.0
2023-11-09 09:00:00,4.6,350.0
2023-11-09 10:00:00,6.0,444.0
2023-11-09 11:00:00,9.7,487.0
2023-11-09 12:00:00,13.1,403.0
2023-11-09 13:00:00,13.3,224.0
2023-11-09 14:00:00,13.4,183.0
2023-11-09 15:00:00,9.6,102.0
2023-11-09 16:00:00,8.6,20.0
2023-11-09 17:00:00,10.0,0.0
2023-11-09 18:00:00,10.4,0.0
2023-11-09 19:00:00,11.4,0.0
2023-11-09 20:00:00,11.2,0.0
2023-11-09 21:00:00,10.3,0.0
2023-11-09 22:00:00,13.6,0.0
2023-11-09 23:00:00,15.5,0.0
2023-11-10 00:00:00,15.5,0.0
2023-11-10 01:00:00,11.8,0.0
2023-11-10 02:00:00,14.8,0.0
2023-11-10 03:00:00,12.7,0.0
2023-11-10 04:00:00,12.7,0.0
2023-11-10 05:00:00,9.7,0.0
2023-11-10 06:00:00,6.4,0.0
2023-11-10 07:00:00,7.4,39.0
2023-11-10 08:00:00,6.9,129.0
2023-11-10 09:00:00,5.1,247.0
2023-11-10 10:00:00,1.3,372.0
2023-11-10 11:00:00,5.1,278.0
2023-11-10 12:00:00,6.2,305.0
2023-11-10 13:00:00,10.8,78.0
2023-11-10 14:00:00,10.5,124.0
2023-11-10 15:00:00,6.3,76.0
2023-11-10 16:00:00,11.0,11.0
2023-11-10 17:00:00,5.1,0.0
2023-11-10 18:00:00,13.3,0.0
2023-11-10 19:00:00,16.2,0.0
2023-11-10 20:00:00,10.5,0.0
2023-11-10 21:00:00,9.7,0.0
2023-11-10 22:00:00,2.9,0.0
2023-11-10 23:00:00,5.4,0.0
2023-11-11 00:00:00,4.2,0.0
2023-11-11 01:00:00,4.3,0.0
2023-11-11 02:00:00,2.5,0.0
2023-11-11 03:00:00,8.3,0.0
2023-11-11 04:00:00,9.2,0.0
2023-11-11 05:00:00,6.4,0.0
2023-11-11 06:00:00,3.1,0.0
2023-11-11 07:00:00,1.9,55.0
2023-11-11 08:00:00,3.3,186.0
2023-11-11 09:00:00,6.6,327.0
2023-11-11 10:00:00,7.7,412.0
2023-11-11 11:00:00,5.2,446.0
2023-11-11 12:00:00,8.7,429.0
2023-11-11 13:00:00,6.9,399.0
2023-11-11 14:00:00,6.6,302.0
2023-11-11 15:00:00,4.6,169.0
2023-11-11 16:00:00,6.8,32.0
2023-11-11 17:00:00,8.6,0.0
2023-11-11 18:00:00,8.9,0.0
2023-11-11 19:00:00,6.9,0.0
2023-11-11 20:00:00,8.7,0.0
2023-11-11 21:00:00,9.4,0.0
2023-11-11 22:00:00,8.0,0.0
2023-11-11 23:00:00,6.6,0.0
2023-11-12 00:00:00,8.0,0.0
2023-11-12 01:00:00,7.0,0.0
2023-11-12 02:00:00,8.7,0.0
2023-11-12 03:00:00,10.0,0.0
2023-11-12 04:00:00,8.9,0.0
2023-11-12 05:00:00,7.2,0.0
2023-11-12 06:00:00,4.6,0.0
2023-11-12 07:00:00,3.6,10.0
2023-11-12 08:00:00,3.3,51.0
2023-11-12 09:00:00,5.4,115.0
2023-11-12 10:00:00,7.3,147.0
2023-11-12 11:00:00,11.2,150.0
2023-11-12 12:00:00,12.2,214.0
2023-11-12 13:00:00,12.9,268.0
2023-11-12 14:00:00,11.0,180.0
2023-11-12 15:00:00,6.5,108.0
2023-11-12 16:00:00,11.0,24.0
2023-11-12 17:00:00,6.8,0.0
2023-11-12 18:00:00,2.2,0.0
2023-11-12 19:00:00,8.3,0.0
2023-11-12 20:00:00,5.4,0.0
2023-11-12 21:00:00,6.0,0.0
2023-11-12 22:00:00,4.3,0.0
2023-11-12 23:00:00,6.0,0.0
2023-11-13 00:00:00,7.9,0.0
2023-11-13 01:00:00,7.2,0.0
2023-11-13 02:00:00,6.6,0.0
2023-11-13 03:00:00,6.4,0.0
2023-11-13 04:00:00,7.6,0.0
2023-11-13 05:00:00,4.1,0.0
2023-11-13 06:00:00,4.9,0.0
2023-11-13 07:00:00,4.8,49.0
2023-11-13 08:00:00,4.3,181.0
2023-11-13 09:00:00,5.2,305.0
2023-11-13 10:00:00,7.0,412.0
2023-11-13 11:00:00,4.4,459.0
2023-11-13 12:00:00,5.6,455.0
2023-11-13 13:00:00,2.4,400.0
2023-11-13 14:00:00,3.2,287.0
2023-11-13 15:00:00,2.1,145.0
2023-11-13 16:00:00,7.3,27.0
2023-11-13 17:00:00,8.4,0.0
2023-11-13 18:00:00,8.4,0.0
2023-11-13 19:00:00,6.5,0.0
2023-11-13 20:00:00,8.5,0.0
2023-11-13 21:00:00,9.2,0.0
2023-11-13 22:00:00,6.9,0.0
2023-11-13 23:00:00,7.7,0.0
2023-11-14 00:00:00,8.2,0.0
2023-11-14 01:00:00,8.5,0.0
2023-11-14 02:00:00,6.6,0.0
2023-11-14 03:00:00,6.6,0.0
2023-11-14 04:00:00,10.2,0.0
2023-11-14 05:00:00,9.7,0.0
2023-11-14 06:00:00,8.9,0.0
2023-11-14 07:00:00,10.4,39.0
2023-11-14 08:00:00,10.5,148.0
2023-11-14 09:00:00,10.0,275.0
2023-11-14 10:00:00,10.8,288.0
2023-11-14 11:00:00,11.3,375.0
2023-11-14 12:00:00,13.7,365.0
2023-11-14 13:00:00,14.2,213.0
2023-11-14 14:00:00,14.9,228.0
2023-11-14 15:00:00,15.1,112.0
2023-11-14 16:00:00,10.5,18.0
2023-11-14 17:00:00,9.2,0.0
2023-11-14 18:00:00,11.8,0.0
2023-11-14 19:00:00,10.9,0.0
2023-11-14 20:00:00,10.0,0.0
2023-11-14 21:00:00,11.6,0.0
2023-11-14 22:00:00,11.4,0.0
2023-11-14 23:00:00,11.8,0.0
2023-11-15 00:00:00,11.4,0.0
2023-11-15 01:00:00,11.5,0.0
2023-11-15 02:00:00,14.0,0.0
2023-11-15 03:00:00,16.4,0.0
2023-11-15 04:00:00,16.0,0.0
2023-11-15 05:00:00,16.1,0.0
2023-11-15 06:00:00,14.3,0.0
2023-11-15 07:00:00,12.2,29.0
2023-11-15 08:00:00,11.5,162.0
2023-11-15 09:00:00,9.7,318.0
2023-11-15 10:00:00,7.8,401.0
2023-11-15 11:00:00,7.3,447.0
2023-11-15 12:00:00,5.4,399.0
2023-11-15 13:00:00,7.8,383.0
2023-11-15 14:00:00,8.0,222.0
2023-11-15 15:00:00,7.8,127.0
2023-11-15 16:00:00,5.3,24.0
2023-11-15 17:00:00,2.5,0.0
2023-11-15 18:00:00,2.9,0.0
2023-11-15 19:00:00,6.1,0.0
2023-11-15 20:00:00,7.3,0.0
2023-11-15 21:00:00,5.6,0.0
2023-11-15 22:00:00,4.7,0.0
2023-11-15 23:00:00,5.6,0.0
2023-11-16 00:00:00,3.8,0.0
2023-11-16 01:00:00,4.8,0.0
2023-11-16 02:00:00,4.6,0.0
2023-11-16 03:00:00,7.0,0.0
2023-11-16 04:00:00,4.1,0.0
2023-11-16 05:00:00,7.1,0.0
2023-11-16 06:00:00,6.7,0.0
2023-11-16 07:00:00,7.1,34.0
2023-11-16 08:00:00,5.1,161.0
2023-11-16 09:00:00,6.5,312.0
2023-11-16 10:00:00,3.9,400.0
2023-11-16 11:00:00,2.1,403.0
2023-11-16 12:00:00,9.2,362.0
2023-11-16 13:00:00,13.8,297.0
2023-11-16 14:00:00,15.2,241.0
2023-11-16 15:00:00,7.7,99.0
2023-11-16 16:00:00,9.2,17.0
2023-11-16 17:00:00,6.8,0.0
2023-11-16 18:00:00,8.9,0.0
2023-11-16 19:00:00,10.2,0.0
2023-11-16 20:00:00,10.3,0.0
2023-11-16 21:00:00,9.6,0.0
2023-11-16 22:00:00,10.4,0.0
2023-11-16 23:00:00,6.8,0.0
2023-11-17 00:00:00,11.2,0.0
2023-11-17 01:00:00,14.6,0.0
2023-11-17 02:00:00,18.9,0.0
2023-11-17 03:00:00,17.1,0.0
2023-11-17 04:00:00,15.3,0.0
2023-11-17 05:00:00,11.0,0.0
2023-11-17 06:00:00,7.6,0.0
2023-11-17 07:00:00,5.5,40.0
2023-11-17 08:00:00,1.3,170.0
2023-11-17 09:00:00,2.1,306.0
2023-11-17 10:00:00,4.3,399.0
2023-11-17 11:00:00,5.6,449.0
2023-11-17 12:00:00,9.7,429.0
2023-11-17 13:00:00,12.5,353.0
2023-11-17 14:00:00,10.2,269.0
2023-11-17 15:00:00,9.4,108.0
2023-11-17 16:00:00,7.3,24.0
2023-11-17 17:00:00,5.8,0.0
2023-11-17 18:00:00,6.1,0.0
2023-11-17 19:00:00,9.9,0.0
2023-11-17 20:00:00,12.3,0.0
2023-11-17 21:00:00,14.1,0.0
2023-11-17 22:00:00,16.3,0.0
2023-11-17 23:00:00,16.3,0.0
2023-11-18 00:00:00,15.5,0.0
2023-11-18 01:00:00,13.8,0.0
2023-11-18 02:00:00,13.1,0.0
2023-11-18 03:00:00,12.7,0.0
2023-11-18 04:00:00,13.6,0.0
2023-11-18 05:00:00,12.1,0.0
2023-11-18 06:00:00,10.9,0.0
2023-11-18 07:00:00,11.1,40.0
2023-11-18 08:00:00,10.5,182.0
2023-11-18 09:00:00,10.1,323.0
2023-11-18 10:00:00,10.1,427.0
2023-11-18 11:00:00,10.0,477.0
2023-11-18 12:00:00,8.4,469.0
2023-11-18 13:00:00,10.3,406.0
2023-11-18 14:00:00,8.6,295.0
2023-11-18 15:00:00,5.6,151.0
2023-11-18 16:00:00,6.5,24.0
2023-11-18 17:00:00,8.7,0.0
2023-11-18 18:00:00,8.4,0.0
2023-11-18 19:00:00,7.1,0.0
2023-11-18 20:00:00,4.9,0.0
2023-11-18 21:00:00,5.7,0.0
2023-11-18 22:00:00,3.9,0.0
2023-11-18 23:00:00,5.9,0.0
2023-11-19 00:00:00,5.4,0.0
2023-11-19 01:00:00,5.2,0.0
2023-11-19 02:00:00,4.8,0.0
2023-11-19 03:00:00,6.0,0.0
2023-11-19 04:00:00,5.0,0.0
2023-11-19 05:00:00,4.6,0.0
2023-11-19 06:00:00,5.8,0.0
2023-11-19 07:00:00,8.2,36.0
2023-11-19 08:00:00,8.5,165.0
2023-11-19 09:00:00,8.0,302.0
2023-11-19 10:00:00,5.4,387.0
2023-11-19 11:00:00,2.4,412.0
2023-11-19 12:00:00,9.4,317.0
2023-11-19 13:00:00,5.3,271.0
2023-11-19 14:00:00,7.3,222.0
2023-11-19 15:00:00,8.4,106.0
2023-11-19 16:00:00,11.3,18.0
2023-11-19 17:00:00,10.7,0.0
2023-11-19 18:00:00,8.9,0.0
2023-11-19 19:00:00,9.2,0.0
2023-11-19 20:00:00,9.4,0.0
2023-11-19 21:00:00,6.7,0.0
2023-11-19 22:00:00,6.9,0.0
2023-11-19 23:00:00,8.2,0.0
2023-11-20 00:00:00,9.5,0.0
2023-11-20 01:00:00,7.4,0.0
2023-11-20 02:00:00,7.4,0.0
2023-11-20 03:00:00,7.9,0.0
2023-11-20 04:00:00,8.4,0.0
2023-11-20 05:00:00,8.9,0.0
2023-11-20 06:00:00,9.4,0.0
2023-11-20 07:00:00,10.2,13.0
2023-11-20 08:00:00,11.0,89.0
2023-11-20 09:00:00,10.2,174.0
2023-11-20 10:00:00,11.2,215.0
2023-11-20 11:00:00,13.4,225.0
2023-11-20 12:00:00,14.3,178.0
2023-11-20 13:00:00,10.3,192.0
2023-11-20 14:00:00,13.2,178.0
2023-11-20 15:00:00,9.7,113.0
2023-11-20 16:00:00,8.3,16.0
2023-11-20 17:00:00,7.9,0.0
2023-11-20 18:00:00,8.9,0.0
2023-11-20 19:00:00,9.8,0.0
2023-11-20 20:00:00,11.2,0.0
2023-11-20 21:00:00,10.2,0.0
2023-11-20 22:00:00,9.9,0.0
2023-11-20 23:00:00,9.8,0.0
2023-11-21 00:00:00,10.5,0.0
2023-11-21 01:00:00,8.7,0.0
2023-11-21 02:00:00,8.9,0.0
2023-11-21 03:00:00,7.9,0.0
2023-11-21 04:00:00,6.2,0.0
2023-11-21 05:00:00,6.5,0.0
2023-11-21 06:00:00,6.7,0.0
2023-11-21 07:00:00,8.0,9.0
2023-11-21 08:00:00,10.1,58.0
2023-11-21 09:00:00,13.0,103.0
2023-11-21 10:00:00,15.0,95.0
2023-11-21 11:00:00,15.7,272.0
2023-11-21 12:00:00,17.8,351.0
2023-11-21 13:00:00,12.9,296.0
2023-11-21 14:00:00,15.0,209.0
2023-11-21 15:00:00,11.4,111.0
2023-11-21 16:00:00,9.8,14.0
2023-11-21 17:00:00,8.9,0.0
2023-11-21 18:00:00,6.1,0.0
2023-11-21 19:00:00,8.8,0.0
2023-11-21 20:00:00,10.3,0.0
2023-11-21 21:00:00,10.0,0.0
2023-11-21 22:00:00,11.4,0.0
2023-11-21 23:00:00,10.7,0.0
2023-11-22 00:00:00,5.1,0.0
2023-11-22 01:00:00,4.7,0.0
2023-11-22 02:00:00,5.9,0.0
2023-11-22 03:00:00,3.3,0.0
2023-11-22 04:00:00,6.7,0.0
2023-11-22 05:00:00,6.1,0.0
2023-11-22 06:00:00,10.0,0.0
2023-11-22 07:00:00,9.1,29.0
2023-11-22 08:00:00,12.7,152.0
2023-11-22 09:00:00,12.4,273.0
2023-11-22 10:00:00,14.4,388.0
2023-11-22 11:00:00,17.1,425.0
2023-11-22 12:00:00,18.6,395.0
2023-11-22 13:00:00,19.5,307.0
2023-11-22 14:00:00,21.4,255.0
2023-11-22 15:00:00,22.7,133.0
2023-11-22 16:00:00,21.7,18.0
2023-11-22 17:00:00,19.7,0.0
2023-11-22 18:00:00,19.1,0.0
2023-11-22 19:00:00,20.9,0.0
2023-11-22 20:00:00,20.9,0.0
2023-11-22 21:00:00,21.7,0.0
2023-11-22 22:00:00,22.1,0.0
2023-11-22 23:00:00,22.1,0.0
2023-11-23 00:00:00,22.5,0.0
2023-11-23 01:00:00,22.4,0.0
2023-11-23 02:00:00,24.1,0.0
2023-11-23 03:00:00,24.2,0.0
2023-11-23 04:00:00,23.4,0.0
2023-11-23 05:00:00,24.2,0.0
2023-11-23 06:00:00,25.2,0.0
2023-11-23 07:00:00,22.3,29.0
2023-11-23 08:00:00,20.9,150.0
2023-11-23 09:00:00,19.5,219.0
2023-11-23 10:00:00,18.8,320.0
2023-11-23 11:00:00,20.4,386.0
2023-11-23 12:00:00,19.1,409.0
2023-11-23 13:00:00,20.9,334.0
2023-11-23 14:00:00,16.2,257.0
2023-11-23 15:00:00,13.0,120.0
2023-11-23 16:00:00,14.0,18.0
2023-11-23 17:00:00,14.6,0.0
2023-11-23 18:00:00,9.1,0.0
2023-11-23 19:00:00,10.2,0.0
2023-11-23 20:00:00,10.5,0.0
2023-11-23 21:00:00,9.0,0.0
2023-11-23 22:00:00,8.2,0.0
2023-11-23 23:00:00,8.7,0.0
2023-11-24 00:00:00,9.0,0.0
2023-11-24 01:00:00,9.3,0.0
2023-11-24 02:00:00,9.6,0.0
2023-11-24 03:00:00,6.4,0.0
2023-11-24 04:00:00,5.6,0.0
2023-11-24 05:00:00,7.9,0.0
2023-11-24 06:00:00,7.8,0.0
2023-11-24 07:00:00,9.5,26.0
2023-11-24 08:00:00,6.6,133.0
2023-11-24 09:00:00,4.9,253.0
2023-11-24 10:00:00,3.4,313.0
2023-11-24 11:00:00,3.4,421.0
2023-11-24 12:00:00,0.5,420.0
2023-11-24 13:00:00,1.1,321.0
2023-11-24 14:00:00,1.6,231.0
2023-11-24 15:00:00,3.2,113.0
2023-11-24 16:00:00,6.0,17.0
2023-11-24 17:00:00,4.4,0.0
2023-11-24 18:00:00,5.9,0.0
2023-11-24 19:00:00,2.0,0.0
2023-11-24 20:00:00,5.9,0.0
2023-11-24 21:00:00,3.8,0.0
2023-11-24 22:00:00,1.9,0.0
2023-11-24 23:00:00,3.3,0.0
2023-11-25 00:00:00,2.5,0.0
2023-11-25 01:00:00,9.2,0.0
2023-11-25 02:00:00,6.2,0.0
2023-11-25 03:00:00,3.9,0.0
2023-11-25 04:00:00,13.4,0.0
2023-11-25 05:00:00,24.8,0.0
2023-11-25 06:00:00,35.6,0.0
2023-11-25 07:00:00,35.4,26.0
2023-11-25 08:00:00,31.3,159.0
2023-11-25 09:00:00,33.5,296.0
2023-11-25 10:00:00,36.2,398.0
2023-11-25 11:00:00,35.3,417.0
2023-11-25 12:00:00,37.1,444.0
2023-11-25 13:00:00,33.6,332.0
2023-11-25 14:00:00,31.9,266.0
2023-11-25 15:00:00,26.8,134.0
2023-11-25 16:00:00,21.0,18.0
2023-11-25 17:00:00,16.3,0.0
2023-11-25 18:00:00,15.1,0.0
2023-11-25 19:00:00,12.6,0.0
2023-11-25 20:00:00,10.1,0.0
2023-11-25 21:00:00,8.7,0.0
2023-11-25 22:00:00,6.5,0.0
2023-11-25 23:00:00,6.9,0.0
2023-11-26 00:00:00,6.3,0.0
2023-11-26 01:00:00,6.3,0.0
2023-11-26 02:00:00,6.5,0.0
2023-11-26 03:00:00,7.7,0.0
2023-11-26 04:00:00,8.5,0.0
2023-11-26 05:00:00,4.6,0.0
2023-11-26 06:00:00,4.3,0.0
2023-11-26 07:00:00,7.2,27.0
2023-11-26 08:00:00,5.4,160.0
2023-11-26 09:00:00,5.5,303.0
2023-11-26 10:00:00,4.3,408.0
2023-11-26 11:00:00,2.3,460.0
2023-11-26 12:00:00,2.7,456.0
2023-11-26 13:00:00,1.9,389.0
2023-11-26 14:00:00,3.8,279.0
2023-11-26 15:00:00,3.0,137.0
2023-11-26 16:00:00,6.2,17.0
2023-11-26 17:00:00,6.1,0.0
2023-11-26 18:00:00,4.4,0.0
2023-11-26 19:00:00,4.7,0.0
2023-11-26 20:00:00,6.3,0.0
2023-11-26 21:00:00,8.1,0.0
2023-11-26 22:00:00,7.9,0.0
2023-11-26 23:00:00,7.1,0.0
2023-11-27 00:00:00,6.3,0.0
2023-11-27 01:00:00,7.1,0.0
2023-11-27 02:00:00,6.2,0.0
2023-11-27 03:00:00,7.7,0.0
2023-11-27 04:00:00,6.8,0.0
2023-11-27 05:00:00,7.6,0.0
2023-11-27 06:00:00,6.3,0.0
2023-11-27 07:00:00,5.9,14.0
2023-11-27 08:00:00,6.5,103.0
2023-11-27 09:00:00,10.8,175.0
2023-11-27 10:00:00,15.0,157.0
2023-11-27 11:00:00,17.1,147.0
2023-11-27 12:00:00,16.8,103.0
2023-11-27 13:00:00,15.2,199.0
2023-11-27 14:00:00,13.3,93.0
2023-11-27 15:00:00,10.5,35.0
2023-11-27 16:00:00,13.6,6.0
2023-11-27 17:00:00,13.1,0.0
2023-11-27 18:00:00,9.8,0.0
2023-11-27 19:00:00,7.2,0.0
2023-11-27 20:00:00,12.5,0.0
2023-11-27 21:00:00,15.0,0.0
2023-11-27 22:00:00,17.0,0.0
2023-11-27 23:00:00,17.8,0.0
2023-11-28 00:00:00,20.4,0.0
2023-11-28 01:00:00,16.8,0.0
2023-11-28 02:00:00,15.3,0.0
2023-11-28 03:00:00,11.6,0.0
2023-11-28 04:00:00,7.6,0.0
2023-11-28 05:00:00,8.9,0.0
2023-11-28 06:00:00,12.5,0.0
2023-11-28 07:00:00,15.8,16.0
2023-11-28 08:00:00,4.6,91.0
2023-11-28 09:00:00,9.0,165.0
2023-11-28 10:00:00,6.8,197.0
2023-11-28 11:00:00,10.6,339.0
2023-11-28 12:00:00,18.8,341.0
2023-11-28 13:00:00,7.9,168.0
2023-11-28 14:00:00,3.7,228.0
2023-11-28 15:00:00,4.1,102.0
2023-11-28 16:00:00,5.4,14.0
2023-11-28 17:00:00,4.7,0.0
2023-11-28 18:00:00,4.0,0.0
2023-11-28 19:00:00,3.9,0.0
2023-11-28 20:00:00,3.3,0.0
2023-11-28 21:00:00,2.6,0.0
2023-11-28 22:00:00,5.3,0.0
2023-11-28 23:00:00,7.3,0.0
2023-11-29 00:00:00,6.1,0.0
2023-11-29 01:00:00,5.4,0.0
2023-11-29 02:00:00,5.2,0.0
2023-11-29 03:00:00,8.2,0.0
2023-11-29 04:00:00,8.6,0.0
2023-11-29 05:00:00,8.5,0.0
2023-11-29 06:00:00,8.4,0.0
2023-11-29 07:00:00,6.4,21.0
2023-11-29 08:00:00,7.9,132.0
2023-11-29 09:00:00,6.2,250.0
2023-11-29 10:00:00,4.3,354.0
2023-11-29 11:00:00,4.0,407.0
2023-11-29 12:00:00,3.3,424.0
2023-11-29 13:00:00,6.8,371.0
2023-11-29 14:00:00,6.8,261.0
2023-11-29 15:00:00,5.4,129.0
2023-11-29 16:00:00,3.6,16.0
2023-11-29 17:00:00,2.1,0.0
2023-11-29 18:00:00,6.2,0.0
2023-11-29 19:00:00,5.9,0.0
2023-11-29 20:00:00,6.3,0.0
2023-11-29 21:00:00,7.9,0.0
2023-11-29 22:00:00,11.0,0.0
2023-11-29 23:00:00,11.3,0.0
2023-11-30 00:00:00,14.5,0.0
2023-11-30 01:00:00,11.2,0.0
2023-11-30 02:00:00,12.8,0.0
2023-11-30 03:00:00,13.0,0.0
2023-11-30 04:00:00,13.6,0.0
2023-11-30 05:00:00,15.6,0.0
2023-11-30 06:00:00,17.7,0.0
2023-11-30 07:00:00,17.6,3.0
2023-11-30 08:00:00,18.8,50.0
2023-11-30 09:00:00,20.9,88.0
2023-11-30 10:00:00,20.5,230.0
2023-11-30 11:00:00,21.6,261.0
2023-11-30 12:00:00,20.9,273.0
2023-11-30 13:00:00,23.1,190.0
2023-11-30 14:00:00,24.7,163.0
2023-11-30 15:00:00,22.0,50.0
2023-11-30 16:00:00,17.7,7.0
2023-11-30 17:00:00,16.7,0.0
2023-11-30 18:00:00,18.3,0.0
2023-11-30 19:00:00,18.5,0.0
2023-11-30 20:00:00,17.1,0.0
2023-11-30 21:00:00,17.8,0.0
2023-11-30 22:00:00,18.1,0.0
2023-11-30 23:00:00,18.9,0.0
2023-12-01 00:00:00,16.9,0.0
2023-12-01 01:00:00,15.8,0.0
2023-12-01 02:00:00,15.3,0.0
2023-12-01 03:00:00,17.4,0.0
2023-12-01 04:00:00,16.8,0.0
2023-12-01 05:00:00,16.5,0.0
2023-12-01 06:00:00,16.9,0.0
2023-12-01 07:00:00,17.1,10.0
2023-12-01 08:00:00,20.1,99.0
2023-12-01 09:00:00,22.9,217.0
2023-12-01 10:00:00,21.8,358.0
2023-12-01 11:00:00,23.2,401.0
2023-12-01 12:00:00,22.3,398.0
2023-12-01 13:00:00,23.9,322.0
2023-12-01 14:00:00,21.9,240.0
2023-12-01 15:00:00,19.2,117.0
2023-12-01 16:00:00,19.5,14.0
2023-12-01 17:00:00,19.5,0.0
2023-12-01 18:00:00,20.5,0.0
2023-12-01 19:00:00,20.2,0.0
2023-12-01 20:00:00,19.4,0.0
2023-12-01 21:00:00,22.1,0.0
2023-12-01 22:00:00,23.3,0.0
2023-12-01 23:00:00,21.7,0.0
2023-12-02 00:00:00,20.9,0.0
2023-12-02 01:00:00,24.6,0.0
2023-12-02 02:00:00,26.7,0.0
2023-12-02 03:00:00,26.2,0.0
2023-12-02 04:00:00,25.8,0.0
2023-12-02 05:00:00,28.1,0.0
2023-12-02 06:00:00,27.7,0.0
2023-12-02 07:00:00,25.4,3.0
2023-12-02 08:00:00,27.5,39.0
2023-12-02 09:00:00,26.1,222.0
2023-12-02 10:00:00,30.4,357.0
2023-12-02 11:00:00,34.0,379.0
2023-12-02 12:00:00,31.1,391.0
2023-12-02 13:00:00,29.4,374.0
2023-12-02 14:00:00,26.0,256.0
2023-12-02 15:00:00,21.6,124.0
2023-12-02 16:00:00,21.2,12.0
2023-12-02 17:00:00,21.5,0.0
2023-12-02 18:00:00,19.7,0.0
2023-12-02 19:00:00,14.9,0.0
2023-12-02 20:00:00,11.9,0.0
2023-12-02 21:00:00,10.8,0.0
2023-12-02 22:00:00,11.8,0.0
2023-12-02 23:00:00,11.9,0.0
2023-12-03 00:00:00,13.6,0.0
2023-12-03 01:00:00,18.0,0.0
2023-12-03 02:00:00,16.3,0.0
2023-12-03 03:00:00,17.7,0.0
2023-12-03 04:00:00,15.3,0.0
2023-12-03 05:00:00,11.8,0.0
2023-12-03 06:00:00,5.6,0.0
2023-12-03 07:00:00,4.7,14.0
2023-12-03 08:00:00,7.2,118.0
2023-12-03 09:00:00,7.2,240.0
2023-12-03 10:00:00,6.5,339.0
2023-12-03 11:00:00,5.5,385.0
2023-12-03 12:00:00,5.4,357.0
2023-12-03 13:00:00,8.3,332.0
2023-12-03 14:00:00,9.1,239.0
2023-12-03 15:00:00,7.0,106.0
2023-12-03 16:00:00,10.0,13.0
2023-12-03 17:00:00,12.7,0.0
2023-12-03 18:00:00,13.4,0.0
2023-12-03 19:00:00,11.0,0.0
2023-12-03 20:00:00,9.1,0.0
2023-12-03 21:00:00,8.4,0.0
2023-12-03 22:00:00,7.1,0.0
2023-12-03 23:00:00,6.7,0.0
2023-12-04 00:00:00,8.3,0.0
2023-12-04 01:00:00,8.2,0.0
2023-12-04 02:00:00,8.0,0.0
2023-12-04 03:00:00,8.0,0.0
2023-12-04 04:00:00,7.4,0.0
2023-12-04 05:00:00,8.3,0.0
2023-12-04 06:00:00,8.2,0.0
2023-12-04 07:00:00,8.0,15.0
2023-12-04 08:00:00,9.0,117.0
2023-12-04 09:00:00,8.6,221.0
2023-12-04 10:00:00,7.5,277.0
2023-12-04 11:00:00,5.4,252.0
2023-12-04 12:00:00,1.1,234.0
2023-12-04 13:00:00,5.8,169.0
2023-12-04 14:00:00,2.8,97.0
2023-12-04 15:00:00,6.0,32.0
2023-12-04 16:00:00,9.9,5.0
2023-12-04 17:00:00,8.9,0.0
2023-12-04 18:00:00,7.8,0.0
2023-12-04 19:00:00,8.7,0.0
2023-12-04 20:00:00,9.2,0.0
2023-12-04 21:00:00,8.9,0.0
2023-12-04 22:00:00,12.2,0.0
2023-12-04 23:00:00,13.3,0.0
2023-12-05 00:00:00,15.2,0.0
2023-12-05 01:00:00,12.7,0.0
2023-12-05 02:00:00,16.2,0.0
2023-12-05 03:00:00,15.7,0.0
2023-12-05 04:00:00,16.4,0.0
2023-12-05 05:00:00,14.2,0.0
2023-12-05 06:00:00,15.3,0.0
2023-12-05 07:00:00,16.0,3.0
2023-12-05 08:00:00,13.9,15.0
2023-12-05 09:00:00,11.0,47.0
2023-12-05 10:00:00,10.0,64.0
2023-12-05 11:00:00,11.5,165.0
2023-12-05 12:00:00,8.4,322.0
2023-12-05 13:00:00,8.7,141.0
2023-12-05 14:00:00,9.5,212.0
2023-12-05 15:00:00,6.0,113.0
2023-12-05 16:00:00,6.1,13.0
2023-12-05 17:00:00,9.3,0.0
2023-12-05 18:00:00,5.4,0.0
2023-12-05 19:00:00,4.4,0.0
2023-12-05 20:00:00,4.0,0.0
2023-12-05 21:00:00,1.3,0.0
2023-12-05 22:00:00,4.4,0.0
2023-12-05 23:00:00,4.2,0.0
2023-12-06 00:00:00,3.3,0.0
2023-12-06 01:00:00,3.5,0.0
2023-12-06 02:00:00,6.1,0.0
2023-12-06 03:00:00,6.1,0.0
2023-12-06 04:00:00,4.3,0.0
2023-12-06 05:00:00,4.0,0.0
2023-12-06 06:00:00,4.7,0.0
2023-12-06 07:00:00,5.4,13.0
2023-12-06 08:00:00,6.3,120.0
2023-12-06 09:00:00,4.7,248.0
2023-12-06 10:00:00,4.6,307.0
2023-12-06 11:00:00,5.2,315.0
2023-12-06 12:00:00,6.3,280.0
2023-12-06 13:00:00,7.6,311.0
2023-12-06 14:00:00,8.6,192.0
2023-12-06 15:00:00,7.2,89.0
2023-12-06 16:00:00,7.2,12.0
2023-12-06 17:00:00,7.1,0.0
2023-12-06 18:00:00,6.8,0.0
2023-12-06 19:00:00,6.5,0.0
2023-12-06 20:00:00,5.9,0.0
2023-12-06 21:00:00,6.0,0.0
2023-12-06 22:00:00,5.4,0.0
2023-12-06 23:00:00,5.0,0.0
2023-12-07 00:00:00,6.2,0.0
2023-12-07 01:00:00,8.1,0.0
2023-12-07 02:00:00,7.5,0.0
2023-12-07 03:00:00,8.3,0.0
2023-12-07 04:00:00,7.2,0.0
2023-12-07 05:00:00,7.4,0.0
2023-12-07 06:00:00,7.6,0.0
2023-12-07 07:00:00,9.3,12.0
2023-12-07 08:00:00,8.0,121.0
2023-12-07 09:00:00,7.6,256.0
2023-12-07 10:00:00,8.3,359.0
2023-12-07 11:00:00,6.9,415.0
2023-12-07 12:00:00,5.8,415.0
2023-12-07 13:00:00,8.3,358.0
2023-12-07 14:00:00,8.9,258.0
2023-12-07 15:00:00,5.4,124.0
2023-12-07 16:00:00,10.1,14.0
2023-12-07 17:00:00,10.6,0.0
2023-12-07 18:00:00,6.0,0.0
2023-12-07 19:00:00,7.0,0.0
2023-12-07 20:00:00,8.7,0.0
2023-12-07 21:00:00,7.5,0.0
2023-12-07 22:00:00,7.0,0.0
2023-12-07 23:00:00,5.4,0.0
2023-12-08 00:00:00,4.8,0.0
2023-12-08 01:00:00,4.1,0.0
2023-12-08 02:00:00,7.1,0.0
2023-12-08 03:00:00,6.1,0.0
2023-12-08 04:00:00,5.6,0.0
2023-12-08 05:00:00,7.4,0.0
2023-12-08 06:00:00,5.4,0.0
2023-12-08 07:00:00,6.0,10.0
2023-12-08 08:00:00,8.4,91.0
2023-12-08 09:00:00,9.1,145.0
2023-12-08 10:00:00,8.0,161.0
2023-12-08 11:00:00,6.3,190.0
2023-12-08 12:00:00,5.6,137.0
2023-12-08 13:00:00,6.1,34.0
2023-12-08 14:00:00,10.1,43.0
2023-12-08 15:00:00,8.7,17.0
2023-12-08 16:00:00,5.1,4.0
2023-12-08 17:00:00,4.6,0.0
2023-12-08 18:00:00,6.6,0.0
2023-12-08 19:00:00,7.2,0.0
2023-12-08 20:00:00,9.0,0.0
2023-12-08 21:00:00,6.8,0.0
2023-12-08 22:00:00,6.3,0.0
2023-12-08 23:00:00,8.3,0.0
2023-12-09 00:00:00,9.9,0.0
2023-12-09 01:00:00,10.1,0.0
2023-12-09 02:00:00,9.4,0.0
2023-12-09 03:00:00,6.5,0.0
2023-12-09 04:00:00,6.6,0.0
2023-12-09 05:00:00,6.8,0.0
2023-12-09 06:00:00,9.2,0.0
2023-12-09 07:00:00,6.4,9.0
2023-12-09 08:00:00,6.1,104.0
2023-12-09 09:00:00,7.8,234.0
2023-12-09 10:00:00,6.5,342.0
2023-12-09 11:00:00,5.4,396.0
2023-12-09 12:00:00,3.3,394.0
2023-12-09 13:00:00,2.3,342.0
2023-12-09 14:00:00,3.3,255.0
2023-12-09 15:00:00,5.8,118.0
2023-12-09 16:00:00,6.1,13.0
2023-12-09 17:00:00,7.8,0.0
2023-12-09 18:00:00,5.9,0.0
2023-12-09 19:00:00,4.8,0.0
2023-12-09 20:00:00,6.0,0.0
2023-12-09 21:00:00,5.5,0.0
2023-12-09 22:00:00,4.1,0.0
2023-12-09 23:00:00,5.4,0.0
2023-12-10 00:00:00,10.0,0.0
2023-12-10 01:00:00,13.5,0.0
2023-12-10 02:00:00,14.6,0.0
2023-12-10 03:00:00,10.4,0.0
2023-12-10 04:00:00,6.5,0.0
2023-12-10 05:00:00,6.6,0.0
2023-12-10 06:00:00,2.9,0.0
2023-12-10 07:00:00,5.1,8.0
2023-12-10 08:00:00,0.8,97.0
2023-12-10 09:00:00,3.4,186.0
2023-12-10 10:00:00,7.1,318.0
2023-12-10 11:00:00,17.8,352.0
2023-12-10 12:00:00,18.2,360.0
2023-12-10 13:00:00,17.2,355.0
2023-12-10 14:00:00,16.1,254.0
2023-12-10 15:00:00,13.0,122.0
2023-12-10 16:00:00,11.0,13.0
2023-12-10 17:00:00,11.0,0.0
2023-12-10 18:00:00,12.1,0.0
2023-12-10 19:00:00,12.5,0.0
2023-12-10 20:00:00,12.3,0.0
2023-12-10 21:00:00,9.7,0.0
2023-12-10 22:00:00,6.5,0.0
2023-12-10 23:00:00,2.5,0.0
2023-12-11 00:00:00,3.4,0.0
2023-12-11 01:00:00,3.9,0.0
2023-12-11 02:00:00,5.3,0.0
2023-12-11 03:00:00,6.4,0.0
2023-12-11 04:00:00,6.4,0.0
2023-12-11 05:00:00,4.9,0.0
2023-12-11 06:00:00,5.1,0.0
2023-12-11 07:00:00,5.5,8.0
2023-12-11 08:00:00,7.2,88.0
2023-12-11 09:00:00,7.2,135.0
2023-12-11 10:00:00,11.2,150.0
2023-12-11 11:00:00,13.9,177.0
2023-12-11 12:00:00,13.5,159.0
2023-12-11 13:00:00,11.7,56.0
2023-12-11 14:00:00,13.1,55.0
2023-12-11 15:00:00,15.8,30.0
2023-12-11 16:00:00,15.7,4.0
2023-12-11 17:00:00,14.7,0.0
2023-12-11 18:00:00,14.2,0.0
2023-12-11 19:00:00,13.4,0.0
2023-12-11 20:00:00,13.2,0.0
2023-12-11 21:00:00,12.9,0.0
2023-12-11 22:00:00,11.4,0.0
2023-12-11 23:00:00,12.7,0.0
2023-12-12 00:00:00,12.2,0.0
2023-12-12 01:00:00,10.2,0.0
2023-12-12 02:00:00,10.1,0.0
2023-12-12 03:00:00,9.4,0.0
2023-12-12 04:00:00,10.1,0.0
2023-12-12 05:00:00,10.7,0.0
2023-12-12 06:00:00,9.7,0.0
2023-12-12 07:00:00,9.4,4.0
2023-12-12 08:00:00,10.3,46.0
2023-12-12 09:00:00,10.0,85.0
2023-12-12 10:00:00,10.0,137.0
2023-12-12 11:00:00,12.3,119.0
2023-12-12 12:00:00,14.6,197.0
2023-12-12 13:00:00,12.1,172.0
2023-12-12 14:00:00,15.2,160.0
2023-12-12 15:00:00,10.5,73.0
2023-12-12 16:00:00,6.4,10.0
2023-12-12 17:00:00,8.2,0.0
2023-12-12 18:00:00,7.6,0.0
2023-12-12 19:00:00,8.0,0.0
2023-12-12 20:00:00,11.0,0.0
2023-12-12 21:00:00,10.2,0.0
2023-12-12 22:00:00,7.9,0.0
2023-12-12 23:00:00,11.3,0.0
2023-12-13 00:00:00,12.6,0.0
2023-12-13 01:00:00,16.1,0.0
2023-12-13 02:00:00,19.2,0.0
2023-12-13 03:00:00,17.4,0.0
2023-12-13 04:00:00,16.4,0.0
2023-12-13 05:00:00,16.4,0.0
2023-12-13 06:00:00,15.6,0.0
2023-12-13 07:00:00,15.3,6.0
2023-12-13 08:00:00,15.8,71.0
2023-12-13 09:00:00,16.5,160.0
2023-12-13 10:00:00,18.0,205.0
2023-12-13 11:00:00,18.5,263.0
2023-12-13 12:00:00,18.4,244.0
2023-12-13 13:00:00,16.3,166.0
2023-12-13 14:00:00,16.4,128.0
2023-12-13 15:00:00,15.2,64.0
2023-12-13 16:00:00,15.8,6.0
2023-12-13 17:00:00,16.9,0.0
2023-12-13 18:00:00,16.2,0.0
2023-12-13 19:00:00,13.2,0.0
2023-12-13 20:00:00,12.0,0.0
2023-12-13 21:00:00,10.7,0.0
2023-12-13 22:00:00,12.6,0.0
2023-12-13 23:00:00,11.8,0.0
2023-12-14 00:00:00,11.4,0.0
2023-12-14 01:00:00,4.8,0.0
2023-12-14 02:00:00,8.5,0.0
2023-12-14 03:00:00,10.2,0.0
2023-12-14 04:00:00,9.8,0.0
2023-12-14 05:00:00,8.0,0.0
2023-12-14 06:00:00,6.6,0.0
2023-12-14 07:00:00,6.0,4.0
2023-12-14 08:00:00,8.2,48.0
2023-12-14 09:00:00,7.1,87.0
2023-12-14 10:00:00,5.1,213.0
2023-12-14 11:00:00,4.8,363.0
2023-12-14 12:00:00,4.7,365.0
2023-12-14 13:00:00,9.4,280.0
2023-12-14 14:00:00,10.6,217.0
2023-12-14 15:00:00,10.6,93.0
2023-12-14 16:00:00,5.3,9.0
2023-12-14 17:00:00,7.6,0.0
2023-12-14 18:00:00,6.5,0.0
2023-12-14 19:00:00,6.0,0.0
2023-12-14 20:00:00,9.5,0.0
2023-12-14 21:00:00,8.4,0.0
2023-12-14 22:00:00,10.0,0.0
2023-12-14 23:00:00,8.1,0.0
2023-12-15 00:00:00,10.4,0.0
2023-12-15 01:00:00,11.9,0.0
2023-12-15 02:00:00,11.9,0.0
2023-12-15 03:00:00,17.2,0.0
2023-12-15 04:00:00,17.7,0.0
2023-12-15 05:00:00,19.5,0.0
2023-12-15 06:00:00,21.0,0.0
2023-12-15 07:00:00,23.2,7.0
2023-12-15 08:00:00,23.2,101.0
2023-12-15 09:00:00,20.9,232.0
2023-12-15 10:00:00,23.4,336.0
2023-12-15 11:00:00,25.0,392.0
2023-12-15 12:00:00,22.9,396.0
2023-12-15 13:00:00,23.1,351.0
2023-12-15 14:00:00,23.2,254.0
2023-12-15 15:00:00,20.9,124.0
2023-12-15 16:00:00,25.6,14.0
2023-12-15 17:00:00,23.4,0.0
2023-12-15 18:00:00,22.3,0.0
2023-12-15 19:00:00,19.2,0.0
2023-12-15 20:00:00,20.0,0.0
2023-12-15 21:00:00,23.1,0.0
2023-12-15 22:00:00,21.3,0.0
2023-12-15 23:00:00,20.8,0.0
2023-12-16 00:00:00,21.7,0.0
2023-12-16 01:00:00,23.9,0.0
2023-12-16 02:00:00,23.7,0.0
2023-12-16 03:00:00,24.2,0.0
2023-12-16 04:00:00,23.1,0.0
2023-12-16 05:00:00,22.0,0.0
2023-12-16 06:00:00,24.7,0.0
2023-12-16 07:00:00,24.4,7.0
2023-12-16 08:00:00,21.7,102.0
2023-12-16 09:00:00,18.7,233.0
2023-12-16 10:00:00,18.9,329.0
2023-12-16 11:00:00,19.5,385.0
2023-12-16 12:00:00,18.4,403.0
2023-12-16 13:00:00,21.6,359.0
2023-12-16 14:00:00,17.6,253.0
2023-12-16 15:00:00,15.3,125.0
2023-12-16 16:00:00,14.4,15.0
2023-12-16 17:00:00,16.8,0.0
2023-12-16 18:00:00,14.5,0.0
2023-12-16 19:00:00,14.5,0.0
2023-12-16 20:00:00,11.9,0.0
2023-12-16 21:00:00,9.4,0.0
2023-12-16 22:00:00,8.3,0.0
2023-12-16 23:00:00,9.5,0.0
2023-12-17 00:00:00,10.0,0.0
2023-12-17 01:00:00,12.7,0.0
2023-12-17 02:00:00,9.2,0.0
2023-12-17 03:00:00,9.3,0.0
2023-12-17 04:00:00,9.2,0.0
2023-12-17 05:00:00,8.2,0.0
2023-12-17 06:00:00,6.8,0.0
2023-12-17 07:00:00,8.1,6.0
2023-12-17 08:00:00,11.2,103.0
2023-12-17 09:00:00,8.9,240.0
2023-12-17 10:00:00,9.7,348.0
2023-12-17 11:00:00,7.9,407.0
2023-12-17 12:00:00,4.0,411.0
2023-12-17 13:00:00,5.0,358.0
2023-12-17 14:00:00,5.2,259.0
2023-12-17 15:00:00,6.2,127.0
2023-12-17 16:00:00,8.5,15.0
2023-12-17 17:00:00,7.9,0.0
2023-12-17 18:00:00,3.0,0.0
2023-12-17 19:00:00,4.2,0.0
2023-12-17 20:00:00,4.3,0.0
2023-12-17 21:00:00,7.1,0.0
2023-12-17 22:00:00,6.6,0.0
2023-12-17 23:00:00,7.1,0.0
2023-12-18 00:00:00,7.7,0.0
2023-12-18 01:00:00,7.6,0.0
2023-12-18 02:00:00,7.2,0.0
2023-12-18 03:00:00,7.6,0.0
2023-12-18 04:00:00,7.4,0.0
2023-12-18 05:00:00,8.7,0.0
2023-12-18 06:00:00,8.2,0.0
2023-12-18 07:00:00,7.9,6.0
2023-12-18 08:00:00,8.7,100.0
2023-12-18 09:00:00,7.9,234.0
2023-12-18 10:00:00,7.3,341.0
2023-12-18 11:00:00,7.2,400.0
2023-12-18 12:00:00,6.1,405.0
2023-12-18 13:00:00,3.8,356.0
2023-12-18 14:00:00,2.9,258.0
2023-12-18 15:00:00,4.3,127.0
2023-12-18 16:00:00,4.2,15.0
2023-12-18 17:00:00,4.1,0.0
2023-12-18 18:00:00,6.0,0.0
2023-12-18 19:00:00,7.3,0.0
2023-12-18 20:00:00,8.4,0.0
2023-12-18 21:00:00,7.6,0.0
2023-12-18 22:00:00,7.1,0.0
2023-12-18 23:00:00,7.3,0.0
2023-12-19 00:00:00,7.2,0.0
2023-12-19 01:00:00,5.2,0.0
2023-12-19 02:00:00,5.3,0.0
2023-12-19 03:00:00,5.0,0.0
2023-12-19 04:00:00,5.2,0.0
2023-12-19 05:00:00,6.0,0.0
2023-12-19 06:00:00,6.3,0.0
2023-12-19 07:00:00,7.1,5.0
2023-12-19 08:00:00,9.2,96.0
2023-12-19 09:00:00,6.6,228.0
2023-12-19 10:00:00,6.4,333.0
2023-12-19 11:00:00,6.6,392.0
2023-12-19 12:00:00,3.7,397.0
2023-12-19 13:00:00,2.3,351.0
2023-12-19 14:00:00,1.8,254.0
2023-12-19 15:00:00,3.3,125.0
2023-12-19 16:00:00,3.9,15.0
2023-12-19 17:00:00,3.1,0.0
2023-12-19 18:00:00,2.6,0.0
2023-12-19 19:00:00,2.2,0.0
2023-12-19 20:00:00,4.2,0.0
2023-12-19 21:00:00,6.4,0.0
2023-12-19 22:00:00,6.1,0.0
2023-12-19 23:00:00,7.1,0.0
2023-12-20 00:00:00,8.9,0.0
2023-12-20 01:00:00,7.0,0.0
2023-12-20 02:00:00,6.8,0.0
2023-12-20 03:00:00,6.7,0.0
2023-12-20 04:00:00,7.2,0.0
2023-12-20 05:00:00,6.7,0.0
2023-12-20 06:00:00,5.2,0.0
2023-12-20 07:00:00,5.7,5.0
2023-12-20 08:00:00,7.2,78.0
2023-12-20 09:00:00,6.8,176.0
2023-12-20 10:00:00,6.6,245.0
2023-12-20 11:00:00,4.6,306.0
2023-12-20 12:00:00,2.3,360.0
2023-12-20 13:00:00,2.5,331.0
2023-12-20 14:00:00,2.6,248.0
2023-12-20 15:00:00,5.4,118.0
2023-12-20 16:00:00,3.9,15.0
2023-12-20 17:00:00,5.9,0.0
2023-12-20 18:00:00,7.2,0.0
2023-12-20 19:00:00,7.0,0.0
2023-12-20 20:00:00,5.9,0.0
2023-12-20 21:00:00,5.1,0.0
2023-12-20 22:00:00,8.0,0.0
2023-12-20 23:00:00,7.2,0.0
2023-12-21 00:00:00,5.2,0.0
2023-12-21 01:00:00,5.4,0.0
2023-12-21 02:00:00,7.3,0.0
2023-12-21 03:00:00,8.0,0.0
2023-12-21 04:00:00,6.8,0.0
2023-12-21 05:00:00,8.5,0.0
2023-12-21 06:00:00,6.8,0.0
2023-12-21 07:00:00,4.7,5.0
2023-12-21 08:00:00,6.0,93.0
2023-12-21 09:00:00,4.5,224.0
2023-12-21 10:00:00,5.5,330.0
2023-12-21 11:00:00,4.3,390.0
2023-12-21 12:00:00,4.0,396.0
2023-12-21 13:00:00,1.4,349.0
2023-12-21 14:00:00,3.1,253.0
2023-12-21 15:00:00,4.7,118.0
2023-12-21 16:00:00,6.7,16.0
2023-12-21 17:00:00,8.0,0.0
2023-12-21 18:00:00,7.2,0.0
2023-12-21 19:00:00,7.9,0.0
2023-12-21 20:00:00,5.6,0.0
2023-12-21 21:00:00,9.4,0.0
2023-12-21 22:00:00,8.9,0.0
2023-12-21 23:00:00,7.6,0.0
2023-12-22 00:00:00,12.1,0.0
2023-12-22 01:00:00,9.2,0.0
2023-12-22 02:00:00,10.1,0.0
2023-12-22 03:00:00,5.9,0.0
2023-12-22 04:00:00,5.8,0.0
2023-12-22 05:00:00,6.0,0.0
2023-12-22 06:00:00,9.2,0.0
2023-12-22 07:00:00,7.4,4.0
2023-12-22 08:00:00,8.7,92.0
2023-12-22 09:00:00,5.9,222.0
2023-12-22 10:00:00,7.0,329.0
2023-12-22 11:00:00,6.1,391.0
2023-12-22 12:00:00,9.7,392.0
2023-12-22 13:00:00,7.9,330.0
2023-12-22 14:00:00,8.4,212.0
2023-12-22 15:00:00,7.0,115.0
2023-12-22 16:00:00,8.8,16.0
2023-12-22 17:00:00,8.1,0.0
2023-12-22 18:00:00,6.2,0.0
2023-12-22 19:00:00,3.6,0.0
2023-12-22 20:00:00,7.7,0.0
2023-12-22 21:00:00,7.9,0.0
2023-12-22 22:00:00,5.6,0.0
2023-12-22 23:00:00,5.2,0.0
2023-12-23 00:00:00,5.0,0.0
2023-12-23 01:00:00,6.6,0.0
2023-12-23 02:00:00,6.8,0.0
2023-12-23 03:00:00,5.7,0.0
2023-12-23 04:00:00,5.8,0.0
2023-12-23 05:00:00,8.1,0.0
2023-12-23 06:00:00,6.3,0.0
2023-12-23 07:00:00,6.4,4.0
2023-12-23 08:00:00,6.5,80.0
2023-12-23 09:00:00,5.7,215.0
2023-12-23 10:00:00,6.1,315.0
2023-12-23 11:00:00,4.4,384.0
2023-12-23 12:00:00,4.1,394.0
2023-12-23 13:00:00,1.8,319.0
2023-12-23 14:00:00,1.6,216.0
2023-12-23 15:00:00,12.2,70.0
2023-12-23 16:00:00,13.4,11.0
2023-12-23 17:00:00,9.8,0.0
2023-12-23 18:00:00,9.4,0.0
2023-12-23 19:00:00,8.2,0.0
2023-12-23 20:00:00,11.8,0.0
2023-12-23 21:00:00,10.9,0.0
2023-12-23 22:00:00,10.2,0.0
2023-12-23 23:00:00,7.3,0.0
2023-12-24 00:00:00,8.6,0.0
2023-12-24 01:00:00,10.1,0.0
2023-12-24 02:00:00,7.3,0.0
2023-12-24 03:00:00,6.6,0.0
2023-12-24 04:00:00,4.4,0.0
2023-12-24 05:00:00,6.4,0.0
2023-12-24 06:00:00,8.4,0.0
2023-12-24 07:00:00,8.5,2.0
2023-12-24 08:00:00,8.9,43.0
2023-12-24 09:00:00,11.4,110.0
2023-12-24 10:00:00,10.8,101.0
2023-12-24 11:00:00,10.8,112.0
2023-12-24 12:00:00,10.3,129.0
2023-12-24 13:00:00,10.6,152.0
2023-12-24 14:00:00,10.1,88.0
2023-12-24 15:00:00,10.4,52.0
2023-12-24 16:00:00,8.4,11.0
2023-12-24 17:00:00,8.6,0.0
2023-12-24 18:00:00,9.1,0.0
2023-12-24 19:00:00,7.7,0.0
2023-12-24 20:00:00,8.9,0.0
2023-12-24 21:00:00,8.1,0.0
2023-12-24 22:00:00,8.3,0.0
2023-12-24 23:00:00,9.3,0.0
2023-12-25 00:00:00,10.5,0.0
2023-12-25 01:00:00,8.3,0.0
2023-12-25 02:00:00,7.9,0.0
2023-12-25 03:00:00,7.2,0.0
2023-12-25 04:00:00,7.6,0.0
2023-12-25 05:00:00,8.2,0.0
2023-12-25 06:00:00,8.7,0.0
2023-12-25 07:00:00,9.5,2.0
2023-12-25 08:00:00,10.9,49.0
2023-12-25 09:00:00,11.4,133.0
2023-12-25 10:00:00,11.8,246.0
2023-12-25 11:00:00,13.2,226.0
2023-12-25 12:00:00,12.7,199.0
2023-12-25 13:00:00,9.4,179.0
2023-12-25 14:00:00,8.0,161.0
2023-12-25 15:00:00,6.3,86.0
2023-12-25 16:00:00,7.5,15.0
2023-12-25 17:00:00,6.5,0.0
2023-12-25 18:00:00,6.9,0.0
2023-12-25 19:00:00,6.5,0.0
2023-12-25 20:00:00,4.6,0.0
2023-12-25 21:00:00,5.2,0.0
2023-12-25 22:00:00,5.1,0.0
2023-12-25 23:00:00,5.2,0.0
2023-12-26 00:00:00,5.7,0.0
2023-12-26 01:00:00,8.9,0.0
2023-12-26 02:00:00,6.7,0.0
2023-12-26 03:00:00,4.8,0.0
2023-12-26 04:00:00,6.8,0.0
2023-12-26 05:00:00,7.2,0.0
2023-12-26 06:00:00,6.3,0.0
2023-12-26 07:00:00,7.4,3.0
2023-12-26 08:00:00,8.9,50.0
2023-12-26 09:00:00,8.0,175.0
2023-12-26 10:00:00,5.7,249.0
2023-12-26 11:00:00,6.2,275.0
2023-12-26 12:00:00,10.0,322.0
2023-12-26 13:00:00,5.9,253.0
2023-12-26 14:00:00,4.0,201.0
2023-12-26 15:00:00,3.6,83.0
2023-12-26 16:00:00,4.8,14.0
2023-12-26 17:00:00,2.2,0.0
2023-12-26 18:00:00,4.2,0.0
2023-12-26 19:00:00,4.2,0.0
2023-12-26 20:00:00,3.8,0.0
2023-12-26 21:00:00,5.8,0.0
2023-12-26 22:00:00,4.6,0.0
2023-12-26 23:00:00,4.6,0.0
2023-12-27 00:00:00,5.4,0.0
2023-12-27 01:00:00,5.4,0.0
2023-12-27 02:00:00,3.8,0.0
2023-12-27 03:00:00,7.0,0.0
2023-12-27 04:00:00,6.2,0.0
2023-12-27 05:00:00,5.6,0.0
2023-12-27 06:00:00,6.0,0.0
2023-12-27 07:00:00,7.2,3.0
2023-12-27 08:00:00,7.4,84.0
2023-12-27 09:00:00,8.0,214.0
2023-12-27 10:00:00,9.4,322.0
2023-12-27 11:00:00,7.3,384.0
2023-12-27 12:00:00,5.8,391.0
2023-12-27 13:00:00,3.7,351.0
2023-12-27 14:00:00,4.0,252.0
2023-12-27 15:00:00,3.9,128.0
2023-12-27 16:00:00,4.6,19.0
2023-12-27 17:00:00,5.8,0.0
2023-12-27 18:00:00,5.8,0.0
2023-12-27 19:00:00,3.4,0.0
2023-12-27 20:00:00,5.1,0.0
2023-12-27 21:00:00,3.8,0.0
2023-12-27 22:00:00,5.1,0.0
2023-12-27 23:00:00,6.1,0.0
2023-12-28 00:00:00,5.5,0.0
2023-12-28 01:00:00,5.8,0.0
2023-12-28 02:00:00,5.2,0.0
2023-12-28 03:00:00,5.4,0.0
2023-12-28 04:00:00,6.2,0.0
2023-12-28 05:00:00,6.4,0.0
2023-12-28 06:00:00,7.5,0.0
2023-12-28 07:00:00,6.3,3.0
2023-12-28 08:00:00,7.5,87.0
2023-12-28 09:00:00,6.5,218.0
2023-12-28 10:00:00,6.3,320.0
2023-12-28 11:00:00,5.6,356.0
2023-12-28 12:00:00,5.4,370.0
2023-12-28 13:00:00,3.0,337.0
2023-12-28 14:00:00,3.6,226.0
2023-12-28 15:00:00,4.0,104.0
2023-12-28 16:00:00,4.1,16.0
2023-12-28 17:00:00,5.8,0.0
2023-12-28 18:00:00,5.5,0.0
2023-12-28 19:00:00,6.1,0.0
2023-12-28 20:00:00,5.2,0.0
2023-12-28 21:00:00,5.1,0.0
2023-12-28 22:00:00,4.2,0.0
2023-12-28 23:00:00,4.6,0.0
2023-12-29 00:00:00,5.0,0.0
2023-12-29 01:00:00,4.3,0.0
2023-12-29 02:00:00,5.6,0.0
2023-12-29 03:00:00,6.1,0.0
2023-12-29 04:00:00,6.4,0.0
2023-12-29 05:00:00,5.9,0.0
2023-12-29 06:00:00,6.2,0.0
2023-12-29 07:00:00,5.1,2.0
2023-12-29 08:00:00,4.6,52.0
2023-12-29 09:00:00,3.7,154.0
2023-12-29 10:00:00,3.6,289.0
2023-12-29 11:00:00,3.9,371.0
2023-12-29 12:00:00,2.9,356.0
2023-12-29 13:00:00,0.7,316.0
2023-12-29 14:00:00,1.6,165.0
2023-12-29 15:00:00,2.4,82.0
2023-12-29 16:00:00,6.0,18.0
2023-12-29 17:00:00,4.6,0.0
2023-12-29 18:00:00,5.7,0.0
2023-12-29 19:00:00,1.0,0.0
2023-12-29 20:00:00,4.3,0.0
2023-12-29 21:00:00,5.4,0.0
2023-12-29 22:00:00,5.2,0.0
2023-12-29 23:00:00,5.1,0.0
2023-12-30 00:00:00,5.2,0.0
2023-12-30 01:00:00,2.9,0.0
2023-12-30 02:00:00,2.6,0.0
2023-12-30 03:00:00,5.4,0.0
2023-12-30 04:00:00,5.6,0.0
2023-12-30 05:00:00,4.4,0.0
2023-12-30 06:00:00,3.3,0.0
2023-12-30 07:00:00,4.1,1.0
2023-12-30 08:00:00,6.4,65.0
2023-12-30 09:00:00,3.1,214.0
2023-12-30 10:00:00,1.5,282.0
2023-12-30 11:00:00,0.4,289.0
2023-12-30 12:00:00,2.9,340.0
2023-12-30 13:00:00,3.1,303.0
2023-12-30 14:00:00,2.6,199.0
2023-12-30 15:00:00,3.2,114.0
2023-12-30 16:00:00,3.6,20.0
2023-12-30 17:00:00,2.0,0.0
2023-12-30 18:00:00,4.0,0.0
2023-12-30 19:00:00,4.3,0.0
2023-12-30 20:00:00,5.5,0.0
2023-12-30 21:00:00,4.1,0.0
2023-12-30 22:00:00,4.8,0.0
2023-12-30 23:00:00,4.6,0.0
2023-12-31 00:00:00,4.9,0.0
2023-12-31 01:00:00,6.3,0.0
2023-12-31 02:00:00,5.8,0.0
2023-12-31 03:00:00,4.7,0.0
2023-12-31 04:00:00,4.9,0.0
2023-12-31 05:00:00,3.4,0.0
2023-12-31 06:00:00,5.5,0.0
2023-12-31 07:00:00,6.0,2.0
2023-12-31 08:00:00,5.8,71.0
2023-12-31 09:00:00,5.4,161.0
2023-12-31 10:00:00,2.9,241.0
2023-12-31 11:00:00,4.2,265.0
2023-12-31 12:00:00,13.0,241.0
2023-12-31 13:00:00,12.2,282.0
2023-12-31 14:00:00,12.2,225.0
2023-12-31 15:00:00,10.5,92.0
2023-12-31 16:00:00,10.4,15.0
2023-12-31 17:00:00,8.8,0.0
2023-12-31 18:00:00,10.0,0.0
2023-12-31 19:00:00,11.0,0.0
2023-12-31 20:00:00,10.4,0.0
2023-12-31 21:00:00,8.7,0.0
2023-12-31 22:00:00,10.7,0.0
2023-12-31 23:00:00,13.9,0.0
2024-01-01 00:00:00,14.5,0.0
2024-01-01 01:00:00,11.9,0.0
2024-01-01 02:00:00,10.7,0.0
2024-01-01 03:00:00,8.4,0.0
2024-01-01 04:00:00,8.8,0.0
2024-01-01 05:00:00,7.3,0.0
2024-01-01 06:00:00,10.0,0.0
2024-01-01 07:00:00,13.5,2.0
2024-01-01 08:00:00,11.9,74.0
2024-01-01 09:00:00,9.8,205.0
2024-01-01 10:00:00,14.3,239.0
2024-01-01 11:00:00,16.6,314.0
2024-01-01 12:00:00,14.8,236.0
2024-01-01 13:00:00,10.4,150.0
2024-01-01 14:00:00,8.1,98.0
2024-01-01 15:00:00,9.8,62.0
2024-01-01 16:00:00,6.2,16.0
2024-01-01 17:00:00,7.6,0.0
2024-01-01 18:00:00,7.9,0.0
2024-01-01 19:00:00,7.7,0.0
2024-01-01 20:00:00,6.2,0.0
2024-01-01 21:00:00,6.8,0.0
2024-01-01 22:00:00,6.1,0.0
2024-01-01 23:00:00,7.0,0.0
2024-01-02 00:00:00,7.2,0.0
2024-01-02 01:00:00,5.3,0.0
2024-01-02 02:00:00,6.9,0.0
2024-01-02 03:00:00,5.6,0.0
2024-01-02 04:00:00,8.4,0.0
2024-01-02 05:00:00,6.9,0.0
2024-01-02 06:00:00,7.9,0.0
2024-01-02 07:00:00,5.6,3.0
2024-01-02 08:00:00,8.4,83.0
2024-01-02 09:00:00,6.6,210.0
2024-01-02 10:00:00,6.6,308.0
2024-01-02 11:00:00,5.4,393.0
2024-01-02 12:00:00,3.4,403.0
2024-01-02 13:00:00,1.9,363.0
2024-01-02 14:00:00,3.2,257.0
2024-01-02 15:00:00,4.3,131.0
2024-01-02 16:00:00,7.6,26.0
2024-01-02 17:00:00,10.5,0.0
2024-01-02 18:00:00,11.8,0.0
2024-01-02 19:00:00,10.1,0.0
2024-01-02 20:00:00,9.7,0.0
2024-01-02 21:00:00,9.1,0.0
2024-01-02 22:00:00,9.1,0.0
2024-01-02 23:00:00,9.8,0.0
2024-01-03 00:00:00,9.7,0.0
2024-01-03 01:00:00,9.5,0.0
2024-01-03 02:00:00,9.5,0.0
2024-01-03 03:00:00,10.3,0.0
2024-01-03 04:00:00,11.4,0.0
2024-01-03 05:00:00,13.2,0.0
2024-01-03 06:00:00,13.7,0.0
2024-01-03 07:00:00,13.0,1.0
2024-01-03 08:00:00,12.7,24.0
2024-01-03 09:00:00,16.4,128.0
2024-01-03 10:00:00,15.7,141.0
2024-01-03 11:00:00,16.9,206.0
2024-01-03 12:00:00,16.4,293.0
2024-01-03 13:00:00,12.8,161.0
2024-01-03 14:00:00,11.6,74.0
2024-01-03 15:00:00,11.6,77.0
2024-01-03 16:00:00,9.7,18.0
2024-01-03 17:00:00,9.8,0.0
2024-01-03 18:00:00,10.0,0.0
2024-01-03 19:00:00,11.2,0.0
2024-01-03 20:00:00,11.4,0.0
2024-01-03 21:00:00,13.4,0.0
2024-01-03 22:00:00,13.5,0.0
2024-01-03 23:00:00,11.2,0.0
2024-01-04 00:00:00,9.6,0.0
2024-01-04 01:00:00,10.8,0.0
2024-01-04 02:00:00,10.3,0.0
2024-01-04 03:00:00,10.7,0.0
2024-01-04 04:00:00,11.3,0.0
2024-01-04 05:00:00,10.5,0.0
2024-01-04 06:00:00,7.7,0.0
2024-01-04 07:00:00,6.0,3.0
2024-01-04 08:00:00,7.6,77.0
2024-01-04 09:00:00,5.8,209.0
2024-01-04 10:00:00,5.4,329.0
2024-01-04 11:00:00,2.0,400.0
2024-01-04 12:00:00,1.6,404.0
2024-01-04 13:00:00,1.9,370.0
2024-01-04 14:00:00,2.3,281.0
2024-01-04 15:00:00,4.1,153.0
2024-01-04 16:00:00,5.4,29.0
2024-01-04 17:00:00,6.6,0.0
2024-01-04 18:00:00,7.7,0.0
2024-01-04 19:00:00,7.3,0.0
2024-01-04 20:00:00,5.4,0.0
2024-01-04 21:00:00,3.9,0.0
2024-01-04 22:00:00,4.7,0.0
2024-01-04 23:00:00,4.8,0.0
2024-01-05 00:00:00,3.8,0.0
2024-01-05 01:00:00,4.8,0.0
2024-01-05 02:00:00,4.4,0.0
2024-01-05 03:00:00,3.6,0.0
2024-01-05 04:00:00,4.9,0.0
2024-01-05 05:00:00,8.7,0.0
2024-01-05 06:00:00,9.0,0.0
2024-01-05 07:00:00,11.3,1.0
2024-01-05 08:00:00,11.8,46.0
2024-01-05 09:00:00,12.3,129.0
2024-01-05 10:00:00,13.4,187.0
2024-01-05 11:00:00,21.4,259.0
2024-01-05 12:00:00,21.1,226.0
2024-01-05 13:00:00,18.0,110.0
2024-01-05 14:00:00,19.7,77.0
2024-01-05 15:00:00,19.9,48.0
2024-01-05 16:00:00,19.0,3.0
2024-01-05 17:00:00,17.3,0.0
2024-01-05 18:00:00,17.1,0.0
2024-01-05 19:00:00,18.5,0.0
2024-01-05 20:00:00,20.1,0.0
2024-01-05 21:00:00,22.7,0.0
2024-01-05 22:00:00,21.4,0.0
2024-01-05 23:00:00,23.0,0.0
2024-01-06 00:00:00,22.4,0.0
2024-01-06 01:00:00,17.6,0.0
2024-01-06 02:00:00,15.6,0.0
2024-01-06 03:00:00,14.2,0.0
2024-01-06 04:00:00,17.4,0.0
2024-01-06 05:00:00,16.6,0.0
2024-01-06 06:00:00,19.0,0.0
2024-01-06 07:00:00,18.7,1.0
2024-01-06 08:00:00,15.7,43.0
2024-01-06 09:00:00,10.7,106.0
2024-01-06 10:00:00,12.3,52.0
2024-01-06 11:00:00,13.2,53.0
2024-01-06 12:00:00,13.4,82.0
2024-01-06 13:00:00,16.2,286.0
2024-01-06 14:00:00,11.9,195.0
2024-01-06 15:00:00,4.9,71.0
2024-01-06 16:00:00,7.3,18.0
2024-01-06 17:00:00,5.9,0.0
2024-01-06 18:00:00,6.8,0.0
2024-01-06 19:00:00,8.6,0.0
2024-01-06 20:00:00,5.5,0.0
2024-01-06 21:00:00,5.9,0.0
2024-01-06 22:00:00,4.7,0.0
2024-01-06 23:00:00,5.6,0.0
2024-01-07 00:00:00,2.9,0.0
2024-01-07 01:00:00,4.7,0.0
2024-01-07 02:00:00,4.3,0.0
2024-01-07 03:00:00,4.8,0.0
2024-01-07 04:00:00,5.4,0.0
2024-01-07 05:00:00,2.5,0.0
2024-01-07 06:00:00,4.1,0.0
2024-01-07 07:00:00,2.8,1.0
2024-01-07 08:00:00,3.0,19.0
2024-01-07 09:00:00,5.4,36.0
2024-01-07 10:00:00,5.4,60.0
2024-01-07 11:00:00,7.9,81.0
2024-01-07 12:00:00,10.2,119.0
2024-01-07 13:00:00,10.1,165.0
2024-01-07 14:00:00,12.2,160.0
2024-01-07 15:00:00,11.3,56.0
2024-01-07 16:00:00,13.2,8.0
2024-01-07 17:00:00,9.9,0.0
2024-01-07 18:00:00,9.4,0.0
2024-01-07 19:00:00,9.8,0.0
2024-01-07 20:00:00,8.3,0.0
2024-01-07 21:00:00,6.6,0.0
2024-01-07 22:00:00,6.5,0.0
2024-01-07 23:00:00,7.3,0.0
2024-01-08 00:00:00,8.4,0.0
2024-01-08 01:00:00,7.4,0.0
2024-01-08 02:00:00,8.0,0.0
2024-01-08 03:00:00,8.3,0.0
2024-01-08 04:00:00,8.3,0.0
2024-01-08 05:00:00,5.5,0.0
2024-01-08 06:00:00,6.7,0.0
2024-01-08 07:00:00,8.9,3.0
2024-01-08 08:00:00,10.7,84.0
2024-01-08 09:00:00,10.5,205.0
2024-01-08 10:00:00,11.4,324.0
2024-01-08 11:00:00,13.0,353.0
2024-01-08 12:00:00,17.3,368.0
2024-01-08 13:00:00,19.8,332.0
2024-01-08 14:00:00,18.4,273.0
2024-01-08 15:00:00,18.8,155.0
2024-01-08 16:00:00,20.2,30.0
2024-01-08 17:00:00,19.8,0.0
2024-01-08 18:00:00,19.6,0.0
2024-01-08 19:00:00,16.0,0.0
2024-01-08 20:00:00,14.7,0.0
2024-01-08 21:00:00,15.4,0.0
2024-01-08 22:00:00,15.1,0.0
2024-01-08 23:00:00,14.1,0.0
2024-01-09 00:00:00,13.3,0.0
2024-01-09 01:00:00,15.6,0.0
2024-01-09 02:00:00,14.2,0.0
2024-01-09 03:00:00,12.1,0.0
2024-01-09 04:00:00,10.6,0.0
2024-01-09 05:00:00,9.6,0.0
2024-01-09 06:00:00,8.2,0.0
2024-01-09 07:00:00,8.9,3.0
2024-01-09 08:00:00,9.5,82.0
2024-01-09 09:00:00,8.4,165.0
2024-01-09 10:00:00,8.3,224.0
2024-01-09 11:00:00,7.6,276.0
2024-01-09 12:00:00,8.3,240.0
2024-01-09 13:00:00,10.2,237.0
2024-01-09 14:00:00,8.9,166.0
2024-01-09 15:00:00,3.9,94.0
2024-01-09 16:00:00,6.5,21.0
2024-01-09 17:00:00,9.7,0.0
2024-01-09 18:00:00,10.5,0.0
2024-01-09 19:00:00,10.5,0.0
2024-01-09 20:00:00,7.6,0.0
2024-01-09 21:00:00,6.5,0.0
2024-01-09 22:00:00,7.7,0.0
2024-01-09 23:00:00,6.9,0.0
2024-01-10 00:00:00,8.4,0.0
2024-01-10 01:00:00,9.5,0.0
2024-01-10 02:00:00,10.2,0.0
2024-01-10 03:00:00,8.7,0.0
2024-01-10 04:00:00,7.1,0.0
2024-01-10 05:00:00,6.5,0.0
2024-01-10 06:00:00,6.6,0.0
2024-01-10 07:00:00,7.6,2.0
2024-01-10 08:00:00,7.2,54.0
2024-01-10 09:00:00,7.5,118.0
2024-01-10 10:00:00,7.9,272.0
2024-01-10 11:00:00,9.1,329.0
2024-01-10 12:00:00,9.1,328.0
2024-01-10 13:00:00,10.1,219.0
2024-01-10 14:00:00,10.8,157.0
2024-01-10 15:00:00,9.7,81.0
2024-01-10 16:00:00,8.7,22.0
2024-01-10 17:00:00,9.0,0.0
2024-01-10 18:00:00,7.0,0.0
2024-01-10 19:00:00,6.0,0.0
2024-01-10 20:00:00,6.6,0.0
2024-01-10 21:00:00,7.6,0.0
2024-01-10 22:00:00,9.0,0.0
2024-01-10 23:00:00,8.2,0.0
2024-01-11 00:00:00,8.0,0.0
2024-01-11 01:00:00,10.9,0.0
2024-01-11 02:00:00,10.4,0.0
2024-01-11 03:00:00,9.9,0.0
2024-01-11 04:00:00,10.7,0.0
2024-01-11 05:00:00,9.9,0.0
2024-01-11 06:00:00,10.9,0.0
2024-01-11 07:00:00,11.6,2.0
2024-01-11 08:00:00,11.6,21.0
2024-01-11 09:00:00,12.3,91.0
2024-01-11 10:00:00,10.8,214.0
2024-01-11 11:00:00,11.9,404.0
2024-01-11 12:00:00,13.0,413.0
2024-01-11 13:00:00,15.0,361.0
2024-01-11 14:00:00,14.6,241.0
2024-01-11 15:00:00,14.5,172.0
2024-01-11 16:00:00,15.3,40.0
2024-01-11 17:00:00,13.3,0.0
2024-01-11 18:00:00,9.8,0.0
2024-01-11 19:00:00,9.5,0.0
2024-01-11 20:00:00,9.6,0.0
2024-01-11 21:00:00,9.4,0.0
2024-01-11 22:00:00,10.1,0.0
2024-01-11 23:00:00,8.0,0.0
2024-01-12 00:00:00,10.4,0.0
2024-01-12 01:00:00,9.7,0.0
2024-01-12 02:00:00,9.1,0.0
2024-01-12 03:00:00,8.8,0.0
2024-01-12 04:00:00,9.7,0.0
2024-01-12 05:00:00,9.8,0.0
2024-01-12 06:00:00,10.4,0.0
2024-01-12 07:00:00,11.0,4.0
2024-01-12 08:00:00,10.5,96.0
2024-01-12 09:00:00,11.9,239.0
2024-01-12 10:00:00,11.5,358.0
2024-01-12 11:00:00,11.6,427.0
2024-01-12 12:00:00,10.4,442.0
2024-01-12 13:00:00,12.4,399.0
2024-01-12 14:00:00,12.9,307.0
2024-01-12 15:00:00,11.9,177.0
2024-01-12 16:00:00,16.3,42.0
2024-01-12 17:00:00,14.1,0.0
2024-01-12 18:00:00,12.0,0.0
2024-01-12 19:00:00,13.4,0.0
2024-01-12 20:00:00,11.9,0.0
2024-01-12 21:00:00,12.0,0.0
2024-01-12 22:00:00,11.8,0.0
2024-01-12 23:00:00,12.1,0.0
2024-01-13 00:00:00,12.3,0.0
2024-01-13 01:00:00,16.4,0.0
2024-01-13 02:00:00,15.1,0.0
2024-01-13 03:00:00,14.1,0.0
2024-01-13 04:00:00,10.6,0.0
2024-01-13 05:00:00,9.5,0.0
2024-01-13 06:00:00,8.4,0.0
2024-01-13 07:00:00,6.6,4.0
2024-01-13 08:00:00,7.6,95.0
2024-01-13 09:00:00,7.8,225.0
2024-01-13 10:00:00,8.8,344.0
2024-01-13 11:00:00,7.4,420.0
2024-01-13 12:00:00,4.6,446.0
2024-01-13 13:00:00,3.7,411.0
2024-01-13 14:00:00,2.9,319.0
2024-01-13 15:00:00,2.6,188.0
2024-01-13 16:00:00,4.8,47.0
2024-01-13 17:00:00,4.1,0.0
2024-01-13 18:00:00,7.2,0.0
2024-01-13 19:00:00,7.6,0.0
2024-01-13 20:00:00,6.6,0.0
2024-01-13 21:00:00,5.5,0.0
2024-01-13 22:00:00,6.1,0.0
2024-01-13 23:00:00,6.4,0.0
2024-01-14 00:00:00,4.8,0.0
2024-01-14 01:00:00,6.7,0.0
2024-01-14 02:00:00,8.2,0.0
2024-01-14 03:00:00,6.7,0.0
2024-01-14 04:00:00,7.2,0.0
2024-01-14 05:00:00,6.6,0.0
2024-01-14 06:00:00,7.0,0.0
2024-01-14 07:00:00,6.6,3.0
2024-01-14 08:00:00,7.2,83.0
2024-01-14 09:00:00,5.5,228.0
2024-01-14 10:00:00,4.4,352.0
2024-01-14 11:00:00,2.2,427.0
2024-01-14 12:00:00,11.1,335.0
2024-01-14 13:00:00,4.0,270.0
2024-01-14 14:00:00,9.1,202.0
2024-01-14 15:00:00,9.8,94.0
2024-01-14 16:00:00,7.2,25.0
2024-01-14 17:00:00,8.4,0.0
2024-01-14 18:00:00,8.5,0.0
2024-01-14 19:00:00,10.2,0.0
2024-01-14 20:00:00,11.5,0.0
2024-01-14 21:00:00,11.6,0.0
2024-01-14 22:00:00,10.8,0.0
2024-01-14 23:00:00,11.2,0.0
2024-01-15 00:00:00,10.9,0.0
2024-01-15 01:00:00,10.2,0.0
2024-01-15 02:00:00,11.3,0.0
2024-01-15 03:00:00,10.3,0.0
2024-01-15 04:00:00,8.7,0.0
2024-01-15 05:00:00,8.0,0.0
2024-01-15 06:00:00,9.6,0.0
2024-01-15 07:00:00,10.2,3.0
2024-01-15 08:00:00,13.0,54.0
2024-01-15 09:00:00,14.8,131.0
2024-01-15 10:00:00,11.5,207.0
2024-01-15 11:00:00,13.0,233.0
2024-01-15 12:00:00,18.1,297.0
2024-01-15 13:00:00,9.7,139.0
2024-01-15 14:00:00,7.9,141.0
2024-01-15 15:00:00,4.9,143.0
2024-01-15 16:00:00,6.3,48.0
2024-01-15 17:00:00,9.2,0.0
2024-01-15 18:00:00,7.4,0.0
2024-01-15 19:00:00,11.4,0.0
2024-01-15 20:00:00,11.3,0.0
2024-01-15 21:00:00,11.3,0.0
2024-01-15 22:00:00,10.2,0.0
2024-01-15 23:00:00,8.8,0.0
2024-01-16 00:00:00,8.2,0.0
2024-01-16 01:00:00,8.7,0.0
2024-01-16 02:00:00,7.4,0.0
2024-01-16 03:00:00,5.9,0.0
2024-01-16 04:00:00,5.9,0.0
2024-01-16 05:00:00,8.4,0.0
2024-01-16 06:00:00,6.4,0.0
2024-01-16 07:00:00,5.1,5.0
2024-01-16 08:00:00,7.2,94.0
2024-01-16 09:00:00,7.9,225.0
2024-01-16 10:00:00,5.8,351.0
2024-01-16 11:00:00,2.5,419.0
2024-01-16 12:00:00,5.9,385.0
2024-01-16 13:00:00,14.2,336.0
2024-01-16 14:00:00,14.3,235.0
2024-01-16 15:00:00,13.9,154.0
2024-01-16 16:00:00,12.1,43.0
2024-01-16 17:00:00,9.3,0.0
2024-01-16 18:00:00,9.0,0.0
2024-01-16 19:00:00,8.7,0.0
2024-01-16 20:00:00,7.7,0.0
2024-01-16 21:00:00,7.2,0.0
2024-01-16 22:00:00,6.9,0.0
2024-01-16 23:00:00,8.2,0.0
2024-01-17 00:00:00,8.7,0.0
2024-01-17 01:00:00,7.9,0.0
2024-01-17 02:00:00,11.5,0.0
2024-01-17 03:00:00,14.0,0.0
2024-01-17 04:00:00,13.3,0.0
2024-01-17 05:00:00,13.0,0.0
2024-01-17 06:00:00,13.2,0.0
2024-01-17 07:00:00,13.7,2.0
2024-01-17 08:00:00,14.2,39.0
2024-01-17 09:00:00,13.6,40.0
2024-01-17 10:00:00,15.3,159.0
2024-01-17 11:00:00,18.8,284.0
2024-01-17 12:00:00,19.5,283.0
2024-01-17 13:00:00,12.4,159.0
2024-01-17 14:00:00,18.4,63.0
2024-01-17 15:00:00,16.2,17.0
2024-01-17 16:00:00,16.8,12.0
2024-01-17 17:00:00,17.5,0.0
2024-01-17 18:00:00,16.9,0.0
2024-01-17 19:00:00,17.6,0.0
2024-01-17 20:00:00,15.8,0.0
2024-01-17 21:00:00,19.8,0.0
2024-01-17 22:00:00,18.6,0.0
2024-01-17 23:00:00,17.9,0.0
2024-01-18 00:00:00,24.3,0.0
2024-01-18 01:00:00,20.9,0.0
2024-01-18 02:00:00,20.1,0.0
2024-01-18 03:00:00,20.9,0.0
2024-01-18 04:00:00,16.3,0.0
2024-01-18 05:00:00,13.7,0.0
2024-01-18 06:00:00,14.2,0.0
2024-01-18 07:00:00,14.9,3.0
2024-01-18 08:00:00,17.4,65.0
2024-01-18 09:00:00,23.4,203.0
2024-01-18 10:00:00,25.1,343.0
2024-01-18 11:00:00,25.3,412.0
2024-01-18 12:00:00,26.3,453.0
2024-01-18 13:00:00,28.3,357.0
2024-01-18 14:00:00,25.3,273.0
2024-01-18 15:00:00,19.9,146.0
2024-01-18 16:00:00,14.0,46.0
2024-01-18 17:00:00,14.8,0.0
2024-01-18 18:00:00,17.0,0.0
2024-01-18 19:00:00,15.5,0.0
2024-01-18 20:00:00,14.4,0.0
2024-01-18 21:00:00,13.3,0.0
2024-01-18 22:00:00,14.1,0.0
2024-01-18 23:00:00,13.3,0.0
2024-01-19 00:00:00,11.2,0.0
2024-01-19 01:00:00,10.3,0.0
2024-01-19 02:00:00,12.7,0.0
2024-01-19 03:00:00,13.7,0.0
2024-01-19 04:00:00,12.3,0.0
2024-01-19 05:00:00,11.0,0.0
2024-01-19 06:00:00,9.6,0.0
2024-01-19 07:00:00,13.0,4.0
2024-01-19 08:00:00,13.4,57.0
2024-01-19 09:00:00,13.3,133.0
2024-01-19 10:00:00,13.5,255.0
2024-01-19 11:00:00,18.9,340.0
2024-01-19 12:00:00,21.2,374.0
2024-01-19 13:00:00,15.1,333.0
2024-01-19 14:00:00,12.1,134.0
2024-01-19 15:00:00,12.2,38.0
2024-01-19 16:00:00,11.4,18.0
2024-01-19 17:00:00,13.0,0.0
2024-01-19 18:00:00,11.3,0.0
2024-01-19 19:00:00,9.0,0.0
2024-01-19 20:00:00,5.5,0.0
2024-01-19 21:00:00,5.9,0.0
2024-01-19 22:00:00,3.6,0.0
2024-01-19 23:00:00,10.5,0.0
2024-01-20 00:00:00,21.0,0.0
2024-01-20 01:00:00,21.0,0.0
2024-01-20 02:00:00,24.3,0.0
2024-01-20 03:00:00,26.8,0.0
2024-01-20 04:00:00,25.1,0.0
2024-01-20 05:00:00,26.9,0.0
2024-01-20 06:00:00,25.3,0.0
2024-01-20 07:00:00,23.4,1.0
2024-01-20 08:00:00,24.5,29.0
2024-01-20 09:00:00,24.0,93.0
2024-01-20 10:00:00,23.7,210.0
2024-01-20 11:00:00,22.5,423.0
2024-01-20 12:00:00,23.7,472.0
2024-01-20 13:00:00,23.2,437.0
2024-01-20 14:00:00,24.1,350.0
2024-01-20 15:00:00,24.4,211.0
2024-01-20 16:00:00,23.5,64.0
2024-01-20 17:00:00,22.4,0.0
2024-01-20 18:00:00,19.2,0.0
2024-01-20 19:00:00,16.8,0.0
2024-01-20 20:00:00,19.2,0.0
2024-01-20 21:00:00,19.7,0.0
2024-01-20 22:00:00,16.8,0.0
2024-01-20 23:00:00,12.6,0.0
2024-01-21 00:00:00,12.5,0.0
2024-01-21 01:00:00,12.3,0.0
2024-01-21 02:00:00,11.8,0.0
2024-01-21 03:00:00,10.8,0.0
2024-01-21 04:00:00,12.9,0.0
2024-01-21 05:00:00,12.9,0.0
2024-01-21 06:00:00,13.0,0.0
2024-01-21 07:00:00,12.3,7.0
2024-01-21 08:00:00,10.4,114.0
2024-01-21 09:00:00,7.9,267.0
2024-01-21 10:00:00,6.6,392.0
2024-01-21 11:00:00,6.4,469.0
2024-01-21 12:00:00,5.2,488.0
2024-01-21 13:00:00,7.9,447.0
2024-01-21 14:00:00,8.0,354.0
2024-01-21 15:00:00,6.9,218.0
2024-01-21 16:00:00,6.0,68.0
2024-01-21 17:00:00,7.1,0.0
2024-01-21 18:00:00,9.1,0.0
2024-01-21 19:00:00,5.7,0.0
2024-01-21 20:00:00,7.9,0.0
2024-01-21 21:00:00,7.8,0.0
2024-01-21 22:00:00,7.8,0.0
2024-01-21 23:00:00,8.6,0.0
2024-01-22 00:00:00,5.9,0.0
2024-01-22 01:00:00,8.6,0.0
2024-01-22 02:00:00,9.7,0.0
2024-01-22 03:00:00,7.9,0.0
2024-01-22 04:00:00,8.6,0.0
2024-01-22 05:00:00,8.4,0.0
2024-01-22 06:00:00,8.9,0.0
2024-01-22 07:00:00,9.3,7.0
2024-01-22 08:00:00,8.8,112.0
2024-01-22 09:00:00,8.2,261.0
2024-01-22 10:00:00,6.6,384.0
2024-01-22 11:00:00,4.5,460.0
2024-01-22 12:00:00,2.7,483.0
2024-01-22 13:00:00,3.6,443.0
2024-01-22 14:00:00,4.2,352.0
2024-01-22 15:00:00,2.3,217.0
2024-01-22 16:00:00,6.6,68.0
2024-01-22 17:00:00,8.6,0.0
2024-01-22 18:00:00,6.3,0.0
2024-01-22 19:00:00,5.1,0.0
2024-01-22 20:00:00,6.2,0.0
2024-01-22 21:00:00,4.7,0.0
2024-01-22 22:00:00,6.6,0.0
2024-01-22 23:00:00,3.3,0.0
2024-01-23 00:00:00,5.8,0.0
2024-01-23 01:00:00,9.1,0.0
2024-01-23 02:00:00,7.7,0.0
2024-01-23 03:00:00,5.5,0.0
2024-01-23 04:00:00,5.0,0.0
2024-01-23 05:00:00,7.4,0.0
2024-01-23 06:00:00,7.1,0.0
2024-01-23 07:00:00,6.9,3.0
2024-01-23 08:00:00,7.0,48.0
2024-01-23 09:00:00,6.6,141.0
2024-01-23 10:00:00,7.9,359.0
2024-01-23 11:00:00,9.3,433.0
2024-01-23 12:00:00,10.0,438.0
2024-01-23 13:00:00,16.9,436.0
2024-01-23 14:00:00,18.6,346.0
2024-01-23 15:00:00,17.8,216.0
2024-01-23 16:00:00,16.7,71.0
2024-01-23 17:00:00,13.0,0.0
2024-01-23 18:00:00,10.9,0.0
2024-01-23 19:00:00,7.8,0.0
2024-01-23 20:00:00,4.8,0.0
2024-01-23 21:00:00,4.3,0.0
2024-01-23 22:00:00,6.4,0.0
2024-01-23 23:00:00,7.7,0.0
2024-01-24 00:00:00,6.9,0.0
2024-01-24 01:00:00,8.3,0.0
2024-01-24 02:00:00,9.0,0.0
2024-01-24 03:00:00,6.4,0.0
2024-01-24 04:00:00,5.2,0.0
2024-01-24 05:00:00,6.5,0.0
2024-01-24 06:00:00,5.9,0.0
2024-01-24 07:00:00,6.6,7.0
2024-01-24 08:00:00,7.0,108.0
2024-01-24 09:00:00,6.4,254.0
2024-01-24 10:00:00,5.1,366.0
2024-01-24 11:00:00,2.8,447.0
2024-01-24 12:00:00,1.5,467.0
2024-01-24 13:00:00,2.6,391.0
2024-01-24 14:00:00,1.5,343.0
2024-01-24 15:00:00,2.3,201.0
2024-01-24 16:00:00,8.1,62.0
2024-01-24 17:00:00,6.4,1.0
2024-01-24 18:00:00,6.6,0.0
2024-01-24 19:00:00,4.5,0.0
2024-01-24 20:00:00,3.6,0.0
2024-01-24 21:00:00,6.2,0.0
2024-01-24 22:00:00,7.7,0.0
2024-01-24 23:00:00,8.4,0.0
2024-01-25 00:00:00,8.0,0.0
2024-01-25 01:00:00,4.8,0.0
2024-01-25 02:00:00,7.9,0.0
2024-01-25 03:00:00,8.6,0.0
2024-01-25 04:00:00,7.9,0.0
2024-01-25 05:00:00,7.0,0.0
2024-01-25 06:00:00,9.4,0.0
2024-01-25 07:00:00,10.7,5.0
2024-01-25 08:00:00,9.8,73.0
2024-01-25 09:00:00,7.1,154.0
2024-01-25 10:00:00,8.3,256.0
2024-01-25 11:00:00,7.8,377.0
2024-01-25 12:00:00,5.0,430.0
2024-01-25 13:00:00,5.8,440.0
2024-01-25 14:00:00,6.5,353.0
2024-01-25 15:00:00,6.6,222.0
2024-01-25 16:00:00,8.1,76.0
2024-01-25 17:00:00,8.0,1.0
2024-01-25 18:00:00,6.9,0.0
2024-01-25 19:00:00,3.8,0.0
2024-01-25 20:00:00,3.1,0.0
2024-01-25 21:00:00,2.5,0.0
2024-01-25 22:00:00,4.2,0.0
2024-01-25 23:00:00,5.9,0.0
2024-01-26 00:00:00,5.6,0.0
2024-01-26 01:00:00,6.9,0.0
2024-01-26 02:00:00,6.2,0.0
2024-01-26 03:00:00,5.6,0.0
2024-01-26 04:00:00,4.6,0.0
2024-01-26 05:00:00,5.1,0.0
2024-01-26 06:00:00,6.3,0.0
2024-01-26 07:00:00,6.8,6.0
2024-01-26 08:00:00,6.7,69.0
2024-01-26 09:00:00,6.8,156.0
2024-01-26 10:00:00,7.3,252.0
2024-01-26 11:00:00,6.4,279.0
2024-01-26 12:00:00,2.5,280.0
2024-01-26 13:00:00,7.1,288.0
2024-01-26 14:00:00,5.6,221.0
2024-01-26 15:00:00,2.6,168.0
2024-01-26 16:00:00,6.4,69.0
2024-01-26 17:00:00,8.1,1.0
2024-01-26 18:00:00,4.0,0.0
2024-01-26 19:00:00,4.5,0.0
2024-01-26 20:00:00,5.5,0.0
2024-01-26 21:00:00,6.8,0.0
2024-01-26 22:00:00,6.9,0.0
2024-01-26 23:00:00,7.9,0.0
2024-01-27 00:00:00,6.8,0.0
2024-01-27 01:00:00,6.0,0.0
2024-01-27 02:00:00,6.4,0.0
2024-01-27 03:00:00,4.8,0.0
2024-01-27 04:00:00,5.7,0.0
2024-01-27 05:00:00,6.3,0.0
2024-01-27 06:00:00,5.9,0.0
2024-01-27 07:00:00,6.1,8.0
2024-01-27 08:00:00,9.6,104.0
2024-01-27 09:00:00,8.8,235.0
2024-01-27 10:00:00,8.0,357.0
2024-01-27 11:00:00,6.5,445.0
2024-01-27 12:00:00,5.9,478.0
2024-01-27 13:00:00,2.8,443.0
2024-01-27 14:00:00,3.8,359.0
2024-01-27 15:00:00,5.1,230.0
2024-01-27 16:00:00,5.4,82.0
2024-01-27 17:00:00,2.9,2.0
2024-01-27 18:00:00,1.8,0.0
2024-01-27 19:00:00,1.0,0.0
2024-01-27 20:00:00,1.6,0.0
2024-01-27 21:00:00,4.7,0.0
2024-01-27 22:00:00,7.6,0.0
2024-01-27 23:00:00,6.0,0.0
2024-01-28 00:00:00,5.0,0.0
2024-01-28 01:00:00,9.0,0.0
2024-01-28 02:00:00,8.9,0.0
2024-01-28 03:00:00,8.1,0.0
2024-01-28 04:00:00,7.1,0.0
2024-01-28 05:00:00,7.0,0.0
2024-01-28 06:00:00,7.4,0.0
2024-01-28 07:00:00,8.1,10.0
2024-01-28 08:00:00,7.9,113.0
2024-01-28 09:00:00,6.4,250.0
2024-01-28 10:00:00,5.4,381.0
2024-01-28 11:00:00,4.2,468.0
2024-01-28 12:00:00,4.3,496.0
2024-01-28 13:00:00,2.6,407.0
2024-01-28 14:00:00,4.1,344.0
2024-01-28 15:00:00,5.4,230.0
2024-01-28 16:00:00,6.8,86.0
2024-01-28 17:00:00,6.2,2.0
2024-01-28 18:00:00,2.5,0.0
2024-01-28 19:00:00,0.4,0.0
2024-01-28 20:00:00,5.5,0.0
2024-01-28 21:00:00,5.5,0.0
2024-01-28 22:00:00,4.7,0.0
2024-01-28 23:00:00,6.8,0.0
2024-01-29 00:00:00,7.2,0.0
2024-01-29 01:00:00,7.6,0.0
2024-01-29 02:00:00,9.0,0.0
2024-01-29 03:00:00,9.2,0.0
2024-01-29 04:00:00,7.7,0.0
2024-01-29 05:00:00,8.6,0.0
2024-01-29 06:00:00,8.0,0.0
2024-01-29 07:00:00,8.9,11.0
2024-01-29 08:00:00,8.9,126.0
2024-01-29 09:00:00,9.1,279.0
2024-01-29 10:00:00,9.9,402.0
2024-01-29 11:00:00,8.8,478.0
2024-01-29 12:00:00,7.6,500.0
2024-01-29 13:00:00,3.6,457.0
2024-01-29 14:00:00,3.6,372.0
2024-01-29 15:00:00,2.6,242.0
2024-01-29 16:00:00,3.2,90.0
2024-01-29 17:00:00,3.5,3.0
2024-01-29 18:00:00,2.9,0.0
2024-01-29 19:00:00,2.8,0.0
2024-01-29 20:00:00,2.7,0.0
2024-01-29 21:00:00,6.0,0.0
2024-01-29 22:00:00,5.6,0.0
2024-01-29 23:00:00,6.7,0.0
2024-01-30 00:00:00,7.1,0.0
2024-01-30 01:00:00,4.6,0.0
2024-01-30 02:00:00,5.5,0.0
2024-01-30 03:00:00,6.4,0.0
2024-01-30 04:00:00,6.6,0.0
2024-01-30 05:00:00,6.6,0.0
2024-01-30 06:00:00,6.8,0.0
2024-01-30 07:00:00,7.8,12.0
2024-01-30 08:00:00,8.1,130.0
2024-01-30 09:00:00,7.3,282.0
2024-01-30 10:00:00,6.9,404.0
2024-01-30 11:00:00,5.4,482.0
2024-01-30 12:00:00,2.5,509.0
2024-01-30 13:00:00,0.5,477.0
2024-01-30 14:00:00,1.6,386.0
2024-01-30 15:00:00,1.8,250.0
2024-01-30 16:00:00,5.6,95.0
2024-01-30 17:00:00,5.2,3.0
2024-01-30 18:00:00,2.9,0.0
2024-01-30 19:00:00,0.7,0.0
2024-01-30 20:00:00,4.3,0.0
2024-01-30 21:00:00,7.1,0.0
2024-01-30 22:00:00,5.4,0.0
2024-01-30 23:00:00,4.8,0.0
2024-01-31 00:00:00,5.6,0.0
2024-01-31 01:00:00,7.8,0.0
2024-01-31 02:00:00,5.8,0.0
2024-01-31 03:00:00,5.4,0.0
2024-01-31 04:00:00,5.3,0.0
2024-01-31 05:00:00,5.6,0.0
2024-01-31 06:00:00,5.3,0.0
2024-01-31 07:00:00,6.8,12.0
2024-01-31 08:00:00,6.8,109.0
2024-01-31 09:00:00,6.1,259.0
2024-01-31 10:00:00,4.9,369.0
2024-01-31 11:00:00,2.7,467.0
2024-01-31 12:00:00,1.1,468.0
2024-01-31 13:00:00,0.5,422.0
2024-01-31 14:00:00,1.5,345.0
2024-01-31 15:00:00,2.6,237.0
2024-01-31 16:00:00,5.0,90.0
2024-01-31 17:00:00,8.5,4.0
2024-01-31 18:00:00,7.8,0.0
2024-01-31 19:00:00,4.2,0.0
2024-01-31 20:00:00,8.7,0.0
2024-01-31 21:00:00,5.8,0.0
2024-01-31 22:00:00,8.6,0.0
2024-01-31 23:00:00,9.4,0.0
2024-02-01 00:00:00,7.9,0.0
2024-02-01 01:00:00,7.3,0.0
2024-02-01 02:00:00,6.7,0.0
2024-02-01 03:00:00,7.0,0.0
2024-02-01 04:00:00,7.5,0.0
2024-02-01 05:00:00,6.6,0.0
2024-02-01 06:00:00,6.0,0.0
2024-02-01 07:00:00,4.9,14.0
2024-02-01 08:00:00,6.9,134.0
2024-02-01 09:00:00,7.3,288.0
2024-02-01 10:00:00,6.0,414.0
2024-02-01 11:00:00,4.0,493.0
2024-02-01 12:00:00,1.4,514.0
2024-02-01 13:00:00,0.7,463.0
2024-02-01 14:00:00,0.5,378.0
2024-02-01 15:00:00,3.4,219.0
2024-02-01 16:00:00,5.8,72.0
2024-02-01 17:00:00,1.9,4.0
2024-02-01 18:00:00,2.0,0.0
2024-02-01 19:00:00,2.2,0.0
2024-02-01 20:00:00,5.9,0.0
2024-02-01 21:00:00,7.0,0.0
2024-02-01 22:00:00,8.2,0.0
2024-02-01 23:00:00,8.0,0.0
2024-02-02 00:00:00,6.4,0.0
2024-02-02 01:00:00,5.7,0.0
2024-02-02 02:00:00,5.4,0.0
2024-02-02 03:00:00,5.3,0.0
2024-02-02 04:00:00,6.1,0.0
2024-02-02 05:00:00,7.6,0.0
2024-02-02 06:00:00,8.0,0.0
2024-02-02 07:00:00,8.6,14.0
2024-02-02 08:00:00,8.0,133.0
2024-02-02 09:00:00,8.3,289.0
2024-02-02 10:00:00,6.5,414.0
2024-02-02 11:00:00,3.6,495.0
2024-02-02 12:00:00,2.5,519.0
2024-02-02 13:00:00,2.9,485.0
2024-02-02 14:00:00,5.1,393.0
2024-02-02 15:00:00,2.6,256.0
2024-02-02 16:00:00,5.6,102.0
2024-02-02 17:00:00,6.7,5.0
2024-02-02 18:00:00,7.2,0.0
2024-02-02 19:00:00,8.2,0.0
2024-02-02 20:00:00,5.3,0.0
2024-02-02 21:00:00,5.6,0.0
2024-02-02 22:00:00,6.0,0.0
2024-02-02 23:00:00,6.9,0.0
2024-02-03 00:00:00,5.6,0.0
2024-02-03 01:00:00,7.1,0.0
2024-02-03 02:00:00,7.1,0.0
2024-02-03 03:00:00,5.2,0.0
2024-02-03 04:00:00,5.8,0.0
2024-02-03 05:00:00,6.1,0.0
2024-02-03 06:00:00,6.6,0.0
2024-02-03 07:00:00,5.7,16.0
2024-02-03 08:00:00,4.7,138.0
2024-02-03 09:00:00,4.1,291.0
2024-02-03 10:00:00,3.3,415.0
2024-02-03 11:00:00,2.6,493.0
2024-02-03 12:00:00,4.0,515.0
2024-02-03 13:00:00,3.6,480.0
2024-02-03 14:00:00,3.8,391.0
2024-02-03 15:00:00,4.3,259.0
2024-02-03 16:00:00,7.2,105.0
2024-02-03 17:00:00,6.9,6.0
2024-02-03 18:00:00,5.8,0.0
2024-02-03 19:00:00,6.4,0.0
2024-02-03 20:00:00,4.8,0.0
2024-02-03 21:00:00,3.6,0.0
2024-02-03 22:00:00,4.4,0.0
2024-02-03 23:00:00,8.0,0.0
2024-02-04 00:00:00,7.2,0.0
2024-02-04 01:00:00,6.9,0.0
2024-02-04 02:00:00,6.8,0.0
2024-02-04 03:00:00,6.2,0.0
2024-02-04 04:00:00,6.4,0.0
2024-02-04 05:00:00,6.4,0.0
2024-02-04 06:00:00,5.4,0.0
2024-02-04 07:00:00,5.8,16.0
2024-02-04 08:00:00,8.3,138.0
2024-02-04 09:00:00,8.7,290.0
2024-02-04 10:00:00,3.7,413.0
2024-02-04 11:00:00,1.9,495.0
2024-02-04 12:00:00,2.8,519.0
2024-02-04 13:00:00,2.2,485.0
2024-02-04 14:00:00,3.3,397.0
2024-02-04 15:00:00,5.3,264.0
2024-02-04 16:00:00,5.3,109.0
2024-02-04 17:00:00,7.8,6.0
2024-02-04 18:00:00,7.5,0.0
2024-02-04 19:00:00,4.8,0.0
2024-02-04 20:00:00,5.8,0.0
2024-02-04 21:00:00,6.0,0.0
2024-02-04 22:00:00,5.8,0.0
2024-02-04 23:00:00,5.0,0.0
2024-02-05 00:00:00,4.1,0.0
2024-02-05 01:00:00,5.7,0.0
2024-02-05 02:00:00,6.4,0.0
2024-02-05 03:00:00,7.0,0.0
2024-02-05 04:00:00,6.4,0.0
2024-02-05 05:00:00,6.6,0.0
2024-02-05 06:00:00,7.0,0.0
2024-02-05 07:00:00,7.0,6.0
2024-02-05 08:00:00,6.6,47.0
2024-02-05 09:00:00,5.6,130.0
2024-02-05 10:00:00,3.2,174.0
2024-02-05 11:00:00,7.3,247.0
2024-02-05 12:00:00,12.0,255.0
2024-02-05 13:00:00,10.9,312.0
2024-02-05 14:00:00,11.7,210.0
2024-02-05 15:00:00,12.0,103.0
2024-02-05 16:00:00,8.9,56.0
2024-02-05 17:00:00,6.6,4.0
2024-02-05 18:00:00,6.1,0.0
2024-02-05 19:00:00,6.7,0.0
2024-02-05 20:00:00,6.4,0.0
2024-02-05 21:00:00,5.9,0.0
2024-02-05 22:00:00,6.1,0.0
2024-02-05 23:00:00,6.5,0.0
2024-02-06 00:00:00,6.5,0.0
2024-02-06 01:00:00,5.5,0.0
2024-02-06 02:00:00,5.0,0.0
2024-02-06 03:00:00,6.2,0.0
2024-02-06 04:00:00,6.6,0.0
2024-02-06 05:00:00,5.7,0.0
2024-02-06 06:00:00,4.4,0.0
2024-02-06 07:00:00,6.1,18.0
2024-02-06 08:00:00,5.9,137.0
2024-02-06 09:00:00,5.6,278.0
2024-02-06 10:00:00,4.2,413.0
2024-02-06 11:00:00,0.4,501.0
2024-02-06 12:00:00,2.4,500.0
2024-02-06 13:00:00,5.1,303.0
2024-02-06 14:00:00,9.2,349.0
2024-02-06 15:00:00,11.2,214.0
2024-02-06 16:00:00,12.3,92.0
2024-02-06 17:00:00,12.1,7.0
2024-02-06 18:00:00,9.2,0.0
2024-02-06 19:00:00,5.8,0.0
2024-02-06 20:00:00,7.1,0.0
2024-02-06 21:00:00,5.1,0.0
2024-02-06 22:00:00,5.4,0.0
2024-02-06 23:00:00,4.3,0.0
2024-02-07 00:00:00,2.1,0.0
2024-02-07 01:00:00,3.1,0.0
2024-02-07 02:00:00,3.9,0.0
2024-02-07 03:00:00,5.6,0.0
2024-02-07 04:00:00,6.6,0.0
2024-02-07 05:00:00,7.0,0.0
2024-02-07 06:00:00,6.2,0.0
2024-02-07 07:00:00,5.9,14.0
2024-02-07 08:00:00,5.0,123.0
2024-02-07 09:00:00,7.0,263.0
2024-02-07 10:00:00,5.8,378.0
2024-02-07 11:00:00,1.3,476.0
2024-02-07 12:00:00,9.0,472.0
2024-02-07 13:00:00,7.4,334.0
2024-02-07 14:00:00,10.0,195.0
2024-02-07 15:00:00,14.5,116.0
2024-02-07 16:00:00,15.1,68.0
2024-02-07 17:00:00,12.7,7.0
2024-02-07 18:00:00,8.9,0.0
2024-02-07 19:00:00,8.0,0.0
2024-02-07 20:00:00,7.6,0.0
2024-02-07 21:00:00,7.9,0.0
2024-02-07 22:00:00,7.3,0.0
2024-02-07 23:00:00,10.2,0.0
2024-02-08 00:00:00,10.5,0.0
2024-02-08 01:00:00,9.2,0.0
2024-02-08 02:00:00,8.7,0.0
2024-02-08 03:00:00,7.5,0.0
2024-02-08 04:00:00,8.2,0.0
2024-02-08 05:00:00,8.7,0.0
2024-02-08 06:00:00,7.4,0.0
2024-02-08 07:00:00,7.3,18.0
2024-02-08 08:00:00,8.2,137.0
2024-02-08 09:00:00,7.1,307.0
2024-02-08 10:00:00,9.1,418.0
2024-02-08 11:00:00,12.6,406.0
2024-02-08 12:00:00,15.3,374.0
2024-02-08 13:00:00,15.1,298.0
2024-02-08 14:00:00,12.8,205.0
2024-02-08 15:00:00,10.9,213.0
2024-02-08 16:00:00,8.4,116.0
2024-02-08 17:00:00,8.6,9.0
2024-02-08 18:00:00,9.3,0.0
2024-02-08 19:00:00,7.1,0.0
2024-02-08 20:00:00,7.7,0.0
2024-02-08 21:00:00,9.3,0.0
2024-02-08 22:00:00,7.3,0.0
2024-02-08 23:00:00,9.5,0.0
2024-02-09 00:00:00,10.1,0.0
2024-02-09 01:00:00,11.8,0.0
2024-02-09 02:00:00,12.0,0.0
2024-02-09 03:00:00,14.3,0.0
2024-02-09 04:00:00,14.1,0.0
2024-02-09 05:00:00,14.3,0.0
2024-02-09 06:00:00,18.1,0.0
2024-02-09 07:00:00,18.1,15.0
2024-02-09 08:00:00,15.1,96.0
2024-02-09 09:00:00,19.2,205.0
2024-02-09 10:00:00,20.9,222.0
2024-02-09 11:00:00,24.1,379.0
2024-02-09 12:00:00,25.1,399.0
2024-02-09 13:00:00,27.3,406.0
2024-02-09 14:00:00,27.4,361.0
2024-02-09 15:00:00,23.4,139.0
2024-02-09 16:00:00,23.7,22.0
2024-02-09 17:00:00,24.9,3.0
2024-02-09 18:00:00,22.2,0.0
2024-02-09 19:00:00,20.6,0.0
2024-02-09 20:00:00,20.1,0.0
2024-02-09 21:00:00,22.9,0.0
2024-02-09 22:00:00,23.4,0.0
2024-02-09 23:00:00,22.5,0.0
2024-02-10 00:00:00,18.6,0.0
2024-02-10 01:00:00,23.4,0.0
2024-02-10 02:00:00,22.4,0.0
2024-02-10 03:00:00,23.4,0.0
2024-02-10 04:00:00,25.7,0.0
2024-02-10 05:00:00,25.5,0.0
2024-02-10 06:00:00,23.5,0.0
2024-02-10 07:00:00,19.4,5.0
2024-02-10 08:00:00,20.4,33.0
2024-02-10 09:00:00,26.7,48.0
2024-02-10 10:00:00,26.4,75.0
2024-02-10 11:00:00,25.0,107.0
2024-02-10 12:00:00,24.2,125.0
2024-02-10 13:00:00,15.5,33.0
2024-02-10 14:00:00,17.1,44.0
2024-02-10 15:00:00,19.2,24.0
2024-02-10 16:00:00,19.1,12.0
2024-02-10 17:00:00,20.0,1.0
2024-02-10 18:00:00,20.9,0.0
2024-02-10 19:00:00,18.0,0.0
2024-02-10 20:00:00,16.0,0.0
2024-02-10 21:00:00,18.6,0.0
2024-02-10 22:00:00,17.4,0.0
2024-02-10 23:00:00,12.7,0.0
2024-02-11 00:00:00,13.0,0.0
2024-02-11 01:00:00,11.6,0.0
2024-02-11 02:00:00,10.0,0.0
2024-02-11 03:00:00,12.7,0.0
2024-02-11 04:00:00,13.4,0.0
2024-02-11 05:00:00,11.5,0.0
2024-02-11 06:00:00,11.7,0.0
2024-02-11 07:00:00,16.4,20.0
2024-02-11 08:00:00,21.7,113.0
2024-02-11 09:00:00,18.7,169.0
2024-02-11 10:00:00,21.5,351.0
2024-02-11 11:00:00,18.0,343.0
2024-02-11 12:00:00,17.3,382.0
2024-02-11 13:00:00,15.9,247.0
2024-02-11 14:00:00,13.4,138.0
2024-02-11 15:00:00,16.3,126.0
2024-02-11 16:00:00,13.9,22.0
2024-02-11 17:00:00,12.2,6.0
2024-02-11 18:00:00,7.9,0.0
2024-02-11 19:00:00,8.0,0.0
2024-02-11 20:00:00,9.0,0.0
2024-02-11 21:00:00,10.1,0.0
2024-02-11 22:00:00,4.4,0.0
2024-02-11 23:00:00,6.4,0.0
2024-02-12 00:00:00,5.2,0.0
2024-02-12 01:00:00,6.4,0.0
2024-02-12 02:00:00,6.8,0.0
2024-02-12 03:00:00,6.5,0.0
2024-02-12 04:00:00,6.2,0.0
2024-02-12 05:00:00,7.1,0.0
2024-02-12 06:00:00,7.4,0.0
2024-02-12 07:00:00,6.9,24.0
2024-02-12 08:00:00,4.7,141.0
2024-02-12 09:00:00,6.6,315.0
2024-02-12 10:00:00,6.4,449.0
2024-02-12 11:00:00,4.2,539.0
2024-02-12 12:00:00,4.3,550.0
2024-02-12 13:00:00,3.6,482.0
2024-02-12 14:00:00,1.4,279.0
2024-02-12 15:00:00,5.1,252.0
2024-02-12 16:00:00,7.2,131.0
2024-02-12 17:00:00,7.3,12.0
2024-02-12 18:00:00,6.0,0.0
2024-02-12 19:00:00,2.6,0.0
2024-02-12 20:00:00,2.9,0.0
2024-02-12 21:00:00,8.4,0.0
2024-02-12 22:00:00,5.9,0.0
2024-02-12 23:00:00,7.4,0.0
2024-02-13 00:00:00,7.6,0.0
2024-02-13 01:00:00,7.2,0.0
2024-02-13 02:00:00,7.3,0.0
2024-02-13 03:00:00,7.4,0.0
2024-02-13 04:00:00,7.3,0.0
2024-02-13 05:00:00,7.7,0.0
2024-02-13 06:00:00,10.1,0.0
2024-02-13 07:00:00,10.9,22.0
2024-02-13 08:00:00,12.6,142.0
2024-02-13 09:00:00,12.2,335.0
2024-02-13 10:00:00,12.7,462.0
2024-02-13 11:00:00,13.5,545.0
2024-02-13 12:00:00,14.6,558.0
2024-02-13 13:00:00,15.1,518.0
2024-02-13 14:00:00,16.0,401.0
2024-02-13 15:00:00,16.9,305.0
2024-02-13 16:00:00,16.2,145.0
2024-02-13 17:00:00,16.3,17.0
2024-02-13 18:00:00,14.8,0.0
2024-02-13 19:00:00,12.3,0.0
2024-02-13 20:00:00,10.9,0.0
2024-02-13 21:00:00,10.2,0.0
2024-02-13 22:00:00,9.9,0.0
2024-02-13 23:00:00,9.7,0.0
2024-02-14 00:00:00,8.4,0.0
2024-02-14 01:00:00,8.5,0.0
2024-02-14 02:00:00,8.8,0.0
2024-02-14 03:00:00,8.9,0.0
2024-02-14 04:00:00,8.4,0.0
2024-02-14 05:00:00,7.4,0.0
2024-02-14 06:00:00,6.9,0.0
2024-02-14 07:00:00,8.2,35.0
2024-02-14 08:00:00,5.2,186.0
2024-02-14 09:00:00,4.5,344.0
2024-02-14 10:00:00,4.5,475.0
2024-02-14 11:00:00,4.8,564.0
2024-02-14 12:00:00,6.2,587.0
2024-02-14 13:00:00,12.9,549.0
2024-02-14 14:00:00,13.4,457.0
2024-02-14 15:00:00,11.4,318.0
2024-02-14 16:00:00,8.9,152.0
2024-02-14 17:00:00,10.5,18.0
2024-02-14 18:00:00,7.8,0.0
2024-02-14 19:00:00,7.3,0.0
2024-02-14 20:00:00,8.7,0.0
2024-02-14 21:00:00,5.9,0.0
2024-02-14 22:00:00,6.6,0.0
2024-02-14 23:00:00,4.4,0.0
2024-02-15 00:00:00,4.3,0.0
2024-02-15 01:00:00,5.2,0.0
2024-02-15 02:00:00,6.5,0.0
2024-02-15 03:00:00,6.8,0.0
2024-02-15 04:00:00,7.9,0.0
2024-02-15 05:00:00,7.6,0.0
2024-02-15 06:00:00,7.4,0.0
2024-02-15 07:00:00,8.9,37.0
2024-02-15 08:00:00,8.0,189.0
2024-02-15 09:00:00,7.2,352.0
2024-02-15 10:00:00,5.9,482.0
2024-02-15 11:00:00,4.0,563.0
2024-02-15 12:00:00,2.2,586.0
2024-02-15 13:00:00,2.5,550.0
2024-02-15 14:00:00,3.1,458.0
2024-02-15 15:00:00,3.6,317.0
2024-02-15 16:00:00,6.0,152.0
2024-02-15 17:00:00,7.2,20.0
2024-02-15 18:00:00,6.6,0.0
2024-02-15 19:00:00,5.8,0.0
2024-02-15 20:00:00,2.1,0.0
2024-02-15 21:00:00,2.6,0.0
2024-02-15 22:00:00,4.8,0.0
2024-02-15 23:00:00,7.1,0.0
2024-02-16 00:00:00,8.1,0.0
2024-02-16 01:00:00,5.5,0.0
2024-02-16 02:00:00,5.9,0.0
2024-02-16 03:00:00,6.5,0.0
2024-02-16 04:00:00,5.2,0.0
2024-02-16 05:00:00,6.1,0.0
2024-02-16 06:00:00,6.0,0.0
2024-02-16 07:00:00,7.7,34.0
2024-02-16 08:00:00,7.2,155.0
2024-02-16 09:00:00,7.4,244.0
2024-02-16 10:00:00,8.2,307.0
2024-02-16 11:00:00,7.8,406.0
2024-02-16 12:00:00,6.1,425.0
2024-02-16 13:00:00,5.1,391.0
2024-02-16 14:00:00,3.6,218.0
2024-02-16 15:00:00,3.2,179.0
2024-02-16 16:00:00,3.8,82.0
2024-02-16 17:00:00,2.9,14.0
2024-02-16 18:00:00,2.1,0.0
2024-02-16 19:00:00,1.8,0.0
2024-02-16 20:00:00,1.8,0.0
2024-02-16 21:00:00,4.3,0.0
2024-02-16 22:00:00,5.8,0.0
2024-02-16 23:00:00,7.0,0.0
2024-02-17 00:00:00,5.4,0.0
2024-02-17 01:00:00,5.2,0.0
2024-02-17 02:00:00,6.7,0.0
2024-02-17 03:00:00,6.7,0.0
2024-02-17 04:00:00,6.9,0.0
2024-02-17 05:00:00,6.4,0.0
2024-02-17 06:00:00,6.4,0.0
2024-02-17 07:00:00,7.8,41.0
2024-02-17 08:00:00,7.3,194.0
2024-02-17 09:00:00,6.6,357.0
2024-02-17 10:00:00,4.7,487.0
2024-02-17 11:00:00,2.3,566.0
2024-02-17 12:00:00,4.0,590.0
2024-02-17 13:00:00,3.1,552.0
2024-02-17 14:00:00,5.3,461.0
2024-02-17 15:00:00,6.4,323.0
2024-02-17 16:00:00,7.2,159.0
2024-02-17 17:00:00,7.8,22.0
2024-02-17 18:00:00,6.2,0.0
2024-02-17 19:00:00,7.7,0.0
2024-02-17 20:00:00,5.2,0.0
2024-02-17 21:00:00,1.8,0.0
2024-02-17 22:00:00,6.4,0.0
2024-02-17 23:00:00,8.9,0.0
2024-02-18 00:00:00,6.9,0.0
2024-02-18 01:00:00,6.4,0.0
2024-02-18 02:00:00,5.0,0.0
2024-02-18 03:00:00,5.7,0.0
2024-02-18 04:00:00,6.2,0.0
2024-02-18 05:00:00,5.2,0.0
2024-02-18 06:00:00,6.2,0.0
2024-02-18 07:00:00,7.6,43.0
2024-02-18 08:00:00,7.9,196.0
2024-02-18 09:00:00,6.3,355.0
2024-02-18 10:00:00,5.0,483.0
2024-02-18 11:00:00,3.3,561.0
2024-02-18 12:00:00,3.6,585.0
2024-02-18 13:00:00,3.2,553.0
2024-02-18 14:00:00,5.2,464.0
2024-02-18 15:00:00,8.0,326.0
2024-02-18 16:00:00,10.3,161.0
2024-02-18 17:00:00,9.7,24.0
2024-02-18 18:00:00,6.6,0.0
2024-02-18 19:00:00,6.6,0.0
2024-02-18 20:00:00,6.5,0.0
2024-02-18 21:00:00,6.5,0.0
2024-02-18 22:00:00,4.7,0.0
2024-02-18 23:00:00,4.0,0.0
2024-02-19 00:00:00,3.6,0.0
2024-02-19 01:00:00,4.6,0.0
2024-02-19 02:00:00,5.1,0.0
2024-02-19 03:00:00,5.1,0.0
2024-02-19 04:00:00,4.2,0.0
2024-02-19 05:00:00,5.3,0.0
2024-02-19 06:00:00,6.0,0.0
2024-02-19 07:00:00,6.6,17.0
2024-02-19 08:00:00,5.8,97.0
2024-02-19 09:00:00,6.5,136.0
2024-02-19 10:00:00,4.8,337.0
2024-02-19 11:00:00,4.7,403.0
2024-02-19 12:00:00,4.7,402.0
2024-02-19 13:00:00,7.8,424.0
2024-02-19 14:00:00,8.0,343.0
2024-02-19 15:00:00,7.2,294.0
2024-02-19 16:00:00,3.2,155.0
2024-02-19 17:00:00,8.1,23.0
2024-02-19 18:00:00,7.7,0.0
2024-02-19 19:00:00,7.1,0.0
2024-02-19 20:00:00,1.0,0.0
2024-02-19 21:00:00,6.2,0.0
2024-02-19 22:00:00,3.5,0.0
2024-02-19 23:00:00,7.2,0.0
2024-02-20 00:00:00,4.7,0.0
2024-02-20 01:00:00,5.5,0.0
2024-02-20 02:00:00,9.5,0.0
2024-02-20 03:00:00,7.3,0.0
2024-02-20 04:00:00,7.9,0.0
2024-02-20 05:00:00,7.4,0.0
2024-02-20 06:00:00,8.4,0.0
2024-02-20 07:00:00,8.2,37.0
2024-02-20 08:00:00,6.5,160.0
2024-02-20 09:00:00,7.2,314.0
2024-02-20 10:00:00,5.7,438.0
2024-02-20 11:00:00,6.4,538.0
2024-02-20 12:00:00,7.6,570.0
2024-02-20 13:00:00,7.8,439.0
2024-02-20 14:00:00,9.8,266.0
2024-02-20 15:00:00,5.4,221.0
2024-02-20 16:00:00,4.7,139.0
2024-02-20 17:00:00,11.4,23.0
2024-02-20 18:00:00,6.8,0.0
2024-02-20 19:00:00,6.4,0.0
2024-02-20 20:00:00,5.6,0.0
2024-02-20 21:00:00,7.7,0.0
2024-02-20 22:00:00,7.4,0.0
2024-02-20 23:00:00,6.4,0.0
2024-02-21 00:00:00,6.0,0.0
2024-02-21 01:00:00,8.7,0.0
2024-02-21 02:00:00,8.1,0.0
2024-02-21 03:00:00,8.5,0.0
2024-02-21 04:00:00,7.7,0.0
2024-02-21 05:00:00,6.6,0.0
2024-02-21 06:00:00,7.3,0.0
2024-02-21 07:00:00,10.0,53.0
2024-02-21 08:00:00,7.4,213.0
2024-02-21 09:00:00,7.2,378.0
2024-02-21 10:00:00,5.8,509.0
2024-02-21 11:00:00,3.3,592.0
2024-02-21 12:00:00,1.3,615.0
2024-02-21 13:00:00,1.5,586.0
2024-02-21 14:00:00,5.2,492.0
2024-02-21 15:00:00,13.2,349.0
2024-02-21 16:00:00,12.7,181.0
2024-02-21 17:00:00,8.9,30.0
2024-02-21 18:00:00,7.6,0.0
2024-02-21 19:00:00,5.9,0.0
2024-02-21 20:00:00,6.0,0.0
2024-02-21 21:00:00,7.4,0.0
2024-02-21 22:00:00,2.2,0.0
2024-02-21 23:00:00,1.8,0.0
2024-02-22 00:00:00,4.4,0.0
2024-02-22 01:00:00,5.0,0.0
2024-02-22 02:00:00,5.6,0.0
2024-02-22 03:00:00,4.8,0.0
2024-02-22 04:00:00,4.6,0.0
2024-02-22 05:00:00,4.7,0.0
2024-02-22 06:00:00,6.1,0.0
2024-02-22 07:00:00,2.1,47.0
2024-02-22 08:00:00,1.5,206.0
2024-02-22 09:00:00,2.5,378.0
2024-02-22 10:00:00,13.0,368.0
2024-02-22 11:00:00,16.7,551.0
2024-02-22 12:00:00,17.1,384.0
2024-02-22 13:00:00,16.4,254.0
2024-02-22 14:00:00,16.5,279.0
2024-02-22 15:00:00,16.0,120.0
2024-02-22 16:00:00,15.3,111.0
2024-02-22 17:00:00,12.6,28.0
2024-02-22 18:00:00,12.6,0.0
2024-02-22 19:00:00,15.6,0.0
2024-02-22 20:00:00,15.6,0.0
2024-02-22 21:00:00,17.1,0.0
2024-02-22 22:00:00,18.7,0.0
2024-02-22 23:00:00,20.0,0.0
2024-02-23 00:00:00,20.1,0.0
2024-02-23 01:00:00,21.6,0.0
2024-02-23 02:00:00,22.2,0.0
2024-02-23 03:00:00,23.7,0.0
2024-02-23 04:00:00,24.3,0.0
2024-02-23 05:00:00,24.0,0.0
2024-02-23 06:00:00,24.4,0.0
2024-02-23 07:00:00,24.6,38.0
2024-02-23 08:00:00,26.3,71.0
2024-02-23 09:00:00,29.8,115.0
2024-02-23 10:00:00,29.5,158.0
2024-02-23 11:00:00,29.7,123.0
2024-02-23 12:00:00,30.9,208.0
2024-02-23 13:00:00,34.9,206.0
2024-02-23 14:00:00,32.7,198.0
2024-02-23 15:00:00,36.0,85.0
2024-02-23 16:00:00,33.6,16.0
2024-02-23 17:00:00,28.0,2.0
2024-02-23 18:00:00,21.6,0.0
2024-02-23 19:00:00,17.3,0.0
2024-02-23 20:00:00,14.1,0.0
2024-02-23 21:00:00,9.4,0.0
2024-02-23 22:00:00,8.0,0.0
2024-02-23 23:00:00,7.6,0.0
2024-02-24 00:00:00,9.5,0.0
2024-02-24 01:00:00,6.8,0.0
2024-02-24 02:00:00,6.4,0.0
2024-02-24 03:00:00,6.6,0.0
2024-02-24 04:00:00,7.7,0.0
2024-02-24 05:00:00,8.5,0.0
2024-02-24 06:00:00,7.1,0.0
2024-02-24 07:00:00,7.1,55.0
2024-02-24 08:00:00,6.8,165.0
2024-02-24 09:00:00,7.8,305.0
2024-02-24 10:00:00,12.0,440.0
2024-02-24 11:00:00,10.8,549.0
2024-02-24 12:00:00,14.7,604.0
2024-02-24 13:00:00,15.6,496.0
2024-02-24 14:00:00,12.9,357.0
2024-02-24 15:00:00,12.1,300.0
2024-02-24 16:00:00,12.4,152.0
2024-02-24 17:00:00,10.0,25.0
2024-02-24 18:00:00,8.7,0.0
2024-02-24 19:00:00,8.0,0.0
2024-02-24 20:00:00,8.7,0.0
2024-02-24 21:00:00,9.8,0.0
2024-02-24 22:00:00,7.4,0.0
2024-02-24 23:00:00,8.0,0.0
2024-02-25 00:00:00,7.7,0.0
2024-02-25 01:00:00,5.8,0.0
2024-02-25 02:00:00,6.6,0.0
2024-02-25 03:00:00,5.2,0.0
2024-02-25 04:00:00,7.1,0.0
2024-02-25 05:00:00,5.9,0.0
2024-02-25 06:00:00,2.9,0.0
2024-02-25 07:00:00,9.1,41.0
2024-02-25 08:00:00,5.8,209.0
2024-02-25 09:00:00,7.1,385.0
2024-02-25 10:00:00,5.3,509.0
2024-02-25 11:00:00,4.7,585.0
2024-02-25 12:00:00,3.4,552.0
2024-02-25 13:00:00,5.9,539.0
2024-02-25 14:00:00,7.1,453.0
2024-02-25 15:00:00,9.4,317.0
2024-02-25 16:00:00,6.8,166.0
2024-02-25 17:00:00,9.7,33.0
2024-02-25 18:00:00,11.8,0.0
2024-02-25 19:00:00,6.4,0.0
2024-02-25 20:00:00,5.4,0.0
2024-02-25 21:00:00,2.4,0.0
2024-02-25 22:00:00,4.5,0.0
2024-02-25 23:00:00,5.9,0.0
2024-02-26 00:00:00,1.5,0.0
2024-02-26 01:00:00,3.7,0.0
2024-02-26 02:00:00,5.6,0.0
2024-02-26 03:00:00,4.9,0.0
2024-02-26 04:00:00,6.1,0.0
2024-02-26 05:00:00,5.4,0.0
2024-02-26 06:00:00,5.3,0.0
2024-02-26 07:00:00,2.9,58.0
2024-02-26 08:00:00,3.6,174.0
2024-02-26 09:00:00,2.9,250.0
2024-02-26 10:00:00,12.3,242.0
2024-02-26 11:00:00,18.0,306.0
2024-02-26 12:00:00,18.2,177.0
2024-02-26 13:00:00,17.1,201.0
2024-02-26 14:00:00,17.9,100.0
2024-02-26 15:00:00,18.4,175.0
2024-02-26 16:00:00,20.3,27.0
2024-02-26 17:00:00,21.6,3.0
2024-02-26 18:00:00,22.9,0.0
2024-02-26 19:00:00,22.0,0.0
2024-02-26 20:00:00,24.0,0.0
2024-02-26 21:00:00,24.5,0.0
2024-02-26 22:00:00,23.1,0.0
2024-02-26 23:00:00,23.2,0.0
2024-02-27 00:00:00,25.0,0.0
2024-02-27 01:00:00,22.9,0.0
2024-02-27 02:00:00,21.1,0.0
2024-02-27 03:00:00,21.7,0.0
2024-02-27 04:00:00,20.1,0.0
2024-02-27 05:00:00,20.0,0.0
2024-02-27 06:00:00,20.2,0.0
2024-02-27 07:00:00,19.1,23.0
2024-02-27 08:00:00,20.6,147.0
2024-02-27 09:00:00,19.0,324.0
2024-02-27 10:00:00,18.8,299.0
2024-02-27 11:00:00,19.1,383.0
2024-02-27 12:00:00,13.5,341.0
2024-02-27 13:00:00,18.5,279.0
2024-02-27 14:00:00,23.1,114.0
2024-02-27 15:00:00,15.1,122.0
2024-02-27 16:00:00,17.9,111.0
2024-02-27 17:00:00,18.3,16.0
2024-02-27 18:00:00,12.4,0.0
2024-02-27 19:00:00,5.4,0.0
2024-02-27 20:00:00,8.3,0.0
2024-02-27 21:00:00,6.4,0.0
2024-02-27 22:00:00,7.3,0.0
2024-02-27 23:00:00,14.6,0.0
2024-02-28 00:00:00,14.3,0.0
2024-02-28 01:00:00,10.9,0.0
2024-02-28 02:00:00,4.5,0.0
2024-02-28 03:00:00,6.8,0.0
2024-02-28 04:00:00,11.2,0.0
2024-02-28 05:00:00,10.2,0.0
2024-02-28 06:00:00,6.3,0.0
2024-02-28 07:00:00,8.3,18.0
2024-02-28 08:00:00,9.8,90.0
2024-02-28 09:00:00,10.5,173.0
2024-02-28 10:00:00,11.6,165.0
2024-02-28 11:00:00,15.2,411.0
2024-02-28 12:00:00,16.3,468.0
2024-02-28 13:00:00,11.7,297.0
2024-02-28 14:00:00,8.4,336.0
2024-02-28 15:00:00,12.0,220.0
2024-02-28 16:00:00,16.0,132.0
2024-02-28 17:00:00,10.2,35.0
2024-02-28 18:00:00,8.4,0.0
2024-02-28 19:00:00,5.0,0.0
2024-02-28 20:00:00,6.5,0.0
2024-02-28 21:00:00,18.0,0.0
2024-02-28 22:00:00,10.7,0.0
2024-02-28 23:00:00,13.1,0.0
2024-02-29 00:00:00,10.0,0.0
2024-02-29 01:00:00,4.6,0.0
2024-02-29 02:00:00,3.7,0.0
2024-02-29 03:00:00,5.9,0.0
2024-02-29 04:00:00,5.9,0.0
2024-02-29 05:00:00,5.9,0.0
2024-02-29 06:00:00,6.6,0.0
2024-02-29 07:00:00,7.0,16.0
2024-02-29 08:00:00,6.9,110.0
2024-02-29 09:00:00,3.7,113.0
2024-02-29 10:00:00,4.7,160.0
2024-02-29 11:00:00,5.3,249.0
2024-02-29 12:00:00,7.8,382.0
2024-02-29 13:00:00,7.4,424.0
2024-02-29 14:00:00,4.4,341.0
2024-02-29 15:00:00,4.6,253.0
2024-02-29 16:00:00,2.4,169.0
2024-02-29 17:00:00,4.0,36.0
2024-02-29 18:00:00,3.5,0.0
2024-02-29 19:00:00,6.3,0.0
2024-02-29 20:00:00,4.8,0.0
2024-02-29 21:00:00,1.1,0.0
2024-02-29 22:00:00,2.2,0.0
2024-02-29 23:00:00,3.1,0.0
2024-03-01 00:00:00,4.2,0.0
2024-03-01 01:00:00,5.9,0.0
2024-03-01 02:00:00,3.6,0.0
2024-03-01 03:00:00,5.1,0.0
2024-03-01 04:00:00,4.8,0.0
2024-03-01 05:00:00,6.2,0.0
2024-03-01 06:00:00,6.6,1.0
2024-03-01 07:00:00,8.2,48.0
2024-03-01 08:00:00,7.5,166.0
2024-03-01 09:00:00,10.2,234.0
2024-03-01 10:00:00,12.4,323.0
2024-03-01 11:00:00,15.3,440.0
2024-03-01 12:00:00,20.1,358.0
2024-03-01 13:00:00,14.6,370.0
2024-03-01 14:00:00,14.7,386.0
2024-03-01 15:00:00,17.0,239.0
2024-03-01 16:00:00,12.9,112.0
2024-03-01 17:00:00,9.7,39.0
2024-03-01 18:00:00,7.2,0.0
2024-03-01 19:00:00,7.6,0.0
2024-03-01 20:00:00,9.2,0.0
2024-03-01 21:00:00,6.1,0.0
2024-03-01 22:00:00,8.2,0.0
2024-03-01 23:00:00,9.7,0.0
2024-03-02 00:00:00,10.6,0.0
2024-03-02 01:00:00,11.0,0.0
2024-03-02 02:00:00,10.0,0.0
2024-03-02 03:00:00,9.5,0.0
2024-03-02 04:00:00,5.6,0.0
2024-03-02 05:00:00,6.8,0.0
2024-03-02 06:00:00,6.2,1.0
2024-03-02 07:00:00,7.4,46.0
2024-03-02 08:00:00,2.9,164.0
2024-03-02 09:00:00,5.4,195.0
2024-03-02 10:00:00,5.4,308.0
2024-03-02 11:00:00,5.5,494.0
2024-03-02 12:00:00,4.0,296.0
2024-03-02 13:00:00,9.9,255.0
2024-03-02 14:00:00,6.2,395.0
2024-03-02 15:00:00,9.1,276.0
2024-03-02 16:00:00,10.5,153.0
2024-03-02 17:00:00,10.1,48.0
2024-03-02 18:00:00,10.6,0.0
2024-03-02 19:00:00,10.7,0.0
2024-03-02 20:00:00,9.0,0.0
2024-03-02 21:00:00,9.9,0.0
2024-03-02 22:00:00,8.7,0.0
2024-03-02 23:00:00,9.8,0.0
2024-03-03 00:00:00,9.9,0.0
2024-03-03 01:00:00,8.9,0.0
2024-03-03 02:00:00,9.0,0.0
2024-03-03 03:00:00,10.4,0.0
2024-03-03 04:00:00,9.4,0.0
2024-03-03 05:00:00,8.4,0.0
2024-03-03 06:00:00,7.6,2.0
2024-03-03 07:00:00,12.1,83.0
2024-03-03 08:00:00,13.2,261.0
2024-03-03 09:00:00,23.6,403.0
2024-03-03 10:00:00,24.5,516.0
2024-03-03 11:00:00,25.3,541.0
2024-03-03 12:00:00,26.8,557.0
2024-03-03 13:00:00,26.7,430.0
2024-03-03 14:00:00,27.6,403.0
2024-03-03 15:00:00,26.1,312.0
2024-03-03 16:00:00,24.7,106.0
2024-03-03 17:00:00,25.6,32.0
2024-03-03 18:00:00,25.3,0.0
2024-03-03 19:00:00,24.3,0.0
2024-03-03 20:00:00,20.5,0.0
2024-03-03 21:00:00,19.2,0.0
2024-03-03 22:00:00,16.6,0.0
2024-03-03 23:00:00,11.9,0.0
2024-03-04 00:00:00,8.3,0.0
2024-03-04 01:00:00,5.9,0.0
2024-03-04 02:00:00,7.0,0.0
2024-03-04 03:00:00,9.0,0.0
2024-03-04 04:00:00,11.3,0.0
2024-03-04 05:00:00,4.9,0.0
2024-03-04 06:00:00,8.4,2.0
2024-03-04 07:00:00,6.2,57.0
2024-03-04 08:00:00,5.4,202.0
2024-03-04 09:00:00,5.9,358.0
2024-03-04 10:00:00,3.8,540.0
2024-03-04 11:00:00,1.4,553.0
2024-03-04 12:00:00,5.1,610.0
2024-03-04 13:00:00,6.1,408.0
2024-03-04 14:00:00,4.9,332.0
2024-03-04 15:00:00,4.3,259.0
2024-03-04 16:00:00,10.9,159.0
2024-03-04 17:00:00,9.2,33.0
2024-03-04 18:00:00,8.7,0.0
2024-03-04 19:00:00,6.1,0.0
2024-03-04 20:00:00,5.4,0.0
2024-03-04 21:00:00,5.4,0.0
2024-03-04 22:00:00,3.3,0.0
2024-03-04 23:00:00,1.0,0.0
2024-03-05 00:00:00,3.8,0.0
2024-03-05 01:00:00,13.6,0.0
2024-03-05 02:00:00,13.8,0.0
2024-03-05 03:00:00,8.7,0.0
2024-03-05 04:00:00,5.6,0.0
2024-03-05 05:00:00,6.7,0.0
2024-03-05 06:00:00,7.9,4.0
2024-03-05 07:00:00,10.1,104.0
2024-03-05 08:00:00,6.2,280.0
2024-03-05 09:00:00,1.1,449.0
2024-03-05 10:00:00,3.8,583.0
2024-03-05 11:00:00,4.8,634.0
2024-03-05 12:00:00,3.9,594.0
2024-03-05 13:00:00,7.2,542.0
2024-03-05 14:00:00,13.9,459.0
2024-03-05 15:00:00,13.7,337.0
2024-03-05 16:00:00,10.8,181.0
2024-03-05 17:00:00,5.8,44.0
2024-03-05 18:00:00,6.3,0.0
2024-03-05 19:00:00,5.6,0.0
2024-03-05 20:00:00,4.8,0.0
2024-03-05 21:00:00,4.5,0.0
2024-03-05 22:00:00,4.3,0.0
2024-03-05 23:00:00,1.8,0.0
2024-03-06 00:00:00,1.6,0.0
2024-03-06 01:00:00,4.1,0.0
2024-03-06 02:00:00,6.1,0.0
2024-03-06 03:00:00,4.9,0.0
2024-03-06 04:00:00,3.1,0.0
2024-03-06 05:00:00,2.4,0.0
2024-03-06 06:00:00,1.3,3.0
2024-03-06 07:00:00,3.3,66.0
2024-03-06 08:00:00,5.2,244.0
2024-03-06 09:00:00,11.3,390.0
2024-03-06 10:00:00,18.3,390.0
2024-03-06 11:00:00,19.5,520.0
2024-03-06 12:00:00,18.8,563.0
2024-03-06 13:00:00,18.3,530.0
2024-03-06 14:00:00,18.0,431.0
2024-03-06 15:00:00,14.2,328.0
2024-03-06 16:00:00,12.4,219.0
2024-03-06 17:00:00,10.7,56.0
2024-03-06 18:00:00,9.2,0.0
2024-03-06 19:00:00,6.8,0.0
2024-03-06 20:00:00,8.3,0.0
2024-03-06 21:00:00,3.4,0.0
2024-03-06 22:00:00,3.8,0.0
2024-03-06 23:00:00,4.7,0.0
2024-03-07 00:00:00,4.0,0.0
2024-03-07 01:00:00,4.9,0.0
2024-03-07 02:00:00,0.0,0.0
2024-03-07 03:00:00,4.0,0.0
2024-03-07 04:00:00,6.5,0.0
2024-03-07 05:00:00,5.9,0.0
2024-03-07 06:00:00,5.9,5.0
2024-03-07 07:00:00,8.1,113.0
2024-03-07 08:00:00,8.5,293.0
2024-03-07 09:00:00,8.0,462.0
2024-03-07 10:00:00,9.4,599.0
2024-03-07 11:00:00,10.2,675.0
2024-03-07 12:00:00,11.3,625.0
2024-03-07 13:00:00,11.6,486.0
2024-03-07 14:00:00,10.9,422.0
2024-03-07 15:00:00,7.1,320.0
2024-03-07 16:00:00,3.6,194.0
2024-03-07 17:00:00,11.8,58.0
2024-03-07 18:00:00,6.9,0.0
2024-03-07 19:00:00,1.3,0.0
2024-03-07 20:00:00,6.8,0.0
2024-03-07 21:00:00,7.2,0.0
2024-03-07 22:00:00,4.3,0.0
2024-03-07 23:00:00,3.7,0.0
2024-03-08 00:00:00,6.1,0.0
2024-03-08 01:00:00,4.3,0.0
2024-03-08 02:00:00,4.8,0.0
2024-03-08 03:00:00,4.5,0.0
2024-03-08 04:00:00,5.0,0.0
2024-03-08 05:00:00,5.8,0.0
2024-03-08 06:00:00,5.8,6.0
2024-03-08 07:00:00,6.7,119.0
2024-03-08 08:00:00,5.8,298.0
2024-03-08 09:00:00,2.3,464.0
2024-03-08 10:00:00,7.1,580.0
2024-03-08 11:00:00,9.4,558.0
2024-03-08 12:00:00,10.8,550.0
2024-03-08 13:00:00,9.4,405.0
2024-03-08 14:00:00,12.0,271.0
2024-03-08 15:00:00,19.3,213.0
2024-03-08 16:00:00,14.1,100.0
2024-03-08 17:00:00,9.2,29.0
2024-03-08 18:00:00,15.5,0.0
2024-03-08 19:00:00,18.5,0.0
2024-03-08 20:00:00,7.2,0.0
2024-03-08 21:00:00,7.6,0.0
2024-03-08 22:00:00,12.0,0.0
2024-03-08 23:00:00,12.3,0.0
2024-03-09 00:00:00,13.0,0.0
2024-03-09 01:00:00,5.5,0.0
2024-03-09 02:00:00,9.8,0.0
2024-03-09 03:00:00,10.0,0.0
2024-03-09 04:00:00,8.8,0.0
2024-03-09 05:00:00,11.8,0.0
2024-03-09 06:00:00,11.4,1.0
2024-03-09 07:00:00,10.3,15.0
2024-03-09 08:00:00,10.5,87.0
2024-03-09 09:00:00,6.8,111.0
2024-03-09 10:00:00,4.0,90.0
2024-03-09 11:00:00,2.9,160.0
2024-03-09 12:00:00,10.5,290.0
2024-03-09 13:00:00,19.8,485.0
2024-03-09 14:00:00,19.7,291.0
2024-03-09 15:00:00,20.9,276.0
2024-03-09 16:00:00,15.7,171.0
2024-03-09 17:00:00,12.6,51.0
2024-03-09 18:00:00,10.4,0.0
2024-03-09 19:00:00,9.6,0.0
2024-03-09 20:00:00,11.1,0.0
2024-03-09 21:00:00,9.8,0.0
2024-03-09 22:00:00,13.0,0.0
2024-03-09 23:00:00,10.7,0.0
2024-03-10 00:00:00,11.3,0.0
2024-03-10 01:00:00,10.5,0.0
2024-03-10 02:00:00,13.5,0.0
2024-03-10 03:00:00,23.5,0.0
2024-03-10 04:00:00,18.0,0.0
2024-03-10 05:00:00,19.5,0.0
2024-03-10 06:00:00,21.8,3.0
2024-03-10 07:00:00,22.5,38.0
2024-03-10 08:00:00,25.5,70.0
2024-03-10 09:00:00,31.2,150.0
2024-03-10 10:00:00,30.0,198.0
2024-03-10 11:00:00,27.3,245.0
2024-03-10 12:00:00,31.5,339.0
2024-03-10 13:00:00,27.4,172.0
2024-03-10 14:00:00,24.5,82.0
2024-03-10 15:00:00,15.0,61.0
2024-03-10 16:00:00,11.8,35.0
2024-03-10 17:00:00,8.2,14.0
2024-03-10 18:00:00,8.8,0.0
2024-03-10 19:00:00,7.0,0.0
2024-03-10 20:00:00,6.3,0.0
2024-03-10 21:00:00,4.3,0.0
2024-03-10 22:00:00,4.0,0.0
2024-03-10 23:00:00,3.6,0.0
2024-03-11 00:00:00,4.2,0.0
2024-03-11 01:00:00,5.1,0.0
2024-03-11 02:00:00,4.3,0.0
2024-03-11 03:00:00,7.9,0.0
2024-03-11 04:00:00,9.1,0.0
2024-03-11 05:00:00,7.6,0.0
2024-03-11 06:00:00,3.3,7.0
2024-03-11 07:00:00,4.0,118.0
2024-03-11 08:00:00,2.8,270.0
2024-03-11 09:00:00,6.1,470.0
2024-03-11 10:00:00,11.5,524.0
2024-03-11 11:00:00,15.2,483.0
2024-03-11 12:00:00,16.4,255.0
2024-03-11 13:00:00,16.6,360.0
2024-03-11 14:00:00,16.8,267.0
2024-03-11 15:00:00,11.3,156.0
2024-03-11 16:00:00,9.0,127.0
2024-03-11 17:00:00,6.8,41.0
2024-03-11 18:00:00,8.4,0.0
2024-03-11 19:00:00,8.6,0.0
2024-03-11 20:00:00,8.6,0.0
2024-03-11 21:00:00,7.2,0.0
2024-03-11 22:00:00,9.0,0.0
2024-03-11 23:00:00,3.9,0.0
2024-03-12 00:00:00,7.2,0.0
2024-03-12 01:00:00,2.4,0.0
2024-03-12 02:00:00,1.0,0.0
2024-03-12 03:00:00,4.3,0.0
2024-03-12 04:00:00,4.8,0.0
2024-03-12 05:00:00,7.6,0.0
2024-03-12 06:00:00,4.3,10.0
2024-03-12 07:00:00,4.1,98.0
2024-03-12 08:00:00,3.5,242.0
2024-03-12 09:00:00,8.3,471.0
2024-03-12 10:00:00,12.1,499.0
2024-03-12 11:00:00,10.9,605.0
2024-03-12 12:00:00,10.2,635.0
2024-03-12 13:00:00,9.6,619.0
2024-03-12 14:00:00,10.0,481.0
2024-03-12 15:00:00,8.5,399.0
2024-03-12 16:00:00,5.0,221.0
2024-03-12 17:00:00,8.3,70.0
2024-03-12 18:00:00,10.2,1.0
2024-03-12 19:00:00,7.3,0.0
2024-03-12 20:00:00,2.3,0.0
2024-03-12 21:00:00,2.7,0.0
2024-03-12 22:00:00,2.9,0.0
2024-03-12 23:00:00,4.1,0.0
2024-03-13 00:00:00,6.5,0.0
2024-03-13 01:00:00,4.8,0.0
2024-03-13 02:00:00,3.8,0.0
2024-03-13 03:00:00,3.7,0.0
2024-03-13 04:00:00,4.3,0.0
2024-03-13 05:00:00,5.7,0.0
2024-03-13 06:00:00,7.7,12.0
2024-03-13 07:00:00,5.9,134.0
2024-03-13 08:00:00,5.2,303.0
2024-03-13 09:00:00,4.9,400.0
2024-03-13 10:00:00,4.3,510.0
2024-03-13 11:00:00,3.4,595.0
2024-03-13 12:00:00,2.5,498.0
2024-03-13 13:00:00,4.5,616.0
2024-03-13 14:00:00,6.6,424.0
2024-03-13 15:00:00,13.4,248.0
2024-03-13 16:00:00,8.0,152.0
2024-03-13 17:00:00,7.9,60.0
2024-03-13 18:00:00,5.8,1.0
2024-03-13 19:00:00,4.3,0.0
2024-03-13 20:00:00,4.7,0.0
2024-03-13 21:00:00,4.6,0.0
2024-03-13 22:00:00,6.6,0.0
2024-03-13 23:00:00,6.6,0.0
2024-03-14 00:00:00,7.1,0.0
2024-03-14 01:00:00,3.6,0.0
2024-03-14 02:00:00,5.4,0.0
2024-03-14 03:00:00,5.0,0.0
2024-03-14 04:00:00,5.9,0.0
2024-03-14 05:00:00,5.7,0.0
2024-03-14 06:00:00,4.4,14.0
2024-03-14 07:00:00,6.6,145.0
2024-03-14 08:00:00,6.2,328.0
2024-03-14 09:00:00,4.1,498.0
2024-03-14 10:00:00,2.4,628.0
2024-03-14 11:00:00,4.5,707.0
2024-03-14 12:00:00,7.8,703.0
2024-03-14 13:00:00,9.1,649.0
2024-03-14 14:00:00,10.7,534.0
2024-03-14 15:00:00,12.8,401.0
2024-03-14 16:00:00,11.2,228.0
2024-03-14 17:00:00,11.7,84.0
2024-03-14 18:00:00,12.1,1.0
2024-03-14 19:00:00,5.7,0.0
2024-03-14 20:00:00,4.6,0.0
2024-03-14 21:00:00,5.5,0.0
2024-03-14 22:00:00,6.8,0.0
2024-03-14 23:00:00,6.1,0.0
2024-03-15 00:00:00,5.2,0.0
2024-03-15 01:00:00,6.0,0.0
2024-03-15 02:00:00,6.6,0.0
2024-03-15 03:00:00,4.9,0.0
2024-03-15 04:00:00,4.8,0.0
2024-03-15 05:00:00,4.0,0.0
2024-03-15 06:00:00,4.3,15.0
2024-03-15 07:00:00,5.7,137.0
2024-03-15 08:00:00,5.6,298.0
2024-03-15 09:00:00,4.4,457.0
2024-03-15 10:00:00,2.7,551.0
2024-03-15 11:00:00,3.4,644.0
2024-03-15 12:00:00,4.8,600.0
2024-03-15 13:00:00,6.9,595.0
2024-03-15 14:00:00,12.2,450.0
2024-03-15 15:00:00,14.6,309.0
2024-03-15 16:00:00,12.2,175.0
2024-03-15 17:00:00,8.9,56.0
2024-03-15 18:00:00,5.0,1.0
2024-03-15 19:00:00,5.4,0.0
2024-03-15 20:00:00,5.1,0.0
2024-03-15 21:00:00,5.4,0.0
2024-03-15 22:00:00,4.0,0.0
2024-03-15 23:00:00,5.4,0.0
2024-03-16 00:00:00,6.0,0.0
2024-03-16 01:00:00,4.6,0.0
2024-03-16 02:00:00,5.6,0.0
2024-03-16 03:00:00,4.1,0.0
2024-03-16 04:00:00,5.3,0.0
2024-03-16 05:00:00,5.7,0.0
2024-03-16 06:00:00,4.2,15.0
2024-03-16 07:00:00,7.4,112.0
2024-03-16 08:00:00,4.8,253.0
2024-03-16 09:00:00,3.2,452.0
2024-03-16 10:00:00,0.4,563.0
2024-03-16 11:00:00,1.8,584.0
2024-03-16 12:00:00,2.2,611.0
2024-03-16 13:00:00,4.7,432.0
2024-03-16 14:00:00,5.3,348.0
2024-03-16 15:00:00,6.1,330.0
2024-03-16 16:00:00,6.2,195.0
2024-03-16 17:00:00,7.0,64.0
2024-03-16 18:00:00,9.4,2.0
2024-03-16 19:00:00,6.4,0.0
2024-03-16 20:00:00,4.0,0.0
2024-03-16 21:00:00,4.4,0.0
2024-03-16 22:00:00,3.0,0.0
2024-03-16 23:00:00,4.9,0.0
2024-03-17 00:00:00,6.6,0.0
2024-03-17 01:00:00,6.8,0.0
2024-03-17 02:00:00,6.6,0.0
2024-03-17 03:00:00,5.8,0.0
2024-03-17 04:00:00,3.4,0.0
2024-03-17 05:00:00,3.9,0.0
2024-03-17 06:00:00,5.5,18.0
2024-03-17 07:00:00,3.6,150.0
2024-03-17 08:00:00,4.9,315.0
2024-03-17 09:00:00,4.7,498.0
2024-03-17 10:00:00,3.3,619.0
2024-03-17 11:00:00,3.3,709.0
2024-03-17 12:00:00,3.7,667.0
2024-03-17 13:00:00,6.0,575.0
2024-03-17 14:00:00,10.9,479.0
2024-03-17 15:00:00,13.7,315.0
2024-03-17 16:00:00,12.9,169.0
2024-03-17 17:00:00,10.8,54.0
2024-03-17 18:00:00,9.4,2.0
2024-03-17 19:00:00,8.4,0.0
2024-03-17 20:00:00,7.3,0.0
2024-03-17 21:00:00,5.8,0.0
2024-03-17 22:00:00,5.8,0.0
2024-03-17 23:00:00,7.6,0.0
2024-03-18 00:00:00,6.9,0.0
2024-03-18 01:00:00,5.5,0.0
2024-03-18 02:00:00,5.8,0.0
2024-03-18 03:00:00,7.2,0.0
2024-03-18 04:00:00,7.0,0.0
2024-03-18 05:00:00,5.9,0.0
2024-03-18 06:00:00,3.0,12.0
2024-03-18 07:00:00,1.8,76.0
2024-03-18 08:00:00,1.1,119.0
2024-03-18 09:00:00,4.1,198.0
2024-03-18 10:00:00,13.0,155.0
2024-03-18 11:00:00,16.9,189.0
2024-03-18 12:00:00,17.1,340.0
2024-03-18 13:00:00,16.0,211.0
2024-03-18 14:00:00,13.8,265.0
2024-03-18 15:00:00,12.3,146.0
2024-03-18 16:00:00,10.8,103.0
2024-03-18 17:00:00,11.6,66.0
2024-03-18 18:00:00,11.5,2.0
2024-03-18 19:00:00,10.8,0.0
2024-03-18 20:00:00,9.5,0.0
2024-03-18 21:00:00,9.0,0.0
2024-03-18 22:00:00,7.9,0.0
2024-03-18 23:00:00,5.4,0.0
2024-03-19 00:00:00,3.4,0.0
2024-03-19 01:00:00,3.4,0.0
2024-03-19 02:00:00,4.3,0.0
2024-03-19 03:00:00,2.8,0.0
2024-03-19 04:00:00,4.9,0.0
2024-03-19 05:00:00,5.5,0.0
2024-03-19 06:00:00,9.0,18.0
2024-03-19 07:00:00,7.0,128.0
2024-03-19 08:00:00,6.2,325.0
2024-03-19 09:00:00,5.8,493.0
2024-03-19 10:00:00,2.6,643.0
2024-03-19 11:00:00,2.9,629.0
2024-03-19 12:00:00,6.6,425.0
2024-03-19 13:00:00,7.1,571.0
2024-03-19 14:00:00,8.7,487.0
2024-03-19 15:00:00,13.4,356.0
2024-03-19 16:00:00,14.5,234.0
2024-03-19 17:00:00,10.5,93.0
2024-03-19 18:00:00,7.1,3.0
2024-03-19 19:00:00,5.5,0.0
2024-03-19 20:00:00,6.6,0.0
2024-03-19 21:00:00,3.1,0.0
2024-03-19 22:00:00,3.1,0.0
2024-03-19 23:00:00,5.1,0.0
2024-03-20 00:00:00,6.1,0.0
2024-03-20 01:00:00,7.1,0.0
2024-03-20 02:00:00,7.5,0.0
2024-03-20 03:00:00,7.4,0.0
2024-03-20 04:00:00,6.7,0.0
2024-03-20 05:00:00,6.4,0.0
2024-03-20 06:00:00,8.6,25.0
2024-03-20 07:00:00,7.1,168.0
2024-03-20 08:00:00,6.5,330.0
2024-03-20 09:00:00,4.3,470.0
2024-03-20 10:00:00,2.3,652.0
2024-03-20 11:00:00,3.3,730.0
2024-03-20 12:00:00,5.2,742.0
2024-03-20 13:00:00,8.3,714.0
2024-03-20 14:00:00,14.8,614.0
2024-03-20 15:00:00,18.5,464.0
2024-03-20 16:00:00,15.8,280.0
2024-03-20 17:00:00,10.7,99.0
2024-03-20 18:00:00,8.4,4.0
2024-03-20 19:00:00,7.3,0.0
2024-03-20 20:00:00,6.0,0.0
2024-03-20 21:00:00,6.2,0.0
2024-03-20 22:00:00,2.3,0.0
2024-03-20 23:00:00,1.5,0.0
2024-03-21 00:00:00,1.8,0.0
2024-03-21 01:00:00,4.0,0.0
2024-03-21 02:00:00,5.2,0.0
2024-03-21 03:00:00,5.6,0.0
2024-03-21 04:00:00,5.5,0.0
2024-03-21 05:00:00,4.1,0.0
2024-03-21 06:00:00,6.7,24.0
2024-03-21 07:00:00,5.4,146.0
2024-03-21 08:00:00,4.2,307.0
2024-03-21 09:00:00,3.1,520.0
2024-03-21 10:00:00,1.3,657.0
2024-03-21 11:00:00,4.4,729.0
2024-03-21 12:00:00,10.1,750.0
2024-03-21 13:00:00,14.8,712.0
2024-03-21 14:00:00,15.9,610.0
2024-03-21 15:00:00,14.0,459.0
2024-03-21 16:00:00,11.3,283.0
2024-03-21 17:00:00,5.6,103.0
2024-03-21 18:00:00,6.5,4.0
2024-03-21 19:00:00,6.9,0.0
2024-03-21 20:00:00,6.9,0.0
2024-03-21 21:00:00,4.7,0.0
2024-03-21 22:00:00,4.0,0.0
2024-03-21 23:00:00,3.3,0.0
2024-03-22 00:00:00,4.0,0.0
2024-03-22 01:00:00,3.4,0.0
2024-03-22 02:00:00,6.2,0.0
2024-03-22 03:00:00,2.6,0.0
2024-03-22 04:00:00,4.8,0.0
2024-03-22 05:00:00,5.4,0.0
2024-03-22 06:00:00,3.1,30.0
2024-03-22 07:00:00,3.4,181.0
2024-03-22 08:00:00,5.2,366.0
2024-03-22 09:00:00,2.1,543.0
2024-03-22 10:00:00,3.6,663.0
2024-03-22 11:00:00,3.7,665.0
2024-03-22 12:00:00,7.6,655.0
2024-03-22 13:00:00,4.0,662.0
2024-03-22 14:00:00,3.7,558.0
2024-03-22 15:00:00,13.4,389.0
2024-03-22 16:00:00,16.5,260.0
2024-03-22 17:00:00,9.9,102.0
2024-03-22 18:00:00,7.7,4.0
2024-03-22 19:00:00,4.7,0.0
2024-03-22 20:00:00,4.4,0.0
2024-03-22 21:00:00,4.7,0.0
2024-03-22 22:00:00,5.4,0.0
2024-03-22 23:00:00,3.8,0.0
2024-03-23 00:00:00,2.9,0.0
2024-03-23 01:00:00,3.7,0.0
2024-03-23 02:00:00,6.6,0.0
2024-03-23 03:00:00,7.2,0.0
2024-03-23 04:00:00,6.3,0.0
2024-03-23 05:00:00,6.2,0.0
2024-03-23 06:00:00,5.1,32.0
2024-03-23 07:00:00,5.1,177.0
2024-03-23 08:00:00,3.3,364.0
2024-03-23 09:00:00,2.3,543.0
2024-03-23 10:00:00,5.6,678.0
2024-03-23 11:00:00,11.5,751.0
2024-03-23 12:00:00,17.6,761.0
2024-03-23 13:00:00,19.6,682.0
2024-03-23 14:00:00,18.4,618.0
2024-03-23 15:00:00,17.0,470.0
2024-03-23 16:00:00,13.4,283.0
2024-03-23 17:00:00,9.0,105.0
2024-03-23 18:00:00,9.3,5.0
2024-03-23 19:00:00,9.3,0.0
2024-03-23 20:00:00,10.4,0.0
2024-03-23 21:00:00,11.0,0.0
2024-03-23 22:00:00,9.6,0.0
2024-03-23 23:00:00,12.9,0.0
2024-03-24 00:00:00,12.9,0.0
2024-03-24 01:00:00,12.8,0.0
2024-03-24 02:00:00,13.4,0.0
2024-03-24 03:00:00,12.4,0.0
2024-03-24 04:00:00,12.3,0.0
2024-03-24 05:00:00,11.6,0.0
2024-03-24 06:00:00,11.4,28.0
2024-03-24 07:00:00,12.0,125.0
2024-03-24 08:00:00,15.6,197.0
2024-03-24 09:00:00,16.2,272.0
2024-03-24 10:00:00,15.3,362.0
2024-03-24 11:00:00,13.9,661.0
2024-03-24 12:00:00,14.7,683.0
2024-03-24 13:00:00,21.9,709.0
2024-03-24 14:00:00,18.4,550.0
2024-03-24 15:00:00,15.5,402.0
2024-03-24 16:00:00,11.5,253.0
2024-03-24 17:00:00,10.3,102.0
2024-03-24 18:00:00,11.1,6.0
2024-03-24 19:00:00,7.4,0.0
2024-03-24 20:00:00,9.7,0.0
2024-03-24 21:00:00,8.9,0.0
2024-03-24 22:00:00,7.3,0.0
2024-03-24 23:00:00,8.6,0.0
2024-03-25 00:00:00,9.0,0.0
2024-03-25 01:00:00,9.1,0.0
2024-03-25 02:00:00,7.6,0.0
2024-03-25 03:00:00,5.5,0.0
2024-03-25 04:00:00,7.4,0.0
2024-03-25 05:00:00,7.5,0.0
2024-03-25 06:00:00,6.5,41.0
2024-03-25 07:00:00,3.2,206.0
2024-03-25 08:00:00,6.0,398.0
2024-03-25 09:00:00,3.0,571.0
2024-03-25 10:00:00,3.0,699.0
2024-03-25 11:00:00,7.4,772.0
2024-03-25 12:00:00,11.8,776.0
2024-03-25 13:00:00,8.2,659.0
2024-03-25 14:00:00,20.3,561.0
2024-03-25 15:00:00,17.6,265.0
2024-03-25 16:00:00,13.4,186.0
2024-03-25 17:00:00,10.5,39.0
2024-03-25 18:00:00,4.9,2.0
2024-03-25 19:00:00,3.4,0.0
2024-03-25 20:00:00,5.2,0.0
2024-03-25 21:00:00,4.0,0.0
2024-03-25 22:00:00,3.6,0.0
2024-03-25 23:00:00,4.3,0.0
2024-03-26 00:00:00,5.6,0.0
2024-03-26 01:00:00,9.8,0.0
2024-03-26 02:00:00,10.9,0.0
2024-03-26 03:00:00,7.6,0.0
2024-03-26 04:00:00,10.0,0.0
2024-03-26 05:00:00,8.4,0.0
2024-03-26 06:00:00,13.1,13.0
2024-03-26 07:00:00,11.7,68.0
2024-03-26 08:00:00,13.7,96.0
2024-03-26 09:00:00,19.2,185.0
2024-03-26 10:00:00,21.9,81.0
2024-03-26 11:00:00,27.0,263.0
2024-03-26 12:00:00,23.3,187.0
2024-03-26 13:00:00,18.4,527.0
2024-03-26 14:00:00,14.8,194.0
2024-03-26 15:00:00,14.6,186.0
2024-03-26 16:00:00,12.9,75.0
2024-03-26 17:00:00,14.9,23.0
2024-03-26 18:00:00,11.4,5.0
2024-03-26 19:00:00,7.7,0.0
2024-03-26 20:00:00,6.2,0.0
2024-03-26 21:00:00,7.1,0.0
2024-03-26 22:00:00,9.3,0.0
2024-03-26 23:00:00,8.7,0.0
2024-03-27 00:00:00,9.3,0.0
2024-03-27 01:00:00,6.5,0.0
2024-03-27 02:00:00,8.7,0.0
2024-03-27 03:00:00,10.1,0.0
2024-03-27 04:00:00,11.6,0.0
2024-03-27 05:00:00,16.3,0.0
2024-03-27 06:00:00,18.4,13.0
2024-03-27 07:00:00,16.7,29.0
2024-03-27 08:00:00,15.2,66.0
2024-03-27 09:00:00,14.1,116.0
2024-03-27 10:00:00,21.8,67.0
2024-03-27 11:00:00,27.4,77.0
2024-03-27 12:00:00,19.0,52.0
2024-03-27 13:00:00,9.8,88.0
2024-03-27 14:00:00,11.2,162.0
2024-03-27 15:00:00,10.9,168.0
2024-03-27 16:00:00,13.0,203.0
2024-03-27 17:00:00,9.1,106.0
2024-03-27 18:00:00,8.8,8.0
2024-03-27 19:00:00,10.1,0.0
2024-03-27 20:00:00,10.4,0.0
2024-03-27 21:00:00,11.6,0.0
2024-03-27 22:00:00,7.2,0.0
2024-03-27 23:00:00,8.4,0.0
2024-03-28 00:00:00,7.9,0.0
2024-03-28 01:00:00,12.3,0.0
2024-03-28 02:00:00,10.0,0.0
2024-03-28 03:00:00,13.2,0.0
2024-03-28 04:00:00,14.0,0.0
2024-03-28 05:00:00,15.2,0.0
2024-03-28 06:00:00,16.4,13.0
2024-03-28 07:00:00,21.6,68.0
2024-03-28 08:00:00,22.5,168.0
2024-03-28 09:00:00,23.7,275.0
2024-03-28 10:00:00,24.3,314.0
2024-03-28 11:00:00,29.7,507.0
2024-03-28 12:00:00,32.8,547.0
2024-03-28 13:00:00,27.5,357.0
2024-03-28 14:00:00,23.1,412.0
2024-03-28 15:00:00,24.0,325.0
2024-03-28 16:00:00,19.1,199.0
2024-03-28 17:00:00,16.7,72.0
2024-03-28 18:00:00,15.9,5.0
2024-03-28 19:00:00,15.6,0.0
2024-03-28 20:00:00,14.3,0.0
2024-03-28 21:00:00,13.8,0.0
2024-03-28 22:00:00,13.0,0.0
2024-03-28 23:00:00,13.0,0.0
2024-03-29 00:00:00,14.8,0.0
2024-03-29 01:00:00,13.5,0.0
2024-03-29 02:00:00,12.6,0.0
2024-03-29 03:00:00,14.2,0.0
2024-03-29 04:00:00,15.1,0.0
2024-03-29 05:00:00,13.2,0.0
2024-03-29 06:00:00,16.8,37.0
2024-03-29 07:00:00,18.2,176.0
2024-03-29 08:00:00,12.7,380.0
2024-03-29 09:00:00,13.6,541.0
2024-03-29 10:00:00,19.7,671.0
2024-03-29 11:00:00,21.9,765.0
2024-03-29 12:00:00,25.2,779.0
2024-03-29 13:00:00,24.3,655.0
2024-03-29 14:00:00,22.9,453.0
2024-03-29 15:00:00,20.8,371.0
2024-03-29 16:00:00,20.1,214.0
2024-03-29 17:00:00,18.8,94.0
2024-03-29 18:00:00,15.0,9.0
2024-03-29 19:00:00,14.1,0.0
2024-03-29 20:00:00,13.9,0.0
2024-03-29 21:00:00,14.1,0.0
2024-03-29 22:00:00,13.3,0.0
2024-03-29 23:00:00,11.7,0.0
2024-03-30 00:00:00,10.2,0.0
2024-03-30 01:00:00,7.1,0.0
2024-03-30 02:00:00,6.9,0.0
2024-03-30 03:00:00,9.4,0.0
2024-03-30 04:00:00,8.9,0.0
2024-03-30 05:00:00,12.4,0.0
2024-03-30 06:00:00,16.3,58.0
2024-03-30 07:00:00,16.4,229.0
2024-03-30 08:00:00,11.2,403.0
2024-03-30 09:00:00,14.0,444.0
2024-03-30 10:00:00,19.3,656.0
2024-03-30 11:00:00,22.6,779.0
2024-03-30 12:00:00,26.6,799.0
2024-03-30 13:00:00,26.0,754.0
2024-03-30 14:00:00,22.8,621.0
2024-03-30 15:00:00,21.5,457.0
2024-03-30 16:00:00,21.3,297.0
2024-03-30 17:00:00,18.4,112.0
2024-03-30 18:00:00,12.5,8.0
2024-03-30 19:00:00,8.6,0.0
2024-03-30 20:00:00,8.2,0.0
2024-03-30 21:00:00,13.5,0.0
2024-03-30 22:00:00,12.3,0.0
2024-03-30 23:00:00,11.9,0.0
2024-03-31 00:00:00,14.1,0.0
2024-03-31 01:00:00,8.8,0.0
2024-03-31 02:00:00,7.8,0.0
2024-03-31 03:00:00,9.8,0.0
2024-03-31 04:00:00,12.5,0.0
2024-03-31 05:00:00,10.7,0.0
2024-03-31 06:00:00,9.2,54.0
2024-03-31 07:00:00,10.9,218.0
2024-03-31 08:00:00,14.3,392.0
2024-03-31 09:00:00,17.9,505.0
2024-03-31 10:00:00,18.9,496.0
2024-03-31 11:00:00,25.7,536.0
2024-03-31 12:00:00,24.0,523.0
2024-03-31 13:00:00,17.1,367.0
2024-03-31 14:00:00,17.6,353.0
2024-03-31 15:00:00,17.3,363.0
2024-03-31 16:00:00,14.2,215.0
2024-03-31 17:00:00,11.3,91.0
2024-03-31 18:00:00,10.7,10.0
2024-03-31 19:00:00,12.2,0.0
2024-03-31 20:00:00,13.7,0.0
2024-03-31 21:00:00,15.3,0.0
2024-03-31 22:00:00,15.3,0.0
2024-03-31 23:00:00,15.8,0.0
2024-04-01 00:00:00,8.8,0.0
2024-04-01 01:00:00,8.7,0.0
2024-04-01 02:00:00,10.8,0.0
2024-04-01 03:00:00,16.1,0.0
2024-04-01 04:00:00,21.9,0.0
2024-04-01 05:00:00,24.5,0.0
2024-04-01 06:00:00,26.5,59.0
2024-04-01 07:00:00,27.4,232.0
2024-04-01 08:00:00,27.1,418.0
2024-04-01 09:00:00,29.2,575.0
2024-04-01 10:00:00,24.5,635.0
2024-04-01 11:00:00,17.8,663.0
2024-04-01 12:00:00,19.5,623.0
2024-04-01 13:00:00,23.5,738.0
2024-04-01 14:00:00,26.9,193.0
2024-04-01 15:00:00,12.3,90.0
2024-04-01 16:00:00,3.3,20.0
2024-04-01 17:00:00,7.9,4.0
2024-04-01 18:00:00,11.6,1.0
2024-04-01 19:00:00,5.4,0.0
2024-04-01 20:00:00,6.6,0.0
2024-04-01 21:00:00,6.5,0.0
2024-04-01 22:00:00,7.3,0.0
2024-04-01 23:00:00,9.0,0.0
2024-04-02 00:00:00,10.8,0.0
2024-04-02 01:00:00,9.3,0.0
2024-04-02 02:00:00,6.6,0.0
2024-04-02 03:00:00,10.7,0.0
2024-04-02 04:00:00,9.3,0.0
2024-04-02 05:00:00,9.3,0.0
2024-04-02 06:00:00,11.9,61.0
2024-04-02 07:00:00,14.8,219.0
2024-04-02 08:00:00,20.5,355.0
2024-04-02 09:00:00,19.6,460.0
2024-04-02 10:00:00,19.3,545.0
2024-04-02 11:00:00,19.4,703.0
2024-04-02 12:00:00,17.0,776.0
2024-04-02 13:00:00,15.3,708.0
2024-04-02 14:00:00,13.7,576.0
2024-04-02 15:00:00,10.2,482.0
2024-04-02 16:00:00,7.3,315.0
2024-04-02 17:00:00,5.7,126.0
2024-04-02 18:00:00,8.8,13.0
2024-04-02 19:00:00,11.0,0.0
2024-04-02 20:00:00,7.7,0.0
2024-04-02 21:00:00,7.8,0.0
2024-04-02 22:00:00,4.7,0.0
2024-04-02 23:00:00,5.2,0.0
2024-04-03 00:00:00,7.6,0.0
2024-04-03 01:00:00,2.6,0.0
2024-04-03 02:00:00,3.4,0.0
2024-04-03 03:00:00,3.4,0.0
2024-04-03 04:00:00,0.7,0.0
2024-04-03 05:00:00,1.1,0.0
2024-04-03 06:00:00,1.6,45.0
2024-04-03 07:00:00,3.1,92.0
2024-04-03 08:00:00,2.3,148.0
2024-04-03 09:00:00,4.4,174.0
2024-04-03 10:00:00,4.8,225.0
2024-04-03 11:00:00,8.4,523.0
2024-04-03 12:00:00,13.0,797.0
2024-04-03 13:00:00,16.9,572.0
2024-04-03 14:00:00,15.8,530.0
2024-04-03 15:00:00,14.0,439.0
2024-04-03 16:00:00,12.7,232.0
2024-04-03 17:00:00,9.9,127.0
2024-04-03 18:00:00,9.0,13.0
2024-04-03 19:00:00,8.8,0.0
2024-04-03 20:00:00,5.8,0.0
2024-04-03 21:00:00,7.3,0.0
2024-04-03 22:00:00,6.8,0.0
2024-04-03 23:00:00,5.8,0.0
2024-04-04 00:00:00,5.6,0.0
2024-04-04 01:00:00,3.1,0.0
2024-04-04 02:00:00,2.2,0.0
2024-04-04 03:00:00,1.5,0.0
2024-04-04 04:00:00,3.8,0.0
2024-04-04 05:00:00,4.3,1.0
2024-04-04 06:00:00,4.9,60.0
2024-04-04 07:00:00,4.6,209.0
2024-04-04 08:00:00,4.1,420.0
2024-04-04 09:00:00,3.7,594.0
2024-04-04 10:00:00,5.4,728.0
2024-04-04 11:00:00,9.2,800.0
2024-04-04 12:00:00,11.7,808.0
2024-04-04 13:00:00,11.5,752.0
2024-04-04 14:00:00,12.7,622.0
2024-04-04 15:00:00,13.0,480.0
2024-04-04 16:00:00,13.6,315.0
2024-04-04 17:00:00,7.9,128.0
2024-04-04 18:00:00,5.6,15.0
2024-04-04 19:00:00,6.3,0.0
2024-04-04 20:00:00,3.8,0.0
2024-04-04 21:00:00,1.9,0.0
2024-04-04 22:00:00,0.8,0.0
2024-04-04 23:00:00,2.5,0.0
2024-04-05 00:00:00,5.5,0.0
2024-04-05 01:00:00,5.4,0.0
2024-04-05 02:00:00,4.9,0.0
2024-04-05 03:00:00,5.0,0.0
2024-04-05 04:00:00,5.2,0.0
2024-04-05 05:00:00,3.9,1.0
2024-04-05 06:00:00,6.3,69.0
2024-04-05 07:00:00,8.7,223.0
2024-04-05 08:00:00,7.3,413.0
2024-04-05 09:00:00,5.0,542.0
2024-04-05 10:00:00,2.3,689.0
2024-04-05 11:00:00,3.1,783.0
2024-04-05 12:00:00,6.4,671.0
2024-04-05 13:00:00,9.1,765.0
2024-04-05 14:00:00,13.5,662.0
2024-04-05 15:00:00,13.5,513.0
2024-04-05 16:00:00,12.8,319.0
2024-04-05 17:00:00,9.9,138.0
2024-04-05 18:00:00,7.0,16.0
2024-04-05 19:00:00,4.1,0.0
2024-04-05 20:00:00,5.7,0.0
2024-04-05 21:00:00,4.5,0.0
2024-04-05 22:00:00,5.5,0.0
2024-04-05 23:00:00,5.6,0.0
2024-04-06 00:00:00,4.9,0.0
2024-04-06 01:00:00,6.4,0.0
2024-04-06 02:00:00,5.4,0.0
2024-04-06 03:00:00,4.3,0.0
2024-04-06 04:00:00,6.2,0.0
2024-04-06 05:00:00,6.1,1.0
2024-04-06 06:00:00,5.9,80.0
2024-04-06 07:00:00,5.0,255.0
2024-04-06 08:00:00,4.0,445.0
2024-04-06 09:00:00,2.5,612.0
2024-04-06 10:00:00,1.3,738.0
2024-04-06 11:00:00,3.3,810.0
2024-04-06 12:00:00,6.2,824.0
2024-04-06 13:00:00,10.8,776.0
2024-04-06 14:00:00,14.0,674.0
2024-04-06 15:00:00,13.9,519.0
2024-04-06 16:00:00,11.4,334.0
2024-04-06 17:00:00,8.2,144.0
2024-04-06 18:00:00,6.6,16.0
2024-04-06 19:00:00,5.1,0.0
2024-04-06 20:00:00,6.6,0.0
2024-04-06 21:00:00,3.7,0.0
2024-04-06 22:00:00,2.7,0.0
2024-04-06 23:00:00,6.6,0.0
2024-04-07 00:00:00,7.3,0.0
2024-04-07 01:00:00,5.8,0.0
2024-04-07 02:00:00,6.1,0.0
2024-04-07 03:00:00,7.8,0.0
2024-04-07 04:00:00,5.0,0.0
2024-04-07 05:00:00,5.8,2.0
2024-04-07 06:00:00,6.1,88.0
2024-04-07 07:00:00,3.9,268.0
2024-04-07 08:00:00,2.3,458.0
2024-04-07 09:00:00,1.1,628.0
2024-04-07 10:00:00,2.4,754.0
2024-04-07 11:00:00,4.8,825.0
2024-04-07 12:00:00,8.1,836.0
2024-04-07 13:00:00,9.6,786.0
2024-04-07 14:00:00,11.0,681.0
2024-04-07 15:00:00,11.3,528.0
2024-04-07 16:00:00,10.9,344.0
2024-04-07 17:00:00,10.3,154.0
2024-04-07 18:00:00,10.5,19.0
2024-04-07 19:00:00,7.6,0.0
2024-04-07 20:00:00,4.7,0.0
2024-04-07 21:00:00,5.6,0.0
2024-04-07 22:00:00,3.9,0.0
2024-04-07 23:00:00,3.4,0.0
2024-04-08 00:00:00,6.3,0.0
2024-04-08 01:00:00,6.0,0.0
2024-04-08 02:00:00,6.3,0.0
2024-04-08 03:00:00,5.7,0.0
2024-04-08 04:00:00,5.0,0.0
2024-04-08 05:00:00,7.3,2.0
2024-04-08 06:00:00,5.0,81.0
2024-04-08 07:00:00,5.5,222.0
2024-04-08 08:00:00,5.6,419.0
2024-04-08 09:00:00,4.8,592.0
2024-04-08 10:00:00,5.2,728.0
2024-04-08 11:00:00,7.7,792.0
2024-04-08 12:00:00,10.2,813.0
2024-04-08 13:00:00,9.5,772.0
2024-04-08 14:00:00,13.5,638.0
2024-04-08 15:00:00,12.8,419.0
2024-04-08 16:00:00,11.6,242.0
2024-04-08 17:00:00,6.4,95.0
2024-04-08 18:00:00,5.8,17.0
2024-04-08 19:00:00,3.1,0.0
2024-04-08 20:00:00,1.3,0.0
2024-04-08 21:00:00,2.1,0.0
2024-04-08 22:00:00,2.6,0.0
2024-04-08 23:00:00,5.1,0.0
2024-04-09 00:00:00,4.7,0.0
2024-04-09 01:00:00,2.3,0.0
2024-04-09 02:00:00,3.8,0.0
2024-04-09 03:00:00,2.5,0.0
2024-04-09 04:00:00,5.2,0.0
2024-04-09 05:00:00,4.4,3.0
2024-04-09 06:00:00,4.7,93.0
2024-04-09 07:00:00,5.8,259.0
2024-04-09 08:00:00,6.2,441.0
2024-04-09 09:00:00,1.4,599.0
2024-04-09 10:00:00,11.7,708.0
2024-04-09 11:00:00,16.1,798.0
2024-04-09 12:00:00,15.7,805.0
2024-04-09 13:00:00,13.4,753.0
2024-04-09 14:00:00,13.9,650.0
2024-04-09 15:00:00,15.1,486.0
2024-04-09 16:00:00,13.0,332.0
2024-04-09 17:00:00,13.7,146.0
2024-04-09 18:00:00,11.6,19.0
2024-04-09 19:00:00,8.9,0.0
2024-04-09 20:00:00,5.6,0.0
2024-04-09 21:00:00,7.7,0.0
2024-04-09 22:00:00,11.0,0.0
2024-04-09 23:00:00,10.1,0.0
2024-04-10 00:00:00,10.1,0.0
2024-04-10 01:00:00,9.8,0.0
2024-04-10 02:00:00,12.1,0.0
2024-04-10 03:00:00,11.5,0.0
2024-04-10 04:00:00,12.3,0.0
2024-04-10 05:00:00,15.1,2.0
2024-04-10 06:00:00,15.2,77.0
2024-04-10 07:00:00,16.9,121.0
2024-04-10 08:00:00,19.8,441.0
2024-04-10 09:00:00,20.6,638.0
2024-04-10 10:00:00,20.8,712.0
2024-04-10 11:00:00,18.9,800.0
2024-04-10 12:00:00,16.9,752.0
2024-04-10 13:00:00,16.8,691.0
2024-04-10 14:00:00,15.5,604.0
2024-04-10 15:00:00,13.2,445.0
2024-04-10 16:00:00,12.5,315.0
2024-04-10 17:00:00,9.2,152.0
2024-04-10 18:00:00,7.2,22.0
2024-04-10 19:00:00,6.2,0.0
2024-04-10 20:00:00,6.1,0.0
2024-04-10 21:00:00,7.0,0.0
2024-04-10 22:00:00,6.2,0.0
2024-04-10 23:00:00,5.2,0.0
2024-04-11 00:00:00,3.8,0.0
2024-04-11 01:00:00,5.9,0.0
2024-04-11 02:00:00,5.6,0.0
2024-04-11 03:00:00,4.1,0.0
2024-04-11 04:00:00,3.8,0.0
2024-04-11 05:00:00,3.6,4.0
2024-04-11 06:00:00,4.8,102.0
2024-04-11 07:00:00,3.6,276.0
2024-04-11 08:00:00,4.5,473.0
2024-04-11 09:00:00,4.0,620.0
2024-04-11 10:00:00,3.7,686.0
2024-04-11 11:00:00,3.9,727.0
2024-04-11 12:00:00,3.3,653.0
2024-04-11 13:00:00,3.1,529.0
2024-04-11 14:00:00,8.4,460.0
2024-04-11 15:00:00,13.8,407.0
2024-04-11 16:00:00,14.3,229.0
2024-04-11 17:00:00,8.1,110.0
2024-04-11 18:00:00,6.5,17.0
2024-04-11 19:00:00,4.7,0.0
2024-04-11 20:00:00,4.7,0.0
2024-04-11 21:00:00,4.7,0.0
2024-04-11 22:00:00,5.2,0.0
2024-04-11 23:00:00,6.4,0.0
2024-04-12 00:00:00,6.6,0.0
2024-04-12 01:00:00,7.1,0.0
2024-04-12 02:00:00,7.6,0.0
2024-04-12 03:00:00,6.0,0.0
2024-04-12 04:00:00,6.1,0.0
2024-04-12 05:00:00,6.5,5.0
2024-04-12 06:00:00,7.4,102.0
2024-04-12 07:00:00,8.0,279.0
2024-04-12 08:00:00,7.9,469.0
2024-04-12 09:00:00,7.2,634.0
2024-04-12 10:00:00,5.6,757.0
2024-04-12 11:00:00,4.2,826.0
2024-04-12 12:00:00,3.2,828.0
2024-04-12 13:00:00,4.3,725.0
2024-04-12 14:00:00,8.2,635.0
2024-04-12 15:00:00,9.4,473.0
2024-04-12 16:00:00,8.7,331.0
2024-04-12 17:00:00,7.7,159.0
2024-04-12 18:00:00,8.6,24.0
2024-04-12 19:00:00,4.7,0.0
2024-04-12 20:00:00,4.3,0.0
2024-04-12 21:00:00,4.5,0.0
2024-04-12 22:00:00,8.3,0.0
2024-04-12 23:00:00,6.2,0.0
2024-04-13 00:00:00,5.6,0.0
2024-04-13 01:00:00,7.0,0.0
2024-04-13 02:00:00,8.9,0.0
2024-04-13 03:00:00,7.6,0.0
2024-04-13 04:00:00,6.5,0.0
2024-04-13 05:00:00,7.7,6.0
2024-04-13 06:00:00,8.6,107.0
2024-04-13 07:00:00,6.7,287.0
2024-04-13 08:00:00,6.9,475.0
2024-04-13 09:00:00,5.5,639.0
2024-04-13 10:00:00,4.8,762.0
2024-04-13 11:00:00,4.7,831.0
2024-04-13 12:00:00,6.6,843.0
2024-04-13 13:00:00,9.6,793.0
2024-04-13 14:00:00,14.2,686.0
2024-04-13 15:00:00,14.6,519.0
2024-04-13 16:00:00,13.5,319.0
2024-04-13 17:00:00,9.2,161.0
2024-04-13 18:00:00,5.7,26.0
2024-04-13 19:00:00,5.1,0.0
2024-04-13 20:00:00,3.7,0.0
2024-04-13 21:00:00,1.9,0.0
2024-04-13 22:00:00,4.2,0.0
2024-04-13 23:00:00,6.1,0.0
2024-04-14 00:00:00,7.2,0.0
2024-04-14 01:00:00,7.6,0.0
2024-04-14 02:00:00,6.6,0.0
2024-04-14 03:00:00,7.0,0.0
2024-04-14 04:00:00,6.2,0.0
2024-04-14 05:00:00,7.3,7.0
2024-04-14 06:00:00,5.6,111.0
2024-04-14 07:00:00,4.7,290.0
2024-04-14 08:00:00,6.0,476.0
2024-04-14 09:00:00,3.7,639.0
2024-04-14 10:00:00,1.5,760.0
2024-04-14 11:00:00,1.1,830.0
2024-04-14 12:00:00,1.8,842.0
2024-04-14 13:00:00,11.4,793.0
2024-04-14 14:00:00,12.1,691.0
2024-04-14 15:00:00,14.5,542.0
2024-04-14 16:00:00,13.4,361.0
2024-04-14 17:00:00,8.1,173.0
2024-04-14 18:00:00,6.5,28.0
2024-04-14 19:00:00,4.7,0.0
2024-04-14 20:00:00,6.2,0.0
2024-04-14 21:00:00,5.5,0.0
2024-04-14 22:00:00,2.6,0.0
2024-04-14 23:00:00,5.5,0.0
2024-04-15 00:00:00,2.6,0.0
2024-04-15 01:00:00,6.9,0.0
2024-04-15 02:00:00,4.7,0.0
2024-04-15 03:00:00,8.1,0.0
2024-04-15 04:00:00,6.6,0.0
2024-04-15 05:00:00,4.0,7.0
2024-04-15 06:00:00,3.6,92.0
2024-04-15 07:00:00,2.5,256.0
2024-04-15 08:00:00,5.8,403.0
2024-04-15 09:00:00,6.7,404.0
2024-04-15 10:00:00,9.7,427.0
2024-04-15 11:00:00,10.2,827.0
2024-04-15 12:00:00,6.6,806.0
2024-04-15 13:00:00,11.8,746.0
2024-04-15 14:00:00,19.6,519.0
2024-04-15 15:00:00,16.3,476.0
2024-04-15 16:00:00,8.2,351.0
2024-04-15 17:00:00,4.1,168.0
2024-04-15 18:00:00,6.2,28.0
2024-04-15 19:00:00,6.5,0.0
2024-04-15 20:00:00,4.3,0.0
2024-04-15 21:00:00,5.4,0.0
2024-04-15 22:00:00,8.4,0.0
2024-04-15 23:00:00,9.7,0.0
2024-04-16 00:00:00,6.2,0.0
2024-04-16 01:00:00,5.8,0.0
2024-04-16 02:00:00,6.4,0.0
2024-04-16 03:00:00,8.2,0.0
2024-04-16 04:00:00,10.1,0.0
2024-04-16 05:00:00,7.2,9.0
2024-04-16 06:00:00,11.4,115.0
2024-04-16 07:00:00,15.9,299.0
2024-04-16 08:00:00,25.0,484.0
2024-04-16 09:00:00,26.3,647.0
2024-04-16 10:00:00,28.4,765.0
2024-04-16 11:00:00,29.0,835.0
2024-04-16 12:00:00,27.8,845.0
2024-04-16 13:00:00,27.8,783.0
2024-04-16 14:00:00,26.6,690.0
2024-04-16 15:00:00,24.9,547.0
2024-04-16 16:00:00,27.0,326.0
2024-04-16 17:00:00,22.4,132.0
2024-04-16 18:00:00,15.2,26.0
2024-04-16 19:00:00,14.3,0.0
2024-04-16 20:00:00,12.3,0.0
2024-04-16 21:00:00,8.2,0.0
2024-04-16 22:00:00,11.6,0.0
2024-04-16 23:00:00,7.9,0.0
2024-04-17 00:00:00,4.8,0.0
2024-04-17 01:00:00,3.8,0.0
2024-04-17 02:00:00,4.1,0.0
2024-04-17 03:00:00,5.8,0.0
2024-04-17 04:00:00,7.3,0.0
2024-04-17 05:00:00,9.7,8.0
2024-04-17 06:00:00,11.2,105.0
2024-04-17 07:00:00,9.1,188.0
2024-04-17 08:00:00,10.8,483.0
2024-04-17 09:00:00,10.5,631.0
2024-04-17 10:00:00,10.8,765.0
2024-04-17 11:00:00,14.0,844.0
2024-04-17 12:00:00,14.4,855.0
2024-04-17 13:00:00,12.3,700.0
2024-04-17 14:00:00,15.6,616.0
2024-04-17 15:00:00,16.9,506.0
2024-04-17 16:00:00,18.8,340.0
2024-04-17 17:00:00,13.2,182.0
2024-04-17 18:00:00,11.7,32.0
2024-04-17 19:00:00,8.6,0.0
2024-04-17 20:00:00,5.4,0.0
2024-04-17 21:00:00,6.8,0.0
2024-04-17 22:00:00,5.4,0.0
2024-04-17 23:00:00,4.8,0.0
2024-04-18 00:00:00,6.7,0.0
2024-04-18 01:00:00,6.4,0.0
2024-04-18 02:00:00,5.7,0.0
2024-04-18 03:00:00,4.1,0.0
2024-04-18 04:00:00,5.6,0.0
2024-04-18 05:00:00,5.1,11.0
2024-04-18 06:00:00,5.9,130.0
2024-04-18 07:00:00,6.3,317.0
2024-04-18 08:00:00,5.5,507.0
2024-04-18 09:00:00,2.6,675.0
2024-04-18 10:00:00,3.4,771.0
2024-04-18 11:00:00,3.8,859.0
2024-04-18 12:00:00,4.5,892.0
2024-04-18 13:00:00,6.6,678.0
2024-04-18 14:00:00,10.8,581.0
2024-04-18 15:00:00,10.5,472.0
2024-04-18 16:00:00,7.4,333.0
2024-04-18 17:00:00,10.0,129.0
2024-04-18 18:00:00,10.1,27.0
2024-04-18 19:00:00,5.4,0.0
2024-04-18 20:00:00,10.0,0.0
2024-04-18 21:00:00,14.0,0.0
2024-04-18 22:00:00,7.1,0.0
2024-04-18 23:00:00,10.5,0.0
2024-04-19 00:00:00,7.2,0.0
2024-04-19 01:00:00,9.2,0.0
2024-04-19 02:00:00,12.4,0.0
2024-04-19 03:00:00,8.7,0.0
2024-04-19 04:00:00,11.6,0.0
2024-04-19 05:00:00,13.3,13.0
2024-04-19 06:00:00,15.5,113.0
2024-04-19 07:00:00,16.0,233.0
2024-04-19 08:00:00,18.3,508.0
2024-04-19 09:00:00,22.0,621.0
2024-04-19 10:00:00,19.9,731.0
2024-04-19 11:00:00,18.9,843.0
2024-04-19 12:00:00,14.8,863.0
2024-04-19 13:00:00,15.5,777.0
2024-04-19 14:00:00,21.3,687.0
2024-04-19 15:00:00,23.0,528.0
2024-04-19 16:00:00,22.4,389.0
2024-04-19 17:00:00,16.5,192.0
2024-04-19 18:00:00,11.6,36.0
2024-04-19 19:00:00,7.9,0.0
2024-04-19 20:00:00,5.2,0.0
2024-04-19 21:00:00,7.9,0.0
2024-04-19 22:00:00,5.4,0.0
2024-04-19 23:00:00,8.4,0.0
2024-04-20 00:00:00,5.6,0.0
2024-04-20 01:00:00,5.1,0.0
2024-04-20 02:00:00,4.7,0.0
2024-04-20 03:00:00,5.4,0.0
2024-04-20 04:00:00,6.5,0.0
2024-04-20 05:00:00,4.7,12.0
2024-04-20 06:00:00,10.0,127.0
2024-04-20 07:00:00,13.7,252.0
2024-04-20 08:00:00,15.4,246.0
2024-04-20 09:00:00,13.9,546.0
2024-04-20 10:00:00,10.6,506.0
2024-04-20 11:00:00,6.7,749.0
2024-04-20 12:00:00,3.6,816.0
2024-04-20 13:00:00,11.0,402.0
2024-04-20 14:00:00,17.3,541.0
2024-04-20 15:00:00,10.9,392.0
2024-04-20 16:00:00,12.7,390.0
2024-04-20 17:00:00,14.3,185.0
2024-04-20 18:00:00,11.8,36.0
2024-04-20 19:00:00,14.8,0.0
2024-04-20 20:00:00,16.1,0.0
2024-04-20 21:00:00,16.2,0.0
2024-04-20 22:00:00,14.9,0.0
2024-04-20 23:00:00,15.2,0.0
2024-04-21 00:00:00,14.1,0.0
2024-04-21 01:00:00,14.1,0.0
2024-04-21 02:00:00,16.0,0.0
2024-04-21 03:00:00,19.9,0.0
2024-04-21 04:00:00,23.8,0.0
2024-04-21 05:00:00,22.6,16.0
2024-04-21 06:00:00,19.5,143.0
2024-04-21 07:00:00,20.2,335.0
2024-04-21 08:00:00,20.6,525.0
2024-04-21 09:00:00,19.1,685.0
2024-04-21 10:00:00,15.1,803.0
2024-04-21 11:00:00,13.0,823.0
2024-04-21 12:00:00,9.5,782.0
2024-04-21 13:00:00,6.1,819.0
2024-04-21 14:00:00,4.6,733.0
2024-04-21 15:00:00,8.1,581.0
2024-04-21 16:00:00,8.9,391.0
2024-04-21 17:00:00,8.7,191.0
2024-04-21 18:00:00,8.6,40.0
2024-04-21 19:00:00,6.2,0.0
2024-04-21 20:00:00,7.2,0.0
2024-04-21 21:00:00,7.5,0.0
2024-04-21 22:00:00,8.8,0.0
2024-04-21 23:00:00,8.7,0.0
2024-04-22 00:00:00,9.4,0.0
2024-04-22 01:00:00,6.6,0.0
2024-04-22 02:00:00,7.1,0.0
2024-04-22 03:00:00,8.2,0.0
2024-04-22 04:00:00,9.2,0.0
2024-04-22 05:00:00,11.5,15.0
2024-04-22 06:00:00,14.5,128.0
2024-04-22 07:00:00,16.1,301.0
2024-04-22 08:00:00,24.3,454.0
2024-04-22 09:00:00,27.4,573.0
2024-04-22 10:00:00,26.3,593.0
2024-04-22 11:00:00,27.1,695.0
2024-04-22 12:00:00,26.5,684.0
2024-04-22 13:00:00,26.6,427.0
2024-04-22 14:00:00,25.4,478.0
2024-04-22 15:00:00,21.5,378.0
2024-04-22 16:00:00,14.3,212.0
2024-04-22 17:00:00,9.2,132.0
2024-04-22 18:00:00,8.0,35.0
2024-04-22 19:00:00,8.1,0.0
2024-04-22 20:00:00,8.0,0.0
2024-04-22 21:00:00,8.6,0.0
2024-04-22 22:00:00,2.6,0.0
2024-04-22 23:00:00,5.2,0.0
2024-04-23 00:00:00,6.1,0.0
2024-04-23 01:00:00,9.4,0.0
2024-04-23 02:00:00,8.8,0.0
2024-04-23 03:00:00,6.9,0.0
2024-04-23 04:00:00,7.2,0.0
2024-04-23 05:00:00,8.7,12.0
2024-04-23 06:00:00,9.7,95.0
2024-04-23 07:00:00,11.8,260.0
2024-04-23 08:00:00,16.3,492.0
2024-04-23 09:00:00,19.2,602.0
2024-04-23 10:00:00,18.6,641.0
2024-04-23 11:00:00,18.1,604.0
2024-04-23 12:00:00,19.2,780.0
2024-04-23 13:00:00,20.7,731.0
2024-04-23 14:00:00,22.7,653.0
2024-04-23 15:00:00,20.5,509.0
2024-04-23 16:00:00,21.8,382.0
2024-04-23 17:00:00,17.7,172.0
2024-04-23 18:00:00,14.3,39.0
2024-04-23 19:00:00,11.6,0.0
2024-04-23 20:00:00,11.7,0.0
2024-04-23 21:00:00,13.0,0.0
2024-04-23 22:00:00,13.8,0.0
2024-04-23 23:00:00,12.2,0.0
2024-04-24 00:00:00,6.8,0.0
2024-04-24 01:00:00,8.5,0.0
2024-04-24 02:00:00,13.7,0.0
2024-04-24 03:00:00,11.5,0.0
2024-04-24 04:00:00,11.6,0.0
2024-04-24 05:00:00,8.6,13.0
2024-04-24 06:00:00,8.5,103.0
2024-04-24 07:00:00,12.0,289.0
2024-04-24 08:00:00,7.6,389.0
2024-04-24 09:00:00,6.2,527.0
2024-04-24 10:00:00,7.2,644.0
2024-04-24 11:00:00,10.4,714.0
2024-04-24 12:00:00,14.0,547.0
2024-04-24 13:00:00,11.7,726.0
2024-04-24 14:00:00,14.5,678.0
2024-04-24 15:00:00,9.2,385.0
2024-04-24 16:00:00,7.2,304.0
2024-04-24 17:00:00,3.3,157.0
2024-04-24 18:00:00,5.2,34.0
2024-04-24 19:00:00,7.7,0.0
2024-04-24 20:00:00,6.3,0.0
2024-04-24 21:00:00,7.4,0.0
2024-04-24 22:00:00,5.2,0.0
2024-04-24 23:00:00,5.4,0.0
2024-04-25 00:00:00,6.0,0.0
2024-04-25 01:00:00,4.7,0.0
2024-04-25 02:00:00,5.6,0.0
2024-04-25 03:00:00,7.3,0.0
2024-04-25 04:00:00,7.8,0.0
2024-04-25 05:00:00,9.0,18.0
2024-04-25 06:00:00,8.2,137.0
2024-04-25 07:00:00,7.7,301.0
2024-04-25 08:00:00,9.2,507.0
2024-04-25 09:00:00,9.8,604.0
2024-04-25 10:00:00,11.6,593.0
2024-04-25 11:00:00,13.4,567.0
2024-04-25 12:00:00,14.8,620.0
2024-04-25 13:00:00,8.6,530.0
2024-04-25 14:00:00,15.7,460.0
2024-04-25 15:00:00,9.4,416.0
2024-04-25 16:00:00,11.7,335.0
2024-04-25 17:00:00,6.6,144.0
2024-04-25 18:00:00,7.1,38.0
2024-04-25 19:00:00,7.9,0.0
2024-04-25 20:00:00,8.1,0.0
2024-04-25 21:00:00,8.9,0.0
2024-04-25 22:00:00,10.1,0.0
2024-04-25 23:00:00,10.3,0.0
2024-04-26 00:00:00,10.6,0.0
2024-04-26 01:00:00,11.1,0.0
2024-04-26 02:00:00,11.0,0.0
2024-04-26 03:00:00,10.0,0.0
2024-04-26 04:00:00,11.2,0.0
2024-04-26 05:00:00,12.0,16.0
2024-04-26 06:00:00,10.9,119.0
2024-04-26 07:00:00,12.7,322.0
2024-04-26 08:00:00,18.2,471.0
2024-04-26 09:00:00,16.2,490.0
2024-04-26 10:00:00,12.0,540.0
2024-04-26 11:00:00,10.7,603.0
2024-04-26 12:00:00,11.4,594.0
2024-04-26 13:00:00,15.0,607.0
2024-04-26 14:00:00,11.8,514.0
2024-04-26 15:00:00,12.7,451.0
2024-04-26 16:00:00,14.2,295.0
2024-04-26 17:00:00,11.4,158.0
2024-04-26 18:00:00,8.8,37.0
2024-04-26 19:00:00,6.4,0.0
2024-04-26 20:00:00,6.7,0.0
2024-04-26 21:00:00,5.5,0.0
2024-04-26 22:00:00,5.7,0.0
2024-04-26 23:00:00,5.4,0.0
2024-04-27 00:00:00,5.8,0.0
2024-04-27 01:00:00,5.2,0.0
2024-04-27 02:00:00,7.2,0.0
2024-04-27 03:00:00,5.6,0.0
2024-04-27 04:00:00,5.7,0.0
2024-04-27 05:00:00,4.6,22.0
2024-04-27 06:00:00,6.7,154.0
2024-04-27 07:00:00,6.1,331.0
2024-04-27 08:00:00,9.7,521.0
2024-04-27 09:00:00,14.7,688.0
2024-04-27 10:00:00,18.1,805.0
2024-04-27 11:00:00,19.8,789.0
2024-04-27 12:00:00,20.5,842.0
2024-04-27 13:00:00,18.1,787.0
2024-04-27 14:00:00,18.1,690.0
2024-04-27 15:00:00,17.2,580.0
2024-04-27 16:00:00,14.1,401.0
2024-04-27 17:00:00,6.8,207.0
2024-04-27 18:00:00,6.0,49.0
2024-04-27 19:00:00,6.6,0.0
2024-04-27 20:00:00,1.4,0.0
2024-04-27 21:00:00,4.8,0.0
2024-04-27 22:00:00,6.0,0.0
2024-04-27 23:00:00,4.8,0.0
2024-04-28 00:00:00,5.4,0.0
2024-04-28 01:00:00,6.3,0.0
2024-04-28 02:00:00,5.7,0.0
2024-04-28 03:00:00,6.2,0.0
2024-04-28 04:00:00,6.0,0.0
2024-04-28 05:00:00,8.2,25.0
2024-04-28 06:00:00,7.9,159.0
2024-04-28 07:00:00,7.2,335.0
2024-04-28 08:00:00,7.9,535.0
2024-04-28 09:00:00,7.3,695.0
2024-04-28 10:00:00,5.2,801.0
2024-04-28 11:00:00,6.0,864.0
2024-04-28 12:00:00,8.7,881.0
2024-04-28 13:00:00,9.0,797.0
2024-04-28 14:00:00,9.0,720.0
2024-04-28 15:00:00,8.8,579.0
2024-04-28 16:00:00,8.2,399.0
2024-04-28 17:00:00,7.2,211.0
2024-04-28 18:00:00,7.2,52.0
2024-04-28 19:00:00,4.3,0.0
2024-04-28 20:00:00,3.6,0.0
2024-04-28 21:00:00,7.7,0.0
2024-04-28 22:00:00,7.6,0.0
2024-04-28 23:00:00,6.4,0.0
2024-04-29 00:00:00,4.3,0.0
2024-04-29 01:00:00,5.9,0.0
2024-04-29 02:00:00,6.1,0.0
2024-04-29 03:00:00,6.3,0.0
2024-04-29 04:00:00,6.3,0.0
2024-04-29 05:00:00,8.4,26.0
2024-04-29 06:00:00,6.2,104.0
2024-04-29 07:00:00,9.0,138.0
2024-04-29 08:00:00,8.8,467.0
2024-04-29 09:00:00,8.4,716.0
2024-04-29 10:00:00,7.9,802.0
2024-04-29 11:00:00,4.3,869.0
2024-04-29 12:00:00,4.3,878.0
2024-04-29 13:00:00,4.8,832.0
2024-04-29 14:00:00,17.1,727.0
2024-04-29 15:00:00,17.9,569.0
2024-04-29 16:00:00,11.5,377.0
2024-04-29 17:00:00,8.2,205.0
2024-04-29 18:00:00,7.2,52.0
2024-04-29 19:00:00,4.6,0.0
2024-04-29 20:00:00,4.8,0.0
2024-04-29 21:00:00,4.2,0.0
2024-04-29 22:00:00,5.1,0.0
2024-04-29 23:00:00,6.9,0.0
2024-04-30 00:00:00,7.4,0.0
2024-04-30 01:00:00,5.6,0.0
2024-04-30 02:00:00,6.9,0.0
2024-04-30 03:00:00,7.0,0.0
2024-04-30 04:00:00,7.1,0.0
2024-04-30 05:00:00,7.2,29.0
2024-04-30 06:00:00,7.3,169.0
2024-04-30 07:00:00,7.9,355.0
2024-04-30 08:00:00,7.6,538.0
2024-04-30 09:00:00,5.9,697.0
2024-04-30 10:00:00,3.9,814.0
2024-04-30 11:00:00,6.1,882.0
2024-04-30 12:00:00,10.8,890.0
2024-04-30 13:00:00,19.1,799.0
2024-04-30 14:00:00,18.5,663.0
2024-04-30 15:00:00,13.5,580.0
2024-04-30 16:00:00,10.9,339.0
2024-04-30 17:00:00,6.6,148.0
2024-04-30 18:00:00,5.4,37.0
2024-04-30 19:00:00,6.6,0.0
2024-04-30 20:00:00,4.5,0.0
2024-04-30 21:00:00,5.7,0.0
2024-04-30 22:00:00,5.9,0.0
2024-04-30 23:00:00,5.8,0.0
2024-05-01 00:00:00,4.7,0.0
2024-05-01 01:00:00,3.2,0.0
2024-05-01 02:00:00,3.4,0.0
2024-05-01 03:00:00,6.2,0.0
2024-05-01 04:00:00,14.5,0.0
2024-05-01 05:00:00,6.6,5.0
2024-05-01 06:00:00,6.7,63.0
2024-05-01 07:00:00,2.3,123.0
2024-05-01 08:00:00,1.3,184.0
2024-05-01 09:00:00,12.9,420.0
2024-05-01 10:00:00,18.6,205.0
2024-05-01 11:00:00,23.9,440.0
2024-05-01 12:00:00,14.8,166.0
2024-05-01 13:00:00,28.5,212.0
2024-05-01 14:00:00,25.9,272.0
2024-05-01 15:00:00,25.2,350.0
2024-05-01 16:00:00,16.8,161.0
2024-05-01 17:00:00,11.7,33.0
2024-05-01 18:00:00,12.6,20.0
2024-05-01 19:00:00,10.1,0.0
2024-05-01 20:00:00,10.2,0.0
2024-05-01 21:00:00,10.2,0.0
2024-05-01 22:00:00,8.5,0.0
2024-05-01 23:00:00,7.4,0.0
2024-05-02 00:00:00,7.9,0.0
2024-05-02 01:00:00,11.8,0.0
2024-05-02 02:00:00,11.2,0.0
2024-05-02 03:00:00,9.9,0.0
2024-05-02 04:00:00,11.0,0.0
2024-05-02 05:00:00,13.0,33.0
2024-05-02 06:00:00,14.4,164.0
2024-05-02 07:00:00,18.8,189.0
2024-05-02 08:00:00,24.6,279.0
2024-05-02 09:00:00,18.8,209.0
2024-05-02 10:00:00,18.1,422.0
2024-05-02 11:00:00,18.7,522.0
2024-05-02 12:00:00,19.2,753.0
2024-05-02 13:00:00,11.2,736.0
2024-05-02 14:00:00,20.4,683.0
2024-05-02 15:00:00,17.2,434.0
2024-05-02 16:00:00,18.5,387.0
2024-05-02 17:00:00,11.1,129.0
2024-05-02 18:00:00,11.7,49.0
2024-05-02 19:00:00,18.1,0.0
2024-05-02 20:00:00,13.2,0.0
2024-05-02 21:00:00,15.8,0.0
2024-05-02 22:00:00,15.0,0.0
2024-05-02 23:00:00,19.3,0.0
2024-05-03 00:00:00,11.2,0.0
2024-05-03 01:00:00,15.3,0.0
2024-05-03 02:00:00,16.6,0.0
2024-05-03 03:00:00,12.0,0.0
2024-05-03 04:00:00,8.6,0.0
2024-05-03 05:00:00,9.6,28.0
2024-05-03 06:00:00,11.5,147.0
2024-05-03 07:00:00,13.1,279.0
2024-05-03 08:00:00,11.6,386.0
2024-05-03 09:00:00,10.8,391.0
2024-05-03 10:00:00,4.6,740.0
2024-05-03 11:00:00,12.1,791.0
2024-05-03 12:00:00,19.7,776.0
2024-05-03 13:00:00,15.5,716.0
2024-05-03 14:00:00,18.4,675.0
2024-05-03 15:00:00,14.0,302.0
2024-05-03 16:00:00,13.9,261.0
2024-05-03 17:00:00,6.1,136.0
2024-05-03 18:00:00,3.1,50.0
2024-05-03 19:00:00,6.3,0.0
2024-05-03 20:00:00,3.2,0.0
2024-05-03 21:00:00,5.1,0.0
2024-05-03 22:00:00,3.9,0.0
2024-05-03 23:00:00,4.4,0.0
2024-05-04 00:00:00,6.2,0.0
2024-05-04 01:00:00,8.6,0.0
2024-05-04 02:00:00,5.6,0.0
2024-05-04 03:00:00,4.9,0.0
2024-05-04 04:00:00,5.8,0.0
2024-05-04 05:00:00,7.1,37.0
2024-05-04 06:00:00,4.9,182.0
2024-05-04 07:00:00,4.3,369.0
2024-05-04 08:00:00,9.7,550.0
2024-05-04 09:00:00,12.8,711.0
2024-05-04 10:00:00,13.0,730.0
2024-05-04 11:00:00,10.2,684.0
2024-05-04 12:00:00,12.0,534.0
2024-05-04 13:00:00,9.4,524.0
2024-05-04 14:00:00,11.2,666.0
2024-05-04 15:00:00,9.2,550.0
2024-05-04 16:00:00,8.9,403.0
2024-05-04 17:00:00,7.9,207.0
2024-05-04 18:00:00,8.8,61.0
2024-05-04 19:00:00,10.5,0.0
2024-05-04 20:00:00,5.4,0.0
2024-05-04 21:00:00,2.8,0.0
2024-05-04 22:00:00,4.0,0.0
2024-05-04 23:00:00,2.8,0.0
2024-05-05 00:00:00,3.6,0.0
2024-05-05 01:00:00,5.1,0.0
2024-05-05 02:00:00,6.2,0.0
2024-05-05 03:00:00,5.8,0.0
2024-05-05 04:00:00,3.6,0.0
2024-05-05 05:00:00,6.6,37.0
2024-05-05 06:00:00,5.2,181.0
2024-05-05 07:00:00,4.6,363.0
2024-05-05 08:00:00,3.2,544.0
2024-05-05 09:00:00,1.3,701.0
2024-05-05 10:00:00,1.8,815.0
2024-05-05 11:00:00,3.9,882.0
2024-05-05 12:00:00,7.8,907.0
2024-05-05 13:00:00,13.9,710.0
2024-05-05 14:00:00,13.1,664.0
2024-05-05 15:00:00,12.6,560.0
2024-05-05 16:00:00,12.1,388.0
2024-05-05 17:00:00,9.4,208.0
2024-05-05 18:00:00,9.3,62.0
2024-05-05 19:00:00,6.9,1.0
2024-05-05 20:00:00,5.8,0.0
2024-05-05 21:00:00,3.0,0.0
2024-05-05 22:00:00,3.5,0.0
2024-05-05 23:00:00,2.5,0.0
2024-05-06 00:00:00,5.5,0.0
2024-05-06 01:00:00,4.3,0.0
2024-05-06 02:00:00,5.7,0.0
2024-05-06 03:00:00,5.3,0.0
2024-05-06 04:00:00,6.4,0.0
2024-05-06 05:00:00,7.3,39.0
2024-05-06 06:00:00,5.8,155.0
2024-05-06 07:00:00,4.0,305.0
2024-05-06 08:00:00,2.3,443.0
2024-05-06 09:00:00,5.1,568.0
2024-05-06 10:00:00,6.9,708.0
2024-05-06 11:00:00,8.7,851.0
2024-05-06 12:00:00,12.9,863.0
2024-05-06 13:00:00,15.9,784.0
2024-05-06 14:00:00,16.8,669.0
2024-05-06 15:00:00,15.9,526.0
2024-05-06 16:00:00,12.6,378.0
2024-05-06 17:00:00,10.4,224.0
2024-05-06 18:00:00,8.7,65.0
2024-05-06 19:00:00,7.5,1.0
2024-05-06 20:00:00,4.7,0.0
2024-05-06 21:00:00,2.6,0.0
2024-05-06 22:00:00,3.8,0.0
2024-05-06 23:00:00,3.9,0.0
2024-05-07 00:00:00,5.5,0.0
2024-05-07 01:00:00,4.6,0.0
2024-05-07 02:00:00,3.1,0.0
2024-05-07 03:00:00,2.8,0.0
2024-05-07 04:00:00,5.2,0.0
2024-05-07 05:00:00,5.9,28.0
2024-05-07 06:00:00,3.3,118.0
2024-05-07 07:00:00,3.3,301.0
2024-05-07 08:00:00,8.0,482.0
2024-05-07 09:00:00,13.8,627.0
2024-05-07 10:00:00,15.1,816.0
2024-05-07 11:00:00,16.6,707.0
2024-05-07 12:00:00,18.4,769.0
2024-05-07 13:00:00,16.6,393.0
2024-05-07 14:00:00,14.3,420.0
2024-05-07 15:00:00,15.5,412.0
2024-05-07 16:00:00,10.8,276.0
2024-05-07 17:00:00,5.8,171.0
2024-05-07 18:00:00,4.3,54.0
2024-05-07 19:00:00,7.4,1.0
2024-05-07 20:00:00,9.2,0.0
2024-05-07 21:00:00,8.4,0.0
2024-05-07 22:00:00,6.1,0.0
2024-05-07 23:00:00,3.8,0.0
2024-05-08 00:00:00,1.1,0.0
2024-05-08 01:00:00,2.9,0.0
2024-05-08 02:00:00,2.3,0.0
2024-05-08 03:00:00,4.5,0.0
2024-05-08 04:00:00,5.4,0.0
2024-05-08 05:00:00,5.2,34.0
2024-05-08 06:00:00,5.2,157.0
2024-05-08 07:00:00,6.9,337.0
2024-05-08 08:00:00,7.7,507.0
2024-05-08 09:00:00,6.6,674.0
2024-05-08 10:00:00,3.9,703.0
2024-05-08 11:00:00,1.8,796.0
2024-05-08 12:00:00,7.7,746.0
2024-05-08 13:00:00,9.1,624.0
2024-05-08 14:00:00,17.1,352.0
2024-05-08 15:00:00,13.3,157.0
2024-05-08 16:00:00,8.5,90.0
2024-05-08 17:00:00,2.8,71.0
2024-05-08 18:00:00,3.8,21.0
2024-05-08 19:00:00,3.7,0.0
2024-05-08 20:00:00,4.8,0.0
2024-05-08 21:00:00,9.7,0.0
2024-05-08 22:00:00,9.7,0.0
2024-05-08 23:00:00,8.7,0.0
2024-05-09 00:00:00,6.8,0.0
2024-05-09 01:00:00,12.0,0.0
2024-05-09 02:00:00,11.8,0.0
2024-05-09 03:00:00,7.9,0.0
2024-05-09 04:00:00,8.9,0.0
2024-05-09 05:00:00,10.5,35.0
2024-05-09 06:00:00,8.8,177.0
2024-05-09 07:00:00,9.0,375.0
2024-05-09 08:00:00,7.9,554.0
2024-05-09 09:00:00,7.6,713.0
2024-05-09 10:00:00,8.0,826.0
2024-05-09 11:00:00,7.6,877.0
2024-05-09 12:00:00,7.4,800.0
2024-05-09 13:00:00,4.7,467.0
2024-05-09 14:00:00,8.9,503.0
2024-05-09 15:00:00,0.8,226.0
2024-05-09 16:00:00,1.6,238.0
2024-05-09 17:00:00,2.9,170.0
2024-05-09 18:00:00,7.7,61.0
2024-05-09 19:00:00,6.3,1.0
2024-05-09 20:00:00,8.5,0.0
2024-05-09 21:00:00,9.1,0.0
2024-05-09 22:00:00,7.4,0.0
2024-05-09 23:00:00,6.9,0.0
2024-05-10 00:00:00,7.8,0.0
2024-05-10 01:00:00,7.3,0.0
2024-05-10 02:00:00,8.5,0.0
2024-05-10 03:00:00,7.2,0.0
2024-05-10 04:00:00,7.2,0.0
2024-05-10 05:00:00,9.5,45.0
2024-05-10 06:00:00,7.6,186.0
2024-05-10 07:00:00,8.3,353.0
2024-05-10 08:00:00,9.0,513.0
2024-05-10 09:00:00,7.6,692.0
2024-05-10 10:00:00,5.2,827.0
2024-05-10 11:00:00,4.1,861.0
2024-05-10 12:00:00,3.1,809.0
2024-05-10 13:00:00,7.5,683.0
2024-05-10 14:00:00,8.8,575.0
2024-05-10 15:00:00,12.3,390.0
2024-05-10 16:00:00,13.4,357.0
2024-05-10 17:00:00,7.2,202.0
2024-05-10 18:00:00,4.8,65.0
2024-05-10 19:00:00,2.6,2.0
2024-05-10 20:00:00,4.0,0.0
2024-05-10 21:00:00,5.2,0.0
2024-05-10 22:00:00,5.3,0.0
2024-05-10 23:00:00,6.3,0.0
2024-05-11 00:00:00,6.9,0.0
2024-05-11 01:00:00,7.2,0.0
2024-05-11 02:00:00,6.6,0.0
2024-05-11 03:00:00,7.7,0.0
2024-05-11 04:00:00,6.8,0.0
2024-05-11 05:00:00,7.8,50.0
2024-05-11 06:00:00,6.4,202.0
2024-05-11 07:00:00,6.6,389.0
2024-05-11 08:00:00,5.4,572.0
2024-05-11 09:00:00,2.9,730.0
2024-05-11 10:00:00,1.9,844.0
2024-05-11 11:00:00,3.6,904.0
2024-05-11 12:00:00,2.3,866.0
2024-05-11 13:00:00,7.4,732.0
2024-05-11 14:00:00,18.3,711.0
2024-05-11 15:00:00,17.7,553.0
2024-05-11 16:00:00,13.2,421.0
2024-05-11 17:00:00,11.1,235.0
2024-05-11 18:00:00,10.5,75.0
2024-05-11 19:00:00,8.3,2.0
2024-05-11 20:00:00,6.0,0.0
2024-05-11 21:00:00,4.7,0.0
2024-05-11 22:00:00,4.0,0.0
2024-05-11 23:00:00,1.1,0.0
2024-05-12 00:00:00,1.8,0.0
2024-05-12 01:00:00,4.3,0.0
2024-05-12 02:00:00,6.5,0.0
2024-05-12 03:00:00,4.7,0.0
2024-05-12 04:00:00,4.7,0.0
2024-05-12 05:00:00,5.3,52.0
2024-05-12 06:00:00,4.8,206.0
2024-05-12 07:00:00,5.0,393.0
2024-05-12 08:00:00,3.3,575.0
2024-05-12 09:00:00,2.3,731.0
2024-05-12 10:00:00,4.0,847.0
2024-05-12 11:00:00,3.7,910.0
2024-05-12 12:00:00,3.9,928.0
2024-05-12 13:00:00,12.3,786.0
2024-05-12 14:00:00,16.1,701.0
2024-05-12 15:00:00,16.8,562.0
2024-05-12 16:00:00,14.7,431.0
2024-05-12 17:00:00,10.7,240.0
2024-05-12 18:00:00,8.8,77.0
2024-05-12 19:00:00,6.0,2.0
2024-05-12 20:00:00,5.4,0.0
2024-05-12 21:00:00,2.0,0.0
2024-05-12 22:00:00,1.5,0.0
2024-05-12 23:00:00,3.6,0.0
2024-05-13 00:00:00,5.5,0.0
2024-05-13 01:00:00,2.5,0.0
2024-05-13 02:00:00,4.8,0.0
2024-05-13 03:00:00,3.9,0.0
2024-05-13 04:00:00,4.2,0.0
2024-05-13 05:00:00,5.8,36.0
2024-05-13 06:00:00,6.0,131.0
2024-05-13 07:00:00,4.8,316.0
2024-05-13 08:00:00,2.9,516.0
2024-05-13 09:00:00,0.8,699.0
2024-05-13 10:00:00,2.7,821.0
2024-05-13 11:00:00,3.5,832.0
2024-05-13 12:00:00,8.2,843.0
2024-05-13 13:00:00,7.6,669.0
2024-05-13 14:00:00,2.0,587.0
2024-05-13 15:00:00,6.8,559.0
2024-05-13 16:00:00,9.0,400.0
2024-05-13 17:00:00,9.4,194.0
2024-05-13 18:00:00,8.4,58.0
2024-05-13 19:00:00,7.7,2.0
2024-05-13 20:00:00,4.7,0.0
2024-05-13 21:00:00,3.3,0.0
2024-05-13 22:00:00,2.6,0.0
2024-05-13 23:00:00,4.9,0.0
2024-05-14 00:00:00,4.3,0.0
2024-05-14 01:00:00,4.3,0.0
2024-05-14 02:00:00,4.9,0.0
2024-05-14 03:00:00,5.3,0.0
2024-05-14 04:00:00,7.1,0.0
2024-05-14 05:00:00,7.2,54.0
2024-05-14 06:00:00,7.3,203.0
2024-05-14 07:00:00,8.0,387.0
2024-05-14 08:00:00,5.8,566.0
2024-05-14 09:00:00,3.7,720.0
2024-05-14 10:00:00,2.9,818.0
2024-05-14 11:00:00,2.4,866.0
2024-05-14 12:00:00,6.0,890.0
2024-05-14 13:00:00,8.0,854.0
2024-05-14 14:00:00,16.6,673.0
2024-05-14 15:00:00,15.3,507.0
2024-05-14 16:00:00,14.2,425.0
2024-05-14 17:00:00,9.9,232.0
2024-05-14 18:00:00,5.0,78.0
2024-05-14 19:00:00,4.4,3.0
2024-05-14 20:00:00,4.4,0.0
2024-05-14 21:00:00,4.0,0.0
2024-05-14 22:00:00,3.3,0.0
2024-05-14 23:00:00,3.4,0.0
2024-05-15 00:00:00,3.9,0.0
2024-05-15 01:00:00,5.8,0.0
2024-05-15 02:00:00,5.1,0.0
2024-05-15 03:00:00,5.5,0.0
2024-05-15 04:00:00,4.7,0.0
2024-05-15 05:00:00,4.1,41.0
2024-05-15 06:00:00,4.7,189.0
2024-05-15 07:00:00,8.7,333.0
2024-05-15 08:00:00,1.8,548.0
2024-05-15 09:00:00,14.9,707.0
2024-05-15 10:00:00,17.5,788.0
2024-05-15 11:00:00,22.0,866.0
2024-05-15 12:00:00,22.7,781.0
2024-05-15 13:00:00,17.8,833.0
2024-05-15 14:00:00,17.8,733.0
2024-05-15 15:00:00,20.1,556.0
2024-05-15 16:00:00,19.4,380.0
2024-05-15 17:00:00,19.0,209.0
2024-05-15 18:00:00,14.7,65.0
2024-05-15 19:00:00,11.8,3.0
2024-05-15 20:00:00,10.3,0.0
2024-05-15 21:00:00,5.0,0.0
2024-05-15 22:00:00,4.2,0.0
2024-05-15 23:00:00,2.6,0.0
2024-05-16 00:00:00,5.2,0.0
2024-05-16 01:00:00,5.6,0.0
2024-05-16 02:00:00,4.1,0.0
2024-05-16 03:00:00,5.8,0.0
2024-05-16 04:00:00,4.6,0.0
2024-05-16 05:00:00,6.5,53.0
2024-05-16 06:00:00,6.8,189.0
2024-05-16 07:00:00,10.2,378.0
2024-05-16 08:00:00,5.6,569.0
2024-05-16 09:00:00,12.1,706.0
2024-05-16 10:00:00,20.0,792.0
2024-05-16 11:00:00,23.5,867.0
2024-05-16 12:00:00,23.4,891.0
2024-05-16 13:00:00,17.3,803.0
2024-05-16 14:00:00,18.6,758.0
2024-05-16 15:00:00,16.9,613.0
2024-05-16 16:00:00,18.1,429.0
2024-05-16 17:00:00,13.3,247.0
2024-05-16 18:00:00,8.7,84.0
2024-05-16 19:00:00,7.8,4.0
2024-05-16 20:00:00,9.5,0.0
2024-05-16 21:00:00,11.8,0.0
2024-05-16 22:00:00,13.2,0.0
2024-05-16 23:00:00,10.5,0.0
2024-05-17 00:00:00,8.1,0.0
2024-05-17 01:00:00,8.2,0.0
2024-05-17 02:00:00,6.6,0.0
2024-05-17 03:00:00,6.0,0.0
2024-05-17 04:00:00,5.3,0.0
2024-05-17 05:00:00,6.8,53.0
2024-05-17 06:00:00,4.7,182.0
2024-05-17 07:00:00,5.6,368.0
2024-05-17 08:00:00,8.2,537.0
2024-05-17 09:00:00,9.5,689.0
2024-05-17 10:00:00,10.9,845.0
2024-05-17 11:00:00,12.5,909.0
2024-05-17 12:00:00,12.7,916.0
2024-05-17 13:00:00,11.8,869.0
2024-05-17 14:00:00,15.3,766.0
2024-05-17 15:00:00,12.5,620.0
2024-05-17 16:00:00,7.8,444.0
2024-05-17 17:00:00,4.8,256.0
2024-05-17 18:00:00,4.7,89.0
2024-05-17 19:00:00,7.9,4.0
2024-05-17 20:00:00,6.4,0.0
2024-05-17 21:00:00,4.0,0.0
2024-05-17 22:00:00,4.1,0.0
2024-05-17 23:00:00,7.3,0.0
2024-05-18 00:00:00,7.4,0.0
2024-05-18 01:00:00,5.4,0.0
2024-05-18 02:00:00,6.1,0.0
2024-05-18 03:00:00,5.8,0.0
2024-05-18 04:00:00,8.1,1.0
2024-05-18 05:00:00,7.6,59.0
2024-05-18 06:00:00,5.8,204.0
2024-05-18 07:00:00,7.3,369.0
2024-05-18 08:00:00,2.6,561.0
2024-05-18 09:00:00,5.1,363.0
2024-05-18 10:00:00,3.4,373.0
2024-05-18 11:00:00,3.3,492.0
2024-05-18 12:00:00,5.1,410.0
2024-05-18 13:00:00,3.1,480.0
2024-05-18 14:00:00,5.0,724.0
2024-05-18 15:00:00,6.7,582.0
2024-05-18 16:00:00,7.7,418.0
2024-05-18 17:00:00,9.3,212.0
2024-05-18 18:00:00,9.2,85.0
2024-05-18 19:00:00,11.7,4.0
2024-05-18 20:00:00,8.2,0.0
2024-05-18 21:00:00,4.8,0.0
2024-05-18 22:00:00,5.2,0.0
2024-05-18 23:00:00,4.4,0.0
2024-05-19 00:00:00,4.3,0.0
2024-05-19 01:00:00,4.1,0.0
2024-05-19 02:00:00,6.1,0.0
2024-05-19 03:00:00,6.3,0.0
2024-05-19 04:00:00,4.7,1.0
2024-05-19 05:00:00,7.8,59.0
2024-05-19 06:00:00,7.2,132.0
2024-05-19 07:00:00,6.8,202.0
2024-05-19 08:00:00,7.2,217.0
2024-05-19 09:00:00,4.0,290.0
2024-05-19 10:00:00,3.1,363.0
2024-05-19 11:00:00,3.4,358.0
2024-05-19 12:00:00,9.5,170.0
2024-05-19 13:00:00,12.0,131.0
2024-05-19 14:00:00,9.3,308.0
2024-05-19 15:00:00,5.4,353.0
2024-05-19 16:00:00,3.0,309.0
2024-05-19 17:00:00,8.2,190.0
2024-05-19 18:00:00,4.8,76.0
2024-05-19 19:00:00,7.1,4.0
2024-05-19 20:00:00,5.2,0.0
2024-05-19 21:00:00,4.8,0.0
2024-05-19 22:00:00,7.7,0.0
2024-05-19 23:00:00,6.8,0.0
2024-05-20 00:00:00,5.5,0.0
2024-05-20 01:00:00,5.0,0.0
2024-05-20 02:00:00,7.2,0.0
2024-05-20 03:00:00,7.2,0.0
2024-05-20 04:00:00,5.4,1.0
2024-05-20 05:00:00,6.2,57.0
2024-05-20 06:00:00,6.3,159.0
2024-05-20 07:00:00,5.9,278.0
2024-05-20 08:00:00,6.6,343.0
2024-05-20 09:00:00,5.8,454.0
2024-05-20 10:00:00,5.6,530.0
2024-05-20 11:00:00,5.4,488.0
2024-05-20 12:00:00,8.3,336.0
2024-05-20 13:00:00,4.3,464.0
2024-05-20 14:00:00,6.7,380.0
2024-05-20 15:00:00,4.8,552.0
2024-05-20 16:00:00,4.7,158.0
2024-05-20 17:00:00,7.6,216.0
2024-05-20 18:00:00,11.6,82.0
2024-05-20 19:00:00,10.0,3.0
2024-05-20 20:00:00,12.9,0.0
2024-05-20 21:00:00,4.8,0.0
2024-05-20 22:00:00,5.0,0.0
2024-05-20 23:00:00,3.6,0.0
2024-05-21 00:00:00,7.8,0.0
2024-05-21 01:00:00,4.1,0.0
2024-05-21 02:00:00,6.4,0.0
2024-05-21 03:00:00,5.0,0.0
2024-05-21 04:00:00,7.3,0.0
2024-05-21 05:00:00,9.3,36.0
2024-05-21 06:00:00,9.6,69.0
2024-05-21 07:00:00,10.4,98.0
2024-05-21 08:00:00,12.7,359.0
2024-05-21 09:00:00,14.5,638.0
2024-05-21 10:00:00,16.7,808.0
2024-05-21 11:00:00,16.7,637.0
2024-05-21 12:00:00,17.7,886.0
2024-05-21 13:00:00,15.6,765.0
2024-05-21 14:00:00,18.1,580.0
2024-05-21 15:00:00,17.4,572.0
2024-05-21 16:00:00,16.2,355.0
2024-05-21 17:00:00,13.5,204.0
2024-05-21 18:00:00,15.1,64.0
2024-05-21 19:00:00,13.7,6.0
2024-05-21 20:00:00,13.4,0.0
2024-05-21 21:00:00,12.6,0.0
2024-05-21 22:00:00,14.2,0.0
2024-05-21 23:00:00,13.2,0.0
2024-05-22 00:00:00,13.2,0.0
2024-05-22 01:00:00,8.0,0.0
2024-05-22 02:00:00,5.6,0.0
2024-05-22 03:00:00,8.0,0.0
2024-05-22 04:00:00,7.0,1.0
2024-05-22 05:00:00,7.7,57.0
2024-05-22 06:00:00,5.7,182.0
2024-05-22 07:00:00,10.0,363.0
2024-05-22 08:00:00,11.7,548.0
2024-05-22 09:00:00,13.5,660.0
2024-05-22 10:00:00,15.0,765.0
2024-05-22 11:00:00,16.5,806.0
2024-05-22 12:00:00,18.1,793.0
2024-05-22 13:00:00,15.9,794.0
2024-05-22 14:00:00,16.0,693.0
2024-05-22 15:00:00,18.3,509.0
2024-05-22 16:00:00,12.1,283.0
2024-05-22 17:00:00,7.9,168.0
2024-05-22 18:00:00,13.3,64.0
2024-05-22 19:00:00,8.3,5.0
2024-05-22 20:00:00,7.6,0.0
2024-05-22 21:00:00,7.9,0.0
2024-05-22 22:00:00,5.6,0.0
2024-05-22 23:00:00,3.6,0.0
2024-05-23 00:00:00,5.1,0.0
2024-05-23 01:00:00,5.2,0.0
2024-05-23 02:00:00,4.1,0.0
2024-05-23 03:00:00,3.7,0.0
2024-05-23 04:00:00,3.6,1.0
2024-05-23 05:00:00,6.4,59.0
2024-05-23 06:00:00,3.4,220.0
2024-05-23 07:00:00,2.5,402.0
2024-05-23 08:00:00,5.4,561.0
2024-05-23 09:00:00,9.4,667.0
2024-05-23 10:00:00,14.8,754.0
2024-05-23 11:00:00,19.4,842.0
2024-05-23 12:00:00,19.2,806.0
2024-05-23 13:00:00,17.1,853.0
2024-05-23 14:00:00,16.5,787.0
2024-05-23 15:00:00,16.6,641.0
2024-05-23 16:00:00,14.5,455.0
2024-05-23 17:00:00,11.5,267.0
2024-05-23 18:00:00,4.6,99.0
2024-05-23 19:00:00,6.4,7.0
2024-05-23 20:00:00,5.1,0.0
2024-05-23 21:00:00,5.8,0.0
2024-05-23 22:00:00,5.9,0.0
2024-05-23 23:00:00,4.1,0.0
2024-05-24 00:00:00,5.0,0.0
2024-05-24 01:00:00,4.9,0.0
2024-05-24 02:00:00,4.6,0.0
2024-05-24 03:00:00,5.9,0.0
2024-05-24 04:00:00,5.0,2.0
2024-05-24 05:00:00,5.8,60.0
2024-05-24 06:00:00,4.9,186.0
2024-05-24 07:00:00,5.2,364.0
2024-05-24 08:00:00,4.1,561.0
2024-05-24 09:00:00,2.3,730.0
2024-05-24 10:00:00,0.8,836.0
2024-05-24 11:00:00,1.5,909.0
2024-05-24 12:00:00,3.5,901.0
2024-05-24 13:00:00,7.3,883.0
2024-05-24 14:00:00,14.0,752.0
2024-05-24 15:00:00,17.4,616.0
2024-05-24 16:00:00,14.9,424.0
2024-05-24 17:00:00,10.0,227.0
2024-05-24 18:00:00,3.9,88.0
2024-05-24 19:00:00,3.8,6.0
2024-05-24 20:00:00,4.2,0.0
2024-05-24 21:00:00,2.1,0.0
2024-05-24 22:00:00,4.4,0.0
2024-05-24 23:00:00,4.2,0.0
2024-05-25 00:00:00,4.0,0.0
2024-05-25 01:00:00,4.6,0.0
2024-05-25 02:00:00,5.0,0.0
2024-05-25 03:00:00,6.0,0.0
2024-05-25 04:00:00,3.9,2.0
2024-05-25 05:00:00,4.1,64.0
2024-05-25 06:00:00,6.1,187.0
2024-05-25 07:00:00,6.4,230.0
2024-05-25 08:00:00,2.5,461.0
2024-05-25 09:00:00,2.9,618.0
2024-05-25 10:00:00,8.4,699.0
2024-05-25 11:00:00,10.6,698.0
2024-05-25 12:00:00,13.1,668.0
2024-05-25 13:00:00,13.4,389.0
2024-05-25 14:00:00,16.3,374.0
2024-05-25 15:00:00,8.4,427.0
2024-05-25 16:00:00,6.4,407.0
2024-05-25 17:00:00,5.1,251.0
2024-05-25 18:00:00,6.6,94.0
2024-05-25 19:00:00,9.0,7.0
2024-05-25 20:00:00,4.1,0.0
2024-05-25 21:00:00,1.5,0.0
2024-05-25 22:00:00,2.9,0.0
2024-05-25 23:00:00,5.6,0.0
2024-05-26 00:00:00,6.1,0.0
2024-05-26 01:00:00,6.4,0.0
2024-05-26 02:00:00,5.1,0.0
2024-05-26 03:00:00,4.5,0.0
2024-05-26 04:00:00,3.8,2.0
2024-05-26 05:00:00,4.1,73.0
2024-05-26 06:00:00,3.7,230.0
2024-05-26 07:00:00,4.6,414.0
2024-05-26 08:00:00,5.8,595.0
2024-05-26 09:00:00,7.4,748.0
2024-05-26 10:00:00,9.4,859.0
2024-05-26 11:00:00,8.9,919.0
2024-05-26 12:00:00,7.9,928.0
2024-05-26 13:00:00,10.1,742.0
2024-05-26 14:00:00,13.0,646.0
2024-05-26 15:00:00,12.0,500.0
2024-05-26 16:00:00,12.7,380.0
2024-05-26 17:00:00,16.9,254.0
2024-05-26 18:00:00,14.2,99.0
2024-05-26 19:00:00,11.0,8.0
2024-05-26 20:00:00,7.6,0.0
2024-05-26 21:00:00,2.9,0.0
2024-05-26 22:00:00,1.0,0.0
2024-05-26 23:00:00,4.7,0.0
2024-05-27 00:00:00,5.2,0.0
2024-05-27 01:00:00,3.8,0.0
2024-05-27 02:00:00,4.1,0.0
2024-05-27 03:00:00,4.6,0.0
2024-05-27 04:00:00,4.9,2.0
2024-05-27 05:00:00,6.3,73.0
2024-05-27 06:00:00,6.5,229.0
2024-05-27 07:00:00,6.1,412.0
2024-05-27 08:00:00,3.4,588.0
2024-05-27 09:00:00,3.6,714.0
2024-05-27 10:00:00,5.4,831.0
2024-05-27 11:00:00,6.4,869.0
2024-05-27 12:00:00,11.2,863.0
2024-05-27 13:00:00,13.5,755.0
2024-05-27 14:00:00,16.5,674.0
2024-05-27 15:00:00,15.3,507.0
2024-05-27 16:00:00,17.1,375.0
2024-05-27 17:00:00,12.2,219.0
2024-05-27 18:00:00,9.7,93.0
2024-05-27 19:00:00,10.5,7.0
2024-05-27 20:00:00,7.3,0.0
2024-05-27 21:00:00,6.2,0.0
2024-05-27 22:00:00,5.8,0.0
2024-05-27 23:00:00,5.7,0.0
2024-05-28 00:00:00,4.5,0.0
2024-05-28 01:00:00,3.1,0.0
2024-05-28 02:00:00,4.4,0.0
2024-05-28 03:00:00,3.8,0.0
2024-05-28 04:00:00,5.1,2.0
2024-05-28 05:00:00,6.2,48.0
2024-05-28 06:00:00,3.8,161.0
2024-05-28 07:00:00,3.6,350.0
2024-05-28 08:00:00,0.7,542.0
2024-05-28 09:00:00,4.1,686.0
2024-05-28 10:00:00,7.0,825.0
2024-05-28 11:00:00,11.8,863.0
2024-05-28 12:00:00,17.8,852.0
2024-05-28 13:00:00,12.9,637.0
2024-05-28 14:00:00,9.4,660.0
2024-05-28 15:00:00,9.8,573.0
2024-05-28 16:00:00,12.9,431.0
2024-05-28 17:00:00,13.1,231.0
2024-05-28 18:00:00,9.3,82.0
2024-05-28 19:00:00,7.1,8.0
2024-05-28 20:00:00,4.2,0.0
2024-05-28 21:00:00,4.0,0.0
2024-05-28 22:00:00,2.9,0.0
2024-05-28 23:00:00,4.2,0.0
2024-05-29 00:00:00,4.9,0.0
2024-05-29 01:00:00,5.2,0.0
2024-05-29 02:00:00,5.0,0.0
2024-05-29 03:00:00,5.1,0.0
2024-05-29 04:00:00,5.2,2.0
2024-05-29 05:00:00,4.3,69.0
2024-05-29 06:00:00,3.2,221.0
2024-05-29 07:00:00,5.2,399.0
2024-05-29 08:00:00,3.8,550.0
2024-05-29 09:00:00,4.2,712.0
2024-05-29 10:00:00,4.4,784.0
2024-05-29 11:00:00,4.4,718.0
2024-05-29 12:00:00,13.8,627.0
2024-05-29 13:00:00,12.7,630.0
2024-05-29 14:00:00,12.6,546.0
2024-05-29 15:00:00,10.2,551.0
2024-05-29 16:00:00,10.1,308.0
2024-05-29 17:00:00,7.1,203.0
2024-05-29 18:00:00,6.5,66.0
2024-05-29 19:00:00,5.8,8.0
2024-05-29 20:00:00,4.7,0.0
2024-05-29 21:00:00,4.8,0.0
2024-05-29 22:00:00,6.0,0.0
2024-05-29 23:00:00,6.8,0.0
2024-05-30 00:00:00,5.9,0.0
2024-05-30 01:00:00,3.2,0.0
2024-05-30 02:00:00,1.9,0.0
2024-05-30 03:00:00,1.8,0.0
2024-05-30 04:00:00,3.1,2.0
2024-05-30 05:00:00,2.7,52.0
2024-05-30 06:00:00,2.2,125.0
2024-05-30 07:00:00,3.1,237.0
2024-05-30 08:00:00,9.2,463.0
2024-05-30 09:00:00,12.7,605.0
2024-05-30 10:00:00,15.1,689.0
2024-05-30 11:00:00,17.4,696.0
2024-05-30 12:00:00,17.9,460.0
2024-05-30 13:00:00,18.9,639.0
2024-05-30 14:00:00,18.2,382.0
2024-05-30 15:00:00,16.4,347.0
2024-05-30 16:00:00,16.1,243.0
2024-05-30 17:00:00,17.3,111.0
2024-05-30 18:00:00,14.0,40.0
2024-05-30 19:00:00,15.5,5.0
2024-05-30 20:00:00,16.6,0.0
2024-05-30 21:00:00,18.1,0.0
2024-05-30 22:00:00,18.3,0.0
2024-05-30 23:00:00,17.2,0.0
2024-05-31 00:00:00,15.0,0.0
2024-05-31 01:00:00,16.9,0.0
2024-05-31 02:00:00,17.7,0.0
2024-05-31 03:00:00,19.6,0.0
2024-05-31 04:00:00,19.5,1.0
2024-05-31 05:00:00,18.1,45.0
2024-05-31 06:00:00,21.2,171.0
2024-05-31 07:00:00,17.0,172.0
2024-05-31 08:00:00,23.0,302.0
2024-05-31 09:00:00,26.1,691.0
2024-05-31 10:00:00,26.9,821.0
2024-05-31 11:00:00,28.7,885.0
2024-05-31 12:00:00,27.1,922.0
2024-05-31 13:00:00,26.2,897.0
2024-05-31 14:00:00,26.1,789.0
2024-05-31 15:00:00,23.3,644.0
2024-05-31 16:00:00,23.4,472.0
2024-05-31 17:00:00,20.9,282.0
2024-05-31 18:00:00,15.3,114.0
2024-05-31 19:00:00,11.3,10.0
2024-05-31 20:00:00,10.6,0.0
2024-05-31 21:00:00,11.1,0.0
2024-05-31 22:00:00,12.6,0.0
2024-05-31 23:00:00,12.2,0.0
2024-06-01 00:00:00,11.1,0.0
2024-06-01 01:00:00,8.7,0.0
2024-06-01 02:00:00,7.2,0.0
2024-06-01 03:00:00,5.6,0.0
2024-06-01 04:00:00,5.3,3.0
2024-06-01 05:00:00,6.7,74.0
2024-06-01 06:00:00,5.4,215.0
2024-06-01 07:00:00,10.4,377.0
2024-06-01 08:00:00,13.6,526.0
2024-06-01 09:00:00,12.9,708.0
2024-06-01 10:00:00,15.0,823.0
2024-06-01 11:00:00,15.8,886.0
2024-06-01 12:00:00,14.1,889.0
2024-06-01 13:00:00,19.2,891.0
2024-06-01 14:00:00,18.5,792.0
2024-06-01 15:00:00,16.1,648.0
2024-06-01 16:00:00,14.5,473.0
2024-06-01 17:00:00,10.8,288.0
2024-06-01 18:00:00,6.2,116.0
2024-06-01 19:00:00,6.6,11.0
2024-06-01 20:00:00,5.4,0.0
2024-06-01 21:00:00,3.9,0.0
2024-06-01 22:00:00,1.1,0.0
2024-06-01 23:00:00,4.3,0.0
2024-06-02 00:00:00,5.3,0.0
2024-06-02 01:00:00,5.3,0.0
2024-06-02 02:00:00,7.2,0.0
2024-06-02 03:00:00,6.6,0.0
2024-06-02 04:00:00,6.5,3.0
2024-06-02 05:00:00,7.1,74.0
2024-06-02 06:00:00,5.9,202.0
2024-06-02 07:00:00,3.7,239.0
2024-06-02 08:00:00,10.1,124.0
2024-06-02 09:00:00,7.1,219.0
2024-06-02 10:00:00,3.9,277.0
2024-06-02 11:00:00,4.8,160.0
2024-06-02 12:00:00,6.5,190.0
2024-06-02 13:00:00,4.7,534.0
2024-06-02 14:00:00,3.6,695.0
2024-06-02 15:00:00,6.2,468.0
2024-06-02 16:00:00,7.1,403.0
2024-06-02 17:00:00,7.4,233.0
2024-06-02 18:00:00,7.9,105.0
2024-06-02 19:00:00,11.0,11.0
2024-06-02 20:00:00,7.9,0.0
2024-06-02 21:00:00,2.5,0.0
2024-06-02 22:00:00,1.3,0.0
2024-06-02 23:00:00,2.5,0.0
2024-06-03 00:00:00,4.3,0.0
2024-06-03 01:00:00,7.4,0.0
2024-06-03 02:00:00,4.7,0.0
2024-06-03 03:00:00,3.9,0.0
2024-06-03 04:00:00,5.6,3.0
2024-06-03 05:00:00,6.2,67.0
2024-06-03 06:00:00,8.1,211.0
2024-06-03 07:00:00,11.3,404.0
2024-06-03 08:00:00,7.9,516.0
2024-06-03 09:00:00,5.0,692.0
2024-06-03 10:00:00,3.9,776.0
2024-06-03 11:00:00,2.3,865.0
2024-06-03 12:00:00,4.7,791.0
2024-06-03 13:00:00,8.0,780.0
2024-06-03 14:00:00,8.8,716.0
2024-06-03 15:00:00,9.6,580.0
2024-06-03 16:00:00,11.7,416.0
2024-06-03 17:00:00,12.3,268.0
2024-06-03 18:00:00,10.6,114.0
2024-06-03 19:00:00,8.2,12.0
2024-06-03 20:00:00,5.9,0.0
2024-06-03 21:00:00,2.3,0.0
2024-06-03 22:00:00,3.3,0.0
2024-06-03 23:00:00,3.2,0.0
2024-06-04 00:00:00,1.8,0.0
2024-06-04 01:00:00,5.0,0.0
2024-06-04 02:00:00,5.6,0.0
2024-06-04 03:00:00,5.7,0.0
2024-06-04 04:00:00,4.6,3.0
2024-06-04 05:00:00,4.6,78.0
2024-06-04 06:00:00,4.2,234.0
2024-06-04 07:00:00,4.5,414.0
2024-06-04 08:00:00,2.9,589.0
2024-06-04 09:00:00,2.7,739.0
2024-06-04 10:00:00,2.3,825.0
2024-06-04 11:00:00,3.2,742.0
2024-06-04 12:00:00,5.7,755.0
2024-06-04 13:00:00,6.2,825.0
2024-06-04 14:00:00,9.8,691.0
2024-06-04 15:00:00,15.3,525.0
2024-06-04 16:00:00,17.9,357.0
2024-06-04 17:00:00,15.6,270.0
2024-06-04 18:00:00,11.0,103.0
2024-06-04 19:00:00,5.8,11.0
2024-06-04 20:00:00,3.0,0.0
2024-06-04 21:00:00,3.9,0.0
2024-06-04 22:00:00,2.9,0.0
2024-06-04 23:00:00,1.1,0.0
2024-06-05 00:00:00,4.6,0.0
2024-06-05 01:00:00,2.0,0.0
2024-06-05 02:00:00,6.9,0.0
2024-06-05 03:00:00,6.8,0.0
2024-06-05 04:00:00,5.8,3.0
2024-06-05 05:00:00,4.8,79.0
2024-06-05 06:00:00,4.3,234.0
2024-06-05 07:00:00,5.0,416.0
2024-06-05 08:00:00,3.1,591.0
2024-06-05 09:00:00,3.1,741.0
2024-06-05 10:00:00,4.3,843.0
2024-06-05 11:00:00,6.7,906.0
2024-06-05 12:00:00,11.4,883.0
2024-06-05 13:00:00,10.9,883.0
2024-06-05 14:00:00,15.8,775.0
2024-06-05 15:00:00,16.3,631.0
2024-06-05 16:00:00,13.4,458.0
2024-06-05 17:00:00,12.0,277.0
2024-06-05 18:00:00,10.1,116.0
2024-06-05 19:00:00,7.6,13.0
2024-06-05 20:00:00,4.7,0.0
2024-06-05 21:00:00,4.5,0.0
2024-06-05 22:00:00,5.0,0.0
2024-06-05 23:00:00,4.3,0.0
2024-06-06 00:00:00,4.9,0.0
2024-06-06 01:00:00,4.2,0.0
2024-06-06 02:00:00,4.8,0.0
2024-06-06 03:00:00,4.5,0.0
2024-06-06 04:00:00,4.3,3.0
2024-06-06 05:00:00,5.3,80.0
2024-06-06 06:00:00,6.3,236.0
2024-06-06 07:00:00,7.2,417.0
2024-06-06 08:00:00,5.9,592.0
2024-06-06 09:00:00,5.4,742.0
2024-06-06 10:00:00,5.1,852.0
2024-06-06 11:00:00,6.1,921.0
2024-06-06 12:00:00,6.1,932.0
2024-06-06 13:00:00,3.3,839.0
2024-06-06 14:00:00,11.4,723.0
2024-06-06 15:00:00,19.7,641.0
2024-06-06 16:00:00,19.0,465.0
2024-06-06 17:00:00,16.5,285.0
2024-06-06 18:00:00,10.8,119.0
2024-06-06 19:00:00,6.1,14.0
2024-06-06 20:00:00,3.8,0.0
2024-06-06 21:00:00,3.7,0.0
2024-06-06 22:00:00,3.5,0.0
2024-06-06 23:00:00,2.9,0.0
2024-06-07 00:00:00,5.5,0.0
2024-06-07 01:00:00,4.7,0.0
2024-06-07 02:00:00,4.8,0.0
2024-06-07 03:00:00,5.4,0.0
2024-06-07 04:00:00,5.4,4.0
2024-06-07 05:00:00,5.4,81.0
2024-06-07 06:00:00,4.6,236.0
2024-06-07 07:00:00,5.1,416.0
2024-06-07 08:00:00,3.5,589.0
2024-06-07 09:00:00,3.3,712.0
2024-06-07 10:00:00,3.4,846.0
2024-06-07 11:00:00,2.5,910.0
2024-06-07 12:00:00,3.0,918.0
2024-06-07 13:00:00,7.3,875.0
2024-06-07 14:00:00,14.8,770.0
2024-06-07 15:00:00,18.2,626.0
2024-06-07 16:00:00,16.5,443.0
2024-06-07 17:00:00,15.0,265.0
2024-06-07 18:00:00,11.0,118.0
2024-06-07 19:00:00,6.1,14.0
2024-06-07 20:00:00,4.8,0.0
2024-06-07 21:00:00,3.6,0.0
2024-06-07 22:00:00,4.0,0.0
2024-06-07 23:00:00,4.3,0.0
2024-06-08 00:00:00,3.9,0.0
2024-06-08 01:00:00,4.0,0.0
2024-06-08 02:00:00,4.6,0.0
2024-06-08 03:00:00,4.6,0.0
2024-06-08 04:00:00,3.3,4.0
2024-06-08 05:00:00,6.2,80.0
2024-06-08 06:00:00,6.3,233.0
2024-06-08 07:00:00,4.8,412.0
2024-06-08 08:00:00,3.1,585.0
2024-06-08 09:00:00,1.5,736.0
2024-06-08 10:00:00,2.3,847.0
2024-06-08 11:00:00,3.9,907.0
2024-06-08 12:00:00,8.2,918.0
2024-06-08 13:00:00,11.3,865.0
2024-06-08 14:00:00,17.1,772.0
2024-06-08 15:00:00,14.8,638.0
2024-06-08 16:00:00,17.5,470.0
2024-06-08 17:00:00,14.6,285.0
2024-06-08 18:00:00,9.1,118.0
2024-06-08 19:00:00,5.4,12.0
2024-06-08 20:00:00,4.4,0.0
2024-06-08 21:00:00,3.6,0.0
2024-06-08 22:00:00,5.5,0.0
2024-06-08 23:00:00,4.0,0.0
2024-06-09 00:00:00,3.7,0.0
2024-06-09 01:00:00,4.1,0.0
2024-06-09 02:00:00,4.0,0.0
2024-06-09 03:00:00,11.3,0.0
2024-06-09 04:00:00,5.2,3.0
2024-06-09 05:00:00,15.7,28.0
2024-06-09 06:00:00,8.4,85.0
2024-06-09 07:00:00,2.6,156.0
2024-06-09 08:00:00,7.2,345.0
2024-06-09 09:00:00,11.3,196.0
2024-06-09 10:00:00,19.4,459.0
2024-06-09 11:00:00,19.5,910.0
2024-06-09 12:00:00,31.4,889.0
2024-06-09 13:00:00,21.6,718.0
2024-06-09 14:00:00,22.3,502.0
2024-06-09 15:00:00,26.7,604.0
2024-06-09 16:00:00,28.9,457.0
2024-06-09 17:00:00,22.1,164.0
2024-06-09 18:00:00,14.6,97.0
2024-06-09 19:00:00,16.0,13.0
2024-06-09 20:00:00,18.0,0.0
2024-06-09 21:00:00,15.6,0.0
2024-06-09 22:00:00,16.9,0.0
2024-06-09 23:00:00,11.3,0.0
2024-06-10 00:00:00,13.1,0.0
2024-06-10 01:00:00,5.0,0.0
2024-06-10 02:00:00,6.1,0.0
2024-06-10 03:00:00,5.4,0.0
2024-06-10 04:00:00,7.3,3.0
2024-06-10 05:00:00,9.3,77.0
2024-06-10 06:00:00,13.4,216.0
2024-06-10 07:00:00,14.0,363.0
2024-06-10 08:00:00,14.8,486.0
2024-06-10 09:00:00,16.3,683.0
2024-06-10 10:00:00,18.9,810.0
2024-06-10 11:00:00,20.6,686.0
2024-06-10 12:00:00,18.0,590.0
2024-06-10 13:00:00,19.1,418.0
2024-06-10 14:00:00,21.8,740.0
2024-06-10 15:00:00,20.3,562.0
2024-06-10 16:00:00,18.8,343.0
2024-06-10 17:00:00,16.9,223.0
2024-06-10 18:00:00,16.6,93.0
2024-06-10 19:00:00,13.9,12.0
2024-06-10 20:00:00,8.3,0.0
2024-06-10 21:00:00,9.3,0.0
2024-06-10 22:00:00,9.3,0.0
2024-06-10 23:00:00,9.0,0.0
2024-06-11 00:00:00,8.9,0.0
2024-06-11 01:00:00,11.4,0.0
2024-06-11 02:00:00,11.1,0.0
2024-06-11 03:00:00,9.7,0.0
2024-06-11 04:00:00,10.8,3.0
2024-06-11 05:00:00,11.1,75.0
2024-06-11 06:00:00,12.6,173.0
2024-06-11 07:00:00,15.1,376.0
2024-06-11 08:00:00,16.0,554.0
2024-06-11 09:00:00,19.0,639.0
2024-06-11 10:00:00,17.1,359.0
2024-06-11 11:00:00,16.8,591.0
2024-06-11 12:00:00,17.1,721.0
2024-06-11 13:00:00,17.1,837.0
2024-06-11 14:00:00,15.8,759.0
2024-06-11 15:00:00,14.0,636.0
2024-06-11 16:00:00,13.2,471.0
2024-06-11 17:00:00,10.7,278.0
2024-06-11 18:00:00,8.4,121.0
2024-06-11 19:00:00,8.7,16.0
2024-06-11 20:00:00,5.9,0.0
2024-06-11 21:00:00,3.8,0.0
2024-06-11 22:00:00,6.4,0.0
2024-06-11 23:00:00,4.7,0.0
2024-06-12 00:00:00,6.4,0.0
2024-06-12 01:00:00,3.4,0.0
2024-06-12 02:00:00,6.2,0.0
2024-06-12 03:00:00,3.6,0.0
2024-06-12 04:00:00,4.9,3.0
2024-06-12 05:00:00,5.6,80.0
2024-06-12 06:00:00,2.2,234.0
2024-06-12 07:00:00,6.9,413.0
2024-06-12 08:00:00,9.5,586.0
2024-06-12 09:00:00,10.3,734.0
2024-06-12 10:00:00,13.7,845.0
2024-06-12 11:00:00,16.3,890.0
2024-06-12 12:00:00,18.8,915.0
2024-06-12 13:00:00,18.8,883.0
2024-06-12 14:00:00,18.3,781.0
2024-06-12 15:00:00,18.4,638.0
2024-06-12 16:00:00,17.6,469.0
2024-06-12 17:00:00,15.6,289.0
2024-06-12 18:00:00,13.8,124.0
2024-06-12 19:00:00,11.6,16.0
2024-06-12 20:00:00,11.2,0.0
2024-06-12 21:00:00,10.1,0.0
2024-06-12 22:00:00,8.6,0.0
2024-06-12 23:00:00,8.9,0.0
2024-06-13 00:00:00,8.7,0.0
2024-06-13 01:00:00,7.9,0.0
2024-06-13 02:00:00,5.9,0.0
2024-06-13 03:00:00,6.0,0.0
2024-06-13 04:00:00,13.0,3.0
2024-06-13 05:00:00,13.0,65.0
2024-06-13 06:00:00,12.9,170.0
2024-06-13 07:00:00,15.9,291.0
2024-06-13 08:00:00,18.4,437.0
2024-06-13 09:00:00,17.7,646.0
2024-06-13 10:00:00,22.4,781.0
2024-06-13 11:00:00,14.8,685.0
2024-06-13 12:00:00,19.7,853.0
2024-06-13 13:00:00,8.2,742.0
2024-06-13 14:00:00,9.2,712.0
2024-06-13 15:00:00,15.1,585.0
2024-06-13 16:00:00,14.0,442.0
2024-06-13 17:00:00,9.0,277.0
2024-06-13 18:00:00,3.3,117.0
2024-06-13 19:00:00,3.1,16.0
2024-06-13 20:00:00,5.4,0.0
2024-06-13 21:00:00,6.2,0.0
2024-06-13 22:00:00,4.3,0.0
2024-06-13 23:00:00,5.4,0.0
2024-06-14 00:00:00,4.3,0.0
2024-06-14 01:00:00,7.6,0.0
2024-06-14 02:00:00,3.7,0.0
2024-06-14 03:00:00,4.0,0.0
2024-06-14 04:00:00,5.2,4.0
2024-06-14 05:00:00,5.6,83.0
2024-06-14 06:00:00,4.3,241.0
2024-06-14 07:00:00,6.5,424.0
2024-06-14 08:00:00,5.8,600.0
2024-06-14 09:00:00,3.6,751.0
2024-06-14 10:00:00,2.3,863.0
2024-06-14 11:00:00,2.9,924.0
2024-06-14 12:00:00,7.4,934.0
2024-06-14 13:00:00,6.2,884.0
2024-06-14 14:00:00,11.5,786.0
2024-06-14 15:00:00,17.6,638.0
2024-06-14 16:00:00,15.9,474.0
2024-06-14 17:00:00,14.0,293.0
2024-06-14 18:00:00,12.0,129.0
2024-06-14 19:00:00,12.0,17.0
2024-06-14 20:00:00,9.5,0.0
2024-06-14 21:00:00,5.0,0.0
2024-06-14 22:00:00,3.6,0.0
2024-06-14 23:00:00,4.4,0.0
2024-06-15 00:00:00,3.8,0.0
2024-06-15 01:00:00,5.5,0.0
2024-06-15 02:00:00,3.0,0.0
2024-06-15 03:00:00,5.4,0.0
2024-06-15 04:00:00,5.6,4.0
2024-06-15 05:00:00,5.4,85.0
2024-06-15 06:00:00,4.8,244.0
2024-06-15 07:00:00,2.6,425.0
2024-06-15 08:00:00,1.0,600.0
2024-06-15 09:00:00,1.6,747.0
2024-06-15 10:00:00,3.3,857.0
2024-06-15 11:00:00,5.0,919.0
2024-06-15 12:00:00,11.3,924.0
2024-06-15 13:00:00,14.6,881.0
2024-06-15 14:00:00,16.3,785.0
2024-06-15 15:00:00,15.8,612.0
2024-06-15 16:00:00,14.0,463.0
2024-06-15 17:00:00,13.5,295.0
2024-06-15 18:00:00,13.5,117.0
2024-06-15 19:00:00,8.4,16.0
2024-06-15 20:00:00,4.3,0.0
2024-06-15 21:00:00,2.5,0.0
2024-06-15 22:00:00,2.4,0.0
2024-06-15 23:00:00,3.1,0.0
2024-06-16 00:00:00,3.8,0.0
2024-06-16 01:00:00,3.2,0.0
2024-06-16 02:00:00,2.5,0.0
2024-06-16 03:00:00,3.1,0.0
2024-06-16 04:00:00,5.6,3.0
2024-06-16 05:00:00,5.9,77.0
2024-06-16 06:00:00,4.0,232.0
2024-06-16 07:00:00,2.1,414.0
2024-06-16 08:00:00,4.5,589.0
2024-06-16 09:00:00,9.3,738.0
2024-06-16 10:00:00,11.9,847.0
2024-06-16 11:00:00,13.2,907.0
2024-06-16 12:00:00,16.8,914.0
2024-06-16 13:00:00,19.4,868.0
2024-06-16 14:00:00,21.0,778.0
2024-06-16 15:00:00,19.5,607.0
2024-06-16 16:00:00,18.8,458.0
2024-06-16 17:00:00,15.7,279.0
2024-06-16 18:00:00,13.4,116.0
2024-06-16 19:00:00,11.1,18.0
2024-06-16 20:00:00,8.5,0.0
2024-06-16 21:00:00,5.2,0.0
2024-06-16 22:00:00,2.9,0.0
2024-06-16 23:00:00,1.5,0.0
2024-06-17 00:00:00,3.3,0.0
2024-06-17 01:00:00,2.6,0.0
2024-06-17 02:00:00,4.4,0.0
2024-06-17 03:00:00,4.1,0.0
2024-06-17 04:00:00,4.6,4.0
2024-06-17 05:00:00,4.7,79.0
2024-06-17 06:00:00,5.2,232.0
2024-06-17 07:00:00,5.8,413.0
2024-06-17 08:00:00,2.7,588.0
2024-06-17 09:00:00,3.7,737.0
2024-06-17 10:00:00,6.4,848.0
2024-06-17 11:00:00,9.7,910.0
2024-06-17 12:00:00,13.9,920.0
2024-06-17 13:00:00,14.8,878.0
2024-06-17 14:00:00,14.2,784.0
2024-06-17 15:00:00,14.0,646.0
2024-06-17 16:00:00,13.9,479.0
2024-06-17 17:00:00,11.3,299.0
2024-06-17 18:00:00,7.6,131.0
2024-06-17 19:00:00,8.7,18.0
2024-06-17 20:00:00,7.3,0.0
2024-06-17 21:00:00,5.0,0.0
2024-06-17 22:00:00,3.9,0.0
2024-06-17 23:00:00,1.9,0.0
2024-06-18 00:00:00,1.5,0.0
2024-06-18 01:00:00,2.3,0.0
2024-06-18 02:00:00,4.3,0.0
2024-06-18 03:00:00,5.9,0.0
2024-06-18 04:00:00,6.2,4.0
2024-06-18 05:00:00,7.2,81.0
2024-06-18 06:00:00,6.2,238.0
2024-06-18 07:00:00,6.6,419.0
2024-06-18 08:00:00,3.7,595.0
2024-06-18 09:00:00,2.2,747.0
2024-06-18 10:00:00,3.2,858.0
2024-06-18 11:00:00,9.9,917.0
2024-06-18 12:00:00,16.4,918.0
2024-06-18 13:00:00,16.7,876.0
2024-06-18 14:00:00,11.8,779.0
2024-06-18 15:00:00,14.8,634.0
2024-06-18 16:00:00,17.1,472.0
2024-06-18 17:00:00,15.8,296.0
2024-06-18 18:00:00,13.7,130.0
2024-06-18 19:00:00,4.6,18.0
2024-06-18 20:00:00,1.8,0.0
2024-06-18 21:00:00,4.7,0.0
2024-06-18 22:00:00,4.6,0.0
2024-06-18 23:00:00,5.3,0.0
2024-06-19 00:00:00,3.8,0.0
2024-06-19 01:00:00,5.6,0.0
2024-06-19 02:00:00,2.2,0.0
2024-06-19 03:00:00,3.5,0.0
2024-06-19 04:00:00,4.7,4.0
2024-06-19 05:00:00,4.8,80.0
2024-06-19 06:00:00,4.0,235.0
2024-06-19 07:00:00,4.9,391.0
2024-06-19 08:00:00,9.1,572.0
2024-06-19 09:00:00,16.9,734.0
2024-06-19 10:00:00,19.0,839.0
2024-06-19 11:00:00,20.8,899.0
2024-06-19 12:00:00,19.5,916.0
2024-06-19 13:00:00,16.3,825.0
2024-06-19 14:00:00,15.3,766.0
2024-06-19 15:00:00,12.1,611.0
2024-06-19 16:00:00,13.8,471.0
2024-06-19 17:00:00,16.3,299.0
2024-06-19 18:00:00,3.2,131.0
2024-06-19 19:00:00,5.2,19.0
2024-06-19 20:00:00,0.8,0.0
2024-06-19 21:00:00,3.1,0.0
2024-06-19 22:00:00,4.8,0.0
2024-06-19 23:00:00,4.0,0.0
2024-06-20 00:00:00,4.8,0.0
2024-06-20 01:00:00,10.8,0.0
2024-06-20 02:00:00,7.1,0.0
2024-06-20 03:00:00,5.8,0.0
2024-06-20 04:00:00,7.9,4.0
2024-06-20 05:00:00,8.9,79.0
2024-06-20 06:00:00,6.1,231.0
2024-06-20 07:00:00,6.5,398.0
2024-06-20 08:00:00,9.1,549.0
2024-06-20 09:00:00,6.2,709.0
2024-06-20 10:00:00,1.3,792.0
2024-06-20 11:00:00,4.3,861.0
2024-06-20 12:00:00,11.1,862.0
2024-06-20 13:00:00,5.6,826.0
2024-06-20 14:00:00,3.4,756.0
2024-06-20 15:00:00,3.6,583.0
2024-06-20 16:00:00,1.8,472.0
2024-06-20 17:00:00,7.6,280.0
2024-06-20 18:00:00,13.2,130.0
2024-06-20 19:00:00,9.9,19.0
2024-06-20 20:00:00,7.3,0.0
2024-06-20 21:00:00,4.6,0.0
2024-06-20 22:00:00,3.8,0.0
2024-06-20 23:00:00,3.0,0.0
2024-06-21 00:00:00,5.2,0.0
2024-06-21 01:00:00,5.1,0.0
2024-06-21 02:00:00,5.4,0.0
2024-06-21 03:00:00,5.9,0.0
2024-06-21 04:00:00,4.4,3.0
2024-06-21 05:00:00,8.3,67.0
2024-06-21 06:00:00,7.1,211.0
2024-06-21 07:00:00,10.3,398.0
2024-06-21 08:00:00,6.8,526.0
2024-06-21 09:00:00,12.2,722.0
2024-06-21 10:00:00,12.3,771.0
2024-06-21 11:00:00,9.7,814.0
2024-06-21 12:00:00,3.9,851.0
2024-06-21 13:00:00,7.9,870.0
2024-06-21 14:00:00,14.7,720.0
2024-06-21 15:00:00,21.4,559.0
2024-06-21 16:00:00,16.7,399.0
2024-06-21 17:00:00,16.7,244.0
2024-06-21 18:00:00,13.0,120.0
2024-06-21 19:00:00,11.3,18.0
2024-06-21 20:00:00,9.4,0.0
2024-06-21 21:00:00,8.0,0.0
2024-06-21 22:00:00,6.5,0.0
2024-06-21 23:00:00,6.6,0.0
2024-06-22 00:00:00,5.5,0.0
2024-06-22 01:00:00,2.8,0.0
2024-06-22 02:00:00,4.8,0.0
2024-06-22 03:00:00,9.8,0.0
2024-06-22 04:00:00,13.8,3.0
2024-06-22 05:00:00,10.5,81.0
2024-06-22 06:00:00,9.4,239.0
2024-06-22 07:00:00,9.4,423.0
2024-06-22 08:00:00,9.6,600.0
2024-06-22 09:00:00,8.6,751.0
2024-06-22 10:00:00,6.0,863.0
2024-06-22 11:00:00,3.0,927.0
2024-06-22 12:00:00,11.1,937.0
2024-06-22 13:00:00,17.9,886.0
2024-06-22 14:00:00,23.7,789.0
2024-06-22 15:00:00,20.5,652.0
2024-06-22 16:00:00,20.3,487.0
2024-06-22 17:00:00,20.8,306.0
2024-06-22 18:00:00,15.9,135.0
2024-06-22 19:00:00,10.0,20.0
2024-06-22 20:00:00,8.8,0.0
2024-06-22 21:00:00,8.3,0.0
2024-06-22 22:00:00,8.1,0.0
2024-06-22 23:00:00,7.7,0.0
2024-06-23 00:00:00,6.5,0.0
2024-06-23 01:00:00,3.8,0.0
2024-06-23 02:00:00,4.4,0.0
2024-06-23 03:00:00,4.8,0.0
2024-06-23 04:00:00,3.9,3.0
2024-06-23 05:00:00,0.7,71.0
2024-06-23 06:00:00,5.7,206.0
2024-06-23 07:00:00,10.5,342.0
2024-06-23 08:00:00,14.5,342.0
2024-06-23 09:00:00,19.5,240.0
2024-06-23 10:00:00,20.3,280.0
2024-06-23 11:00:00,17.6,615.0
2024-06-23 12:00:00,18.2,681.0
2024-06-23 13:00:00,19.8,652.0
2024-06-23 14:00:00,20.7,459.0
2024-06-23 15:00:00,16.6,417.0
2024-06-23 16:00:00,15.2,438.0
2024-06-23 17:00:00,11.2,291.0
2024-06-23 18:00:00,8.6,129.0
2024-06-23 19:00:00,4.4,20.0
2024-06-23 20:00:00,5.1,0.0
2024-06-23 21:00:00,3.4,0.0
2024-06-23 22:00:00,2.6,0.0
2024-06-23 23:00:00,1.9,0.0
2024-06-24 00:00:00,1.0,0.0
2024-06-24 01:00:00,4.7,0.0
2024-06-24 02:00:00,9.1,0.0
2024-06-24 03:00:00,5.4,0.0
2024-06-24 04:00:00,4.7,1.0
2024-06-24 05:00:00,7.3,65.0
2024-06-24 06:00:00,4.7,191.0
2024-06-24 07:00:00,1.1,305.0
2024-06-24 08:00:00,6.6,350.0
2024-06-24 09:00:00,7.3,522.0
2024-06-24 10:00:00,7.0,675.0
2024-06-24 11:00:00,10.1,427.0
2024-06-24 12:00:00,12.2,650.0
2024-06-24 13:00:00,15.9,482.0
2024-06-24 14:00:00,14.2,380.0
2024-06-24 15:00:00,5.1,496.0
2024-06-24 16:00:00,1.5,392.0
2024-06-24 17:00:00,3.9,287.0
2024-06-24 18:00:00,8.7,128.0
2024-06-24 19:00:00,14.2,19.0
2024-06-24 20:00:00,13.0,0.0
2024-06-24 21:00:00,10.1,0.0
2024-06-24 22:00:00,10.2,0.0
2024-06-24 23:00:00,8.2,0.0
2024-06-25 00:00:00,6.9,0.0
2024-06-25 01:00:00,2.9,0.0
2024-06-25 02:00:00,4.4,0.0
2024-06-25 03:00:00,5.4,0.0
2024-06-25 04:00:00,4.7,3.0
2024-06-25 05:00:00,4.5,73.0
2024-06-25 06:00:00,3.3,217.0
2024-06-25 07:00:00,5.0,359.0
2024-06-25 08:00:00,4.4,566.0
2024-06-25 09:00:00,4.8,637.0
2024-06-25 10:00:00,6.1,806.0
2024-06-25 11:00:00,8.7,815.0
2024-06-25 12:00:00,10.7,837.0
2024-06-25 13:00:00,0.7,693.0
2024-06-25 14:00:00,13.3,496.0
2024-06-25 15:00:00,7.8,632.0
2024-06-25 16:00:00,7.1,410.0
2024-06-25 17:00:00,5.6,256.0
2024-06-25 18:00:00,9.1,126.0
2024-06-25 19:00:00,5.4,16.0
2024-06-25 20:00:00,7.9,0.0
2024-06-25 21:00:00,5.4,0.0
2024-06-25 22:00:00,5.0,0.0
2024-06-25 23:00:00,5.1,0.0
2024-06-26 00:00:00,2.5,0.0
2024-06-26 01:00:00,5.4,0.0
2024-06-26 02:00:00,4.2,0.0
2024-06-26 03:00:00,4.8,0.0
2024-06-26 04:00:00,4.0,3.0
2024-06-26 05:00:00,4.4,71.0
2024-06-26 06:00:00,4.4,221.0
2024-06-26 07:00:00,4.2,391.0
2024-06-26 08:00:00,3.7,552.0
2024-06-26 09:00:00,2.9,686.0
2024-06-26 10:00:00,4.0,765.0
2024-06-26 11:00:00,7.2,854.0
2024-06-26 12:00:00,12.2,841.0
2024-06-26 13:00:00,15.2,806.0
2024-06-26 14:00:00,16.9,748.0
2024-06-26 15:00:00,17.0,630.0
2024-06-26 16:00:00,17.7,475.0
2024-06-26 17:00:00,16.2,295.0
2024-06-26 18:00:00,12.9,134.0
2024-06-26 19:00:00,11.4,20.0
2024-06-26 20:00:00,8.4,0.0
2024-06-26 21:00:00,5.2,0.0
2024-06-26 22:00:00,4.0,0.0
2024-06-26 23:00:00,3.6,0.0
2024-06-27 00:00:00,2.5,0.0
2024-06-27 01:00:00,5.4,0.0
2024-06-27 02:00:00,4.4,0.0
2024-06-27 03:00:00,5.4,0.0
2024-06-27 04:00:00,5.1,3.0
2024-06-27 05:00:00,5.0,75.0
2024-06-27 06:00:00,2.9,227.0
2024-06-27 07:00:00,3.1,403.0
2024-06-27 08:00:00,2.3,576.0
2024-06-27 09:00:00,2.3,726.0
2024-06-27 10:00:00,3.8,838.0
2024-06-27 11:00:00,4.7,902.0
2024-06-27 12:00:00,4.3,914.0
2024-06-27 13:00:00,2.2,782.0
2024-06-27 14:00:00,19.7,620.0
2024-06-27 15:00:00,20.8,569.0
2024-06-27 16:00:00,21.5,478.0
2024-06-27 17:00:00,20.2,300.0
2024-06-27 18:00:00,16.2,134.0
2024-06-27 19:00:00,13.8,20.0
2024-06-27 20:00:00,7.4,0.0
2024-06-27 21:00:00,5.1,0.0
2024-06-27 22:00:00,3.7,0.0
2024-06-27 23:00:00,2.8,0.0
2024-06-28 00:00:00,3.6,0.0
2024-06-28 01:00:00,3.8,0.0
2024-06-28 02:00:00,4.0,0.0
2024-06-28 03:00:00,4.0,0.0
2024-06-28 04:00:00,4.5,3.0
2024-06-28 05:00:00,4.5,75.0
2024-06-28 06:00:00,4.9,226.0
2024-06-28 07:00:00,4.4,404.0
2024-06-28 08:00:00,3.2,576.0
2024-06-28 09:00:00,4.4,725.0
2024-06-28 10:00:00,6.5,836.0
2024-06-28 11:00:00,6.9,901.0
2024-06-28 12:00:00,10.2,913.0
2024-06-28 13:00:00,13.4,873.0
2024-06-28 14:00:00,15.6,781.0
2024-06-28 15:00:00,17.9,646.0
2024-06-28 16:00:00,18.9,482.0
2024-06-28 17:00:00,19.6,304.0
2024-06-28 18:00:00,17.1,136.0
2024-06-28 19:00:00,11.0,20.0
2024-06-28 20:00:00,9.2,0.0
2024-06-28 21:00:00,6.2,0.0
2024-06-28 22:00:00,4.5,0.0
2024-06-28 23:00:00,1.3,0.0
2024-06-29 00:00:00,3.6,0.0
2024-06-29 01:00:00,5.4,0.0
2024-06-29 02:00:00,5.2,0.0
2024-06-29 03:00:00,3.1,0.0
2024-06-29 04:00:00,5.4,3.0
2024-06-29 05:00:00,5.5,75.0
2024-06-29 06:00:00,4.7,228.0
2024-06-29 07:00:00,6.3,406.0
2024-06-29 08:00:00,6.4,580.0
2024-06-29 09:00:00,3.3,729.0
2024-06-29 10:00:00,2.3,841.0
2024-06-29 11:00:00,6.2,905.0
2024-06-29 12:00:00,13.4,916.0
2024-06-29 13:00:00,13.8,870.0
2024-06-29 14:00:00,11.5,764.0
2024-06-29 15:00:00,16.4,638.0
2024-06-29 16:00:00,24.1,459.0
2024-06-29 17:00:00,15.1,295.0
2024-06-29 18:00:00,3.6,132.0
2024-06-29 19:00:00,1.1,19.0
2024-06-29 20:00:00,0.5,0.0
2024-06-29 21:00:00,5.6,0.0
2024-06-29 22:00:00,4.6,0.0
2024-06-29 23:00:00,5.1,0.0
2024-06-30 00:00:00,1.1,0.0
2024-06-30 01:00:00,2.9,0.0
2024-06-30 02:00:00,3.6,0.0
2024-06-30 03:00:00,1.0,0.0
2024-06-30 04:00:00,4.7,2.0
2024-06-30 05:00:00,2.4,64.0
2024-06-30 06:00:00,3.5,225.0
2024-06-30 07:00:00,10.7,404.0
2024-06-30 08:00:00,18.2,578.0
2024-06-30 09:00:00,20.8,727.0
2024-06-30 10:00:00,20.1,839.0
2024-06-30 11:00:00,20.1,906.0
2024-06-30 12:00:00,21.9,919.0
2024-06-30 13:00:00,21.1,879.0
2024-06-30 14:00:00,19.5,788.0
2024-06-30 15:00:00,18.4,653.0
2024-06-30 16:00:00,17.5,488.0
2024-06-30 17:00:00,14.1,309.0
2024-06-30 18:00:00,9.3,139.0
2024-06-30 19:00:00,7.9,21.0
2024-06-30 20:00:00,10.0,0.0
2024-06-30 21:00:00,8.1,0.0
2024-06-30 22:00:00,2.5,0.0
2024-06-30 23:00:00,0.7,0.0
2024-07-01 00:00:00,3.1,0.0
2024-07-01 01:00:00,6.3,0.0
2024-07-01 02:00:00,4.6,0.0
2024-07-01 03:00:00,2.6,0.0
2024-07-01 04:00:00,5.2,2.0
2024-07-01 05:00:00,3.9,54.0
2024-07-01 06:00:00,1.1,178.0
2024-07-01 07:00:00,1.8,394.0
2024-07-01 08:00:00,5.8,568.0
2024-07-01 09:00:00,4.3,722.0
2024-07-01 10:00:00,8.4,811.0
2024-07-01 11:00:00,17.3,634.0
2024-07-01 12:00:00,14.8,530.0
2024-07-01 13:00:00,14.6,582.0
2024-07-01 14:00:00,15.6,411.0
2024-07-01 15:00:00,18.6,618.0
2024-07-01 16:00:00,6.1,273.0
2024-07-01 17:00:00,11.3,139.0
2024-07-01 18:00:00,9.9,91.0
2024-07-01 19:00:00,10.2,10.0
2024-07-01 20:00:00,6.8,0.0
2024-07-01 21:00:00,10.7,0.0
2024-07-01 22:00:00,9.4,0.0
2024-07-01 23:00:00,6.3,0.0
2024-07-02 00:00:00,10.7,0.0
2024-07-02 01:00:00,5.5,0.0
2024-07-02 02:00:00,2.2,0.0
2024-07-02 03:00:00,3.5,0.0
2024-07-02 04:00:00,8.7,1.0
2024-07-02 05:00:00,3.8,71.0
2024-07-02 06:00:00,0.4,179.0
2024-07-02 07:00:00,3.5,377.0
2024-07-02 08:00:00,7.2,558.0
2024-07-02 09:00:00,8.3,700.0
2024-07-02 10:00:00,10.0,755.0
2024-07-02 11:00:00,12.9,842.0
2024-07-02 12:00:00,12.4,852.0
2024-07-02 13:00:00,10.7,593.0
2024-07-02 14:00:00,13.5,555.0
2024-07-02 15:00:00,14.6,569.0
2024-07-02 16:00:00,17.6,435.0
2024-07-02 17:00:00,16.0,261.0
2024-07-02 18:00:00,12.8,131.0
2024-07-02 19:00:00,7.4,19.0
2024-07-02 20:00:00,5.5,0.0
2024-07-02 21:00:00,5.8,0.0
2024-07-02 22:00:00,3.6,0.0
2024-07-02 23:00:00,4.4,0.0
2024-07-03 00:00:00,5.4,0.0
2024-07-03 01:00:00,1.1,0.0
2024-07-03 02:00:00,3.3,0.0
2024-07-03 03:00:00,4.1,0.0
2024-07-03 04:00:00,5.0,2.0
2024-07-03 05:00:00,4.3,37.0
2024-07-03 06:00:00,4.3,131.0
2024-07-03 07:00:00,5.6,293.0
2024-07-03 08:00:00,9.6,345.0
2024-07-03 09:00:00,5.0,278.0
2024-07-03 10:00:00,12.2,116.0
2024-07-03 11:00:00,8.1,586.0
2024-07-03 12:00:00,10.2,511.0
2024-07-03 13:00:00,9.2,316.0
2024-07-03 14:00:00,8.6,475.0
2024-07-03 15:00:00,10.3,387.0
2024-07-03 16:00:00,8.0,180.0
2024-07-03 17:00:00,7.6,176.0
2024-07-03 18:00:00,6.2,124.0
2024-07-03 19:00:00,4.8,18.0
2024-07-03 20:00:00,6.0,0.0
2024-07-03 21:00:00,3.7,0.0
2024-07-03 22:00:00,2.6,0.0
2024-07-03 23:00:00,4.1,0.0
2024-07-04 00:00:00,5.4,0.0
2024-07-04 01:00:00,4.7,0.0
2024-07-04 02:00:00,8.4,0.0
2024-07-04 03:00:00,8.3,0.0
2024-07-04 04:00:00,9.8,2.0
2024-07-04 05:00:00,6.2,61.0
2024-07-04 06:00:00,7.2,214.0
2024-07-04 07:00:00,7.9,400.0
2024-07-04 08:00:00,5.9,581.0
2024-07-04 09:00:00,5.5,713.0
2024-07-04 10:00:00,6.0,769.0
2024-07-04 11:00:00,7.9,818.0
2024-07-04 12:00:00,7.7,796.0
2024-07-04 13:00:00,9.4,751.0
2024-07-04 14:00:00,13.6,649.0
2024-07-04 15:00:00,20.0,511.0
2024-07-04 16:00:00,21.2,398.0
2024-07-04 17:00:00,21.7,304.0
2024-07-04 18:00:00,17.9,137.0
2024-07-04 19:00:00,11.2,20.0
2024-07-04 20:00:00,4.3,0.0
2024-07-04 21:00:00,3.3,0.0
2024-07-04 22:00:00,3.2,0.0
2024-07-04 23:00:00,2.5,0.0
2024-07-05 00:00:00,2.9,0.0
2024-07-05 01:00:00,3.9,0.0
2024-07-05 02:00:00,4.3,0.0
2024-07-05 03:00:00,3.9,0.0
2024-07-05 04:00:00,2.9,2.0
2024-07-05 05:00:00,4.7,70.0
2024-07-05 06:00:00,4.5,223.0
2024-07-05 07:00:00,4.0,404.0
2024-07-05 08:00:00,2.4,579.0
2024-07-05 09:00:00,2.9,730.0
2024-07-05 10:00:00,6.9,842.0
2024-07-05 11:00:00,11.7,906.0
2024-07-05 12:00:00,15.6,890.0
2024-07-05 13:00:00,15.3,745.0
2024-07-05 14:00:00,15.1,713.0
2024-07-05 15:00:00,15.2,672.0
2024-07-05 16:00:00,14.1,494.0
2024-07-05 17:00:00,13.3,311.0
2024-07-05 18:00:00,10.9,138.0
2024-07-05 19:00:00,9.0,20.0
2024-07-05 20:00:00,5.4,0.0
2024-07-05 21:00:00,3.3,0.0
2024-07-05 22:00:00,4.7,0.0
2024-07-05 23:00:00,3.1,0.0
2024-07-06 00:00:00,3.2,0.0
2024-07-06 01:00:00,2.7,0.0
2024-07-06 02:00:00,3.8,0.0
2024-07-06 03:00:00,3.6,0.0
2024-07-06 04:00:00,5.4,2.0
2024-07-06 05:00:00,6.3,70.0
2024-07-06 06:00:00,4.1,225.0
2024-07-06 07:00:00,2.9,407.0
2024-07-06 08:00:00,2.6,583.0
2024-07-06 09:00:00,7.6,735.0
2024-07-06 10:00:00,11.3,849.0
2024-07-06 11:00:00,16.1,914.0
2024-07-06 12:00:00,19.5,927.0
2024-07-06 13:00:00,19.2,888.0
2024-07-06 14:00:00,19.0,796.0
2024-07-06 15:00:00,18.3,660.0
2024-07-06 16:00:00,16.9,492.0
2024-07-06 17:00:00,15.3,311.0
2024-07-06 18:00:00,12.1,138.0
2024-07-06 19:00:00,8.7,19.0
2024-07-06 20:00:00,5.6,0.0
2024-07-06 21:00:00,4.3,0.0
2024-07-06 22:00:00,1.6,0.0
2024-07-06 23:00:00,5.6,0.0
2024-07-07 00:00:00,6.3,0.0
2024-07-07 01:00:00,3.8,0.0
2024-07-07 02:00:00,3.6,0.0
2024-07-07 03:00:00,12.9,0.0
2024-07-07 04:00:00,4.6,1.0
2024-07-07 05:00:00,7.3,62.0
2024-07-07 06:00:00,1.1,218.0
2024-07-07 07:00:00,5.6,374.0
2024-07-07 08:00:00,14.9,569.0
2024-07-07 09:00:00,19.2,713.0
2024-07-07 10:00:00,20.2,830.0
2024-07-07 11:00:00,21.7,876.0
2024-07-07 12:00:00,18.8,652.0
2024-07-07 13:00:00,18.4,803.0
2024-07-07 14:00:00,19.1,717.0
2024-07-07 15:00:00,24.3,648.0
2024-07-07 16:00:00,24.3,485.0
2024-07-07 17:00:00,21.4,310.0
2024-07-07 18:00:00,17.0,122.0
2024-07-07 19:00:00,14.2,18.0
2024-07-07 20:00:00,10.7,0.0
2024-07-07 21:00:00,5.4,0.0
2024-07-07 22:00:00,4.6,0.0
2024-07-07 23:00:00,2.8,0.0
2024-07-08 00:00:00,2.4,0.0
2024-07-08 01:00:00,3.3,0.0
2024-07-08 02:00:00,5.5,0.0
2024-07-08 03:00:00,6.1,0.0
2024-07-08 04:00:00,4.3,1.0
2024-07-08 05:00:00,4.3,45.0
2024-07-08 06:00:00,4.8,155.0
2024-07-08 07:00:00,5.2,356.0
2024-07-08 08:00:00,4.7,520.0
2024-07-08 09:00:00,5.3,587.0
2024-07-08 10:00:00,5.2,538.0
2024-07-08 11:00:00,5.4,740.0
2024-07-08 12:00:00,3.1,884.0
2024-07-08 13:00:00,11.3,866.0
2024-07-08 14:00:00,13.1,757.0
2024-07-08 15:00:00,17.1,637.0
2024-07-08 16:00:00,18.6,466.0
2024-07-08 17:00:00,15.9,296.0
2024-07-08 18:00:00,15.0,135.0
2024-07-08 19:00:00,11.6,19.0
2024-07-08 20:00:00,8.5,0.0
2024-07-08 21:00:00,4.6,0.0
2024-07-08 22:00:00,3.3,0.0
2024-07-08 23:00:00,2.5,0.0
2024-07-09 00:00:00,3.0,0.0
2024-07-09 01:00:00,3.1,0.0
2024-07-09 02:00:00,1.8,0.0
2024-07-09 03:00:00,0.7,0.0
2024-07-09 04:00:00,5.5,1.0
2024-07-09 05:00:00,6.4,65.0
2024-07-09 06:00:00,6.2,217.0
2024-07-09 07:00:00,5.8,396.0
2024-07-09 08:00:00,4.4,571.0
2024-07-09 09:00:00,4.6,723.0
2024-07-09 10:00:00,4.4,837.0
2024-07-09 11:00:00,3.7,843.0
2024-07-09 12:00:00,7.8,856.0
2024-07-09 13:00:00,11.4,751.0
2024-07-09 14:00:00,16.0,721.0
2024-07-09 15:00:00,21.0,575.0
2024-07-09 16:00:00,17.1,470.0
2024-07-09 17:00:00,16.3,302.0
2024-07-09 18:00:00,10.5,135.0
2024-07-09 19:00:00,6.3,19.0
2024-07-09 20:00:00,4.1,0.0
2024-07-09 21:00:00,4.3,0.0
2024-07-09 22:00:00,5.0,0.0
2024-07-09 23:00:00,3.6,0.0
2024-07-10 00:00:00,1.8,0.0
2024-07-10 01:00:00,5.0,0.0
2024-07-10 02:00:00,4.5,0.0
2024-07-10 03:00:00,4.7,0.0
2024-07-10 04:00:00,5.2,1.0
2024-07-10 05:00:00,6.8,66.0
2024-07-10 06:00:00,6.3,219.0
2024-07-10 07:00:00,7.2,400.0
2024-07-10 08:00:00,5.0,575.0
2024-07-10 09:00:00,3.1,724.0
2024-07-10 10:00:00,3.9,815.0
2024-07-10 11:00:00,4.5,867.0
2024-07-10 12:00:00,9.7,918.0
2024-07-10 13:00:00,17.7,878.0
2024-07-10 14:00:00,20.2,786.0
2024-07-10 15:00:00,17.8,630.0
2024-07-10 16:00:00,17.4,486.0
2024-07-10 17:00:00,16.4,305.0
2024-07-10 18:00:00,11.5,135.0
2024-07-10 19:00:00,9.2,18.0
2024-07-10 20:00:00,7.7,0.0
2024-07-10 21:00:00,8.7,0.0
2024-07-10 22:00:00,4.7,0.0
2024-07-10 23:00:00,3.3,0.0
2024-07-11 00:00:00,4.2,0.0
2024-07-11 01:00:00,3.3,0.0
2024-07-11 02:00:00,4.3,0.0
2024-07-11 03:00:00,4.2,0.0
2024-07-11 04:00:00,5.1,1.0
2024-07-11 05:00:00,6.1,63.0
2024-07-11 06:00:00,4.8,214.0
2024-07-11 07:00:00,7.1,394.0
2024-07-11 08:00:00,7.1,570.0
2024-07-11 09:00:00,5.4,723.0
2024-07-11 10:00:00,4.7,840.0
2024-07-11 11:00:00,3.6,909.0
2024-07-11 12:00:00,7.1,925.0
2024-07-11 13:00:00,9.6,884.0
2024-07-11 14:00:00,18.2,792.0
2024-07-11 15:00:00,21.0,656.0
2024-07-11 16:00:00,19.7,489.0
2024-07-11 17:00:00,18.8,308.0
2024-07-11 18:00:00,15.2,136.0
2024-07-11 19:00:00,11.8,18.0
2024-07-11 20:00:00,5.2,0.0
2024-07-11 21:00:00,5.3,0.0
2024-07-11 22:00:00,5.9,0.0
2024-07-11 23:00:00,5.4,0.0
2024-07-12 00:00:00,5.9,0.0
2024-07-12 01:00:00,6.1,0.0
2024-07-12 02:00:00,3.6,0.0
2024-07-12 03:00:00,6.2,0.0
2024-07-12 04:00:00,1.8,1.0
2024-07-12 05:00:00,2.5,64.0
2024-07-12 06:00:00,1.5,218.0
2024-07-12 07:00:00,1.5,399.0
2024-07-12 08:00:00,6.9,576.0
2024-07-12 09:00:00,11.2,727.0
2024-07-12 10:00:00,12.1,840.0
2024-07-12 11:00:00,12.6,906.0
2024-07-12 12:00:00,13.7,919.0
2024-07-12 13:00:00,14.6,877.0
2024-07-12 14:00:00,15.9,786.0
2024-07-12 15:00:00,17.8,654.0
2024-07-12 16:00:00,16.8,488.0
2024-07-12 17:00:00,13.7,308.0
2024-07-12 18:00:00,10.2,135.0
2024-07-12 19:00:00,7.6,17.0
2024-07-12 20:00:00,6.7,0.0
2024-07-12 21:00:00,4.3,0.0
2024-07-12 22:00:00,3.0,0.0
2024-07-12 23:00:00,0.5,0.0
2024-07-13 00:00:00,1.0,0.0
2024-07-13 01:00:00,0.8,0.0
2024-07-13 02:00:00,3.4,0.0
2024-07-13 03:00:00,3.0,0.0
2024-07-13 04:00:00,4.2,1.0
2024-07-13 05:00:00,4.0,62.0
2024-07-13 06:00:00,1.8,213.0
2024-07-13 07:00:00,1.0,394.0
2024-07-13 08:00:00,5.2,570.0
2024-07-13 09:00:00,10.1,722.0
2024-07-13 10:00:00,15.1,837.0
2024-07-13 11:00:00,18.2,904.0
2024-07-13 12:00:00,19.2,919.0
2024-07-13 13:00:00,20.3,886.0
2024-07-13 14:00:00,20.6,790.0
2024-07-13 15:00:00,19.4,655.0
2024-07-13 16:00:00,16.9,489.0
2024-07-13 17:00:00,15.1,308.0
2024-07-13 18:00:00,13.2,134.0
2024-07-13 19:00:00,10.4,17.0
2024-07-13 20:00:00,9.6,0.0
2024-07-13 21:00:00,5.5,0.0
2024-07-13 22:00:00,2.8,0.0
2024-07-13 23:00:00,2.9,0.0
2024-07-14 00:00:00,4.7,0.0
2024-07-14 01:00:00,3.8,0.0
2024-07-14 02:00:00,4.4,0.0
2024-07-14 03:00:00,4.2,0.0
2024-07-14 04:00:00,6.0,0.0
2024-07-14 05:00:00,6.2,62.0
2024-07-14 06:00:00,5.9,210.0
2024-07-14 07:00:00,5.1,299.0
2024-07-14 08:00:00,1.8,515.0
2024-07-14 09:00:00,3.1,721.0
2024-07-14 10:00:00,6.7,834.0
2024-07-14 11:00:00,9.3,899.0
2024-07-14 12:00:00,10.2,910.0
2024-07-14 13:00:00,9.3,795.0
2024-07-14 14:00:00,10.1,724.0
2024-07-14 15:00:00,15.7,638.0
2024-07-14 16:00:00,15.3,467.0
2024-07-14 17:00:00,13.9,301.0
2024-07-14 18:00:00,12.0,131.0
2024-07-14 19:00:00,11.0,16.0
2024-07-14 20:00:00,8.6,0.0
2024-07-14 21:00:00,5.1,0.0
2024-07-14 22:00:00,5.0,0.0
2024-07-14 23:00:00,2.9,0.0
2024-07-15 00:00:00,0.8,0.0
2024-07-15 01:00:00,4.7,0.0
2024-07-15 02:00:00,4.2,0.0
2024-07-15 03:00:00,4.9,0.0
2024-07-15 04:00:00,4.8,0.0
2024-07-15 05:00:00,5.9,57.0
2024-07-15 06:00:00,6.6,207.0
2024-07-15 07:00:00,5.8,391.0
2024-07-15 08:00:00,4.6,568.0
2024-07-15 09:00:00,3.3,720.0
2024-07-15 10:00:00,5.2,832.0
2024-07-15 11:00:00,9.8,902.0
2024-07-15 12:00:00,16.0,916.0
2024-07-15 13:00:00,16.2,885.0
2024-07-15 14:00:00,15.3,796.0
2024-07-15 15:00:00,16.1,661.0
2024-07-15 16:00:00,15.5,493.0
2024-07-15 17:00:00,15.8,309.0
2024-07-15 18:00:00,11.5,134.0
2024-07-15 19:00:00,9.4,16.0
2024-07-15 20:00:00,7.8,0.0
2024-07-15 21:00:00,6.9,0.0
2024-07-15 22:00:00,5.9,0.0
2024-07-15 23:00:00,6.6,0.0
2024-07-16 00:00:00,4.0,0.0
2024-07-16 01:00:00,4.0,0.0
2024-07-16 02:00:00,3.8,0.0
2024-07-16 03:00:00,4.4,0.0
2024-07-16 04:00:00,5.4,0.0
2024-07-16 05:00:00,5.4,59.0
2024-07-16 06:00:00,4.2,211.0
2024-07-16 07:00:00,3.9,394.0
2024-07-16 08:00:00,2.6,572.0
2024-07-16 09:00:00,1.6,725.0
2024-07-16 10:00:00,3.9,840.0
2024-07-16 11:00:00,10.5,907.0
2024-07-16 12:00:00,17.6,921.0
2024-07-16 13:00:00,20.7,833.0
2024-07-16 14:00:00,20.2,734.0
2024-07-16 15:00:00,20.5,615.0
2024-07-16 16:00:00,18.1,474.0
2024-07-16 17:00:00,14.9,296.0
2024-07-16 18:00:00,10.5,130.0
2024-07-16 19:00:00,10.3,15.0
2024-07-16 20:00:00,9.5,0.0
2024-07-16 21:00:00,8.0,0.0
2024-07-16 22:00:00,7.3,0.0
2024-07-16 23:00:00,3.1,0.0
2024-07-17 00:00:00,4.7,0.0
2024-07-17 01:00:00,3.1,0.0
2024-07-17 02:00:00,4.4,0.0
2024-07-17 03:00:00,4.3,0.0
2024-07-17 04:00:00,4.9,0.0
2024-07-17 05:00:00,4.8,57.0
2024-07-17 06:00:00,4.6,210.0
2024-07-17 07:00:00,3.9,392.0
2024-07-17 08:00:00,2.9,570.0
2024-07-17 09:00:00,1.8,724.0
2024-07-17 10:00:00,2.1,841.0
2024-07-17 11:00:00,3.4,909.0
2024-07-17 12:00:00,15.0,920.0
2024-07-17 13:00:00,18.4,868.0
2024-07-17 14:00:00,17.9,769.0
2024-07-17 15:00:00,16.9,652.0
2024-07-17 16:00:00,16.0,487.0
2024-07-17 17:00:00,13.8,306.0
2024-07-17 18:00:00,12.5,132.0
2024-07-17 19:00:00,13.8,15.0
2024-07-17 20:00:00,8.5,0.0
2024-07-17 21:00:00,8.3,0.0
2024-07-17 22:00:00,7.3,0.0
2024-07-17 23:00:00,6.2,0.0
2024-07-18 00:00:00,3.3,0.0
2024-07-18 01:00:00,0.5,0.0
2024-07-18 02:00:00,2.5,0.0
2024-07-18 03:00:00,1.5,0.0
2024-07-18 04:00:00,5.2,0.0
2024-07-18 05:00:00,4.3,55.0
2024-07-18 06:00:00,2.9,207.0
2024-07-18 07:00:00,1.6,388.0
2024-07-18 08:00:00,3.4,566.0
2024-07-18 09:00:00,7.4,720.0
2024-07-18 10:00:00,10.5,835.0
2024-07-18 11:00:00,13.6,902.0
2024-07-18 12:00:00,15.5,912.0
2024-07-18 13:00:00,15.6,843.0
2024-07-18 14:00:00,17.2,790.0
2024-07-18 15:00:00,17.1,665.0
2024-07-18 16:00:00,15.4,489.0
2024-07-18 17:00:00,12.2,305.0
2024-07-18 18:00:00,9.2,130.0
2024-07-18 19:00:00,11.3,15.0
2024-07-18 20:00:00,10.1,0.0
2024-07-18 21:00:00,8.0,0.0
2024-07-18 22:00:00,7.1,0.0
2024-07-18 23:00:00,5.9,0.0
2024-07-19 00:00:00,3.2,0.0
2024-07-19 01:00:00,1.6,0.0
2024-07-19 02:00:00,4.3,0.0
2024-07-19 03:00:00,3.6,0.0
2024-07-19 04:00:00,4.6,0.0
2024-07-19 05:00:00,5.9,54.0
2024-07-19 06:00:00,4.9,204.0
2024-07-19 07:00:00,5.4,387.0
2024-07-19 08:00:00,4.2,566.0
2024-07-19 09:00:00,4.7,720.0
2024-07-19 10:00:00,4.6,837.0
2024-07-19 11:00:00,7.0,919.0
2024-07-19 12:00:00,11.3,928.0
2024-07-19 13:00:00,13.7,887.0
2024-07-19 14:00:00,19.5,789.0
2024-07-19 15:00:00,19.5,631.0
2024-07-19 16:00:00,19.8,467.0
2024-07-19 17:00:00,18.1,295.0
2024-07-19 18:00:00,13.8,123.0
2024-07-19 19:00:00,12.1,13.0
2024-07-19 20:00:00,10.2,0.0
2024-07-19 21:00:00,8.8,0.0
2024-07-19 22:00:00,8.9,0.0
2024-07-19 23:00:00,8.0,0.0
2024-07-20 00:00:00,7.6,0.0
2024-07-20 01:00:00,8.4,0.0
2024-07-20 02:00:00,5.4,0.0
2024-07-20 03:00:00,4.3,0.0
2024-07-20 04:00:00,5.1,0.0
2024-07-20 05:00:00,4.8,50.0
2024-07-20 06:00:00,2.9,198.0
2024-07-20 07:00:00,5.0,376.0
2024-07-20 08:00:00,7.7,553.0
2024-07-20 09:00:00,11.5,705.0
2024-07-20 10:00:00,15.4,820.0
2024-07-20 11:00:00,17.1,861.0
2024-07-20 12:00:00,19.4,886.0
2024-07-20 13:00:00,17.8,829.0
2024-07-20 14:00:00,17.9,762.0
2024-07-20 15:00:00,16.5,629.0
2024-07-20 16:00:00,16.4,459.0
2024-07-20 17:00:00,16.1,288.0
2024-07-20 18:00:00,13.7,124.0
2024-07-20 19:00:00,12.1,13.0
2024-07-20 20:00:00,11.3,0.0
2024-07-20 21:00:00,9.5,0.0
2024-07-20 22:00:00,8.9,0.0
2024-07-20 23:00:00,6.5,0.0
2024-07-21 00:00:00,4.2,0.0
2024-07-21 01:00:00,2.7,0.0
2024-07-21 02:00:00,2.2,0.0
2024-07-21 03:00:00,3.3,0.0
2024-07-21 04:00:00,4.8,0.0
2024-07-21 05:00:00,5.6,50.0
2024-07-21 06:00:00,4.5,199.0
2024-07-21 07:00:00,1.1,378.0
2024-07-21 08:00:00,4.3,555.0
2024-07-21 09:00:00,8.9,708.0
2024-07-21 10:00:00,13.0,822.0
2024-07-21 11:00:00,15.3,893.0
2024-07-21 12:00:00,14.0,906.0
2024-07-21 13:00:00,12.5,871.0
2024-07-21 14:00:00,16.3,778.0
2024-07-21 15:00:00,16.1,637.0
2024-07-21 16:00:00,14.6,484.0
2024-07-21 17:00:00,12.6,292.0
2024-07-21 18:00:00,10.6,112.0
2024-07-21 19:00:00,16.4,11.0
2024-07-21 20:00:00,6.8,0.0
2024-07-21 21:00:00,4.2,0.0
2024-07-21 22:00:00,4.1,0.0
2024-07-21 23:00:00,3.8,0.0
2024-07-22 00:00:00,5.0,0.0
2024-07-22 01:00:00,3.1,0.0
2024-07-22 02:00:00,15.7,0.0
2024-07-22 03:00:00,8.8,0.0
2024-07-22 04:00:00,7.6,0.0
2024-07-22 05:00:00,10.7,29.0
2024-07-22 06:00:00,13.5,81.0
2024-07-22 07:00:00,8.1,218.0
2024-07-22 08:00:00,8.2,274.0
2024-07-22 09:00:00,16.6,413.0
2024-07-22 10:00:00,20.3,617.0
2024-07-22 11:00:00,14.5,555.0
2024-07-22 12:00:00,14.8,811.0
2024-07-22 13:00:00,10.4,649.0
2024-07-22 14:00:00,22.2,653.0
2024-07-22 15:00:00,19.2,440.0
2024-07-22 16:00:00,22.9,443.0
2024-07-22 17:00:00,12.2,243.0
2024-07-22 18:00:00,16.0,103.0
2024-07-22 19:00:00,11.6,11.0
2024-07-22 20:00:00,10.1,0.0
2024-07-22 21:00:00,4.0,0.0
2024-07-22 22:00:00,5.1,0.0
2024-07-22 23:00:00,4.3,0.0
2024-07-23 00:00:00,3.4,0.0
2024-07-23 01:00:00,5.1,0.0
2024-07-23 02:00:00,5.9,0.0
2024-07-23 03:00:00,4.7,0.0
2024-07-23 04:00:00,4.6,0.0
2024-07-23 05:00:00,6.1,47.0
2024-07-23 06:00:00,5.8,193.0
2024-07-23 07:00:00,6.6,373.0
2024-07-23 08:00:00,5.1,550.0
2024-07-23 09:00:00,4.1,705.0
2024-07-23 10:00:00,3.1,822.0
2024-07-23 11:00:00,3.3,890.0
2024-07-23 12:00:00,9.2,914.0
2024-07-23 13:00:00,14.7,820.0
2024-07-23 14:00:00,21.4,691.0
2024-07-23 15:00:00,16.5,570.0
2024-07-23 16:00:00,14.5,403.0
2024-07-23 17:00:00,17.0,266.0
2024-07-23 18:00:00,15.5,111.0
2024-07-23 19:00:00,10.6,10.0
2024-07-23 20:00:00,4.1,0.0
2024-07-23 21:00:00,2.9,0.0
2024-07-23 22:00:00,3.6,0.0
2024-07-23 23:00:00,2.3,0.0
2024-07-24 00:00:00,4.2,0.0
2024-07-24 01:00:00,5.0,0.0
2024-07-24 02:00:00,5.2,0.0
2024-07-24 03:00:00,4.8,0.0
2024-07-24 04:00:00,4.5,0.0
2024-07-24 05:00:00,8.4,44.0
2024-07-24 06:00:00,6.5,189.0
2024-07-24 07:00:00,7.0,370.0
2024-07-24 08:00:00,5.6,549.0
2024-07-24 09:00:00,5.7,704.0
2024-07-24 10:00:00,4.7,790.0
2024-07-24 11:00:00,5.8,874.0
2024-07-24 12:00:00,12.0,888.0
2024-07-24 13:00:00,18.9,821.0
2024-07-24 14:00:00,20.7,691.0
2024-07-24 15:00:00,20.1,509.0
2024-07-24 16:00:00,21.2,429.0
2024-07-24 17:00:00,17.9,276.0
2024-07-24 18:00:00,16.5,109.0
2024-07-24 19:00:00,16.3,10.0
2024-07-24 20:00:00,13.3,0.0
2024-07-24 21:00:00,13.3,0.0
2024-07-24 22:00:00,10.5,0.0
2024-07-24 23:00:00,8.0,0.0
2024-07-25 00:00:00,7.5,0.0
2024-07-25 01:00:00,7.2,0.0
2024-07-25 02:00:00,2.5,0.0
2024-07-25 03:00:00,2.1,0.0
2024-07-25 04:00:00,2.9,0.0
2024-07-25 05:00:00,3.9,43.0
2024-07-25 06:00:00,4.7,186.0
2024-07-25 07:00:00,4.2,363.0
2024-07-25 08:00:00,2.2,540.0
2024-07-25 09:00:00,2.6,694.0
2024-07-25 10:00:00,5.1,768.0
2024-07-25 11:00:00,9.4,814.0
2024-07-25 12:00:00,17.3,772.0
2024-07-25 13:00:00,15.8,714.0
2024-07-25 14:00:00,14.8,658.0
2024-07-25 15:00:00,14.2,587.0
2024-07-25 16:00:00,14.2,426.0
2024-07-25 17:00:00,14.0,260.0
2024-07-25 18:00:00,11.5,107.0
2024-07-25 19:00:00,8.5,9.0
2024-07-25 20:00:00,5.6,0.0
2024-07-25 21:00:00,1.5,0.0
2024-07-25 22:00:00,4.8,0.0
2024-07-25 23:00:00,4.5,0.0
2024-07-26 00:00:00,3.2,0.0
2024-07-26 01:00:00,4.9,0.0
2024-07-26 02:00:00,4.4,0.0
2024-07-26 03:00:00,3.4,0.0
2024-07-26 04:00:00,6.1,0.0
2024-07-26 05:00:00,6.8,41.0
2024-07-26 06:00:00,5.1,184.0
2024-07-26 07:00:00,4.7,363.0
2024-07-26 08:00:00,1.5,540.0
2024-07-26 09:00:00,7.1,696.0
2024-07-26 10:00:00,10.4,795.0
2024-07-26 11:00:00,13.5,863.0
2024-07-26 12:00:00,15.5,882.0
2024-07-26 13:00:00,16.4,782.0
2024-07-26 14:00:00,16.7,741.0
2024-07-26 15:00:00,17.2,586.0
2024-07-26 16:00:00,16.8,423.0
2024-07-26 17:00:00,15.2,274.0
2024-07-26 18:00:00,13.3,104.0
2024-07-26 19:00:00,9.2,9.0
2024-07-26 20:00:00,6.5,0.0
2024-07-26 21:00:00,3.8,0.0
2024-07-26 22:00:00,1.9,0.0
2024-07-26 23:00:00,3.1,0.0
2024-07-27 00:00:00,4.1,0.0
2024-07-27 01:00:00,3.4,0.0
2024-07-27 02:00:00,4.1,0.0
2024-07-27 03:00:00,4.0,0.0
2024-07-27 04:00:00,4.7,0.0
2024-07-27 05:00:00,5.0,39.0
2024-07-27 06:00:00,3.4,180.0
2024-07-27 07:00:00,4.0,359.0
2024-07-27 08:00:00,2.5,536.0
2024-07-27 09:00:00,2.2,690.0
2024-07-27 10:00:00,4.5,807.0
2024-07-27 11:00:00,9.4,883.0
2024-07-27 12:00:00,15.0,919.0
2024-07-27 13:00:00,17.9,881.0
2024-07-27 14:00:00,19.8,791.0
2024-07-27 15:00:00,18.2,625.0
2024-07-27 16:00:00,17.1,464.0
2024-07-27 17:00:00,14.5,280.0
2024-07-27 18:00:00,12.0,108.0
2024-07-27 19:00:00,10.4,8.0
2024-07-27 20:00:00,7.8,0.0
2024-07-27 21:00:00,5.1,0.0
2024-07-27 22:00:00,3.4,0.0
2024-07-27 23:00:00,2.3,0.0
2024-07-28 00:00:00,1.0,0.0
2024-07-28 01:00:00,2.5,0.0
2024-07-28 02:00:00,4.3,0.0
2024-07-28 03:00:00,3.4,0.0
2024-07-28 04:00:00,4.2,0.0
2024-07-28 05:00:00,5.1,39.0
2024-07-28 06:00:00,4.6,181.0
2024-07-28 07:00:00,4.1,362.0
2024-07-28 08:00:00,2.7,541.0
2024-07-28 09:00:00,2.7,700.0
2024-07-28 10:00:00,6.4,818.0
2024-07-28 11:00:00,11.0,889.0
2024-07-28 12:00:00,15.5,905.0
2024-07-28 13:00:00,16.9,863.0
2024-07-28 14:00:00,19.6,779.0
2024-07-28 15:00:00,19.7,638.0
2024-07-28 16:00:00,20.0,465.0
2024-07-28 17:00:00,17.1,275.0
2024-07-28 18:00:00,13.7,105.0
2024-07-28 19:00:00,10.1,8.0
2024-07-28 20:00:00,10.1,0.0
2024-07-28 21:00:00,9.0,0.0
2024-07-28 22:00:00,6.0,0.0
2024-07-28 23:00:00,3.0,0.0
2024-07-29 00:00:00,3.6,0.0
2024-07-29 01:00:00,3.9,0.0
2024-07-29 02:00:00,6.8,0.0
2024-07-29 03:00:00,3.9,0.0
2024-07-29 04:00:00,4.3,0.0
2024-07-29 05:00:00,5.1,37.0
2024-07-29 06:00:00,4.6,179.0
2024-07-29 07:00:00,4.3,358.0
2024-07-29 08:00:00,3.9,536.0
2024-07-29 09:00:00,2.3,691.0
2024-07-29 10:00:00,2.3,817.0
2024-07-29 11:00:00,5.1,873.0
2024-07-29 12:00:00,7.9,778.0
2024-07-29 13:00:00,6.2,764.0
2024-07-29 14:00:00,14.6,679.0
2024-07-29 15:00:00,22.5,560.0
2024-07-29 16:00:00,20.1,358.0
2024-07-29 17:00:00,21.7,208.0
2024-07-29 18:00:00,18.1,101.0
2024-07-29 19:00:00,12.0,7.0
2024-07-29 20:00:00,3.3,0.0
2024-07-29 21:00:00,6.2,0.0
2024-07-29 22:00:00,3.3,0.0
2024-07-29 23:00:00,6.4,0.0
2024-07-30 00:00:00,8.0,0.0
2024-07-30 01:00:00,6.1,0.0
2024-07-30 02:00:00,8.1,0.0
2024-07-30 03:00:00,9.4,0.0
2024-07-30 04:00:00,9.2,0.0
2024-07-30 05:00:00,8.5,36.0
2024-07-30 06:00:00,7.3,176.0
2024-07-30 07:00:00,5.8,354.0
2024-07-30 08:00:00,3.4,532.0
2024-07-30 09:00:00,3.0,687.0
2024-07-30 10:00:00,4.0,803.0
2024-07-30 11:00:00,5.1,873.0
2024-07-30 12:00:00,7.3,868.0
2024-07-30 13:00:00,12.4,854.0
2024-07-30 14:00:00,22.4,753.0
2024-07-30 15:00:00,21.7,598.0
2024-07-30 16:00:00,21.4,454.0
2024-07-30 17:00:00,14.9,268.0
2024-07-30 18:00:00,14.4,100.0
2024-07-30 19:00:00,13.2,6.0
2024-07-30 20:00:00,8.6,0.0
2024-07-30 21:00:00,3.3,0.0
2024-07-30 22:00:00,3.8,0.0
2024-07-30 23:00:00,1.5,0.0
2024-07-31 00:00:00,4.5,0.0
2024-07-31 01:00:00,4.8,0.0
2024-07-31 02:00:00,4.3,0.0
2024-07-31 03:00:00,5.0,0.0
2024-07-31 04:00:00,6.7,0.0
2024-07-31 05:00:00,6.5,36.0
2024-07-31 06:00:00,3.1,180.0
2024-07-31 07:00:00,5.0,364.0
2024-07-31 08:00:00,2.1,543.0
2024-07-31 09:00:00,3.6,700.0
2024-07-31 10:00:00,4.7,815.0
2024-07-31 11:00:00,5.4,880.0
2024-07-31 12:00:00,8.8,888.0
2024-07-31 13:00:00,12.7,845.0
2024-07-31 14:00:00,18.4,745.0
2024-07-31 15:00:00,21.1,588.0
2024-07-31 16:00:00,22.0,411.0
2024-07-31 17:00:00,14.8,254.0
2024-07-31 18:00:00,15.0,97.0
2024-07-31 19:00:00,11.6,6.0
2024-07-31 20:00:00,7.9,0.0
2024-07-31 21:00:00,6.6,0.0
2024-07-31 22:00:00,3.4,0.0
2024-07-31 23:00:00,3.9,0.0
2024-08-01 00:00:00,2.9,0.0
2024-08-01 01:00:00,0.4,0.0
2024-08-01 02:00:00,2.4,0.0
2024-08-01 03:00:00,3.9,0.0
2024-08-01 04:00:00,3.8,0.0
2024-08-01 05:00:00,4.8,33.0
2024-08-01 06:00:00,3.3,171.0
2024-08-01 07:00:00,1.8,351.0
2024-08-01 08:00:00,1.8,528.0
2024-08-01 09:00:00,5.5,683.0
2024-08-01 10:00:00,10.2,799.0
2024-08-01 11:00:00,16.3,864.0
2024-08-01 12:00:00,17.1,886.0
2024-08-01 13:00:00,17.3,832.0
2024-08-01 14:00:00,17.9,715.0
2024-08-01 15:00:00,16.1,602.0
2024-08-01 16:00:00,16.8,455.0
2024-08-01 17:00:00,15.1,269.0
2024-08-01 18:00:00,12.1,99.0
2024-08-01 19:00:00,8.3,5.0
2024-08-01 20:00:00,5.4,0.0
2024-08-01 21:00:00,3.6,0.0
2024-08-01 22:00:00,3.0,0.0
2024-08-01 23:00:00,4.7,0.0
2024-08-02 00:00:00,5.4,0.0
2024-08-02 01:00:00,4.9,0.0
2024-08-02 02:00:00,4.6,0.0
2024-08-02 03:00:00,5.4,0.0
2024-08-02 04:00:00,3.3,0.0
2024-08-02 05:00:00,1.5,32.0
2024-08-02 06:00:00,1.1,172.0
2024-08-02 07:00:00,0.8,353.0
2024-08-02 08:00:00,4.9,532.0
2024-08-02 09:00:00,10.1,690.0
2024-08-02 10:00:00,13.4,808.0
2024-08-02 11:00:00,15.3,878.0
2024-08-02 12:00:00,16.7,891.0
2024-08-02 13:00:00,18.0,850.0
2024-08-02 14:00:00,19.7,752.0
2024-08-02 15:00:00,18.7,618.0
2024-08-02 16:00:00,16.6,444.0
2024-08-02 17:00:00,14.4,261.0
2024-08-02 18:00:00,14.8,94.0
2024-08-02 19:00:00,13.5,5.0
2024-08-02 20:00:00,7.2,0.0
2024-08-02 21:00:00,1.5,0.0
2024-08-02 22:00:00,2.5,0.0
2024-08-02 23:00:00,2.9,0.0
2024-08-03 00:00:00,3.3,0.0
2024-08-03 01:00:00,4.1,0.0
2024-08-03 02:00:00,2.2,0.0
2024-08-03 03:00:00,8.0,0.0
2024-08-03 04:00:00,1.9,0.0
2024-08-03 05:00:00,4.6,27.0
2024-08-03 06:00:00,7.9,163.0
2024-08-03 07:00:00,4.1,329.0
2024-08-03 08:00:00,7.7,516.0
2024-08-03 09:00:00,7.2,659.0
2024-08-03 10:00:00,8.2,789.0
2024-08-03 11:00:00,12.9,861.0
2024-08-03 12:00:00,5.8,679.0
2024-08-03 13:00:00,13.5,550.0
2024-08-03 14:00:00,4.2,650.0
2024-08-03 15:00:00,11.1,446.0
2024-08-03 16:00:00,10.9,205.0
2024-08-03 17:00:00,0.8,34.0
2024-08-03 18:00:00,2.5,35.0
2024-08-03 19:00:00,6.0,2.0
2024-08-03 20:00:00,7.2,0.0
2024-08-03 21:00:00,5.4,0.0
2024-08-03 22:00:00,4.0,0.0
2024-08-03 23:00:00,2.9,0.0
2024-08-04 00:00:00,3.7,0.0
2024-08-04 01:00:00,5.9,0.0
2024-08-04 02:00:00,4.3,0.0
2024-08-04 03:00:00,4.4,0.0
2024-08-04 04:00:00,4.3,0.0
2024-08-04 05:00:00,5.2,27.0
2024-08-04 06:00:00,3.7,159.0
2024-08-04 07:00:00,5.7,335.0
2024-08-04 08:00:00,3.7,516.0
2024-08-04 09:00:00,5.3,674.0
2024-08-04 10:00:00,10.2,786.0
2024-08-04 11:00:00,16.1,775.0
2024-08-04 12:00:00,15.7,689.0
2024-08-04 13:00:00,9.5,614.0
2024-08-04 14:00:00,3.8,602.0
2024-08-04 15:00:00,1.4,506.0
2024-08-04 16:00:00,4.7,372.0
2024-08-04 17:00:00,7.3,202.0
2024-08-04 18:00:00,3.3,68.0
2024-08-04 19:00:00,7.3,3.0
2024-08-04 20:00:00,10.5,0.0
2024-08-04 21:00:00,5.8,0.0
2024-08-04 22:00:00,3.8,0.0
2024-08-04 23:00:00,3.1,0.0
2024-08-05 00:00:00,3.6,0.0
2024-08-05 01:00:00,2.3,0.0
2024-08-05 02:00:00,4.0,0.0
2024-08-05 03:00:00,5.4,0.0
2024-08-05 04:00:00,5.5,0.0
2024-08-05 05:00:00,6.0,25.0
2024-08-05 06:00:00,6.2,130.0
2024-08-05 07:00:00,5.8,250.0
2024-08-05 08:00:00,3.6,511.0
2024-08-05 09:00:00,1.4,662.0
2024-08-05 10:00:00,9.1,772.0
2024-08-05 11:00:00,15.4,774.0
2024-08-05 12:00:00,12.0,754.0
2024-08-05 13:00:00,15.6,675.0
2024-08-05 14:00:00,13.7,657.0
2024-08-05 15:00:00,13.2,517.0
2024-08-05 16:00:00,11.0,400.0
2024-08-05 17:00:00,10.8,221.0
2024-08-05 18:00:00,9.7,80.0
2024-08-05 19:00:00,8.5,3.0
2024-08-05 20:00:00,7.8,0.0
2024-08-05 21:00:00,3.3,0.0
2024-08-05 22:00:00,1.5,0.0
2024-08-05 23:00:00,2.1,0.0
2024-08-06 00:00:00,4.2,0.0
2024-08-06 01:00:00,3.3,0.0
2024-08-06 02:00:00,5.1,0.0
2024-08-06 03:00:00,3.4,0.0
2024-08-06 04:00:00,4.7,0.0
2024-08-06 05:00:00,5.7,25.0
2024-08-06 06:00:00,3.8,156.0
2024-08-06 07:00:00,4.3,332.0
2024-08-06 08:00:00,2.9,509.0
2024-08-06 09:00:00,3.7,663.0
2024-08-06 10:00:00,6.8,764.0
2024-08-06 11:00:00,8.6,813.0
2024-08-06 12:00:00,10.9,823.0
2024-08-06 13:00:00,12.0,731.0
2024-08-06 14:00:00,15.1,675.0
2024-08-06 15:00:00,16.2,561.0
2024-08-06 16:00:00,14.0,416.0
2024-08-06 17:00:00,12.4,246.0
2024-08-06 18:00:00,10.6,84.0
2024-08-06 19:00:00,10.5,3.0
2024-08-06 20:00:00,8.8,0.0
2024-08-06 21:00:00,7.1,0.0
2024-08-06 22:00:00,5.5,0.0
2024-08-06 23:00:00,3.6,0.0
2024-08-07 00:00:00,3.3,0.0
2024-08-07 01:00:00,4.0,0.0
2024-08-07 02:00:00,0.5,0.0
2024-08-07 03:00:00,5.1,0.0
2024-08-07 04:00:00,5.0,0.0
2024-08-07 05:00:00,3.1,25.0
2024-08-07 06:00:00,4.7,157.0
2024-08-07 07:00:00,3.5,336.0
2024-08-07 08:00:00,1.8,516.0
2024-08-07 09:00:00,3.6,673.0
2024-08-07 10:00:00,7.0,790.0
2024-08-07 11:00:00,12.0,841.0
2024-08-07 12:00:00,15.0,747.0
2024-08-07 13:00:00,12.6,738.0
2024-08-07 14:00:00,15.0,655.0
2024-08-07 15:00:00,16.2,557.0
2024-08-07 16:00:00,16.3,411.0
2024-08-07 17:00:00,15.6,242.0
2024-08-07 18:00:00,12.3,81.0
2024-08-07 19:00:00,11.8,2.0
2024-08-07 20:00:00,8.6,0.0
2024-08-07 21:00:00,7.1,0.0
2024-08-07 22:00:00,5.9,0.0
2024-08-07 23:00:00,4.5,0.0
2024-08-08 00:00:00,4.2,0.0
2024-08-08 01:00:00,2.9,0.0
2024-08-08 02:00:00,3.8,0.0
2024-08-08 03:00:00,4.1,0.0
2024-08-08 04:00:00,1.4,0.0
2024-08-08 05:00:00,4.7,23.0
2024-08-08 06:00:00,3.4,150.0
2024-08-08 07:00:00,2.7,323.0
2024-08-08 08:00:00,2.5,505.0
2024-08-08 09:00:00,1.3,666.0
2024-08-08 10:00:00,3.6,785.0
2024-08-08 11:00:00,5.9,810.0
2024-08-08 12:00:00,9.7,733.0
2024-08-08 13:00:00,16.2,504.0
2024-08-08 14:00:00,15.9,607.0
2024-08-08 15:00:00,18.6,492.0
2024-08-08 16:00:00,18.3,368.0
2024-08-08 17:00:00,15.9,233.0
2024-08-08 18:00:00,12.5,75.0
2024-08-08 19:00:00,10.8,2.0
2024-08-08 20:00:00,8.6,0.0
2024-08-08 21:00:00,5.8,0.0
2024-08-08 22:00:00,6.2,0.0
2024-08-08 23:00:00,5.1,0.0
2024-08-09 00:00:00,3.6,0.0
2024-08-09 01:00:00,3.2,0.0
2024-08-09 02:00:00,4.3,0.0
2024-08-09 03:00:00,3.7,0.0
2024-08-09 04:00:00,3.6,0.0
2024-08-09 05:00:00,6.1,22.0
2024-08-09 06:00:00,5.6,150.0
2024-08-09 07:00:00,4.7,327.0
2024-08-09 08:00:00,2.6,505.0
2024-08-09 09:00:00,1.8,662.0
2024-08-09 10:00:00,3.2,779.0
2024-08-09 11:00:00,5.9,750.0
2024-08-09 12:00:00,8.5,720.0
2024-08-09 13:00:00,13.3,687.0
2024-08-09 14:00:00,15.6,489.0
2024-08-09 15:00:00,16.3,361.0
2024-08-09 16:00:00,15.8,356.0
2024-08-09 17:00:00,17.1,214.0
2024-08-09 18:00:00,10.7,73.0
2024-08-09 19:00:00,9.0,2.0
2024-08-09 20:00:00,7.6,0.0
2024-08-09 21:00:00,4.9,0.0
2024-08-09 22:00:00,3.0,0.0
2024-08-09 23:00:00,3.9,0.0
2024-08-10 00:00:00,0.5,0.0
2024-08-10 01:00:00,4.1,0.0
2024-08-10 02:00:00,3.7,0.0
2024-08-10 03:00:00,3.6,0.0
2024-08-10 04:00:00,5.7,0.0
2024-08-10 05:00:00,6.8,21.0
2024-08-10 06:00:00,4.7,147.0
2024-08-10 07:00:00,5.2,324.0
2024-08-10 08:00:00,3.3,502.0
2024-08-10 09:00:00,2.5,657.0
2024-08-10 10:00:00,4.7,753.0
2024-08-10 11:00:00,6.9,782.0
2024-08-10 12:00:00,14.1,764.0
2024-08-10 13:00:00,21.4,703.0
2024-08-10 14:00:00,16.8,650.0
2024-08-10 15:00:00,19.6,528.0
2024-08-10 16:00:00,16.7,407.0
2024-08-10 17:00:00,15.4,216.0
2024-08-10 18:00:00,9.2,68.0
2024-08-10 19:00:00,2.6,1.0
2024-08-10 20:00:00,4.0,0.0
2024-08-10 21:00:00,4.1,0.0
2024-08-10 22:00:00,0.4,0.0
2024-08-10 23:00:00,4.3,0.0
2024-08-11 00:00:00,4.5,0.0
2024-08-11 01:00:00,3.9,0.0
2024-08-11 02:00:00,3.8,0.0
2024-08-11 03:00:00,4.8,0.0
2024-08-11 04:00:00,5.1,0.0
2024-08-11 05:00:00,6.3,20.0
2024-08-11 06:00:00,5.9,144.0
2024-08-11 07:00:00,6.1,319.0
2024-08-11 08:00:00,4.1,493.0
2024-08-11 09:00:00,5.2,641.0
2024-08-11 10:00:00,9.7,765.0
2024-08-11 11:00:00,12.3,830.0
2024-08-11 12:00:00,14.3,807.0
2024-08-11 13:00:00,17.3,741.0
2024-08-11 14:00:00,24.7,617.0
2024-08-11 15:00:00,20.8,545.0
2024-08-11 16:00:00,19.7,410.0
2024-08-11 17:00:00,16.3,224.0
2024-08-11 18:00:00,11.5,69.0
2024-08-11 19:00:00,10.5,1.0
2024-08-11 20:00:00,4.7,0.0
2024-08-11 21:00:00,2.9,0.0
2024-08-11 22:00:00,2.9,0.0
2024-08-11 23:00:00,4.0,0.0
2024-08-12 00:00:00,4.5,0.0
2024-08-12 01:00:00,5.1,0.0
2024-08-12 02:00:00,4.1,0.0
2024-08-12 03:00:00,5.9,0.0
2024-08-12 04:00:00,5.9,0.0
2024-08-12 05:00:00,6.9,19.0
2024-08-12 06:00:00,3.6,144.0
2024-08-12 07:00:00,5.1,321.0
2024-08-12 08:00:00,1.8,500.0
2024-08-12 09:00:00,5.9,656.0
2024-08-12 10:00:00,10.0,774.0
2024-08-12 11:00:00,14.5,845.0
2024-08-12 12:00:00,16.3,834.0
2024-08-12 13:00:00,15.2,805.0
2024-08-12 14:00:00,15.5,707.0
2024-08-12 15:00:00,16.8,585.0
2024-08-12 16:00:00,16.6,406.0
2024-08-12 17:00:00,16.9,226.0
2024-08-12 18:00:00,11.8,67.0
2024-08-12 19:00:00,7.4,1.0
2024-08-12 20:00:00,5.9,0.0
2024-08-12 21:00:00,6.1,0.0
2024-08-12 22:00:00,3.1,0.0
2024-08-12 23:00:00,3.4,0.0
2024-08-13 00:00:00,2.5,0.0
2024-08-13 01:00:00,5.4,0.0
2024-08-13 02:00:00,5.1,0.0
2024-08-13 03:00:00,4.0,0.0
2024-08-13 04:00:00,1.1,0.0
2024-08-13 05:00:00,1.4,17.0
2024-08-13 06:00:00,1.8,135.0
2024-08-13 07:00:00,1.5,309.0
2024-08-13 08:00:00,0.4,492.0
2024-08-13 09:00:00,3.1,651.0
2024-08-13 10:00:00,6.4,765.0
2024-08-13 11:00:00,13.5,794.0
2024-08-13 12:00:00,12.7,452.0
2024-08-13 13:00:00,7.5,435.0
2024-08-13 14:00:00,2.7,437.0
2024-08-13 15:00:00,2.3,534.0
2024-08-13 16:00:00,4.7,364.0
2024-08-13 17:00:00,4.7,213.0
2024-08-13 18:00:00,5.1,63.0
2024-08-13 19:00:00,10.1,1.0
2024-08-13 20:00:00,9.2,0.0
2024-08-13 21:00:00,8.4,0.0
2024-08-13 22:00:00,3.3,0.0
2024-08-13 23:00:00,3.8,0.0
2024-08-14 00:00:00,4.5,0.0
2024-08-14 01:00:00,4.0,0.0
2024-08-14 02:00:00,4.2,0.0
2024-08-14 03:00:00,4.3,0.0
2024-08-14 04:00:00,5.9,0.0
2024-08-14 05:00:00,6.4,17.0
2024-08-14 06:00:00,4.3,139.0
2024-08-14 07:00:00,3.5,317.0
2024-08-14 08:00:00,1.1,501.0
2024-08-14 09:00:00,1.0,659.0
2024-08-14 10:00:00,3.1,780.0
2024-08-14 11:00:00,8.2,842.0
2024-08-14 12:00:00,14.1,859.0
2024-08-14 13:00:00,16.4,738.0
2024-08-14 14:00:00,15.8,669.0
2024-08-14 15:00:00,16.0,593.0
2024-08-14 16:00:00,17.6,410.0
2024-08-14 17:00:00,15.3,222.0
2024-08-14 18:00:00,10.2,63.0
2024-08-14 19:00:00,3.0,0.0
2024-08-14 20:00:00,2.0,0.0
2024-08-14 21:00:00,2.9,0.0
2024-08-14 22:00:00,3.5,0.0
2024-08-14 23:00:00,3.7,0.0
2024-08-15 00:00:00,1.8,0.0
2024-08-15 01:00:00,3.1,0.0
2024-08-15 02:00:00,3.8,0.0
2024-08-15 03:00:00,5.6,0.0
2024-08-15 04:00:00,5.5,0.0
2024-08-15 05:00:00,6.6,16.0
2024-08-15 06:00:00,4.7,136.0
2024-08-15 07:00:00,4.8,312.0
2024-08-15 08:00:00,2.4,491.0
2024-08-15 09:00:00,2.6,648.0
2024-08-15 10:00:00,4.9,773.0
2024-08-15 11:00:00,14.5,824.0
2024-08-15 12:00:00,10.2,740.0
2024-08-15 13:00:00,11.2,754.0
2024-08-15 14:00:00,4.1,565.0
2024-08-15 15:00:00,4.3,489.0
2024-08-15 16:00:00,1.1,338.0
2024-08-15 17:00:00,7.7,176.0
2024-08-15 18:00:00,23.9,47.0
2024-08-15 19:00:00,8.5,0.0
2024-08-15 20:00:00,8.5,0.0
2024-08-15 21:00:00,7.2,0.0
2024-08-15 22:00:00,3.4,0.0
2024-08-15 23:00:00,1.8,0.0
2024-08-16 00:00:00,5.2,0.0
2024-08-16 01:00:00,1.8,0.0
2024-08-16 02:00:00,4.2,0.0
2024-08-16 03:00:00,3.8,0.0
2024-08-16 04:00:00,4.1,0.0
2024-08-16 05:00:00,5.5,15.0
2024-08-16 06:00:00,5.0,129.0
2024-08-16 07:00:00,3.0,300.0
2024-08-16 08:00:00,4.0,481.0
2024-08-16 09:00:00,6.4,618.0
2024-08-16 10:00:00,3.2,642.0
2024-08-16 11:00:00,0.7,557.0
2024-08-16 12:00:00,4.2,700.0
2024-08-16 13:00:00,9.8,691.0
2024-08-16 14:00:00,7.3,581.0
2024-08-16 15:00:00,5.4,487.0
2024-08-16 16:00:00,15.3,385.0
2024-08-16 17:00:00,18.2,175.0
2024-08-16 18:00:00,15.6,46.0
2024-08-16 19:00:00,10.5,0.0
2024-08-16 20:00:00,5.4,0.0
2024-08-16 21:00:00,1.6,0.0
2024-08-16 22:00:00,6.2,0.0
2024-08-16 23:00:00,6.4,0.0
2024-08-17 00:00:00,5.1,0.0
2024-08-17 01:00:00,8.8,0.0
2024-08-17 02:00:00,15.0,0.0
2024-08-17 03:00:00,13.4,0.0
2024-08-17 04:00:00,6.1,0.0
2024-08-17 05:00:00,6.0,14.0
2024-08-17 06:00:00,4.6,130.0
2024-08-17 07:00:00,3.0,306.0
2024-08-17 08:00:00,2.6,483.0
2024-08-17 09:00:00,6.0,636.0
2024-08-17 10:00:00,11.5,729.0
2024-08-17 11:00:00,9.1,653.0
2024-08-17 12:00:00,3.0,684.0
2024-08-17 13:00:00,5.6,652.0
2024-08-17 14:00:00,4.4,481.0
2024-08-17 15:00:00,2.0,384.0
2024-08-17 16:00:00,6.1,365.0
2024-08-17 17:00:00,15.3,207.0
2024-08-17 18:00:00,15.6,50.0
2024-08-17 19:00:00,9.2,0.0
2024-08-17 20:00:00,7.2,0.0
2024-08-17 21:00:00,6.2,0.0
2024-08-17 22:00:00,4.0,0.0
2024-08-17 23:00:00,5.1,0.0
2024-08-18 00:00:00,4.7,0.0
2024-08-18 01:00:00,1.4,0.0
2024-08-18 02:00:00,1.3,0.0
2024-08-18 03:00:00,3.7,0.0
2024-08-18 04:00:00,4.4,0.0
2024-08-18 05:00:00,6.6,12.0
2024-08-18 06:00:00,4.9,116.0
2024-08-18 07:00:00,3.3,211.0
2024-08-18 08:00:00,3.7,386.0
2024-08-18 09:00:00,10.9,398.0
2024-08-18 10:00:00,10.2,451.0
2024-08-18 11:00:00,11.5,605.0
2024-08-18 12:00:00,19.1,594.0
2024-08-18 13:00:00,14.2,516.0
2024-08-18 14:00:00,6.0,355.0
2024-08-18 15:00:00,4.5,390.0
2024-08-18 16:00:00,9.1,237.0
2024-08-18 17:00:00,3.3,146.0
2024-08-18 18:00:00,2.4,36.0
2024-08-18 19:00:00,6.0,0.0
2024-08-18 20:00:00,8.7,0.0
2024-08-18 21:00:00,5.8,0.0
2024-08-18 22:00:00,7.4,0.0
2024-08-18 23:00:00,6.1,0.0
2024-08-19 00:00:00,10.3,0.0
2024-08-19 01:00:00,3.5,0.0
2024-08-19 02:00:00,5.1,0.0
2024-08-19 03:00:00,3.8,0.0
2024-08-19 04:00:00,2.9,0.0
2024-08-19 05:00:00,4.4,11.0
2024-08-19 06:00:00,4.7,111.0
2024-08-19 07:00:00,1.8,292.0
2024-08-19 08:00:00,8.0,466.0
2024-08-19 09:00:00,6.1,415.0
2024-08-19 10:00:00,2.1,703.0
2024-08-19 11:00:00,5.6,764.0
2024-08-19 12:00:00,11.0,795.0
2024-08-19 13:00:00,6.8,739.0
2024-08-19 14:00:00,6.5,619.0
2024-08-19 15:00:00,9.0,393.0
2024-08-19 16:00:00,8.3,302.0
2024-08-19 17:00:00,8.3,181.0
2024-08-19 18:00:00,7.9,35.0
2024-08-19 19:00:00,8.1,0.0
2024-08-19 20:00:00,4.2,0.0
2024-08-19 21:00:00,4.0,0.0
2024-08-19 22:00:00,5.0,0.0
2024-08-19 23:00:00,6.2,0.0
2024-08-20 00:00:00,3.6,0.0
2024-08-20 01:00:00,3.5,0.0
2024-08-20 02:00:00,6.3,0.0
2024-08-20 03:00:00,3.1,0.0
2024-08-20 04:00:00,3.3,0.0
2024-08-20 05:00:00,3.9,11.0
2024-08-20 06:00:00,3.7,117.0
2024-08-20 07:00:00,6.7,250.0
2024-08-20 08:00:00,6.2,364.0
2024-08-20 09:00:00,5.9,611.0
2024-08-20 10:00:00,5.6,750.0
2024-08-20 11:00:00,4.2,749.0
2024-08-20 12:00:00,5.3,791.0
2024-08-20 13:00:00,13.2,689.0
2024-08-20 14:00:00,12.6,577.0
2024-08-20 15:00:00,12.5,501.0
2024-08-20 16:00:00,15.5,345.0
2024-08-20 17:00:00,13.8,170.0
2024-08-20 18:00:00,12.0,35.0
2024-08-20 19:00:00,5.8,0.0
2024-08-20 20:00:00,3.8,0.0
2024-08-20 21:00:00,3.3,0.0
2024-08-20 22:00:00,2.7,0.0
2024-08-20 23:00:00,3.3,0.0
2024-08-21 00:00:00,1.8,0.0
2024-08-21 01:00:00,1.8,0.0
2024-08-21 02:00:00,5.7,0.0
2024-08-21 03:00:00,4.0,0.0
2024-08-21 04:00:00,3.8,0.0
2024-08-21 05:00:00,4.7,10.0
2024-08-21 06:00:00,5.4,116.0
2024-08-21 07:00:00,6.4,290.0
2024-08-21 08:00:00,6.5,471.0
2024-08-21 09:00:00,9.8,629.0
2024-08-21 10:00:00,10.5,749.0
2024-08-21 11:00:00,11.5,820.0
2024-08-21 12:00:00,13.7,804.0
2024-08-21 13:00:00,9.0,659.0
2024-08-21 14:00:00,6.2,610.0
2024-08-21 15:00:00,10.8,514.0
2024-08-21 16:00:00,14.3,332.0
2024-08-21 17:00:00,17.9,190.0
2024-08-21 18:00:00,14.3,43.0
2024-08-21 19:00:00,7.6,0.0
2024-08-21 20:00:00,2.9,0.0
2024-08-21 21:00:00,3.6,0.0
2024-08-21 22:00:00,3.1,0.0
2024-08-21 23:00:00,4.8,0.0
2024-08-22 00:00:00,0.7,0.0
2024-08-22 01:00:00,1.3,0.0
2024-08-22 02:00:00,2.9,0.0
2024-08-22 03:00:00,3.3,0.0
2024-08-22 04:00:00,4.2,0.0
2024-08-22 05:00:00,5.0,10.0
2024-08-22 06:00:00,5.7,117.0
2024-08-22 07:00:00,5.8,289.0
2024-08-22 08:00:00,1.9,467.0
2024-08-22 09:00:00,4.3,626.0
2024-08-22 10:00:00,6.3,709.0
2024-08-22 11:00:00,18.0,671.0
2024-08-22 12:00:00,14.4,553.0
2024-08-22 13:00:00,20.2,658.0
2024-08-22 14:00:00,14.6,563.0
2024-08-22 15:00:00,13.5,485.0
2024-08-22 16:00:00,12.5,300.0
2024-08-22 17:00:00,11.5,175.0
2024-08-22 18:00:00,6.9,38.0
2024-08-22 19:00:00,5.4,0.0
2024-08-22 20:00:00,3.3,0.0
2024-08-22 21:00:00,4.0,0.0
2024-08-22 22:00:00,4.3,0.0
2024-08-22 23:00:00,4.5,0.0
2024-08-23 00:00:00,2.6,0.0
2024-08-23 01:00:00,4.7,0.0
2024-08-23 02:00:00,3.3,0.0
2024-08-23 03:00:00,3.4,0.0
2024-08-23 04:00:00,3.9,0.0
2024-08-23 05:00:00,4.9,9.0
2024-08-23 06:00:00,4.0,115.0
2024-08-23 07:00:00,4.4,288.0
2024-08-23 08:00:00,3.3,467.0
2024-08-23 09:00:00,2.6,629.0
2024-08-23 10:00:00,4.7,747.0
2024-08-23 11:00:00,7.4,753.0
2024-08-23 12:00:00,10.8,702.0
2024-08-23 13:00:00,15.5,529.0
2024-08-23 14:00:00,14.7,625.0
2024-08-23 15:00:00,12.0,487.0
2024-08-23 16:00:00,13.7,347.0
2024-08-23 17:00:00,12.6,184.0
2024-08-23 18:00:00,9.4,37.0
2024-08-23 19:00:00,8.7,0.0
2024-08-23 20:00:00,6.8,0.0
2024-08-23 21:00:00,4.7,0.0
2024-08-23 22:00:00,3.3,0.0
2024-08-23 23:00:00,4.0,0.0
2024-08-24 00:00:00,2.5,0.0
2024-08-24 01:00:00,1.4,0.0
2024-08-24 02:00:00,3.4,0.0
2024-08-24 03:00:00,4.7,0.0
2024-08-24 04:00:00,5.2,0.0
2024-08-24 05:00:00,4.8,9.0
2024-08-24 06:00:00,4.7,115.0
2024-08-24 07:00:00,5.6,291.0
2024-08-24 08:00:00,4.7,473.0
2024-08-24 09:00:00,3.1,631.0
2024-08-24 10:00:00,7.4,750.0
2024-08-24 11:00:00,11.8,777.0
2024-08-24 12:00:00,13.0,785.0
2024-08-24 13:00:00,15.2,747.0
2024-08-24 14:00:00,15.5,653.0
2024-08-24 15:00:00,15.5,522.0
2024-08-24 16:00:00,14.7,367.0
2024-08-24 17:00:00,12.6,185.0
2024-08-24 18:00:00,11.0,36.0
2024-08-24 19:00:00,9.6,0.0
2024-08-24 20:00:00,6.6,0.0
2024-08-24 21:00:00,3.6,0.0
2024-08-24 22:00:00,3.6,0.0
2024-08-24 23:00:00,4.2,0.0
2024-08-25 00:00:00,2.7,0.0
2024-08-25 01:00:00,5.2,0.0
2024-08-25 02:00:00,4.8,0.0
2024-08-25 03:00:00,4.0,0.0
2024-08-25 04:00:00,3.9,0.0
2024-08-25 05:00:00,4.2,8.0
2024-08-25 06:00:00,4.2,120.0
2024-08-25 07:00:00,3.6,301.0
2024-08-25 08:00:00,3.8,485.0
2024-08-25 09:00:00,4.6,646.0
2024-08-25 10:00:00,4.8,765.0
2024-08-25 11:00:00,4.5,833.0
2024-08-25 12:00:00,6.5,844.0
2024-08-25 13:00:00,8.4,796.0
2024-08-25 14:00:00,17.5,695.0
2024-08-25 15:00:00,19.6,549.0
2024-08-25 16:00:00,19.1,370.0
2024-08-25 17:00:00,15.5,183.0
2024-08-25 18:00:00,10.0,34.0
2024-08-25 19:00:00,8.3,0.0
2024-08-25 20:00:00,6.9,0.0
2024-08-25 21:00:00,3.4,0.0
2024-08-25 22:00:00,3.7,0.0
2024-08-25 23:00:00,4.2,0.0
2024-08-26 00:00:00,3.9,0.0
2024-08-26 01:00:00,5.9,0.0
2024-08-26 02:00:00,5.6,0.0
2024-08-26 03:00:00,6.1,0.0
2024-08-26 04:00:00,5.8,0.0
2024-08-26 05:00:00,7.1,8.0
2024-08-26 06:00:00,6.8,111.0
2024-08-26 07:00:00,6.1,270.0
2024-08-26 08:00:00,4.7,442.0
2024-08-26 09:00:00,1.8,576.0
2024-08-26 10:00:00,2.7,673.0
2024-08-26 11:00:00,4.8,722.0
2024-08-26 12:00:00,8.2,715.0
2024-08-26 13:00:00,11.7,680.0
2024-08-26 14:00:00,17.0,599.0
2024-08-26 15:00:00,18.3,492.0
2024-08-26 16:00:00,12.9,332.0
2024-08-26 17:00:00,10.0,168.0
2024-08-26 18:00:00,12.9,29.0
2024-08-26 19:00:00,10.7,0.0
2024-08-26 20:00:00,9.4,0.0
2024-08-26 21:00:00,7.1,0.0
2024-08-26 22:00:00,3.1,0.0
2024-08-26 23:00:00,3.6,0.0
2024-08-27 00:00:00,3.1,0.0
2024-08-27 01:00:00,4.1,0.0
2024-08-27 02:00:00,5.2,0.0
2024-08-27 03:00:00,3.6,0.0
2024-08-27 04:00:00,6.9,0.0
2024-08-27 05:00:00,3.4,6.0
2024-08-27 06:00:00,4.3,106.0
2024-08-27 07:00:00,4.7,254.0
2024-08-27 08:00:00,6.1,444.0
2024-08-27 09:00:00,3.6,608.0
2024-08-27 10:00:00,3.3,703.0
2024-08-27 11:00:00,4.3,494.0
2024-08-27 12:00:00,5.4,488.0
2024-08-27 13:00:00,8.7,445.0
2024-08-27 14:00:00,6.2,460.0
2024-08-27 15:00:00,4.2,206.0
2024-08-27 16:00:00,2.4,260.0
2024-08-27 17:00:00,7.7,125.0
2024-08-27 18:00:00,5.8,26.0
2024-08-27 19:00:00,3.6,0.0
2024-08-27 20:00:00,2.9,0.0
2024-08-27 21:00:00,4.7,0.0
2024-08-27 22:00:00,3.7,0.0
2024-08-27 23:00:00,4.1,0.0
2024-08-28 00:00:00,5.7,0.0
2024-08-28 01:00:00,7.7,0.0
2024-08-28 02:00:00,7.1,0.0
2024-08-28 03:00:00,5.5,0.0
2024-08-28 04:00:00,14.8,0.0
2024-08-28 05:00:00,9.2,5.0
2024-08-28 06:00:00,7.2,93.0
2024-08-28 07:00:00,5.2,275.0
2024-08-28 08:00:00,4.3,440.0
2024-08-28 09:00:00,5.5,611.0
2024-08-28 10:00:00,4.2,722.0
2024-08-28 11:00:00,3.0,679.0
2024-08-28 12:00:00,2.4,828.0
2024-08-28 13:00:00,17.7,665.0
2024-08-28 14:00:00,13.5,557.0
2024-08-28 15:00:00,15.3,479.0
2024-08-28 16:00:00,10.1,280.0
2024-08-28 17:00:00,7.3,128.0
2024-08-28 18:00:00,4.6,24.0
2024-08-28 19:00:00,5.1,0.0
2024-08-28 20:00:00,4.3,0.0
2024-08-28 21:00:00,2.2,0.0
2024-08-28 22:00:00,4.0,0.0
2024-08-28 23:00:00,5.2,0.0
2024-08-29 00:00:00,4.8,0.0
2024-08-29 01:00:00,4.2,0.0
2024-08-29 02:00:00,5.9,0.0
2024-08-29 03:00:00,5.8,0.0
2024-08-29 04:00:00,5.9,0.0
2024-08-29 05:00:00,6.4,5.0
2024-08-29 06:00:00,5.4,103.0
2024-08-29 07:00:00,5.2,275.0
2024-08-29 08:00:00,4.8,455.0
2024-08-29 09:00:00,3.6,612.0
2024-08-29 10:00:00,4.0,730.0
2024-08-29 11:00:00,3.6,787.0
2024-08-29 12:00:00,11.4,774.0
2024-08-29 13:00:00,15.5,635.0
2024-08-29 14:00:00,15.2,450.0
2024-08-29 15:00:00,12.0,360.0
2024-08-29 16:00:00,6.5,262.0
2024-08-29 17:00:00,3.8,95.0
2024-08-29 18:00:00,4.1,18.0
2024-08-29 19:00:00,6.8,0.0
2024-08-29 20:00:00,4.7,0.0
2024-08-29 21:00:00,7.2,0.0
2024-08-29 22:00:00,6.6,0.0
2024-08-29 23:00:00,3.0,0.0
2024-08-30 00:00:00,4.3,0.0
2024-08-30 01:00:00,3.3,0.0
2024-08-30 02:00:00,4.5,0.0
2024-08-30 03:00:00,5.4,0.0
2024-08-30 04:00:00,4.8,0.0
2024-08-30 05:00:00,5.6,5.0
2024-08-30 06:00:00,6.8,101.0
2024-08-30 07:00:00,7.0,274.0
2024-08-30 08:00:00,6.0,454.0
2024-08-30 09:00:00,3.7,613.0
2024-08-30 10:00:00,2.9,707.0
2024-08-30 11:00:00,3.6,745.0
2024-08-30 12:00:00,5.4,750.0
2024-08-30 13:00:00,3.8,672.0
2024-08-30 14:00:00,6.5,572.0
2024-08-30 15:00:00,16.9,425.0
2024-08-30 16:00:00,22.2,263.0
2024-08-30 17:00:00,19.9,137.0
2024-08-30 18:00:00,17.1,18.0
2024-08-30 19:00:00,12.6,0.0
2024-08-30 20:00:00,11.8,0.0
2024-08-30 21:00:00,7.9,0.0
2024-08-30 22:00:00,5.7,0.0
2024-08-30 23:00:00,6.1,0.0
2024-08-31 00:00:00,3.0,0.0
2024-08-31 01:00:00,2.8,0.0
2024-08-31 02:00:00,3.4,0.0
2024-08-31 03:00:00,4.7,0.0
2024-08-31 04:00:00,6.0,0.0
2024-08-31 05:00:00,5.8,5.0
2024-08-31 06:00:00,5.9,100.0
2024-08-31 07:00:00,5.9,275.0
2024-08-31 08:00:00,5.4,458.0
2024-08-31 09:00:00,3.3,618.0
2024-08-31 10:00:00,2.5,737.0
2024-08-31 11:00:00,3.3,796.0
2024-08-31 12:00:00,4.3,811.0
2024-08-31 13:00:00,8.2,738.0
2024-08-31 14:00:00,17.6,546.0
2024-08-31 15:00:00,22.4,407.0
2024-08-31 16:00:00,19.6,324.0
2024-08-31 17:00:00,9.7,151.0
2024-08-31 18:00:00,8.0,17.0
2024-08-31 19:00:00,6.8,0.0
2024-08-31 20:00:00,6.2,0.0
2024-08-31 21:00:00,4.3,0.0
2024-08-31 22:00:00,1.1,0.0
2024-08-31 23:00:00,4.3,0.0
2024-09-01 00:00:00,3.8,0.0
2024-09-01 01:00:00,4.9,0.0
2024-09-01 02:00:00,1.8,0.0
2024-09-01 03:00:00,3.5,0.0
2024-09-01 04:00:00,4.8,0.0
2024-09-01 05:00:00,4.7,3.0
2024-09-01 06:00:00,4.7,74.0
2024-09-01 07:00:00,5.2,193.0
2024-09-01 08:00:00,4.3,328.0
2024-09-01 09:00:00,0.5,465.0
2024-09-01 10:00:00,4.7,599.0
2024-09-01 11:00:00,8.1,720.0
2024-09-01 12:00:00,8.9,700.0
2024-09-01 13:00:00,9.2,539.0
2024-09-01 14:00:00,7.5,564.0
2024-09-01 15:00:00,11.4,322.0
2024-09-01 16:00:00,15.7,216.0
2024-09-01 17:00:00,11.5,125.0
2024-09-01 18:00:00,7.7,17.0
2024-09-01 19:00:00,6.8,0.0
2024-09-01 20:00:00,4.7,0.0
2024-09-01 21:00:00,3.6,0.0
2024-09-01 22:00:00,5.0,0.0
2024-09-01 23:00:00,2.8,0.0
2024-09-02 00:00:00,3.2,0.0
2024-09-02 01:00:00,2.8,0.0
2024-09-02 02:00:00,2.6,0.0
2024-09-02 03:00:00,4.5,0.0
2024-09-02 04:00:00,4.3,0.0
2024-09-02 05:00:00,4.1,3.0
2024-09-02 06:00:00,6.5,51.0
2024-09-02 07:00:00,5.5,99.0
2024-09-02 08:00:00,5.4,196.0
2024-09-02 09:00:00,4.4,392.0
2024-09-02 10:00:00,5.1,550.0
2024-09-02 11:00:00,7.3,549.0
2024-09-02 12:00:00,14.4,669.0
2024-09-02 13:00:00,9.0,512.0
2024-09-02 14:00:00,3.3,283.0
2024-09-02 15:00:00,4.8,380.0
2024-09-02 16:00:00,10.4,187.0
2024-09-02 17:00:00,8.7,94.0
2024-09-02 18:00:00,2.9,9.0
2024-09-02 19:00:00,4.9,0.0
2024-09-02 20:00:00,4.0,0.0
2024-09-02 21:00:00,4.8,0.0
2024-09-02 22:00:00,5.1,0.0
2024-09-02 23:00:00,2.1,0.0
2024-09-03 00:00:00,3.6,0.0
2024-09-03 01:00:00,7.0,0.0
2024-09-03 02:00:00,6.0,0.0
2024-09-03 03:00:00,4.6,0.0
2024-09-03 04:00:00,5.1,0.0
2024-09-03 05:00:00,6.6,3.0
2024-09-03 06:00:00,6.3,91.0
2024-09-03 07:00:00,5.1,262.0
2024-09-03 08:00:00,2.9,436.0
2024-09-03 09:00:00,5.8,597.0
2024-09-03 10:00:00,7.6,656.0
2024-09-03 11:00:00,9.6,606.0
2024-09-03 12:00:00,11.4,634.0
2024-09-03 13:00:00,7.8,676.0
2024-09-03 14:00:00,16.9,542.0
2024-09-03 15:00:00,11.9,244.0
2024-09-03 16:00:00,12.2,246.0
2024-09-03 17:00:00,6.2,113.0
2024-09-03 18:00:00,2.9,13.0
2024-09-03 19:00:00,4.1,0.0
2024-09-03 20:00:00,2.0,0.0
2024-09-03 21:00:00,1.5,0.0
2024-09-03 22:00:00,4.5,0.0
2024-09-03 23:00:00,4.5,0.0
2024-09-04 00:00:00,3.8,0.0
2024-09-04 01:00:00,4.1,0.0
2024-09-04 02:00:00,6.2,0.0
2024-09-04 03:00:00,3.7,0.0
2024-09-04 04:00:00,5.0,0.0
2024-09-04 05:00:00,7.7,3.0
2024-09-04 06:00:00,4.2,87.0
2024-09-04 07:00:00,5.1,254.0
2024-09-04 08:00:00,3.9,434.0
2024-09-04 09:00:00,2.6,592.0
2024-09-04 10:00:00,3.2,712.0
2024-09-04 11:00:00,6.4,772.0
2024-09-04 12:00:00,11.2,703.0
2024-09-04 13:00:00,14.4,675.0
2024-09-04 14:00:00,11.6,311.0
2024-09-04 15:00:00,3.1,361.0
2024-09-04 16:00:00,3.0,229.0
2024-09-04 17:00:00,2.1,98.0
2024-09-04 18:00:00,2.5,12.0
2024-09-04 19:00:00,2.9,0.0
2024-09-04 20:00:00,3.1,0.0
2024-09-04 21:00:00,4.6,0.0
2024-09-04 22:00:00,5.1,0.0
2024-09-04 23:00:00,2.9,0.0
2024-09-05 00:00:00,3.2,0.0
2024-09-05 01:00:00,4.7,0.0
2024-09-05 02:00:00,4.3,0.0
2024-09-05 03:00:00,6.6,0.0
2024-09-05 04:00:00,15.8,0.0
2024-09-05 05:00:00,8.6,0.0
2024-09-05 06:00:00,3.3,54.0
2024-09-05 07:00:00,7.6,202.0
2024-09-05 08:00:00,10.0,205.0
2024-09-05 09:00:00,15.3,308.0
2024-09-05 10:00:00,15.4,400.0
2024-09-05 11:00:00,18.7,493.0
2024-09-05 12:00:00,16.6,474.0
2024-09-05 13:00:00,13.7,617.0
2024-09-05 14:00:00,11.8,582.0
2024-09-05 15:00:00,15.2,406.0
2024-09-05 16:00:00,10.1,169.0
2024-09-05 17:00:00,7.6,112.0
2024-09-05 18:00:00,3.6,12.0
2024-09-05 19:00:00,4.7,0.0
2024-09-05 20:00:00,7.1,0.0
2024-09-05 21:00:00,6.0,0.0
2024-09-05 22:00:00,4.6,0.0
2024-09-05 23:00:00,5.7,0.0
2024-09-06 00:00:00,3.0,0.0
2024-09-06 01:00:00,5.2,0.0
2024-09-06 02:00:00,4.8,0.0
2024-09-06 03:00:00,4.3,0.0
2024-09-06 04:00:00,3.9,0.0
2024-09-06 05:00:00,3.7,2.0
2024-09-06 06:00:00,4.2,84.0
2024-09-06 07:00:00,4.0,226.0
2024-09-06 08:00:00,2.9,292.0
2024-09-06 09:00:00,1.0,409.0
2024-09-06 10:00:00,4.6,609.0
2024-09-06 11:00:00,6.7,685.0
2024-09-06 12:00:00,8.1,723.0
2024-09-06 13:00:00,7.5,550.0
2024-09-06 14:00:00,12.1,548.0
2024-09-06 15:00:00,15.1,460.0
2024-09-06 16:00:00,13.4,290.0
2024-09-06 17:00:00,8.1,120.0
2024-09-06 18:00:00,4.7,10.0
2024-09-06 19:00:00,4.6,0.0
2024-09-06 20:00:00,1.1,0.0
2024-09-06 21:00:00,2.5,0.0
2024-09-06 22:00:00,5.0,0.0
2024-09-06 23:00:00,6.3,0.0
2024-09-07 00:00:00,4.8,0.0
2024-09-07 01:00:00,4.9,0.0
2024-09-07 02:00:00,6.0,0.0
2024-09-07 03:00:00,6.1,0.0
2024-09-07 04:00:00,5.8,0.0
2024-09-07 05:00:00,6.0,2.0
2024-09-07 06:00:00,6.8,83.0
2024-09-07 07:00:00,5.9,251.0
2024-09-07 08:00:00,6.2,431.0
2024-09-07 09:00:00,4.1,587.0
2024-09-07 10:00:00,2.9,702.0
2024-09-07 11:00:00,4.6,768.0
2024-09-07 12:00:00,13.8,772.0
2024-09-07 13:00:00,15.0,720.0
2024-09-07 14:00:00,18.2,610.0
2024-09-07 15:00:00,20.5,438.0
2024-09-07 16:00:00,13.5,279.0
2024-09-07 17:00:00,8.7,117.0
2024-09-07 18:00:00,3.7,9.0
2024-09-07 19:00:00,2.3,0.0
2024-09-07 20:00:00,3.9,0.0
2024-09-07 21:00:00,4.7,0.0
2024-09-07 22:00:00,3.3,0.0
2024-09-07 23:00:00,4.1,0.0
2024-09-08 00:00:00,3.6,0.0
2024-09-08 01:00:00,4.1,0.0
2024-09-08 02:00:00,4.8,0.0
2024-09-08 03:00:00,3.7,0.0
2024-09-08 04:00:00,6.4,0.0
2024-09-08 05:00:00,3.9,2.0
2024-09-08 06:00:00,3.9,80.0
2024-09-08 07:00:00,4.2,246.0
2024-09-08 08:00:00,4.1,423.0
2024-09-08 09:00:00,14.4,588.0
2024-09-08 10:00:00,17.3,676.0
2024-09-08 11:00:00,19.5,680.0
2024-09-08 12:00:00,20.9,689.0
2024-09-08 13:00:00,19.6,338.0
2024-09-08 14:00:00,20.9,360.0
2024-09-08 15:00:00,20.9,251.0
2024-09-08 16:00:00,17.5,154.0
2024-09-08 17:00:00,16.3,88.0
2024-09-08 18:00:00,18.7,7.0
2024-09-08 19:00:00,21.3,0.0
2024-09-08 20:00:00,26.1,0.0
2024-09-08 21:00:00,30.8,0.0
2024-09-08 22:00:00,35.8,0.0
2024-09-08 23:00:00,27.4,0.0
2024-09-09 00:00:00,22.9,0.0
2024-09-09 01:00:00,18.0,0.0
2024-09-09 02:00:00,12.9,0.0
2024-09-09 03:00:00,8.7,0.0
2024-09-09 04:00:00,6.9,0.0
2024-09-09 05:00:00,6.5,1.0
2024-09-09 06:00:00,6.0,57.0
2024-09-09 07:00:00,2.5,240.0
2024-09-09 08:00:00,5.6,417.0
2024-09-09 09:00:00,5.4,553.0
2024-09-09 10:00:00,2.9,675.0
2024-09-09 11:00:00,5.8,677.0
2024-09-09 12:00:00,10.0,610.0
2024-09-09 13:00:00,14.5,521.0
2024-09-09 14:00:00,5.4,495.0
2024-09-09 15:00:00,5.0,381.0
2024-09-09 16:00:00,4.1,263.0
2024-09-09 17:00:00,3.7,100.0
2024-09-09 18:00:00,1.1,6.0
2024-09-09 19:00:00,5.9,0.0
2024-09-09 20:00:00,4.2,0.0
2024-09-09 21:00:00,4.9,0.0
2024-09-09 22:00:00,5.1,0.0
2024-09-09 23:00:00,6.9,0.0
2024-09-10 00:00:00,9.2,0.0
2024-09-10 01:00:00,10.7,0.0
2024-09-10 02:00:00,12.9,0.0
2024-09-10 03:00:00,13.0,0.0
2024-09-10 04:00:00,12.3,0.0
2024-09-10 05:00:00,11.3,1.0
2024-09-10 06:00:00,10.9,78.0
2024-09-10 07:00:00,14.5,248.0
2024-09-10 08:00:00,15.6,430.0
2024-09-10 09:00:00,15.6,591.0
2024-09-10 10:00:00,14.6,707.0
2024-09-10 11:00:00,12.9,740.0
2024-09-10 12:00:00,14.8,764.0
2024-09-10 13:00:00,12.5,632.0
2024-09-10 14:00:00,14.8,569.0
2024-09-10 15:00:00,17.7,466.0
2024-09-10 16:00:00,16.4,292.0
2024-09-10 17:00:00,13.4,112.0
2024-09-10 18:00:00,7.4,6.0
2024-09-10 19:00:00,6.9,0.0
2024-09-10 20:00:00,7.4,0.0
2024-09-10 21:00:00,4.8,0.0
2024-09-10 22:00:00,5.6,0.0
2024-09-10 23:00:00,5.2,0.0
2024-09-11 00:00:00,5.4,0.0
2024-09-11 01:00:00,4.4,0.0
2024-09-11 02:00:00,5.5,0.0
2024-09-11 03:00:00,5.4,0.0
2024-09-11 04:00:00,5.6,0.0
2024-09-11 05:00:00,5.5,1.0
2024-09-11 06:00:00,5.8,76.0
2024-09-11 07:00:00,5.0,246.0
2024-09-11 08:00:00,4.0,427.0
2024-09-11 09:00:00,1.9,583.0
2024-09-11 10:00:00,6.8,696.0
2024-09-11 11:00:00,13.4,716.0
2024-09-11 12:00:00,14.2,505.0
2024-09-11 13:00:00,12.7,512.0
2024-09-11 14:00:00,8.9,364.0
2024-09-11 15:00:00,13.9,396.0
2024-09-11 16:00:00,11.2,189.0
2024-09-11 17:00:00,9.8,87.0
2024-09-11 18:00:00,9.3,5.0
2024-09-11 19:00:00,9.4,0.0
2024-09-11 20:00:00,8.4,0.0
2024-09-11 21:00:00,9.3,0.0
2024-09-11 22:00:00,10.8,0.0
2024-09-11 23:00:00,9.1,0.0
2024-09-12 00:00:00,12.1,0.0
2024-09-12 01:00:00,13.1,0.0
2024-09-12 02:00:00,10.9,0.0
2024-09-12 03:00:00,9.5,0.0
2024-09-12 04:00:00,11.4,0.0
2024-09-12 05:00:00,10.7,1.0
2024-09-12 06:00:00,11.3,45.0
2024-09-12 07:00:00,15.9,140.0
2024-09-12 08:00:00,18.3,262.0
2024-09-12 09:00:00,18.5,236.0
2024-09-12 10:00:00,18.8,350.0
2024-09-12 11:00:00,15.6,373.0
2024-09-12 12:00:00,17.2,426.0
2024-09-12 13:00:00,20.6,365.0
2024-09-12 14:00:00,19.6,409.0
2024-09-12 15:00:00,17.4,115.0
2024-09-12 16:00:00,9.4,56.0
2024-09-12 17:00:00,14.1,18.0
2024-09-12 18:00:00,14.8,1.0
2024-09-12 19:00:00,13.6,0.0
2024-09-12 20:00:00,17.9,0.0
2024-09-12 21:00:00,15.3,0.0
2024-09-12 22:00:00,12.9,0.0
2024-09-12 23:00:00,13.6,0.0
2024-09-13 00:00:00,14.3,0.0
2024-09-13 01:00:00,9.5,0.0
2024-09-13 02:00:00,10.7,0.0
2024-09-13 03:00:00,8.9,0.0
2024-09-13 04:00:00,3.7,0.0
2024-09-13 05:00:00,7.6,0.0
2024-09-13 06:00:00,10.2,60.0
2024-09-13 07:00:00,9.2,184.0
2024-09-13 08:00:00,17.4,284.0
2024-09-13 09:00:00,11.5,394.0
2024-09-13 10:00:00,11.5,573.0
2024-09-13 11:00:00,12.3,509.0
2024-09-13 12:00:00,22.1,513.0
2024-09-13 13:00:00,0.8,382.0
2024-09-13 14:00:00,5.1,434.0
2024-09-13 15:00:00,1.5,327.0
2024-09-13 16:00:00,5.8,130.0
2024-09-13 17:00:00,13.3,63.0
2024-09-13 18:00:00,10.6,3.0
2024-09-13 19:00:00,8.9,0.0
2024-09-13 20:00:00,14.8,0.0
2024-09-13 21:00:00,20.4,0.0
2024-09-13 22:00:00,21.9,0.0
2024-09-13 23:00:00,19.8,0.0
2024-09-14 00:00:00,13.3,0.0
2024-09-14 01:00:00,9.5,0.0
2024-09-14 02:00:00,7.3,0.0
2024-09-14 03:00:00,4.4,0.0
2024-09-14 04:00:00,4.9,0.0
2024-09-14 05:00:00,4.7,0.0
2024-09-14 06:00:00,4.0,71.0
2024-09-14 07:00:00,6.6,245.0
2024-09-14 08:00:00,5.2,423.0
2024-09-14 09:00:00,7.6,593.0
2024-09-14 10:00:00,8.6,696.0
2024-09-14 11:00:00,9.0,772.0
2024-09-14 12:00:00,13.8,777.0
2024-09-14 13:00:00,4.4,494.0
2024-09-14 14:00:00,4.3,248.0
2024-09-14 15:00:00,2.7,266.0
2024-09-14 16:00:00,5.9,122.0
2024-09-14 17:00:00,6.5,53.0
2024-09-14 18:00:00,4.1,3.0
2024-09-14 19:00:00,4.8,0.0
2024-09-14 20:00:00,7.6,0.0
2024-09-14 21:00:00,5.8,0.0
2024-09-14 22:00:00,7.4,0.0
2024-09-14 23:00:00,6.3,0.0
2024-09-15 00:00:00,7.4,0.0
2024-09-15 01:00:00,9.9,0.0
2024-09-15 02:00:00,10.8,0.0
2024-09-15 03:00:00,11.2,0.0
2024-09-15 04:00:00,8.0,0.0
2024-09-15 05:00:00,6.6,0.0
2024-09-15 06:00:00,7.3,60.0
2024-09-15 07:00:00,5.2,229.0
2024-09-15 08:00:00,5.6,411.0
2024-09-15 09:00:00,4.8,573.0
2024-09-15 10:00:00,4.8,691.0
2024-09-15 11:00:00,6.2,751.0
2024-09-15 12:00:00,6.9,757.0
2024-09-15 13:00:00,9.7,711.0
2024-09-15 14:00:00,11.2,594.0
2024-09-15 15:00:00,5.7,433.0
2024-09-15 16:00:00,5.5,234.0
2024-09-15 17:00:00,15.2,86.0
2024-09-15 18:00:00,11.2,2.0
2024-09-15 19:00:00,6.3,0.0
2024-09-15 20:00:00,4.2,0.0
2024-09-15 21:00:00,3.7,0.0
2024-09-15 22:00:00,1.5,0.0
2024-09-15 23:00:00,3.8,0.0
2024-09-16 00:00:00,5.2,0.0
2024-09-16 01:00:00,2.9,0.0
2024-09-16 02:00:00,4.5,0.0
2024-09-16 03:00:00,4.6,0.0
2024-09-16 04:00:00,4.6,0.0
2024-09-16 05:00:00,5.1,0.0
2024-09-16 06:00:00,5.9,64.0
2024-09-16 07:00:00,6.8,228.0
2024-09-16 08:00:00,8.6,408.0
2024-09-16 09:00:00,6.6,563.0
2024-09-16 10:00:00,2.0,684.0
2024-09-16 11:00:00,3.3,683.0
2024-09-16 12:00:00,2.5,671.0
2024-09-16 13:00:00,2.5,619.0
2024-09-16 14:00:00,1.1,477.0
2024-09-16 15:00:00,1.9,365.0
2024-09-16 16:00:00,6.5,177.0
2024-09-16 17:00:00,2.6,73.0
2024-09-16 18:00:00,4.8,1.0
2024-09-16 19:00:00,14.7,0.0
2024-09-16 20:00:00,5.4,0.0
2024-09-16 21:00:00,9.3,0.0
2024-09-16 22:00:00,7.6,0.0
2024-09-16 23:00:00,6.0,0.0
2024-09-17 00:00:00,5.1,0.0
2024-09-17 01:00:00,7.3,0.0
2024-09-17 02:00:00,6.8,0.0
2024-09-17 03:00:00,7.9,0.0
2024-09-17 04:00:00,5.4,0.0
2024-09-17 05:00:00,6.7,0.0
2024-09-17 06:00:00,7.7,28.0
2024-09-17 07:00:00,5.8,102.0
2024-09-17 08:00:00,7.6,259.0
2024-09-17 09:00:00,6.3,341.0
2024-09-17 10:00:00,4.0,479.0
2024-09-17 11:00:00,5.5,409.0
2024-09-17 12:00:00,2.5,464.0
2024-09-17 13:00:00,13.6,255.0
2024-09-17 14:00:00,19.2,390.0
2024-09-17 15:00:00,11.3,280.0
2024-09-17 16:00:00,10.8,90.0
2024-09-17 17:00:00,9.0,42.0
2024-09-17 18:00:00,7.6,1.0
2024-09-17 19:00:00,5.0,0.0
2024-09-17 20:00:00,5.3,0.0
2024-09-17 21:00:00,7.5,0.0
2024-09-17 22:00:00,5.7,0.0
2024-09-17 23:00:00,5.8,0.0
2024-09-18 00:00:00,7.6,0.0
2024-09-18 01:00:00,4.4,0.0
2024-09-18 02:00:00,6.9,0.0
2024-09-18 03:00:00,5.6,0.0
2024-09-18 04:00:00,4.2,0.0
2024-09-18 05:00:00,4.3,0.0
2024-09-18 06:00:00,6.3,52.0
2024-09-18 07:00:00,4.6,200.0
2024-09-18 08:00:00,5.9,335.0
2024-09-18 09:00:00,6.3,418.0
2024-09-18 10:00:00,7.4,428.0
2024-09-18 11:00:00,6.2,278.0
2024-09-18 12:00:00,3.0,462.0
2024-09-18 13:00:00,5.1,316.0
2024-09-18 14:00:00,5.9,205.0
2024-09-18 15:00:00,6.1,211.0
2024-09-18 16:00:00,8.8,166.0
2024-09-18 17:00:00,9.5,58.0
2024-09-18 18:00:00,6.2,1.0
2024-09-18 19:00:00,5.1,0.0
2024-09-18 20:00:00,5.0,0.0
2024-09-18 21:00:00,4.6,0.0
2024-09-18 22:00:00,6.2,0.0
2024-09-18 23:00:00,4.7,0.0
2024-09-19 00:00:00,5.9,0.0
2024-09-19 01:00:00,5.2,0.0
2024-09-19 02:00:00,5.0,0.0
2024-09-19 03:00:00,7.5,0.0
2024-09-19 04:00:00,8.4,0.0
2024-09-19 05:00:00,3.1,0.0
2024-09-19 06:00:00,2.9,43.0
2024-09-19 07:00:00,2.5,181.0
2024-09-19 08:00:00,5.5,390.0
2024-09-19 09:00:00,3.3,543.0
2024-09-19 10:00:00,1.1,642.0
2024-09-19 11:00:00,3.3,686.0
2024-09-19 12:00:00,5.2,692.0
2024-09-19 13:00:00,5.5,522.0
2024-09-19 14:00:00,2.0,456.0
2024-09-19 15:00:00,9.2,355.0
2024-09-19 16:00:00,3.6,152.0
2024-09-19 17:00:00,3.2,63.0
2024-09-19 18:00:00,5.1,1.0
2024-09-19 19:00:00,4.3,0.0
2024-09-19 20:00:00,5.2,0.0
2024-09-19 21:00:00,5.9,0.0
2024-09-19 22:00:00,6.1,0.0
2024-09-19 23:00:00,8.0,0.0
2024-09-20 00:00:00,6.3,0.0
2024-09-20 01:00:00,4.1,0.0
2024-09-20 02:00:00,5.8,0.0
2024-09-20 03:00:00,6.0,0.0
2024-09-20 04:00:00,5.0,0.0
2024-09-20 05:00:00,5.8,0.0
2024-09-20 06:00:00,6.3,54.0
2024-09-20 07:00:00,6.6,215.0
2024-09-20 08:00:00,8.1,394.0
2024-09-20 09:00:00,7.7,550.0
2024-09-20 10:00:00,3.7,664.0
2024-09-20 11:00:00,4.8,725.0
2024-09-20 12:00:00,5.8,690.0
2024-09-20 13:00:00,4.3,675.0
2024-09-20 14:00:00,3.4,556.0
2024-09-20 15:00:00,5.2,394.0
2024-09-20 16:00:00,7.3,228.0
2024-09-20 17:00:00,10.3,66.0
2024-09-20 18:00:00,7.7,0.0
2024-09-20 19:00:00,3.2,0.0
2024-09-20 20:00:00,4.8,0.0
2024-09-20 21:00:00,3.8,0.0
2024-09-20 22:00:00,3.7,0.0
2024-09-20 23:00:00,4.9,0.0
2024-09-21 00:00:00,4.3,0.0
2024-09-21 01:00:00,5.4,0.0
2024-09-21 02:00:00,6.3,0.0
2024-09-21 03:00:00,7.1,0.0
2024-09-21 04:00:00,5.7,0.0
2024-09-21 05:00:00,7.3,0.0
2024-09-21 06:00:00,8.5,50.0
2024-09-21 07:00:00,7.5,209.0
2024-09-21 08:00:00,6.9,384.0
2024-09-21 09:00:00,4.3,538.0
2024-09-21 10:00:00,1.5,624.0
2024-09-21 11:00:00,1.8,674.0
2024-09-21 12:00:00,1.8,628.0
2024-09-21 13:00:00,3.6,563.0
2024-09-21 14:00:00,9.2,498.0
2024-09-21 15:00:00,12.8,350.0
2024-09-21 16:00:00,9.2,190.0
2024-09-21 17:00:00,6.1,56.0
2024-09-21 18:00:00,5.6,0.0
2024-09-21 19:00:00,3.8,0.0
2024-09-21 20:00:00,4.7,0.0
2024-09-21 21:00:00,5.2,0.0
2024-09-21 22:00:00,3.8,0.0
2024-09-21 23:00:00,3.8,0.0
2024-09-22 00:00:00,4.6,0.0
2024-09-22 01:00:00,4.6,0.0
2024-09-22 02:00:00,4.3,0.0
2024-09-22 03:00:00,6.2,0.0
2024-09-22 04:00:00,4.4,0.0
2024-09-22 05:00:00,5.8,0.0
2024-09-22 06:00:00,7.1,37.0
2024-09-22 07:00:00,7.1,122.0
2024-09-22 08:00:00,6.7,193.0
2024-09-22 09:00:00,4.7,356.0
2024-09-22 10:00:00,1.5,553.0
2024-09-22 11:00:00,4.7,565.0
2024-09-22 12:00:00,10.7,539.0
2024-09-22 13:00:00,7.1,562.0
2024-09-22 14:00:00,10.5,432.0
2024-09-22 15:00:00,6.8,164.0
2024-09-22 16:00:00,7.9,65.0
2024-09-22 17:00:00,6.9,32.0
2024-09-22 18:00:00,5.7,0.0
2024-09-22 19:00:00,5.7,0.0
2024-09-22 20:00:00,4.0,0.0
2024-09-22 21:00:00,4.7,0.0
2024-09-22 22:00:00,3.2,0.0
2024-09-22 23:00:00,2.6,0.0
2024-09-23 00:00:00,4.6,0.0
2024-09-23 01:00:00,4.9,0.0
2024-09-23 02:00:00,5.1,0.0
2024-09-23 03:00:00,3.9,0.0
2024-09-23 04:00:00,4.3,0.0
2024-09-23 05:00:00,5.4,0.0
2024-09-23 06:00:00,3.8,43.0
2024-09-23 07:00:00,4.7,177.0
2024-09-23 08:00:00,7.1,264.0
2024-09-23 09:00:00,4.7,426.0
2024-09-23 10:00:00,13.5,515.0
2024-09-23 11:00:00,15.2,406.0
2024-09-23 12:00:00,17.3,446.0
2024-09-23 13:00:00,10.4,375.0
2024-09-23 14:00:00,13.0,507.0
2024-09-23 15:00:00,13.0,330.0
2024-09-23 16:00:00,11.4,171.0
2024-09-23 17:00:00,4.0,43.0
2024-09-23 18:00:00,4.0,0.0
2024-09-23 19:00:00,5.6,0.0
2024-09-23 20:00:00,2.9,0.0
2024-09-23 21:00:00,5.5,0.0
2024-09-23 22:00:00,9.1,0.0
2024-09-23 23:00:00,7.6,0.0
2024-09-24 00:00:00,9.2,0.0
2024-09-24 01:00:00,5.2,0.0
2024-09-24 02:00:00,4.7,0.0
2024-09-24 03:00:00,4.1,0.0
2024-09-24 04:00:00,9.7,0.0
2024-09-24 05:00:00,5.2,0.0
2024-09-24 06:00:00,8.4,30.0
2024-09-24 07:00:00,5.8,158.0
2024-09-24 08:00:00,5.2,311.0
2024-09-24 09:00:00,4.0,508.0
2024-09-24 10:00:00,1.8,611.0
2024-09-24 11:00:00,2.2,629.0
2024-09-24 12:00:00,8.8,605.0
2024-09-24 13:00:00,6.1,477.0
2024-09-24 14:00:00,11.5,504.0
2024-09-24 15:00:00,15.3,276.0
2024-09-24 16:00:00,11.7,151.0
2024-09-24 17:00:00,7.6,36.0
2024-09-24 18:00:00,8.5,0.0
2024-09-24 19:00:00,7.9,0.0
2024-09-24 20:00:00,3.2,0.0
2024-09-24 21:00:00,8.4,0.0
2024-09-24 22:00:00,8.4,0.0
2024-09-24 23:00:00,7.1,0.0
2024-09-25 00:00:00,4.2,0.0
2024-09-25 01:00:00,5.8,0.0
2024-09-25 02:00:00,3.2,0.0
2024-09-25 03:00:00,14.1,0.0
2024-09-25 04:00:00,7.0,0.0
2024-09-25 05:00:00,4.3,0.0
2024-09-25 06:00:00,5.9,33.0
2024-09-25 07:00:00,6.7,143.0
2024-09-25 08:00:00,7.8,328.0
2024-09-25 09:00:00,8.8,354.0
2024-09-25 10:00:00,10.4,547.0
2024-09-25 11:00:00,11.4,587.0
2024-09-25 12:00:00,12.6,640.0
2024-09-25 13:00:00,10.8,499.0
2024-09-25 14:00:00,4.2,376.0
2024-09-25 15:00:00,6.6,339.0
2024-09-25 16:00:00,7.8,148.0
2024-09-25 17:00:00,9.0,43.0
2024-09-25 18:00:00,4.8,0.0
2024-09-25 19:00:00,5.9,0.0
2024-09-25 20:00:00,6.3,0.0
2024-09-25 21:00:00,8.9,0.0
2024-09-25 22:00:00,10.2,0.0
2024-09-25 23:00:00,9.9,0.0
2024-09-26 00:00:00,8.1,0.0
2024-09-26 01:00:00,8.1,0.0
2024-09-26 02:00:00,6.5,0.0
2024-09-26 03:00:00,7.3,0.0
2024-09-26 04:00:00,7.3,0.0
2024-09-26 05:00:00,7.7,0.0
2024-09-26 06:00:00,9.7,38.0
2024-09-26 07:00:00,12.9,176.0
2024-09-26 08:00:00,15.7,333.0
2024-09-26 09:00:00,19.6,414.0
2024-09-26 10:00:00,21.7,515.0
2024-09-26 11:00:00,21.0,614.0
2024-09-26 12:00:00,19.9,637.0
2024-09-26 13:00:00,24.4,567.0
2024-09-26 14:00:00,22.2,447.0
2024-09-26 15:00:00,20.5,312.0
2024-09-26 16:00:00,15.7,174.0
2024-09-26 17:00:00,13.0,43.0
2024-09-26 18:00:00,12.9,0.0
2024-09-26 19:00:00,11.7,0.0
2024-09-26 20:00:00,12.8,0.0
2024-09-26 21:00:00,11.5,0.0
2024-09-26 22:00:00,11.8,0.0
2024-09-26 23:00:00,11.6,0.0
2024-09-27 00:00:00,12.4,0.0
2024-09-27 01:00:00,9.4,0.0
2024-09-27 02:00:00,11.0,0.0
2024-09-27 03:00:00,11.0,0.0
2024-09-27 04:00:00,12.2,0.0
2024-09-27 05:00:00,12.0,0.0
2024-09-27 06:00:00,13.4,33.0
2024-09-27 07:00:00,15.3,174.0
2024-09-27 08:00:00,17.7,347.0
2024-09-27 09:00:00,20.7,474.0
2024-09-27 10:00:00,23.1,524.0
2024-09-27 11:00:00,22.6,582.0
2024-09-27 12:00:00,22.0,667.0
2024-09-27 13:00:00,20.5,581.0
2024-09-27 14:00:00,18.4,505.0
2024-09-27 15:00:00,17.6,367.0
2024-09-27 16:00:00,14.8,191.0
2024-09-27 17:00:00,13.3,41.0
2024-09-27 18:00:00,11.6,0.0
2024-09-27 19:00:00,8.7,0.0
2024-09-27 20:00:00,6.6,0.0
2024-09-27 21:00:00,6.9,0.0
2024-09-27 22:00:00,8.8,0.0
2024-09-27 23:00:00,7.5,0.0
2024-09-28 00:00:00,11.2,0.0
2024-09-28 01:00:00,10.1,0.0
2024-09-28 02:00:00,6.4,0.0
2024-09-28 03:00:00,3.6,0.0
2024-09-28 04:00:00,5.3,0.0
2024-09-28 05:00:00,8.4,0.0
2024-09-28 06:00:00,11.1,16.0
2024-09-28 07:00:00,13.5,58.0
2024-09-28 08:00:00,15.5,120.0
2024-09-28 09:00:00,18.8,345.0
2024-09-28 10:00:00,18.1,574.0
2024-09-28 11:00:00,18.1,613.0
2024-09-28 12:00:00,16.2,628.0
2024-09-28 13:00:00,15.5,616.0
2024-09-28 14:00:00,16.1,494.0
2024-09-28 15:00:00,15.6,353.0
2024-09-28 16:00:00,11.1,182.0
2024-09-28 17:00:00,9.5,38.0
2024-09-28 18:00:00,5.4,0.0
2024-09-28 19:00:00,4.2,0.0
2024-09-28 20:00:00,4.6,0.0
2024-09-28 21:00:00,4.8,0.0
2024-09-28 22:00:00,7.9,0.0
2024-09-28 23:00:00,7.1,0.0
2024-09-29 00:00:00,5.0,0.0
2024-09-29 01:00:00,5.8,0.0
2024-09-29 02:00:00,6.3,0.0
2024-09-29 03:00:00,6.2,0.0
2024-09-29 04:00:00,7.0,0.0
2024-09-29 05:00:00,8.8,0.0
2024-09-29 06:00:00,12.1,39.0
2024-09-29 07:00:00,13.5,195.0
2024-09-29 08:00:00,14.9,374.0
2024-09-29 09:00:00,16.1,533.0
2024-09-29 10:00:00,16.1,645.0
2024-09-29 11:00:00,14.9,693.0
2024-09-29 12:00:00,13.5,688.0
2024-09-29 13:00:00,13.6,610.0
2024-09-29 14:00:00,14.2,517.0
2024-09-29 15:00:00,16.3,347.0
2024-09-29 16:00:00,15.4,193.0
2024-09-29 17:00:00,14.3,38.0
2024-09-29 18:00:00,16.0,0.0
2024-09-29 19:00:00,14.8,0.0
2024-09-29 20:00:00,9.8,0.0
2024-09-29 21:00:00,8.5,0.0
2024-09-29 22:00:00,8.5,0.0
2024-09-29 23:00:00,7.7,0.0
2024-09-30 00:00:00,5.7,0.0
2024-09-30 01:00:00,8.3,0.0
2024-09-30 02:00:00,7.9,0.0
2024-09-30 03:00:00,7.4,0.0
2024-09-30 04:00:00,7.3,0.0
2024-09-30 05:00:00,7.1,0.0
2024-09-30 06:00:00,8.2,36.0
2024-09-30 07:00:00,7.9,185.0
2024-09-30 08:00:00,8.0,359.0
2024-09-30 09:00:00,6.3,511.0
2024-09-30 10:00:00,2.4,619.0
2024-09-30 11:00:00,3.9,675.0
2024-09-30 12:00:00,3.1,679.0
2024-09-30 13:00:00,5.0,619.0
2024-09-30 14:00:00,3.4,499.0
2024-09-30 15:00:00,11.0,348.0
2024-09-30 16:00:00,9.9,180.0
2024-09-30 17:00:00,11.1,33.0
2024-09-30 18:00:00,9.0,0.0
2024-09-30 19:00:00,4.6,0.0
2024-09-30 20:00:00,4.2,0.0
2024-09-30 21:00:00,2.8,0.0
2024-09-30 22:00:00,5.3,0.0
2024-09-30 23:00:00,4.1,0.0
2024-10-01 00:00:00,5.6,0.0
2024-10-01 01:00:00,4.6,0.0
2024-10-01 02:00:00,4.5,0.0
2024-10-01 03:00:00,5.6,0.0
2024-10-01 04:00:00,5.0,0.0
2024-10-01 05:00:00,3.9,0.0
2024-10-01 06:00:00,5.8,34.0
2024-10-01 07:00:00,6.1,182.0
2024-10-01 08:00:00,5.3,350.0
2024-10-01 09:00:00,3.5,502.0
2024-10-01 10:00:00,1.0,611.0
2024-10-01 11:00:00,3.8,667.0
2024-10-01 12:00:00,7.0,666.0
2024-10-01 13:00:00,8.8,580.0
2024-10-01 14:00:00,11.0,486.0
2024-10-01 15:00:00,11.2,341.0
2024-10-01 16:00:00,9.0,175.0
2024-10-01 17:00:00,6.7,30.0
2024-10-01 18:00:00,5.9,0.0
2024-10-01 19:00:00,5.4,0.0
2024-10-01 20:00:00,5.2,0.0
2024-10-01 21:00:00,3.8,0.0
2024-10-01 22:00:00,3.2,0.0
2024-10-01 23:00:00,3.6,0.0
2024-10-02 00:00:00,3.1,0.0
2024-10-02 01:00:00,3.5,0.0
2024-10-02 02:00:00,5.5,0.0
2024-10-02 03:00:00,5.2,0.0
2024-10-02 04:00:00,4.3,0.0
2024-10-02 05:00:00,5.2,0.0
2024-10-02 06:00:00,3.8,29.0
2024-10-02 07:00:00,1.3,104.0
2024-10-02 08:00:00,7.8,273.0
2024-10-02 09:00:00,19.1,481.0
2024-10-02 10:00:00,20.8,498.0
2024-10-02 11:00:00,21.8,413.0
2024-10-02 12:00:00,19.9,436.0
2024-10-02 13:00:00,18.1,425.0
2024-10-02 14:00:00,18.5,410.0
2024-10-02 15:00:00,18.1,249.0
2024-10-02 16:00:00,16.0,136.0
2024-10-02 17:00:00,13.0,21.0
2024-10-02 18:00:00,12.8,0.0
2024-10-02 19:00:00,10.6,0.0
2024-10-02 20:00:00,12.1,0.0
2024-10-02 21:00:00,13.9,0.0
2024-10-02 22:00:00,11.9,0.0
2024-10-02 23:00:00,11.7,0.0
2024-10-03 00:00:00,7.9,0.0
2024-10-03 01:00:00,9.2,0.0
2024-10-03 02:00:00,6.6,0.0
2024-10-03 03:00:00,6.2,0.0
2024-10-03 04:00:00,8.9,0.0
2024-10-03 05:00:00,11.8,0.0
2024-10-03 06:00:00,14.1,3.0
2024-10-03 07:00:00,15.3,27.0
2024-10-03 08:00:00,11.4,57.0
2024-10-03 09:00:00,20.0,81.0
2024-10-03 10:00:00,22.7,84.0
2024-10-03 11:00:00,19.2,116.0
2024-10-03 12:00:00,20.6,74.0
2024-10-03 13:00:00,20.7,78.0
2024-10-03 14:00:00,21.5,67.0
2024-10-03 15:00:00,18.4,31.0
2024-10-03 16:00:00,18.0,28.0
2024-10-03 17:00:00,20.7,5.0
2024-10-03 18:00:00,14.8,0.0
2024-10-03 19:00:00,10.7,0.0
2024-10-03 20:00:00,15.5,0.0
2024-10-03 21:00:00,12.0,0.0
2024-10-03 22:00:00,7.3,0.0
2024-10-03 23:00:00,5.9,0.0
2024-10-04 00:00:00,5.1,0.0
2024-10-04 01:00:00,5.1,0.0
2024-10-04 02:00:00,5.5,0.0
2024-10-04 03:00:00,8.2,0.0
2024-10-04 04:00:00,5.3,0.0
2024-10-04 05:00:00,3.4,0.0
2024-10-04 06:00:00,8.5,22.0
2024-10-04 07:00:00,13.9,120.0
2024-10-04 08:00:00,16.9,220.0
2024-10-04 09:00:00,20.4,372.0
2024-10-04 10:00:00,25.7,522.0
2024-10-04 11:00:00,24.8,588.0
2024-10-04 12:00:00,25.2,569.0
2024-10-04 13:00:00,24.7,504.0
2024-10-04 14:00:00,24.3,397.0
2024-10-04 15:00:00,21.0,287.0
2024-10-04 16:00:00,18.6,142.0
2024-10-04 17:00:00,11.0,19.0
2024-10-04 18:00:00,10.4,0.0
2024-10-04 19:00:00,12.4,0.0
2024-10-04 20:00:00,12.2,0.0
2024-10-04 21:00:00,11.6,0.0
2024-10-04 22:00:00,13.2,0.0
2024-10-04 23:00:00,14.6,0.0
2024-10-05 00:00:00,14.1,0.0
2024-10-05 01:00:00,8.5,0.0
2024-10-05 02:00:00,4.7,0.0
2024-10-05 03:00:00,2.3,0.0
2024-10-05 04:00:00,3.6,0.0
2024-10-05 05:00:00,5.8,0.0
2024-10-05 06:00:00,2.4,25.0
2024-10-05 07:00:00,2.9,156.0
2024-10-05 08:00:00,2.5,310.0
2024-10-05 09:00:00,5.0,461.0
2024-10-05 10:00:00,6.1,369.0
2024-10-05 11:00:00,7.0,176.0
2024-10-05 12:00:00,6.5,438.0
2024-10-05 13:00:00,10.1,499.0
2024-10-05 14:00:00,8.9,295.0
2024-10-05 15:00:00,4.3,224.0
2024-10-05 16:00:00,6.6,122.0
2024-10-05 17:00:00,7.6,16.0
2024-10-05 18:00:00,5.5,0.0
2024-10-05 19:00:00,3.7,0.0
2024-10-05 20:00:00,4.3,0.0
2024-10-05 21:00:00,3.9,0.0
2024-10-05 22:00:00,5.3,0.0
2024-10-05 23:00:00,6.9,0.0
2024-10-06 00:00:00,8.0,0.0
2024-10-06 01:00:00,5.3,0.0
2024-10-06 02:00:00,6.8,0.0
2024-10-06 03:00:00,5.6,0.0
2024-10-06 04:00:00,7.1,0.0
2024-10-06 05:00:00,6.4,0.0
2024-10-06 06:00:00,4.5,27.0
2024-10-06 07:00:00,5.4,168.0
2024-10-06 08:00:00,4.4,342.0
2024-10-06 09:00:00,4.4,492.0
2024-10-06 10:00:00,1.9,602.0
2024-10-06 11:00:00,1.0,650.0
2024-10-06 12:00:00,2.0,545.0
2024-10-06 13:00:00,3.7,242.0
2024-10-06 14:00:00,6.0,205.0
2024-10-06 15:00:00,8.4,177.0
2024-10-06 16:00:00,7.1,64.0
2024-10-06 17:00:00,5.1,9.0
2024-10-06 18:00:00,4.5,0.0
2024-10-06 19:00:00,6.0,0.0
2024-10-06 20:00:00,5.9,0.0
2024-10-06 21:00:00,3.5,0.0
2024-10-06 22:00:00,5.3,0.0
2024-10-06 23:00:00,5.2,0.0
2024-10-07 00:00:00,4.6,0.0
2024-10-07 01:00:00,5.0,0.0
2024-10-07 02:00:00,5.4,0.0
2024-10-07 03:00:00,4.5,0.0
2024-10-07 04:00:00,5.0,0.0
2024-10-07 05:00:00,5.0,0.0
2024-10-07 06:00:00,4.4,9.0
2024-10-07 07:00:00,4.8,74.0
2024-10-07 08:00:00,3.9,174.0
2024-10-07 09:00:00,4.6,207.0
2024-10-07 10:00:00,5.2,488.0
2024-10-07 11:00:00,6.7,492.0
2024-10-07 12:00:00,9.2,560.0
2024-10-07 13:00:00,14.5,395.0
2024-10-07 14:00:00,14.3,404.0
2024-10-07 15:00:00,14.5,280.0
2024-10-07 16:00:00,12.1,136.0
2024-10-07 17:00:00,9.6,16.0
2024-10-07 18:00:00,6.5,0.0
2024-10-07 19:00:00,7.8,0.0
2024-10-07 20:00:00,8.5,0.0
2024-10-07 21:00:00,7.9,0.0
2024-10-07 22:00:00,7.4,0.0
2024-10-07 23:00:00,7.8,0.0
2024-10-08 00:00:00,7.2,0.0
2024-10-08 01:00:00,4.6,0.0
2024-10-08 02:00:00,4.5,0.0
2024-10-08 03:00:00,7.6,0.0
2024-10-08 04:00:00,8.1,0.0
2024-10-08 05:00:00,13.5,0.0
2024-10-08 06:00:00,16.1,22.0
2024-10-08 07:00:00,16.4,144.0
2024-10-08 08:00:00,18.5,294.0
2024-10-08 09:00:00,18.7,228.0
2024-10-08 10:00:00,23.3,309.0
2024-10-08 11:00:00,25.4,276.0
2024-10-08 12:00:00,29.7,164.0
2024-10-08 13:00:00,27.9,87.0
2024-10-08 14:00:00,23.7,98.0
2024-10-08 15:00:00,22.6,24.0
2024-10-08 16:00:00,18.8,23.0
2024-10-08 17:00:00,16.0,2.0
2024-10-08 18:00:00,15.3,0.0
2024-10-08 19:00:00,13.5,0.0
2024-10-08 20:00:00,12.5,0.0
2024-10-08 21:00:00,16.6,0.0
2024-10-08 22:00:00,12.8,0.0
2024-10-08 23:00:00,10.7,0.0
2024-10-09 00:00:00,9.9,0.0
2024-10-09 01:00:00,18.4,0.0
2024-10-09 02:00:00,8.6,0.0
2024-10-09 03:00:00,8.0,0.0
2024-10-09 04:00:00,9.4,0.0
2024-10-09 05:00:00,10.3,0.0
2024-10-09 06:00:00,11.1,16.0
2024-10-09 07:00:00,11.1,121.0
2024-10-09 08:00:00,10.9,268.0
2024-10-09 09:00:00,10.3,448.0
2024-10-09 10:00:00,11.3,446.0
2024-10-09 11:00:00,11.4,465.0
2024-10-09 12:00:00,12.3,492.0
2024-10-09 13:00:00,11.7,353.0
2024-10-09 14:00:00,17.1,313.0
2024-10-09 15:00:00,18.0,234.0
2024-10-09 16:00:00,12.1,120.0
2024-10-09 17:00:00,9.0,13.0
2024-10-09 18:00:00,9.9,0.0
2024-10-09 19:00:00,8.8,0.0
2024-10-09 20:00:00,9.6,0.0
2024-10-09 21:00:00,10.8,0.0
2024-10-09 22:00:00,14.3,0.0
2024-10-09 23:00:00,13.4,0.0
2024-10-10 00:00:00,11.6,0.0
2024-10-10 01:00:00,12.5,0.0
2024-10-10 02:00:00,16.4,0.0
2024-10-10 03:00:00,16.9,0.0
2024-10-10 04:00:00,15.9,0.0
2024-10-10 05:00:00,17.3,0.0
2024-10-10 06:00:00,19.7,18.0
2024-10-10 07:00:00,22.3,146.0
2024-10-10 08:00:00,24.3,300.0
2024-10-10 09:00:00,27.1,235.0
2024-10-10 10:00:00,28.3,362.0
2024-10-10 11:00:00,28.6,370.0
2024-10-10 12:00:00,27.6,482.0
2024-10-10 13:00:00,25.2,213.0
2024-10-10 14:00:00,24.2,316.0
2024-10-10 15:00:00,21.6,249.0
2024-10-10 16:00:00,16.2,71.0
2024-10-10 17:00:00,12.7,5.0
2024-10-10 18:00:00,9.4,0.0
2024-10-10 19:00:00,8.8,0.0
2024-10-10 20:00:00,9.3,0.0
2024-10-10 21:00:00,10.6,0.0
2024-10-10 22:00:00,9.7,0.0
2024-10-10 23:00:00,8.1,0.0
2024-10-11 00:00:00,7.2,0.0
2024-10-11 01:00:00,5.4,0.0
2024-10-11 02:00:00,4.5,0.0
2024-10-11 03:00:00,5.9,0.0
2024-10-11 04:00:00,3.5,0.0
2024-10-11 05:00:00,8.0,0.0
2024-10-11 06:00:00,7.7,19.0
2024-10-11 07:00:00,4.3,149.0
2024-10-11 08:00:00,4.5,270.0
2024-10-11 09:00:00,5.7,397.0
2024-10-11 10:00:00,4.4,493.0
2024-10-11 11:00:00,2.3,557.0
2024-10-11 12:00:00,1.5,622.0
2024-10-11 13:00:00,2.7,532.0
2024-10-11 14:00:00,1.4,433.0
2024-10-11 15:00:00,5.4,288.0
2024-10-11 16:00:00,6.4,124.0
2024-10-11 17:00:00,8.0,11.0
2024-10-11 18:00:00,5.0,0.0
2024-10-11 19:00:00,4.0,0.0
2024-10-11 20:00:00,5.1,0.0
2024-10-11 21:00:00,4.4,0.0
2024-10-11 22:00:00,3.9,0.0
2024-10-11 23:00:00,5.2,0.0
2024-10-12 00:00:00,5.7,0.0
2024-10-12 01:00:00,5.1,0.0
2024-10-12 02:00:00,4.7,0.0
2024-10-12 03:00:00,4.1,0.0
2024-10-12 04:00:00,5.3,0.0
2024-10-12 05:00:00,5.7,0.0
2024-10-12 06:00:00,6.1,18.0
2024-10-12 07:00:00,6.5,153.0
2024-10-12 08:00:00,6.6,324.0
2024-10-12 09:00:00,6.1,473.0
2024-10-12 10:00:00,4.0,582.0
2024-10-12 11:00:00,4.3,637.0
2024-10-12 12:00:00,3.7,632.0
2024-10-12 13:00:00,0.9,575.0
2024-10-12 14:00:00,0.8,455.0
2024-10-12 15:00:00,3.0,291.0
2024-10-12 16:00:00,5.7,116.0
2024-10-12 17:00:00,9.9,10.0
2024-10-12 18:00:00,3.7,0.0
2024-10-12 19:00:00,5.5,0.0
2024-10-12 20:00:00,5.7,0.0
2024-10-12 21:00:00,6.1,0.0
2024-10-12 22:00:00,3.1,0.0
2024-10-12 23:00:00,6.9,0.0
2024-10-13 00:00:00,6.6,0.0
2024-10-13 01:00:00,6.4,0.0
2024-10-13 02:00:00,5.0,0.0
2024-10-13 03:00:00,4.2,0.0
2024-10-13 04:00:00,6.3,0.0
2024-10-13 05:00:00,5.5,0.0
2024-10-13 06:00:00,4.2,16.0
2024-10-13 07:00:00,7.6,141.0
2024-10-13 08:00:00,4.0,308.0
2024-10-13 09:00:00,2.2,454.0
2024-10-13 10:00:00,2.8,560.0
2024-10-13 11:00:00,0.9,613.0
2024-10-13 12:00:00,4.8,608.0
2024-10-13 13:00:00,5.0,549.0
2024-10-13 14:00:00,6.5,436.0
2024-10-13 15:00:00,9.0,284.0
2024-10-13 16:00:00,6.4,118.0
2024-10-13 17:00:00,7.1,8.0
2024-10-13 18:00:00,5.0,0.0
2024-10-13 19:00:00,2.2,0.0
2024-10-13 20:00:00,5.2,0.0
2024-10-13 21:00:00,6.1,0.0
2024-10-13 22:00:00,4.5,0.0
2024-10-13 23:00:00,5.1,0.0
2024-10-14 00:00:00,6.2,0.0
2024-10-14 01:00:00,5.6,0.0
2024-10-14 02:00:00,5.1,0.0
2024-10-14 03:00:00,4.4,0.0
2024-10-14 04:00:00,4.8,0.0
2024-10-14 05:00:00,4.7,0.0
2024-10-14 06:00:00,5.2,15.0
2024-10-14 07:00:00,6.2,140.0
2024-10-14 08:00:00,5.7,306.0
2024-10-14 09:00:00,5.0,450.0
2024-10-14 10:00:00,4.1,555.0
2024-10-14 11:00:00,1.7,606.0
2024-10-14 12:00:00,3.8,597.0
2024-10-14 13:00:00,3.6,521.0
2024-10-14 14:00:00,6.0,413.0
2024-10-14 15:00:00,8.0,263.0
2024-10-14 16:00:00,8.3,107.0
2024-10-14 17:00:00,7.5,7.0
2024-10-14 18:00:00,5.6,0.0
2024-10-14 19:00:00,3.6,0.0
2024-10-14 20:00:00,3.1,0.0
2024-10-14 21:00:00,2.7,0.0
2024-10-14 22:00:00,7.1,0.0
2024-10-14 23:00:00,5.0,0.0
2024-10-15 00:00:00,4.7,0.0
2024-10-15 01:00:00,4.4,0.0
2024-10-15 02:00:00,5.0,0.0
2024-10-15 03:00:00,4.9,0.0
2024-10-15 04:00:00,4.5,0.0
2024-10-15 05:00:00,4.2,0.0
2024-10-15 06:00:00,6.1,13.0
2024-10-15 07:00:00,7.4,131.0
2024-10-15 08:00:00,6.7,291.0
2024-10-15 09:00:00,5.2,435.0
2024-10-15 10:00:00,2.4,538.0
2024-10-15 11:00:00,1.3,591.0
2024-10-15 12:00:00,2.7,587.0
2024-10-15 13:00:00,0.6,528.0
2024-10-15 14:00:00,1.4,416.0
2024-10-15 15:00:00,4.1,269.0
2024-10-15 16:00:00,6.2,107.0
2024-10-15 17:00:00,8.6,6.0
2024-10-15 18:00:00,8.3,0.0
2024-10-15 19:00:00,4.8,0.0
2024-10-15 20:00:00,2.6,0.0
2024-10-15 21:00:00,5.6,0.0
2024-10-15 22:00:00,6.5,0.0
2024-10-15 23:00:00,6.4,0.0
2024-10-16 00:00:00,4.8,0.0
2024-10-16 01:00:00,4.4,0.0
2024-10-16 02:00:00,3.9,0.0
2024-10-16 03:00:00,4.7,0.0
2024-10-16 04:00:00,5.3,0.0
2024-10-16 05:00:00,3.8,0.0
2024-10-16 06:00:00,4.6,10.0
2024-10-16 07:00:00,7.4,52.0
2024-10-16 08:00:00,6.0,135.0
2024-10-16 09:00:00,8.3,248.0
2024-10-16 10:00:00,5.0,162.0
2024-10-16 11:00:00,7.7,289.0
2024-10-16 12:00:00,8.6,287.0
2024-10-16 13:00:00,3.1,229.0
2024-10-16 14:00:00,2.9,140.0
2024-10-16 15:00:00,5.8,75.0
2024-10-16 16:00:00,7.6,17.0
2024-10-16 17:00:00,4.0,1.0
2024-10-16 18:00:00,9.5,0.0
2024-10-16 19:00:00,4.7,0.0
2024-10-16 20:00:00,4.2,0.0
2024-10-16 21:00:00,1.1,0.0
2024-10-16 22:00:00,5.9,0.0
2024-10-16 23:00:00,3.8,0.0
2024-10-17 00:00:00,2.9,0.0
2024-10-17 01:00:00,4.2,0.0
2024-10-17 02:00:00,4.3,0.0
2024-10-17 03:00:00,3.9,0.0
2024-10-17 04:00:00,5.0,0.0
2024-10-17 05:00:00,4.9,0.0
2024-10-17 06:00:00,4.0,11.0
2024-10-17 07:00:00,3.4,113.0
2024-10-17 08:00:00,8.0,266.0
2024-10-17 09:00:00,7.5,402.0
2024-10-17 10:00:00,14.4,389.0
2024-10-17 11:00:00,13.8,230.0
2024-10-17 12:00:00,10.9,214.0
2024-10-17 13:00:00,5.1,71.0
2024-10-17 14:00:00,1.7,394.0
2024-10-17 15:00:00,5.5,253.0
2024-10-17 16:00:00,6.1,88.0
2024-10-17 17:00:00,8.8,4.0
2024-10-17 18:00:00,7.1,0.0
2024-10-17 19:00:00,6.6,0.0
2024-10-17 20:00:00,10.1,0.0
2024-10-17 21:00:00,10.2,0.0
2024-10-17 22:00:00,15.6,0.0
2024-10-17 23:00:00,6.4,0.0
2024-10-18 00:00:00,5.0,0.0
2024-10-18 01:00:00,5.7,0.0
2024-10-18 02:00:00,3.9,0.0
2024-10-18 03:00:00,5.1,0.0
2024-10-18 04:00:00,3.9,0.0
2024-10-18 05:00:00,2.0,0.0
2024-10-18 06:00:00,4.1,3.0
2024-10-18 07:00:00,5.7,28.0
2024-10-18 08:00:00,4.6,81.0
2024-10-18 09:00:00,3.7,177.0
2024-10-18 10:00:00,6.7,381.0
2024-10-18 11:00:00,9.5,489.0
2024-10-18 12:00:00,8.0,451.0
2024-10-18 13:00:00,11.3,340.0
2024-10-18 14:00:00,10.3,241.0
2024-10-18 15:00:00,4.9,131.0
2024-10-18 16:00:00,5.8,60.0
2024-10-18 17:00:00,6.0,2.0
2024-10-18 18:00:00,5.0,0.0
2024-10-18 19:00:00,4.1,0.0
2024-10-18 20:00:00,3.7,0.0
2024-10-18 21:00:00,5.2,0.0
2024-10-18 22:00:00,6.0,0.0
2024-10-18 23:00:00,3.1,0.0
2024-10-19 00:00:00,9.0,0.0
2024-10-19 01:00:00,2.0,0.0
2024-10-19 02:00:00,4.5,0.0
2024-10-19 03:00:00,3.3,0.0
2024-10-19 04:00:00,4.6,0.0
2024-10-19 05:00:00,4.9,0.0
2024-10-19 06:00:00,4.7,4.0
2024-10-19 07:00:00,1.7,43.0
2024-10-19 08:00:00,3.5,73.0
2024-10-19 09:00:00,3.5,67.0
2024-10-19 10:00:00,3.6,55.0
2024-10-19 11:00:00,5.7,105.0
2024-10-19 12:00:00,6.7,66.0
2024-10-19 13:00:00,5.4,270.0
2024-10-19 14:00:00,13.1,62.0
2024-10-19 15:00:00,11.3,92.0
2024-10-19 16:00:00,6.7,34.0
2024-10-19 17:00:00,6.8,2.0
2024-10-19 18:00:00,6.7,0.0
2024-10-19 19:00:00,7.8,0.0
2024-10-19 20:00:00,9.2,0.0
2024-10-19 21:00:00,8.6,0.0
2024-10-19 22:00:00,3.0,0.0
2024-10-19 23:00:00,4.2,0.0
2024-10-20 00:00:00,4.8,0.0
2024-10-20 01:00:00,6.5,0.0
2024-10-20 02:00:00,6.4,0.0
2024-10-20 03:00:00,6.7,0.0
2024-10-20 04:00:00,4.7,0.0
2024-10-20 05:00:00,6.4,0.0
2024-10-20 06:00:00,3.4,7.0
2024-10-20 07:00:00,5.1,49.0
2024-10-20 08:00:00,8.8,65.0
2024-10-20 09:00:00,4.1,287.0
2024-10-20 10:00:00,3.2,385.0
2024-10-20 11:00:00,3.1,510.0
2024-10-20 12:00:00,2.8,281.0
2024-10-20 13:00:00,6.7,390.0
2024-10-20 14:00:00,5.0,187.0
2024-10-20 15:00:00,3.3,221.0
2024-10-20 16:00:00,16.3,71.0
2024-10-20 17:00:00,7.5,1.0
2024-10-20 18:00:00,1.3,0.0
2024-10-20 19:00:00,2.2,0.0
2024-10-20 20:00:00,4.7,0.0
2024-10-20 21:00:00,5.6,0.0
2024-10-20 22:00:00,5.8,0.0
2024-10-20 23:00:00,5.9,0.0
2024-10-21 00:00:00,6.7,0.0
2024-10-21 01:00:00,4.7,0.0
2024-10-21 02:00:00,5.8,0.0
2024-10-21 03:00:00,5.7,0.0
2024-10-21 04:00:00,5.5,0.0
2024-10-21 05:00:00,7.6,0.0
2024-10-21 06:00:00,6.5,8.0
2024-10-21 07:00:00,6.6,116.0
2024-10-21 08:00:00,6.0,274.0
2024-10-21 09:00:00,6.1,412.0
2024-10-21 10:00:00,4.5,525.0
2024-10-21 11:00:00,2.5,548.0
2024-10-21 12:00:00,3.7,530.0
2024-10-21 13:00:00,1.6,379.0
2024-10-21 14:00:00,3.3,345.0
2024-10-21 15:00:00,5.6,208.0
2024-10-21 16:00:00,4.5,63.0
2024-10-21 17:00:00,2.8,2.0
2024-10-21 18:00:00,2.3,0.0
2024-10-21 19:00:00,5.4,0.0
2024-10-21 20:00:00,5.1,0.0
2024-10-21 21:00:00,1.8,0.0
2024-10-21 22:00:00,5.6,0.0
2024-10-21 23:00:00,5.3,0.0
2024-10-22 00:00:00,3.1,0.0
2024-10-22 01:00:00,2.1,0.0
2024-10-22 02:00:00,1.3,0.0
2024-10-22 03:00:00,5.0,0.0
2024-10-22 04:00:00,4.6,0.0
2024-10-22 05:00:00,4.3,0.0
2024-10-22 06:00:00,3.0,6.0
2024-10-22 07:00:00,4.5,102.0
2024-10-22 08:00:00,6.2,239.0
2024-10-22 09:00:00,7.0,339.0
2024-10-22 10:00:00,6.4,431.0
2024-10-22 11:00:00,6.0,398.0
2024-10-22 12:00:00,9.1,433.0
2024-10-22 13:00:00,8.9,366.0
2024-10-22 14:00:00,6.5,246.0
2024-10-22 15:00:00,11.4,157.0
2024-10-22 16:00:00,4.9,66.0
2024-10-22 17:00:00,2.6,1.0
2024-10-22 18:00:00,4.3,0.0
2024-10-22 19:00:00,4.8,0.0
2024-10-22 20:00:00,4.6,0.0
2024-10-22 21:00:00,5.2,0.0
2024-10-22 22:00:00,3.8,0.0
2024-10-22 23:00:00,5.2,0.0
2024-10-23 00:00:00,4.0,0.0
2024-10-23 01:00:00,4.2,0.0
2024-10-23 02:00:00,4.3,0.0
2024-10-23 03:00:00,4.0,0.0
2024-10-23 04:00:00,4.2,0.0
2024-10-23 05:00:00,5.4,0.0
2024-10-23 06:00:00,5.6,2.0
2024-10-23 07:00:00,4.2,23.0
2024-10-23 08:00:00,3.5,70.0
2024-10-23 09:00:00,4.1,119.0
2024-10-23 10:00:00,7.1,202.0
2024-10-23 11:00:00,6.1,166.0
2024-10-23 12:00:00,7.2,235.0
2024-10-23 13:00:00,7.9,54.0
2024-10-23 14:00:00,4.3,37.0
2024-10-23 15:00:00,3.8,32.0
2024-10-23 16:00:00,10.0,17.0
2024-10-23 17:00:00,3.7,0.0
2024-10-23 18:00:00,3.6,0.0
2024-10-23 19:00:00,2.9,0.0
2024-10-23 20:00:00,2.3,0.0
2024-10-23 21:00:00,5.4,0.0
2024-10-23 22:00:00,2.3,0.0
2024-10-23 23:00:00,2.1,0.0
2024-10-24 00:00:00,1.0,0.0
2024-10-24 01:00:00,7.3,0.0
2024-10-24 02:00:00,6.4,0.0
2024-10-24 03:00:00,5.2,0.0
2024-10-24 04:00:00,3.1,0.0
2024-10-24 05:00:00,5.4,0.0
2024-10-24 06:00:00,2.8,4.0
2024-10-24 07:00:00,5.9,82.0
2024-10-24 08:00:00,0.7,121.0
2024-10-24 09:00:00,3.0,323.0
2024-10-24 10:00:00,1.3,409.0
2024-10-24 11:00:00,3.6,361.0
2024-10-24 12:00:00,9.1,260.0
2024-10-24 13:00:00,6.6,250.0
2024-10-24 14:00:00,8.1,47.0
2024-10-24 15:00:00,3.5,200.0
2024-10-24 16:00:00,4.6,67.0
2024-10-24 17:00:00,7.0,1.0
2024-10-24 18:00:00,5.0,0.0
2024-10-24 19:00:00,4.8,0.0
2024-10-24 20:00:00,4.1,0.0
2024-10-24 21:00:00,4.1,0.0
2024-10-24 22:00:00,4.2,0.0
2024-10-24 23:00:00,4.0,0.0
2024-10-25 00:00:00,4.9,0.0
2024-10-25 01:00:00,2.6,0.0
2024-10-25 02:00:00,8.9,0.0
2024-10-25 03:00:00,10.5,0.0
2024-10-25 04:00:00,4.1,0.0
2024-10-25 05:00:00,4.2,0.0
2024-10-25 06:00:00,4.9,2.0
2024-10-25 07:00:00,2.2,49.0
2024-10-25 08:00:00,3.3,134.0
2024-10-25 09:00:00,3.0,197.0
2024-10-25 10:00:00,3.8,297.0
2024-10-25 11:00:00,5.3,379.0
2024-10-25 12:00:00,5.5,355.0
2024-10-25 13:00:00,2.3,262.0
2024-10-25 14:00:00,4.5,289.0
2024-10-25 15:00:00,4.8,146.0
2024-10-25 16:00:00,3.7,45.0
2024-10-25 17:00:00,6.1,1.0
2024-10-25 18:00:00,3.6,0.0
2024-10-25 19:00:00,4.5,0.0
2024-10-25 20:00:00,5.9,0.0
2024-10-25 21:00:00,6.4,0.0
2024-10-25 22:00:00,6.9,0.0
2024-10-25 23:00:00,4.2,0.0
2024-10-26 00:00:00,3.1,0.0
2024-10-26 01:00:00,7.0,0.0
2024-10-26 02:00:00,5.7,0.0
2024-10-26 03:00:00,5.4,0.0
2024-10-26 04:00:00,3.5,0.0
2024-10-26 05:00:00,4.4,0.0
2024-10-26 06:00:00,6.0,4.0
2024-10-26 07:00:00,6.3,82.0
2024-10-26 08:00:00,6.1,232.0
2024-10-26 09:00:00,5.9,385.0
2024-10-26 10:00:00,3.5,484.0
2024-10-26 11:00:00,2.4,497.0
2024-10-26 12:00:00,6.8,494.0
2024-10-26 13:00:00,7.6,427.0
2024-10-26 14:00:00,7.6,274.0
2024-10-26 15:00:00,10.2,190.0
2024-10-26 16:00:00,7.6,43.0
2024-10-26 17:00:00,8.3,0.0
2024-10-26 18:00:00,5.0,0.0
2024-10-26 19:00:00,3.8,0.0
2024-10-26 20:00:00,2.9,0.0
2024-10-26 21:00:00,4.1,0.0
2024-10-26 22:00:00,4.1,0.0
2024-10-26 23:00:00,5.6,0.0
2024-10-27 00:00:00,4.4,0.0
2024-10-27 01:00:00,2.3,0.0
2024-10-27 02:00:00,4.9,0.0
2024-10-27 03:00:00,5.5,0.0
2024-10-27 04:00:00,5.2,0.0
2024-10-27 05:00:00,7.4,0.0
2024-10-27 06:00:00,6.7,3.0
2024-10-27 07:00:00,4.5,75.0
2024-10-27 08:00:00,4.8,203.0
2024-10-27 09:00:00,6.7,365.0
2024-10-27 10:00:00,3.0,480.0
2024-10-27 11:00:00,5.6,488.0
2024-10-27 12:00:00,9.0,463.0
2024-10-27 13:00:00,13.1,403.0
2024-10-27 14:00:00,11.8,221.0
2024-10-27 15:00:00,7.3,166.0
2024-10-27 16:00:00,4.9,57.0
2024-10-27 17:00:00,8.2,0.0
2024-10-27 18:00:00,4.1,0.0
2024-10-27 19:00:00,5.3,0.0
2024-10-27 20:00:00,4.2,0.0
2024-10-27 21:00:00,4.8,0.0
2024-10-27 22:00:00,3.6,0.0
2024-10-27 23:00:00,6.9,0.0
2024-10-28 00:00:00,4.6,0.0
2024-10-28 01:00:00,3.6,0.0
2024-10-28 02:00:00,5.4,0.0
2024-10-28 03:00:00,4.0,0.0
2024-10-28 04:00:00,5.8,0.0
2024-10-28 05:00:00,5.8,0.0
2024-10-28 06:00:00,5.3,3.0
2024-10-28 07:00:00,5.5,84.0
2024-10-28 08:00:00,5.1,232.0
2024-10-28 09:00:00,5.8,376.0
2024-10-28 10:00:00,5.8,481.0
2024-10-28 11:00:00,3.8,531.0
2024-10-28 12:00:00,2.4,528.0
2024-10-28 13:00:00,4.2,482.0
2024-10-28 14:00:00,2.6,363.0
2024-10-28 15:00:00,0.8,208.0
2024-10-28 16:00:00,0.4,60.0
2024-10-28 17:00:00,0.7,0.0
2024-10-28 18:00:00,2.7,0.0
2024-10-28 19:00:00,1.0,0.0
2024-10-28 20:00:00,5.2,0.0
2024-10-28 21:00:00,4.5,0.0
2024-10-28 22:00:00,4.6,0.0
2024-10-28 23:00:00,6.0,0.0
2024-10-29 00:00:00,5.1,0.0
2024-10-29 01:00:00,3.5,0.0
2024-10-29 02:00:00,4.9,0.0
2024-10-29 03:00:00,5.4,0.0
2024-10-29 04:00:00,5.1,0.0
2024-10-29 05:00:00,5.3,0.0
2024-10-29 06:00:00,6.2,3.0
2024-10-29 07:00:00,7.1,87.0
2024-10-29 08:00:00,7.2,235.0
2024-10-29 09:00:00,7.7,375.0
2024-10-29 10:00:00,5.8,472.0
2024-10-29 11:00:00,3.4,527.0
2024-10-29 12:00:00,2.1,512.0
2024-10-29 13:00:00,2.4,437.0
2024-10-29 14:00:00,3.9,325.0
2024-10-29 15:00:00,4.3,199.0
2024-10-29 16:00:00,5.2,57.0
2024-10-29 17:00:00,7.1,0.0
2024-10-29 18:00:00,7.7,0.0
2024-10-29 19:00:00,4.4,0.0
2024-10-29 20:00:00,4.8,0.0
2024-10-29 21:00:00,6.0,0.0
2024-10-29 22:00:00,6.5,0.0
2024-10-29 23:00:00,4.5,0.0
2024-10-30 00:00:00,4.6,0.0
2024-10-30 01:00:00,4.1,0.0
2024-10-30 02:00:00,4.3,0.0
2024-10-30 03:00:00,5.4,0.0
2024-10-30 04:00:00,5.4,0.0
2024-10-30 05:00:00,4.1,0.0
2024-10-30 06:00:00,3.9,2.0
2024-10-30 07:00:00,4.8,88.0
2024-10-30 08:00:00,5.4,240.0
2024-10-30 09:00:00,6.9,382.0
2024-10-30 10:00:00,7.0,480.0
2024-10-30 11:00:00,6.3,535.0
2024-10-30 12:00:00,5.5,530.0
2024-10-30 13:00:00,2.2,447.0
2024-10-30 14:00:00,4.1,302.0
2024-10-30 15:00:00,4.8,183.0
2024-10-30 16:00:00,7.0,56.0
2024-10-30 17:00:00,5.9,0.0
2024-10-30 18:00:00,6.0,0.0
2024-10-30 19:00:00,4.4,0.0
2024-10-30 20:00:00,3.8,0.0
2024-10-30 21:00:00,3.5,0.0
2024-10-30 22:00:00,5.8,0.0
2024-10-30 23:00:00,4.3,0.0
2024-10-31 00:00:00,5.7,0.0
2024-10-31 01:00:00,6.6,0.0
2024-10-31 02:00:00,6.3,0.0
2024-10-31 03:00:00,7.2,0.0
2024-10-31 04:00:00,7.4,0.0
2024-10-31 05:00:00,7.4,0.0
2024-10-31 06:00:00,7.3,2.0
2024-10-31 07:00:00,7.7,85.0
2024-10-31 08:00:00,8.1,238.0
2024-10-31 09:00:00,8.7,380.0
2024-10-31 10:00:00,7.3,481.0
2024-10-31 11:00:00,4.9,532.0
2024-10-31 12:00:00,3.2,527.0
2024-10-31 13:00:00,2.0,456.0
2024-10-31 14:00:00,1.9,338.0
2024-10-31 15:00:00,1.9,201.0
2024-10-31 16:00:00,3.0,55.0
2024-10-31 17:00:00,8.1,0.0
2024-10-31 18:00:00,7.5,0.0
2024-10-31 19:00:00,0.7,0.0
2024-10-31 20:00:00,6.5,0.0
2024-10-31 21:00:00,7.7,0.0
2024-10-31 22:00:00,5.8,0.0
2024-10-31 23:00:00,5.2,0.0
2024-11-01 00:00:00,4.9,0.0
2024-11-01 01:00:00,6.0,0.0
2024-11-01 02:00:00,7.1,0.0
2024-11-01 03:00:00,7.3,0.0
2024-11-01 04:00:00,6.6,0.0
2024-11-01 05:00:00,6.3,0.0
2024-11-01 06:00:00,7.7,2.0
2024-11-01 07:00:00,8.2,83.0
2024-11-01 08:00:00,6.9,238.0
2024-11-01 09:00:00,7.0,380.0
2024-11-01 10:00:00,5.3,482.0
2024-11-01 11:00:00,2.9,533.0
2024-11-01 12:00:00,1.8,526.0
2024-11-01 13:00:00,5.8,461.0
2024-11-01 14:00:00,7.0,349.0
2024-11-01 15:00:00,5.9,201.0
2024-11-01 16:00:00,6.0,52.0
2024-11-01 17:00:00,8.8,0.0
2024-11-01 18:00:00,4.5,0.0
2024-11-01 19:00:00,4.0,0.0
2024-11-01 20:00:00,4.5,0.0
2024-11-01 21:00:00,2.7,0.0
2024-11-01 22:00:00,6.0,0.0
2024-11-01 23:00:00,5.6,0.0
2024-11-02 00:00:00,4.6,0.0
2024-11-02 01:00:00,5.2,0.0
2024-11-02 02:00:00,4.5,0.0
2024-11-02 03:00:00,5.4,0.0
2024-11-02 04:00:00,4.2,0.0
2024-11-02 05:00:00,5.6,0.0
2024-11-02 06:00:00,5.4,1.0
2024-11-02 07:00:00,6.2,81.0
2024-11-02 08:00:00,5.2,235.0
2024-11-02 09:00:00,4.7,380.0
2024-11-02 10:00:00,3.6,482.0
2024-11-02 11:00:00,2.9,533.0
2024-11-02 12:00:00,3.0,526.0
2024-11-02 13:00:00,5.0,461.0
2024-11-02 14:00:00,5.8,344.0
2024-11-02 15:00:00,3.2,196.0
2024-11-02 16:00:00,7.7,50.0
2024-11-02 17:00:00,5.9,0.0
2024-11-02 18:00:00,4.7,0.0
2024-11-02 19:00:00,3.6,0.0
2024-11-02 20:00:00,6.0,0.0
2024-11-02 21:00:00,8.1,0.0
2024-11-02 22:00:00,6.0,0.0
2024-11-02 23:00:00,5.8,0.0
2024-11-03 00:00:00,4.9,0.0
2024-11-03 01:00:00,4.6,0.0
2024-11-03 02:00:00,5.7,0.0
2024-11-03 03:00:00,6.7,0.0
2024-11-03 04:00:00,7.4,0.0
2024-11-03 05:00:00,7.4,0.0
2024-11-03 06:00:00,7.8,1.0
2024-11-03 07:00:00,9.3,78.0
2024-11-03 08:00:00,7.4,232.0
2024-11-03 09:00:00,7.8,373.0
2024-11-03 10:00:00,8.8,472.0
2024-11-03 11:00:00,8.8,522.0
2024-11-03 12:00:00,6.1,514.0
2024-11-03 13:00:00,4.2,449.0
2024-11-03 14:00:00,3.5,337.0
2024-11-03 15:00:00,1.4,190.0
2024-11-03 16:00:00,2.5,47.0
2024-11-03 17:00:00,3.8,0.0
2024-11-03 18:00:00,3.8,0.0
2024-11-03 19:00:00,1.5,0.0
2024-11-03 20:00:00,5.9,0.0
2024-11-03 21:00:00,6.7,0.0
2024-11-03 22:00:00,4.8,0.0
2024-11-03 23:00:00,4.9,0.0
2024-11-04 00:00:00,6.1,0.0
2024-11-04 01:00:00,5.2,0.0
2024-11-04 02:00:00,6.6,0.0
2024-11-04 03:00:00,7.3,0.0
2024-11-04 04:00:00,8.3,0.0
2024-11-04 05:00:00,7.8,0.0
2024-11-04 06:00:00,8.3,1.0
2024-11-04 07:00:00,8.4,74.0
2024-11-04 08:00:00,8.0,223.0
2024-11-04 09:00:00,8.4,363.0
2024-11-04 10:00:00,6.9,465.0
2024-11-04 11:00:00,4.9,515.0
2024-11-04 12:00:00,4.0,507.0
2024-11-04 13:00:00,3.5,443.0
2024-11-04 14:00:00,0.4,331.0
2024-11-04 15:00:00,2.2,182.0
2024-11-04 16:00:00,5.7,43.0
2024-11-04 17:00:00,4.2,0.0
2024-11-04 18:00:00,1.9,0.0
2024-11-04 19:00:00,2.2,0.0
2024-11-04 20:00:00,5.5,0.0
2024-11-04 21:00:00,7.0,0.0
2024-11-04 22:00:00,6.5,0.0
2024-11-04 23:00:00,6.7,0.0
2024-11-05 00:00:00,5.3,0.0
2024-11-05 01:00:00,5.4,0.0
2024-11-05 02:00:00,7.1,0.0
2024-11-05 03:00:00,7.0,0.0
2024-11-05 04:00:00,6.9,0.0
2024-11-05 05:00:00,6.6,0.0
2024-11-05 06:00:00,7.2,1.0
2024-11-05 07:00:00,8.3,70.0
2024-11-05 08:00:00,7.9,218.0
2024-11-05 09:00:00,8.0,355.0
2024-11-05 10:00:00,7.1,453.0
2024-11-05 11:00:00,5.3,492.0
2024-11-05 12:00:00,2.3,474.0
2024-11-05 13:00:00,1.6,392.0
2024-11-05 14:00:00,1.0,244.0
2024-11-05 15:00:00,1.6,128.0
2024-11-05 16:00:00,4.5,29.0
2024-11-05 17:00:00,6.2,0.0
2024-11-05 18:00:00,3.9,0.0
2024-11-05 19:00:00,2.5,0.0
2024-11-05 20:00:00,2.3,0.0
2024-11-05 21:00:00,4.6,0.0
2024-11-05 22:00:00,6.9,0.0
2024-11-05 23:00:00,7.7,0.0
2024-11-06 00:00:00,7.1,0.0
2024-11-06 01:00:00,6.3,0.0
2024-11-06 02:00:00,5.8,0.0
2024-11-06 03:00:00,5.5,0.0
2024-11-06 04:00:00,6.1,0.0
2024-11-06 05:00:00,6.7,0.0
2024-11-06 06:00:00,7.6,0.0
2024-11-06 07:00:00,9.2,67.0
2024-11-06 08:00:00,8.2,214.0
2024-11-06 09:00:00,9.0,353.0
2024-11-06 10:00:00,8.8,455.0
2024-11-06 11:00:00,7.4,505.0
2024-11-06 12:00:00,5.1,496.0
2024-11-06 13:00:00,1.4,437.0
2024-11-06 14:00:00,1.7,323.0
2024-11-06 15:00:00,3.1,178.0
2024-11-06 16:00:00,3.8,38.0
2024-11-06 17:00:00,4.2,0.0
2024-11-06 18:00:00,4.5,0.0
2024-11-06 19:00:00,6.0,0.0
2024-11-06 20:00:00,5.4,0.0
2024-11-06 21:00:00,4.3,0.0
2024-11-06 22:00:00,5.4,0.0
2024-11-06 23:00:00,6.0,0.0
2024-11-07 00:00:00,6.2,0.0
2024-11-07 01:00:00,6.5,0.0
2024-11-07 02:00:00,6.9,0.0
2024-11-07 03:00:00,7.3,0.0
2024-11-07 04:00:00,7.2,0.0
2024-11-07 05:00:00,7.4,0.0
2024-11-07 06:00:00,8.0,0.0
2024-11-07 07:00:00,8.6,63.0
2024-11-07 08:00:00,8.8,207.0
2024-11-07 09:00:00,9.2,344.0
2024-11-07 10:00:00,8.3,434.0
2024-11-07 11:00:00,7.6,491.0
2024-11-07 12:00:00,8.0,480.0
2024-11-07 13:00:00,6.6,319.0
2024-11-07 14:00:00,6.5,244.0
2024-11-07 15:00:00,3.6,135.0
2024-11-07 16:00:00,4.6,29.0
2024-11-07 17:00:00,6.5,0.0
2024-11-07 18:00:00,5.4,0.0
2024-11-07 19:00:00,5.8,0.0
2024-11-07 20:00:00,6.6,0.0
2024-11-07 21:00:00,4.5,0.0
2024-11-07 22:00:00,4.9,0.0
2024-11-07 23:00:00,5.8,0.0
2024-11-08 00:00:00,5.6,0.0
2024-11-08 01:00:00,5.8,0.0
2024-11-08 02:00:00,6.1,0.0
2024-11-08 03:00:00,7.9,0.0
2024-11-08 04:00:00,8.0,0.0
2024-11-08 05:00:00,7.2,0.0
2024-11-08 06:00:00,8.3,0.0
2024-11-08 07:00:00,9.3,58.0
2024-11-08 08:00:00,8.5,196.0
2024-11-08 09:00:00,9.0,324.0
2024-11-08 10:00:00,8.8,423.0
2024-11-08 11:00:00,8.3,479.0
2024-11-08 12:00:00,6.9,454.0
2024-11-08 13:00:00,9.5,399.0
2024-11-08 14:00:00,6.5,281.0
2024-11-08 15:00:00,1.3,130.0
2024-11-08 16:00:00,1.5,28.0
2024-11-08 17:00:00,5.0,0.0
2024-11-08 18:00:00,5.4,0.0
2024-11-08 19:00:00,2.8,0.0
2024-11-08 20:00:00,3.0,0.0
2024-11-08 21:00:00,6.0,0.0
2024-11-08 22:00:00,5.9,0.0
2024-11-08 23:00:00,4.5,0.0
2024-11-09 00:00:00,5.5,0.0
2024-11-09 01:00:00,6.8,0.0
2024-11-09 02:00:00,5.4,0.0
2024-11-09 03:00:00,6.0,0.0
2024-11-09 04:00:00,6.2,0.0
2024-11-09 05:00:00,6.2,0.0
2024-11-09 06:00:00,6.3,0.0
2024-11-09 07:00:00,8.0,42.0
2024-11-09 08:00:00,8.7,145.0
2024-11-09 09:00:00,8.4,283.0
2024-11-09 10:00:00,7.9,352.0
2024-11-09 11:00:00,7.2,393.0
2024-11-09 12:00:00,6.1,372.0
2024-11-09 13:00:00,5.3,224.0
2024-11-09 14:00:00,3.6,202.0
2024-11-09 15:00:00,2.8,89.0
2024-11-09 16:00:00,1.4,21.0
2024-11-09 17:00:00,1.2,0.0
2024-11-09 18:00:00,1.3,0.0
2024-11-09 19:00:00,2.5,0.0
2024-11-09 20:00:00,4.9,0.0
2024-11-09 21:00:00,5.2,0.0
2024-11-09 22:00:00,7.2,0.0
2024-11-09 23:00:00,8.7,0.0
2024-11-10 00:00:00,9.0,0.0
2024-11-10 01:00:00,10.2,0.0
2024-11-10 02:00:00,8.8,0.0
2024-11-10 03:00:00,8.4,0.0
2024-11-10 04:00:00,8.9,0.0
2024-11-10 05:00:00,8.7,0.0
2024-11-10 06:00:00,8.7,0.0
2024-11-10 07:00:00,10.6,49.0
2024-11-10 08:00:00,9.6,157.0
2024-11-10 09:00:00,10.5,299.0
2024-11-10 10:00:00,9.4,424.0
2024-11-10 11:00:00,7.0,477.0
2024-11-10 12:00:00,6.1,483.0
2024-11-10 13:00:00,4.9,420.0
2024-11-10 14:00:00,4.0,293.0
2024-11-10 15:00:00,3.5,146.0
2024-11-10 16:00:00,7.6,28.0
2024-11-10 17:00:00,7.3,0.0
2024-11-10 18:00:00,6.6,0.0
2024-11-10 19:00:00,7.1,0.0
2024-11-10 20:00:00,6.7,0.0
2024-11-10 21:00:00,6.0,0.0
2024-11-10 22:00:00,7.5,0.0
2024-11-10 23:00:00,8.5,0.0
2024-11-11 00:00:00,9.1,0.0
2024-11-11 01:00:00,10.1,0.0
2024-11-11 02:00:00,10.0,0.0
2024-11-11 03:00:00,9.3,0.0
2024-11-11 04:00:00,10.1,0.0
2024-11-11 05:00:00,10.6,0.0
2024-11-11 06:00:00,10.9,0.0
2024-11-11 07:00:00,11.5,54.0
2024-11-11 08:00:00,10.4,193.0
2024-11-11 09:00:00,11.2,335.0
2024-11-11 10:00:00,10.1,434.0
2024-11-11 11:00:00,8.3,481.0
2024-11-11 12:00:00,5.8,472.0
2024-11-11 13:00:00,4.0,413.0
2024-11-11 14:00:00,2.5,299.0
2024-11-11 15:00:00,2.3,155.0
2024-11-11 16:00:00,6.6,28.0
2024-11-11 17:00:00,5.4,0.0
2024-11-11 18:00:00,8.1,0.0
2024-11-11 19:00:00,8.1,0.0
2024-11-11 20:00:00,5.3,0.0
2024-11-11 21:00:00,7.7,0.0
2024-11-11 22:00:00,6.9,0.0
2024-11-11 23:00:00,7.2,0.0
2024-11-12 00:00:00,7.7,0.0
2024-11-12 01:00:00,7.1,0.0
2024-11-12 02:00:00,6.7,0.0
2024-11-12 03:00:00,5.6,0.0
2024-11-12 04:00:00,6.7,0.0
2024-11-12 05:00:00,8.1,0.0
2024-11-12 06:00:00,7.6,0.0
2024-11-12 07:00:00,7.6,50.0
2024-11-12 08:00:00,7.5,191.0
2024-11-12 09:00:00,8.1,326.0
2024-11-12 10:00:00,8.0,432.0
2024-11-12 11:00:00,8.5,485.0
2024-11-12 12:00:00,8.2,482.0
2024-11-12 13:00:00,5.2,420.0
2024-11-12 14:00:00,6.1,302.0
2024-11-12 15:00:00,9.2,156.0
2024-11-12 16:00:00,6.0,30.0
2024-11-12 17:00:00,0.4,0.0
2024-11-12 18:00:00,2.5,0.0
2024-11-12 19:00:00,4.9,0.0
2024-11-12 20:00:00,4.0,0.0
2024-11-12 21:00:00,4.1,0.0
2024-11-12 22:00:00,5.2,0.0
2024-11-12 23:00:00,6.2,0.0
2024-11-13 00:00:00,6.4,0.0
2024-11-13 01:00:00,6.6,0.0
2024-11-13 02:00:00,7.6,0.0
2024-11-13 03:00:00,7.3,0.0
2024-11-13 04:00:00,6.7,0.0
2024-11-13 05:00:00,5.7,0.0
2024-11-13 06:00:00,7.2,0.0
2024-11-13 07:00:00,8.4,26.0
2024-11-13 08:00:00,7.6,91.0
2024-11-13 09:00:00,4.9,170.0
2024-11-13 10:00:00,3.6,203.0
2024-11-13 11:00:00,6.5,214.0
2024-11-13 12:00:00,4.5,201.0
2024-11-13 13:00:00,2.8,170.0
2024-11-13 14:00:00,1.6,64.0
2024-11-13 15:00:00,2.9,68.0
2024-11-13 16:00:00,2.2,16.0
2024-11-13 17:00:00,1.1,0.0
2024-11-13 18:00:00,1.9,0.0
2024-11-13 19:00:00,1.5,0.0
2024-11-13 20:00:00,2.8,0.0
2024-11-13 21:00:00,1.4,0.0
2024-11-13 22:00:00,4.5,0.0
2024-11-13 23:00:00,4.1,0.0
2024-11-14 00:00:00,4.4,0.0
2024-11-14 01:00:00,7.1,0.0
2024-11-14 02:00:00,6.6,0.0
2024-11-14 03:00:00,4.2,0.0
2024-11-14 04:00:00,5.2,0.0
2024-11-14 05:00:00,7.3,0.0
2024-11-14 06:00:00,6.8,0.0
2024-11-14 07:00:00,8.1,27.0
2024-11-14 08:00:00,5.3,114.0
2024-11-14 09:00:00,5.6,241.0
2024-11-14 10:00:00,9.0,340.0
2024-11-14 11:00:00,8.8,274.0
2024-11-14 12:00:00,8.5,190.0
2024-11-14 13:00:00,6.9,107.0
2024-11-14 14:00:00,9.3,107.0
2024-11-14 15:00:00,11.8,63.0
2024-11-14 16:00:00,13.8,26.0
2024-11-14 17:00:00,16.8,0.0
2024-11-14 18:00:00,15.8,0.0
2024-11-14 19:00:00,13.9,0.0
2024-11-14 20:00:00,12.6,0.0
2024-11-14 21:00:00,11.8,0.0
2024-11-14 22:00:00,10.9,0.0
2024-11-14 23:00:00,9.4,0.0
2024-11-15 00:00:00,9.9,0.0
2024-11-15 01:00:00,12.8,0.0
2024-11-15 02:00:00,11.0,0.0
2024-11-15 03:00:00,9.6,0.0
2024-11-15 04:00:00,9.1,0.0
2024-11-15 05:00:00,8.0,0.0
2024-11-15 06:00:00,5.3,0.0
2024-11-15 07:00:00,6.8,45.0
2024-11-15 08:00:00,8.3,186.0
2024-11-15 09:00:00,7.4,326.0
2024-11-15 10:00:00,7.9,425.0
2024-11-15 11:00:00,8.6,476.0
2024-11-15 12:00:00,9.0,470.0
2024-11-15 13:00:00,11.9,408.0
2024-11-15 14:00:00,11.3,299.0
2024-11-15 15:00:00,13.0,156.0
2024-11-15 16:00:00,16.2,26.0
2024-11-15 17:00:00,13.8,0.0
2024-11-15 18:00:00,8.4,0.0
2024-11-15 19:00:00,8.7,0.0
2024-11-15 20:00:00,9.4,0.0
2024-11-15 21:00:00,8.4,0.0
2024-11-15 22:00:00,7.8,0.0
2024-11-15 23:00:00,7.0,0.0
2024-11-16 00:00:00,6.9,0.0
2024-11-16 01:00:00,6.8,0.0
2024-11-16 02:00:00,7.0,0.0
2024-11-16 03:00:00,6.3,0.0
2024-11-16 04:00:00,6.6,0.0
2024-11-16 05:00:00,6.2,0.0
2024-11-16 06:00:00,6.1,0.0
2024-11-16 07:00:00,7.1,42.0
2024-11-16 08:00:00,4.6,180.0
2024-11-16 09:00:00,6.1,318.0
2024-11-16 10:00:00,5.9,419.0
2024-11-16 11:00:00,5.1,469.0
2024-11-16 12:00:00,4.0,463.0
2024-11-16 13:00:00,1.8,403.0
2024-11-16 14:00:00,0.8,293.0
2024-11-16 15:00:00,0.4,152.0
2024-11-16 16:00:00,1.5,25.0
2024-11-16 17:00:00,0.7,0.0
2024-11-16 18:00:00,0.7,0.0
2024-11-16 19:00:00,1.5,0.0
2024-11-16 20:00:00,3.2,0.0
2024-11-16 21:00:00,4.4,0.0
2024-11-16 22:00:00,5.2,0.0
2024-11-16 23:00:00,4.9,0.0
2024-11-17 00:00:00,5.2,0.0
2024-11-17 01:00:00,5.3,0.0
2024-11-17 02:00:00,4.8,0.0
2024-11-17 03:00:00,4.8,0.0
2024-11-17 04:00:00,4.2,0.0
2024-11-17 05:00:00,4.1,0.0
2024-11-17 06:00:00,5.1,0.0
2024-11-17 07:00:00,6.7,41.0
2024-11-17 08:00:00,5.0,179.0
2024-11-17 09:00:00,3.3,315.0
2024-11-17 10:00:00,2.7,415.0
2024-11-17 11:00:00,2.5,464.0
2024-11-17 12:00:00,2.5,451.0
2024-11-17 13:00:00,4.3,384.0
2024-11-17 14:00:00,4.9,265.0
2024-11-17 15:00:00,5.0,134.0
2024-11-17 16:00:00,4.4,22.0
2024-11-17 17:00:00,2.4,0.0
2024-11-17 18:00:00,4.7,0.0
2024-11-17 19:00:00,5.1,0.0
2024-11-17 20:00:00,4.5,0.0
2024-11-17 21:00:00,4.7,0.0
2024-11-17 22:00:00,5.2,0.0
2024-11-17 23:00:00,5.2,0.0
2024-11-18 00:00:00,6.6,0.0
2024-11-18 01:00:00,4.5,0.0
2024-11-18 02:00:00,4.7,0.0
2024-11-18 03:00:00,4.1,0.0
2024-11-18 04:00:00,5.7,0.0
2024-11-18 05:00:00,7.1,0.0
2024-11-18 06:00:00,9.9,0.0
2024-11-18 07:00:00,10.5,30.0
2024-11-18 08:00:00,10.7,108.0
2024-11-18 09:00:00,9.9,259.0
2024-11-18 10:00:00,12.9,331.0
2024-11-18 11:00:00,15.1,340.0
2024-11-18 12:00:00,13.3,334.0
2024-11-18 13:00:00,11.1,299.0
2024-11-18 14:00:00,9.2,199.0
2024-11-18 15:00:00,8.4,107.0
2024-11-18 16:00:00,9.8,19.0
2024-11-18 17:00:00,9.2,0.0
2024-11-18 18:00:00,6.5,0.0
2024-11-18 19:00:00,5.8,0.0
2024-11-18 20:00:00,7.0,0.0
2024-11-18 21:00:00,7.8,0.0
2024-11-18 22:00:00,8.0,0.0
2024-11-18 23:00:00,9.6,0.0
2024-11-19 00:00:00,10.4,0.0
2024-11-19 01:00:00,10.3,0.0
2024-11-19 02:00:00,11.4,0.0
2024-11-19 03:00:00,12.3,0.0
2024-11-19 04:00:00,11.5,0.0
2024-11-19 05:00:00,8.7,0.0
2024-11-19 06:00:00,8.4,0.0
2024-11-19 07:00:00,8.2,29.0
2024-11-19 08:00:00,8.6,141.0
2024-11-19 09:00:00,9.7,273.0
2024-11-19 10:00:00,11.4,355.0
2024-11-19 11:00:00,10.8,369.0
2024-11-19 12:00:00,11.3,350.0
2024-11-19 13:00:00,8.9,272.0
2024-11-19 14:00:00,10.9,185.0
2024-11-19 15:00:00,10.6,86.0
2024-11-19 16:00:00,8.6,16.0
2024-11-19 17:00:00,7.9,0.0
2024-11-19 18:00:00,9.6,0.0
2024-11-19 19:00:00,9.4,0.0
2024-11-19 20:00:00,10.5,0.0
2024-11-19 21:00:00,10.4,0.0
2024-11-19 22:00:00,10.5,0.0
2024-11-19 23:00:00,10.0,0.0
2024-11-20 00:00:00,9.2,0.0
2024-11-20 01:00:00,9.0,0.0
2024-11-20 02:00:00,11.5,0.0
2024-11-20 03:00:00,13.6,0.0
2024-11-20 04:00:00,17.0,0.0
2024-11-20 05:00:00,15.8,0.0
2024-11-20 06:00:00,15.2,0.0
2024-11-20 07:00:00,12.9,24.0
2024-11-20 08:00:00,14.4,86.0
2024-11-20 09:00:00,13.7,102.0
2024-11-20 10:00:00,14.3,143.0
2024-11-20 11:00:00,20.5,107.0
2024-11-20 12:00:00,19.5,137.0
2024-11-20 13:00:00,21.9,67.0
2024-11-20 14:00:00,25.8,71.0
2024-11-20 15:00:00,20.5,64.0
2024-11-20 16:00:00,20.1,14.0
2024-11-20 17:00:00,21.7,0.0
2024-11-20 18:00:00,17.1,0.0
2024-11-20 19:00:00,11.1,0.0
2024-11-20 20:00:00,12.9,0.0
2024-11-20 21:00:00,15.7,0.0
2024-11-20 22:00:00,8.7,0.0
2024-11-20 23:00:00,5.0,0.0
2024-11-21 00:00:00,8.2,0.0
2024-11-21 01:00:00,5.9,0.0
2024-11-21 02:00:00,7.5,0.0
2024-11-21 03:00:00,7.7,0.0
2024-11-21 04:00:00,4.6,0.0
2024-11-21 05:00:00,3.6,0.0
2024-11-21 06:00:00,2.9,0.0
2024-11-21 07:00:00,3.5,20.0
2024-11-21 08:00:00,4.2,123.0
2024-11-21 09:00:00,4.6,294.0
2024-11-21 10:00:00,2.8,381.0
2024-11-21 11:00:00,3.1,426.0
2024-11-21 12:00:00,6.7,425.0
2024-11-21 13:00:00,6.5,355.0
2024-11-21 14:00:00,8.4,235.0
2024-11-21 15:00:00,11.5,131.0
2024-11-21 16:00:00,13.4,15.0
2024-11-21 17:00:00,14.5,0.0
2024-11-21 18:00:00,12.8,0.0
2024-11-21 19:00:00,14.7,0.0
2024-11-21 20:00:00,13.2,0.0
2024-11-21 21:00:00,15.6,0.0
2024-11-21 22:00:00,14.4,0.0
2024-11-21 23:00:00,9.5,0.0
2024-11-22 00:00:00,7.9,0.0
2024-11-22 01:00:00,15.2,0.0
2024-11-22 02:00:00,14.7,0.0
2024-11-22 03:00:00,17.6,0.0
2024-11-22 04:00:00,18.7,0.0
2024-11-22 05:00:00,15.9,0.0
2024-11-22 06:00:00,20.7,0.0
2024-11-22 07:00:00,23.5,1.0
2024-11-22 08:00:00,18.1,9.0
2024-11-22 09:00:00,15.6,46.0
2024-11-22 10:00:00,18.0,71.0
2024-11-22 11:00:00,20.4,106.0
2024-11-22 12:00:00,23.9,154.0
2024-11-22 13:00:00,10.7,249.0
2024-11-22 14:00:00,16.2,271.0
2024-11-22 15:00:00,12.3,136.0
2024-11-22 16:00:00,15.1,19.0
2024-11-22 17:00:00,11.8,0.0
2024-11-22 18:00:00,11.1,0.0
2024-11-22 19:00:00,11.5,0.0
2024-11-22 20:00:00,10.7,0.0
2024-11-22 21:00:00,11.8,0.0
2024-11-22 22:00:00,11.5,0.0
2024-11-22 23:00:00,11.0,0.0
2024-11-23 00:00:00,9.4,0.0
2024-11-23 01:00:00,11.2,0.0
2024-11-23 02:00:00,10.8,0.0
2024-11-23 03:00:00,9.9,0.0
2024-11-23 04:00:00,10.1,0.0
2024-11-23 05:00:00,7.9,0.0
2024-11-23 06:00:00,7.2,0.0
2024-11-23 07:00:00,7.5,31.0
2024-11-23 08:00:00,5.8,170.0
2024-11-23 09:00:00,3.3,313.0
2024-11-23 10:00:00,2.3,418.0
2024-11-23 11:00:00,2.0,470.0
2024-11-23 12:00:00,2.3,463.0
2024-11-23 13:00:00,2.3,399.0
2024-11-23 14:00:00,1.3,288.0
2024-11-23 15:00:00,3.0,144.0
2024-11-23 16:00:00,5.1,19.0
2024-11-23 17:00:00,2.3,0.0
2024-11-23 18:00:00,1.7,0.0
2024-11-23 19:00:00,3.6,0.0
2024-11-23 20:00:00,4.6,0.0
2024-11-23 21:00:00,3.5,0.0
2024-11-23 22:00:00,2.8,0.0
2024-11-23 23:00:00,2.9,0.0
2024-11-24 00:00:00,4.2,0.0
2024-11-24 01:00:00,5.4,0.0
2024-11-24 02:00:00,4.4,0.0
2024-11-24 03:00:00,4.3,0.0
2024-11-24 04:00:00,5.2,0.0
2024-11-24 05:00:00,5.3,0.0
2024-11-24 06:00:00,5.6,0.0
2024-11-24 07:00:00,6.5,27.0
2024-11-24 08:00:00,6.0,156.0
2024-11-24 09:00:00,5.1,294.0
2024-11-24 10:00:00,4.5,396.0
2024-11-24 11:00:00,2.9,448.0
2024-11-24 12:00:00,1.1,445.0
2024-11-24 13:00:00,1.4,377.0
2024-11-24 14:00:00,2.9,272.0
2024-11-24 15:00:00,3.8,135.0
2024-11-24 16:00:00,3.7,18.0
2024-11-24 17:00:00,3.8,0.0
2024-11-24 18:00:00,3.2,0.0
2024-11-24 19:00:00,2.8,0.0
2024-11-24 20:00:00,3.8,0.0
2024-11-24 21:00:00,4.2,0.0
2024-11-24 22:00:00,4.8,0.0
2024-11-24 23:00:00,4.2,0.0
2024-11-25 00:00:00,5.1,0.0
2024-11-25 01:00:00,6.8,0.0
2024-11-25 02:00:00,5.5,0.0
2024-11-25 03:00:00,6.2,0.0
2024-11-25 04:00:00,4.1,0.0
2024-11-25 05:00:00,5.4,0.0
2024-11-25 06:00:00,6.2,0.0
2024-11-25 07:00:00,5.9,13.0
2024-11-25 08:00:00,7.1,47.0
2024-11-25 09:00:00,6.5,98.0
2024-11-25 10:00:00,6.5,119.0
2024-11-25 11:00:00,4.5,99.0
2024-11-25 12:00:00,5.2,65.0
2024-11-25 13:00:00,8.2,54.0
2024-11-25 14:00:00,7.0,51.0
2024-11-25 15:00:00,6.3,25.0
2024-11-25 16:00:00,6.5,5.0
2024-11-25 17:00:00,6.1,0.0
2024-11-25 18:00:00,5.9,0.0
2024-11-25 19:00:00,4.6,0.0
2024-11-25 20:00:00,2.6,0.0
2024-11-25 21:00:00,4.0,0.0
2024-11-25 22:00:00,5.2,0.0
2024-11-25 23:00:00,7.0,0.0
2024-11-26 00:00:00,5.7,0.0
2024-11-26 01:00:00,6.3,0.0
2024-11-26 02:00:00,5.6,0.0
2024-11-26 03:00:00,4.5,0.0
2024-11-26 04:00:00,8.6,0.0
2024-11-26 05:00:00,6.2,0.0
2024-11-26 06:00:00,6.9,0.0
2024-11-26 07:00:00,5.9,19.0
2024-11-26 08:00:00,8.8,118.0
2024-11-26 09:00:00,9.4,247.0
2024-11-26 10:00:00,8.2,349.0
2024-11-26 11:00:00,12.6,394.0
2024-11-26 12:00:00,10.0,301.0
2024-11-26 13:00:00,8.9,291.0
2024-11-26 14:00:00,6.9,241.0
2024-11-26 15:00:00,5.3,118.0
2024-11-26 16:00:00,5.4,13.0
2024-11-26 17:00:00,6.1,0.0
2024-11-26 18:00:00,5.5,0.0
2024-11-26 19:00:00,4.1,0.0
2024-11-26 20:00:00,4.8,0.0
2024-11-26 21:00:00,4.7,0.0
2024-11-26 22:00:00,4.4,0.0
2024-11-26 23:00:00,3.8,0.0
2024-11-27 00:00:00,4.0,0.0
2024-11-27 01:00:00,3.7,0.0
2024-11-27 02:00:00,2.8,0.0
2024-11-27 03:00:00,5.1,0.0
2024-11-27 04:00:00,6.4,0.0
2024-11-27 05:00:00,5.6,0.0
2024-11-27 06:00:00,5.1,0.0
2024-11-27 07:00:00,5.5,19.0
2024-11-27 08:00:00,6.7,126.0
2024-11-27 09:00:00,4.8,253.0
2024-11-27 10:00:00,4.4,347.0
2024-11-27 11:00:00,7.7,359.0
2024-11-27 12:00:00,7.6,301.0
2024-11-27 13:00:00,4.4,309.0
2024-11-27 14:00:00,4.9,187.0
2024-11-27 15:00:00,1.3,72.0
2024-11-27 16:00:00,2.0,11.0
2024-11-27 17:00:00,5.1,0.0
2024-11-27 18:00:00,5.1,0.0
2024-11-27 19:00:00,4.3,0.0
2024-11-27 20:00:00,2.0,0.0
2024-11-27 21:00:00,2.2,0.0
2024-11-27 22:00:00,5.8,0.0
2024-11-27 23:00:00,4.2,0.0
2024-11-28 00:00:00,2.6,0.0
2024-11-28 01:00:00,3.8,0.0
2024-11-28 02:00:00,4.2,0.0
2024-11-28 03:00:00,2.9,0.0
2024-11-28 04:00:00,2.4,0.0
2024-11-28 05:00:00,3.7,0.0
2024-11-28 06:00:00,3.7,0.0
2024-11-28 07:00:00,4.9,17.0
2024-11-28 08:00:00,4.7,118.0
2024-11-28 09:00:00,4.8,239.0
2024-11-28 10:00:00,5.2,311.0
2024-11-28 11:00:00,2.0,338.0
2024-11-28 12:00:00,1.8,243.0
2024-11-28 13:00:00,3.2,281.0
2024-11-28 14:00:00,4.4,236.0
2024-11-28 15:00:00,3.8,98.0
2024-11-28 16:00:00,4.6,13.0
2024-11-28 17:00:00,5.6,0.0
2024-11-28 18:00:00,4.3,0.0
2024-11-28 19:00:00,3.8,0.0
2024-11-28 20:00:00,1.9,0.0
2024-11-28 21:00:00,1.3,0.0
2024-11-28 22:00:00,1.3,0.0
2024-11-28 23:00:00,3.9,0.0
2024-11-29 00:00:00,4.7,0.0
2024-11-29 01:00:00,4.0,0.0
2024-11-29 02:00:00,3.6,0.0
2024-11-29 03:00:00,4.8,0.0
2024-11-29 04:00:00,5.3,0.0
2024-11-29 05:00:00,5.5,0.0
2024-11-29 06:00:00,5.7,0.0
2024-11-29 07:00:00,5.0,6.0
2024-11-29 08:00:00,5.2,117.0
2024-11-29 09:00:00,7.6,252.0
2024-11-29 10:00:00,6.9,346.0
2024-11-29 11:00:00,6.5,419.0
2024-11-29 12:00:00,5.3,388.0
2024-11-29 13:00:00,11.6,337.0
2024-11-29 14:00:00,8.9,239.0
2024-11-29 15:00:00,7.9,117.0
2024-11-29 16:00:00,9.9,15.0
2024-11-29 17:00:00,11.2,0.0
2024-11-29 18:00:00,12.2,0.0
2024-11-29 19:00:00,12.2,0.0
2024-11-29 20:00:00,11.3,0.0
2024-11-29 21:00:00,11.5,0.0
2024-11-29 22:00:00,11.8,0.0
2024-11-29 23:00:00,14.5,0.0
2024-11-30 00:00:00,14.9,0.0
2024-11-30 01:00:00,19.1,0.0
2024-11-30 02:00:00,19.1,0.0
2024-11-30 03:00:00,18.4,0.0
2024-11-30 04:00:00,17.7,0.0
2024-11-30 05:00:00,16.8,0.0
2024-11-30 06:00:00,18.6,0.0
2024-11-30 07:00:00,20.2,18.0
2024-11-30 08:00:00,19.9,128.0
2024-11-30 09:00:00,18.8,269.0
2024-11-30 10:00:00,21.7,355.0
2024-11-30 11:00:00,20.9,415.0
2024-11-30 12:00:00,20.4,422.0
2024-11-30 13:00:00,21.9,370.0
2024-11-30 14:00:00,18.7,266.0
2024-11-30 15:00:00,18.6,128.0
2024-11-30 16:00:00,19.4,15.0
2024-11-30 17:00:00,17.5,0.0
2024-11-30 18:00:00,15.6,0.0
2024-11-30 19:00:00,15.4,0.0
2024-11-30 20:00:00,16.3,0.0
2024-11-30 21:00:00,17.6,0.0
2024-11-30 22:00:00,17.6,0.0
2024-11-30 23:00:00,19.0,0.0
2024-12-01 00:00:00,19.4,0.0
2024-12-01 01:00:00,16.9,0.0
2024-12-01 02:00:00,16.5,0.0
2024-12-01 03:00:00,13.4,0.0
2024-12-01 04:00:00,12.1,0.0
2024-12-01 05:00:00,11.1,0.0
2024-12-01 06:00:00,10.2,0.0
2024-12-01 07:00:00,13.5,13.0
2024-12-01 08:00:00,11.6,122.0
2024-12-01 09:00:00,12.8,258.0
2024-12-01 10:00:00,12.5,360.0
2024-12-01 11:00:00,13.0,418.0
2024-12-01 12:00:00,12.1,418.0
2024-12-01 13:00:00,14.2,360.0
2024-12-01 14:00:00,13.8,256.0
2024-12-01 15:00:00,13.8,123.0
2024-12-01 16:00:00,14.7,14.0
2024-12-01 17:00:00,10.8,0.0
2024-12-01 18:00:00,6.0,0.0
2024-12-01 19:00:00,7.2,0.0
2024-12-01 20:00:00,6.1,0.0
2024-12-01 21:00:00,5.1,0.0
2024-12-01 22:00:00,6.2,0.0
2024-12-01 23:00:00,6.7,0.0
2024-12-02 00:00:00,6.4,0.0
2024-12-02 01:00:00,5.8,0.0
2024-12-02 02:00:00,5.4,0.0
2024-12-02 03:00:00,5.4,0.0
2024-12-02 04:00:00,6.1,0.0
2024-12-02 05:00:00,6.4,0.0
2024-12-02 06:00:00,5.6,0.0
2024-12-02 07:00:00,6.1,16.0
2024-12-02 08:00:00,4.8,126.0
2024-12-02 09:00:00,5.1,257.0
2024-12-02 10:00:00,5.8,358.0
2024-12-02 11:00:00,4.7,411.0
2024-12-02 12:00:00,3.5,410.0
2024-12-02 13:00:00,2.7,354.0
2024-12-02 14:00:00,0.2,253.0
2024-12-02 15:00:00,1.1,122.0
2024-12-02 16:00:00,1.6,14.0
2024-12-02 17:00:00,0.5,0.0
2024-12-02 18:00:00,1.0,0.0
2024-12-02 19:00:00,2.2,0.0
2024-12-02 20:00:00,2.8,0.0
2024-12-02 21:00:00,3.1,0.0
2024-12-02 22:00:00,4.0,0.0
2024-12-02 23:00:00,4.2,0.0
2024-12-03 00:00:00,4.4,0.0
2024-12-03 01:00:00,3.9,0.0
2024-12-03 02:00:00,4.5,0.0
2024-12-03 03:00:00,5.4,0.0
2024-12-03 04:00:00,5.2,0.0
2024-12-03 05:00:00,4.8,0.0
2024-12-03 06:00:00,5.6,0.0
2024-12-03 07:00:00,6.3,12.0
2024-12-03 08:00:00,4.9,102.0
2024-12-03 09:00:00,3.9,247.0
2024-12-03 10:00:00,3.1,343.0
2024-12-03 11:00:00,3.4,351.0
2024-12-03 12:00:00,1.3,392.0
2024-12-03 13:00:00,0.6,269.0
2024-12-03 14:00:00,1.0,187.0
2024-12-03 15:00:00,2.5,92.0
2024-12-03 16:00:00,4.4,8.0
2024-12-03 17:00:00,9.5,0.0
2024-12-03 18:00:00,9.6,0.0
2024-12-03 19:00:00,7.5,0.0
2024-12-03 20:00:00,9.5,0.0
2024-12-03 21:00:00,6.3,0.0
2024-12-03 22:00:00,10.5,0.0
2024-12-03 23:00:00,13.6,0.0
2024-12-04 00:00:00,12.8,0.0
2024-12-04 01:00:00,4.6,0.0
2024-12-04 02:00:00,8.6,0.0
2024-12-04 03:00:00,8.8,0.0
2024-12-04 04:00:00,4.7,0.0
2024-12-04 05:00:00,7.7,0.0
2024-12-04 06:00:00,7.8,0.0
2024-12-04 07:00:00,7.3,11.0
2024-12-04 08:00:00,9.1,96.0
2024-12-04 09:00:00,8.9,193.0
2024-12-04 10:00:00,9.3,206.0
2024-12-04 11:00:00,11.2,193.0
2024-12-04 12:00:00,10.6,192.0
2024-12-04 13:00:00,9.3,204.0
2024-12-04 14:00:00,5.6,124.0
2024-12-04 15:00:00,6.8,59.0
2024-12-04 16:00:00,10.4,6.0
2024-12-04 17:00:00,14.6,0.0
2024-12-04 18:00:00,11.5,0.0
2024-12-04 19:00:00,12.7,0.0
2024-12-04 20:00:00,15.9,0.0
2024-12-04 21:00:00,15.7,0.0
2024-12-04 22:00:00,14.4,0.0
2024-12-04 23:00:00,11.9,0.0
2024-12-05 00:00:00,10.2,0.0
2024-12-05 01:00:00,18.1,0.0
2024-12-05 02:00:00,14.5,0.0
2024-12-05 03:00:00,16.6,0.0
2024-12-05 04:00:00,19.2,0.0
2024-12-05 05:00:00,20.4,0.0
2024-12-05 06:00:00,21.6,0.0
2024-12-05 07:00:00,21.5,13.0
2024-12-05 08:00:00,20.9,121.0
2024-12-05 09:00:00,20.4,255.0
2024-12-05 10:00:00,20.1,360.0
2024-12-05 11:00:00,22.2,410.0
2024-12-05 12:00:00,20.6,412.0
2024-12-05 13:00:00,21.8,360.0
2024-12-05 14:00:00,21.3,257.0
2024-12-05 15:00:00,23.2,123.0
2024-12-05 16:00:00,23.3,14.0
2024-12-05 17:00:00,20.8,0.0
2024-12-05 18:00:00,17.5,0.0
2024-12-05 19:00:00,11.6,0.0
2024-12-05 20:00:00,11.9,0.0
2024-12-05 21:00:00,11.7,0.0
2024-12-05 22:00:00,10.5,0.0
2024-12-05 23:00:00,12.2,0.0
2024-12-06 00:00:00,11.0,0.0
2024-12-06 01:00:00,9.4,0.0
2024-12-06 02:00:00,7.3,0.0
2024-12-06 03:00:00,8.4,0.0
2024-12-06 04:00:00,7.1,0.0
2024-12-06 05:00:00,4.2,0.0
2024-12-06 06:00:00,6.4,0.0
2024-12-06 07:00:00,4.9,10.0
2024-12-06 08:00:00,8.7,57.0
2024-12-06 09:00:00,5.4,175.0
2024-12-06 10:00:00,5.5,341.0
2024-12-06 11:00:00,2.4,409.0
2024-12-06 12:00:00,4.1,408.0
2024-12-06 13:00:00,3.7,156.0
2024-12-06 14:00:00,2.3,81.0
2024-12-06 15:00:00,6.2,65.0
2024-12-06 16:00:00,4.9,5.0
2024-12-06 17:00:00,4.5,0.0
2024-12-06 18:00:00,1.9,0.0
2024-12-06 19:00:00,2.1,0.0
2024-12-06 20:00:00,7.3,0.0
2024-12-06 21:00:00,5.2,0.0
2024-12-06 22:00:00,5.6,0.0
2024-12-06 23:00:00,6.7,0.0
2024-12-07 00:00:00,4.0,0.0
2024-12-07 01:00:00,7.1,0.0
2024-12-07 02:00:00,6.7,0.0
2024-12-07 03:00:00,6.7,0.0
2024-12-07 04:00:00,6.7,0.0
2024-12-07 05:00:00,6.3,0.0
2024-12-07 06:00:00,5.0,0.0
2024-12-07 07:00:00,5.0,12.0
2024-12-07 08:00:00,5.4,121.0
2024-12-07 09:00:00,6.3,256.0
2024-12-07 10:00:00,5.9,356.0
2024-12-07 11:00:00,4.5,408.0
2024-12-07 12:00:00,3.3,401.0
2024-12-07 13:00:00,2.4,350.0
2024-12-07 14:00:00,1.4,237.0
2024-12-07 15:00:00,2.3,116.0
2024-12-07 16:00:00,6.3,12.0
2024-12-07 17:00:00,7.4,0.0
2024-12-07 18:00:00,8.4,0.0
2024-12-07 19:00:00,12.2,0.0
2024-12-07 20:00:00,11.4,0.0
2024-12-07 21:00:00,16.4,0.0
2024-12-07 22:00:00,20.2,0.0
2024-12-07 23:00:00,21.2,0.0
2024-12-08 00:00:00,25.9,0.0
2024-12-08 01:00:00,20.2,0.0
2024-12-08 02:00:00,19.2,0.0
2024-12-08 03:00:00,7.9,0.0
2024-12-08 04:00:00,9.9,0.0
2024-12-08 05:00:00,10.6,0.0
2024-12-08 06:00:00,13.6,0.0
2024-12-08 07:00:00,9.9,8.0
2024-12-08 08:00:00,7.9,97.0
2024-12-08 09:00:00,6.1,197.0
2024-12-08 10:00:00,13.0,298.0
2024-12-08 11:00:00,9.3,285.0
2024-12-08 12:00:00,8.9,318.0
2024-12-08 13:00:00,12.7,225.0
2024-12-08 14:00:00,10.6,152.0
2024-12-08 15:00:00,9.1,80.0
2024-12-08 16:00:00,7.1,10.0
2024-12-08 17:00:00,10.3,0.0
2024-12-08 18:00:00,10.6,0.0
2024-12-08 19:00:00,8.9,0.0
2024-12-08 20:00:00,7.5,0.0
2024-12-08 21:00:00,6.1,0.0
2024-12-08 22:00:00,4.6,0.0
2024-12-08 23:00:00,4.5,0.0
2024-12-09 00:00:00,6.8,0.0
2024-12-09 01:00:00,1.5,0.0
2024-12-09 02:00:00,5.0,0.0
2024-12-09 03:00:00,6.8,0.0
2024-12-09 04:00:00,8.1,0.0
2024-12-09 05:00:00,7.6,0.0
2024-12-09 06:00:00,6.0,0.0
2024-12-09 07:00:00,4.5,8.0
2024-12-09 08:00:00,5.1,92.0
2024-12-09 09:00:00,1.1,176.0
2024-12-09 10:00:00,2.9,260.0
2024-12-09 11:00:00,4.0,332.0
2024-12-09 12:00:00,5.2,337.0
2024-12-09 13:00:00,12.5,314.0
2024-12-09 14:00:00,6.6,156.0
2024-12-09 15:00:00,4.9,80.0
2024-12-09 16:00:00,7.6,12.0
2024-12-09 17:00:00,6.1,0.0
2024-12-09 18:00:00,2.8,0.0
2024-12-09 19:00:00,5.2,0.0
2024-12-09 20:00:00,4.9,0.0
2024-12-09 21:00:00,3.7,0.0
2024-12-09 22:00:00,1.6,0.0
2024-12-09 23:00:00,0.7,0.0
2024-12-10 00:00:00,6.4,0.0
2024-12-10 01:00:00,7.4,0.0
2024-12-10 02:00:00,12.3,0.0
2024-12-10 03:00:00,7.3,0.0
2024-12-10 04:00:00,5.5,0.0
2024-12-10 05:00:00,4.7,0.0
2024-12-10 06:00:00,5.9,0.0
2024-12-10 07:00:00,6.1,5.0
2024-12-10 08:00:00,8.2,74.0
2024-12-10 09:00:00,8.5,143.0
2024-12-10 10:00:00,6.4,250.0
2024-12-10 11:00:00,6.7,260.0
2024-12-10 12:00:00,3.8,264.0
2024-12-10 13:00:00,3.1,299.0
2024-12-10 14:00:00,2.3,203.0
2024-12-10 15:00:00,4.6,87.0
2024-12-10 16:00:00,5.0,10.0
2024-12-10 17:00:00,3.8,0.0
2024-12-10 18:00:00,3.6,0.0
2024-12-10 19:00:00,3.1,0.0
2024-12-10 20:00:00,3.5,0.0
2024-12-10 21:00:00,3.6,0.0
2024-12-10 22:00:00,4.5,0.0
2024-12-10 23:00:00,3.3,0.0
2024-12-11 00:00:00,3.5,0.0
2024-12-11 01:00:00,5.3,0.0
2024-12-11 02:00:00,9.6,0.0
2024-12-11 03:00:00,8.7,0.0
2024-12-11 04:00:00,8.1,0.0
2024-12-11 05:00:00,6.5,0.0
2024-12-11 06:00:00,6.1,0.0
2024-12-11 07:00:00,7.2,7.0
2024-12-11 08:00:00,6.4,70.0
2024-12-11 09:00:00,7.5,151.0
2024-12-11 10:00:00,8.8,247.0
2024-12-11 11:00:00,7.7,259.0
2024-12-11 12:00:00,6.2,308.0
2024-12-11 13:00:00,3.6,315.0
2024-12-11 14:00:00,7.4,204.0
2024-12-11 15:00:00,10.9,88.0
2024-12-11 16:00:00,8.1,10.0
2024-12-11 17:00:00,2.3,0.0
2024-12-11 18:00:00,1.8,0.0
2024-12-11 19:00:00,2.3,0.0
2024-12-11 20:00:00,3.2,0.0
2024-12-11 21:00:00,2.4,0.0
2024-12-11 22:00:00,2.0,0.0
2024-12-11 23:00:00,4.0,0.0
2024-12-12 00:00:00,4.0,0.0
2024-12-12 01:00:00,3.9,0.0
2024-12-12 02:00:00,5.6,0.0
2024-12-12 03:00:00,6.4,0.0
2024-12-12 04:00:00,6.0,0.0
2024-12-12 05:00:00,6.1,0.0
2024-12-12 06:00:00,5.3,0.0
2024-12-12 07:00:00,6.0,8.0
2024-12-12 08:00:00,7.3,103.0
2024-12-12 09:00:00,5.8,234.0
2024-12-12 10:00:00,7.4,339.0
2024-12-12 11:00:00,7.7,381.0
2024-12-12 12:00:00,6.9,394.0
2024-12-12 13:00:00,6.7,302.0
2024-12-12 14:00:00,6.3,207.0
2024-12-12 15:00:00,6.3,86.0
2024-12-12 16:00:00,7.2,12.0
2024-12-12 17:00:00,5.6,0.0
2024-12-12 18:00:00,4.6,0.0
2024-12-12 19:00:00,4.1,0.0
2024-12-12 20:00:00,4.3,0.0
2024-12-12 21:00:00,5.4,0.0
2024-12-12 22:00:00,6.2,0.0
2024-12-12 23:00:00,6.9,0.0
2024-12-13 00:00:00,6.8,0.0
2024-12-13 01:00:00,6.8,0.0
2024-12-13 02:00:00,8.0,0.0
2024-12-13 03:00:00,7.6,0.0
2024-12-13 04:00:00,9.0,0.0
2024-12-13 05:00:00,7.7,0.0
2024-12-13 06:00:00,7.1,0.0
2024-12-13 07:00:00,7.2,3.0
2024-12-13 08:00:00,9.6,49.0
2024-12-13 09:00:00,10.2,127.0
2024-12-13 10:00:00,10.1,131.0
2024-12-13 11:00:00,10.5,169.0
2024-12-13 12:00:00,10.1,161.0
2024-12-13 13:00:00,8.0,127.0
2024-12-13 14:00:00,10.7,162.0
2024-12-13 15:00:00,9.2,54.0
2024-12-13 16:00:00,5.8,7.0
2024-12-13 17:00:00,8.8,0.0
2024-12-13 18:00:00,4.5,0.0
2024-12-13 19:00:00,4.1,0.0
2024-12-13 20:00:00,5.7,0.0
2024-12-13 21:00:00,5.7,0.0
2024-12-13 22:00:00,3.5,0.0
2024-12-13 23:00:00,1.8,0.0
2024-12-14 00:00:00,1.3,0.0
2024-12-14 01:00:00,4.9,0.0
2024-12-14 02:00:00,5.4,0.0
2024-12-14 03:00:00,5.5,0.0
2024-12-14 04:00:00,4.6,0.0
2024-12-14 05:00:00,3.8,0.0
2024-12-14 06:00:00,3.0,0.0
2024-12-14 07:00:00,3.0,7.0
2024-12-14 08:00:00,4.8,93.0
2024-12-14 09:00:00,4.1,199.0
2024-12-14 10:00:00,2.6,252.0
2024-12-14 11:00:00,2.4,275.0
2024-12-14 12:00:00,4.4,246.0
2024-12-14 13:00:00,5.5,136.0
2024-12-14 14:00:00,6.4,131.0
2024-12-14 15:00:00,5.7,86.0
2024-12-14 16:00:00,4.2,10.0
2024-12-14 17:00:00,3.7,0.0
2024-12-14 18:00:00,4.8,0.0
2024-12-14 19:00:00,4.8,0.0
2024-12-14 20:00:00,2.9,0.0
2024-12-14 21:00:00,1.6,0.0
2024-12-14 22:00:00,3.4,0.0
2024-12-14 23:00:00,2.7,0.0
2024-12-15 00:00:00,1.2,0.0
2024-12-15 01:00:00,5.4,0.0
2024-12-15 02:00:00,4.1,0.0
2024-12-15 03:00:00,4.7,0.0
2024-12-15 04:00:00,5.2,0.0
2024-12-15 05:00:00,4.2,0.0
2024-12-15 06:00:00,4.3,0.0
2024-12-15 07:00:00,3.4,5.0
2024-12-15 08:00:00,5.9,96.0
2024-12-15 09:00:00,7.1,216.0
2024-12-15 10:00:00,5.8,321.0
2024-12-15 11:00:00,5.3,383.0
2024-12-15 12:00:00,6.8,392.0
2024-12-15 13:00:00,10.3,335.0
2024-12-15 14:00:00,9.6,238.0
2024-12-15 15:00:00,12.2,120.0
2024-12-15 16:00:00,12.6,14.0
2024-12-15 17:00:00,7.2,0.0
2024-12-15 18:00:00,6.0,0.0
2024-12-15 19:00:00,6.1,0.0
2024-12-15 20:00:00,5.5,0.0
2024-12-15 21:00:00,5.3,0.0
2024-12-15 22:00:00,5.6,0.0
2024-12-15 23:00:00,6.2,0.0
2024-12-16 00:00:00,7.2,0.0
2024-12-16 01:00:00,7.4,0.0
2024-12-16 02:00:00,7.3,0.0
2024-12-16 03:00:00,8.0,0.0
2024-12-16 04:00:00,7.4,0.0
2024-12-16 05:00:00,5.6,0.0
2024-12-16 06:00:00,4.4,0.0
2024-12-16 07:00:00,4.7,6.0
2024-12-16 08:00:00,7.5,100.0
2024-12-16 09:00:00,5.2,232.0
2024-12-16 10:00:00,3.2,336.0
2024-12-16 11:00:00,4.3,393.0
2024-12-16 12:00:00,4.0,397.0
2024-12-16 13:00:00,2.5,346.0
2024-12-16 14:00:00,2.2,249.0
2024-12-16 15:00:00,1.0,122.0
2024-12-16 16:00:00,1.2,14.0
2024-12-16 17:00:00,1.9,0.0
2024-12-16 18:00:00,2.4,0.0
2024-12-16 19:00:00,0.9,0.0
2024-12-16 20:00:00,1.8,0.0
2024-12-16 21:00:00,4.5,0.0
2024-12-16 22:00:00,3.5,0.0
2024-12-16 23:00:00,3.8,0.0
2024-12-17 00:00:00,4.2,0.0
2024-12-17 01:00:00,4.1,0.0
2024-12-17 02:00:00,4.5,0.0
2024-12-17 03:00:00,5.1,0.0
2024-12-17 04:00:00,5.4,0.0
2024-12-17 05:00:00,3.8,0.0
2024-12-17 06:00:00,3.9,0.0
2024-12-17 07:00:00,4.9,6.0
2024-12-17 08:00:00,6.7,98.0
2024-12-17 09:00:00,3.8,230.0
2024-12-17 10:00:00,2.3,335.0
2024-12-17 11:00:00,1.4,394.0
2024-12-17 12:00:00,1.2,399.0
2024-12-17 13:00:00,1.4,350.0
2024-12-17 14:00:00,3.6,254.0
2024-12-17 15:00:00,4.0,125.0
2024-12-17 16:00:00,4.3,15.0
2024-12-17 17:00:00,2.2,0.0
2024-12-17 18:00:00,1.1,0.0
2024-12-17 19:00:00,1.8,0.0
2024-12-17 20:00:00,2.4,0.0
2024-12-17 21:00:00,4.1,0.0
2024-12-17 22:00:00,5.1,0.0
2024-12-17 23:00:00,3.3,0.0
2024-12-18 00:00:00,4.4,0.0
2024-12-18 01:00:00,4.7,0.0
2024-12-18 02:00:00,4.5,0.0
2024-12-18 03:00:00,4.5,0.0
2024-12-18 04:00:00,4.4,0.0
2024-12-18 05:00:00,4.0,0.0
2024-12-18 06:00:00,3.8,0.0
2024-12-18 07:00:00,3.6,5.0
2024-12-18 08:00:00,3.9,86.0
2024-12-18 09:00:00,2.9,213.0
2024-12-18 10:00:00,2.9,240.0
2024-12-18 11:00:00,3.4,351.0
2024-12-18 12:00:00,3.8,337.0
2024-12-18 13:00:00,2.1,339.0
2024-12-18 14:00:00,3.6,229.0
2024-12-18 15:00:00,5.5,110.0
2024-12-18 16:00:00,5.6,13.0
2024-12-18 17:00:00,1.9,0.0
2024-12-18 18:00:00,0.3,0.0
2024-12-18 19:00:00,2.5,0.0
2024-12-18 20:00:00,3.5,0.0
2024-12-18 21:00:00,2.6,0.0
2024-12-18 22:00:00,5.1,0.0
2024-12-18 23:00:00,4.6,0.0
2024-12-19 00:00:00,1.7,0.0
2024-12-19 01:00:00,2.9,0.0
2024-12-19 02:00:00,3.4,0.0
2024-12-19 03:00:00,3.5,0.0
2024-12-19 04:00:00,3.9,0.0
2024-12-19 05:00:00,2.6,0.0
2024-12-19 06:00:00,4.5,0.0
2024-12-19 07:00:00,5.1,5.0
2024-12-19 08:00:00,6.5,84.0
2024-12-19 09:00:00,3.2,207.0
2024-12-19 10:00:00,1.1,328.0
2024-12-19 11:00:00,3.2,342.0
2024-12-19 12:00:00,5.2,235.0
2024-12-19 13:00:00,6.7,182.0
2024-12-19 14:00:00,8.9,117.0
2024-12-19 15:00:00,10.7,44.0
2024-12-19 16:00:00,11.7,5.0
2024-12-19 17:00:00,13.3,0.0
2024-12-19 18:00:00,13.0,0.0
2024-12-19 19:00:00,12.0,0.0
2024-12-19 20:00:00,13.6,0.0
2024-12-19 21:00:00,15.2,0.0
2024-12-19 22:00:00,18.0,0.0
2024-12-19 23:00:00,15.1,0.0
2024-12-20 00:00:00,16.3,0.0
2024-12-20 01:00:00,19.6,0.0
2024-12-20 02:00:00,16.4,0.0
2024-12-20 03:00:00,17.2,0.0
2024-12-20 04:00:00,19.0,0.0
2024-12-20 05:00:00,13.5,0.0
2024-12-20 06:00:00,15.9,0.0
2024-12-20 07:00:00,13.5,5.0
2024-12-20 08:00:00,14.9,88.0
2024-12-20 09:00:00,16.0,203.0
2024-12-20 10:00:00,14.3,249.0
2024-12-20 11:00:00,12.8,255.0
2024-12-20 12:00:00,10.3,139.0
2024-12-20 13:00:00,8.8,134.0
2024-12-20 14:00:00,9.8,173.0
2024-12-20 15:00:00,11.8,111.0
2024-12-20 16:00:00,23.2,16.0
2024-12-20 17:00:00,23.3,0.0
2024-12-20 18:00:00,21.1,0.0
2024-12-20 19:00:00,26.7,0.0
2024-12-20 20:00:00,28.5,0.0
2024-12-20 21:00:00,25.4,0.0
2024-12-20 22:00:00,19.8,0.0
2024-12-20 23:00:00,19.9,0.0
2024-12-21 00:00:00,25.1,0.0
2024-12-21 01:00:00,21.2,0.0
2024-12-21 02:00:00,16.9,0.0
2024-12-21 03:00:00,18.4,0.0
2024-12-21 04:00:00,17.7,0.0
2024-12-21 05:00:00,15.8,0.0
2024-12-21 06:00:00,12.8,0.0
2024-12-21 07:00:00,11.7,5.0
2024-12-21 08:00:00,10.9,92.0
2024-12-21 09:00:00,7.9,227.0
2024-12-21 10:00:00,9.5,336.0
2024-12-21 11:00:00,11.5,396.0
2024-12-21 12:00:00,12.2,405.0
2024-12-21 13:00:00,15.0,350.0
2024-12-21 14:00:00,14.1,262.0
2024-12-21 15:00:00,14.3,132.0
2024-12-21 16:00:00,13.9,17.0
2024-12-21 17:00:00,13.4,0.0
2024-12-21 18:00:00,11.4,0.0
2024-12-21 19:00:00,7.4,0.0
2024-12-21 20:00:00,4.8,0.0
2024-12-21 21:00:00,4.4,0.0
2024-12-21 22:00:00,3.7,0.0
2024-12-21 23:00:00,3.3,0.0
2024-12-22 00:00:00,2.9,0.0
2024-12-22 01:00:00,3.3,0.0
2024-12-22 02:00:00,3.9,0.0
2024-12-22 03:00:00,3.2,0.0
2024-12-22 04:00:00,4.0,0.0
2024-12-22 05:00:00,3.9,0.0
2024-12-22 06:00:00,3.2,0.0
2024-12-22 07:00:00,5.8,4.0
2024-12-22 08:00:00,7.0,90.0
2024-12-22 09:00:00,6.3,161.0
2024-12-22 10:00:00,5.1,294.0
2024-12-22 11:00:00,4.3,331.0
2024-12-22 12:00:00,14.3,217.0
2024-12-22 13:00:00,15.9,115.0
2024-12-22 14:00:00,16.3,102.0
2024-12-22 15:00:00,20.1,31.0
2024-12-22 16:00:00,13.8,4.0
2024-12-22 17:00:00,11.0,0.0
2024-12-22 18:00:00,13.0,0.0
2024-12-22 19:00:00,19.0,0.0
2024-12-22 20:00:00,23.4,0.0
2024-12-22 21:00:00,24.1,0.0
2024-12-22 22:00:00,24.8,0.0
2024-12-22 23:00:00,18.4,0.0
2024-12-23 00:00:00,17.0,0.0
2024-12-23 01:00:00,7.6,0.0
2024-12-23 02:00:00,7.3,0.0
2024-12-23 03:00:00,16.1,0.0
2024-12-23 04:00:00,20.7,0.0
2024-12-23 05:00:00,27.4,0.0
2024-12-23 06:00:00,25.2,0.0
2024-12-23 07:00:00,23.8,2.0
2024-12-23 08:00:00,25.6,66.0
2024-12-23 09:00:00,28.0,219.0
2024-12-23 10:00:00,27.0,232.0
2024-12-23 11:00:00,26.7,348.0
2024-12-23 12:00:00,23.7,174.0
2024-12-23 13:00:00,27.3,295.0
2024-12-23 14:00:00,31.0,213.0
2024-12-23 15:00:00,28.0,87.0
2024-12-23 16:00:00,19.8,15.0
2024-12-23 17:00:00,17.7,0.0
2024-12-23 18:00:00,16.2,0.0
2024-12-23 19:00:00,21.3,0.0
2024-12-23 20:00:00,21.5,0.0
2024-12-23 21:00:00,23.3,0.0
2024-12-23 22:00:00,25.8,0.0
2024-12-23 23:00:00,26.2,0.0
2024-12-24 00:00:00,23.6,0.0
2024-12-24 01:00:00,22.5,0.0
2024-12-24 02:00:00,20.7,0.0
2024-12-24 03:00:00,21.7,0.0
2024-12-24 04:00:00,25.1,0.0
2024-12-24 05:00:00,27.2,0.0
2024-12-24 06:00:00,25.8,0.0
2024-12-24 07:00:00,25.6,3.0
2024-12-24 08:00:00,23.0,68.0
2024-12-24 09:00:00,22.3,176.0
2024-12-24 10:00:00,25.9,307.0
2024-12-24 11:00:00,26.9,367.0
2024-12-24 12:00:00,27.2,336.0
2024-12-24 13:00:00,20.9,216.0
2024-12-24 14:00:00,20.4,198.0
2024-12-24 15:00:00,24.3,74.0
2024-12-24 16:00:00,22.7,15.0
2024-12-24 17:00:00,19.7,0.0
2024-12-24 18:00:00,19.7,0.0
2024-12-24 19:00:00,19.3,0.0
2024-12-24 20:00:00,20.7,0.0
2024-12-24 21:00:00,22.0,0.0
2024-12-24 22:00:00,21.8,0.0
2024-12-24 23:00:00,21.2,0.0
2024-12-25 00:00:00,20.2,0.0
2024-12-25 01:00:00,20.3,0.0
2024-12-25 02:00:00,14.9,0.0
2024-12-25 03:00:00,11.0,0.0
2024-12-25 04:00:00,11.2,0.0
2024-12-25 05:00:00,13.0,0.0
2024-12-25 06:00:00,15.5,0.0
2024-12-25 07:00:00,14.4,4.0
2024-12-25 08:00:00,13.9,86.0
2024-12-25 09:00:00,12.0,219.0
2024-12-25 10:00:00,13.5,333.0
2024-12-25 11:00:00,19.5,380.0
2024-12-25 12:00:00,21.5,381.0
2024-12-25 13:00:00,21.8,357.0
2024-12-25 14:00:00,22.5,249.0
2024-12-25 15:00:00,23.8,135.0
2024-12-25 16:00:00,22.9,19.0
2024-12-25 17:00:00,20.9,0.0
2024-12-25 18:00:00,20.2,0.0
2024-12-25 19:00:00,21.7,0.0
2024-12-25 20:00:00,22.1,0.0
2024-12-25 21:00:00,21.6,0.0
2024-12-25 22:00:00,20.5,0.0
2024-12-25 23:00:00,21.0,0.0
2024-12-26 00:00:00,22.7,0.0
2024-12-26 01:00:00,22.1,0.0
2024-12-26 02:00:00,25.0,0.0
2024-12-26 03:00:00,25.8,0.0
2024-12-26 04:00:00,21.4,0.0
2024-12-26 05:00:00,21.6,0.0
2024-12-26 06:00:00,21.6,0.0
2024-12-26 07:00:00,20.0,3.0
2024-12-26 08:00:00,17.1,71.0
2024-12-26 09:00:00,16.9,196.0
2024-12-26 10:00:00,18.4,316.0
2024-12-26 11:00:00,20.9,363.0
2024-12-26 12:00:00,20.2,326.0
2024-12-26 13:00:00,14.5,353.0
2024-12-26 14:00:00,14.3,247.0
2024-12-26 15:00:00,15.6,131.0
2024-12-26 16:00:00,16.3,19.0
2024-12-26 17:00:00,15.1,0.0
2024-12-26 18:00:00,13.4,0.0
2024-12-26 19:00:00,12.2,0.0
2024-12-26 20:00:00,10.7,0.0
2024-12-26 21:00:00,9.7,0.0
2024-12-26 22:00:00,8.9,0.0
2024-12-26 23:00:00,8.2,0.0
2024-12-27 00:00:00,8.5,0.0
2024-12-27 01:00:00,10.3,0.0
2024-12-27 02:00:00,10.8,0.0
2024-12-27 03:00:00,8.7,0.0
2024-12-27 04:00:00,7.8,0.0
2024-12-27 05:00:00,8.3,0.0
2024-12-27 06:00:00,8.0,0.0
2024-12-27 07:00:00,7.0,4.0
2024-12-27 08:00:00,8.3,88.0
2024-12-27 09:00:00,8.2,221.0
2024-12-27 10:00:00,7.7,328.0
2024-12-27 11:00:00,7.6,391.0
2024-12-27 12:00:00,6.3,400.0
2024-12-27 13:00:00,5.7,355.0
2024-12-27 14:00:00,4.8,262.0
2024-12-27 15:00:00,3.7,135.0
2024-12-27 16:00:00,4.3,20.0
2024-12-27 17:00:00,5.0,0.0
2024-12-27 18:00:00,4.6,0.0
2024-12-27 19:00:00,5.0,0.0
2024-12-27 20:00:00,6.4,0.0
2024-12-27 21:00:00,6.3,0.0
2024-12-27 22:00:00,6.3,0.0
2024-12-27 23:00:00,6.0,0.0
2024-12-28 00:00:00,5.2,0.0
2024-12-28 01:00:00,5.2,0.0
2024-12-28 02:00:00,5.2,0.0
2024-12-28 03:00:00,5.3,0.0
2024-12-28 04:00:00,4.8,0.0
2024-12-28 05:00:00,4.1,0.0
2024-12-28 06:00:00,4.2,0.0
2024-12-28 07:00:00,5.1,4.0
2024-12-28 08:00:00,6.1,89.0
2024-12-28 09:00:00,5.1,222.0
2024-12-28 10:00:00,5.1,331.0
2024-12-28 11:00:00,5.4,394.0
2024-12-28 12:00:00,4.2,404.0
2024-12-28 13:00:00,3.6,358.0
2024-12-28 14:00:00,2.7,265.0
2024-12-28 15:00:00,3.4,138.0
2024-12-28 16:00:00,3.9,21.0
2024-12-28 17:00:00,2.3,0.0
2024-12-28 18:00:00,1.5,0.0
2024-12-28 19:00:00,2.3,0.0
2024-12-28 20:00:00,3.3,0.0
2024-12-28 21:00:00,4.4,0.0
2024-12-28 22:00:00,4.3,0.0
2024-12-28 23:00:00,4.2,0.0
2024-12-29 00:00:00,4.1,0.0
2024-12-29 01:00:00,4.5,0.0
2024-12-29 02:00:00,5.6,0.0
2024-12-29 03:00:00,5.6,0.0
2024-12-29 04:00:00,6.1,0.0
2024-12-29 05:00:00,6.5,0.0
2024-12-29 06:00:00,6.4,0.0
2024-12-29 07:00:00,6.5,3.0
2024-12-29 08:00:00,7.1,89.0
2024-12-29 09:00:00,6.6,224.0
2024-12-29 10:00:00,5.2,332.0
2024-12-29 11:00:00,4.5,395.0
2024-12-29 12:00:00,3.2,406.0
2024-12-29 13:00:00,2.1,362.0
2024-12-29 14:00:00,1.5,269.0
2024-12-29 15:00:00,1.5,141.0
2024-12-29 16:00:00,1.6,23.0
2024-12-29 17:00:00,0.8,0.0
2024-12-29 18:00:00,1.3,0.0
2024-12-29 19:00:00,1.9,0.0
2024-12-29 20:00:00,3.0,0.0
2024-12-29 21:00:00,3.6,0.0
2024-12-29 22:00:00,4.3,0.0
2024-12-29 23:00:00,4.8,0.0
2024-12-30 00:00:00,4.8,0.0
2024-12-30 01:00:00,4.8,0.0
2024-12-30 02:00:00,5.5,0.0
2024-12-30 03:00:00,5.8,0.0
2024-12-30 04:00:00,5.6,0.0
2024-12-30 05:00:00,5.8,0.0
2024-12-30 06:00:00,6.2,0.0
2024-12-30 07:00:00,6.2,3.0
2024-12-30 08:00:00,6.7,88.0
2024-12-30 09:00:00,6.2,223.0
2024-12-30 10:00:00,4.5,331.0
2024-12-30 11:00:00,3.6,394.0
2024-12-30 12:00:00,2.2,405.0
2024-12-30 13:00:00,1.0,361.0
2024-12-30 14:00:00,0.7,269.0
2024-12-30 15:00:00,0.9,142.0
2024-12-30 16:00:00,1.6,23.0
2024-12-30 17:00:00,1.5,0.0
2024-12-30 18:00:00,1.2,0.0
2024-12-30 19:00:00,1.8,0.0
2024-12-30 20:00:00,2.0,0.0
2024-12-30 21:00:00,2.1,0.0
2024-12-30 22:00:00,2.7,0.0
2024-12-30 23:00:00,3.8,0.0
2024-12-31 00:00:00,4.5,0.0
2024-12-31 01:00:00,4.5,0.0
2024-12-31 02:00:00,6.3,0.0
2024-12-31 03:00:00,6.9,0.0
2024-12-31 04:00:00,6.6,0.0
2024-12-31 05:00:00,6.3,0.0
2024-12-31 06:00:00,6.5,0.0
2024-12-31 07:00:00,6.7,3.0
2024-12-31 08:00:00,6.8,72.0
2024-12-31 09:00:00,6.7,181.0
2024-12-31 10:00:00,5.9,289.0
2024-12-31 11:00:00,5.6,337.0
2024-12-31 12:00:00,5.4,361.0
2024-12-31 13:00:00,3.8,329.0
2024-12-31 14:00:00,3.4,243.0
2024-12-31 15:00:00,1.8,132.0
2024-12-31 16:00:00,2.8,23.0
2024-12-31 17:00:00,2.8,0.0
2024-12-31 18:00:00,2.1,0.0
2024-12-31 19:00:00,2.8,0.0
2024-12-31 20:00:00,3.8,0.0
2024-12-31 21:00:00,4.1,0.0
2024-12-31 22:00:00,4.5,0.0
2024-12-31 23:00:00,4.4,0.0
2025-01-01 00:00:00,4.9,0.0
2025-01-01 01:00:00,4.2,0.0
2025-01-01 02:00:00,4.6,0.0
2025-01-01 03:00:00,5.6,0.0
2025-01-01 04:00:00,6.7,0.0
2025-01-01 05:00:00,6.7,0.0
2025-01-01 06:00:00,5.5,0.0
2025-01-01 07:00:00,4.3,3.0
2025-01-01 08:00:00,4.7,66.0
2025-01-01 09:00:00,4.6,171.0
2025-01-01 10:00:00,5.1,280.0
2025-01-01 11:00:00,5.1,345.0
2025-01-01 12:00:00,4.2,393.0
2025-01-01 13:00:00,1.5,360.0
2025-01-01 14:00:00,1.8,272.0
2025-01-01 15:00:00,2.3,145.0
2025-01-01 16:00:00,2.0,26.0
2025-01-01 17:00:00,1.8,0.0
2025-01-01 18:00:00,2.2,0.0
2025-01-01 19:00:00,3.1,0.0
2025-01-01 20:00:00,2.9,0.0
2025-01-01 21:00:00,2.6,0.0
2025-01-01 22:00:00,3.3,0.0
2025-01-01 23:00:00,4.1,0.0
2025-01-02 00:00:00,4.8,0.0
2025-01-02 01:00:00,5.0,0.0
2025-01-02 02:00:00,6.6,0.0
2025-01-02 03:00:00,7.2,0.0
2025-01-02 04:00:00,7.6,0.0
2025-01-02 05:00:00,7.4,0.0
2025-01-02 06:00:00,6.9,0.0
2025-01-02 07:00:00,6.7,3.0
2025-01-02 08:00:00,6.3,74.0
2025-01-02 09:00:00,5.8,171.0
2025-01-02 10:00:00,5.4,311.0
2025-01-02 11:00:00,4.2,378.0
2025-01-02 12:00:00,1.6,388.0
2025-01-02 13:00:00,0.7,346.0
2025-01-02 14:00:00,3.6,220.0
2025-01-02 15:00:00,5.8,115.0
2025-01-02 16:00:00,4.5,19.0
2025-01-02 17:00:00,5.2,0.0
2025-01-02 18:00:00,9.1,0.0
2025-01-02 19:00:00,9.5,0.0
2025-01-02 20:00:00,8.6,0.0
2025-01-02 21:00:00,8.8,0.0
2025-01-02 22:00:00,8.8,0.0
2025-01-02 23:00:00,12.5,0.0
2025-01-03 00:00:00,11.5,0.0
2025-01-03 01:00:00,13.5,0.0
2025-01-03 02:00:00,12.2,0.0
2025-01-03 03:00:00,13.0,0.0
2025-01-03 04:00:00,11.5,0.0
2025-01-03 05:00:00,13.2,0.0
2025-01-03 06:00:00,13.2,0.0
2025-01-03 07:00:00,15.1,1.0
2025-01-03 08:00:00,16.2,19.0
2025-01-03 09:00:00,16.1,30.0
2025-01-03 10:00:00,16.3,51.0
2025-01-03 11:00:00,16.9,83.0
2025-01-03 12:00:00,17.8,176.0
2025-01-03 13:00:00,17.1,115.0
2025-01-03 14:00:00,17.7,113.0
2025-01-03 15:00:00,14.6,47.0
2025-01-03 16:00:00,13.1,6.0
2025-01-03 17:00:00,5.0,0.0
2025-01-03 18:00:00,2.3,0.0
2025-01-03 19:00:00,0.4,0.0
2025-01-03 20:00:00,2.1,0.0
2025-01-03 21:00:00,0.4,0.0
2025-01-03 22:00:00,1.0,0.0
2025-01-03 23:00:00,5.1,0.0
2025-01-04 00:00:00,8.8,0.0
2025-01-04 01:00:00,6.4,0.0
2025-01-04 02:00:00,4.9,0.0
2025-01-04 03:00:00,5.3,0.0
2025-01-04 04:00:00,5.5,0.0
2025-01-04 05:00:00,7.2,0.0
2025-01-04 06:00:00,7.8,0.0
2025-01-04 07:00:00,7.0,3.0
2025-01-04 08:00:00,8.0,85.0
2025-01-04 09:00:00,6.8,210.0
2025-01-04 10:00:00,7.7,300.0
2025-01-04 11:00:00,7.2,340.0
2025-01-04 12:00:00,6.0,302.0
2025-01-04 13:00:00,3.8,326.0
2025-01-04 14:00:00,2.2,236.0
2025-01-04 15:00:00,0.8,138.0
2025-01-04 16:00:00,0.9,29.0
2025-01-04 17:00:00,1.0,0.0
2025-01-04 18:00:00,2.6,0.0
2025-01-04 19:00:00,4.1,0.0
2025-01-04 20:00:00,4.4,0.0
2025-01-04 21:00:00,4.6,0.0
2025-01-04 22:00:00,2.5,0.0
2025-01-04 23:00:00,2.1,0.0
2025-01-05 00:00:00,3.6,0.0
2025-01-05 01:00:00,3.9,0.0
2025-01-05 02:00:00,4.2,0.0
2025-01-05 03:00:00,5.8,0.0
2025-01-05 04:00:00,6.8,0.0
2025-01-05 05:00:00,5.5,0.0
2025-01-05 06:00:00,4.3,0.0
2025-01-05 07:00:00,4.7,1.0
2025-01-05 08:00:00,4.6,31.0
2025-01-05 09:00:00,5.2,87.0
2025-01-05 10:00:00,4.0,184.0
2025-01-05 11:00:00,6.1,146.0
2025-01-05 12:00:00,7.8,112.0
2025-01-05 13:00:00,9.6,87.0
2025-01-05 14:00:00,10.2,69.0
2025-01-05 15:00:00,9.4,56.0
2025-01-05 16:00:00,8.8,9.0
2025-01-05 17:00:00,9.0,0.0
2025-01-05 18:00:00,9.3,0.0
2025-01-05 19:00:00,10.7,0.0
2025-01-05 20:00:00,11.5,0.0
2025-01-05 21:00:00,12.6,0.0
2025-01-05 22:00:00,12.4,0.0
2025-01-05 23:00:00,12.5,0.0
2025-01-06 00:00:00,12.5,0.0
2025-01-06 01:00:00,12.0,0.0
2025-01-06 02:00:00,12.5,0.0
2025-01-06 03:00:00,12.1,0.0
2025-01-06 04:00:00,11.8,0.0
2025-01-06 05:00:00,10.9,0.0
2025-01-06 06:00:00,11.7,0.0
2025-01-06 07:00:00,11.7,3.0
2025-01-06 08:00:00,11.5,56.0
2025-01-06 09:00:00,12.0,141.0
2025-01-06 10:00:00,11.3,215.0
2025-01-06 11:00:00,16.1,247.0
2025-01-06 12:00:00,17.0,228.0
2025-01-06 13:00:00,15.3,178.0
2025-01-06 14:00:00,15.1,123.0
2025-01-06 15:00:00,12.9,54.0
2025-01-06 16:00:00,12.2,13.0
2025-01-06 17:00:00,13.3,0.0
2025-01-06 18:00:00,12.3,0.0
2025-01-06 19:00:00,12.3,0.0
2025-01-06 20:00:00,11.9,0.0
2025-01-06 21:00:00,15.3,0.0
2025-01-06 22:00:00,15.2,0.0
2025-01-06 23:00:00,14.5,0.0
2025-01-07 00:00:00,15.5,0.0
2025-01-07 01:00:00,15.1,0.0
2025-01-07 02:00:00,15.9,0.0
2025-01-07 03:00:00,15.2,0.0
2025-01-07 04:00:00,13.8,0.0
2025-01-07 05:00:00,12.0,0.0
2025-01-07 06:00:00,11.9,0.0
2025-01-07 07:00:00,12.1,3.0
2025-01-07 08:00:00,11.9,75.0
2025-01-07 09:00:00,11.2,142.0
2025-01-07 10:00:00,12.4,244.0
2025-01-07 11:00:00,14.4,382.0
2025-01-07 12:00:00,15.5,354.0
2025-01-07 13:00:00,12.8,253.0
2025-01-07 14:00:00,9.7,206.0
2025-01-07 15:00:00,10.8,134.0
2025-01-07 16:00:00,8.1,29.0
2025-01-07 17:00:00,7.2,0.0
2025-01-07 18:00:00,6.5,0.0
2025-01-07 19:00:00,3.6,0.0
2025-01-07 20:00:00,2.8,0.0
2025-01-07 21:00:00,2.3,0.0
2025-01-07 22:00:00,3.1,0.0
2025-01-07 23:00:00,4.8,0.0
2025-01-08 00:00:00,3.6,0.0
2025-01-08 01:00:00,4.4,0.0
2025-01-08 02:00:00,3.3,0.0
2025-01-08 03:00:00,2.5,0.0
2025-01-08 04:00:00,3.0,0.0
2025-01-08 05:00:00,2.4,0.0
2025-01-08 06:00:00,5.2,0.0
2025-01-08 07:00:00,5.3,3.0
2025-01-08 08:00:00,8.2,77.0
2025-01-08 09:00:00,7.4,193.0
2025-01-08 10:00:00,7.5,301.0
2025-01-08 11:00:00,12.9,318.0
2025-01-08 12:00:00,12.9,294.0
2025-01-08 13:00:00,10.8,216.0
2025-01-08 14:00:00,9.6,175.0
2025-01-08 15:00:00,8.0,101.0
2025-01-08 16:00:00,5.0,25.0
2025-01-08 17:00:00,7.9,0.0
2025-01-08 18:00:00,8.8,0.0
2025-01-08 19:00:00,9.2,0.0
2025-01-08 20:00:00,9.0,0.0
2025-01-08 21:00:00,8.6,0.0
2025-01-08 22:00:00,10.1,0.0
2025-01-08 23:00:00,10.4,0.0
2025-01-09 00:00:00,10.7,0.0
2025-01-09 01:00:00,10.1,0.0
2025-01-09 02:00:00,6.7,0.0
2025-01-09 03:00:00,7.5,0.0
2025-01-09 04:00:00,10.7,0.0
2025-01-09 05:00:00,11.7,0.0
2025-01-09 06:00:00,10.6,0.0
2025-01-09 07:00:00,10.1,3.0
2025-01-09 08:00:00,12.8,39.0
2025-01-09 09:00:00,14.6,50.0
2025-01-09 10:00:00,15.3,141.0
2025-01-09 11:00:00,18.2,308.0
2025-01-09 12:00:00,14.9,279.0
2025-01-09 13:00:00,13.9,232.0
2025-01-09 14:00:00,12.8,232.0
2025-01-09 15:00:00,10.4,138.0
2025-01-09 16:00:00,9.6,29.0
2025-01-09 17:00:00,9.4,0.0
2025-01-09 18:00:00,9.3,0.0
2025-01-09 19:00:00,7.5,0.0
2025-01-09 20:00:00,8.0,0.0
2025-01-09 21:00:00,5.5,0.0
2025-01-09 22:00:00,5.6,0.0
2025-01-09 23:00:00,8.4,0.0
2025-01-10 00:00:00,6.9,0.0
2025-01-10 01:00:00,10.9,0.0
2025-01-10 02:00:00,13.6,0.0
2025-01-10 03:00:00,15.0,0.0
2025-01-10 04:00:00,12.8,0.0
2025-01-10 05:00:00,12.6,0.0
2025-01-10 06:00:00,12.1,0.0
2025-01-10 07:00:00,10.4,3.0
2025-01-10 08:00:00,9.3,48.0
2025-01-10 09:00:00,7.0,92.0
2025-01-10 10:00:00,6.9,150.0
2025-01-10 11:00:00,9.0,202.0
2025-01-10 12:00:00,7.6,262.0
2025-01-10 13:00:00,8.9,333.0
2025-01-10 14:00:00,8.5,271.0
2025-01-10 15:00:00,7.4,157.0
2025-01-10 16:00:00,9.6,36.0
2025-01-10 17:00:00,7.2,0.0
2025-01-10 18:00:00,2.8,0.0
2025-01-10 19:00:00,1.3,0.0
2025-01-10 20:00:00,2.3,0.0
2025-01-10 21:00:00,2.5,0.0
2025-01-10 22:00:00,3.4,0.0
2025-01-10 23:00:00,1.3,0.0
2025-01-11 00:00:00,3.8,0.0
2025-01-11 01:00:00,2.1,0.0
2025-01-11 02:00:00,3.7,0.0
2025-01-11 03:00:00,4.0,0.0
2025-01-11 04:00:00,2.1,0.0
2025-01-11 05:00:00,3.9,0.0
2025-01-11 06:00:00,4.0,0.0
2025-01-11 07:00:00,4.3,2.0
2025-01-11 08:00:00,2.4,20.0
2025-01-11 09:00:00,3.1,65.0
2025-01-11 10:00:00,3.2,178.0
2025-01-11 11:00:00,3.3,274.0
2025-01-11 12:00:00,1.7,356.0
2025-01-11 13:00:00,9.1,180.0
2025-01-11 14:00:00,7.6,48.0
2025-01-11 15:00:00,7.6,22.0
2025-01-11 16:00:00,9.3,8.0
2025-01-11 17:00:00,11.2,0.0
2025-01-11 18:00:00,10.5,0.0
2025-01-11 19:00:00,12.9,0.0
2025-01-11 20:00:00,12.6,0.0
2025-01-11 21:00:00,12.8,0.0
2025-01-11 22:00:00,12.1,0.0
2025-01-11 23:00:00,9.8,0.0
2025-01-12 00:00:00,8.7,0.0
2025-01-12 01:00:00,8.9,0.0
2025-01-12 02:00:00,8.2,0.0
2025-01-12 03:00:00,8.7,0.0
2025-01-12 04:00:00,12.0,0.0
2025-01-12 05:00:00,13.4,0.0
2025-01-12 06:00:00,12.4,0.0
2025-01-12 07:00:00,12.0,2.0
2025-01-12 08:00:00,13.9,43.0
2025-01-12 09:00:00,15.8,110.0
2025-01-12 10:00:00,19.8,171.0
2025-01-12 11:00:00,20.9,213.0
2025-01-12 12:00:00,21.3,232.0
2025-01-12 13:00:00,25.2,312.0
2025-01-12 14:00:00,26.2,242.0
2025-01-12 15:00:00,25.6,140.0
2025-01-12 16:00:00,25.4,37.0
2025-01-12 17:00:00,25.0,0.0
2025-01-12 18:00:00,22.8,0.0
2025-01-12 19:00:00,24.7,0.0
2025-01-12 20:00:00,23.6,0.0
2025-01-12 21:00:00,20.4,0.0
2025-01-12 22:00:00,20.7,0.0
2025-01-12 23:00:00,19.8,0.0
2025-01-13 00:00:00,21.3,0.0
2025-01-13 01:00:00,23.8,0.0
2025-01-13 02:00:00,21.7,0.0
2025-01-13 03:00:00,20.9,0.0
2025-01-13 04:00:00,21.8,0.0
2025-01-13 05:00:00,21.3,0.0
2025-01-13 06:00:00,20.4,0.0
2025-01-13 07:00:00,20.2,4.0
2025-01-13 08:00:00,19.1,95.0
2025-01-13 09:00:00,19.2,228.0
2025-01-13 10:00:00,20.0,345.0
2025-01-13 11:00:00,15.2,351.0
2025-01-13 12:00:00,17.0,199.0
2025-01-13 13:00:00,23.4,315.0
2025-01-13 14:00:00,20.9,197.0
2025-01-13 15:00:00,19.1,145.0
2025-01-13 16:00:00,17.3,32.0
2025-01-13 17:00:00,16.6,0.0
2025-01-13 18:00:00,17.3,0.0
2025-01-13 19:00:00,17.9,0.0
2025-01-13 20:00:00,16.5,0.0
2025-01-13 21:00:00,15.4,0.0
2025-01-13 22:00:00,16.1,0.0
2025-01-13 23:00:00,16.7,0.0
2025-01-14 00:00:00,16.9,0.0
2025-01-14 01:00:00,13.4,0.0
2025-01-14 02:00:00,17.1,0.0
2025-01-14 03:00:00,18.7,0.0
2025-01-14 04:00:00,18.7,0.0
2025-01-14 05:00:00,19.3,0.0
2025-01-14 06:00:00,17.6,0.0
2025-01-14 07:00:00,16.0,4.0
2025-01-14 08:00:00,15.1,99.0
2025-01-14 09:00:00,12.5,244.0
2025-01-14 10:00:00,13.8,366.0
2025-01-14 11:00:00,13.8,441.0
2025-01-14 12:00:00,11.8,461.0
2025-01-14 13:00:00,10.0,414.0
2025-01-14 14:00:00,10.2,324.0
2025-01-14 15:00:00,12.3,194.0
2025-01-14 16:00:00,12.0,52.0
2025-01-14 17:00:00,10.5,0.0
2025-01-14 18:00:00,10.6,0.0
2025-01-14 19:00:00,11.1,0.0
2025-01-14 20:00:00,10.3,0.0
2025-01-14 21:00:00,8.9,0.0
2025-01-14 22:00:00,8.1,0.0
2025-01-14 23:00:00,7.7,0.0
2025-01-15 00:00:00,7.3,0.0
2025-01-15 01:00:00,8.7,0.0
2025-01-15 02:00:00,7.7,0.0
2025-01-15 03:00:00,6.1,0.0
2025-01-15 04:00:00,6.9,0.0
2025-01-15 05:00:00,5.7,0.0
2025-01-15 06:00:00,6.9,0.0
2025-01-15 07:00:00,5.8,5.0
2025-01-15 08:00:00,5.6,102.0
2025-01-15 09:00:00,6.2,248.0
2025-01-15 10:00:00,6.9,367.0
2025-01-15 11:00:00,6.1,437.0
2025-01-15 12:00:00,4.2,448.0
2025-01-15 13:00:00,5.8,284.0
2025-01-15 14:00:00,6.0,179.0
2025-01-15 15:00:00,4.8,65.0
2025-01-15 16:00:00,5.6,18.0
2025-01-15 17:00:00,5.1,0.0
2025-01-15 18:00:00,3.1,0.0
2025-01-15 19:00:00,4.8,0.0
2025-01-15 20:00:00,5.3,0.0
2025-01-15 21:00:00,6.5,0.0
2025-01-15 22:00:00,6.0,0.0
2025-01-15 23:00:00,5.3,0.0
2025-01-16 00:00:00,5.9,0.0
2025-01-16 01:00:00,8.2,0.0
2025-01-16 02:00:00,6.7,0.0
2025-01-16 03:00:00,6.5,0.0
2025-01-16 04:00:00,7.2,0.0
2025-01-16 05:00:00,6.2,0.0
2025-01-16 06:00:00,4.9,0.0
2025-01-16 07:00:00,5.9,5.0
2025-01-16 08:00:00,6.0,84.0
2025-01-16 09:00:00,5.1,113.0
2025-01-16 10:00:00,4.7,179.0
2025-01-16 11:00:00,6.2,344.0
2025-01-16 12:00:00,7.4,385.0
2025-01-16 13:00:00,6.9,367.0
2025-01-16 14:00:00,5.0,305.0
2025-01-16 15:00:00,3.8,187.0
2025-01-16 16:00:00,8.0,53.0
2025-01-16 17:00:00,7.9,0.0
2025-01-16 18:00:00,5.9,0.0
2025-01-16 19:00:00,5.1,0.0
2025-01-16 20:00:00,5.3,0.0
2025-01-16 21:00:00,5.0,0.0
2025-01-16 22:00:00,4.8,0.0
2025-01-16 23:00:00,6.6,0.0
2025-01-17 00:00:00,7.6,0.0
2025-01-17 01:00:00,6.7,0.0
2025-01-17 02:00:00,7.8,0.0
2025-01-17 03:00:00,7.4,0.0
2025-01-17 04:00:00,6.5,0.0
2025-01-17 05:00:00,7.1,0.0
2025-01-17 06:00:00,6.6,0.0
2025-01-17 07:00:00,8.5,5.0
2025-01-17 08:00:00,11.2,104.0
2025-01-17 09:00:00,7.7,251.0
2025-01-17 10:00:00,8.9,373.0
2025-01-17 11:00:00,10.3,440.0
2025-01-17 12:00:00,10.0,460.0
2025-01-17 13:00:00,10.5,292.0
2025-01-17 14:00:00,8.7,259.0
2025-01-17 15:00:00,9.1,117.0
2025-01-17 16:00:00,9.5,37.0
2025-01-17 17:00:00,12.2,0.0
2025-01-17 18:00:00,12.4,0.0
2025-01-17 19:00:00,12.4,0.0
2025-01-17 20:00:00,10.2,0.0
2025-01-17 21:00:00,11.8,0.0
2025-01-17 22:00:00,13.6,0.0
2025-01-17 23:00:00,11.7,0.0
2025-01-18 00:00:00,9.7,0.0
2025-01-18 01:00:00,8.2,0.0
2025-01-18 02:00:00,7.7,0.0
2025-01-18 03:00:00,9.5,0.0
2025-01-18 04:00:00,8.2,0.0
2025-01-18 05:00:00,15.4,0.0
2025-01-18 06:00:00,12.6,0.0
2025-01-18 07:00:00,13.0,1.0
2025-01-18 08:00:00,12.1,27.0
2025-01-18 09:00:00,11.7,74.0
2025-01-18 10:00:00,10.3,133.0
2025-01-18 11:00:00,9.5,151.0
2025-01-18 12:00:00,9.0,137.0
2025-01-18 13:00:00,10.2,150.0
2025-01-18 14:00:00,10.5,262.0
2025-01-18 15:00:00,10.3,166.0
2025-01-18 16:00:00,11.3,58.0
2025-01-18 17:00:00,9.2,0.0
2025-01-18 18:00:00,5.4,0.0
2025-01-18 19:00:00,5.5,0.0
2025-01-18 20:00:00,4.4,0.0
2025-01-18 21:00:00,6.7,0.0
2025-01-18 22:00:00,7.8,0.0
2025-01-18 23:00:00,6.9,0.0
2025-01-19 00:00:00,7.0,0.0
2025-01-19 01:00:00,7.4,0.0
2025-01-19 02:00:00,7.8,0.0
2025-01-19 03:00:00,7.3,0.0
2025-01-19 04:00:00,4.9,0.0
2025-01-19 05:00:00,6.8,0.0
2025-01-19 06:00:00,7.6,0.0
2025-01-19 07:00:00,7.4,6.0
2025-01-19 08:00:00,8.2,101.0
2025-01-19 09:00:00,7.1,244.0
2025-01-19 10:00:00,7.6,369.0
2025-01-19 11:00:00,5.6,411.0
2025-01-19 12:00:00,11.7,328.0
2025-01-19 13:00:00,8.5,175.0
2025-01-19 14:00:00,4.3,57.0
2025-01-19 15:00:00,6.4,121.0
2025-01-19 16:00:00,3.7,28.0
2025-01-19 17:00:00,5.4,0.0
2025-01-19 18:00:00,3.8,0.0
2025-01-19 19:00:00,5.9,0.0
2025-01-19 20:00:00,5.8,0.0
2025-01-19 21:00:00,5.6,0.0
2025-01-19 22:00:00,5.1,0.0
2025-01-19 23:00:00,3.4,0.0
2025-01-20 00:00:00,3.5,0.0
2025-01-20 01:00:00,7.0,0.0
2025-01-20 02:00:00,6.7,0.0
2025-01-20 03:00:00,3.4,0.0
2025-01-20 04:00:00,4.7,0.0
2025-01-20 05:00:00,5.5,0.0
2025-01-20 06:00:00,5.6,0.0
2025-01-20 07:00:00,5.1,5.0
2025-01-20 08:00:00,5.9,71.0
2025-01-20 09:00:00,4.6,137.0
2025-01-20 10:00:00,1.8,269.0
2025-01-20 11:00:00,7.7,280.0
2025-01-20 12:00:00,11.3,247.0
2025-01-20 13:00:00,2.5,78.0
2025-01-20 14:00:00,2.9,30.0
2025-01-20 15:00:00,6.5,65.0
2025-01-20 16:00:00,6.4,26.0
2025-01-20 17:00:00,3.6,0.0
2025-01-20 18:00:00,1.5,0.0
2025-01-20 19:00:00,1.8,0.0
2025-01-20 20:00:00,1.1,0.0
2025-01-20 21:00:00,1.2,0.0
2025-01-20 22:00:00,2.4,0.0
2025-01-20 23:00:00,3.0,0.0
2025-01-21 00:00:00,2.0,0.0
2025-01-21 01:00:00,3.0,0.0
2025-01-21 02:00:00,4.5,0.0
2025-01-21 03:00:00,1.7,0.0
2025-01-21 04:00:00,1.7,0.0
2025-01-21 05:00:00,2.2,0.0
2025-01-21 06:00:00,0.4,0.0
2025-01-21 07:00:00,2.4,5.0
2025-01-21 08:00:00,6.9,79.0
2025-01-21 09:00:00,2.1,207.0
2025-01-21 10:00:00,3.6,243.0
2025-01-21 11:00:00,10.6,325.0
2025-01-21 12:00:00,10.8,302.0
2025-01-21 13:00:00,11.0,240.0
2025-01-21 14:00:00,7.7,209.0
2025-01-21 15:00:00,7.0,155.0
2025-01-21 16:00:00,5.8,58.0
2025-01-21 17:00:00,5.8,0.0
2025-01-21 18:00:00,3.2,0.0
2025-01-21 19:00:00,1.8,0.0
2025-01-21 20:00:00,2.2,0.0
2025-01-21 21:00:00,2.9,0.0
2025-01-21 22:00:00,3.0,0.0
2025-01-21 23:00:00,1.5,0.0
2025-01-22 00:00:00,4.6,0.0
2025-01-22 01:00:00,5.1,0.0
2025-01-22 02:00:00,4.0,0.0
2025-01-22 03:00:00,3.9,0.0
2025-01-22 04:00:00,5.0,0.0
2025-01-22 05:00:00,4.3,0.0
2025-01-22 06:00:00,5.4,0.0
2025-01-22 07:00:00,5.2,4.0
2025-01-22 08:00:00,5.7,33.0
2025-01-22 09:00:00,5.2,91.0
2025-01-22 10:00:00,6.3,76.0
2025-01-22 11:00:00,8.0,96.0
2025-01-22 12:00:00,8.4,111.0
2025-01-22 13:00:00,8.4,134.0
2025-01-22 14:00:00,8.0,29.0
2025-01-22 15:00:00,8.4,49.0
2025-01-22 16:00:00,7.3,38.0
2025-01-22 17:00:00,6.2,0.0
2025-01-22 18:00:00,10.9,0.0
2025-01-22 19:00:00,10.3,0.0
2025-01-22 20:00:00,10.2,0.0
2025-01-22 21:00:00,9.1,0.0
2025-01-22 22:00:00,6.1,0.0
2025-01-22 23:00:00,4.8,0.0
2025-01-23 00:00:00,5.3,0.0
2025-01-23 01:00:00,6.3,0.0
2025-01-23 02:00:00,6.5,0.0
2025-01-23 03:00:00,6.8,0.0
2025-01-23 04:00:00,7.6,0.0
2025-01-23 05:00:00,7.9,0.0
2025-01-23 06:00:00,10.5,0.0
2025-01-23 07:00:00,8.6,6.0
2025-01-23 08:00:00,9.2,92.0
2025-01-23 09:00:00,11.0,224.0
2025-01-23 10:00:00,10.8,364.0
2025-01-23 11:00:00,14.0,440.0
2025-01-23 12:00:00,14.7,457.0
2025-01-23 13:00:00,14.0,413.0
2025-01-23 14:00:00,13.1,339.0
2025-01-23 15:00:00,10.4,211.0
2025-01-23 16:00:00,7.2,70.0
2025-01-23 17:00:00,6.8,1.0
2025-01-23 18:00:00,5.8,0.0
2025-01-23 19:00:00,5.6,0.0
2025-01-23 20:00:00,5.4,0.0
2025-01-23 21:00:00,3.5,0.0
2025-01-23 22:00:00,1.6,0.0
2025-01-23 23:00:00,1.4,0.0
2025-01-24 00:00:00,1.2,0.0
2025-01-24 01:00:00,0.7,0.0
2025-01-24 02:00:00,2.9,0.0
2025-01-24 03:00:00,6.0,0.0
2025-01-24 04:00:00,5.2,0.0
2025-01-24 05:00:00,2.7,0.0
2025-01-24 06:00:00,4.7,0.0
2025-01-24 07:00:00,2.3,6.0
2025-01-24 08:00:00,2.3,89.0
2025-01-24 09:00:00,1.2,245.0
2025-01-24 10:00:00,0.9,378.0
2025-01-24 11:00:00,3.8,441.0
2025-01-24 12:00:00,1.2,440.0
2025-01-24 13:00:00,3.6,416.0
2025-01-24 14:00:00,3.2,293.0
2025-01-24 15:00:00,1.1,176.0
2025-01-24 16:00:00,1.1,72.0
2025-01-24 17:00:00,0.4,1.0
2025-01-24 18:00:00,3.1,0.0
2025-01-24 19:00:00,2.8,0.0
2025-01-24 20:00:00,1.4,0.0
2025-01-24 21:00:00,1.0,0.0
2025-01-24 22:00:00,1.4,0.0
2025-01-24 23:00:00,2.3,0.0
2025-01-25 00:00:00,2.8,0.0
2025-01-25 01:00:00,3.2,0.0
2025-01-25 02:00:00,4.7,0.0
2025-01-25 03:00:00,1.5,0.0
2025-01-25 04:00:00,1.1,0.0
2025-01-25 05:00:00,3.4,0.0
2025-01-25 06:00:00,5.2,0.0
2025-01-25 07:00:00,6.1,8.0
2025-01-25 08:00:00,5.2,102.0
2025-01-25 09:00:00,4.2,235.0
2025-01-25 10:00:00,4.1,379.0
2025-01-25 11:00:00,3.4,455.0
2025-01-25 12:00:00,2.7,477.0
2025-01-25 13:00:00,5.6,435.0
2025-01-25 14:00:00,6.4,318.0
2025-01-25 15:00:00,5.5,182.0
2025-01-25 16:00:00,4.2,52.0
2025-01-25 17:00:00,5.2,1.0
2025-01-25 18:00:00,4.0,0.0
2025-01-25 19:00:00,2.0,0.0
2025-01-25 20:00:00,1.8,0.0
2025-01-25 21:00:00,2.2,0.0
2025-01-25 22:00:00,1.3,0.0
2025-01-25 23:00:00,4.6,0.0
2025-01-26 00:00:00,4.2,0.0
2025-01-26 01:00:00,2.4,0.0
2025-01-26 02:00:00,1.5,0.0
2025-01-26 03:00:00,2.3,0.0
2025-01-26 04:00:00,1.9,0.0
2025-01-26 05:00:00,3.1,0.0
2025-01-26 06:00:00,5.0,0.0
2025-01-26 07:00:00,6.6,9.0
2025-01-26 08:00:00,9.0,97.0
2025-01-26 09:00:00,14.8,171.0
2025-01-26 10:00:00,19.0,202.0
2025-01-26 11:00:00,20.9,305.0
2025-01-26 12:00:00,16.7,253.0
2025-01-26 13:00:00,14.4,276.0
2025-01-26 14:00:00,14.5,259.0
2025-01-26 15:00:00,11.5,212.0
2025-01-26 16:00:00,10.3,80.0
2025-01-26 17:00:00,8.9,2.0
2025-01-26 18:00:00,5.9,0.0
2025-01-26 19:00:00,9.2,0.0
2025-01-26 20:00:00,9.6,0.0
2025-01-26 21:00:00,8.3,0.0
2025-01-26 22:00:00,6.2,0.0
2025-01-26 23:00:00,6.5,0.0
2025-01-27 00:00:00,7.5,0.0
2025-01-27 01:00:00,8.9,0.0
2025-01-27 02:00:00,7.9,0.0
2025-01-27 03:00:00,7.2,0.0
2025-01-27 04:00:00,8.9,0.0
2025-01-27 05:00:00,10.2,0.0
2025-01-27 06:00:00,12.5,0.0
2025-01-27 07:00:00,10.6,9.0
2025-01-27 08:00:00,12.8,98.0
2025-01-27 09:00:00,16.0,172.0
2025-01-27 10:00:00,11.0,206.0
2025-01-27 11:00:00,19.7,387.0
2025-01-27 12:00:00,24.4,398.0
2025-01-27 13:00:00,20.1,427.0
2025-01-27 14:00:00,19.7,246.0
2025-01-27 15:00:00,19.2,189.0
2025-01-27 16:00:00,18.6,81.0
2025-01-27 17:00:00,16.0,1.0
2025-01-27 18:00:00,14.7,0.0
2025-01-27 19:00:00,18.5,0.0
2025-01-27 20:00:00,19.2,0.0
2025-01-27 21:00:00,22.6,0.0
2025-01-27 22:00:00,20.4,0.0
2025-01-27 23:00:00,19.7,0.0
2025-01-28 00:00:00,20.8,0.0
2025-01-28 01:00:00,21.0,0.0
2025-01-28 02:00:00,20.9,0.0
2025-01-28 03:00:00,21.8,0.0
2025-01-28 04:00:00,22.9,0.0
2025-01-28 05:00:00,21.4,0.0
2025-01-28 06:00:00,22.9,0.0
2025-01-28 07:00:00,21.3,2.0
2025-01-28 08:00:00,23.4,53.0
2025-01-28 09:00:00,22.3,62.0
2025-01-28 10:00:00,20.3,92.0
2025-01-28 11:00:00,16.7,324.0
2025-01-28 12:00:00,18.5,337.0
2025-01-28 13:00:00,24.1,396.0
2025-01-28 14:00:00,23.1,384.0
2025-01-28 15:00:00,21.6,237.0
2025-01-28 16:00:00,15.2,90.0
2025-01-28 17:00:00,12.5,2.0
2025-01-28 18:00:00,9.2,0.0
2025-01-28 19:00:00,9.5,0.0
2025-01-28 20:00:00,11.3,0.0
2025-01-28 21:00:00,12.1,0.0
2025-01-28 22:00:00,11.4,0.0
2025-01-28 23:00:00,10.1,0.0
2025-01-29 00:00:00,7.4,0.0
2025-01-29 01:00:00,4.6,0.0
2025-01-29 02:00:00,8.0,0.0
2025-01-29 03:00:00,7.0,0.0
2025-01-29 04:00:00,10.1,0.0
2025-01-29 05:00:00,11.7,0.0
2025-01-29 06:00:00,6.7,0.0
2025-01-29 07:00:00,3.6,8.0
2025-01-29 08:00:00,4.5,78.0
2025-01-29 09:00:00,4.1,193.0
2025-01-29 10:00:00,3.7,271.0
2025-01-29 11:00:00,7.0,384.0
2025-01-29 12:00:00,7.9,420.0
2025-01-29 13:00:00,10.4,354.0
2025-01-29 14:00:00,10.4,297.0
2025-01-29 15:00:00,6.5,193.0
2025-01-29 16:00:00,4.4,79.0
2025-01-29 17:00:00,3.8,3.0
2025-01-29 18:00:00,1.5,0.0
2025-01-29 19:00:00,1.7,0.0
2025-01-29 20:00:00,2.4,0.0
2025-01-29 21:00:00,3.8,0.0
2025-01-29 22:00:00,4.4,0.0
2025-01-29 23:00:00,3.9,0.0
2025-01-30 00:00:00,3.5,0.0
2025-01-30 01:00:00,1.5,0.0
2025-01-30 02:00:00,4.4,0.0
2025-01-30 03:00:00,3.8,0.0
2025-01-30 04:00:00,2.8,0.0
2025-01-30 05:00:00,3.9,0.0
2025-01-30 06:00:00,2.9,0.0
2025-01-30 07:00:00,3.9,12.0
2025-01-30 08:00:00,3.8,128.0
2025-01-30 09:00:00,4.9,278.0
2025-01-30 10:00:00,4.0,407.0
2025-01-30 11:00:00,3.4,486.0
2025-01-30 12:00:00,2.9,512.0
2025-01-30 13:00:00,1.4,430.0
2025-01-30 14:00:00,3.7,304.0
2025-01-30 15:00:00,3.9,186.0
2025-01-30 16:00:00,2.1,75.0
2025-01-30 17:00:00,3.8,3.0
2025-01-30 18:00:00,3.5,0.0
2025-01-30 19:00:00,1.3,0.0
2025-01-30 20:00:00,2.7,0.0
2025-01-30 21:00:00,3.2,0.0
2025-01-30 22:00:00,2.9,0.0
2025-01-30 23:00:00,2.7,0.0
2025-01-31 00:00:00,2.3,0.0
2025-01-31 01:00:00,3.3,0.0
2025-01-31 02:00:00,4.3,0.0
2025-01-31 03:00:00,3.0,0.0
2025-01-31 04:00:00,4.6,0.0
2025-01-31 05:00:00,3.7,0.0
2025-01-31 06:00:00,3.8,0.0
2025-01-31 07:00:00,5.4,11.0
2025-01-31 08:00:00,4.6,130.0
2025-01-31 09:00:00,4.4,278.0
2025-01-31 10:00:00,4.0,296.0
2025-01-31 11:00:00,1.7,193.0
2025-01-31 12:00:00,5.5,445.0
2025-01-31 13:00:00,5.8,348.0
2025-01-31 14:00:00,5.4,208.0
2025-01-31 15:00:00,3.5,110.0
2025-01-31 16:00:00,4.4,86.0
2025-01-31 17:00:00,4.4,4.0
2025-01-31 18:00:00,4.6,0.0
2025-01-31 19:00:00,1.8,0.0
2025-01-31 20:00:00,3.3,0.0
2025-01-31 21:00:00,3.9,0.0
2025-01-31 22:00:00,3.7,0.0
2025-01-31 23:00:00,3.6,0.0
2025-02-01 00:00:00,4.2,0.0
2025-02-01 01:00:00,5.2,0.0
2025-02-01 02:00:00,5.2,0.0
2025-02-01 03:00:00,6.0,0.0
2025-02-01 04:00:00,5.3,0.0
2025-02-01 05:00:00,4.3,0.0
2025-02-01 06:00:00,4.4,0.0
2025-02-01 07:00:00,5.8,12.0
2025-02-01 08:00:00,5.9,97.0
2025-02-01 09:00:00,5.4,193.0
2025-02-01 10:00:00,5.2,219.0
2025-02-01 11:00:00,5.1,233.0
2025-02-01 12:00:00,3.3,468.0
2025-02-01 13:00:00,1.0,431.0
2025-02-01 14:00:00,2.8,356.0
2025-02-01 15:00:00,5.3,244.0
2025-02-01 16:00:00,8.1,92.0
2025-02-01 17:00:00,5.0,5.0
2025-02-01 18:00:00,3.1,0.0
2025-02-01 19:00:00,3.5,0.0
2025-02-01 20:00:00,3.9,0.0
2025-02-01 21:00:00,3.0,0.0
2025-02-01 22:00:00,3.6,0.0
2025-02-01 23:00:00,4.5,0.0
2025-02-02 00:00:00,3.9,0.0
2025-02-02 01:00:00,7.1,0.0
2025-02-02 02:00:00,7.6,0.0
2025-02-02 03:00:00,7.7,0.0
2025-02-02 04:00:00,7.0,0.0
2025-02-02 05:00:00,8.5,0.0
2025-02-02 06:00:00,7.6,0.0
2025-02-02 07:00:00,9.2,14.0
2025-02-02 08:00:00,8.1,130.0
2025-02-02 09:00:00,8.5,289.0
2025-02-02 10:00:00,8.1,414.0
2025-02-02 11:00:00,9.2,491.0
2025-02-02 12:00:00,9.8,511.0
2025-02-02 13:00:00,13.3,473.0
2025-02-02 14:00:00,13.5,378.0
2025-02-02 15:00:00,11.8,204.0
2025-02-02 16:00:00,11.2,82.0
2025-02-02 17:00:00,7.7,5.0
2025-02-02 18:00:00,4.9,0.0
2025-02-02 19:00:00,5.2,0.0
2025-02-02 20:00:00,5.1,0.0
2025-02-02 21:00:00,5.7,0.0
2025-02-02 22:00:00,5.4,0.0
2025-02-02 23:00:00,5.1,0.0
2025-02-03 00:00:00,6.3,0.0
2025-02-03 01:00:00,6.4,0.0
2025-02-03 02:00:00,7.1,0.0
2025-02-03 03:00:00,6.7,0.0
2025-02-03 04:00:00,10.8,0.0
2025-02-03 05:00:00,8.0,0.0
2025-02-03 06:00:00,8.6,0.0
2025-02-03 07:00:00,6.1,7.0
2025-02-03 08:00:00,7.1,36.0
2025-02-03 09:00:00,3.5,141.0
2025-02-03 10:00:00,4.2,414.0
2025-02-03 11:00:00,3.3,457.0
2025-02-03 12:00:00,4.1,377.0
2025-02-03 13:00:00,4.3,217.0
2025-02-03 14:00:00,4.5,229.0
2025-02-03 15:00:00,3.1,182.0
2025-02-03 16:00:00,3.4,96.0
2025-02-03 17:00:00,5.4,6.0
2025-02-03 18:00:00,5.4,0.0
2025-02-03 19:00:00,8.1,0.0
2025-02-03 20:00:00,7.5,0.0
2025-02-03 21:00:00,6.6,0.0
2025-02-03 22:00:00,8.0,0.0
2025-02-03 23:00:00,5.8,0.0
2025-02-04 00:00:00,6.5,0.0
2025-02-04 01:00:00,8.3,0.0
2025-02-04 02:00:00,7.9,0.0
2025-02-04 03:00:00,6.9,0.0
2025-02-04 04:00:00,6.9,0.0
2025-02-04 05:00:00,7.2,0.0
2025-02-04 06:00:00,6.2,0.0
2025-02-04 07:00:00,7.5,18.0
2025-02-04 08:00:00,7.9,145.0
2025-02-04 09:00:00,8.3,299.0
2025-02-04 10:00:00,8.7,418.0
2025-02-04 11:00:00,8.1,491.0
2025-02-04 12:00:00,6.9,470.0
2025-02-04 13:00:00,3.5,443.0
2025-02-04 14:00:00,3.6,393.0
2025-02-04 15:00:00,3.3,253.0
2025-02-04 16:00:00,1.0,109.0
2025-02-04 17:00:00,1.5,7.0
2025-02-04 18:00:00,4.4,0.0
2025-02-04 19:00:00,7.3,0.0
2025-02-04 20:00:00,7.7,0.0
2025-02-04 21:00:00,6.9,0.0
2025-02-04 22:00:00,6.5,0.0
2025-02-04 23:00:00,6.8,0.0
2025-02-05 00:00:00,6.8,0.0
2025-02-05 01:00:00,6.6,0.0
2025-02-05 02:00:00,6.2,0.0
2025-02-05 03:00:00,6.5,0.0
2025-02-05 04:00:00,6.1,0.0
2025-02-05 05:00:00,5.5,0.0
2025-02-05 06:00:00,5.9,0.0
2025-02-05 07:00:00,7.1,18.0
2025-02-05 08:00:00,7.2,135.0
2025-02-05 09:00:00,6.6,266.0
2025-02-05 10:00:00,6.4,378.0
2025-02-05 11:00:00,4.1,464.0
2025-02-05 12:00:00,1.8,496.0
2025-02-05 13:00:00,2.1,491.0
2025-02-05 14:00:00,2.7,404.0
2025-02-05 15:00:00,2.8,273.0
2025-02-05 16:00:00,0.9,116.0
2025-02-05 17:00:00,1.0,8.0
2025-02-05 18:00:00,0.5,0.0
2025-02-05 19:00:00,0.8,0.0
2025-02-05 20:00:00,0.5,0.0
2025-02-05 21:00:00,2.0,0.0
2025-02-05 22:00:00,4.1,0.0
2025-02-05 23:00:00,5.1,0.0
2025-02-06 00:00:00,5.0,0.0
2025-02-06 01:00:00,4.6,0.0
2025-02-06 02:00:00,4.8,0.0
2025-02-06 03:00:00,5.2,0.0
2025-02-06 04:00:00,4.8,0.0
2025-02-06 05:00:00,5.4,0.0
2025-02-06 06:00:00,5.8,0.0
2025-02-06 07:00:00,6.9,20.0
2025-02-06 08:00:00,7.2,151.0
2025-02-06 09:00:00,6.1,307.0
2025-02-06 10:00:00,6.3,434.0
2025-02-06 11:00:00,4.5,512.0
2025-02-06 12:00:00,3.1,531.0
2025-02-06 13:00:00,5.0,502.0
2025-02-06 14:00:00,5.7,399.0
2025-02-06 15:00:00,5.1,244.0
2025-02-06 16:00:00,4.6,116.0
2025-02-06 17:00:00,3.2,9.0
2025-02-06 18:00:00,1.1,0.0
2025-02-06 19:00:00,0.4,0.0
2025-02-06 20:00:00,0.8,0.0
2025-02-06 21:00:00,2.2,0.0
2025-02-06 22:00:00,3.6,0.0
2025-02-06 23:00:00,4.7,0.0
2025-02-07 00:00:00,3.9,0.0
2025-02-07 01:00:00,5.5,0.0
2025-02-07 02:00:00,6.1,0.0
2025-02-07 03:00:00,5.6,0.0
2025-02-07 04:00:00,5.8,0.0
2025-02-07 05:00:00,6.0,0.0
2025-02-07 06:00:00,5.4,0.0
2025-02-07 07:00:00,6.7,21.0
2025-02-07 08:00:00,8.1,134.0
2025-02-07 09:00:00,7.1,274.0
2025-02-07 10:00:00,6.4,417.0
2025-02-07 11:00:00,4.7,426.0
2025-02-07 12:00:00,1.5,463.0
2025-02-07 13:00:00,9.6,359.0
2025-02-07 14:00:00,7.3,252.0
2025-02-07 15:00:00,4.9,209.0
2025-02-07 16:00:00,4.7,101.0
2025-02-07 17:00:00,4.2,8.0
2025-02-07 18:00:00,3.1,0.0
2025-02-07 19:00:00,2.3,0.0
2025-02-07 20:00:00,4.0,0.0
2025-02-07 21:00:00,4.5,0.0
2025-02-07 22:00:00,2.1,0.0
2025-02-07 23:00:00,2.8,0.0
2025-02-08 00:00:00,5.2,0.0
2025-02-08 01:00:00,7.1,0.0
2025-02-08 02:00:00,5.8,0.0
2025-02-08 03:00:00,7.1,0.0
2025-02-08 04:00:00,7.8,0.0
2025-02-08 05:00:00,6.5,0.0
2025-02-08 06:00:00,7.5,0.0
2025-02-08 07:00:00,7.8,19.0
2025-02-08 08:00:00,9.6,84.0
2025-02-08 09:00:00,11.1,211.0
2025-02-08 10:00:00,10.5,196.0
2025-02-08 11:00:00,6.7,292.0
2025-02-08 12:00:00,7.2,256.0
2025-02-08 13:00:00,12.7,63.0
2025-02-08 14:00:00,9.3,90.0
2025-02-08 15:00:00,9.9,51.0
2025-02-08 16:00:00,12.0,47.0
2025-02-08 17:00:00,12.3,3.0
2025-02-08 18:00:00,12.5,0.0
2025-02-08 19:00:00,14.5,0.0
2025-02-08 20:00:00,14.0,0.0
2025-02-08 21:00:00,12.9,0.0
2025-02-08 22:00:00,14.9,0.0
2025-02-08 23:00:00,11.9,0.0
2025-02-09 00:00:00,12.3,0.0
2025-02-09 01:00:00,9.3,0.0
2025-02-09 02:00:00,7.7,0.0
2025-02-09 03:00:00,6.8,0.0
2025-02-09 04:00:00,2.7,0.0
2025-02-09 05:00:00,4.0,0.0
2025-02-09 06:00:00,5.4,0.0
2025-02-09 07:00:00,6.3,6.0
2025-02-09 08:00:00,8.6,58.0
2025-02-09 09:00:00,8.2,148.0
2025-02-09 10:00:00,5.0,253.0
2025-02-09 11:00:00,8.2,236.0
2025-02-09 12:00:00,10.3,422.0
2025-02-09 13:00:00,8.7,402.0
2025-02-09 14:00:00,9.5,393.0
2025-02-09 15:00:00,11.1,283.0
2025-02-09 16:00:00,6.9,111.0
2025-02-09 17:00:00,4.0,10.0
2025-02-09 18:00:00,2.0,0.0
2025-02-09 19:00:00,0.6,0.0
2025-02-09 20:00:00,0.5,0.0
2025-02-09 21:00:00,1.7,0.0
2025-02-09 22:00:00,0.7,0.0
2025-02-09 23:00:00,1.1,0.0
2025-02-10 00:00:00,2.0,0.0
2025-02-10 01:00:00,4.4,0.0
2025-02-10 02:00:00,6.0,0.0
2025-02-10 03:00:00,6.2,0.0
2025-02-10 04:00:00,5.8,0.0
2025-02-10 05:00:00,6.0,0.0
2025-02-10 06:00:00,6.3,0.0
2025-02-10 07:00:00,6.0,22.0
2025-02-10 08:00:00,4.6,134.0
2025-02-10 09:00:00,4.9,307.0
2025-02-10 10:00:00,3.3,426.0
2025-02-10 11:00:00,2.6,478.0
2025-02-10 12:00:00,3.4,445.0
2025-02-10 13:00:00,2.9,382.0
2025-02-10 14:00:00,3.1,390.0
2025-02-10 15:00:00,5.6,253.0
2025-02-10 16:00:00,7.5,116.0
2025-02-10 17:00:00,8.0,12.0
2025-02-10 18:00:00,4.2,0.0
2025-02-10 19:00:00,3.0,0.0
2025-02-10 20:00:00,2.0,0.0
2025-02-10 21:00:00,1.8,0.0
2025-02-10 22:00:00,2.1,0.0
2025-02-10 23:00:00,2.6,0.0
2025-02-11 00:00:00,3.2,0.0
2025-02-11 01:00:00,1.9,0.0
2025-02-11 02:00:00,2.4,0.0
2025-02-11 03:00:00,3.8,0.0
2025-02-11 04:00:00,4.8,0.0
2025-02-11 05:00:00,5.2,0.0
2025-02-11 06:00:00,5.4,0.0
2025-02-11 07:00:00,5.9,22.0
2025-02-11 08:00:00,5.5,141.0
2025-02-11 09:00:00,5.6,262.0
2025-02-11 10:00:00,4.2,432.0
2025-02-11 11:00:00,2.8,522.0
2025-02-11 12:00:00,2.2,507.0
2025-02-11 13:00:00,3.6,442.0
2025-02-11 14:00:00,6.3,357.0
2025-02-11 15:00:00,7.2,242.0
2025-02-11 16:00:00,6.0,117.0
2025-02-11 17:00:00,4.8,13.0
2025-02-11 18:00:00,3.6,0.0
2025-02-11 19:00:00,2.0,0.0
2025-02-11 20:00:00,2.2,0.0
2025-02-11 21:00:00,1.6,0.0
2025-02-11 22:00:00,1.7,0.0
2025-02-11 23:00:00,2.9,0.0
2025-02-12 00:00:00,3.3,0.0
2025-02-12 01:00:00,2.1,0.0
2025-02-12 02:00:00,4.0,0.0
2025-02-12 03:00:00,3.7,0.0
2025-02-12 04:00:00,4.0,0.0
2025-02-12 05:00:00,5.0,0.0
2025-02-12 06:00:00,5.0,0.0
2025-02-12 07:00:00,5.9,19.0
2025-02-12 08:00:00,7.1,108.0
2025-02-12 09:00:00,4.7,209.0
2025-02-12 10:00:00,7.3,352.0
2025-02-12 11:00:00,9.9,448.0
2025-02-12 12:00:00,12.1,435.0
2025-02-12 13:00:00,11.0,386.0
2025-02-12 14:00:00,9.8,340.0
2025-02-12 15:00:00,8.6,189.0
2025-02-12 16:00:00,8.9,80.0
2025-02-12 17:00:00,9.2,12.0
2025-02-12 18:00:00,8.1,0.0
2025-02-12 19:00:00,6.0,0.0
2025-02-12 20:00:00,5.0,0.0
2025-02-12 21:00:00,4.1,0.0
2025-02-12 22:00:00,3.3,0.0
2025-02-12 23:00:00,2.5,0.0
2025-02-13 00:00:00,1.7,0.0
2025-02-13 01:00:00,5.5,0.0
2025-02-13 02:00:00,4.9,0.0
2025-02-13 03:00:00,5.1,0.0
2025-02-13 04:00:00,5.2,0.0
2025-02-13 05:00:00,4.8,0.0
2025-02-13 06:00:00,3.7,0.0
2025-02-13 07:00:00,7.6,17.0
2025-02-13 08:00:00,4.2,100.0
2025-02-13 09:00:00,2.8,251.0
2025-02-13 10:00:00,3.5,350.0
2025-02-13 11:00:00,6.1,305.0
2025-02-13 12:00:00,8.5,304.0
2025-02-13 13:00:00,4.9,68.0
2025-02-13 14:00:00,7.4,199.0
2025-02-13 15:00:00,6.8,108.0
2025-02-13 16:00:00,3.3,85.0
2025-02-13 17:00:00,4.2,10.0
2025-02-13 18:00:00,7.3,0.0
2025-02-13 19:00:00,3.9,0.0
2025-02-13 20:00:00,3.3,0.0
2025-02-13 21:00:00,4.6,0.0
2025-02-13 22:00:00,6.5,0.0
2025-02-13 23:00:00,8.5,0.0
2025-02-14 00:00:00,9.4,0.0
2025-02-14 01:00:00,13.8,0.0
2025-02-14 02:00:00,9.2,0.0
2025-02-14 03:00:00,5.5,0.0
2025-02-14 04:00:00,9.7,0.0
2025-02-14 05:00:00,6.3,0.0
2025-02-14 06:00:00,11.6,0.0
2025-02-14 07:00:00,13.0,16.0
2025-02-14 08:00:00,15.9,45.0
2025-02-14 09:00:00,14.8,151.0
2025-02-14 10:00:00,17.3,346.0
2025-02-14 11:00:00,18.7,409.0
2025-02-14 12:00:00,18.0,279.0
2025-02-14 13:00:00,13.0,220.0
2025-02-14 14:00:00,11.8,214.0
2025-02-14 15:00:00,15.0,217.0
2025-02-14 16:00:00,14.6,118.0
2025-02-14 17:00:00,13.8,15.0
2025-02-14 18:00:00,13.7,0.0
2025-02-14 19:00:00,15.6,0.0
2025-02-14 20:00:00,16.5,0.0
2025-02-14 21:00:00,15.5,0.0
2025-02-14 22:00:00,17.4,0.0
2025-02-14 23:00:00,19.0,0.0
2025-02-15 00:00:00,13.4,0.0
2025-02-15 01:00:00,14.9,0.0
2025-02-15 02:00:00,6.6,0.0
2025-02-15 03:00:00,12.4,0.0
2025-02-15 04:00:00,12.5,0.0
2025-02-15 05:00:00,17.9,0.0
2025-02-15 06:00:00,18.8,0.0
2025-02-15 07:00:00,19.7,23.0
2025-02-15 08:00:00,14.3,57.0
2025-02-15 09:00:00,9.3,174.0
2025-02-15 10:00:00,12.9,351.0
2025-02-15 11:00:00,15.0,205.0
2025-02-15 12:00:00,15.7,229.0
2025-02-15 13:00:00,24.5,466.0
2025-02-15 14:00:00,25.1,382.0
2025-02-15 15:00:00,21.8,283.0
2025-02-15 16:00:00,24.3,129.0
2025-02-15 17:00:00,24.1,14.0
2025-02-15 18:00:00,21.4,0.0
2025-02-15 19:00:00,18.6,0.0
2025-02-15 20:00:00,13.7,0.0
2025-02-15 21:00:00,10.8,0.0
2025-02-15 22:00:00,11.5,0.0
2025-02-15 23:00:00,9.6,0.0
2025-02-16 00:00:00,9.7,0.0
2025-02-16 01:00:00,8.0,0.0
2025-02-16 02:00:00,8.2,0.0
2025-02-16 03:00:00,8.3,0.0
2025-02-16 04:00:00,8.0,0.0
2025-02-16 05:00:00,7.3,0.0
2025-02-16 06:00:00,7.3,0.0
2025-02-16 07:00:00,9.2,42.0
2025-02-16 08:00:00,6.6,184.0
2025-02-16 09:00:00,6.8,336.0
2025-02-16 10:00:00,5.6,480.0
2025-02-16 11:00:00,4.9,568.0
2025-02-16 12:00:00,3.0,589.0
2025-02-16 13:00:00,1.8,559.0
2025-02-16 14:00:00,3.4,467.0
2025-02-16 15:00:00,4.4,327.0
2025-02-16 16:00:00,3.6,162.0
2025-02-16 17:00:00,5.8,22.0
2025-02-16 18:00:00,4.2,0.0
2025-02-16 19:00:00,2.4,0.0
2025-02-16 20:00:00,3.1,0.0
2025-02-16 21:00:00,1.7,0.0
2025-02-16 22:00:00,1.9,0.0
2025-02-16 23:00:00,2.4,0.0
2025-02-17 00:00:00,3.6,0.0
2025-02-17 01:00:00,4.0,0.0
2025-02-17 02:00:00,3.5,0.0
2025-02-17 03:00:00,3.2,0.0
2025-02-17 04:00:00,3.1,0.0
2025-02-17 05:00:00,3.1,0.0
2025-02-17 06:00:00,3.6,0.0
2025-02-17 07:00:00,4.3,43.0
2025-02-17 08:00:00,2.2,199.0
2025-02-17 09:00:00,3.5,345.0
2025-02-17 10:00:00,3.8,440.0
2025-02-17 11:00:00,3.1,420.0
2025-02-17 12:00:00,2.7,439.0
2025-02-17 13:00:00,4.0,397.0
2025-02-17 14:00:00,5.6,341.0
2025-02-17 15:00:00,5.4,232.0
2025-02-17 16:00:00,4.8,134.0
2025-02-17 17:00:00,5.5,19.0
2025-02-17 18:00:00,6.7,0.0
2025-02-17 19:00:00,7.4,0.0
2025-02-17 20:00:00,9.3,0.0
2025-02-17 21:00:00,8.0,0.0
2025-02-17 22:00:00,7.6,0.0
2025-02-17 23:00:00,7.9,0.0
2025-02-18 00:00:00,9.2,0.0
2025-02-18 01:00:00,8.8,0.0
2025-02-18 02:00:00,5.6,0.0
2025-02-18 03:00:00,8.1,0.0
2025-02-18 04:00:00,7.6,0.0
2025-02-18 05:00:00,6.7,0.0
2025-02-18 06:00:00,6.9,0.0
2025-02-18 07:00:00,7.4,43.0
2025-02-18 08:00:00,7.3,191.0
2025-02-18 09:00:00,8.1,346.0
2025-02-18 10:00:00,7.6,388.0
2025-02-18 11:00:00,5.1,384.0
2025-02-18 12:00:00,2.3,419.0
2025-02-18 13:00:00,0.9,372.0
2025-02-18 14:00:00,2.4,453.0
2025-02-18 15:00:00,3.1,313.0
2025-02-18 16:00:00,3.8,129.0
2025-02-18 17:00:00,1.9,14.0
2025-02-18 18:00:00,1.1,0.0
2025-02-18 19:00:00,0.9,0.0
2025-02-18 20:00:00,0.8,0.0
2025-02-18 21:00:00,1.7,0.0
2025-02-18 22:00:00,1.3,0.0
2025-02-18 23:00:00,2.8,0.0
2025-02-19 00:00:00,4.6,0.0
2025-02-19 01:00:00,3.9,0.0
2025-02-19 02:00:00,4.0,0.0
2025-02-19 03:00:00,6.1,0.0
2025-02-19 04:00:00,6.8,0.0
2025-02-19 05:00:00,8.5,0.0
2025-02-19 06:00:00,7.6,0.0
2025-02-19 07:00:00,8.4,25.0
2025-02-19 08:00:00,7.2,138.0
2025-02-19 09:00:00,7.2,220.0
2025-02-19 10:00:00,6.3,296.0
2025-02-19 11:00:00,6.1,180.0
2025-02-19 12:00:00,5.7,151.0
2025-02-19 13:00:00,8.6,78.0
2025-02-19 14:00:00,7.9,91.0
2025-02-19 15:00:00,7.1,66.0
2025-02-19 16:00:00,7.0,66.0
2025-02-19 17:00:00,7.7,8.0
2025-02-19 18:00:00,6.5,0.0
2025-02-19 19:00:00,5.8,0.0
2025-02-19 20:00:00,5.6,0.0
2025-02-19 21:00:00,5.2,0.0
2025-02-19 22:00:00,4.6,0.0
2025-02-19 23:00:00,3.9,0.0
2025-02-20 00:00:00,4.9,0.0
2025-02-20 01:00:00,3.3,0.0
2025-02-20 02:00:00,4.0,0.0
2025-02-20 03:00:00,6.1,0.0
2025-02-20 04:00:00,6.5,0.0
2025-02-20 05:00:00,6.6,0.0
2025-02-20 06:00:00,5.9,0.0
2025-02-20 07:00:00,7.0,19.0
2025-02-20 08:00:00,6.6,74.0
2025-02-20 09:00:00,6.9,106.0
2025-02-20 10:00:00,6.1,170.0
2025-02-20 11:00:00,7.0,201.0
2025-02-20 12:00:00,7.3,241.0
2025-02-20 13:00:00,5.1,377.0
2025-02-20 14:00:00,3.5,408.0
2025-02-20 15:00:00,1.8,270.0
2025-02-20 16:00:00,1.1,124.0
2025-02-20 17:00:00,2.3,23.0
2025-02-20 18:00:00,4.1,0.0
2025-02-20 19:00:00,1.9,0.0
2025-02-20 20:00:00,0.9,0.0
2025-02-20 21:00:00,3.9,0.0
2025-02-20 22:00:00,3.8,0.0
2025-02-20 23:00:00,3.2,0.0
2025-02-21 00:00:00,3.3,0.0
2025-02-21 01:00:00,6.3,0.0
2025-02-21 02:00:00,6.4,0.0
2025-02-21 03:00:00,4.4,0.0
2025-02-21 04:00:00,5.0,0.0
2025-02-21 05:00:00,5.3,0.0
2025-02-21 06:00:00,6.4,0.0
2025-02-21 07:00:00,6.2,53.0
2025-02-21 08:00:00,5.4,210.0
2025-02-21 09:00:00,5.8,370.0
2025-02-21 10:00:00,3.8,498.0
2025-02-21 11:00:00,1.3,588.0
2025-02-21 12:00:00,1.2,614.0
2025-02-21 13:00:00,1.0,579.0
2025-02-21 14:00:00,0.4,481.0
2025-02-21 15:00:00,2.9,339.0
2025-02-21 16:00:00,4.4,175.0
2025-02-21 17:00:00,6.5,31.0
2025-02-21 18:00:00,6.7,0.0
2025-02-21 19:00:00,2.9,0.0
2025-02-21 20:00:00,0.8,0.0
2025-02-21 21:00:00,0.6,0.0
2025-02-21 22:00:00,1.9,0.0
2025-02-21 23:00:00,3.1,0.0
2025-02-22 00:00:00,3.7,0.0
2025-02-22 01:00:00,3.6,0.0
2025-02-22 02:00:00,2.7,0.0
2025-02-22 03:00:00,4.0,0.0
2025-02-22 04:00:00,5.5,0.0
2025-02-22 05:00:00,4.8,0.0
2025-02-22 06:00:00,5.5,0.0
2025-02-22 07:00:00,6.6,50.0
2025-02-22 08:00:00,5.8,191.0
2025-02-22 09:00:00,5.5,372.0
2025-02-22 10:00:00,3.7,502.0
2025-02-22 11:00:00,2.0,589.0
2025-02-22 12:00:00,5.4,613.0
2025-02-22 13:00:00,6.2,573.0
2025-02-22 14:00:00,7.4,487.0
2025-02-22 15:00:00,9.4,349.0
2025-02-22 16:00:00,8.7,181.0
2025-02-22 17:00:00,7.2,33.0
2025-02-22 18:00:00,4.8,0.0
2025-02-22 19:00:00,3.0,0.0
2025-02-22 20:00:00,3.1,0.0
2025-02-22 21:00:00,4.2,0.0
2025-02-22 22:00:00,4.2,0.0
2025-02-22 23:00:00,3.6,0.0
2025-02-23 00:00:00,3.7,0.0
2025-02-23 01:00:00,3.9,0.0
2025-02-23 02:00:00,3.8,0.0
2025-02-23 03:00:00,4.2,0.0
2025-02-23 04:00:00,5.1,0.0
2025-02-23 05:00:00,4.5,0.0
2025-02-23 06:00:00,4.6,0.0
2025-02-23 07:00:00,6.7,55.0
2025-02-23 08:00:00,5.6,199.0
2025-02-23 09:00:00,4.3,374.0
2025-02-23 10:00:00,3.6,504.0
2025-02-23 11:00:00,1.7,587.0
2025-02-23 12:00:00,0.7,611.0
2025-02-23 13:00:00,0.7,575.0
2025-02-23 14:00:00,1.8,484.0
2025-02-23 15:00:00,3.3,315.0
2025-02-23 16:00:00,4.1,173.0
2025-02-23 17:00:00,8.7,32.0
2025-02-23 18:00:00,7.6,0.0
2025-02-23 19:00:00,3.5,0.0
2025-02-23 20:00:00,1.2,0.0
2025-02-23 21:00:00,1.6,0.0
2025-02-23 22:00:00,1.1,0.0
2025-02-23 23:00:00,2.1,0.0
2025-02-24 00:00:00,2.7,0.0
2025-02-24 01:00:00,2.9,0.0
2025-02-24 02:00:00,3.0,0.0
2025-02-24 03:00:00,3.2,0.0
2025-02-24 04:00:00,3.7,0.0
2025-02-24 05:00:00,3.5,0.0
2025-02-24 06:00:00,3.2,0.0
2025-02-24 07:00:00,4.8,45.0
2025-02-24 08:00:00,2.1,140.0
2025-02-24 09:00:00,2.6,313.0
2025-02-24 10:00:00,2.7,269.0
2025-02-24 11:00:00,0.6,189.0
2025-02-24 12:00:00,2.7,258.0
2025-02-24 13:00:00,4.7,240.0
2025-02-24 14:00:00,5.1,92.0
2025-02-24 15:00:00,6.2,60.0
2025-02-24 16:00:00,6.1,65.0
2025-02-24 17:00:00,4.1,6.0
2025-02-24 18:00:00,3.7,0.0
2025-02-24 19:00:00,7.0,0.0
2025-02-24 20:00:00,4.0,0.0
2025-02-24 21:00:00,2.8,0.0
2025-02-24 22:00:00,4.1,0.0
2025-02-24 23:00:00,3.5,0.0
2025-02-25 00:00:00,4.6,0.0
2025-02-25 01:00:00,3.7,0.0
2025-02-25 02:00:00,3.1,0.0
2025-02-25 03:00:00,3.0,0.0
2025-02-25 04:00:00,4.6,0.0
2025-02-25 05:00:00,4.3,0.0
2025-02-25 06:00:00,7.5,0.0
2025-02-25 07:00:00,6.2,14.0
2025-02-25 08:00:00,6.9,62.0
2025-02-25 09:00:00,7.3,192.0
2025-02-25 10:00:00,9.1,267.0
2025-02-25 11:00:00,9.7,258.0
2025-02-25 12:00:00,11.6,352.0
2025-02-25 13:00:00,11.5,153.0
2025-02-25 14:00:00,12.1,178.0
2025-02-25 15:00:00,8.9,214.0
2025-02-25 16:00:00,7.9,138.0
2025-02-25 17:00:00,11.7,19.0
2025-02-25 18:00:00,5.6,0.0
2025-02-25 19:00:00,5.7,0.0
2025-02-25 20:00:00,5.9,0.0
2025-02-25 21:00:00,6.7,0.0
2025-02-25 22:00:00,7.8,0.0
2025-02-25 23:00:00,7.7,0.0
2025-02-26 00:00:00,6.9,0.0
2025-02-26 01:00:00,5.3,0.0
2025-02-26 02:00:00,4.5,0.0
2025-02-26 03:00:00,5.0,0.0
2025-02-26 04:00:00,9.4,0.0
2025-02-26 05:00:00,7.0,0.0
2025-02-26 06:00:00,7.1,0.0
2025-02-26 07:00:00,11.6,23.0
2025-02-26 08:00:00,13.3,16.0
2025-02-26 09:00:00,13.0,99.0
2025-02-26 10:00:00,14.5,275.0
2025-02-26 11:00:00,14.6,317.0
2025-02-26 12:00:00,16.0,379.0
2025-02-26 13:00:00,13.5,502.0
2025-02-26 14:00:00,13.5,313.0
2025-02-26 15:00:00,11.9,159.0
2025-02-26 16:00:00,10.5,63.0
2025-02-26 17:00:00,8.6,15.0
2025-02-26 18:00:00,9.2,0.0
2025-02-26 19:00:00,8.5,0.0
2025-02-26 20:00:00,6.2,0.0
2025-02-26 21:00:00,5.4,0.0
2025-02-26 22:00:00,6.4,0.0
2025-02-26 23:00:00,5.8,0.0
2025-02-27 00:00:00,4.7,0.0
2025-02-27 01:00:00,5.9,0.0
2025-02-27 02:00:00,4.4,0.0
2025-02-27 03:00:00,4.2,0.0
2025-02-27 04:00:00,4.9,0.0
2025-02-27 05:00:00,2.6,0.0
2025-02-27 06:00:00,1.2,1.0
2025-02-27 07:00:00,4.1,77.0
2025-02-27 08:00:00,3.1,212.0
2025-02-27 09:00:00,2.9,419.0
2025-02-27 10:00:00,3.1,558.0
2025-02-27 11:00:00,2.7,580.0
2025-02-27 12:00:00,5.2,538.0
2025-02-27 13:00:00,5.3,393.0
2025-02-27 14:00:00,5.4,347.0
2025-02-27 15:00:00,6.8,229.0
2025-02-27 16:00:00,5.1,136.0
2025-02-27 17:00:00,2.6,41.0
2025-02-27 18:00:00,7.2,0.0
2025-02-27 19:00:00,8.3,0.0
2025-02-27 20:00:00,4.7,0.0
2025-02-27 21:00:00,0.9,0.0
2025-02-27 22:00:00,1.3,0.0
2025-02-27 23:00:00,3.5,0.0
2025-02-28 00:00:00,4.1,0.0
2025-02-28 01:00:00,3.7,0.0
2025-02-28 02:00:00,4.0,0.0
2025-02-28 03:00:00,4.7,0.0
2025-02-28 04:00:00,3.9,0.0
2025-02-28 05:00:00,3.9,0.0
2025-02-28 06:00:00,5.0,1.0
2025-02-28 07:00:00,6.1,70.0
2025-02-28 08:00:00,4.6,210.0
2025-02-28 09:00:00,3.1,336.0
2025-02-28 10:00:00,3.5,396.0
2025-02-28 11:00:00,10.4,376.0
2025-02-28 12:00:00,11.2,301.0
2025-02-28 13:00:00,10.5,337.0
2025-02-28 14:00:00,12.2,456.0
2025-02-28 15:00:00,11.5,321.0
2025-02-28 16:00:00,10.3,185.0
2025-02-28 17:00:00,6.3,38.0
2025-02-28 18:00:00,6.7,0.0
2025-02-28 19:00:00,7.0,0.0
2025-02-28 20:00:00,5.4,0.0
2025-02-28 21:00:00,5.9,0.0
2025-02-28 22:00:00,5.4,0.0
2025-02-28 23:00:00,6.0,0.0
2025-03-01 00:00:00,6.5,0.0
2025-03-01 01:00:00,4.5,0.0
2025-03-01 02:00:00,3.8,0.0
2025-03-01 03:00:00,5.3,0.0
2025-03-01 04:00:00,4.8,0.0
2025-03-01 05:00:00,4.6,0.0
2025-03-01 06:00:00,4.0,1.0
2025-03-01 07:00:00,6.4,54.0
2025-03-01 08:00:00,5.1,121.0
2025-03-01 09:00:00,6.3,128.0
2025-03-01 10:00:00,4.8,72.0
2025-03-01 11:00:00,8.4,186.0
2025-03-01 12:00:00,5.2,268.0
2025-03-01 13:00:00,5.7,125.0
2025-03-01 14:00:00,7.2,123.0
2025-03-01 15:00:00,6.4,64.0
2025-03-01 16:00:00,3.4,36.0
2025-03-01 17:00:00,5.6,6.0
2025-03-01 18:00:00,8.7,0.0
2025-03-01 19:00:00,9.8,0.0
2025-03-01 20:00:00,4.5,0.0
2025-03-01 21:00:00,7.3,0.0
2025-03-01 22:00:00,11.7,0.0
2025-03-01 23:00:00,8.5,0.0
2025-03-02 00:00:00,9.8,0.0
2025-03-02 01:00:00,7.8,0.0
2025-03-02 02:00:00,11.7,0.0
2025-03-02 03:00:00,11.9,0.0
2025-03-02 04:00:00,7.8,0.0
2025-03-02 05:00:00,8.4,0.0
2025-03-02 06:00:00,7.9,0.0
2025-03-02 07:00:00,11.6,44.0
2025-03-02 08:00:00,11.1,117.0
2025-03-02 09:00:00,3.5,347.0
2025-03-02 10:00:00,4.0,561.0
2025-03-02 11:00:00,5.9,653.0
2025-03-02 12:00:00,4.3,593.0
2025-03-02 13:00:00,12.5,379.0
2025-03-02 14:00:00,9.8,445.0
2025-03-02 15:00:00,8.3,329.0
2025-03-02 16:00:00,1.3,208.0
2025-03-02 17:00:00,2.2,49.0
2025-03-02 18:00:00,8.6,0.0
2025-03-02 19:00:00,8.3,0.0
2025-03-02 20:00:00,5.6,0.0
2025-03-02 21:00:00,7.3,0.0
2025-03-02 22:00:00,8.6,0.0
2025-03-02 23:00:00,9.5,0.0
2025-03-03 00:00:00,10.2,0.0
2025-03-03 01:00:00,10.0,0.0
2025-03-03 02:00:00,8.5,0.0
2025-03-03 03:00:00,8.4,0.0
2025-03-03 04:00:00,8.7,0.0
2025-03-03 05:00:00,8.5,0.0
2025-03-03 06:00:00,8.3,2.0
2025-03-03 07:00:00,7.8,93.0
2025-03-03 08:00:00,7.4,262.0
2025-03-03 09:00:00,6.5,429.0
2025-03-03 10:00:00,4.9,560.0
2025-03-03 11:00:00,3.3,618.0
2025-03-03 12:00:00,1.2,628.0
2025-03-03 13:00:00,1.8,622.0
2025-03-03 14:00:00,2.8,530.0
2025-03-03 15:00:00,2.7,391.0
2025-03-03 16:00:00,2.0,218.0
2025-03-03 17:00:00,4.6,54.0
2025-03-03 18:00:00,8.5,0.0
2025-03-03 19:00:00,5.6,0.0
2025-03-03 20:00:00,4.4,0.0
2025-03-03 21:00:00,2.6,0.0
2025-03-03 22:00:00,1.5,0.0
2025-03-03 23:00:00,3.2,0.0
2025-03-04 00:00:00,4.8,0.0
2025-03-04 01:00:00,5.2,0.0
2025-03-04 02:00:00,5.3,0.0
2025-03-04 03:00:00,5.1,0.0
2025-03-04 04:00:00,4.8,0.0
2025-03-04 05:00:00,5.0,0.0
2025-03-04 06:00:00,5.6,3.0
2025-03-04 07:00:00,6.9,98.0
2025-03-04 08:00:00,4.9,274.0
2025-03-04 09:00:00,4.6,444.0
2025-03-04 10:00:00,3.0,578.0
2025-03-04 11:00:00,0.6,659.0
2025-03-04 12:00:00,1.8,681.0
2025-03-04 13:00:00,2.1,642.0
2025-03-04 14:00:00,1.6,544.0
2025-03-04 15:00:00,0.3,399.0
2025-03-04 16:00:00,4.2,223.0
2025-03-04 17:00:00,9.8,57.0
2025-03-04 18:00:00,7.2,0.0
2025-03-04 19:00:00,3.8,0.0
2025-03-04 20:00:00,3.5,0.0
2025-03-04 21:00:00,2.8,0.0
2025-03-04 22:00:00,1.9,0.0
2025-03-04 23:00:00,1.9,0.0
2025-03-05 00:00:00,3.3,0.0
2025-03-05 01:00:00,4.2,0.0
2025-03-05 02:00:00,5.8,0.0
2025-03-05 03:00:00,5.6,0.0
2025-03-05 04:00:00,5.9,0.0
2025-03-05 05:00:00,5.5,0.0
2025-03-05 06:00:00,5.5,3.0
2025-03-05 07:00:00,6.2,101.0
2025-03-05 08:00:00,5.1,276.0
2025-03-05 09:00:00,4.9,445.0
2025-03-05 10:00:00,3.7,578.0
2025-03-05 11:00:00,3.9,660.0
2025-03-05 12:00:00,4.7,681.0
2025-03-05 13:00:00,6.2,648.0
2025-03-05 14:00:00,6.0,547.0
2025-03-05 15:00:00,8.4,402.0
2025-03-05 16:00:00,10.1,226.0
2025-03-05 17:00:00,5.8,60.0
2025-03-05 18:00:00,2.1,0.0
2025-03-05 19:00:00,2.3,0.0
2025-03-05 20:00:00,4.8,0.0
2025-03-05 21:00:00,4.2,0.0
2025-03-05 22:00:00,3.9,0.0
2025-03-05 23:00:00,3.7,0.0
2025-03-06 00:00:00,3.9,0.0
2025-03-06 01:00:00,4.1,0.0
2025-03-06 02:00:00,4.6,0.0
2025-03-06 03:00:00,5.2,0.0
2025-03-06 04:00:00,5.3,0.0
2025-03-06 05:00:00,4.5,0.0
2025-03-06 06:00:00,6.1,4.0
2025-03-06 07:00:00,7.6,107.0
2025-03-06 08:00:00,5.8,286.0
2025-03-06 09:00:00,5.8,458.0
2025-03-06 10:00:00,5.8,592.0
2025-03-06 11:00:00,5.1,673.0
2025-03-06 12:00:00,4.7,677.0
2025-03-06 13:00:00,8.3,643.0
2025-03-06 14:00:00,9.1,544.0
2025-03-06 15:00:00,10.7,402.0
2025-03-06 16:00:00,8.2,221.0
2025-03-06 17:00:00,5.1,58.0
2025-03-06 18:00:00,3.5,0.0
2025-03-06 19:00:00,2.6,0.0
2025-03-06 20:00:00,2.7,0.0
2025-03-06 21:00:00,4.2,0.0
2025-03-06 22:00:00,4.2,0.0
2025-03-06 23:00:00,4.1,0.0
2025-03-07 00:00:00,1.9,0.0
2025-03-07 01:00:00,3.6,0.0
2025-03-07 02:00:00,3.8,0.0
2025-03-07 03:00:00,4.5,0.0
2025-03-07 04:00:00,5.5,0.0
2025-03-07 05:00:00,4.4,0.0
2025-03-07 06:00:00,4.0,5.0
2025-03-07 07:00:00,5.7,109.0
2025-03-07 08:00:00,5.3,286.0
2025-03-07 09:00:00,6.0,456.0
2025-03-07 10:00:00,5.8,588.0
2025-03-07 11:00:00,3.8,657.0
2025-03-07 12:00:00,3.7,687.0
2025-03-07 13:00:00,5.2,498.0
2025-03-07 14:00:00,9.2,383.0
2025-03-07 15:00:00,8.2,292.0
2025-03-07 16:00:00,5.8,146.0
2025-03-07 17:00:00,6.1,32.0
2025-03-07 18:00:00,3.9,0.0
2025-03-07 19:00:00,1.9,0.0
2025-03-07 20:00:00,3.4,0.0
2025-03-07 21:00:00,2.0,0.0
2025-03-07 22:00:00,4.1,0.0
2025-03-07 23:00:00,3.4,0.0
2025-03-08 00:00:00,3.8,0.0
2025-03-08 01:00:00,2.9,0.0
2025-03-08 02:00:00,5.6,0.0
2025-03-08 03:00:00,6.0,0.0
2025-03-08 04:00:00,5.3,0.0
2025-03-08 05:00:00,4.0,0.0
2025-03-08 06:00:00,3.5,1.0
2025-03-08 07:00:00,5.8,44.0
2025-03-08 08:00:00,5.0,115.0
2025-03-08 09:00:00,4.9,256.0
2025-03-08 10:00:00,4.2,337.0
2025-03-08 11:00:00,2.7,480.0
2025-03-08 12:00:00,3.5,297.0
2025-03-08 13:00:00,4.2,323.0
2025-03-08 14:00:00,3.1,388.0
2025-03-08 15:00:00,1.6,144.0
2025-03-08 16:00:00,1.0,59.0
2025-03-08 17:00:00,0.3,10.0
2025-03-08 18:00:00,0.3,0.0
2025-03-08 19:00:00,0.9,0.0
2025-03-08 20:00:00,0.6,0.0
2025-03-08 21:00:00,3.1,0.0
2025-03-08 22:00:00,3.7,0.0
2025-03-08 23:00:00,3.6,0.0
2025-03-09 00:00:00,2.7,0.0
2025-03-09 01:00:00,3.4,0.0
2025-03-09 02:00:00,3.9,0.0
2025-03-09 03:00:00,3.2,0.0
2025-03-09 04:00:00,3.9,0.0
2025-03-09 05:00:00,4.4,0.0
2025-03-09 06:00:00,2.3,5.0
2025-03-09 07:00:00,2.2,92.0
2025-03-09 08:00:00,2.1,208.0
2025-03-09 09:00:00,7.6,332.0
2025-03-09 10:00:00,13.5,511.0
2025-03-09 11:00:00,15.8,607.0
2025-03-09 12:00:00,17.4,561.0
2025-03-09 13:00:00,16.0,450.0
2025-03-09 14:00:00,17.3,516.0
2025-03-09 15:00:00,14.8,363.0
2025-03-09 16:00:00,12.4,117.0
2025-03-09 17:00:00,11.0,42.0
2025-03-09 18:00:00,10.2,0.0
2025-03-09 19:00:00,9.8,0.0
2025-03-09 20:00:00,11.5,0.0
2025-03-09 21:00:00,11.1,0.0
2025-03-09 22:00:00,10.9,0.0
2025-03-09 23:00:00,8.7,0.0
2025-03-10 00:00:00,4.9,0.0
2025-03-10 01:00:00,16.8,0.0
2025-03-10 02:00:00,18.7,0.0
2025-03-10 03:00:00,20.6,0.0
2025-03-10 04:00:00,25.7,0.0
2025-03-10 05:00:00,25.5,0.0
2025-03-10 06:00:00,20.5,3.0
2025-03-10 07:00:00,19.4,16.0
2025-03-10 08:00:00,14.5,54.0
2025-03-10 09:00:00,10.3,171.0
2025-03-10 10:00:00,8.4,464.0
2025-03-10 11:00:00,8.7,610.0
2025-03-10 12:00:00,12.0,617.0
2025-03-10 13:00:00,13.2,486.0
2025-03-10 14:00:00,12.1,381.0
2025-03-10 15:00:00,10.9,380.0
2025-03-10 16:00:00,9.5,234.0
2025-03-10 17:00:00,4.5,65.0
2025-03-10 18:00:00,2.8,0.0
2025-03-10 19:00:00,4.0,0.0
2025-03-10 20:00:00,4.2,0.0
2025-03-10 21:00:00,1.3,0.0
2025-03-10 22:00:00,3.0,0.0
2025-03-10 23:00:00,6.2,0.0
2025-03-11 00:00:00,5.8,0.0
2025-03-11 01:00:00,5.4,0.0
2025-03-11 02:00:00,3.0,0.0
2025-03-11 03:00:00,2.2,0.0
2025-03-11 04:00:00,1.8,0.0
2025-03-11 05:00:00,3.2,0.0
2025-03-11 06:00:00,5.3,5.0
2025-03-11 07:00:00,2.8,101.0
2025-03-11 08:00:00,3.3,273.0
2025-03-11 09:00:00,4.4,422.0
2025-03-11 10:00:00,3.5,504.0
2025-03-11 11:00:00,4.1,664.0
2025-03-11 12:00:00,6.6,642.0
2025-03-11 13:00:00,7.7,566.0
2025-03-11 14:00:00,7.9,544.0
2025-03-11 15:00:00,10.0,410.0
2025-03-11 16:00:00,11.3,197.0
2025-03-11 17:00:00,7.5,53.0
2025-03-11 18:00:00,4.0,1.0
2025-03-11 19:00:00,1.9,0.0
2025-03-11 20:00:00,2.4,0.0
2025-03-11 21:00:00,4.7,0.0
2025-03-11 22:00:00,5.4,0.0
2025-03-11 23:00:00,4.9,0.0
2025-03-12 00:00:00,4.8,0.0
2025-03-12 01:00:00,12.2,0.0
2025-03-12 02:00:00,11.4,0.0
2025-03-12 03:00:00,13.2,0.0
2025-03-12 04:00:00,14.5,0.0
2025-03-12 05:00:00,12.6,0.0
2025-03-12 06:00:00,11.6,10.0
2025-03-12 07:00:00,12.7,117.0
2025-03-12 08:00:00,10.6,244.0
2025-03-12 09:00:00,12.0,284.0
2025-03-12 10:00:00,16.5,376.0
2025-03-12 11:00:00,18.4,156.0
2025-03-12 12:00:00,13.1,80.0
2025-03-12 13:00:00,22.2,64.0
2025-03-12 14:00:00,24.1,86.0
2025-03-12 15:00:00,26.7,47.0
2025-03-12 16:00:00,26.9,38.0
2025-03-12 17:00:00,17.6,8.0
2025-03-12 18:00:00,12.9,0.0
2025-03-12 19:00:00,10.8,0.0
2025-03-12 20:00:00,11.1,0.0
2025-03-12 21:00:00,11.8,0.0
2025-03-12 22:00:00,12.5,0.0
2025-03-12 23:00:00,12.1,0.0
2025-03-13 00:00:00,14.1,0.0
2025-03-13 01:00:00,9.8,0.0
2025-03-13 02:00:00,10.1,0.0
2025-03-13 03:00:00,8.8,0.0
2025-03-13 04:00:00,6.7,0.0
2025-03-13 05:00:00,9.6,0.0
2025-03-13 06:00:00,11.5,10.0
2025-03-13 07:00:00,12.5,95.0
2025-03-13 08:00:00,12.6,237.0
2025-03-13 09:00:00,16.1,398.0
2025-03-13 10:00:00,15.2,394.0
2025-03-13 11:00:00,16.6,488.0
2025-03-13 12:00:00,16.2,543.0
2025-03-13 13:00:00,15.2,456.0
2025-03-13 14:00:00,15.6,505.0
2025-03-13 15:00:00,17.4,290.0
2025-03-13 16:00:00,9.6,205.0
2025-03-13 17:00:00,11.2,72.0
2025-03-13 18:00:00,13.4,1.0
2025-03-13 19:00:00,13.5,0.0
2025-03-13 20:00:00,14.4,0.0
2025-03-13 21:00:00,13.5,0.0
2025-03-13 22:00:00,14.8,0.0
2025-03-13 23:00:00,17.8,0.0
2025-03-14 00:00:00,20.6,0.0
2025-03-14 01:00:00,23.7,0.0
2025-03-14 02:00:00,19.7,0.0
2025-03-14 03:00:00,27.1,0.0
2025-03-14 04:00:00,28.3,0.0
2025-03-14 05:00:00,27.2,0.0
2025-03-14 06:00:00,23.5,4.0
2025-03-14 07:00:00,16.9,77.0
2025-03-14 08:00:00,12.4,261.0
2025-03-14 09:00:00,15.9,376.0
2025-03-14 10:00:00,19.2,412.0
2025-03-14 11:00:00,22.0,368.0
2025-03-14 12:00:00,20.6,308.0
2025-03-14 13:00:00,13.7,377.0
2025-03-14 14:00:00,8.5,290.0
2025-03-14 15:00:00,6.3,207.0
2025-03-14 16:00:00,5.5,89.0
2025-03-14 17:00:00,5.1,54.0
2025-03-14 18:00:00,4.7,1.0
2025-03-14 19:00:00,4.8,0.0
2025-03-14 20:00:00,4.5,0.0
2025-03-14 21:00:00,5.0,0.0
2025-03-14 22:00:00,5.2,0.0
2025-03-14 23:00:00,6.1,0.0
2025-03-15 00:00:00,3.6,0.0
2025-03-15 01:00:00,9.0,0.0
2025-03-15 02:00:00,1.3,0.0
2025-03-15 03:00:00,1.1,0.0
2025-03-15 04:00:00,2.9,0.0
2025-03-15 05:00:00,3.9,0.0
2025-03-15 06:00:00,3.8,4.0
2025-03-15 07:00:00,4.2,47.0
2025-03-15 08:00:00,2.5,216.0
2025-03-15 09:00:00,3.5,346.0
2025-03-15 10:00:00,4.7,546.0
2025-03-15 11:00:00,4.6,510.0
2025-03-15 12:00:00,8.2,349.0
2025-03-15 13:00:00,2.2,440.0
2025-03-15 14:00:00,10.4,293.0
2025-03-15 15:00:00,8.8,187.0
2025-03-15 16:00:00,10.0,219.0
2025-03-15 17:00:00,3.0,31.0
2025-03-15 18:00:00,6.8,1.0
2025-03-15 19:00:00,6.5,0.0
2025-03-15 20:00:00,5.1,0.0
2025-03-15 21:00:00,5.2,0.0
2025-03-15 22:00:00,11.6,0.0
2025-03-15 23:00:00,10.4,0.0
2025-03-16 00:00:00,9.2,0.0
2025-03-16 01:00:00,9.4,0.0
2025-03-16 02:00:00,6.4,0.0
2025-03-16 03:00:00,3.9,0.0
2025-03-16 04:00:00,6.0,0.0
2025-03-16 05:00:00,9.4,0.0
2025-03-16 06:00:00,8.7,15.0
2025-03-16 07:00:00,7.2,133.0
2025-03-16 08:00:00,9.1,308.0
2025-03-16 09:00:00,12.7,383.0
2025-03-16 10:00:00,16.4,518.0
2025-03-16 11:00:00,16.9,642.0
2025-03-16 12:00:00,16.9,546.0
2025-03-16 13:00:00,18.4,654.0
2025-03-16 14:00:00,17.4,540.0
2025-03-16 15:00:00,17.1,394.0
2025-03-16 16:00:00,12.9,221.0
2025-03-16 17:00:00,10.4,79.0
2025-03-16 18:00:00,10.6,1.0
2025-03-16 19:00:00,8.7,0.0
2025-03-16 20:00:00,7.4,0.0
2025-03-16 21:00:00,4.7,0.0
2025-03-16 22:00:00,3.0,0.0
2025-03-16 23:00:00,2.7,0.0
2025-03-17 00:00:00,2.8,0.0
2025-03-17 01:00:00,2.4,0.0
2025-03-17 02:00:00,3.6,0.0
2025-03-17 03:00:00,1.3,0.0
2025-03-17 04:00:00,4.3,0.0
2025-03-17 05:00:00,3.7,0.0
2025-03-17 06:00:00,3.1,19.0
2025-03-17 07:00:00,2.2,158.0
2025-03-17 08:00:00,2.1,336.0
2025-03-17 09:00:00,2.8,457.0
2025-03-17 10:00:00,2.5,504.0
2025-03-17 11:00:00,4.3,557.0
2025-03-17 12:00:00,8.0,414.0
2025-03-17 13:00:00,6.9,544.0
2025-03-17 14:00:00,9.9,317.0
2025-03-17 15:00:00,4.5,394.0
2025-03-17 16:00:00,3.3,262.0
2025-03-17 17:00:00,4.5,85.0
2025-03-17 18:00:00,6.9,2.0
2025-03-17 19:00:00,5.2,0.0
2025-03-17 20:00:00,3.9,0.0
2025-03-17 21:00:00,3.7,0.0
2025-03-17 22:00:00,4.7,0.0
2025-03-17 23:00:00,3.5,0.0
2025-03-18 00:00:00,3.5,0.0
2025-03-18 01:00:00,2.7,0.0
2025-03-18 02:00:00,4.2,0.0
2025-03-18 03:00:00,6.1,0.0
2025-03-18 04:00:00,3.4,0.0
2025-03-18 05:00:00,4.5,0.0
2025-03-18 06:00:00,6.8,22.0
2025-03-18 07:00:00,9.3,166.0
2025-03-18 08:00:00,11.7,361.0
2025-03-18 09:00:00,14.4,540.0
2025-03-18 10:00:00,15.7,679.0
2025-03-18 11:00:00,14.4,755.0
2025-03-18 12:00:00,11.0,769.0
2025-03-18 13:00:00,10.8,725.0
2025-03-18 14:00:00,9.8,623.0
2025-03-18 15:00:00,11.0,470.0
2025-03-18 16:00:00,10.9,286.0
2025-03-18 17:00:00,9.3,99.0
2025-03-18 18:00:00,4.8,3.0
2025-03-18 19:00:00,4.8,0.0
2025-03-18 20:00:00,6.0,0.0
2025-03-18 21:00:00,6.2,0.0
2025-03-18 22:00:00,4.8,0.0
2025-03-18 23:00:00,3.9,0.0
2025-03-19 00:00:00,4.4,0.0
2025-03-19 01:00:00,5.3,0.0
2025-03-19 02:00:00,5.6,0.0
2025-03-19 03:00:00,6.4,0.0
2025-03-19 04:00:00,6.7,0.0
2025-03-19 05:00:00,6.5,0.0
2025-03-19 06:00:00,7.2,23.0
2025-03-19 07:00:00,5.0,171.0
2025-03-19 08:00:00,4.5,359.0
2025-03-19 09:00:00,2.6,511.0
2025-03-19 10:00:00,2.2,650.0
2025-03-19 11:00:00,3.4,739.0
2025-03-19 12:00:00,3.0,688.0
2025-03-19 13:00:00,2.8,652.0
2025-03-19 14:00:00,2.7,503.0
2025-03-19 15:00:00,2.6,390.0
2025-03-19 16:00:00,9.3,280.0
2025-03-19 17:00:00,10.3,101.0
2025-03-19 18:00:00,5.1,3.0
2025-03-19 19:00:00,4.7,0.0
2025-03-19 20:00:00,3.8,0.0
2025-03-19 21:00:00,1.8,0.0
2025-03-19 22:00:00,1.1,0.0
2025-03-19 23:00:00,1.1,0.0
2025-03-20 00:00:00,1.8,0.0
2025-03-20 01:00:00,2.9,0.0
2025-03-20 02:00:00,3.9,0.0
2025-03-20 03:00:00,3.5,0.0
2025-03-20 04:00:00,3.9,0.0
2025-03-20 05:00:00,4.8,0.0
2025-03-20 06:00:00,5.6,26.0
2025-03-20 07:00:00,4.7,176.0
2025-03-20 08:00:00,5.1,364.0
2025-03-20 09:00:00,4.1,534.0
2025-03-20 10:00:00,1.6,665.0
2025-03-20 11:00:00,3.1,741.0
2025-03-20 12:00:00,4.0,758.0
2025-03-20 13:00:00,5.2,714.0
2025-03-20 14:00:00,7.6,547.0
2025-03-20 15:00:00,10.2,386.0
2025-03-20 16:00:00,12.3,272.0
2025-03-20 17:00:00,8.9,82.0
2025-03-20 18:00:00,4.6,3.0
2025-03-20 19:00:00,2.1,0.0
2025-03-20 20:00:00,1.8,0.0
2025-03-20 21:00:00,2.3,0.0
2025-03-20 22:00:00,4.3,0.0
2025-03-20 23:00:00,2.9,0.0
2025-03-21 00:00:00,2.8,0.0
2025-03-21 01:00:00,1.9,0.0
2025-03-21 02:00:00,2.4,0.0
2025-03-21 03:00:00,3.1,0.0
2025-03-21 04:00:00,3.3,0.0
2025-03-21 05:00:00,2.7,0.0
2025-03-21 06:00:00,3.5,27.0
2025-03-21 07:00:00,2.7,171.0
2025-03-21 08:00:00,2.0,356.0
2025-03-21 09:00:00,2.8,513.0
2025-03-21 10:00:00,7.2,641.0
2025-03-21 11:00:00,9.0,729.0
2025-03-21 12:00:00,10.0,751.0
2025-03-21 13:00:00,9.6,700.0
2025-03-21 14:00:00,11.3,558.0
2025-03-21 15:00:00,11.3,430.0
2025-03-21 16:00:00,11.9,276.0
2025-03-21 17:00:00,10.7,79.0
2025-03-21 18:00:00,4.9,4.0
2025-03-21 19:00:00,3.3,0.0
2025-03-21 20:00:00,1.9,0.0
2025-03-21 21:00:00,0.8,0.0
2025-03-21 22:00:00,1.2,0.0
2025-03-21 23:00:00,1.5,0.0
2025-03-22 00:00:00,3.4,0.0
2025-03-22 01:00:00,2.2,0.0
2025-03-22 02:00:00,1.1,0.0
2025-03-22 03:00:00,2.7,0.0
2025-03-22 04:00:00,9.0,0.0
2025-03-22 05:00:00,1.3,0.0
2025-03-22 06:00:00,12.2,6.0
2025-03-22 07:00:00,9.8,21.0
2025-03-22 08:00:00,14.8,42.0
2025-03-22 09:00:00,19.9,128.0
2025-03-22 10:00:00,14.3,305.0
2025-03-22 11:00:00,13.1,249.0
2025-03-22 12:00:00,10.6,174.0
2025-03-22 13:00:00,10.3,273.0
2025-03-22 14:00:00,11.5,183.0
2025-03-22 15:00:00,12.4,134.0
2025-03-22 16:00:00,11.2,72.0
2025-03-22 17:00:00,10.2,15.0
2025-03-22 18:00:00,6.5,2.0
2025-03-22 19:00:00,3.8,0.0
2025-03-22 20:00:00,2.9,0.0
2025-03-22 21:00:00,2.7,0.0
2025-03-22 22:00:00,6.6,0.0
2025-03-22 23:00:00,13.1,0.0
2025-03-23 00:00:00,11.9,0.0
2025-03-23 01:00:00,8.3,0.0
2025-03-23 02:00:00,11.3,0.0
2025-03-23 03:00:00,11.3,0.0
2025-03-23 04:00:00,9.5,0.0
2025-03-23 05:00:00,6.7,0.0
2025-03-23 06:00:00,3.3,16.0
2025-03-23 07:00:00,1.0,50.0
2025-03-23 08:00:00,1.2,139.0
2025-03-23 09:00:00,6.3,440.0
2025-03-23 10:00:00,10.6,569.0
2025-03-23 11:00:00,12.0,625.0
2025-03-23 12:00:00,11.4,605.0
2025-03-23 13:00:00,11.5,576.0
2025-03-23 14:00:00,10.2,510.0
2025-03-23 15:00:00,7.0,356.0
2025-03-23 16:00:00,4.0,216.0
2025-03-23 17:00:00,4.1,73.0
2025-03-23 18:00:00,4.3,4.0
2025-03-23 19:00:00,3.6,0.0
2025-03-23 20:00:00,3.8,0.0
2025-03-23 21:00:00,3.1,0.0
2025-03-23 22:00:00,1.9,0.0
2025-03-23 23:00:00,1.8,0.0
2025-03-24 00:00:00,4.7,0.0
2025-03-24 01:00:00,2.9,0.0
2025-03-24 02:00:00,3.1,0.0
2025-03-24 03:00:00,1.3,0.0
2025-03-24 04:00:00,2.3,0.0
2025-03-24 05:00:00,2.1,0.0
2025-03-24 06:00:00,8.7,9.0
2025-03-24 07:00:00,3.7,55.0
2025-03-24 08:00:00,3.0,83.0
2025-03-24 09:00:00,1.2,318.0
2025-03-24 10:00:00,3.2,422.0
2025-03-24 11:00:00,8.1,313.0
2025-03-24 12:00:00,9.4,442.0
2025-03-24 13:00:00,6.3,662.0
2025-03-24 14:00:00,8.6,596.0
2025-03-24 15:00:00,9.6,452.0
2025-03-24 16:00:00,8.2,257.0
2025-03-24 17:00:00,7.1,103.0
2025-03-24 18:00:00,7.5,6.0
2025-03-24 19:00:00,7.3,0.0
2025-03-24 20:00:00,7.5,0.0
2025-03-24 21:00:00,1.8,0.0
2025-03-24 22:00:00,3.2,0.0
2025-03-24 23:00:00,2.0,0.0
2025-03-25 00:00:00,1.5,0.0
2025-03-25 01:00:00,0.9,0.0
2025-03-25 02:00:00,3.0,0.0
2025-03-25 03:00:00,3.9,0.0
2025-03-25 04:00:00,3.6,0.0
2025-03-25 05:00:00,3.9,0.0
2025-03-25 06:00:00,5.6,37.0
2025-03-25 07:00:00,4.2,179.0
2025-03-25 08:00:00,3.9,337.0
2025-03-25 09:00:00,2.8,460.0
2025-03-25 10:00:00,5.0,518.0
2025-03-25 11:00:00,11.9,570.0
2025-03-25 12:00:00,16.6,623.0
2025-03-25 13:00:00,12.5,498.0
2025-03-25 14:00:00,11.9,560.0
2025-03-25 15:00:00,11.4,383.0
2025-03-25 16:00:00,9.7,253.0
2025-03-25 17:00:00,7.1,104.0
2025-03-25 18:00:00,3.0,6.0
2025-03-25 19:00:00,1.6,0.0
2025-03-25 20:00:00,0.3,0.0
2025-03-25 21:00:00,2.0,0.0
2025-03-25 22:00:00,1.0,0.0
2025-03-25 23:00:00,0.5,0.0
2025-03-26 00:00:00,2.0,0.0
2025-03-26 01:00:00,1.6,0.0
2025-03-26 02:00:00,2.1,0.0
2025-03-26 03:00:00,3.8,0.0
2025-03-26 04:00:00,3.4,0.0
2025-03-26 05:00:00,2.2,0.0
2025-03-26 06:00:00,2.8,43.0
2025-03-26 07:00:00,2.9,208.0
2025-03-26 08:00:00,4.5,395.0
2025-03-26 09:00:00,4.5,569.0
2025-03-26 10:00:00,4.1,653.0
2025-03-26 11:00:00,2.6,706.0
2025-03-26 12:00:00,1.4,689.0
2025-03-26 13:00:00,4.8,657.0
2025-03-26 14:00:00,12.0,568.0
2025-03-26 15:00:00,5.2,393.0
2025-03-26 16:00:00,3.0,220.0
2025-03-26 17:00:00,4.4,91.0
2025-03-26 18:00:00,7.2,7.0
2025-03-26 19:00:00,5.1,0.0
2025-03-26 20:00:00,7.6,0.0
2025-03-26 21:00:00,3.1,0.0
2025-03-26 22:00:00,3.0,0.0
2025-03-26 23:00:00,1.0,0.0
2025-03-27 00:00:00,2.4,0.0
2025-03-27 01:00:00,4.4,0.0
2025-03-27 02:00:00,6.4,0.0
2025-03-27 03:00:00,5.8,0.0
2025-03-27 04:00:00,5.6,0.0
2025-03-27 05:00:00,6.5,0.0
2025-03-27 06:00:00,6.4,26.0
2025-03-27 07:00:00,5.0,106.0
2025-03-27 08:00:00,6.2,134.0
2025-03-27 09:00:00,7.1,215.0
2025-03-27 10:00:00,12.8,336.0
2025-03-27 11:00:00,11.1,434.0
2025-03-27 12:00:00,9.3,455.0
2025-03-27 13:00:00,19.6,292.0
2025-03-27 14:00:00,19.3,226.0
2025-03-27 15:00:00,19.9,227.0
2025-03-27 16:00:00,18.2,128.0
2025-03-27 17:00:00,16.5,56.0
2025-03-27 18:00:00,17.7,4.0
2025-03-27 19:00:00,16.8,0.0
2025-03-27 20:00:00,13.3,0.0
2025-03-27 21:00:00,10.0,0.0
2025-03-27 22:00:00,7.4,0.0
2025-03-27 23:00:00,5.3,0.0
2025-03-28 00:00:00,3.1,0.0
2025-03-28 01:00:00,3.6,0.0
2025-03-28 02:00:00,5.1,0.0
2025-03-28 03:00:00,5.2,0.0
2025-03-28 04:00:00,7.0,0.0
2025-03-28 05:00:00,5.5,0.0
2025-03-28 06:00:00,8.3,27.0
2025-03-28 07:00:00,6.6,64.0
2025-03-28 08:00:00,3.1,114.0
2025-03-28 09:00:00,8.6,164.0
2025-03-28 10:00:00,4.7,345.0
2025-03-28 11:00:00,5.9,393.0
2025-03-28 12:00:00,9.5,249.0
2025-03-28 13:00:00,17.5,138.0
2025-03-28 14:00:00,13.9,105.0
2025-03-28 15:00:00,13.9,141.0
2025-03-28 16:00:00,14.0,86.0
2025-03-28 17:00:00,10.6,19.0
2025-03-28 18:00:00,8.0,3.0
2025-03-28 19:00:00,6.5,0.0
2025-03-28 20:00:00,6.1,0.0
2025-03-28 21:00:00,5.7,0.0
2025-03-28 22:00:00,2.7,0.0
2025-03-28 23:00:00,2.7,0.0
2025-03-29 00:00:00,3.6,0.0
2025-03-29 01:00:00,1.1,0.0
2025-03-29 02:00:00,2.6,0.0
2025-03-29 03:00:00,3.5,0.0
2025-03-29 04:00:00,3.0,0.0
2025-03-29 05:00:00,1.8,0.0
2025-03-29 06:00:00,2.7,44.0
2025-03-29 07:00:00,2.7,176.0
2025-03-29 08:00:00,2.9,371.0
2025-03-29 09:00:00,5.5,422.0
2025-03-29 10:00:00,2.9,504.0
2025-03-29 11:00:00,2.9,333.0
2025-03-29 12:00:00,2.8,510.0
2025-03-29 13:00:00,4.7,524.0
2025-03-29 14:00:00,3.5,219.0
2025-03-29 15:00:00,8.6,172.0
2025-03-29 16:00:00,5.2,143.0
2025-03-29 17:00:00,6.2,90.0
2025-03-29 18:00:00,6.7,5.0
2025-03-29 19:00:00,3.2,0.0
2025-03-29 20:00:00,2.1,0.0
2025-03-29 21:00:00,3.1,0.0
2025-03-29 22:00:00,3.6,0.0
2025-03-29 23:00:00,5.8,0.0
2025-03-30 00:00:00,7.4,0.0
2025-03-30 01:00:00,6.4,0.0
2025-03-30 02:00:00,8.1,0.0
2025-03-30 03:00:00,10.1,0.0
2025-03-30 04:00:00,10.6,0.0
2025-03-30 05:00:00,12.0,0.0
2025-03-30 06:00:00,12.6,53.0
2025-03-30 07:00:00,9.9,224.0
2025-03-30 08:00:00,10.2,413.0
2025-03-30 09:00:00,10.7,575.0
2025-03-30 10:00:00,9.6,608.0
2025-03-30 11:00:00,8.9,638.0
2025-03-30 12:00:00,10.5,719.0
2025-03-30 13:00:00,11.6,632.0
2025-03-30 14:00:00,11.0,428.0
2025-03-30 15:00:00,5.2,323.0
2025-03-30 16:00:00,4.2,283.0
2025-03-30 17:00:00,1.3,122.0
2025-03-30 18:00:00,1.3,10.0
2025-03-30 19:00:00,2.4,0.0
2025-03-30 20:00:00,3.1,0.0
2025-03-30 21:00:00,4.9,0.0
2025-03-30 22:00:00,4.7,0.0
2025-03-30 23:00:00,3.6,0.0
2025-03-31 00:00:00,3.5,0.0
2025-03-31 01:00:00,7.0,0.0
2025-03-31 02:00:00,6.1,0.0
2025-03-31 03:00:00,5.2,0.0
2025-03-31 04:00:00,5.2,0.0
2025-03-31 05:00:00,7.0,0.0
2025-03-31 06:00:00,6.7,29.0
2025-03-31 07:00:00,8.3,80.0
2025-03-31 08:00:00,10.3,389.0
2025-03-31 09:00:00,14.7,547.0
2025-03-31 10:00:00,13.6,283.0
2025-03-31 11:00:00,11.8,184.0
2025-03-31 12:00:00,15.6,264.0
2025-03-31 13:00:00,18.7,741.0
2025-03-31 14:00:00,18.7,649.0
2025-03-31 15:00:00,17.8,491.0
2025-03-31 16:00:00,15.0,322.0
2025-03-31 17:00:00,11.4,132.0
2025-03-31 18:00:00,13.4,11.0
2025-03-31 19:00:00,15.7,0.0
2025-03-31 20:00:00,17.5,0.0
2025-03-31 21:00:00,16.0,0.0
2025-03-31 22:00:00,17.7,0.0
2025-03-31 23:00:00,17.8,0.0
2025-04-01 00:00:00,20.4,0.0
2025-04-01 01:00:00,20.9,0.0
2025-04-01 02:00:00,21.9,0.0
2025-04-01 03:00:00,24.2,0.0
2025-04-01 04:00:00,22.5,0.0
2025-04-01 05:00:00,20.5,0.0
2025-04-01 06:00:00,20.0,37.0
2025-04-01 07:00:00,22.3,132.0
2025-04-01 08:00:00,21.8,261.0
2025-04-01 09:00:00,22.6,345.0
2025-04-01 10:00:00,21.6,403.0
2025-04-01 11:00:00,20.9,403.0
2025-04-01 12:00:00,17.7,315.0
2025-04-01 13:00:00,20.4,452.0
2025-04-01 14:00:00,23.6,426.0
2025-04-01 15:00:00,19.3,332.0
2025-04-01 16:00:00,12.1,178.0
2025-04-01 17:00:00,12.2,59.0
2025-04-01 18:00:00,18.3,8.0
2025-04-01 19:00:00,19.1,0.0
2025-04-01 20:00:00,18.7,0.0
2025-04-01 21:00:00,16.7,0.0
2025-04-01 22:00:00,13.7,0.0
2025-04-01 23:00:00,9.4,0.0
2025-04-02 00:00:00,7.2,0.0
2025-04-02 01:00:00,7.4,0.0
2025-04-02 02:00:00,5.6,0.0
2025-04-02 03:00:00,6.7,0.0
2025-04-02 04:00:00,6.5,0.0
2025-04-02 05:00:00,5.7,0.0
2025-04-02 06:00:00,6.5,66.0
2025-04-02 07:00:00,4.7,237.0
2025-04-02 08:00:00,4.5,421.0
2025-04-02 09:00:00,4.1,588.0
2025-04-02 10:00:00,3.3,672.0
2025-04-02 11:00:00,2.9,677.0
2025-04-02 12:00:00,3.5,638.0
2025-04-02 13:00:00,6.3,611.0
2025-04-02 14:00:00,5.0,446.0
2025-04-02 15:00:00,4.1,425.0
2025-04-02 16:00:00,5.3,280.0
2025-04-02 17:00:00,3.9,118.0
2025-04-02 18:00:00,8.0,12.0
2025-04-02 19:00:00,4.7,0.0
2025-04-02 20:00:00,3.7,0.0
2025-04-02 21:00:00,3.2,0.0
2025-04-02 22:00:00,1.9,0.0
2025-04-02 23:00:00,3.0,0.0
2025-04-03 00:00:00,5.2,0.0
2025-04-03 01:00:00,4.8,0.0
2025-04-03 02:00:00,5.6,0.0
2025-04-03 03:00:00,5.9,0.0
2025-04-03 04:00:00,5.0,0.0
2025-04-03 05:00:00,5.7,0.0
2025-04-03 06:00:00,6.3,66.0
2025-04-03 07:00:00,5.7,236.0
2025-04-03 08:00:00,5.8,424.0
2025-04-03 09:00:00,4.3,589.0
2025-04-03 10:00:00,1.7,715.0
2025-04-03 11:00:00,0.4,741.0
2025-04-03 12:00:00,1.8,759.0
2025-04-03 13:00:00,5.6,689.0
2025-04-03 14:00:00,7.3,583.0
2025-04-03 15:00:00,8.0,408.0
2025-04-03 16:00:00,9.3,304.0
2025-04-03 17:00:00,11.1,138.0
2025-04-03 18:00:00,8.9,14.0
2025-04-03 19:00:00,3.5,0.0
2025-04-03 20:00:00,0.4,0.0
2025-04-03 21:00:00,2.3,0.0
2025-04-03 22:00:00,4.2,0.0
2025-04-03 23:00:00,4.5,0.0
2025-04-04 00:00:00,5.8,0.0
2025-04-04 01:00:00,7.2,0.0
2025-04-04 02:00:00,5.1,0.0
2025-04-04 03:00:00,5.1,0.0
2025-04-04 04:00:00,5.7,0.0
2025-04-04 05:00:00,7.0,1.0
2025-04-04 06:00:00,6.8,71.0
2025-04-04 07:00:00,5.1,243.0
2025-04-04 08:00:00,4.9,433.0
2025-04-04 09:00:00,4.1,598.0
2025-04-04 10:00:00,3.1,730.0
2025-04-04 11:00:00,2.7,805.0
2025-04-04 12:00:00,4.5,799.0
2025-04-04 13:00:00,4.3,777.0
2025-04-04 14:00:00,8.0,674.0
2025-04-04 15:00:00,10.9,513.0
2025-04-04 16:00:00,10.4,331.0
2025-04-04 17:00:00,8.7,138.0
2025-04-04 18:00:00,6.6,15.0
2025-04-04 19:00:00,2.7,0.0
2025-04-04 20:00:00,3.0,0.0
2025-04-04 21:00:00,3.5,0.0
2025-04-04 22:00:00,3.1,0.0
2025-04-04 23:00:00,3.3,0.0
2025-04-05 00:00:00,3.3,0.0
2025-04-05 01:00:00,3.3,0.0
2025-04-05 02:00:00,3.9,0.0
2025-04-05 03:00:00,4.5,0.0
2025-04-05 04:00:00,4.4,0.0
2025-04-05 05:00:00,5.4,1.0
2025-04-05 06:00:00,6.6,77.0
2025-04-05 07:00:00,6.0,253.0
2025-04-05 08:00:00,5.1,444.0
2025-04-05 09:00:00,1.6,612.0
2025-04-05 10:00:00,3.8,742.0
2025-04-05 11:00:00,5.3,770.0
2025-04-05 12:00:00,6.8,716.0
2025-04-05 13:00:00,8.1,749.0
2025-04-05 14:00:00,10.2,647.0
2025-04-05 15:00:00,11.2,470.0
2025-04-05 16:00:00,9.8,305.0
2025-04-05 17:00:00,9.0,138.0
2025-04-05 18:00:00,6.5,16.0
2025-04-05 19:00:00,4.3,0.0
2025-04-05 20:00:00,3.0,0.0
2025-04-05 21:00:00,1.5,0.0
2025-04-05 22:00:00,0.6,0.0
2025-04-05 23:00:00,0.9,0.0
2025-04-06 00:00:00,1.1,0.0
2025-04-06 01:00:00,1.6,0.0
2025-04-06 02:00:00,1.4,0.0
2025-04-06 03:00:00,3.6,0.0
2025-04-06 04:00:00,5.1,0.0
2025-04-06 05:00:00,3.1,1.0
2025-04-06 06:00:00,4.0,65.0
2025-04-06 07:00:00,5.3,170.0
2025-04-06 08:00:00,2.3,367.0
2025-04-06 09:00:00,0.8,526.0
2025-04-06 10:00:00,2.7,733.0
2025-04-06 11:00:00,4.0,800.0
2025-04-06 12:00:00,6.3,699.0
2025-04-06 13:00:00,8.6,628.0
2025-04-06 14:00:00,7.8,590.0
2025-04-06 15:00:00,7.8,455.0
2025-04-06 16:00:00,4.0,238.0
2025-04-06 17:00:00,2.6,131.0
2025-04-06 18:00:00,10.1,17.0
2025-04-06 19:00:00,12.6,0.0
2025-04-06 20:00:00,6.0,0.0
2025-04-06 21:00:00,10.1,0.0
2025-04-06 22:00:00,10.6,0.0
2025-04-06 23:00:00,10.5,0.0
2025-04-07 00:00:00,9.1,0.0
2025-04-07 01:00:00,6.4,0.0
2025-04-07 02:00:00,6.8,0.0
2025-04-07 03:00:00,7.4,0.0
2025-04-07 04:00:00,6.1,0.0
2025-04-07 05:00:00,6.4,2.0
2025-04-07 06:00:00,5.5,89.0
2025-04-07 07:00:00,4.7,272.0
2025-04-07 08:00:00,5.0,469.0
2025-04-07 09:00:00,3.4,639.0
2025-04-07 10:00:00,3.3,764.0
2025-04-07 11:00:00,5.2,832.0
2025-04-07 12:00:00,6.1,840.0
2025-04-07 13:00:00,6.4,789.0
2025-04-07 14:00:00,11.4,685.0
2025-04-07 15:00:00,17.4,531.0
2025-04-07 16:00:00,15.1,349.0
2025-04-07 17:00:00,12.4,153.0
2025-04-07 18:00:00,9.4,18.0
2025-04-07 19:00:00,1.9,0.0
2025-04-07 20:00:00,0.9,0.0
2025-04-07 21:00:00,0.6,0.0
2025-04-07 22:00:00,1.5,0.0
2025-04-07 23:00:00,4.2,0.0
2025-04-08 00:00:00,5.5,0.0
2025-04-08 01:00:00,4.8,0.0
2025-04-08 02:00:00,5.8,0.0
2025-04-08 03:00:00,4.9,0.0
2025-04-08 04:00:00,5.9,0.0
2025-04-08 05:00:00,5.9,2.0
2025-04-08 06:00:00,7.2,47.0
2025-04-08 07:00:00,6.7,111.0
2025-04-08 08:00:00,7.0,212.0
2025-04-08 09:00:00,4.2,377.0
2025-04-08 10:00:00,6.4,667.0
2025-04-08 11:00:00,10.7,713.0
2025-04-08 12:00:00,12.3,689.0
2025-04-08 13:00:00,9.4,696.0
2025-04-08 14:00:00,10.5,583.0
2025-04-08 15:00:00,10.0,431.0
2025-04-08 16:00:00,11.2,269.0
2025-04-08 17:00:00,11.9,137.0
2025-04-08 18:00:00,11.8,19.0
2025-04-08 19:00:00,8.4,0.0
2025-04-08 20:00:00,2.7,0.0
2025-04-08 21:00:00,1.5,0.0
2025-04-08 22:00:00,1.7,0.0
2025-04-08 23:00:00,3.2,0.0
2025-04-09 00:00:00,3.5,0.0
2025-04-09 01:00:00,3.9,0.0
2025-04-09 02:00:00,2.9,0.0
2025-04-09 03:00:00,4.0,0.0
2025-04-09 04:00:00,4.4,0.0
2025-04-09 05:00:00,5.7,3.0
2025-04-09 06:00:00,6.0,90.0
2025-04-09 07:00:00,5.4,273.0
2025-04-09 08:00:00,3.4,466.0
2025-04-09 09:00:00,5.7,629.0
2025-04-09 10:00:00,8.9,738.0
2025-04-09 11:00:00,8.9,691.0
2025-04-09 12:00:00,8.9,587.0
2025-04-09 13:00:00,9.7,702.0
2025-04-09 14:00:00,10.0,563.0
2025-04-09 15:00:00,10.4,436.0
2025-04-09 16:00:00,11.2,259.0
2025-04-09 17:00:00,9.4,129.0
2025-04-09 18:00:00,5.9,18.0
2025-04-09 19:00:00,4.0,0.0
2025-04-09 20:00:00,3.8,0.0
2025-04-09 21:00:00,4.0,0.0
2025-04-09 22:00:00,3.9,0.0
2025-04-09 23:00:00,4.3,0.0
2025-04-10 00:00:00,4.2,0.0
2025-04-10 01:00:00,3.3,0.0
2025-04-10 02:00:00,3.1,0.0
2025-04-10 03:00:00,3.4,0.0
2025-04-10 04:00:00,4.0,0.0
2025-04-10 05:00:00,3.1,3.0
2025-04-10 06:00:00,4.0,69.0
2025-04-10 07:00:00,3.4,215.0
2025-04-10 08:00:00,1.8,385.0
2025-04-10 09:00:00,2.0,563.0
2025-04-10 10:00:00,3.2,510.0
2025-04-10 11:00:00,6.2,537.0
2025-04-10 12:00:00,7.5,711.0
2025-04-10 13:00:00,7.6,709.0
2025-04-10 14:00:00,6.6,550.0
2025-04-10 15:00:00,8.0,445.0
2025-04-10 16:00:00,8.0,298.0
2025-04-10 17:00:00,10.5,137.0
2025-04-10 18:00:00,11.1,20.0
2025-04-10 19:00:00,4.8,0.0
2025-04-10 20:00:00,1.3,0.0
2025-04-10 21:00:00,0.4,0.0
2025-04-10 22:00:00,0.9,0.0
2025-04-10 23:00:00,2.9,0.0
2025-04-11 00:00:00,3.9,0.0
2025-04-11 01:00:00,3.3,0.0
2025-04-11 02:00:00,3.2,0.0
2025-04-11 03:00:00,3.5,0.0
2025-04-11 04:00:00,4.3,0.0
2025-04-11 05:00:00,5.3,4.0
2025-04-11 06:00:00,5.8,101.0
2025-04-11 07:00:00,5.8,282.0
2025-04-11 08:00:00,4.7,469.0
2025-04-11 09:00:00,2.8,634.0
2025-04-11 10:00:00,2.3,757.0
2025-04-11 11:00:00,3.2,798.0
2025-04-11 12:00:00,3.5,832.0
2025-04-11 13:00:00,5.8,816.0
2025-04-11 14:00:00,7.9,685.0
2025-04-11 15:00:00,10.5,519.0
2025-04-11 16:00:00,11.4,350.0
2025-04-11 17:00:00,9.7,164.0
2025-04-11 18:00:00,10.0,23.0
2025-04-11 19:00:00,6.5,0.0
2025-04-11 20:00:00,3.4,0.0
2025-04-11 21:00:00,3.0,0.0
2025-04-11 22:00:00,1.8,0.0
2025-04-11 23:00:00,1.2,0.0
2025-04-12 00:00:00,1.8,0.0
2025-04-12 01:00:00,1.8,0.0
2025-04-12 02:00:00,4.3,0.0
2025-04-12 03:00:00,2.5,0.0
2025-04-12 04:00:00,3.6,0.0
2025-04-12 05:00:00,4.2,5.0
2025-04-12 06:00:00,4.4,106.0
2025-04-12 07:00:00,2.9,289.0
2025-04-12 08:00:00,2.1,479.0
2025-04-12 09:00:00,3.1,640.0
2025-04-12 10:00:00,4.7,723.0
2025-04-12 11:00:00,6.6,760.0
2025-04-12 12:00:00,7.9,692.0
2025-04-12 13:00:00,9.6,735.0
2025-04-12 14:00:00,8.6,606.0
2025-04-12 15:00:00,12.0,402.0
2025-04-12 16:00:00,9.7,183.0
2025-04-12 17:00:00,8.4,104.0
2025-04-12 18:00:00,4.8,23.0
2025-04-12 19:00:00,3.4,0.0
2025-04-12 20:00:00,3.3,0.0
2025-04-12 21:00:00,2.9,0.0
2025-04-12 22:00:00,0.9,0.0
2025-04-12 23:00:00,0.9,0.0
2025-04-13 00:00:00,2.8,0.0
2025-04-13 01:00:00,2.3,0.0
2025-04-13 02:00:00,0.8,0.0
2025-04-13 03:00:00,2.0,0.0
2025-04-13 04:00:00,1.7,0.0
2025-04-13 05:00:00,3.3,2.0
2025-04-13 06:00:00,2.0,36.0
2025-04-13 07:00:00,3.2,111.0
2025-04-13 08:00:00,2.3,179.0
2025-04-13 09:00:00,11.3,326.0
2025-04-13 10:00:00,12.5,239.0
2025-04-13 11:00:00,12.9,361.0
2025-04-13 12:00:00,12.8,345.0
2025-04-13 13:00:00,8.4,403.0
2025-04-13 14:00:00,13.2,377.0
2025-04-13 15:00:00,13.4,200.0
2025-04-13 16:00:00,9.0,141.0
2025-04-13 17:00:00,7.4,41.0
2025-04-13 18:00:00,6.4,9.0
2025-04-13 19:00:00,6.5,0.0
2025-04-13 20:00:00,4.2,0.0
2025-04-13 21:00:00,7.8,0.0
2025-04-13 22:00:00,10.1,0.0
2025-04-13 23:00:00,10.1,0.0
2025-04-14 00:00:00,4.9,0.0
2025-04-14 01:00:00,8.9,0.0
2025-04-14 02:00:00,12.9,0.0
2025-04-14 03:00:00,11.8,0.0
2025-04-14 04:00:00,15.3,0.0
2025-04-14 05:00:00,16.7,2.0
2025-04-14 06:00:00,12.7,34.0
2025-04-14 07:00:00,11.2,69.0
2025-04-14 08:00:00,12.2,169.0
2025-04-14 09:00:00,7.2,153.0
2025-04-14 10:00:00,4.1,189.0
2025-04-14 11:00:00,4.0,281.0
2025-04-14 12:00:00,6.9,383.0
2025-04-14 13:00:00,10.6,245.0
2025-04-14 14:00:00,8.1,284.0
2025-04-14 15:00:00,16.8,178.0
2025-04-14 16:00:00,17.6,61.0
2025-04-14 17:00:00,16.6,54.0
2025-04-14 18:00:00,17.4,6.0
2025-04-14 19:00:00,19.4,0.0
2025-04-14 20:00:00,18.3,0.0
2025-04-14 21:00:00,21.9,0.0
2025-04-14 22:00:00,23.3,0.0
2025-04-14 23:00:00,24.0,0.0
2025-04-15 00:00:00,22.7,0.0
2025-04-15 01:00:00,18.2,0.0
2025-04-15 02:00:00,19.9,0.0
2025-04-15 03:00:00,25.0,0.0
2025-04-15 04:00:00,19.4,0.0
2025-04-15 05:00:00,16.7,2.0
2025-04-15 06:00:00,19.3,27.0
2025-04-15 07:00:00,21.6,48.0
2025-04-15 08:00:00,17.3,127.0
2025-04-15 09:00:00,17.1,338.0
2025-04-15 10:00:00,19.8,497.0
2025-04-15 11:00:00,16.8,509.0
2025-04-15 12:00:00,17.5,688.0
2025-04-15 13:00:00,19.4,614.0
2025-04-15 14:00:00,18.5,532.0
2025-04-15 15:00:00,16.2,365.0
2025-04-15 16:00:00,12.8,259.0
2025-04-15 17:00:00,9.7,143.0
2025-04-15 18:00:00,8.0,27.0
2025-04-15 19:00:00,4.8,0.0
2025-04-15 20:00:00,3.7,0.0
2025-04-15 21:00:00,2.1,0.0
2025-04-15 22:00:00,0.4,0.0
2025-04-15 23:00:00,2.8,0.0
2025-04-16 00:00:00,3.7,0.0
2025-04-16 01:00:00,5.6,0.0
2025-04-16 02:00:00,3.1,0.0
2025-04-16 03:00:00,5.4,0.0
2025-04-16 04:00:00,6.0,0.0
2025-04-16 05:00:00,5.4,7.0
2025-04-16 06:00:00,6.5,73.0
2025-04-16 07:00:00,6.7,230.0
2025-04-16 08:00:00,4.9,307.0
2025-04-16 09:00:00,4.2,499.0
2025-04-16 10:00:00,17.1,561.0
2025-04-16 11:00:00,19.2,702.0
2025-04-16 12:00:00,19.0,783.0
2025-04-16 13:00:00,12.4,761.0
2025-04-16 14:00:00,16.5,589.0
2025-04-16 15:00:00,18.0,365.0
2025-04-16 16:00:00,16.1,256.0
2025-04-16 17:00:00,21.7,154.0
2025-04-16 18:00:00,18.9,22.0
2025-04-16 19:00:00,15.7,0.0
2025-04-16 20:00:00,17.0,0.0
2025-04-16 21:00:00,16.0,0.0
2025-04-16 22:00:00,16.6,0.0
2025-04-16 23:00:00,16.8,0.0
2025-04-17 00:00:00,19.0,0.0
2025-04-17 01:00:00,17.2,0.0
2025-04-17 02:00:00,22.2,0.0
2025-04-17 03:00:00,24.7,0.0
2025-04-17 04:00:00,24.4,0.0
2025-04-17 05:00:00,25.2,8.0
2025-04-17 06:00:00,23.9,75.0
2025-04-17 07:00:00,21.4,150.0
2025-04-17 08:00:00,18.3,243.0
2025-04-17 09:00:00,20.7,352.0
2025-04-17 10:00:00,15.0,188.0
2025-04-17 11:00:00,14.2,132.0
2025-04-17 12:00:00,13.5,85.0
2025-04-17 13:00:00,18.5,573.0
2025-04-17 14:00:00,18.5,446.0
2025-04-17 15:00:00,17.6,314.0
2025-04-17 16:00:00,16.9,342.0
2025-04-17 17:00:00,16.1,177.0
2025-04-17 18:00:00,13.5,31.0
2025-04-17 19:00:00,12.6,0.0
2025-04-17 20:00:00,12.2,0.0
2025-04-17 21:00:00,11.9,0.0
2025-04-17 22:00:00,10.2,0.0
2025-04-17 23:00:00,10.1,0.0
2025-04-18 00:00:00,9.4,0.0
2025-04-18 01:00:00,9.3,0.0
2025-04-18 02:00:00,4.0,0.0
2025-04-18 03:00:00,1.6,0.0
2025-04-18 04:00:00,9.2,0.0
2025-04-18 05:00:00,14.9,3.0
2025-04-18 06:00:00,17.1,42.0
2025-04-18 07:00:00,16.5,178.0
2025-04-18 08:00:00,18.1,265.0
2025-04-18 09:00:00,14.7,409.0
2025-04-18 10:00:00,14.0,554.0
2025-04-18 11:00:00,15.0,599.0
2025-04-18 12:00:00,15.6,634.0
2025-04-18 13:00:00,14.4,732.0
2025-04-18 14:00:00,16.2,616.0
2025-04-18 15:00:00,15.3,452.0
2025-04-18 16:00:00,12.3,310.0
2025-04-18 17:00:00,9.8,166.0
2025-04-18 18:00:00,7.7,33.0
2025-04-18 19:00:00,7.7,0.0
2025-04-18 20:00:00,8.1,0.0
2025-04-18 21:00:00,7.3,0.0
2025-04-18 22:00:00,6.9,0.0
2025-04-18 23:00:00,6.3,0.0
2025-04-19 00:00:00,6.1,0.0
2025-04-19 01:00:00,5.6,0.0
2025-04-19 02:00:00,4.5,0.0
2025-04-19 03:00:00,3.6,0.0
2025-04-19 04:00:00,2.4,0.0
2025-04-19 05:00:00,3.2,12.0
2025-04-19 06:00:00,4.0,131.0
2025-04-19 07:00:00,3.6,315.0
2025-04-19 08:00:00,1.3,497.0
2025-04-19 09:00:00,6.7,604.0
2025-04-19 10:00:00,9.0,717.0
2025-04-19 11:00:00,11.5,741.0
2025-04-19 12:00:00,11.3,658.0
2025-04-19 13:00:00,7.7,732.0
2025-04-19 14:00:00,7.9,620.0
2025-04-19 15:00:00,10.2,486.0
2025-04-19 16:00:00,10.5,339.0
2025-04-19 17:00:00,8.4,138.0
2025-04-19 18:00:00,7.2,25.0
2025-04-19 19:00:00,4.7,0.0
2025-04-19 20:00:00,3.9,0.0
2025-04-19 21:00:00,2.2,0.0
2025-04-19 22:00:00,1.3,0.0
2025-04-19 23:00:00,1.8,0.0
2025-04-20 00:00:00,3.2,0.0
2025-04-20 01:00:00,3.0,0.0
2025-04-20 02:00:00,3.4,0.0
2025-04-20 03:00:00,2.2,0.0
2025-04-20 04:00:00,3.8,0.0
2025-04-20 05:00:00,4.9,13.0
2025-04-20 06:00:00,2.9,132.0
2025-04-20 07:00:00,2.0,312.0
2025-04-20 08:00:00,1.8,500.0
2025-04-20 09:00:00,3.0,661.0
2025-04-20 10:00:00,8.0,766.0
2025-04-20 11:00:00,11.7,816.0
2025-04-20 12:00:00,12.3,836.0
2025-04-20 13:00:00,10.3,718.0
2025-04-20 14:00:00,11.8,654.0
2025-04-20 15:00:00,8.9,545.0
2025-04-20 16:00:00,5.9,367.0
2025-04-20 17:00:00,3.2,173.0
2025-04-20 18:00:00,5.4,33.0
2025-04-20 19:00:00,4.4,0.0
2025-04-20 20:00:00,1.6,0.0
2025-04-20 21:00:00,1.0,0.0
2025-04-20 22:00:00,1.6,0.0
2025-04-20 23:00:00,0.8,0.0
2025-04-21 00:00:00,4.7,0.0
2025-04-21 01:00:00,5.0,0.0
2025-04-21 02:00:00,2.0,0.0
2025-04-21 03:00:00,2.7,0.0
2025-04-21 04:00:00,3.9,0.0
2025-04-21 05:00:00,6.7,14.0
2025-04-21 06:00:00,4.8,113.0
2025-04-21 07:00:00,2.3,238.0
2025-04-21 08:00:00,2.4,449.0
2025-04-21 09:00:00,3.1,642.0
2025-04-21 10:00:00,4.3,766.0
2025-04-21 11:00:00,3.7,845.0
2025-04-21 12:00:00,3.3,883.0
2025-04-21 13:00:00,2.5,808.0
2025-04-21 14:00:00,5.4,563.0
2025-04-21 15:00:00,3.6,423.0
2025-04-21 16:00:00,3.5,271.0
2025-04-21 17:00:00,4.9,151.0
2025-04-21 18:00:00,2.9,34.0
2025-04-21 19:00:00,4.2,0.0
2025-04-21 20:00:00,2.6,0.0
2025-04-21 21:00:00,1.9,0.0
2025-04-21 22:00:00,3.2,0.0
2025-04-21 23:00:00,3.0,0.0
2025-04-22 00:00:00,3.1,0.0
2025-04-22 01:00:00,3.2,0.0
2025-04-22 02:00:00,4.6,0.0
2025-04-22 03:00:00,4.6,0.0
2025-04-22 04:00:00,4.8,0.0
2025-04-22 05:00:00,5.0,16.0
2025-04-22 06:00:00,5.6,136.0
2025-04-22 07:00:00,5.4,313.0
2025-04-22 08:00:00,5.1,500.0
2025-04-22 09:00:00,1.9,667.0
2025-04-22 10:00:00,4.8,785.0
2025-04-22 11:00:00,8.4,785.0
2025-04-22 12:00:00,8.4,651.0
2025-04-22 13:00:00,11.2,547.0
2025-04-22 14:00:00,8.0,510.0
2025-04-22 15:00:00,4.1,439.0
2025-04-22 16:00:00,6.0,291.0
2025-04-22 17:00:00,7.2,165.0
2025-04-22 18:00:00,0.7,36.0
2025-04-22 19:00:00,0.7,0.0
2025-04-22 20:00:00,3.7,0.0
2025-04-22 21:00:00,3.8,0.0
2025-04-22 22:00:00,3.2,0.0
2025-04-22 23:00:00,1.8,0.0
2025-04-23 00:00:00,2.9,0.0
2025-04-23 01:00:00,7.1,0.0
2025-04-23 02:00:00,6.5,0.0
2025-04-23 03:00:00,0.6,0.0
2025-04-23 04:00:00,3.7,0.0
2025-04-23 05:00:00,3.9,14.0
2025-04-23 06:00:00,3.1,120.0
2025-04-23 07:00:00,2.0,277.0
2025-04-23 08:00:00,1.7,507.0
2025-04-23 09:00:00,4.4,667.0
2025-04-23 10:00:00,8.6,746.0
2025-04-23 11:00:00,8.8,689.0
2025-04-23 12:00:00,8.8,524.0
2025-04-23 13:00:00,8.1,414.0
2025-04-23 14:00:00,1.9,264.0
2025-04-23 15:00:00,2.4,304.0
2025-04-23 16:00:00,4.1,254.0
2025-04-23 17:00:00,1.7,121.0
2025-04-23 18:00:00,0.5,35.0
2025-04-23 19:00:00,4.3,0.0
2025-04-23 20:00:00,4.2,0.0
2025-04-23 21:00:00,6.9,0.0
2025-04-23 22:00:00,6.6,0.0
2025-04-23 23:00:00,3.1,0.0
2025-04-24 00:00:00,4.7,0.0
2025-04-24 01:00:00,2.1,0.0
2025-04-24 02:00:00,2.4,0.0
2025-04-24 03:00:00,1.5,0.0
2025-04-24 04:00:00,4.4,0.0
2025-04-24 05:00:00,4.9,8.0
2025-04-24 06:00:00,1.7,80.0
2025-04-24 07:00:00,7.2,278.0
2025-04-24 08:00:00,9.5,388.0
2025-04-24 09:00:00,10.0,579.0
2025-04-24 10:00:00,7.5,708.0
2025-04-24 11:00:00,8.1,737.0
2025-04-24 12:00:00,6.8,720.0
2025-04-24 13:00:00,9.1,666.0
2025-04-24 14:00:00,3.6,368.0
2025-04-24 15:00:00,3.6,494.0
2025-04-24 16:00:00,4.8,355.0
2025-04-24 17:00:00,4.5,168.0
2025-04-24 18:00:00,4.6,39.0
2025-04-24 19:00:00,6.4,0.0
2025-04-24 20:00:00,4.4,0.0
2025-04-24 21:00:00,3.5,0.0
2025-04-24 22:00:00,2.4,0.0
2025-04-24 23:00:00,1.3,0.0
2025-04-25 00:00:00,1.9,0.0
2025-04-25 01:00:00,2.4,0.0
2025-04-25 02:00:00,2.4,0.0
2025-04-25 03:00:00,1.4,0.0
2025-04-25 04:00:00,1.0,0.0
2025-04-25 05:00:00,2.0,19.0
2025-04-25 06:00:00,2.3,131.0
2025-04-25 07:00:00,1.8,303.0
2025-04-25 08:00:00,2.1,498.0
2025-04-25 09:00:00,4.2,636.0
2025-04-25 10:00:00,7.1,780.0
2025-04-25 11:00:00,12.8,781.0
2025-04-25 12:00:00,8.6,590.0
2025-04-25 13:00:00,9.4,684.0
2025-04-25 14:00:00,9.4,431.0
2025-04-25 15:00:00,7.0,416.0
2025-04-25 16:00:00,5.9,301.0
2025-04-25 17:00:00,4.0,110.0
2025-04-25 18:00:00,3.2,31.0
2025-04-25 19:00:00,3.3,0.0
2025-04-25 20:00:00,3.0,0.0
2025-04-25 21:00:00,1.5,0.0
2025-04-25 22:00:00,1.7,0.0
2025-04-25 23:00:00,2.4,0.0
2025-04-26 00:00:00,2.3,0.0
2025-04-26 01:00:00,3.2,0.0
2025-04-26 02:00:00,4.7,0.0
2025-04-26 03:00:00,4.1,0.0
2025-04-26 04:00:00,3.8,0.0
2025-04-26 05:00:00,4.9,22.0
2025-04-26 06:00:00,5.1,154.0
2025-04-26 07:00:00,5.7,341.0
2025-04-26 08:00:00,7.4,527.0
2025-04-26 09:00:00,8.4,658.0
2025-04-26 10:00:00,6.8,773.0
2025-04-26 11:00:00,5.5,779.0
2025-04-26 12:00:00,5.2,763.0
2025-04-26 13:00:00,3.1,690.0
2025-04-26 14:00:00,5.1,652.0
2025-04-26 15:00:00,8.5,484.0
2025-04-26 16:00:00,10.2,362.0
2025-04-26 17:00:00,9.5,193.0
2025-04-26 18:00:00,7.8,45.0
2025-04-26 19:00:00,5.2,0.0
2025-04-26 20:00:00,2.4,0.0
2025-04-26 21:00:00,0.4,0.0
2025-04-26 22:00:00,0.7,0.0
2025-04-26 23:00:00,0.7,0.0
2025-04-27 00:00:00,3.1,0.0
2025-04-27 01:00:00,4.7,0.0
2025-04-27 02:00:00,6.7,0.0
2025-04-27 03:00:00,5.5,0.0
2025-04-27 04:00:00,4.6,0.0
2025-04-27 05:00:00,5.9,21.0
2025-04-27 06:00:00,5.3,145.0
2025-04-27 07:00:00,5.2,336.0
2025-04-27 08:00:00,4.9,517.0
2025-04-27 09:00:00,3.8,679.0
2025-04-27 10:00:00,1.9,753.0
2025-04-27 11:00:00,3.1,821.0
2025-04-27 12:00:00,6.8,821.0
2025-04-27 13:00:00,2.4,660.0
2025-04-27 14:00:00,6.8,671.0
2025-04-27 15:00:00,1.1,415.0
2025-04-27 16:00:00,12.5,206.0
2025-04-27 17:00:00,4.4,75.0
2025-04-27 18:00:00,3.6,31.0
2025-04-27 19:00:00,4.1,0.0
2025-04-27 20:00:00,3.0,0.0
2025-04-27 21:00:00,1.9,0.0
2025-04-27 22:00:00,1.1,0.0
2025-04-27 23:00:00,1.7,0.0
2025-04-28 00:00:00,3.5,0.0
2025-04-28 01:00:00,5.0,0.0
2025-04-28 02:00:00,2.7,0.0
2025-04-28 03:00:00,6.9,0.0
2025-04-28 04:00:00,3.8,0.0
2025-04-28 05:00:00,4.7,19.0
2025-04-28 06:00:00,2.4,133.0
2025-04-28 07:00:00,4.9,293.0
2025-04-28 08:00:00,4.4,519.0
2025-04-28 09:00:00,2.2,677.0
2025-04-28 10:00:00,1.9,766.0
2025-04-28 11:00:00,3.6,842.0
2025-04-28 12:00:00,8.2,683.0
2025-04-28 13:00:00,6.7,524.0
2025-04-28 14:00:00,2.2,542.0
2025-04-28 15:00:00,6.9,496.0
2025-04-28 16:00:00,3.1,151.0
2025-04-28 17:00:00,6.7,119.0
2025-04-28 18:00:00,8.0,35.0
2025-04-28 19:00:00,5.9,0.0
2025-04-28 20:00:00,3.7,0.0
2025-04-28 21:00:00,3.4,0.0
2025-04-28 22:00:00,3.8,0.0
2025-04-28 23:00:00,2.9,0.0
2025-04-29 00:00:00,3.1,0.0
2025-04-29 01:00:00,3.3,0.0
2025-04-29 02:00:00,4.5,0.0
2025-04-29 03:00:00,5.1,0.0
2025-04-29 04:00:00,4.5,0.0
2025-04-29 05:00:00,4.7,27.0
2025-04-29 06:00:00,3.5,161.0
2025-04-29 07:00:00,3.8,340.0
2025-04-29 08:00:00,3.9,526.0
2025-04-29 09:00:00,3.5,687.0
2025-04-29 10:00:00,4.2,783.0
2025-04-29 11:00:00,4.8,819.0
2025-04-29 12:00:00,3.3,826.0
2025-04-29 13:00:00,3.4,525.0
2025-04-29 14:00:00,4.1,639.0
2025-04-29 15:00:00,4.8,281.0
2025-04-29 16:00:00,4.0,211.0
2025-04-29 17:00:00,3.0,173.0
2025-04-29 18:00:00,3.8,44.0
2025-04-29 19:00:00,2.4,0.0
2025-04-29 20:00:00,2.0,0.0
2025-04-29 21:00:00,3.6,0.0
2025-04-29 22:00:00,3.6,0.0
2025-04-29 23:00:00,3.7,0.0
2025-04-30 00:00:00,4.4,0.0
2025-04-30 01:00:00,3.1,0.0
2025-04-30 02:00:00,4.2,0.0
2025-04-30 03:00:00,4.3,0.0
2025-04-30 04:00:00,4.7,0.0
2025-04-30 05:00:00,6.1,29.0
2025-04-30 06:00:00,5.6,168.0
2025-04-30 07:00:00,5.3,354.0
2025-04-30 08:00:00,4.9,540.0
2025-04-30 09:00:00,2.7,699.0
2025-04-30 10:00:00,3.5,816.0
2025-04-30 11:00:00,4.4,819.0
2025-04-30 12:00:00,3.7,818.0
2025-04-30 13:00:00,4.1,758.0
2025-04-30 14:00:00,6.8,642.0
2025-04-30 15:00:00,9.7,511.0
2025-04-30 16:00:00,10.6,359.0
2025-04-30 17:00:00,8.1,202.0
2025-04-30 18:00:00,6.9,53.0
2025-04-30 19:00:00,4.8,0.0
2025-04-30 20:00:00,3.3,0.0
2025-04-30 21:00:00,1.3,0.0
2025-04-30 22:00:00,0.9,0.0
2025-04-30 23:00:00,1.3,0.0
2025-05-01 00:00:00,3.9,0.0
2025-05-01 01:00:00,3.3,0.0
2025-05-01 02:00:00,3.2,0.0
2025-05-01 03:00:00,3.5,0.0
2025-05-01 04:00:00,3.4,0.0
2025-05-01 05:00:00,5.4,31.0
2025-05-01 06:00:00,4.2,174.0
2025-05-01 07:00:00,2.9,363.0
2025-05-01 08:00:00,3.2,551.0
2025-05-01 09:00:00,3.7,711.0
2025-05-01 10:00:00,5.6,829.0
2025-05-01 11:00:00,8.4,885.0
2025-05-01 12:00:00,8.6,875.0
2025-05-01 13:00:00,10.9,786.0
2025-05-01 14:00:00,9.4,614.0
2025-05-01 15:00:00,6.7,556.0
2025-05-01 16:00:00,4.8,407.0
2025-05-01 17:00:00,3.7,218.0
2025-05-01 18:00:00,5.2,57.0
2025-05-01 19:00:00,3.6,0.0
2025-05-01 20:00:00,0.9,0.0
2025-05-01 21:00:00,0.7,0.0
2025-05-01 22:00:00,1.0,0.0
2025-05-01 23:00:00,3.9,0.0
2025-05-02 00:00:00,3.6,0.0
2025-05-02 01:00:00,4.1,0.0
2025-05-02 02:00:00,4.4,0.0
2025-05-02 03:00:00,4.4,0.0
2025-05-02 04:00:00,4.5,0.0
2025-05-02 05:00:00,5.8,34.0
2025-05-02 06:00:00,5.4,179.0
2025-05-02 07:00:00,4.8,367.0
2025-05-02 08:00:00,4.8,553.0
2025-05-02 09:00:00,3.6,710.0
2025-05-02 10:00:00,4.8,825.0
2025-05-02 11:00:00,7.2,886.0
2025-05-02 12:00:00,9.3,888.0
2025-05-02 13:00:00,11.3,800.0
2025-05-02 14:00:00,10.6,663.0
2025-05-02 15:00:00,10.1,561.0
2025-05-02 16:00:00,9.3,395.0
2025-05-02 17:00:00,6.9,220.0
2025-05-02 18:00:00,7.2,58.0
2025-05-02 19:00:00,3.8,0.0
2025-05-02 20:00:00,1.7,0.0
2025-05-02 21:00:00,3.7,0.0
2025-05-02 22:00:00,0.2,0.0
2025-05-02 23:00:00,2.0,0.0
2025-05-03 00:00:00,2.0,0.0
2025-05-03 01:00:00,1.6,0.0
2025-05-03 02:00:00,5.0,0.0
2025-05-03 03:00:00,4.9,0.0
2025-05-03 04:00:00,5.1,0.0
2025-05-03 05:00:00,4.9,36.0
2025-05-03 06:00:00,3.6,173.0
2025-05-03 07:00:00,2.6,327.0
2025-05-03 08:00:00,2.9,474.0
2025-05-03 09:00:00,4.0,551.0
2025-05-03 10:00:00,7.2,569.0
2025-05-03 11:00:00,6.9,604.0
2025-05-03 12:00:00,6.6,696.0
2025-05-03 13:00:00,7.7,772.0
2025-05-03 14:00:00,8.7,712.0
2025-05-03 15:00:00,8.8,582.0
2025-05-03 16:00:00,8.5,400.0
2025-05-03 17:00:00,7.7,154.0
2025-05-03 18:00:00,5.2,53.0
2025-05-03 19:00:00,4.5,0.0
2025-05-03 20:00:00,5.5,0.0
2025-05-03 21:00:00,4.0,0.0
2025-05-03 22:00:00,3.6,0.0
2025-05-03 23:00:00,1.2,0.0
2025-05-04 00:00:00,1.9,0.0
2025-05-04 01:00:00,2.3,0.0
2025-05-04 02:00:00,2.1,0.0
2025-05-04 03:00:00,1.5,0.0
2025-05-04 04:00:00,1.9,0.0
2025-05-04 05:00:00,3.2,37.0
2025-05-04 06:00:00,2.1,182.0
2025-05-04 07:00:00,2.7,367.0
2025-05-04 08:00:00,5.4,512.0
2025-05-04 09:00:00,8.7,674.0
2025-05-04 10:00:00,14.4,728.0
2025-05-04 11:00:00,16.4,773.0
2025-05-04 12:00:00,15.2,686.0
2025-05-04 13:00:00,13.3,470.0
2025-05-04 14:00:00,13.7,451.0
2025-05-04 15:00:00,13.8,280.0
2025-05-04 16:00:00,12.0,91.0
2025-05-04 17:00:00,9.9,130.0
2025-05-04 18:00:00,10.4,54.0
2025-05-04 19:00:00,9.6,0.0
2025-05-04 20:00:00,8.6,0.0
2025-05-04 21:00:00,10.2,0.0
2025-05-04 22:00:00,9.4,0.0
2025-05-04 23:00:00,9.8,0.0
2025-05-05 00:00:00,14.7,0.0
2025-05-05 01:00:00,19.8,0.0
2025-05-05 02:00:00,13.3,0.0
2025-05-05 03:00:00,9.0,0.0
2025-05-05 04:00:00,10.0,0.0
2025-05-05 05:00:00,14.5,17.0
2025-05-05 06:00:00,16.0,127.0
2025-05-05 07:00:00,13.5,207.0
2025-05-05 08:00:00,14.3,249.0
2025-05-05 09:00:00,13.4,249.0
2025-05-05 10:00:00,13.5,477.0
2025-05-05 11:00:00,14.7,679.0
2025-05-05 12:00:00,16.9,638.0
2025-05-05 13:00:00,13.5,566.0
2025-05-05 14:00:00,11.9,581.0
2025-05-05 15:00:00,9.7,394.0
2025-05-05 16:00:00,10.0,362.0
2025-05-05 17:00:00,9.0,189.0
2025-05-05 18:00:00,9.1,55.0
2025-05-05 19:00:00,11.0,0.0
2025-05-05 20:00:00,7.3,0.0
2025-05-05 21:00:00,8.9,0.0
2025-05-05 22:00:00,9.9,0.0
2025-05-05 23:00:00,9.3,0.0
2025-05-06 00:00:00,7.8,0.0
2025-05-06 01:00:00,12.0,0.0
2025-05-06 02:00:00,12.7,0.0
2025-05-06 03:00:00,6.5,0.0
2025-05-06 04:00:00,9.4,0.0
2025-05-06 05:00:00,8.0,27.0
2025-05-06 06:00:00,7.5,180.0
2025-05-06 07:00:00,7.1,349.0
2025-05-06 08:00:00,10.1,488.0
2025-05-06 09:00:00,12.1,626.0
2025-05-06 10:00:00,11.8,667.0
2025-05-06 11:00:00,13.8,675.0
2025-05-06 12:00:00,9.6,534.0
2025-05-06 13:00:00,9.6,712.0
2025-05-06 14:00:00,12.0,454.0
2025-05-06 15:00:00,7.3,455.0
2025-05-06 16:00:00,7.9,328.0
2025-05-06 17:00:00,8.4,182.0
2025-05-06 18:00:00,4.3,51.0
2025-05-06 19:00:00,3.8,1.0
2025-05-06 20:00:00,4.6,0.0
2025-05-06 21:00:00,4.6,0.0
2025-05-06 22:00:00,4.1,0.0
2025-05-06 23:00:00,2.1,0.0
2025-05-07 00:00:00,1.9,0.0
2025-05-07 01:00:00,4.2,0.0
2025-05-07 02:00:00,3.5,0.0
2025-05-07 03:00:00,2.1,0.0
2025-05-07 04:00:00,1.4,0.0
2025-05-07 05:00:00,3.0,39.0
2025-05-07 06:00:00,5.3,157.0
2025-05-07 07:00:00,4.2,261.0
2025-05-07 08:00:00,4.7,381.0
2025-05-07 09:00:00,6.2,576.0
2025-05-07 10:00:00,11.9,564.0
2025-05-07 11:00:00,11.8,662.0
2025-05-07 12:00:00,14.6,569.0
2025-05-07 13:00:00,9.4,709.0
2025-05-07 14:00:00,10.9,433.0
2025-05-07 15:00:00,12.3,517.0
2025-05-07 16:00:00,12.2,421.0
2025-05-07 17:00:00,9.4,229.0
2025-05-07 18:00:00,7.5,68.0
2025-05-07 19:00:00,8.0,1.0
2025-05-07 20:00:00,9.4,0.0
2025-05-07 21:00:00,8.1,0.0
2025-05-07 22:00:00,8.5,0.0
2025-05-07 23:00:00,8.6,0.0
2025-05-08 00:00:00,7.0,0.0
2025-05-08 01:00:00,0.7,0.0
2025-05-08 02:00:00,1.1,0.0
2025-05-08 03:00:00,1.8,0.0
2025-05-08 04:00:00,2.6,0.0
2025-05-08 05:00:00,4.8,40.0
2025-05-08 06:00:00,4.1,176.0
2025-05-08 07:00:00,3.7,360.0
2025-05-08 08:00:00,5.2,550.0
2025-05-08 09:00:00,5.9,683.0
2025-05-08 10:00:00,7.5,764.0
2025-05-08 11:00:00,8.9,806.0
2025-05-08 12:00:00,9.4,768.0
2025-05-08 13:00:00,11.4,683.0
2025-05-08 14:00:00,10.9,626.0
2025-05-08 15:00:00,8.1,534.0
2025-05-08 16:00:00,7.7,397.0
2025-05-08 17:00:00,7.9,217.0
2025-05-08 18:00:00,5.9,66.0
2025-05-08 19:00:00,5.1,1.0
2025-05-08 20:00:00,3.8,0.0
2025-05-08 21:00:00,2.5,0.0
2025-05-08 22:00:00,1.5,0.0
2025-05-08 23:00:00,3.3,0.0
2025-05-09 00:00:00,3.9,0.0
2025-05-09 01:00:00,3.9,0.0
2025-05-09 02:00:00,4.5,0.0
2025-05-09 03:00:00,3.6,0.0
2025-05-09 04:00:00,3.4,0.0
2025-05-09 05:00:00,3.8,43.0
2025-05-09 06:00:00,2.3,168.0
2025-05-09 07:00:00,3.5,332.0
2025-05-09 08:00:00,2.7,530.0
2025-05-09 09:00:00,1.4,676.0
2025-05-09 10:00:00,0.6,731.0
2025-05-09 11:00:00,3.7,828.0
2025-05-09 12:00:00,6.0,794.0
2025-05-09 13:00:00,12.6,643.0
2025-05-09 14:00:00,9.5,592.0
2025-05-09 15:00:00,9.3,458.0
2025-05-09 16:00:00,7.6,361.0
2025-05-09 17:00:00,3.7,203.0
2025-05-09 18:00:00,2.5,68.0
2025-05-09 19:00:00,3.3,1.0
2025-05-09 20:00:00,2.7,0.0
2025-05-09 21:00:00,2.2,0.0
2025-05-09 22:00:00,1.2,0.0
2025-05-09 23:00:00,1.5,0.0
2025-05-10 00:00:00,3.9,0.0
2025-05-10 01:00:00,1.9,0.0
2025-05-10 02:00:00,3.6,0.0
2025-05-10 03:00:00,3.5,0.0
2025-05-10 04:00:00,3.5,0.0
2025-05-10 05:00:00,4.5,47.0
2025-05-10 06:00:00,4.3,199.0
2025-05-10 07:00:00,5.4,385.0
2025-05-10 08:00:00,4.9,564.0
2025-05-10 09:00:00,3.5,724.0
2025-05-10 10:00:00,2.2,830.0
2025-05-10 11:00:00,3.1,800.0
2025-05-10 12:00:00,4.2,809.0
2025-05-10 13:00:00,5.5,841.0
2025-05-10 14:00:00,5.2,711.0
2025-05-10 15:00:00,6.6,482.0
2025-05-10 16:00:00,7.4,346.0
2025-05-10 17:00:00,4.7,209.0
2025-05-10 18:00:00,0.6,68.0
2025-05-10 19:00:00,0.5,2.0
2025-05-10 20:00:00,0.6,0.0
2025-05-10 21:00:00,1.9,0.0
2025-05-10 22:00:00,1.0,0.0
2025-05-10 23:00:00,2.9,0.0
2025-05-11 00:00:00,4.1,0.0
2025-05-11 01:00:00,4.6,0.0
2025-05-11 02:00:00,3.5,0.0
2025-05-11 03:00:00,3.9,0.0
2025-05-11 04:00:00,7.2,0.0
2025-05-11 05:00:00,3.6,41.0
2025-05-11 06:00:00,4.0,144.0
2025-05-11 07:00:00,5.7,301.0
2025-05-11 08:00:00,5.8,481.0
2025-05-11 09:00:00,2.2,603.0
2025-05-11 10:00:00,2.6,765.0
2025-05-11 11:00:00,5.1,670.0
2025-05-11 12:00:00,7.6,682.0
2025-05-11 13:00:00,8.5,660.0
2025-05-11 14:00:00,9.3,708.0
2025-05-11 15:00:00,10.3,495.0
2025-05-11 16:00:00,5.2,374.0
2025-05-11 17:00:00,0.0,202.0
2025-05-11 18:00:00,0.4,70.0
2025-05-11 19:00:00,0.5,2.0
2025-05-11 20:00:00,0.4,0.0
2025-05-11 21:00:00,0.4,0.0
2025-05-11 22:00:00,0.6,0.0
2025-05-11 23:00:00,1.2,0.0
2025-05-12 00:00:00,3.5,0.0
2025-05-12 01:00:00,1.5,0.0
2025-05-12 02:00:00,1.2,0.0
2025-05-12 03:00:00,6.2,0.0
2025-05-12 04:00:00,4.7,0.0
2025-05-12 05:00:00,3.7,50.0
2025-05-12 06:00:00,3.1,201.0
2025-05-12 07:00:00,2.0,385.0
2025-05-12 08:00:00,2.6,565.0
2025-05-12 09:00:00,1.7,719.0
2025-05-12 10:00:00,4.0,801.0
2025-05-12 11:00:00,4.1,875.0
2025-05-12 12:00:00,10.8,848.0
2025-05-12 13:00:00,5.7,752.0
2025-05-12 14:00:00,9.1,652.0
2025-05-12 15:00:00,7.2,489.0
2025-05-12 16:00:00,5.2,346.0
2025-05-12 17:00:00,2.8,228.0
2025-05-12 18:00:00,5.8,74.0
2025-05-12 19:00:00,6.0,2.0
2025-05-12 20:00:00,4.4,0.0
2025-05-12 21:00:00,2.5,0.0
2025-05-12 22:00:00,1.2,0.0
2025-05-12 23:00:00,0.6,0.0
2025-05-13 00:00:00,1.2,0.0
2025-05-13 01:00:00,2.2,0.0
2025-05-13 02:00:00,4.1,0.0
2025-05-13 03:00:00,4.9,0.0
2025-05-13 04:00:00,3.7,0.0
2025-05-13 05:00:00,3.1,49.0
2025-05-13 06:00:00,2.4,169.0
2025-05-13 07:00:00,3.4,373.0
2025-05-13 08:00:00,4.2,559.0
2025-05-13 09:00:00,3.9,694.0
2025-05-13 10:00:00,4.8,783.0
2025-05-13 11:00:00,6.5,868.0
2025-05-13 12:00:00,7.0,621.0
2025-05-13 13:00:00,4.1,596.0
2025-05-13 14:00:00,11.4,601.0
2025-05-13 15:00:00,6.1,429.0
2025-05-13 16:00:00,5.8,377.0
2025-05-13 17:00:00,2.3,230.0
2025-05-13 18:00:00,2.2,74.0
2025-05-13 19:00:00,0.5,2.0
2025-05-13 20:00:00,0.4,0.0
2025-05-13 21:00:00,0.4,0.0
2025-05-13 22:00:00,0.5,0.0
2025-05-13 23:00:00,3.9,0.0
2025-05-14 00:00:00,3.5,0.0
2025-05-14 01:00:00,2.5,0.0
2025-05-14 02:00:00,4.8,0.0
2025-05-14 03:00:00,3.1,0.0
2025-05-14 04:00:00,5.0,0.0
2025-05-14 05:00:00,5.6,51.0
2025-05-14 06:00:00,4.8,196.0
2025-05-14 07:00:00,6.9,280.0
2025-05-14 08:00:00,3.8,474.0
2025-05-14 09:00:00,2.6,592.0
2025-05-14 10:00:00,1.3,748.0
2025-05-14 11:00:00,1.6,805.0
2025-05-14 12:00:00,2.3,797.0
2025-05-14 13:00:00,10.4,437.0
2025-05-14 14:00:00,5.4,673.0
2025-05-14 15:00:00,10.1,413.0
2025-05-14 16:00:00,2.7,300.0
2025-05-14 17:00:00,7.8,187.0
2025-05-14 18:00:00,2.3,59.0
2025-05-14 19:00:00,0.7,3.0
2025-05-14 20:00:00,0.3,0.0
2025-05-14 21:00:00,0.6,0.0
2025-05-14 22:00:00,3.2,0.0
2025-05-14 23:00:00,3.1,0.0
2025-05-15 00:00:00,2.8,0.0
2025-05-15 01:00:00,3.9,0.0
2025-05-15 02:00:00,3.2,0.0
2025-05-15 03:00:00,3.0,0.0
2025-05-15 04:00:00,3.3,0.0
2025-05-15 05:00:00,5.9,38.0
2025-05-15 06:00:00,5.7,157.0
2025-05-15 07:00:00,5.4,256.0
2025-05-15 08:00:00,6.0,431.0
2025-05-15 09:00:00,3.1,503.0
2025-05-15 10:00:00,0.3,821.0
2025-05-15 11:00:00,2.5,816.0
2025-05-15 12:00:00,0.5,757.0
2025-05-15 13:00:00,10.1,303.0
2025-05-15 14:00:00,1.9,448.0
2025-05-15 15:00:00,1.9,553.0
2025-05-15 16:00:00,4.2,359.0
2025-05-15 17:00:00,4.7,173.0
2025-05-15 18:00:00,2.4,69.0
2025-05-15 19:00:00,1.3,3.0
2025-05-15 20:00:00,1.2,0.0
2025-05-15 21:00:00,1.1,0.0
2025-05-15 22:00:00,1.0,0.0
2025-05-15 23:00:00,3.1,0.0
2025-05-16 00:00:00,3.3,0.0
2025-05-16 01:00:00,5.0,0.0
2025-05-16 02:00:00,4.9,0.0
2025-05-16 03:00:00,8.8,0.0
2025-05-16 04:00:00,13.0,0.0
2025-05-16 05:00:00,13.0,60.0
2025-05-16 06:00:00,9.9,217.0
2025-05-16 07:00:00,11.6,400.0
2025-05-16 08:00:00,14.4,537.0
2025-05-16 09:00:00,16.5,482.0
2025-05-16 10:00:00,18.0,495.0
2025-05-16 11:00:00,16.9,578.0
2025-05-16 12:00:00,7.7,787.0
2025-05-16 13:00:00,10.6,721.0
2025-05-16 14:00:00,13.2,678.0
2025-05-16 15:00:00,14.9,580.0
2025-05-16 16:00:00,11.8,406.0
2025-05-16 17:00:00,8.9,241.0
2025-05-16 18:00:00,6.4,78.0
2025-05-16 19:00:00,6.9,3.0
2025-05-16 20:00:00,9.0,0.0
2025-05-16 21:00:00,8.9,0.0
2025-05-16 22:00:00,9.0,0.0
2025-05-16 23:00:00,8.3,0.0
2025-05-17 00:00:00,7.5,0.0
2025-05-17 01:00:00,7.7,0.0
2025-05-17 02:00:00,5.8,0.0
2025-05-17 03:00:00,6.1,0.0
2025-05-17 04:00:00,4.8,0.0
2025-05-17 05:00:00,5.8,62.0
2025-05-17 06:00:00,4.2,221.0
2025-05-17 07:00:00,5.6,409.0
2025-05-17 08:00:00,5.3,591.0
2025-05-17 09:00:00,1.3,744.0
2025-05-17 10:00:00,2.2,828.0
2025-05-17 11:00:00,4.7,870.0
2025-05-17 12:00:00,7.5,861.0
2025-05-17 13:00:00,2.7,756.0
2025-05-17 14:00:00,6.0,642.0
2025-05-17 15:00:00,13.2,253.0
2025-05-17 16:00:00,8.0,120.0
2025-05-17 17:00:00,5.2,104.0
2025-05-17 18:00:00,4.5,58.0
2025-05-17 19:00:00,3.2,2.0
2025-05-17 20:00:00,4.2,0.0
2025-05-17 21:00:00,4.2,0.0
2025-05-17 22:00:00,4.0,0.0
2025-05-17 23:00:00,3.1,0.0
2025-05-18 00:00:00,2.4,0.0
2025-05-18 01:00:00,2.5,0.0
2025-05-18 02:00:00,3.2,0.0
2025-05-18 03:00:00,3.5,0.0
2025-05-18 04:00:00,3.8,1.0
2025-05-18 05:00:00,5.1,62.0
2025-05-18 06:00:00,3.8,210.0
2025-05-18 07:00:00,2.5,370.0
2025-05-18 08:00:00,6.2,530.0
2025-05-18 09:00:00,8.2,613.0
2025-05-18 10:00:00,10.6,701.0
2025-05-18 11:00:00,11.5,742.0
2025-05-18 12:00:00,10.3,651.0
2025-05-18 13:00:00,12.0,767.0
2025-05-18 14:00:00,11.6,648.0
2025-05-18 15:00:00,12.4,523.0
2025-05-18 16:00:00,11.1,389.0
2025-05-18 17:00:00,9.6,246.0
2025-05-18 18:00:00,9.1,86.0
2025-05-18 19:00:00,8.3,4.0
2025-05-18 20:00:00,5.7,0.0
2025-05-18 21:00:00,4.0,0.0
2025-05-18 22:00:00,3.7,0.0
2025-05-18 23:00:00,3.5,0.0
2025-05-19 00:00:00,4.6,0.0
2025-05-19 01:00:00,4.3,0.0
2025-05-19 02:00:00,4.4,0.0
2025-05-19 03:00:00,4.1,0.0
2025-05-19 04:00:00,3.7,1.0
2025-05-19 05:00:00,4.7,57.0
2025-05-19 06:00:00,3.5,217.0
2025-05-19 07:00:00,2.7,405.0
2025-05-19 08:00:00,1.0,586.0
2025-05-19 09:00:00,3.1,739.0
2025-05-19 10:00:00,4.5,849.0
2025-05-19 11:00:00,6.7,910.0
2025-05-19 12:00:00,9.9,914.0
2025-05-19 13:00:00,10.5,854.0
2025-05-19 14:00:00,12.9,738.0
2025-05-19 15:00:00,11.7,588.0
2025-05-19 16:00:00,10.2,434.0
2025-05-19 17:00:00,10.4,254.0
2025-05-19 18:00:00,7.1,90.0
2025-05-19 19:00:00,3.4,5.0
2025-05-19 20:00:00,1.9,0.0
2025-05-19 21:00:00,0.4,0.0
2025-05-19 22:00:00,1.5,0.0
2025-05-19 23:00:00,1.3,0.0
2025-05-20 00:00:00,0.4,0.0
2025-05-20 01:00:00,2.9,0.0
2025-05-20 02:00:00,5.2,0.0
2025-05-20 03:00:00,2.7,0.0
2025-05-20 04:00:00,4.5,1.0
2025-05-20 05:00:00,7.6,35.0
2025-05-20 06:00:00,3.1,141.0
2025-05-20 07:00:00,2.3,194.0
2025-05-20 08:00:00,0.9,263.0
2025-05-20 09:00:00,0.5,303.0
2025-05-20 10:00:00,2.4,298.0
2025-05-20 11:00:00,5.5,415.0
2025-05-20 12:00:00,10.1,424.0
2025-05-20 13:00:00,17.9,67.0
2025-05-20 14:00:00,14.6,442.0
2025-05-20 15:00:00,14.7,443.0
2025-05-20 16:00:00,11.0,410.0
2025-05-20 17:00:00,8.1,153.0
2025-05-20 18:00:00,11.1,42.0
2025-05-20 19:00:00,5.8,1.0
2025-05-20 20:00:00,5.2,0.0
2025-05-20 21:00:00,7.2,0.0
2025-05-20 22:00:00,0.9,0.0
2025-05-20 23:00:00,8.8,0.0
2025-05-21 00:00:00,5.9,0.0
2025-05-21 01:00:00,3.0,0.0
2025-05-21 02:00:00,4.5,0.0
2025-05-21 03:00:00,4.6,0.0
2025-05-21 04:00:00,2.3,1.0
2025-05-21 05:00:00,5.8,52.0
2025-05-21 06:00:00,1.7,177.0
2025-05-21 07:00:00,1.5,348.0
2025-05-21 08:00:00,3.7,513.0
2025-05-21 09:00:00,7.2,646.0
2025-05-21 10:00:00,10.3,585.0
2025-05-21 11:00:00,11.3,506.0
2025-05-21 12:00:00,12.4,476.0
2025-05-21 13:00:00,11.0,674.0
2025-05-21 14:00:00,9.0,603.0
2025-05-21 15:00:00,7.2,538.0
2025-05-21 16:00:00,8.3,346.0
2025-05-21 17:00:00,10.6,188.0
2025-05-21 18:00:00,8.5,76.0
2025-05-21 19:00:00,7.7,5.0
2025-05-21 20:00:00,6.6,0.0
2025-05-21 21:00:00,4.8,0.0
2025-05-21 22:00:00,3.8,0.0
2025-05-21 23:00:00,3.1,0.0
2025-05-22 00:00:00,3.0,0.0
2025-05-22 01:00:00,3.8,0.0
2025-05-22 02:00:00,4.9,0.0
2025-05-22 03:00:00,5.8,0.0
2025-05-22 04:00:00,8.2,1.0
2025-05-22 05:00:00,7.3,56.0
2025-05-22 06:00:00,5.6,184.0
2025-05-22 07:00:00,14.0,313.0
2025-05-22 08:00:00,15.3,394.0
2025-05-22 09:00:00,16.5,523.0
2025-05-22 10:00:00,17.5,722.0
2025-05-22 11:00:00,18.6,670.0
2025-05-22 12:00:00,17.2,472.0
2025-05-22 13:00:00,16.3,447.0
2025-05-22 14:00:00,16.9,462.0
2025-05-22 15:00:00,14.2,391.0
2025-05-22 16:00:00,11.7,233.0
2025-05-22 17:00:00,11.5,186.0
2025-05-22 18:00:00,11.5,77.0
2025-05-22 19:00:00,7.0,5.0
2025-05-22 20:00:00,7.9,0.0
2025-05-22 21:00:00,7.1,0.0
2025-05-22 22:00:00,2.2,0.0
2025-05-22 23:00:00,4.8,0.0
2025-05-23 00:00:00,5.3,0.0
2025-05-23 01:00:00,9.6,0.0
2025-05-23 02:00:00,6.5,0.0
2025-05-23 03:00:00,7.7,0.0
2025-05-23 04:00:00,6.5,1.0
2025-05-23 05:00:00,7.9,43.0
2025-05-23 06:00:00,7.2,101.0
2025-05-23 07:00:00,8.2,314.0
2025-05-23 08:00:00,8.7,564.0
2025-05-23 09:00:00,10.3,632.0
2025-05-23 10:00:00,11.0,653.0
2025-05-23 11:00:00,9.0,725.0
2025-05-23 12:00:00,8.4,757.0
2025-05-23 13:00:00,7.9,461.0
2025-05-23 14:00:00,7.7,557.0
2025-05-23 15:00:00,6.2,459.0
2025-05-23 16:00:00,6.1,340.0
2025-05-23 17:00:00,4.8,207.0
2025-05-23 18:00:00,3.0,86.0
2025-05-23 19:00:00,6.6,6.0
2025-05-23 20:00:00,3.5,0.0
2025-05-23 21:00:00,3.4,0.0
2025-05-23 22:00:00,4.0,0.0
2025-05-23 23:00:00,4.5,0.0
2025-05-24 00:00:00,4.8,0.0
2025-05-24 01:00:00,7.7,0.0
2025-05-24 02:00:00,7.6,0.0
2025-05-24 03:00:00,6.7,0.0
2025-05-24 04:00:00,7.8,1.0
2025-05-24 05:00:00,8.8,69.0
2025-05-24 06:00:00,8.6,221.0
2025-05-24 07:00:00,6.3,403.0
2025-05-24 08:00:00,3.5,597.0
2025-05-24 09:00:00,3.1,744.0
2025-05-24 10:00:00,3.9,805.0
2025-05-24 11:00:00,6.1,711.0
2025-05-24 12:00:00,4.8,767.0
2025-05-24 13:00:00,5.2,794.0
2025-05-24 14:00:00,8.9,502.0
2025-05-24 15:00:00,5.2,498.0
2025-05-24 16:00:00,3.1,361.0
2025-05-24 17:00:00,1.6,230.0
2025-05-24 18:00:00,1.0,90.0
2025-05-24 19:00:00,4.7,7.0
2025-05-24 20:00:00,9.1,0.0
2025-05-24 21:00:00,10.1,0.0
2025-05-24 22:00:00,9.6,0.0
2025-05-24 23:00:00,9.9,0.0
2025-05-25 00:00:00,10.3,0.0
2025-05-25 01:00:00,9.5,0.0
2025-05-25 02:00:00,9.4,0.0
2025-05-25 03:00:00,10.3,0.0
2025-05-25 04:00:00,8.8,2.0
2025-05-25 05:00:00,8.0,74.0
2025-05-25 06:00:00,7.2,238.0
2025-05-25 07:00:00,9.9,427.0
2025-05-25 08:00:00,13.3,608.0
2025-05-25 09:00:00,13.7,760.0
2025-05-25 10:00:00,12.2,870.0
2025-05-25 11:00:00,10.2,926.0
2025-05-25 12:00:00,9.2,928.0
2025-05-25 13:00:00,16.2,881.0
2025-05-25 14:00:00,19.0,777.0
2025-05-25 15:00:00,20.6,633.0
2025-05-25 16:00:00,14.0,436.0
2025-05-25 17:00:00,9.0,268.0
2025-05-25 18:00:00,9.4,101.0
2025-05-25 19:00:00,10.8,8.0
2025-05-25 20:00:00,4.7,0.0
2025-05-25 21:00:00,1.2,0.0
2025-05-25 22:00:00,3.3,0.0
2025-05-25 23:00:00,3.9,0.0
2025-05-26 00:00:00,1.7,0.0
2025-05-26 01:00:00,0.4,0.0
2025-05-26 02:00:00,1.5,0.0
2025-05-26 03:00:00,2.2,0.0
2025-05-26 04:00:00,3.2,2.0
2025-05-26 05:00:00,4.9,71.0
2025-05-26 06:00:00,4.4,227.0
2025-05-26 07:00:00,3.8,408.0
2025-05-26 08:00:00,2.5,577.0
2025-05-26 09:00:00,0.7,731.0
2025-05-26 10:00:00,4.0,847.0
2025-05-26 11:00:00,7.4,898.0
2025-05-26 12:00:00,11.3,907.0
2025-05-26 13:00:00,13.8,866.0
2025-05-26 14:00:00,14.1,695.0
2025-05-26 15:00:00,13.1,600.0
2025-05-26 16:00:00,11.2,358.0
2025-05-26 17:00:00,10.0,217.0
2025-05-26 18:00:00,4.7,81.0
2025-05-26 19:00:00,3.1,8.0
2025-05-26 20:00:00,2.6,0.0
2025-05-26 21:00:00,2.8,0.0
2025-05-26 22:00:00,3.5,0.0
2025-05-26 23:00:00,4.1,0.0
2025-05-27 00:00:00,3.8,0.0
2025-05-27 01:00:00,3.2,0.0
2025-05-27 02:00:00,3.1,0.0
2025-05-27 03:00:00,5.2,0.0
2025-05-27 04:00:00,4.1,2.0
2025-05-27 05:00:00,3.7,64.0
2025-05-27 06:00:00,3.8,163.0
2025-05-27 07:00:00,4.1,341.0
2025-05-27 08:00:00,3.2,427.0
2025-05-27 09:00:00,0.6,646.0
2025-05-27 10:00:00,1.0,797.0
2025-05-27 11:00:00,1.5,914.0
2025-05-27 12:00:00,3.9,845.0
2025-05-27 13:00:00,8.5,645.0
2025-05-27 14:00:00,3.1,506.0
2025-05-27 15:00:00,1.4,409.0
2025-05-27 16:00:00,5.1,306.0
2025-05-27 17:00:00,6.0,130.0
2025-05-27 18:00:00,9.1,73.0
2025-05-27 19:00:00,6.8,6.0
2025-05-27 20:00:00,4.4,0.0
2025-05-27 21:00:00,4.7,0.0
2025-05-27 22:00:00,4.9,0.0
2025-05-27 23:00:00,3.2,0.0
2025-05-28 00:00:00,1.9,0.0
2025-05-28 01:00:00,1.6,0.0
2025-05-28 02:00:00,2.4,0.0
2025-05-28 03:00:00,3.4,0.0
2025-05-28 04:00:00,4.4,2.0
2025-05-28 05:00:00,5.0,72.0
2025-05-28 06:00:00,4.0,226.0
2025-05-28 07:00:00,5.3,406.0
2025-05-28 08:00:00,4.3,582.0
2025-05-28 09:00:00,3.6,734.0
2025-05-28 10:00:00,4.3,816.0
2025-05-28 11:00:00,3.9,855.0
2025-05-28 12:00:00,7.0,806.0
2025-05-28 13:00:00,11.0,832.0
2025-05-28 14:00:00,12.5,692.0
2025-05-28 15:00:00,11.5,558.0
2025-05-28 16:00:00,12.9,441.0
2025-05-28 17:00:00,11.4,230.0
2025-05-28 18:00:00,10.4,99.0
2025-05-28 19:00:00,9.8,8.0
2025-05-28 20:00:00,8.9,0.0
2025-05-28 21:00:00,7.1,0.0
2025-05-28 22:00:00,7.1,0.0
2025-05-28 23:00:00,6.3,0.0
2025-05-29 00:00:00,5.3,0.0
2025-05-29 01:00:00,2.3,0.0
2025-05-29 02:00:00,4.1,0.0
2025-05-29 03:00:00,2.3,0.0
2025-05-29 04:00:00,2.3,2.0
2025-05-29 05:00:00,2.9,67.0
2025-05-29 06:00:00,4.7,191.0
2025-05-29 07:00:00,5.8,410.0
2025-05-29 08:00:00,8.1,588.0
2025-05-29 09:00:00,10.2,742.0
2025-05-29 10:00:00,10.9,837.0
2025-05-29 11:00:00,11.1,892.0
2025-05-29 12:00:00,11.0,859.0
2025-05-29 13:00:00,12.3,736.0
2025-05-29 14:00:00,16.9,665.0
2025-05-29 15:00:00,15.7,585.0
2025-05-29 16:00:00,18.3,440.0
2025-05-29 17:00:00,17.0,244.0
2025-05-29 18:00:00,6.5,104.0
2025-05-29 19:00:00,0.4,9.0
2025-05-29 20:00:00,2.6,0.0
2025-05-29 21:00:00,2.7,0.0
2025-05-29 22:00:00,2.8,0.0
2025-05-29 23:00:00,3.3,0.0
2025-05-30 00:00:00,3.8,0.0
2025-05-30 01:00:00,4.4,0.0
2025-05-30 02:00:00,5.5,0.0
2025-05-30 03:00:00,5.1,0.0
2025-05-30 04:00:00,3.6,2.0
2025-05-30 05:00:00,3.5,74.0
2025-05-30 06:00:00,3.1,230.0
2025-05-30 07:00:00,3.1,413.0
2025-05-30 08:00:00,4.6,589.0
2025-05-30 09:00:00,5.7,738.0
2025-05-30 10:00:00,7.0,856.0
2025-05-30 11:00:00,7.7,863.0
2025-05-30 12:00:00,8.5,799.0
2025-05-30 13:00:00,9.0,728.0
2025-05-30 14:00:00,9.9,634.0
2025-05-30 15:00:00,15.9,607.0
2025-05-30 16:00:00,18.7,365.0
2025-05-30 17:00:00,15.4,244.0
2025-05-30 18:00:00,11.6,103.0
2025-05-30 19:00:00,8.5,10.0
2025-05-30 20:00:00,2.7,0.0
2025-05-30 21:00:00,1.1,0.0
2025-05-30 22:00:00,4.4,0.0
2025-05-30 23:00:00,5.1,0.0
2025-05-31 00:00:00,5.2,0.0
2025-05-31 01:00:00,5.7,0.0
2025-05-31 02:00:00,5.9,0.0
2025-05-31 03:00:00,4.2,0.0
2025-05-31 04:00:00,4.2,3.0
2025-05-31 05:00:00,4.7,78.0
2025-05-31 06:00:00,3.6,236.0
2025-05-31 07:00:00,3.0,420.0
2025-05-31 08:00:00,2.5,596.0
2025-05-31 09:00:00,3.3,745.0
2025-05-31 10:00:00,4.5,854.0
2025-05-31 11:00:00,5.9,914.0
2025-05-31 12:00:00,6.8,920.0
2025-05-31 13:00:00,9.2,812.0
2025-05-31 14:00:00,12.4,724.0
2025-05-31 15:00:00,17.8,612.0
2025-05-31 16:00:00,16.0,421.0
2025-05-31 17:00:00,15.1,269.0
2025-05-31 18:00:00,11.5,109.0
2025-05-31 19:00:00,9.8,11.0
2025-05-31 20:00:00,9.9,0.0
2025-05-31 21:00:00,7.5,0.0
2025-05-31 22:00:00,3.4,0.0
2025-05-31 23:00:00,3.9,0.0
2025-06-01 00:00:00,2.0,0.0
2025-06-01 01:00:00,1.8,0.0
2025-06-01 02:00:00,1.6,0.0
2025-06-01 03:00:00,1.4,0.0
2025-06-01 04:00:00,1.5,3.0
2025-06-01 05:00:00,3.6,75.0
2025-06-01 06:00:00,3.9,229.0
2025-06-01 07:00:00,3.3,410.0
2025-06-01 08:00:00,2.0,586.0
2025-06-01 09:00:00,4.1,735.0
2025-06-01 10:00:00,7.5,847.0
2025-06-01 11:00:00,10.9,905.0
2025-06-01 12:00:00,13.3,881.0
2025-06-01 13:00:00,14.4,722.0
2025-06-01 14:00:00,13.6,644.0
2025-06-01 15:00:00,13.4,513.0
2025-06-01 16:00:00,12.9,420.0
2025-06-01 17:00:00,11.5,258.0
2025-06-01 18:00:00,9.3,109.0
2025-06-01 19:00:00,6.1,11.0
2025-06-01 20:00:00,4.7,0.0
2025-06-01 21:00:00,3.7,0.0
2025-06-01 22:00:00,0.3,0.0
2025-06-01 23:00:00,2.1,0.0
2025-06-02 00:00:00,1.4,0.0
2025-06-02 01:00:00,2.4,0.0
2025-06-02 02:00:00,2.8,0.0
2025-06-02 03:00:00,3.2,0.0
2025-06-02 04:00:00,1.8,3.0
2025-06-02 05:00:00,1.8,78.0
2025-06-02 06:00:00,2.2,233.0
2025-06-02 07:00:00,1.2,413.0
2025-06-02 08:00:00,4.7,588.0
2025-06-02 09:00:00,8.6,736.0
2025-06-02 10:00:00,10.8,846.0
2025-06-02 11:00:00,12.5,907.0
2025-06-02 12:00:00,14.3,913.0
2025-06-02 13:00:00,15.6,864.0
2025-06-02 14:00:00,16.2,768.0
2025-06-02 15:00:00,15.3,630.0
2025-06-02 16:00:00,13.4,459.0
2025-06-02 17:00:00,11.2,278.0
2025-06-02 18:00:00,8.7,113.0
2025-06-02 19:00:00,6.0,12.0
2025-06-02 20:00:00,4.4,0.0
2025-06-02 21:00:00,3.6,0.0
2025-06-02 22:00:00,2.0,0.0
2025-06-02 23:00:00,0.4,0.0
2025-06-03 00:00:00,0.6,0.0
2025-06-03 01:00:00,3.0,0.0
2025-06-03 02:00:00,1.8,0.0
2025-06-03 03:00:00,1.2,0.0
2025-06-03 04:00:00,2.3,3.0
2025-06-03 05:00:00,3.8,78.0
2025-06-03 06:00:00,3.6,235.0
2025-06-03 07:00:00,1.1,418.0
2025-06-03 08:00:00,3.9,595.0
2025-06-03 09:00:00,7.4,746.0
2025-06-03 10:00:00,9.0,857.0
2025-06-03 11:00:00,9.9,918.0
2025-06-03 12:00:00,11.2,925.0
2025-06-03 13:00:00,11.9,877.0
2025-06-03 14:00:00,13.1,780.0
2025-06-03 15:00:00,13.4,639.0
2025-06-03 16:00:00,13.2,468.0
2025-06-03 17:00:00,12.0,284.0
2025-06-03 18:00:00,10.3,116.0
2025-06-03 19:00:00,8.4,12.0
2025-06-03 20:00:00,5.6,0.0
2025-06-03 21:00:00,3.4,0.0
2025-06-03 22:00:00,1.9,0.0
2025-06-03 23:00:00,4.0,0.0
2025-06-04 00:00:00,3.1,0.0
2025-06-04 01:00:00,3.5,0.0
2025-06-04 02:00:00,3.0,0.0
2025-06-04 03:00:00,4.2,0.0
2025-06-04 04:00:00,5.3,3.0
2025-06-04 05:00:00,5.1,74.0
2025-06-04 06:00:00,4.5,228.0
2025-06-04 07:00:00,3.7,414.0
2025-06-04 08:00:00,2.3,585.0
2025-06-04 09:00:00,5.2,733.0
2025-06-04 10:00:00,9.7,838.0
2025-06-04 11:00:00,12.5,899.0
2025-06-04 12:00:00,14.0,923.0
2025-06-04 13:00:00,12.7,874.0
2025-06-04 14:00:00,12.5,781.0
2025-06-04 15:00:00,13.8,640.0
2025-06-04 16:00:00,13.5,468.0
2025-06-04 17:00:00,10.0,286.0
2025-06-04 18:00:00,7.9,118.0
2025-06-04 19:00:00,6.1,13.0
2025-06-04 20:00:00,3.6,0.0
2025-06-04 21:00:00,2.2,0.0
2025-06-04 22:00:00,1.2,0.0
2025-06-04 23:00:00,1.5,0.0
2025-06-05 00:00:00,0.7,0.0
2025-06-05 01:00:00,4.3,0.0
2025-06-05 02:00:00,1.5,0.0
2025-06-05 03:00:00,2.0,0.0
2025-06-05 04:00:00,1.9,3.0
2025-06-05 05:00:00,6.6,79.0
2025-06-05 06:00:00,4.4,235.0
2025-06-05 07:00:00,3.5,414.0
2025-06-05 08:00:00,2.0,587.0
2025-06-05 09:00:00,3.7,734.0
2025-06-05 10:00:00,6.7,824.0
2025-06-05 11:00:00,9.9,863.0
2025-06-05 12:00:00,15.1,826.0
2025-06-05 13:00:00,10.6,822.0
2025-06-05 14:00:00,18.3,657.0
2025-06-05 15:00:00,15.1,601.0
2025-06-05 16:00:00,12.6,461.0
2025-06-05 17:00:00,13.0,283.0
2025-06-05 18:00:00,11.0,116.0
2025-06-05 19:00:00,9.7,13.0
2025-06-05 20:00:00,9.5,0.0
2025-06-05 21:00:00,6.2,0.0
2025-06-05 22:00:00,0.8,0.0
2025-06-05 23:00:00,2.1,0.0
2025-06-06 00:00:00,1.8,0.0
2025-06-06 01:00:00,2.9,0.0
2025-06-06 02:00:00,4.0,0.0
2025-06-06 03:00:00,5.0,0.0
2025-06-06 04:00:00,6.0,3.0
2025-06-06 05:00:00,5.2,79.0
2025-06-06 06:00:00,3.6,233.0
2025-06-06 07:00:00,2.9,412.0
2025-06-06 08:00:00,2.9,587.0
2025-06-06 09:00:00,5.2,736.0
2025-06-06 10:00:00,7.5,844.0
2025-06-06 11:00:00,10.9,905.0
2025-06-06 12:00:00,13.6,899.0
2025-06-06 13:00:00,14.9,859.0
2025-06-06 14:00:00,16.1,760.0
2025-06-06 15:00:00,15.7,633.0
2025-06-06 16:00:00,13.6,464.0
2025-06-06 17:00:00,11.6,283.0
2025-06-06 18:00:00,8.6,118.0
2025-06-06 19:00:00,7.3,14.0
2025-06-06 20:00:00,4.9,0.0
2025-06-06 21:00:00,2.5,0.0
2025-06-06 22:00:00,1.7,0.0
2025-06-06 23:00:00,1.4,0.0
2025-06-07 00:00:00,0.6,0.0
2025-06-07 01:00:00,0.9,0.0
2025-06-07 02:00:00,1.5,0.0
2025-06-07 03:00:00,3.2,0.0
2025-06-07 04:00:00,4.7,3.0
2025-06-07 05:00:00,4.2,78.0
2025-06-07 06:00:00,4.1,230.0
2025-06-07 07:00:00,1.9,410.0
2025-06-07 08:00:00,4.6,586.0
2025-06-07 09:00:00,9.2,734.0
2025-06-07 10:00:00,13.7,843.0
2025-06-07 11:00:00,15.7,905.0
2025-06-07 12:00:00,16.6,914.0
2025-06-07 13:00:00,15.9,858.0
2025-06-07 14:00:00,17.4,770.0
2025-06-07 15:00:00,18.5,636.0
2025-06-07 16:00:00,17.9,468.0
2025-06-07 17:00:00,15.0,288.0
2025-06-07 18:00:00,12.6,120.0
2025-06-07 19:00:00,10.9,14.0
2025-06-07 20:00:00,8.0,0.0
2025-06-07 21:00:00,6.1,0.0
2025-06-07 22:00:00,4.5,0.0
2025-06-07 23:00:00,4.0,0.0
2025-06-08 00:00:00,2.9,0.0
2025-06-08 01:00:00,1.1,0.0
2025-06-08 02:00:00,0.9,0.0
2025-06-08 03:00:00,1.3,0.0
2025-06-08 04:00:00,3.4,4.0
2025-06-08 05:00:00,5.0,80.0
2025-06-08 06:00:00,5.8,234.0
2025-06-08 07:00:00,5.2,414.0
2025-06-08 08:00:00,0.9,590.0
2025-06-08 09:00:00,4.2,740.0
2025-06-08 10:00:00,8.6,849.0
2025-06-08 11:00:00,13.6,907.0
2025-06-08 12:00:00,15.6,911.0
2025-06-08 13:00:00,13.6,814.0
2025-06-08 14:00:00,13.7,752.0
2025-06-08 15:00:00,14.1,632.0
2025-06-08 16:00:00,11.8,466.0
2025-06-08 17:00:00,11.3,286.0
2025-06-08 18:00:00,11.2,121.0
2025-06-08 19:00:00,8.3,15.0
2025-06-08 20:00:00,6.9,0.0
2025-06-08 21:00:00,7.6,0.0
2025-06-08 22:00:00,4.8,0.0
2025-06-08 23:00:00,3.1,0.0
2025-06-09 00:00:00,2.7,0.0
2025-06-09 01:00:00,3.6,0.0
2025-06-09 02:00:00,2.8,0.0
2025-06-09 03:00:00,1.0,0.0
2025-06-09 04:00:00,1.3,4.0
2025-06-09 05:00:00,2.5,81.0
2025-06-09 06:00:00,1.8,236.0
2025-06-09 07:00:00,0.8,419.0
2025-06-09 08:00:00,3.6,597.0
2025-06-09 09:00:00,6.8,748.0
2025-06-09 10:00:00,9.8,858.0
2025-06-09 11:00:00,12.1,922.0
2025-06-09 12:00:00,14.1,933.0
2025-06-09 13:00:00,14.3,881.0
2025-06-09 14:00:00,14.3,786.0
2025-06-09 15:00:00,13.9,646.0
2025-06-09 16:00:00,12.1,477.0
2025-06-09 17:00:00,9.4,294.0
2025-06-09 18:00:00,7.7,125.0
2025-06-09 19:00:00,7.6,16.0
2025-06-09 20:00:00,7.1,0.0
2025-06-09 21:00:00,5.2,0.0
2025-06-09 22:00:00,3.8,0.0
2025-06-09 23:00:00,2.6,0.0
2025-06-10 00:00:00,2.1,0.0
2025-06-10 01:00:00,3.1,0.0
2025-06-10 02:00:00,2.1,0.0
2025-06-10 03:00:00,0.4,0.0
2025-06-10 04:00:00,1.9,3.0
2025-06-10 05:00:00,1.4,75.0
2025-06-10 06:00:00,6.3,242.0
2025-06-10 07:00:00,4.9,415.0
2025-06-10 08:00:00,3.1,596.0
2025-06-10 09:00:00,3.6,752.0
2025-06-10 10:00:00,6.0,867.0
2025-06-10 11:00:00,11.1,932.0
2025-06-10 12:00:00,15.1,940.0
2025-06-10 13:00:00,14.0,892.0
2025-06-10 14:00:00,13.9,795.0
2025-06-10 15:00:00,13.8,653.0
2025-06-10 16:00:00,13.1,482.0
2025-06-10 17:00:00,12.7,298.0
2025-06-10 18:00:00,10.1,127.0
2025-06-10 19:00:00,7.6,16.0
2025-06-10 20:00:00,4.3,0.0
2025-06-10 21:00:00,3.0,0.0
2025-06-10 22:00:00,2.8,0.0
2025-06-10 23:00:00,1.5,0.0
2025-06-11 00:00:00,0.6,0.0
2025-06-11 01:00:00,1.8,0.0
2025-06-11 02:00:00,4.0,0.0
2025-06-11 03:00:00,4.0,0.0
2025-06-11 04:00:00,3.3,4.0
2025-06-11 05:00:00,4.5,84.0
2025-06-11 06:00:00,5.2,244.0
2025-06-11 07:00:00,4.9,424.0
2025-06-11 08:00:00,3.9,597.0
2025-06-11 09:00:00,3.5,747.0
2025-06-11 10:00:00,4.6,859.0
2025-06-11 11:00:00,5.9,921.0
2025-06-11 12:00:00,9.2,935.0
2025-06-11 13:00:00,11.9,890.0
2025-06-11 14:00:00,13.8,784.0
2025-06-11 15:00:00,13.7,645.0
2025-06-11 16:00:00,13.3,470.0
2025-06-11 17:00:00,11.6,291.0
2025-06-11 18:00:00,8.9,124.0
2025-06-11 19:00:00,7.5,16.0
2025-06-11 20:00:00,6.1,0.0
2025-06-11 21:00:00,3.2,0.0
2025-06-11 22:00:00,2.8,0.0
2025-06-11 23:00:00,2.6,0.0
2025-06-12 00:00:00,0.8,0.0
2025-06-12 01:00:00,2.6,0.0
2025-06-12 02:00:00,4.2,0.0
2025-06-12 03:00:00,3.1,0.0
2025-06-12 04:00:00,4.4,4.0
2025-06-12 05:00:00,5.3,80.0
2025-06-12 06:00:00,4.1,233.0
2025-06-12 07:00:00,3.7,411.0
2025-06-12 08:00:00,2.2,584.0
2025-06-12 09:00:00,2.8,733.0
2025-06-12 10:00:00,4.5,843.0
2025-06-12 11:00:00,5.0,905.0
2025-06-12 12:00:00,8.7,864.0
2025-06-12 13:00:00,9.8,798.0
2025-06-12 14:00:00,15.8,739.0
2025-06-12 15:00:00,16.8,611.0
2025-06-12 16:00:00,14.8,444.0
2025-06-12 17:00:00,13.6,280.0
2025-06-12 18:00:00,12.5,122.0
2025-06-12 19:00:00,9.4,16.0
2025-06-12 20:00:00,6.0,0.0
2025-06-12 21:00:00,4.6,0.0
2025-06-12 22:00:00,3.3,0.0
2025-06-12 23:00:00,2.3,0.0
2025-06-13 00:00:00,2.6,0.0
2025-06-13 01:00:00,0.9,0.0
2025-06-13 02:00:00,2.6,0.0
2025-06-13 03:00:00,3.0,0.0
2025-06-13 04:00:00,3.8,4.0
2025-06-13 05:00:00,3.7,80.0
2025-06-13 06:00:00,2.8,234.0
2025-06-13 07:00:00,3.3,413.0
2025-06-13 08:00:00,3.1,588.0
2025-06-13 09:00:00,3.9,739.0
2025-06-13 10:00:00,6.3,848.0
2025-06-13 11:00:00,7.9,858.0
2025-06-13 12:00:00,8.8,842.0
2025-06-13 13:00:00,9.6,768.0
2025-06-13 14:00:00,13.3,581.0
2025-06-13 15:00:00,16.3,551.0
2025-06-13 16:00:00,16.2,376.0
2025-06-13 17:00:00,13.7,258.0
2025-06-13 18:00:00,9.6,117.0
2025-06-13 19:00:00,8.8,16.0
2025-06-13 20:00:00,7.4,0.0
2025-06-13 21:00:00,6.4,0.0
2025-06-13 22:00:00,3.6,0.0
2025-06-13 23:00:00,2.7,0.0
2025-06-14 00:00:00,0.9,0.0
2025-06-14 01:00:00,0.3,0.0
2025-06-14 02:00:00,3.6,0.0
2025-06-14 03:00:00,4.1,0.0
2025-06-14 04:00:00,3.6,4.0
2025-06-14 05:00:00,4.0,80.0
2025-06-14 06:00:00,4.2,234.0
2025-06-14 07:00:00,4.9,412.0
2025-06-14 08:00:00,3.6,586.0
2025-06-14 09:00:00,4.1,737.0
2025-06-14 10:00:00,5.7,849.0
2025-06-14 11:00:00,6.9,915.0
2025-06-14 12:00:00,11.3,924.0
2025-06-14 13:00:00,19.0,838.0
2025-06-14 14:00:00,16.7,687.0
2025-06-14 15:00:00,14.4,610.0
2025-06-14 16:00:00,13.9,443.0
2025-06-14 17:00:00,14.5,273.0
2025-06-14 18:00:00,11.1,120.0
2025-06-14 19:00:00,8.6,17.0
2025-06-14 20:00:00,6.7,0.0
2025-06-14 21:00:00,4.8,0.0
2025-06-14 22:00:00,5.6,0.0
2025-06-14 23:00:00,2.2,0.0
2025-06-15 00:00:00,1.2,0.0
2025-06-15 01:00:00,0.5,0.0
2025-06-15 02:00:00,0.2,0.0
2025-06-15 03:00:00,1.7,0.0
2025-06-15 04:00:00,2.3,4.0
2025-06-15 05:00:00,4.1,78.0
2025-06-15 06:00:00,3.4,226.0
2025-06-15 07:00:00,3.0,403.0
2025-06-15 08:00:00,1.9,566.0
2025-06-15 09:00:00,1.9,698.0
2025-06-15 10:00:00,3.4,825.0
2025-06-15 11:00:00,4.5,894.0
2025-06-15 12:00:00,8.4,837.0
2025-06-15 13:00:00,8.2,459.0
2025-06-15 14:00:00,10.3,618.0
2025-06-15 15:00:00,8.7,499.0
2025-06-15 16:00:00,8.5,367.0
2025-06-15 17:00:00,11.1,232.0
2025-06-15 18:00:00,11.8,117.0
2025-06-15 19:00:00,8.8,17.0
2025-06-15 20:00:00,7.3,0.0
2025-06-15 21:00:00,5.6,0.0
2025-06-15 22:00:00,3.6,0.0
2025-06-15 23:00:00,1.7,0.0
2025-06-16 00:00:00,0.6,0.0
2025-06-16 01:00:00,1.1,0.0
2025-06-16 02:00:00,0.4,0.0
2025-06-16 03:00:00,1.7,0.0
2025-06-16 04:00:00,2.2,4.0
2025-06-16 05:00:00,3.6,80.0
2025-06-16 06:00:00,2.4,233.0
2025-06-16 07:00:00,3.1,411.0
2025-06-16 08:00:00,0.6,583.0
2025-06-16 09:00:00,3.2,732.0
2025-06-16 10:00:00,4.9,844.0
2025-06-16 11:00:00,4.3,906.0
2025-06-16 12:00:00,8.2,858.0
2025-06-16 13:00:00,14.0,845.0
2025-06-16 14:00:00,9.1,633.0
2025-06-16 15:00:00,15.3,609.0
2025-06-16 16:00:00,11.0,456.0
2025-06-16 17:00:00,11.0,287.0
2025-06-16 18:00:00,12.8,123.0
2025-06-16 19:00:00,12.0,16.0
2025-06-16 20:00:00,13.0,0.0
2025-06-16 21:00:00,6.7,0.0
2025-06-16 22:00:00,4.3,0.0
2025-06-16 23:00:00,4.4,0.0
2025-06-17 00:00:00,3.5,0.0
2025-06-17 01:00:00,5.6,0.0
2025-06-17 02:00:00,7.2,0.0
2025-06-17 03:00:00,10.3,0.0
2025-06-17 04:00:00,8.5,4.0
2025-06-17 05:00:00,10.3,79.0
2025-06-17 06:00:00,10.7,230.0
2025-06-17 07:00:00,10.0,408.0
2025-06-17 08:00:00,7.5,581.0
2025-06-17 09:00:00,4.6,732.0
2025-06-17 10:00:00,4.4,824.0
2025-06-17 11:00:00,6.0,839.0
2025-06-17 12:00:00,10.3,759.0
2025-06-17 13:00:00,8.8,673.0
2025-06-17 14:00:00,3.8,623.0
2025-06-17 15:00:00,2.2,492.0
2025-06-17 16:00:00,1.5,385.0
2025-06-17 17:00:00,7.2,226.0
2025-06-17 18:00:00,10.0,91.0
2025-06-17 19:00:00,2.5,3.0
2025-06-17 20:00:00,6.2,0.0
2025-06-17 21:00:00,6.8,0.0
2025-06-17 22:00:00,6.0,0.0
2025-06-17 23:00:00,4.2,0.0
2025-06-18 00:00:00,3.7,0.0
2025-06-18 01:00:00,5.1,0.0
2025-06-18 02:00:00,5.2,0.0
2025-06-18 03:00:00,5.6,0.0
2025-06-18 04:00:00,6.2,4.0
2025-06-18 05:00:00,7.7,77.0
2025-06-18 06:00:00,5.8,227.0
2025-06-18 07:00:00,4.6,411.0
2025-06-18 08:00:00,2.7,582.0
2025-06-18 09:00:00,1.3,674.0
2025-06-18 10:00:00,2.5,795.0
2025-06-18 11:00:00,2.2,784.0
2025-06-18 12:00:00,2.9,818.0
2025-06-18 13:00:00,1.1,758.0
2025-06-18 14:00:00,4.6,707.0
2025-06-18 15:00:00,4.5,524.0
2025-06-18 16:00:00,5.2,303.0
2025-06-18 17:00:00,3.8,259.0
2025-06-18 18:00:00,4.6,110.0
2025-06-18 19:00:00,4.0,18.0
2025-06-18 20:00:00,3.9,0.0
2025-06-18 21:00:00,0.4,0.0
2025-06-18 22:00:00,0.2,0.0
2025-06-18 23:00:00,1.6,0.0
2025-06-19 00:00:00,0.9,0.0
2025-06-19 01:00:00,3.1,0.0
2025-06-19 02:00:00,3.1,0.0
2025-06-19 03:00:00,5.1,0.0
2025-06-19 04:00:00,5.6,4.0
2025-06-19 05:00:00,4.6,79.0
2025-06-19 06:00:00,3.5,233.0
2025-06-19 07:00:00,3.4,412.0
2025-06-19 08:00:00,2.5,585.0
2025-06-19 09:00:00,2.0,734.0
2025-06-19 10:00:00,2.2,845.0
2025-06-19 11:00:00,0.4,903.0
2025-06-19 12:00:00,9.7,859.0
2025-06-19 13:00:00,20.8,412.0
2025-06-19 14:00:00,2.3,350.0
2025-06-19 15:00:00,1.8,594.0
2025-06-19 16:00:00,1.2,362.0
2025-06-19 17:00:00,3.3,256.0
2025-06-19 18:00:00,1.4,109.0
2025-06-19 19:00:00,2.8,17.0
2025-06-19 20:00:00,2.4,0.0
2025-06-19 21:00:00,4.8,0.0
2025-06-19 22:00:00,3.9,0.0
2025-06-19 23:00:00,3.3,0.0
2025-06-20 00:00:00,1.9,0.0
2025-06-20 01:00:00,3.1,0.0
2025-06-20 02:00:00,4.9,0.0
2025-06-20 03:00:00,5.0,0.0
2025-06-20 04:00:00,5.3,4.0
2025-06-20 05:00:00,4.9,80.0
2025-06-20 06:00:00,4.0,234.0
2025-06-20 07:00:00,4.2,416.0
2025-06-20 08:00:00,2.9,593.0
2025-06-20 09:00:00,1.3,744.0
2025-06-20 10:00:00,0.5,850.0
2025-06-20 11:00:00,1.7,875.0
2025-06-20 12:00:00,2.9,870.0
2025-06-20 13:00:00,9.3,816.0
2025-06-20 14:00:00,16.9,632.0
2025-06-20 15:00:00,15.0,527.0
2025-06-20 16:00:00,16.7,434.0
2025-06-20 17:00:00,13.8,279.0
2025-06-20 18:00:00,7.1,117.0
2025-06-20 19:00:00,8.6,17.0
2025-06-20 20:00:00,2.7,0.0
2025-06-20 21:00:00,0.8,0.0
2025-06-20 22:00:00,0.7,0.0
2025-06-20 23:00:00,2.7,0.0
2025-06-21 00:00:00,4.8,0.0
2025-06-21 01:00:00,5.0,0.0
2025-06-21 02:00:00,5.5,0.0
2025-06-21 03:00:00,4.7,0.0
2025-06-21 04:00:00,4.9,4.0
2025-06-21 05:00:00,4.6,80.0
2025-06-21 06:00:00,4.9,233.0
2025-06-21 07:00:00,5.4,411.0
2025-06-21 08:00:00,4.0,583.0
2025-06-21 09:00:00,1.8,731.0
2025-06-21 10:00:00,3.1,844.0
2025-06-21 11:00:00,4.5,849.0
2025-06-21 12:00:00,9.4,812.0
2025-06-21 13:00:00,3.2,584.0
2025-06-21 14:00:00,2.6,507.0
2025-06-21 15:00:00,5.6,548.0
2025-06-21 16:00:00,5.9,407.0
2025-06-21 17:00:00,4.8,283.0
2025-06-21 18:00:00,3.9,124.0
2025-06-21 19:00:00,12.5,18.0
2025-06-21 20:00:00,10.4,0.0
2025-06-21 21:00:00,5.7,0.0
2025-06-21 22:00:00,3.7,0.0
2025-06-21 23:00:00,3.8,0.0
2025-06-22 00:00:00,2.4,0.0
2025-06-22 01:00:00,1.2,0.0
2025-06-22 02:00:00,1.2,0.0
2025-06-22 03:00:00,4.1,0.0
2025-06-22 04:00:00,10.4,3.0
2025-06-22 05:00:00,1.8,76.0
2025-06-22 06:00:00,2.9,168.0
2025-06-22 07:00:00,6.0,186.0
2025-06-22 08:00:00,5.1,309.0
2025-06-22 09:00:00,3.1,277.0
2025-06-22 10:00:00,0.7,469.0
2025-06-22 11:00:00,1.9,532.0
2025-06-22 12:00:00,3.0,857.0
2025-06-22 13:00:00,2.2,591.0
2025-06-22 14:00:00,5.4,553.0
2025-06-22 15:00:00,4.0,400.0
2025-06-22 16:00:00,7.1,286.0
2025-06-22 17:00:00,3.3,210.0
2025-06-22 18:00:00,4.2,127.0
2025-06-22 19:00:00,4.3,19.0
2025-06-22 20:00:00,2.6,0.0
2025-06-22 21:00:00,2.2,0.0
2025-06-22 22:00:00,1.3,0.0
2025-06-22 23:00:00,1.7,0.0
2025-06-23 00:00:00,3.9,0.0
2025-06-23 01:00:00,4.2,0.0
2025-06-23 02:00:00,5.8,0.0
2025-06-23 03:00:00,4.8,0.0
2025-06-23 04:00:00,5.0,3.0
2025-06-23 05:00:00,3.9,78.0
2025-06-23 06:00:00,4.2,232.0
2025-06-23 07:00:00,4.2,410.0
2025-06-23 08:00:00,2.5,583.0
2025-06-23 09:00:00,1.7,731.0
2025-06-23 10:00:00,3.3,836.0
2025-06-23 11:00:00,6.8,852.0
2025-06-23 12:00:00,10.4,893.0
2025-06-23 13:00:00,13.4,803.0
2025-06-23 14:00:00,15.0,754.0
2025-06-23 15:00:00,13.9,628.0
2025-06-23 16:00:00,13.4,437.0
2025-06-23 17:00:00,11.2,289.0
2025-06-23 18:00:00,9.3,130.0
2025-06-23 19:00:00,8.7,19.0
2025-06-23 20:00:00,6.0,0.0
2025-06-23 21:00:00,4.4,0.0
2025-06-23 22:00:00,4.0,0.0
2025-06-23 23:00:00,2.8,0.0
2025-06-24 00:00:00,2.3,0.0
2025-06-24 01:00:00,0.4,0.0
2025-06-24 02:00:00,1.6,0.0
2025-06-24 03:00:00,2.7,0.0
2025-06-24 04:00:00,4.3,3.0
2025-06-24 05:00:00,4.5,78.0
2025-06-24 06:00:00,3.2,230.0
2025-06-24 07:00:00,2.1,407.0
2025-06-24 08:00:00,1.1,580.0
2025-06-24 09:00:00,4.0,729.0
2025-06-24 10:00:00,6.7,840.0
2025-06-24 11:00:00,10.6,903.0
2025-06-24 12:00:00,12.8,915.0
2025-06-24 13:00:00,13.5,872.0
2025-06-24 14:00:00,13.3,771.0
2025-06-24 15:00:00,11.9,633.0
2025-06-24 16:00:00,11.2,474.0
2025-06-24 17:00:00,11.1,300.0
2025-06-24 18:00:00,10.7,134.0
2025-06-24 19:00:00,8.0,20.0
2025-06-24 20:00:00,6.2,0.0
2025-06-24 21:00:00,4.1,0.0
2025-06-24 22:00:00,2.1,0.0
2025-06-24 23:00:00,0.4,0.0
2025-06-25 00:00:00,1.5,0.0
2025-06-25 01:00:00,4.2,0.0
2025-06-25 02:00:00,4.5,0.0
2025-06-25 03:00:00,4.6,0.0
2025-06-25 04:00:00,6.1,3.0
2025-06-25 05:00:00,5.2,78.0
2025-06-25 06:00:00,2.2,232.0
2025-06-25 07:00:00,2.6,411.0
2025-06-25 08:00:00,6.2,587.0
2025-06-25 09:00:00,7.8,738.0
2025-06-25 10:00:00,9.0,848.0
2025-06-25 11:00:00,10.7,910.0
2025-06-25 12:00:00,12.4,920.0
2025-06-25 13:00:00,11.6,876.0
2025-06-25 14:00:00,11.8,752.0
2025-06-25 15:00:00,12.1,649.0
2025-06-25 16:00:00,11.8,484.0
2025-06-25 17:00:00,10.2,306.0
2025-06-25 18:00:00,8.2,137.0
2025-06-25 19:00:00,6.4,20.0
2025-06-25 20:00:00,5.8,0.0
2025-06-25 21:00:00,5.0,0.0
2025-06-25 22:00:00,2.0,0.0
2025-06-25 23:00:00,1.5,0.0
2025-06-26 00:00:00,0.9,0.0
2025-06-26 01:00:00,3.1,0.0
2025-06-26 02:00:00,4.9,0.0
2025-06-26 03:00:00,3.8,0.0
2025-06-26 04:00:00,4.9,3.0
2025-06-26 05:00:00,6.1,79.0
2025-06-26 06:00:00,4.1,234.0
2025-06-26 07:00:00,3.5,414.0
2025-06-26 08:00:00,2.0,589.0
2025-06-26 09:00:00,3.2,740.0
2025-06-26 10:00:00,6.0,852.0
2025-06-26 11:00:00,9.3,916.0
2025-06-26 12:00:00,12.0,927.0
2025-06-26 13:00:00,11.9,883.0
2025-06-26 14:00:00,12.8,793.0
2025-06-26 15:00:00,13.7,658.0
2025-06-26 16:00:00,13.6,491.0
2025-06-26 17:00:00,13.0,309.0
2025-06-26 18:00:00,9.3,137.0
2025-06-26 19:00:00,6.8,20.0
2025-06-26 20:00:00,3.9,0.0
2025-06-26 21:00:00,3.7,0.0
2025-06-26 22:00:00,5.2,0.0
2025-06-26 23:00:00,4.6,0.0
2025-06-27 00:00:00,1.9,0.0
2025-06-27 01:00:00,0.4,0.0
2025-06-27 02:00:00,3.2,0.0
2025-06-27 03:00:00,2.4,0.0
2025-06-27 04:00:00,2.9,3.0
2025-06-27 05:00:00,4.3,76.0
2025-06-27 06:00:00,3.1,229.0
2025-06-27 07:00:00,1.7,407.0
2025-06-27 08:00:00,1.8,580.0
2025-06-27 09:00:00,2.5,730.0
2025-06-27 10:00:00,3.2,851.0
2025-06-27 11:00:00,4.5,916.0
2025-06-27 12:00:00,7.8,875.0
2025-06-27 13:00:00,13.3,712.0
2025-06-27 14:00:00,14.1,564.0
2025-06-27 15:00:00,15.8,516.0
2025-06-27 16:00:00,14.0,405.0
2025-06-27 17:00:00,13.4,276.0
2025-06-27 18:00:00,13.6,124.0
2025-06-27 19:00:00,8.4,19.0
2025-06-27 20:00:00,5.0,0.0
2025-06-27 21:00:00,5.4,0.0
2025-06-27 22:00:00,3.5,0.0
2025-06-27 23:00:00,6.1,0.0
2025-06-28 00:00:00,7.3,0.0
2025-06-28 01:00:00,7.1,0.0
2025-06-28 02:00:00,7.6,0.0
2025-06-28 03:00:00,7.1,0.0
2025-06-28 04:00:00,8.1,3.0
2025-06-28 05:00:00,6.1,75.0
2025-06-28 06:00:00,6.1,227.0
2025-06-28 07:00:00,4.5,404.0
2025-06-28 08:00:00,3.5,576.0
2025-06-28 09:00:00,3.4,725.0
2025-06-28 10:00:00,3.6,838.0
2025-06-28 11:00:00,4.5,901.0
2025-06-28 12:00:00,7.4,883.0
2025-06-28 13:00:00,16.1,833.0
2025-06-28 14:00:00,15.2,764.0
2025-06-28 15:00:00,9.7,634.0
2025-06-28 16:00:00,4.6,476.0
2025-06-28 17:00:00,8.0,295.0
2025-06-28 18:00:00,4.9,137.0
2025-06-28 19:00:00,4.3,20.0
2025-06-28 20:00:00,5.1,0.0
2025-06-28 21:00:00,7.4,0.0
2025-06-28 22:00:00,7.3,0.0
2025-06-28 23:00:00,6.9,0.0
2025-06-29 00:00:00,7.6,0.0
2025-06-29 01:00:00,7.9,0.0
2025-06-29 02:00:00,7.3,0.0
2025-06-29 03:00:00,6.9,0.0
2025-06-29 04:00:00,6.9,3.0
2025-06-29 05:00:00,6.5,76.0
2025-06-29 06:00:00,7.1,230.0
2025-06-29 07:00:00,6.6,410.0
2025-06-29 08:00:00,5.3,585.0
2025-06-29 09:00:00,3.7,737.0
2025-06-29 10:00:00,1.0,850.0
2025-06-29 11:00:00,3.6,916.0
2025-06-29 12:00:00,5.3,924.0
2025-06-29 13:00:00,5.7,879.0
2025-06-29 14:00:00,10.1,785.0
2025-06-29 15:00:00,19.5,649.0
2025-06-29 16:00:00,17.1,484.0
2025-06-29 17:00:00,15.0,303.0
2025-06-29 18:00:00,11.5,135.0
2025-06-29 19:00:00,8.7,20.0
2025-06-29 20:00:00,7.4,0.0
2025-06-29 21:00:00,6.8,0.0
2025-06-29 22:00:00,3.7,0.0
2025-06-29 23:00:00,1.4,0.0
2025-06-30 00:00:00,0.7,0.0
2025-06-30 01:00:00,2.7,0.0
2025-06-30 02:00:00,1.8,0.0
2025-06-30 03:00:00,3.7,0.0
2025-06-30 04:00:00,5.1,2.0
2025-06-30 05:00:00,5.2,75.0
2025-06-30 06:00:00,4.7,227.0
2025-06-30 07:00:00,4.4,406.0
2025-06-30 08:00:00,1.9,580.0
2025-06-30 09:00:00,3.4,730.0
2025-06-30 10:00:00,6.5,842.0
2025-06-30 11:00:00,10.6,906.0
2025-06-30 12:00:00,14.0,916.0
2025-06-30 13:00:00,14.7,877.0
2025-06-30 14:00:00,16.1,664.0
2025-06-30 15:00:00,17.2,574.0
2025-06-30 16:00:00,16.3,477.0
2025-06-30 17:00:00,10.8,301.0
2025-06-30 18:00:00,11.5,135.0
2025-06-30 19:00:00,9.0,20.0
2025-06-30 20:00:00,6.3,0.0
2025-06-30 21:00:00,4.2,0.0
2025-06-30 22:00:00,2.8,0.0
2025-06-30 23:00:00,1.3,0.0
2025-07-01 00:00:00,1.0,0.0
2025-07-01 01:00:00,2.0,0.0
2025-07-01 02:00:00,2.5,0.0
2025-07-01 03:00:00,4.0,0.0
2025-07-01 04:00:00,5.0,2.0
2025-07-01 05:00:00,6.1,74.0
2025-07-01 06:00:00,3.4,227.0
2025-07-01 07:00:00,3.3,405.0
2025-07-01 08:00:00,3.3,578.0
2025-07-01 09:00:00,8.9,727.0
2025-07-01 10:00:00,11.5,840.0
2025-07-01 11:00:00,12.2,909.0
2025-07-01 12:00:00,13.0,921.0
2025-07-01 13:00:00,13.5,794.0
2025-07-01 14:00:00,13.3,707.0
2025-07-01 15:00:00,13.3,618.0
2025-07-01 16:00:00,12.8,480.0
2025-07-01 17:00:00,11.2,304.0
2025-07-01 18:00:00,10.6,138.0
2025-07-01 19:00:00,8.5,20.0
2025-07-01 20:00:00,4.8,0.0
2025-07-01 21:00:00,2.8,0.0
2025-07-01 22:00:00,1.7,0.0
2025-07-01 23:00:00,1.5,0.0
2025-07-02 00:00:00,2.3,0.0
2025-07-02 01:00:00,5.6,0.0
2025-07-02 02:00:00,6.5,0.0
2025-07-02 03:00:00,4.0,0.0
2025-07-02 04:00:00,4.2,1.0
2025-07-02 05:00:00,3.9,58.0
2025-07-02 06:00:00,3.3,139.0
2025-07-02 07:00:00,1.8,260.0
2025-07-02 08:00:00,2.8,446.0
2025-07-02 09:00:00,4.5,606.0
2025-07-02 10:00:00,8.3,789.0
2025-07-02 11:00:00,11.5,825.0
2025-07-02 12:00:00,12.0,792.0
2025-07-02 13:00:00,11.2,492.0
2025-07-02 14:00:00,13.9,623.0
2025-07-02 15:00:00,5.7,497.0
2025-07-02 16:00:00,5.7,325.0
2025-07-02 17:00:00,4.5,246.0
2025-07-02 18:00:00,5.2,119.0
2025-07-02 19:00:00,8.2,19.0
2025-07-02 20:00:00,8.3,0.0
2025-07-02 21:00:00,5.9,0.0
2025-07-02 22:00:00,4.8,0.0
2025-07-02 23:00:00,5.4,0.0
2025-07-03 00:00:00,5.0,0.0
2025-07-03 01:00:00,4.3,0.0
2025-07-03 02:00:00,5.6,0.0
2025-07-03 03:00:00,5.8,0.0
2025-07-03 04:00:00,5.5,2.0
2025-07-03 05:00:00,6.0,69.0
2025-07-03 06:00:00,6.0,221.0
2025-07-03 07:00:00,4.9,397.0
2025-07-03 08:00:00,2.7,565.0
2025-07-03 09:00:00,3.1,702.0
2025-07-03 10:00:00,3.6,766.0
2025-07-03 11:00:00,3.1,831.0
2025-07-03 12:00:00,5.8,735.0
2025-07-03 13:00:00,6.0,617.0
2025-07-03 14:00:00,4.0,523.0
2025-07-03 15:00:00,0.5,535.0
2025-07-03 16:00:00,8.3,407.0
2025-07-03 17:00:00,11.9,240.0
2025-07-03 18:00:00,8.6,113.0
2025-07-03 19:00:00,7.4,18.0
2025-07-03 20:00:00,5.5,0.0
2025-07-03 21:00:00,1.9,0.0
2025-07-03 22:00:00,1.1,0.0
2025-07-03 23:00:00,2.9,0.0
2025-07-04 00:00:00,4.0,0.0
2025-07-04 01:00:00,0.8,0.0
2025-07-04 02:00:00,0.6,0.0
2025-07-04 03:00:00,1.4,0.0
2025-07-04 04:00:00,2.8,2.0
2025-07-04 05:00:00,4.2,72.0
2025-07-04 06:00:00,5.1,225.0
2025-07-04 07:00:00,5.3,405.0
2025-07-04 08:00:00,3.1,578.0
2025-07-04 09:00:00,0.7,729.0
2025-07-04 10:00:00,2.5,825.0
2025-07-04 11:00:00,6.0,851.0
2025-07-04 12:00:00,13.0,854.0
2025-07-04 13:00:00,15.5,796.0
2025-07-04 14:00:00,13.1,732.0
2025-07-04 15:00:00,12.7,595.0
2025-07-04 16:00:00,11.1,463.0
2025-07-04 17:00:00,9.4,304.0
2025-07-04 18:00:00,9.0,138.0
2025-07-04 19:00:00,9.1,20.0
2025-07-04 20:00:00,8.2,0.0
2025-07-04 21:00:00,7.3,0.0
2025-07-04 22:00:00,4.3,0.0
2025-07-04 23:00:00,2.7,0.0
2025-07-05 00:00:00,2.0,0.0
2025-07-05 01:00:00,0.9,0.0
2025-07-05 02:00:00,1.4,0.0
2025-07-05 03:00:00,1.3,0.0
2025-07-05 04:00:00,2.7,2.0
2025-07-05 05:00:00,3.4,70.0
2025-07-05 06:00:00,2.7,223.0
2025-07-05 07:00:00,3.1,405.0
2025-07-05 08:00:00,2.1,582.0
2025-07-05 09:00:00,2.9,735.0
2025-07-05 10:00:00,4.1,849.0
2025-07-05 11:00:00,8.4,872.0
2025-07-05 12:00:00,12.9,863.0
2025-07-05 13:00:00,13.2,867.0
2025-07-05 14:00:00,13.0,776.0
2025-07-05 15:00:00,13.1,650.0
2025-07-05 16:00:00,11.4,485.0
2025-07-05 17:00:00,9.7,305.0
2025-07-05 18:00:00,10.5,135.0
2025-07-05 19:00:00,10.0,19.0
2025-07-05 20:00:00,7.6,0.0
2025-07-05 21:00:00,5.4,0.0
2025-07-05 22:00:00,2.4,0.0
2025-07-05 23:00:00,1.6,0.0
2025-07-06 00:00:00,0.6,0.0
2025-07-06 01:00:00,0.7,0.0
2025-07-06 02:00:00,1.9,0.0
2025-07-06 03:00:00,3.0,0.0
2025-07-06 04:00:00,4.6,2.0
2025-07-06 05:00:00,3.6,68.0
2025-07-06 06:00:00,2.3,217.0
2025-07-06 07:00:00,0.3,398.0
2025-07-06 08:00:00,3.5,572.0
2025-07-06 09:00:00,8.1,721.0
2025-07-06 10:00:00,11.7,833.0
2025-07-06 11:00:00,14.1,895.0
2025-07-06 12:00:00,15.1,774.0
2025-07-06 13:00:00,15.9,746.0
2025-07-06 14:00:00,16.0,731.0
2025-07-06 15:00:00,16.2,619.0
2025-07-06 16:00:00,14.5,460.0
2025-07-06 17:00:00,13.8,302.0
2025-07-06 18:00:00,13.1,135.0
2025-07-06 19:00:00,12.2,19.0
2025-07-06 20:00:00,11.9,0.0
2025-07-06 21:00:00,10.5,0.0
2025-07-06 22:00:00,7.3,0.0
2025-07-06 23:00:00,4.5,0.0
2025-07-07 00:00:00,9.1,0.0
2025-07-07 01:00:00,14.6,0.0
2025-07-07 02:00:00,6.5,0.0
2025-07-07 03:00:00,2.3,0.0
2025-07-07 04:00:00,2.2,1.0
2025-07-07 05:00:00,8.2,55.0
2025-07-07 06:00:00,10.9,126.0
2025-07-07 07:00:00,14.0,299.0
2025-07-07 08:00:00,22.2,424.0
2025-07-07 09:00:00,12.5,473.0
2025-07-07 10:00:00,15.8,728.0
2025-07-07 11:00:00,19.5,784.0
2025-07-07 12:00:00,17.9,684.0
2025-07-07 13:00:00,16.0,859.0
2025-07-07 14:00:00,18.3,683.0
2025-07-07 15:00:00,20.5,570.0
2025-07-07 16:00:00,21.2,449.0
2025-07-07 17:00:00,20.8,291.0
2025-07-07 18:00:00,15.2,125.0
2025-07-07 19:00:00,13.4,19.0
2025-07-07 20:00:00,11.8,0.0
2025-07-07 21:00:00,8.6,0.0
2025-07-07 22:00:00,7.3,0.0
2025-07-07 23:00:00,7.3,0.0
2025-07-08 00:00:00,8.1,0.0
2025-07-08 01:00:00,11.1,0.0
2025-07-08 02:00:00,9.0,0.0
2025-07-08 03:00:00,8.9,0.0
2025-07-08 04:00:00,11.2,1.0
2025-07-08 05:00:00,11.1,60.0
2025-07-08 06:00:00,9.5,188.0
2025-07-08 07:00:00,10.3,375.0
2025-07-08 08:00:00,8.6,551.0
2025-07-08 09:00:00,5.8,660.0
2025-07-08 10:00:00,5.1,791.0
2025-07-08 11:00:00,10.5,858.0
2025-07-08 12:00:00,14.0,906.0
2025-07-08 13:00:00,15.8,857.0
2025-07-08 14:00:00,15.9,801.0
2025-07-08 15:00:00,16.3,665.0
2025-07-08 16:00:00,14.8,467.0
2025-07-08 17:00:00,14.1,312.0
2025-07-08 18:00:00,11.1,116.0
2025-07-08 19:00:00,7.5,14.0
2025-07-08 20:00:00,7.3,0.0
2025-07-08 21:00:00,6.4,0.0
2025-07-08 22:00:00,5.7,0.0
2025-07-08 23:00:00,5.4,0.0
2025-07-09 00:00:00,7.2,0.0
2025-07-09 01:00:00,5.3,0.0
2025-07-09 02:00:00,5.0,0.0
2025-07-09 03:00:00,9.1,0.0
2025-07-09 04:00:00,12.8,1.0
2025-07-09 05:00:00,15.7,70.0
2025-07-09 06:00:00,17.2,232.0
2025-07-09 07:00:00,19.2,419.0
2025-07-09 08:00:00,17.1,602.0
2025-07-09 09:00:00,17.8,759.0
2025-07-09 10:00:00,16.5,869.0
2025-07-09 11:00:00,14.2,933.0
2025-07-09 12:00:00,15.1,946.0
2025-07-09 13:00:00,12.9,901.0
2025-07-09 14:00:00,14.1,809.0
2025-07-09 15:00:00,15.8,682.0
2025-07-09 16:00:00,16.5,506.0
2025-07-09 17:00:00,18.4,319.0
2025-07-09 18:00:00,16.9,141.0
2025-07-09 19:00:00,16.0,19.0
2025-07-09 20:00:00,13.9,0.0
2025-07-09 21:00:00,9.6,0.0
2025-07-09 22:00:00,7.4,0.0
2025-07-09 23:00:00,5.2,0.0
2025-07-10 00:00:00,4.3,0.0
2025-07-10 01:00:00,5.8,0.0
2025-07-10 02:00:00,4.7,0.0
2025-07-10 03:00:00,5.2,0.0
2025-07-10 04:00:00,5.6,1.0
2025-07-10 05:00:00,5.6,68.0
2025-07-10 06:00:00,5.6,214.0
2025-07-10 07:00:00,5.2,382.0
2025-07-10 08:00:00,3.2,550.0
2025-07-10 09:00:00,1.5,658.0
2025-07-10 10:00:00,2.0,774.0
2025-07-10 11:00:00,2.0,738.0
2025-07-10 12:00:00,7.2,756.0
2025-07-10 13:00:00,7.6,831.0
2025-07-10 14:00:00,13.4,701.0
2025-07-10 15:00:00,15.0,593.0
2025-07-10 16:00:00,12.6,454.0
2025-07-10 17:00:00,13.2,298.0
2025-07-10 18:00:00,12.0,136.0
2025-07-10 19:00:00,9.3,18.0
2025-07-10 20:00:00,7.9,0.0
2025-07-10 21:00:00,5.8,0.0
2025-07-10 22:00:00,4.3,0.0
2025-07-10 23:00:00,3.6,0.0
2025-07-11 00:00:00,2.8,0.0
2025-07-11 01:00:00,4.2,0.0
2025-07-11 02:00:00,4.6,0.0
2025-07-11 03:00:00,4.3,0.0
2025-07-11 04:00:00,4.5,1.0
2025-07-11 05:00:00,4.4,65.0
2025-07-11 06:00:00,4.3,221.0
2025-07-11 07:00:00,5.2,405.0
2025-07-11 08:00:00,3.0,584.0
2025-07-11 09:00:00,1.4,739.0
2025-07-11 10:00:00,2.9,858.0
2025-07-11 11:00:00,5.1,930.0
2025-07-11 12:00:00,4.6,945.0
2025-07-11 13:00:00,4.1,856.0
2025-07-11 14:00:00,15.1,754.0
2025-07-11 15:00:00,16.5,561.0
2025-07-11 16:00:00,15.7,433.0
2025-07-11 17:00:00,13.2,280.0
2025-07-11 18:00:00,9.9,133.0
2025-07-11 19:00:00,8.3,18.0
2025-07-11 20:00:00,5.0,0.0
2025-07-11 21:00:00,5.0,0.0
2025-07-11 22:00:00,2.8,0.0
2025-07-11 23:00:00,1.5,0.0
2025-07-12 00:00:00,1.4,0.0
2025-07-12 01:00:00,0.9,0.0
2025-07-12 02:00:00,0.8,0.0
2025-07-12 03:00:00,2.7,0.0
2025-07-12 04:00:00,3.8,1.0
2025-07-12 05:00:00,4.0,64.0
2025-07-12 06:00:00,3.5,217.0
2025-07-12 07:00:00,3.1,400.0
2025-07-12 08:00:00,0.9,579.0
2025-07-12 09:00:00,5.4,733.0
2025-07-12 10:00:00,8.4,848.0
2025-07-12 11:00:00,12.4,916.0
2025-07-12 12:00:00,14.5,931.0
2025-07-12 13:00:00,13.5,892.0
2025-07-12 14:00:00,15.7,801.0
2025-07-12 15:00:00,16.0,669.0
2025-07-12 16:00:00,14.4,502.0
2025-07-12 17:00:00,12.2,311.0
2025-07-12 18:00:00,10.5,135.0
2025-07-12 19:00:00,8.0,17.0
2025-07-12 20:00:00,6.3,0.0
2025-07-12 21:00:00,4.8,0.0
2025-07-12 22:00:00,2.4,0.0
2025-07-12 23:00:00,2.9,0.0
2025-07-13 00:00:00,2.8,0.0
2025-07-13 01:00:00,2.7,0.0
2025-07-13 02:00:00,5.6,0.0
2025-07-13 03:00:00,5.2,0.0
2025-07-13 04:00:00,4.3,1.0
2025-07-13 05:00:00,2.5,62.0
2025-07-13 06:00:00,1.8,210.0
2025-07-13 07:00:00,1.3,361.0
2025-07-13 08:00:00,12.7,376.0
2025-07-13 09:00:00,17.3,259.0
2025-07-13 10:00:00,11.4,200.0
2025-07-13 11:00:00,14.5,305.0
2025-07-13 12:00:00,21.1,542.0
2025-07-13 13:00:00,9.7,154.0
2025-07-13 14:00:00,10.9,398.0
2025-07-13 15:00:00,5.5,451.0
2025-07-13 16:00:00,5.8,72.0
2025-07-13 17:00:00,14.1,285.0
2025-07-13 18:00:00,8.9,88.0
2025-07-13 19:00:00,4.4,9.0
2025-07-13 20:00:00,3.8,0.0
2025-07-13 21:00:00,3.1,0.0
2025-07-13 22:00:00,9.9,0.0
2025-07-13 23:00:00,7.8,0.0
2025-07-14 00:00:00,0.6,0.0
2025-07-14 01:00:00,5.1,0.0
2025-07-14 02:00:00,4.5,0.0
2025-07-14 03:00:00,3.7,0.0
2025-07-14 04:00:00,3.3,0.0
2025-07-14 05:00:00,4.8,51.0
2025-07-14 06:00:00,3.8,176.0
2025-07-14 07:00:00,4.0,352.0
2025-07-14 08:00:00,4.4,535.0
2025-07-14 09:00:00,3.0,625.0
2025-07-14 10:00:00,3.2,750.0
2025-07-14 11:00:00,4.4,850.0
2025-07-14 12:00:00,5.8,884.0
2025-07-14 13:00:00,4.6,806.0
2025-07-14 14:00:00,8.0,652.0
2025-07-14 15:00:00,13.1,634.0
2025-07-14 16:00:00,11.6,471.0
2025-07-14 17:00:00,11.6,299.0
2025-07-14 18:00:00,13.3,131.0
2025-07-14 19:00:00,12.8,16.0
2025-07-14 20:00:00,8.9,0.0
2025-07-14 21:00:00,4.6,0.0
2025-07-14 22:00:00,1.8,0.0
2025-07-14 23:00:00,6.0,0.0
2025-07-15 00:00:00,4.0,0.0
2025-07-15 01:00:00,1.5,0.0
2025-07-15 02:00:00,4.8,0.0
2025-07-15 03:00:00,5.6,0.0
2025-07-15 04:00:00,4.7,0.0
2025-07-15 05:00:00,4.5,59.0
2025-07-15 06:00:00,3.6,211.0
2025-07-15 07:00:00,4.0,392.0
2025-07-15 08:00:00,4.8,568.0
2025-07-15 09:00:00,4.4,721.0
2025-07-15 10:00:00,4.2,836.0
2025-07-15 11:00:00,5.1,904.0
2025-07-15 12:00:00,6.1,909.0
2025-07-15 13:00:00,7.8,841.0
2025-07-15 14:00:00,8.9,764.0
2025-07-15 15:00:00,8.6,639.0
2025-07-15 16:00:00,10.8,483.0
2025-07-15 17:00:00,9.8,295.0
2025-07-15 18:00:00,7.8,128.0
2025-07-15 19:00:00,9.8,16.0
2025-07-15 20:00:00,8.9,0.0
2025-07-15 21:00:00,3.6,0.0
2025-07-15 22:00:00,2.4,0.0
2025-07-15 23:00:00,3.6,0.0
2025-07-16 00:00:00,2.1,0.0
2025-07-16 01:00:00,3.2,0.0
2025-07-16 02:00:00,3.3,0.0
2025-07-16 03:00:00,2.9,0.0
2025-07-16 04:00:00,4.1,0.0
2025-07-16 05:00:00,5.1,58.0
2025-07-16 06:00:00,3.5,209.0
2025-07-16 07:00:00,4.0,388.0
2025-07-16 08:00:00,3.4,564.0
2025-07-16 09:00:00,2.2,716.0
2025-07-16 10:00:00,3.2,829.0
2025-07-16 11:00:00,5.7,849.0
2025-07-16 12:00:00,9.8,798.0
2025-07-16 13:00:00,11.2,799.0
2025-07-16 14:00:00,13.2,624.0
2025-07-16 15:00:00,13.1,619.0
2025-07-16 16:00:00,12.3,460.0
2025-07-16 17:00:00,10.9,286.0
2025-07-16 18:00:00,9.9,125.0
2025-07-16 19:00:00,9.3,15.0
2025-07-16 20:00:00,8.4,0.0
2025-07-16 21:00:00,9.8,0.0
2025-07-16 22:00:00,7.8,0.0
2025-07-16 23:00:00,6.9,0.0
2025-07-17 00:00:00,5.9,0.0
2025-07-17 01:00:00,4.5,0.0
2025-07-17 02:00:00,3.1,0.0
2025-07-17 03:00:00,2.3,0.0
2025-07-17 04:00:00,0.4,0.0
2025-07-17 05:00:00,1.8,37.0
2025-07-17 06:00:00,0.3,136.0
2025-07-17 07:00:00,1.3,350.0
2025-07-17 08:00:00,2.4,548.0
2025-07-17 09:00:00,4.2,702.0
2025-07-17 10:00:00,6.6,819.0
2025-07-17 11:00:00,7.5,788.0
2025-07-17 12:00:00,10.9,813.0
2025-07-17 13:00:00,8.9,675.0
2025-07-17 14:00:00,4.2,676.0
2025-07-17 15:00:00,6.1,580.0
2025-07-17 16:00:00,8.1,369.0
2025-07-17 17:00:00,9.8,212.0
2025-07-17 18:00:00,10.3,117.0
2025-07-17 19:00:00,9.4,14.0
2025-07-17 20:00:00,8.8,0.0
2025-07-17 21:00:00,7.4,0.0
2025-07-17 22:00:00,3.3,0.0
2025-07-17 23:00:00,1.7,0.0
2025-07-18 00:00:00,1.8,0.0
2025-07-18 01:00:00,1.5,0.0
2025-07-18 02:00:00,2.4,0.0
2025-07-18 03:00:00,4.5,0.0
2025-07-18 04:00:00,4.7,0.0
2025-07-18 05:00:00,4.8,54.0
2025-07-18 06:00:00,3.8,203.0
2025-07-18 07:00:00,3.1,384.0
2025-07-18 08:00:00,2.1,561.0
2025-07-18 09:00:00,3.5,715.0
2025-07-18 10:00:00,4.5,809.0
2025-07-18 11:00:00,6.4,789.0
2025-07-18 12:00:00,12.6,806.0
2025-07-18 13:00:00,13.9,757.0
2025-07-18 14:00:00,14.7,713.0
2025-07-18 15:00:00,14.6,573.0
2025-07-18 16:00:00,12.6,427.0
2025-07-18 17:00:00,11.4,272.0
2025-07-18 18:00:00,9.7,122.0
2025-07-18 19:00:00,8.6,14.0
2025-07-18 20:00:00,6.0,0.0
2025-07-18 21:00:00,4.5,0.0
2025-07-18 22:00:00,3.6,0.0
2025-07-18 23:00:00,2.0,0.0
2025-07-19 00:00:00,0.7,0.0
2025-07-19 01:00:00,2.6,0.0
2025-07-19 02:00:00,2.8,0.0
2025-07-19 03:00:00,2.3,0.0
2025-07-19 04:00:00,4.0,0.0
2025-07-19 05:00:00,5.6,53.0
2025-07-19 06:00:00,4.3,201.0
2025-07-19 07:00:00,2.9,381.0
2025-07-19 08:00:00,1.9,557.0
2025-07-19 09:00:00,7.3,710.0
2025-07-19 10:00:00,10.3,826.0
2025-07-19 11:00:00,12.4,892.0
2025-07-19 12:00:00,13.5,906.0
2025-07-19 13:00:00,14.5,866.0
2025-07-19 14:00:00,16.0,771.0
2025-07-19 15:00:00,14.1,601.0
2025-07-19 16:00:00,13.0,432.0
2025-07-19 17:00:00,10.6,248.0
2025-07-19 18:00:00,8.3,109.0
2025-07-19 19:00:00,6.2,13.0
2025-07-19 20:00:00,6.0,0.0
2025-07-19 21:00:00,1.1,0.0
2025-07-19 22:00:00,3.7,0.0
2025-07-19 23:00:00,5.3,0.0
2025-07-20 00:00:00,2.3,0.0
2025-07-20 01:00:00,1.5,0.0
2025-07-20 02:00:00,1.0,0.0
2025-07-20 03:00:00,1.3,0.0
2025-07-20 04:00:00,5.2,0.0
2025-07-20 05:00:00,7.6,51.0
2025-07-20 06:00:00,4.7,202.0
2025-07-20 07:00:00,8.8,384.0
2025-07-20 08:00:00,13.7,560.0
2025-07-20 09:00:00,19.3,713.0
2025-07-20 10:00:00,20.9,830.0
2025-07-20 11:00:00,20.9,848.0
2025-07-20 12:00:00,19.3,693.0
2025-07-20 13:00:00,20.0,705.0
2025-07-20 14:00:00,20.5,586.0
2025-07-20 15:00:00,18.4,482.0
2025-07-20 16:00:00,15.7,382.0
2025-07-20 17:00:00,14.4,245.0
2025-07-20 18:00:00,12.8,115.0
2025-07-20 19:00:00,10.4,13.0
2025-07-20 20:00:00,9.2,0.0
2025-07-20 21:00:00,7.7,0.0
2025-07-20 22:00:00,6.6,0.0
2025-07-20 23:00:00,4.9,0.0
2025-07-21 00:00:00,3.7,0.0
2025-07-21 01:00:00,4.6,0.0
2025-07-21 02:00:00,4.0,0.0
2025-07-21 03:00:00,4.2,0.0
2025-07-21 04:00:00,4.5,0.0
2025-07-21 05:00:00,4.1,50.0
2025-07-21 06:00:00,3.1,199.0
2025-07-21 07:00:00,2.9,380.0
2025-07-21 08:00:00,4.3,556.0
2025-07-21 09:00:00,8.0,708.0
2025-07-21 10:00:00,12.2,819.0
2025-07-21 11:00:00,15.9,882.0
2025-07-21 12:00:00,18.9,902.0
2025-07-21 13:00:00,20.3,854.0
2025-07-21 14:00:00,21.5,772.0
2025-07-21 15:00:00,19.7,638.0
2025-07-21 16:00:00,16.7,433.0
2025-07-21 17:00:00,15.2,292.0
2025-07-21 18:00:00,13.1,123.0
2025-07-21 19:00:00,11.4,12.0
2025-07-21 20:00:00,10.1,0.0
2025-07-21 21:00:00,8.3,0.0
2025-07-21 22:00:00,7.3,0.0
2025-07-21 23:00:00,7.5,0.0
2025-07-22 00:00:00,7.3,0.0
2025-07-22 01:00:00,5.4,0.0
2025-07-22 02:00:00,1.0,0.0
2025-07-22 03:00:00,1.3,0.0
2025-07-22 04:00:00,3.5,0.0
2025-07-22 05:00:00,4.7,30.0
2025-07-22 06:00:00,7.9,101.0
2025-07-22 07:00:00,8.7,200.0
2025-07-22 08:00:00,6.3,442.0
2025-07-22 09:00:00,4.0,580.0
2025-07-22 10:00:00,3.9,743.0
2025-07-22 11:00:00,4.3,856.0
2025-07-22 12:00:00,5.2,881.0
2025-07-22 13:00:00,12.4,735.0
2025-07-22 14:00:00,16.6,699.0
2025-07-22 15:00:00,13.6,571.0
2025-07-22 16:00:00,12.5,457.0
2025-07-22 17:00:00,11.4,291.0
2025-07-22 18:00:00,10.4,122.0
2025-07-22 19:00:00,9.2,12.0
2025-07-22 20:00:00,8.9,0.0
2025-07-22 21:00:00,7.1,0.0
2025-07-22 22:00:00,5.6,0.0
2025-07-22 23:00:00,4.8,0.0
2025-07-23 00:00:00,4.6,0.0
2025-07-23 01:00:00,0.4,0.0
2025-07-23 02:00:00,2.9,0.0
2025-07-23 03:00:00,3.3,0.0
2025-07-23 04:00:00,3.4,0.0
2025-07-23 05:00:00,5.8,48.0
2025-07-23 06:00:00,4.3,198.0
2025-07-23 07:00:00,1.8,380.0
2025-07-23 08:00:00,1.7,561.0
2025-07-23 09:00:00,2.7,716.0
2025-07-23 10:00:00,2.8,832.0
2025-07-23 11:00:00,3.2,899.0
2025-07-23 12:00:00,6.8,911.0
2025-07-23 13:00:00,10.9,867.0
2025-07-23 14:00:00,14.1,749.0
2025-07-23 15:00:00,14.8,642.0
2025-07-23 16:00:00,12.5,470.0
2025-07-23 17:00:00,10.5,290.0
2025-07-23 18:00:00,8.8,119.0
2025-07-23 19:00:00,8.5,11.0
2025-07-23 20:00:00,5.8,0.0
2025-07-23 21:00:00,6.5,0.0
2025-07-23 22:00:00,5.0,0.0
2025-07-23 23:00:00,8.2,0.0
2025-07-24 00:00:00,4.0,0.0
2025-07-24 01:00:00,0.6,0.0
2025-07-24 02:00:00,2.8,0.0
2025-07-24 03:00:00,2.1,0.0
2025-07-24 04:00:00,4.7,0.0
2025-07-24 05:00:00,5.0,45.0
2025-07-24 06:00:00,3.2,190.0
2025-07-24 07:00:00,3.2,369.0
2025-07-24 08:00:00,4.7,546.0
2025-07-24 09:00:00,8.8,697.0
2025-07-24 10:00:00,10.7,772.0
2025-07-24 11:00:00,13.7,697.0
2025-07-24 12:00:00,13.6,580.0
2025-07-24 13:00:00,13.2,858.0
2025-07-24 14:00:00,15.7,734.0
2025-07-24 15:00:00,16.5,568.0
2025-07-24 16:00:00,8.7,396.0
2025-07-24 17:00:00,6.4,262.0
2025-07-24 18:00:00,10.7,107.0
2025-07-24 19:00:00,4.2,9.0
2025-07-24 20:00:00,7.9,0.0
2025-07-24 21:00:00,2.7,0.0
2025-07-24 22:00:00,1.6,0.0
2025-07-24 23:00:00,3.6,0.0
2025-07-25 00:00:00,1.4,0.0
2025-07-25 01:00:00,3.2,0.0
2025-07-25 02:00:00,6.0,0.0
2025-07-25 03:00:00,0.8,0.0
2025-07-25 04:00:00,6.9,0.0
2025-07-25 05:00:00,8.3,43.0
2025-07-25 06:00:00,4.8,187.0
2025-07-25 07:00:00,6.0,364.0
2025-07-25 08:00:00,5.1,526.0
2025-07-25 09:00:00,1.9,701.0
2025-07-25 10:00:00,6.3,815.0
2025-07-25 11:00:00,14.8,878.0
2025-07-25 12:00:00,15.9,737.0
2025-07-25 13:00:00,17.7,831.0
2025-07-25 14:00:00,17.6,622.0
2025-07-25 15:00:00,16.9,583.0
2025-07-25 16:00:00,14.5,453.0
2025-07-25 17:00:00,14.2,169.0
2025-07-25 18:00:00,9.1,86.0
2025-07-25 19:00:00,9.5,9.0
2025-07-25 20:00:00,11.8,0.0
2025-07-25 21:00:00,10.5,0.0
2025-07-25 22:00:00,2.0,0.0
2025-07-25 23:00:00,8.6,0.0
2025-07-26 00:00:00,10.7,0.0
2025-07-26 01:00:00,4.9,0.0
2025-07-26 02:00:00,1.8,0.0
2025-07-26 03:00:00,3.7,0.0
2025-07-26 04:00:00,9.5,0.0
2025-07-26 05:00:00,3.9,27.0
2025-07-26 06:00:00,5.1,137.0
2025-07-26 07:00:00,8.1,313.0
2025-07-26 08:00:00,7.5,395.0
2025-07-26 09:00:00,12.2,467.0
2025-07-26 10:00:00,16.1,593.0
2025-07-26 11:00:00,17.1,864.0
2025-07-26 12:00:00,17.2,836.0
2025-07-26 13:00:00,20.0,793.0
2025-07-26 14:00:00,21.2,624.0
2025-07-26 15:00:00,13.8,437.0
2025-07-26 16:00:00,14.0,392.0
2025-07-26 17:00:00,14.2,232.0
2025-07-26 18:00:00,11.1,91.0
2025-07-26 19:00:00,9.3,7.0
2025-07-26 20:00:00,8.4,0.0
2025-07-26 21:00:00,6.4,0.0
2025-07-26 22:00:00,4.6,0.0
2025-07-26 23:00:00,2.3,0.0
2025-07-27 00:00:00,0.8,0.0
2025-07-27 01:00:00,2.1,0.0
2025-07-27 02:00:00,0.8,0.0
2025-07-27 03:00:00,0.3,0.0
2025-07-27 04:00:00,0.6,0.0
2025-07-27 05:00:00,1.8,41.0
2025-07-27 06:00:00,2.2,186.0
2025-07-27 07:00:00,3.5,367.0
2025-07-27 08:00:00,4.2,546.0
2025-07-27 09:00:00,7.1,680.0
2025-07-27 10:00:00,7.8,667.0
2025-07-27 11:00:00,9.8,736.0
2025-07-27 12:00:00,7.6,679.0
2025-07-27 13:00:00,4.4,683.0
2025-07-27 14:00:00,12.0,647.0
2025-07-27 15:00:00,15.1,557.0
2025-07-27 16:00:00,15.4,429.0
2025-07-27 17:00:00,14.6,266.0
2025-07-27 18:00:00,9.7,103.0
2025-07-27 19:00:00,6.4,8.0
2025-07-27 20:00:00,6.2,0.0
2025-07-27 21:00:00,5.7,0.0
2025-07-27 22:00:00,5.6,0.0
2025-07-27 23:00:00,4.9,0.0
2025-07-28 00:00:00,3.6,0.0
2025-07-28 01:00:00,3.6,0.0
2025-07-28 02:00:00,3.5,0.0
2025-07-28 03:00:00,4.5,0.0
2025-07-28 04:00:00,5.6,0.0
2025-07-28 05:00:00,5.7,24.0
2025-07-28 06:00:00,8.2,126.0
2025-07-28 07:00:00,10.2,266.0
2025-07-28 08:00:00,14.9,387.0
2025-07-28 09:00:00,11.5,386.0
2025-07-28 10:00:00,10.9,469.0
2025-07-28 11:00:00,6.7,621.0
2025-07-28 12:00:00,2.9,653.0
2025-07-28 13:00:00,7.6,613.0
2025-07-28 14:00:00,6.9,585.0
2025-07-28 15:00:00,8.5,293.0
2025-07-28 16:00:00,7.4,393.0
2025-07-28 17:00:00,15.4,240.0
2025-07-28 18:00:00,12.0,93.0
2025-07-28 19:00:00,11.6,8.0
2025-07-28 20:00:00,11.7,0.0
2025-07-28 21:00:00,14.9,0.0
2025-07-28 22:00:00,14.7,0.0
2025-07-28 23:00:00,15.7,0.0
2025-07-29 00:00:00,14.0,0.0
2025-07-29 01:00:00,15.8,0.0
2025-07-29 02:00:00,17.2,0.0
2025-07-29 03:00:00,17.5,0.0
2025-07-29 04:00:00,16.1,0.0
2025-07-29 05:00:00,17.3,36.0
2025-07-29 06:00:00,14.7,165.0
2025-07-29 07:00:00,14.5,335.0
2025-07-29 08:00:00,15.3,488.0
2025-07-29 09:00:00,17.5,615.0
2025-07-29 10:00:00,15.1,712.0
2025-07-29 11:00:00,15.6,865.0
2025-07-29 12:00:00,16.6,863.0
2025-07-29 13:00:00,14.4,788.0
2025-07-29 14:00:00,15.4,733.0
2025-07-29 15:00:00,16.3,605.0
2025-07-29 16:00:00,17.9,450.0
2025-07-29 17:00:00,19.3,269.0
2025-07-29 18:00:00,19.3,101.0
2025-07-29 19:00:00,19.1,7.0
2025-07-29 20:00:00,17.0,0.0
2025-07-29 21:00:00,13.3,0.0
2025-07-29 22:00:00,10.3,0.0
2025-07-29 23:00:00,10.9,0.0
2025-07-30 00:00:00,10.4,0.0
2025-07-30 01:00:00,9.4,0.0
2025-07-30 02:00:00,7.4,0.0
2025-07-30 03:00:00,7.0,0.0
2025-07-30 04:00:00,6.3,0.0
2025-07-30 05:00:00,6.2,37.0
2025-07-30 06:00:00,4.7,181.0
2025-07-30 07:00:00,5.8,363.0
2025-07-30 08:00:00,5.0,544.0
2025-07-30 09:00:00,1.5,696.0
2025-07-30 10:00:00,4.0,799.0
2025-07-30 11:00:00,5.2,806.0
2025-07-30 12:00:00,7.0,800.0
2025-07-30 13:00:00,10.7,742.0
2025-07-30 14:00:00,11.5,484.0
2025-07-30 15:00:00,11.6,489.0
2025-07-30 16:00:00,11.9,342.0
2025-07-30 17:00:00,12.9,240.0
2025-07-30 18:00:00,10.3,97.0
2025-07-30 19:00:00,7.2,6.0
2025-07-30 20:00:00,4.3,0.0
2025-07-30 21:00:00,2.0,0.0
2025-07-30 22:00:00,0.6,0.0
2025-07-30 23:00:00,2.7,0.0
2025-07-31 00:00:00,4.2,0.0
2025-07-31 01:00:00,4.4,0.0
2025-07-31 02:00:00,4.8,0.0
2025-07-31 03:00:00,4.6,0.0
2025-07-31 04:00:00,4.2,0.0
2025-07-31 05:00:00,5.0,35.0
2025-07-31 06:00:00,4.5,176.0
2025-07-31 07:00:00,4.7,355.0
2025-07-31 08:00:00,4.4,533.0
2025-07-31 09:00:00,4.7,693.0
2025-07-31 10:00:00,5.9,803.0
2025-07-31 11:00:00,6.9,870.0
2025-07-31 12:00:00,7.1,850.0
2025-07-31 13:00:00,8.0,821.0
2025-07-31 14:00:00,14.7,709.0
2025-07-31 15:00:00,17.1,563.0
2025-07-31 16:00:00,16.9,397.0
2025-07-31 17:00:00,14.8,261.0
2025-07-31 18:00:00,12.2,100.0
2025-07-31 19:00:00,7.9,6.0
2025-07-31 20:00:00,6.4,0.0
2025-07-31 21:00:00,4.8,0.0
2025-07-31 22:00:00,3.9,0.0
2025-07-31 23:00:00,4.0,0.0
2025-08-01 00:00:00,1.6,0.0
2025-08-01 01:00:00,0.4,0.0
2025-08-01 02:00:00,0.6,0.0
2025-08-01 03:00:00,1.3,0.0
2025-08-01 04:00:00,4.8,0.0
2025-08-01 05:00:00,4.7,34.0
2025-08-01 06:00:00,2.0,174.0
2025-08-01 07:00:00,0.5,355.0
2025-08-01 08:00:00,1.7,534.0
2025-08-01 09:00:00,4.7,690.0
2025-08-01 10:00:00,7.6,807.0
2025-08-01 11:00:00,10.1,812.0
2025-08-01 12:00:00,11.9,843.0
2025-08-01 13:00:00,15.0,828.0
2025-08-01 14:00:00,14.7,737.0
2025-08-01 15:00:00,13.1,615.0
2025-08-01 16:00:00,12.7,464.0
2025-08-01 17:00:00,12.3,275.0
2025-08-01 18:00:00,9.2,100.0
2025-08-01 19:00:00,6.9,5.0
2025-08-01 20:00:00,7.1,0.0
2025-08-01 21:00:00,6.3,0.0
2025-08-01 22:00:00,2.8,0.0
2025-08-01 23:00:00,1.1,0.0
2025-08-02 00:00:00,3.7,0.0
2025-08-02 01:00:00,3.9,0.0
2025-08-02 02:00:00,3.4,0.0
2025-08-02 03:00:00,4.3,0.0
2025-08-02 04:00:00,5.1,0.0
2025-08-02 05:00:00,4.6,32.0
2025-08-02 06:00:00,1.8,171.0
2025-08-02 07:00:00,4.0,345.0
2025-08-02 08:00:00,11.0,514.0
2025-08-02 09:00:00,14.1,632.0
2025-08-02 10:00:00,15.9,716.0
2025-08-02 11:00:00,17.0,812.0
2025-08-02 12:00:00,17.8,857.0
2025-08-02 13:00:00,19.0,767.0
2025-08-02 14:00:00,18.5,652.0
2025-08-02 15:00:00,16.3,578.0
2025-08-02 16:00:00,12.7,429.0
2025-08-02 17:00:00,9.7,258.0
2025-08-02 18:00:00,9.7,94.0
2025-08-02 19:00:00,11.1,5.0
2025-08-02 20:00:00,11.2,0.0
2025-08-02 21:00:00,10.8,0.0
2025-08-02 22:00:00,10.7,0.0
2025-08-02 23:00:00,10.7,0.0
2025-08-03 00:00:00,9.9,0.0
2025-08-03 01:00:00,8.3,0.0
2025-08-03 02:00:00,7.5,0.0
2025-08-03 03:00:00,7.4,0.0
2025-08-03 04:00:00,8.7,0.0
2025-08-03 05:00:00,10.2,29.0
2025-08-03 06:00:00,10.7,143.0
2025-08-03 07:00:00,13.2,280.0
2025-08-03 08:00:00,12.2,464.0
2025-08-03 09:00:00,14.4,618.0
2025-08-03 10:00:00,15.9,718.0
2025-08-03 11:00:00,17.4,778.0
2025-08-03 12:00:00,17.9,766.0
2025-08-03 13:00:00,14.0,769.0
2025-08-03 14:00:00,14.2,625.0
2025-08-03 15:00:00,3.9,494.0
2025-08-03 16:00:00,9.2,370.0
2025-08-03 17:00:00,7.7,196.0
2025-08-03 18:00:00,12.3,89.0
2025-08-03 19:00:00,11.7,4.0
2025-08-03 20:00:00,11.5,0.0
2025-08-03 21:00:00,12.4,0.0
2025-08-03 22:00:00,11.0,0.0
2025-08-03 23:00:00,9.7,0.0
2025-08-04 00:00:00,10.6,0.0
2025-08-04 01:00:00,10.8,0.0
2025-08-04 02:00:00,11.1,0.0
2025-08-04 03:00:00,11.3,0.0
2025-08-04 04:00:00,11.9,0.0
2025-08-04 05:00:00,12.7,30.0
2025-08-04 06:00:00,12.5,170.0
2025-08-04 07:00:00,13.9,351.0
2025-08-04 08:00:00,13.1,534.0
2025-08-04 09:00:00,16.4,691.0
2025-08-04 10:00:00,14.0,796.0
2025-08-04 11:00:00,15.8,814.0
2025-08-04 12:00:00,17.0,836.0
2025-08-04 13:00:00,16.9,786.0
2025-08-04 14:00:00,17.8,711.0
2025-08-04 15:00:00,20.4,492.0
2025-08-04 16:00:00,21.5,424.0
2025-08-04 17:00:00,21.8,256.0
2025-08-04 18:00:00,17.2,92.0
2025-08-04 19:00:00,14.9,4.0
2025-08-04 20:00:00,12.9,0.0
2025-08-04 21:00:00,11.6,0.0
2025-08-04 22:00:00,10.8,0.0
2025-08-04 23:00:00,9.1,0.0
2025-08-05 00:00:00,8.0,0.0
2025-08-05 01:00:00,9.2,0.0
2025-08-05 02:00:00,8.6,0.0
2025-08-05 03:00:00,7.9,0.0
2025-08-05 04:00:00,7.4,0.0
2025-08-05 05:00:00,5.7,28.0
2025-08-05 06:00:00,5.0,162.0
2025-08-05 07:00:00,5.8,343.0
2025-08-05 08:00:00,7.0,523.0
2025-08-05 09:00:00,6.7,682.0
2025-08-05 10:00:00,7.7,805.0
2025-08-05 11:00:00,9.1,880.0
2025-08-05 12:00:00,9.4,902.0
2025-08-05 13:00:00,12.3,807.0
2025-08-05 14:00:00,17.9,752.0
2025-08-05 15:00:00,21.5,619.0
2025-08-05 16:00:00,22.8,447.0
2025-08-05 17:00:00,21.4,260.0
2025-08-05 18:00:00,18.3,89.0
2025-08-05 19:00:00,14.7,3.0
2025-08-05 20:00:00,10.9,0.0
2025-08-05 21:00:00,7.7,0.0
2025-08-05 22:00:00,4.0,0.0
2025-08-05 23:00:00,4.4,0.0
2025-08-06 00:00:00,5.6,0.0
2025-08-06 01:00:00,5.5,0.0
2025-08-06 02:00:00,4.1,0.0
2025-08-06 03:00:00,3.3,0.0
2025-08-06 04:00:00,4.8,0.0
2025-08-06 05:00:00,5.1,27.0
2025-08-06 06:00:00,3.2,162.0
2025-08-06 07:00:00,4.3,345.0
2025-08-06 08:00:00,4.2,528.0
2025-08-06 09:00:00,2.7,686.0
2025-08-06 10:00:00,1.6,804.0
2025-08-06 11:00:00,5.6,874.0
2025-08-06 12:00:00,9.1,885.0
2025-08-06 13:00:00,11.4,843.0
2025-08-06 14:00:00,13.2,747.0
2025-08-06 15:00:00,13.0,606.0
2025-08-06 16:00:00,14.0,436.0
2025-08-06 17:00:00,13.6,252.0
2025-08-06 18:00:00,8.4,86.0
2025-08-06 19:00:00,5.3,3.0
2025-08-06 20:00:00,2.3,0.0
2025-08-06 21:00:00,2.2,0.0
2025-08-06 22:00:00,2.6,0.0
2025-08-06 23:00:00,2.4,0.0
2025-08-07 00:00:00,3.6,0.0
2025-08-07 01:00:00,4.3,0.0
2025-08-07 02:00:00,3.9,0.0
2025-08-07 03:00:00,6.0,0.0
2025-08-07 04:00:00,3.5,0.0
2025-08-07 05:00:00,4.5,25.0
2025-08-07 06:00:00,4.6,158.0
2025-08-07 07:00:00,3.5,338.0
2025-08-07 08:00:00,1.7,518.0
2025-08-07 09:00:00,2.4,675.0
2025-08-07 10:00:00,2.8,793.0
2025-08-07 11:00:00,4.9,868.0
2025-08-07 12:00:00,9.7,889.0
2025-08-07 13:00:00,14.3,811.0
2025-08-07 14:00:00,16.8,736.0
2025-08-07 15:00:00,14.5,575.0
2025-08-07 16:00:00,14.7,418.0
2025-08-07 17:00:00,12.2,241.0
2025-08-07 18:00:00,8.1,82.0
2025-08-07 19:00:00,5.1,2.0
2025-08-07 20:00:00,4.4,0.0
2025-08-07 21:00:00,1.9,0.0
2025-08-07 22:00:00,0.7,0.0
2025-08-07 23:00:00,1.4,0.0
2025-08-08 00:00:00,2.4,0.0
2025-08-08 01:00:00,3.1,0.0
2025-08-08 02:00:00,3.8,0.0
2025-08-08 03:00:00,3.7,0.0
2025-08-08 04:00:00,3.6,0.0
2025-08-08 05:00:00,4.8,24.0
2025-08-08 06:00:00,4.0,156.0
2025-08-08 07:00:00,4.9,336.0
2025-08-08 08:00:00,4.7,516.0
2025-08-08 09:00:00,3.2,674.0
2025-08-08 10:00:00,4.1,793.0
2025-08-08 11:00:00,4.9,862.0
2025-08-08 12:00:00,6.6,876.0
2025-08-08 13:00:00,9.5,830.0
2025-08-08 14:00:00,15.3,731.0
2025-08-08 15:00:00,17.1,597.0
2025-08-08 16:00:00,14.2,426.0
2025-08-08 17:00:00,12.0,243.0
2025-08-08 18:00:00,11.8,79.0
2025-08-08 19:00:00,8.1,2.0
2025-08-08 20:00:00,6.8,0.0
2025-08-08 21:00:00,6.3,0.0
2025-08-08 22:00:00,5.7,0.0
2025-08-08 23:00:00,3.9,0.0
2025-08-09 00:00:00,2.3,0.0
2025-08-09 01:00:00,0.5,0.0
2025-08-09 02:00:00,2.3,0.0
2025-08-09 03:00:00,3.3,0.0
2025-08-09 04:00:00,3.1,0.0
2025-08-09 05:00:00,5.4,23.0
2025-08-09 06:00:00,5.6,154.0
2025-08-09 07:00:00,5.8,335.0
2025-08-09 08:00:00,3.3,515.0
2025-08-09 09:00:00,2.7,672.0
2025-08-09 10:00:00,4.9,791.0
2025-08-09 11:00:00,8.5,861.0
2025-08-09 12:00:00,12.6,876.0
2025-08-09 13:00:00,14.3,836.0
2025-08-09 14:00:00,14.5,738.0
2025-08-09 15:00:00,14.8,597.0
2025-08-09 16:00:00,14.7,427.0
2025-08-09 17:00:00,13.0,242.0
2025-08-09 18:00:00,11.1,78.0
2025-08-09 19:00:00,9.2,2.0
2025-08-09 20:00:00,6.4,0.0
2025-08-09 21:00:00,5.2,0.0
2025-08-09 22:00:00,4.4,0.0
2025-08-09 23:00:00,2.6,0.0
2025-08-10 00:00:00,3.2,0.0
2025-08-10 01:00:00,0.3,0.0
2025-08-10 02:00:00,3.1,0.0
2025-08-10 03:00:00,3.9,0.0
2025-08-10 04:00:00,3.9,0.0
2025-08-10 05:00:00,4.9,22.0
2025-08-10 06:00:00,4.3,152.0
2025-08-10 07:00:00,4.5,333.0
2025-08-10 08:00:00,3.6,514.0
2025-08-10 09:00:00,4.2,672.0
2025-08-10 10:00:00,6.3,791.0
2025-08-10 11:00:00,8.5,861.0
2025-08-10 12:00:00,11.2,873.0
2025-08-10 13:00:00,15.2,822.0
2025-08-10 14:00:00,14.5,721.0
2025-08-10 15:00:00,12.3,554.0
2025-08-10 16:00:00,11.5,425.0
2025-08-10 17:00:00,9.1,237.0
2025-08-10 18:00:00,9.2,74.0
2025-08-10 19:00:00,4.8,1.0
2025-08-10 20:00:00,5.2,0.0
2025-08-10 21:00:00,1.1,0.0
2025-08-10 22:00:00,2.6,0.0
2025-08-10 23:00:00,2.9,0.0
2025-08-11 00:00:00,2.0,0.0
2025-08-11 01:00:00,2.6,0.0
2025-08-11 02:00:00,2.0,0.0
2025-08-11 03:00:00,2.5,0.0
2025-08-11 04:00:00,4.1,0.0
2025-08-11 05:00:00,6.1,21.0
2025-08-11 06:00:00,5.7,150.0
2025-08-11 07:00:00,5.4,331.0
2025-08-11 08:00:00,4.1,514.0
2025-08-11 09:00:00,2.3,672.0
2025-08-11 10:00:00,3.2,792.0
2025-08-11 11:00:00,6.1,857.0
2025-08-11 12:00:00,11.2,861.0
2025-08-11 13:00:00,14.3,775.0
2025-08-11 14:00:00,14.1,623.0
2025-08-11 15:00:00,12.2,467.0
2025-08-11 16:00:00,11.0,405.0
2025-08-11 17:00:00,12.1,220.0
2025-08-11 18:00:00,9.4,67.0
2025-08-11 19:00:00,4.2,1.0
2025-08-11 20:00:00,1.3,0.0
2025-08-11 21:00:00,2.2,0.0
2025-08-11 22:00:00,5.5,0.0
2025-08-11 23:00:00,7.7,0.0
2025-08-12 00:00:00,7.2,0.0
2025-08-12 01:00:00,4.8,0.0
2025-08-12 02:00:00,4.6,0.0
2025-08-12 03:00:00,5.5,0.0
2025-08-12 04:00:00,2.9,0.0
2025-08-12 05:00:00,6.5,19.0
2025-08-12 06:00:00,5.6,148.0
2025-08-12 07:00:00,5.0,326.0
2025-08-12 08:00:00,3.6,500.0
2025-08-12 09:00:00,0.9,594.0
2025-08-12 10:00:00,3.4,748.0
2025-08-12 11:00:00,2.8,817.0
2025-08-12 12:00:00,7.5,802.0
2025-08-12 13:00:00,6.1,613.0
2025-08-12 14:00:00,7.5,373.0
2025-08-12 15:00:00,15.5,503.0
2025-08-12 16:00:00,17.7,267.0
2025-08-12 17:00:00,8.4,174.0
2025-08-12 18:00:00,4.3,63.0
2025-08-12 19:00:00,7.2,1.0
2025-08-12 20:00:00,7.8,0.0
2025-08-12 21:00:00,5.8,0.0
2025-08-12 22:00:00,3.0,0.0
2025-08-12 23:00:00,4.5,0.0
2025-08-13 00:00:00,1.7,0.0
2025-08-13 01:00:00,4.0,0.0
2025-08-13 02:00:00,3.6,0.0
2025-08-13 03:00:00,3.5,0.0
2025-08-13 04:00:00,4.8,0.0
2025-08-13 05:00:00,5.7,18.0
2025-08-13 06:00:00,4.9,144.0
2025-08-13 07:00:00,5.8,323.0
2025-08-13 08:00:00,5.8,503.0
2025-08-13 09:00:00,4.2,660.0
2025-08-13 10:00:00,3.1,783.0
2025-08-13 11:00:00,6.2,808.0
2025-08-13 12:00:00,7.6,718.0
2025-08-13 13:00:00,12.5,754.0
2025-08-13 14:00:00,11.4,552.0
2025-08-13 15:00:00,7.4,534.0
2025-08-13 16:00:00,14.6,298.0
2025-08-13 17:00:00,6.0,187.0
2025-08-13 18:00:00,5.9,58.0
2025-08-13 19:00:00,6.4,1.0
2025-08-13 20:00:00,4.0,0.0
2025-08-13 21:00:00,5.1,0.0
2025-08-13 22:00:00,6.3,0.0
2025-08-13 23:00:00,4.8,0.0
2025-08-14 00:00:00,4.8,0.0
2025-08-14 01:00:00,4.9,0.0
2025-08-14 02:00:00,4.3,0.0
2025-08-14 03:00:00,3.6,0.0
2025-08-14 04:00:00,4.8,0.0
2025-08-14 05:00:00,5.3,16.0
2025-08-14 06:00:00,4.2,137.0
2025-08-14 07:00:00,4.4,314.0
2025-08-14 08:00:00,3.7,499.0
2025-08-14 09:00:00,4.0,660.0
2025-08-14 10:00:00,2.8,778.0
2025-08-14 11:00:00,6.6,721.0
2025-08-14 12:00:00,5.9,520.0
2025-08-14 13:00:00,11.2,600.0
2025-08-14 14:00:00,8.7,448.0
2025-08-14 15:00:00,4.4,480.0
2025-08-14 16:00:00,10.7,360.0
2025-08-14 17:00:00,12.5,186.0
2025-08-14 18:00:00,8.2,51.0
2025-08-14 19:00:00,5.4,0.0
2025-08-14 20:00:00,2.2,0.0
2025-08-14 21:00:00,2.2,0.0
2025-08-14 22:00:00,2.2,0.0
2025-08-14 23:00:00,3.1,0.0
2025-08-15 00:00:00,3.5,0.0
2025-08-15 01:00:00,2.5,0.0
2025-08-15 02:00:00,1.9,0.0
2025-08-15 03:00:00,7.8,0.0
2025-08-15 04:00:00,8.6,0.0
2025-08-15 05:00:00,3.9,12.0
2025-08-15 06:00:00,3.4,112.0
2025-08-15 07:00:00,4.7,291.0
2025-08-15 08:00:00,2.6,413.0
2025-08-15 09:00:00,3.5,616.0
2025-08-15 10:00:00,3.3,700.0
2025-08-15 11:00:00,5.6,753.0
2025-08-15 12:00:00,11.7,680.0
2025-08-15 13:00:00,12.8,410.0
2025-08-15 14:00:00,5.7,391.0
2025-08-15 15:00:00,7.0,451.0
2025-08-15 16:00:00,5.4,370.0
2025-08-15 17:00:00,6.7,215.0
2025-08-15 18:00:00,7.1,59.0
2025-08-15 19:00:00,7.2,0.0
2025-08-15 20:00:00,4.5,0.0
2025-08-15 21:00:00,0.8,0.0
2025-08-15 22:00:00,0.2,0.0
2025-08-15 23:00:00,1.6,0.0
2025-08-16 00:00:00,3.0,0.0
2025-08-16 01:00:00,4.3,0.0
2025-08-16 02:00:00,4.0,0.0
2025-08-16 03:00:00,3.5,0.0
2025-08-16 04:00:00,4.7,0.0
2025-08-16 05:00:00,4.3,15.0
2025-08-16 06:00:00,3.4,134.0
2025-08-16 07:00:00,3.9,312.0
2025-08-16 08:00:00,3.8,493.0
2025-08-16 09:00:00,1.9,651.0
2025-08-16 10:00:00,1.8,769.0
2025-08-16 11:00:00,3.6,731.0
2025-08-16 12:00:00,14.5,822.0
2025-08-16 13:00:00,7.0,532.0
2025-08-16 14:00:00,11.5,561.0
2025-08-16 15:00:00,9.7,377.0
2025-08-16 16:00:00,7.9,360.0
2025-08-16 17:00:00,6.7,181.0
2025-08-16 18:00:00,3.1,58.0
2025-08-16 19:00:00,9.5,0.0
2025-08-16 20:00:00,6.2,0.0
2025-08-16 21:00:00,1.4,0.0
2025-08-16 22:00:00,2.6,0.0
2025-08-16 23:00:00,0.7,0.0
2025-08-17 00:00:00,2.0,0.0
2025-08-17 01:00:00,1.1,0.0
2025-08-17 02:00:00,1.3,0.0
2025-08-17 03:00:00,3.2,0.0
2025-08-17 04:00:00,3.6,0.0
2025-08-17 05:00:00,5.3,14.0
2025-08-17 06:00:00,4.0,133.0
2025-08-17 07:00:00,4.1,285.0
2025-08-17 08:00:00,3.2,457.0
2025-08-17 09:00:00,3.5,584.0
2025-08-17 10:00:00,7.7,758.0
2025-08-17 11:00:00,7.0,661.0
2025-08-17 12:00:00,8.0,488.0
2025-08-17 13:00:00,3.0,563.0
2025-08-17 14:00:00,7.2,361.0
2025-08-17 15:00:00,6.9,362.0
2025-08-17 16:00:00,4.3,336.0
2025-08-17 17:00:00,2.5,188.0
2025-08-17 18:00:00,5.6,53.0
2025-08-17 19:00:00,3.6,0.0
2025-08-17 20:00:00,1.6,0.0
2025-08-17 21:00:00,4.6,0.0
2025-08-17 22:00:00,3.6,0.0
2025-08-17 23:00:00,3.3,0.0
2025-08-18 00:00:00,2.1,0.0
2025-08-18 01:00:00,4.5,0.0
2025-08-18 02:00:00,5.2,0.0
2025-08-18 03:00:00,5.2,0.0
2025-08-18 04:00:00,4.5,0.0
2025-08-18 05:00:00,5.3,14.0
2025-08-18 06:00:00,4.8,131.0
2025-08-18 07:00:00,4.2,309.0
2025-08-18 08:00:00,3.4,491.0
2025-08-18 09:00:00,2.2,649.0
2025-08-18 10:00:00,2.8,769.0
2025-08-18 11:00:00,4.9,832.0
2025-08-18 12:00:00,15.5,790.0
2025-08-18 13:00:00,8.3,595.0
2025-08-18 14:00:00,4.3,514.0
2025-08-18 15:00:00,5.4,480.0
2025-08-18 16:00:00,6.7,351.0
2025-08-18 17:00:00,7.8,187.0
2025-08-18 18:00:00,9.9,50.0
2025-08-18 19:00:00,8.5,0.0
2025-08-18 20:00:00,7.3,0.0
2025-08-18 21:00:00,2.4,0.0
2025-08-18 22:00:00,0.7,0.0
2025-08-18 23:00:00,1.5,0.0
2025-08-19 00:00:00,1.3,0.0
2025-08-19 01:00:00,3.2,0.0
2025-08-19 02:00:00,5.7,0.0
2025-08-19 03:00:00,3.9,0.0
2025-08-19 04:00:00,4.6,0.0
2025-08-19 05:00:00,5.8,13.0
2025-08-19 06:00:00,4.8,128.0
2025-08-19 07:00:00,4.1,305.0
2025-08-19 08:00:00,2.3,485.0
2025-08-19 09:00:00,3.1,644.0
2025-08-19 10:00:00,5.9,767.0
2025-08-19 11:00:00,9.4,831.0
2025-08-19 12:00:00,12.1,821.0
2025-08-19 13:00:00,9.4,643.0
2025-08-19 14:00:00,5.7,531.0
2025-08-19 15:00:00,7.7,409.0
2025-08-19 16:00:00,2.2,252.0
2025-08-19 17:00:00,0.4,167.0
2025-08-19 18:00:00,1.8,43.0
2025-08-19 19:00:00,2.7,0.0
2025-08-19 20:00:00,1.3,0.0
2025-08-19 21:00:00,1.3,0.0
2025-08-19 22:00:00,2.2,0.0
2025-08-19 23:00:00,2.7,0.0
2025-08-20 00:00:00,2.6,0.0
2025-08-20 01:00:00,3.4,0.0
2025-08-20 02:00:00,3.8,0.0
2025-08-20 03:00:00,4.7,0.0
2025-08-20 04:00:00,5.7,0.0
2025-08-20 05:00:00,3.7,11.0
2025-08-20 06:00:00,4.4,121.0
2025-08-20 07:00:00,4.6,304.0
2025-08-20 08:00:00,4.6,381.0
2025-08-20 09:00:00,7.5,614.0
2025-08-20 10:00:00,10.4,748.0
2025-08-20 11:00:00,13.6,807.0
2025-08-20 12:00:00,16.6,826.0
2025-08-20 13:00:00,11.4,432.0
2025-08-20 14:00:00,12.4,264.0
2025-08-20 15:00:00,14.4,201.0
2025-08-20 16:00:00,16.4,148.0
2025-08-20 17:00:00,14.1,73.0
2025-08-20 18:00:00,15.6,23.0
2025-08-20 19:00:00,13.7,0.0
2025-08-20 20:00:00,8.4,0.0
2025-08-20 21:00:00,3.3,0.0
2025-08-20 22:00:00,4.8,0.0
2025-08-20 23:00:00,16.0,0.0
2025-08-21 00:00:00,15.5,0.0
2025-08-21 01:00:00,11.2,0.0
2025-08-21 02:00:00,13.5,0.0
2025-08-21 03:00:00,10.6,0.0
2025-08-21 04:00:00,5.1,0.0
2025-08-21 05:00:00,4.2,10.0
2025-08-21 06:00:00,5.2,110.0
2025-08-21 07:00:00,6.4,242.0
2025-08-21 08:00:00,15.6,383.0
2025-08-21 09:00:00,15.9,491.0
2025-08-21 10:00:00,13.3,629.0
2025-08-21 11:00:00,10.8,693.0
2025-08-21 12:00:00,5.2,748.0
2025-08-21 13:00:00,7.5,712.0
2025-08-21 14:00:00,10.2,594.0
2025-08-21 15:00:00,14.9,512.0
2025-08-21 16:00:00,13.4,362.0
2025-08-21 17:00:00,10.7,191.0
2025-08-21 18:00:00,8.8,43.0
2025-08-21 19:00:00,9.0,0.0
2025-08-21 20:00:00,11.7,0.0
2025-08-21 21:00:00,12.0,0.0
2025-08-21 22:00:00,5.3,0.0
2025-08-21 23:00:00,8.9,0.0
2025-08-22 00:00:00,9.2,0.0
2025-08-22 01:00:00,6.8,0.0
2025-08-22 02:00:00,3.3,0.0
2025-08-22 03:00:00,2.7,0.0
2025-08-22 04:00:00,5.6,0.0
2025-08-22 05:00:00,6.7,10.0
2025-08-22 06:00:00,4.0,121.0
2025-08-22 07:00:00,3.6,298.0
2025-08-22 08:00:00,3.6,473.0
2025-08-22 09:00:00,2.5,628.0
2025-08-22 10:00:00,1.9,734.0
2025-08-22 11:00:00,2.2,783.0
2025-08-22 12:00:00,3.0,784.0
2025-08-22 13:00:00,0.6,716.0
2025-08-22 14:00:00,1.8,632.0
2025-08-22 15:00:00,2.6,495.0
2025-08-22 16:00:00,3.8,331.0
2025-08-22 17:00:00,1.6,159.0
2025-08-22 18:00:00,2.7,38.0
2025-08-22 19:00:00,3.4,0.0
2025-08-22 20:00:00,2.7,0.0
2025-08-22 21:00:00,1.3,0.0
2025-08-22 22:00:00,0.7,0.0
2025-08-22 23:00:00,2.2,0.0
2025-08-23 00:00:00,2.9,0.0
2025-08-23 01:00:00,3.7,0.0
2025-08-23 02:00:00,3.3,0.0
2025-08-23 03:00:00,2.8,0.0
2025-08-23 04:00:00,4.1,0.0
2025-08-23 05:00:00,3.4,9.0
2025-08-23 06:00:00,4.2,115.0
2025-08-23 07:00:00,3.7,289.0
2025-08-23 08:00:00,3.2,467.0
2025-08-23 09:00:00,1.3,625.0
2025-08-23 10:00:00,2.2,666.0
2025-08-23 11:00:00,2.5,734.0
2025-08-23 12:00:00,4.1,726.0
2025-08-23 13:00:00,5.5,522.0
2025-08-23 14:00:00,4.2,499.0
2025-08-23 15:00:00,5.8,468.0
2025-08-23 16:00:00,5.1,331.0
2025-08-23 17:00:00,3.6,175.0
2025-08-23 18:00:00,5.2,38.0
2025-08-23 19:00:00,7.8,0.0
2025-08-23 20:00:00,8.1,0.0
2025-08-23 21:00:00,5.2,0.0
2025-08-23 22:00:00,2.9,0.0
2025-08-23 23:00:00,2.1,0.0
2025-08-24 00:00:00,2.0,0.0
2025-08-24 01:00:00,1.9,0.0
2025-08-24 02:00:00,1.4,0.0
2025-08-24 03:00:00,1.8,0.0
2025-08-24 04:00:00,1.7,0.0
2025-08-24 05:00:00,1.5,9.0
2025-08-24 06:00:00,2.3,115.0
2025-08-24 07:00:00,2.6,292.0
2025-08-24 08:00:00,2.6,472.0
2025-08-24 09:00:00,3.2,624.0
2025-08-24 10:00:00,4.9,729.0
2025-08-24 11:00:00,8.8,761.0
2025-08-24 12:00:00,12.4,755.0
2025-08-24 13:00:00,11.2,695.0
2025-08-24 14:00:00,12.5,635.0
2025-08-24 15:00:00,11.3,494.0
2025-08-24 16:00:00,8.6,329.0
2025-08-24 17:00:00,5.4,167.0
2025-08-24 18:00:00,5.4,34.0
2025-08-24 19:00:00,6.2,0.0
2025-08-24 20:00:00,2.7,0.0
2025-08-24 21:00:00,2.1,0.0
2025-08-24 22:00:00,1.0,0.0
2025-08-24 23:00:00,1.5,0.0
2025-08-25 00:00:00,3.1,0.0
2025-08-25 01:00:00,2.7,0.0
2025-08-25 02:00:00,3.6,0.0
2025-08-25 03:00:00,3.3,0.0
2025-08-25 04:00:00,3.7,0.0
2025-08-25 05:00:00,3.6,8.0
2025-08-25 06:00:00,3.1,112.0
2025-08-25 07:00:00,4.2,288.0
2025-08-25 08:00:00,4.0,468.0
2025-08-25 09:00:00,2.8,620.0
2025-08-25 10:00:00,2.4,707.0
2025-08-25 11:00:00,2.6,760.0
2025-08-25 12:00:00,4.3,766.0
2025-08-25 13:00:00,6.0,683.0
2025-08-25 14:00:00,8.0,559.0
2025-08-25 15:00:00,10.3,424.0
2025-08-25 16:00:00,8.3,302.0
2025-08-25 17:00:00,5.7,164.0
2025-08-25 18:00:00,7.1,29.0
2025-08-25 19:00:00,6.9,0.0
2025-08-25 20:00:00,6.2,0.0
2025-08-25 21:00:00,4.4,0.0
2025-08-25 22:00:00,2.9,0.0
2025-08-25 23:00:00,2.8,0.0
2025-08-26 00:00:00,2.2,0.0
2025-08-26 01:00:00,1.5,0.0
2025-08-26 02:00:00,1.1,0.0
2025-08-26 03:00:00,1.3,0.0
2025-08-26 04:00:00,3.1,0.0
2025-08-26 05:00:00,3.3,7.0
2025-08-26 06:00:00,2.8,111.0
2025-08-26 07:00:00,1.8,285.0
2025-08-26 08:00:00,1.2,464.0
2025-08-26 09:00:00,2.1,614.0
2025-08-26 10:00:00,4.3,704.0
2025-08-26 11:00:00,5.2,750.0
2025-08-26 12:00:00,7.3,766.0
2025-08-26 13:00:00,8.3,487.0
2025-08-26 14:00:00,4.4,374.0
2025-08-26 15:00:00,6.0,447.0
2025-08-26 16:00:00,5.4,325.0
2025-08-26 17:00:00,5.2,163.0
2025-08-26 18:00:00,5.5,30.0
2025-08-26 19:00:00,7.8,0.0
2025-08-26 20:00:00,6.9,0.0
2025-08-26 21:00:00,2.2,0.0
2025-08-26 22:00:00,0.9,0.0
2025-08-26 23:00:00,0.9,0.0
2025-08-27 00:00:00,2.4,0.0
2025-08-27 01:00:00,4.2,0.0
2025-08-27 02:00:00,4.0,0.0
2025-08-27 03:00:00,5.0,0.0
2025-08-27 04:00:00,4.7,0.0
2025-08-27 05:00:00,4.0,7.0
2025-08-27 06:00:00,3.4,109.0
2025-08-27 07:00:00,4.3,283.0
2025-08-27 08:00:00,2.5,463.0
2025-08-27 09:00:00,1.6,619.0
2025-08-27 10:00:00,4.2,734.0
2025-08-27 11:00:00,7.0,799.0
2025-08-27 12:00:00,10.8,805.0
2025-08-27 13:00:00,13.7,696.0
2025-08-27 14:00:00,9.2,551.0
2025-08-27 15:00:00,10.6,466.0
2025-08-27 16:00:00,10.9,332.0
2025-08-27 17:00:00,8.1,159.0
2025-08-27 18:00:00,6.9,28.0
2025-08-27 19:00:00,7.5,0.0
2025-08-27 20:00:00,5.1,0.0
2025-08-27 21:00:00,1.0,0.0
2025-08-27 22:00:00,1.4,0.0
2025-08-27 23:00:00,5.0,0.0
2025-08-28 00:00:00,1.8,0.0
2025-08-28 01:00:00,1.3,0.0
2025-08-28 02:00:00,2.9,0.0
2025-08-28 03:00:00,5.1,0.0
2025-08-28 04:00:00,1.8,0.0
2025-08-28 05:00:00,2.8,6.0
2025-08-28 06:00:00,1.5,106.0
2025-08-28 07:00:00,2.7,280.0
2025-08-28 08:00:00,4.9,458.0
2025-08-28 09:00:00,15.0,611.0
2025-08-28 10:00:00,16.7,725.0
2025-08-28 11:00:00,19.0,795.0
2025-08-28 12:00:00,19.1,813.0
2025-08-28 13:00:00,21.0,638.0
2025-08-28 14:00:00,22.8,625.0
2025-08-28 15:00:00,22.9,382.0
2025-08-28 16:00:00,16.6,241.0
2025-08-28 17:00:00,11.8,69.0
2025-08-28 18:00:00,12.4,24.0
2025-08-28 19:00:00,13.9,0.0
2025-08-28 20:00:00,15.1,0.0
2025-08-28 21:00:00,13.6,0.0
2025-08-28 22:00:00,16.2,0.0
2025-08-28 23:00:00,15.9,0.0
2025-08-29 00:00:00,16.6,0.0
2025-08-29 01:00:00,15.7,0.0
2025-08-29 02:00:00,13.2,0.0
2025-08-29 03:00:00,13.6,0.0
2025-08-29 04:00:00,10.3,0.0
2025-08-29 05:00:00,16.1,1.0
2025-08-29 06:00:00,20.8,28.0
2025-08-29 07:00:00,18.1,99.0
2025-08-29 08:00:00,13.3,82.0
2025-08-29 09:00:00,10.7,290.0
2025-08-29 10:00:00,10.0,306.0
2025-08-29 11:00:00,11.1,483.0
2025-08-29 12:00:00,10.7,604.0
2025-08-29 13:00:00,10.4,436.0
2025-08-29 14:00:00,8.6,528.0
2025-08-29 15:00:00,5.5,337.0
2025-08-29 16:00:00,2.2,294.0
2025-08-29 17:00:00,5.8,154.0
2025-08-29 18:00:00,7.7,24.0
2025-08-29 19:00:00,5.9,0.0
2025-08-29 20:00:00,6.4,0.0
2025-08-29 21:00:00,6.3,0.0
2025-08-29 22:00:00,6.5,0.0
2025-08-29 23:00:00,9.3,0.0
2025-08-30 00:00:00,12.4,0.0
2025-08-30 01:00:00,7.3,0.0
2025-08-30 02:00:00,10.0,0.0
2025-08-30 03:00:00,13.8,0.0
2025-08-30 04:00:00,10.1,0.0
2025-08-30 05:00:00,11.8,4.0
2025-08-30 06:00:00,10.3,75.0
2025-08-30 07:00:00,17.0,177.0
2025-08-30 08:00:00,9.7,105.0
2025-08-30 09:00:00,1.3,202.0
2025-08-30 10:00:00,3.3,253.0
2025-08-30 11:00:00,11.7,495.0
2025-08-30 12:00:00,13.6,792.0
2025-08-30 13:00:00,9.7,697.0
2025-08-30 14:00:00,7.6,535.0
2025-08-30 15:00:00,8.0,486.0
2025-08-30 16:00:00,4.0,313.0
2025-08-30 17:00:00,2.4,147.0
2025-08-30 18:00:00,2.0,22.0
2025-08-30 19:00:00,1.6,0.0
2025-08-30 20:00:00,3.0,0.0
2025-08-30 21:00:00,2.8,0.0
2025-08-30 22:00:00,2.8,0.0
2025-08-30 23:00:00,3.4,0.0
2025-08-31 00:00:00,4.1,0.0
2025-08-31 01:00:00,5.9,0.0
2025-08-31 02:00:00,4.0,0.0
2025-08-31 03:00:00,2.7,0.0
2025-08-31 04:00:00,2.8,0.0
2025-08-31 05:00:00,3.9,5.0
2025-08-31 06:00:00,2.4,102.0
2025-08-31 07:00:00,2.3,279.0
2025-08-31 08:00:00,3.1,460.0
2025-08-31 09:00:00,3.1,619.0
2025-08-31 10:00:00,3.2,735.0
2025-08-31 11:00:00,3.1,802.0
2025-08-31 12:00:00,4.1,787.0
2025-08-31 13:00:00,3.2,759.0
2025-08-31 14:00:00,2.8,621.0
2025-08-31 15:00:00,8.9,470.0
2025-08-31 16:00:00,10.9,317.0
2025-08-31 17:00:00,8.9,147.0
2025-08-31 18:00:00,8.2,20.0
2025-08-31 19:00:00,4.2,0.0
2025-08-31 20:00:00,4.1,0.0
2025-08-31 21:00:00,2.0,0.0
2025-08-31 22:00:00,0.6,0.0
2025-08-31 23:00:00,1.3,0.0
2025-09-01 00:00:00,2.8,0.0
2025-09-01 01:00:00,3.2,0.0
2025-09-01 02:00:00,1.9,0.0
2025-09-01 03:00:00,3.1,0.0
2025-09-01 04:00:00,3.6,0.0
2025-09-01 05:00:00,3.0,4.0
2025-09-01 06:00:00,3.4,96.0
2025-09-01 07:00:00,3.2,255.0
2025-09-01 08:00:00,1.5,428.0
2025-09-01 09:00:00,3.1,578.0
2025-09-01 10:00:00,5.3,727.0
2025-09-01 11:00:00,7.3,799.0
2025-09-01 12:00:00,8.9,807.0
2025-09-01 13:00:00,7.7,759.0
2025-09-01 14:00:00,8.9,657.0
2025-09-01 15:00:00,10.4,508.0
2025-09-01 16:00:00,12.2,325.0
2025-09-01 17:00:00,10.5,148.0
2025-09-01 18:00:00,9.3,19.0
2025-09-01 19:00:00,6.9,0.0
2025-09-01 20:00:00,4.5,0.0
2025-09-01 21:00:00,3.6,0.0
2025-09-01 22:00:00,3.5,0.0
2025-09-01 23:00:00,2.9,0.0
2025-09-02 00:00:00,2.7,0.0
2025-09-02 01:00:00,4.5,0.0
2025-09-02 02:00:00,8.0,0.0
2025-09-02 03:00:00,3.7,0.0
2025-09-02 04:00:00,7.5,0.0
2025-09-02 05:00:00,11.9,1.0
2025-09-02 06:00:00,14.5,22.0
2025-09-02 07:00:00,9.4,91.0
2025-09-02 08:00:00,7.3,320.0
2025-09-02 09:00:00,13.5,536.0
2025-09-02 10:00:00,16.7,607.0
2025-09-02 11:00:00,18.2,601.0
2025-09-02 12:00:00,19.8,601.0
2025-09-02 13:00:00,13.3,574.0
2025-09-02 14:00:00,10.7,578.0
2025-09-02 15:00:00,11.1,466.0
2025-09-02 16:00:00,8.6,312.0
2025-09-02 17:00:00,3.0,119.0
2025-09-02 18:00:00,2.6,15.0
2025-09-02 19:00:00,3.8,0.0
2025-09-02 20:00:00,4.6,0.0
2025-09-02 21:00:00,4.8,0.0
2025-09-02 22:00:00,4.5,0.0
2025-09-02 23:00:00,1.7,0.0
2025-09-03 00:00:00,3.9,0.0
2025-09-03 01:00:00,4.9,0.0
2025-09-03 02:00:00,5.6,0.0
2025-09-03 03:00:00,5.1,0.0
2025-09-03 04:00:00,4.3,0.0
2025-09-03 05:00:00,3.8,3.0
2025-09-03 06:00:00,4.6,96.0
2025-09-03 07:00:00,4.4,270.0
2025-09-03 08:00:00,5.3,456.0
2025-09-03 09:00:00,5.1,615.0
2025-09-03 10:00:00,6.8,729.0
2025-09-03 11:00:00,8.5,784.0
2025-09-03 12:00:00,8.2,797.0
2025-09-03 13:00:00,7.5,688.0
2025-09-03 14:00:00,7.6,640.0
2025-09-03 15:00:00,11.6,503.0
2025-09-03 16:00:00,13.9,322.0
2025-09-03 17:00:00,10.6,142.0
2025-09-03 18:00:00,7.1,16.0
2025-09-03 19:00:00,3.6,0.0
2025-09-03 20:00:00,0.9,0.0
2025-09-03 21:00:00,0.9,0.0
2025-09-03 22:00:00,1.5,0.0
2025-09-03 23:00:00,2.3,0.0
2025-09-04 00:00:00,3.0,0.0
2025-09-04 01:00:00,2.6,0.0
2025-09-04 02:00:00,3.4,0.0
2025-09-04 03:00:00,4.4,0.0
2025-09-04 04:00:00,4.3,0.0
2025-09-04 05:00:00,4.1,3.0
2025-09-04 06:00:00,4.5,93.0
2025-09-04 07:00:00,3.8,268.0
2025-09-04 08:00:00,4.0,450.0
2025-09-04 09:00:00,2.9,609.0
2025-09-04 10:00:00,2.6,728.0
2025-09-04 11:00:00,2.4,794.0
2025-09-04 12:00:00,3.1,802.0
2025-09-04 13:00:00,3.2,754.0
2025-09-04 14:00:00,8.9,648.0
2025-09-04 15:00:00,12.5,493.0
2025-09-04 16:00:00,9.6,319.0
2025-09-04 17:00:00,7.0,138.0
2025-09-04 18:00:00,7.5,14.0
2025-09-04 19:00:00,4.3,0.0
2025-09-04 20:00:00,2.7,0.0
2025-09-04 21:00:00,2.8,0.0
2025-09-04 22:00:00,1.5,0.0
2025-09-04 23:00:00,1.5,0.0
2025-09-05 00:00:00,1.1,0.0
2025-09-05 01:00:00,1.1,0.0
2025-09-05 02:00:00,2.0,0.0
2025-09-05 03:00:00,3.1,0.0
2025-09-05 04:00:00,3.3,0.0
2025-09-05 05:00:00,3.9,3.0
2025-09-05 06:00:00,3.6,89.0
2025-09-05 07:00:00,2.3,261.0
2025-09-05 08:00:00,2.5,443.0
2025-09-05 09:00:00,1.9,602.0
2025-09-05 10:00:00,0.5,721.0
2025-09-05 11:00:00,0.7,787.0
2025-09-05 12:00:00,1.1,793.0
2025-09-05 13:00:00,1.3,743.0
2025-09-05 14:00:00,3.6,640.0
2025-09-05 15:00:00,9.2,491.0
2025-09-05 16:00:00,11.3,312.0
2025-09-05 17:00:00,9.6,132.0
2025-09-05 18:00:00,8.7,13.0
2025-09-05 19:00:00,6.9,0.0
2025-09-05 20:00:00,5.7,0.0
2025-09-05 21:00:00,3.8,0.0
2025-09-05 22:00:00,2.4,0.0
2025-09-05 23:00:00,1.0,0.0
2025-09-06 00:00:00,2.2,0.0
2025-09-06 01:00:00,2.8,0.0
2025-09-06 02:00:00,4.4,0.0
2025-09-06 03:00:00,3.4,0.0
2025-09-06 04:00:00,2.8,0.0
2025-09-06 05:00:00,3.5,2.0
2025-09-06 06:00:00,5.4,88.0
2025-09-06 07:00:00,4.5,261.0
2025-09-06 08:00:00,3.6,443.0
2025-09-06 09:00:00,2.3,602.0
2025-09-06 10:00:00,1.8,720.0
2025-09-06 11:00:00,3.8,789.0
2025-09-06 12:00:00,4.4,799.0
2025-09-06 13:00:00,6.1,712.0
2025-09-06 14:00:00,7.2,552.0
2025-09-06 15:00:00,8.7,421.0
2025-09-06 16:00:00,10.5,255.0
2025-09-06 17:00:00,10.2,125.0
2025-09-06 18:00:00,9.2,11.0
2025-09-06 19:00:00,5.0,0.0
2025-09-06 20:00:00,1.9,0.0
2025-09-06 21:00:00,3.4,0.0
2025-09-06 22:00:00,2.7,0.0
2025-09-06 23:00:00,0.5,0.0
2025-09-07 00:00:00,0.2,0.0
2025-09-07 01:00:00,2.3,0.0
2025-09-07 02:00:00,4.2,0.0
2025-09-07 03:00:00,2.7,0.0
2025-09-07 04:00:00,2.2,0.0
2025-09-07 05:00:00,3.2,2.0
2025-09-07 06:00:00,4.9,85.0
2025-09-07 07:00:00,4.6,256.0
2025-09-07 08:00:00,4.0,438.0
2025-09-07 09:00:00,1.6,596.0
2025-09-07 10:00:00,2.2,715.0
2025-09-07 11:00:00,1.9,781.0
2025-09-07 12:00:00,2.7,791.0
2025-09-07 13:00:00,4.1,736.0
2025-09-07 14:00:00,2.5,627.0
2025-09-07 15:00:00,14.5,469.0
2025-09-07 16:00:00,14.2,303.0
2025-09-07 17:00:00,9.7,123.0
2025-09-07 18:00:00,7.6,10.0
2025-09-07 19:00:00,5.7,0.0
2025-09-07 20:00:00,4.5,0.0
2025-09-07 21:00:00,2.7,0.0
2025-09-07 22:00:00,1.1,0.0
2025-09-07 23:00:00,0.5,0.0
2025-09-08 00:00:00,0.6,0.0
2025-09-08 01:00:00,3.9,0.0
2025-09-08 02:00:00,4.2,0.0
2025-09-08 03:00:00,4.2,0.0
2025-09-08 04:00:00,5.5,0.0
2025-09-08 05:00:00,5.4,2.0
2025-09-08 06:00:00,4.4,82.0
2025-09-08 07:00:00,3.0,254.0
2025-09-08 08:00:00,2.2,426.0
2025-09-08 09:00:00,1.0,589.0
2025-09-08 10:00:00,3.1,704.0
2025-09-08 11:00:00,7.7,764.0
2025-09-08 12:00:00,11.1,687.0
2025-09-08 13:00:00,10.9,439.0
2025-09-08 14:00:00,12.5,164.0
2025-09-08 15:00:00,10.0,188.0
2025-09-08 16:00:00,8.8,173.0
2025-09-08 17:00:00,2.7,94.0
2025-09-08 18:00:00,2.9,7.0
2025-09-08 19:00:00,3.2,0.0
2025-09-08 20:00:00,2.8,0.0
2025-09-08 21:00:00,1.1,0.0
2025-09-08 22:00:00,0.5,0.0
2025-09-08 23:00:00,1.8,0.0
2025-09-09 00:00:00,0.4,0.0
2025-09-09 01:00:00,2.8,0.0
2025-09-09 02:00:00,3.0,0.0
2025-09-09 03:00:00,3.6,0.0
2025-09-09 04:00:00,3.6,0.0
2025-09-09 05:00:00,2.8,1.0
2025-09-09 06:00:00,3.6,77.0
2025-09-09 07:00:00,3.0,235.0
2025-09-09 08:00:00,2.0,362.0
2025-09-09 09:00:00,3.2,328.0
2025-09-09 10:00:00,4.9,463.0
2025-09-09 11:00:00,5.4,537.0
2025-09-09 12:00:00,7.7,693.0
2025-09-09 13:00:00,12.9,577.0
2025-09-09 14:00:00,13.8,497.0
2025-09-09 15:00:00,14.4,431.0
2025-09-09 16:00:00,13.7,169.0
2025-09-09 17:00:00,10.6,104.0
2025-09-09 18:00:00,9.8,5.0
2025-09-09 19:00:00,8.1,0.0
2025-09-09 20:00:00,4.4,0.0
2025-09-09 21:00:00,4.1,0.0
2025-09-09 22:00:00,1.3,0.0
2025-09-09 23:00:00,10.7,0.0
2025-09-10 00:00:00,5.2,0.0
2025-09-10 01:00:00,7.7,0.0
2025-09-10 02:00:00,3.2,0.0
2025-09-10 03:00:00,10.3,0.0
2025-09-10 04:00:00,3.4,0.0
2025-09-10 05:00:00,8.0,1.0
2025-09-10 06:00:00,12.3,27.0
2025-09-10 07:00:00,15.8,82.0
2025-09-10 08:00:00,14.1,68.0
2025-09-10 09:00:00,14.2,83.0
2025-09-10 10:00:00,14.5,74.0
2025-09-10 11:00:00,11.7,126.0
2025-09-10 12:00:00,20.9,69.0
2025-09-10 13:00:00,25.6,243.0
2025-09-10 14:00:00,18.6,294.0
2025-09-10 15:00:00,10.3,123.0
2025-09-10 16:00:00,8.2,151.0
2025-09-10 17:00:00,9.1,58.0
2025-09-10 18:00:00,7.0,5.0
2025-09-10 19:00:00,6.4,0.0
2025-09-10 20:00:00,6.4,0.0
2025-09-10 21:00:00,8.0,0.0
2025-09-10 22:00:00,10.1,0.0
2025-09-10 23:00:00,12.0,0.0
2025-09-11 00:00:00,11.3,0.0
2025-09-11 01:00:00,9.7,0.0
2025-09-11 02:00:00,7.0,0.0
2025-09-11 03:00:00,8.9,0.0
2025-09-11 04:00:00,9.8,0.0
2025-09-11 05:00:00,6.2,1.0
2025-09-11 06:00:00,9.6,62.0
2025-09-11 07:00:00,5.7,207.0
2025-09-11 08:00:00,6.7,409.0
2025-09-11 09:00:00,4.5,572.0
2025-09-11 10:00:00,3.9,656.0
2025-09-11 11:00:00,7.3,673.0
2025-09-11 12:00:00,10.5,696.0
2025-09-11 13:00:00,11.3,648.0
2025-09-11 14:00:00,13.4,558.0
2025-09-11 15:00:00,11.9,433.0
2025-09-11 16:00:00,8.1,262.0
2025-09-11 17:00:00,5.4,104.0
2025-09-11 18:00:00,5.7,5.0
2025-09-11 19:00:00,4.8,0.0
2025-09-11 20:00:00,5.2,0.0
2025-09-11 21:00:00,5.7,0.0
2025-09-11 22:00:00,6.1,0.0
2025-09-11 23:00:00,5.3,0.0
2025-09-12 00:00:00,6.6,0.0
2025-09-12 01:00:00,5.9,0.0
2025-09-12 02:00:00,6.5,0.0
2025-09-12 03:00:00,6.1,0.0
2025-09-12 04:00:00,7.3,0.0
2025-09-12 05:00:00,6.8,1.0
2025-09-12 06:00:00,6.5,70.0
2025-09-12 07:00:00,5.4,229.0
2025-09-12 08:00:00,6.2,404.0
2025-09-12 09:00:00,6.2,536.0
2025-09-12 10:00:00,5.2,596.0
2025-09-12 11:00:00,5.0,601.0
2025-09-12 12:00:00,3.8,560.0
2025-09-12 13:00:00,4.3,540.0
2025-09-12 14:00:00,3.6,473.0
2025-09-12 15:00:00,8.1,341.0
2025-09-12 16:00:00,10.2,251.0
2025-09-12 17:00:00,6.7,91.0
2025-09-12 18:00:00,4.0,4.0
2025-09-12 19:00:00,3.6,0.0
2025-09-12 20:00:00,2.8,0.0
2025-09-12 21:00:00,2.3,0.0
2025-09-12 22:00:00,3.3,0.0
2025-09-12 23:00:00,1.8,0.0
2025-09-13 00:00:00,3.4,0.0
2025-09-13 01:00:00,3.2,0.0
2025-09-13 02:00:00,3.5,0.0
2025-09-13 03:00:00,3.6,0.0
2025-09-13 04:00:00,4.4,0.0
2025-09-13 05:00:00,3.4,1.0
2025-09-13 06:00:00,4.1,70.0
2025-09-13 07:00:00,4.0,235.0
2025-09-13 08:00:00,4.4,414.0
2025-09-13 09:00:00,2.6,569.0
2025-09-13 10:00:00,0.0,684.0
2025-09-13 11:00:00,0.9,746.0
2025-09-13 12:00:00,0.4,736.0
2025-09-13 13:00:00,1.0,630.0
2025-09-13 14:00:00,5.7,552.0
2025-09-13 15:00:00,9.3,408.0
2025-09-13 16:00:00,8.7,252.0
2025-09-13 17:00:00,6.3,94.0
2025-09-13 18:00:00,6.8,3.0
2025-09-13 19:00:00,5.4,0.0
2025-09-13 20:00:00,5.4,0.0
2025-09-13 21:00:00,1.6,0.0
2025-09-13 22:00:00,2.2,0.0
2025-09-13 23:00:00,0.4,0.0
2025-09-14 00:00:00,2.0,0.0
2025-09-14 01:00:00,1.3,0.0
2025-09-14 02:00:00,2.9,0.0
2025-09-14 03:00:00,2.9,0.0
2025-09-14 04:00:00,3.1,0.0
2025-09-14 05:00:00,1.5,0.0
2025-09-14 06:00:00,2.8,61.0
2025-09-14 07:00:00,1.8,220.0
2025-09-14 08:00:00,1.0,400.0
2025-09-14 09:00:00,1.3,558.0
2025-09-14 10:00:00,4.7,622.0
2025-09-14 11:00:00,8.6,671.0
2025-09-14 12:00:00,10.6,687.0
2025-09-14 13:00:00,9.9,661.0
2025-09-14 14:00:00,10.7,578.0
2025-09-14 15:00:00,10.0,412.0
2025-09-14 16:00:00,6.5,224.0
2025-09-14 17:00:00,3.1,77.0
2025-09-14 18:00:00,1.8,3.0
2025-09-14 19:00:00,0.6,0.0
2025-09-14 20:00:00,0.4,0.0
2025-09-14 21:00:00,0.8,0.0
2025-09-14 22:00:00,2.8,0.0
2025-09-14 23:00:00,3.8,0.0
2025-09-15 00:00:00,3.6,0.0
2025-09-15 01:00:00,3.0,0.0
2025-09-15 02:00:00,3.3,0.0
2025-09-15 03:00:00,4.8,0.0
2025-09-15 04:00:00,4.9,0.0
2025-09-15 05:00:00,3.3,0.0
2025-09-15 06:00:00,4.9,65.0
2025-09-15 07:00:00,4.9,228.0
2025-09-15 08:00:00,4.5,402.0
2025-09-15 09:00:00,3.3,549.0
2025-09-15 10:00:00,2.9,611.0
2025-09-15 11:00:00,8.1,664.0
2025-09-15 12:00:00,11.4,696.0
2025-09-15 13:00:00,10.2,581.0
2025-09-15 14:00:00,8.9,441.0
2025-09-15 15:00:00,8.0,355.0
2025-09-15 16:00:00,10.9,231.0
2025-09-15 17:00:00,9.7,80.0
2025-09-15 18:00:00,6.5,2.0
2025-09-15 19:00:00,3.9,0.0
2025-09-15 20:00:00,3.2,0.0
2025-09-15 21:00:00,1.9,0.0
2025-09-15 22:00:00,1.1,0.0
2025-09-15 23:00:00,1.9,0.0
2025-09-16 00:00:00,2.7,0.0
2025-09-16 01:00:00,3.2,0.0
2025-09-16 02:00:00,3.1,0.0
2025-09-16 03:00:00,3.8,0.0
2025-09-16 04:00:00,3.6,0.0
2025-09-16 05:00:00,3.9,0.0
2025-09-16 06:00:00,5.1,60.0
2025-09-16 07:00:00,3.2,213.0
2025-09-16 08:00:00,2.0,379.0
2025-09-16 09:00:00,0.6,492.0
2025-09-16 10:00:00,1.4,638.0
2025-09-16 11:00:00,0.3,712.0
2025-09-16 12:00:00,1.2,708.0
2025-09-16 13:00:00,0.0,647.0
2025-09-16 14:00:00,4.7,536.0
2025-09-16 15:00:00,8.4,406.0
2025-09-16 16:00:00,10.1,242.0
2025-09-16 17:00:00,8.7,83.0
2025-09-16 18:00:00,5.0,2.0
2025-09-16 19:00:00,6.7,0.0
2025-09-16 20:00:00,5.6,0.0
2025-09-16 21:00:00,3.8,0.0
2025-09-16 22:00:00,3.8,0.0
2025-09-16 23:00:00,4.7,0.0
2025-09-17 00:00:00,5.5,0.0
2025-09-17 01:00:00,5.7,0.0
2025-09-17 02:00:00,3.8,0.0
2025-09-17 03:00:00,3.1,0.0
2025-09-17 04:00:00,3.9,0.0
2025-09-17 05:00:00,3.3,0.0
2025-09-17 06:00:00,4.6,54.0
2025-09-17 07:00:00,5.3,200.0
2025-09-17 08:00:00,7.7,356.0
2025-09-17 09:00:00,6.8,515.0
2025-09-17 10:00:00,5.5,647.0
2025-09-17 11:00:00,4.7,714.0
2025-09-17 12:00:00,6.1,699.0
2025-09-17 13:00:00,10.8,621.0
2025-09-17 14:00:00,11.9,572.0
2025-09-17 15:00:00,9.2,422.0
2025-09-17 16:00:00,7.2,248.0
2025-09-17 17:00:00,2.9,80.0
2025-09-17 18:00:00,3.9,1.0
2025-09-17 19:00:00,4.5,0.0
2025-09-17 20:00:00,3.1,0.0
2025-09-17 21:00:00,2.1,0.0
2025-09-17 22:00:00,3.6,0.0
2025-09-17 23:00:00,4.2,0.0
2025-09-18 00:00:00,5.1,0.0
2025-09-18 01:00:00,5.2,0.0
2025-09-18 02:00:00,6.6,0.0
2025-09-18 03:00:00,7.6,0.0
2025-09-18 04:00:00,6.3,0.0
2025-09-18 05:00:00,5.4,0.0
2025-09-18 06:00:00,5.5,58.0
2025-09-18 07:00:00,4.7,218.0
2025-09-18 08:00:00,4.4,395.0
2025-09-18 09:00:00,2.9,550.0
2025-09-18 10:00:00,2.2,665.0
2025-09-18 11:00:00,3.2,726.0
2025-09-18 12:00:00,3.6,728.0
2025-09-18 13:00:00,4.0,674.0
2025-09-18 14:00:00,5.4,565.0
2025-09-18 15:00:00,10.6,415.0
2025-09-18 16:00:00,14.1,241.0
2025-09-18 17:00:00,10.9,75.0
2025-09-18 18:00:00,7.8,1.0
2025-09-18 19:00:00,5.0,0.0
2025-09-18 20:00:00,2.5,0.0
2025-09-18 21:00:00,1.2,0.0
2025-09-18 22:00:00,0.9,0.0
2025-09-18 23:00:00,2.4,0.0
2025-09-19 00:00:00,3.7,0.0
2025-09-19 01:00:00,4.9,0.0
2025-09-19 02:00:00,4.7,0.0
2025-09-19 03:00:00,5.1,0.0
2025-09-19 04:00:00,5.3,0.0
2025-09-19 05:00:00,5.2,0.0
2025-09-19 06:00:00,5.4,57.0
2025-09-19 07:00:00,5.0,219.0
2025-09-19 08:00:00,5.1,397.0
2025-09-19 09:00:00,4.3,552.0
2025-09-19 10:00:00,2.6,667.0
2025-09-19 11:00:00,3.4,729.0
2025-09-19 12:00:00,5.7,731.0
2025-09-19 13:00:00,7.2,673.0
2025-09-19 14:00:00,9.5,564.0
2025-09-19 15:00:00,10.3,413.0
2025-09-19 16:00:00,9.8,238.0
2025-09-19 17:00:00,8.3,72.0
2025-09-19 18:00:00,7.7,1.0
2025-09-19 19:00:00,4.1,0.0
2025-09-19 20:00:00,1.0,0.0
2025-09-19 21:00:00,1.2,0.0
2025-09-19 22:00:00,2.4,0.0
2025-09-19 23:00:00,3.0,0.0
2025-09-20 00:00:00,3.4,0.0
2025-09-20 01:00:00,3.9,0.0
2025-09-20 02:00:00,4.7,0.0
2025-09-20 03:00:00,5.1,0.0
2025-09-20 04:00:00,5.5,0.0
2025-09-20 05:00:00,5.7,0.0
2025-09-20 06:00:00,6.4,57.0
2025-09-20 07:00:00,5.1,222.0
2025-09-20 08:00:00,5.0,400.0
2025-09-20 09:00:00,3.2,555.0
2025-09-20 10:00:00,4.3,669.0
2025-09-20 11:00:00,7.7,730.0
2025-09-20 12:00:00,9.5,733.0
2025-09-20 13:00:00,10.6,676.0
2025-09-20 14:00:00,11.7,568.0
2025-09-20 15:00:00,11.6,417.0
2025-09-20 16:00:00,9.4,236.0
2025-09-20 17:00:00,6.9,69.0
2025-09-20 18:00:00,4.0,0.0
2025-09-20 19:00:00,0.6,0.0
2025-09-20 20:00:00,2.3,0.0
2025-09-20 21:00:00,3.6,0.0
2025-09-20 22:00:00,3.5,0.0
2025-09-20 23:00:00,3.3,0.0
2025-09-21 00:00:00,4.5,0.0
2025-09-21 01:00:00,4.1,0.0
2025-09-21 02:00:00,4.3,0.0
2025-09-21 03:00:00,4.8,0.0
2025-09-21 04:00:00,4.2,0.0
2025-09-21 05:00:00,3.8,0.0
2025-09-21 06:00:00,4.7,54.0
2025-09-21 07:00:00,3.8,214.0
2025-09-21 08:00:00,2.5,391.0
2025-09-21 09:00:00,2.0,546.0
2025-09-21 10:00:00,5.7,661.0
2025-09-21 11:00:00,9.1,722.0
2025-09-21 12:00:00,11.4,688.0
2025-09-21 13:00:00,11.0,628.0
2025-09-21 14:00:00,9.9,520.0
2025-09-21 15:00:00,10.0,387.0
2025-09-21 16:00:00,10.0,218.0
2025-09-21 17:00:00,9.7,65.0
2025-09-21 18:00:00,7.6,0.0
2025-09-21 19:00:00,2.9,0.0
2025-09-21 20:00:00,1.3,0.0
2025-09-21 21:00:00,2.7,0.0
2025-09-21 22:00:00,0.9,0.0
2025-09-21 23:00:00,0.4,0.0
2025-09-22 00:00:00,1.7,0.0
2025-09-22 01:00:00,2.8,0.0
2025-09-22 02:00:00,3.6,0.0
2025-09-22 03:00:00,0.4,0.0
2025-09-22 04:00:00,5.5,0.0
2025-09-22 05:00:00,3.8,0.0
2025-09-22 06:00:00,3.8,50.0
2025-09-22 07:00:00,4.4,169.0
2025-09-22 08:00:00,6.1,295.0
2025-09-22 09:00:00,13.7,476.0
2025-09-22 10:00:00,15.3,585.0
2025-09-22 11:00:00,15.7,591.0
2025-09-22 12:00:00,17.1,650.0
2025-09-22 13:00:00,16.8,416.0
2025-09-22 14:00:00,16.1,349.0
2025-09-22 15:00:00,13.9,265.0
2025-09-22 16:00:00,12.9,194.0
2025-09-22 17:00:00,9.1,36.0
2025-09-22 18:00:00,11.6,0.0
2025-09-22 19:00:00,7.9,0.0
2025-09-22 20:00:00,5.8,0.0
2025-09-22 21:00:00,3.9,0.0
2025-09-22 22:00:00,0.2,0.0
2025-09-22 23:00:00,1.0,0.0
2025-09-23 00:00:00,1.8,0.0
2025-09-23 01:00:00,0.9,0.0
2025-09-23 02:00:00,2.7,0.0
2025-09-23 03:00:00,0.8,0.0
2025-09-23 04:00:00,5.8,0.0
2025-09-23 05:00:00,10.1,0.0
2025-09-23 06:00:00,10.3,23.0
2025-09-23 07:00:00,12.1,83.0
2025-09-23 08:00:00,10.9,176.0
2025-09-23 09:00:00,10.5,372.0
2025-09-23 10:00:00,6.6,612.0
2025-09-23 11:00:00,5.8,639.0
2025-09-23 12:00:00,7.0,595.0
2025-09-23 13:00:00,6.1,600.0
2025-09-23 14:00:00,6.3,247.0
2025-09-23 15:00:00,2.6,201.0
2025-09-23 16:00:00,1.9,117.0
2025-09-23 17:00:00,2.7,32.0
2025-09-23 18:00:00,5.9,0.0
2025-09-23 19:00:00,2.9,0.0
2025-09-23 20:00:00,3.1,0.0
2025-09-23 21:00:00,2.5,0.0
2025-09-23 22:00:00,6.2,0.0
2025-09-23 23:00:00,7.4,0.0
2025-09-24 00:00:00,5.8,0.0
2025-09-24 01:00:00,7.5,0.0
2025-09-24 02:00:00,5.9,0.0
2025-09-24 03:00:00,0.9,0.0
2025-09-24 04:00:00,1.9,0.0
2025-09-24 05:00:00,8.1,0.0
2025-09-24 06:00:00,3.8,15.0
2025-09-24 07:00:00,8.6,109.0
2025-09-24 08:00:00,3.9,211.0
2025-09-24 09:00:00,5.1,430.0
2025-09-24 10:00:00,8.3,483.0
2025-09-24 11:00:00,10.1,485.0
2025-09-24 12:00:00,11.0,493.0
2025-09-24 13:00:00,4.6,491.0
2025-09-24 14:00:00,6.4,405.0
2025-09-24 15:00:00,4.2,319.0
2025-09-24 16:00:00,3.2,191.0
2025-09-24 17:00:00,3.6,49.0
2025-09-24 18:00:00,6.8,0.0
2025-09-24 19:00:00,7.6,0.0
2025-09-24 20:00:00,8.8,0.0
2025-09-24 21:00:00,6.2,0.0
2025-09-24 22:00:00,6.7,0.0
2025-09-24 23:00:00,6.1,0.0
2025-09-25 00:00:00,5.4,0.0
2025-09-25 01:00:00,6.3,0.0
2025-09-25 02:00:00,7.2,0.0
2025-09-25 03:00:00,5.0,0.0
2025-09-25 04:00:00,3.1,0.0
2025-09-25 05:00:00,1.3,0.0
2025-09-25 06:00:00,2.7,47.0
2025-09-25 07:00:00,2.1,204.0
2025-09-25 08:00:00,2.2,372.0
2025-09-25 09:00:00,3.4,520.0
2025-09-25 10:00:00,5.2,574.0
2025-09-25 11:00:00,9.0,560.0
2025-09-25 12:00:00,11.1,569.0
2025-09-25 13:00:00,12.5,554.0
2025-09-25 14:00:00,12.2,451.0
2025-09-25 15:00:00,9.9,302.0
2025-09-25 16:00:00,5.9,164.0
2025-09-25 17:00:00,4.0,48.0
2025-09-25 18:00:00,3.6,0.0
2025-09-25 19:00:00,3.0,0.0
2025-09-25 20:00:00,0.6,0.0
2025-09-25 21:00:00,2.9,0.0
2025-09-25 22:00:00,2.1,0.0
2025-09-25 23:00:00,3.5,0.0
2025-09-26 00:00:00,3.6,0.0
2025-09-26 01:00:00,3.9,0.0
2025-09-26 02:00:00,3.5,0.0
2025-09-26 03:00:00,3.3,0.0
2025-09-26 04:00:00,2.6,0.0
2025-09-26 05:00:00,4.4,0.0
2025-09-26 06:00:00,5.6,35.0
2025-09-26 07:00:00,1.4,157.0
2025-09-26 08:00:00,1.7,264.0
2025-09-26 09:00:00,1.4,251.0
2025-09-26 10:00:00,3.5,471.0
2025-09-26 11:00:00,1.8,663.0
2025-09-26 12:00:00,1.9,677.0
2025-09-26 13:00:00,6.7,518.0
2025-09-26 14:00:00,5.4,426.0
2025-09-26 15:00:00,3.7,320.0
2025-09-26 16:00:00,1.1,187.0
2025-09-26 17:00:00,0.8,45.0
2025-09-26 18:00:00,1.5,0.0
2025-09-26 19:00:00,0.9,0.0
2025-09-26 20:00:00,1.5,0.0
2025-09-26 21:00:00,4.0,0.0
2025-09-26 22:00:00,3.9,0.0
2025-09-26 23:00:00,3.8,0.0
2025-09-27 00:00:00,3.6,0.0
2025-09-27 01:00:00,4.7,0.0
2025-09-27 02:00:00,4.4,0.0
2025-09-27 03:00:00,4.7,0.0
2025-09-27 04:00:00,4.4,0.0
2025-09-27 05:00:00,4.9,0.0
2025-09-27 06:00:00,5.2,42.0
2025-09-27 07:00:00,3.4,195.0
2025-09-27 08:00:00,3.8,359.0
2025-09-27 09:00:00,2.9,522.0
2025-09-27 10:00:00,2.2,638.0
2025-09-27 11:00:00,2.9,700.0
2025-09-27 12:00:00,2.1,707.0
2025-09-27 13:00:00,2.4,579.0
2025-09-27 14:00:00,4.8,504.0
2025-09-27 15:00:00,5.2,369.0
2025-09-27 16:00:00,6.9,199.0
2025-09-27 17:00:00,7.0,44.0
2025-09-27 18:00:00,5.6,0.0
2025-09-27 19:00:00,2.9,0.0
2025-09-27 20:00:00,0.8,0.0
2025-09-27 21:00:00,0.4,0.0
2025-09-27 22:00:00,0.6,0.0
2025-09-27 23:00:00,1.5,0.0
2025-09-28 00:00:00,3.8,0.0
2025-09-28 01:00:00,4.2,0.0
2025-09-28 02:00:00,4.5,0.0
2025-09-28 03:00:00,3.6,0.0
2025-09-28 04:00:00,4.9,0.0
2025-09-28 05:00:00,8.2,0.0
2025-09-28 06:00:00,6.6,38.0
2025-09-28 07:00:00,4.2,187.0
2025-09-28 08:00:00,5.6,371.0
2025-09-28 09:00:00,10.3,528.0
2025-09-28 10:00:00,8.8,645.0
2025-09-28 11:00:00,8.3,700.0
2025-09-28 12:00:00,9.5,670.0
2025-09-28 13:00:00,11.4,622.0
2025-09-28 14:00:00,12.5,507.0
2025-09-28 15:00:00,13.6,365.0
2025-09-28 16:00:00,17.7,197.0
2025-09-28 17:00:00,17.1,41.0
2025-09-28 18:00:00,16.5,0.0
2025-09-28 19:00:00,15.1,0.0
2025-09-28 20:00:00,8.8,0.0
2025-09-28 21:00:00,8.6,0.0
2025-09-28 22:00:00,7.9,0.0
2025-09-28 23:00:00,6.2,0.0
2025-09-29 00:00:00,5.2,0.0
2025-09-29 01:00:00,5.5,0.0
2025-09-29 02:00:00,6.7,0.0
2025-09-29 03:00:00,6.8,0.0
2025-09-29 04:00:00,6.6,0.0
2025-09-29 05:00:00,7.0,0.0
2025-09-29 06:00:00,7.4,29.0
2025-09-29 07:00:00,6.8,139.0
2025-09-29 08:00:00,7.9,310.0
2025-09-29 09:00:00,8.5,478.0
2025-09-29 10:00:00,5.4,599.0
2025-09-29 11:00:00,0.3,634.0
2025-09-29 12:00:00,1.4,600.0
2025-09-29 13:00:00,4.4,490.0
2025-09-29 14:00:00,5.1,379.0
2025-09-29 15:00:00,5.8,323.0
2025-09-29 16:00:00,6.6,169.0
2025-09-29 17:00:00,4.0,35.0
2025-09-29 18:00:00,0.6,0.0
2025-09-29 19:00:00,1.0,0.0
2025-09-29 20:00:00,0.9,0.0
2025-09-29 21:00:00,2.2,0.0
2025-09-29 22:00:00,2.7,0.0
2025-09-29 23:00:00,3.4,0.0
2025-09-30 00:00:00,3.1,0.0
2025-09-30 01:00:00,4.8,0.0
2025-09-30 02:00:00,6.0,0.0
2025-09-30 03:00:00,5.0,0.0
2025-09-30 04:00:00,5.2,0.0
2025-09-30 05:00:00,5.5,0.0
2025-09-30 06:00:00,6.5,36.0
2025-09-30 07:00:00,5.7,182.0
2025-09-30 08:00:00,5.3,354.0
2025-09-30 09:00:00,2.2,514.0
2025-09-30 10:00:00,4.9,591.0
2025-09-30 11:00:00,7.3,549.0
2025-09-30 12:00:00,7.8,581.0
2025-09-30 13:00:00,7.1,538.0
2025-09-30 14:00:00,6.0,470.0
2025-09-30 15:00:00,6.3,339.0
2025-09-30 16:00:00,4.1,168.0
2025-09-30 17:00:00,4.3,32.0
2025-09-30 18:00:00,2.3,0.0
2025-09-30 19:00:00,4.8,0.0
2025-09-30 20:00:00,4.0,0.0
2025-09-30 21:00:00,4.6,0.0
2025-09-30 22:00:00,3.2,0.0
2025-09-30 23:00:00,3.2,0.0
2025-10-01 00:00:00,1.1,0.0
2025-10-01 01:00:00,2.8,0.0
2025-10-01 02:00:00,3.9,0.0
2025-10-01 03:00:00,4.0,0.0
2025-10-01 04:00:00,3.5,0.0
2025-10-01 05:00:00,3.5,0.0
2025-10-01 06:00:00,2.7,34.0
2025-10-01 07:00:00,3.1,184.0
2025-10-01 08:00:00,3.5,357.0
2025-10-01 09:00:00,5.7,504.0
2025-10-01 10:00:00,6.3,592.0
2025-10-01 11:00:00,4.2,664.0
2025-10-01 12:00:00,7.8,661.0
2025-10-01 13:00:00,11.4,545.0
2025-10-01 14:00:00,12.2,455.0
2025-10-01 15:00:00,9.4,278.0
2025-10-01 16:00:00,11.0,160.0
2025-10-01 17:00:00,9.2,28.0
2025-10-01 18:00:00,8.3,0.0
2025-10-01 19:00:00,10.8,0.0
2025-10-01 20:00:00,14.4,0.0
2025-10-01 21:00:00,16.2,0.0
2025-10-01 22:00:00,16.4,0.0
2025-10-01 23:00:00,15.3,0.0
2025-10-02 00:00:00,17.6,0.0
2025-10-02 01:00:00,15.5,0.0
2025-10-02 02:00:00,16.6,0.0
2025-10-02 03:00:00,16.4,0.0
2025-10-02 04:00:00,19.3,0.0
2025-10-02 05:00:00,20.5,0.0
2025-10-02 06:00:00,20.9,35.0
2025-10-02 07:00:00,19.1,189.0
2025-10-02 08:00:00,23.8,371.0
2025-10-02 09:00:00,22.7,530.0
2025-10-02 10:00:00,18.3,643.0
2025-10-02 11:00:00,20.1,694.0
2025-10-02 12:00:00,19.2,690.0
2025-10-02 13:00:00,19.2,615.0
2025-10-02 14:00:00,20.9,516.0
2025-10-02 15:00:00,23.4,352.0
2025-10-02 16:00:00,25.4,183.0
2025-10-02 17:00:00,22.3,31.0
2025-10-02 18:00:00,21.2,0.0
2025-10-02 19:00:00,19.5,0.0
2025-10-02 20:00:00,17.5,0.0
2025-10-02 21:00:00,15.8,0.0
2025-10-02 22:00:00,15.3,0.0
2025-10-02 23:00:00,14.1,0.0
2025-10-03 00:00:00,17.3,0.0
2025-10-03 01:00:00,16.1,0.0
2025-10-03 02:00:00,16.1,0.0
2025-10-03 03:00:00,16.5,0.0
2025-10-03 04:00:00,15.2,0.0
2025-10-03 05:00:00,14.1,0.0
2025-10-03 06:00:00,14.9,33.0
2025-10-03 07:00:00,13.7,190.0
2025-10-03 08:00:00,19.8,373.0
2025-10-03 09:00:00,22.6,533.0
2025-10-03 10:00:00,22.8,645.0
2025-10-03 11:00:00,21.3,697.0
2025-10-03 12:00:00,21.9,685.0
2025-10-03 13:00:00,24.4,640.0
2025-10-03 14:00:00,25.9,524.0
2025-10-03 15:00:00,24.9,364.0
2025-10-03 16:00:00,21.0,181.0
2025-10-03 17:00:00,19.7,29.0
2025-10-03 18:00:00,19.8,0.0
2025-10-03 19:00:00,18.1,0.0
2025-10-03 20:00:00,16.8,0.0
2025-10-03 21:00:00,15.5,0.0
2025-10-03 22:00:00,13.9,0.0
2025-10-03 23:00:00,10.6,0.0
2025-10-04 00:00:00,7.3,0.0
2025-10-04 01:00:00,6.6,0.0
2025-10-04 02:00:00,5.2,0.0
2025-10-04 03:00:00,5.1,0.0
2025-10-04 04:00:00,5.8,0.0
2025-10-04 05:00:00,5.6,0.0
2025-10-04 06:00:00,6.5,31.0
2025-10-04 07:00:00,5.4,184.0
2025-10-04 08:00:00,5.7,360.0
2025-10-04 09:00:00,4.2,515.0
2025-10-04 10:00:00,1.2,626.0
2025-10-04 11:00:00,4.8,679.0
2025-10-04 12:00:00,7.8,674.0
2025-10-04 13:00:00,10.3,611.0
2025-10-04 14:00:00,11.0,495.0
2025-10-04 15:00:00,9.6,337.0
2025-10-04 16:00:00,10.1,163.0
2025-10-04 17:00:00,9.0,24.0
2025-10-04 18:00:00,6.5,0.0
2025-10-04 19:00:00,7.6,0.0
2025-10-04 20:00:00,6.8,0.0
2025-10-04 21:00:00,6.4,0.0
2025-10-04 22:00:00,6.4,0.0
2025-10-04 23:00:00,10.3,0.0
2025-10-05 00:00:00,8.8,0.0
2025-10-05 01:00:00,9.8,0.0
2025-10-05 02:00:00,10.3,0.0
2025-10-05 03:00:00,12.1,0.0
2025-10-05 04:00:00,15.9,0.0
2025-10-05 05:00:00,15.4,0.0
2025-10-05 06:00:00,18.2,12.0
2025-10-05 07:00:00,16.2,72.0
2025-10-05 08:00:00,16.4,118.0
2025-10-05 09:00:00,18.6,152.0
2025-10-05 10:00:00,14.5,260.0
2025-10-05 11:00:00,15.5,530.0
2025-10-05 12:00:00,4.9,455.0
2025-10-05 13:00:00,9.2,528.0
2025-10-05 14:00:00,13.8,448.0
2025-10-05 15:00:00,19.2,279.0
2025-10-05 16:00:00,22.4,161.0
2025-10-05 17:00:00,20.6,23.0
2025-10-05 18:00:00,18.7,0.0
2025-10-05 19:00:00,17.9,0.0
2025-10-05 20:00:00,18.6,0.0
2025-10-05 21:00:00,21.0,0.0
2025-10-05 22:00:00,22.1,0.0
2025-10-05 23:00:00,21.9,0.0
2025-10-06 00:00:00,19.3,0.0
2025-10-06 01:00:00,17.5,0.0
2025-10-06 02:00:00,16.6,0.0
2025-10-06 03:00:00,15.3,0.0
2025-10-06 04:00:00,14.6,0.0
2025-10-06 05:00:00,14.2,0.0
2025-10-06 06:00:00,11.9,28.0
2025-10-06 07:00:00,10.9,176.0
2025-10-06 08:00:00,10.6,355.0
2025-10-06 09:00:00,10.7,510.0
2025-10-06 10:00:00,9.7,620.0
2025-10-06 11:00:00,10.5,676.0
2025-10-06 12:00:00,11.0,671.0
2025-10-06 13:00:00,11.2,608.0
2025-10-06 14:00:00,12.1,473.0
2025-10-06 15:00:00,15.3,315.0
2025-10-06 16:00:00,15.5,158.0
2025-10-06 17:00:00,14.3,21.0
2025-10-06 18:00:00,11.3,0.0
2025-10-06 19:00:00,9.4,0.0
2025-10-06 20:00:00,8.2,0.0
2025-10-06 21:00:00,4.5,0.0
2025-10-06 22:00:00,4.5,0.0
2025-10-06 23:00:00,3.9,0.0
2025-10-07 00:00:00,3.8,0.0
2025-10-07 01:00:00,4.2,0.0
2025-10-07 02:00:00,4.6,0.0
2025-10-07 03:00:00,5.3,0.0
2025-10-07 04:00:00,4.8,0.0
2025-10-07 05:00:00,4.2,0.0
2025-10-07 06:00:00,5.8,26.0
2025-10-07 07:00:00,5.6,170.0
2025-10-07 08:00:00,3.5,344.0
2025-10-07 09:00:00,3.5,439.0
2025-10-07 10:00:00,4.9,562.0
2025-10-07 11:00:00,9.3,660.0
2025-10-07 12:00:00,14.1,662.0
2025-10-07 13:00:00,16.0,602.0
2025-10-07 14:00:00,16.7,487.0
2025-10-07 15:00:00,15.5,330.0
2025-10-07 16:00:00,14.1,154.0
2025-10-07 17:00:00,11.2,19.0
2025-10-07 18:00:00,5.1,0.0
2025-10-07 19:00:00,1.9,0.0
2025-10-07 20:00:00,1.3,0.0
2025-10-07 21:00:00,2.7,0.0
2025-10-07 22:00:00,5.0,0.0
2025-10-07 23:00:00,4.6,0.0
2025-10-08 00:00:00,4.0,0.0
2025-10-08 01:00:00,5.6,0.0
2025-10-08 02:00:00,5.2,0.0
2025-10-08 03:00:00,5.2,0.0
2025-10-08 04:00:00,4.2,0.0
2025-10-08 05:00:00,3.7,0.0
2025-10-08 06:00:00,5.2,24.0
2025-10-08 07:00:00,4.0,163.0
2025-10-08 08:00:00,3.7,336.0
2025-10-08 09:00:00,3.8,487.0
2025-10-08 10:00:00,3.4,595.0
2025-10-08 11:00:00,3.9,650.0
2025-10-08 12:00:00,4.2,646.0
2025-10-08 13:00:00,5.1,583.0
2025-10-08 14:00:00,7.0,468.0
2025-10-08 15:00:00,9.3,314.0
2025-10-08 16:00:00,10.0,144.0
2025-10-08 17:00:00,9.9,16.0
2025-10-08 18:00:00,6.0,0.0
2025-10-08 19:00:00,2.2,0.0
2025-10-08 20:00:00,0.4,0.0
2025-10-08 21:00:00,1.2,0.0
2025-10-08 22:00:00,1.0,0.0
2025-10-08 23:00:00,3.9,0.0
2025-10-09 00:00:00,2.4,0.0
2025-10-09 01:00:00,4.4,0.0
2025-10-09 02:00:00,4.2,0.0
2025-10-09 03:00:00,4.8,0.0
2025-10-09 04:00:00,4.6,0.0
2025-10-09 05:00:00,4.8,0.0
2025-10-09 06:00:00,5.2,22.0
2025-10-09 07:00:00,5.2,157.0
2025-10-09 08:00:00,5.0,328.0
2025-10-09 09:00:00,4.3,477.0
2025-10-09 10:00:00,2.4,582.0
2025-10-09 11:00:00,5.0,622.0
2025-10-09 12:00:00,5.7,618.0
2025-10-09 13:00:00,6.3,536.0
2025-10-09 14:00:00,7.9,456.0
2025-10-09 15:00:00,10.2,294.0
2025-10-09 16:00:00,10.4,124.0
2025-10-09 17:00:00,6.8,13.0
2025-10-09 18:00:00,3.2,0.0
2025-10-09 19:00:00,2.1,0.0
2025-10-09 20:00:00,0.4,0.0
2025-10-09 21:00:00,2.8,0.0
2025-10-09 22:00:00,4.0,0.0
2025-10-09 23:00:00,4.5,0.0
2025-10-10 00:00:00,2.5,0.0
2025-10-10 01:00:00,4.8,0.0
2025-10-10 02:00:00,4.6,0.0
2025-10-10 03:00:00,5.2,0.0
2025-10-10 04:00:00,5.8,0.0
2025-10-10 05:00:00,5.5,0.0
2025-10-10 06:00:00,4.0,16.0
2025-10-10 07:00:00,5.2,101.0
2025-10-10 08:00:00,4.4,287.0
2025-10-10 09:00:00,3.7,457.0
2025-10-10 10:00:00,4.1,566.0
2025-10-10 11:00:00,5.0,622.0
2025-10-10 12:00:00,1.8,619.0
2025-10-10 13:00:00,3.5,561.0
2025-10-10 14:00:00,5.0,449.0
2025-10-10 15:00:00,8.1,297.0
2025-10-10 16:00:00,13.0,131.0
2025-10-10 17:00:00,8.5,13.0
2025-10-10 18:00:00,4.8,0.0
2025-10-10 19:00:00,3.1,0.0
2025-10-10 20:00:00,2.4,0.0
2025-10-10 21:00:00,1.2,0.0
2025-10-10 22:00:00,0.9,0.0
2025-10-10 23:00:00,1.0,0.0
2025-10-11 00:00:00,2.9,0.0
2025-10-11 01:00:00,4.7,0.0
2025-10-11 02:00:00,4.4,0.0
2025-10-11 03:00:00,4.4,0.0
2025-10-11 04:00:00,5.1,0.0
2025-10-11 05:00:00,4.9,0.0
2025-10-11 06:00:00,4.8,19.0
2025-10-11 07:00:00,4.9,151.0
2025-10-11 08:00:00,6.0,320.0
2025-10-11 09:00:00,5.6,469.0
2025-10-11 10:00:00,3.3,578.0
2025-10-11 11:00:00,2.4,633.0
2025-10-11 12:00:00,4.9,627.0
2025-10-11 13:00:00,5.8,565.0
2025-10-11 14:00:00,10.0,450.0
2025-10-11 15:00:00,15.9,298.0
2025-10-11 16:00:00,11.0,130.0
2025-10-11 17:00:00,8.7,11.0
2025-10-11 18:00:00,4.7,0.0
2025-10-11 19:00:00,4.3,0.0
2025-10-11 20:00:00,4.7,0.0
2025-10-11 21:00:00,0.5,0.0
2025-10-11 22:00:00,0.2,0.0
2025-10-11 23:00:00,2.8,0.0
2025-10-12 00:00:00,2.7,0.0
2025-10-12 01:00:00,4.0,0.0
2025-10-12 02:00:00,4.4,0.0
2025-10-12 03:00:00,5.2,0.0
2025-10-12 04:00:00,5.0,0.0
2025-10-12 05:00:00,4.9,0.0
2025-10-12 06:00:00,5.4,17.0
2025-10-12 07:00:00,4.6,131.0
2025-10-12 08:00:00,5.4,285.0
2025-10-12 09:00:00,5.4,377.0
2025-10-12 10:00:00,2.3,487.0
2025-10-12 11:00:00,6.7,506.0
2025-10-12 12:00:00,5.7,455.0
2025-10-12 13:00:00,9.6,410.0
2025-10-12 14:00:00,11.4,337.0
2025-10-12 15:00:00,10.5,231.0
2025-10-12 16:00:00,8.7,105.0
2025-10-12 17:00:00,7.3,9.0
2025-10-12 18:00:00,5.5,0.0
2025-10-12 19:00:00,3.1,0.0
2025-10-12 20:00:00,0.3,0.0
2025-10-12 21:00:00,1.7,0.0
2025-10-12 22:00:00,2.9,0.0
2025-10-12 23:00:00,2.4,0.0
2025-10-13 00:00:00,1.7,0.0
2025-10-13 01:00:00,3.0,0.0
2025-10-13 02:00:00,3.5,0.0
2025-10-13 03:00:00,4.1,0.0
2025-10-13 04:00:00,4.6,0.0
2025-10-13 05:00:00,5.1,0.0
2025-10-13 06:00:00,3.1,14.0
2025-10-13 07:00:00,3.2,110.0
2025-10-13 08:00:00,4.5,248.0
2025-10-13 09:00:00,4.7,455.0
2025-10-13 10:00:00,3.1,566.0
2025-10-13 11:00:00,2.5,621.0
2025-10-13 12:00:00,2.7,625.0
2025-10-13 13:00:00,3.6,506.0
2025-10-13 14:00:00,7.2,409.0
2025-10-13 15:00:00,10.0,266.0
2025-10-13 16:00:00,11.2,115.0
2025-10-13 17:00:00,10.0,9.0
2025-10-13 18:00:00,5.5,0.0
2025-10-13 19:00:00,3.8,0.0
2025-10-13 20:00:00,3.6,0.0
2025-10-13 21:00:00,2.0,0.0
2025-10-13 22:00:00,1.4,0.0
2025-10-13 23:00:00,1.3,0.0
2025-10-14 00:00:00,1.8,0.0
2025-10-14 01:00:00,2.6,0.0
2025-10-14 02:00:00,3.8,0.0
2025-10-14 03:00:00,3.5,0.0
2025-10-14 04:00:00,3.0,0.0
2025-10-14 05:00:00,4.0,0.0
2025-10-14 06:00:00,4.1,15.0
2025-10-14 07:00:00,4.2,139.0
2025-10-14 08:00:00,5.0,304.0
2025-10-14 09:00:00,4.0,452.0
2025-10-14 10:00:00,3.3,560.0
2025-10-14 11:00:00,6.3,627.0
2025-10-14 12:00:00,7.5,596.0
2025-10-14 13:00:00,7.2,508.0
2025-10-14 14:00:00,7.8,395.0
2025-10-14 15:00:00,10.5,217.0
2025-10-14 16:00:00,10.1,94.0
2025-10-14 17:00:00,7.6,6.0
2025-10-14 18:00:00,0.7,0.0
2025-10-14 19:00:00,0.6,0.0
2025-10-14 20:00:00,0.7,0.0
2025-10-14 21:00:00,3.2,0.0
2025-10-14 22:00:00,3.8,0.0
2025-10-14 23:00:00,4.5,0.0
2025-10-15 00:00:00,6.8,0.0
2025-10-15 01:00:00,8.4,0.0
2025-10-15 02:00:00,4.3,0.0
2025-10-15 03:00:00,9.7,0.0
2025-10-15 04:00:00,3.0,0.0
2025-10-15 05:00:00,4.6,0.0
2025-10-15 06:00:00,4.5,13.0
2025-10-15 07:00:00,4.7,126.0
2025-10-15 08:00:00,5.6,205.0
2025-10-15 09:00:00,6.3,371.0
2025-10-15 10:00:00,3.8,510.0
2025-10-15 11:00:00,1.0,530.0
2025-10-15 12:00:00,2.7,499.0
2025-10-15 13:00:00,9.8,302.0
2025-10-15 14:00:00,5.9,338.0
2025-10-15 15:00:00,3.4,256.0
2025-10-15 16:00:00,3.9,88.0
2025-10-15 17:00:00,8.1,6.0
2025-10-15 18:00:00,7.9,0.0
2025-10-15 19:00:00,2.3,0.0
2025-10-15 20:00:00,1.5,0.0
2025-10-15 21:00:00,2.4,0.0
2025-10-15 22:00:00,2.3,0.0
2025-10-15 23:00:00,5.7,0.0
2025-10-16 00:00:00,6.4,0.0
2025-10-16 01:00:00,6.6,0.0
2025-10-16 02:00:00,7.4,0.0
2025-10-16 03:00:00,7.7,0.0
2025-10-16 04:00:00,7.5,0.0
2025-10-16 05:00:00,7.2,0.0
2025-10-16 06:00:00,7.6,13.0
2025-10-16 07:00:00,8.8,138.0
2025-10-16 08:00:00,8.1,310.0
2025-10-16 09:00:00,6.5,456.0
2025-10-16 10:00:00,3.9,558.0
2025-10-16 11:00:00,1.3,580.0
2025-10-16 12:00:00,5.9,513.0
2025-10-16 13:00:00,3.4,450.0
2025-10-16 14:00:00,3.6,379.0
2025-10-16 15:00:00,5.2,184.0
2025-10-16 16:00:00,4.7,67.0
2025-10-16 17:00:00,8.6,5.0
2025-10-16 18:00:00,0.6,0.0
2025-10-16 19:00:00,2.7,0.0
2025-10-16 20:00:00,6.4,0.0
2025-10-16 21:00:00,7.1,0.0
2025-10-16 22:00:00,6.2,0.0
2025-10-16 23:00:00,6.1,0.0
2025-10-17 00:00:00,7.0,0.0
2025-10-17 01:00:00,7.8,0.0
2025-10-17 02:00:00,9.4,0.0
2025-10-17 03:00:00,10.2,0.0
2025-10-17 04:00:00,10.2,0.0
2025-10-17 05:00:00,10.9,0.0
2025-10-17 06:00:00,10.5,9.0
2025-10-17 07:00:00,9.0,90.0
2025-10-17 08:00:00,7.8,238.0
2025-10-17 09:00:00,5.9,320.0
2025-10-17 10:00:00,5.8,318.0
2025-10-17 11:00:00,5.4,277.0
2025-10-17 12:00:00,4.1,355.0
2025-10-17 13:00:00,3.8,405.0
2025-10-17 14:00:00,4.0,345.0
2025-10-17 15:00:00,5.4,237.0
2025-10-17 16:00:00,7.7,87.0
2025-10-17 17:00:00,9.0,4.0
2025-10-17 18:00:00,1.0,0.0
2025-10-17 19:00:00,5.5,0.0
2025-10-17 20:00:00,3.6,0.0
2025-10-17 21:00:00,3.9,0.0
2025-10-17 22:00:00,3.9,0.0
2025-10-17 23:00:00,4.5,0.0
2025-10-18 00:00:00,6.1,0.0
2025-10-18 01:00:00,5.9,0.0
2025-10-18 02:00:00,6.0,0.0
2025-10-18 03:00:00,4.0,0.0
2025-10-18 04:00:00,6.0,0.0
2025-10-18 05:00:00,5.6,0.0
2025-10-18 06:00:00,5.5,11.0
2025-10-18 07:00:00,6.0,123.0
2025-10-18 08:00:00,6.3,293.0
2025-10-18 09:00:00,5.1,434.0
2025-10-18 10:00:00,3.5,512.0
2025-10-18 11:00:00,2.1,574.0
2025-10-18 12:00:00,3.2,552.0
2025-10-18 13:00:00,3.4,496.0
2025-10-18 14:00:00,3.7,398.0
2025-10-18 15:00:00,5.2,237.0
2025-10-18 16:00:00,10.7,88.0
2025-10-18 17:00:00,11.6,4.0
2025-10-18 18:00:00,4.8,0.0
2025-10-18 19:00:00,6.0,0.0
2025-10-18 20:00:00,3.8,0.0
2025-10-18 21:00:00,0.9,0.0
2025-10-18 22:00:00,2.0,0.0
2025-10-18 23:00:00,3.4,0.0
2025-10-19 00:00:00,4.5,0.0
2025-10-19 01:00:00,4.3,0.0
2025-10-19 02:00:00,6.3,0.0
2025-10-19 03:00:00,5.7,0.0
2025-10-19 04:00:00,5.9,0.0
2025-10-19 05:00:00,5.8,0.0
2025-10-19 06:00:00,5.6,10.0
2025-10-19 07:00:00,4.4,126.0
2025-10-19 08:00:00,5.8,293.0
2025-10-19 09:00:00,5.6,439.0
2025-10-19 10:00:00,3.8,545.0
2025-10-19 11:00:00,3.0,603.0
2025-10-19 12:00:00,1.1,573.0
2025-10-19 13:00:00,0.8,430.0
2025-10-19 14:00:00,4.3,350.0
2025-10-19 15:00:00,14.8,193.0
2025-10-19 16:00:00,10.1,78.0
2025-10-19 17:00:00,6.2,3.0
2025-10-19 18:00:00,3.1,0.0
2025-10-19 19:00:00,3.6,0.0
2025-10-19 20:00:00,2.4,0.0
2025-10-19 21:00:00,0.9,0.0
2025-10-19 22:00:00,1.7,0.0
2025-10-19 23:00:00,1.3,0.0
2025-10-20 00:00:00,1.0,0.0
2025-10-20 01:00:00,3.7,0.0
2025-10-20 02:00:00,3.7,0.0
2025-10-20 03:00:00,3.8,0.0
2025-10-20 04:00:00,4.5,0.0
2025-10-20 05:00:00,5.2,0.0
2025-10-20 06:00:00,3.4,9.0
2025-10-20 07:00:00,4.6,111.0
2025-10-20 08:00:00,4.1,254.0
2025-10-20 09:00:00,3.5,366.0
2025-10-20 10:00:00,0.9,477.0
2025-10-20 11:00:00,5.2,574.0
2025-10-20 12:00:00,10.1,549.0
2025-10-20 13:00:00,11.8,306.0
2025-10-20 14:00:00,13.9,185.0
2025-10-20 15:00:00,13.0,126.0
2025-10-20 16:00:00,8.6,54.0
2025-10-20 17:00:00,5.5,1.0
2025-10-20 18:00:00,5.1,0.0
2025-10-20 19:00:00,7.7,0.0
2025-10-20 20:00:00,8.0,0.0
2025-10-20 21:00:00,7.2,0.0
2025-10-20 22:00:00,7.3,0.0
2025-10-20 23:00:00,6.6,0.0
2025-10-21 00:00:00,7.7,0.0
2025-10-21 01:00:00,8.3,0.0
2025-10-21 02:00:00,7.8,0.0
2025-10-21 03:00:00,7.7,0.0
2025-10-21 04:00:00,9.2,0.0
2025-10-21 05:00:00,9.0,0.0
2025-10-21 06:00:00,9.0,1.0
2025-10-21 07:00:00,11.7,23.0
2025-10-21 08:00:00,8.5,59.0
2025-10-21 09:00:00,12.1,79.0
2025-10-21 10:00:00,9.6,248.0
2025-10-21 11:00:00,11.9,367.0
2025-10-21 12:00:00,6.9,295.0
2025-10-21 13:00:00,8.5,307.0
2025-10-21 14:00:00,8.8,211.0
2025-10-21 15:00:00,2.4,107.0
2025-10-21 16:00:00,0.4,68.0
2025-10-21 17:00:00,1.8,2.0
2025-10-21 18:00:00,4.6,0.0
2025-10-21 19:00:00,3.9,0.0
2025-10-21 20:00:00,3.2,0.0
2025-10-21 21:00:00,2.2,0.0
2025-10-21 22:00:00,2.9,0.0
2025-10-21 23:00:00,2.8,0.0
2025-10-22 00:00:00,3.6,0.0
2025-10-22 01:00:00,3.1,0.0
2025-10-22 02:00:00,3.2,0.0
2025-10-22 03:00:00,3.7,0.0
2025-10-22 04:00:00,4.7,0.0
2025-10-22 05:00:00,2.4,0.0
2025-10-22 06:00:00,1.7,7.0
2025-10-22 07:00:00,2.7,104.0
2025-10-22 08:00:00,1.6,235.0
2025-10-22 09:00:00,2.0,370.0
2025-10-22 10:00:00,6.4,323.0
2025-10-22 11:00:00,5.8,346.0
2025-10-22 12:00:00,3.4,314.0
2025-10-22 13:00:00,2.1,237.0
2025-10-22 14:00:00,3.8,292.0
2025-10-22 15:00:00,4.0,217.0
2025-10-22 16:00:00,3.9,73.0
2025-10-22 17:00:00,7.4,2.0
2025-10-22 18:00:00,0.9,0.0
2025-10-22 19:00:00,2.1,0.0
2025-10-22 20:00:00,2.3,0.0
2025-10-22 21:00:00,3.2,0.0
2025-10-22 22:00:00,7.9,0.0
2025-10-22 23:00:00,2.9,0.0
2025-10-23 00:00:00,12.2,0.0
2025-10-23 01:00:00,8.0,0.0
2025-10-23 02:00:00,2.6,0.0
2025-10-23 03:00:00,10.3,0.0
2025-10-23 04:00:00,10.0,0.0
2025-10-23 05:00:00,8.7,0.0
2025-10-23 06:00:00,10.7,5.0
2025-10-23 07:00:00,12.6,62.0
2025-10-23 08:00:00,13.8,147.0
2025-10-23 09:00:00,9.3,227.0
2025-10-23 10:00:00,12.7,306.0
2025-10-23 11:00:00,18.5,389.0
2025-10-23 12:00:00,20.7,384.0
2025-10-23 13:00:00,23.6,319.0
2025-10-23 14:00:00,17.2,281.0
2025-10-23 15:00:00,22.4,77.0
2025-10-23 16:00:00,20.9,18.0
2025-10-23 17:00:00,21.0,1.0
2025-10-23 18:00:00,15.7,0.0
2025-10-23 19:00:00,15.3,0.0
2025-10-23 20:00:00,21.1,0.0
2025-10-23 21:00:00,12.8,0.0
2025-10-23 22:00:00,10.4,0.0
2025-10-23 23:00:00,4.4,0.0
2025-10-24 00:00:00,4.7,0.0
2025-10-24 01:00:00,4.4,0.0
2025-10-24 02:00:00,3.8,0.0
2025-10-24 03:00:00,4.8,0.0
2025-10-24 04:00:00,2.8,0.0
2025-10-24 05:00:00,1.5,0.0
2025-10-24 06:00:00,1.5,6.0
2025-10-24 07:00:00,4.7,105.0
2025-10-24 08:00:00,2.3,273.0
2025-10-24 09:00:00,1.5,418.0
2025-10-24 10:00:00,1.5,500.0
2025-10-24 11:00:00,1.4,564.0
2025-10-24 12:00:00,5.3,555.0
2025-10-24 13:00:00,7.6,490.0
2025-10-24 14:00:00,9.1,385.0
2025-10-24 15:00:00,8.0,219.0
2025-10-24 16:00:00,8.4,78.0
2025-10-24 17:00:00,7.3,1.0
2025-10-24 18:00:00,8.9,0.0
2025-10-24 19:00:00,7.4,0.0
2025-10-24 20:00:00,4.6,0.0
2025-10-24 21:00:00,4.7,0.0
2025-10-24 22:00:00,2.6,0.0
2025-10-24 23:00:00,2.3,0.0
2025-10-25 00:00:00,4.9,0.0
2025-10-25 01:00:00,5.4,0.0
2025-10-25 02:00:00,4.3,0.0
2025-10-25 03:00:00,5.5,0.0
2025-10-25 04:00:00,5.7,0.0
2025-10-25 05:00:00,7.5,0.0
2025-10-25 06:00:00,10.5,4.0
2025-10-25 07:00:00,10.3,82.0
2025-10-25 08:00:00,9.4,227.0
2025-10-25 09:00:00,10.6,277.0
2025-10-25 10:00:00,15.2,404.0
2025-10-25 11:00:00,16.1,481.0
2025-10-25 12:00:00,14.4,445.0
2025-10-25 13:00:00,13.9,254.0
2025-10-25 14:00:00,10.7,313.0
2025-10-25 15:00:00,8.5,192.0
2025-10-25 16:00:00,5.1,7.0
2025-10-25 17:00:00,7.4,0.0
2025-10-25 18:00:00,11.2,0.0
2025-10-25 19:00:00,9.9,0.0
2025-10-25 20:00:00,10.2,0.0
2025-10-25 21:00:00,9.6,0.0
2025-10-25 22:00:00,11.1,0.0
2025-10-25 23:00:00,13.5,0.0
2025-10-26 00:00:00,8.2,0.0
2025-10-26 01:00:00,7.8,0.0
2025-10-26 02:00:00,6.8,0.0
2025-10-26 03:00:00,9.0,0.0
2025-10-26 04:00:00,8.2,0.0
2025-10-26 05:00:00,9.0,0.0
2025-10-26 06:00:00,9.7,3.0
2025-10-26 07:00:00,9.4,78.0
2025-10-26 08:00:00,10.5,208.0
2025-10-26 09:00:00,14.1,324.0
2025-10-26 10:00:00,17.2,465.0
2025-10-26 11:00:00,16.8,504.0
2025-10-26 12:00:00,16.8,434.0
2025-10-26 13:00:00,17.4,400.0
2025-10-26 14:00:00,14.9,202.0
2025-10-26 15:00:00,12.5,123.0
2025-10-26 16:00:00,11.7,32.0
2025-10-26 17:00:00,11.3,0.0
2025-10-26 18:00:00,10.1,0.0
2025-10-26 19:00:00,11.8,0.0
2025-10-26 20:00:00,8.7,0.0
2025-10-26 21:00:00,9.4,0.0
2025-10-26 22:00:00,7.8,0.0
2025-10-26 23:00:00,2.0,0.0
2025-10-27 00:00:00,4.3,0.0
2025-10-27 01:00:00,2.2,0.0
2025-10-27 02:00:00,9.6,0.0
2025-10-27 03:00:00,6.5,0.0
2025-10-27 04:00:00,1.7,0.0
2025-10-27 05:00:00,2.9,0.0
2025-10-27 06:00:00,0.5,4.0
2025-10-27 07:00:00,2.2,100.0
2025-10-27 08:00:00,2.2,260.0
2025-10-27 09:00:00,2.8,405.0
2025-10-27 10:00:00,2.3,509.0
2025-10-27 11:00:00,5.5,559.0
2025-10-27 12:00:00,9.3,509.0
2025-10-27 13:00:00,12.5,428.0
2025-10-27 14:00:00,12.6,335.0
2025-10-27 15:00:00,11.3,146.0
2025-10-27 16:00:00,8.5,34.0
2025-10-27 17:00:00,8.1,0.0
2025-10-27 18:00:00,7.5,0.0
2025-10-27 19:00:00,5.1,0.0
2025-10-27 20:00:00,5.4,0.0
2025-10-27 21:00:00,4.4,0.0
2025-10-27 22:00:00,4.5,0.0
2025-10-27 23:00:00,3.8,0.0
2025-10-28 00:00:00,4.3,0.0
2025-10-28 01:00:00,3.9,0.0
2025-10-28 02:00:00,3.6,0.0
2025-10-28 03:00:00,2.6,0.0
2025-10-28 04:00:00,3.0,0.0
2025-10-28 05:00:00,2.8,0.0
2025-10-28 06:00:00,1.7,4.0
2025-10-28 07:00:00,4.5,96.0
2025-10-28 08:00:00,2.8,256.0
2025-10-28 09:00:00,3.1,401.0
2025-10-28 10:00:00,4.7,502.0
2025-10-28 11:00:00,5.0,554.0
2025-10-28 12:00:00,1.5,547.0
2025-10-28 13:00:00,4.2,483.0
2025-10-28 14:00:00,6.1,363.0
2025-10-28 15:00:00,4.7,217.0
2025-10-28 16:00:00,3.8,64.0
2025-10-28 17:00:00,4.4,0.0
2025-10-28 18:00:00,4.7,0.0
2025-10-28 19:00:00,4.0,0.0
2025-10-28 20:00:00,2.5,0.0
2025-10-28 21:00:00,2.9,0.0
2025-10-28 22:00:00,4.3,0.0
2025-10-28 23:00:00,4.2,0.0
2025-10-29 00:00:00,3.2,0.0
2025-10-29 01:00:00,2.9,0.0
2025-10-29 02:00:00,2.1,0.0
2025-10-29 03:00:00,3.6,0.0
2025-10-29 04:00:00,4.1,0.0
2025-10-29 05:00:00,3.5,0.0
2025-10-29 06:00:00,1.9,3.0
2025-10-29 07:00:00,4.7,87.0
2025-10-29 08:00:00,3.0,234.0
2025-10-29 09:00:00,1.5,360.0
2025-10-29 10:00:00,8.2,465.0
2025-10-29 11:00:00,11.6,484.0
2025-10-29 12:00:00,12.2,494.0
2025-10-29 13:00:00,12.1,336.0
2025-10-29 14:00:00,13.3,262.0
2025-10-29 15:00:00,12.2,171.0
2025-10-29 16:00:00,11.4,55.0
2025-10-29 17:00:00,10.1,0.0
2025-10-29 18:00:00,10.2,0.0
2025-10-29 19:00:00,8.9,0.0
2025-10-29 20:00:00,9.1,0.0
2025-10-29 21:00:00,7.3,0.0
2025-10-29 22:00:00,8.5,0.0
2025-10-29 23:00:00,8.4,0.0
2025-10-30 00:00:00,9.9,0.0
2025-10-30 01:00:00,9.3,0.0
2025-10-30 02:00:00,7.3,0.0
2025-10-30 03:00:00,7.1,0.0
2025-10-30 04:00:00,8.5,0.0
2025-10-30 05:00:00,12.9,0.0
2025-10-30 06:00:00,12.5,2.0
2025-10-30 07:00:00,14.0,67.0
2025-10-30 08:00:00,11.9,186.0
2025-10-30 09:00:00,14.5,264.0
2025-10-30 10:00:00,17.1,245.0
2025-10-30 11:00:00,19.0,364.0
2025-10-30 12:00:00,14.6,210.0
2025-10-30 13:00:00,14.9,186.0
2025-10-30 14:00:00,14.4,99.0
2025-10-30 15:00:00,13.9,47.0
2025-10-30 16:00:00,9.1,13.0
2025-10-30 17:00:00,10.5,0.0
2025-10-30 18:00:00,13.4,0.0
2025-10-30 19:00:00,14.4,0.0
2025-10-30 20:00:00,9.8,0.0
2025-10-30 21:00:00,7.7,0.0
2025-10-30 22:00:00,11.6,0.0
2025-10-30 23:00:00,13.4,0.0
2025-10-31 00:00:00,4.6,0.0
2025-10-31 01:00:00,2.3,0.0
2025-10-31 02:00:00,0.7,0.0
2025-10-31 03:00:00,1.5,0.0
2025-10-31 04:00:00,2.6,0.0
2025-10-31 05:00:00,4.2,0.0
2025-10-31 06:00:00,7.6,2.0
2025-10-31 07:00:00,2.7,48.0
2025-10-31 08:00:00,5.0,205.0
2025-10-31 09:00:00,6.5,324.0
2025-10-31 10:00:00,5.0,454.0
2025-10-31 11:00:00,5.6,509.0
2025-10-31 12:00:00,2.4,481.0
2025-10-31 13:00:00,2.3,414.0
2025-10-31 14:00:00,1.3,282.0
2025-10-31 15:00:00,4.3,144.0
2025-10-31 16:00:00,7.6,43.0
2025-10-31 17:00:00,6.0,0.0
2025-10-31 18:00:00,1.5,0.0
2025-10-31 19:00:00,2.0,0.0
2025-10-31 20:00:00,2.8,0.0
2025-10-31 21:00:00,2.2,0.0
2025-10-31 22:00:00,2.4,0.0
2025-10-31 23:00:00,2.8,0.0
2025-11-01 00:00:00,1.5,0.0
2025-11-01 01:00:00,2.3,0.0
2025-11-01 02:00:00,3.7,0.0
2025-11-01 03:00:00,3.8,0.0
2025-11-01 04:00:00,5.1,0.0
2025-11-01 05:00:00,5.5,0.0
2025-11-01 06:00:00,2.9,2.0
2025-11-01 07:00:00,3.8,81.0
2025-11-01 08:00:00,4.0,231.0
2025-11-01 09:00:00,3.7,370.0
2025-11-01 10:00:00,2.2,473.0
2025-11-01 11:00:00,1.9,522.0
2025-11-01 12:00:00,3.4,520.0
2025-11-01 13:00:00,4.5,449.0
2025-11-01 14:00:00,7.0,336.0
2025-11-01 15:00:00,7.0,193.0
2025-11-01 16:00:00,6.6,50.0
2025-11-01 17:00:00,5.7,0.0
2025-11-01 18:00:00,5.0,0.0
2025-11-01 19:00:00,4.1,0.0
2025-11-01 20:00:00,3.4,0.0
2025-11-01 21:00:00,3.4,0.0
2025-11-01 22:00:00,3.5,0.0
2025-11-01 23:00:00,2.0,0.0
2025-11-02 00:00:00,1.2,0.0
2025-11-02 01:00:00,1.3,0.0
2025-11-02 02:00:00,1.5,0.0
2025-11-02 03:00:00,2.6,0.0
2025-11-02 04:00:00,2.9,0.0
2025-11-02 05:00:00,4.2,0.0
2025-11-02 06:00:00,3.3,1.0
2025-11-02 07:00:00,4.3,61.0
2025-11-02 08:00:00,3.5,177.0
2025-11-02 09:00:00,2.5,309.0
2025-11-02 10:00:00,1.6,421.0
2025-11-02 11:00:00,6.0,454.0
2025-11-02 12:00:00,6.5,379.0
2025-11-02 13:00:00,9.7,342.0
2025-11-02 14:00:00,11.2,220.0
2025-11-02 15:00:00,10.3,120.0
2025-11-02 16:00:00,9.5,37.0
2025-11-02 17:00:00,8.3,0.0
2025-11-02 18:00:00,8.0,0.0
2025-11-02 19:00:00,6.8,0.0
2025-11-02 20:00:00,1.7,0.0
2025-11-02 21:00:00,9.3,0.0
2025-11-02 22:00:00,11.6,0.0
2025-11-02 23:00:00,9.7,0.0
2025-11-03 00:00:00,14.1,0.0
2025-11-03 01:00:00,11.7,0.0
2025-11-03 02:00:00,8.8,0.0
2025-11-03 03:00:00,8.1,0.0
2025-11-03 04:00:00,8.4,0.0
2025-11-03 05:00:00,7.5,0.0
2025-11-03 06:00:00,4.7,1.0
2025-11-03 07:00:00,5.1,75.0
2025-11-03 08:00:00,2.4,225.0
2025-11-03 09:00:00,3.7,367.0
2025-11-03 10:00:00,3.0,439.0
2025-11-03 11:00:00,4.4,474.0
2025-11-03 12:00:00,7.0,443.0
2025-11-03 13:00:00,8.2,388.0
2025-11-03 14:00:00,6.8,281.0
2025-11-03 15:00:00,7.1,183.0
2025-11-03 16:00:00,9.2,48.0
2025-11-03 17:00:00,12.1,0.0
2025-11-03 18:00:00,11.2,0.0
2025-11-03 19:00:00,7.5,0.0
2025-11-03 20:00:00,7.9,0.0
2025-11-03 21:00:00,6.2,0.0
2025-11-03 22:00:00,6.1,0.0
2025-11-03 23:00:00,6.2,0.0
2025-11-04 00:00:00,5.8,0.0
2025-11-04 01:00:00,7.7,0.0
2025-11-04 02:00:00,7.6,0.0
2025-11-04 03:00:00,7.7,0.0
2025-11-04 04:00:00,7.5,0.0
2025-11-04 05:00:00,7.4,0.0
2025-11-04 06:00:00,8.3,1.0
2025-11-04 07:00:00,8.3,79.0
2025-11-04 08:00:00,7.3,237.0
2025-11-04 09:00:00,7.0,375.0
2025-11-04 10:00:00,5.1,477.0
2025-11-04 11:00:00,4.0,527.0
2025-11-04 12:00:00,3.7,520.0
2025-11-04 13:00:00,3.9,456.0
2025-11-04 14:00:00,3.6,342.0
2025-11-04 15:00:00,2.2,193.0
2025-11-04 16:00:00,1.5,46.0
2025-11-04 17:00:00,1.8,0.0
2025-11-04 18:00:00,1.2,0.0
2025-11-04 19:00:00,0.4,0.0
2025-11-04 20:00:00,1.7,0.0
2025-11-04 21:00:00,3.8,0.0
2025-11-04 22:00:00,3.9,0.0
2025-11-04 23:00:00,5.2,0.0
2025-11-05 00:00:00,5.3,0.0
2025-11-05 01:00:00,5.7,0.0
2025-11-05 02:00:00,5.4,0.0
2025-11-05 03:00:00,5.6,0.0
2025-11-05 04:00:00,5.9,0.0
2025-11-05 05:00:00,5.5,0.0
2025-11-05 06:00:00,4.4,1.0
2025-11-05 07:00:00,5.9,74.0
2025-11-05 08:00:00,5.7,228.0
2025-11-05 09:00:00,6.1,371.0
2025-11-05 10:00:00,5.1,475.0
2025-11-05 11:00:00,3.4,526.0
2025-11-05 12:00:00,1.0,518.0
2025-11-05 13:00:00,1.3,452.0
2025-11-05 14:00:00,1.7,339.0
2025-11-05 15:00:00,1.9,190.0
2025-11-05 16:00:00,1.3,44.0
2025-11-05 17:00:00,0.6,0.0
2025-11-05 18:00:00,0.4,0.0
2025-11-05 19:00:00,0.8,0.0
2025-11-05 20:00:00,1.1,0.0
2025-11-05 21:00:00,1.9,0.0
2025-11-05 22:00:00,3.8,0.0
2025-11-05 23:00:00,5.5,0.0
2025-11-06 00:00:00,3.4,0.0
2025-11-06 01:00:00,3.7,0.0
2025-11-06 02:00:00,5.7,0.0
2025-11-06 03:00:00,6.2,0.0
2025-11-06 04:00:00,6.9,0.0
2025-11-06 05:00:00,6.6,0.0
2025-11-06 06:00:00,4.1,0.0
2025-11-06 07:00:00,5.8,70.0
2025-11-06 08:00:00,5.8,220.0
2025-11-06 09:00:00,5.4,362.0
2025-11-06 10:00:00,4.5,464.0
2025-11-06 11:00:00,3.5,514.0
2025-11-06 12:00:00,3.8,506.0
2025-11-06 13:00:00,4.5,433.0
2025-11-06 14:00:00,3.0,319.0
2025-11-06 15:00:00,1.0,181.0
2025-11-06 16:00:00,0.6,41.0
2025-11-06 17:00:00,0.4,0.0
2025-11-06 18:00:00,0.6,0.0
2025-11-06 19:00:00,0.6,0.0
2025-11-06 20:00:00,1.9,0.0
2025-11-06 21:00:00,2.0,0.0
2025-11-06 22:00:00,2.1,0.0
2025-11-06 23:00:00,3.5,0.0
2025-11-07 00:00:00,5.0,0.0
2025-11-07 01:00:00,5.7,0.0
2025-11-07 02:00:00,4.6,0.0
2025-11-07 03:00:00,6.5,0.0
2025-11-07 04:00:00,4.9,0.0
2025-11-07 05:00:00,5.9,0.0
2025-11-07 06:00:00,5.1,0.0
2025-11-07 07:00:00,7.7,51.0
2025-11-07 08:00:00,8.0,137.0
2025-11-07 09:00:00,7.4,268.0
2025-11-07 10:00:00,5.5,400.0
2025-11-07 11:00:00,4.0,273.0
2025-11-07 12:00:00,3.7,194.0
2025-11-07 13:00:00,5.3,161.0
2025-11-07 14:00:00,3.1,88.0
2025-11-07 15:00:00,2.4,35.0
2025-11-07 16:00:00,0.9,12.0
2025-11-07 17:00:00,2.3,0.0
2025-11-07 18:00:00,0.7,0.0
2025-11-07 19:00:00,2.5,0.0
2025-11-07 20:00:00,4.8,0.0
2025-11-07 21:00:00,3.0,0.0
2025-11-07 22:00:00,0.6,0.0
2025-11-07 23:00:00,3.7,0.0
2025-11-08 00:00:00,1.5,0.0
2025-11-08 01:00:00,1.1,0.0
2025-11-08 02:00:00,2.6,0.0
2025-11-08 03:00:00,3.1,0.0
2025-11-08 04:00:00,5.9,0.0
2025-11-08 05:00:00,4.1,0.0
2025-11-08 06:00:00,4.0,0.0
2025-11-08 07:00:00,7.1,59.0
2025-11-08 08:00:00,6.2,205.0
2025-11-08 09:00:00,5.1,351.0
2025-11-08 10:00:00,4.3,455.0
2025-11-08 11:00:00,3.1,507.0
2025-11-08 12:00:00,3.3,493.0
2025-11-08 13:00:00,1.2,323.0
2025-11-08 14:00:00,6.7,265.0
2025-11-08 15:00:00,4.8,85.0
2025-11-08 16:00:00,2.8,19.0
2025-11-08 17:00:00,1.3,0.0
2025-11-08 18:00:00,1.2,0.0
2025-11-08 19:00:00,2.5,0.0
2025-11-08 20:00:00,3.0,0.0
2025-11-08 21:00:00,2.3,0.0
2025-11-08 22:00:00,2.2,0.0
2025-11-08 23:00:00,3.2,0.0
2025-11-09 00:00:00,3.7,0.0
2025-11-09 01:00:00,4.8,0.0
2025-11-09 02:00:00,6.2,0.0
2025-11-09 03:00:00,4.7,0.0
2025-11-09 04:00:00,4.2,0.0
2025-11-09 05:00:00,7.1,0.0
2025-11-09 06:00:00,5.5,0.0
2025-11-09 07:00:00,6.9,59.0
2025-11-09 08:00:00,6.0,203.0
2025-11-09 09:00:00,6.0,344.0
2025-11-09 10:00:00,6.2,429.0
2025-11-09 11:00:00,7.2,491.0
2025-11-09 12:00:00,7.4,496.0
2025-11-09 13:00:00,5.6,398.0
2025-11-09 14:00:00,7.2,261.0
2025-11-09 15:00:00,4.8,150.0
2025-11-09 16:00:00,6.7,30.0
2025-11-09 17:00:00,11.3,0.0
2025-11-09 18:00:00,11.1,0.0
2025-11-09 19:00:00,10.2,0.0
2025-11-09 20:00:00,7.0,0.0
2025-11-09 21:00:00,7.5,0.0
2025-11-09 22:00:00,8.1,0.0
2025-11-09 23:00:00,7.9,0.0
2025-11-10 00:00:00,7.2,0.0
2025-11-10 01:00:00,6.7,0.0
2025-11-10 02:00:00,5.2,0.0
2025-11-10 03:00:00,5.0,0.0
2025-11-10 04:00:00,5.9,0.0
2025-11-10 05:00:00,6.0,0.0
2025-11-10 06:00:00,4.6,0.0
2025-11-10 07:00:00,6.1,58.0
2025-11-10 08:00:00,6.5,204.0
2025-11-10 09:00:00,4.8,342.0
2025-11-10 10:00:00,4.1,443.0
2025-11-10 11:00:00,3.0,494.0
2025-11-10 12:00:00,3.6,489.0
2025-11-10 13:00:00,2.7,391.0
2025-11-10 14:00:00,5.5,302.0
2025-11-10 15:00:00,5.4,165.0
2025-11-10 16:00:00,2.4,34.0
2025-11-10 17:00:00,3.7,0.0
2025-11-10 18:00:00,4.7,0.0
2025-11-10 19:00:00,3.1,0.0
2025-11-10 20:00:00,1.8,0.0
2025-11-10 21:00:00,1.7,0.0
2025-11-10 22:00:00,2.2,0.0
2025-11-10 23:00:00,4.2,0.0
2025-11-11 00:00:00,3.7,0.0
2025-11-11 01:00:00,4.5,0.0
2025-11-11 02:00:00,4.3,0.0
2025-11-11 03:00:00,3.6,0.0
2025-11-11 04:00:00,3.9,0.0
2025-11-11 05:00:00,3.7,0.0
2025-11-11 06:00:00,2.4,0.0
2025-11-11 07:00:00,4.4,56.0
2025-11-11 08:00:00,3.4,201.0
2025-11-11 09:00:00,3.6,338.0
2025-11-11 10:00:00,3.3,440.0
2025-11-11 11:00:00,1.9,490.0
2025-11-11 12:00:00,1.5,484.0
2025-11-11 13:00:00,0.2,419.0
2025-11-11 14:00:00,1.4,307.0
2025-11-11 15:00:00,2.5,162.0
2025-11-11 16:00:00,5.6,31.0
2025-11-11 17:00:00,6.1,0.0
2025-11-11 18:00:00,3.8,0.0
2025-11-11 19:00:00,2.7,0.0
2025-11-11 20:00:00,3.7,0.0
2025-11-11 21:00:00,2.2,0.0
2025-11-11 22:00:00,4.0,0.0
2025-11-11 23:00:00,4.3,0.0
2025-11-12 00:00:00,2.7,0.0
2025-11-12 01:00:00,3.7,0.0
2025-11-12 02:00:00,4.0,0.0
2025-11-12 03:00:00,4.5,0.0
2025-11-12 04:00:00,4.5,0.0
2025-11-12 05:00:00,4.5,0.0
2025-11-12 06:00:00,2.8,0.0
2025-11-12 07:00:00,4.8,52.0
2025-11-12 08:00:00,4.4,193.0
2025-11-12 09:00:00,4.6,330.0
2025-11-12 10:00:00,4.6,430.0
2025-11-12 11:00:00,4.2,482.0
2025-11-12 12:00:00,2.3,477.0
2025-11-12 13:00:00,1.3,416.0
2025-11-12 14:00:00,1.1,306.0
2025-11-12 15:00:00,1.5,163.0
2025-11-12 16:00:00,1.5,30.0
2025-11-12 17:00:00,1.1,0.0
2025-11-12 18:00:00,0.6,0.0
2025-11-12 19:00:00,0.8,0.0
2025-11-12 20:00:00,2.6,0.0
2025-11-12 21:00:00,3.6,0.0
2025-11-12 22:00:00,3.1,0.0
2025-11-12 23:00:00,4.0,0.0
2025-11-13 00:00:00,1.8,0.0
2025-11-13 01:00:00,3.9,0.0
2025-11-13 02:00:00,3.9,0.0
2025-11-13 03:00:00,4.0,0.0
2025-11-13 04:00:00,4.6,0.0
2025-11-13 05:00:00,4.6,0.0
2025-11-13 06:00:00,3.5,0.0
2025-11-13 07:00:00,5.1,50.0
2025-11-13 08:00:00,5.4,191.0
2025-11-13 09:00:00,6.1,328.0
2025-11-13 10:00:00,5.0,429.0
2025-11-13 11:00:00,2.5,480.0
2025-11-13 12:00:00,0.5,473.0
2025-11-13 13:00:00,1.1,411.0
2025-11-13 14:00:00,1.5,302.0
2025-11-13 15:00:00,1.8,159.0
2025-11-13 16:00:00,1.8,29.0
2025-11-13 17:00:00,2.0,0.0
2025-11-13 18:00:00,0.7,0.0
2025-11-13 19:00:00,0.4,0.0
2025-11-13 20:00:00,1.7,0.0
2025-11-13 21:00:00,2.8,0.0
2025-11-13 22:00:00,3.8,0.0
2025-11-13 23:00:00,3.6,0.0
2025-11-14 00:00:00,3.0,0.0
2025-11-14 01:00:00,5.3,0.0
2025-11-14 02:00:00,5.4,0.0
2025-11-14 03:00:00,5.6,0.0
2025-11-14 04:00:00,5.4,0.0
2025-11-14 05:00:00,6.4,0.0
2025-11-14 06:00:00,6.5,0.0
2025-11-14 07:00:00,7.5,37.0
2025-11-14 08:00:00,6.4,122.0
2025-11-14 09:00:00,5.5,275.0
2025-11-14 10:00:00,4.7,382.0
2025-11-14 11:00:00,3.6,421.0
2025-11-14 12:00:00,0.9,378.0
2025-11-14 13:00:00,2.6,376.0
2025-11-14 14:00:00,3.2,296.0
2025-11-14 15:00:00,5.5,157.0
2025-11-14 16:00:00,6.4,28.0
2025-11-14 17:00:00,5.2,0.0
2025-11-14 18:00:00,5.0,0.0
2025-11-14 19:00:00,3.4,0.0
2025-11-14 20:00:00,1.9,0.0
2025-11-14 21:00:00,1.9,0.0
2025-11-14 22:00:00,4.5,0.0
2025-11-14 23:00:00,5.0,0.0
2025-11-15 00:00:00,3.9,0.0
2025-11-15 01:00:00,3.6,0.0
2025-11-15 02:00:00,4.0,0.0
2025-11-15 03:00:00,3.2,0.0
2025-11-15 04:00:00,3.7,0.0
2025-11-15 05:00:00,3.9,0.0
2025-11-15 06:00:00,4.0,0.0
2025-11-15 07:00:00,6.3,40.0
2025-11-15 08:00:00,4.0,172.0
2025-11-15 09:00:00,2.5,262.0
2025-11-15 10:00:00,5.5,393.0
2025-11-15 11:00:00,9.1,432.0
2025-11-15 12:00:00,11.6,372.0
2025-11-15 13:00:00,12.0,369.0
2025-11-15 14:00:00,11.7,281.0
2025-11-15 15:00:00,8.7,143.0
2025-11-15 16:00:00,6.0,24.0
2025-11-15 17:00:00,5.1,0.0
2025-11-15 18:00:00,4.3,0.0
2025-11-15 19:00:00,2.9,0.0
2025-11-15 20:00:00,2.7,0.0
2025-11-15 21:00:00,1.8,0.0
2025-11-15 22:00:00,3.7,0.0
2025-11-15 23:00:00,4.3,0.0
2025-11-16 00:00:00,3.3,0.0
2025-11-16 01:00:00,3.6,0.0
2025-11-16 02:00:00,3.0,0.0
2025-11-16 03:00:00,2.5,0.0
2025-11-16 04:00:00,3.1,0.0
2025-11-16 05:00:00,3.8,0.0
2025-11-16 06:00:00,4.2,0.0
2025-11-16 07:00:00,5.6,36.0
2025-11-16 08:00:00,4.3,155.0
2025-11-16 09:00:00,1.6,295.0
2025-11-16 10:00:00,3.6,351.0
2025-11-16 11:00:00,11.8,391.0
2025-11-16 12:00:00,13.8,355.0
2025-11-16 13:00:00,13.3,306.0
2025-11-16 14:00:00,10.6,238.0
2025-11-16 15:00:00,8.4,121.0
2025-11-16 16:00:00,5.6,18.0
2025-11-16 17:00:00,4.3,0.0
2025-11-16 18:00:00,4.6,0.0
2025-11-16 19:00:00,5.1,0.0
2025-11-16 20:00:00,4.3,0.0
2025-11-16 21:00:00,4.3,0.0
2025-11-16 22:00:00,7.7,0.0
2025-11-16 23:00:00,4.7,0.0
2025-11-17 00:00:00,8.6,0.0
2025-11-17 01:00:00,6.1,0.0
2025-11-17 02:00:00,6.7,0.0
2025-11-17 03:00:00,9.6,0.0
2025-11-17 04:00:00,10.1,0.0
2025-11-17 05:00:00,8.7,0.0
2025-11-17 06:00:00,11.7,0.0
2025-11-17 07:00:00,9.7,38.0
2025-11-17 08:00:00,9.5,174.0
2025-11-17 09:00:00,15.7,271.0
2025-11-17 10:00:00,17.4,379.0
2025-11-17 11:00:00,16.3,371.0
2025-11-17 12:00:00,15.7,272.0
2025-11-17 13:00:00,18.1,329.0
2025-11-17 14:00:00,15.4,267.0
2025-11-17 15:00:00,11.6,141.0
2025-11-17 16:00:00,10.6,22.0
2025-11-17 17:00:00,10.9,0.0
2025-11-17 18:00:00,8.3,0.0
2025-11-17 19:00:00,4.0,0.0
2025-11-17 20:00:00,6.6,0.0
2025-11-17 21:00:00,6.2,0.0
2025-11-17 22:00:00,9.5,0.0
2025-11-17 23:00:00,9.7,0.0
2025-11-18 00:00:00,11.6,0.0
2025-11-18 01:00:00,5.1,0.0
2025-11-18 02:00:00,5.2,0.0
2025-11-18 03:00:00,1.9,0.0
2025-11-18 04:00:00,9.1,0.0
2025-11-18 05:00:00,4.2,0.0
2025-11-18 06:00:00,5.2,0.0
2025-11-18 07:00:00,5.6,30.0
2025-11-18 08:00:00,6.3,62.0
2025-11-18 09:00:00,4.2,157.0
2025-11-18 10:00:00,4.1,260.0
2025-11-18 11:00:00,5.8,196.0
2025-11-18 12:00:00,3.4,112.0
2025-11-18 13:00:00,3.0,108.0
2025-11-18 14:00:00,5.0,111.0
2025-11-18 15:00:00,1.3,83.0
2025-11-18 16:00:00,2.9,21.0
2025-11-18 17:00:00,4.5,0.0
2025-11-18 18:00:00,7.9,0.0
2025-11-18 19:00:00,9.2,0.0
2025-11-18 20:00:00,9.9,0.0
2025-11-18 21:00:00,7.9,0.0
2025-11-18 22:00:00,6.1,0.0
2025-11-18 23:00:00,6.7,0.0
2025-11-19 00:00:00,6.8,0.0
2025-11-19 01:00:00,7.2,0.0
2025-11-19 02:00:00,7.5,0.0
2025-11-19 03:00:00,7.8,0.0
2025-11-19 04:00:00,4.6,0.0
2025-11-19 05:00:00,3.1,0.0
2025-11-19 06:00:00,6.3,0.0
2025-11-19 07:00:00,10.7,33.0
2025-11-19 08:00:00,9.3,164.0
2025-11-19 09:00:00,5.9,271.0
2025-11-19 10:00:00,4.8,322.0
2025-11-19 11:00:00,4.7,335.0
2025-11-19 12:00:00,2.8,405.0
2025-11-19 13:00:00,1.7,185.0
2025-11-19 14:00:00,1.8,185.0
2025-11-19 15:00:00,2.1,141.0
2025-11-19 16:00:00,1.8,22.0
2025-11-19 17:00:00,1.4,0.0
2025-11-19 18:00:00,0.6,0.0
2025-11-19 19:00:00,0.5,0.0
2025-11-19 20:00:00,1.3,0.0
2025-11-19 21:00:00,1.1,0.0
2025-11-19 22:00:00,1.5,0.0
2025-11-19 23:00:00,1.7,0.0
2025-11-20 00:00:00,7.9,0.0
2025-11-20 01:00:00,4.9,0.0
2025-11-20 02:00:00,9.4,0.0
2025-11-20 03:00:00,7.8,0.0
2025-11-20 04:00:00,8.1,0.0
2025-11-20 05:00:00,8.5,0.0
2025-11-20 06:00:00,6.0,0.0
2025-11-20 07:00:00,8.0,22.0
2025-11-20 08:00:00,9.7,112.0
2025-11-20 09:00:00,10.7,157.0
2025-11-20 10:00:00,6.8,82.0
2025-11-20 11:00:00,8.4,61.0
2025-11-20 12:00:00,7.8,64.0
2025-11-20 13:00:00,7.8,153.0
2025-11-20 14:00:00,10.4,137.0
2025-11-20 15:00:00,8.9,81.0
2025-11-20 16:00:00,7.6,13.0
2025-11-20 17:00:00,7.6,0.0
2025-11-20 18:00:00,6.3,0.0
2025-11-20 19:00:00,7.0,0.0
2025-11-20 20:00:00,3.7,0.0
2025-11-20 21:00:00,5.5,0.0
2025-11-20 22:00:00,8.0,0.0
2025-11-20 23:00:00,9.7,0.0
2025-11-21 00:00:00,11.6,0.0
2025-11-21 01:00:00,11.9,0.0
2025-11-21 02:00:00,8.4,0.0
2025-11-21 03:00:00,8.0,0.0
2025-11-21 04:00:00,7.4,0.0
2025-11-21 05:00:00,7.4,0.0
2025-11-21 06:00:00,6.7,0.0
2025-11-21 07:00:00,6.5,12.0
2025-11-21 08:00:00,8.7,100.0
2025-11-21 09:00:00,8.2,172.0
2025-11-21 10:00:00,10.0,344.0
2025-11-21 11:00:00,8.4,376.0
2025-11-21 12:00:00,8.7,416.0
2025-11-21 13:00:00,9.3,350.0
2025-11-21 14:00:00,9.8,231.0
2025-11-21 15:00:00,7.1,129.0
2025-11-21 16:00:00,13.2,19.0
2025-11-21 17:00:00,9.6,0.0
2025-11-21 18:00:00,1.3,0.0
2025-11-21 19:00:00,14.3,0.0
2025-11-21 20:00:00,0.6,0.0
2025-11-21 21:00:00,5.7,0.0
2025-11-21 22:00:00,7.9,0.0
2025-11-21 23:00:00,8.2,0.0
2025-11-22 00:00:00,8.5,0.0
2025-11-22 01:00:00,5.1,0.0
2025-11-22 02:00:00,10.2,0.0
2025-11-22 03:00:00,6.9,0.0
2025-11-22 04:00:00,2.3,0.0
2025-11-22 05:00:00,9.6,0.0
2025-11-22 06:00:00,7.8,0.0
2025-11-22 07:00:00,6.1,28.0
2025-11-22 08:00:00,5.8,144.0
2025-11-22 09:00:00,6.1,266.0
2025-11-22 10:00:00,2.3,350.0
2025-11-22 11:00:00,2.5,360.0
2025-11-22 12:00:00,7.8,400.0
2025-11-22 13:00:00,3.8,359.0
2025-11-22 14:00:00,13.9,217.0
2025-11-22 15:00:00,14.3,105.0
2025-11-22 16:00:00,12.3,19.0
2025-11-22 17:00:00,13.2,0.0
2025-11-22 18:00:00,13.9,0.0
2025-11-22 19:00:00,13.0,0.0
2025-11-22 20:00:00,8.8,0.0
2025-11-22 21:00:00,9.5,0.0
2025-11-22 22:00:00,10.5,0.0
2025-11-22 23:00:00,8.7,0.0
2025-11-23 00:00:00,10.6,0.0
2025-11-23 01:00:00,11.0,0.0
2025-11-23 02:00:00,10.3,0.0
2025-11-23 03:00:00,8.9,0.0
2025-11-23 04:00:00,9.4,0.0
2025-11-23 05:00:00,7.9,0.0
2025-11-23 06:00:00,6.3,0.0
2025-11-23 07:00:00,6.4,29.0
2025-11-23 08:00:00,5.9,161.0
2025-11-23 09:00:00,5.2,300.0
2025-11-23 10:00:00,2.8,403.0
2025-11-23 11:00:00,2.4,455.0
2025-11-23 12:00:00,3.5,450.0
2025-11-23 13:00:00,2.2,388.0
2025-11-23 14:00:00,2.3,273.0
2025-11-23 15:00:00,2.4,138.0
2025-11-23 16:00:00,2.0,18.0
2025-11-23 17:00:00,3.6,0.0
2025-11-23 18:00:00,3.8,0.0
2025-11-23 19:00:00,4.3,0.0
2025-11-23 20:00:00,4.4,0.0
2025-11-23 21:00:00,4.1,0.0
2025-11-23 22:00:00,3.6,0.0
2025-11-23 23:00:00,4.4,0.0
2025-11-24 00:00:00,4.1,0.0
2025-11-24 01:00:00,4.3,0.0
2025-11-24 02:00:00,3.5,0.0
2025-11-24 03:00:00,6.0,0.0
2025-11-24 04:00:00,9.7,0.0
2025-11-24 05:00:00,13.5,0.0
2025-11-24 06:00:00,12.2,0.0
2025-11-24 07:00:00,13.1,8.0
2025-11-24 08:00:00,15.0,68.0
2025-11-24 09:00:00,16.7,44.0
2025-11-24 10:00:00,15.0,70.0
2025-11-24 11:00:00,14.2,81.0
2025-11-24 12:00:00,16.9,61.0
2025-11-24 13:00:00,14.9,114.0
2025-11-24 14:00:00,14.4,51.0
2025-11-24 15:00:00,9.7,33.0
2025-11-24 16:00:00,13.0,3.0
2025-11-24 17:00:00,15.2,0.0
2025-11-24 18:00:00,15.8,0.0
2025-11-24 19:00:00,19.1,0.0
2025-11-24 20:00:00,18.4,0.0
2025-11-24 21:00:00,13.8,0.0
2025-11-24 22:00:00,14.4,0.0
2025-11-24 23:00:00,16.2,0.0
2025-11-25 00:00:00,15.5,0.0
2025-11-25 01:00:00,11.6,0.0
2025-11-25 02:00:00,7.4,0.0
2025-11-25 03:00:00,12.1,0.0
2025-11-25 04:00:00,11.2,0.0
2025-11-25 05:00:00,12.7,0.0
2025-11-25 06:00:00,12.0,0.0
2025-11-25 07:00:00,9.4,9.0
2025-11-25 08:00:00,12.1,46.0
2025-11-25 09:00:00,14.9,5.0
2025-11-25 10:00:00,11.5,35.0
2025-11-25 11:00:00,11.9,40.0
2025-11-25 12:00:00,7.6,39.0
2025-11-25 13:00:00,11.7,59.0
2025-11-25 14:00:00,9.0,37.0
2025-11-25 15:00:00,5.1,50.0
2025-11-25 16:00:00,5.0,7.0
2025-11-25 17:00:00,1.9,0.0
2025-11-25 18:00:00,6.3,0.0
2025-11-25 19:00:00,8.2,0.0
2025-11-25 20:00:00,3.1,0.0
2025-11-25 21:00:00,0.4,0.0
2025-11-25 22:00:00,2.2,0.0
2025-11-25 23:00:00,2.4,0.0
2025-11-26 00:00:00,0.8,0.0
2025-11-26 01:00:00,0.4,0.0
2025-11-26 02:00:00,6.0,0.0
2025-11-26 03:00:00,5.8,0.0
2025-11-26 04:00:00,9.9,0.0
2025-11-26 05:00:00,9.3,0.0
2025-11-26 06:00:00,4.2,0.0
2025-11-26 07:00:00,2.6,21.0
2025-11-26 08:00:00,3.8,123.0
2025-11-26 09:00:00,2.7,220.0
2025-11-26 10:00:00,8.1,308.0
2025-11-26 11:00:00,12.1,265.0
2025-11-26 12:00:00,7.8,334.0
2025-11-26 13:00:00,5.5,314.0
2025-11-26 14:00:00,6.9,193.0
2025-11-26 15:00:00,3.7,117.0
2025-11-26 16:00:00,6.4,15.0
2025-11-26 17:00:00,0.6,0.0
2025-11-26 18:00:00,2.3,0.0
2025-11-26 19:00:00,4.2,0.0
2025-11-26 20:00:00,6.3,0.0
2025-11-26 21:00:00,5.2,0.0
2025-11-26 22:00:00,1.3,0.0
2025-11-26 23:00:00,0.8,0.0
2025-11-27 00:00:00,5.7,0.0
2025-11-27 01:00:00,5.2,0.0
2025-11-27 02:00:00,8.1,0.0
2025-11-27 03:00:00,5.8,0.0
2025-11-27 04:00:00,12.0,0.0
2025-11-27 05:00:00,10.1,0.0
2025-11-27 06:00:00,13.2,0.0
2025-11-27 07:00:00,9.6,20.0
2025-11-27 08:00:00,6.6,141.0
2025-11-27 09:00:00,6.8,266.0
2025-11-27 10:00:00,9.0,382.0
2025-11-27 11:00:00,13.1,431.0
2025-11-27 12:00:00,15.1,432.0
2025-11-27 13:00:00,18.6,351.0
2025-11-27 14:00:00,18.7,254.0
2025-11-27 15:00:00,19.7,124.0
2025-11-27 16:00:00,19.9,14.0
2025-11-27 17:00:00,20.3,0.0
2025-11-27 18:00:00,18.9,0.0
2025-11-27 19:00:00,18.4,0.0
2025-11-27 20:00:00,17.5,0.0
2025-11-27 21:00:00,15.7,0.0
2025-11-27 22:00:00,13.5,0.0
2025-11-27 23:00:00,11.4,0.0
2025-11-28 00:00:00,8.2,0.0
2025-11-28 01:00:00,10.8,0.0
2025-11-28 02:00:00,9.7,0.0
2025-11-28 03:00:00,8.6,0.0
2025-11-28 04:00:00,8.3,0.0
2025-11-28 05:00:00,7.7,0.0
2025-11-28 06:00:00,9.2,0.0
2025-11-28 07:00:00,9.1,17.0
2025-11-28 08:00:00,8.3,140.0
2025-11-28 09:00:00,10.6,266.0
2025-11-28 10:00:00,10.0,368.0
2025-11-28 11:00:00,9.9,427.0
2025-11-28 12:00:00,12.1,422.0
2025-11-28 13:00:00,10.3,355.0
2025-11-28 14:00:00,9.2,256.0
2025-11-28 15:00:00,9.7,115.0
2025-11-28 16:00:00,16.3,13.0
2025-11-28 17:00:00,14.5,0.0
2025-11-28 18:00:00,10.6,0.0
2025-11-28 19:00:00,7.3,0.0
2025-11-28 20:00:00,7.6,0.0
2025-11-28 21:00:00,8.1,0.0
2025-11-28 22:00:00,6.8,0.0
2025-11-28 23:00:00,7.4,0.0
2025-11-29 00:00:00,9.1,0.0
2025-11-29 01:00:00,8.0,0.0
2025-11-29 02:00:00,5.9,0.0
2025-11-29 03:00:00,7.1,0.0
2025-11-29 04:00:00,6.7,0.0
2025-11-29 05:00:00,5.3,0.0
2025-11-29 06:00:00,6.8,0.0
2025-11-29 07:00:00,6.8,19.0
2025-11-29 08:00:00,5.7,137.0
2025-11-29 09:00:00,5.8,270.0
2025-11-29 10:00:00,5.9,370.0
2025-11-29 11:00:00,5.0,423.0
2025-11-29 12:00:00,2.8,421.0
2025-11-29 13:00:00,2.2,365.0
2025-11-29 14:00:00,1.5,261.0
2025-11-29 15:00:00,2.4,127.0
2025-11-29 16:00:00,1.8,15.0
2025-11-29 17:00:00,1.1,0.0
2025-11-29 18:00:00,1.3,0.0
2025-11-29 19:00:00,1.3,0.0
2025-11-29 20:00:00,1.6,0.0
2025-11-29 21:00:00,2.0,0.0
2025-11-29 22:00:00,3.6,0.0
2025-11-29 23:00:00,3.7,0.0
2025-11-30 00:00:00,2.7,0.0
2025-11-30 01:00:00,4.0,0.0
2025-11-30 02:00:00,4.0,0.0
2025-11-30 03:00:00,4.2,0.0
2025-11-30 04:00:00,4.8,0.0
2025-11-30 05:00:00,4.5,0.0
2025-11-30 06:00:00,2.4,0.0
2025-11-30 07:00:00,4.0,19.0
2025-11-30 08:00:00,5.8,137.0
2025-11-30 09:00:00,5.4,268.0
2025-11-30 10:00:00,4.8,356.0
2025-11-30 11:00:00,3.1,398.0
2025-11-30 12:00:00,0.6,416.0
2025-11-30 13:00:00,0.8,372.0
2025-11-30 14:00:00,1.7,267.0
2025-11-30 15:00:00,1.5,116.0
2025-11-30 16:00:00,1.3,12.0
2025-11-30 17:00:00,0.7,0.0
2025-11-30 18:00:00,0.5,0.0
2025-11-30 19:00:00,2.3,0.0
2025-11-30 20:00:00,3.3,0.0
2025-11-30 21:00:00,2.4,0.0
2025-11-30 22:00:00,3.7,0.0
2025-11-30 23:00:00,4.4,0.0
2025-12-01 00:00:00,3.4,0.0
2025-12-01 01:00:00,4.6,0.0
2025-12-01 02:00:00,5.4,0.0
2025-12-01 03:00:00,6.3,0.0
2025-12-01 04:00:00,6.1,0.0
2025-12-01 05:00:00,5.2,0.0
2025-12-01 06:00:00,4.4,0.0
2025-12-01 07:00:00,5.6,15.0
2025-12-01 08:00:00,5.9,98.0
2025-12-01 09:00:00,5.8,219.0
2025-12-01 10:00:00,5.0,278.0
2025-12-01 11:00:00,3.1,307.0
2025-12-01 12:00:00,3.2,211.0
2025-12-01 13:00:00,3.5,230.0
2025-12-01 14:00:00,1.9,129.0
2025-12-01 15:00:00,0.5,39.0
2025-12-01 16:00:00,0.9,6.0
2025-12-01 17:00:00,1.1,0.0
2025-12-01 18:00:00,0.4,0.0
2025-12-01 19:00:00,0.3,0.0
2025-12-01 20:00:00,0.4,0.0
2025-12-01 21:00:00,1.5,0.0
2025-12-01 22:00:00,6.6,0.0
2025-12-01 23:00:00,3.5,0.0
2025-12-02 00:00:00,1.8,0.0
2025-12-02 01:00:00,1.7,0.0
2025-12-02 02:00:00,3.1,0.0
2025-12-02 03:00:00,3.4,0.0
2025-12-02 04:00:00,2.3,0.0
2025-12-02 05:00:00,1.9,0.0
2025-12-02 06:00:00,3.4,0.0
2025-12-02 07:00:00,6.0,3.0
2025-12-02 08:00:00,5.9,46.0
2025-12-02 09:00:00,3.8,116.0
2025-12-02 10:00:00,5.0,235.0
2025-12-02 11:00:00,4.8,255.0
2025-12-02 12:00:00,5.6,151.0
2025-12-02 13:00:00,5.7,209.0
2025-12-02 14:00:00,4.0,185.0
2025-12-02 15:00:00,10.1,86.0
2025-12-02 16:00:00,2.4,7.0
2025-12-02 17:00:00,6.5,0.0
2025-12-02 18:00:00,6.8,0.0
2025-12-02 19:00:00,4.1,0.0
2025-12-02 20:00:00,3.4,0.0
2025-12-02 21:00:00,1.3,0.0
2025-12-02 22:00:00,1.5,0.0
2025-12-02 23:00:00,3.8,0.0
2025-12-03 00:00:00,2.7,0.0
2025-12-03 01:00:00,4.6,0.0
2025-12-03 02:00:00,5.2,0.0
2025-12-03 03:00:00,4.8,0.0
2025-12-03 04:00:00,4.8,0.0
2025-12-03 05:00:00,4.8,0.0
2025-12-03 06:00:00,4.2,0.0
2025-12-03 07:00:00,5.1,14.0
2025-12-03 08:00:00,6.9,119.0
2025-12-03 09:00:00,6.9,242.0
2025-12-03 10:00:00,6.7,330.0
2025-12-03 11:00:00,6.0,353.0
2025-12-03 12:00:00,7.0,321.0
2025-12-03 13:00:00,7.4,261.0
2025-12-03 14:00:00,7.8,159.0
2025-12-03 15:00:00,6.3,81.0
2025-12-03 16:00:00,4.3,10.0
2025-12-03 17:00:00,4.4,0.0
2025-12-03 18:00:00,4.2,0.0
2025-12-03 19:00:00,4.2,0.0
2025-12-03 20:00:00,5.0,0.0
2025-12-03 21:00:00,4.7,0.0
2025-12-03 22:00:00,5.0,0.0
2025-12-03 23:00:00,4.6,0.0
2025-12-04 00:00:00,5.0,0.0
2025-12-04 01:00:00,4.6,0.0
2025-12-04 02:00:00,5.7,0.0
2025-12-04 03:00:00,4.9,0.0
2025-12-04 04:00:00,4.9,0.0
2025-12-04 05:00:00,4.8,0.0
2025-12-04 06:00:00,5.5,0.0
2025-12-04 07:00:00,6.8,8.0
2025-12-04 08:00:00,6.1,81.0
2025-12-04 09:00:00,6.3,145.0
2025-12-04 10:00:00,5.0,202.0
2025-12-04 11:00:00,4.9,259.0
2025-12-04 12:00:00,5.8,410.0
2025-12-04 13:00:00,5.2,312.0
2025-12-04 14:00:00,3.7,199.0
2025-12-04 15:00:00,3.6,102.0
2025-12-04 16:00:00,4.0,12.0
2025-12-04 17:00:00,3.1,0.0
2025-12-04 18:00:00,4.2,0.0
2025-12-04 19:00:00,4.0,0.0
2025-12-04 20:00:00,2.2,0.0
2025-12-04 21:00:00,4.0,0.0
2025-12-04 22:00:00,4.6,0.0
2025-12-04 23:00:00,3.6,0.0
2025-12-05 00:00:00,1.0,0.0
2025-12-05 01:00:00,7.3,0.0
2025-12-05 02:00:00,4.5,0.0
2025-12-05 03:00:00,4.2,0.0
2025-12-05 04:00:00,4.1,0.0
2025-12-05 05:00:00,4.0,0.0
2025-12-05 06:00:00,0.0,0.0
2025-12-05 07:00:00,9.3,9.0
2025-12-05 08:00:00,7.8,92.0
2025-12-05 09:00:00,9.1,223.0
2025-12-05 10:00:00,7.5,292.0
2025-12-05 11:00:00,6.6,361.0
2025-12-05 12:00:00,5.0,378.0
2025-12-05 13:00:00,4.4,347.0
2025-12-05 14:00:00,4.4,213.0
2025-12-05 15:00:00,3.5,109.0
2025-12-05 16:00:00,4.8,12.0
2025-12-05 17:00:00,3.5,0.0
2025-12-05 18:00:00,4.1,0.0
2025-12-05 19:00:00,5.6,0.0
2025-12-05 20:00:00,5.3,0.0
2025-12-05 21:00:00,5.8,0.0
2025-12-05 22:00:00,7.9,0.0
2025-12-05 23:00:00,7.7,0.0
2025-12-06 00:00:00,6.6,0.0
2025-12-06 01:00:00,7.9,0.0
2025-12-06 02:00:00,7.1,0.0
2025-12-06 03:00:00,6.9,0.0
2025-12-06 04:00:00,6.8,0.0
2025-12-06 05:00:00,6.7,0.0
2025-12-06 06:00:00,7.9,0.0
2025-12-06 07:00:00,8.5,12.0
2025-12-06 08:00:00,7.4,119.0
2025-12-06 09:00:00,5.7,253.0
2025-12-06 10:00:00,6.8,354.0
2025-12-06 11:00:00,6.6,409.0
2025-12-06 12:00:00,10.1,410.0
2025-12-06 13:00:00,10.6,353.0
2025-12-06 14:00:00,10.1,254.0
2025-12-06 15:00:00,8.1,122.0
2025-12-06 16:00:00,6.4,13.0
2025-12-06 17:00:00,5.4,0.0
2025-12-06 18:00:00,3.3,0.0
2025-12-06 19:00:00,2.5,0.0
2025-12-06 20:00:00,4.5,0.0
2025-12-06 21:00:00,4.6,0.0
2025-12-06 22:00:00,3.8,0.0
2025-12-06 23:00:00,2.6,0.0
2025-12-07 00:00:00,2.0,0.0
2025-12-07 01:00:00,1.9,0.0
2025-12-07 02:00:00,1.6,0.0
2025-12-07 03:00:00,2.7,0.0
2025-12-07 04:00:00,3.6,0.0
2025-12-07 05:00:00,4.0,0.0
2025-12-07 06:00:00,3.9,0.0
2025-12-07 07:00:00,3.9,9.0
2025-12-07 08:00:00,4.8,87.0
2025-12-07 09:00:00,3.5,170.0
2025-12-07 10:00:00,2.1,308.0
2025-12-07 11:00:00,1.9,346.0
2025-12-07 12:00:00,1.8,270.0
2025-12-07 13:00:00,3.9,252.0
2025-12-07 14:00:00,4.3,184.0
2025-12-07 15:00:00,4.7,97.0
2025-12-07 16:00:00,4.8,8.0
2025-12-07 17:00:00,5.1,0.0
2025-12-07 18:00:00,5.7,0.0
2025-12-07 19:00:00,5.3,0.0
2025-12-07 20:00:00,4.4,0.0
2025-12-07 21:00:00,3.1,0.0
2025-12-07 22:00:00,4.3,0.0
2025-12-07 23:00:00,4.4,0.0
2025-12-08 00:00:00,4.2,0.0
2025-12-08 01:00:00,3.5,0.0
2025-12-08 02:00:00,3.3,0.0
2025-12-08 03:00:00,3.8,0.0
2025-12-08 04:00:00,4.5,0.0
2025-12-08 05:00:00,3.9,0.0
2025-12-08 06:00:00,3.1,0.0
2025-12-08 07:00:00,6.0,10.0
2025-12-08 08:00:00,7.1,110.0
2025-12-08 09:00:00,6.0,240.0
2025-12-08 10:00:00,6.3,338.0
2025-12-08 11:00:00,5.8,393.0
2025-12-08 12:00:00,4.5,396.0
2025-12-08 13:00:00,4.0,343.0
2025-12-08 14:00:00,2.1,242.0
2025-12-08 15:00:00,0.4,117.0
2025-12-08 16:00:00,1.4,13.0
2025-12-08 17:00:00,1.5,0.0
2025-12-08 18:00:00,1.0,0.0
2025-12-08 19:00:00,2.3,0.0
2025-12-08 20:00:00,2.8,0.0
2025-12-08 21:00:00,3.7,0.0
2025-12-08 22:00:00,4.9,0.0
2025-12-08 23:00:00,5.1,0.0
2025-12-09 00:00:00,4.1,0.0
2025-12-09 01:00:00,4.4,0.0
2025-12-09 02:00:00,6.4,0.0
2025-12-09 03:00:00,6.9,0.0
2025-12-09 04:00:00,7.0,0.0
2025-12-09 05:00:00,6.7,0.0
2025-12-09 06:00:00,4.0,0.0
2025-12-09 07:00:00,7.0,10.0
2025-12-09 08:00:00,7.9,112.0
2025-12-09 09:00:00,7.2,244.0
2025-12-09 10:00:00,5.3,344.0
2025-12-09 11:00:00,4.6,398.0
2025-12-09 12:00:00,2.6,399.0
2025-12-09 13:00:00,1.5,346.0
2025-12-09 14:00:00,1.7,246.0
2025-12-09 15:00:00,1.7,118.0
2025-12-09 16:00:00,1.3,13.0
2025-12-09 17:00:00,0.7,0.0
2025-12-09 18:00:00,1.1,0.0
2025-12-09 19:00:00,0.9,0.0
2025-12-09 20:00:00,1.9,0.0
2025-12-09 21:00:00,2.9,0.0
2025-12-09 22:00:00,3.7,0.0
2025-12-09 23:00:00,4.6,0.0
2025-12-10 00:00:00,3.5,0.0
2025-12-10 01:00:00,5.0,0.0
2025-12-10 02:00:00,6.3,0.0
2025-12-10 03:00:00,6.4,0.0
2025-12-10 04:00:00,5.9,0.0
2025-12-10 05:00:00,6.0,0.0
2025-12-10 06:00:00,3.6,0.0
2025-12-10 07:00:00,5.8,8.0
2025-12-10 08:00:00,6.0,92.0
2025-12-10 09:00:00,6.3,214.0
2025-12-10 10:00:00,5.4,336.0
2025-12-10 11:00:00,4.2,390.0
2025-12-10 12:00:00,2.4,397.0
2025-12-10 13:00:00,1.0,343.0
2025-12-10 14:00:00,0.0,247.0
2025-12-10 15:00:00,0.3,118.0
2025-12-10 16:00:00,0.4,13.0
2025-12-10 17:00:00,0.3,0.0
2025-12-10 18:00:00,0.4,0.0
2025-12-10 19:00:00,0.6,0.0
2025-12-10 20:00:00,2.4,0.0
2025-12-10 21:00:00,2.3,0.0
2025-12-10 22:00:00,3.1,0.0
2025-12-10 23:00:00,3.6,0.0
2025-12-11 00:00:00,2.7,0.0
2025-12-11 01:00:00,4.4,0.0
2025-12-11 02:00:00,5.1,0.0
2025-12-11 03:00:00,5.5,0.0
2025-12-11 04:00:00,5.9,0.0
2025-12-11 05:00:00,5.3,0.0
2025-12-11 06:00:00,5.5,0.0
2025-12-11 07:00:00,6.9,8.0
2025-12-11 08:00:00,8.4,84.0
2025-12-11 09:00:00,8.3,199.0
2025-12-11 10:00:00,6.4,321.0
2025-12-11 11:00:00,5.0,394.0
2025-12-11 12:00:00,3.1,397.0
2025-12-11 13:00:00,2.2,342.0
2025-12-11 14:00:00,1.4,239.0
2025-12-11 15:00:00,0.6,117.0
2025-12-11 16:00:00,2.2,13.0
2025-12-11 17:00:00,3.1,0.0
2025-12-11 18:00:00,2.0,0.0
2025-12-11 19:00:00,1.7,0.0
2025-12-11 20:00:00,4.3,0.0
2025-12-11 21:00:00,4.6,0.0
2025-12-11 22:00:00,5.1,0.0
2025-12-11 23:00:00,7.9,0.0
2025-12-12 00:00:00,6.3,0.0
2025-12-12 01:00:00,7.0,0.0
2025-12-12 02:00:00,6.8,0.0
2025-12-12 03:00:00,6.7,0.0
2025-12-12 04:00:00,6.7,0.0
2025-12-12 05:00:00,6.9,0.0
2025-12-12 06:00:00,5.6,0.0
2025-12-12 07:00:00,6.5,8.0
2025-12-12 08:00:00,9.5,96.0
2025-12-12 09:00:00,7.6,230.0
2025-12-12 10:00:00,7.0,339.0
2025-12-12 11:00:00,5.9,392.0
2025-12-12 12:00:00,4.2,391.0
2025-12-12 13:00:00,4.3,343.0
2025-12-12 14:00:00,4.2,247.0
2025-12-12 15:00:00,3.3,120.0
2025-12-12 16:00:00,4.1,13.0
2025-12-12 17:00:00,2.8,0.0
2025-12-12 18:00:00,2.6,0.0
2025-12-12 19:00:00,3.4,0.0
2025-12-12 20:00:00,4.3,0.0
2025-12-12 21:00:00,5.1,0.0
2025-12-12 22:00:00,5.8,0.0
2025-12-12 23:00:00,6.1,0.0
