time,windspeed_10m,shortwave_radiation
2022-12-31 00:00:00,13.2,0.0
2022-12-31 01:00:00,13.6,0.0
2022-12-31 02:00:00,15.2,0.0
2022-12-31 03:00:00,15.5,0.0
2022-12-31 04:00:00,17.7,0.0
2022-12-31 05:00:00,20.8,0.0
2022-12-31 06:00:00,23.9,0.0
2022-12-31 07:00:00,23.1,1.0
2022-12-31 08:00:00,23.3,27.0
2022-12-31 09:00:00,21.9,60.0
2022-12-31 10:00:00,21.4,26.0
2022-12-31 11:00:00,20.4,24.0
2022-12-31 12:00:00,18.7,45.0
2022-12-31 13:00:00,17.4,15.0
2022-12-31 14:00:00,16.1,4.0
2022-12-31 15:00:00,15.3,0.0
2022-12-31 16:00:00,16.9,0.0
2022-12-31 17:00:00,19.4,0.0
2022-12-31 18:00:00,20.3,0.0
2022-12-31 19:00:00,21.4,0.0
2022-12-31 20:00:00,20.2,0.0
2022-12-31 21:00:00,19.6,0.0
2022-12-31 22:00:00,24.2,0.0
2022-12-31 23:00:00,20.0,0.0
2023-01-01 00:00:00,15.1,0.0
2023-01-01 01:00:00,22.7,0.0
2023-01-01 02:00:00,19.7,0.0
2023-01-01 03:00:00,20.4,0.0
2023-01-01 04:00:00,25.6,0.0
2023-01-01 05:00:00,27.5,0.0
2023-01-01 06:00:00,28.5,0.0
2023-01-01 07:00:00,27.0,0.0
2023-01-01 08:00:00,25.3,13.0
2023-01-01 09:00:00,25.9,35.0
2023-01-01 10:00:00,26.4,64.0
2023-01-01 11:00:00,26.9,82.0
2023-01-01 12:00:00,28.1,22.0
2023-01-01 13:00:00,27.0,18.0
2023-01-01 14:00:00,25.2,10.0
2023-01-01 15:00:00,25.2,0.0
2023-01-01 16:00:00,27.4,0.0
2023-01-01 17:00:00,29.8,0.0
2023-01-01 18:00:00,29.9,0.0
2023-01-01 19:00:00,29.2,0.0
2023-01-01 20:00:00,30.0,0.0
2023-01-01 21:00:00,29.0,0.0
2023-01-01 22:00:00,25.3,0.0
2023-01-01 23:00:00,21.5,0.0
2023-01-02 00:00:00,19.5,0.0
2023-01-02 01:00:00,17.3,0.0
2023-01-02 02:00:00,15.5,0.0
2023-01-02 03:00:00,13.7,0.0
2023-01-02 04:00:00,11.6,0.0
2023-01-02 05:00:00,9.2,0.0
2023-01-02 06:00:00,9.4,0.0
2023-01-02 07:00:00,7.7,1.0
2023-01-02 08:00:00,6.5,13.0
2023-01-02 09:00:00,8.6,46.0
2023-01-02 10:00:00,11.3,52.0
2023-01-02 11:00:00,12.4,34.0
2023-01-02 12:00:00,11.4,14.0
2023-01-02 13:00:00,14.5,7.0
2023-01-02 14:00:00,19.5,2.0
2023-01-02 15:00:00,20.1,0.0
2023-01-02 16:00:00,19.5,0.0
2023-01-02 17:00:00,19.7,0.0
2023-01-02 18:00:00,22.0,0.0
2023-01-02 19:00:00,22.1,0.0
2023-01-02 20:00:00,20.4,0.0
2023-01-02 21:00:00,22.4,0.0
2023-01-02 22:00:00,21.3,0.0
2023-01-02 23:00:00,21.0,0.0
2023-01-03 00:00:00,22.6,0.0
2023-01-03 01:00:00,24.8,0.0
2023-01-03 02:00:00,25.5,0.0
2023-01-03 03:00:00,25.3,0.0
2023-01-03 04:00:00,26.6,0.0
2023-01-03 05:00:00,25.6,0.0
2023-01-03 06:00:00,23.9,0.0
2023-01-03 07:00:00,24.9,0.0
2023-01-03 08:00:00,20.7,22.0
2023-01-03 09:00:00,28.3,65.0
2023-01-03 10:00:00,28.8,60.0
2023-01-03 11:00:00,31.7,93.0
2023-01-03 12:00:00,30.2,51.0
2023-01-03 13:00:00,24.1,41.0
2023-01-03 14:00:00,25.6,15.0
2023-01-03 15:00:00,24.5,0.0
2023-01-03 16:00:00,23.1,0.0
2023-01-03 17:00:00,23.1,0.0
2023-01-03 18:00:00,20.9,0.0
2023-01-03 19:00:00,20.3,0.0
2023-01-03 20:00:00,20.5,0.0
2023-01-03 21:00:00,20.6,0.0
2023-01-03 22:00:00,19.6,0.0
2023-01-03 23:00:00,19.0,0.0
2023-01-04 00:00:00,17.1,0.0
2023-01-04 01:00:00,16.5,0.0
2023-01-04 02:00:00,19.2,0.0
2023-01-04 03:00:00,16.7,0.0
2023-01-04 04:00:00,15.9,0.0
2023-01-04 05:00:00,14.8,0.0
2023-01-04 06:00:00,12.9,0.0
2023-01-04 07:00:00,11.7,1.0
2023-01-04 08:00:00,11.4,29.0
2023-01-04 09:00:00,13.4,81.0
2023-01-04 10:00:00,13.8,136.0
2023-01-04 11:00:00,13.0,121.0
2023-01-04 12:00:00,12.2,98.0
2023-01-04 13:00:00,11.4,53.0
2023-01-04 14:00:00,10.5,13.0
2023-01-04 15:00:00,13.0,0.0
2023-01-04 16:00:00,15.6,0.0
2023-01-04 17:00:00,18.1,0.0
2023-01-04 18:00:00,19.0,0.0
2023-01-04 19:00:00,20.5,0.0
2023-01-04 20:00:00,22.0,0.0
2023-01-04 21:00:00,22.3,0.0
2023-01-04 22:00:00,20.4,0.0
2023-01-04 23:00:00,19.2,0.0
2023-01-05 00:00:00,17.0,0.0
2023-01-05 01:00:00,14.1,0.0
2023-01-05 02:00:00,10.6,0.0
2023-01-05 03:00:00,8.1,0.0
2023-01-05 04:00:00,9.3,0.0
2023-01-05 05:00:00,9.4,0.0
2023-01-05 06:00:00,13.1,0.0
2023-01-05 07:00:00,12.4,0.0
2023-01-05 08:00:00,10.3,5.0
2023-01-05 09:00:00,8.1,18.0
2023-01-05 10:00:00,10.0,28.0
2023-01-05 11:00:00,17.3,22.0
2023-01-05 12:00:00,16.4,20.0
2023-01-05 13:00:00,17.1,12.0
2023-01-05 14:00:00,20.8,6.0
2023-01-05 15:00:00,19.2,0.0
2023-01-05 16:00:00,21.4,0.0
2023-01-05 17:00:00,23.2,0.0
2023-01-05 18:00:00,23.0,0.0
2023-01-05 19:00:00,22.5,0.0
2023-01-05 20:00:00,22.9,0.0
2023-01-05 21:00:00,21.9,0.0
2023-01-05 22:00:00,19.2,0.0
2023-01-05 23:00:00,17.4,0.0
2023-01-06 00:00:00,17.5,0.0
2023-01-06 01:00:00,17.6,0.0
2023-01-06 02:00:00,16.0,0.0
2023-01-06 03:00:00,15.0,0.0
2023-01-06 04:00:00,15.6,0.0
2023-01-06 05:00:00,15.3,0.0
2023-01-06 06:00:00,13.9,0.0
2023-01-06 07:00:00,12.6,1.0
2023-01-06 08:00:00,13.6,28.0
2023-01-06 09:00:00,13.2,86.0
2023-01-06 10:00:00,13.4,133.0
2023-01-06 11:00:00,10.8,189.0
2023-01-06 12:00:00,10.5,178.0
2023-01-06 13:00:00,11.0,89.0
2023-01-06 14:00:00,11.6,32.0
2023-01-06 15:00:00,12.8,0.0
2023-01-06 16:00:00,13.3,0.0
2023-01-06 17:00:00,12.4,0.0
2023-01-06 18:00:00,13.8,0.0
2023-01-06 19:00:00,14.7,0.0
2023-01-06 20:00:00,13.4,0.0
2023-01-06 21:00:00,14.2,0.0
2023-01-06 22:00:00,12.4,0.0
2023-01-06 23:00:00,13.8,0.0
2023-01-07 00:00:00,13.2,0.0
2023-01-07 01:00:00,14.4,0.0
2023-01-07 02:00:00,14.0,0.0
2023-01-07 03:00:00,14.7,0.0
2023-01-07 04:00:00,14.3,0.0
2023-01-07 05:00:00,14.7,0.0
2023-01-07 06:00:00,14.8,0.0
2023-01-07 07:00:00,14.5,1.0
2023-01-07 08:00:00,16.5,25.0
2023-01-07 09:00:00,16.8,44.0
2023-01-07 10:00:00,15.8,47.0
2023-01-07 11:00:00,16.1,40.0
2023-01-07 12:00:00,16.3,35.0
2023-01-07 13:00:00,15.0,24.0
2023-01-07 14:00:00,21.0,6.0
2023-01-07 15:00:00,19.5,0.0
2023-01-07 16:00:00,18.5,0.0
2023-01-07 17:00:00,17.9,0.0
2023-01-07 18:00:00,18.4,0.0
2023-01-07 19:00:00,19.7,0.0
2023-01-07 20:00:00,18.0,0.0
2023-01-07 21:00:00,15.3,0.0
2023-01-07 22:00:00,17.8,0.0
2023-01-07 23:00:00,16.3,0.0
2023-01-08 00:00:00,16.4,0.0
2023-01-08 01:00:00,16.5,0.0
2023-01-08 02:00:00,16.2,0.0
2023-01-08 03:00:00,18.0,0.0
2023-01-08 04:00:00,17.2,0.0
2023-01-08 05:00:00,17.0,0.0
2023-01-08 06:00:00,18.0,0.0
2023-01-08 07:00:00,19.6,1.0
2023-01-08 08:00:00,20.5,18.0
2023-01-08 09:00:00,20.4,27.0
2023-01-08 10:00:00,21.6,47.0
2023-01-08 11:00:00,18.1,65.0
2023-01-08 12:00:00,17.8,68.0
2023-01-08 13:00:00,19.6,61.0
2023-01-08 14:00:00,20.3,28.0
2023-01-08 15:00:00,20.9,0.0
2023-01-08 16:00:00,22.9,0.0
2023-01-08 17:00:00,25.0,0.0
2023-01-08 18:00:00,24.5,0.0
2023-01-08 19:00:00,24.5,0.0
2023-01-08 20:00:00,23.5,0.0
2023-01-08 21:00:00,23.5,0.0
2023-01-08 22:00:00,24.2,0.0
2023-01-08 23:00:00,24.4,0.0
2023-01-09 00:00:00,21.9,0.0
2023-01-09 01:00:00,20.8,0.0
2023-01-09 02:00:00,21.2,0.0
2023-01-09 03:00:00,23.0,0.0
2023-01-09 04:00:00,23.7,0.0
2023-01-09 05:00:00,22.7,0.0
2023-01-09 06:00:00,21.5,0.0
2023-01-09 07:00:00,21.0,0.0
2023-01-09 08:00:00,21.7,6.0
2023-01-09 09:00:00,23.3,19.0
2023-01-09 10:00:00,21.4,48.0
2023-01-09 11:00:00,21.2,32.0
2023-01-09 12:00:00,18.0,31.0
2023-01-09 13:00:00,21.9,20.0
2023-01-09 14:00:00,21.5,6.0
2023-01-09 15:00:00,21.5,0.0
2023-01-09 16:00:00,22.3,0.0
2023-01-09 17:00:00,23.0,0.0
2023-01-09 18:00:00,22.4,0.0
2023-01-09 19:00:00,21.0,0.0
2023-01-09 20:00:00,21.4,0.0
2023-01-09 21:00:00,21.5,0.0
2023-01-09 22:00:00,20.9,0.0
2023-01-09 23:00:00,21.3,0.0
2023-01-10 00:00:00,18.7,0.0
2023-01-10 01:00:00,19.9,0.0
2023-01-10 02:00:00,21.1,0.0
2023-01-10 03:00:00,21.2,0.0
2023-01-10 04:00:00,20.4,0.0
2023-01-10 05:00:00,19.3,0.0
2023-01-10 06:00:00,19.0,0.0
2023-01-10 07:00:00,18.6,0.0
2023-01-10 08:00:00,18.0,5.0
2023-01-10 09:00:00,16.5,12.0
2023-01-10 10:00:00,15.8,16.0
2023-01-10 11:00:00,17.3,22.0
2023-01-10 12:00:00,17.1,17.0
2023-01-10 13:00:00,16.6,16.0
2023-01-10 14:00:00,16.7,6.0
2023-01-10 15:00:00,17.7,0.0
2023-01-10 16:00:00,17.2,0.0
2023-01-10 17:00:00,16.2,0.0
2023-01-10 18:00:00,15.6,0.0
2023-01-10 19:00:00,17.9,0.0
2023-01-10 20:00:00,17.4,0.0
2023-01-10 21:00:00,20.3,0.0
2023-01-10 22:00:00,16.5,0.0
2023-01-10 23:00:00,15.0,0.0
2023-01-11 00:00:00,16.0,0.0
2023-01-11 01:00:00,14.8,0.0
2023-01-11 02:00:00,15.1,0.0
2023-01-11 03:00:00,14.3,0.0
2023-01-11 04:00:00,13.1,0.0
2023-01-11 05:00:00,14.6,0.0
2023-01-11 06:00:00,16.8,0.0
2023-01-11 07:00:00,15.9,1.0
2023-01-11 08:00:00,16.0,22.0
2023-01-11 09:00:00,17.4,49.0
2023-01-11 10:00:00,16.7,73.0
2023-01-11 11:00:00,16.2,72.0
2023-01-11 12:00:00,15.1,76.0
2023-01-11 13:00:00,14.3,45.0
2023-01-11 14:00:00,16.4,13.0
2023-01-11 15:00:00,18.3,0.0
2023-01-11 16:00:00,20.9,0.0
2023-01-11 17:00:00,21.3,0.0
2023-01-11 18:00:00,21.1,0.0
2023-01-11 19:00:00,22.3,0.0
2023-01-11 20:00:00,22.4,0.0
2023-01-11 21:00:00,22.0,0.0
2023-01-11 22:00:00,21.6,0.0
2023-01-11 23:00:00,21.7,0.0
2023-01-12 00:00:00,23.0,0.0
2023-01-12 01:00:00,22.0,0.0
2023-01-12 02:00:00,21.6,0.0
2023-01-12 03:00:00,22.4,0.0
2023-01-12 04:00:00,22.4,0.0
2023-01-12 05:00:00,23.1,0.0
2023-01-12 06:00:00,22.7,0.0
2023-01-12 07:00:00,21.7,0.0
2023-01-12 08:00:00,21.0,15.0
2023-01-12 09:00:00,19.7,29.0
2023-01-12 10:00:00,19.7,75.0
2023-01-12 11:00:00,17.9,67.0
2023-01-12 12:00:00,18.4,82.0
2023-01-12 13:00:00,19.4,51.0
2023-01-12 14:00:00,20.9,17.0
2023-01-12 15:00:00,21.6,0.0
2023-01-12 16:00:00,22.3,0.0
2023-01-12 17:00:00,23.1,0.0
2023-01-12 18:00:00,23.8,0.0
2023-01-12 19:00:00,25.3,0.0
2023-01-12 20:00:00,25.1,0.0
2023-01-12 21:00:00,25.8,0.0
2023-01-12 22:00:00,25.2,0.0
2023-01-12 23:00:00,24.3,0.0
2023-01-13 00:00:00,23.9,0.0
2023-01-13 01:00:00,23.9,0.0
2023-01-13 02:00:00,24.0,0.0
2023-01-13 03:00:00,23.9,0.0
2023-01-13 04:00:00,23.5,0.0
2023-01-13 05:00:00,23.2,0.0
2023-01-13 06:00:00,23.1,0.0
2023-01-13 07:00:00,23.1,2.0
2023-01-13 08:00:00,24.5,39.0
2023-01-13 09:00:00,24.5,57.0
2023-01-13 10:00:00,23.5,45.0
2023-01-13 11:00:00,22.4,46.0
2023-01-13 12:00:00,22.0,36.0
2023-01-13 13:00:00,21.7,19.0
2023-01-13 14:00:00,21.3,7.0
2023-01-13 15:00:00,21.3,0.0
2023-01-13 16:00:00,21.3,0.0
2023-01-13 17:00:00,20.5,0.0
2023-01-13 18:00:00,20.2,0.0
2023-01-13 19:00:00,19.9,0.0
2023-01-13 20:00:00,19.5,0.0
2023-01-13 21:00:00,18.4,0.0
2023-01-13 22:00:00,18.4,0.0
2023-01-13 23:00:00,18.4,0.0
2023-01-14 00:00:00,18.0,0.0
2023-01-14 01:00:00,16.9,0.0
2023-01-14 02:00:00,17.0,0.0
2023-01-14 03:00:00,16.4,0.0
2023-01-14 04:00:00,15.9,0.0
2023-01-14 05:00:00,16.0,0.0
2023-01-14 06:00:00,16.7,0.0
2023-01-14 07:00:00,16.9,1.0
2023-01-14 08:00:00,18.5,22.0
2023-01-14 09:00:00,18.8,64.0
2023-01-14 10:00:00,18.7,119.0
2023-01-14 11:00:00,18.7,166.0
2023-01-14 12:00:00,18.9,136.0
2023-01-14 13:00:00,18.3,44.0
2023-01-14 14:00:00,16.8,42.0
2023-01-14 15:00:00,16.2,1.0
2023-01-14 16:00:00,15.3,0.0
2023-01-14 17:00:00,14.6,0.0
2023-01-14 18:00:00,16.1,0.0
2023-01-14 19:00:00,16.9,0.0
2023-01-14 20:00:00,16.8,0.0
2023-01-14 21:00:00,16.9,0.0
2023-01-14 22:00:00,17.5,0.0
2023-01-14 23:00:00,19.1,0.0
2023-01-15 00:00:00,20.6,0.0
2023-01-15 01:00:00,22.6,0.0
2023-01-15 02:00:00,25.1,0.0
2023-01-15 03:00:00,26.8,0.0
2023-01-15 04:00:00,28.4,0.0
2023-01-15 05:00:00,31.5,0.0
2023-01-15 06:00:00,32.5,0.0
2023-01-15 07:00:00,31.0,2.0
2023-01-15 08:00:00,32.0,18.0
2023-01-15 09:00:00,33.1,26.0
2023-01-15 10:00:00,33.9,53.0
2023-01-15 11:00:00,31.1,43.0
2023-01-15 12:00:00,28.9,37.0
2023-01-15 13:00:00,28.6,14.0
2023-01-15 14:00:00,28.7,6.0
2023-01-15 15:00:00,28.1,0.0
2023-01-15 16:00:00,26.9,0.0
2023-01-15 17:00:00,26.1,0.0
2023-01-15 18:00:00,24.8,0.0
2023-01-15 19:00:00,24.1,0.0
2023-01-15 20:00:00,23.3,0.0
2023-01-15 21:00:00,21.2,0.0
2023-01-15 22:00:00,18.9,0.0
2023-01-15 23:00:00,17.7,0.0
2023-01-16 00:00:00,16.7,0.0
2023-01-16 01:00:00,17.0,0.0
2023-01-16 02:00:00,18.9,0.0
2023-01-16 03:00:00,17.7,0.0
2023-01-16 04:00:00,18.0,0.0
2023-01-16 05:00:00,17.1,0.0
2023-01-16 06:00:00,16.4,0.0
2023-01-16 07:00:00,17.9,3.0
2023-01-16 08:00:00,17.9,55.0
2023-01-16 09:00:00,17.9,113.0
2023-01-16 10:00:00,17.9,151.0
2023-01-16 11:00:00,15.1,195.0
2023-01-16 12:00:00,16.0,192.0
2023-01-16 13:00:00,14.2,129.0
2023-01-16 14:00:00,14.1,49.0
2023-01-16 15:00:00,16.9,2.0
2023-01-16 16:00:00,15.9,0.0
2023-01-16 17:00:00,16.2,0.0
2023-01-16 18:00:00,15.9,0.0
2023-01-16 19:00:00,16.6,0.0
2023-01-16 20:00:00,13.9,0.0
2023-01-16 21:00:00,12.7,0.0
2023-01-16 22:00:00,14.0,0.0
2023-01-16 23:00:00,16.6,0.0
2023-01-17 00:00:00,18.4,0.0
2023-01-17 01:00:00,19.5,0.0
2023-01-17 02:00:00,20.3,0.0
2023-01-17 03:00:00,21.1,0.0
2023-01-17 04:00:00,20.2,0.0
2023-01-17 05:00:00,19.9,0.0
2023-01-17 06:00:00,21.7,0.0
2023-01-17 07:00:00,22.3,0.0
2023-01-17 08:00:00,22.1,6.0
2023-01-17 09:00:00,21.1,18.0
2023-01-17 10:00:00,19.3,26.0
2023-01-17 11:00:00,18.4,38.0
2023-01-17 12:00:00,18.0,40.0
2023-01-17 13:00:00,18.4,22.0
2023-01-17 14:00:00,19.5,11.0
2023-01-17 15:00:00,19.6,1.0
2023-01-17 16:00:00,17.3,0.0
2023-01-17 17:00:00,16.5,0.0
2023-01-17 18:00:00,16.2,0.0
2023-01-17 19:00:00,14.8,0.0
2023-01-17 20:00:00,13.0,0.0
2023-01-17 21:00:00,13.0,0.0
2023-01-17 22:00:00,14.4,0.0
2023-01-17 23:00:00,13.7,0.0
2023-01-18 00:00:00,10.3,0.0
2023-01-18 01:00:00,12.1,0.0
2023-01-18 02:00:00,11.4,0.0
2023-01-18 03:00:00,8.3,0.0
2023-01-18 04:00:00,10.6,0.0
2023-01-18 05:00:00,9.7,0.0
2023-01-18 06:00:00,11.7,0.0
2023-01-18 07:00:00,11.9,1.0
2023-01-18 08:00:00,14.4,11.0
2023-01-18 09:00:00,15.7,18.0
2023-01-18 10:00:00,18.6,28.0
2023-01-18 11:00:00,17.4,26.0
2023-01-18 12:00:00,16.1,34.0
2023-01-18 13:00:00,12.4,21.0
2023-01-18 14:00:00,9.5,7.0
2023-01-18 15:00:00,9.7,0.0
2023-01-18 16:00:00,11.3,0.0
2023-01-18 17:00:00,16.0,0.0
2023-01-18 18:00:00,15.6,0.0
2023-01-18 19:00:00,20.4,0.0
2023-01-18 20:00:00,25.9,0.0
2023-01-18 21:00:00,26.6,0.0
2023-01-18 22:00:00,25.9,0.0
2023-01-18 23:00:00,27.5,0.0
2023-01-19 00:00:00,26.1,0.0
2023-01-19 01:00:00,28.0,0.0
2023-01-19 02:00:00,25.3,0.0
2023-01-19 03:00:00,21.0,0.0
2023-01-19 04:00:00,18.4,0.0
2023-01-19 05:00:00,14.4,0.0
2023-01-19 06:00:00,12.7,0.0
2023-01-19 07:00:00,11.0,4.0
2023-01-19 08:00:00,12.4,37.0
2023-01-19 09:00:00,9.2,46.0
2023-01-19 10:00:00,5.1,49.0
2023-01-19 11:00:00,1.1,72.0
2023-01-19 12:00:00,4.5,68.0
2023-01-19 13:00:00,7.7,46.0
2023-01-19 14:00:00,8.7,20.0
2023-01-19 15:00:00,9.3,2.0
2023-01-19 16:00:00,10.2,0.0
2023-01-19 17:00:00,12.0,0.0
2023-01-19 18:00:00,11.5,0.0
2023-01-19 19:00:00,11.4,0.0
2023-01-19 20:00:00,13.9,0.0
2023-01-19 21:00:00,14.2,0.0
2023-01-19 22:00:00,15.5,0.0
2023-01-19 23:00:00,14.8,0.0
2023-01-20 00:00:00,16.8,0.0
2023-01-20 01:00:00,15.5,0.0
2023-01-20 02:00:00,13.9,0.0
2023-01-20 03:00:00,14.8,0.0
2023-01-20 04:00:00,15.5,0.0
2023-01-20 05:00:00,9.5,0.0
2023-01-20 06:00:00,11.5,0.0
2023-01-20 07:00:00,14.9,2.0
2023-01-20 08:00:00,16.1,51.0
2023-01-20 09:00:00,13.1,133.0
2023-01-20 10:00:00,14.0,140.0
2023-01-20 11:00:00,13.8,122.0
2023-01-20 12:00:00,12.8,106.0
2023-01-20 13:00:00,10.9,62.0
2023-01-20 14:00:00,7.9,27.0
2023-01-20 15:00:00,11.1,3.0
2023-01-20 16:00:00,12.3,0.0
2023-01-20 17:00:00,13.1,0.0
2023-01-20 18:00:00,13.7,0.0
2023-01-20 19:00:00,14.3,0.0
2023-01-20 20:00:00,16.0,0.0
2023-01-20 21:00:00,17.5,0.0
2023-01-20 22:00:00,19.1,0.0
2023-01-20 23:00:00,20.6,0.0
2023-01-21 00:00:00,20.6,0.0
2023-01-21 01:00:00,22.5,0.0
2023-01-21 02:00:00,25.8,0.0
2023-01-21 03:00:00,25.3,0.0
2023-01-21 04:00:00,26.0,0.0
2023-01-21 05:00:00,27.5,0.0
2023-01-21 06:00:00,28.1,0.0
2023-01-21 07:00:00,27.4,1.0
2023-01-21 08:00:00,26.6,9.0
2023-01-21 09:00:00,24.2,28.0
2023-01-21 10:00:00,23.7,49.0
2023-01-21 11:00:00,24.0,68.0
2023-01-21 12:00:00,22.5,55.0
2023-01-21 13:00:00,22.4,36.0
2023-01-21 14:00:00,25.5,16.0
2023-01-21 15:00:00,23.7,2.0
2023-01-21 16:00:00,21.2,0.0
2023-01-21 17:00:00,20.1,0.0
2023-01-21 18:00:00,17.8,0.0
2023-01-21 19:00:00,16.8,0.0
2023-01-21 20:00:00,17.2,0.0
2023-01-21 21:00:00,16.5,0.0
2023-01-21 22:00:00,15.2,0.0
2023-01-21 23:00:00,14.2,0.0
2023-01-22 00:00:00,14.0,0.0
2023-01-22 01:00:00,15.6,0.0
2023-01-22 02:00:00,15.6,0.0
2023-01-22 03:00:00,13.9,0.0
2023-01-22 04:00:00,13.6,0.0
2023-01-22 05:00:00,12.5,0.0
2023-01-22 06:00:00,11.2,0.0
2023-01-22 07:00:00,10.9,2.0
2023-01-22 08:00:00,15.0,41.0
2023-01-22 09:00:00,14.8,86.0
2023-01-22 10:00:00,15.9,137.0
2023-01-22 11:00:00,16.8,116.0
2023-01-22 12:00:00,15.1,114.0
2023-01-22 13:00:00,13.8,84.0
2023-01-22 14:00:00,11.3,43.0
2023-01-22 15:00:00,10.3,4.0
2023-01-22 16:00:00,10.2,0.0
2023-01-22 17:00:00,11.0,0.0
2023-01-22 18:00:00,11.5,0.0
2023-01-22 19:00:00,10.9,0.0
2023-01-22 20:00:00,10.6,0.0
2023-01-22 21:00:00,10.3,0.0
2023-01-22 22:00:00,10.3,0.0
2023-01-22 23:00:00,10.3,0.0
2023-01-23 00:00:00,11.0,0.0
2023-01-23 01:00:00,11.4,0.0
2023-01-23 02:00:00,10.4,0.0
2023-01-23 03:00:00,9.9,0.0
2023-01-23 04:00:00,9.7,0.0
2023-01-23 05:00:00,9.9,0.0
2023-01-23 06:00:00,10.2,0.0
2023-01-23 07:00:00,10.2,4.0
2023-01-23 08:00:00,10.5,30.0
2023-01-23 09:00:00,9.2,60.0
2023-01-23 10:00:00,8.1,79.0
2023-01-23 11:00:00,8.2,96.0
2023-01-23 12:00:00,8.9,88.0
2023-01-23 13:00:00,9.9,84.0
2023-01-23 14:00:00,8.4,36.0
2023-01-23 15:00:00,6.9,4.0
2023-01-23 16:00:00,6.6,0.0
2023-01-23 17:00:00,6.2,0.0
2023-01-23 18:00:00,7.3,0.0
2023-01-23 19:00:00,8.4,0.0
2023-01-23 20:00:00,8.1,0.0
2023-01-23 21:00:00,7.1,0.0
2023-01-23 22:00:00,5.7,0.0
2023-01-23 23:00:00,5.8,0.0
2023-01-24 00:00:00,6.4,0.0
2023-01-24 01:00:00,7.2,0.0
2023-01-24 02:00:00,5.6,0.0
2023-01-24 03:00:00,1.8,0.0
2023-01-24 04:00:00,2.3,0.0
2023-01-24 05:00:00,3.3,0.0
2023-01-24 06:00:00,8.0,0.0
2023-01-24 07:00:00,11.5,3.0
2023-01-24 08:00:00,12.9,31.0
2023-01-24 09:00:00,12.7,97.0
2023-01-24 10:00:00,12.9,148.0
2023-01-24 11:00:00,14.5,178.0
2023-01-24 12:00:00,11.1,159.0
2023-01-24 13:00:00,11.8,83.0
2023-01-24 14:00:00,10.6,41.0
2023-01-24 15:00:00,9.4,7.0
2023-01-24 16:00:00,6.8,0.0
2023-01-24 17:00:00,5.2,0.0
2023-01-24 18:00:00,4.3,0.0
2023-01-24 19:00:00,6.6,0.0
2023-01-24 20:00:00,7.1,0.0
2023-01-24 21:00:00,7.4,0.0
2023-01-24 22:00:00,8.5,0.0
2023-01-24 23:00:00,10.2,0.0
2023-01-25 00:00:00,8.9,0.0
2023-01-25 01:00:00,9.9,0.0
2023-01-25 02:00:00,9.7,0.0
2023-01-25 03:00:00,11.0,0.0
2023-01-25 04:00:00,12.5,0.0
2023-01-25 05:00:00,12.3,0.0
2023-01-25 06:00:00,11.8,0.0
2023-01-25 07:00:00,12.3,1.0
2023-01-25 08:00:00,11.5,13.0
2023-01-25 09:00:00,12.0,32.0
2023-01-25 10:00:00,12.5,51.0
2023-01-25 11:00:00,13.2,58.0
2023-01-25 12:00:00,15.0,48.0
2023-01-25 13:00:00,15.5,28.0
2023-01-25 14:00:00,14.1,16.0
2023-01-25 15:00:00,13.1,3.0
2023-01-25 16:00:00,14.0,0.0
2023-01-25 17:00:00,14.3,0.0
2023-01-25 18:00:00,13.0,0.0
2023-01-25 19:00:00,12.6,0.0
2023-01-25 20:00:00,13.0,0.0
2023-01-25 21:00:00,12.5,0.0
2023-01-25 22:00:00,12.3,0.0
2023-01-25 23:00:00,11.8,0.0
2023-01-26 00:00:00,11.2,0.0
2023-01-26 01:00:00,11.5,0.0
2023-01-26 02:00:00,12.0,0.0
2023-01-26 03:00:00,11.5,0.0
2023-01-26 04:00:00,11.3,0.0
2023-01-26 05:00:00,11.9,0.0
2023-01-26 06:00:00,12.0,0.0
2023-01-26 07:00:00,12.5,5.0
2023-01-26 08:00:00,12.7,25.0
2023-01-26 09:00:00,12.3,48.0
2023-01-26 10:00:00,11.2,50.0
2023-01-26 11:00:00,11.2,49.0
2023-01-26 12:00:00,11.5,43.0
2023-01-26 13:00:00,10.9,17.0
2023-01-26 14:00:00,10.1,11.0
2023-01-26 15:00:00,9.7,2.0
2023-01-26 16:00:00,10.0,0.0
2023-01-26 17:00:00,9.7,0.0
2023-01-26 18:00:00,8.7,0.0
2023-01-26 19:00:00,7.9,0.0
2023-01-26 20:00:00,8.1,0.0
2023-01-26 21:00:00,6.8,0.0
2023-01-26 22:00:00,5.7,0.0
2023-01-26 23:00:00,4.3,0.0
2023-01-27 00:00:00,4.9,0.0
2023-01-27 01:00:00,3.6,0.0
2023-01-27 02:00:00,4.0,0.0
2023-01-27 03:00:00,4.7,0.0
2023-01-27 04:00:00,4.5,0.0
2023-01-27 05:00:00,4.8,0.0
2023-01-27 06:00:00,3.8,0.0
2023-01-27 07:00:00,5.2,5.0
2023-01-27 08:00:00,6.9,28.0
2023-01-27 09:00:00,7.9,50.0
2023-01-27 10:00:00,9.1,68.0
2023-01-27 11:00:00,11.0,106.0
2023-01-27 12:00:00,11.8,91.0
2023-01-27 13:00:00,12.0,69.0
2023-01-27 14:00:00,10.6,26.0
2023-01-27 15:00:00,12.0,4.0
2023-01-27 16:00:00,12.4,0.0
2023-01-27 17:00:00,13.4,0.0
2023-01-27 18:00:00,13.2,0.0
2023-01-27 19:00:00,13.1,0.0
2023-01-27 20:00:00,13.5,0.0
2023-01-27 21:00:00,13.1,0.0
2023-01-27 22:00:00,13.0,0.0
2023-01-27 23:00:00,11.5,0.0
2023-01-28 00:00:00,10.2,0.0
2023-01-28 01:00:00,8.1,0.0
2023-01-28 02:00:00,8.7,0.0
2023-01-28 03:00:00,8.4,0.0
2023-01-28 04:00:00,8.5,0.0
2023-01-28 05:00:00,8.0,0.0
2023-01-28 06:00:00,7.1,0.0
2023-01-28 07:00:00,7.2,6.0
2023-01-28 08:00:00,6.8,36.0
2023-01-28 09:00:00,6.0,62.0
2023-01-28 10:00:00,4.8,95.0
2023-01-28 11:00:00,4.8,104.0
2023-01-28 12:00:00,4.2,76.0
2023-01-28 13:00:00,2.6,77.0
2023-01-28 14:00:00,1.0,42.0
2023-01-28 15:00:00,1.8,6.0
2023-01-28 16:00:00,3.3,0.0
2023-01-28 17:00:00,3.3,0.0
2023-01-28 18:00:00,4.6,0.0
2023-01-28 19:00:00,6.5,0.0
2023-01-28 20:00:00,8.0,0.0
2023-01-28 21:00:00,7.2,0.0
2023-01-28 22:00:00,7.9,0.0
2023-01-28 23:00:00,9.0,0.0
2023-01-29 00:00:00,12.0,0.0
2023-01-29 01:00:00,11.8,0.0
2023-01-29 02:00:00,13.0,0.0
2023-01-29 03:00:00,14.1,0.0
2023-01-29 04:00:00,15.3,0.0
2023-01-29 05:00:00,15.0,0.0
2023-01-29 06:00:00,15.3,0.0
2023-01-29 07:00:00,15.5,2.0
2023-01-29 08:00:00,15.8,17.0
2023-01-29 09:00:00,17.5,40.0
2023-01-29 10:00:00,18.0,83.0
2023-01-29 11:00:00,18.6,93.0
2023-01-29 12:00:00,15.9,47.0
2023-01-29 13:00:00,16.8,38.0
2023-01-29 14:00:00,17.8,19.0
2023-01-29 15:00:00,17.2,5.0
2023-01-29 16:00:00,17.9,0.0
2023-01-29 17:00:00,17.8,0.0
2023-01-29 18:00:00,19.7,0.0
2023-01-29 19:00:00,19.8,0.0
2023-01-29 20:00:00,20.0,0.0
2023-01-29 21:00:00,21.5,0.0
2023-01-29 22:00:00,22.5,0.0
2023-01-29 23:00:00,23.2,0.0
2023-01-30 00:00:00,24.2,0.0
2023-01-30 01:00:00,25.2,0.0
2023-01-30 02:00:00,24.2,0.0
2023-01-30 03:00:00,24.0,0.0
2023-01-30 04:00:00,24.8,0.0
2023-01-30 05:00:00,26.0,0.0
2023-01-30 06:00:00,26.6,0.0
2023-01-30 07:00:00,27.7,4.0
2023-01-30 08:00:00,29.3,22.0
2023-01-30 09:00:00,28.6,20.0
2023-01-30 10:00:00,28.3,48.0
2023-01-30 11:00:00,27.5,38.0
2023-01-30 12:00:00,28.6,74.0
2023-01-30 13:00:00,24.6,37.0
2023-01-30 14:00:00,22.2,33.0
2023-01-30 15:00:00,21.0,5.0
2023-01-30 16:00:00,20.1,0.0
2023-01-30 17:00:00,21.0,0.0
2023-01-30 18:00:00,22.0,0.0
2023-01-30 19:00:00,23.1,0.0
2023-01-30 20:00:00,22.7,0.0
2023-01-30 21:00:00,22.2,0.0
2023-01-30 22:00:00,22.1,0.0
2023-01-30 23:00:00,22.6,0.0
2023-01-31 00:00:00,22.5,0.0
2023-01-31 01:00:00,24.3,0.0
2023-01-31 02:00:00,22.9,0.0
2023-01-31 03:00:00,21.7,0.0
2023-01-31 04:00:00,20.2,0.0
2023-01-31 05:00:00,18.5,0.0
2023-01-31 06:00:00,17.0,0.0
2023-01-31 07:00:00,17.3,11.0
2023-01-31 08:00:00,17.7,42.0
2023-01-31 09:00:00,17.0,113.0
2023-01-31 10:00:00,17.4,226.0
2023-01-31 11:00:00,18.8,279.0
2023-01-31 12:00:00,18.5,247.0
2023-01-31 13:00:00,16.2,184.0
2023-01-31 14:00:00,15.9,84.0
2023-01-31 15:00:00,16.0,18.0
2023-01-31 16:00:00,15.1,0.0
2023-01-31 17:00:00,15.4,0.0
2023-01-31 18:00:00,14.2,0.0
2023-01-31 19:00:00,13.9,0.0
2023-01-31 20:00:00,14.6,0.0
2023-01-31 21:00:00,14.4,0.0
2023-01-31 22:00:00,15.3,0.0
2023-01-31 23:00:00,15.5,0.0
2023-02-01 00:00:00,17.0,0.0
2023-02-01 01:00:00,18.7,0.0
2023-02-01 02:00:00,20.9,0.0
2023-02-01 03:00:00,20.7,0.0
2023-02-01 04:00:00,20.3,0.0
2023-02-01 05:00:00,18.9,0.0
2023-02-01 06:00:00,17.6,0.0
2023-02-01 07:00:00,17.1,7.0
2023-02-01 08:00:00,17.3,36.0
2023-02-01 09:00:00,18.1,93.0
2023-02-01 10:00:00,17.6,94.0
2023-02-01 11:00:00,20.1,114.0
2023-02-01 12:00:00,18.1,71.0
2023-02-01 13:00:00,19.5,117.0
2023-02-01 14:00:00,22.7,32.0
2023-02-01 15:00:00,22.5,7.0
2023-02-01 16:00:00,22.4,0.0
2023-02-01 17:00:00,22.1,0.0
2023-02-01 18:00:00,19.5,0.0
2023-02-01 19:00:00,18.7,0.0
2023-02-01 20:00:00,16.9,0.0
2023-02-01 21:00:00,15.2,0.0
2023-02-01 22:00:00,14.9,0.0
2023-02-01 23:00:00,14.9,0.0
2023-02-02 00:00:00,12.8,0.0
2023-02-02 01:00:00,11.7,0.0
2023-02-02 02:00:00,11.2,0.0
2023-02-02 03:00:00,13.1,0.0
2023-02-02 04:00:00,12.1,0.0
2023-02-02 05:00:00,11.0,0.0
2023-02-02 06:00:00,9.7,0.0
2023-02-02 07:00:00,10.1,6.0
2023-02-02 08:00:00,8.7,21.0
2023-02-02 09:00:00,9.0,46.0
2023-02-02 10:00:00,11.1,61.0
2023-02-02 11:00:00,11.8,77.0
2023-02-02 12:00:00,14.6,98.0
2023-02-02 13:00:00,12.8,78.0
2023-02-02 14:00:00,10.5,53.0
2023-02-02 15:00:00,10.9,12.0
2023-02-02 16:00:00,13.0,0.0
2023-02-02 17:00:00,14.5,0.0
2023-02-02 18:00:00,17.8,0.0
2023-02-02 19:00:00,20.1,0.0
2023-02-02 20:00:00,20.5,0.0
2023-02-02 21:00:00,19.7,0.0
2023-02-02 22:00:00,19.6,0.0
2023-02-02 23:00:00,20.4,0.0
2023-02-03 00:00:00,20.7,0.0
2023-02-03 01:00:00,20.2,0.0
2023-02-03 02:00:00,18.4,0.0
2023-02-03 03:00:00,16.0,0.0
2023-02-03 04:00:00,14.3,0.0
2023-02-03 05:00:00,12.8,0.0
2023-02-03 06:00:00,11.8,0.0
2023-02-03 07:00:00,10.0,26.0
2023-02-03 08:00:00,9.4,126.0
2023-02-03 09:00:00,9.2,215.0
2023-02-03 10:00:00,6.9,246.0
2023-02-03 11:00:00,5.2,244.0
2023-02-03 12:00:00,8.4,213.0
2023-02-03 13:00:00,7.2,100.0
2023-02-03 14:00:00,5.2,50.0
2023-02-03 15:00:00,3.9,10.0
2023-02-03 16:00:00,3.5,0.0
2023-02-03 17:00:00,4.5,0.0
2023-02-03 18:00:00,3.6,0.0
2023-02-03 19:00:00,6.1,0.0
2023-02-03 20:00:00,12.1,0.0
2023-02-03 21:00:00,11.8,0.0
2023-02-03 22:00:00,6.1,0.0
2023-02-03 23:00:00,6.7,0.0
2023-02-04 00:00:00,11.4,0.0
2023-02-04 01:00:00,7.6,0.0
2023-02-04 02:00:00,6.5,0.0
2023-02-04 03:00:00,10.2,0.0
2023-02-04 04:00:00,12.6,0.0
2023-02-04 05:00:00,12.6,0.0
2023-02-04 06:00:00,10.7,0.0
2023-02-04 07:00:00,12.3,21.0
2023-02-04 08:00:00,16.4,88.0
2023-02-04 09:00:00,15.8,149.0
2023-02-04 10:00:00,16.4,252.0
2023-02-04 11:00:00,17.3,191.0
2023-02-04 12:00:00,18.4,148.0
2023-02-04 13:00:00,17.0,119.0
2023-02-04 14:00:00,18.2,73.0
2023-02-04 15:00:00,15.2,10.0
2023-02-04 16:00:00,21.0,0.0
2023-02-04 17:00:00,21.4,0.0
2023-02-04 18:00:00,19.5,0.0
2023-02-04 19:00:00,19.4,0.0
2023-02-04 20:00:00,19.1,0.0
2023-02-04 21:00:00,17.7,0.0
2023-02-04 22:00:00,18.2,0.0
2023-02-04 23:00:00,17.9,0.0
2023-02-05 00:00:00,17.4,0.0
2023-02-05 01:00:00,16.5,0.0
2023-02-05 02:00:00,16.7,0.0
2023-02-05 03:00:00,15.5,0.0
2023-02-05 04:00:00,16.6,0.0
2023-02-05 05:00:00,16.7,0.0
2023-02-05 06:00:00,15.9,0.0
2023-02-05 07:00:00,15.5,13.0
2023-02-05 08:00:00,14.4,65.0
2023-02-05 09:00:00,14.1,122.0
2023-02-05 10:00:00,13.1,158.0
2023-02-05 11:00:00,11.7,175.0
2023-02-05 12:00:00,11.6,179.0
2023-02-05 13:00:00,10.0,114.0
2023-02-05 14:00:00,8.7,65.0
2023-02-05 15:00:00,5.8,20.0
2023-02-05 16:00:00,7.9,0.0
2023-02-05 17:00:00,8.1,0.0
2023-02-05 18:00:00,6.2,0.0
2023-02-05 19:00:00,4.7,0.0
2023-02-05 20:00:00,4.9,0.0
2023-02-05 21:00:00,6.3,0.0
2023-02-05 22:00:00,8.7,0.0
2023-02-05 23:00:00,10.3,0.0
2023-02-06 00:00:00,6.4,0.0
2023-02-06 01:00:00,7.4,0.0
2023-02-06 02:00:00,8.4,0.0
2023-02-06 03:00:00,9.8,0.0
2023-02-06 04:00:00,10.4,0.0
2023-02-06 05:00:00,10.8,0.0
2023-02-06 06:00:00,11.7,0.0
2023-02-06 07:00:00,13.0,27.0
2023-02-06 08:00:00,15.1,127.0
2023-02-06 09:00:00,16.2,168.0
2023-02-06 10:00:00,16.2,117.0
2023-02-06 11:00:00,15.0,102.0
2023-02-06 12:00:00,15.7,114.0
2023-02-06 13:00:00,15.8,92.0
2023-02-06 14:00:00,13.1,62.0
2023-02-06 15:00:00,13.0,16.0
2023-02-06 16:00:00,14.5,0.0
2023-02-06 17:00:00,14.7,0.0
2023-02-06 18:00:00,15.3,0.0
2023-02-06 19:00:00,14.3,0.0
2023-02-06 20:00:00,15.8,0.0
2023-02-06 21:00:00,15.5,0.0
2023-02-06 22:00:00,15.8,0.0
2023-02-06 23:00:00,14.8,0.0
2023-02-07 00:00:00,17.2,0.0
2023-02-07 01:00:00,15.6,0.0
2023-02-07 02:00:00,15.4,0.0
2023-02-07 03:00:00,15.8,0.0
2023-02-07 04:00:00,14.1,0.0
2023-02-07 05:00:00,12.7,0.0
2023-02-07 06:00:00,11.5,0.0
2023-02-07 07:00:00,11.2,13.0
2023-02-07 08:00:00,11.3,67.0
2023-02-07 09:00:00,10.0,103.0
2023-02-07 10:00:00,8.9,169.0
2023-02-07 11:00:00,7.6,146.0
2023-02-07 12:00:00,6.5,133.0
2023-02-07 13:00:00,4.6,98.0
2023-02-07 14:00:00,2.9,70.0
2023-02-07 15:00:00,2.3,24.0
2023-02-07 16:00:00,4.0,0.0
2023-02-07 17:00:00,4.8,0.0
2023-02-07 18:00:00,3.7,0.0
2023-02-07 19:00:00,4.2,0.0
2023-02-07 20:00:00,8.2,0.0
2023-02-07 21:00:00,9.4,0.0
2023-02-07 22:00:00,10.2,0.0
2023-02-07 23:00:00,8.9,0.0
2023-02-08 00:00:00,8.4,0.0
2023-02-08 01:00:00,7.0,0.0
2023-02-08 02:00:00,7.9,0.0
2023-02-08 03:00:00,9.5,0.0
2023-02-08 04:00:00,9.2,0.0
2023-02-08 05:00:00,10.4,0.0
2023-02-08 06:00:00,11.1,0.0
2023-02-08 07:00:00,12.3,23.0
2023-02-08 08:00:00,13.8,76.0
2023-02-08 09:00:00,15.1,164.0
2023-02-08 10:00:00,16.0,258.0
2023-02-08 11:00:00,17.2,206.0
2023-02-08 12:00:00,18.0,201.0
2023-02-08 13:00:00,16.3,176.0
2023-02-08 14:00:00,12.1,67.0
2023-02-08 15:00:00,12.0,34.0
2023-02-08 16:00:00,12.1,0.0
2023-02-08 17:00:00,11.8,0.0
2023-02-08 18:00:00,11.8,0.0
2023-02-08 19:00:00,12.6,0.0
2023-02-08 20:00:00,12.3,0.0
2023-02-08 21:00:00,11.5,0.0
2023-02-08 22:00:00,11.5,0.0
2023-02-08 23:00:00,11.0,0.0
2023-02-09 00:00:00,12.7,0.0
2023-02-09 01:00:00,12.2,0.0
2023-02-09 02:00:00,12.2,0.0
2023-02-09 03:00:00,12.2,0.0
2023-02-09 04:00:00,12.0,0.0
2023-02-09 05:00:00,13.8,0.0
2023-02-09 06:00:00,14.1,0.0
2023-02-09 07:00:00,14.7,23.0
2023-02-09 08:00:00,15.3,104.0
2023-02-09 09:00:00,16.7,185.0
2023-02-09 10:00:00,17.0,263.0
2023-02-09 11:00:00,17.7,307.0
2023-02-09 12:00:00,17.1,309.0
2023-02-09 13:00:00,16.6,101.0
2023-02-09 14:00:00,17.6,79.0
2023-02-09 15:00:00,18.9,35.0
2023-02-09 16:00:00,20.0,0.0
2023-02-09 17:00:00,20.8,0.0
2023-02-09 18:00:00,21.0,0.0
2023-02-09 19:00:00,20.5,0.0
2023-02-09 20:00:00,20.4,0.0
2023-02-09 21:00:00,20.4,0.0
2023-02-09 22:00:00,19.6,0.0
2023-02-09 23:00:00,20.4,0.0
2023-02-10 00:00:00,18.4,0.0
2023-02-10 01:00:00,18.6,0.0
2023-02-10 02:00:00,19.1,0.0
2023-02-10 03:00:00,20.6,0.0
2023-02-10 04:00:00,20.4,0.0
2023-02-10 05:00:00,21.2,0.0
2023-02-10 06:00:00,21.7,0.0
2023-02-10 07:00:00,22.5,25.0
2023-02-10 08:00:00,23.1,33.0
2023-02-10 09:00:00,24.7,84.0
2023-02-10 10:00:00,25.2,95.0
2023-02-10 11:00:00,23.3,212.0
2023-02-10 12:00:00,25.1,284.0
2023-02-10 13:00:00,19.2,211.0
2023-02-10 14:00:00,19.0,165.0
2023-02-10 15:00:00,17.2,59.0
2023-02-10 16:00:00,16.4,1.0
2023-02-10 17:00:00,16.5,0.0
2023-02-10 18:00:00,16.2,0.0
2023-02-10 19:00:00,16.1,0.0
2023-02-10 20:00:00,15.7,0.0
2023-02-10 21:00:00,14.5,0.0
2023-02-10 22:00:00,16.3,0.0
2023-02-10 23:00:00,17.9,0.0
2023-02-11 00:00:00,20.2,0.0
2023-02-11 01:00:00,20.4,0.0
2023-02-11 02:00:00,22.7,0.0
2023-02-11 03:00:00,24.7,0.0
2023-02-11 04:00:00,26.0,0.0
2023-02-11 05:00:00,27.7,0.0
2023-02-11 06:00:00,28.8,0.0
2023-02-11 07:00:00,28.7,6.0
2023-02-11 08:00:00,28.3,23.0
2023-02-11 09:00:00,28.1,35.0
2023-02-11 10:00:00,27.4,29.0
2023-02-11 11:00:00,26.4,73.0
2023-02-11 12:00:00,26.1,68.0
2023-02-11 13:00:00,23.5,42.0
2023-02-11 14:00:00,21.5,26.0
2023-02-11 15:00:00,21.0,9.0
2023-02-11 16:00:00,25.6,0.0
2023-02-11 17:00:00,24.0,0.0
2023-02-11 18:00:00,21.1,0.0
2023-02-11 19:00:00,21.4,0.0
2023-02-11 20:00:00,19.8,0.0
2023-02-11 21:00:00,17.2,0.0
2023-02-11 22:00:00,16.1,0.0
2023-02-11 23:00:00,15.7,0.0
2023-02-12 00:00:00,15.6,0.0
2023-02-12 01:00:00,14.8,0.0
2023-02-12 02:00:00,14.3,0.0
2023-02-12 03:00:00,13.7,0.0
2023-02-12 04:00:00,12.6,0.0
2023-02-12 05:00:00,12.0,0.0
2023-02-12 06:00:00,11.2,0.0
2023-02-12 07:00:00,10.4,51.0
2023-02-12 08:00:00,12.0,156.0
2023-02-12 09:00:00,13.1,254.0
2023-02-12 10:00:00,13.7,332.0
2023-02-12 11:00:00,14.5,337.0
2023-02-12 12:00:00,16.1,303.0
2023-02-12 13:00:00,15.8,147.0
2023-02-12 14:00:00,13.0,88.0
2023-02-12 15:00:00,11.7,39.0
2023-02-12 16:00:00,11.1,1.0
2023-02-12 17:00:00,13.0,0.0
2023-02-12 18:00:00,15.2,0.0
2023-02-12 19:00:00,16.1,0.0
2023-02-12 20:00:00,16.5,0.0
2023-02-12 21:00:00,16.6,0.0
2023-02-12 22:00:00,16.3,0.0
2023-02-12 23:00:00,16.2,0.0
2023-02-13 00:00:00,15.3,0.0
2023-02-13 01:00:00,14.8,0.0
2023-02-13 02:00:00,14.4,0.0
2023-02-13 03:00:00,15.8,0.0
2023-02-13 04:00:00,15.9,0.0
2023-02-13 05:00:00,15.2,0.0
2023-02-13 06:00:00,14.8,0.0
2023-02-13 07:00:00,14.9,15.0
2023-02-13 08:00:00,15.3,71.0
2023-02-13 09:00:00,14.4,82.0
2023-02-13 10:00:00,16.5,113.0
2023-02-13 11:00:00,17.8,139.0
2023-02-13 12:00:00,20.2,137.0
2023-02-13 13:00:00,17.3,124.0
2023-02-13 14:00:00,18.5,79.0
2023-02-13 15:00:00,19.1,26.0
2023-02-13 16:00:00,20.8,1.0
2023-02-13 17:00:00,21.2,0.0
2023-02-13 18:00:00,21.4,0.0
2023-02-13 19:00:00,21.1,0.0
2023-02-13 20:00:00,21.7,0.0
2023-02-13 21:00:00,20.5,0.0
2023-02-13 22:00:00,18.6,0.0
2023-02-13 23:00:00,18.5,0.0
2023-02-14 00:00:00,17.9,0.0
2023-02-14 01:00:00,18.9,0.0
2023-02-14 02:00:00,19.1,0.0
2023-02-14 03:00:00,19.0,0.0
2023-02-14 04:00:00,18.5,0.0
2023-02-14 05:00:00,18.3,0.0
2023-02-14 06:00:00,18.6,1.0
2023-02-14 07:00:00,19.6,59.0
2023-02-14 08:00:00,16.1,164.0
2023-02-14 09:00:00,14.9,276.0
2023-02-14 10:00:00,18.4,345.0
2023-02-14 11:00:00,18.8,370.0
2023-02-14 12:00:00,18.2,350.0
2023-02-14 13:00:00,18.1,287.0
2023-02-14 14:00:00,17.7,189.0
2023-02-14 15:00:00,16.3,74.0
2023-02-14 16:00:00,14.2,3.0
2023-02-14 17:00:00,13.8,0.0
2023-02-14 18:00:00,13.2,0.0
2023-02-14 19:00:00,11.8,0.0
2023-02-14 20:00:00,10.6,0.0
2023-02-14 21:00:00,8.6,0.0
2023-02-14 22:00:00,7.0,0.0
2023-02-14 23:00:00,6.1,0.0
2023-02-15 00:00:00,6.9,0.0
2023-02-15 01:00:00,4.6,0.0
2023-02-15 02:00:00,2.8,0.0
2023-02-15 03:00:00,2.5,0.0
2023-02-15 04:00:00,4.4,0.0
2023-02-15 05:00:00,5.6,0.0
2023-02-15 06:00:00,7.0,1.0
2023-02-15 07:00:00,8.3,60.0
2023-02-15 08:00:00,8.7,145.0
2023-02-15 09:00:00,9.4,187.0
2023-02-15 10:00:00,9.7,194.0
2023-02-15 11:00:00,9.1,180.0
2023-02-15 12:00:00,9.0,166.0
2023-02-15 13:00:00,8.6,121.0
2023-02-15 14:00:00,8.8,80.0
2023-02-15 15:00:00,8.0,34.0
2023-02-15 16:00:00,7.7,2.0
2023-02-15 17:00:00,7.5,0.0
2023-02-15 18:00:00,9.0,0.0
2023-02-15 19:00:00,9.4,0.0
2023-02-15 20:00:00,9.7,0.0
2023-02-15 21:00:00,10.4,0.0
2023-02-15 22:00:00,9.8,0.0
2023-02-15 23:00:00,9.1,0.0
2023-02-16 00:00:00,7.3,0.0
2023-02-16 01:00:00,7.8,0.0
2023-02-16 02:00:00,8.2,0.0
2023-02-16 03:00:00,8.2,0.0
2023-02-16 04:00:00,8.3,0.0
2023-02-16 05:00:00,7.6,0.0
2023-02-16 06:00:00,7.4,0.0
2023-02-16 07:00:00,9.2,11.0
2023-02-16 08:00:00,7.7,45.0
2023-02-16 09:00:00,7.2,72.0
2023-02-16 10:00:00,7.4,101.0
2023-02-16 11:00:00,7.2,137.0
2023-02-16 12:00:00,5.4,111.0
2023-02-16 13:00:00,4.1,87.0
2023-02-16 14:00:00,4.0,58.0
2023-02-16 15:00:00,2.6,25.0
2023-02-16 16:00:00,2.6,2.0
2023-02-16 17:00:00,6.4,0.0
2023-02-16 18:00:00,5.8,0.0
2023-02-16 19:00:00,5.4,0.0
2023-02-16 20:00:00,5.8,0.0
2023-02-16 21:00:00,6.2,0.0
2023-02-16 22:00:00,6.4,0.0
2023-02-16 23:00:00,7.2,0.0
2023-02-17 00:00:00,7.3,0.0
2023-02-17 01:00:00,7.6,0.0
2023-02-17 02:00:00,9.7,0.0
2023-02-17 03:00:00,8.6,0.0
2023-02-17 04:00:00,9.0,0.0
2023-02-17 05:00:00,8.8,0.0
2023-02-17 06:00:00,9.5,0.0
2023-02-17 07:00:00,9.3,8.0
2023-02-17 08:00:00,9.3,37.0
2023-02-17 09:00:00,9.2,39.0
2023-02-17 10:00:00,10.4,70.0
2023-02-17 11:00:00,8.3,57.0
2023-02-17 12:00:00,9.7,58.0
2023-02-17 13:00:00,11.9,71.0
2023-02-17 14:00:00,13.7,52.0
2023-02-17 15:00:00,16.1,23.0
2023-02-17 16:00:00,17.3,1.0
2023-02-17 17:00:00,18.0,0.0
2023-02-17 18:00:00,20.1,0.0
2023-02-17 19:00:00,21.6,0.0
2023-02-17 20:00:00,21.6,0.0
2023-02-17 21:00:00,22.5,0.0
2023-02-17 22:00:00,23.2,0.0
2023-02-17 23:00:00,22.4,0.0
2023-02-18 00:00:00,20.0,0.0
2023-02-18 01:00:00,15.8,0.0
2023-02-18 02:00:00,18.0,0.0
2023-02-18 03:00:00,24.0,0.0
2023-02-18 04:00:00,24.7,0.0
2023-02-18 05:00:00,26.9,0.0
2023-02-18 06:00:00,26.6,0.0
2023-02-18 07:00:00,25.7,7.0
2023-02-18 08:00:00,28.5,21.0
2023-02-18 09:00:00,26.6,39.0
2023-02-18 10:00:00,32.4,47.0
2023-02-18 11:00:00,31.5,108.0
2023-02-18 12:00:00,34.0,60.0
2023-02-18 13:00:00,33.5,57.0
2023-02-18 14:00:00,28.5,55.0
2023-02-18 15:00:00,28.5,50.0
2023-02-18 16:00:00,27.1,4.0
2023-02-18 17:00:00,25.3,0.0
2023-02-18 18:00:00,24.6,0.0
2023-02-18 19:00:00,22.5,0.0
2023-02-18 20:00:00,22.8,0.0
2023-02-18 21:00:00,22.4,0.0
2023-02-18 22:00:00,21.8,0.0
2023-02-18 23:00:00,21.1,0.0
2023-02-19 00:00:00,20.2,0.0
2023-02-19 01:00:00,18.8,0.0
2023-02-19 02:00:00,19.4,0.0
2023-02-19 03:00:00,20.9,0.0
2023-02-19 04:00:00,21.2,0.0
2023-02-19 05:00:00,22.3,0.0
2023-02-19 06:00:00,22.5,3.0
2023-02-19 07:00:00,22.9,71.0
2023-02-19 08:00:00,28.5,194.0
2023-02-19 09:00:00,27.6,249.0
2023-02-19 10:00:00,28.0,338.0
2023-02-19 11:00:00,28.9,377.0
2023-02-19 12:00:00,30.6,374.0
2023-02-19 13:00:00,29.9,281.0
2023-02-19 14:00:00,26.9,189.0
2023-02-19 15:00:00,26.9,65.0
2023-02-19 16:00:00,26.1,7.0
2023-02-19 17:00:00,26.7,0.0
2023-02-19 18:00:00,27.6,0.0
2023-02-19 19:00:00,27.1,0.0
2023-02-19 20:00:00,25.5,0.0
2023-02-19 21:00:00,24.9,0.0
2023-02-19 22:00:00,24.2,0.0
2023-02-19 23:00:00,23.1,0.0
2023-02-20 00:00:00,22.2,0.0
2023-02-20 01:00:00,21.6,0.0
2023-02-20 02:00:00,21.3,0.0
2023-02-20 03:00:00,20.3,0.0
2023-02-20 04:00:00,19.5,0.0
2023-02-20 05:00:00,18.1,0.0
2023-02-20 06:00:00,17.2,5.0
2023-02-20 07:00:00,13.3,76.0
2023-02-20 08:00:00,13.7,161.0
2023-02-20 09:00:00,14.7,178.0
2023-02-20 10:00:00,18.4,189.0
2023-02-20 11:00:00,19.9,86.0
2023-02-20 12:00:00,20.3,54.0
2023-02-20 13:00:00,21.6,65.0
2023-02-20 14:00:00,21.9,30.0
2023-02-20 15:00:00,22.7,13.0
2023-02-20 16:00:00,22.6,2.0
2023-02-20 17:00:00,21.6,0.0
2023-02-20 18:00:00,23.1,0.0
2023-02-20 19:00:00,35.0,0.0
2023-02-20 20:00:00,36.4,0.0
2023-02-20 21:00:00,35.3,0.0
2023-02-20 22:00:00,32.4,0.0
2023-02-20 23:00:00,30.7,0.0
2023-02-21 00:00:00,25.7,0.0
2023-02-21 01:00:00,27.3,0.0
2023-02-21 02:00:00,26.8,0.0
2023-02-21 03:00:00,25.4,0.0
2023-02-21 04:00:00,25.6,0.0
2023-02-21 05:00:00,25.7,0.0
2023-02-21 06:00:00,24.8,6.0
2023-02-21 07:00:00,23.2,60.0
2023-02-21 08:00:00,26.8,69.0
2023-02-21 09:00:00,28.9,172.0
2023-02-21 10:00:00,25.0,104.0
2023-02-21 11:00:00,25.9,122.0
2023-02-21 12:00:00,26.3,126.0
2023-02-21 13:00:00,24.5,62.0
2023-02-21 14:00:00,20.5,59.0
2023-02-21 15:00:00,17.0,34.0
2023-02-21 16:00:00,14.3,5.0
2023-02-21 17:00:00,13.6,0.0
2023-02-21 18:00:00,12.6,0.0
2023-02-21 19:00:00,11.2,0.0
2023-02-21 20:00:00,10.6,0.0
2023-02-21 21:00:00,11.0,0.0
2023-02-21 22:00:00,11.8,0.0
2023-02-21 23:00:00,11.8,0.0
2023-02-22 00:00:00,12.2,0.0
2023-02-22 01:00:00,12.6,0.0
2023-02-22 02:00:00,12.3,0.0
2023-02-22 03:00:00,12.9,0.0
2023-02-22 04:00:00,12.7,0.0
2023-02-22 05:00:00,9.1,0.0
2023-02-22 06:00:00,7.9,4.0
2023-02-22 07:00:00,6.0,38.0
2023-02-22 08:00:00,6.0,91.0
2023-02-22 09:00:00,7.6,95.0
2023-02-22 10:00:00,9.4,95.0
2023-02-22 11:00:00,9.8,89.0
2023-02-22 12:00:00,8.7,97.0
2023-02-22 13:00:00,7.2,82.0
2023-02-22 14:00:00,4.7,89.0
2023-02-22 15:00:00,6.4,41.0
2023-02-22 16:00:00,8.4,4.0
2023-02-22 17:00:00,10.0,0.0
2023-02-22 18:00:00,9.8,0.0
2023-02-22 19:00:00,10.1,0.0
2023-02-22 20:00:00,8.9,0.0
2023-02-22 21:00:00,7.6,0.0
2023-02-22 22:00:00,6.9,0.0
2023-02-22 23:00:00,6.1,0.0
2023-02-23 00:00:00,4.5,0.0
2023-02-23 01:00:00,7.5,0.0
2023-02-23 02:00:00,7.6,0.0
2023-02-23 03:00:00,7.5,0.0
2023-02-23 04:00:00,8.5,0.0
2023-02-23 05:00:00,9.8,0.0
2023-02-23 06:00:00,10.6,9.0
2023-02-23 07:00:00,11.7,100.0
2023-02-23 08:00:00,12.4,232.0
2023-02-23 09:00:00,13.7,337.0
2023-02-23 10:00:00,14.8,405.0
2023-02-23 11:00:00,16.3,426.0
2023-02-23 12:00:00,17.3,402.0
2023-02-23 13:00:00,19.5,290.0
2023-02-23 14:00:00,19.5,171.0
2023-02-23 15:00:00,17.2,67.0
2023-02-23 16:00:00,17.3,9.0
2023-02-23 17:00:00,19.6,0.0
2023-02-23 18:00:00,19.7,0.0
2023-02-23 19:00:00,18.9,0.0
2023-02-23 20:00:00,19.6,0.0
2023-02-23 21:00:00,19.2,0.0
2023-02-23 22:00:00,18.3,0.0
2023-02-23 23:00:00,17.8,0.0
2023-02-24 00:00:00,17.2,0.0
2023-02-24 01:00:00,17.2,0.0
2023-02-24 02:00:00,16.9,0.0
2023-02-24 03:00:00,16.9,0.0
2023-02-24 04:00:00,16.9,0.0
2023-02-24 05:00:00,14.8,0.0
2023-02-24 06:00:00,14.8,2.0
2023-02-24 07:00:00,14.7,15.0
2023-02-24 08:00:00,15.3,43.0
2023-02-24 09:00:00,14.8,78.0
2023-02-24 10:00:00,13.0,70.0
2023-02-24 11:00:00,12.8,55.0
2023-02-24 12:00:00,13.1,80.0
2023-02-24 13:00:00,11.8,34.0
2023-02-24 14:00:00,10.2,36.0
2023-02-24 15:00:00,10.5,19.0
2023-02-24 16:00:00,9.0,3.0
2023-02-24 17:00:00,7.7,0.0
2023-02-24 18:00:00,7.4,0.0
2023-02-24 19:00:00,10.7,0.0
2023-02-24 20:00:00,12.0,0.0
2023-02-24 21:00:00,13.6,0.0
2023-02-24 22:00:00,15.6,0.0
2023-02-24 23:00:00,11.3,0.0
2023-02-25 00:00:00,9.7,0.0
2023-02-25 01:00:00,10.4,0.0
2023-02-25 02:00:00,10.2,0.0
2023-02-25 03:00:00,9.3,0.0
2023-02-25 04:00:00,6.9,0.0
2023-02-25 05:00:00,4.3,0.0
2023-02-25 06:00:00,3.6,5.0
2023-02-25 07:00:00,7.6,47.0
2023-02-25 08:00:00,4.6,64.0
2023-02-25 09:00:00,0.8,175.0
2023-02-25 10:00:00,1.1,181.0
2023-02-25 11:00:00,2.9,98.0
2023-02-25 12:00:00,4.8,100.0
2023-02-25 13:00:00,7.4,74.0
2023-02-25 14:00:00,8.1,50.0
2023-02-25 15:00:00,8.4,56.0
2023-02-25 16:00:00,8.0,9.0
2023-02-25 17:00:00,8.9,0.0
2023-02-25 18:00:00,9.6,0.0
2023-02-25 19:00:00,11.8,0.0
2023-02-25 20:00:00,11.6,0.0
2023-02-25 21:00:00,11.8,0.0
2023-02-25 22:00:00,12.1,0.0
2023-02-25 23:00:00,12.6,0.0
2023-02-26 00:00:00,17.9,0.0
2023-02-26 01:00:00,16.4,0.0
2023-02-26 02:00:00,18.7,0.0
2023-02-26 03:00:00,19.8,0.0
2023-02-26 04:00:00,20.3,0.0
2023-02-26 05:00:00,20.9,0.0
2023-02-26 06:00:00,20.8,6.0
2023-02-26 07:00:00,20.6,44.0
2023-02-26 08:00:00,19.3,101.0
2023-02-26 09:00:00,19.0,180.0
2023-02-26 10:00:00,17.7,192.0
2023-02-26 11:00:00,18.9,232.0
2023-02-26 12:00:00,19.1,293.0
2023-02-26 13:00:00,18.6,147.0
2023-02-26 14:00:00,19.5,129.0
2023-02-26 15:00:00,18.8,63.0
2023-02-26 16:00:00,16.4,7.0
2023-02-26 17:00:00,15.9,0.0
2023-02-26 18:00:00,14.7,0.0
2023-02-26 19:00:00,11.8,0.0
2023-02-26 20:00:00,12.4,0.0
2023-02-26 21:00:00,7.1,0.0
2023-02-26 22:00:00,8.6,0.0
2023-02-26 23:00:00,9.5,0.0
2023-02-27 00:00:00,10.5,0.0
2023-02-27 01:00:00,10.5,0.0
2023-02-27 02:00:00,11.0,0.0
2023-02-27 03:00:00,11.3,0.0
2023-02-27 04:00:00,12.1,0.0
2023-02-27 05:00:00,12.3,0.0
2023-02-27 06:00:00,9.4,13.0
2023-02-27 07:00:00,13.4,99.0
2023-02-27 08:00:00,12.6,179.0
2023-02-27 09:00:00,12.2,236.0
2023-02-27 10:00:00,11.6,351.0
2023-02-27 11:00:00,8.9,421.0
2023-02-27 12:00:00,8.2,431.0
2023-02-27 13:00:00,7.6,350.0
2023-02-27 14:00:00,8.3,262.0
2023-02-27 15:00:00,7.1,137.0
2023-02-27 16:00:00,8.0,24.0
2023-02-27 17:00:00,5.9,0.0
2023-02-27 18:00:00,5.4,0.0
2023-02-27 19:00:00,7.9,0.0
2023-02-27 20:00:00,1.8,0.0
2023-02-27 21:00:00,5.5,0.0
2023-02-27 22:00:00,5.4,0.0
2023-02-27 23:00:00,4.8,0.0
2023-02-28 00:00:00,6.2,0.0
2023-02-28 01:00:00,6.7,0.0
2023-02-28 02:00:00,8.0,0.0
2023-02-28 03:00:00,10.0,0.0
2023-02-28 04:00:00,11.8,0.0
2023-02-28 05:00:00,12.9,0.0
2023-02-28 06:00:00,13.8,21.0
2023-02-28 07:00:00,13.6,130.0
2023-02-28 08:00:00,15.9,257.0
2023-02-28 09:00:00,18.4,362.0
2023-02-28 10:00:00,23.3,383.0
2023-02-28 11:00:00,22.2,300.0
2023-02-28 12:00:00,21.5,172.0
2023-02-28 13:00:00,23.2,138.0
2023-02-28 14:00:00,22.5,117.0
2023-02-28 15:00:00,20.5,44.0
2023-02-28 16:00:00,20.2,10.0
2023-02-28 17:00:00,19.5,0.0
2023-02-28 18:00:00,21.6,0.0
2023-02-28 19:00:00,22.0,0.0
2023-02-28 20:00:00,20.5,0.0
2023-02-28 21:00:00,20.0,0.0
2023-02-28 22:00:00,19.7,0.0
2023-02-28 23:00:00,19.3,0.0
2023-03-01 00:00:00,19.2,0.0
2023-03-01 01:00:00,19.0,0.0
2023-03-01 02:00:00,18.6,0.0
2023-03-01 03:00:00,17.6,0.0
2023-03-01 04:00:00,17.3,0.0
2023-03-01 05:00:00,16.0,0.0
2023-03-01 06:00:00,14.8,12.0
2023-03-01 07:00:00,14.7,90.0
2023-03-01 08:00:00,12.6,203.0
2023-03-01 09:00:00,11.0,332.0
2023-03-01 10:00:00,11.8,431.0
2023-03-01 11:00:00,12.7,455.0
2023-03-01 12:00:00,17.3,373.0
2023-03-01 13:00:00,17.6,138.0
2023-03-01 14:00:00,13.2,85.0
2023-03-01 15:00:00,11.6,53.0
2023-03-01 16:00:00,14.1,12.0
2023-03-01 17:00:00,15.1,0.0
2023-03-01 18:00:00,13.4,0.0
2023-03-01 19:00:00,13.6,0.0
2023-03-01 20:00:00,13.4,0.0
2023-03-01 21:00:00,12.8,0.0
2023-03-01 22:00:00,13.0,0.0
2023-03-01 23:00:00,12.4,0.0
2023-03-02 00:00:00,13.4,0.0
2023-03-02 01:00:00,12.6,0.0
2023-03-02 02:00:00,11.8,0.0
2023-03-02 03:00:00,11.7,0.0
2023-03-02 04:00:00,12.3,0.0
2023-03-02 05:00:00,12.4,0.0
2023-03-02 06:00:00,11.6,7.0
2023-03-02 07:00:00,13.3,23.0
2023-03-02 08:00:00,14.2,54.0
2023-03-02 09:00:00,16.8,174.0
2023-03-02 10:00:00,17.4,191.0
2023-03-02 11:00:00,18.5,160.0
2023-03-02 12:00:00,21.6,250.0
2023-03-02 13:00:00,21.4,106.0
2023-03-02 14:00:00,18.0,73.0
2023-03-02 15:00:00,18.1,71.0
2023-03-02 16:00:00,17.7,22.0
2023-03-02 17:00:00,17.3,0.0
2023-03-02 18:00:00,17.7,0.0
2023-03-02 19:00:00,18.4,0.0
2023-03-02 20:00:00,17.3,0.0
2023-03-02 21:00:00,17.0,0.0
2023-03-02 22:00:00,16.6,0.0
2023-03-02 23:00:00,16.6,0.0
2023-03-03 00:00:00,16.9,0.0
2023-03-03 01:00:00,17.4,0.0
2023-03-03 02:00:00,16.9,0.0
2023-03-03 03:00:00,18.4,0.0
2023-03-03 04:00:00,18.6,0.0
2023-03-03 05:00:00,17.5,0.0
2023-03-03 06:00:00,19.8,13.0
2023-03-03 07:00:00,19.1,79.0
2023-03-03 08:00:00,18.7,238.0
2023-03-03 09:00:00,19.7,364.0
2023-03-03 10:00:00,23.8,414.0
2023-03-03 11:00:00,24.6,366.0
2023-03-03 12:00:00,20.9,328.0
2023-03-03 13:00:00,19.1,266.0
2023-03-03 14:00:00,19.8,216.0
2023-03-03 15:00:00,14.0,119.0
2023-03-03 16:00:00,13.7,32.0
2023-03-03 17:00:00,15.5,0.0
2023-03-03 18:00:00,19.8,0.0
2023-03-03 19:00:00,20.2,0.0
2023-03-03 20:00:00,20.5,0.0
2023-03-03 21:00:00,20.3,0.0
2023-03-03 22:00:00,22.3,0.0
2023-03-03 23:00:00,21.9,0.0
2023-03-04 00:00:00,24.1,0.0
2023-03-04 01:00:00,27.9,0.0
2023-03-04 02:00:00,30.0,0.0
2023-03-04 03:00:00,28.7,0.0
2023-03-04 04:00:00,26.3,0.0
2023-03-04 05:00:00,24.0,0.0
2023-03-04 06:00:00,25.3,24.0
2023-03-04 07:00:00,21.1,117.0
2023-03-04 08:00:00,29.6,286.0
2023-03-04 09:00:00,30.5,372.0
2023-03-04 10:00:00,30.3,412.0
2023-03-04 11:00:00,31.2,482.0
2023-03-04 12:00:00,28.3,347.0
2023-03-04 13:00:00,32.4,385.0
2023-03-04 14:00:00,32.8,258.0
2023-03-04 15:00:00,30.4,150.0
2023-03-04 16:00:00,29.7,27.0
2023-03-04 17:00:00,32.7,0.0
2023-03-04 18:00:00,34.0,0.0
2023-03-04 19:00:00,33.0,0.0
2023-03-04 20:00:00,33.3,0.0
2023-03-04 21:00:00,32.4,0.0
2023-03-04 22:00:00,29.7,0.0
2023-03-04 23:00:00,27.9,0.0
2023-03-05 00:00:00,25.6,0.0
2023-03-05 01:00:00,24.7,0.0
2023-03-05 02:00:00,23.2,0.0
2023-03-05 03:00:00,21.0,0.0
2023-03-05 04:00:00,20.1,0.0
2023-03-05 05:00:00,18.6,0.0
2023-03-05 06:00:00,18.1,34.0
2023-03-05 07:00:00,18.3,143.0
2023-03-05 08:00:00,21.2,234.0
2023-03-05 09:00:00,22.7,350.0
2023-03-05 10:00:00,18.9,371.0
2023-03-05 11:00:00,19.8,465.0
2023-03-05 12:00:00,18.4,384.0
2023-03-05 13:00:00,17.4,165.0
2023-03-05 14:00:00,18.4,178.0
2023-03-05 15:00:00,14.9,125.0
2023-03-05 16:00:00,13.1,38.0
2023-03-05 17:00:00,12.4,0.0
2023-03-05 18:00:00,12.8,0.0
2023-03-05 19:00:00,13.5,0.0
2023-03-05 20:00:00,13.8,0.0
2023-03-05 21:00:00,12.7,0.0
2023-03-05 22:00:00,12.4,0.0
2023-03-05 23:00:00,11.8,0.0
2023-03-06 00:00:00,11.9,0.0
2023-03-06 01:00:00,11.2,0.0
2023-03-06 02:00:00,10.1,0.0
2023-03-06 03:00:00,11.2,0.0
2023-03-06 04:00:00,12.8,0.0
2023-03-06 05:00:00,13.5,0.0
2023-03-06 06:00:00,14.2,41.0
2023-03-06 07:00:00,16.8,154.0
2023-03-06 08:00:00,19.4,252.0
2023-03-06 09:00:00,23.5,292.0
2023-03-06 10:00:00,22.7,353.0
2023-03-06 11:00:00,21.9,456.0
2023-03-06 12:00:00,22.2,441.0
2023-03-06 13:00:00,21.2,145.0
2023-03-06 14:00:00,20.2,209.0
2023-03-06 15:00:00,15.9,127.0
2023-03-06 16:00:00,12.3,40.0
2023-03-06 17:00:00,12.0,0.0
2023-03-06 18:00:00,11.7,0.0
2023-03-06 19:00:00,10.7,0.0
2023-03-06 20:00:00,9.7,0.0
2023-03-06 21:00:00,8.0,0.0
2023-03-06 22:00:00,6.9,0.0
2023-03-06 23:00:00,6.4,0.0
2023-03-07 00:00:00,7.7,0.0
2023-03-07 01:00:00,4.0,0.0
2023-03-07 02:00:00,4.8,0.0
2023-03-07 03:00:00,4.3,0.0
2023-03-07 04:00:00,5.4,0.0
2023-03-07 05:00:00,6.1,0.0
2023-03-07 06:00:00,9.0,46.0
2023-03-07 07:00:00,8.3,177.0
2023-03-07 08:00:00,11.2,312.0
2023-03-07 09:00:00,13.3,412.0
2023-03-07 10:00:00,15.1,466.0
2023-03-07 11:00:00,18.6,475.0
2023-03-07 12:00:00,19.8,406.0
2023-03-07 13:00:00,21.0,278.0
2023-03-07 14:00:00,23.1,266.0
2023-03-07 15:00:00,20.0,138.0
2023-03-07 16:00:00,21.8,29.0
2023-03-07 17:00:00,22.8,0.0
2023-03-07 18:00:00,25.8,0.0
2023-03-07 19:00:00,26.7,0.0
2023-03-07 20:00:00,27.0,0.0
2023-03-07 21:00:00,28.8,0.0
2023-03-07 22:00:00,29.6,0.0
2023-03-07 23:00:00,29.5,0.0
2023-03-08 00:00:00,25.0,0.0
2023-03-08 01:00:00,21.4,0.0
2023-03-08 02:00:00,20.5,0.0
2023-03-08 03:00:00,20.7,0.0
2023-03-08 04:00:00,21.3,0.0
2023-03-08 05:00:00,21.4,0.0
2023-03-08 06:00:00,23.7,44.0
2023-03-08 07:00:00,26.0,158.0
2023-03-08 08:00:00,32.7,295.0
2023-03-08 09:00:00,35.1,397.0
2023-03-08 10:00:00,34.3,459.0
2023-03-08 11:00:00,35.9,432.0
2023-03-08 12:00:00,34.1,214.0
2023-03-08 13:00:00,31.1,123.0
2023-03-08 14:00:00,34.1,164.0
2023-03-08 15:00:00,28.1,88.0
2023-03-08 16:00:00,27.5,39.0
2023-03-08 17:00:00,23.1,0.0
2023-03-08 18:00:00,23.9,0.0
2023-03-08 19:00:00,21.1,0.0
2023-03-08 20:00:00,18.4,0.0
2023-03-08 21:00:00,15.7,0.0
2023-03-08 22:00:00,14.6,0.0
2023-03-08 23:00:00,13.9,0.0
2023-03-09 00:00:00,12.9,0.0
2023-03-09 01:00:00,11.8,0.0
2023-03-09 02:00:00,11.3,0.0
2023-03-09 03:00:00,10.5,0.0
2023-03-09 04:00:00,10.3,0.0
2023-03-09 05:00:00,9.7,0.0
2023-03-09 06:00:00,11.8,56.0
2023-03-09 07:00:00,9.8,190.0
2023-03-09 08:00:00,13.0,326.0
2023-03-09 09:00:00,12.5,436.0
2023-03-09 10:00:00,12.9,505.0
2023-03-09 11:00:00,11.3,519.0
2023-03-09 12:00:00,12.1,491.0
2023-03-09 13:00:00,11.8,293.0
2023-03-09 14:00:00,11.9,219.0
2023-03-09 15:00:00,10.8,112.0
2023-03-09 16:00:00,8.9,35.0
2023-03-09 17:00:00,9.0,0.0
2023-03-09 18:00:00,10.2,0.0
2023-03-09 19:00:00,8.7,0.0
2023-03-09 20:00:00,7.1,0.0
2023-03-09 21:00:00,7.0,0.0
2023-03-09 22:00:00,7.4,0.0
2023-03-09 23:00:00,8.0,0.0
2023-03-10 00:00:00,7.3,0.0
2023-03-10 01:00:00,10.5,0.0
2023-03-10 02:00:00,11.1,0.0
2023-03-10 03:00:00,11.7,0.0
2023-03-10 04:00:00,11.0,0.0
2023-03-10 05:00:00,11.9,0.0
2023-03-10 06:00:00,13.1,33.0
2023-03-10 07:00:00,14.2,91.0
2023-03-10 08:00:00,15.6,132.0
2023-03-10 09:00:00,17.9,167.0
2023-03-10 10:00:00,19.0,169.0
2023-03-10 11:00:00,19.4,130.0
2023-03-10 12:00:00,23.3,120.0
2023-03-10 13:00:00,21.0,51.0
2023-03-10 14:00:00,23.8,35.0
2023-03-10 15:00:00,23.8,19.0
2023-03-10 16:00:00,23.8,8.0
2023-03-10 17:00:00,21.6,0.0
2023-03-10 18:00:00,21.1,0.0
2023-03-10 19:00:00,20.0,0.0
2023-03-10 20:00:00,19.3,0.0
2023-03-10 21:00:00,17.9,0.0
2023-03-10 22:00:00,14.9,0.0
2023-03-10 23:00:00,13.4,0.0
2023-03-11 00:00:00,13.8,0.0
2023-03-11 01:00:00,12.4,0.0
2023-03-11 02:00:00,12.2,0.0
2023-03-11 03:00:00,10.7,0.0
2023-03-11 04:00:00,9.0,0.0
2023-03-11 05:00:00,11.9,0.0
2023-03-11 06:00:00,10.3,17.0
2023-03-11 07:00:00,13.6,55.0
2023-03-11 08:00:00,14.3,85.0
2023-03-11 09:00:00,14.1,188.0
2023-03-11 10:00:00,13.7,186.0
2023-03-11 11:00:00,12.3,125.0
2023-03-11 12:00:00,13.4,291.0
2023-03-11 13:00:00,10.3,154.0
2023-03-11 14:00:00,24.1,81.0
2023-03-11 15:00:00,22.7,37.0
2023-03-11 16:00:00,22.7,9.0
2023-03-11 17:00:00,22.9,0.0
2023-03-11 18:00:00,23.5,0.0
2023-03-11 19:00:00,24.3,0.0
2023-03-11 20:00:00,22.7,0.0
2023-03-11 21:00:00,21.8,0.0
2023-03-11 22:00:00,23.2,0.0
2023-03-11 23:00:00,23.2,0.0
2023-03-12 00:00:00,20.6,0.0
2023-03-12 01:00:00,18.6,0.0
2023-03-12 02:00:00,16.5,0.0
2023-03-12 03:00:00,13.3,0.0
2023-03-12 04:00:00,12.3,0.0
2023-03-12 05:00:00,13.0,1.0
2023-03-12 06:00:00,14.6,62.0
2023-03-12 07:00:00,21.7,108.0
2023-03-12 08:00:00,17.7,106.0
2023-03-12 09:00:00,26.2,411.0
2023-03-12 10:00:00,26.7,478.0
2023-03-12 11:00:00,23.9,512.0
2023-03-12 12:00:00,27.0,466.0
2023-03-12 13:00:00,23.5,369.0
2023-03-12 14:00:00,23.4,334.0
2023-03-12 15:00:00,20.8,176.0
2023-03-12 16:00:00,16.0,67.0
2023-03-12 17:00:00,16.9,1.0
2023-03-12 18:00:00,21.5,0.0
2023-03-12 19:00:00,20.9,0.0
2023-03-12 20:00:00,21.5,0.0
2023-03-12 21:00:00,18.1,0.0
2023-03-12 22:00:00,14.8,0.0
2023-03-12 23:00:00,13.4,0.0
2023-03-13 00:00:00,13.4,0.0
2023-03-13 01:00:00,11.5,0.0
2023-03-13 02:00:00,11.0,0.0
2023-03-13 03:00:00,10.6,0.0
2023-03-13 04:00:00,10.2,0.0
2023-03-13 05:00:00,11.3,2.0
2023-03-13 06:00:00,13.3,76.0
2023-03-13 07:00:00,14.3,205.0
2023-03-13 08:00:00,13.7,331.0
2023-03-13 09:00:00,13.7,417.0
2023-03-13 10:00:00,15.6,444.0
2023-03-13 11:00:00,20.1,316.0
2023-03-13 12:00:00,20.9,197.0
2023-03-13 13:00:00,18.1,102.0
2023-03-13 14:00:00,22.0,95.0
2023-03-13 15:00:00,21.3,44.0
2023-03-13 16:00:00,23.8,15.0
2023-03-13 17:00:00,25.1,0.0
2023-03-13 18:00:00,24.9,0.0
2023-03-13 19:00:00,27.1,0.0
2023-03-13 20:00:00,26.5,0.0
2023-03-13 21:00:00,24.7,0.0
2023-03-13 22:00:00,22.6,0.0
2023-03-13 23:00:00,22.0,0.0
2023-03-14 00:00:00,21.7,0.0
2023-03-14 01:00:00,22.8,0.0
2023-03-14 02:00:00,25.5,0.0
2023-03-14 03:00:00,22.8,0.0
2023-03-14 04:00:00,22.3,0.0
2023-03-14 05:00:00,22.9,1.0
2023-03-14 06:00:00,24.5,9.0
2023-03-14 07:00:00,21.9,104.0
2023-03-14 08:00:00,25.2,158.0
2023-03-14 09:00:00,19.6,127.0
2023-03-14 10:00:00,22.0,82.0
2023-03-14 11:00:00,21.0,226.0
2023-03-14 12:00:00,17.2,380.0
2023-03-14 13:00:00,21.0,362.0
2023-03-14 14:00:00,22.7,292.0
2023-03-14 15:00:00,20.7,91.0
2023-03-14 16:00:00,15.8,8.0
2023-03-14 17:00:00,12.6,0.0
2023-03-14 18:00:00,13.2,0.0
2023-03-14 19:00:00,14.4,0.0
2023-03-14 20:00:00,17.1,0.0
2023-03-14 21:00:00,18.8,0.0
2023-03-14 22:00:00,18.7,0.0
2023-03-14 23:00:00,17.7,0.0
2023-03-15 00:00:00,16.6,0.0
2023-03-15 01:00:00,17.6,0.0
2023-03-15 02:00:00,18.5,0.0
2023-03-15 03:00:00,18.3,0.0
2023-03-15 04:00:00,18.4,0.0
2023-03-15 05:00:00,22.4,1.0
2023-03-15 06:00:00,15.7,7.0
2023-03-15 07:00:00,14.6,25.0
2023-03-15 08:00:00,17.8,88.0
2023-03-15 09:00:00,20.7,144.0
2023-03-15 10:00:00,19.2,259.0
2023-03-15 11:00:00,19.5,357.0
2023-03-15 12:00:00,19.2,283.0
2023-03-15 13:00:00,17.4,220.0
2023-03-15 14:00:00,15.6,108.0
2023-03-15 15:00:00,12.6,58.0
2023-03-15 16:00:00,10.2,30.0
2023-03-15 17:00:00,10.8,1.0
2023-03-15 18:00:00,11.9,0.0
2023-03-15 19:00:00,12.2,0.0
2023-03-15 20:00:00,13.2,0.0
2023-03-15 21:00:00,13.7,0.0
2023-03-15 22:00:00,12.7,0.0
2023-03-15 23:00:00,10.7,0.0
2023-03-16 00:00:00,10.2,0.0
2023-03-16 01:00:00,8.4,0.0
2023-03-16 02:00:00,8.1,0.0
2023-03-16 03:00:00,8.7,0.0
2023-03-16 04:00:00,7.4,0.0
2023-03-16 05:00:00,8.2,3.0
2023-03-16 06:00:00,9.8,54.0
2023-03-16 07:00:00,11.1,133.0
2023-03-16 08:00:00,12.0,247.0
2023-03-16 09:00:00,11.4,336.0
2023-03-16 10:00:00,10.3,364.0
2023-03-16 11:00:00,8.6,454.0
2023-03-16 12:00:00,7.7,487.0
2023-03-16 13:00:00,7.7,440.0
2023-03-16 14:00:00,6.9,351.0
2023-03-16 15:00:00,5.4,215.0
2023-03-16 16:00:00,7.4,82.0
2023-03-16 17:00:00,9.0,3.0
2023-03-16 18:00:00,9.9,0.0
2023-03-16 19:00:00,8.0,0.0
2023-03-16 20:00:00,8.1,0.0
2023-03-16 21:00:00,6.8,0.0
2023-03-16 22:00:00,5.7,0.0
2023-03-16 23:00:00,4.3,0.0
2023-03-17 00:00:00,9.2,0.0
2023-03-17 01:00:00,6.6,0.0
2023-03-17 02:00:00,3.8,0.0
2023-03-17 03:00:00,1.9,0.0
2023-03-17 04:00:00,3.4,0.0
2023-03-17 05:00:00,4.4,6.0
2023-03-17 06:00:00,7.7,92.0
2023-03-17 07:00:00,6.8,232.0
2023-03-17 08:00:00,8.7,367.0
2023-03-17 09:00:00,10.1,475.0
2023-03-17 10:00:00,11.5,541.0
2023-03-17 11:00:00,11.9,567.0
2023-03-17 12:00:00,11.3,516.0
2023-03-17 13:00:00,11.8,469.0
2023-03-17 14:00:00,13.0,359.0
2023-03-17 15:00:00,11.4,210.0
2023-03-17 16:00:00,9.5,78.0
2023-03-17 17:00:00,12.8,4.0
2023-03-17 18:00:00,15.5,0.0
2023-03-17 19:00:00,16.9,0.0
2023-03-17 20:00:00,17.1,0.0
2023-03-17 21:00:00,16.9,0.0
2023-03-17 22:00:00,18.8,0.0
2023-03-17 23:00:00,16.9,0.0
2023-03-18 00:00:00,17.4,0.0
2023-03-18 01:00:00,17.4,0.0
2023-03-18 02:00:00,16.1,0.0
2023-03-18 03:00:00,16.3,0.0
2023-03-18 04:00:00,17.1,0.0
2023-03-18 05:00:00,17.3,6.0
2023-03-18 06:00:00,15.1,89.0
2023-03-18 07:00:00,17.8,231.0
2023-03-18 08:00:00,19.0,357.0
2023-03-18 09:00:00,19.7,445.0
2023-03-18 10:00:00,21.2,523.0
2023-03-18 11:00:00,26.1,553.0
2023-03-18 12:00:00,21.5,345.0
2023-03-18 13:00:00,24.9,458.0
2023-03-18 14:00:00,23.0,328.0
2023-03-18 15:00:00,19.2,201.0
2023-03-18 16:00:00,18.1,77.0
2023-03-18 17:00:00,19.1,4.0
2023-03-18 18:00:00,22.1,0.0
2023-03-18 19:00:00,20.9,0.0
2023-03-18 20:00:00,19.3,0.0
2023-03-18 21:00:00,19.4,0.0
2023-03-18 22:00:00,19.2,0.0
2023-03-18 23:00:00,18.4,0.0
2023-03-19 00:00:00,16.9,0.0
2023-03-19 01:00:00,16.2,0.0
2023-03-19 02:00:00,16.6,0.0
2023-03-19 03:00:00,16.7,0.0
2023-03-19 04:00:00,15.9,0.0
2023-03-19 05:00:00,16.3,6.0
2023-03-19 06:00:00,14.6,89.0
2023-03-19 07:00:00,15.9,237.0
2023-03-19 08:00:00,15.5,356.0
2023-03-19 09:00:00,15.2,466.0
2023-03-19 10:00:00,15.1,506.0
2023-03-19 11:00:00,15.5,526.0
2023-03-19 12:00:00,15.2,487.0
2023-03-19 13:00:00,14.4,396.0
2023-03-19 14:00:00,13.8,277.0
2023-03-19 15:00:00,10.5,145.0
2023-03-19 16:00:00,9.7,62.0
2023-03-19 17:00:00,10.8,4.0
2023-03-19 18:00:00,10.0,0.0
2023-03-19 19:00:00,10.3,0.0
2023-03-19 20:00:00,10.5,0.0
2023-03-19 21:00:00,10.9,0.0
2023-03-19 22:00:00,11.7,0.0
2023-03-19 23:00:00,11.5,0.0
2023-03-20 00:00:00,12.0,0.0
2023-03-20 01:00:00,12.0,0.0
2023-03-20 02:00:00,12.6,0.0
2023-03-20 03:00:00,11.9,0.0
2023-03-20 04:00:00,11.2,0.0
2023-03-20 05:00:00,11.9,5.0
2023-03-20 06:00:00,10.9,57.0
2023-03-20 07:00:00,11.2,132.0
2023-03-20 08:00:00,10.8,243.0
2023-03-20 09:00:00,10.9,338.0
2023-03-20 10:00:00,11.5,460.0
2023-03-20 11:00:00,12.7,540.0
2023-03-20 12:00:00,14.3,541.0
2023-03-20 13:00:00,14.2,412.0
2023-03-20 14:00:00,13.8,334.0
2023-03-20 15:00:00,10.9,221.0
2023-03-20 16:00:00,9.8,82.0
2023-03-20 17:00:00,10.9,6.0
2023-03-20 18:00:00,10.8,0.0
2023-03-20 19:00:00,11.0,0.0
2023-03-20 20:00:00,11.3,0.0
2023-03-20 21:00:00,11.3,0.0
2023-03-20 22:00:00,12.0,0.0
2023-03-20 23:00:00,12.4,0.0
2023-03-21 00:00:00,13.6,0.0
2023-03-21 01:00:00,13.9,0.0
2023-03-21 02:00:00,9.1,0.0
2023-03-21 03:00:00,10.6,0.0
2023-03-21 04:00:00,11.9,0.0
2023-03-21 05:00:00,13.4,4.0
2023-03-21 06:00:00,14.1,29.0
2023-03-21 07:00:00,16.8,115.0
2023-03-21 08:00:00,17.1,198.0
2023-03-21 09:00:00,17.9,217.0
2023-03-21 10:00:00,16.9,173.0
2023-03-21 11:00:00,16.7,142.0
2023-03-21 12:00:00,15.0,115.0
2023-03-21 13:00:00,15.0,93.0
2023-03-21 14:00:00,13.6,69.0
2023-03-21 15:00:00,14.5,70.0
2023-03-21 16:00:00,10.5,23.0
2023-03-21 17:00:00,10.2,3.0
2023-03-21 18:00:00,10.4,0.0
2023-03-21 19:00:00,10.6,0.0
2023-03-21 20:00:00,10.4,0.0
2023-03-21 21:00:00,9.6,0.0
2023-03-21 22:00:00,9.3,0.0
2023-03-21 23:00:00,9.2,0.0
2023-03-22 00:00:00,8.3,0.0
2023-03-22 01:00:00,5.8,0.0
2023-03-22 02:00:00,5.7,0.0
2023-03-22 03:00:00,5.7,0.0
2023-03-22 04:00:00,7.8,0.0
2023-03-22 05:00:00,9.6,14.0
2023-03-22 06:00:00,11.7,91.0
2023-03-22 07:00:00,11.1,231.0
2023-03-22 08:00:00,15.3,398.0
2023-03-22 09:00:00,21.6,487.0
2023-03-22 10:00:00,21.4,342.0
2023-03-22 11:00:00,21.9,361.0
2023-03-22 12:00:00,22.8,273.0
2023-03-22 13:00:00,19.9,177.0
2023-03-22 14:00:00,20.7,236.0
2023-03-22 15:00:00,14.8,63.0
2023-03-22 16:00:00,14.9,14.0
2023-03-22 17:00:00,14.4,2.0
2023-03-22 18:00:00,15.9,0.0
2023-03-22 19:00:00,16.6,0.0
2023-03-22 20:00:00,15.9,0.0
2023-03-22 21:00:00,15.3,0.0
2023-03-22 22:00:00,15.5,0.0
2023-03-22 23:00:00,17.0,0.0
2023-03-23 00:00:00,15.5,0.0
2023-03-23 01:00:00,14.7,0.0
2023-03-23 02:00:00,15.2,0.0
2023-03-23 03:00:00,16.5,0.0
2023-03-23 04:00:00,15.5,0.0
2023-03-23 05:00:00,16.0,12.0
2023-03-23 06:00:00,17.3,63.0
2023-03-23 07:00:00,16.9,77.0
2023-03-23 08:00:00,14.6,178.0
2023-03-23 09:00:00,18.2,240.0
2023-03-23 10:00:00,20.3,466.0
2023-03-23 11:00:00,19.4,271.0
2023-03-23 12:00:00,21.1,540.0
2023-03-23 13:00:00,25.7,340.0
2023-03-23 14:00:00,21.0,102.0
2023-03-23 15:00:00,22.6,42.0
2023-03-23 16:00:00,21.5,14.0
2023-03-23 17:00:00,17.6,1.0
2023-03-23 18:00:00,12.6,0.0
2023-03-23 19:00:00,13.8,0.0
2023-03-23 20:00:00,14.7,0.0
2023-03-23 21:00:00,16.1,0.0
2023-03-23 22:00:00,17.7,0.0
2023-03-23 23:00:00,17.9,0.0
2023-03-24 00:00:00,19.4,0.0
2023-03-24 01:00:00,17.3,0.0
2023-03-24 02:00:00,17.9,0.0
2023-03-24 03:00:00,15.5,0.0
2023-03-24 04:00:00,12.2,0.0
2023-03-24 05:00:00,12.1,16.0
2023-03-24 06:00:00,10.7,129.0
2023-03-24 07:00:00,12.0,270.0
2023-03-24 08:00:00,13.1,391.0
2023-03-24 09:00:00,19.0,356.0
2023-03-24 10:00:00,19.4,295.0
2023-03-24 11:00:00,23.4,310.0
2023-03-24 12:00:00,21.7,261.0
2023-03-24 13:00:00,23.8,271.0
2023-03-24 14:00:00,22.3,192.0
2023-03-24 15:00:00,21.5,46.0
2023-03-24 16:00:00,22.8,17.0
2023-03-24 17:00:00,23.6,3.0
2023-03-24 18:00:00,21.3,0.0
2023-03-24 19:00:00,21.9,0.0
2023-03-24 20:00:00,21.1,0.0
2023-03-24 21:00:00,19.5,0.0
2023-03-24 22:00:00,17.3,0.0
2023-03-24 23:00:00,16.0,0.0
2023-03-25 00:00:00,17.3,0.0
2023-03-25 01:00:00,15.4,0.0
2023-03-25 02:00:00,15.3,0.0
2023-03-25 03:00:00,13.7,0.0
2023-03-25 04:00:00,13.4,0.0
2023-03-25 05:00:00,12.9,18.0
2023-03-25 06:00:00,13.9,93.0
2023-03-25 07:00:00,11.1,202.0
2023-03-25 08:00:00,13.0,391.0
2023-03-25 09:00:00,13.9,471.0
2023-03-25 10:00:00,15.5,529.0
2023-03-25 11:00:00,15.6,418.0
2023-03-25 12:00:00,17.2,452.0
2023-03-25 13:00:00,16.0,213.0
2023-03-25 14:00:00,16.6,222.0
2023-03-25 15:00:00,16.5,155.0
2023-03-25 16:00:00,12.1,81.0
2023-03-25 17:00:00,10.9,11.0
2023-03-25 18:00:00,12.6,0.0
2023-03-25 19:00:00,13.8,0.0
2023-03-25 20:00:00,9.9,0.0
2023-03-25 21:00:00,10.2,0.0
2023-03-25 22:00:00,8.7,0.0
2023-03-25 23:00:00,8.9,0.0
2023-03-26 00:00:00,8.9,0.0
2023-03-26 01:00:00,7.4,0.0
2023-03-26 02:00:00,7.7,0.0
2023-03-26 03:00:00,7.9,0.0
2023-03-26 04:00:00,6.9,0.0
2023-03-26 05:00:00,9.5,14.0
2023-03-26 06:00:00,9.2,107.0
2023-03-26 07:00:00,10.3,197.0
2023-03-26 08:00:00,10.2,322.0
2023-03-26 09:00:00,11.0,418.0
2023-03-26 10:00:00,14.1,501.0
2023-03-26 11:00:00,13.5,293.0
2023-03-26 12:00:00,14.3,184.0
2023-03-26 13:00:00,13.0,324.0
2023-03-26 14:00:00,19.2,276.0
2023-03-26 15:00:00,8.6,126.0
2023-03-26 16:00:00,11.3,73.0
2023-03-26 17:00:00,10.2,8.0
2023-03-26 18:00:00,7.9,0.0
2023-03-26 19:00:00,10.6,0.0
2023-03-26 20:00:00,12.4,0.0
2023-03-26 21:00:00,13.1,0.0
2023-03-26 22:00:00,14.2,0.0
2023-03-26 23:00:00,15.1,0.0
2023-03-27 00:00:00,13.7,0.0
2023-03-27 01:00:00,13.1,0.0
2023-03-27 02:00:00,15.3,0.0
2023-03-27 03:00:00,15.1,0.0
2023-03-27 04:00:00,16.6,0.0
2023-03-27 05:00:00,13.7,21.0
2023-03-27 06:00:00,13.7,92.0
2023-03-27 07:00:00,17.3,135.0
2023-03-27 08:00:00,16.9,138.0
2023-03-27 09:00:00,16.2,198.0
2023-03-27 10:00:00,16.7,309.0
2023-03-27 11:00:00,15.8,291.0
2023-03-27 12:00:00,14.5,240.0
2023-03-27 13:00:00,14.6,219.0
2023-03-27 14:00:00,14.8,146.0
2023-03-27 15:00:00,15.3,100.0
2023-03-27 16:00:00,14.6,60.0
2023-03-27 17:00:00,10.5,11.0
2023-03-27 18:00:00,11.8,0.0
2023-03-27 19:00:00,17.1,0.0
2023-03-27 20:00:00,18.2,0.0
2023-03-27 21:00:00,18.6,0.0
2023-03-27 22:00:00,17.6,0.0
2023-03-27 23:00:00,17.9,0.0
2023-03-28 00:00:00,17.4,0.0
2023-03-28 01:00:00,16.1,0.0
2023-03-28 02:00:00,17.5,0.0
2023-03-28 03:00:00,16.9,0.0
2023-03-28 04:00:00,16.7,0.0
2023-03-28 05:00:00,15.2,16.0
2023-03-28 06:00:00,16.9,87.0
2023-03-28 07:00:00,16.8,189.0
2023-03-28 08:00:00,20.0,293.0
2023-03-28 09:00:00,21.0,398.0
2023-03-28 10:00:00,23.8,493.0
2023-03-28 11:00:00,25.0,457.0
2023-03-28 12:00:00,22.2,429.0
2023-03-28 13:00:00,23.5,287.0
2023-03-28 14:00:00,23.6,189.0
2023-03-28 15:00:00,24.1,168.0
2023-03-28 16:00:00,19.7,87.0
2023-03-28 17:00:00,18.3,14.0
2023-03-28 18:00:00,19.2,0.0
2023-03-28 19:00:00,20.2,0.0
2023-03-28 20:00:00,20.2,0.0
2023-03-28 21:00:00,21.3,0.0
2023-03-28 22:00:00,21.4,0.0
2023-03-28 23:00:00,20.9,0.0
2023-03-29 00:00:00,20.1,0.0
2023-03-29 01:00:00,22.9,0.0
2023-03-29 02:00:00,24.2,0.0
2023-03-29 03:00:00,27.2,0.0
2023-03-29 04:00:00,28.9,0.0
2023-03-29 05:00:00,31.2,10.0
2023-03-29 06:00:00,28.7,86.0
2023-03-29 07:00:00,28.0,155.0
2023-03-29 08:00:00,26.8,206.0
2023-03-29 09:00:00,27.5,296.0
2023-03-29 10:00:00,26.2,256.0
2023-03-29 11:00:00,25.7,273.0
2023-03-29 12:00:00,24.1,374.0
2023-03-29 13:00:00,24.1,363.0
2023-03-29 14:00:00,20.1,400.0
2023-03-29 15:00:00,18.4,284.0
2023-03-29 16:00:00,12.5,140.0
2023-03-29 17:00:00,7.0,22.0
2023-03-29 18:00:00,8.9,0.0
2023-03-29 19:00:00,10.1,0.0
2023-03-29 20:00:00,8.5,0.0
2023-03-29 21:00:00,6.1,0.0
2023-03-29 22:00:00,8.2,0.0
2023-03-29 23:00:00,7.2,0.0
2023-03-30 00:00:00,9.0,0.0
2023-03-30 01:00:00,10.1,0.0
2023-03-30 02:00:00,11.9,0.0
2023-03-30 03:00:00,13.3,0.0
2023-03-30 04:00:00,14.2,0.0
2023-03-30 05:00:00,15.2,26.0
2023-03-30 06:00:00,13.1,63.0
2023-03-30 07:00:00,14.8,108.0
2023-03-30 08:00:00,14.8,94.0
2023-03-30 09:00:00,16.7,171.0
2023-03-30 10:00:00,14.8,167.0
2023-03-30 11:00:00,13.9,205.0
2023-03-30 12:00:00,16.9,382.0
2023-03-30 13:00:00,18.8,496.0
2023-03-30 14:00:00,17.4,287.0
2023-03-30 15:00:00,9.7,115.0
2023-03-30 16:00:00,6.4,85.0
2023-03-30 17:00:00,5.5,14.0
2023-03-30 18:00:00,9.7,0.0
2023-03-30 19:00:00,11.2,0.0
2023-03-30 20:00:00,13.7,0.0
2023-03-30 21:00:00,14.2,0.0
2023-03-30 22:00:00,13.6,0.0
2023-03-30 23:00:00,13.5,0.0
2023-03-31 00:00:00,14.8,0.0
2023-03-31 01:00:00,14.5,0.0
2023-03-31 02:00:00,15.6,0.0
2023-03-31 03:00:00,15.5,0.0
2023-03-31 04:00:00,16.0,0.0
2023-03-31 05:00:00,15.3,7.0
2023-03-31 06:00:00,14.2,26.0
2023-03-31 07:00:00,14.0,44.0
2023-03-31 08:00:00,11.9,50.0
2023-03-31 09:00:00,12.9,107.0
2023-03-31 10:00:00,11.9,88.0
2023-03-31 11:00:00,12.8,109.0
2023-03-31 12:00:00,9.4,139.0
2023-03-31 13:00:00,8.9,82.0
2023-03-31 14:00:00,7.2,61.0
2023-03-31 15:00:00,6.6,101.0
2023-03-31 16:00:00,4.9,67.0
2023-03-31 17:00:00,6.2,11.0
2023-03-31 18:00:00,4.7,0.0
2023-03-31 19:00:00,6.6,0.0
2023-03-31 20:00:00,6.0,0.0
2023-03-31 21:00:00,6.3,0.0
2023-03-31 22:00:00,7.1,0.0
2023-03-31 23:00:00,6.6,0.0
2023-04-01 00:00:00,5.9,0.0
2023-04-01 01:00:00,5.1,0.0
2023-04-01 02:00:00,4.7,0.0
2023-04-01 03:00:00,4.7,0.0
2023-04-01 04:00:00,5.4,0.0
2023-04-01 05:00:00,6.6,16.0
2023-04-01 06:00:00,6.9,69.0
2023-04-01 07:00:00,4.8,100.0
2023-04-01 08:00:00,4.6,178.0
2023-04-01 09:00:00,4.6,227.0
2023-04-01 10:00:00,4.3,209.0
2023-04-01 11:00:00,3.8,141.0
2023-04-01 12:00:00,6.0,85.0
2023-04-01 13:00:00,9.7,63.0
2023-04-01 14:00:00,11.1,48.0
2023-04-01 15:00:00,13.3,31.0
2023-04-01 16:00:00,16.9,13.0
2023-04-01 17:00:00,19.4,4.0
2023-04-01 18:00:00,19.9,0.0
2023-04-01 19:00:00,19.6,0.0
2023-04-01 20:00:00,18.5,0.0
2023-04-01 21:00:00,18.0,0.0
2023-04-01 22:00:00,18.2,0.0
2023-04-01 23:00:00,18.4,0.0
2023-04-02 00:00:00,16.9,0.0
2023-04-02 01:00:00,16.2,0.0
2023-04-02 02:00:00,18.4,0.0
2023-04-02 03:00:00,18.3,0.0
2023-04-02 04:00:00,23.0,0.0
2023-04-02 05:00:00,22.5,8.0
2023-04-02 06:00:00,23.0,24.0
2023-04-02 07:00:00,23.5,45.0
2023-04-02 08:00:00,27.2,64.0
2023-04-02 09:00:00,24.6,94.0
2023-04-02 10:00:00,24.8,119.0
2023-04-02 11:00:00,23.6,84.0
2023-04-02 12:00:00,23.0,125.0
2023-04-02 13:00:00,23.1,120.0
2023-04-02 14:00:00,23.9,91.0
2023-04-02 15:00:00,21.7,64.0
2023-04-02 16:00:00,18.7,25.0
2023-04-02 17:00:00,18.3,5.0
2023-04-02 18:00:00,20.8,0.0
2023-04-02 19:00:00,22.7,0.0
2023-04-02 20:00:00,22.3,0.0
2023-04-02 21:00:00,21.8,0.0
2023-04-02 22:00:00,21.9,0.0
2023-04-02 23:00:00,20.2,0.0
2023-04-03 00:00:00,19.5,0.0
2023-04-03 01:00:00,18.9,0.0
2023-04-03 02:00:00,19.7,0.0
2023-04-03 03:00:00,19.9,0.0
2023-04-03 04:00:00,19.9,0.0
2023-04-03 05:00:00,18.4,57.0
2023-04-03 06:00:00,20.9,193.0
2023-04-03 07:00:00,20.9,347.0
2023-04-03 08:00:00,26.6,482.0
2023-04-03 09:00:00,26.7,503.0
2023-04-03 10:00:00,26.2,385.0
2023-04-03 11:00:00,25.1,322.0
2023-04-03 12:00:00,22.0,259.0
2023-04-03 13:00:00,22.0,239.0
2023-04-03 14:00:00,21.3,229.0
2023-04-03 15:00:00,20.2,153.0
2023-04-03 16:00:00,16.2,64.0
2023-04-03 17:00:00,16.3,13.0
2023-04-03 18:00:00,14.6,0.0
2023-04-03 19:00:00,14.1,0.0
2023-04-03 20:00:00,12.3,0.0
2023-04-03 21:00:00,11.4,0.0
2023-04-03 22:00:00,10.2,0.0
2023-04-03 23:00:00,8.0,0.0
2023-04-04 00:00:00,6.7,0.0
2023-04-04 01:00:00,8.7,0.0
2023-04-04 02:00:00,8.1,0.0
2023-04-04 03:00:00,8.7,0.0
2023-04-04 04:00:00,9.0,1.0
2023-04-04 05:00:00,11.0,34.0
2023-04-04 06:00:00,10.8,65.0
2023-04-04 07:00:00,11.1,109.0
2023-04-04 08:00:00,10.7,123.0
2023-04-04 09:00:00,11.9,106.0
2023-04-04 10:00:00,12.6,235.0
2023-04-04 11:00:00,11.0,307.0
2023-04-04 12:00:00,10.9,212.0
2023-04-04 13:00:00,10.5,165.0
2023-04-04 14:00:00,8.3,106.0
2023-04-04 15:00:00,7.7,69.0
2023-04-04 16:00:00,7.7,42.0
2023-04-04 17:00:00,5.6,13.0
2023-04-04 18:00:00,4.5,0.0
2023-04-04 19:00:00,5.0,0.0
2023-04-04 20:00:00,5.6,0.0
2023-04-04 21:00:00,5.0,0.0
2023-04-04 22:00:00,5.6,0.0
2023-04-04 23:00:00,4.3,0.0
2023-04-05 00:00:00,4.6,0.0
2023-04-05 01:00:00,4.6,0.0
2023-04-05 02:00:00,3.0,0.0
2023-04-05 03:00:00,3.7,0.0
2023-04-05 04:00:00,4.5,1.0
2023-04-05 05:00:00,3.7,30.0
2023-04-05 06:00:00,5.4,97.0
2023-04-05 07:00:00,5.0,170.0
2023-04-05 08:00:00,4.0,231.0
2023-04-05 09:00:00,3.3,333.0
2023-04-05 10:00:00,4.6,309.0
2023-04-05 11:00:00,4.1,279.0
2023-04-05 12:00:00,6.5,296.0
2023-04-05 13:00:00,7.0,288.0
2023-04-05 14:00:00,8.0,171.0
2023-04-05 15:00:00,9.0,115.0
2023-04-05 16:00:00,9.4,78.0
2023-04-05 17:00:00,7.7,22.0
2023-04-05 18:00:00,9.0,0.0
2023-04-05 19:00:00,10.1,0.0
2023-04-05 20:00:00,10.6,0.0
2023-04-05 21:00:00,11.4,0.0
2023-04-05 22:00:00,12.6,0.0
2023-04-05 23:00:00,12.8,0.0
2023-04-06 00:00:00,12.0,0.0
2023-04-06 01:00:00,14.4,0.0
2023-04-06 02:00:00,14.5,0.0
2023-04-06 03:00:00,14.1,0.0
2023-04-06 04:00:00,14.0,0.0
2023-04-06 05:00:00,12.6,24.0
2023-04-06 06:00:00,13.1,59.0
2023-04-06 07:00:00,14.7,195.0
2023-04-06 08:00:00,15.6,345.0
2023-04-06 09:00:00,16.4,354.0
2023-04-06 10:00:00,16.4,477.0
2023-04-06 11:00:00,17.0,450.0
2023-04-06 12:00:00,20.4,613.0
2023-04-06 13:00:00,22.4,341.0
2023-04-06 14:00:00,24.4,220.0
2023-04-06 15:00:00,19.9,132.0
2023-04-06 16:00:00,17.7,63.0
2023-04-06 17:00:00,17.8,36.0
2023-04-06 18:00:00,17.7,0.0
2023-04-06 19:00:00,16.8,0.0
2023-04-06 20:00:00,16.4,0.0
2023-04-06 21:00:00,16.2,0.0
2023-04-06 22:00:00,16.2,0.0
2023-04-06 23:00:00,16.3,0.0
2023-04-07 00:00:00,15.2,0.0
2023-04-07 01:00:00,15.1,0.0
2023-04-07 02:00:00,15.3,0.0
2023-04-07 03:00:00,15.3,0.0
2023-04-07 04:00:00,15.8,2.0
2023-04-07 05:00:00,16.1,54.0
2023-04-07 06:00:00,14.7,135.0
2023-04-07 07:00:00,16.0,284.0
2023-04-07 08:00:00,16.1,456.0
2023-04-07 09:00:00,15.7,547.0
2023-04-07 10:00:00,15.3,596.0
2023-04-07 11:00:00,15.5,596.0
2023-04-07 12:00:00,14.4,487.0
2023-04-07 13:00:00,14.8,383.0
2023-04-07 14:00:00,16.6,257.0
2023-04-07 15:00:00,12.2,160.0
2023-04-07 16:00:00,13.3,92.0
2023-04-07 17:00:00,10.9,23.0
2023-04-07 18:00:00,10.4,0.0
2023-04-07 19:00:00,8.5,0.0
2023-04-07 20:00:00,7.5,0.0
2023-04-07 21:00:00,5.8,0.0
2023-04-07 22:00:00,7.5,0.0
2023-04-07 23:00:00,6.3,0.0
2023-04-08 00:00:00,4.8,0.0
2023-04-08 01:00:00,5.8,0.0
2023-04-08 02:00:00,5.6,0.0
2023-04-08 03:00:00,4.8,0.0
2023-04-08 04:00:00,4.7,1.0
2023-04-08 05:00:00,5.8,47.0
2023-04-08 06:00:00,4.6,125.0
2023-04-08 07:00:00,5.6,172.0
2023-04-08 08:00:00,7.6,262.0
2023-04-08 09:00:00,8.6,280.0
2023-04-08 10:00:00,9.4,308.0
2023-04-08 11:00:00,9.0,324.0
2023-04-08 12:00:00,7.1,295.0
2023-04-08 13:00:00,6.2,480.0
2023-04-08 14:00:00,7.0,372.0
2023-04-08 15:00:00,9.5,265.0
2023-04-08 16:00:00,6.3,146.0
2023-04-08 17:00:00,6.9,32.0
2023-04-08 18:00:00,6.6,0.0
2023-04-08 19:00:00,7.9,0.0
2023-04-08 20:00:00,4.7,0.0
2023-04-08 21:00:00,6.9,0.0
2023-04-08 22:00:00,6.6,0.0
2023-04-08 23:00:00,7.5,0.0
2023-04-09 00:00:00,5.8,0.0
2023-04-09 01:00:00,6.6,0.0
2023-04-09 02:00:00,0.7,0.0
2023-04-09 03:00:00,3.2,0.0
2023-04-09 04:00:00,3.9,3.0
2023-04-09 05:00:00,3.7,51.0
2023-04-09 06:00:00,1.6,123.0
2023-04-09 07:00:00,3.1,234.0
2023-04-09 08:00:00,4.0,392.0
2023-04-09 09:00:00,3.6,544.0
2023-04-09 10:00:00,3.6,570.0
2023-04-09 11:00:00,3.7,527.0
2023-04-09 12:00:00,4.2,449.0
2023-04-09 13:00:00,6.8,377.0
2023-04-09 14:00:00,6.0,181.0
2023-04-09 15:00:00,5.4,95.0
2023-04-09 16:00:00,2.5,76.0
2023-04-09 17:00:00,6.9,32.0
2023-04-09 18:00:00,2.5,0.0
2023-04-09 19:00:00,4.4,0.0
2023-04-09 20:00:00,7.7,0.0
2023-04-09 21:00:00,7.9,0.0
2023-04-09 22:00:00,9.1,0.0
2023-04-09 23:00:00,8.9,0.0
2023-04-10 00:00:00,5.0,0.0
2023-04-10 01:00:00,4.7,0.0
2023-04-10 02:00:00,3.9,0.0
2023-04-10 03:00:00,3.9,0.0
2023-04-10 04:00:00,5.3,4.0
2023-04-10 05:00:00,5.0,59.0
2023-04-10 06:00:00,3.8,153.0
2023-04-10 07:00:00,3.2,283.0
2023-04-10 08:00:00,3.8,444.0
2023-04-10 09:00:00,5.0,592.0
2023-04-10 10:00:00,4.3,653.0
2023-04-10 11:00:00,3.2,653.0
2023-04-10 12:00:00,1.0,609.0
2023-04-10 13:00:00,1.6,481.0
2023-04-10 14:00:00,6.5,349.0
2023-04-10 15:00:00,4.8,287.0
2023-04-10 16:00:00,8.1,139.0
2023-04-10 17:00:00,4.3,45.0
2023-04-10 18:00:00,3.2,0.0
2023-04-10 19:00:00,1.8,0.0
2023-04-10 20:00:00,6.9,0.0
2023-04-10 21:00:00,6.4,0.0
2023-04-10 22:00:00,6.7,0.0
2023-04-10 23:00:00,7.9,0.0
2023-04-11 00:00:00,9.5,0.0
2023-04-11 01:00:00,8.6,0.0
2023-04-11 02:00:00,9.4,0.0
2023-04-11 03:00:00,9.4,0.0
2023-04-11 04:00:00,10.1,6.0
2023-04-11 05:00:00,11.3,89.0
2023-04-11 06:00:00,8.4,229.0
2023-04-11 07:00:00,9.8,376.0
2023-04-11 08:00:00,13.4,506.0
2023-04-11 09:00:00,15.3,603.0
2023-04-11 10:00:00,15.9,636.0
2023-04-11 11:00:00,17.1,612.0
2023-04-11 12:00:00,17.0,599.0
2023-04-11 13:00:00,16.9,524.0
2023-04-11 14:00:00,15.6,410.0
2023-04-11 15:00:00,14.3,317.0
2023-04-11 16:00:00,10.2,170.0
2023-04-11 17:00:00,7.6,52.0
2023-04-11 18:00:00,9.9,0.0
2023-04-11 19:00:00,10.7,0.0
2023-04-11 20:00:00,10.2,0.0
2023-04-11 21:00:00,10.3,0.0
2023-04-11 22:00:00,10.9,0.0
2023-04-11 23:00:00,11.6,0.0
2023-04-12 00:00:00,9.7,0.0
2023-04-12 01:00:00,10.7,0.0
2023-04-12 02:00:00,10.9,0.0
2023-04-12 03:00:00,11.2,0.0
2023-04-12 04:00:00,11.9,6.0
2023-04-12 05:00:00,12.3,61.0
2023-04-12 06:00:00,10.4,153.0
2023-04-12 07:00:00,10.5,324.0
2023-04-12 08:00:00,12.4,435.0
2023-04-12 09:00:00,16.2,532.0
2023-04-12 10:00:00,17.1,484.0
2023-04-12 11:00:00,19.7,581.0
2023-04-12 12:00:00,19.1,422.0
2023-04-12 13:00:00,18.0,411.0
2023-04-12 14:00:00,13.4,195.0
2023-04-12 15:00:00,13.7,176.0
2023-04-12 16:00:00,14.1,92.0
2023-04-12 17:00:00,19.4,28.0
2023-04-12 18:00:00,13.5,0.0
2023-04-12 19:00:00,7.0,0.0
2023-04-12 20:00:00,5.8,0.0
2023-04-12 21:00:00,7.7,0.0
2023-04-12 22:00:00,10.4,0.0
2023-04-12 23:00:00,10.9,0.0
2023-04-13 00:00:00,8.6,0.0
2023-04-13 01:00:00,8.6,0.0
2023-04-13 02:00:00,8.9,0.0
2023-04-13 03:00:00,7.8,0.0
2023-04-13 04:00:00,10.0,5.0
2023-04-13 05:00:00,12.9,59.0
2023-04-13 06:00:00,11.0,48.0
2023-04-13 07:00:00,8.6,68.0
2023-04-13 08:00:00,9.0,79.0
2023-04-13 09:00:00,10.9,147.0
2023-04-13 10:00:00,15.9,198.0
2023-04-13 11:00:00,16.9,161.0
2023-04-13 12:00:00,17.7,186.0
2023-04-13 13:00:00,15.1,112.0
2023-04-13 14:00:00,15.9,122.0
2023-04-13 15:00:00,15.5,111.0
2023-04-13 16:00:00,14.4,56.0
2023-04-13 17:00:00,15.5,9.0
2023-04-13 18:00:00,16.2,0.0
2023-04-13 19:00:00,15.0,0.0
2023-04-13 20:00:00,13.9,0.0
2023-04-13 21:00:00,13.1,0.0
2023-04-13 22:00:00,12.1,0.0
2023-04-13 23:00:00,11.1,0.0
2023-04-14 00:00:00,10.5,0.0
2023-04-14 01:00:00,10.8,0.0
2023-04-14 02:00:00,12.3,0.0
2023-04-14 03:00:00,13.4,0.0
2023-04-14 04:00:00,16.1,2.0
2023-04-14 05:00:00,18.8,29.0
2023-04-14 06:00:00,17.6,88.0
2023-04-14 07:00:00,16.9,83.0
2023-04-14 08:00:00,14.5,119.0
2023-04-14 09:00:00,16.3,235.0
2023-04-14 10:00:00,20.7,319.0
2023-04-14 11:00:00,24.5,515.0
2023-04-14 12:00:00,20.5,205.0
2023-04-14 13:00:00,20.6,265.0
2023-04-14 14:00:00,23.4,240.0
2023-04-14 15:00:00,19.1,135.0
2023-04-14 16:00:00,17.7,86.0
2023-04-14 17:00:00,19.5,52.0
2023-04-14 18:00:00,19.5,2.0
2023-04-14 19:00:00,18.6,0.0
2023-04-14 20:00:00,18.9,0.0
2023-04-14 21:00:00,19.3,0.0
2023-04-14 22:00:00,19.5,0.0
2023-04-14 23:00:00,19.6,0.0
2023-04-15 00:00:00,19.6,0.0
2023-04-15 01:00:00,19.5,0.0
2023-04-15 02:00:00,19.7,0.0
2023-04-15 03:00:00,19.7,0.0
2023-04-15 04:00:00,19.2,2.0
2023-04-15 05:00:00,19.4,12.0
2023-04-15 06:00:00,18.0,67.0
2023-04-15 07:00:00,20.2,150.0
2023-04-15 08:00:00,20.3,119.0
2023-04-15 09:00:00,24.3,258.0
2023-04-15 10:00:00,21.8,236.0
2023-04-15 11:00:00,22.7,168.0
2023-04-15 12:00:00,19.5,139.0
2023-04-15 13:00:00,23.5,245.0
2023-04-15 14:00:00,21.0,92.0
2023-04-15 15:00:00,18.7,65.0
2023-04-15 16:00:00,16.7,45.0
2023-04-15 17:00:00,16.1,19.0
2023-04-15 18:00:00,16.6,1.0
2023-04-15 19:00:00,18.7,0.0
2023-04-15 20:00:00,17.2,0.0
2023-04-15 21:00:00,16.5,0.0
2023-04-15 22:00:00,16.6,0.0
2023-04-15 23:00:00,15.1,0.0
2023-04-16 00:00:00,14.8,0.0
2023-04-16 01:00:00,13.8,0.0
2023-04-16 02:00:00,12.7,0.0
2023-04-16 03:00:00,13.8,0.0
2023-04-16 04:00:00,12.8,2.0
2023-04-16 05:00:00,13.1,16.0
2023-04-16 06:00:00,14.7,31.0
2023-04-16 07:00:00,11.9,60.0
2023-04-16 08:00:00,10.5,72.0
2023-04-16 09:00:00,10.7,83.0
2023-04-16 10:00:00,12.4,143.0
2023-04-16 11:00:00,13.2,181.0
2023-04-16 12:00:00,11.5,170.0
2023-04-16 13:00:00,11.3,100.0
2023-04-16 14:00:00,10.6,111.0
2023-04-16 15:00:00,9.5,136.0
2023-04-16 16:00:00,10.2,64.0
2023-04-16 17:00:00,12.4,20.0
2023-04-16 18:00:00,10.6,1.0
2023-04-16 19:00:00,9.9,0.0
2023-04-16 20:00:00,8.6,0.0
2023-04-16 21:00:00,9.6,0.0
2023-04-16 22:00:00,10.6,0.0
2023-04-16 23:00:00,10.8,0.0
2023-04-17 00:00:00,12.4,0.0
2023-04-17 01:00:00,12.9,0.0
2023-04-17 02:00:00,12.2,0.0
2023-04-17 03:00:00,9.0,0.0
2023-04-17 04:00:00,5.2,9.0
2023-04-17 05:00:00,3.7,70.0
2023-04-17 06:00:00,7.4,136.0
2023-04-17 07:00:00,10.3,202.0
2023-04-17 08:00:00,9.0,332.0
2023-04-17 09:00:00,7.8,345.0
2023-04-17 10:00:00,6.4,379.0
2023-04-17 11:00:00,7.5,472.0
2023-04-17 12:00:00,10.1,462.0
2023-04-17 13:00:00,12.0,277.0
2023-04-17 14:00:00,12.7,272.0
2023-04-17 15:00:00,13.4,202.0
2023-04-17 16:00:00,9.9,137.0
2023-04-17 17:00:00,7.3,61.0
2023-04-17 18:00:00,9.8,3.0
2023-04-17 19:00:00,8.7,0.0
2023-04-17 20:00:00,7.4,0.0
2023-04-17 21:00:00,7.4,0.0
2023-04-17 22:00:00,8.2,0.0
2023-04-17 23:00:00,7.7,0.0
2023-04-18 00:00:00,7.0,0.0
2023-04-18 01:00:00,8.7,0.0
2023-04-18 02:00:00,8.7,0.0
2023-04-18 03:00:00,8.7,0.0
2023-04-18 04:00:00,9.4,18.0
2023-04-18 05:00:00,9.9,121.0
2023-04-18 06:00:00,7.9,271.0
2023-04-18 07:00:00,10.0,388.0
2023-04-18 08:00:00,14.3,522.0
2023-04-18 09:00:00,16.1,613.0
2023-04-18 10:00:00,14.8,576.0
2023-04-18 11:00:00,13.5,482.0
2023-04-18 12:00:00,12.3,354.0
2023-04-18 13:00:00,12.2,352.0
2023-04-18 14:00:00,9.2,374.0
2023-04-18 15:00:00,15.5,288.0
2023-04-18 16:00:00,10.2,85.0
2023-04-18 17:00:00,8.3,22.0
2023-04-18 18:00:00,10.5,1.0
2023-04-18 19:00:00,12.1,0.0
2023-04-18 20:00:00,11.9,0.0
2023-04-18 21:00:00,13.6,0.0
2023-04-18 22:00:00,13.2,0.0
2023-04-18 23:00:00,16.1,0.0
2023-04-19 00:00:00,15.3,0.0
2023-04-19 01:00:00,17.9,0.0
2023-04-19 02:00:00,17.8,0.0
2023-04-19 03:00:00,19.4,0.0
2023-04-19 04:00:00,19.7,13.0
2023-04-19 05:00:00,22.4,64.0
2023-04-19 06:00:00,21.8,167.0
2023-04-19 07:00:00,23.7,218.0
2023-04-19 08:00:00,25.9,491.0
2023-04-19 09:00:00,22.7,566.0
2023-04-19 10:00:00,21.6,544.0
2023-04-19 11:00:00,20.9,540.0
2023-04-19 12:00:00,21.2,526.0
2023-04-19 13:00:00,21.7,467.0
2023-04-19 14:00:00,21.4,405.0
2023-04-19 15:00:00,17.0,239.0
2023-04-19 16:00:00,17.5,131.0
2023-04-19 17:00:00,18.1,50.0
2023-04-19 18:00:00,20.0,4.0
2023-04-19 19:00:00,20.1,0.0
2023-04-19 20:00:00,17.0,0.0
2023-04-19 21:00:00,16.4,0.0
2023-04-19 22:00:00,17.0,0.0
2023-04-19 23:00:00,16.7,0.0
2023-04-20 00:00:00,16.7,0.0
2023-04-20 01:00:00,16.5,0.0
2023-04-20 02:00:00,15.7,0.0
2023-04-20 03:00:00,15.3,0.0
2023-04-20 04:00:00,15.5,23.0
2023-04-20 05:00:00,15.6,134.0
2023-04-20 06:00:00,16.6,281.0
2023-04-20 07:00:00,16.6,429.0
2023-04-20 08:00:00,16.4,559.0
2023-04-20 09:00:00,16.6,657.0
2023-04-20 10:00:00,17.9,717.0
2023-04-20 11:00:00,18.2,663.0
2023-04-20 12:00:00,18.3,669.0
2023-04-20 13:00:00,18.4,630.0
2023-04-20 14:00:00,19.2,514.0
2023-04-20 15:00:00,17.0,376.0
2023-04-20 16:00:00,15.0,225.0
2023-04-20 17:00:00,13.8,83.0
2023-04-20 18:00:00,14.4,6.0
2023-04-20 19:00:00,13.6,0.0
2023-04-20 20:00:00,13.0,0.0
2023-04-20 21:00:00,13.8,0.0
2023-04-20 22:00:00,14.1,0.0
2023-04-20 23:00:00,14.2,0.0
2023-04-21 00:00:00,13.0,0.0
2023-04-21 01:00:00,11.7,0.0
2023-04-21 02:00:00,11.2,0.0
2023-04-21 03:00:00,10.6,0.0
2023-04-21 04:00:00,10.5,25.0
2023-04-21 05:00:00,10.3,127.0
2023-04-21 06:00:00,8.9,270.0
2023-04-21 07:00:00,8.9,428.0
2023-04-21 08:00:00,9.3,562.0
2023-04-21 09:00:00,11.0,638.0
2023-04-21 10:00:00,12.8,677.0
2023-04-21 11:00:00,11.8,678.0
2023-04-21 12:00:00,12.6,678.0
2023-04-21 13:00:00,13.7,587.0
2023-04-21 14:00:00,10.3,181.0
2023-04-21 15:00:00,8.4,154.0
2023-04-21 16:00:00,6.2,110.0
2023-04-21 17:00:00,6.5,45.0
2023-04-21 18:00:00,6.2,4.0
2023-04-21 19:00:00,8.2,0.0
2023-04-21 20:00:00,8.4,0.0
2023-04-21 21:00:00,6.8,0.0
2023-04-21 22:00:00,6.0,0.0
2023-04-21 23:00:00,4.9,0.0
2023-04-22 00:00:00,7.0,0.0
2023-04-22 01:00:00,5.8,0.0
2023-04-22 02:00:00,3.9,0.0
2023-04-22 03:00:00,6.3,0.0
2023-04-22 04:00:00,3.6,23.0
2023-04-22 05:00:00,5.8,118.0
2023-04-22 06:00:00,4.5,238.0
2023-04-22 07:00:00,4.0,328.0
2023-04-22 08:00:00,4.2,376.0
2023-04-22 09:00:00,4.0,468.0
2023-04-22 10:00:00,3.7,574.0
2023-04-22 11:00:00,4.7,490.0
2023-04-22 12:00:00,5.0,357.0
2023-04-22 13:00:00,5.7,343.0
2023-04-22 14:00:00,7.2,308.0
2023-04-22 15:00:00,6.1,186.0
2023-04-22 16:00:00,5.8,102.0
2023-04-22 17:00:00,8.3,55.0
2023-04-22 18:00:00,7.3,6.0
2023-04-22 19:00:00,6.5,0.0
2023-04-22 20:00:00,5.8,0.0
2023-04-22 21:00:00,6.5,0.0
2023-04-22 22:00:00,8.8,0.0
2023-04-22 23:00:00,8.2,0.0
2023-04-23 00:00:00,6.1,0.0
2023-04-23 01:00:00,6.8,0.0
2023-04-23 02:00:00,7.7,0.0
2023-04-23 03:00:00,7.8,0.0
2023-04-23 04:00:00,9.7,29.0
2023-04-23 05:00:00,10.5,142.0
2023-04-23 06:00:00,8.7,278.0
2023-04-23 07:00:00,10.4,418.0
2023-04-23 08:00:00,13.8,556.0
2023-04-23 09:00:00,15.5,677.0
2023-04-23 10:00:00,14.9,648.0
2023-04-23 11:00:00,17.2,632.0
2023-04-23 12:00:00,17.7,498.0
2023-04-23 13:00:00,17.7,497.0
2023-04-23 14:00:00,14.8,456.0
2023-04-23 15:00:00,12.3,349.0
2023-04-23 16:00:00,15.2,224.0
2023-04-23 17:00:00,14.6,95.0
2023-04-23 18:00:00,13.6,9.0
2023-04-23 19:00:00,15.9,0.0
2023-04-23 20:00:00,15.0,0.0
2023-04-23 21:00:00,16.0,0.0
2023-04-23 22:00:00,15.6,0.0
2023-04-23 23:00:00,16.1,0.0
2023-04-24 00:00:00,16.9,0.0
2023-04-24 01:00:00,16.5,0.0
2023-04-24 02:00:00,16.5,0.0
2023-04-24 03:00:00,16.3,0.0
2023-04-24 04:00:00,16.6,35.0
2023-04-24 05:00:00,15.0,155.0
2023-04-24 06:00:00,15.9,304.0
2023-04-24 07:00:00,17.8,453.0
2023-04-24 08:00:00,18.9,581.0
2023-04-24 09:00:00,22.7,664.0
2023-04-24 10:00:00,25.4,683.0
2023-04-24 11:00:00,22.8,572.0
2023-04-24 12:00:00,21.1,565.0
2023-04-24 13:00:00,19.2,595.0
2023-04-24 14:00:00,19.7,525.0
2023-04-24 15:00:00,15.6,361.0
2023-04-24 16:00:00,17.6,241.0
2023-04-24 17:00:00,19.8,98.0
2023-04-24 18:00:00,17.4,10.0
2023-04-24 19:00:00,17.1,0.0
2023-04-24 20:00:00,16.4,0.0
2023-04-24 21:00:00,16.3,0.0
2023-04-24 22:00:00,17.3,0.0
2023-04-24 23:00:00,17.1,0.0
2023-04-25 00:00:00,15.2,0.0
2023-04-25 01:00:00,15.3,0.0
2023-04-25 02:00:00,15.3,0.0
2023-04-25 03:00:00,16.0,0.0
2023-04-25 04:00:00,16.2,38.0
2023-04-25 05:00:00,13.5,159.0
2023-04-25 06:00:00,15.7,307.0
2023-04-25 07:00:00,16.3,455.0
2023-04-25 08:00:00,17.2,582.0
2023-04-25 09:00:00,17.9,682.0
2023-04-25 10:00:00,18.2,723.0
2023-04-25 11:00:00,14.1,694.0
2023-04-25 12:00:00,15.3,526.0
2023-04-25 13:00:00,16.9,550.0
2023-04-25 14:00:00,13.0,496.0
2023-04-25 15:00:00,10.4,366.0
2023-04-25 16:00:00,8.6,223.0
2023-04-25 17:00:00,8.6,94.0
2023-04-25 18:00:00,12.8,10.0
2023-04-25 19:00:00,11.5,0.0
2023-04-25 20:00:00,6.8,0.0
2023-04-25 21:00:00,5.2,0.0
2023-04-25 22:00:00,8.4,0.0
2023-04-25 23:00:00,7.4,0.0
2023-04-26 00:00:00,10.1,0.0
2023-04-26 01:00:00,10.2,0.0
2023-04-26 02:00:00,13.3,0.0
2023-04-26 03:00:00,15.1,0.0
2023-04-26 04:00:00,16.8,12.0
2023-04-26 05:00:00,16.9,35.0
2023-04-26 06:00:00,17.3,65.0
2023-04-26 07:00:00,17.6,102.0
2023-04-26 08:00:00,17.4,82.0
2023-04-26 09:00:00,19.0,137.0
2023-04-26 10:00:00,19.2,128.0
2023-04-26 11:00:00,18.4,121.0
2023-04-26 12:00:00,16.7,101.0
2023-04-26 13:00:00,17.9,69.0
2023-04-26 14:00:00,13.4,53.0
2023-04-26 15:00:00,17.8,67.0
2023-04-26 16:00:00,15.6,41.0
2023-04-26 17:00:00,14.0,27.0
2023-04-26 18:00:00,11.9,3.0
2023-04-26 19:00:00,10.2,0.0
2023-04-26 20:00:00,14.3,0.0
2023-04-26 21:00:00,14.5,0.0
2023-04-26 22:00:00,15.2,0.0
2023-04-26 23:00:00,15.4,0.0
2023-04-27 00:00:00,13.9,0.0
2023-04-27 01:00:00,13.9,0.0
2023-04-27 02:00:00,13.0,0.0
2023-04-27 03:00:00,13.4,0.0
2023-04-27 04:00:00,14.2,31.0
2023-04-27 05:00:00,13.4,123.0
2023-04-27 06:00:00,15.7,234.0
2023-04-27 07:00:00,15.7,388.0
2023-04-27 08:00:00,17.3,562.0
2023-04-27 09:00:00,18.2,606.0
2023-04-27 10:00:00,18.5,599.0
2023-04-27 11:00:00,18.2,595.0
2023-04-27 12:00:00,16.9,454.0
2023-04-27 13:00:00,16.8,414.0
2023-04-27 14:00:00,16.2,216.0
2023-04-27 15:00:00,16.4,163.0
2023-04-27 16:00:00,15.3,193.0
2023-04-27 17:00:00,12.1,97.0
2023-04-27 18:00:00,7.6,12.0
2023-04-27 19:00:00,8.0,0.0
2023-04-27 20:00:00,10.9,0.0
2023-04-27 21:00:00,10.8,0.0
2023-04-27 22:00:00,9.9,0.0
2023-04-27 23:00:00,8.8,0.0
2023-04-28 00:00:00,8.3,0.0
2023-04-28 01:00:00,8.0,0.0
2023-04-28 02:00:00,7.7,0.0
2023-04-28 03:00:00,7.7,0.0
2023-04-28 04:00:00,10.1,49.0
2023-04-28 05:00:00,9.2,175.0
2023-04-28 06:00:00,11.7,328.0
2023-04-28 07:00:00,18.7,478.0
2023-04-28 08:00:00,18.4,544.0
2023-04-28 09:00:00,17.7,583.0
2023-04-28 10:00:00,15.9,651.0
2023-04-28 11:00:00,15.5,676.0
2023-04-28 12:00:00,16.2,664.0
2023-04-28 13:00:00,16.6,607.0
2023-04-28 14:00:00,16.6,515.0
2023-04-28 15:00:00,15.9,391.0
2023-04-28 16:00:00,14.2,258.0
2023-04-28 17:00:00,10.5,108.0
2023-04-28 18:00:00,6.9,15.0
2023-04-28 19:00:00,9.7,0.0
2023-04-28 20:00:00,7.3,0.0
2023-04-28 21:00:00,6.9,0.0
2023-04-28 22:00:00,5.3,0.0
2023-04-28 23:00:00,6.5,0.0
2023-04-29 00:00:00,6.6,0.0
2023-04-29 01:00:00,6.9,0.0
2023-04-29 02:00:00,6.9,0.0
2023-04-29 03:00:00,5.8,0.0
2023-04-29 04:00:00,8.1,45.0
2023-04-29 05:00:00,8.0,173.0
2023-04-29 06:00:00,8.3,310.0
2023-04-29 07:00:00,10.3,475.0
2023-04-29 08:00:00,13.4,601.0
2023-04-29 09:00:00,14.8,702.0
2023-04-29 10:00:00,15.8,601.0
2023-04-29 11:00:00,15.9,562.0
2023-04-29 12:00:00,11.4,467.0
2023-04-29 13:00:00,12.0,597.0
2023-04-29 14:00:00,11.0,521.0
2023-04-29 15:00:00,11.2,331.0
2023-04-29 16:00:00,15.2,228.0
2023-04-29 17:00:00,13.8,116.0
2023-04-29 18:00:00,10.9,17.0
2023-04-29 19:00:00,13.6,0.0
2023-04-29 20:00:00,14.8,0.0
2023-04-29 21:00:00,16.1,0.0
2023-04-29 22:00:00,17.2,0.0
2023-04-29 23:00:00,17.8,0.0
2023-04-30 00:00:00,16.2,0.0
2023-04-30 01:00:00,16.2,0.0
2023-04-30 02:00:00,16.9,0.0
2023-04-30 03:00:00,16.5,0.0
2023-04-30 04:00:00,17.8,17.0
2023-04-30 05:00:00,14.0,73.0
2023-04-30 06:00:00,15.3,195.0
2023-04-30 07:00:00,10.9,81.0
2023-04-30 08:00:00,9.7,90.0
2023-04-30 09:00:00,10.8,96.0
2023-04-30 10:00:00,13.7,300.0
2023-04-30 11:00:00,15.4,473.0
2023-04-30 12:00:00,15.8,617.0
2023-04-30 13:00:00,16.7,569.0
2023-04-30 14:00:00,18.8,516.0
2023-04-30 15:00:00,19.9,417.0
2023-04-30 16:00:00,17.3,269.0
2023-04-30 17:00:00,16.8,125.0
2023-04-30 18:00:00,19.7,19.0
2023-04-30 19:00:00,18.7,0.0
2023-04-30 20:00:00,18.2,0.0
2023-04-30 21:00:00,17.4,0.0
2023-04-30 22:00:00,16.4,0.0
2023-04-30 23:00:00,15.0,0.0
2023-05-01 00:00:00,12.7,0.0
2023-05-01 01:00:00,10.5,0.0
2023-05-01 02:00:00,9.6,0.0
2023-05-01 03:00:00,8.7,1.0
2023-05-01 04:00:00,8.7,60.0
2023-05-01 05:00:00,5.6,193.0
2023-05-01 06:00:00,5.4,348.0
2023-05-01 07:00:00,6.2,498.0
2023-05-01 08:00:00,9.0,627.0
2023-05-01 09:00:00,10.1,723.0
2023-05-01 10:00:00,11.9,781.0
2023-05-01 11:00:00,14.4,702.0
2023-05-01 12:00:00,14.6,420.0
2023-05-01 13:00:00,14.1,560.0
2023-05-01 14:00:00,12.3,534.0
2023-05-01 15:00:00,12.6,415.0
2023-05-01 16:00:00,13.6,267.0
2023-05-01 17:00:00,9.7,124.0
2023-05-01 18:00:00,10.0,20.0
2023-05-01 19:00:00,12.2,0.0
2023-05-01 20:00:00,13.2,0.0
2023-05-01 21:00:00,14.1,0.0
2023-05-01 22:00:00,14.4,0.0
2023-05-01 23:00:00,15.5,0.0
2023-05-02 00:00:00,16.9,0.0
2023-05-02 01:00:00,17.3,0.0
2023-05-02 02:00:00,17.3,0.0
2023-05-02 03:00:00,18.0,2.0
2023-05-02 04:00:00,19.5,54.0
2023-05-02 05:00:00,17.0,167.0
2023-05-02 06:00:00,19.9,251.0
2023-05-02 07:00:00,22.0,374.0
2023-05-02 08:00:00,23.4,477.0
2023-05-02 09:00:00,24.2,614.0
2023-05-02 10:00:00,23.4,733.0
2023-05-02 11:00:00,22.9,753.0
2023-05-02 12:00:00,27.6,718.0
2023-05-02 13:00:00,20.2,297.0
2023-05-02 14:00:00,13.5,100.0
2023-05-02 15:00:00,12.2,79.0
2023-05-02 16:00:00,11.4,22.0
2023-05-02 17:00:00,12.1,73.0
2023-05-02 18:00:00,11.3,19.0
2023-05-02 19:00:00,15.1,0.0
2023-05-02 20:00:00,13.1,0.0
2023-05-02 21:00:00,11.0,0.0
2023-05-02 22:00:00,13.9,0.0
2023-05-02 23:00:00,12.3,0.0
2023-05-03 00:00:00,9.5,0.0
2023-05-03 01:00:00,8.1,0.0
2023-05-03 02:00:00,8.0,0.0
2023-05-03 03:00:00,7.3,2.0
2023-05-03 04:00:00,8.0,67.0
2023-05-03 05:00:00,6.5,204.0
2023-05-03 06:00:00,8.0,360.0
2023-05-03 07:00:00,7.9,509.0
2023-05-03 08:00:00,6.8,639.0
2023-05-03 09:00:00,4.1,737.0
2023-05-03 10:00:00,6.4,794.0
2023-05-03 11:00:00,9.2,811.0
2023-05-03 12:00:00,6.8,593.0
2023-05-03 13:00:00,9.7,669.0
2023-05-03 14:00:00,11.3,499.0
2023-05-03 15:00:00,11.7,314.0
2023-05-03 16:00:00,10.3,229.0
2023-05-03 17:00:00,7.8,81.0
2023-05-03 18:00:00,7.0,25.0
2023-05-03 19:00:00,7.6,0.0
2023-05-03 20:00:00,6.6,0.0
2023-05-03 21:00:00,9.7,0.0
2023-05-03 22:00:00,11.0,0.0
2023-05-03 23:00:00,7.6,0.0
2023-05-04 00:00:00,7.4,0.0
2023-05-04 01:00:00,8.1,0.0
2023-05-04 02:00:00,4.8,0.0
2023-05-04 03:00:00,5.1,3.0
2023-05-04 04:00:00,7.8,66.0
2023-05-04 05:00:00,6.1,194.0
2023-05-04 06:00:00,6.5,354.0
2023-05-04 07:00:00,6.2,503.0
2023-05-04 08:00:00,7.0,596.0
2023-05-04 09:00:00,8.2,671.0
2023-05-04 10:00:00,10.0,761.0
2023-05-04 11:00:00,11.5,717.0
2023-05-04 12:00:00,11.9,651.0
2023-05-04 13:00:00,12.8,541.0
2023-05-04 14:00:00,11.3,502.0
2023-05-04 15:00:00,14.3,402.0
2023-05-04 16:00:00,17.8,266.0
2023-05-04 17:00:00,12.5,123.0
2023-05-04 18:00:00,10.2,26.0
2023-05-04 19:00:00,10.0,0.0
2023-05-04 20:00:00,8.8,0.0
2023-05-04 21:00:00,5.2,0.0
2023-05-04 22:00:00,4.3,0.0
2023-05-04 23:00:00,7.5,0.0
2023-05-05 00:00:00,11.3,0.0
2023-05-05 01:00:00,10.8,0.0
2023-05-05 02:00:00,10.6,0.0
2023-05-05 03:00:00,9.9,3.0
2023-05-05 04:00:00,9.7,43.0
2023-05-05 05:00:00,11.8,154.0
2023-05-05 06:00:00,13.2,343.0
2023-05-05 07:00:00,13.4,507.0
2023-05-05 08:00:00,13.2,643.0
2023-05-05 09:00:00,12.4,672.0
2023-05-05 10:00:00,12.1,663.0
2023-05-05 11:00:00,12.4,671.0
2023-05-05 12:00:00,11.9,653.0
2023-05-05 13:00:00,11.6,653.0
2023-05-05 14:00:00,10.9,549.0
2023-05-05 15:00:00,12.1,447.0
2023-05-05 16:00:00,12.5,282.0
2023-05-05 17:00:00,11.4,143.0
2023-05-05 18:00:00,7.2,30.0
2023-05-05 19:00:00,6.2,0.0
2023-05-05 20:00:00,9.0,0.0
2023-05-05 21:00:00,17.7,0.0
2023-05-05 22:00:00,13.8,0.0
2023-05-05 23:00:00,13.0,0.0
2023-05-06 00:00:00,12.0,0.0
2023-05-06 01:00:00,10.9,0.0
2023-05-06 02:00:00,10.8,0.0
2023-05-06 03:00:00,11.9,4.0
2023-05-06 04:00:00,12.6,78.0
2023-05-06 05:00:00,13.7,215.0
2023-05-06 06:00:00,15.2,372.0
2023-05-06 07:00:00,14.3,519.0
2023-05-06 08:00:00,13.1,647.0
2023-05-06 09:00:00,10.0,750.0
2023-05-06 10:00:00,8.9,656.0
2023-05-06 11:00:00,9.4,565.0
2023-05-06 12:00:00,11.6,663.0
2023-05-06 13:00:00,12.1,671.0
2023-05-06 14:00:00,12.0,569.0
2023-05-06 15:00:00,12.8,425.0
2023-05-06 16:00:00,12.8,282.0
2023-05-06 17:00:00,13.7,138.0
2023-05-06 18:00:00,15.0,29.0
2023-05-06 19:00:00,12.5,0.0
2023-05-06 20:00:00,12.8,0.0
2023-05-06 21:00:00,12.8,0.0
2023-05-06 22:00:00,12.8,0.0
2023-05-06 23:00:00,13.7,0.0
2023-05-07 00:00:00,14.0,0.0
2023-05-07 01:00:00,13.0,0.0
2023-05-07 02:00:00,12.2,0.0
2023-05-07 03:00:00,11.9,5.0
2023-05-07 04:00:00,13.4,81.0
2023-05-07 05:00:00,11.9,218.0
2023-05-07 06:00:00,12.6,373.0
2023-05-07 07:00:00,14.1,520.0
2023-05-07 08:00:00,13.7,646.0
2023-05-07 09:00:00,13.4,736.0
2023-05-07 10:00:00,13.7,723.0
2023-05-07 11:00:00,13.7,731.0
2023-05-07 12:00:00,11.7,626.0
2023-05-07 13:00:00,13.2,700.0
2023-05-07 14:00:00,13.1,592.0
2023-05-07 15:00:00,12.6,446.0
2023-05-07 16:00:00,15.8,293.0
2023-05-07 17:00:00,12.8,149.0
2023-05-07 18:00:00,13.0,33.0
2023-05-07 19:00:00,11.0,0.0
2023-05-07 20:00:00,9.1,0.0
2023-05-07 21:00:00,8.3,0.0
2023-05-07 22:00:00,9.0,0.0
2023-05-07 23:00:00,8.7,0.0
2023-05-08 00:00:00,10.1,0.0
2023-05-08 01:00:00,8.7,0.0
2023-05-08 02:00:00,6.8,0.0
2023-05-08 03:00:00,5.8,6.0
2023-05-08 04:00:00,7.3,84.0
2023-05-08 05:00:00,5.1,222.0
2023-05-08 06:00:00,5.8,376.0
2023-05-08 07:00:00,6.5,523.0
2023-05-08 08:00:00,6.2,649.0
2023-05-08 09:00:00,5.4,712.0
2023-05-08 10:00:00,5.4,742.0
2023-05-08 11:00:00,5.6,711.0
2023-05-08 12:00:00,6.0,644.0
2023-05-08 13:00:00,8.0,692.0
2023-05-08 14:00:00,7.6,562.0
2023-05-08 15:00:00,6.6,429.0
2023-05-08 16:00:00,5.6,293.0
2023-05-08 17:00:00,4.8,150.0
2023-05-08 18:00:00,8.4,36.0
2023-05-08 19:00:00,11.1,0.0
2023-05-08 20:00:00,8.1,0.0
2023-05-08 21:00:00,8.3,0.0
2023-05-08 22:00:00,8.1,0.0
2023-05-08 23:00:00,8.9,0.0
2023-05-09 00:00:00,9.8,0.0
2023-05-09 01:00:00,10.2,0.0
2023-05-09 02:00:00,8.9,0.0
2023-05-09 03:00:00,8.9,7.0
2023-05-09 04:00:00,9.4,86.0
2023-05-09 05:00:00,7.0,223.0
2023-05-09 06:00:00,5.4,377.0
2023-05-09 07:00:00,5.1,525.0
2023-05-09 08:00:00,2.9,651.0
2023-05-09 09:00:00,2.3,713.0
2023-05-09 10:00:00,2.2,632.0
2023-05-09 11:00:00,2.3,545.0
2023-05-09 12:00:00,0.8,477.0
2023-05-09 13:00:00,3.7,606.0
2023-05-09 14:00:00,5.4,401.0
2023-05-09 15:00:00,5.0,297.0
2023-05-09 16:00:00,2.1,213.0
2023-05-09 17:00:00,0.8,111.0
2023-05-09 18:00:00,6.2,35.0
2023-05-09 19:00:00,10.6,0.0
2023-05-09 20:00:00,11.2,0.0
2023-05-09 21:00:00,9.5,0.0
2023-05-09 22:00:00,9.5,0.0
2023-05-09 23:00:00,9.5,0.0
2023-05-10 00:00:00,7.6,0.0
2023-05-10 01:00:00,7.2,0.0
2023-05-10 02:00:00,7.2,0.0
2023-05-10 03:00:00,6.9,7.0
2023-05-10 04:00:00,7.6,86.0
2023-05-10 05:00:00,4.5,218.0
2023-05-10 06:00:00,2.2,377.0
2023-05-10 07:00:00,1.1,522.0
2023-05-10 08:00:00,4.0,650.0
2023-05-10 09:00:00,7.6,706.0
2023-05-10 10:00:00,8.1,435.0
2023-05-10 11:00:00,8.4,377.0
2023-05-10 12:00:00,10.6,355.0
2023-05-10 13:00:00,11.9,580.0
2023-05-10 14:00:00,11.2,483.0
2023-05-10 15:00:00,9.9,410.0
2023-05-10 16:00:00,10.5,288.0
2023-05-10 17:00:00,8.2,148.0
2023-05-10 18:00:00,8.4,39.0
2023-05-10 19:00:00,13.1,0.0
2023-05-10 20:00:00,12.9,0.0
2023-05-10 21:00:00,13.1,0.0
2023-05-10 22:00:00,8.6,0.0
2023-05-10 23:00:00,6.6,0.0
2023-05-11 00:00:00,8.2,0.0
2023-05-11 01:00:00,8.4,0.0
2023-05-11 02:00:00,6.6,0.0
2023-05-11 03:00:00,7.0,8.0
2023-05-11 04:00:00,7.6,91.0
2023-05-11 05:00:00,5.0,229.0
2023-05-11 06:00:00,5.2,382.0
2023-05-11 07:00:00,6.0,529.0
2023-05-11 08:00:00,10.7,655.0
2023-05-11 09:00:00,14.1,750.0
2023-05-11 10:00:00,14.7,753.0
2023-05-11 11:00:00,13.4,706.0
2023-05-11 12:00:00,11.7,585.0
2023-05-11 13:00:00,10.8,586.0
2023-05-11 14:00:00,14.6,452.0
2023-05-11 15:00:00,15.4,306.0
2023-05-11 16:00:00,13.6,201.0
2023-05-11 17:00:00,10.1,142.0
2023-05-11 18:00:00,9.5,42.0
2023-05-11 19:00:00,9.7,0.0
2023-05-11 20:00:00,7.1,0.0
2023-05-11 21:00:00,8.5,0.0
2023-05-11 22:00:00,9.9,0.0
2023-05-11 23:00:00,7.8,0.0
2023-05-12 00:00:00,8.6,0.0
2023-05-12 01:00:00,5.5,0.0
2023-05-12 02:00:00,2.6,0.0
2023-05-12 03:00:00,2.8,10.0
2023-05-12 04:00:00,3.6,95.0
2023-05-12 05:00:00,5.6,232.0
2023-05-12 06:00:00,4.6,384.0
2023-05-12 07:00:00,7.5,530.0
2023-05-12 08:00:00,9.0,654.0
2023-05-12 09:00:00,7.4,748.0
2023-05-12 10:00:00,8.0,727.0
2023-05-12 11:00:00,7.3,328.0
2023-05-12 12:00:00,7.1,492.0
2023-05-12 13:00:00,7.3,470.0
2023-05-12 14:00:00,8.2,344.0
2023-05-12 15:00:00,9.2,281.0
2023-05-12 16:00:00,8.7,208.0
2023-05-12 17:00:00,10.0,115.0
2023-05-12 18:00:00,9.5,45.0
2023-05-12 19:00:00,8.9,0.0
2023-05-12 20:00:00,7.1,0.0
2023-05-12 21:00:00,6.6,0.0
2023-05-12 22:00:00,7.0,0.0
2023-05-12 23:00:00,6.4,0.0
2023-05-13 00:00:00,7.3,0.0
2023-05-13 01:00:00,6.5,0.0
2023-05-13 02:00:00,5.9,0.0
2023-05-13 03:00:00,10.2,8.0
2023-05-13 04:00:00,10.9,81.0
2023-05-13 05:00:00,8.9,198.0
2023-05-13 06:00:00,9.6,309.0
2023-05-13 07:00:00,8.8,429.0
2023-05-13 08:00:00,11.4,603.0
2023-05-13 09:00:00,14.8,692.0
2023-05-13 10:00:00,17.1,669.0
2023-05-13 11:00:00,15.7,683.0
2023-05-13 12:00:00,15.0,678.0
2023-05-13 13:00:00,14.9,586.0
2023-05-13 14:00:00,13.8,525.0
2023-05-13 15:00:00,13.1,420.0
2023-05-13 16:00:00,13.3,250.0
2023-05-13 17:00:00,11.6,106.0
2023-05-13 18:00:00,8.4,40.0
2023-05-13 19:00:00,6.0,0.0
2023-05-13 20:00:00,6.2,0.0
2023-05-13 21:00:00,7.3,0.0
2023-05-13 22:00:00,9.4,0.0
2023-05-13 23:00:00,8.6,0.0
2023-05-14 00:00:00,10.9,0.0
2023-05-14 01:00:00,10.4,0.0
2023-05-14 02:00:00,9.4,0.0
2023-05-14 03:00:00,8.8,12.0
2023-05-14 04:00:00,9.4,97.0
2023-05-14 05:00:00,6.5,226.0
2023-05-14 06:00:00,6.5,374.0
2023-05-14 07:00:00,8.4,523.0
2023-05-14 08:00:00,8.9,653.0
2023-05-14 09:00:00,10.1,704.0
2023-05-14 10:00:00,11.5,663.0
2023-05-14 11:00:00,11.5,706.0
2023-05-14 12:00:00,10.0,607.0
2023-05-14 13:00:00,10.6,574.0
2023-05-14 14:00:00,11.3,494.0
2023-05-14 15:00:00,9.8,366.0
2023-05-14 16:00:00,8.8,248.0
2023-05-14 17:00:00,5.8,164.0
2023-05-14 18:00:00,8.3,47.0
2023-05-14 19:00:00,11.6,1.0
2023-05-14 20:00:00,12.0,0.0
2023-05-14 21:00:00,11.3,0.0
2023-05-14 22:00:00,9.4,0.0
2023-05-14 23:00:00,10.1,0.0
2023-05-15 00:00:00,12.4,0.0
2023-05-15 01:00:00,11.2,0.0
2023-05-15 02:00:00,10.1,0.0
2023-05-15 03:00:00,10.2,13.0
2023-05-15 04:00:00,10.9,102.0
2023-05-15 05:00:00,10.2,241.0
2023-05-15 06:00:00,10.6,391.0
2023-05-15 07:00:00,12.5,539.0
2023-05-15 08:00:00,16.4,658.0
2023-05-15 09:00:00,19.4,608.0
2023-05-15 10:00:00,21.4,647.0
2023-05-15 11:00:00,21.7,642.0
2023-05-15 12:00:00,23.2,558.0
2023-05-15 13:00:00,24.6,387.0
2023-05-15 14:00:00,26.4,240.0
2023-05-15 15:00:00,25.0,145.0
2023-05-15 16:00:00,23.1,71.0
2023-05-15 17:00:00,20.1,32.0
2023-05-15 18:00:00,21.6,12.0
2023-05-15 19:00:00,22.5,0.0
2023-05-15 20:00:00,20.8,0.0
2023-05-15 21:00:00,15.4,0.0
2023-05-15 22:00:00,10.5,0.0
2023-05-15 23:00:00,15.8,0.0
2023-05-16 00:00:00,21.1,0.0
2023-05-16 01:00:00,19.3,0.0
2023-05-16 02:00:00,19.4,0.0
2023-05-16 03:00:00,19.1,4.0
2023-05-16 04:00:00,19.7,55.0
2023-05-16 05:00:00,20.0,49.0
2023-05-16 06:00:00,20.8,98.0
2023-05-16 07:00:00,25.0,118.0
2023-05-16 08:00:00,22.7,241.0
2023-05-16 09:00:00,24.9,463.0
2023-05-16 10:00:00,26.9,619.0
2023-05-16 11:00:00,25.2,634.0
2023-05-16 12:00:00,23.7,413.0
2023-05-16 13:00:00,26.3,410.0
2023-05-16 14:00:00,20.9,149.0
2023-05-16 15:00:00,19.8,171.0
2023-05-16 16:00:00,19.6,206.0
2023-05-16 17:00:00,17.2,97.0
2023-05-16 18:00:00,12.1,51.0
2023-05-16 19:00:00,8.4,1.0
2023-05-16 20:00:00,9.6,0.0
2023-05-16 21:00:00,7.4,0.0
2023-05-16 22:00:00,6.4,0.0
2023-05-16 23:00:00,7.4,0.0
2023-05-17 00:00:00,6.4,0.0
2023-05-17 01:00:00,6.2,0.0
2023-05-17 02:00:00,6.8,0.0
2023-05-17 03:00:00,4.9,3.0
2023-05-17 04:00:00,3.1,21.0
2023-05-17 05:00:00,1.5,126.0
2023-05-17 06:00:00,2.2,186.0
2023-05-17 07:00:00,2.5,166.0
2023-05-17 08:00:00,2.9,85.0
2023-05-17 09:00:00,8.0,113.0
2023-05-17 10:00:00,8.8,104.0
2023-05-17 11:00:00,10.9,123.0
2023-05-17 12:00:00,11.8,87.0
2023-05-17 13:00:00,9.1,61.0
2023-05-17 14:00:00,10.3,51.0
2023-05-17 15:00:00,13.7,55.0
2023-05-17 16:00:00,16.1,30.0
2023-05-17 17:00:00,18.3,21.0
2023-05-17 18:00:00,17.3,7.0
2023-05-17 19:00:00,18.4,0.0
2023-05-17 20:00:00,17.6,0.0
2023-05-17 21:00:00,18.4,0.0
2023-05-17 22:00:00,15.3,0.0
2023-05-17 23:00:00,15.0,0.0
2023-05-18 00:00:00,12.6,0.0
2023-05-18 01:00:00,10.4,0.0
2023-05-18 02:00:00,11.0,0.0
2023-05-18 03:00:00,11.4,3.0
2023-05-18 04:00:00,11.8,22.0
2023-05-18 05:00:00,16.2,65.0
2023-05-18 06:00:00,14.8,110.0
2023-05-18 07:00:00,13.8,172.0
2023-05-18 08:00:00,12.7,265.0
2023-05-18 09:00:00,12.2,398.0
2023-05-18 10:00:00,11.5,401.0
2023-05-18 11:00:00,11.2,531.0
2023-05-18 12:00:00,13.1,499.0
2023-05-18 13:00:00,12.5,376.0
2023-05-18 14:00:00,13.6,356.0
2023-05-18 15:00:00,14.7,155.0
2023-05-18 16:00:00,14.6,147.0
2023-05-18 17:00:00,12.3,86.0
2023-05-18 18:00:00,10.5,18.0
2023-05-18 19:00:00,10.5,1.0
2023-05-18 20:00:00,11.3,0.0
2023-05-18 21:00:00,10.2,0.0
2023-05-18 22:00:00,9.4,0.0
2023-05-18 23:00:00,12.7,0.0
2023-05-19 00:00:00,12.7,0.0
2023-05-19 01:00:00,14.4,0.0
2023-05-19 02:00:00,13.6,0.0
2023-05-19 03:00:00,12.6,5.0
2023-05-19 04:00:00,11.5,28.0
2023-05-19 05:00:00,10.2,81.0
2023-05-19 06:00:00,9.3,98.0
2023-05-19 07:00:00,8.9,200.0
2023-05-19 08:00:00,9.3,307.0
2023-05-19 09:00:00,9.2,290.0
2023-05-19 10:00:00,9.7,407.0
2023-05-19 11:00:00,9.9,334.0
2023-05-19 12:00:00,10.8,403.0
2023-05-19 13:00:00,10.0,585.0
2023-05-19 14:00:00,10.8,451.0
2023-05-19 15:00:00,11.5,258.0
2023-05-19 16:00:00,9.8,187.0
2023-05-19 17:00:00,7.6,85.0
2023-05-19 18:00:00,8.0,41.0
2023-05-19 19:00:00,10.2,1.0
2023-05-19 20:00:00,10.7,0.0
2023-05-19 21:00:00,12.3,0.0
2023-05-19 22:00:00,12.2,0.0
2023-05-19 23:00:00,11.8,0.0
2023-05-20 00:00:00,13.0,0.0
2023-05-20 01:00:00,13.0,0.0
2023-05-20 02:00:00,11.8,0.0
2023-05-20 03:00:00,13.0,15.0
2023-05-20 04:00:00,12.9,113.0
2023-05-20 05:00:00,10.7,250.0
2023-05-20 06:00:00,11.8,400.0
2023-05-20 07:00:00,14.4,544.0
2023-05-20 08:00:00,14.8,670.0
2023-05-20 09:00:00,14.4,764.0
2023-05-20 10:00:00,14.9,820.0
2023-05-20 11:00:00,14.7,830.0
2023-05-20 12:00:00,14.3,799.0
2023-05-20 13:00:00,14.1,733.0
2023-05-20 14:00:00,13.9,623.0
2023-05-20 15:00:00,14.0,486.0
2023-05-20 16:00:00,14.1,336.0
2023-05-20 17:00:00,10.6,189.0
2023-05-20 18:00:00,6.6,64.0
2023-05-20 19:00:00,7.3,3.0
2023-05-20 20:00:00,7.3,0.0
2023-05-20 21:00:00,7.6,0.0
2023-05-20 22:00:00,8.9,0.0
2023-05-20 23:00:00,9.8,0.0
2023-05-21 00:00:00,10.5,0.0
2023-05-21 01:00:00,8.9,0.0
2023-05-21 02:00:00,6.3,0.0
2023-05-21 03:00:00,5.8,21.0
2023-05-21 04:00:00,6.6,118.0
2023-05-21 05:00:00,5.5,257.0
2023-05-21 06:00:00,6.3,395.0
2023-05-21 07:00:00,9.3,523.0
2023-05-21 08:00:00,12.9,643.0
2023-05-21 09:00:00,13.3,705.0
2023-05-21 10:00:00,11.8,738.0
2023-05-21 11:00:00,11.8,630.0
2023-05-21 12:00:00,10.7,634.0
2023-05-21 13:00:00,10.9,541.0
2023-05-21 14:00:00,12.7,335.0
2023-05-21 15:00:00,13.2,314.0
2023-05-21 16:00:00,12.5,235.0
2023-05-21 17:00:00,9.2,138.0
2023-05-21 18:00:00,5.9,52.0
2023-05-21 19:00:00,5.9,2.0
2023-05-21 20:00:00,7.8,0.0
2023-05-21 21:00:00,6.0,0.0
2023-05-21 22:00:00,6.2,0.0
2023-05-21 23:00:00,8.1,0.0
2023-05-22 00:00:00,6.2,0.0
2023-05-22 01:00:00,6.2,0.0
2023-05-22 02:00:00,7.6,0.0
2023-05-22 03:00:00,5.2,20.0
2023-05-22 04:00:00,2.7,86.0
2023-05-22 05:00:00,3.4,184.0
2023-05-22 06:00:00,5.2,289.0
2023-05-22 07:00:00,7.4,494.0
2023-05-22 08:00:00,7.7,611.0
2023-05-22 09:00:00,7.8,612.0
2023-05-22 10:00:00,6.6,541.0
2023-05-22 11:00:00,4.4,424.0
2023-05-22 12:00:00,2.9,374.0
2023-05-22 13:00:00,1.0,366.0
2023-05-22 14:00:00,0.7,289.0
2023-05-22 15:00:00,1.0,180.0
2023-05-22 16:00:00,2.1,149.0
2023-05-22 17:00:00,3.4,82.0
2023-05-22 18:00:00,5.1,24.0
2023-05-22 19:00:00,9.4,2.0
2023-05-22 20:00:00,10.1,0.0
2023-05-22 21:00:00,10.5,0.0
2023-05-22 22:00:00,10.5,0.0
2023-05-22 23:00:00,8.3,0.0
2023-05-23 00:00:00,8.8,0.0
2023-05-23 01:00:00,7.8,0.0
2023-05-23 02:00:00,7.0,0.0
2023-05-23 03:00:00,7.9,22.0
2023-05-23 04:00:00,7.0,112.0
2023-05-23 05:00:00,3.9,207.0
2023-05-23 06:00:00,3.1,363.0
2023-05-23 07:00:00,3.5,535.0
2023-05-23 08:00:00,5.6,660.0
2023-05-23 09:00:00,6.1,720.0
2023-05-23 10:00:00,7.7,588.0
2023-05-23 11:00:00,7.7,683.0
2023-05-23 12:00:00,6.9,653.0
2023-05-23 13:00:00,6.1,502.0
2023-05-23 14:00:00,4.6,422.0
2023-05-23 15:00:00,5.4,272.0
2023-05-23 16:00:00,3.4,135.0
2023-05-23 17:00:00,3.3,104.0
2023-05-23 18:00:00,9.3,54.0
2023-05-23 19:00:00,12.3,4.0
2023-05-23 20:00:00,9.0,0.0
2023-05-23 21:00:00,7.6,0.0
2023-05-23 22:00:00,6.9,0.0
2023-05-23 23:00:00,5.8,0.0
2023-05-24 00:00:00,6.8,0.0
2023-05-24 01:00:00,5.8,0.0
2023-05-24 02:00:00,5.8,0.0
2023-05-24 03:00:00,6.5,24.0
2023-05-24 04:00:00,6.6,123.0
2023-05-24 05:00:00,5.2,256.0
2023-05-24 06:00:00,6.0,403.0
2023-05-24 07:00:00,6.2,546.0
2023-05-24 08:00:00,4.4,660.0
2023-05-24 09:00:00,4.7,627.0
2023-05-24 10:00:00,5.4,749.0
2023-05-24 11:00:00,5.6,699.0
2023-05-24 12:00:00,5.9,673.0
2023-05-24 13:00:00,4.7,677.0
2023-05-24 14:00:00,4.8,580.0
2023-05-24 15:00:00,5.4,443.0
2023-05-24 16:00:00,7.2,310.0
2023-05-24 17:00:00,6.2,177.0
2023-05-24 18:00:00,6.5,66.0
2023-05-24 19:00:00,8.1,4.0
2023-05-24 20:00:00,5.5,0.0
2023-05-24 21:00:00,5.1,0.0
2023-05-24 22:00:00,2.8,0.0
2023-05-24 23:00:00,5.4,0.0
2023-05-25 00:00:00,2.3,0.0
2023-05-25 01:00:00,1.5,0.0
2023-05-25 02:00:00,2.8,0.0
2023-05-25 03:00:00,4.7,25.0
2023-05-25 04:00:00,6.6,122.0
2023-05-25 05:00:00,4.7,255.0
2023-05-25 06:00:00,4.3,402.0
2023-05-25 07:00:00,4.6,533.0
2023-05-25 08:00:00,5.2,666.0
2023-05-25 09:00:00,7.9,723.0
2023-05-25 10:00:00,9.8,743.0
2023-05-25 11:00:00,10.9,724.0
2023-05-25 12:00:00,14.1,652.0
2023-05-25 13:00:00,12.7,499.0
2023-05-25 14:00:00,16.3,392.0
2023-05-25 15:00:00,13.3,249.0
2023-05-25 16:00:00,9.4,254.0
2023-05-25 17:00:00,7.8,186.0
2023-05-25 18:00:00,6.2,70.0
2023-05-25 19:00:00,6.6,5.0
2023-05-25 20:00:00,11.5,0.0
2023-05-25 21:00:00,15.3,0.0
2023-05-25 22:00:00,17.0,0.0
2023-05-25 23:00:00,14.3,0.0
2023-05-26 00:00:00,10.3,0.0
2023-05-26 01:00:00,11.8,0.0
2023-05-26 02:00:00,11.0,0.0
2023-05-26 03:00:00,10.5,26.0
2023-05-26 04:00:00,9.4,127.0
2023-05-26 05:00:00,11.6,266.0
2023-05-26 06:00:00,11.8,387.0
2023-05-26 07:00:00,12.4,464.0
2023-05-26 08:00:00,12.9,510.0
2023-05-26 09:00:00,11.9,638.0
2023-05-26 10:00:00,12.9,806.0
2023-05-26 11:00:00,13.7,843.0
2023-05-26 12:00:00,13.2,811.0
2023-05-26 13:00:00,15.8,717.0
2023-05-26 14:00:00,16.9,570.0
2023-05-26 15:00:00,17.7,468.0
2023-05-26 16:00:00,17.2,342.0
2023-05-26 17:00:00,21.3,201.0
2023-05-26 18:00:00,19.7,76.0
2023-05-26 19:00:00,15.0,6.0
2023-05-26 20:00:00,14.0,0.0
2023-05-26 21:00:00,13.8,0.0
2023-05-26 22:00:00,16.8,0.0
2023-05-26 23:00:00,16.8,0.0
2023-05-27 00:00:00,19.2,0.0
2023-05-27 01:00:00,17.4,0.0
2023-05-27 02:00:00,15.9,0.0
2023-05-27 03:00:00,16.6,30.0
2023-05-27 04:00:00,17.3,136.0
2023-05-27 05:00:00,21.8,278.0
2023-05-27 06:00:00,19.2,409.0
2023-05-27 07:00:00,19.5,555.0
2023-05-27 08:00:00,19.9,654.0
2023-05-27 09:00:00,20.2,778.0
2023-05-27 10:00:00,20.9,768.0
2023-05-27 11:00:00,21.7,823.0
2023-05-27 12:00:00,20.4,790.0
2023-05-27 13:00:00,19.7,668.0
2023-05-27 14:00:00,18.2,593.0
2023-05-27 15:00:00,19.8,452.0
2023-05-27 16:00:00,17.1,355.0
2023-05-27 17:00:00,17.1,206.0
2023-05-27 18:00:00,8.3,80.0
2023-05-27 19:00:00,10.2,7.0
2023-05-27 20:00:00,11.5,0.0
2023-05-27 21:00:00,9.7,0.0
2023-05-27 22:00:00,6.4,0.0
2023-05-27 23:00:00,9.3,0.0
2023-05-28 00:00:00,5.6,0.0
2023-05-28 01:00:00,4.7,0.0
2023-05-28 02:00:00,5.8,0.0
2023-05-28 03:00:00,3.9,30.0
2023-05-28 04:00:00,4.1,135.0
2023-05-28 05:00:00,2.3,277.0
2023-05-28 06:00:00,2.9,429.0
2023-05-28 07:00:00,1.1,573.0
2023-05-28 08:00:00,1.1,696.0
2023-05-28 09:00:00,2.6,789.0
2023-05-28 10:00:00,3.1,842.0
2023-05-28 11:00:00,2.3,853.0
2023-05-28 12:00:00,2.5,821.0
2023-05-28 13:00:00,4.4,752.0
2023-05-28 14:00:00,5.9,643.0
2023-05-28 15:00:00,6.4,508.0
2023-05-28 16:00:00,6.1,359.0
2023-05-28 17:00:00,4.3,211.0
2023-05-28 18:00:00,8.6,82.0
2023-05-28 19:00:00,9.9,7.0
2023-05-28 20:00:00,9.7,0.0
2023-05-28 21:00:00,8.8,0.0
2023-05-28 22:00:00,6.5,0.0
2023-05-28 23:00:00,7.2,0.0
2023-05-29 00:00:00,7.9,0.0
2023-05-29 01:00:00,7.6,0.0
2023-05-29 02:00:00,8.7,0.0
2023-05-29 03:00:00,8.6,31.0
2023-05-29 04:00:00,8.6,135.0
2023-05-29 05:00:00,6.4,274.0
2023-05-29 06:00:00,7.4,422.0
2023-05-29 07:00:00,8.6,564.0
2023-05-29 08:00:00,8.9,685.0
2023-05-29 09:00:00,10.7,776.0
2023-05-29 10:00:00,12.0,685.0
2023-05-29 11:00:00,13.2,549.0
2023-05-29 12:00:00,12.2,368.0
2023-05-29 13:00:00,11.7,369.0
2023-05-29 14:00:00,10.7,337.0
2023-05-29 15:00:00,10.1,240.0
2023-05-29 16:00:00,10.5,112.0
2023-05-29 17:00:00,13.2,132.0
2023-05-29 18:00:00,8.4,66.0
2023-05-29 19:00:00,7.4,6.0
2023-05-29 20:00:00,8.4,0.0
2023-05-29 21:00:00,8.4,0.0
2023-05-29 22:00:00,5.9,0.0
2023-05-29 23:00:00,8.9,0.0
2023-05-30 00:00:00,7.7,0.0
2023-05-30 01:00:00,6.4,0.0
2023-05-30 02:00:00,4.7,0.0
2023-05-30 03:00:00,8.6,25.0
2023-05-30 04:00:00,6.9,106.0
2023-05-30 05:00:00,6.5,263.0
2023-05-30 06:00:00,9.9,423.0
2023-05-30 07:00:00,12.5,571.0
2023-05-30 08:00:00,12.7,694.0
2023-05-30 09:00:00,15.6,784.0
2023-05-30 10:00:00,16.4,685.0
2023-05-30 11:00:00,16.5,720.0
2023-05-30 12:00:00,19.0,636.0
2023-05-30 13:00:00,19.2,660.0
2023-05-30 14:00:00,16.4,584.0
2023-05-30 15:00:00,25.5,408.0
2023-05-30 16:00:00,21.8,319.0
2023-05-30 17:00:00,17.4,190.0
2023-05-30 18:00:00,10.4,79.0
2023-05-30 19:00:00,10.7,9.0
2023-05-30 20:00:00,11.2,0.0
2023-05-30 21:00:00,13.7,0.0
2023-05-30 22:00:00,12.0,0.0
2023-05-30 23:00:00,10.9,0.0
2023-05-31 00:00:00,9.1,0.0
2023-05-31 01:00:00,8.4,0.0
2023-05-31 02:00:00,7.9,0.0
2023-05-31 03:00:00,8.2,34.0
2023-05-31 04:00:00,6.4,142.0
2023-05-31 05:00:00,6.1,269.0
2023-05-31 06:00:00,6.3,434.0
2023-05-31 07:00:00,8.7,578.0
2023-05-31 08:00:00,9.8,701.0
2023-05-31 09:00:00,10.8,793.0
2023-05-31 10:00:00,12.6,847.0
2023-05-31 11:00:00,14.0,859.0
2023-05-31 12:00:00,15.5,826.0
2023-05-31 13:00:00,17.0,752.0
2023-05-31 14:00:00,18.0,647.0
2023-05-31 15:00:00,18.4,511.0
2023-05-31 16:00:00,19.1,362.0
2023-05-31 17:00:00,15.9,214.0
2023-05-31 18:00:00,19.0,86.0
2023-05-31 19:00:00,18.4,9.0
2023-05-31 20:00:00,16.5,0.0
2023-05-31 21:00:00,13.0,0.0
2023-05-31 22:00:00,11.7,0.0
2023-05-31 23:00:00,9.8,0.0
2023-06-01 00:00:00,9.9,0.0
2023-06-01 01:00:00,8.0,0.0
2023-06-01 02:00:00,6.8,0.0
2023-06-01 03:00:00,6.9,34.0
2023-06-01 04:00:00,4.9,102.0
2023-06-01 05:00:00,4.2,254.0
2023-06-01 06:00:00,2.2,417.0
2023-06-01 07:00:00,2.6,542.0
2023-06-01 08:00:00,2.6,501.0
2023-06-01 09:00:00,3.2,642.0
2023-06-01 10:00:00,4.7,574.0
2023-06-01 11:00:00,5.6,545.0
2023-06-01 12:00:00,5.4,387.0
2023-06-01 13:00:00,5.4,454.0
2023-06-01 14:00:00,6.4,501.0
2023-06-01 15:00:00,7.7,420.0
2023-06-01 16:00:00,5.9,285.0
2023-06-01 17:00:00,6.7,171.0
2023-06-01 18:00:00,4.8,61.0
2023-06-01 19:00:00,7.3,8.0
2023-06-01 20:00:00,5.4,0.0
2023-06-01 21:00:00,7.4,0.0
2023-06-01 22:00:00,13.4,0.0
2023-06-01 23:00:00,18.1,0.0
2023-06-02 00:00:00,19.0,0.0
2023-06-02 01:00:00,16.5,0.0
2023-06-02 02:00:00,17.3,0.0
2023-06-02 03:00:00,20.0,26.0
2023-06-02 04:00:00,19.7,92.0
2023-06-02 05:00:00,17.6,167.0
2023-06-02 06:00:00,18.1,99.0
2023-06-02 07:00:00,19.6,236.0
2023-06-02 08:00:00,19.2,144.0
2023-06-02 09:00:00,21.1,240.0
2023-06-02 10:00:00,20.5,367.0
2023-06-02 11:00:00,19.3,742.0
2023-06-02 12:00:00,19.0,838.0
2023-06-02 13:00:00,17.5,682.0
2023-06-02 14:00:00,19.1,443.0
2023-06-02 15:00:00,17.4,412.0
2023-06-02 16:00:00,19.3,218.0
2023-06-02 17:00:00,20.8,168.0
2023-06-02 18:00:00,18.3,95.0
2023-06-02 19:00:00,14.1,10.0
2023-06-02 20:00:00,12.1,0.0
2023-06-02 21:00:00,13.8,0.0
2023-06-02 22:00:00,13.5,0.0
2023-06-02 23:00:00,13.0,0.0
2023-06-03 00:00:00,13.4,0.0
2023-06-03 01:00:00,12.5,0.0
2023-06-03 02:00:00,12.0,0.0
2023-06-03 03:00:00,12.2,36.0
2023-06-03 04:00:00,12.2,141.0
2023-06-03 05:00:00,14.3,282.0
2023-06-03 06:00:00,16.4,425.0
2023-06-03 07:00:00,17.3,481.0
2023-06-03 08:00:00,17.6,402.0
2023-06-03 09:00:00,19.4,426.0
2023-06-03 10:00:00,18.9,327.0
2023-06-03 11:00:00,20.2,701.0
2023-06-03 12:00:00,20.4,622.0
2023-06-03 13:00:00,20.7,426.0
2023-06-03 14:00:00,19.1,285.0
2023-06-03 15:00:00,17.6,269.0
2023-06-03 16:00:00,19.3,146.0
2023-06-03 17:00:00,15.5,136.0
2023-06-03 18:00:00,9.5,71.0
2023-06-03 19:00:00,6.2,10.0
2023-06-03 20:00:00,6.6,0.0
2023-06-03 21:00:00,8.3,0.0
2023-06-03 22:00:00,9.8,0.0
2023-06-03 23:00:00,9.7,0.0
2023-06-04 00:00:00,7.6,0.0
2023-06-04 01:00:00,5.9,0.0
2023-06-04 02:00:00,6.2,0.0
2023-06-04 03:00:00,8.4,37.0
2023-06-04 04:00:00,8.2,144.0
2023-06-04 05:00:00,9.0,286.0
2023-06-04 06:00:00,11.6,427.0
2023-06-04 07:00:00,14.1,540.0
2023-06-04 08:00:00,14.5,642.0
2023-06-04 09:00:00,14.8,730.0
2023-06-04 10:00:00,14.6,722.0
2023-06-04 11:00:00,14.6,556.0
2023-06-04 12:00:00,14.4,347.0
2023-06-04 13:00:00,14.7,255.0
2023-06-04 14:00:00,14.5,214.0
2023-06-04 15:00:00,11.8,166.0
2023-06-04 16:00:00,11.2,138.0
2023-06-04 17:00:00,8.4,120.0
2023-06-04 18:00:00,5.7,71.0
2023-06-04 19:00:00,8.1,12.0
2023-06-04 20:00:00,6.8,0.0
2023-06-04 21:00:00,8.4,0.0
2023-06-04 22:00:00,7.4,0.0
2023-06-04 23:00:00,6.8,0.0
2023-06-05 00:00:00,9.5,0.0
2023-06-05 01:00:00,9.5,0.0
2023-06-05 02:00:00,7.1,0.0
2023-06-05 03:00:00,6.4,38.0
2023-06-05 04:00:00,6.6,146.0
2023-06-05 05:00:00,6.3,286.0
2023-06-05 06:00:00,8.4,403.0
2023-06-05 07:00:00,10.7,561.0
2023-06-05 08:00:00,12.5,626.0
2023-06-05 09:00:00,12.0,741.0
2023-06-05 10:00:00,12.0,853.0
2023-06-05 11:00:00,11.2,826.0
2023-06-05 12:00:00,11.2,803.0
2023-06-05 13:00:00,11.2,760.0
2023-06-05 14:00:00,11.5,654.0
2023-06-05 15:00:00,11.8,522.0
2023-06-05 16:00:00,10.6,370.0
2023-06-05 17:00:00,7.1,224.0
2023-06-05 18:00:00,6.2,95.0
2023-06-05 19:00:00,10.8,13.0
2023-06-05 20:00:00,9.9,0.0
2023-06-05 21:00:00,8.1,0.0
2023-06-05 22:00:00,6.6,0.0
2023-06-05 23:00:00,6.3,0.0
2023-06-06 00:00:00,6.8,0.0
2023-06-06 01:00:00,7.0,0.0
2023-06-06 02:00:00,6.4,0.0
2023-06-06 03:00:00,6.9,39.0
2023-06-06 04:00:00,5.9,147.0
2023-06-06 05:00:00,4.1,287.0
2023-06-06 06:00:00,5.4,436.0
2023-06-06 07:00:00,6.1,574.0
2023-06-06 08:00:00,5.5,695.0
2023-06-06 09:00:00,4.1,775.0
2023-06-06 10:00:00,2.5,825.0
2023-06-06 11:00:00,2.3,853.0
2023-06-06 12:00:00,2.4,827.0
2023-06-06 13:00:00,1.5,759.0
2023-06-06 14:00:00,1.8,654.0
2023-06-06 15:00:00,2.1,522.0
2023-06-06 16:00:00,2.3,376.0
2023-06-06 17:00:00,1.6,228.0
2023-06-06 18:00:00,6.8,98.0
2023-06-06 19:00:00,10.5,14.0
2023-06-06 20:00:00,7.4,0.0
2023-06-06 21:00:00,7.2,0.0
2023-06-06 22:00:00,8.6,0.0
2023-06-06 23:00:00,5.1,0.0
2023-06-07 00:00:00,6.8,0.0
2023-06-07 01:00:00,8.6,0.0
2023-06-07 02:00:00,8.7,0.0
2023-06-07 03:00:00,5.8,40.0
2023-06-07 04:00:00,6.2,148.0
2023-06-07 05:00:00,3.1,288.0
2023-06-07 06:00:00,2.9,438.0
2023-06-07 07:00:00,4.8,581.0
2023-06-07 08:00:00,5.3,703.0
2023-06-07 09:00:00,5.7,793.0
2023-06-07 10:00:00,5.2,848.0
2023-06-07 11:00:00,5.1,861.0
2023-06-07 12:00:00,6.1,831.0
2023-06-07 13:00:00,6.8,761.0
2023-06-07 14:00:00,8.9,662.0
2023-06-07 15:00:00,9.9,535.0
2023-06-07 16:00:00,9.4,380.0
2023-06-07 17:00:00,5.6,225.0
2023-06-07 18:00:00,6.5,98.0
2023-06-07 19:00:00,9.2,15.0
2023-06-07 20:00:00,10.8,0.0
2023-06-07 21:00:00,9.2,0.0
2023-06-07 22:00:00,10.5,0.0
2023-06-07 23:00:00,11.4,0.0
2023-06-08 00:00:00,9.4,0.0
2023-06-08 01:00:00,8.4,0.0
2023-06-08 02:00:00,8.4,0.0
2023-06-08 03:00:00,5.9,40.0
2023-06-08 04:00:00,5.8,147.0
2023-06-08 05:00:00,1.8,286.0
2023-06-08 06:00:00,1.1,434.0
2023-06-08 07:00:00,0.0,575.0
2023-06-08 08:00:00,2.6,681.0
2023-06-08 09:00:00,3.7,715.0
2023-06-08 10:00:00,5.2,763.0
2023-06-08 11:00:00,7.0,756.0
2023-06-08 12:00:00,7.9,681.0
2023-06-08 13:00:00,3.2,703.0
2023-06-08 14:00:00,5.8,602.0
2023-06-08 15:00:00,8.3,392.0
2023-06-08 16:00:00,9.7,226.0
2023-06-08 17:00:00,7.8,132.0
2023-06-08 18:00:00,10.1,83.0
2023-06-08 19:00:00,15.0,13.0
2023-06-08 20:00:00,14.3,0.0
2023-06-08 21:00:00,10.9,0.0
2023-06-08 22:00:00,8.9,0.0
2023-06-08 23:00:00,8.7,0.0
2023-06-09 00:00:00,8.4,0.0
2023-06-09 01:00:00,6.3,0.0
2023-06-09 02:00:00,8.8,0.0
2023-06-09 03:00:00,8.5,41.0
2023-06-09 04:00:00,6.6,148.0
2023-06-09 05:00:00,4.1,288.0
2023-06-09 06:00:00,4.4,435.0
2023-06-09 07:00:00,6.0,576.0
2023-06-09 08:00:00,11.1,697.0
2023-06-09 09:00:00,13.5,755.0
2023-06-09 10:00:00,15.5,779.0
2023-06-09 11:00:00,16.0,724.0
2023-06-09 12:00:00,16.6,748.0
2023-06-09 13:00:00,16.6,751.0
2023-06-09 14:00:00,16.9,644.0
2023-06-09 15:00:00,17.4,520.0
2023-06-09 16:00:00,17.9,379.0
2023-06-09 17:00:00,19.4,229.0
2023-06-09 18:00:00,19.7,98.0
2023-06-09 19:00:00,18.4,15.0
2023-06-09 20:00:00,19.3,0.0
2023-06-09 21:00:00,19.3,0.0
2023-06-09 22:00:00,18.6,0.0
2023-06-09 23:00:00,18.1,0.0
2023-06-10 00:00:00,19.2,0.0
2023-06-10 01:00:00,19.7,0.0
2023-06-10 02:00:00,20.2,0.0
2023-06-10 03:00:00,20.8,39.0
2023-06-10 04:00:00,20.5,120.0
2023-06-10 05:00:00,21.8,240.0
2023-06-10 06:00:00,22.7,396.0
2023-06-10 07:00:00,25.6,575.0
2023-06-10 08:00:00,25.9,715.0
2023-06-10 09:00:00,25.0,809.0
2023-06-10 10:00:00,23.8,866.0
2023-06-10 11:00:00,23.5,878.0
2023-06-10 12:00:00,22.9,849.0
2023-06-10 13:00:00,23.2,763.0
2023-06-10 14:00:00,23.5,648.0
2023-06-10 15:00:00,23.7,512.0
2023-06-10 16:00:00,23.0,383.0
2023-06-10 17:00:00,22.2,239.0
2023-06-10 18:00:00,19.3,106.0
2023-06-10 19:00:00,18.2,17.0
2023-06-10 20:00:00,18.1,0.0
2023-06-10 21:00:00,18.1,0.0
2023-06-10 22:00:00,17.9,0.0
2023-06-10 23:00:00,17.2,0.0
2023-06-11 00:00:00,18.3,0.0
2023-06-11 01:00:00,17.6,0.0
2023-06-11 02:00:00,17.1,0.0
2023-06-11 03:00:00,16.7,44.0
2023-06-11 04:00:00,15.0,154.0
2023-06-11 05:00:00,17.3,296.0
2023-06-11 06:00:00,16.9,448.0
2023-06-11 07:00:00,18.8,591.0
2023-06-11 08:00:00,21.5,715.0
2023-06-11 09:00:00,21.9,808.0
2023-06-11 10:00:00,21.1,862.0
2023-06-11 11:00:00,20.7,876.0
2023-06-11 12:00:00,19.6,847.0
2023-06-11 13:00:00,20.3,779.0
2023-06-11 14:00:00,19.9,673.0
2023-06-11 15:00:00,19.0,540.0
2023-06-11 16:00:00,18.3,391.0
2023-06-11 17:00:00,16.3,241.0
2023-06-11 18:00:00,13.2,108.0
2023-06-11 19:00:00,12.0,17.0
2023-06-11 20:00:00,12.2,0.0
2023-06-11 21:00:00,13.0,0.0
2023-06-11 22:00:00,11.7,0.0
2023-06-11 23:00:00,10.0,0.0
2023-06-12 00:00:00,8.6,0.0
2023-06-12 01:00:00,8.8,0.0
2023-06-12 02:00:00,11.1,1.0
2023-06-12 03:00:00,12.0,44.0
2023-06-12 04:00:00,11.8,153.0
2023-06-12 05:00:00,12.4,294.0
2023-06-12 06:00:00,13.0,445.0
2023-06-12 07:00:00,17.6,583.0
2023-06-12 08:00:00,18.4,553.0
2023-06-12 09:00:00,18.9,689.0
2023-06-12 10:00:00,20.1,698.0
2023-06-12 11:00:00,20.0,692.0
2023-06-12 12:00:00,19.0,712.0
2023-06-12 13:00:00,19.6,637.0
2023-06-12 14:00:00,20.2,321.0
2023-06-12 15:00:00,17.7,174.0
2023-06-12 16:00:00,17.8,167.0
2023-06-12 17:00:00,13.7,90.0
2023-06-12 18:00:00,18.3,23.0
2023-06-12 19:00:00,8.2,6.0
2023-06-12 20:00:00,8.3,0.0
2023-06-12 21:00:00,7.4,0.0
2023-06-12 22:00:00,12.3,0.0
2023-06-12 23:00:00,11.9,0.0
2023-06-13 00:00:00,10.0,0.0
2023-06-13 01:00:00,10.5,0.0
2023-06-13 02:00:00,11.9,0.0
2023-06-13 03:00:00,11.8,23.0
2023-06-13 04:00:00,12.0,80.0
2023-06-13 05:00:00,10.4,160.0
2023-06-13 06:00:00,12.3,319.0
2023-06-13 07:00:00,13.1,474.0
2023-06-13 08:00:00,16.2,585.0
2023-06-13 09:00:00,15.9,695.0
2023-06-13 10:00:00,15.2,726.0
2023-06-13 11:00:00,15.0,755.0
2023-06-13 12:00:00,16.1,751.0
2023-06-13 13:00:00,14.9,744.0
2023-06-13 14:00:00,14.4,649.0
2023-06-13 15:00:00,14.8,519.0
2023-06-13 16:00:00,15.5,387.0
2023-06-13 17:00:00,13.5,238.0
2023-06-13 18:00:00,11.0,104.0
2023-06-13 19:00:00,10.0,17.0
2023-06-13 20:00:00,9.2,0.0
2023-06-13 21:00:00,8.7,0.0
2023-06-13 22:00:00,8.6,0.0
2023-06-13 23:00:00,8.7,0.0
2023-06-14 00:00:00,5.9,0.0
2023-06-14 01:00:00,5.9,0.0
2023-06-14 02:00:00,5.6,0.0
2023-06-14 03:00:00,8.4,37.0
2023-06-14 04:00:00,8.9,137.0
2023-06-14 05:00:00,8.9,205.0
2023-06-14 06:00:00,11.8,210.0
2023-06-14 07:00:00,11.6,220.0
2023-06-14 08:00:00,12.7,354.0
2023-06-14 09:00:00,15.2,640.0
2023-06-14 10:00:00,18.0,631.0
2023-06-14 11:00:00,18.0,423.0
2023-06-14 12:00:00,17.2,345.0
2023-06-14 13:00:00,15.6,301.0
2023-06-14 14:00:00,13.1,263.0
2023-06-14 15:00:00,11.6,161.0
2023-06-14 16:00:00,8.5,152.0
2023-06-14 17:00:00,10.4,101.0
2023-06-14 18:00:00,11.4,33.0
2023-06-14 19:00:00,9.6,7.0
2023-06-14 20:00:00,8.4,0.0
2023-06-14 21:00:00,9.4,0.0
2023-06-14 22:00:00,7.4,0.0
2023-06-14 23:00:00,8.4,0.0
2023-06-15 00:00:00,7.3,0.0
2023-06-15 01:00:00,7.9,0.0
2023-06-15 02:00:00,9.4,1.0
2023-06-15 03:00:00,11.5,39.0
2023-06-15 04:00:00,10.0,135.0
2023-06-15 05:00:00,8.0,276.0
2023-06-15 06:00:00,8.4,404.0
2023-06-15 07:00:00,8.6,550.0
2023-06-15 08:00:00,11.1,674.0
2023-06-15 09:00:00,16.3,738.0
2023-06-15 10:00:00,16.5,582.0
2023-06-15 11:00:00,15.9,521.0
2023-06-15 12:00:00,14.7,560.0
2023-06-15 13:00:00,14.2,472.0
2023-06-15 14:00:00,10.5,411.0
2023-06-15 15:00:00,7.1,314.0
2023-06-15 16:00:00,7.4,243.0
2023-06-15 17:00:00,10.7,149.0
2023-06-15 18:00:00,13.2,69.0
2023-06-15 19:00:00,4.7,10.0
2023-06-15 20:00:00,7.6,0.0
2023-06-15 21:00:00,6.2,0.0
2023-06-15 22:00:00,6.2,0.0
2023-06-15 23:00:00,6.4,0.0
2023-06-16 00:00:00,6.2,0.0
2023-06-16 01:00:00,2.8,0.0
2023-06-16 02:00:00,4.4,0.0
2023-06-16 03:00:00,4.2,35.0
2023-06-16 04:00:00,4.7,101.0
2023-06-16 05:00:00,2.5,195.0
2023-06-16 06:00:00,2.1,336.0
2023-06-16 07:00:00,1.5,467.0
2023-06-16 08:00:00,3.3,558.0
2023-06-16 09:00:00,5.7,577.0
2023-06-16 10:00:00,6.0,627.0
2023-06-16 11:00:00,6.0,558.0
2023-06-16 12:00:00,6.0,467.0
2023-06-16 13:00:00,5.4,451.0
2023-06-16 14:00:00,6.2,190.0
2023-06-16 15:00:00,7.9,138.0
2023-06-16 16:00:00,4.3,67.0
2023-06-16 17:00:00,2.6,84.0
2023-06-16 18:00:00,1.6,50.0
2023-06-16 19:00:00,1.9,10.0
2023-06-16 20:00:00,3.9,0.0
2023-06-16 21:00:00,4.2,0.0
2023-06-16 22:00:00,6.2,0.0
2023-06-16 23:00:00,11.7,0.0
2023-06-17 00:00:00,14.9,0.0
2023-06-17 01:00:00,14.7,0.0
2023-06-17 02:00:00,14.6,0.0
2023-06-17 03:00:00,13.8,12.0
2023-06-17 04:00:00,13.0,35.0
2023-06-17 05:00:00,12.0,69.0
2023-06-17 06:00:00,10.9,141.0
2023-06-17 07:00:00,10.5,284.0
2023-06-17 08:00:00,12.3,411.0
2023-06-17 09:00:00,15.9,512.0
2023-06-17 10:00:00,18.8,676.0
2023-06-17 11:00:00,17.3,684.0
2023-06-17 12:00:00,16.3,555.0
2023-06-17 13:00:00,20.2,310.0
2023-06-17 14:00:00,13.7,196.0
2023-06-17 15:00:00,15.5,185.0
2023-06-17 16:00:00,11.5,65.0
2023-06-17 17:00:00,9.7,59.0
2023-06-17 18:00:00,9.4,38.0
2023-06-17 19:00:00,4.0,9.0
2023-06-17 20:00:00,4.1,0.0
2023-06-17 21:00:00,5.8,0.0
2023-06-17 22:00:00,5.2,0.0
2023-06-17 23:00:00,4.7,0.0
2023-06-18 00:00:00,6.2,0.0
2023-06-18 01:00:00,10.8,0.0
2023-06-18 02:00:00,6.9,0.0
2023-06-18 03:00:00,6.2,18.0
2023-06-18 04:00:00,5.2,61.0
2023-06-18 05:00:00,5.6,155.0
2023-06-18 06:00:00,4.2,301.0
2023-06-18 07:00:00,5.4,401.0
2023-06-18 08:00:00,2.3,338.0
2023-06-18 09:00:00,1.6,408.0
2023-06-18 10:00:00,1.6,504.0
2023-06-18 11:00:00,2.3,456.0
2023-06-18 12:00:00,1.1,458.0
2023-06-18 13:00:00,1.5,554.0
2023-06-18 14:00:00,7.4,441.0
2023-06-18 15:00:00,6.8,357.0
2023-06-18 16:00:00,11.4,284.0
2023-06-18 17:00:00,10.8,215.0
2023-06-18 18:00:00,10.0,81.0
2023-06-18 19:00:00,9.9,13.0
2023-06-18 20:00:00,6.4,0.0
2023-06-18 21:00:00,8.2,0.0
2023-06-18 22:00:00,4.6,0.0
2023-06-18 23:00:00,4.3,0.0
2023-06-19 00:00:00,3.2,0.0
2023-06-19 01:00:00,7.1,0.0
2023-06-19 02:00:00,7.4,0.0
2023-06-19 03:00:00,10.7,17.0
2023-06-19 04:00:00,4.1,51.0
2023-06-19 05:00:00,5.4,144.0
2023-06-19 06:00:00,4.7,309.0
2023-06-19 07:00:00,3.8,463.0
2023-06-19 08:00:00,6.2,539.0
2023-06-19 09:00:00,6.2,558.0
2023-06-19 10:00:00,5.1,678.0
2023-06-19 11:00:00,4.8,669.0
2023-06-19 12:00:00,6.5,676.0
2023-06-19 13:00:00,8.4,672.0
2023-06-19 14:00:00,8.4,616.0
2023-06-19 15:00:00,7.6,341.0
2023-06-19 16:00:00,5.0,244.0
2023-06-19 17:00:00,7.6,100.0
2023-06-19 18:00:00,4.2,36.0
2023-06-19 19:00:00,5.1,17.0
2023-06-19 20:00:00,2.1,0.0
2023-06-19 21:00:00,4.6,0.0
2023-06-19 22:00:00,6.3,0.0
2023-06-19 23:00:00,5.8,0.0
2023-06-20 00:00:00,3.6,0.0
2023-06-20 01:00:00,4.7,0.0
2023-06-20 02:00:00,3.3,0.0
2023-06-20 03:00:00,6.2,27.0
2023-06-20 04:00:00,6.2,95.0
2023-06-20 05:00:00,6.5,252.0
2023-06-20 06:00:00,7.3,358.0
2023-06-20 07:00:00,7.9,511.0
2023-06-20 08:00:00,6.9,640.0
2023-06-20 09:00:00,6.9,762.0
2023-06-20 10:00:00,8.1,820.0
2023-06-20 11:00:00,8.9,788.0
2023-06-20 12:00:00,5.6,723.0
2023-06-20 13:00:00,5.8,648.0
2023-06-20 14:00:00,4.7,526.0
2023-06-20 15:00:00,5.2,441.0
2023-06-20 16:00:00,6.4,328.0
2023-06-20 17:00:00,6.1,213.0
2023-06-20 18:00:00,7.0,96.0
2023-06-20 19:00:00,6.3,19.0
2023-06-20 20:00:00,7.2,0.0
2023-06-20 21:00:00,4.7,0.0
2023-06-20 22:00:00,4.9,0.0
2023-06-20 23:00:00,7.6,0.0
2023-06-21 00:00:00,7.6,0.0
2023-06-21 01:00:00,6.7,0.0
2023-06-21 02:00:00,6.9,1.0
2023-06-21 03:00:00,5.2,41.0
2023-06-21 04:00:00,3.9,144.0
2023-06-21 05:00:00,3.6,277.0
2023-06-21 06:00:00,4.5,421.0
2023-06-21 07:00:00,4.8,558.0
2023-06-21 08:00:00,5.5,663.0
2023-06-21 09:00:00,5.5,677.0
2023-06-21 10:00:00,4.2,701.0
2023-06-21 11:00:00,4.3,785.0
2023-06-21 12:00:00,5.1,736.0
2023-06-21 13:00:00,5.9,647.0
2023-06-21 14:00:00,6.5,498.0
2023-06-21 15:00:00,6.9,432.0
2023-06-21 16:00:00,7.9,302.0
2023-06-21 17:00:00,7.7,216.0
2023-06-21 18:00:00,7.9,99.0
2023-06-21 19:00:00,8.7,19.0
2023-06-21 20:00:00,8.2,0.0
2023-06-21 21:00:00,7.8,0.0
2023-06-21 22:00:00,8.0,0.0
2023-06-21 23:00:00,9.8,0.0
2023-06-22 00:00:00,10.5,0.0
2023-06-22 01:00:00,10.5,0.0
2023-06-22 02:00:00,10.5,0.0
2023-06-22 03:00:00,11.3,31.0
2023-06-22 04:00:00,11.3,98.0
2023-06-22 05:00:00,10.9,156.0
2023-06-22 06:00:00,11.5,288.0
2023-06-22 07:00:00,12.5,326.0
2023-06-22 08:00:00,16.7,385.0
2023-06-22 09:00:00,16.6,190.0
2023-06-22 10:00:00,19.2,528.0
2023-06-22 11:00:00,18.4,515.0
2023-06-22 12:00:00,15.6,363.0
2023-06-22 13:00:00,15.9,375.0
2023-06-22 14:00:00,15.0,265.0
2023-06-22 15:00:00,15.3,389.0
2023-06-22 16:00:00,17.6,333.0
2023-06-22 17:00:00,18.4,226.0
2023-06-22 18:00:00,15.8,111.0
2023-06-22 19:00:00,13.5,20.0
2023-06-22 20:00:00,13.7,0.0
2023-06-22 21:00:00,14.8,0.0
2023-06-22 22:00:00,13.7,0.0
2023-06-22 23:00:00,11.3,0.0
2023-06-23 00:00:00,8.9,0.0
2023-06-23 01:00:00,6.5,0.0
2023-06-23 02:00:00,5.6,1.0
2023-06-23 03:00:00,7.6,41.0
2023-06-23 04:00:00,8.5,142.0
2023-06-23 05:00:00,8.4,273.0
2023-06-23 06:00:00,7.4,400.0
2023-06-23 07:00:00,3.4,543.0
2023-06-23 08:00:00,4.4,679.0
2023-06-23 09:00:00,3.0,741.0
2023-06-23 10:00:00,5.0,673.0
2023-06-23 11:00:00,6.4,612.0
2023-06-23 12:00:00,7.5,628.0
2023-06-23 13:00:00,7.9,708.0
2023-06-23 14:00:00,10.8,247.0
2023-06-23 15:00:00,11.2,222.0
2023-06-23 16:00:00,10.2,51.0
2023-06-23 17:00:00,10.9,102.0
2023-06-23 18:00:00,9.4,86.0
2023-06-23 19:00:00,8.1,12.0
2023-06-23 20:00:00,8.2,0.0
2023-06-23 21:00:00,7.6,0.0
2023-06-23 22:00:00,6.8,0.0
2023-06-23 23:00:00,6.9,0.0
2023-06-24 00:00:00,8.2,0.0
2023-06-24 01:00:00,7.6,0.0
2023-06-24 02:00:00,9.2,0.0
2023-06-24 03:00:00,9.2,36.0
2023-06-24 04:00:00,7.7,111.0
2023-06-24 05:00:00,7.9,232.0
2023-06-24 06:00:00,9.9,330.0
2023-06-24 07:00:00,10.9,530.0
2023-06-24 08:00:00,11.8,608.0
2023-06-24 09:00:00,11.6,691.0
2023-06-24 10:00:00,12.2,752.0
2023-06-24 11:00:00,11.4,758.0
2023-06-24 12:00:00,11.5,780.0
2023-06-24 13:00:00,14.8,649.0
2023-06-24 14:00:00,14.3,573.0
2023-06-24 15:00:00,14.1,457.0
2023-06-24 16:00:00,13.0,318.0
2023-06-24 17:00:00,8.6,230.0
2023-06-24 18:00:00,9.5,92.0
2023-06-24 19:00:00,7.6,17.0
2023-06-24 20:00:00,15.2,0.0
2023-06-24 21:00:00,15.3,0.0
2023-06-24 22:00:00,12.9,0.0
2023-06-24 23:00:00,11.8,0.0
2023-06-25 00:00:00,14.4,0.0
2023-06-25 01:00:00,12.7,0.0
2023-06-25 02:00:00,10.9,0.0
2023-06-25 03:00:00,10.1,24.0
2023-06-25 04:00:00,11.2,115.0
2023-06-25 05:00:00,10.9,267.0
2023-06-25 06:00:00,11.9,391.0
2023-06-25 07:00:00,12.6,539.0
2023-06-25 08:00:00,14.5,649.0
2023-06-25 09:00:00,15.7,707.0
2023-06-25 10:00:00,15.0,755.0
2023-06-25 11:00:00,15.8,726.0
2023-06-25 12:00:00,15.5,717.0
2023-06-25 13:00:00,15.1,685.0
2023-06-25 14:00:00,15.3,604.0
2023-06-25 15:00:00,16.9,472.0
2023-06-25 16:00:00,18.4,324.0
2023-06-25 17:00:00,13.8,176.0
2023-06-25 18:00:00,10.3,72.0
2023-06-25 19:00:00,10.5,13.0
2023-06-25 20:00:00,9.3,0.0
2023-06-25 21:00:00,7.6,0.0
2023-06-25 22:00:00,7.4,0.0
2023-06-25 23:00:00,7.7,0.0
2023-06-26 00:00:00,7.1,0.0
2023-06-26 01:00:00,6.0,0.0
2023-06-26 02:00:00,5.2,0.0
2023-06-26 03:00:00,5.7,39.0
2023-06-26 04:00:00,3.3,139.0
2023-06-26 05:00:00,1.9,239.0
2023-06-26 06:00:00,4.5,311.0
2023-06-26 07:00:00,5.7,487.0
2023-06-26 08:00:00,6.4,663.0
2023-06-26 09:00:00,7.5,731.0
2023-06-26 10:00:00,8.9,755.0
2023-06-26 11:00:00,10.3,564.0
2023-06-26 12:00:00,7.3,385.0
2023-06-26 13:00:00,10.3,366.0
2023-06-26 14:00:00,10.5,493.0
2023-06-26 15:00:00,9.5,451.0
2023-06-26 16:00:00,9.5,370.0
2023-06-26 17:00:00,9.5,226.0
2023-06-26 18:00:00,4.5,101.0
2023-06-26 19:00:00,7.6,20.0
2023-06-26 20:00:00,6.3,0.0
2023-06-26 21:00:00,5.9,0.0
2023-06-26 22:00:00,7.0,0.0
2023-06-26 23:00:00,3.4,0.0
2023-06-27 00:00:00,0.7,0.0
2023-06-27 01:00:00,5.4,0.0
2023-06-27 02:00:00,5.2,0.0
2023-06-27 03:00:00,7.3,37.0
2023-06-27 04:00:00,5.6,140.0
2023-06-27 05:00:00,6.9,276.0
2023-06-27 06:00:00,10.4,420.0
2023-06-27 07:00:00,12.2,556.0
2023-06-27 08:00:00,12.2,622.0
2023-06-27 09:00:00,11.1,607.0
2023-06-27 10:00:00,11.6,741.0
2023-06-27 11:00:00,11.4,696.0
2023-06-27 12:00:00,13.0,509.0
2023-06-27 13:00:00,15.0,490.0
2023-06-27 14:00:00,3.0,306.0
2023-06-27 15:00:00,18.6,289.0
2023-06-27 16:00:00,7.5,142.0
2023-06-27 17:00:00,7.7,51.0
2023-06-27 18:00:00,9.4,45.0
2023-06-27 19:00:00,3.6,8.0
2023-06-27 20:00:00,7.6,0.0
2023-06-27 21:00:00,7.0,0.0
2023-06-27 22:00:00,6.6,0.0
2023-06-27 23:00:00,4.6,0.0
2023-06-28 00:00:00,5.9,0.0
2023-06-28 01:00:00,8.8,0.0
2023-06-28 02:00:00,9.4,0.0
2023-06-28 03:00:00,10.7,4.0
2023-06-28 04:00:00,11.2,21.0
2023-06-28 05:00:00,14.0,65.0
2023-06-28 06:00:00,16.1,158.0
2023-06-28 07:00:00,12.7,216.0
2023-06-28 08:00:00,19.4,327.0
2023-06-28 09:00:00,15.0,229.0
2023-06-28 10:00:00,13.8,529.0
2023-06-28 11:00:00,13.1,567.0
2023-06-28 12:00:00,14.4,601.0
2023-06-28 13:00:00,12.6,498.0
2023-06-28 14:00:00,19.1,496.0
2023-06-28 15:00:00,11.5,315.0
2023-06-28 16:00:00,13.1,147.0
2023-06-28 17:00:00,12.3,89.0
2023-06-28 18:00:00,14.2,64.0
2023-06-28 19:00:00,13.3,20.0
2023-06-28 20:00:00,11.2,0.0
2023-06-28 21:00:00,11.9,0.0
2023-06-28 22:00:00,12.2,0.0
2023-06-28 23:00:00,13.6,0.0
2023-06-29 00:00:00,13.5,0.0
2023-06-29 01:00:00,12.6,0.0
2023-06-29 02:00:00,12.9,0.0
2023-06-29 03:00:00,12.9,25.0
2023-06-29 04:00:00,11.5,108.0
2023-06-29 05:00:00,12.0,259.0
2023-06-29 06:00:00,13.3,408.0
2023-06-29 07:00:00,15.5,476.0
2023-06-29 08:00:00,15.8,571.0
2023-06-29 09:00:00,17.3,676.0
2023-06-29 10:00:00,18.5,745.0
2023-06-29 11:00:00,19.5,634.0
2023-06-29 12:00:00,20.4,614.0
2023-06-29 13:00:00,14.7,578.0
2023-06-29 14:00:00,17.7,497.0
2023-06-29 15:00:00,17.8,444.0
2023-06-29 16:00:00,18.1,311.0
2023-06-29 17:00:00,14.9,156.0
2023-06-29 18:00:00,16.3,91.0
2023-06-29 19:00:00,16.7,18.0
2023-06-29 20:00:00,17.1,0.0
2023-06-29 21:00:00,16.1,0.0
2023-06-29 22:00:00,14.6,0.0
2023-06-29 23:00:00,14.7,0.0
2023-06-30 00:00:00,15.5,0.0
2023-06-30 01:00:00,14.4,0.0
2023-06-30 02:00:00,13.4,0.0
2023-06-30 03:00:00,13.4,36.0
2023-06-30 04:00:00,12.7,140.0
2023-06-30 05:00:00,13.7,277.0
2023-06-30 06:00:00,14.9,418.0
2023-06-30 07:00:00,15.6,544.0
2023-06-30 08:00:00,15.0,658.0
2023-06-30 09:00:00,14.6,730.0
2023-06-30 10:00:00,14.5,782.0
2023-06-30 11:00:00,14.5,752.0
2023-06-30 12:00:00,16.1,702.0
2023-06-30 13:00:00,15.5,589.0
2023-06-30 14:00:00,13.5,570.0
2023-06-30 15:00:00,15.4,477.0
2023-06-30 16:00:00,14.3,263.0
2023-06-30 17:00:00,9.8,174.0
2023-06-30 18:00:00,5.0,82.0
2023-06-30 19:00:00,8.3,19.0
2023-06-30 20:00:00,7.0,0.0
2023-06-30 21:00:00,7.6,0.0
2023-06-30 22:00:00,7.2,0.0
2023-06-30 23:00:00,6.1,0.0
2023-07-01 00:00:00,5.8,0.0
2023-07-01 01:00:00,7.5,0.0
2023-07-01 02:00:00,9.7,0.0
2023-07-01 03:00:00,10.8,12.0
2023-07-01 04:00:00,10.9,22.0
2023-07-01 05:00:00,14.4,163.0
2023-07-01 06:00:00,14.6,70.0
2023-07-01 07:00:00,15.2,327.0
2023-07-01 08:00:00,16.8,553.0
2023-07-01 09:00:00,16.4,624.0
2023-07-01 10:00:00,19.5,796.0
2023-07-01 11:00:00,22.1,664.0
2023-07-01 12:00:00,20.2,643.0
2023-07-01 13:00:00,19.7,601.0
2023-07-01 14:00:00,18.6,582.0
2023-07-01 15:00:00,17.8,471.0
2023-07-01 16:00:00,17.1,317.0
2023-07-01 17:00:00,12.2,206.0
2023-07-01 18:00:00,10.4,88.0
2023-07-01 19:00:00,7.2,17.0
2023-07-01 20:00:00,6.5,0.0
2023-07-01 21:00:00,6.0,0.0
2023-07-01 22:00:00,5.9,0.0
2023-07-01 23:00:00,5.0,0.0
2023-07-02 00:00:00,6.8,0.0
2023-07-02 01:00:00,9.0,0.0
2023-07-02 02:00:00,9.0,0.0
2023-07-02 03:00:00,11.2,14.0
2023-07-02 04:00:00,13.3,31.0
2023-07-02 05:00:00,11.2,35.0
2023-07-02 06:00:00,11.2,143.0
2023-07-02 07:00:00,14.1,312.0
2023-07-02 08:00:00,15.9,184.0
2023-07-02 09:00:00,16.0,377.0
2023-07-02 10:00:00,22.1,739.0
2023-07-02 11:00:00,20.2,527.0
2023-07-02 12:00:00,21.8,373.0
2023-07-02 13:00:00,29.2,226.0
2023-07-02 14:00:00,33.1,394.0
2023-07-02 15:00:00,20.2,270.0
2023-07-02 16:00:00,22.0,281.0
2023-07-02 17:00:00,20.2,223.0
2023-07-02 18:00:00,16.2,99.0
2023-07-02 19:00:00,13.6,19.0
2023-07-02 20:00:00,15.9,0.0
2023-07-02 21:00:00,17.4,0.0
2023-07-02 22:00:00,19.2,0.0
2023-07-02 23:00:00,18.3,0.0
2023-07-03 00:00:00,18.7,0.0
2023-07-03 01:00:00,17.9,0.0
2023-07-03 02:00:00,17.9,0.0
2023-07-03 03:00:00,18.4,35.0
2023-07-03 04:00:00,16.4,137.0
2023-07-03 05:00:00,19.2,272.0
2023-07-03 06:00:00,21.9,422.0
2023-07-03 07:00:00,23.0,550.0
2023-07-03 08:00:00,25.8,683.0
2023-07-03 09:00:00,29.4,663.0
2023-07-03 10:00:00,26.6,508.0
2023-07-03 11:00:00,27.6,377.0
2023-07-03 12:00:00,28.5,709.0
2023-07-03 13:00:00,28.4,548.0
2023-07-03 14:00:00,28.6,384.0
2023-07-03 15:00:00,24.5,275.0
2023-07-03 16:00:00,20.3,298.0
2023-07-03 17:00:00,15.9,216.0
2023-07-03 18:00:00,10.2,62.0
2023-07-03 19:00:00,7.7,12.0
2023-07-03 20:00:00,9.1,0.0
2023-07-03 21:00:00,9.6,0.0
2023-07-03 22:00:00,9.1,0.0
2023-07-03 23:00:00,8.9,0.0
2023-07-04 00:00:00,7.2,0.0
2023-07-04 01:00:00,6.5,0.0
2023-07-04 02:00:00,9.0,0.0
2023-07-04 03:00:00,13.9,22.0
2023-07-04 04:00:00,11.2,84.0
2023-07-04 05:00:00,11.4,237.0
2023-07-04 06:00:00,14.1,413.0
2023-07-04 07:00:00,16.1,555.0
2023-07-04 08:00:00,19.0,614.0
2023-07-04 09:00:00,21.6,700.0
2023-07-04 10:00:00,22.8,760.0
2023-07-04 11:00:00,23.6,775.0
2023-07-04 12:00:00,19.5,729.0
2023-07-04 13:00:00,21.9,667.0
2023-07-04 14:00:00,19.5,555.0
2023-07-04 15:00:00,19.3,480.0
2023-07-04 16:00:00,17.9,358.0
2023-07-04 17:00:00,15.4,217.0
2023-07-04 18:00:00,7.2,99.0
2023-07-04 19:00:00,11.0,18.0
2023-07-04 20:00:00,6.8,0.0
2023-07-04 21:00:00,6.3,0.0
2023-07-04 22:00:00,6.6,0.0
2023-07-04 23:00:00,5.8,0.0
2023-07-05 00:00:00,4.8,0.0
2023-07-05 01:00:00,2.4,0.0
2023-07-05 02:00:00,4.7,0.0
2023-07-05 03:00:00,2.2,31.0
2023-07-05 04:00:00,1.1,132.0
2023-07-05 05:00:00,2.6,268.0
2023-07-05 06:00:00,5.8,415.0
2023-07-05 07:00:00,10.1,558.0
2023-07-05 08:00:00,14.5,635.0
2023-07-05 09:00:00,15.3,716.0
2023-07-05 10:00:00,12.9,783.0
2023-07-05 11:00:00,12.6,844.0
2023-07-05 12:00:00,10.7,818.0
2023-07-05 13:00:00,11.0,752.0
2023-07-05 14:00:00,10.5,650.0
2023-07-05 15:00:00,9.9,522.0
2023-07-05 16:00:00,8.0,379.0
2023-07-05 17:00:00,3.5,236.0
2023-07-05 18:00:00,3.0,107.0
2023-07-05 19:00:00,4.1,19.0
2023-07-05 20:00:00,6.5,0.0
2023-07-05 21:00:00,10.2,0.0
2023-07-05 22:00:00,11.4,0.0
2023-07-05 23:00:00,11.8,0.0
2023-07-06 00:00:00,10.7,0.0
2023-07-06 01:00:00,12.0,0.0
2023-07-06 02:00:00,12.5,0.0
2023-07-06 03:00:00,12.5,31.0
2023-07-06 04:00:00,12.3,128.0
2023-07-06 05:00:00,11.0,260.0
2023-07-06 06:00:00,9.1,396.0
2023-07-06 07:00:00,9.1,492.0
2023-07-06 08:00:00,8.8,617.0
2023-07-06 09:00:00,8.1,634.0
2023-07-06 10:00:00,6.2,551.0
2023-07-06 11:00:00,11.7,183.0
2023-07-06 12:00:00,8.6,207.0
2023-07-06 13:00:00,12.3,507.0
2023-07-06 14:00:00,12.8,391.0
2023-07-06 15:00:00,12.2,361.0
2023-07-06 16:00:00,14.9,309.0
2023-07-06 17:00:00,17.1,153.0
2023-07-06 18:00:00,14.5,86.0
2023-07-06 19:00:00,13.3,14.0
2023-07-06 20:00:00,12.8,0.0
2023-07-06 21:00:00,14.3,0.0
2023-07-06 22:00:00,15.7,0.0
2023-07-06 23:00:00,14.2,0.0
2023-07-07 00:00:00,12.3,0.0
2023-07-07 01:00:00,11.1,0.0
2023-07-07 02:00:00,9.7,0.0
2023-07-07 03:00:00,10.4,30.0
2023-07-07 04:00:00,9.4,132.0
2023-07-07 05:00:00,8.9,267.0
2023-07-07 06:00:00,8.2,414.0
2023-07-07 07:00:00,11.0,554.0
2023-07-07 08:00:00,13.5,669.0
2023-07-07 09:00:00,14.8,761.0
2023-07-07 10:00:00,17.0,823.0
2023-07-07 11:00:00,19.6,692.0
2023-07-07 12:00:00,17.1,580.0
2023-07-07 13:00:00,15.5,544.0
2023-07-07 14:00:00,15.5,503.0
2023-07-07 15:00:00,16.2,387.0
2023-07-07 16:00:00,16.4,282.0
2023-07-07 17:00:00,15.0,185.0
2023-07-07 18:00:00,14.0,98.0
2023-07-07 19:00:00,12.2,17.0
2023-07-07 20:00:00,11.0,0.0
2023-07-07 21:00:00,8.4,0.0
2023-07-07 22:00:00,8.4,0.0
2023-07-07 23:00:00,9.4,0.0
2023-07-08 00:00:00,9.5,0.0
2023-07-08 01:00:00,8.4,0.0
2023-07-08 02:00:00,8.6,0.0
2023-07-08 03:00:00,8.9,29.0
2023-07-08 04:00:00,8.4,128.0
2023-07-08 05:00:00,8.7,263.0
2023-07-08 06:00:00,10.7,409.0
2023-07-08 07:00:00,11.8,544.0
2023-07-08 08:00:00,14.1,669.0
2023-07-08 09:00:00,15.8,727.0
2023-07-08 10:00:00,15.6,631.0
2023-07-08 11:00:00,14.9,552.0
2023-07-08 12:00:00,13.0,437.0
2023-07-08 13:00:00,14.4,579.0
2023-07-08 14:00:00,15.1,301.0
2023-07-08 15:00:00,15.8,343.0
2023-07-08 16:00:00,15.9,289.0
2023-07-08 17:00:00,13.3,153.0
2023-07-08 18:00:00,11.2,94.0
2023-07-08 19:00:00,7.6,15.0
2023-07-08 20:00:00,8.4,0.0
2023-07-08 21:00:00,7.2,0.0
2023-07-08 22:00:00,5.8,0.0
2023-07-08 23:00:00,5.6,0.0
2023-07-09 00:00:00,5.5,0.0
2023-07-09 01:00:00,6.6,0.0
2023-07-09 02:00:00,6.3,0.0
2023-07-09 03:00:00,8.1,27.0
2023-07-09 04:00:00,8.4,124.0
2023-07-09 05:00:00,9.6,257.0
2023-07-09 06:00:00,10.8,403.0
2023-07-09 07:00:00,12.6,537.0
2023-07-09 08:00:00,13.9,662.0
2023-07-09 09:00:00,15.1,709.0
2023-07-09 10:00:00,16.5,758.0
2023-07-09 11:00:00,17.1,776.0
2023-07-09 12:00:00,15.5,756.0
2023-07-09 13:00:00,16.0,675.0
2023-07-09 14:00:00,18.1,591.0
2023-07-09 15:00:00,23.3,411.0
2023-07-09 16:00:00,14.7,236.0
2023-07-09 17:00:00,14.6,196.0
2023-07-09 18:00:00,13.0,84.0
2023-07-09 19:00:00,11.5,16.0
2023-07-09 20:00:00,9.9,0.0
2023-07-09 21:00:00,9.4,0.0
2023-07-09 22:00:00,11.0,0.0
2023-07-09 23:00:00,10.7,0.0
2023-07-10 00:00:00,11.2,0.0
2023-07-10 01:00:00,12.0,0.0
2023-07-10 02:00:00,11.7,0.0
2023-07-10 03:00:00,11.7,24.0
2023-07-10 04:00:00,15.9,65.0
2023-07-10 05:00:00,15.8,103.0
2023-07-10 06:00:00,14.2,174.0
2023-07-10 07:00:00,14.8,263.0
2023-07-10 08:00:00,15.8,385.0
2023-07-10 09:00:00,16.1,597.0
2023-07-10 10:00:00,16.2,667.0
2023-07-10 11:00:00,16.8,722.0
2023-07-10 12:00:00,15.9,707.0
2023-07-10 13:00:00,15.2,524.0
2023-07-10 14:00:00,15.5,478.0
2023-07-10 15:00:00,13.0,431.0
2023-07-10 16:00:00,11.3,314.0
2023-07-10 17:00:00,7.9,212.0
2023-07-10 18:00:00,13.3,87.0
2023-07-10 19:00:00,10.1,12.0
2023-07-10 20:00:00,9.7,0.0
2023-07-10 21:00:00,7.6,0.0
2023-07-10 22:00:00,7.4,0.0
2023-07-10 23:00:00,8.1,0.0
2023-07-11 00:00:00,9.7,0.0
2023-07-11 01:00:00,8.0,0.0
2023-07-11 02:00:00,6.2,0.0
2023-07-11 03:00:00,6.0,18.0
2023-07-11 04:00:00,7.2,99.0
2023-07-11 05:00:00,5.6,216.0
2023-07-11 06:00:00,8.1,370.0
2023-07-11 07:00:00,9.6,496.0
2023-07-11 08:00:00,11.4,671.0
2023-07-11 09:00:00,11.6,647.0
2023-07-11 10:00:00,9.2,626.0
2023-07-11 11:00:00,9.0,530.0
2023-07-11 12:00:00,9.7,422.0
2023-07-11 13:00:00,10.0,469.0
2023-07-11 14:00:00,10.7,355.0
2023-07-11 15:00:00,9.5,218.0
2023-07-11 16:00:00,9.0,185.0
2023-07-11 17:00:00,6.3,150.0
2023-07-11 18:00:00,5.5,85.0
2023-07-11 19:00:00,6.8,12.0
2023-07-11 20:00:00,7.1,0.0
2023-07-11 21:00:00,6.9,0.0
2023-07-11 22:00:00,7.5,0.0
2023-07-11 23:00:00,8.2,0.0
2023-07-12 00:00:00,6.9,0.0
2023-07-12 01:00:00,8.9,0.0
2023-07-12 02:00:00,7.4,0.0
2023-07-12 03:00:00,7.2,25.0
2023-07-12 04:00:00,7.8,122.0
2023-07-12 05:00:00,6.6,258.0
2023-07-12 06:00:00,6.0,407.0
2023-07-12 07:00:00,8.4,550.0
2023-07-12 08:00:00,7.9,675.0
2023-07-12 09:00:00,4.1,771.0
2023-07-12 10:00:00,1.9,831.0
2023-07-12 11:00:00,5.1,848.0
2023-07-12 12:00:00,7.0,821.0
2023-07-12 13:00:00,8.6,757.0
2023-07-12 14:00:00,7.9,659.0
2023-07-12 15:00:00,8.7,528.0
2023-07-12 16:00:00,7.5,344.0
2023-07-12 17:00:00,6.0,176.0
2023-07-12 18:00:00,8.4,83.0
2023-07-12 19:00:00,12.9,9.0
2023-07-12 20:00:00,12.2,0.0
2023-07-12 21:00:00,12.7,0.0
2023-07-12 22:00:00,12.5,0.0
2023-07-12 23:00:00,12.2,0.0
2023-07-13 00:00:00,10.9,0.0
2023-07-13 01:00:00,10.6,0.0
2023-07-13 02:00:00,9.3,0.0
2023-07-13 03:00:00,10.2,22.0
2023-07-13 04:00:00,14.4,91.0
2023-07-13 05:00:00,14.5,65.0
2023-07-13 06:00:00,12.6,225.0
2023-07-13 07:00:00,14.2,437.0
2023-07-13 08:00:00,15.3,535.0
2023-07-13 09:00:00,17.4,667.0
2023-07-13 10:00:00,17.3,777.0
2023-07-13 11:00:00,17.6,780.0
2023-07-13 12:00:00,16.5,733.0
2023-07-13 13:00:00,17.1,652.0
2023-07-13 14:00:00,17.1,501.0
2023-07-13 15:00:00,16.4,285.0
2023-07-13 16:00:00,17.1,286.0
2023-07-13 17:00:00,14.7,201.0
2023-07-13 18:00:00,12.9,45.0
2023-07-13 19:00:00,14.4,8.0
2023-07-13 20:00:00,14.6,0.0
2023-07-13 21:00:00,13.6,0.0
2023-07-13 22:00:00,11.6,0.0
2023-07-13 23:00:00,11.5,0.0
2023-07-14 00:00:00,10.6,0.0
2023-07-14 01:00:00,9.5,0.0
2023-07-14 02:00:00,9.3,0.0
2023-07-14 03:00:00,10.0,21.0
2023-07-14 04:00:00,9.2,105.0
2023-07-14 05:00:00,8.9,184.0
2023-07-14 06:00:00,9.7,252.0
2023-07-14 07:00:00,10.5,490.0
2023-07-14 08:00:00,11.1,612.0
2023-07-14 09:00:00,11.3,741.0
2023-07-14 10:00:00,12.8,803.0
2023-07-14 11:00:00,15.8,821.0
2023-07-14 12:00:00,16.6,724.0
2023-07-14 13:00:00,15.4,589.0
2023-07-14 14:00:00,19.4,444.0
2023-07-14 15:00:00,13.7,361.0
2023-07-14 16:00:00,15.1,321.0
2023-07-14 17:00:00,12.6,204.0
2023-07-14 18:00:00,9.3,87.0
2023-07-14 19:00:00,8.0,12.0
2023-07-14 20:00:00,10.5,0.0
2023-07-14 21:00:00,10.8,0.0
2023-07-14 22:00:00,10.3,0.0
2023-07-14 23:00:00,9.3,0.0
2023-07-15 00:00:00,8.1,0.0
2023-07-15 01:00:00,8.2,0.0
2023-07-15 02:00:00,7.1,0.0
2023-07-15 03:00:00,7.2,21.0
2023-07-15 04:00:00,7.3,114.0
2023-07-15 05:00:00,7.2,248.0
2023-07-15 06:00:00,7.3,395.0
2023-07-15 07:00:00,8.8,537.0
2023-07-15 08:00:00,9.3,661.0
2023-07-15 09:00:00,9.3,748.0
2023-07-15 10:00:00,10.6,792.0
2023-07-15 11:00:00,12.4,847.0
2023-07-15 12:00:00,13.2,725.0
2023-07-15 13:00:00,13.2,643.0
2023-07-15 14:00:00,11.4,529.0
2023-07-15 15:00:00,11.0,450.0
2023-07-15 16:00:00,10.7,341.0
2023-07-15 17:00:00,10.1,202.0
2023-07-15 18:00:00,4.9,89.0
2023-07-15 19:00:00,6.0,12.0
2023-07-15 20:00:00,7.6,0.0
2023-07-15 21:00:00,7.0,0.0
2023-07-15 22:00:00,9.0,0.0
2023-07-15 23:00:00,9.9,0.0
2023-07-16 00:00:00,10.7,0.0
2023-07-16 01:00:00,11.0,0.0
2023-07-16 02:00:00,11.1,0.0
2023-07-16 03:00:00,11.5,18.0
2023-07-16 04:00:00,12.6,96.0
2023-07-16 05:00:00,12.6,234.0
2023-07-16 06:00:00,13.0,381.0
2023-07-16 07:00:00,13.4,522.0
2023-07-16 08:00:00,14.4,642.0
2023-07-16 09:00:00,14.4,736.0
2023-07-16 10:00:00,14.6,792.0
2023-07-16 11:00:00,14.6,734.0
2023-07-16 12:00:00,14.6,742.0
2023-07-16 13:00:00,15.4,713.0
2023-07-16 14:00:00,15.9,568.0
2023-07-16 15:00:00,17.4,357.0
2023-07-16 16:00:00,14.9,196.0
2023-07-16 17:00:00,12.3,172.0
2023-07-16 18:00:00,10.5,61.0
2023-07-16 19:00:00,6.2,7.0
2023-07-16 20:00:00,7.9,0.0
2023-07-16 21:00:00,13.8,0.0
2023-07-16 22:00:00,11.2,0.0
2023-07-16 23:00:00,8.2,0.0
2023-07-17 00:00:00,6.4,0.0
2023-07-17 01:00:00,9.8,0.0
2023-07-17 02:00:00,7.9,0.0
2023-07-17 03:00:00,9.2,16.0
2023-07-17 04:00:00,10.3,82.0
2023-07-17 05:00:00,9.2,182.0
2023-07-17 06:00:00,8.1,356.0
2023-07-17 07:00:00,8.1,511.0
2023-07-17 08:00:00,7.7,636.0
2023-07-17 09:00:00,5.7,690.0
2023-07-17 10:00:00,2.6,765.0
2023-07-17 11:00:00,3.1,757.0
2023-07-17 12:00:00,3.3,726.0
2023-07-17 13:00:00,10.1,623.0
2023-07-17 14:00:00,16.3,472.0
2023-07-17 15:00:00,15.6,412.0
2023-07-17 16:00:00,18.2,242.0
2023-07-17 17:00:00,9.0,167.0
2023-07-17 18:00:00,5.4,73.0
2023-07-17 19:00:00,7.9,7.0
2023-07-17 20:00:00,10.8,0.0
2023-07-17 21:00:00,8.2,0.0
2023-07-17 22:00:00,8.9,0.0
2023-07-17 23:00:00,10.2,0.0
2023-07-18 00:00:00,15.1,0.0
2023-07-18 01:00:00,16.3,0.0
2023-07-18 02:00:00,13.5,0.0
2023-07-18 03:00:00,10.5,6.0
2023-07-18 04:00:00,13.0,52.0
2023-07-18 05:00:00,15.3,43.0
2023-07-18 06:00:00,14.1,133.0
2023-07-18 07:00:00,24.5,462.0
2023-07-18 08:00:00,15.5,115.0
2023-07-18 09:00:00,19.8,468.0
2023-07-18 10:00:00,24.6,661.0
2023-07-18 11:00:00,27.4,748.0
2023-07-18 12:00:00,28.5,737.0
2023-07-18 13:00:00,31.0,658.0
2023-07-18 14:00:00,27.9,565.0
2023-07-18 15:00:00,27.3,450.0
2023-07-18 16:00:00,26.6,324.0
2023-07-18 17:00:00,24.0,209.0
2023-07-18 18:00:00,19.7,88.0
2023-07-18 19:00:00,18.1,10.0
2023-07-18 20:00:00,17.7,0.0
2023-07-18 21:00:00,15.6,0.0
2023-07-18 22:00:00,14.8,0.0
2023-07-18 23:00:00,14.0,0.0
2023-07-19 00:00:00,13.4,0.0
2023-07-19 01:00:00,13.6,0.0
2023-07-19 02:00:00,13.8,0.0
2023-07-19 03:00:00,12.8,15.0
2023-07-19 04:00:00,12.2,101.0
2023-07-19 05:00:00,14.8,231.0
2023-07-19 06:00:00,18.4,361.0
2023-07-19 07:00:00,18.0,459.0
2023-07-19 08:00:00,17.6,522.0
2023-07-19 09:00:00,18.0,588.0
2023-07-19 10:00:00,18.8,596.0
2023-07-19 11:00:00,20.7,705.0
2023-07-19 12:00:00,21.6,620.0
2023-07-19 13:00:00,22.7,502.0
2023-07-19 14:00:00,20.9,340.0
2023-07-19 15:00:00,24.5,283.0
2023-07-19 16:00:00,19.6,158.0
2023-07-19 17:00:00,18.0,117.0
2023-07-19 18:00:00,15.6,37.0
2023-07-19 19:00:00,13.4,5.0
2023-07-19 20:00:00,10.6,0.0
2023-07-19 21:00:00,9.7,0.0
2023-07-19 22:00:00,9.4,0.0
2023-07-19 23:00:00,8.3,0.0
2023-07-20 00:00:00,7.3,0.0
2023-07-20 01:00:00,5.8,0.0
2023-07-20 02:00:00,5.2,0.0
2023-07-20 03:00:00,6.6,14.0
2023-07-20 04:00:00,7.1,98.0
2023-07-20 05:00:00,8.7,224.0
2023-07-20 06:00:00,10.7,359.0
2023-07-20 07:00:00,11.5,478.0
2023-07-20 08:00:00,13.6,562.0
2023-07-20 09:00:00,13.0,634.0
2023-07-20 10:00:00,12.7,688.0
2023-07-20 11:00:00,14.4,748.0
2023-07-20 12:00:00,14.0,677.0
2023-07-20 13:00:00,15.2,615.0
2023-07-20 14:00:00,18.6,230.0
2023-07-20 15:00:00,15.6,364.0
2023-07-20 16:00:00,15.6,296.0
2023-07-20 17:00:00,13.8,185.0
2023-07-20 18:00:00,9.1,76.0
2023-07-20 19:00:00,8.8,8.0
2023-07-20 20:00:00,9.6,0.0
2023-07-20 21:00:00,10.3,0.0
2023-07-20 22:00:00,10.4,0.0
2023-07-20 23:00:00,10.8,0.0
2023-07-21 00:00:00,10.8,0.0
2023-07-21 01:00:00,8.5,0.0
2023-07-21 02:00:00,8.0,0.0
2023-07-21 03:00:00,9.1,13.0
2023-07-21 04:00:00,9.5,101.0
2023-07-21 05:00:00,11.8,230.0
2023-07-21 06:00:00,15.6,377.0
2023-07-21 07:00:00,17.6,497.0
2023-07-21 08:00:00,18.0,587.0
2023-07-21 09:00:00,20.0,663.0
2023-07-21 10:00:00,19.5,635.0
2023-07-21 11:00:00,19.1,682.0
2023-07-21 12:00:00,18.8,712.0
2023-07-21 13:00:00,23.4,474.0
2023-07-21 14:00:00,14.8,416.0
2023-07-21 15:00:00,15.2,471.0
2023-07-21 16:00:00,15.1,330.0
2023-07-21 17:00:00,12.6,183.0
2023-07-21 18:00:00,8.8,75.0
2023-07-21 19:00:00,6.8,7.0
2023-07-21 20:00:00,7.3,0.0
2023-07-21 21:00:00,5.8,0.0
2023-07-21 22:00:00,5.6,0.0
2023-07-21 23:00:00,5.6,0.0
2023-07-22 00:00:00,5.1,0.0
2023-07-22 01:00:00,6.0,0.0
2023-07-22 02:00:00,5.5,0.0
2023-07-22 03:00:00,6.1,11.0
2023-07-22 04:00:00,8.9,69.0
2023-07-22 05:00:00,7.0,181.0
2023-07-22 06:00:00,9.2,342.0
2023-07-22 07:00:00,11.6,360.0
2023-07-22 08:00:00,12.1,438.0
2023-07-22 09:00:00,15.0,306.0
2023-07-22 10:00:00,8.7,185.0
2023-07-22 11:00:00,8.6,227.0
2023-07-22 12:00:00,5.6,578.0
2023-07-22 13:00:00,10.5,233.0
2023-07-22 14:00:00,11.9,475.0
2023-07-22 15:00:00,20.9,254.0
2023-07-22 16:00:00,10.2,225.0
2023-07-22 17:00:00,14.4,191.0
2023-07-22 18:00:00,10.1,60.0
2023-07-22 19:00:00,8.5,6.0
2023-07-22 20:00:00,9.0,0.0
2023-07-22 21:00:00,9.0,0.0
2023-07-22 22:00:00,10.5,0.0
2023-07-22 23:00:00,10.9,0.0
2023-07-23 00:00:00,11.3,0.0
2023-07-23 01:00:00,11.5,0.0
2023-07-23 02:00:00,11.0,0.0
2023-07-23 03:00:00,10.5,9.0
2023-07-23 04:00:00,12.7,76.0
2023-07-23 05:00:00,13.3,210.0
2023-07-23 06:00:00,13.0,312.0
2023-07-23 07:00:00,13.3,470.0
2023-07-23 08:00:00,13.4,595.0
2023-07-23 09:00:00,15.6,633.0
2023-07-23 10:00:00,16.1,419.0
2023-07-23 11:00:00,18.6,595.0
2023-07-23 12:00:00,15.0,461.0
2023-07-23 13:00:00,12.6,288.0
2023-07-23 14:00:00,13.0,162.0
2023-07-23 15:00:00,13.0,88.0
2023-07-23 16:00:00,11.5,38.0
2023-07-23 17:00:00,10.7,39.0
2023-07-23 18:00:00,9.1,16.0
2023-07-23 19:00:00,12.6,1.0
2023-07-23 20:00:00,16.0,0.0
2023-07-23 21:00:00,15.0,0.0
2023-07-23 22:00:00,13.0,0.0
2023-07-23 23:00:00,10.9,0.0
2023-07-24 00:00:00,9.0,0.0
2023-07-24 01:00:00,10.9,0.0
2023-07-24 02:00:00,9.1,0.0
2023-07-24 03:00:00,6.4,9.0
2023-07-24 04:00:00,6.0,88.0
2023-07-24 05:00:00,2.6,188.0
2023-07-24 06:00:00,6.6,347.0
2023-07-24 07:00:00,5.6,451.0
2023-07-24 08:00:00,8.7,551.0
2023-07-24 09:00:00,8.2,482.0
2023-07-24 10:00:00,3.7,454.0
2023-07-24 11:00:00,8.9,531.0
2023-07-24 12:00:00,7.7,446.0
2023-07-24 13:00:00,10.7,252.0
2023-07-24 14:00:00,15.4,292.0
2023-07-24 15:00:00,15.0,438.0
2023-07-24 16:00:00,13.8,331.0
2023-07-24 17:00:00,9.2,184.0
2023-07-24 18:00:00,6.3,70.0
2023-07-24 19:00:00,7.1,5.0
2023-07-24 20:00:00,8.9,0.0
2023-07-24 21:00:00,9.0,0.0
2023-07-24 22:00:00,11.2,0.0
2023-07-24 23:00:00,10.5,0.0
2023-07-25 00:00:00,15.8,0.0
2023-07-25 01:00:00,17.2,0.0
2023-07-25 02:00:00,12.3,0.0
2023-07-25 03:00:00,3.1,5.0
2023-07-25 04:00:00,9.4,39.0
2023-07-25 05:00:00,15.3,109.0
2023-07-25 06:00:00,15.9,322.0
2023-07-25 07:00:00,21.4,492.0
2023-07-25 08:00:00,22.7,559.0
2023-07-25 09:00:00,20.8,683.0
2023-07-25 10:00:00,19.3,748.0
2023-07-25 11:00:00,19.7,744.0
2023-07-25 12:00:00,15.3,734.0
2023-07-25 13:00:00,18.1,568.0
2023-07-25 14:00:00,17.3,518.0
2023-07-25 15:00:00,16.7,408.0
2023-07-25 16:00:00,15.6,314.0
2023-07-25 17:00:00,10.9,176.0
2023-07-25 18:00:00,7.6,65.0
2023-07-25 19:00:00,7.7,5.0
2023-07-25 20:00:00,9.2,0.0
2023-07-25 21:00:00,9.9,0.0
2023-07-25 22:00:00,10.7,0.0
2023-07-25 23:00:00,11.7,0.0
2023-07-26 00:00:00,12.0,0.0
2023-07-26 01:00:00,11.5,0.0
2023-07-26 02:00:00,12.0,0.0
2023-07-26 03:00:00,11.5,2.0
2023-07-26 04:00:00,12.0,18.0
2023-07-26 05:00:00,12.5,81.0
2023-07-26 06:00:00,13.8,203.0
2023-07-26 07:00:00,14.6,442.0
2023-07-26 08:00:00,13.6,621.0
2023-07-26 09:00:00,14.0,679.0
2023-07-26 10:00:00,15.4,756.0
2023-07-26 11:00:00,16.9,755.0
2023-07-26 12:00:00,13.2,524.0
2023-07-26 13:00:00,11.8,536.0
2023-07-26 14:00:00,14.0,247.0
2023-07-26 15:00:00,12.9,385.0
2023-07-26 16:00:00,15.3,196.0
2023-07-26 17:00:00,12.5,143.0
2023-07-26 18:00:00,7.3,58.0
2023-07-26 19:00:00,5.1,3.0
2023-07-26 20:00:00,6.0,0.0
2023-07-26 21:00:00,9.9,0.0
2023-07-26 22:00:00,10.0,0.0
2023-07-26 23:00:00,11.2,0.0
2023-07-27 00:00:00,14.3,0.0
2023-07-27 01:00:00,15.5,0.0
2023-07-27 02:00:00,14.3,0.0
2023-07-27 03:00:00,13.3,1.0
2023-07-27 04:00:00,14.3,13.0
2023-07-27 05:00:00,15.3,20.0
2023-07-27 06:00:00,17.2,68.0
2023-07-27 07:00:00,15.3,76.0
2023-07-27 08:00:00,14.1,102.0
2023-07-27 09:00:00,13.7,119.0
2023-07-27 10:00:00,12.8,144.0
2023-07-27 11:00:00,11.9,170.0
2023-07-27 12:00:00,12.9,143.0
2023-07-27 13:00:00,13.8,343.0
2023-07-27 14:00:00,13.5,285.0
2023-07-27 15:00:00,12.0,185.0
2023-07-27 16:00:00,9.2,126.0
2023-07-27 17:00:00,7.8,126.0
2023-07-27 18:00:00,8.8,51.0
2023-07-27 19:00:00,8.2,3.0
2023-07-27 20:00:00,6.3,0.0
2023-07-27 21:00:00,6.6,0.0
2023-07-27 22:00:00,7.6,0.0
2023-07-27 23:00:00,8.4,0.0
2023-07-28 00:00:00,8.4,0.0
2023-07-28 01:00:00,7.9,0.0
2023-07-28 02:00:00,7.6,0.0
2023-07-28 03:00:00,6.4,7.0
2023-07-28 04:00:00,7.3,84.0
2023-07-28 05:00:00,4.6,214.0
2023-07-28 06:00:00,5.6,361.0
2023-07-28 07:00:00,7.1,504.0
2023-07-28 08:00:00,9.2,598.0
2023-07-28 09:00:00,9.7,650.0
2023-07-28 10:00:00,10.9,726.0
2023-07-28 11:00:00,11.4,706.0
2023-07-28 12:00:00,9.0,688.0
2023-07-28 13:00:00,11.2,577.0
2023-07-28 14:00:00,14.4,424.0
2023-07-28 15:00:00,12.3,100.0
2023-07-28 16:00:00,15.9,61.0
2023-07-28 17:00:00,13.0,50.0
2023-07-28 18:00:00,5.7,22.0
2023-07-28 19:00:00,8.3,0.0
2023-07-28 20:00:00,12.5,0.0
2023-07-28 21:00:00,13.5,0.0
2023-07-28 22:00:00,11.8,0.0
2023-07-28 23:00:00,9.7,0.0
2023-07-29 00:00:00,8.3,0.0
2023-07-29 01:00:00,7.6,0.0
2023-07-29 02:00:00,9.0,0.0
2023-07-29 03:00:00,10.2,4.0
2023-07-29 04:00:00,12.2,38.0
2023-07-29 05:00:00,14.4,135.0
2023-07-29 06:00:00,13.9,277.0
2023-07-29 07:00:00,13.3,407.0
2023-07-29 08:00:00,13.4,553.0
2023-07-29 09:00:00,14.3,657.0
2023-07-29 10:00:00,14.3,732.0
2023-07-29 11:00:00,14.6,753.0
2023-07-29 12:00:00,14.7,692.0
2023-07-29 13:00:00,14.9,504.0
2023-07-29 14:00:00,14.1,418.0
2023-07-29 15:00:00,13.7,326.0
2023-07-29 16:00:00,11.5,266.0
2023-07-29 17:00:00,6.3,176.0
2023-07-29 18:00:00,7.8,58.0
2023-07-29 19:00:00,7.6,3.0
2023-07-29 20:00:00,6.2,0.0
2023-07-29 21:00:00,8.7,0.0
2023-07-29 22:00:00,9.1,0.0
2023-07-29 23:00:00,7.6,0.0
2023-07-30 00:00:00,9.5,0.0
2023-07-30 01:00:00,10.0,0.0
2023-07-30 02:00:00,10.5,0.0
2023-07-30 03:00:00,12.9,5.0
2023-07-30 04:00:00,12.4,39.0
2023-07-30 05:00:00,13.1,76.0
2023-07-30 06:00:00,12.3,154.0
2023-07-30 07:00:00,14.1,174.0
2023-07-30 08:00:00,13.7,209.0
2023-07-30 09:00:00,18.0,285.0
2023-07-30 10:00:00,15.5,155.0
2023-07-30 11:00:00,12.9,359.0
2023-07-30 12:00:00,13.7,529.0
2023-07-30 13:00:00,17.1,463.0
2023-07-30 14:00:00,11.8,423.0
2023-07-30 15:00:00,10.2,384.0
2023-07-30 16:00:00,11.6,271.0
2023-07-30 17:00:00,7.2,153.0
2023-07-30 18:00:00,6.2,57.0
2023-07-30 19:00:00,9.7,2.0
2023-07-30 20:00:00,9.4,0.0
2023-07-30 21:00:00,6.1,0.0
2023-07-30 22:00:00,7.6,0.0
2023-07-30 23:00:00,7.0,0.0
2023-07-31 00:00:00,6.4,0.0
2023-07-31 01:00:00,5.9,0.0
2023-07-31 02:00:00,5.8,0.0
2023-07-31 03:00:00,6.6,5.0
2023-07-31 04:00:00,8.9,64.0
2023-07-31 05:00:00,10.5,177.0
2023-07-31 06:00:00,6.2,148.0
2023-07-31 07:00:00,5.8,355.0
2023-07-31 08:00:00,11.2,554.0
2023-07-31 09:00:00,13.7,632.0
2023-07-31 10:00:00,14.3,615.0
2023-07-31 11:00:00,13.8,272.0
2023-07-31 12:00:00,9.2,554.0
2023-07-31 13:00:00,10.7,531.0
2023-07-31 14:00:00,9.9,460.0
2023-07-31 15:00:00,7.6,340.0
2023-07-31 16:00:00,8.2,282.0
2023-07-31 17:00:00,6.3,126.0
2023-07-31 18:00:00,4.7,37.0
2023-07-31 19:00:00,7.8,1.0
2023-07-31 20:00:00,5.1,0.0
2023-07-31 21:00:00,6.4,0.0
2023-07-31 22:00:00,9.0,0.0
2023-07-31 23:00:00,11.2,0.0
2023-08-01 00:00:00,10.7,0.0
2023-08-01 01:00:00,10.1,0.0
2023-08-01 02:00:00,10.8,0.0
2023-08-01 03:00:00,11.5,4.0
2023-08-01 04:00:00,13.2,61.0
2023-08-01 05:00:00,12.5,179.0
2023-08-01 06:00:00,12.2,315.0
2023-08-01 07:00:00,14.8,427.0
2023-08-01 08:00:00,19.8,512.0
2023-08-01 09:00:00,19.9,538.0
2023-08-01 10:00:00,18.4,570.0
2023-08-01 11:00:00,18.1,551.0
2023-08-01 12:00:00,19.8,616.0
2023-08-01 13:00:00,15.8,402.0
2023-08-01 14:00:00,20.8,376.0
2023-08-01 15:00:00,22.7,348.0
2023-08-01 16:00:00,20.9,209.0
2023-08-01 17:00:00,9.9,34.0
2023-08-01 18:00:00,13.7,9.0
2023-08-01 19:00:00,20.9,0.0
2023-08-01 20:00:00,17.8,0.0
2023-08-01 21:00:00,17.6,0.0
2023-08-01 22:00:00,19.3,0.0
2023-08-01 23:00:00,17.9,0.0
2023-08-02 00:00:00,19.1,0.0
2023-08-02 01:00:00,19.8,0.0
2023-08-02 02:00:00,17.6,0.0
2023-08-02 03:00:00,16.3,1.0
2023-08-02 04:00:00,16.3,17.0
2023-08-02 05:00:00,10.9,51.0
2023-08-02 06:00:00,11.2,99.0
2023-08-02 07:00:00,15.0,201.0
2023-08-02 08:00:00,11.8,214.0
2023-08-02 09:00:00,10.9,297.0
2023-08-02 10:00:00,13.4,378.0
2023-08-02 11:00:00,14.9,326.0
2023-08-02 12:00:00,12.6,264.0
2023-08-02 13:00:00,16.2,426.0
2023-08-02 14:00:00,12.1,404.0
2023-08-02 15:00:00,11.1,381.0
2023-08-02 16:00:00,9.7,295.0
2023-08-02 17:00:00,6.9,161.0
2023-08-02 18:00:00,6.5,47.0
2023-08-02 19:00:00,8.6,1.0
2023-08-02 20:00:00,9.6,0.0
2023-08-02 21:00:00,9.5,0.0
2023-08-02 22:00:00,10.3,0.0
2023-08-02 23:00:00,11.0,0.0
2023-08-03 00:00:00,13.2,0.0
2023-08-03 01:00:00,13.9,0.0
2023-08-03 02:00:00,13.5,0.0
2023-08-03 03:00:00,14.1,3.0
2023-08-03 04:00:00,16.2,62.0
2023-08-03 05:00:00,15.5,113.0
2023-08-03 06:00:00,18.6,182.0
2023-08-03 07:00:00,19.7,332.0
2023-08-03 08:00:00,22.0,306.0
2023-08-03 09:00:00,26.6,634.0
2023-08-03 10:00:00,26.9,497.0
2023-08-03 11:00:00,24.4,301.0
2023-08-03 12:00:00,25.4,273.0
2023-08-03 13:00:00,20.0,120.0
2023-08-03 14:00:00,22.6,228.0
2023-08-03 15:00:00,17.0,113.0
2023-08-03 16:00:00,16.6,48.0
2023-08-03 17:00:00,18.9,30.0
2023-08-03 18:00:00,18.5,12.0
2023-08-03 19:00:00,17.7,0.0
2023-08-03 20:00:00,15.7,0.0
2023-08-03 21:00:00,15.1,0.0
2023-08-03 22:00:00,14.8,0.0
2023-08-03 23:00:00,15.0,0.0
2023-08-04 00:00:00,17.1,0.0
2023-08-04 01:00:00,15.9,0.0
2023-08-04 02:00:00,15.1,0.0
2023-08-04 03:00:00,15.6,3.0
2023-08-04 04:00:00,16.5,63.0
2023-08-04 05:00:00,15.1,186.0
2023-08-04 06:00:00,17.9,325.0
2023-08-04 07:00:00,18.7,470.0
2023-08-04 08:00:00,22.2,596.0
2023-08-04 09:00:00,24.0,591.0
2023-08-04 10:00:00,24.0,662.0
2023-08-04 11:00:00,23.4,648.0
2023-08-04 12:00:00,22.4,446.0
2023-08-04 13:00:00,21.6,457.0
2023-08-04 14:00:00,19.7,384.0
2023-08-04 15:00:00,18.4,337.0
2023-08-04 16:00:00,15.1,272.0
2023-08-04 17:00:00,13.4,125.0
2023-08-04 18:00:00,7.3,40.0
2023-08-04 19:00:00,7.9,1.0
2023-08-04 20:00:00,7.1,0.0
2023-08-04 21:00:00,4.8,0.0
2023-08-04 22:00:00,5.4,0.0
2023-08-04 23:00:00,5.0,0.0
2023-08-05 00:00:00,4.0,0.0
2023-08-05 01:00:00,5.4,0.0
2023-08-05 02:00:00,5.2,0.0
2023-08-05 03:00:00,4.8,2.0
2023-08-05 04:00:00,6.0,57.0
2023-08-05 05:00:00,4.1,164.0
2023-08-05 06:00:00,3.4,317.0
2023-08-05 07:00:00,5.4,446.0
2023-08-05 08:00:00,7.1,553.0
2023-08-05 09:00:00,8.9,558.0
2023-08-05 10:00:00,10.1,722.0
2023-08-05 11:00:00,10.2,510.0
2023-08-05 12:00:00,9.7,316.0
2023-08-05 13:00:00,9.9,179.0
2023-08-05 14:00:00,9.0,96.0
2023-08-05 15:00:00,8.8,60.0
2023-08-05 16:00:00,9.7,62.0
2023-08-05 17:00:00,7.2,60.0
2023-08-05 18:00:00,4.1,12.0
2023-08-05 19:00:00,3.7,0.0
2023-08-05 20:00:00,7.6,0.0
2023-08-05 21:00:00,12.6,0.0
2023-08-05 22:00:00,14.8,0.0
2023-08-05 23:00:00,12.5,0.0
2023-08-06 00:00:00,9.5,0.0
2023-08-06 01:00:00,15.0,0.0
2023-08-06 02:00:00,16.8,0.0
2023-08-06 03:00:00,17.1,2.0
2023-08-06 04:00:00,18.4,57.0
2023-08-06 05:00:00,18.8,175.0
2023-08-06 06:00:00,17.9,316.0
2023-08-06 07:00:00,20.3,457.0
2023-08-06 08:00:00,21.4,582.0
2023-08-06 09:00:00,22.4,677.0
2023-08-06 10:00:00,24.1,736.0
2023-08-06 11:00:00,27.6,733.0
2023-08-06 12:00:00,30.1,645.0
2023-08-06 13:00:00,28.3,530.0
2023-08-06 14:00:00,24.5,441.0
2023-08-06 15:00:00,24.9,386.0
2023-08-06 16:00:00,22.9,200.0
2023-08-06 17:00:00,26.6,132.0
2023-08-06 18:00:00,26.9,40.0
2023-08-06 19:00:00,27.3,0.0
2023-08-06 20:00:00,26.1,0.0
2023-08-06 21:00:00,24.6,0.0
2023-08-06 22:00:00,24.5,0.0
2023-08-06 23:00:00,19.2,0.0
2023-08-07 00:00:00,21.3,0.0
2023-08-07 01:00:00,17.2,0.0
2023-08-07 02:00:00,25.1,0.0
2023-08-07 03:00:00,19.1,1.0
2023-08-07 04:00:00,18.6,45.0
2023-08-07 05:00:00,20.7,143.0
2023-08-07 06:00:00,15.5,227.0
2023-08-07 07:00:00,20.4,227.0
2023-08-07 08:00:00,13.4,108.0
2023-08-07 09:00:00,15.1,229.0
2023-08-07 10:00:00,18.4,287.0
2023-08-07 11:00:00,16.7,319.0
2023-08-07 12:00:00,12.3,155.0
2023-08-07 13:00:00,19.2,131.0
2023-08-07 14:00:00,14.5,100.0
2023-08-07 15:00:00,17.2,139.0
2023-08-07 16:00:00,20.2,79.0
2023-08-07 17:00:00,20.6,43.0
2023-08-07 18:00:00,18.4,9.0
2023-08-07 19:00:00,14.9,0.0
2023-08-07 20:00:00,17.1,0.0
2023-08-07 21:00:00,18.6,0.0
2023-08-07 22:00:00,17.1,0.0
2023-08-07 23:00:00,17.2,0.0
2023-08-08 00:00:00,19.6,0.0
2023-08-08 01:00:00,21.0,0.0
2023-08-08 02:00:00,21.0,0.0
2023-08-08 03:00:00,21.0,0.0
2023-08-08 04:00:00,21.3,15.0
2023-08-08 05:00:00,20.4,45.0
2023-08-08 06:00:00,19.4,127.0
2023-08-08 07:00:00,23.4,408.0
2023-08-08 08:00:00,23.4,540.0
2023-08-08 09:00:00,23.4,666.0
2023-08-08 10:00:00,22.9,623.0
2023-08-08 11:00:00,22.7,621.0
2023-08-08 12:00:00,22.1,541.0
2023-08-08 13:00:00,20.4,540.0
2023-08-08 14:00:00,18.1,369.0
2023-08-08 15:00:00,18.6,308.0
2023-08-08 16:00:00,14.4,256.0
2023-08-08 17:00:00,11.9,136.0
2023-08-08 18:00:00,10.6,33.0
2023-08-08 19:00:00,11.8,0.0
2023-08-08 20:00:00,10.8,0.0
2023-08-08 21:00:00,12.0,0.0
2023-08-08 22:00:00,11.7,0.0
2023-08-08 23:00:00,11.5,0.0
2023-08-09 00:00:00,12.3,0.0
2023-08-09 01:00:00,13.0,0.0
2023-08-09 02:00:00,12.6,0.0
2023-08-09 03:00:00,12.1,1.0
2023-08-09 04:00:00,13.0,52.0
2023-08-09 05:00:00,12.7,173.0
2023-08-09 06:00:00,13.0,314.0
2023-08-09 07:00:00,13.1,455.0
2023-08-09 08:00:00,13.9,555.0
2023-08-09 09:00:00,15.6,297.0
2023-08-09 10:00:00,16.1,497.0
2023-08-09 11:00:00,16.4,708.0
2023-08-09 12:00:00,15.3,727.0
2023-08-09 13:00:00,8.7,395.0
2023-08-09 14:00:00,10.7,436.0
2023-08-09 15:00:00,11.3,376.0
2023-08-09 16:00:00,7.8,222.0
2023-08-09 17:00:00,3.9,60.0
2023-08-09 18:00:00,5.4,11.0
2023-08-09 19:00:00,3.2,0.0
2023-08-09 20:00:00,1.6,0.0
2023-08-09 21:00:00,1.1,0.0
2023-08-09 22:00:00,4.1,0.0
2023-08-09 23:00:00,2.2,0.0
2023-08-10 00:00:00,8.1,0.0
2023-08-10 01:00:00,7.4,0.0
2023-08-10 02:00:00,8.1,0.0
2023-08-10 03:00:00,7.9,0.0
2023-08-10 04:00:00,7.4,22.0
2023-08-10 05:00:00,7.5,138.0
2023-08-10 06:00:00,8.2,209.0
2023-08-10 07:00:00,8.5,203.0
2023-08-10 08:00:00,7.8,443.0
2023-08-10 09:00:00,6.4,612.0
2023-08-10 10:00:00,6.6,688.0
2023-08-10 11:00:00,8.7,711.0
2023-08-10 12:00:00,7.5,498.0
2023-08-10 13:00:00,7.0,412.0
2023-08-10 14:00:00,5.3,500.0
2023-08-10 15:00:00,4.3,377.0
2023-08-10 16:00:00,3.3,267.0
2023-08-10 17:00:00,3.3,136.0
2023-08-10 18:00:00,3.1,31.0
2023-08-10 19:00:00,6.1,0.0
2023-08-10 20:00:00,6.4,0.0
2023-08-10 21:00:00,5.4,0.0
2023-08-10 22:00:00,4.7,0.0
2023-08-10 23:00:00,4.2,0.0
2023-08-11 00:00:00,2.3,0.0
2023-08-11 01:00:00,6.3,0.0
2023-08-11 02:00:00,3.0,0.0
2023-08-11 03:00:00,4.3,0.0
2023-08-11 04:00:00,1.3,32.0
2023-08-11 05:00:00,2.7,112.0
2023-08-11 06:00:00,5.2,253.0
2023-08-11 07:00:00,3.7,395.0
2023-08-11 08:00:00,1.1,463.0
2023-08-11 09:00:00,2.2,470.0
2023-08-11 10:00:00,2.9,436.0
2023-08-11 11:00:00,4.4,420.0
2023-08-11 12:00:00,1.6,332.0
2023-08-11 13:00:00,2.3,273.0
2023-08-11 14:00:00,6.3,400.0
2023-08-11 15:00:00,8.8,333.0
2023-08-11 16:00:00,1.4,227.0
2023-08-11 17:00:00,3.9,118.0
2023-08-11 18:00:00,6.5,27.0
2023-08-11 19:00:00,6.2,0.0
2023-08-11 20:00:00,6.6,0.0
2023-08-11 21:00:00,8.3,0.0
2023-08-11 22:00:00,6.2,0.0
2023-08-11 23:00:00,6.5,0.0
2023-08-12 00:00:00,7.3,0.0
2023-08-12 01:00:00,7.4,0.0
2023-08-12 02:00:00,5.4,0.0
2023-08-12 03:00:00,6.6,0.0
2023-08-12 04:00:00,9.2,44.0
2023-08-12 05:00:00,7.9,163.0
2023-08-12 06:00:00,6.5,307.0
2023-08-12 07:00:00,8.9,452.0
2023-08-12 08:00:00,11.4,579.0
2023-08-12 09:00:00,12.5,678.0
2023-08-12 10:00:00,14.1,740.0
2023-08-12 11:00:00,14.7,767.0
2023-08-12 12:00:00,14.0,697.0
2023-08-12 13:00:00,13.2,664.0
2023-08-12 14:00:00,12.1,528.0
2023-08-12 15:00:00,11.9,355.0
2023-08-12 16:00:00,7.5,252.0
2023-08-12 17:00:00,5.0,138.0
2023-08-12 18:00:00,7.7,27.0
2023-08-12 19:00:00,5.2,0.0
2023-08-12 20:00:00,5.0,0.0
2023-08-12 21:00:00,6.0,0.0
2023-08-12 22:00:00,8.2,0.0
2023-08-12 23:00:00,8.7,0.0
2023-08-13 00:00:00,7.9,0.0
2023-08-13 01:00:00,5.9,0.0
2023-08-13 02:00:00,3.8,0.0
2023-08-13 03:00:00,0.8,0.0
2023-08-13 04:00:00,3.0,42.0
2023-08-13 05:00:00,3.5,159.0
2023-08-13 06:00:00,3.7,289.0
2023-08-13 07:00:00,4.6,409.0
2023-08-13 08:00:00,6.6,530.0
2023-08-13 09:00:00,6.9,646.0
2023-08-13 10:00:00,8.1,712.0
2023-08-13 11:00:00,9.8,728.0
2023-08-13 12:00:00,9.2,680.0
2023-08-13 13:00:00,10.4,472.0
2023-08-13 14:00:00,10.3,466.0
2023-08-13 15:00:00,9.7,399.0
2023-08-13 16:00:00,7.7,255.0
2023-08-13 17:00:00,7.4,109.0
2023-08-13 18:00:00,7.6,20.0
2023-08-13 19:00:00,10.1,0.0
2023-08-13 20:00:00,8.3,0.0
2023-08-13 21:00:00,6.6,0.0
2023-08-13 22:00:00,10.8,0.0
2023-08-13 23:00:00,10.7,0.0
2023-08-14 00:00:00,10.6,0.0
2023-08-14 01:00:00,9.7,0.0
2023-08-14 02:00:00,7.6,0.0
2023-08-14 03:00:00,5.8,0.0
2023-08-14 04:00:00,9.0,22.0
2023-08-14 05:00:00,10.0,71.0
2023-08-14 06:00:00,9.9,176.0
2023-08-14 07:00:00,9.6,216.0
2023-08-14 08:00:00,9.5,436.0
2023-08-14 09:00:00,9.9,608.0
2023-08-14 10:00:00,12.4,724.0
2023-08-14 11:00:00,12.6,749.0
2023-08-14 12:00:00,10.5,703.0
2023-08-14 13:00:00,9.6,648.0
2023-08-14 14:00:00,8.9,535.0
2023-08-14 15:00:00,8.0,403.0
2023-08-14 16:00:00,5.1,265.0
2023-08-14 17:00:00,4.4,124.0
2023-08-14 18:00:00,8.0,22.0
2023-08-14 19:00:00,7.3,0.0
2023-08-14 20:00:00,5.2,0.0
2023-08-14 21:00:00,0.7,0.0
2023-08-14 22:00:00,4.8,0.0
2023-08-14 23:00:00,4.9,0.0
2023-08-15 00:00:00,8.9,0.0
2023-08-15 01:00:00,8.7,0.0
2023-08-15 02:00:00,8.7,0.0
2023-08-15 03:00:00,8.7,0.0
2023-08-15 04:00:00,10.4,32.0
2023-08-15 05:00:00,12.4,133.0
2023-08-15 06:00:00,11.7,250.0
2023-08-15 07:00:00,11.0,332.0
2023-08-15 08:00:00,7.4,357.0
2023-08-15 09:00:00,9.1,226.0
2023-08-15 10:00:00,11.2,613.0
2023-08-15 11:00:00,13.2,709.0
2023-08-15 12:00:00,14.4,657.0
2023-08-15 13:00:00,10.6,422.0
2023-08-15 14:00:00,12.1,505.0
2023-08-15 15:00:00,11.2,380.0
2023-08-15 16:00:00,9.4,230.0
2023-08-15 17:00:00,11.3,106.0
2023-08-15 18:00:00,12.5,18.0
2023-08-15 19:00:00,14.3,0.0
2023-08-15 20:00:00,15.6,0.0
2023-08-15 21:00:00,16.1,0.0
2023-08-15 22:00:00,15.5,0.0
2023-08-15 23:00:00,14.4,0.0
2023-08-16 00:00:00,13.7,0.0
2023-08-16 01:00:00,13.3,0.0
2023-08-16 02:00:00,13.0,0.0
2023-08-16 03:00:00,13.0,0.0
2023-08-16 04:00:00,14.1,33.0
2023-08-16 05:00:00,14.5,144.0
2023-08-16 06:00:00,12.6,284.0
2023-08-16 07:00:00,12.6,425.0
2023-08-16 08:00:00,13.3,548.0
2023-08-16 09:00:00,13.7,646.0
2023-08-16 10:00:00,14.4,705.0
2023-08-16 11:00:00,14.8,724.0
2023-08-16 12:00:00,14.1,689.0
2023-08-16 13:00:00,15.1,590.0
2023-08-16 14:00:00,14.8,470.0
2023-08-16 15:00:00,12.4,341.0
2023-08-16 16:00:00,9.4,223.0
2023-08-16 17:00:00,9.4,109.0
2023-08-16 18:00:00,11.5,16.0
2023-08-16 19:00:00,12.9,0.0
2023-08-16 20:00:00,14.7,0.0
2023-08-16 21:00:00,16.3,0.0
2023-08-16 22:00:00,14.9,0.0
2023-08-16 23:00:00,13.0,0.0
2023-08-17 00:00:00,12.0,0.0
2023-08-17 01:00:00,12.3,0.0
2023-08-17 02:00:00,12.3,0.0
2023-08-17 03:00:00,11.6,0.0
2023-08-17 04:00:00,11.9,26.0
2023-08-17 05:00:00,12.0,111.0
2023-08-17 06:00:00,11.2,253.0
2023-08-17 07:00:00,11.2,411.0
2023-08-17 08:00:00,10.5,537.0
2023-08-17 09:00:00,10.5,624.0
2023-08-17 10:00:00,11.9,671.0
2023-08-17 11:00:00,13.3,626.0
2023-08-17 12:00:00,10.1,585.0
2023-08-17 13:00:00,7.9,442.0
2023-08-17 14:00:00,7.3,330.0
2023-08-17 15:00:00,6.6,328.0
2023-08-17 16:00:00,1.9,209.0
2023-08-17 17:00:00,4.3,95.0
2023-08-17 18:00:00,5.4,14.0
2023-08-17 19:00:00,7.2,0.0
2023-08-17 20:00:00,7.4,0.0
2023-08-17 21:00:00,7.7,0.0
2023-08-17 22:00:00,20.5,0.0
2023-08-17 23:00:00,11.0,0.0
2023-08-18 00:00:00,10.9,0.0
2023-08-18 01:00:00,8.9,0.0
2023-08-18 02:00:00,10.7,0.0
2023-08-18 03:00:00,10.7,0.0
2023-08-18 04:00:00,11.1,29.0
2023-08-18 05:00:00,11.2,137.0
2023-08-18 06:00:00,9.3,276.0
2023-08-18 07:00:00,9.2,418.0
2023-08-18 08:00:00,12.5,543.0
2023-08-18 09:00:00,14.1,640.0
2023-08-18 10:00:00,14.3,698.0
2023-08-18 11:00:00,14.7,716.0
2023-08-18 12:00:00,14.1,688.0
2023-08-18 13:00:00,13.8,590.0
2023-08-18 14:00:00,12.7,503.0
2023-08-18 15:00:00,12.6,363.0
2023-08-18 16:00:00,9.2,230.0
2023-08-18 17:00:00,7.9,102.0
2023-08-18 18:00:00,10.2,13.0
2023-08-18 19:00:00,8.4,0.0
2023-08-18 20:00:00,7.9,0.0
2023-08-18 21:00:00,6.8,0.0
2023-08-18 22:00:00,5.5,0.0
2023-08-18 23:00:00,6.1,0.0
2023-08-19 00:00:00,3.9,0.0
2023-08-19 01:00:00,4.3,0.0
2023-08-19 02:00:00,6.7,0.0
2023-08-19 03:00:00,6.1,0.0
2023-08-19 04:00:00,9.1,24.0
2023-08-19 05:00:00,9.0,123.0
2023-08-19 06:00:00,8.4,262.0
2023-08-19 07:00:00,9.2,392.0
2023-08-19 08:00:00,8.9,533.0
2023-08-19 09:00:00,9.1,618.0
2023-08-19 10:00:00,8.7,624.0
2023-08-19 11:00:00,7.2,664.0
2023-08-19 12:00:00,8.7,643.0
2023-08-19 13:00:00,7.9,500.0
2023-08-19 14:00:00,8.8,462.0
2023-08-19 15:00:00,8.1,247.0
2023-08-19 16:00:00,3.6,161.0
2023-08-19 17:00:00,2.9,73.0
2023-08-19 18:00:00,6.5,10.0
2023-08-19 19:00:00,7.3,0.0
2023-08-19 20:00:00,7.4,0.0
2023-08-19 21:00:00,5.7,0.0
2023-08-19 22:00:00,5.6,0.0
2023-08-19 23:00:00,6.0,0.0
2023-08-20 00:00:00,12.2,0.0
2023-08-20 01:00:00,5.3,0.0
2023-08-20 02:00:00,5.8,0.0
2023-08-20 03:00:00,6.9,0.0
2023-08-20 04:00:00,5.4,20.0
2023-08-20 05:00:00,7.3,122.0
2023-08-20 06:00:00,7.1,174.0
2023-08-20 07:00:00,3.6,239.0
2023-08-20 08:00:00,1.6,477.0
2023-08-20 09:00:00,0.7,575.0
2023-08-20 10:00:00,1.1,643.0
2023-08-20 11:00:00,5.1,661.0
2023-08-20 12:00:00,4.0,637.0
2023-08-20 13:00:00,4.9,543.0
2023-08-20 14:00:00,6.3,491.0
2023-08-20 15:00:00,8.0,341.0
2023-08-20 16:00:00,5.2,176.0
2023-08-20 17:00:00,4.2,76.0
2023-08-20 18:00:00,7.0,10.0
2023-08-20 19:00:00,7.4,0.0
2023-08-20 20:00:00,7.6,0.0
2023-08-20 21:00:00,5.0,0.0
2023-08-20 22:00:00,5.8,0.0
2023-08-20 23:00:00,5.4,0.0
2023-08-21 00:00:00,8.2,0.0
2023-08-21 01:00:00,7.9,0.0
2023-08-21 02:00:00,7.3,0.0
2023-08-21 03:00:00,6.5,0.0
2023-08-21 04:00:00,7.4,20.0
2023-08-21 05:00:00,6.5,123.0
2023-08-21 06:00:00,9.4,256.0
2023-08-21 07:00:00,12.0,345.0
2023-08-21 08:00:00,15.3,464.0
2023-08-21 09:00:00,16.4,600.0
2023-08-21 10:00:00,17.3,667.0
2023-08-21 11:00:00,19.1,651.0
2023-08-21 12:00:00,19.7,616.0
2023-08-21 13:00:00,18.4,387.0
2023-08-21 14:00:00,17.4,475.0
2023-08-21 15:00:00,17.1,364.0
2023-08-21 16:00:00,16.1,236.0
2023-08-21 17:00:00,13.3,95.0
2023-08-21 18:00:00,19.6,9.0
2023-08-21 19:00:00,16.4,0.0
2023-08-21 20:00:00,14.7,0.0
2023-08-21 21:00:00,15.3,0.0
2023-08-21 22:00:00,15.9,0.0
2023-08-21 23:00:00,16.1,0.0
2023-08-22 00:00:00,15.8,0.0
2023-08-22 01:00:00,15.8,0.0
2023-08-22 02:00:00,15.2,0.0
2023-08-22 03:00:00,14.1,0.0
2023-08-22 04:00:00,15.7,10.0
2023-08-22 05:00:00,15.0,58.0
2023-08-22 06:00:00,16.1,132.0
2023-08-22 07:00:00,16.2,298.0
2023-08-22 08:00:00,15.3,438.0
2023-08-22 09:00:00,18.6,535.0
2023-08-22 10:00:00,18.6,403.0
2023-08-22 11:00:00,18.7,501.0
2023-08-22 12:00:00,18.1,454.0
2023-08-22 13:00:00,18.8,545.0
2023-08-22 14:00:00,18.2,476.0
2023-08-22 15:00:00,18.9,358.0
2023-08-22 16:00:00,17.0,227.0
2023-08-22 17:00:00,12.8,90.0
2023-08-22 18:00:00,13.1,8.0
2023-08-22 19:00:00,14.9,0.0
2023-08-22 20:00:00,13.7,0.0
2023-08-22 21:00:00,13.2,0.0
2023-08-22 22:00:00,10.5,0.0
2023-08-22 23:00:00,10.1,0.0
2023-08-23 00:00:00,10.9,0.0
2023-08-23 01:00:00,10.7,0.0
2023-08-23 02:00:00,10.2,0.0
2023-08-23 03:00:00,11.8,0.0
2023-08-23 04:00:00,12.7,19.0
2023-08-23 05:00:00,10.7,122.0
2023-08-23 06:00:00,12.7,262.0
2023-08-23 07:00:00,15.5,407.0
2023-08-23 08:00:00,22.3,530.0
2023-08-23 09:00:00,19.9,566.0
2023-08-23 10:00:00,18.6,636.0
2023-08-23 11:00:00,17.2,633.0
2023-08-23 12:00:00,16.8,616.0
2023-08-23 13:00:00,16.3,558.0
2023-08-23 14:00:00,16.2,461.0
2023-08-23 15:00:00,15.0,329.0
2023-08-23 16:00:00,12.9,208.0
2023-08-23 17:00:00,10.1,79.0
2023-08-23 18:00:00,10.5,6.0
2023-08-23 19:00:00,11.3,0.0
2023-08-23 20:00:00,11.5,0.0
2023-08-23 21:00:00,12.3,0.0
2023-08-23 22:00:00,11.1,0.0
2023-08-23 23:00:00,8.4,0.0
2023-08-24 00:00:00,6.7,0.0
2023-08-24 01:00:00,5.4,0.0
2023-08-24 02:00:00,4.1,0.0
2023-08-24 03:00:00,6.4,0.0
2023-08-24 04:00:00,6.4,13.0
2023-08-24 05:00:00,7.7,41.0
2023-08-24 06:00:00,5.4,49.0
2023-08-24 07:00:00,6.3,39.0
2023-08-24 08:00:00,7.3,75.0
2023-08-24 09:00:00,3.3,303.0
2023-08-24 10:00:00,7.9,463.0
2023-08-24 11:00:00,11.3,644.0
2023-08-24 12:00:00,10.8,466.0
2023-08-24 13:00:00,11.5,304.0
2023-08-24 14:00:00,9.7,374.0
2023-08-24 15:00:00,11.6,274.0
2023-08-24 16:00:00,8.8,188.0
2023-08-24 17:00:00,8.4,70.0
2023-08-24 18:00:00,8.1,5.0
2023-08-24 19:00:00,9.1,0.0
2023-08-24 20:00:00,8.6,0.0
2023-08-24 21:00:00,9.0,0.0
2023-08-24 22:00:00,8.0,0.0
2023-08-24 23:00:00,6.5,0.0
2023-08-25 00:00:00,5.4,0.0
2023-08-25 01:00:00,6.6,0.0
2023-08-25 02:00:00,8.0,0.0
2023-08-25 03:00:00,5.4,0.0
2023-08-25 04:00:00,6.8,15.0
2023-08-25 05:00:00,6.3,101.0
2023-08-25 06:00:00,4.4,188.0
2023-08-25 07:00:00,4.1,300.0
2023-08-25 08:00:00,8.0,482.0
2023-08-25 09:00:00,11.2,584.0
2023-08-25 10:00:00,11.2,502.0
2023-08-25 11:00:00,9.9,613.0
2023-08-25 12:00:00,6.2,386.0
2023-08-25 13:00:00,7.9,258.0
2023-08-25 14:00:00,9.3,449.0
2023-08-25 15:00:00,8.8,203.0
2023-08-25 16:00:00,8.3,173.0
2023-08-25 17:00:00,8.0,67.0
2023-08-25 18:00:00,10.8,4.0
2023-08-25 19:00:00,13.0,0.0
2023-08-25 20:00:00,13.7,0.0
2023-08-25 21:00:00,14.3,0.0
2023-08-25 22:00:00,12.0,0.0
2023-08-25 23:00:00,12.0,0.0
2023-08-26 00:00:00,12.0,0.0
2023-08-26 01:00:00,11.9,0.0
2023-08-26 02:00:00,11.7,0.0
2023-08-26 03:00:00,11.9,0.0
2023-08-26 04:00:00,12.8,13.0
2023-08-26 05:00:00,13.1,56.0
2023-08-26 06:00:00,11.9,113.0
2023-08-26 07:00:00,12.6,188.0
2023-08-26 08:00:00,13.7,507.0
2023-08-26 09:00:00,12.2,590.0
2023-08-26 10:00:00,12.5,658.0
2023-08-26 11:00:00,12.8,607.0
2023-08-26 12:00:00,10.9,512.0
2023-08-26 13:00:00,9.5,577.0
2023-08-26 14:00:00,12.7,464.0
2023-08-26 15:00:00,10.7,274.0
2023-08-26 16:00:00,6.9,190.0
2023-08-26 17:00:00,7.2,27.0
2023-08-26 18:00:00,6.2,3.0
2023-08-26 19:00:00,4.3,0.0
2023-08-26 20:00:00,4.2,0.0
2023-08-26 21:00:00,6.5,0.0
2023-08-26 22:00:00,8.0,0.0
2023-08-26 23:00:00,6.0,0.0
2023-08-27 00:00:00,6.9,0.0
2023-08-27 01:00:00,6.5,0.0
2023-08-27 02:00:00,8.9,0.0
2023-08-27 03:00:00,6.5,0.0
2023-08-27 04:00:00,7.7,9.0
2023-08-27 05:00:00,7.9,49.0
2023-08-27 06:00:00,6.1,99.0
2023-08-27 07:00:00,7.4,303.0
2023-08-27 08:00:00,7.5,456.0
2023-08-27 09:00:00,6.0,508.0
2023-08-27 10:00:00,5.6,557.0
2023-08-27 11:00:00,5.4,560.0
2023-08-27 12:00:00,5.5,525.0
2023-08-27 13:00:00,4.5,408.0
2023-08-27 14:00:00,4.8,366.0
2023-08-27 15:00:00,5.4,302.0
2023-08-27 16:00:00,4.0,155.0
2023-08-27 17:00:00,6.3,63.0
2023-08-27 18:00:00,10.9,2.0
2023-08-27 19:00:00,11.3,0.0
2023-08-27 20:00:00,10.4,0.0
2023-08-27 21:00:00,11.9,0.0
2023-08-27 22:00:00,12.0,0.0
2023-08-27 23:00:00,13.7,0.0
2023-08-28 00:00:00,16.4,0.0
2023-08-28 01:00:00,14.4,0.0
2023-08-28 02:00:00,11.9,0.0
2023-08-28 03:00:00,21.2,0.0
2023-08-28 04:00:00,24.9,2.0
2023-08-28 05:00:00,23.2,46.0
2023-08-28 06:00:00,24.5,80.0
2023-08-28 07:00:00,24.4,193.0
2023-08-28 08:00:00,25.9,369.0
2023-08-28 09:00:00,24.4,261.0
2023-08-28 10:00:00,21.3,420.0
2023-08-28 11:00:00,19.8,619.0
2023-08-28 12:00:00,14.7,567.0
2023-08-28 13:00:00,15.1,249.0
2023-08-28 14:00:00,15.2,294.0
2023-08-28 15:00:00,13.7,268.0
2023-08-28 16:00:00,9.9,183.0
2023-08-28 17:00:00,6.3,63.0
2023-08-28 18:00:00,6.2,2.0
2023-08-28 19:00:00,7.3,0.0
2023-08-28 20:00:00,6.3,0.0
2023-08-28 21:00:00,6.9,0.0
2023-08-28 22:00:00,7.1,0.0
2023-08-28 23:00:00,7.7,0.0
2023-08-29 00:00:00,7.9,0.0
2023-08-29 01:00:00,8.8,0.0
2023-08-29 02:00:00,11.4,0.0
2023-08-29 03:00:00,10.8,0.0
2023-08-29 04:00:00,11.9,9.0
2023-08-29 05:00:00,9.7,62.0
2023-08-29 06:00:00,15.6,70.0
2023-08-29 07:00:00,16.0,270.0
2023-08-29 08:00:00,14.2,194.0
2023-08-29 09:00:00,15.9,272.0
2023-08-29 10:00:00,20.5,181.0
2023-08-29 11:00:00,25.2,272.0
2023-08-29 12:00:00,25.6,624.0
2023-08-29 13:00:00,25.2,494.0
2023-08-29 14:00:00,24.2,453.0
2023-08-29 15:00:00,18.2,325.0
2023-08-29 16:00:00,13.4,188.0
2023-08-29 17:00:00,12.7,57.0
2023-08-29 18:00:00,9.4,1.0
2023-08-29 19:00:00,10.8,0.0
2023-08-29 20:00:00,13.6,0.0
2023-08-29 21:00:00,11.4,0.0
2023-08-29 22:00:00,15.0,0.0
2023-08-29 23:00:00,18.5,0.0
2023-08-30 00:00:00,13.5,0.0
2023-08-30 01:00:00,15.3,0.0
2023-08-30 02:00:00,8.2,0.0
2023-08-30 03:00:00,8.4,0.0
2023-08-30 04:00:00,10.5,9.0
2023-08-30 05:00:00,12.4,90.0
2023-08-30 06:00:00,12.9,230.0
2023-08-30 07:00:00,13.6,370.0
2023-08-30 08:00:00,15.2,495.0
2023-08-30 09:00:00,14.0,589.0
2023-08-30 10:00:00,13.3,636.0
2023-08-30 11:00:00,11.6,633.0
2023-08-30 12:00:00,7.7,623.0
2023-08-30 13:00:00,14.7,485.0
2023-08-30 14:00:00,10.0,237.0
2023-08-30 15:00:00,12.6,240.0
2023-08-30 16:00:00,18.2,160.0
2023-08-30 17:00:00,14.8,17.0
2023-08-30 18:00:00,16.6,1.0
2023-08-30 19:00:00,18.3,0.0
2023-08-30 20:00:00,17.1,0.0
2023-08-30 21:00:00,15.5,0.0
2023-08-30 22:00:00,15.2,0.0
2023-08-30 23:00:00,12.6,0.0
2023-08-31 00:00:00,15.7,0.0
2023-08-31 01:00:00,15.0,0.0
2023-08-31 02:00:00,12.7,0.0
2023-08-31 03:00:00,11.3,0.0
2023-08-31 04:00:00,10.8,7.0
2023-08-31 05:00:00,11.3,74.0
2023-08-31 06:00:00,14.3,185.0
2023-08-31 07:00:00,14.3,272.0
2023-08-31 08:00:00,12.5,368.0
2023-08-31 09:00:00,11.8,487.0
2023-08-31 10:00:00,10.0,465.0
2023-08-31 11:00:00,10.5,492.0
2023-08-31 12:00:00,13.4,484.0
2023-08-31 13:00:00,14.2,144.0
2023-08-31 14:00:00,13.3,226.0
2023-08-31 15:00:00,16.6,236.0
2023-08-31 16:00:00,14.1,114.0
2023-08-31 17:00:00,13.8,47.0
2023-08-31 18:00:00,13.5,1.0
2023-08-31 19:00:00,13.2,0.0
2023-08-31 20:00:00,11.5,0.0
2023-08-31 21:00:00,11.1,0.0
2023-08-31 22:00:00,11.6,0.0
2023-08-31 23:00:00,13.7,0.0
2023-09-01 00:00:00,12.5,0.0
2023-09-01 01:00:00,10.7,0.0
2023-09-01 02:00:00,10.0,0.0
2023-09-01 03:00:00,10.5,0.0
2023-09-01 04:00:00,11.6,8.0
2023-09-01 05:00:00,11.2,93.0
2023-09-01 06:00:00,12.9,235.0
2023-09-01 07:00:00,13.3,381.0
2023-09-01 08:00:00,15.3,509.0
2023-09-01 09:00:00,20.6,544.0
2023-09-01 10:00:00,19.0,576.0
2023-09-01 11:00:00,21.6,597.0
2023-09-01 12:00:00,21.5,519.0
2023-09-01 13:00:00,23.7,323.0
2023-09-01 14:00:00,18.2,338.0
2023-09-01 15:00:00,16.1,283.0
2023-09-01 16:00:00,14.2,172.0
2023-09-01 17:00:00,13.1,50.0
2023-09-01 18:00:00,12.0,0.0
2023-09-01 19:00:00,12.7,0.0
2023-09-01 20:00:00,15.6,0.0
2023-09-01 21:00:00,18.4,0.0
2023-09-01 22:00:00,18.5,0.0
2023-09-01 23:00:00,17.4,0.0
2023-09-02 00:00:00,14.7,0.0
2023-09-02 01:00:00,15.0,0.0
2023-09-02 02:00:00,14.1,0.0
2023-09-02 03:00:00,15.6,0.0
2023-09-02 04:00:00,14.7,6.0
2023-09-02 05:00:00,13.8,90.0
2023-09-02 06:00:00,16.4,225.0
2023-09-02 07:00:00,17.8,369.0
2023-09-02 08:00:00,18.8,496.0
2023-09-02 09:00:00,20.7,592.0
2023-09-02 10:00:00,20.8,606.0
2023-09-02 11:00:00,20.6,614.0
2023-09-02 12:00:00,19.8,566.0
2023-09-02 13:00:00,19.5,449.0
2023-09-02 14:00:00,17.2,358.0
2023-09-02 15:00:00,15.3,251.0
2023-09-02 16:00:00,11.4,133.0
2023-09-02 17:00:00,6.1,42.0
2023-09-02 18:00:00,7.4,0.0
2023-09-02 19:00:00,9.3,0.0
2023-09-02 20:00:00,9.4,0.0
2023-09-02 21:00:00,9.0,0.0
2023-09-02 22:00:00,7.6,0.0
2023-09-02 23:00:00,6.5,0.0
2023-09-03 00:00:00,6.0,0.0
2023-09-03 01:00:00,6.5,0.0
2023-09-03 02:00:00,8.6,0.0
2023-09-03 03:00:00,6.4,0.0
2023-09-03 04:00:00,3.9,5.0
2023-09-03 05:00:00,5.8,72.0
2023-09-03 06:00:00,5.4,187.0
2023-09-03 07:00:00,7.4,317.0
2023-09-03 08:00:00,9.0,492.0
2023-09-03 09:00:00,8.0,571.0
2023-09-03 10:00:00,6.5,625.0
2023-09-03 11:00:00,5.0,626.0
2023-09-03 12:00:00,5.0,586.0
2023-09-03 13:00:00,5.2,531.0
2023-09-03 14:00:00,5.5,398.0
2023-09-03 15:00:00,4.0,298.0
2023-09-03 16:00:00,3.3,166.0
2023-09-03 17:00:00,2.5,43.0
2023-09-03 18:00:00,1.0,0.0
2023-09-03 19:00:00,5.9,0.0
2023-09-03 20:00:00,5.6,0.0
2023-09-03 21:00:00,6.2,0.0
2023-09-03 22:00:00,6.3,0.0
2023-09-03 23:00:00,6.2,0.0
2023-09-04 00:00:00,7.7,0.0
2023-09-04 01:00:00,7.6,0.0
2023-09-04 02:00:00,7.4,0.0
2023-09-04 03:00:00,5.9,0.0
2023-09-04 04:00:00,5.2,5.0
2023-09-04 05:00:00,4.7,83.0
2023-09-04 06:00:00,3.9,215.0
2023-09-04 07:00:00,6.4,295.0
2023-09-04 08:00:00,9.0,453.0
2023-09-04 09:00:00,11.3,547.0
2023-09-04 10:00:00,10.9,599.0
2023-09-04 11:00:00,9.0,637.0
2023-09-04 12:00:00,9.7,628.0
2023-09-04 13:00:00,7.4,559.0
2023-09-04 14:00:00,7.7,453.0
2023-09-04 15:00:00,7.6,302.0
2023-09-04 16:00:00,5.8,150.0
2023-09-04 17:00:00,6.3,41.0
2023-09-04 18:00:00,7.9,0.0
2023-09-04 19:00:00,7.9,0.0
2023-09-04 20:00:00,8.7,0.0
2023-09-04 21:00:00,6.1,0.0
2023-09-04 22:00:00,7.2,0.0
2023-09-04 23:00:00,7.3,0.0
2023-09-05 00:00:00,7.0,0.0
2023-09-05 01:00:00,9.0,0.0
2023-09-05 02:00:00,11.4,0.0
2023-09-05 03:00:00,12.0,0.0
2023-09-05 04:00:00,12.9,2.0
2023-09-05 05:00:00,13.4,29.0
2023-09-05 06:00:00,13.8,86.0
2023-09-05 07:00:00,14.3,217.0
2023-09-05 08:00:00,15.8,293.0
2023-09-05 09:00:00,19.4,449.0
2023-09-05 10:00:00,20.6,620.0
2023-09-05 11:00:00,21.2,623.0
2023-09-05 12:00:00,18.1,306.0
2023-09-05 13:00:00,18.0,377.0
2023-09-05 14:00:00,15.8,266.0
2023-09-05 15:00:00,9.8,165.0
2023-09-05 16:00:00,9.6,150.0
2023-09-05 17:00:00,12.2,35.0
2023-09-05 18:00:00,13.3,0.0
2023-09-05 19:00:00,10.8,0.0
2023-09-05 20:00:00,9.0,0.0
2023-09-05 21:00:00,8.5,0.0
2023-09-05 22:00:00,11.6,0.0
2023-09-05 23:00:00,12.1,0.0
2023-09-06 00:00:00,11.6,0.0
2023-09-06 01:00:00,11.0,0.0
2023-09-06 02:00:00,11.0,0.0
2023-09-06 03:00:00,11.4,0.0
2023-09-06 04:00:00,10.9,3.0
2023-09-06 05:00:00,11.5,78.0
2023-09-06 06:00:00,11.0,214.0
2023-09-06 07:00:00,13.4,356.0
2023-09-06 08:00:00,14.4,458.0
2023-09-06 09:00:00,12.5,528.0
2023-09-06 10:00:00,12.0,555.0
2023-09-06 11:00:00,11.1,372.0
2023-09-06 12:00:00,10.7,471.0
2023-09-06 13:00:00,10.1,431.0
2023-09-06 14:00:00,9.8,361.0
2023-09-06 15:00:00,10.1,258.0
2023-09-06 16:00:00,7.5,135.0
2023-09-06 17:00:00,5.7,30.0
2023-09-06 18:00:00,5.9,0.0
2023-09-06 19:00:00,5.8,0.0
2023-09-06 20:00:00,11.7,0.0
2023-09-06 21:00:00,11.9,0.0
2023-09-06 22:00:00,10.2,0.0
2023-09-06 23:00:00,8.4,0.0
2023-09-07 00:00:00,7.1,0.0
2023-09-07 01:00:00,7.3,0.0
2023-09-07 02:00:00,7.0,0.0
2023-09-07 03:00:00,5.9,0.0
2023-09-07 04:00:00,5.5,3.0
2023-09-07 05:00:00,6.6,75.0
2023-09-07 06:00:00,4.1,205.0
2023-09-07 07:00:00,4.2,350.0
2023-09-07 08:00:00,3.4,483.0
2023-09-07 09:00:00,4.3,579.0
2023-09-07 10:00:00,5.1,639.0
2023-09-07 11:00:00,4.8,653.0
2023-09-07 12:00:00,5.1,621.0
2023-09-07 13:00:00,4.6,549.0
2023-09-07 14:00:00,3.8,436.0
2023-09-07 15:00:00,3.3,298.0
2023-09-07 16:00:00,4.4,152.0
2023-09-07 17:00:00,8.0,31.0
2023-09-07 18:00:00,7.6,0.0
2023-09-07 19:00:00,8.0,0.0
2023-09-07 20:00:00,7.5,0.0
2023-09-07 21:00:00,7.8,0.0
2023-09-07 22:00:00,6.3,0.0
2023-09-07 23:00:00,7.6,0.0
2023-09-08 00:00:00,7.6,0.0
2023-09-08 01:00:00,6.6,0.0
2023-09-08 02:00:00,7.1,0.0
2023-09-08 03:00:00,7.2,0.0
2023-09-08 04:00:00,7.1,2.0
2023-09-08 05:00:00,8.5,68.0
2023-09-08 06:00:00,6.8,166.0
2023-09-08 07:00:00,5.4,227.0
2023-09-08 08:00:00,6.6,330.0
2023-09-08 09:00:00,8.8,542.0
2023-09-08 10:00:00,12.8,620.0
2023-09-08 11:00:00,14.1,636.0
2023-09-08 12:00:00,13.7,604.0
2023-09-08 13:00:00,13.4,529.0
2023-09-08 14:00:00,13.2,412.0
2023-09-08 15:00:00,10.6,268.0
2023-09-08 16:00:00,7.1,130.0
2023-09-08 17:00:00,7.1,26.0
2023-09-08 18:00:00,7.2,0.0
2023-09-08 19:00:00,7.5,0.0
2023-09-08 20:00:00,5.8,0.0
2023-09-08 21:00:00,7.8,0.0
2023-09-08 22:00:00,7.9,0.0
2023-09-08 23:00:00,6.1,0.0
2023-09-09 00:00:00,4.4,0.0
2023-09-09 01:00:00,4.1,0.0
2023-09-09 02:00:00,4.4,0.0
2023-09-09 03:00:00,5.0,0.0
2023-09-09 04:00:00,6.1,2.0
2023-09-09 05:00:00,7.5,60.0
2023-09-09 06:00:00,4.6,189.0
2023-09-09 07:00:00,4.1,330.0
2023-09-09 08:00:00,4.8,460.0
2023-09-09 09:00:00,4.3,551.0
2023-09-09 10:00:00,4.0,609.0
2023-09-09 11:00:00,3.6,609.0
2023-09-09 12:00:00,3.7,503.0
2023-09-09 13:00:00,3.1,458.0
2023-09-09 14:00:00,3.6,398.0
2023-09-09 15:00:00,3.6,272.0
2023-09-09 16:00:00,4.4,133.0
2023-09-09 17:00:00,4.3,23.0
2023-09-09 18:00:00,6.6,0.0
2023-09-09 19:00:00,7.9,0.0
2023-09-09 20:00:00,11.2,0.0
2023-09-09 21:00:00,10.6,0.0
2023-09-09 22:00:00,10.2,0.0
2023-09-09 23:00:00,11.5,0.0
2023-09-10 00:00:00,11.6,0.0
2023-09-10 01:00:00,11.2,0.0
2023-09-10 02:00:00,11.2,0.0
2023-09-10 03:00:00,10.9,0.0
2023-09-10 04:00:00,11.2,1.0
2023-09-10 05:00:00,12.6,63.0
2023-09-10 06:00:00,11.5,193.0
2023-09-10 07:00:00,11.9,306.0
2023-09-10 08:00:00,13.0,429.0
2023-09-10 09:00:00,14.3,387.0
2023-09-10 10:00:00,14.8,417.0
2023-09-10 11:00:00,14.8,491.0
2023-09-10 12:00:00,13.4,531.0
2023-09-10 13:00:00,13.1,498.0
2023-09-10 14:00:00,12.4,399.0
2023-09-10 15:00:00,10.1,270.0
2023-09-10 16:00:00,8.6,128.0
2023-09-10 17:00:00,9.7,20.0
2023-09-10 18:00:00,10.4,0.0
2023-09-10 19:00:00,10.4,0.0
2023-09-10 20:00:00,11.5,0.0
2023-09-10 21:00:00,11.9,0.0
2023-09-10 22:00:00,11.5,0.0
2023-09-10 23:00:00,11.5,0.0
2023-09-11 00:00:00,11.2,0.0
2023-09-11 01:00:00,10.4,0.0
2023-09-11 02:00:00,10.8,0.0
2023-09-11 03:00:00,10.4,0.0
2023-09-11 04:00:00,10.8,1.0
2023-09-11 05:00:00,11.9,55.0
2023-09-11 06:00:00,10.4,170.0
2023-09-11 07:00:00,9.4,308.0
2023-09-11 08:00:00,9.4,454.0
2023-09-11 09:00:00,9.5,549.0
2023-09-11 10:00:00,9.2,601.0
2023-09-11 11:00:00,7.7,614.0
2023-09-11 12:00:00,6.1,583.0
2023-09-11 13:00:00,5.0,511.0
2023-09-11 14:00:00,4.4,395.0
2023-09-11 15:00:00,4.2,265.0
2023-09-11 16:00:00,4.8,125.0
2023-09-11 17:00:00,6.4,18.0
2023-09-11 18:00:00,8.1,0.0
2023-09-11 19:00:00,9.3,0.0
2023-09-11 20:00:00,9.0,0.0
2023-09-11 21:00:00,9.6,0.0
2023-09-11 22:00:00,9.5,0.0
2023-09-11 23:00:00,10.0,0.0
2023-09-12 00:00:00,9.3,0.0
2023-09-12 01:00:00,9.0,0.0
2023-09-12 02:00:00,9.8,0.0
2023-09-12 03:00:00,10.6,0.0
2023-09-12 04:00:00,11.6,1.0
2023-09-12 05:00:00,12.4,58.0
2023-09-12 06:00:00,10.5,189.0
2023-09-12 07:00:00,9.7,331.0
2023-09-12 08:00:00,11.8,452.0
2023-09-12 09:00:00,13.6,541.0
2023-09-12 10:00:00,13.4,567.0
2023-09-12 11:00:00,13.0,594.0
2023-09-12 12:00:00,12.4,529.0
2023-09-12 13:00:00,10.9,469.0
2023-09-12 14:00:00,8.6,283.0
2023-09-12 15:00:00,5.9,223.0
2023-09-12 16:00:00,7.1,104.0
2023-09-12 17:00:00,9.7,14.0
2023-09-12 18:00:00,10.0,0.0
2023-09-12 19:00:00,13.0,0.0
2023-09-12 20:00:00,13.3,0.0
2023-09-12 21:00:00,13.0,0.0
2023-09-12 22:00:00,12.8,0.0
2023-09-12 23:00:00,12.3,0.0
2023-09-13 00:00:00,12.1,0.0
2023-09-13 01:00:00,10.8,0.0
2023-09-13 02:00:00,10.4,0.0
2023-09-13 03:00:00,10.5,0.0
2023-09-13 04:00:00,11.3,0.0
2023-09-13 05:00:00,12.3,54.0
2023-09-13 06:00:00,11.6,181.0
2023-09-13 07:00:00,11.5,319.0
2023-09-13 08:00:00,11.9,438.0
2023-09-13 09:00:00,12.3,530.0
2023-09-13 10:00:00,13.1,588.0
2023-09-13 11:00:00,16.2,537.0
2023-09-13 12:00:00,15.3,507.0
2023-09-13 13:00:00,15.0,462.0
2023-09-13 14:00:00,14.2,353.0
2023-09-13 15:00:00,10.5,214.0
2023-09-13 16:00:00,8.5,103.0
2023-09-13 17:00:00,9.5,13.0
2023-09-13 18:00:00,15.0,0.0
2023-09-13 19:00:00,16.3,0.0
2023-09-13 20:00:00,15.7,0.0
2023-09-13 21:00:00,14.7,0.0
2023-09-13 22:00:00,15.5,0.0
2023-09-13 23:00:00,15.6,0.0
2023-09-14 00:00:00,11.2,0.0
2023-09-14 01:00:00,8.4,0.0
2023-09-14 02:00:00,10.0,0.0
2023-09-14 03:00:00,11.2,0.0
2023-09-14 04:00:00,7.0,0.0
2023-09-14 05:00:00,9.0,15.0
2023-09-14 06:00:00,9.9,82.0
2023-09-14 07:00:00,11.9,252.0
2023-09-14 08:00:00,11.9,277.0
2023-09-14 09:00:00,12.3,173.0
2023-09-14 10:00:00,22.6,325.0
2023-09-14 11:00:00,21.6,249.0
2023-09-14 12:00:00,20.5,213.0
2023-09-14 13:00:00,19.0,109.0
2023-09-14 14:00:00,19.9,135.0
2023-09-14 15:00:00,17.7,61.0
2023-09-14 16:00:00,16.0,28.0
2023-09-14 17:00:00,16.0,6.0
2023-09-14 18:00:00,15.3,0.0
2023-09-14 19:00:00,16.5,0.0
2023-09-14 20:00:00,16.1,0.0
2023-09-14 21:00:00,16.5,0.0
2023-09-14 22:00:00,14.5,0.0
2023-09-14 23:00:00,12.9,0.0
2023-09-15 00:00:00,13.4,0.0
2023-09-15 01:00:00,12.7,0.0
2023-09-15 02:00:00,11.4,0.0
2023-09-15 03:00:00,11.8,0.0
2023-09-15 04:00:00,11.1,0.0
2023-09-15 05:00:00,10.8,50.0
2023-09-15 06:00:00,9.7,178.0
2023-09-15 07:00:00,8.4,312.0
2023-09-15 08:00:00,10.1,449.0
2023-09-15 09:00:00,14.6,535.0
2023-09-15 10:00:00,14.2,493.0
2023-09-15 11:00:00,13.0,499.0
2023-09-15 12:00:00,11.4,415.0
2023-09-15 13:00:00,12.5,416.0
2023-09-15 14:00:00,12.6,349.0
2023-09-15 15:00:00,11.0,224.0
2023-09-15 16:00:00,7.1,104.0
2023-09-15 17:00:00,6.8,10.0
2023-09-15 18:00:00,7.2,0.0
2023-09-15 19:00:00,7.1,0.0
2023-09-15 20:00:00,7.3,0.0
2023-09-15 21:00:00,6.8,0.0
2023-09-15 22:00:00,6.5,0.0
2023-09-15 23:00:00,6.6,0.0
2023-09-16 00:00:00,6.4,0.0
2023-09-16 01:00:00,6.6,0.0
2023-09-16 02:00:00,6.6,0.0
2023-09-16 03:00:00,7.0,0.0
2023-09-16 04:00:00,7.5,0.0
2023-09-16 05:00:00,9.7,47.0
2023-09-16 06:00:00,8.4,176.0
2023-09-16 07:00:00,7.5,318.0
2023-09-16 08:00:00,10.9,443.0
2023-09-16 09:00:00,10.0,537.0
2023-09-16 10:00:00,9.1,592.0
2023-09-16 11:00:00,9.2,601.0
2023-09-16 12:00:00,10.6,564.0
2023-09-16 13:00:00,12.2,491.0
2023-09-16 14:00:00,12.3,379.0
2023-09-16 15:00:00,10.6,242.0
2023-09-16 16:00:00,8.3,102.0
2023-09-16 17:00:00,10.3,8.0
2023-09-16 18:00:00,11.8,0.0
2023-09-16 19:00:00,13.4,0.0
2023-09-16 20:00:00,14.2,0.0
2023-09-16 21:00:00,13.3,0.0
2023-09-16 22:00:00,13.4,0.0
2023-09-16 23:00:00,13.4,0.0
2023-09-17 00:00:00,14.2,0.0
2023-09-17 01:00:00,13.6,0.0
2023-09-17 02:00:00,13.7,0.0
2023-09-17 03:00:00,13.2,0.0
2023-09-17 04:00:00,13.1,0.0
2023-09-17 05:00:00,13.6,43.0
2023-09-17 06:00:00,12.8,168.0
2023-09-17 07:00:00,14.4,306.0
2023-09-17 08:00:00,15.1,430.0
2023-09-17 09:00:00,15.8,523.0
2023-09-17 10:00:00,18.1,579.0
2023-09-17 11:00:00,19.5,588.0
2023-09-17 12:00:00,16.5,557.0
2023-09-17 13:00:00,14.8,482.0
2023-09-17 14:00:00,13.2,369.0
2023-09-17 15:00:00,9.3,233.0
2023-09-17 16:00:00,6.2,95.0
2023-09-17 17:00:00,9.6,7.0
2023-09-17 18:00:00,7.3,0.0
2023-09-17 19:00:00,6.6,0.0
2023-09-17 20:00:00,6.3,0.0
2023-09-17 21:00:00,6.0,0.0
2023-09-17 22:00:00,6.4,0.0
2023-09-17 23:00:00,8.1,0.0
2023-09-18 00:00:00,6.2,0.0
2023-09-18 01:00:00,6.1,0.0
2023-09-18 02:00:00,4.7,0.0
2023-09-18 03:00:00,5.1,0.0
2023-09-18 04:00:00,5.6,0.0
2023-09-18 05:00:00,7.5,38.0
2023-09-18 06:00:00,6.2,141.0
2023-09-18 07:00:00,11.7,200.0
2023-09-18 08:00:00,7.5,307.0
2023-09-18 09:00:00,8.3,447.0
2023-09-18 10:00:00,7.9,534.0
2023-09-18 11:00:00,7.6,539.0
2023-09-18 12:00:00,7.1,485.0
2023-09-18 13:00:00,11.9,378.0
2023-09-18 14:00:00,11.4,236.0
2023-09-18 15:00:00,11.7,183.0
2023-09-18 16:00:00,12.5,63.0
2023-09-18 17:00:00,11.8,4.0
2023-09-18 18:00:00,12.9,0.0
2023-09-18 19:00:00,13.3,0.0
2023-09-18 20:00:00,13.8,0.0
2023-09-18 21:00:00,14.3,0.0
2023-09-18 22:00:00,14.1,0.0
2023-09-18 23:00:00,15.3,0.0
2023-09-19 00:00:00,14.8,0.0
2023-09-19 01:00:00,15.3,0.0
2023-09-19 02:00:00,14.7,0.0
2023-09-19 03:00:00,15.0,0.0
2023-09-19 04:00:00,16.5,0.0
2023-09-19 05:00:00,17.4,35.0
2023-09-19 06:00:00,16.5,152.0
2023-09-19 07:00:00,18.2,279.0
2023-09-19 08:00:00,19.3,355.0
2023-09-19 09:00:00,19.6,412.0
2023-09-19 10:00:00,20.9,489.0
2023-09-19 11:00:00,21.0,489.0
2023-09-19 12:00:00,20.5,475.0
2023-09-19 13:00:00,20.6,332.0
2023-09-19 14:00:00,19.8,274.0
2023-09-19 15:00:00,15.0,119.0
2023-09-19 16:00:00,11.0,43.0
2023-09-19 17:00:00,10.6,1.0
2023-09-19 18:00:00,7.2,0.0
2023-09-19 19:00:00,6.8,0.0
2023-09-19 20:00:00,5.2,0.0
2023-09-19 21:00:00,4.1,0.0
2023-09-19 22:00:00,5.8,0.0
2023-09-19 23:00:00,5.1,0.0
2023-09-20 00:00:00,4.6,0.0
2023-09-20 01:00:00,6.4,0.0
2023-09-20 02:00:00,6.0,0.0
2023-09-20 03:00:00,2.9,0.0
2023-09-20 04:00:00,4.8,0.0
2023-09-20 05:00:00,6.6,10.0
2023-09-20 06:00:00,8.0,45.0
2023-09-20 07:00:00,9.4,227.0
2023-09-20 08:00:00,15.6,364.0
2023-09-20 09:00:00,17.9,507.0
2023-09-20 10:00:00,17.4,567.0
2023-09-20 11:00:00,16.4,560.0
2023-09-20 12:00:00,16.0,530.0
2023-09-20 13:00:00,15.8,434.0
2023-09-20 14:00:00,14.9,303.0
2023-09-20 15:00:00,12.7,177.0
2023-09-20 16:00:00,10.2,71.0
2023-09-20 17:00:00,9.8,3.0
2023-09-20 18:00:00,10.6,0.0
2023-09-20 19:00:00,10.2,0.0
2023-09-20 20:00:00,9.4,0.0
2023-09-20 21:00:00,8.2,0.0
2023-09-20 22:00:00,7.7,0.0
2023-09-20 23:00:00,7.4,0.0
2023-09-21 00:00:00,7.6,0.0
2023-09-21 01:00:00,7.6,0.0
2023-09-21 02:00:00,7.6,0.0
2023-09-21 03:00:00,8.0,0.0
2023-09-21 04:00:00,8.8,0.0
2023-09-21 05:00:00,10.4,31.0
2023-09-21 06:00:00,9.9,148.0
2023-09-21 07:00:00,9.3,283.0
2023-09-21 08:00:00,11.3,405.0
2023-09-21 09:00:00,13.0,497.0
2023-09-21 10:00:00,13.4,551.0
2023-09-21 11:00:00,13.3,561.0
2023-09-21 12:00:00,12.6,526.0
2023-09-21 13:00:00,14.2,449.0
2023-09-21 14:00:00,14.8,337.0
2023-09-21 15:00:00,13.2,204.0
2023-09-21 16:00:00,10.6,73.0
2023-09-21 17:00:00,13.2,2.0
2023-09-21 18:00:00,15.5,0.0
2023-09-21 19:00:00,16.6,0.0
2023-09-21 20:00:00,16.4,0.0
2023-09-21 21:00:00,15.7,0.0
2023-09-21 22:00:00,16.5,0.0
2023-09-21 23:00:00,17.3,0.0
2023-09-22 00:00:00,18.1,0.0
2023-09-22 01:00:00,18.6,0.0
2023-09-22 02:00:00,19.0,0.0
2023-09-22 03:00:00,18.9,0.0
2023-09-22 04:00:00,19.3,0.0
2023-09-22 05:00:00,20.1,29.0
2023-09-22 06:00:00,15.7,144.0
2023-09-22 07:00:00,18.7,279.0
2023-09-22 08:00:00,19.9,401.0
2023-09-22 09:00:00,20.9,495.0
2023-09-22 10:00:00,22.9,549.0
2023-09-22 11:00:00,24.3,557.0
2023-09-22 12:00:00,23.8,519.0
2023-09-22 13:00:00,24.1,430.0
2023-09-22 14:00:00,23.2,323.0
2023-09-22 15:00:00,22.3,197.0
2023-09-22 16:00:00,22.2,68.0
2023-09-22 17:00:00,23.5,2.0
2023-09-22 18:00:00,23.8,0.0
2023-09-22 19:00:00,23.5,0.0
2023-09-22 20:00:00,23.4,0.0
2023-09-22 21:00:00,23.3,0.0
2023-09-22 22:00:00,21.4,0.0
2023-09-22 23:00:00,21.2,0.0
2023-09-23 00:00:00,20.8,0.0
2023-09-23 01:00:00,19.3,0.0
2023-09-23 02:00:00,18.7,0.0
2023-09-23 03:00:00,18.4,0.0
2023-09-23 04:00:00,18.5,0.0
2023-09-23 05:00:00,19.9,17.0
2023-09-23 06:00:00,17.1,98.0
2023-09-23 07:00:00,19.4,202.0
2023-09-23 08:00:00,21.7,299.0
2023-09-23 09:00:00,19.8,331.0
2023-09-23 10:00:00,19.8,494.0
2023-09-23 11:00:00,19.8,500.0
2023-09-23 12:00:00,20.3,377.0
2023-09-23 13:00:00,19.2,267.0
2023-09-23 14:00:00,20.9,198.0
2023-09-23 15:00:00,13.6,61.0
2023-09-23 16:00:00,10.5,33.0
2023-09-23 17:00:00,6.0,0.0
2023-09-23 18:00:00,8.5,0.0
2023-09-23 19:00:00,9.0,0.0
2023-09-23 20:00:00,13.1,0.0
2023-09-23 21:00:00,13.0,0.0
2023-09-23 22:00:00,11.8,0.0
2023-09-23 23:00:00,10.8,0.0
2023-09-24 00:00:00,5.9,0.0
2023-09-24 01:00:00,4.8,0.0
2023-09-24 02:00:00,6.4,0.0
2023-09-24 03:00:00,6.8,0.0
2023-09-24 04:00:00,7.9,0.0
2023-09-24 05:00:00,8.2,16.0
2023-09-24 06:00:00,8.9,79.0
2023-09-24 07:00:00,9.4,109.0
2023-09-24 08:00:00,9.4,73.0
2023-09-24 09:00:00,10.5,105.0
2023-09-24 10:00:00,10.9,128.0
2023-09-24 11:00:00,11.0,422.0
2023-09-24 12:00:00,10.0,411.0
2023-09-24 13:00:00,10.5,321.0
2023-09-24 14:00:00,11.2,270.0
2023-09-24 15:00:00,7.8,143.0
2023-09-24 16:00:00,6.3,45.0
2023-09-24 17:00:00,6.5,1.0
2023-09-24 18:00:00,7.8,0.0
2023-09-24 19:00:00,10.8,0.0
2023-09-24 20:00:00,11.5,0.0
2023-09-24 21:00:00,10.9,0.0
2023-09-24 22:00:00,8.9,0.0
2023-09-24 23:00:00,7.1,0.0
2023-09-25 00:00:00,8.7,0.0
2023-09-25 01:00:00,6.9,0.0
2023-09-25 02:00:00,6.2,0.0
2023-09-25 03:00:00,8.3,0.0
2023-09-25 04:00:00,7.7,0.0
2023-09-25 05:00:00,2.9,23.0
2023-09-25 06:00:00,2.4,139.0
2023-09-25 07:00:00,2.3,277.0
2023-09-25 08:00:00,2.8,402.0
2023-09-25 09:00:00,0.7,495.0
2023-09-25 10:00:00,1.3,549.0
2023-09-25 11:00:00,2.9,557.0
2023-09-25 12:00:00,3.1,519.0
2023-09-25 13:00:00,3.3,442.0
2023-09-25 14:00:00,4.6,328.0
2023-09-25 15:00:00,4.8,190.0
2023-09-25 16:00:00,5.9,57.0
2023-09-25 17:00:00,7.3,0.0
2023-09-25 18:00:00,8.6,0.0
2023-09-25 19:00:00,8.7,0.0
2023-09-25 20:00:00,8.5,0.0
2023-09-25 21:00:00,9.0,0.0
2023-09-25 22:00:00,7.6,0.0
2023-09-25 23:00:00,6.4,0.0
2023-09-26 00:00:00,7.1,0.0
2023-09-26 01:00:00,7.1,0.0
2023-09-26 02:00:00,6.8,0.0
2023-09-26 03:00:00,7.6,0.0
2023-09-26 04:00:00,7.6,0.0
2023-09-26 05:00:00,9.1,19.0
2023-09-26 06:00:00,8.8,121.0
2023-09-26 07:00:00,7.6,242.0
2023-09-26 08:00:00,9.4,370.0
2023-09-26 09:00:00,11.4,466.0
2023-09-26 10:00:00,11.5,519.0
2023-09-26 11:00:00,10.7,432.0
2023-09-26 12:00:00,10.3,414.0
2023-09-26 13:00:00,10.1,396.0
2023-09-26 14:00:00,9.7,263.0
2023-09-26 15:00:00,7.4,154.0
2023-09-26 16:00:00,7.2,47.0
2023-09-26 17:00:00,10.0,0.0
2023-09-26 18:00:00,11.5,0.0
2023-09-26 19:00:00,11.7,0.0
2023-09-26 20:00:00,11.8,0.0
2023-09-26 21:00:00,11.4,0.0
2023-09-26 22:00:00,11.5,0.0
2023-09-26 23:00:00,11.7,0.0
2023-09-27 00:00:00,12.1,0.0
2023-09-27 01:00:00,12.1,0.0
2023-09-27 02:00:00,12.4,0.0
2023-09-27 03:00:00,12.4,0.0
2023-09-27 04:00:00,12.8,0.0
2023-09-27 05:00:00,13.5,18.0
2023-09-27 06:00:00,12.8,121.0
2023-09-27 07:00:00,12.0,251.0
2023-09-27 08:00:00,13.0,370.0
2023-09-27 09:00:00,14.4,460.0
2023-09-27 10:00:00,15.1,511.0
2023-09-27 11:00:00,15.5,519.0
2023-09-27 12:00:00,16.2,483.0
2023-09-27 13:00:00,16.6,407.0
2023-09-27 14:00:00,14.8,296.0
2023-09-27 15:00:00,13.0,166.0
2023-09-27 16:00:00,12.7,45.0
2023-09-27 17:00:00,14.5,0.0
2023-09-27 18:00:00,15.6,0.0
2023-09-27 19:00:00,15.2,0.0
2023-09-27 20:00:00,14.4,0.0
2023-09-27 21:00:00,12.6,0.0
2023-09-27 22:00:00,11.5,0.0
2023-09-27 23:00:00,12.3,0.0
2023-09-28 00:00:00,14.5,0.0
2023-09-28 01:00:00,13.0,0.0
2023-09-28 02:00:00,12.6,0.0
2023-09-28 03:00:00,13.0,0.0
2023-09-28 04:00:00,13.3,0.0
2023-09-28 05:00:00,13.3,16.0
2023-09-28 06:00:00,11.5,118.0
2023-09-28 07:00:00,11.2,250.0
2023-09-28 08:00:00,10.8,369.0
2023-09-28 09:00:00,10.8,460.0
2023-09-28 10:00:00,10.1,512.0
2023-09-28 11:00:00,10.1,519.0
2023-09-28 12:00:00,11.4,482.0
2023-09-28 13:00:00,12.4,408.0
2023-09-28 14:00:00,12.0,295.0
2023-09-28 15:00:00,9.4,163.0
2023-09-28 16:00:00,10.1,42.0
2023-09-28 17:00:00,13.0,0.0
2023-09-28 18:00:00,13.8,0.0
2023-09-28 19:00:00,13.5,0.0
2023-09-28 20:00:00,13.4,0.0
2023-09-28 21:00:00,13.0,0.0
2023-09-28 22:00:00,13.3,0.0
2023-09-28 23:00:00,13.3,0.0
2023-09-29 00:00:00,13.0,0.0
2023-09-29 01:00:00,12.6,0.0
2023-09-29 02:00:00,12.2,0.0
2023-09-29 03:00:00,12.6,0.0
2023-09-29 04:00:00,12.2,0.0
2023-09-29 05:00:00,13.3,15.0
2023-09-29 06:00:00,15.2,118.0
2023-09-29 07:00:00,11.9,252.0
2023-09-29 08:00:00,12.0,366.0
2023-09-29 09:00:00,12.1,441.0
2023-09-29 10:00:00,12.9,476.0
2023-09-29 11:00:00,13.9,475.0
2023-09-29 12:00:00,15.6,471.0
2023-09-29 13:00:00,16.3,402.0
2023-09-29 14:00:00,13.6,290.0
2023-09-29 15:00:00,10.9,159.0
2023-09-29 16:00:00,10.1,38.0
2023-09-29 17:00:00,11.5,0.0
2023-09-29 18:00:00,12.3,0.0
2023-09-29 19:00:00,13.3,0.0
2023-09-29 20:00:00,12.8,0.0
2023-09-29 21:00:00,13.5,0.0
2023-09-29 22:00:00,13.4,0.0
2023-09-29 23:00:00,13.9,0.0
2023-09-30 00:00:00,13.8,0.0
2023-09-30 01:00:00,13.8,0.0
2023-09-30 02:00:00,14.3,0.0
2023-09-30 03:00:00,13.8,0.0
2023-09-30 04:00:00,13.7,0.0
2023-09-30 05:00:00,13.5,6.0
2023-09-30 06:00:00,13.4,40.0
2023-09-30 07:00:00,11.8,103.0
2023-09-30 08:00:00,13.7,36.0
2023-09-30 09:00:00,13.1,235.0
2023-09-30 10:00:00,15.3,326.0
2023-09-30 11:00:00,13.0,193.0
2023-09-30 12:00:00,20.6,330.0
2023-09-30 13:00:00,21.0,231.0
2023-09-30 14:00:00,19.7,84.0
2023-09-30 15:00:00,17.7,20.0
2023-09-30 16:00:00,17.9,25.0
2023-09-30 17:00:00,16.4,0.0
2023-09-30 18:00:00,14.1,0.0
2023-09-30 19:00:00,12.2,0.0
2023-09-30 20:00:00,14.4,0.0
2023-09-30 21:00:00,14.5,0.0
2023-09-30 22:00:00,14.7,0.0
2023-09-30 23:00:00,15.3,0.0
2023-10-01 00:00:00,14.8,0.0
2023-10-01 01:00:00,14.2,0.0
2023-10-01 02:00:00,14.4,0.0
2023-10-01 03:00:00,14.7,0.0
2023-10-01 04:00:00,15.0,0.0
2023-10-01 05:00:00,15.3,11.0
2023-10-01 06:00:00,18.1,79.0
2023-10-01 07:00:00,21.3,127.0
2023-10-01 08:00:00,21.0,193.0
2023-10-01 09:00:00,20.1,273.0
2023-10-01 10:00:00,18.9,310.0
2023-10-01 11:00:00,18.5,380.0
2023-10-01 12:00:00,16.6,376.0
2023-10-01 13:00:00,18.0,287.0
2023-10-01 14:00:00,19.5,214.0
2023-10-01 15:00:00,18.5,118.0
2023-10-01 16:00:00,16.2,22.0
2023-10-01 17:00:00,15.5,0.0
2023-10-01 18:00:00,15.2,0.0
2023-10-01 19:00:00,14.6,0.0
2023-10-01 20:00:00,14.8,0.0
2023-10-01 21:00:00,14.1,0.0
2023-10-01 22:00:00,13.1,0.0
2023-10-01 23:00:00,11.3,0.0
2023-10-02 00:00:00,10.6,0.0
2023-10-02 01:00:00,8.4,0.0
2023-10-02 02:00:00,8.3,0.0
2023-10-02 03:00:00,9.0,0.0
2023-10-02 04:00:00,8.0,0.0
2023-10-02 05:00:00,8.1,10.0
2023-10-02 06:00:00,8.6,99.0
2023-10-02 07:00:00,9.4,219.0
2023-10-02 08:00:00,9.8,339.0
2023-10-02 09:00:00,14.1,436.0
2023-10-02 10:00:00,13.1,376.0
2023-10-02 11:00:00,14.8,443.0
2023-10-02 12:00:00,12.4,326.0
2023-10-02 13:00:00,13.1,255.0
2023-10-02 14:00:00,12.7,202.0
2023-10-02 15:00:00,9.1,84.0
2023-10-02 16:00:00,8.5,22.0
2023-10-02 17:00:00,10.0,0.0
2023-10-02 18:00:00,10.3,0.0
2023-10-02 19:00:00,12.1,0.0
2023-10-02 20:00:00,12.0,0.0
2023-10-02 21:00:00,12.9,0.0
2023-10-02 22:00:00,13.7,0.0
2023-10-02 23:00:00,13.1,0.0
2023-10-03 00:00:00,14.4,0.0
2023-10-03 01:00:00,13.4,0.0
2023-10-03 02:00:00,13.2,0.0
2023-10-03 03:00:00,14.2,0.0
2023-10-03 04:00:00,15.1,0.0
2023-10-03 05:00:00,14.6,7.0
2023-10-03 06:00:00,12.9,87.0
2023-10-03 07:00:00,15.5,206.0
2023-10-03 08:00:00,16.8,284.0
2023-10-03 09:00:00,17.2,271.0
2023-10-03 10:00:00,18.2,414.0
2023-10-03 11:00:00,21.3,470.0
2023-10-03 12:00:00,22.9,440.0
2023-10-03 13:00:00,24.2,363.0
2023-10-03 14:00:00,22.8,241.0
2023-10-03 15:00:00,23.3,97.0
2023-10-03 16:00:00,24.2,21.0
2023-10-03 17:00:00,25.8,0.0
2023-10-03 18:00:00,27.0,0.0
2023-10-03 19:00:00,26.3,0.0
2023-10-03 20:00:00,25.3,0.0
2023-10-03 21:00:00,24.6,0.0
2023-10-03 22:00:00,24.2,0.0
2023-10-03 23:00:00,23.8,0.0
2023-10-04 00:00:00,19.5,0.0
2023-10-04 01:00:00,26.4,0.0
2023-10-04 02:00:00,26.3,0.0
2023-10-04 03:00:00,29.3,0.0
2023-10-04 04:00:00,29.9,0.0
2023-10-04 05:00:00,27.8,5.0
2023-10-04 06:00:00,25.2,88.0
2023-10-04 07:00:00,27.0,218.0
2023-10-04 08:00:00,33.1,308.0
2023-10-04 09:00:00,31.0,370.0
2023-10-04 10:00:00,32.2,367.0
2023-10-04 11:00:00,31.0,370.0
2023-10-04 12:00:00,29.3,333.0
2023-10-04 13:00:00,25.1,217.0
2023-10-04 14:00:00,26.5,185.0
2023-10-04 15:00:00,24.3,95.0
2023-10-04 16:00:00,21.4,16.0
2023-10-04 17:00:00,18.7,0.0
2023-10-04 18:00:00,21.5,0.0
2023-10-04 19:00:00,22.1,0.0
2023-10-04 20:00:00,21.6,0.0
2023-10-04 21:00:00,21.9,0.0
2023-10-04 22:00:00,21.4,0.0
2023-10-04 23:00:00,21.8,0.0
2023-10-05 00:00:00,20.4,0.0
2023-10-05 01:00:00,19.8,0.0
2023-10-05 02:00:00,19.2,0.0
2023-10-05 03:00:00,18.7,0.0
2023-10-05 04:00:00,17.9,0.0
2023-10-05 05:00:00,20.4,6.0
2023-10-05 06:00:00,17.4,79.0
2023-10-05 07:00:00,23.5,167.0
2023-10-05 08:00:00,29.3,224.0
2023-10-05 09:00:00,32.3,311.0
2023-10-05 10:00:00,34.7,367.0
2023-10-05 11:00:00,32.8,180.0
2023-10-05 12:00:00,31.1,146.0
2023-10-05 13:00:00,29.7,55.0
2023-10-05 14:00:00,26.9,15.0
2023-10-05 15:00:00,27.9,24.0
2023-10-05 16:00:00,25.9,10.0
2023-10-05 17:00:00,27.1,0.0
2023-10-05 18:00:00,29.5,0.0
2023-10-05 19:00:00,31.4,0.0
2023-10-05 20:00:00,35.4,0.0
2023-10-05 21:00:00,29.4,0.0
2023-10-05 22:00:00,25.9,0.0
2023-10-05 23:00:00,25.0,0.0
2023-10-06 00:00:00,25.1,0.0
2023-10-06 01:00:00,23.7,0.0
2023-10-06 02:00:00,21.6,0.0
2023-10-06 03:00:00,20.2,0.0
2023-10-06 04:00:00,18.3,0.0
2023-10-06 05:00:00,16.4,6.0
2023-10-06 06:00:00,19.2,87.0
2023-10-06 07:00:00,22.2,146.0
2023-10-06 08:00:00,19.7,229.0
2023-10-06 09:00:00,16.8,310.0
2023-10-06 10:00:00,14.8,429.0
2023-10-06 11:00:00,12.0,459.0
2023-10-06 12:00:00,15.1,439.0
2023-10-06 13:00:00,18.0,322.0
2023-10-06 14:00:00,16.7,176.0
2023-10-06 15:00:00,8.4,43.0
2023-10-06 16:00:00,12.8,3.0
2023-10-06 17:00:00,18.2,0.0
2023-10-06 18:00:00,20.8,0.0
2023-10-06 19:00:00,24.5,0.0
2023-10-06 20:00:00,25.8,0.0
2023-10-06 21:00:00,27.6,0.0
2023-10-06 22:00:00,28.6,0.0
2023-10-06 23:00:00,29.0,0.0
2023-10-07 00:00:00,27.8,0.0
2023-10-07 01:00:00,30.6,0.0
2023-10-07 02:00:00,30.9,0.0
2023-10-07 03:00:00,29.9,0.0
2023-10-07 04:00:00,31.7,0.0
2023-10-07 05:00:00,29.5,1.0
2023-10-07 06:00:00,29.1,7.0
2023-10-07 07:00:00,28.8,46.0
2023-10-07 08:00:00,34.0,132.0
2023-10-07 09:00:00,35.4,206.0
2023-10-07 10:00:00,32.8,351.0
2023-10-07 11:00:00,38.3,318.0
2023-10-07 12:00:00,40.6,350.0
2023-10-07 13:00:00,39.3,106.0
2023-10-07 14:00:00,35.8,174.0
2023-10-07 15:00:00,33.0,65.0
2023-10-07 16:00:00,31.3,12.0
2023-10-07 17:00:00,28.6,0.0
2023-10-07 18:00:00,24.5,0.0
2023-10-07 19:00:00,23.0,0.0
2023-10-07 20:00:00,23.7,0.0
2023-10-07 21:00:00,23.6,0.0
2023-10-07 22:00:00,23.1,0.0
2023-10-07 23:00:00,22.5,0.0
2023-10-08 00:00:00,22.5,0.0
2023-10-08 01:00:00,21.1,0.0
2023-10-08 02:00:00,22.0,0.0
2023-10-08 03:00:00,23.0,0.0
2023-10-08 04:00:00,23.4,0.0
2023-10-08 05:00:00,23.3,4.0
2023-10-08 06:00:00,24.4,84.0
2023-10-08 07:00:00,28.3,215.0
2023-10-08 08:00:00,36.3,330.0
2023-10-08 09:00:00,36.1,344.0
2023-10-08 10:00:00,36.4,425.0
2023-10-08 11:00:00,37.3,403.0
2023-10-08 12:00:00,34.4,313.0
2023-10-08 13:00:00,29.6,310.0
2023-10-08 14:00:00,33.4,203.0
2023-10-08 15:00:00,31.0,84.0
2023-10-08 16:00:00,30.6,10.0
2023-10-08 17:00:00,26.7,0.0
2023-10-08 18:00:00,26.5,0.0
2023-10-08 19:00:00,26.2,0.0
2023-10-08 20:00:00,24.2,0.0
2023-10-08 21:00:00,23.5,0.0
2023-10-08 22:00:00,21.3,0.0
2023-10-08 23:00:00,19.9,0.0
2023-10-09 00:00:00,19.1,0.0
2023-10-09 01:00:00,17.2,0.0
2023-10-09 02:00:00,17.3,0.0
2023-10-09 03:00:00,16.5,0.0
2023-10-09 04:00:00,14.2,0.0
2023-10-09 05:00:00,13.4,3.0
2023-10-09 06:00:00,13.4,49.0
2023-10-09 07:00:00,12.9,116.0
2023-10-09 08:00:00,16.3,185.0
2023-10-09 09:00:00,20.2,257.0
2023-10-09 10:00:00,19.5,295.0
2023-10-09 11:00:00,21.1,331.0
2023-10-09 12:00:00,19.0,364.0
2023-10-09 13:00:00,19.0,306.0
2023-10-09 14:00:00,17.5,176.0
2023-10-09 15:00:00,15.0,58.0
2023-10-09 16:00:00,14.6,8.0
2023-10-09 17:00:00,15.1,0.0
2023-10-09 18:00:00,13.7,0.0
2023-10-09 19:00:00,12.9,0.0
2023-10-09 20:00:00,13.5,0.0
2023-10-09 21:00:00,13.9,0.0
2023-10-09 22:00:00,13.6,0.0
2023-10-09 23:00:00,12.9,0.0
2023-10-10 00:00:00,12.7,0.0
2023-10-10 01:00:00,11.3,0.0
2023-10-10 02:00:00,10.4,0.0
2023-10-10 03:00:00,9.6,0.0
2023-10-10 04:00:00,8.2,0.0
2023-10-10 05:00:00,6.3,2.0
2023-10-10 06:00:00,6.9,73.0
2023-10-10 07:00:00,4.3,200.0
2023-10-10 08:00:00,5.1,319.0
2023-10-10 09:00:00,7.6,407.0
2023-10-10 10:00:00,10.1,426.0
2023-10-10 11:00:00,13.0,382.0
2023-10-10 12:00:00,11.3,188.0
2023-10-10 13:00:00,10.7,227.0
2023-10-10 14:00:00,6.7,159.0
2023-10-10 15:00:00,3.3,73.0
2023-10-10 16:00:00,4.9,6.0
2023-10-10 17:00:00,7.3,0.0
2023-10-10 18:00:00,9.7,0.0
2023-10-10 19:00:00,11.2,0.0
2023-10-10 20:00:00,12.8,0.0
2023-10-10 21:00:00,12.6,0.0
2023-10-10 22:00:00,12.9,0.0
2023-10-10 23:00:00,12.6,0.0
2023-10-11 00:00:00,14.6,0.0
2023-10-11 01:00:00,15.4,0.0
2023-10-11 02:00:00,16.6,0.0
2023-10-11 03:00:00,17.7,0.0
2023-10-11 04:00:00,19.5,0.0
2023-10-11 05:00:00,20.5,1.0
2023-10-11 06:00:00,21.3,16.0
2023-10-11 07:00:00,25.3,70.0
2023-10-11 08:00:00,22.9,207.0
2023-10-11 09:00:00,23.1,78.0
2023-10-11 10:00:00,21.0,152.0
2023-10-11 11:00:00,23.9,80.0
2023-10-11 12:00:00,22.5,64.0
2023-10-11 13:00:00,25.5,104.0
2023-10-11 14:00:00,25.5,93.0
2023-10-11 15:00:00,25.6,64.0
2023-10-11 16:00:00,25.3,4.0
2023-10-11 17:00:00,24.5,0.0
2023-10-11 18:00:00,25.2,0.0
2023-10-11 19:00:00,24.5,0.0
2023-10-11 20:00:00,24.3,0.0
2023-10-11 21:00:00,22.9,0.0
2023-10-11 22:00:00,22.0,0.0
2023-10-11 23:00:00,22.5,0.0
2023-10-12 00:00:00,23.4,0.0
2023-10-12 01:00:00,25.0,0.0
2023-10-12 02:00:00,25.0,0.0
2023-10-12 03:00:00,24.0,0.0
2023-10-12 04:00:00,23.4,0.0
2023-10-12 05:00:00,19.1,0.0
2023-10-12 06:00:00,20.8,8.0
2023-10-12 07:00:00,22.8,30.0
2023-10-12 08:00:00,25.0,67.0
2023-10-12 09:00:00,25.5,86.0
2023-10-12 10:00:00,25.6,167.0
2023-10-12 11:00:00,27.8,243.0
2023-10-12 12:00:00,27.7,285.0
2023-10-12 13:00:00,27.8,216.0
2023-10-12 14:00:00,26.6,170.0
2023-10-12 15:00:00,22.0,85.0
2023-10-12 16:00:00,21.3,5.0
2023-10-12 17:00:00,23.2,0.0
2023-10-12 18:00:00,22.7,0.0
2023-10-12 19:00:00,23.6,0.0
2023-10-12 20:00:00,23.3,0.0
2023-10-12 21:00:00,22.1,0.0
2023-10-12 22:00:00,20.7,0.0
2023-10-12 23:00:00,19.1,0.0
2023-10-13 00:00:00,17.4,0.0
2023-10-13 01:00:00,15.5,0.0
2023-10-13 02:00:00,14.8,0.0
2023-10-13 03:00:00,13.6,0.0
2023-10-13 04:00:00,13.5,0.0
2023-10-13 05:00:00,13.8,1.0
2023-10-13 06:00:00,14.3,62.0
2023-10-13 07:00:00,13.2,151.0
2023-10-13 08:00:00,14.0,250.0
2023-10-13 09:00:00,19.0,329.0
2023-10-13 10:00:00,17.8,290.0
2023-10-13 11:00:00,18.0,334.0
2023-10-13 12:00:00,17.9,276.0
2023-10-13 13:00:00,14.5,242.0
2023-10-13 14:00:00,14.6,189.0
2023-10-13 15:00:00,14.3,67.0
2023-10-13 16:00:00,16.7,3.0
2023-10-13 17:00:00,19.5,0.0
2023-10-13 18:00:00,21.3,0.0
2023-10-13 19:00:00,21.8,0.0
2023-10-13 20:00:00,22.9,0.0
2023-10-13 21:00:00,25.3,0.0
2023-10-13 22:00:00,26.3,0.0
2023-10-13 23:00:00,26.0,0.0
2023-10-14 00:00:00,24.8,0.0
2023-10-14 01:00:00,25.5,0.0
2023-10-14 02:00:00,23.8,0.0
2023-10-14 03:00:00,24.0,0.0
2023-10-14 04:00:00,22.8,0.0
2023-10-14 05:00:00,21.8,1.0
2023-10-14 06:00:00,24.3,50.0
2023-10-14 07:00:00,23.6,120.0
2023-10-14 08:00:00,23.9,279.0
2023-10-14 09:00:00,27.4,363.0
2023-10-14 10:00:00,27.1,311.0
2023-10-14 11:00:00,27.7,272.0
2023-10-14 12:00:00,26.0,147.0
2023-10-14 13:00:00,26.6,93.0
2023-10-14 14:00:00,26.1,124.0
2023-10-14 15:00:00,21.4,8.0
2023-10-14 16:00:00,14.5,0.0
2023-10-14 17:00:00,14.1,0.0
2023-10-14 18:00:00,13.6,0.0
2023-10-14 19:00:00,15.3,0.0
2023-10-14 20:00:00,17.4,0.0
2023-10-14 21:00:00,16.6,0.0
2023-10-14 22:00:00,15.8,0.0
2023-10-14 23:00:00,15.7,0.0
2023-10-15 00:00:00,17.0,0.0
2023-10-15 01:00:00,17.4,0.0
2023-10-15 02:00:00,17.9,0.0
2023-10-15 03:00:00,18.4,0.0
2023-10-15 04:00:00,19.7,0.0
2023-10-15 05:00:00,20.7,0.0
2023-10-15 06:00:00,21.9,56.0
2023-10-15 07:00:00,21.2,175.0
2023-10-15 08:00:00,30.1,295.0
2023-10-15 09:00:00,32.1,334.0
2023-10-15 10:00:00,30.8,359.0
2023-10-15 11:00:00,29.6,309.0
2023-10-15 12:00:00,26.9,345.0
2023-10-15 13:00:00,24.7,157.0
2023-10-15 14:00:00,22.1,147.0
2023-10-15 15:00:00,19.3,70.0
2023-10-15 16:00:00,19.2,2.0
2023-10-15 17:00:00,19.1,0.0
2023-10-15 18:00:00,18.2,0.0
2023-10-15 19:00:00,19.7,0.0
2023-10-15 20:00:00,19.1,0.0
2023-10-15 21:00:00,19.3,0.0
2023-10-15 22:00:00,20.5,0.0
2023-10-15 23:00:00,18.4,0.0
2023-10-16 00:00:00,16.0,0.0
2023-10-16 01:00:00,12.3,0.0
2023-10-16 02:00:00,13.3,0.0
2023-10-16 03:00:00,14.8,0.0
2023-10-16 04:00:00,16.7,0.0
2023-10-16 05:00:00,15.4,0.0
2023-10-16 06:00:00,14.2,33.0
2023-10-16 07:00:00,14.5,163.0
2023-10-16 08:00:00,15.8,261.0
2023-10-16 09:00:00,17.7,359.0
2023-10-16 10:00:00,19.8,413.0
2023-10-16 11:00:00,19.5,404.0
2023-10-16 12:00:00,19.9,369.0
2023-10-16 13:00:00,20.2,228.0
2023-10-16 14:00:00,21.3,172.0
2023-10-16 15:00:00,19.2,59.0
2023-10-16 16:00:00,18.7,2.0
2023-10-16 17:00:00,18.0,0.0
2023-10-16 18:00:00,16.6,0.0
2023-10-16 19:00:00,15.1,0.0
2023-10-16 20:00:00,14.5,0.0
2023-10-16 21:00:00,14.9,0.0
2023-10-16 22:00:00,13.9,0.0
2023-10-16 23:00:00,14.4,0.0
2023-10-17 00:00:00,14.1,0.0
2023-10-17 01:00:00,13.3,0.0
2023-10-17 02:00:00,13.8,0.0
2023-10-17 03:00:00,14.1,0.0
2023-10-17 04:00:00,14.4,0.0
2023-10-17 05:00:00,14.4,0.0
2023-10-17 06:00:00,14.3,50.0
2023-10-17 07:00:00,13.3,152.0
2023-10-17 08:00:00,14.8,239.0
2023-10-17 09:00:00,15.7,348.0
2023-10-17 10:00:00,18.0,381.0
2023-10-17 11:00:00,25.5,392.0
2023-10-17 12:00:00,27.1,338.0
2023-10-17 13:00:00,23.2,156.0
2023-10-17 14:00:00,20.5,117.0
2023-10-17 15:00:00,18.7,51.0
2023-10-17 16:00:00,17.8,1.0
2023-10-17 17:00:00,20.6,0.0
2023-10-17 18:00:00,20.6,0.0
2023-10-17 19:00:00,20.6,0.0
2023-10-17 20:00:00,19.9,0.0
2023-10-17 21:00:00,19.9,0.0
2023-10-17 22:00:00,18.8,0.0
2023-10-17 23:00:00,19.1,0.0
2023-10-18 00:00:00,18.7,0.0
2023-10-18 01:00:00,20.4,0.0
2023-10-18 02:00:00,19.4,0.0
2023-10-18 03:00:00,20.4,0.0
2023-10-18 04:00:00,21.9,0.0
2023-10-18 05:00:00,25.6,0.0
2023-10-18 06:00:00,26.7,9.0
2023-10-18 07:00:00,21.8,26.0
2023-10-18 08:00:00,21.5,46.0
2023-10-18 09:00:00,19.9,122.0
2023-10-18 10:00:00,20.0,207.0
2023-10-18 11:00:00,19.4,182.0
2023-10-18 12:00:00,17.3,112.0
2023-10-18 13:00:00,19.5,171.0
2023-10-18 14:00:00,18.6,82.0
2023-10-18 15:00:00,15.1,53.0
2023-10-18 16:00:00,16.5,1.0
2023-10-18 17:00:00,15.5,0.0
2023-10-18 18:00:00,15.0,0.0
2023-10-18 19:00:00,12.7,0.0
2023-10-18 20:00:00,12.3,0.0
2023-10-18 21:00:00,9.2,0.0
2023-10-18 22:00:00,6.9,0.0
2023-10-18 23:00:00,5.6,0.0
2023-10-19 00:00:00,7.9,0.0
2023-10-19 01:00:00,6.6,0.0
2023-10-19 02:00:00,6.1,0.0
2023-10-19 03:00:00,7.4,0.0
2023-10-19 04:00:00,9.6,0.0
2023-10-19 05:00:00,9.0,0.0
2023-10-19 06:00:00,8.0,31.0
2023-10-19 07:00:00,8.6,132.0
2023-10-19 08:00:00,6.8,233.0
2023-10-19 09:00:00,5.7,253.0
2023-10-19 10:00:00,3.7,227.0
2023-10-19 11:00:00,5.7,221.0
2023-10-19 12:00:00,5.1,199.0
2023-10-19 13:00:00,7.5,103.0
2023-10-19 14:00:00,9.2,70.0
2023-10-19 15:00:00,8.1,21.0
2023-10-19 16:00:00,9.3,0.0
2023-10-19 17:00:00,10.1,0.0
2023-10-19 18:00:00,11.8,0.0
2023-10-19 19:00:00,13.1,0.0
2023-10-19 20:00:00,13.4,0.0
2023-10-19 21:00:00,13.7,0.0
2023-10-19 22:00:00,13.6,0.0
2023-10-19 23:00:00,15.5,0.0
2023-10-20 00:00:00,16.0,0.0
2023-10-20 01:00:00,16.7,0.0
2023-10-20 02:00:00,17.5,0.0
2023-10-20 03:00:00,17.6,0.0
2023-10-20 04:00:00,18.9,0.0
2023-10-20 05:00:00,19.7,0.0
2023-10-20 06:00:00,22.5,9.0
2023-10-20 07:00:00,19.5,23.0
2023-10-20 08:00:00,22.8,45.0
2023-10-20 09:00:00,23.9,78.0
2023-10-20 10:00:00,23.7,59.0
2023-10-20 11:00:00,22.9,61.0
2023-10-20 12:00:00,24.3,58.0
2023-10-20 13:00:00,23.7,30.0
2023-10-20 14:00:00,23.7,17.0
2023-10-20 15:00:00,24.5,5.0
2023-10-20 16:00:00,24.9,0.0
2023-10-20 17:00:00,25.3,0.0
2023-10-20 18:00:00,24.1,0.0
2023-10-20 19:00:00,25.2,0.0
2023-10-20 20:00:00,26.3,0.0
2023-10-20 21:00:00,25.7,0.0
2023-10-20 22:00:00,24.9,0.0
2023-10-20 23:00:00,25.4,0.0
2023-10-21 00:00:00,26.2,0.0
2023-10-21 01:00:00,26.5,0.0
2023-10-21 02:00:00,27.6,0.0
2023-10-21 03:00:00,28.1,0.0
2023-10-21 04:00:00,28.1,0.0
2023-10-21 05:00:00,25.9,0.0
2023-10-21 06:00:00,27.4,4.0
2023-10-21 07:00:00,28.5,13.0
2023-10-21 08:00:00,28.4,51.0
2023-10-21 09:00:00,28.3,54.0
2023-10-21 10:00:00,29.0,81.0
2023-10-21 11:00:00,27.6,46.0
2023-10-21 12:00:00,27.1,28.0
2023-10-21 13:00:00,26.1,20.0
2023-10-21 14:00:00,24.6,22.0
2023-10-21 15:00:00,22.6,5.0
2023-10-21 16:00:00,18.7,0.0
2023-10-21 17:00:00,18.1,0.0
2023-10-21 18:00:00,16.1,0.0
2023-10-21 19:00:00,16.8,0.0
2023-10-21 20:00:00,15.1,0.0
2023-10-21 21:00:00,14.1,0.0
2023-10-21 22:00:00,13.1,0.0
2023-10-21 23:00:00,11.5,0.0
2023-10-22 00:00:00,10.2,0.0
2023-10-22 01:00:00,10.5,0.0
2023-10-22 02:00:00,10.6,0.0
2023-10-22 03:00:00,9.4,0.0
2023-10-22 04:00:00,8.3,0.0
2023-10-22 05:00:00,8.4,0.0
2023-10-22 06:00:00,6.9,10.0
2023-10-22 07:00:00,7.7,27.0
2023-10-22 08:00:00,7.4,47.0
2023-10-22 09:00:00,7.9,73.0
2023-10-22 10:00:00,9.7,51.0
2023-10-22 11:00:00,11.6,68.0
2023-10-22 12:00:00,9.4,48.0
2023-10-22 13:00:00,12.3,23.0
2023-10-22 14:00:00,13.1,16.0
2023-10-22 15:00:00,14.8,4.0
2023-10-22 16:00:00,14.1,0.0
2023-10-22 17:00:00,13.6,0.0
2023-10-22 18:00:00,10.8,0.0
2023-10-22 19:00:00,13.2,0.0
2023-10-22 20:00:00,10.5,0.0
2023-10-22 21:00:00,11.2,0.0
2023-10-22 22:00:00,10.5,0.0
2023-10-22 23:00:00,13.4,0.0
2023-10-23 00:00:00,13.0,0.0
2023-10-23 01:00:00,17.4,0.0
2023-10-23 02:00:00,19.4,0.0
2023-10-23 03:00:00,19.2,0.0
2023-10-23 04:00:00,18.9,0.0
2023-10-23 05:00:00,18.6,0.0
2023-10-23 06:00:00,17.8,5.0
2023-10-23 07:00:00,18.7,53.0
2023-10-23 08:00:00,15.8,82.0
2023-10-23 09:00:00,14.4,70.0
2023-10-23 10:00:00,15.4,79.0
2023-10-23 11:00:00,13.8,78.0
2023-10-23 12:00:00,14.2,80.0
2023-10-23 13:00:00,14.1,76.0
2023-10-23 14:00:00,11.1,41.0
2023-10-23 15:00:00,10.2,13.0
2023-10-23 16:00:00,9.8,0.0
2023-10-23 17:00:00,12.0,0.0
2023-10-23 18:00:00,12.3,0.0
2023-10-23 19:00:00,11.9,0.0
2023-10-23 20:00:00,11.6,0.0
2023-10-23 21:00:00,11.7,0.0
2023-10-23 22:00:00,10.9,0.0
2023-10-23 23:00:00,9.9,0.0
2023-10-24 00:00:00,10.1,0.0
2023-10-24 01:00:00,11.3,0.0
2023-10-24 02:00:00,12.3,0.0
2023-10-24 03:00:00,11.9,0.0
2023-10-24 04:00:00,10.8,0.0
2023-10-24 05:00:00,10.4,0.0
2023-10-24 06:00:00,11.3,13.0
2023-10-24 07:00:00,10.7,63.0
2023-10-24 08:00:00,9.4,121.0
2023-10-24 09:00:00,9.6,180.0
2023-10-24 10:00:00,10.2,215.0
2023-10-24 11:00:00,6.8,219.0
2023-10-24 12:00:00,5.7,276.0
2023-10-24 13:00:00,6.5,115.0
2023-10-24 14:00:00,3.2,47.0
2023-10-24 15:00:00,1.0,20.0
2023-10-24 16:00:00,4.6,0.0
2023-10-24 17:00:00,4.6,0.0
2023-10-24 18:00:00,4.8,0.0
2023-10-24 19:00:00,5.7,0.0
2023-10-24 20:00:00,7.3,0.0
2023-10-24 21:00:00,7.1,0.0
2023-10-24 22:00:00,7.9,0.0
2023-10-24 23:00:00,13.1,0.0
2023-10-25 00:00:00,13.0,0.0
2023-10-25 01:00:00,14.0,0.0
2023-10-25 02:00:00,15.9,0.0
2023-10-25 03:00:00,19.1,0.0
2023-10-25 04:00:00,18.0,0.0
2023-10-25 05:00:00,18.8,0.0
2023-10-25 06:00:00,21.1,11.0
2023-10-25 07:00:00,22.4,47.0
2023-10-25 08:00:00,24.2,63.0
2023-10-25 09:00:00,24.5,50.0
2023-10-25 10:00:00,24.6,46.0
2023-10-25 11:00:00,24.9,44.0
2023-10-25 12:00:00,26.2,56.0
2023-10-25 13:00:00,23.6,37.0
2023-10-25 14:00:00,24.2,19.0
2023-10-25 15:00:00,25.1,5.0
2023-10-25 16:00:00,25.9,0.0
2023-10-25 17:00:00,25.7,0.0
2023-10-25 18:00:00,24.9,0.0
2023-10-25 19:00:00,24.5,0.0
2023-10-25 20:00:00,26.3,0.0
2023-10-25 21:00:00,27.7,0.0
2023-10-25 22:00:00,29.5,0.0
2023-10-25 23:00:00,25.8,0.0
2023-10-26 00:00:00,25.9,0.0
2023-10-26 01:00:00,25.6,0.0
2023-10-26 02:00:00,29.3,0.0
2023-10-26 03:00:00,24.0,0.0
2023-10-26 04:00:00,20.0,0.0
2023-10-26 05:00:00,23.8,0.0
2023-10-26 06:00:00,23.0,2.0
2023-10-26 07:00:00,22.3,10.0
2023-10-26 08:00:00,22.0,31.0
2023-10-26 09:00:00,20.6,35.0
2023-10-26 10:00:00,20.2,34.0
2023-10-26 11:00:00,18.4,35.0
2023-10-26 12:00:00,18.4,29.0
2023-10-26 13:00:00,17.3,21.0
2023-10-26 14:00:00,17.3,11.0
2023-10-26 15:00:00,16.6,3.0
2023-10-26 16:00:00,16.2,0.0
2023-10-26 17:00:00,15.1,0.0
2023-10-26 18:00:00,13.1,0.0
2023-10-26 19:00:00,13.2,0.0
2023-10-26 20:00:00,13.4,0.0
2023-10-26 21:00:00,13.2,0.0
2023-10-26 22:00:00,14.2,0.0
2023-10-26 23:00:00,15.0,0.0
2023-10-27 00:00:00,14.5,0.0
2023-10-27 01:00:00,13.6,0.0
2023-10-27 02:00:00,12.8,0.0
2023-10-27 03:00:00,11.5,0.0
2023-10-27 04:00:00,12.5,0.0
2023-10-27 05:00:00,7.9,0.0
2023-10-27 06:00:00,9.2,7.0
2023-10-27 07:00:00,8.1,24.0
2023-10-27 08:00:00,6.4,46.0
2023-10-27 09:00:00,5.4,72.0
2023-10-27 10:00:00,4.3,76.0
2023-10-27 11:00:00,5.8,83.0
2023-10-27 12:00:00,5.9,91.0
2023-10-27 13:00:00,7.4,54.0
2023-10-27 14:00:00,7.7,43.0
2023-10-27 15:00:00,8.0,7.0
2023-10-27 16:00:00,7.4,0.0
2023-10-27 17:00:00,8.4,0.0
2023-10-27 18:00:00,8.9,0.0
2023-10-27 19:00:00,9.9,0.0
2023-10-27 20:00:00,8.7,0.0
2023-10-27 21:00:00,10.2,0.0
2023-10-27 22:00:00,10.7,0.0
2023-10-27 23:00:00,10.7,0.0
2023-10-28 00:00:00,12.0,0.0
2023-10-28 01:00:00,10.5,0.0
2023-10-28 02:00:00,11.4,0.0
2023-10-28 03:00:00,11.3,0.0
2023-10-28 04:00:00,10.6,0.0
2023-10-28 05:00:00,9.0,0.0
2023-10-28 06:00:00,9.1,3.0
2023-10-28 07:00:00,9.4,17.0
2023-10-28 08:00:00,11.0,42.0
2023-10-28 09:00:00,13.3,47.0
2023-10-28 10:00:00,13.6,48.0
2023-10-28 11:00:00,12.6,47.0
2023-10-28 12:00:00,12.2,31.0
2023-10-28 13:00:00,11.5,24.0
2023-10-28 14:00:00,11.7,20.0
2023-10-28 15:00:00,11.5,4.0
2023-10-28 16:00:00,11.5,0.0
2023-10-28 17:00:00,12.0,0.0
2023-10-28 18:00:00,11.3,0.0
2023-10-28 19:00:00,9.8,0.0
2023-10-28 20:00:00,9.4,0.0
2023-10-28 21:00:00,8.5,0.0
2023-10-28 22:00:00,8.7,0.0
2023-10-28 23:00:00,9.4,0.0
2023-10-29 00:00:00,7.5,0.0
2023-10-29 01:00:00,5.4,0.0
2023-10-29 02:00:00,5.4,0.0
2023-10-29 03:00:00,4.6,0.0
2023-10-29 04:00:00,3.6,0.0
2023-10-29 05:00:00,4.3,0.0
2023-10-29 06:00:00,1.8,12.0
2023-10-29 07:00:00,1.1,89.0
2023-10-29 08:00:00,5.8,191.0
2023-10-29 09:00:00,5.9,235.0
2023-10-29 10:00:00,6.9,241.0
2023-10-29 11:00:00,7.9,282.0
2023-10-29 12:00:00,9.3,238.0
2023-10-29 13:00:00,11.5,134.0
2023-10-29 14:00:00,14.2,67.0
2023-10-29 15:00:00,15.5,8.0
2023-10-29 16:00:00,17.6,0.0
2023-10-29 17:00:00,17.9,0.0
2023-10-29 18:00:00,20.2,0.0
2023-10-29 19:00:00,22.3,0.0
2023-10-29 20:00:00,25.2,0.0
2023-10-29 21:00:00,21.3,0.0
2023-10-29 22:00:00,21.1,0.0
2023-10-29 23:00:00,19.5,0.0
2023-10-30 00:00:00,19.5,0.0
2023-10-30 01:00:00,20.4,0.0
2023-10-30 02:00:00,21.0,0.0
2023-10-30 03:00:00,20.7,0.0
2023-10-30 04:00:00,21.3,0.0
2023-10-30 05:00:00,23.7,0.0
2023-10-30 06:00:00,20.4,8.0
2023-10-30 07:00:00,20.9,66.0
2023-10-30 08:00:00,22.5,89.0
2023-10-30 09:00:00,22.8,271.0
2023-10-30 10:00:00,26.1,295.0
2023-10-30 11:00:00,22.7,231.0
2023-10-30 12:00:00,20.1,172.0
2023-10-30 13:00:00,19.0,178.0
2023-10-30 14:00:00,16.1,102.0
2023-10-30 15:00:00,14.5,16.0
2023-10-30 16:00:00,13.9,0.0
2023-10-30 17:00:00,12.1,0.0
2023-10-30 18:00:00,11.3,0.0
2023-10-30 19:00:00,8.4,0.0
2023-10-30 20:00:00,6.9,0.0
2023-10-30 21:00:00,7.0,0.0
2023-10-30 22:00:00,8.7,0.0
2023-10-30 23:00:00,8.9,0.0
2023-10-31 00:00:00,10.6,0.0
2023-10-31 01:00:00,10.6,0.0
2023-10-31 02:00:00,11.5,0.0
2023-10-31 03:00:00,13.0,0.0
2023-10-31 04:00:00,16.3,0.0
2023-10-31 05:00:00,18.2,0.0
2023-10-31 06:00:00,20.7,9.0
2023-10-31 07:00:00,23.2,40.0
2023-10-31 08:00:00,26.0,91.0
2023-10-31 09:00:00,25.6,100.0
2023-10-31 10:00:00,29.0,145.0
2023-10-31 11:00:00,24.0,162.0
2023-10-31 12:00:00,25.0,93.0
2023-10-31 13:00:00,24.1,67.0
2023-10-31 14:00:00,26.5,23.0
2023-10-31 15:00:00,27.3,4.0
2023-10-31 16:00:00,26.9,0.0
2023-10-31 17:00:00,25.6,0.0
2023-10-31 18:00:00,23.9,0.0
2023-10-31 19:00:00,21.6,0.0
2023-10-31 20:00:00,17.8,0.0
2023-10-31 21:00:00,16.1,0.0
2023-10-31 22:00:00,14.5,0.0
2023-10-31 23:00:00,16.6,0.0
2023-11-01 00:00:00,16.3,0.0
2023-11-01 01:00:00,15.9,0.0
2023-11-01 02:00:00,14.0,0.0
2023-11-01 03:00:00,15.2,0.0
2023-11-01 04:00:00,16.7,0.0
2023-11-01 05:00:00,16.1,0.0
2023-11-01 06:00:00,17.4,6.0
2023-11-01 07:00:00,20.3,51.0
2023-11-01 08:00:00,21.0,48.0
2023-11-01 09:00:00,21.7,56.0
2023-11-01 10:00:00,24.5,189.0
2023-11-01 11:00:00,22.1,211.0
2023-11-01 12:00:00,18.6,114.0
2023-11-01 13:00:00,19.1,41.0
2023-11-01 14:00:00,17.3,26.0
2023-11-01 15:00:00,15.8,8.0
2023-11-01 16:00:00,14.8,0.0
2023-11-01 17:00:00,13.0,0.0
2023-11-01 18:00:00,14.3,0.0
2023-11-01 19:00:00,15.1,0.0
2023-11-01 20:00:00,13.4,0.0
2023-11-01 21:00:00,9.0,0.0
2023-11-01 22:00:00,9.6,0.0
2023-11-01 23:00:00,11.0,0.0
2023-11-02 00:00:00,11.2,0.0
2023-11-02 01:00:00,9.3,0.0
2023-11-02 02:00:00,9.2,0.0
2023-11-02 03:00:00,7.5,0.0
2023-11-02 04:00:00,6.9,0.0
2023-11-02 05:00:00,7.9,0.0
2023-11-02 06:00:00,9.7,9.0
2023-11-02 07:00:00,10.5,91.0
2023-11-02 08:00:00,10.1,195.0
2023-11-02 09:00:00,12.6,276.0
2023-11-02 10:00:00,12.7,320.0
2023-11-02 11:00:00,12.2,320.0
2023-11-02 12:00:00,12.1,277.0
2023-11-02 13:00:00,11.2,201.0
2023-11-02 14:00:00,11.5,98.0
2023-11-02 15:00:00,14.0,12.0
2023-11-02 16:00:00,17.3,0.0
2023-11-02 17:00:00,18.9,0.0
2023-11-02 18:00:00,20.1,0.0
2023-11-02 19:00:00,19.7,0.0
2023-11-02 20:00:00,19.6,0.0
2023-11-02 21:00:00,21.9,0.0
2023-11-02 22:00:00,22.5,0.0
2023-11-02 23:00:00,22.1,0.0
2023-11-03 00:00:00,20.6,0.0
2023-11-03 01:00:00,20.1,0.0
2023-11-03 02:00:00,20.9,0.0
2023-11-03 03:00:00,22.0,0.0
2023-11-03 04:00:00,22.8,0.0
2023-11-03 05:00:00,22.8,0.0
2023-11-03 06:00:00,23.3,8.0
2023-11-03 07:00:00,24.8,81.0
2023-11-03 08:00:00,22.6,178.0
2023-11-03 09:00:00,22.7,239.0
2023-11-03 10:00:00,23.7,297.0
2023-11-03 11:00:00,28.7,275.0
2023-11-03 12:00:00,31.2,240.0
2023-11-03 13:00:00,28.1,127.0
2023-11-03 14:00:00,25.4,78.0
2023-11-03 15:00:00,27.5,9.0
2023-11-03 16:00:00,30.4,0.0
2023-11-03 17:00:00,33.3,0.0
2023-11-03 18:00:00,32.7,0.0
2023-11-03 19:00:00,31.6,0.0
2023-11-03 20:00:00,31.5,0.0
2023-11-03 21:00:00,31.9,0.0
2023-11-03 22:00:00,33.9,0.0
2023-11-03 23:00:00,32.4,0.0
2023-11-04 00:00:00,30.3,0.0
2023-11-04 01:00:00,29.6,0.0
2023-11-04 02:00:00,29.1,0.0
2023-11-04 03:00:00,27.5,0.0
2023-11-04 04:00:00,26.3,0.0
2023-11-04 05:00:00,28.6,0.0
2023-11-04 06:00:00,27.0,5.0
2023-11-04 07:00:00,28.6,29.0
2023-11-04 08:00:00,28.0,98.0
2023-11-04 09:00:00,30.6,223.0
2023-11-04 10:00:00,27.1,191.0
2023-11-04 11:00:00,25.7,169.0
2023-11-04 12:00:00,23.8,124.0
2023-11-04 13:00:00,18.5,77.0
2023-11-04 14:00:00,15.9,41.0
2023-11-04 15:00:00,14.2,9.0
2023-11-04 16:00:00,13.0,0.0
2023-11-04 17:00:00,11.5,0.0
2023-11-04 18:00:00,8.4,0.0
2023-11-04 19:00:00,7.1,0.0
2023-11-04 20:00:00,7.9,0.0
2023-11-04 21:00:00,4.8,0.0
2023-11-04 22:00:00,5.9,0.0
2023-11-04 23:00:00,4.8,0.0
2023-11-05 00:00:00,5.1,0.0
2023-11-05 01:00:00,7.0,0.0
2023-11-05 02:00:00,4.0,0.0
2023-11-05 03:00:00,6.1,0.0
2023-11-05 04:00:00,8.8,0.0
2023-11-05 05:00:00,11.0,0.0
2023-11-05 06:00:00,13.6,5.0
2023-11-05 07:00:00,15.6,75.0
2023-11-05 08:00:00,21.5,164.0
2023-11-05 09:00:00,21.4,204.0
2023-11-05 10:00:00,21.7,152.0
2023-11-05 11:00:00,20.9,146.0
2023-11-05 12:00:00,23.1,221.0
2023-11-05 13:00:00,17.5,102.0
2023-11-05 14:00:00,17.3,39.0
2023-11-05 15:00:00,17.3,2.0
2023-11-05 16:00:00,16.6,0.0
2023-11-05 17:00:00,16.0,0.0
2023-11-05 18:00:00,15.0,0.0
2023-11-05 19:00:00,15.9,0.0
2023-11-05 20:00:00,17.0,0.0
2023-11-05 21:00:00,11.9,0.0
2023-11-05 22:00:00,8.2,0.0
2023-11-05 23:00:00,7.9,0.0
2023-11-06 00:00:00,5.7,0.0
2023-11-06 01:00:00,6.7,0.0
2023-11-06 02:00:00,6.9,0.0
2023-11-06 03:00:00,8.0,0.0
2023-11-06 04:00:00,10.9,0.0
2023-11-06 05:00:00,11.3,0.0
2023-11-06 06:00:00,10.2,3.0
2023-11-06 07:00:00,13.1,37.0
2023-11-06 08:00:00,16.8,62.0
2023-11-06 09:00:00,16.6,77.0
2023-11-06 10:00:00,18.5,94.0
2023-11-06 11:00:00,19.3,94.0
2023-11-06 12:00:00,18.7,68.0
2023-11-06 13:00:00,18.7,26.0
2023-11-06 14:00:00,20.6,16.0
2023-11-06 15:00:00,19.2,2.0
2023-11-06 16:00:00,20.3,0.0
2023-11-06 17:00:00,20.8,0.0
2023-11-06 18:00:00,17.9,0.0
2023-11-06 19:00:00,26.9,0.0
2023-11-06 20:00:00,24.5,0.0
2023-11-06 21:00:00,27.2,0.0
2023-11-06 22:00:00,25.7,0.0
2023-11-06 23:00:00,24.3,0.0
2023-11-07 00:00:00,25.0,0.0
2023-11-07 01:00:00,22.8,0.0
2023-11-07 02:00:00,21.1,0.0
2023-11-07 03:00:00,18.4,0.0
2023-11-07 04:00:00,17.4,0.0
2023-11-07 05:00:00,16.9,0.0
2023-11-07 06:00:00,16.6,3.0
2023-11-07 07:00:00,17.6,66.0
2023-11-07 08:00:00,19.3,158.0
2023-11-07 09:00:00,18.7,212.0
2023-11-07 10:00:00,18.1,264.0
2023-11-07 11:00:00,16.8,274.0
2023-11-07 12:00:00,17.8,214.0
2023-11-07 13:00:00,16.3,139.0
2023-11-07 14:00:00,16.5,59.0
2023-11-07 15:00:00,14.7,3.0
2023-11-07 16:00:00,14.9,0.0
2023-11-07 17:00:00,15.1,0.0
2023-11-07 18:00:00,14.8,0.0
2023-11-07 19:00:00,13.8,0.0
2023-11-07 20:00:00,13.7,0.0
2023-11-07 21:00:00,14.0,0.0
2023-11-07 22:00:00,13.8,0.0
2023-11-07 23:00:00,13.6,0.0
2023-11-08 00:00:00,13.7,0.0
2023-11-08 01:00:00,13.3,0.0
2023-11-08 02:00:00,12.2,0.0
2023-11-08 03:00:00,11.9,0.0
2023-11-08 04:00:00,11.9,0.0
2023-11-08 05:00:00,11.6,0.0
2023-11-08 06:00:00,11.6,3.0
2023-11-08 07:00:00,12.1,49.0
2023-11-08 08:00:00,13.9,121.0
2023-11-08 09:00:00,10.5,165.0
2023-11-08 10:00:00,11.7,266.0
2023-11-08 11:00:00,13.2,254.0
2023-11-08 12:00:00,12.0,187.0
2023-11-08 13:00:00,10.4,128.0
2023-11-08 14:00:00,7.9,62.0
2023-11-08 15:00:00,9.3,4.0
2023-11-08 16:00:00,8.4,0.0
2023-11-08 17:00:00,9.4,0.0
2023-11-08 18:00:00,9.5,0.0
2023-11-08 19:00:00,8.5,0.0
2023-11-08 20:00:00,8.9,0.0
2023-11-08 21:00:00,9.4,0.0
2023-11-08 22:00:00,9.9,0.0
2023-11-08 23:00:00,10.3,0.0
2023-11-09 00:00:00,9.7,0.0
2023-11-09 01:00:00,10.9,0.0
2023-11-09 02:00:00,10.2,0.0
2023-11-09 03:00:00,11.2,0.0
2023-11-09 04:00:00,11.8,0.0
2023-11-09 05:00:00,12.4,0.0
2023-11-09 06:00:00,12.3,1.0
2023-11-09 07:00:00,12.5,27.0
2023-11-09 08:00:00,14.6,74.0
2023-11-09 09:00:00,15.2,129.0
2023-11-09 10:00:00,15.8,146.0
2023-11-09 11:00:00,15.8,109.0
2023-11-09 12:00:00,15.0,103.0
2023-11-09 13:00:00,13.3,91.0
2023-11-09 14:00:00,9.9,61.0
2023-11-09 15:00:00,10.8,4.0
2023-11-09 16:00:00,13.4,0.0
2023-11-09 17:00:00,15.1,0.0
2023-11-09 18:00:00,16.6,0.0
2023-11-09 19:00:00,18.0,0.0
2023-11-09 20:00:00,19.1,0.0
2023-11-09 21:00:00,18.8,0.0
2023-11-09 22:00:00,19.1,0.0
2023-11-09 23:00:00,19.5,0.0
2023-11-10 00:00:00,18.0,0.0
2023-11-10 01:00:00,18.1,0.0
2023-11-10 02:00:00,17.0,0.0
2023-11-10 03:00:00,18.4,0.0
2023-11-10 04:00:00,18.4,0.0
2023-11-10 05:00:00,19.1,0.0
2023-11-10 06:00:00,20.2,2.0
2023-11-10 07:00:00,22.0,50.0
2023-11-10 08:00:00,19.4,103.0
2023-11-10 09:00:00,19.8,180.0
2023-11-10 10:00:00,19.8,153.0
2023-11-10 11:00:00,19.4,209.0
2023-11-10 12:00:00,17.2,110.0
2023-11-10 13:00:00,18.2,62.0
2023-11-10 14:00:00,17.5,26.0
2023-11-10 15:00:00,16.9,3.0
2023-11-10 16:00:00,17.7,0.0
2023-11-10 17:00:00,17.7,0.0
2023-11-10 18:00:00,16.9,0.0
2023-11-10 19:00:00,17.3,0.0
2023-11-10 20:00:00,15.5,0.0
2023-11-10 21:00:00,15.6,0.0
2023-11-10 22:00:00,15.2,0.0
2023-11-10 23:00:00,13.5,0.0
2023-11-11 00:00:00,12.6,0.0
2023-11-11 01:00:00,12.1,0.0
2023-11-11 02:00:00,12.2,0.0
2023-11-11 03:00:00,10.5,0.0
2023-11-11 04:00:00,9.7,0.0
2023-11-11 05:00:00,10.2,0.0
2023-11-11 06:00:00,10.2,0.0
2023-11-11 07:00:00,10.5,9.0
2023-11-11 08:00:00,10.9,30.0
2023-11-11 09:00:00,10.3,63.0
2023-11-11 10:00:00,10.7,93.0
2023-11-11 11:00:00,11.2,83.0
2023-11-11 12:00:00,9.8,72.0
2023-11-11 13:00:00,9.6,55.0
2023-11-11 14:00:00,3.6,16.0
2023-11-11 15:00:00,3.5,1.0
2023-11-11 16:00:00,7.3,0.0
2023-11-11 17:00:00,8.7,0.0
2023-11-11 18:00:00,8.9,0.0
2023-11-11 19:00:00,7.1,0.0
2023-11-11 20:00:00,6.4,0.0
2023-11-11 21:00:00,5.4,0.0
2023-11-11 22:00:00,5.8,0.0
2023-11-11 23:00:00,5.9,0.0
2023-11-12 00:00:00,6.3,0.0
2023-11-12 01:00:00,8.2,0.0
2023-11-12 02:00:00,8.1,0.0
2023-11-12 03:00:00,7.9,0.0
2023-11-12 04:00:00,9.2,0.0
2023-11-12 05:00:00,9.8,0.0
2023-11-12 06:00:00,10.3,0.0
2023-11-12 07:00:00,12.1,19.0
2023-11-12 08:00:00,13.1,53.0
2023-11-12 09:00:00,14.4,91.0
2023-11-12 10:00:00,16.7,89.0
2023-11-12 11:00:00,20.1,81.0
2023-11-12 12:00:00,20.6,56.0
2023-11-12 13:00:00,19.2,46.0
2023-11-12 14:00:00,18.9,20.0
2023-11-12 15:00:00,18.6,1.0
2023-11-12 16:00:00,18.7,0.0
2023-11-12 17:00:00,17.2,0.0
2023-11-12 18:00:00,17.1,0.0
2023-11-12 19:00:00,17.3,0.0
2023-11-12 20:00:00,19.7,0.0
2023-11-12 21:00:00,19.2,0.0
2023-11-12 22:00:00,17.9,0.0
2023-11-12 23:00:00,18.7,0.0
2023-11-13 00:00:00,19.8,0.0
2023-11-13 01:00:00,18.4,0.0
2023-11-13 02:00:00,19.1,0.0
2023-11-13 03:00:00,19.1,0.0
2023-11-13 04:00:00,19.8,0.0
2023-11-13 05:00:00,20.5,0.0
2023-11-13 06:00:00,20.4,0.0
2023-11-13 07:00:00,22.1,12.0
2023-11-13 08:00:00,21.6,16.0
2023-11-13 09:00:00,20.5,35.0
2023-11-13 10:00:00,19.4,49.0
2023-11-13 11:00:00,19.8,51.0
2023-11-13 12:00:00,20.6,86.0
2023-11-13 13:00:00,21.7,116.0
2023-11-13 14:00:00,21.0,36.0
2023-11-13 15:00:00,19.9,1.0
2023-11-13 16:00:00,18.8,0.0
2023-11-13 17:00:00,19.2,0.0
2023-11-13 18:00:00,18.2,0.0
2023-11-13 19:00:00,17.4,0.0
2023-11-13 20:00:00,16.3,0.0
2023-11-13 21:00:00,15.9,0.0
2023-11-13 22:00:00,15.4,0.0
2023-11-13 23:00:00,13.2,0.0
2023-11-14 00:00:00,10.8,0.0
2023-11-14 01:00:00,13.5,0.0
2023-11-14 02:00:00,13.2,0.0
2023-11-14 03:00:00,10.6,0.0
2023-11-14 04:00:00,11.3,0.0
2023-11-14 05:00:00,9.1,0.0
2023-11-14 06:00:00,11.5,0.0
2023-11-14 07:00:00,8.6,27.0
2023-11-14 08:00:00,8.0,80.0
2023-11-14 09:00:00,9.4,144.0
2023-11-14 10:00:00,11.7,198.0
2023-11-14 11:00:00,10.5,219.0
2023-11-14 12:00:00,10.6,180.0
2023-11-14 13:00:00,7.7,55.0
2023-11-14 14:00:00,6.7,16.0
2023-11-14 15:00:00,7.1,0.0
2023-11-14 16:00:00,8.6,0.0
2023-11-14 17:00:00,9.1,0.0
2023-11-14 18:00:00,10.1,0.0
2023-11-14 19:00:00,10.4,0.0
2023-11-14 20:00:00,10.4,0.0
2023-11-14 21:00:00,11.6,0.0
2023-11-14 22:00:00,12.5,0.0
2023-11-14 23:00:00,12.0,0.0
2023-11-15 00:00:00,12.0,0.0
2023-11-15 01:00:00,12.3,0.0
2023-11-15 02:00:00,12.6,0.0
2023-11-15 03:00:00,12.7,0.0
2023-11-15 04:00:00,14.3,0.0
2023-11-15 05:00:00,15.1,0.0
2023-11-15 06:00:00,16.2,0.0
2023-11-15 07:00:00,16.1,7.0
2023-11-15 08:00:00,15.2,18.0
2023-11-15 09:00:00,16.3,23.0
2023-11-15 10:00:00,15.8,35.0
2023-11-15 11:00:00,16.1,35.0
2023-11-15 12:00:00,15.6,32.0
2023-11-15 13:00:00,15.5,15.0
2023-11-15 14:00:00,17.3,5.0
2023-11-15 15:00:00,18.9,0.0
2023-11-15 16:00:00,18.3,0.0
2023-11-15 17:00:00,17.4,0.0
2023-11-15 18:00:00,14.7,0.0
2023-11-15 19:00:00,13.2,0.0
2023-11-15 20:00:00,12.6,0.0
2023-11-15 21:00:00,12.6,0.0
2023-11-15 22:00:00,11.9,0.0
2023-11-15 23:00:00,11.4,0.0
2023-11-16 00:00:00,11.6,0.0
2023-11-16 01:00:00,12.8,0.0
2023-11-16 02:00:00,10.8,0.0
2023-11-16 03:00:00,10.1,0.0
2023-11-16 04:00:00,10.6,0.0
2023-11-16 05:00:00,11.2,0.0
2023-11-16 06:00:00,9.9,0.0
2023-11-16 07:00:00,10.0,17.0
2023-11-16 08:00:00,10.5,57.0
2023-11-16 09:00:00,10.0,83.0
2023-11-16 10:00:00,9.4,102.0
2023-11-16 11:00:00,9.2,127.0
2023-11-16 12:00:00,9.7,86.0
2023-11-16 13:00:00,9.3,35.0
2023-11-16 14:00:00,7.7,17.0
2023-11-16 15:00:00,7.6,0.0
2023-11-16 16:00:00,5.8,0.0
2023-11-16 17:00:00,6.9,0.0
2023-11-16 18:00:00,8.8,0.0
2023-11-16 19:00:00,9.5,0.0
2023-11-16 20:00:00,9.7,0.0
2023-11-16 21:00:00,8.4,0.0
2023-11-16 22:00:00,6.6,0.0
2023-11-16 23:00:00,5.4,0.0
2023-11-17 00:00:00,6.8,0.0
2023-11-17 01:00:00,5.8,0.0
2023-11-17 02:00:00,8.3,0.0
2023-11-17 03:00:00,9.3,0.0
2023-11-17 04:00:00,9.5,0.0
2023-11-17 05:00:00,9.4,0.0
2023-11-17 06:00:00,10.1,0.0
2023-11-17 07:00:00,11.7,11.0
2023-11-17 08:00:00,11.2,44.0
2023-11-17 09:00:00,11.6,50.0
2023-11-17 10:00:00,13.3,63.0
2023-11-17 11:00:00,15.3,105.0
2023-11-17 12:00:00,14.9,103.0
2023-11-17 13:00:00,11.7,33.0
2023-11-17 14:00:00,12.3,13.0
2023-11-17 15:00:00,13.5,0.0
2023-11-17 16:00:00,13.6,0.0
2023-11-17 17:00:00,13.9,0.0
2023-11-17 18:00:00,13.6,0.0
2023-11-17 19:00:00,12.2,0.0
2023-11-17 20:00:00,11.7,0.0
2023-11-17 21:00:00,11.3,0.0
2023-11-17 22:00:00,10.5,0.0
2023-11-17 23:00:00,9.0,0.0
2023-11-18 00:00:00,7.9,0.0
2023-11-18 01:00:00,8.0,0.0
2023-11-18 02:00:00,7.6,0.0
2023-11-18 03:00:00,9.2,0.0
2023-11-18 04:00:00,9.8,0.0
2023-11-18 05:00:00,9.7,0.0
2023-11-18 06:00:00,9.7,0.0
2023-11-18 07:00:00,9.2,21.0
2023-11-18 08:00:00,8.4,63.0
2023-11-18 09:00:00,7.2,110.0
2023-11-18 10:00:00,6.8,129.0
2023-11-18 11:00:00,6.6,113.0
2023-11-18 12:00:00,5.8,89.0
2023-11-18 13:00:00,4.9,21.0
2023-11-18 14:00:00,4.8,8.0
2023-11-18 15:00:00,3.3,0.0
2023-11-18 16:00:00,2.3,0.0
2023-11-18 17:00:00,2.0,0.0
2023-11-18 18:00:00,1.1,0.0
2023-11-18 19:00:00,1.3,0.0
2023-11-18 20:00:00,1.8,0.0
2023-11-18 21:00:00,3.3,0.0
2023-11-18 22:00:00,4.0,0.0
2023-11-18 23:00:00,3.0,0.0
2023-11-19 00:00:00,3.4,0.0
2023-11-19 01:00:00,5.4,0.0
2023-11-19 02:00:00,6.2,0.0
2023-11-19 03:00:00,3.3,0.0
2023-11-19 04:00:00,3.3,0.0
2023-11-19 05:00:00,5.2,0.0
2023-11-19 06:00:00,2.9,0.0
2023-11-19 07:00:00,4.0,20.0
2023-11-19 08:00:00,6.1,65.0
2023-11-19 09:00:00,7.7,120.0
2023-11-19 10:00:00,6.7,198.0
2023-11-19 11:00:00,8.0,233.0
2023-11-19 12:00:00,10.0,172.0
2023-11-19 13:00:00,8.6,98.0
2023-11-19 14:00:00,6.1,27.0
2023-11-19 15:00:00,7.3,0.0
2023-11-19 16:00:00,10.2,0.0
2023-11-19 17:00:00,11.2,0.0
2023-11-19 18:00:00,12.0,0.0
2023-11-19 19:00:00,12.9,0.0
2023-11-19 20:00:00,12.7,0.0
2023-11-19 21:00:00,13.4,0.0
2023-11-19 22:00:00,13.6,0.0
2023-11-19 23:00:00,13.9,0.0
2023-11-20 00:00:00,13.5,0.0
2023-11-20 01:00:00,11.7,0.0
2023-11-20 02:00:00,11.4,0.0
2023-11-20 03:00:00,12.5,0.0
2023-11-20 04:00:00,12.3,0.0
2023-11-20 05:00:00,12.8,0.0
2023-11-20 06:00:00,12.4,0.0
2023-11-20 07:00:00,12.9,21.0
2023-11-20 08:00:00,13.0,92.0
2023-11-20 09:00:00,11.7,180.0
2023-11-20 10:00:00,10.3,242.0
2023-11-20 11:00:00,9.9,245.0
2023-11-20 12:00:00,11.2,205.0
2023-11-20 13:00:00,10.5,121.0
2023-11-20 14:00:00,9.8,38.0
2023-11-20 15:00:00,9.8,0.0
2023-11-20 16:00:00,11.3,0.0
2023-11-20 17:00:00,11.9,0.0
2023-11-20 18:00:00,11.2,0.0
2023-11-20 19:00:00,10.5,0.0
2023-11-20 20:00:00,10.5,0.0
2023-11-20 21:00:00,10.2,0.0
2023-11-20 22:00:00,9.8,0.0
2023-11-20 23:00:00,9.4,0.0
2023-11-21 00:00:00,9.2,0.0
2023-11-21 01:00:00,9.4,0.0
2023-11-21 02:00:00,9.6,0.0
2023-11-21 03:00:00,9.4,0.0
2023-11-21 04:00:00,9.4,0.0
2023-11-21 05:00:00,8.8,0.0
2023-11-21 06:00:00,8.4,0.0
2023-11-21 07:00:00,9.4,27.0
2023-11-21 08:00:00,7.7,109.0
2023-11-21 09:00:00,8.6,170.0
2023-11-21 10:00:00,9.7,227.0
2023-11-21 11:00:00,10.3,235.0
2023-11-21 12:00:00,11.7,176.0
2023-11-21 13:00:00,12.6,60.0
2023-11-21 14:00:00,12.5,14.0
2023-11-21 15:00:00,10.5,0.0
2023-11-21 16:00:00,10.2,0.0
2023-11-21 17:00:00,10.4,0.0
2023-11-21 18:00:00,10.5,0.0
2023-11-21 19:00:00,7.9,0.0
2023-11-21 20:00:00,7.2,0.0
2023-11-21 21:00:00,8.3,0.0
2023-11-21 22:00:00,8.7,0.0
2023-11-21 23:00:00,8.3,0.0
2023-11-22 00:00:00,8.2,0.0
2023-11-22 01:00:00,8.6,0.0
2023-11-22 02:00:00,8.5,0.0
2023-11-22 03:00:00,9.8,0.0
2023-11-22 04:00:00,11.4,0.0
2023-11-22 05:00:00,11.3,0.0
2023-11-22 06:00:00,11.4,0.0
2023-11-22 07:00:00,11.2,13.0
2023-11-22 08:00:00,10.0,69.0
2023-11-22 09:00:00,7.4,142.0
2023-11-22 10:00:00,5.9,209.0
2023-11-22 11:00:00,3.6,231.0
2023-11-22 12:00:00,2.0,203.0
2023-11-22 13:00:00,3.1,95.0
2023-11-22 14:00:00,2.6,27.0
2023-11-22 15:00:00,1.0,0.0
2023-11-22 16:00:00,4.7,0.0
2023-11-22 17:00:00,7.8,0.0
2023-11-22 18:00:00,8.9,0.0
2023-11-22 19:00:00,11.7,0.0
2023-11-22 20:00:00,13.4,0.0
2023-11-22 21:00:00,13.7,0.0
2023-11-22 22:00:00,17.3,0.0
2023-11-22 23:00:00,20.0,0.0
2023-11-23 00:00:00,20.7,0.0
2023-11-23 01:00:00,23.7,0.0
2023-11-23 02:00:00,27.2,0.0
2023-11-23 03:00:00,30.3,0.0
2023-11-23 04:00:00,32.8,0.0
2023-11-23 05:00:00,33.7,0.0
2023-11-23 06:00:00,32.1,0.0
2023-11-23 07:00:00,30.3,2.0
2023-11-23 08:00:00,29.1,7.0
2023-11-23 09:00:00,28.3,16.0
2023-11-23 10:00:00,29.8,17.0
2023-11-23 11:00:00,32.0,27.0
2023-11-23 12:00:00,32.2,25.0
2023-11-23 13:00:00,31.6,19.0
2023-11-23 14:00:00,32.6,7.0
2023-11-23 15:00:00,30.2,0.0
2023-11-23 16:00:00,26.0,0.0
2023-11-23 17:00:00,30.4,0.0
2023-11-23 18:00:00,30.0,0.0
2023-11-23 19:00:00,28.2,0.0
2023-11-23 20:00:00,26.3,0.0
2023-11-23 21:00:00,27.9,0.0
2023-11-23 22:00:00,26.9,0.0
2023-11-23 23:00:00,25.9,0.0
2023-11-24 00:00:00,25.2,0.0
2023-11-24 01:00:00,22.8,0.0
2023-11-24 02:00:00,23.1,0.0
2023-11-24 03:00:00,23.1,0.0
2023-11-24 04:00:00,23.4,0.0
2023-11-24 05:00:00,21.3,0.0
2023-11-24 06:00:00,21.2,0.0
2023-11-24 07:00:00,20.9,19.0
2023-11-24 08:00:00,22.5,101.0
2023-11-24 09:00:00,22.4,164.0
2023-11-24 10:00:00,23.1,198.0
2023-11-24 11:00:00,22.3,175.0
2023-11-24 12:00:00,21.4,163.0
2023-11-24 13:00:00,21.4,89.0
2023-11-24 14:00:00,21.2,11.0
2023-11-24 15:00:00,18.2,0.0
2023-11-24 16:00:00,17.7,0.0
2023-11-24 17:00:00,18.2,0.0
2023-11-24 18:00:00,17.0,0.0
2023-11-24 19:00:00,16.4,0.0
2023-11-24 20:00:00,15.5,0.0
2023-11-24 21:00:00,14.2,0.0
2023-11-24 22:00:00,13.0,0.0
2023-11-24 23:00:00,11.7,0.0
2023-11-25 00:00:00,10.5,0.0
2023-11-25 01:00:00,10.6,0.0
2023-11-25 02:00:00,10.9,0.0
2023-11-25 03:00:00,11.2,0.0
2023-11-25 04:00:00,11.7,0.0
2023-11-25 05:00:00,10.2,0.0
2023-11-25 06:00:00,8.7,0.0
2023-11-25 07:00:00,11.1,18.0
2023-11-25 08:00:00,10.1,74.0
2023-11-25 09:00:00,10.4,141.0
2023-11-25 10:00:00,11.2,190.0
2023-11-25 11:00:00,11.7,208.0
2023-11-25 12:00:00,11.8,167.0
2023-11-25 13:00:00,11.2,50.0
2023-11-25 14:00:00,9.2,15.0
2023-11-25 15:00:00,9.4,0.0
2023-11-25 16:00:00,8.7,0.0
2023-11-25 17:00:00,8.8,0.0
2023-11-25 18:00:00,5.8,0.0
2023-11-25 19:00:00,5.6,0.0
2023-11-25 20:00:00,6.4,0.0
2023-11-25 21:00:00,9.2,0.0
2023-11-25 22:00:00,12.2,0.0
2023-11-25 23:00:00,13.0,0.0
2023-11-26 00:00:00,11.7,0.0
2023-11-26 01:00:00,11.0,0.0
2023-11-26 02:00:00,11.2,0.0
2023-11-26 03:00:00,12.2,0.0
2023-11-26 04:00:00,13.3,0.0
2023-11-26 05:00:00,13.6,0.0
2023-11-26 06:00:00,14.1,0.0
2023-11-26 07:00:00,15.7,6.0
2023-11-26 08:00:00,16.5,71.0
2023-11-26 09:00:00,16.3,141.0
2023-11-26 10:00:00,15.8,149.0
2023-11-26 11:00:00,15.3,136.0
2023-11-26 12:00:00,14.4,108.0
2023-11-26 13:00:00,13.6,58.0
2023-11-26 14:00:00,11.3,15.0
2023-11-26 15:00:00,11.9,0.0
2023-11-26 16:00:00,11.9,0.0
2023-11-26 17:00:00,11.8,0.0
2023-11-26 18:00:00,13.2,0.0
2023-11-26 19:00:00,14.0,0.0
2023-11-26 20:00:00,14.0,0.0
2023-11-26 21:00:00,13.6,0.0
2023-11-26 22:00:00,13.4,0.0
2023-11-26 23:00:00,13.8,0.0
2023-11-27 00:00:00,14.0,0.0
2023-11-27 01:00:00,15.0,0.0
2023-11-27 02:00:00,15.0,0.0
2023-11-27 03:00:00,14.2,0.0
2023-11-27 04:00:00,16.5,0.0
2023-11-27 05:00:00,15.8,0.0
2023-11-27 06:00:00,16.3,0.0
2023-11-27 07:00:00,15.8,7.0
2023-11-27 08:00:00,18.3,44.0
2023-11-27 09:00:00,18.6,102.0
2023-11-27 10:00:00,19.4,112.0
2023-11-27 11:00:00,19.4,108.0
2023-11-27 12:00:00,19.9,101.0
2023-11-27 13:00:00,21.0,44.0
2023-11-27 14:00:00,19.9,9.0
2023-11-27 15:00:00,20.4,0.0
2023-11-27 16:00:00,21.0,0.0
2023-11-27 17:00:00,20.7,0.0
2023-11-27 18:00:00,21.0,0.0
2023-11-27 19:00:00,20.7,0.0
2023-11-27 20:00:00,20.7,0.0
2023-11-27 21:00:00,20.6,0.0
2023-11-27 22:00:00,19.5,0.0
2023-11-27 23:00:00,18.7,0.0
2023-11-28 00:00:00,20.1,0.0
2023-11-28 01:00:00,19.9,0.0
2023-11-28 02:00:00,19.5,0.0
2023-11-28 03:00:00,19.1,0.0
2023-11-28 04:00:00,17.8,0.0
2023-11-28 05:00:00,17.7,0.0
2023-11-28 06:00:00,17.4,0.0
2023-11-28 07:00:00,16.6,9.0
2023-11-28 08:00:00,16.1,70.0
2023-11-28 09:00:00,16.9,153.0
2023-11-28 10:00:00,14.5,191.0
2023-11-28 11:00:00,13.0,214.0
2023-11-28 12:00:00,14.0,183.0
2023-11-28 13:00:00,13.8,111.0
2023-11-28 14:00:00,11.7,28.0
2023-11-28 15:00:00,14.2,0.0
2023-11-28 16:00:00,12.0,0.0
2023-11-28 17:00:00,11.9,0.0
2023-11-28 18:00:00,10.8,0.0
2023-11-28 19:00:00,10.8,0.0
2023-11-28 20:00:00,7.6,0.0
2023-11-28 21:00:00,7.6,0.0
2023-11-28 22:00:00,7.9,0.0
2023-11-28 23:00:00,6.6,0.0
2023-11-29 00:00:00,6.8,0.0
2023-11-29 01:00:00,7.4,0.0
2023-11-29 02:00:00,10.9,0.0
2023-11-29 03:00:00,12.1,0.0
2023-11-29 04:00:00,11.0,0.0
2023-11-29 05:00:00,11.6,0.0
2023-11-29 06:00:00,12.6,0.0
2023-11-29 07:00:00,12.5,6.0
2023-11-29 08:00:00,12.5,37.0
2023-11-29 09:00:00,13.6,56.0
2023-11-29 10:00:00,13.7,54.0
2023-11-29 11:00:00,15.1,52.0
2023-11-29 12:00:00,15.3,47.0
2023-11-29 13:00:00,16.8,35.0
2023-11-29 14:00:00,15.5,8.0
2023-11-29 15:00:00,16.6,0.0
2023-11-29 16:00:00,18.1,0.0
2023-11-29 17:00:00,19.0,0.0
2023-11-29 18:00:00,19.4,0.0
2023-11-29 19:00:00,20.1,0.0
2023-11-29 20:00:00,19.6,0.0
2023-11-29 21:00:00,17.9,0.0
2023-11-29 22:00:00,18.3,0.0
2023-11-29 23:00:00,20.1,0.0
2023-11-30 00:00:00,21.4,0.0
2023-11-30 01:00:00,18.6,0.0
2023-11-30 02:00:00,18.0,0.0
2023-11-30 03:00:00,19.1,0.0
2023-11-30 04:00:00,19.4,0.0
2023-11-30 05:00:00,15.9,0.0
2023-11-30 06:00:00,16.5,0.0
2023-11-30 07:00:00,17.3,9.0
2023-11-30 08:00:00,18.1,59.0
2023-11-30 09:00:00,18.9,97.0
2023-11-30 10:00:00,18.9,127.0
2023-11-30 11:00:00,17.8,146.0
2023-11-30 12:00:00,12.9,144.0
2023-11-30 13:00:00,10.5,57.0
2023-11-30 14:00:00,9.3,11.0
2023-11-30 15:00:00,13.2,0.0
2023-11-30 16:00:00,14.8,0.0
2023-11-30 17:00:00,15.0,0.0
2023-11-30 18:00:00,14.5,0.0
2023-11-30 19:00:00,13.4,0.0
2023-11-30 20:00:00,11.3,0.0
2023-11-30 21:00:00,10.2,0.0
2023-11-30 22:00:00,10.8,0.0
2023-11-30 23:00:00,11.4,0.0
2023-12-01 00:00:00,11.8,0.0
2023-12-01 01:00:00,12.4,0.0
2023-12-01 02:00:00,11.4,0.0
2023-12-01 03:00:00,10.5,0.0
2023-12-01 04:00:00,11.5,0.0
2023-12-01 05:00:00,12.3,0.0
2023-12-01 06:00:00,11.6,0.0
2023-12-01 07:00:00,10.6,10.0
2023-12-01 08:00:00,10.3,78.0
2023-12-01 09:00:00,11.2,150.0
2023-12-01 10:00:00,10.8,204.0
2023-12-01 11:00:00,11.8,215.0
2023-12-01 12:00:00,12.7,174.0
2023-12-01 13:00:00,13.4,93.0
2023-12-01 14:00:00,14.7,17.0
2023-12-01 15:00:00,14.7,0.0
2023-12-01 16:00:00,15.4,0.0
2023-12-01 17:00:00,16.6,0.0
2023-12-01 18:00:00,16.1,0.0
2023-12-01 19:00:00,14.4,0.0
2023-12-01 20:00:00,14.8,0.0
2023-12-01 21:00:00,14.8,0.0
2023-12-01 22:00:00,13.3,0.0
2023-12-01 23:00:00,11.8,0.0
2023-12-02 00:00:00,10.0,0.0
2023-12-02 01:00:00,8.5,0.0
2023-12-02 02:00:00,8.4,0.0
2023-12-02 03:00:00,7.9,0.0
2023-12-02 04:00:00,7.4,0.0
2023-12-02 05:00:00,6.8,0.0
2023-12-02 06:00:00,5.8,0.0
2023-12-02 07:00:00,5.0,4.0
2023-12-02 08:00:00,4.7,36.0
2023-12-02 09:00:00,4.0,70.0
2023-12-02 10:00:00,3.1,113.0
2023-12-02 11:00:00,3.3,134.0
2023-12-02 12:00:00,1.6,121.0
2023-12-02 13:00:00,2.3,59.0
2023-12-02 14:00:00,5.9,15.0
2023-12-02 15:00:00,4.3,0.0
2023-12-02 16:00:00,7.2,0.0
2023-12-02 17:00:00,8.4,0.0
2023-12-02 18:00:00,7.2,0.0
2023-12-02 19:00:00,7.1,0.0
2023-12-02 20:00:00,9.0,0.0
2023-12-02 21:00:00,10.4,0.0
2023-12-02 22:00:00,9.7,0.0
2023-12-02 23:00:00,10.5,0.0
2023-12-03 00:00:00,11.3,0.0
2023-12-03 01:00:00,11.8,0.0
2023-12-03 02:00:00,11.0,0.0
2023-12-03 03:00:00,12.7,0.0
2023-12-03 04:00:00,12.3,0.0
2023-12-03 05:00:00,10.5,0.0
2023-12-03 06:00:00,10.6,0.0
2023-12-03 07:00:00,8.9,5.0
2023-12-03 08:00:00,8.2,37.0
2023-12-03 09:00:00,7.4,79.0
2023-12-03 10:00:00,7.2,94.0
2023-12-03 11:00:00,10.0,110.0
2023-12-03 12:00:00,10.8,108.0
2023-12-03 13:00:00,9.5,61.0
2023-12-03 14:00:00,7.1,14.0
2023-12-03 15:00:00,6.4,0.0
2023-12-03 16:00:00,6.4,0.0
2023-12-03 17:00:00,7.2,0.0
2023-12-03 18:00:00,6.0,0.0
2023-12-03 19:00:00,7.6,0.0
2023-12-03 20:00:00,7.9,0.0
2023-12-03 21:00:00,9.8,0.0
2023-12-03 22:00:00,11.9,0.0
2023-12-03 23:00:00,13.1,0.0
2023-12-04 00:00:00,14.3,0.0
2023-12-04 01:00:00,14.0,0.0
2023-12-04 02:00:00,13.7,0.0
2023-12-04 03:00:00,14.5,0.0
2023-12-04 04:00:00,14.7,0.0
2023-12-04 05:00:00,14.8,0.0
2023-12-04 06:00:00,14.6,0.0
2023-12-04 07:00:00,14.3,2.0
2023-12-04 08:00:00,15.2,23.0
2023-12-04 09:00:00,15.1,60.0
2023-12-04 10:00:00,16.7,106.0
2023-12-04 11:00:00,15.2,118.0
2023-12-04 12:00:00,14.4,82.0
2023-12-04 13:00:00,11.7,24.0
2023-12-04 14:00:00,12.8,5.0
2023-12-04 15:00:00,14.8,0.0
2023-12-04 16:00:00,16.3,0.0
2023-12-04 17:00:00,15.9,0.0
2023-12-04 18:00:00,16.6,0.0
2023-12-04 19:00:00,15.6,0.0
2023-12-04 20:00:00,14.6,0.0
2023-12-04 21:00:00,13.3,0.0
2023-12-04 22:00:00,12.3,0.0
2023-12-04 23:00:00,10.9,0.0
2023-12-05 00:00:00,8.3,0.0
2023-12-05 01:00:00,8.4,0.0
2023-12-05 02:00:00,6.7,0.0
2023-12-05 03:00:00,5.8,0.0
2023-12-05 04:00:00,5.5,0.0
2023-12-05 05:00:00,5.2,0.0
2023-12-05 06:00:00,6.7,0.0
2023-12-05 07:00:00,4.6,5.0
2023-12-05 08:00:00,4.5,56.0
2023-12-05 09:00:00,4.4,100.0
2023-12-05 10:00:00,3.6,113.0
2023-12-05 11:00:00,2.2,116.0
2023-12-05 12:00:00,1.6,84.0
2023-12-05 13:00:00,8.4,29.0
2023-12-05 14:00:00,8.3,6.0
2023-12-05 15:00:00,8.4,0.0
2023-12-05 16:00:00,8.0,0.0
2023-12-05 17:00:00,8.4,0.0
2023-12-05 18:00:00,10.0,0.0
2023-12-05 19:00:00,8.4,0.0
2023-12-05 20:00:00,7.7,0.0
2023-12-05 21:00:00,8.4,0.0
2023-12-05 22:00:00,7.4,0.0
2023-12-05 23:00:00,7.9,0.0
2023-12-06 00:00:00,7.8,0.0
2023-12-06 01:00:00,8.0,0.0
2023-12-06 02:00:00,8.3,0.0
2023-12-06 03:00:00,9.0,0.0
2023-12-06 04:00:00,9.3,0.0
2023-12-06 05:00:00,11.0,0.0
2023-12-06 06:00:00,12.5,0.0
2023-12-06 07:00:00,13.3,4.0
2023-12-06 08:00:00,14.7,45.0
2023-12-06 09:00:00,13.0,85.0
2023-12-06 10:00:00,14.4,106.0
2023-12-06 11:00:00,14.1,140.0
2023-12-06 12:00:00,15.9,132.0
2023-12-06 13:00:00,12.4,54.0
2023-12-06 14:00:00,13.0,10.0
2023-12-06 15:00:00,12.7,0.0
2023-12-06 16:00:00,12.3,0.0
2023-12-06 17:00:00,12.3,0.0
2023-12-06 18:00:00,12.6,0.0
2023-12-06 19:00:00,12.9,0.0
2023-12-06 20:00:00,13.8,0.0
2023-12-06 21:00:00,14.6,0.0
2023-12-06 22:00:00,14.8,0.0
2023-12-06 23:00:00,15.2,0.0
2023-12-07 00:00:00,15.1,0.0
2023-12-07 01:00:00,15.0,0.0
2023-12-07 02:00:00,15.8,0.0
2023-12-07 03:00:00,16.9,0.0
2023-12-07 04:00:00,17.6,0.0
2023-12-07 05:00:00,17.6,0.0
2023-12-07 06:00:00,18.0,0.0
2023-12-07 07:00:00,17.4,4.0
2023-12-07 08:00:00,18.2,41.0
2023-12-07 09:00:00,16.5,76.0
2023-12-07 10:00:00,16.4,97.0
2023-12-07 11:00:00,17.3,105.0
2023-12-07 12:00:00,17.6,90.0
2023-12-07 13:00:00,16.4,44.0
2023-12-07 14:00:00,15.2,10.0
2023-12-07 15:00:00,15.3,0.0
2023-12-07 16:00:00,15.4,0.0
2023-12-07 17:00:00,14.7,0.0
2023-12-07 18:00:00,14.5,0.0
2023-12-07 19:00:00,14.2,0.0
2023-12-07 20:00:00,13.5,0.0
2023-12-07 21:00:00,14.3,0.0
2023-12-07 22:00:00,14.7,0.0
2023-12-07 23:00:00,16.6,0.0
2023-12-08 00:00:00,14.2,0.0
2023-12-08 01:00:00,11.2,0.0
2023-12-08 02:00:00,9.5,0.0
2023-12-08 03:00:00,9.8,0.0
2023-12-08 04:00:00,10.3,0.0
2023-12-08 05:00:00,10.1,0.0
2023-12-08 06:00:00,9.4,0.0
2023-12-08 07:00:00,8.4,3.0
2023-12-08 08:00:00,9.3,29.0
2023-12-08 09:00:00,9.2,58.0
2023-12-08 10:00:00,7.7,90.0
2023-12-08 11:00:00,7.6,84.0
2023-12-08 12:00:00,8.9,66.0
2023-12-08 13:00:00,6.6,41.0
2023-12-08 14:00:00,7.4,8.0
2023-12-08 15:00:00,7.3,0.0
2023-12-08 16:00:00,7.5,0.0
2023-12-08 17:00:00,7.6,0.0
2023-12-08 18:00:00,7.6,0.0
2023-12-08 19:00:00,5.7,0.0
2023-12-08 20:00:00,6.1,0.0
2023-12-08 21:00:00,5.4,0.0
2023-12-08 22:00:00,5.9,0.0
2023-12-08 23:00:00,6.1,0.0
2023-12-09 00:00:00,5.4,0.0
2023-12-09 01:00:00,6.6,0.0
2023-12-09 02:00:00,7.0,0.0
2023-12-09 03:00:00,8.2,0.0
2023-12-09 04:00:00,10.1,0.0
2023-12-09 05:00:00,8.5,0.0
2023-12-09 06:00:00,10.0,0.0
2023-12-09 07:00:00,12.6,2.0
2023-12-09 08:00:00,13.0,28.0
2023-12-09 09:00:00,11.4,59.0
2023-12-09 10:00:00,12.8,86.0
2023-12-09 11:00:00,12.1,75.0
2023-12-09 12:00:00,13.8,50.0
2023-12-09 13:00:00,12.3,27.0
2023-12-09 14:00:00,13.1,6.0
2023-12-09 15:00:00,14.0,0.0
2023-12-09 16:00:00,14.3,0.0
2023-12-09 17:00:00,13.2,0.0
2023-12-09 18:00:00,15.7,0.0
2023-12-09 19:00:00,17.3,0.0
2023-12-09 20:00:00,16.2,0.0
2023-12-09 21:00:00,15.5,0.0
2023-12-09 22:00:00,16.5,0.0
2023-12-09 23:00:00,17.0,0.0
2023-12-10 00:00:00,17.3,0.0
2023-12-10 01:00:00,16.5,0.0
2023-12-10 02:00:00,16.0,0.0
2023-12-10 03:00:00,15.8,0.0
2023-12-10 04:00:00,15.6,0.0
2023-12-10 05:00:00,14.8,0.0
2023-12-10 06:00:00,15.3,0.0
2023-12-10 07:00:00,16.1,1.0
2023-12-10 08:00:00,16.3,18.0
2023-12-10 09:00:00,15.2,44.0
2023-12-10 10:00:00,15.0,78.0
2023-12-10 11:00:00,14.7,68.0
2023-12-10 12:00:00,13.2,41.0
2023-12-10 13:00:00,12.9,26.0
2023-12-10 14:00:00,13.8,8.0
2023-12-10 15:00:00,12.4,0.0
2023-12-10 16:00:00,13.7,0.0
2023-12-10 17:00:00,15.3,0.0
2023-12-10 18:00:00,15.4,0.0
2023-12-10 19:00:00,15.0,0.0
2023-12-10 20:00:00,14.9,0.0
2023-12-10 21:00:00,15.8,0.0
2023-12-10 22:00:00,16.9,0.0
2023-12-10 23:00:00,17.6,0.0
2023-12-11 00:00:00,17.9,0.0
2023-12-11 01:00:00,18.0,0.0
2023-12-11 02:00:00,18.7,0.0
2023-12-11 03:00:00,19.0,0.0
2023-12-11 04:00:00,18.8,0.0
2023-12-11 05:00:00,19.1,0.0
2023-12-11 06:00:00,19.6,0.0
2023-12-11 07:00:00,20.2,1.0
2023-12-11 08:00:00,20.3,23.0
2023-12-11 09:00:00,20.3,40.0
2023-12-11 10:00:00,19.6,46.0
2023-12-11 11:00:00,18.8,53.0
2023-12-11 12:00:00,18.6,57.0
2023-12-11 13:00:00,17.8,28.0
2023-12-11 14:00:00,19.2,7.0
2023-12-11 15:00:00,20.3,0.0
2023-12-11 16:00:00,21.1,0.0
2023-12-11 17:00:00,20.5,0.0
2023-12-11 18:00:00,20.1,0.0
2023-12-11 19:00:00,20.1,0.0
2023-12-11 20:00:00,20.6,0.0
2023-12-11 21:00:00,19.8,0.0
2023-12-11 22:00:00,18.4,0.0
2023-12-11 23:00:00,18.1,0.0
2023-12-12 00:00:00,18.4,0.0
2023-12-12 01:00:00,17.7,0.0
2023-12-12 02:00:00,17.6,0.0
2023-12-12 03:00:00,17.0,0.0
2023-12-12 04:00:00,15.2,0.0
2023-12-12 05:00:00,13.7,0.0
2023-12-12 06:00:00,12.6,0.0
2023-12-12 07:00:00,11.6,1.0
2023-12-12 08:00:00,10.7,14.0
2023-12-12 09:00:00,10.2,33.0
2023-12-12 10:00:00,10.1,44.0
2023-12-12 11:00:00,11.2,51.0
2023-12-12 12:00:00,12.8,50.0
2023-12-12 13:00:00,10.4,26.0
2023-12-12 14:00:00,9.8,6.0
2023-12-12 15:00:00,9.5,0.0
2023-12-12 16:00:00,10.3,0.0
2023-12-12 17:00:00,10.6,0.0
2023-12-12 18:00:00,9.2,0.0
2023-12-12 19:00:00,7.9,0.0
2023-12-12 20:00:00,8.6,0.0
2023-12-12 21:00:00,9.2,0.0
2023-12-12 22:00:00,8.9,0.0
2023-12-12 23:00:00,8.1,0.0
2023-12-13 00:00:00,7.3,0.0
2023-12-13 01:00:00,9.1,0.0
2023-12-13 02:00:00,9.7,0.0
2023-12-13 03:00:00,8.9,0.0
2023-12-13 04:00:00,8.0,0.0
2023-12-13 05:00:00,7.4,0.0
2023-12-13 06:00:00,8.0,0.0
2023-12-13 07:00:00,8.4,1.0
2023-12-13 08:00:00,6.5,18.0
2023-12-13 09:00:00,5.1,40.0
2023-12-13 10:00:00,4.3,58.0
2023-12-13 11:00:00,2.3,73.0
2023-12-13 12:00:00,2.2,75.0
2023-12-13 13:00:00,3.4,37.0
2023-12-13 14:00:00,4.7,9.0
2023-12-13 15:00:00,6.2,0.0
2023-12-13 16:00:00,5.4,0.0
2023-12-13 17:00:00,6.8,0.0
2023-12-13 18:00:00,7.6,0.0
2023-12-13 19:00:00,8.4,0.0
2023-12-13 20:00:00,8.8,0.0
2023-12-13 21:00:00,9.0,0.0
2023-12-13 22:00:00,9.3,0.0
2023-12-13 23:00:00,9.5,0.0
2023-12-14 00:00:00,8.7,0.0
2023-12-14 01:00:00,8.3,0.0
2023-12-14 02:00:00,9.0,0.0
2023-12-14 03:00:00,9.1,0.0
2023-12-14 04:00:00,8.8,0.0
2023-12-14 05:00:00,7.6,0.0
2023-12-14 06:00:00,8.0,0.0
2023-12-14 07:00:00,8.4,1.0
2023-12-14 08:00:00,7.3,25.0
2023-12-14 09:00:00,5.5,61.0
2023-12-14 10:00:00,7.2,60.0
2023-12-14 11:00:00,8.9,78.0
2023-12-14 12:00:00,8.7,61.0
2023-12-14 13:00:00,10.6,56.0
2023-12-14 14:00:00,11.6,11.0
2023-12-14 15:00:00,12.1,0.0
2023-12-14 16:00:00,11.2,0.0
2023-12-14 17:00:00,10.1,0.0
2023-12-14 18:00:00,11.7,0.0
2023-12-14 19:00:00,14.3,0.0
2023-12-14 20:00:00,13.9,0.0
2023-12-14 21:00:00,13.8,0.0
2023-12-14 22:00:00,13.1,0.0
2023-12-14 23:00:00,14.5,0.0
2023-12-15 00:00:00,13.6,0.0
2023-12-15 01:00:00,12.3,0.0
2023-12-15 02:00:00,13.4,0.0
2023-12-15 03:00:00,13.9,0.0
2023-12-15 04:00:00,14.6,0.0
2023-12-15 05:00:00,15.5,0.0
2023-12-15 06:00:00,15.6,0.0
2023-12-15 07:00:00,14.7,1.0
2023-12-15 08:00:00,13.7,29.0
2023-12-15 09:00:00,13.9,100.0
2023-12-15 10:00:00,14.1,149.0
2023-12-15 11:00:00,12.8,166.0
2023-12-15 12:00:00,12.2,124.0
2023-12-15 13:00:00,12.0,77.0
2023-12-15 14:00:00,12.5,18.0
2023-12-15 15:00:00,13.4,0.0
2023-12-15 16:00:00,11.1,0.0
2023-12-15 17:00:00,10.1,0.0
2023-12-15 18:00:00,8.8,0.0
2023-12-15 19:00:00,9.3,0.0
2023-12-15 20:00:00,9.1,0.0
2023-12-15 21:00:00,8.2,0.0
2023-12-15 22:00:00,8.6,0.0
2023-12-15 23:00:00,10.2,0.0
2023-12-16 00:00:00,11.3,0.0
2023-12-16 01:00:00,13.7,0.0
2023-12-16 02:00:00,14.8,0.0
2023-12-16 03:00:00,15.9,0.0
2023-12-16 04:00:00,16.6,0.0
2023-12-16 05:00:00,13.8,0.0
2023-12-16 06:00:00,16.7,0.0
2023-12-16 07:00:00,15.9,1.0
2023-12-16 08:00:00,15.0,16.0
2023-12-16 09:00:00,17.1,34.0
2023-12-16 10:00:00,17.3,39.0
2023-12-16 11:00:00,17.3,45.0
2023-12-16 12:00:00,15.2,48.0
2023-12-16 13:00:00,14.2,22.0
2023-12-16 14:00:00,13.4,4.0
2023-12-16 15:00:00,13.2,0.0
2023-12-16 16:00:00,13.1,0.0
2023-12-16 17:00:00,15.1,0.0
2023-12-16 18:00:00,16.8,0.0
2023-12-16 19:00:00,18.9,0.0
2023-12-16 20:00:00,20.3,0.0
2023-12-16 21:00:00,21.4,0.0
2023-12-16 22:00:00,23.0,0.0
2023-12-16 23:00:00,24.3,0.0
2023-12-17 00:00:00,24.5,0.0
2023-12-17 01:00:00,25.3,0.0
2023-12-17 02:00:00,24.8,0.0
2023-12-17 03:00:00,26.5,0.0
2023-12-17 04:00:00,26.6,0.0
2023-12-17 05:00:00,24.9,0.0
2023-12-17 06:00:00,23.4,0.0
2023-12-17 07:00:00,21.7,0.0
2023-12-17 08:00:00,19.9,18.0
2023-12-17 09:00:00,18.2,24.0
2023-12-17 10:00:00,17.7,44.0
2023-12-17 11:00:00,17.3,46.0
2023-12-17 12:00:00,18.0,39.0
2023-12-17 13:00:00,16.1,16.0
2023-12-17 14:00:00,16.4,3.0
2023-12-17 15:00:00,17.8,0.0
2023-12-17 16:00:00,18.9,0.0
2023-12-17 17:00:00,20.6,0.0
2023-12-17 18:00:00,21.9,0.0
2023-12-17 19:00:00,24.0,0.0
2023-12-17 20:00:00,25.2,0.0
2023-12-17 21:00:00,25.3,0.0
2023-12-17 22:00:00,24.8,0.0
2023-12-17 23:00:00,24.1,0.0
2023-12-18 00:00:00,24.1,0.0
2023-12-18 01:00:00,21.6,0.0
2023-12-18 02:00:00,20.9,0.0
2023-12-18 03:00:00,20.2,0.0
2023-12-18 04:00:00,19.1,0.0
2023-12-18 05:00:00,18.0,0.0
2023-12-18 06:00:00,17.3,0.0
2023-12-18 07:00:00,17.0,0.0
2023-12-18 08:00:00,16.7,7.0
2023-12-18 09:00:00,16.1,17.0
2023-12-18 10:00:00,17.1,19.0
2023-12-18 11:00:00,18.0,47.0
2023-12-18 12:00:00,16.9,34.0
2023-12-18 13:00:00,15.6,16.0
2023-12-18 14:00:00,14.5,3.0
2023-12-18 15:00:00,14.6,0.0
2023-12-18 16:00:00,14.4,0.0
2023-12-18 17:00:00,14.9,0.0
2023-12-18 18:00:00,14.7,0.0
2023-12-18 19:00:00,14.4,0.0
2023-12-18 20:00:00,15.6,0.0
2023-12-18 21:00:00,15.3,0.0
2023-12-18 22:00:00,16.1,0.0
2023-12-18 23:00:00,17.1,0.0
2023-12-19 00:00:00,18.4,0.0
2023-12-19 01:00:00,18.6,0.0
2023-12-19 02:00:00,20.2,0.0
2023-12-19 03:00:00,20.8,0.0
2023-12-19 04:00:00,22.5,0.0
2023-12-19 05:00:00,23.3,0.0
2023-12-19 06:00:00,23.7,0.0
2023-12-19 07:00:00,24.8,0.0
2023-12-19 08:00:00,24.8,6.0
2023-12-19 09:00:00,25.8,13.0
2023-12-19 10:00:00,25.6,24.0
2023-12-19 11:00:00,25.8,20.0
2023-12-19 12:00:00,24.3,23.0
2023-12-19 13:00:00,22.4,13.0
2023-12-19 14:00:00,20.0,4.0
2023-12-19 15:00:00,19.9,0.0
2023-12-19 16:00:00,18.8,0.0
2023-12-19 17:00:00,18.4,0.0
2023-12-19 18:00:00,18.5,0.0
2023-12-19 19:00:00,14.6,0.0
2023-12-19 20:00:00,15.9,0.0
2023-12-19 21:00:00,17.6,0.0
2023-12-19 22:00:00,20.2,0.0
2023-12-19 23:00:00,19.3,0.0
2023-12-20 00:00:00,18.6,0.0
2023-12-20 01:00:00,19.0,0.0
2023-12-20 02:00:00,18.7,0.0
2023-12-20 03:00:00,18.5,0.0
2023-12-20 04:00:00,15.5,0.0
2023-12-20 05:00:00,13.8,0.0
2023-12-20 06:00:00,11.9,0.0
2023-12-20 07:00:00,9.4,1.0
2023-12-20 08:00:00,10.4,25.0
2023-12-20 09:00:00,10.9,80.0
2023-12-20 10:00:00,12.0,96.0
2023-12-20 11:00:00,12.1,93.0
2023-12-20 12:00:00,10.8,58.0
2023-12-20 13:00:00,8.7,43.0
2023-12-20 14:00:00,9.4,12.0
2023-12-20 15:00:00,9.7,0.0
2023-12-20 16:00:00,11.5,0.0
2023-12-20 17:00:00,13.4,0.0
2023-12-20 18:00:00,14.5,0.0
2023-12-20 19:00:00,15.8,0.0
2023-12-20 20:00:00,17.8,0.0
2023-12-20 21:00:00,20.1,0.0
2023-12-20 22:00:00,19.1,0.0
2023-12-20 23:00:00,20.9,0.0
2023-12-21 00:00:00,22.7,0.0
2023-12-21 01:00:00,24.2,0.0
2023-12-21 02:00:00,22.9,0.0
2023-12-21 03:00:00,21.7,0.0
2023-12-21 04:00:00,20.8,0.0
2023-12-21 05:00:00,19.5,0.0
2023-12-21 06:00:00,19.8,0.0
2023-12-21 07:00:00,19.5,0.0
2023-12-21 08:00:00,18.6,13.0
2023-12-21 09:00:00,19.1,44.0
2023-12-21 10:00:00,21.6,68.0
2023-12-21 11:00:00,22.4,72.0
2023-12-21 12:00:00,18.7,38.0
2023-12-21 13:00:00,18.2,20.0
2023-12-21 14:00:00,20.3,2.0
2023-12-21 15:00:00,21.6,0.0
2023-12-21 16:00:00,20.9,0.0
2023-12-21 17:00:00,22.5,0.0
2023-12-21 18:00:00,25.5,0.0
2023-12-21 19:00:00,26.7,0.0
2023-12-21 20:00:00,27.4,0.0
2023-12-21 21:00:00,26.7,0.0
2023-12-21 22:00:00,27.0,0.0
2023-12-21 23:00:00,25.9,0.0
2023-12-22 00:00:00,24.3,0.0
2023-12-22 01:00:00,23.1,0.0
2023-12-22 02:00:00,20.0,0.0
2023-12-22 03:00:00,17.4,0.0
2023-12-22 04:00:00,20.8,0.0
2023-12-22 05:00:00,20.6,0.0
2023-12-22 06:00:00,21.7,0.0
2023-12-22 07:00:00,23.0,1.0
2023-12-22 08:00:00,24.3,21.0
2023-12-22 09:00:00,25.6,48.0
2023-12-22 10:00:00,25.5,102.0
2023-12-22 11:00:00,24.3,144.0
2023-12-22 12:00:00,24.2,134.0
2023-12-22 13:00:00,20.6,82.0
2023-12-22 14:00:00,20.4,17.0
2023-12-22 15:00:00,21.2,0.0
2023-12-22 16:00:00,20.8,0.0
2023-12-22 17:00:00,21.6,0.0
2023-12-22 18:00:00,21.6,0.0
2023-12-22 19:00:00,21.3,0.0
2023-12-22 20:00:00,19.1,0.0
2023-12-22 21:00:00,15.5,0.0
2023-12-22 22:00:00,12.4,0.0
2023-12-22 23:00:00,13.0,0.0
2023-12-23 00:00:00,15.3,0.0
2023-12-23 01:00:00,23.7,0.0
2023-12-23 02:00:00,21.3,0.0
2023-12-23 03:00:00,20.2,0.0
2023-12-23 04:00:00,20.8,0.0
2023-12-23 05:00:00,21.3,0.0
2023-12-23 06:00:00,22.5,0.0
2023-12-23 07:00:00,20.6,0.0
2023-12-23 08:00:00,21.8,7.0
2023-12-23 09:00:00,21.3,28.0
2023-12-23 10:00:00,20.7,44.0
2023-12-23 11:00:00,22.1,43.0
2023-12-23 12:00:00,24.9,33.0
2023-12-23 13:00:00,29.6,26.0
2023-12-23 14:00:00,27.4,8.0
2023-12-23 15:00:00,28.5,0.0
2023-12-23 16:00:00,25.6,0.0
2023-12-23 17:00:00,24.2,0.0
2023-12-23 18:00:00,20.9,0.0
2023-12-23 19:00:00,21.3,0.0
2023-12-23 20:00:00,20.8,0.0
2023-12-23 21:00:00,21.0,0.0
2023-12-23 22:00:00,22.1,0.0
2023-12-23 23:00:00,23.7,0.0
2023-12-24 00:00:00,22.7,0.0
2023-12-24 01:00:00,19.5,0.0
2023-12-24 02:00:00,16.8,0.0
2023-12-24 03:00:00,17.2,0.0
2023-12-24 04:00:00,20.5,0.0
2023-12-24 05:00:00,17.9,0.0
2023-12-24 06:00:00,16.6,0.0
2023-12-24 07:00:00,17.1,0.0
2023-12-24 08:00:00,17.0,18.0
2023-12-24 09:00:00,18.7,48.0
2023-12-24 10:00:00,16.7,52.0
2023-12-24 11:00:00,16.2,95.0
2023-12-24 12:00:00,16.4,103.0
2023-12-24 13:00:00,14.8,64.0
2023-12-24 14:00:00,14.6,11.0
2023-12-24 15:00:00,15.7,0.0
2023-12-24 16:00:00,13.9,0.0
2023-12-24 17:00:00,13.4,0.0
2023-12-24 18:00:00,14.4,0.0
2023-12-24 19:00:00,15.6,0.0
2023-12-24 20:00:00,16.3,0.0
2023-12-24 21:00:00,18.1,0.0
2023-12-24 22:00:00,19.5,0.0
2023-12-24 23:00:00,22.6,0.0
2023-12-25 00:00:00,26.2,0.0
2023-12-25 01:00:00,29.6,0.0
2023-12-25 02:00:00,25.1,0.0
2023-12-25 03:00:00,21.3,0.0
2023-12-25 04:00:00,21.4,0.0
2023-12-25 05:00:00,26.7,0.0
2023-12-25 06:00:00,24.5,0.0
2023-12-25 07:00:00,24.8,0.0
2023-12-25 08:00:00,23.7,12.0
2023-12-25 09:00:00,25.1,43.0
2023-12-25 10:00:00,26.3,79.0
2023-12-25 11:00:00,31.2,62.0
2023-12-25 12:00:00,28.1,61.0
2023-12-25 13:00:00,28.0,64.0
2023-12-25 14:00:00,29.0,12.0
2023-12-25 15:00:00,26.0,0.0
2023-12-25 16:00:00,30.3,0.0
2023-12-25 17:00:00,32.3,0.0
2023-12-25 18:00:00,32.5,0.0
2023-12-25 19:00:00,30.3,0.0
2023-12-25 20:00:00,29.9,0.0
2023-12-25 21:00:00,31.7,0.0
2023-12-25 22:00:00,29.5,0.0
2023-12-25 23:00:00,28.8,0.0
2023-12-26 00:00:00,27.0,0.0
2023-12-26 01:00:00,27.8,0.0
2023-12-26 02:00:00,25.9,0.0
2023-12-26 03:00:00,22.4,0.0
2023-12-26 04:00:00,19.5,0.0
2023-12-26 05:00:00,19.6,0.0
2023-12-26 06:00:00,18.0,0.0
2023-12-26 07:00:00,17.1,1.0
2023-12-26 08:00:00,17.7,32.0
2023-12-26 09:00:00,16.3,66.0
2023-12-26 10:00:00,14.2,100.0
2023-12-26 11:00:00,13.4,57.0
2023-12-26 12:00:00,13.1,20.0
2023-12-26 13:00:00,16.7,13.0
2023-12-26 14:00:00,21.9,2.0
2023-12-26 15:00:00,23.4,0.0
2023-12-26 16:00:00,17.9,0.0
2023-12-26 17:00:00,22.3,0.0
2023-12-26 18:00:00,21.9,0.0
2023-12-26 19:00:00,26.2,0.0
2023-12-26 20:00:00,26.8,0.0
2023-12-26 21:00:00,29.6,0.0
2023-12-26 22:00:00,27.9,0.0
2023-12-26 23:00:00,22.4,0.0
2023-12-27 00:00:00,18.8,0.0
2023-12-27 01:00:00,15.1,0.0
2023-12-27 02:00:00,19.5,0.0
2023-12-27 03:00:00,20.8,0.0
2023-12-27 04:00:00,22.0,0.0
2023-12-27 05:00:00,20.1,0.0
2023-12-27 06:00:00,19.1,0.0
2023-12-27 07:00:00,17.0,0.0
2023-12-27 08:00:00,18.2,20.0
2023-12-27 09:00:00,19.8,44.0
2023-12-27 10:00:00,21.9,127.0
2023-12-27 11:00:00,20.6,174.0
2023-12-27 12:00:00,24.0,143.0
2023-12-27 13:00:00,23.4,84.0
2023-12-27 14:00:00,22.5,20.0
2023-12-27 15:00:00,20.8,0.0
2023-12-27 16:00:00,20.2,0.0
2023-12-27 17:00:00,20.0,0.0
2023-12-27 18:00:00,20.0,0.0
2023-12-27 19:00:00,18.2,0.0
2023-12-27 20:00:00,17.1,0.0
2023-12-27 21:00:00,17.1,0.0
2023-12-27 22:00:00,17.7,0.0
2023-12-27 23:00:00,16.3,0.0
2023-12-28 00:00:00,13.1,0.0
2023-12-28 01:00:00,7.6,0.0
2023-12-28 02:00:00,8.4,0.0
2023-12-28 03:00:00,10.2,0.0
2023-12-28 04:00:00,9.7,0.0
2023-12-28 05:00:00,11.0,0.0
2023-12-28 06:00:00,12.7,0.0
2023-12-28 07:00:00,14.4,0.0
2023-12-28 08:00:00,16.6,11.0
2023-12-28 09:00:00,17.3,58.0
2023-12-28 10:00:00,17.2,78.0
2023-12-28 11:00:00,18.5,44.0
2023-12-28 12:00:00,21.6,20.0
2023-12-28 13:00:00,20.2,17.0
2023-12-28 14:00:00,17.7,7.0
2023-12-28 15:00:00,15.9,0.0
2023-12-28 16:00:00,14.9,0.0
2023-12-28 17:00:00,14.8,0.0
2023-12-28 18:00:00,15.0,0.0
2023-12-28 19:00:00,18.8,0.0
2023-12-28 20:00:00,20.4,0.0
2023-12-28 21:00:00,21.1,0.0
2023-12-28 22:00:00,22.5,0.0
2023-12-28 23:00:00,21.8,0.0
2023-12-29 00:00:00,21.5,0.0
2023-12-29 01:00:00,19.3,0.0
2023-12-29 02:00:00,18.4,0.0
2023-12-29 03:00:00,19.2,0.0
2023-12-29 04:00:00,19.2,0.0
2023-12-29 05:00:00,18.1,0.0
2023-12-29 06:00:00,17.3,0.0
2023-12-29 07:00:00,18.1,0.0
2023-12-29 08:00:00,19.7,31.0
2023-12-29 09:00:00,21.5,83.0
2023-12-29 10:00:00,22.7,77.0
2023-12-29 11:00:00,22.4,38.0
2023-12-29 12:00:00,21.7,34.0
2023-12-29 13:00:00,22.1,16.0
2023-12-29 14:00:00,24.3,3.0
2023-12-29 15:00:00,23.4,0.0
2023-12-29 16:00:00,23.1,0.0
2023-12-29 17:00:00,23.0,0.0
2023-12-29 18:00:00,23.8,0.0
2023-12-29 19:00:00,22.4,0.0
2023-12-29 20:00:00,21.3,0.0
2023-12-29 21:00:00,19.9,0.0
2023-12-29 22:00:00,20.5,0.0
2023-12-29 23:00:00,18.2,0.0
2023-12-30 00:00:00,16.8,0.0
2023-12-30 01:00:00,17.8,0.0
2023-12-30 02:00:00,17.5,0.0
2023-12-30 03:00:00,17.4,0.0
2023-12-30 04:00:00,16.6,0.0
2023-12-30 05:00:00,16.0,0.0
2023-12-30 06:00:00,15.7,0.0
2023-12-30 07:00:00,18.0,0.0
2023-12-30 08:00:00,18.3,8.0
2023-12-30 09:00:00,16.1,12.0
2023-12-30 10:00:00,14.5,20.0
2023-12-30 11:00:00,15.1,19.0
2023-12-30 12:00:00,15.9,42.0
2023-12-30 13:00:00,20.5,39.0
2023-12-30 14:00:00,16.9,13.0
2023-12-30 15:00:00,23.6,0.0
2023-12-30 16:00:00,23.8,0.0
2023-12-30 17:00:00,22.7,0.0
2023-12-30 18:00:00,22.3,0.0
2023-12-30 19:00:00,23.1,0.0
2023-12-30 20:00:00,22.3,0.0
2023-12-30 21:00:00,20.9,0.0
2023-12-30 22:00:00,19.4,0.0
2023-12-30 23:00:00,19.5,0.0
2023-12-31 00:00:00,18.7,0.0
2023-12-31 01:00:00,22.6,0.0
2023-12-31 02:00:00,22.9,0.0
2023-12-31 03:00:00,21.9,0.0
2023-12-31 04:00:00,21.8,0.0
2023-12-31 05:00:00,21.8,0.0
2023-12-31 06:00:00,18.4,0.0
2023-12-31 07:00:00,19.0,0.0
2023-12-31 08:00:00,19.6,15.0
2023-12-31 09:00:00,17.9,50.0
2023-12-31 10:00:00,17.5,60.0
2023-12-31 11:00:00,15.1,74.0
2023-12-31 12:00:00,14.6,57.0
2023-12-31 13:00:00,13.3,32.0
2023-12-31 14:00:00,9.2,10.0
2023-12-31 15:00:00,6.6,0.0
2023-12-31 16:00:00,5.1,0.0
2023-12-31 17:00:00,4.4,0.0
2023-12-31 18:00:00,4.0,0.0
2023-12-31 19:00:00,1.9,0.0
2023-12-31 20:00:00,1.6,0.0
2023-12-31 21:00:00,3.3,0.0
2023-12-31 22:00:00,5.4,0.0
2023-12-31 23:00:00,8.8,0.0
2024-01-01 00:00:00,10.1,0.0
2024-01-01 01:00:00,9.7,0.0
2024-01-01 02:00:00,11.2,0.0
2024-01-01 03:00:00,12.0,0.0
2024-01-01 04:00:00,12.3,0.0
2024-01-01 05:00:00,14.4,0.0
2024-01-01 06:00:00,14.8,0.0
2024-01-01 07:00:00,15.2,0.0
2024-01-01 08:00:00,16.0,18.0
2024-01-01 09:00:00,16.6,44.0
2024-01-01 10:00:00,16.3,84.0
2024-01-01 11:00:00,17.7,79.0
2024-01-01 12:00:00,17.0,55.0
2024-01-01 13:00:00,16.5,31.0
2024-01-01 14:00:00,19.1,9.0
2024-01-01 15:00:00,19.6,0.0
2024-01-01 16:00:00,18.8,0.0
2024-01-01 17:00:00,19.1,0.0
2024-01-01 18:00:00,19.5,0.0
2024-01-01 19:00:00,19.9,0.0
2024-01-01 20:00:00,19.2,0.0
2024-01-01 21:00:00,19.5,0.0
2024-01-01 22:00:00,19.8,0.0
2024-01-01 23:00:00,18.5,0.0
2024-01-02 00:00:00,19.2,0.0
2024-01-02 01:00:00,18.0,0.0
2024-01-02 02:00:00,17.6,0.0
2024-01-02 03:00:00,16.8,0.0
2024-01-02 04:00:00,17.3,0.0
2024-01-02 05:00:00,17.1,0.0
2024-01-02 06:00:00,16.4,0.0
2024-01-02 07:00:00,14.3,0.0
2024-01-02 08:00:00,13.5,21.0
2024-01-02 09:00:00,12.9,55.0
2024-01-02 10:00:00,13.1,81.0
2024-01-02 11:00:00,14.1,108.0
2024-01-02 12:00:00,14.1,89.0
2024-01-02 13:00:00,13.8,48.0
2024-01-02 14:00:00,14.4,12.0
2024-01-02 15:00:00,15.5,0.0
2024-01-02 16:00:00,16.6,0.0
2024-01-02 17:00:00,15.2,0.0
2024-01-02 18:00:00,16.3,0.0
2024-01-02 19:00:00,16.7,0.0
2024-01-02 20:00:00,16.2,0.0
2024-01-02 21:00:00,16.9,0.0
2024-01-02 22:00:00,16.9,0.0
2024-01-02 23:00:00,16.9,0.0
2024-01-03 00:00:00,17.3,0.0
2024-01-03 01:00:00,17.7,0.0
2024-01-03 02:00:00,18.0,0.0
2024-01-03 03:00:00,19.1,0.0
2024-01-03 04:00:00,19.1,0.0
2024-01-03 05:00:00,19.1,0.0
2024-01-03 06:00:00,19.5,0.0
2024-01-03 07:00:00,19.2,0.0
2024-01-03 08:00:00,20.0,13.0
2024-01-03 09:00:00,20.4,30.0
2024-01-03 10:00:00,20.5,50.0
2024-01-03 11:00:00,20.2,65.0
2024-01-03 12:00:00,20.7,53.0
2024-01-03 13:00:00,18.3,24.0
2024-01-03 14:00:00,18.1,8.0
2024-01-03 15:00:00,18.3,0.0
2024-01-03 16:00:00,18.2,0.0
2024-01-03 17:00:00,19.0,0.0
2024-01-03 18:00:00,19.4,0.0
2024-01-03 19:00:00,18.9,0.0
2024-01-03 20:00:00,19.6,0.0
2024-01-03 21:00:00,18.8,0.0
2024-01-03 22:00:00,17.4,0.0
2024-01-03 23:00:00,18.0,0.0
2024-01-04 00:00:00,18.6,0.0
2024-01-04 01:00:00,15.9,0.0
2024-01-04 02:00:00,15.2,0.0
2024-01-04 03:00:00,15.7,0.0
2024-01-04 04:00:00,15.3,0.0
2024-01-04 05:00:00,15.2,0.0
2024-01-04 06:00:00,16.0,0.0
2024-01-04 07:00:00,15.8,0.0
2024-01-04 08:00:00,16.4,9.0
2024-01-04 09:00:00,16.9,33.0
2024-01-04 10:00:00,16.9,52.0
2024-01-04 11:00:00,15.5,38.0
2024-01-04 12:00:00,16.9,33.0
2024-01-04 13:00:00,15.9,22.0
2024-01-04 14:00:00,14.9,6.0
2024-01-04 15:00:00,14.7,0.0
2024-01-04 16:00:00,14.2,0.0
2024-01-04 17:00:00,14.6,0.0
2024-01-04 18:00:00,14.4,0.0
2024-01-04 19:00:00,14.0,0.0
2024-01-04 20:00:00,12.3,0.0
2024-01-04 21:00:00,8.7,0.0
2024-01-04 22:00:00,9.7,0.0
2024-01-04 23:00:00,7.1,0.0
2024-01-05 00:00:00,4.4,0.0
2024-01-05 01:00:00,6.7,0.0
2024-01-05 02:00:00,11.6,0.0
2024-01-05 03:00:00,14.2,0.0
2024-01-05 04:00:00,17.9,0.0
2024-01-05 05:00:00,17.6,0.0
2024-01-05 06:00:00,13.5,0.0
2024-01-05 07:00:00,11.6,1.0
2024-01-05 08:00:00,12.6,33.0
2024-01-05 09:00:00,10.3,100.0
2024-01-05 10:00:00,11.0,123.0
2024-01-05 11:00:00,14.2,145.0
2024-01-05 12:00:00,15.3,51.0
2024-01-05 13:00:00,19.4,25.0
2024-01-05 14:00:00,24.0,10.0
2024-01-05 15:00:00,25.1,0.0
2024-01-05 16:00:00,23.4,0.0
2024-01-05 17:00:00,20.8,0.0
2024-01-05 18:00:00,19.1,0.0
2024-01-05 19:00:00,20.6,0.0
2024-01-05 20:00:00,19.2,0.0
2024-01-05 21:00:00,17.0,0.0
2024-01-05 22:00:00,15.9,0.0
2024-01-05 23:00:00,14.8,0.0
2024-01-06 00:00:00,14.1,0.0
2024-01-06 01:00:00,12.6,0.0
2024-01-06 02:00:00,10.4,0.0
2024-01-06 03:00:00,7.8,0.0
2024-01-06 04:00:00,6.0,0.0
2024-01-06 05:00:00,4.6,0.0
2024-01-06 06:00:00,3.7,0.0
2024-01-06 07:00:00,5.1,1.0
2024-01-06 08:00:00,5.9,28.0
2024-01-06 09:00:00,4.8,104.0
2024-01-06 10:00:00,5.8,172.0
2024-01-06 11:00:00,4.5,201.0
2024-01-06 12:00:00,6.2,183.0
2024-01-06 13:00:00,7.5,92.0
2024-01-06 14:00:00,9.0,21.0
2024-01-06 15:00:00,10.5,0.0
2024-01-06 16:00:00,9.8,0.0
2024-01-06 17:00:00,9.0,0.0
2024-01-06 18:00:00,12.5,0.0
2024-01-06 19:00:00,13.6,0.0
2024-01-06 20:00:00,11.4,0.0
2024-01-06 21:00:00,9.4,0.0
2024-01-06 22:00:00,9.5,0.0
2024-01-06 23:00:00,10.3,0.0
2024-01-07 00:00:00,9.7,0.0
2024-01-07 01:00:00,11.1,0.0
2024-01-07 02:00:00,11.9,0.0
2024-01-07 03:00:00,12.7,0.0
2024-01-07 04:00:00,13.0,0.0
2024-01-07 05:00:00,13.3,0.0
2024-01-07 06:00:00,12.9,0.0
2024-01-07 07:00:00,12.4,1.0
2024-01-07 08:00:00,13.2,39.0
2024-01-07 09:00:00,13.7,108.0
2024-01-07 10:00:00,13.7,177.0
2024-01-07 11:00:00,13.0,192.0
2024-01-07 12:00:00,13.8,165.0
2024-01-07 13:00:00,13.9,106.0
2024-01-07 14:00:00,15.9,34.0
2024-01-07 15:00:00,15.9,0.0
2024-01-07 16:00:00,15.1,0.0
2024-01-07 17:00:00,13.8,0.0
2024-01-07 18:00:00,15.1,0.0
2024-01-07 19:00:00,14.4,0.0
2024-01-07 20:00:00,12.7,0.0
2024-01-07 21:00:00,14.2,0.0
2024-01-07 22:00:00,15.8,0.0
2024-01-07 23:00:00,14.4,0.0
2024-01-08 00:00:00,14.2,0.0
2024-01-08 01:00:00,16.5,0.0
2024-01-08 02:00:00,15.9,0.0
2024-01-08 03:00:00,14.4,0.0
2024-01-08 04:00:00,14.7,0.0
2024-01-08 05:00:00,13.7,0.0
2024-01-08 06:00:00,12.8,0.0
2024-01-08 07:00:00,11.8,1.0
2024-01-08 08:00:00,9.4,56.0
2024-01-08 09:00:00,7.7,140.0
2024-01-08 10:00:00,5.9,198.0
2024-01-08 11:00:00,3.5,216.0
2024-01-08 12:00:00,3.6,191.0
2024-01-08 13:00:00,3.8,128.0
2024-01-08 14:00:00,5.6,43.0
2024-01-08 15:00:00,9.2,0.0
2024-01-08 16:00:00,9.9,0.0
2024-01-08 17:00:00,9.6,0.0
2024-01-08 18:00:00,6.9,0.0
2024-01-08 19:00:00,7.6,0.0
2024-01-08 20:00:00,9.2,0.0
2024-01-08 21:00:00,11.3,0.0
2024-01-08 22:00:00,11.5,0.0
2024-01-08 23:00:00,12.8,0.0
2024-01-09 00:00:00,13.8,0.0
2024-01-09 01:00:00,15.5,0.0
2024-01-09 02:00:00,15.5,0.0
2024-01-09 03:00:00,15.3,0.0
2024-01-09 04:00:00,14.5,0.0
2024-01-09 05:00:00,13.4,0.0
2024-01-09 06:00:00,13.2,0.0
2024-01-09 07:00:00,12.8,0.0
2024-01-09 08:00:00,11.9,16.0
2024-01-09 09:00:00,10.7,31.0
2024-01-09 10:00:00,12.7,55.0
2024-01-09 11:00:00,14.8,62.0
2024-01-09 12:00:00,14.5,60.0
2024-01-09 13:00:00,16.2,48.0
2024-01-09 14:00:00,16.6,16.0
2024-01-09 15:00:00,16.6,0.0
2024-01-09 16:00:00,17.3,0.0
2024-01-09 17:00:00,18.4,0.0
2024-01-09 18:00:00,19.4,0.0
2024-01-09 19:00:00,19.5,0.0
2024-01-09 20:00:00,19.5,0.0
2024-01-09 21:00:00,20.2,0.0
2024-01-09 22:00:00,20.4,0.0
2024-01-09 23:00:00,20.4,0.0
2024-01-10 00:00:00,21.1,0.0
2024-01-10 01:00:00,20.9,0.0
2024-01-10 02:00:00,19.5,0.0
2024-01-10 03:00:00,18.3,0.0
2024-01-10 04:00:00,18.5,0.0
2024-01-10 05:00:00,18.2,0.0
2024-01-10 06:00:00,16.7,0.0
2024-01-10 07:00:00,16.1,0.0
2024-01-10 08:00:00,15.7,11.0
2024-01-10 09:00:00,16.1,24.0
2024-01-10 10:00:00,15.9,33.0
2024-01-10 11:00:00,15.8,38.0
2024-01-10 12:00:00,16.3,35.0
2024-01-10 13:00:00,16.5,19.0
2024-01-10 14:00:00,17.5,6.0
2024-01-10 15:00:00,18.5,0.0
2024-01-10 16:00:00,19.4,0.0
2024-01-10 17:00:00,19.9,0.0
2024-01-10 18:00:00,20.3,0.0
2024-01-10 19:00:00,20.2,0.0
2024-01-10 20:00:00,21.7,0.0
2024-01-10 21:00:00,21.6,0.0
2024-01-10 22:00:00,22.7,0.0
2024-01-10 23:00:00,23.1,0.0
2024-01-11 00:00:00,22.5,0.0
2024-01-11 01:00:00,22.6,0.0
2024-01-11 02:00:00,23.4,0.0
2024-01-11 03:00:00,23.5,0.0
2024-01-11 04:00:00,23.2,0.0
2024-01-11 05:00:00,22.9,0.0
2024-01-11 06:00:00,22.1,0.0
2024-01-11 07:00:00,21.1,0.0
2024-01-11 08:00:00,20.1,12.0
2024-01-11 09:00:00,21.0,30.0
2024-01-11 10:00:00,26.3,110.0
2024-01-11 11:00:00,25.0,136.0
2024-01-11 12:00:00,23.4,114.0
2024-01-11 13:00:00,26.5,95.0
2024-01-11 14:00:00,23.8,34.0
2024-01-11 15:00:00,21.6,1.0
2024-01-11 16:00:00,23.3,0.0
2024-01-11 17:00:00,22.1,0.0
2024-01-11 18:00:00,19.8,0.0
2024-01-11 19:00:00,16.9,0.0
2024-01-11 20:00:00,17.0,0.0
2024-01-11 21:00:00,16.9,0.0
2024-01-11 22:00:00,15.5,0.0
2024-01-11 23:00:00,13.0,0.0
2024-01-12 00:00:00,10.3,0.0
2024-01-12 01:00:00,10.4,0.0
2024-01-12 02:00:00,9.1,0.0
2024-01-12 03:00:00,7.9,0.0
2024-01-12 04:00:00,6.4,0.0
2024-01-12 05:00:00,9.2,0.0
2024-01-12 06:00:00,10.1,0.0
2024-01-12 07:00:00,9.6,1.0
2024-01-12 08:00:00,10.2,33.0
2024-01-12 09:00:00,11.4,94.0
2024-01-12 10:00:00,15.8,110.0
2024-01-12 11:00:00,18.2,106.0
2024-01-12 12:00:00,20.0,88.0
2024-01-12 13:00:00,21.1,57.0
2024-01-12 14:00:00,23.6,13.0
2024-01-12 15:00:00,23.2,0.0
2024-01-12 16:00:00,22.0,0.0
2024-01-12 17:00:00,20.8,0.0
2024-01-12 18:00:00,22.0,0.0
2024-01-12 19:00:00,22.1,0.0
2024-01-12 20:00:00,21.1,0.0
2024-01-12 21:00:00,22.7,0.0
2024-01-12 22:00:00,22.3,0.0
2024-01-12 23:00:00,20.9,0.0
2024-01-13 00:00:00,22.4,0.0
2024-01-13 01:00:00,22.0,0.0
2024-01-13 02:00:00,20.9,0.0
2024-01-13 03:00:00,18.2,0.0
2024-01-13 04:00:00,17.2,0.0
2024-01-13 05:00:00,15.5,0.0
2024-01-13 06:00:00,13.9,0.0
2024-01-13 07:00:00,10.9,2.0
2024-01-13 08:00:00,11.8,31.0
2024-01-13 09:00:00,11.8,78.0
2024-01-13 10:00:00,13.0,105.0
2024-01-13 11:00:00,13.7,106.0
2024-01-13 12:00:00,14.9,111.0
2024-01-13 13:00:00,14.3,75.0
2024-01-13 14:00:00,14.8,29.0
2024-01-13 15:00:00,16.5,1.0
2024-01-13 16:00:00,16.2,0.0
2024-01-13 17:00:00,19.4,0.0
2024-01-13 18:00:00,18.9,0.0
2024-01-13 19:00:00,17.6,0.0
2024-01-13 20:00:00,23.1,0.0
2024-01-13 21:00:00,23.0,0.0
2024-01-13 22:00:00,24.0,0.0
2024-01-13 23:00:00,23.7,0.0
2024-01-14 00:00:00,24.1,0.0
2024-01-14 01:00:00,22.0,0.0
2024-01-14 02:00:00,20.2,0.0
2024-01-14 03:00:00,19.8,0.0
2024-01-14 04:00:00,18.6,0.0
2024-01-14 05:00:00,17.0,0.0
2024-01-14 06:00:00,14.8,0.0
2024-01-14 07:00:00,13.0,1.0
2024-01-14 08:00:00,12.1,18.0
2024-01-14 09:00:00,12.8,38.0
2024-01-14 10:00:00,12.3,50.0
2024-01-14 11:00:00,11.7,66.0
2024-01-14 12:00:00,13.4,59.0
2024-01-14 13:00:00,14.0,35.0
2024-01-14 14:00:00,12.1,17.0
2024-01-14 15:00:00,12.6,0.0
2024-01-14 16:00:00,15.5,0.0
2024-01-14 17:00:00,16.3,0.0
2024-01-14 18:00:00,15.6,0.0
2024-01-14 19:00:00,15.3,0.0
2024-01-14 20:00:00,15.8,0.0
2024-01-14 21:00:00,17.6,0.0
2024-01-14 22:00:00,18.5,0.0
2024-01-14 23:00:00,14.8,0.0
2024-01-15 00:00:00,13.0,0.0
2024-01-15 01:00:00,19.9,0.0
2024-01-15 02:00:00,20.1,0.0
2024-01-15 03:00:00,18.6,0.0
2024-01-15 04:00:00,19.3,0.0
2024-01-15 05:00:00,17.7,0.0
2024-01-15 06:00:00,17.7,0.0
2024-01-15 07:00:00,19.0,1.0
2024-01-15 08:00:00,19.8,23.0
2024-01-15 09:00:00,18.4,56.0
2024-01-15 10:00:00,18.2,102.0
2024-01-15 11:00:00,19.7,74.0
2024-01-15 12:00:00,18.9,60.0
2024-01-15 13:00:00,20.3,50.0
2024-01-15 14:00:00,20.9,22.0
2024-01-15 15:00:00,21.4,2.0
2024-01-15 16:00:00,20.5,0.0
2024-01-15 17:00:00,20.4,0.0
2024-01-15 18:00:00,20.6,0.0
2024-01-15 19:00:00,20.9,0.0
2024-01-15 20:00:00,22.7,0.0
2024-01-15 21:00:00,25.8,0.0
2024-01-15 22:00:00,29.3,0.0
2024-01-15 23:00:00,29.8,0.0
2024-01-16 00:00:00,27.2,0.0
2024-01-16 01:00:00,27.0,0.0
2024-01-16 02:00:00,24.7,0.0
2024-01-16 03:00:00,20.4,0.0
2024-01-16 04:00:00,24.9,0.0
2024-01-16 05:00:00,25.1,0.0
2024-01-16 06:00:00,21.0,0.0
2024-01-16 07:00:00,22.1,2.0
2024-01-16 08:00:00,22.0,41.0
2024-01-16 09:00:00,25.3,81.0
2024-01-16 10:00:00,24.2,162.0
2024-01-16 11:00:00,23.9,171.0
2024-01-16 12:00:00,24.0,173.0
2024-01-16 13:00:00,21.9,153.0
2024-01-16 14:00:00,20.8,67.0
2024-01-16 15:00:00,18.4,3.0
2024-01-16 16:00:00,16.4,0.0
2024-01-16 17:00:00,15.9,0.0
2024-01-16 18:00:00,18.4,0.0
2024-01-16 19:00:00,15.6,0.0
2024-01-16 20:00:00,13.4,0.0
2024-01-16 21:00:00,14.1,0.0
2024-01-16 22:00:00,12.4,0.0
2024-01-16 23:00:00,11.9,0.0
2024-01-17 00:00:00,10.2,0.0
2024-01-17 01:00:00,8.7,0.0
2024-01-17 02:00:00,8.0,0.0
2024-01-17 03:00:00,10.5,0.0
2024-01-17 04:00:00,10.8,0.0
2024-01-17 05:00:00,12.4,0.0
2024-01-17 06:00:00,13.0,0.0
2024-01-17 07:00:00,14.4,4.0
2024-01-17 08:00:00,15.8,61.0
2024-01-17 09:00:00,19.7,136.0
2024-01-17 10:00:00,21.7,172.0
2024-01-17 11:00:00,17.7,198.0
2024-01-17 12:00:00,24.6,164.0
2024-01-17 13:00:00,24.1,80.0
2024-01-17 14:00:00,22.4,46.0
2024-01-17 15:00:00,22.1,3.0
2024-01-17 16:00:00,24.2,0.0
2024-01-17 17:00:00,24.9,0.0
2024-01-17 18:00:00,26.9,0.0
2024-01-17 19:00:00,27.7,0.0
2024-01-17 20:00:00,28.8,0.0
2024-01-17 21:00:00,29.0,0.0
2024-01-17 22:00:00,30.1,0.0
2024-01-17 23:00:00,30.4,0.0
2024-01-18 00:00:00,29.6,0.0
2024-01-18 01:00:00,27.9,0.0
2024-01-18 02:00:00,27.7,0.0
2024-01-18 03:00:00,24.7,0.0
2024-01-18 04:00:00,23.2,0.0
2024-01-18 05:00:00,20.2,0.0
2024-01-18 06:00:00,16.9,0.0
2024-01-18 07:00:00,13.0,1.0
2024-01-18 08:00:00,10.2,25.0
2024-01-18 09:00:00,10.9,58.0
2024-01-18 10:00:00,12.5,100.0
2024-01-18 11:00:00,16.3,107.0
2024-01-18 12:00:00,16.3,115.0
2024-01-18 13:00:00,11.3,72.0
2024-01-18 14:00:00,6.8,49.0
2024-01-18 15:00:00,6.7,3.0
2024-01-18 16:00:00,8.8,0.0
2024-01-18 17:00:00,9.2,0.0
2024-01-18 18:00:00,9.4,0.0
2024-01-18 19:00:00,10.8,0.0
2024-01-18 20:00:00,10.5,0.0
2024-01-18 21:00:00,10.8,0.0
2024-01-18 22:00:00,10.2,0.0
2024-01-18 23:00:00,10.1,0.0
2024-01-19 00:00:00,10.6,0.0
2024-01-19 01:00:00,11.5,0.0
2024-01-19 02:00:00,11.8,0.0
2024-01-19 03:00:00,12.2,0.0
2024-01-19 04:00:00,11.7,0.0
2024-01-19 05:00:00,13.0,0.0
2024-01-19 06:00:00,14.0,0.0
2024-01-19 07:00:00,15.2,5.0
2024-01-19 08:00:00,16.6,76.0
2024-01-19 09:00:00,17.6,166.0
2024-01-19 10:00:00,16.3,229.0
2024-01-19 11:00:00,16.0,251.0
2024-01-19 12:00:00,22.9,228.0
2024-01-19 13:00:00,21.7,157.0
2024-01-19 14:00:00,22.8,60.0
2024-01-19 15:00:00,22.1,3.0
2024-01-19 16:00:00,21.2,0.0
2024-01-19 17:00:00,19.8,0.0
2024-01-19 18:00:00,18.8,0.0
2024-01-19 19:00:00,18.8,0.0
2024-01-19 20:00:00,18.7,0.0
2024-01-19 21:00:00,17.7,0.0
2024-01-19 22:00:00,16.9,0.0
2024-01-19 23:00:00,16.4,0.0
2024-01-20 00:00:00,16.2,0.0
2024-01-20 01:00:00,15.5,0.0
2024-01-20 02:00:00,16.6,0.0
2024-01-20 03:00:00,15.3,0.0
2024-01-20 04:00:00,15.5,0.0
2024-01-20 05:00:00,14.0,0.0
2024-01-20 06:00:00,11.7,0.0
2024-01-20 07:00:00,11.5,3.0
2024-01-20 08:00:00,12.3,37.0
2024-01-20 09:00:00,15.5,86.0
2024-01-20 10:00:00,16.3,102.0
2024-01-20 11:00:00,18.9,94.0
2024-01-20 12:00:00,17.4,69.0
2024-01-20 13:00:00,22.4,36.0
2024-01-20 14:00:00,19.2,14.0
2024-01-20 15:00:00,14.8,1.0
2024-01-20 16:00:00,8.2,0.0
2024-01-20 17:00:00,11.1,0.0
2024-01-20 18:00:00,20.2,0.0
2024-01-20 19:00:00,24.5,0.0
2024-01-20 20:00:00,25.1,0.0
2024-01-20 21:00:00,21.6,0.0
2024-01-20 22:00:00,20.0,0.0
2024-01-20 23:00:00,16.8,0.0
2024-01-21 00:00:00,13.8,0.0
2024-01-21 01:00:00,11.4,0.0
2024-01-21 02:00:00,9.4,0.0
2024-01-21 03:00:00,7.9,0.0
2024-01-21 04:00:00,6.2,0.0
2024-01-21 05:00:00,5.8,0.0
2024-01-21 06:00:00,3.9,0.0
2024-01-21 07:00:00,2.3,6.0
2024-01-21 08:00:00,5.2,58.0
2024-01-21 09:00:00,10.8,127.0
2024-01-21 10:00:00,12.1,199.0
2024-01-21 11:00:00,13.0,221.0
2024-01-21 12:00:00,14.7,198.0
2024-01-21 13:00:00,13.1,132.0
2024-01-21 14:00:00,14.8,54.0
2024-01-21 15:00:00,16.2,5.0
2024-01-21 16:00:00,16.9,0.0
2024-01-21 17:00:00,19.4,0.0
2024-01-21 18:00:00,20.5,0.0
2024-01-21 19:00:00,22.1,0.0
2024-01-21 20:00:00,23.4,0.0
2024-01-21 21:00:00,23.8,0.0
2024-01-21 22:00:00,24.9,0.0
2024-01-21 23:00:00,25.9,0.0
2024-01-22 00:00:00,27.0,0.0
2024-01-22 01:00:00,27.4,0.0
2024-01-22 02:00:00,28.8,0.0
2024-01-22 03:00:00,29.2,0.0
2024-01-22 04:00:00,29.3,0.0
2024-01-22 05:00:00,29.1,0.0
2024-01-22 06:00:00,28.4,0.0
2024-01-22 07:00:00,28.0,6.0
2024-01-22 08:00:00,28.1,48.0
2024-01-22 09:00:00,29.8,81.0
2024-01-22 10:00:00,30.4,100.0
2024-01-22 11:00:00,30.2,112.0
2024-01-22 12:00:00,30.4,102.0
2024-01-22 13:00:00,35.4,97.0
2024-01-22 14:00:00,32.6,30.0
2024-01-22 15:00:00,32.8,2.0
2024-01-22 16:00:00,33.4,0.0
2024-01-22 17:00:00,31.2,0.0
2024-01-22 18:00:00,29.4,0.0
2024-01-22 19:00:00,28.4,0.0
2024-01-22 20:00:00,27.6,0.0
2024-01-22 21:00:00,26.3,0.0
2024-01-22 22:00:00,25.3,0.0
2024-01-22 23:00:00,25.1,0.0
2024-01-23 00:00:00,25.5,0.0
2024-01-23 01:00:00,22.4,0.0
2024-01-23 02:00:00,20.7,0.0
2024-01-23 03:00:00,19.7,0.0
2024-01-23 04:00:00,18.6,0.0
2024-01-23 05:00:00,17.4,0.0
2024-01-23 06:00:00,16.6,0.0
2024-01-23 07:00:00,17.1,5.0
2024-01-23 08:00:00,16.6,40.0
2024-01-23 09:00:00,18.1,87.0
2024-01-23 10:00:00,17.1,89.0
2024-01-23 11:00:00,17.1,125.0
2024-01-23 12:00:00,18.3,124.0
2024-01-23 13:00:00,19.4,69.0
2024-01-23 14:00:00,17.8,35.0
2024-01-23 15:00:00,19.4,4.0
2024-01-23 16:00:00,20.5,0.0
2024-01-23 17:00:00,20.3,0.0
2024-01-23 18:00:00,21.5,0.0
2024-01-23 19:00:00,22.2,0.0
2024-01-23 20:00:00,22.4,0.0
2024-01-23 21:00:00,22.4,0.0
2024-01-23 22:00:00,22.9,0.0
2024-01-23 23:00:00,22.8,0.0
2024-01-24 00:00:00,22.5,0.0
2024-01-24 01:00:00,21.7,0.0
2024-01-24 02:00:00,20.8,0.0
2024-01-24 03:00:00,20.4,0.0
2024-01-24 04:00:00,19.9,0.0
2024-01-24 05:00:00,20.7,0.0
2024-01-24 06:00:00,19.8,0.0
2024-01-24 07:00:00,22.5,6.0
2024-01-24 08:00:00,23.8,36.0
2024-01-24 09:00:00,25.2,46.0
2024-01-24 10:00:00,28.1,44.0
2024-01-24 11:00:00,29.8,46.0
2024-01-24 12:00:00,28.7,38.0
2024-01-24 13:00:00,27.1,36.0
2024-01-24 14:00:00,24.5,18.0
2024-01-24 15:00:00,24.3,2.0
2024-01-24 16:00:00,23.4,0.0
2024-01-24 17:00:00,23.5,0.0
2024-01-24 18:00:00,21.0,0.0
2024-01-24 19:00:00,20.8,0.0
2024-01-24 20:00:00,20.1,0.0
2024-01-24 21:00:00,18.4,0.0
2024-01-24 22:00:00,21.0,0.0
2024-01-24 23:00:00,22.0,0.0
2024-01-25 00:00:00,21.7,0.0
2024-01-25 01:00:00,22.9,0.0
2024-01-25 02:00:00,22.3,0.0
2024-01-25 03:00:00,22.0,0.0
2024-01-25 04:00:00,20.9,0.0
2024-01-25 05:00:00,19.8,0.0
2024-01-25 06:00:00,20.3,0.0
2024-01-25 07:00:00,18.9,2.0
2024-01-25 08:00:00,17.6,24.0
2024-01-25 09:00:00,16.6,58.0
2024-01-25 10:00:00,16.5,44.0
2024-01-25 11:00:00,18.3,45.0
2024-01-25 12:00:00,19.0,41.0
2024-01-25 13:00:00,22.1,28.0
2024-01-25 14:00:00,23.7,17.0
2024-01-25 15:00:00,23.9,2.0
2024-01-25 16:00:00,24.1,0.0
2024-01-25 17:00:00,23.2,0.0
2024-01-25 18:00:00,22.7,0.0
2024-01-25 19:00:00,22.5,0.0
2024-01-25 20:00:00,21.5,0.0
2024-01-25 21:00:00,21.3,0.0
2024-01-25 22:00:00,22.4,0.0
2024-01-25 23:00:00,21.9,0.0
2024-01-26 00:00:00,22.1,0.0
2024-01-26 01:00:00,20.9,0.0
2024-01-26 02:00:00,19.5,0.0
2024-01-26 03:00:00,19.0,0.0
2024-01-26 04:00:00,18.5,0.0
2024-01-26 05:00:00,18.0,0.0
2024-01-26 06:00:00,17.5,0.0
2024-01-26 07:00:00,16.8,3.0
2024-01-26 08:00:00,16.1,23.0
2024-01-26 09:00:00,16.4,43.0
2024-01-26 10:00:00,16.0,64.0
2024-01-26 11:00:00,14.0,72.0
2024-01-26 12:00:00,13.4,64.0
2024-01-26 13:00:00,12.0,54.0
2024-01-26 14:00:00,10.1,28.0
2024-01-26 15:00:00,7.6,5.0
2024-01-26 16:00:00,5.2,0.0
2024-01-26 17:00:00,3.5,0.0
2024-01-26 18:00:00,2.5,0.0
2024-01-26 19:00:00,4.6,0.0
2024-01-26 20:00:00,8.4,0.0
2024-01-26 21:00:00,9.6,0.0
2024-01-26 22:00:00,10.0,0.0
2024-01-26 23:00:00,10.1,0.0
2024-01-27 00:00:00,11.2,0.0
2024-01-27 01:00:00,10.6,0.0
2024-01-27 02:00:00,10.9,0.0
2024-01-27 03:00:00,11.8,0.0
2024-01-27 04:00:00,12.1,0.0
2024-01-27 05:00:00,13.5,0.0
2024-01-27 06:00:00,13.9,0.0
2024-01-27 07:00:00,13.3,6.0
2024-01-27 08:00:00,11.8,34.0
2024-01-27 09:00:00,12.5,87.0
2024-01-27 10:00:00,10.6,116.0
2024-01-27 11:00:00,8.9,125.0
2024-01-27 12:00:00,10.5,118.0
2024-01-27 13:00:00,8.9,74.0
2024-01-27 14:00:00,6.9,37.0
2024-01-27 15:00:00,5.9,6.0
2024-01-27 16:00:00,6.9,0.0
2024-01-27 17:00:00,7.7,0.0
2024-01-27 18:00:00,7.8,0.0
2024-01-27 19:00:00,7.3,0.0
2024-01-27 20:00:00,6.8,0.0
2024-01-27 21:00:00,7.6,0.0
2024-01-27 22:00:00,7.3,0.0
2024-01-27 23:00:00,7.4,0.0
2024-01-28 00:00:00,6.1,0.0
2024-01-28 01:00:00,6.1,0.0
2024-01-28 02:00:00,6.1,0.0
2024-01-28 03:00:00,5.5,0.0
2024-01-28 04:00:00,4.7,0.0
2024-01-28 05:00:00,8.7,0.0
2024-01-28 06:00:00,6.3,0.0
2024-01-28 07:00:00,9.2,7.0
2024-01-28 08:00:00,9.3,56.0
2024-01-28 09:00:00,8.4,112.0
2024-01-28 10:00:00,8.1,144.0
2024-01-28 11:00:00,11.6,143.0
2024-01-28 12:00:00,7.2,90.0
2024-01-28 13:00:00,7.9,59.0
2024-01-28 14:00:00,8.3,28.0
2024-01-28 15:00:00,7.4,4.0
2024-01-28 16:00:00,7.9,0.0
2024-01-28 17:00:00,8.7,0.0
2024-01-28 18:00:00,9.0,0.0
2024-01-28 19:00:00,6.4,0.0
2024-01-28 20:00:00,8.9,0.0
2024-01-28 21:00:00,8.7,0.0
2024-01-28 22:00:00,8.9,0.0
2024-01-28 23:00:00,10.5,0.0
2024-01-29 00:00:00,10.9,0.0
2024-01-29 01:00:00,9.4,0.0
2024-01-29 02:00:00,10.3,0.0
2024-01-29 03:00:00,11.5,0.0
2024-01-29 04:00:00,12.5,0.0
2024-01-29 05:00:00,12.6,0.0
2024-01-29 06:00:00,13.5,0.0
2024-01-29 07:00:00,15.5,10.0
2024-01-29 08:00:00,16.8,83.0
2024-01-29 09:00:00,17.0,176.0
2024-01-29 10:00:00,16.3,226.0
2024-01-29 11:00:00,15.5,267.0
2024-01-29 12:00:00,16.6,242.0
2024-01-29 13:00:00,17.3,155.0
2024-01-29 14:00:00,18.0,81.0
2024-01-29 15:00:00,18.4,18.0
2024-01-29 16:00:00,18.9,0.0
2024-01-29 17:00:00,19.9,0.0
2024-01-29 18:00:00,20.0,0.0
2024-01-29 19:00:00,20.0,0.0
2024-01-29 20:00:00,20.1,0.0
2024-01-29 21:00:00,19.5,0.0
2024-01-29 22:00:00,19.3,0.0
2024-01-29 23:00:00,18.2,0.0
2024-01-30 00:00:00,18.0,0.0
2024-01-30 01:00:00,17.7,0.0
2024-01-30 02:00:00,17.4,0.0
2024-01-30 03:00:00,16.7,0.0
2024-01-30 04:00:00,14.8,0.0
2024-01-30 05:00:00,14.5,0.0
2024-01-30 06:00:00,15.8,0.0
2024-01-30 07:00:00,15.5,13.0
2024-01-30 08:00:00,14.4,88.0
2024-01-30 09:00:00,13.7,171.0
2024-01-30 10:00:00,13.4,235.0
2024-01-30 11:00:00,11.8,266.0
2024-01-30 12:00:00,11.2,207.0
2024-01-30 13:00:00,12.7,157.0
2024-01-30 14:00:00,10.5,91.0
2024-01-30 15:00:00,9.2,18.0
2024-01-30 16:00:00,10.9,0.0
2024-01-30 17:00:00,12.2,0.0
2024-01-30 18:00:00,11.4,0.0
2024-01-30 19:00:00,11.2,0.0
2024-01-30 20:00:00,11.6,0.0
2024-01-30 21:00:00,12.8,0.0
2024-01-30 22:00:00,13.2,0.0
2024-01-30 23:00:00,13.9,0.0
2024-01-31 00:00:00,13.2,0.0
2024-01-31 01:00:00,13.0,0.0
2024-01-31 02:00:00,13.2,0.0
2024-01-31 03:00:00,13.7,0.0
2024-01-31 04:00:00,13.8,0.0
2024-01-31 05:00:00,12.3,0.0
2024-01-31 06:00:00,14.3,0.0
2024-01-31 07:00:00,14.0,16.0
2024-01-31 08:00:00,14.5,81.0
2024-01-31 09:00:00,11.2,160.0
2024-01-31 10:00:00,14.8,237.0
2024-01-31 11:00:00,15.1,130.0
2024-01-31 12:00:00,13.2,60.0
2024-01-31 13:00:00,13.5,71.0
2024-01-31 14:00:00,15.0,35.0
2024-01-31 15:00:00,16.9,5.0
2024-01-31 16:00:00,17.3,0.0
2024-01-31 17:00:00,17.6,0.0
2024-01-31 18:00:00,18.0,0.0
2024-01-31 19:00:00,18.0,0.0
2024-01-31 20:00:00,17.2,0.0
2024-01-31 21:00:00,18.8,0.0
2024-01-31 22:00:00,17.8,0.0
2024-01-31 23:00:00,18.5,0.0
2024-02-01 00:00:00,18.3,0.0
2024-02-01 01:00:00,17.5,0.0
2024-02-01 02:00:00,17.9,0.0
2024-02-01 03:00:00,18.6,0.0
2024-02-01 04:00:00,21.0,0.0
2024-02-01 05:00:00,21.3,0.0
2024-02-01 06:00:00,20.9,0.0
2024-02-01 07:00:00,22.0,3.0
2024-02-01 08:00:00,23.4,29.0
2024-02-01 09:00:00,24.1,25.0
2024-02-01 10:00:00,24.0,30.0
2024-02-01 11:00:00,23.6,30.0
2024-02-01 12:00:00,22.5,37.0
2024-02-01 13:00:00,23.1,72.0
2024-02-01 14:00:00,23.9,78.0
2024-02-01 15:00:00,22.0,23.0
2024-02-01 16:00:00,22.6,0.0
2024-02-01 17:00:00,26.8,0.0
2024-02-01 18:00:00,25.0,0.0
2024-02-01 19:00:00,27.7,0.0
2024-02-01 20:00:00,29.9,0.0
2024-02-01 21:00:00,26.4,0.0
2024-02-01 22:00:00,25.4,0.0
2024-02-01 23:00:00,23.8,0.0
2024-02-02 00:00:00,23.3,0.0
2024-02-02 01:00:00,21.6,0.0
2024-02-02 02:00:00,19.3,0.0
2024-02-02 03:00:00,17.8,0.0
2024-02-02 04:00:00,16.7,0.0
2024-02-02 05:00:00,15.5,0.0
2024-02-02 06:00:00,14.9,0.0
2024-02-02 07:00:00,16.6,22.0
2024-02-02 08:00:00,18.7,116.0
2024-02-02 09:00:00,23.8,205.0
2024-02-02 10:00:00,27.1,227.0
2024-02-02 11:00:00,26.0,173.0
2024-02-02 12:00:00,25.7,179.0
2024-02-02 13:00:00,22.1,173.0
2024-02-02 14:00:00,21.2,114.0
2024-02-02 15:00:00,19.5,25.0
2024-02-02 16:00:00,16.7,0.0
2024-02-02 17:00:00,15.4,0.0
2024-02-02 18:00:00,14.8,0.0
2024-02-02 19:00:00,16.8,0.0
2024-02-02 20:00:00,18.8,0.0
2024-02-02 21:00:00,19.6,0.0
2024-02-02 22:00:00,21.9,0.0
2024-02-02 23:00:00,21.8,0.0
2024-02-03 00:00:00,22.0,0.0
2024-02-03 01:00:00,25.0,0.0
2024-02-03 02:00:00,22.6,0.0
2024-02-03 03:00:00,19.7,0.0
2024-02-03 04:00:00,19.9,0.0
2024-02-03 05:00:00,20.9,0.0
2024-02-03 06:00:00,22.3,0.0
2024-02-03 07:00:00,23.2,6.0
2024-02-03 08:00:00,24.1,20.0
2024-02-03 09:00:00,24.3,47.0
2024-02-03 10:00:00,25.8,52.0
2024-02-03 11:00:00,26.5,50.0
2024-02-03 12:00:00,26.4,55.0
2024-02-03 13:00:00,28.1,59.0
2024-02-03 14:00:00,26.9,43.0
2024-02-03 15:00:00,27.8,13.0
2024-02-03 16:00:00,25.8,0.0
2024-02-03 17:00:00,27.5,0.0
2024-02-03 18:00:00,28.3,0.0
2024-02-03 19:00:00,27.4,0.0
2024-02-03 20:00:00,26.7,0.0
2024-02-03 21:00:00,26.3,0.0
2024-02-03 22:00:00,24.9,0.0
2024-02-03 23:00:00,25.3,0.0
2024-02-04 00:00:00,25.3,0.0
2024-02-04 01:00:00,23.1,0.0
2024-02-04 02:00:00,23.0,0.0
2024-02-04 03:00:00,24.8,0.0
2024-02-04 04:00:00,25.2,0.0
2024-02-04 05:00:00,27.0,0.0
2024-02-04 06:00:00,26.6,0.0
2024-02-04 07:00:00,23.5,7.0
2024-02-04 08:00:00,22.7,35.0
2024-02-04 09:00:00,26.1,76.0
2024-02-04 10:00:00,25.3,83.0
2024-02-04 11:00:00,28.3,198.0
2024-02-04 12:00:00,25.3,161.0
2024-02-04 13:00:00,22.8,129.0
2024-02-04 14:00:00,21.7,62.0
2024-02-04 15:00:00,21.7,9.0
2024-02-04 16:00:00,23.8,0.0
2024-02-04 17:00:00,23.9,0.0
2024-02-04 18:00:00,22.5,0.0
2024-02-04 19:00:00,21.6,0.0
2024-02-04 20:00:00,23.8,0.0
2024-02-04 21:00:00,23.5,0.0
2024-02-04 22:00:00,30.9,0.0
2024-02-04 23:00:00,28.0,0.0
2024-02-05 00:00:00,24.5,0.0
2024-02-05 01:00:00,20.3,0.0
2024-02-05 02:00:00,16.2,0.0
2024-02-05 03:00:00,15.8,0.0
2024-02-05 04:00:00,13.0,0.0
2024-02-05 05:00:00,12.0,0.0
2024-02-05 06:00:00,15.7,0.0
2024-02-05 07:00:00,18.7,6.0
2024-02-05 08:00:00,23.4,26.0
2024-02-05 09:00:00,25.8,105.0
2024-02-05 10:00:00,23.7,235.0
2024-02-05 11:00:00,26.7,287.0
2024-02-05 12:00:00,22.8,238.0
2024-02-05 13:00:00,26.3,167.0
2024-02-05 14:00:00,27.1,54.0
2024-02-05 15:00:00,22.1,34.0
2024-02-05 16:00:00,21.7,0.0
2024-02-05 17:00:00,20.9,0.0
2024-02-05 18:00:00,20.3,0.0
2024-02-05 19:00:00,19.7,0.0
2024-02-05 20:00:00,17.4,0.0
2024-02-05 21:00:00,16.3,0.0
2024-02-05 22:00:00,15.1,0.0
2024-02-05 23:00:00,13.8,0.0
2024-02-06 00:00:00,11.9,0.0
2024-02-06 01:00:00,10.9,0.0
2024-02-06 02:00:00,11.6,0.0
2024-02-06 03:00:00,9.4,0.0
2024-02-06 04:00:00,9.0,0.0
2024-02-06 05:00:00,8.7,0.0
2024-02-06 06:00:00,6.7,0.0
2024-02-06 07:00:00,7.6,29.0
2024-02-06 08:00:00,5.8,102.0
2024-02-06 09:00:00,6.2,177.0
2024-02-06 10:00:00,6.6,190.0
2024-02-06 11:00:00,6.9,189.0
2024-02-06 12:00:00,6.9,177.0
2024-02-06 13:00:00,5.3,105.0
2024-02-06 14:00:00,5.4,58.0
2024-02-06 15:00:00,4.0,12.0
2024-02-06 16:00:00,7.5,0.0
2024-02-06 17:00:00,10.0,0.0
2024-02-06 18:00:00,12.5,0.0
2024-02-06 19:00:00,14.3,0.0
2024-02-06 20:00:00,17.2,0.0
2024-02-06 21:00:00,18.1,0.0
2024-02-06 22:00:00,17.6,0.0
2024-02-06 23:00:00,17.5,0.0
2024-02-07 00:00:00,18.9,0.0
2024-02-07 01:00:00,26.1,0.0
2024-02-07 02:00:00,24.8,0.0
2024-02-07 03:00:00,27.4,0.0
2024-02-07 04:00:00,26.8,0.0
2024-02-07 05:00:00,25.9,0.0
2024-02-07 06:00:00,25.8,0.0
2024-02-07 07:00:00,27.6,19.0
2024-02-07 08:00:00,29.8,85.0
2024-02-07 09:00:00,31.1,108.0
2024-02-07 10:00:00,33.2,107.0
2024-02-07 11:00:00,30.4,221.0
2024-02-07 12:00:00,28.2,131.0
2024-02-07 13:00:00,25.3,100.0
2024-02-07 14:00:00,21.6,71.0
2024-02-07 15:00:00,17.4,21.0
2024-02-07 16:00:00,15.8,0.0
2024-02-07 17:00:00,15.5,0.0
2024-02-07 18:00:00,13.6,0.0
2024-02-07 19:00:00,12.6,0.0
2024-02-07 20:00:00,11.5,0.0
2024-02-07 21:00:00,10.7,0.0
2024-02-07 22:00:00,10.0,0.0
2024-02-07 23:00:00,8.7,0.0
2024-02-08 00:00:00,7.7,0.0
2024-02-08 01:00:00,7.1,0.0
2024-02-08 02:00:00,6.2,0.0
2024-02-08 03:00:00,6.5,0.0
2024-02-08 04:00:00,5.9,0.0
2024-02-08 05:00:00,7.3,0.0
2024-02-08 06:00:00,8.3,0.0
2024-02-08 07:00:00,6.7,22.0
2024-02-08 08:00:00,9.7,121.0
2024-02-08 09:00:00,10.4,235.0
2024-02-08 10:00:00,11.8,314.0
2024-02-08 11:00:00,12.2,280.0
2024-02-08 12:00:00,15.3,193.0
2024-02-08 13:00:00,19.1,165.0
2024-02-08 14:00:00,16.6,89.0
2024-02-08 15:00:00,14.8,24.0
2024-02-08 16:00:00,14.2,0.0
2024-02-08 17:00:00,14.0,0.0
2024-02-08 18:00:00,14.7,0.0
2024-02-08 19:00:00,14.8,0.0
2024-02-08 20:00:00,14.3,0.0
2024-02-08 21:00:00,13.8,0.0
2024-02-08 22:00:00,13.6,0.0
2024-02-08 23:00:00,13.2,0.0
2024-02-09 00:00:00,12.8,0.0
2024-02-09 01:00:00,12.6,0.0
2024-02-09 02:00:00,11.9,0.0
2024-02-09 03:00:00,11.2,0.0
2024-02-09 04:00:00,11.5,0.0
2024-02-09 05:00:00,10.8,0.0
2024-02-09 06:00:00,10.1,0.0
2024-02-09 07:00:00,10.5,40.0
2024-02-09 08:00:00,7.3,149.0
2024-02-09 09:00:00,8.3,250.0
2024-02-09 10:00:00,7.5,317.0
2024-02-09 11:00:00,7.2,339.0
2024-02-09 12:00:00,10.2,315.0
2024-02-09 13:00:00,12.2,243.0
2024-02-09 14:00:00,11.4,129.0
2024-02-09 15:00:00,10.7,36.0
2024-02-09 16:00:00,12.7,0.0
2024-02-09 17:00:00,14.7,0.0
2024-02-09 18:00:00,13.4,0.0
2024-02-09 19:00:00,12.6,0.0
2024-02-09 20:00:00,15.0,0.0
2024-02-09 21:00:00,15.1,0.0
2024-02-09 22:00:00,16.7,0.0
2024-02-09 23:00:00,18.1,0.0
2024-02-10 00:00:00,19.2,0.0
2024-02-10 01:00:00,19.1,0.0
2024-02-10 02:00:00,19.9,0.0
2024-02-10 03:00:00,20.2,0.0
2024-02-10 04:00:00,19.6,0.0
2024-02-10 05:00:00,21.1,0.0
2024-02-10 06:00:00,20.7,0.0
2024-02-10 07:00:00,20.7,6.0
2024-02-10 08:00:00,19.5,28.0
2024-02-10 09:00:00,19.0,44.0
2024-02-10 10:00:00,18.6,60.0
2024-02-10 11:00:00,19.3,64.0
2024-02-10 12:00:00,17.4,64.0
2024-02-10 13:00:00,17.5,54.0
2024-02-10 14:00:00,14.2,40.0
2024-02-10 15:00:00,15.8,19.0
2024-02-10 16:00:00,16.1,0.0
2024-02-10 17:00:00,14.8,0.0
2024-02-10 18:00:00,13.9,0.0
2024-02-10 19:00:00,15.2,0.0
2024-02-10 20:00:00,14.8,0.0
2024-02-10 21:00:00,13.0,0.0
2024-02-10 22:00:00,12.5,0.0
2024-02-10 23:00:00,12.5,0.0
2024-02-11 00:00:00,12.3,0.0
2024-02-11 01:00:00,12.1,0.0
2024-02-11 02:00:00,11.6,0.0
2024-02-11 03:00:00,11.8,0.0
2024-02-11 04:00:00,13.2,0.0
2024-02-11 05:00:00,13.8,0.0
2024-02-11 06:00:00,13.7,0.0
2024-02-11 07:00:00,13.9,10.0
2024-02-11 08:00:00,14.0,29.0
2024-02-11 09:00:00,16.4,67.0
2024-02-11 10:00:00,17.4,80.0
2024-02-11 11:00:00,15.8,96.0
2024-02-11 12:00:00,14.3,59.0
2024-02-11 13:00:00,13.7,63.0
2024-02-11 14:00:00,14.3,47.0
2024-02-11 15:00:00,14.1,14.0
2024-02-11 16:00:00,13.9,0.0
2024-02-11 17:00:00,14.9,0.0
2024-02-11 18:00:00,14.9,0.0
2024-02-11 19:00:00,14.4,0.0
2024-02-11 20:00:00,13.7,0.0
2024-02-11 21:00:00,13.4,0.0
2024-02-11 22:00:00,11.8,0.0
2024-02-11 23:00:00,12.1,0.0
2024-02-12 00:00:00,13.2,0.0
2024-02-12 01:00:00,12.4,0.0
2024-02-12 02:00:00,13.0,0.0
2024-02-12 03:00:00,13.6,0.0
2024-02-12 04:00:00,13.2,0.0
2024-02-12 05:00:00,13.8,0.0
2024-02-12 06:00:00,13.7,0.0
2024-02-12 07:00:00,14.0,14.0
2024-02-12 08:00:00,14.3,45.0
2024-02-12 09:00:00,15.3,86.0
2024-02-12 10:00:00,11.8,143.0
2024-02-12 11:00:00,14.1,138.0
2024-02-12 12:00:00,13.2,131.0
2024-02-12 13:00:00,11.5,60.0
2024-02-12 14:00:00,9.4,34.0
2024-02-12 15:00:00,9.2,33.0
2024-02-12 16:00:00,11.0,0.0
2024-02-12 17:00:00,11.2,0.0
2024-02-12 18:00:00,11.2,0.0
2024-02-12 19:00:00,11.0,0.0
2024-02-12 20:00:00,11.6,0.0
2024-02-12 21:00:00,11.6,0.0
2024-02-12 22:00:00,12.6,0.0
2024-02-12 23:00:00,11.8,0.0
2024-02-13 00:00:00,11.6,0.0
2024-02-13 01:00:00,12.2,0.0
2024-02-13 02:00:00,12.2,0.0
2024-02-13 03:00:00,12.1,0.0
2024-02-13 04:00:00,11.8,0.0
2024-02-13 05:00:00,11.5,0.0
2024-02-13 06:00:00,10.9,0.0
2024-02-13 07:00:00,10.4,10.0
2024-02-13 08:00:00,9.9,26.0
2024-02-13 09:00:00,9.4,49.0
2024-02-13 10:00:00,8.0,50.0
2024-02-13 11:00:00,7.0,49.0
2024-02-13 12:00:00,6.6,49.0
2024-02-13 13:00:00,9.7,36.0
2024-02-13 14:00:00,12.5,20.0
2024-02-13 15:00:00,12.9,8.0
2024-02-13 16:00:00,11.7,0.0
2024-02-13 17:00:00,11.8,0.0
2024-02-13 18:00:00,11.9,0.0
2024-02-13 19:00:00,11.3,0.0
2024-02-13 20:00:00,9.1,0.0
2024-02-13 21:00:00,9.4,0.0
2024-02-13 22:00:00,10.4,0.0
2024-02-13 23:00:00,12.5,0.0
2024-02-14 00:00:00,13.2,0.0
2024-02-14 01:00:00,12.6,0.0
2024-02-14 02:00:00,11.6,0.0
2024-02-14 03:00:00,11.7,0.0
2024-02-14 04:00:00,11.2,0.0
2024-02-14 05:00:00,9.0,0.0
2024-02-14 06:00:00,5.4,0.0
2024-02-14 07:00:00,3.6,41.0
2024-02-14 08:00:00,3.1,128.0
2024-02-14 09:00:00,5.1,132.0
2024-02-14 10:00:00,6.5,112.0
2024-02-14 11:00:00,7.2,89.0
2024-02-14 12:00:00,8.3,81.0
2024-02-14 13:00:00,6.4,87.0
2024-02-14 14:00:00,4.7,51.0
2024-02-14 15:00:00,5.8,29.0
2024-02-14 16:00:00,6.3,1.0
2024-02-14 17:00:00,7.1,0.0
2024-02-14 18:00:00,7.2,0.0
2024-02-14 19:00:00,7.3,0.0
2024-02-14 20:00:00,7.8,0.0
2024-02-14 21:00:00,7.8,0.0
2024-02-14 22:00:00,8.4,0.0
2024-02-14 23:00:00,8.1,0.0
2024-02-15 00:00:00,9.5,0.0
2024-02-15 01:00:00,9.8,0.0
2024-02-15 02:00:00,10.3,0.0
2024-02-15 03:00:00,10.8,0.0
2024-02-15 04:00:00,11.1,0.0
2024-02-15 05:00:00,11.8,0.0
2024-02-15 06:00:00,13.8,1.0
2024-02-15 07:00:00,15.5,48.0
2024-02-15 08:00:00,14.8,141.0
2024-02-15 09:00:00,18.8,232.0
2024-02-15 10:00:00,19.7,274.0
2024-02-15 11:00:00,19.9,287.0
2024-02-15 12:00:00,18.1,201.0
2024-02-15 13:00:00,15.6,96.0
2024-02-15 14:00:00,16.2,48.0
2024-02-15 15:00:00,15.8,34.0
2024-02-15 16:00:00,17.9,1.0
2024-02-15 17:00:00,18.5,0.0
2024-02-15 18:00:00,17.9,0.0
2024-02-15 19:00:00,19.6,0.0
2024-02-15 20:00:00,19.9,0.0
2024-02-15 21:00:00,19.8,0.0
2024-02-15 22:00:00,20.5,0.0
2024-02-15 23:00:00,20.2,0.0
2024-02-16 00:00:00,19.1,0.0
2024-02-16 01:00:00,19.1,0.0
2024-02-16 02:00:00,19.5,0.0
2024-02-16 03:00:00,18.4,0.0
2024-02-16 04:00:00,18.1,0.0
2024-02-16 05:00:00,18.4,0.0
2024-02-16 06:00:00,18.1,0.0
2024-02-16 07:00:00,18.4,19.0
2024-02-16 08:00:00,15.8,50.0
2024-02-16 09:00:00,16.9,95.0
2024-02-16 10:00:00,18.8,272.0
2024-02-16 11:00:00,16.9,157.0
2024-02-16 12:00:00,15.6,121.0
2024-02-16 13:00:00,17.1,221.0
2024-02-16 14:00:00,18.8,181.0
2024-02-16 15:00:00,20.2,72.0
2024-02-16 16:00:00,20.8,4.0
2024-02-16 17:00:00,21.7,0.0
2024-02-16 18:00:00,22.8,0.0
2024-02-16 19:00:00,23.8,0.0
2024-02-16 20:00:00,24.1,0.0
2024-02-16 21:00:00,24.5,0.0
2024-02-16 22:00:00,23.8,0.0
2024-02-16 23:00:00,24.5,0.0
2024-02-17 00:00:00,24.5,0.0
2024-02-17 01:00:00,24.2,0.0
2024-02-17 02:00:00,23.8,0.0
2024-02-17 03:00:00,22.9,0.0
2024-02-17 04:00:00,24.9,0.0
2024-02-17 05:00:00,23.5,0.0
2024-02-17 06:00:00,22.9,1.0
2024-02-17 07:00:00,21.8,20.0
2024-02-17 08:00:00,19.7,21.0
2024-02-17 09:00:00,17.8,35.0
2024-02-17 10:00:00,17.1,40.0
2024-02-17 11:00:00,16.6,57.0
2024-02-17 12:00:00,17.2,94.0
2024-02-17 13:00:00,16.4,62.0
2024-02-17 14:00:00,15.5,40.0
2024-02-17 15:00:00,15.9,23.0
2024-02-17 16:00:00,17.0,2.0
2024-02-17 17:00:00,18.4,0.0
2024-02-17 18:00:00,20.6,0.0
2024-02-17 19:00:00,23.3,0.0
2024-02-17 20:00:00,19.9,0.0
2024-02-17 21:00:00,17.6,0.0
2024-02-17 22:00:00,19.3,0.0
2024-02-17 23:00:00,19.6,0.0
2024-02-18 00:00:00,20.4,0.0
2024-02-18 01:00:00,19.9,0.0
2024-02-18 02:00:00,16.8,0.0
2024-02-18 03:00:00,17.3,0.0
2024-02-18 04:00:00,17.8,0.0
2024-02-18 05:00:00,16.9,0.0
2024-02-18 06:00:00,16.4,2.0
2024-02-18 07:00:00,19.0,49.0
2024-02-18 08:00:00,18.5,137.0
2024-02-18 09:00:00,16.9,222.0
2024-02-18 10:00:00,13.6,305.0
2024-02-18 11:00:00,11.3,367.0
2024-02-18 12:00:00,9.9,374.0
2024-02-18 13:00:00,10.1,318.0
2024-02-18 14:00:00,8.5,190.0
2024-02-18 15:00:00,5.9,77.0
2024-02-18 16:00:00,8.7,7.0
2024-02-18 17:00:00,7.0,0.0
2024-02-18 18:00:00,6.6,0.0
2024-02-18 19:00:00,4.6,0.0
2024-02-18 20:00:00,5.0,0.0
2024-02-18 21:00:00,6.5,0.0
2024-02-18 22:00:00,7.9,0.0
2024-02-18 23:00:00,9.2,0.0
2024-02-19 00:00:00,9.2,0.0
2024-02-19 01:00:00,10.7,0.0
2024-02-19 02:00:00,12.0,0.0
2024-02-19 03:00:00,12.8,0.0
2024-02-19 04:00:00,14.2,0.0
2024-02-19 05:00:00,14.4,0.0
2024-02-19 06:00:00,15.5,3.0
2024-02-19 07:00:00,14.2,37.0
2024-02-19 08:00:00,16.6,101.0
2024-02-19 09:00:00,17.9,149.0
2024-02-19 10:00:00,20.0,238.0
2024-02-19 11:00:00,21.2,245.0
2024-02-19 12:00:00,20.8,200.0
2024-02-19 13:00:00,22.1,153.0
2024-02-19 14:00:00,21.1,92.0
2024-02-19 15:00:00,21.6,42.0
2024-02-19 16:00:00,22.5,4.0
2024-02-19 17:00:00,23.6,0.0
2024-02-19 18:00:00,23.3,0.0
2024-02-19 19:00:00,22.8,0.0
2024-02-19 20:00:00,21.9,0.0
2024-02-19 21:00:00,21.8,0.0
2024-02-19 22:00:00,21.8,0.0
2024-02-19 23:00:00,22.0,0.0
2024-02-20 00:00:00,20.9,0.0
2024-02-20 01:00:00,18.7,0.0
2024-02-20 02:00:00,17.1,0.0
2024-02-20 03:00:00,15.6,0.0
2024-02-20 04:00:00,15.6,0.0
2024-02-20 05:00:00,14.2,0.0
2024-02-20 06:00:00,11.7,1.0
2024-02-20 07:00:00,11.3,14.0
2024-02-20 08:00:00,10.7,29.0
2024-02-20 09:00:00,7.2,53.0
2024-02-20 10:00:00,5.9,63.0
2024-02-20 11:00:00,7.6,75.0
2024-02-20 12:00:00,8.0,57.0
2024-02-20 13:00:00,6.5,60.0
2024-02-20 14:00:00,6.9,30.0
2024-02-20 15:00:00,8.1,13.0
2024-02-20 16:00:00,8.7,1.0
2024-02-20 17:00:00,10.3,0.0
2024-02-20 18:00:00,10.5,0.0
2024-02-20 19:00:00,10.1,0.0
2024-02-20 20:00:00,9.7,0.0
2024-02-20 21:00:00,9.0,0.0
2024-02-20 22:00:00,6.6,0.0
2024-02-20 23:00:00,5.8,0.0
2024-02-21 00:00:00,6.7,0.0
2024-02-21 01:00:00,5.6,0.0
2024-02-21 02:00:00,6.3,0.0
2024-02-21 03:00:00,7.2,0.0
2024-02-21 04:00:00,7.7,0.0
2024-02-21 05:00:00,8.1,0.0
2024-02-21 06:00:00,9.4,1.0
2024-02-21 07:00:00,10.9,16.0
2024-02-21 08:00:00,10.1,46.0
2024-02-21 09:00:00,10.9,85.0
2024-02-21 10:00:00,11.2,85.0
2024-02-21 11:00:00,14.2,100.0
2024-02-21 12:00:00,15.1,134.0
2024-02-21 13:00:00,12.8,92.0
2024-02-21 14:00:00,12.2,62.0
2024-02-21 15:00:00,12.6,29.0
2024-02-21 16:00:00,15.5,3.0
2024-02-21 17:00:00,15.5,0.0
2024-02-21 18:00:00,18.1,0.0
2024-02-21 19:00:00,15.2,0.0
2024-02-21 20:00:00,14.5,0.0
2024-02-21 21:00:00,13.7,0.0
2024-02-21 22:00:00,12.7,0.0
2024-02-21 23:00:00,12.3,0.0
2024-02-22 00:00:00,11.9,0.0
2024-02-22 01:00:00,12.3,0.0
2024-02-22 02:00:00,14.7,0.0
2024-02-22 03:00:00,15.2,0.0
2024-02-22 04:00:00,13.8,0.0
2024-02-22 05:00:00,9.3,0.0
2024-02-22 06:00:00,8.6,5.0
2024-02-22 07:00:00,11.8,59.0
2024-02-22 08:00:00,13.7,113.0
2024-02-22 09:00:00,13.5,170.0
2024-02-22 10:00:00,14.0,246.0
2024-02-22 11:00:00,14.5,214.0
2024-02-22 12:00:00,15.8,210.0
2024-02-22 13:00:00,12.3,189.0
2024-02-22 14:00:00,14.3,160.0
2024-02-22 15:00:00,16.4,90.0
2024-02-22 16:00:00,18.5,5.0
2024-02-22 17:00:00,19.3,0.0
2024-02-22 18:00:00,20.6,0.0
2024-02-22 19:00:00,20.5,0.0
2024-02-22 20:00:00,20.0,0.0
2024-02-22 21:00:00,19.7,0.0
2024-02-22 22:00:00,20.8,0.0
2024-02-22 23:00:00,21.0,0.0
2024-02-23 00:00:00,21.7,0.0
2024-02-23 01:00:00,21.4,0.0
2024-02-23 02:00:00,22.1,0.0
2024-02-23 03:00:00,22.5,0.0
2024-02-23 04:00:00,22.7,0.0
2024-02-23 05:00:00,22.6,0.0
2024-02-23 06:00:00,22.7,5.0
2024-02-23 07:00:00,24.1,30.0
2024-02-23 08:00:00,25.1,42.0
2024-02-23 09:00:00,25.6,53.0
2024-02-23 10:00:00,23.6,71.0
2024-02-23 11:00:00,21.8,90.0
2024-02-23 12:00:00,21.6,61.0
2024-02-23 13:00:00,20.5,40.0
2024-02-23 14:00:00,18.0,36.0
2024-02-23 15:00:00,16.9,25.0
2024-02-23 16:00:00,16.2,2.0
2024-02-23 17:00:00,15.9,0.0
2024-02-23 18:00:00,15.1,0.0
2024-02-23 19:00:00,13.7,0.0
2024-02-23 20:00:00,12.7,0.0
2024-02-23 21:00:00,12.1,0.0
2024-02-23 22:00:00,12.1,0.0
2024-02-23 23:00:00,12.7,0.0
2024-02-24 00:00:00,11.7,0.0
2024-02-24 01:00:00,12.9,0.0
2024-02-24 02:00:00,14.2,0.0
2024-02-24 03:00:00,14.4,0.0
2024-02-24 04:00:00,15.4,0.0
2024-02-24 05:00:00,17.4,0.0
2024-02-24 06:00:00,18.9,6.0
2024-02-24 07:00:00,20.9,85.0
2024-02-24 08:00:00,22.1,69.0
2024-02-24 09:00:00,21.3,307.0
2024-02-24 10:00:00,21.3,239.0
2024-02-24 11:00:00,25.3,115.0
2024-02-24 12:00:00,26.0,67.0
2024-02-24 13:00:00,25.7,47.0
2024-02-24 14:00:00,25.9,46.0
2024-02-24 15:00:00,25.6,20.0
2024-02-24 16:00:00,23.9,1.0
2024-02-24 17:00:00,21.7,0.0
2024-02-24 18:00:00,17.5,0.0
2024-02-24 19:00:00,14.5,0.0
2024-02-24 20:00:00,9.2,0.0
2024-02-24 21:00:00,5.8,0.0
2024-02-24 22:00:00,8.1,0.0
2024-02-24 23:00:00,5.9,0.0
2024-02-25 00:00:00,6.5,0.0
2024-02-25 01:00:00,4.9,0.0
2024-02-25 02:00:00,7.5,0.0
2024-02-25 03:00:00,9.2,0.0
2024-02-25 04:00:00,9.1,0.0
2024-02-25 05:00:00,9.7,0.0
2024-02-25 06:00:00,10.8,7.0
2024-02-25 07:00:00,9.4,64.0
2024-02-25 08:00:00,6.2,125.0
2024-02-25 09:00:00,7.7,93.0
2024-02-25 10:00:00,10.2,44.0
2024-02-25 11:00:00,11.0,242.0
2024-02-25 12:00:00,9.4,164.0
2024-02-25 13:00:00,12.3,157.0
2024-02-25 14:00:00,10.1,90.0
2024-02-25 15:00:00,8.8,38.0
2024-02-25 16:00:00,6.4,5.0
2024-02-25 17:00:00,6.8,0.0
2024-02-25 18:00:00,9.0,0.0
2024-02-25 19:00:00,11.7,0.0
2024-02-25 20:00:00,11.9,0.0
2024-02-25 21:00:00,13.5,0.0
2024-02-25 22:00:00,12.9,0.0
2024-02-25 23:00:00,14.5,0.0
2024-02-26 00:00:00,15.5,0.0
2024-02-26 01:00:00,14.2,0.0
2024-02-26 02:00:00,15.6,0.0
2024-02-26 03:00:00,14.3,0.0
2024-02-26 04:00:00,13.7,0.0
2024-02-26 05:00:00,14.2,0.0
2024-02-26 06:00:00,13.6,7.0
2024-02-26 07:00:00,13.4,45.0
2024-02-26 08:00:00,14.5,43.0
2024-02-26 09:00:00,14.9,61.0
2024-02-26 10:00:00,17.8,174.0
2024-02-26 11:00:00,18.8,261.0
2024-02-26 12:00:00,15.4,311.0
2024-02-26 13:00:00,14.9,184.0
2024-02-26 14:00:00,13.7,144.0
2024-02-26 15:00:00,11.8,65.0
2024-02-26 16:00:00,13.0,12.0
2024-02-26 17:00:00,13.0,0.0
2024-02-26 18:00:00,13.6,0.0
2024-02-26 19:00:00,11.3,0.0
2024-02-26 20:00:00,9.2,0.0
2024-02-26 21:00:00,10.5,0.0
2024-02-26 22:00:00,12.6,0.0
2024-02-26 23:00:00,11.6,0.0
2024-02-27 00:00:00,10.3,0.0
2024-02-27 01:00:00,11.9,0.0
2024-02-27 02:00:00,12.1,0.0
2024-02-27 03:00:00,11.6,0.0
2024-02-27 04:00:00,16.4,0.0
2024-02-27 05:00:00,15.3,0.0
2024-02-27 06:00:00,16.3,8.0
2024-02-27 07:00:00,15.1,70.0
2024-02-27 08:00:00,16.4,73.0
2024-02-27 09:00:00,14.2,108.0
2024-02-27 10:00:00,13.7,148.0
2024-02-27 11:00:00,13.3,183.0
2024-02-27 12:00:00,13.4,129.0
2024-02-27 13:00:00,11.5,102.0
2024-02-27 14:00:00,11.2,127.0
2024-02-27 15:00:00,7.3,91.0
2024-02-27 16:00:00,7.2,11.0
2024-02-27 17:00:00,8.4,0.0
2024-02-27 18:00:00,8.7,0.0
2024-02-27 19:00:00,10.9,0.0
2024-02-27 20:00:00,11.6,0.0
2024-02-27 21:00:00,12.3,0.0
2024-02-27 22:00:00,13.1,0.0
2024-02-27 23:00:00,12.7,0.0
2024-02-28 00:00:00,13.6,0.0
2024-02-28 01:00:00,12.7,0.0
2024-02-28 02:00:00,13.4,0.0
2024-02-28 03:00:00,14.5,0.0
2024-02-28 04:00:00,14.8,0.0
2024-02-28 05:00:00,14.4,0.0
2024-02-28 06:00:00,15.1,8.0
2024-02-28 07:00:00,15.9,36.0
2024-02-28 08:00:00,13.8,116.0
2024-02-28 09:00:00,12.6,127.0
2024-02-28 10:00:00,12.6,207.0
2024-02-28 11:00:00,13.8,294.0
2024-02-28 12:00:00,14.1,249.0
2024-02-28 13:00:00,12.2,183.0
2024-02-28 14:00:00,11.2,75.0
2024-02-28 15:00:00,12.0,35.0
2024-02-28 16:00:00,9.8,7.0
2024-02-28 17:00:00,9.3,0.0
2024-02-28 18:00:00,10.9,0.0
2024-02-28 19:00:00,10.9,0.0
2024-02-28 20:00:00,12.7,0.0
2024-02-28 21:00:00,12.1,0.0
2024-02-28 22:00:00,12.2,0.0
2024-02-28 23:00:00,14.6,0.0
2024-02-29 00:00:00,13.5,0.0
2024-02-29 01:00:00,14.0,0.0
2024-02-29 02:00:00,12.4,0.0
2024-02-29 03:00:00,13.4,0.0
2024-02-29 04:00:00,9.2,0.0
2024-02-29 05:00:00,6.0,0.0
2024-02-29 06:00:00,7.4,14.0
2024-02-29 07:00:00,7.2,78.0
2024-02-29 08:00:00,6.4,171.0
2024-02-29 09:00:00,5.9,266.0
2024-02-29 10:00:00,4.9,319.0
2024-02-29 11:00:00,5.0,384.0
2024-02-29 12:00:00,3.3,365.0
2024-02-29 13:00:00,4.7,178.0
2024-02-29 14:00:00,5.9,124.0
2024-02-29 15:00:00,5.9,69.0
2024-02-29 16:00:00,3.6,13.0
2024-02-29 17:00:00,6.9,0.0
2024-02-29 18:00:00,10.1,0.0
2024-02-29 19:00:00,11.9,0.0
2024-02-29 20:00:00,11.5,0.0
2024-02-29 21:00:00,11.8,0.0
2024-02-29 22:00:00,11.2,0.0
2024-02-29 23:00:00,10.2,0.0
2024-03-01 00:00:00,10.7,0.0
2024-03-01 01:00:00,12.2,0.0
2024-03-01 02:00:00,12.9,0.0
2024-03-01 03:00:00,14.0,0.0
2024-03-01 04:00:00,14.3,0.0
2024-03-01 05:00:00,14.8,0.0
2024-03-01 06:00:00,16.9,13.0
2024-03-01 07:00:00,18.6,45.0
2024-03-01 08:00:00,17.3,103.0
2024-03-01 09:00:00,18.4,215.0
2024-03-01 10:00:00,20.0,299.0
2024-03-01 11:00:00,19.9,296.0
2024-03-01 12:00:00,20.5,300.0
2024-03-01 13:00:00,17.8,336.0
2024-03-01 14:00:00,17.0,264.0
2024-03-01 15:00:00,15.9,141.0
2024-03-01 16:00:00,15.7,29.0
2024-03-01 17:00:00,16.1,0.0
2024-03-01 18:00:00,18.0,0.0
2024-03-01 19:00:00,18.1,0.0
2024-03-01 20:00:00,18.6,0.0
2024-03-01 21:00:00,17.8,0.0
2024-03-01 22:00:00,17.6,0.0
2024-03-01 23:00:00,17.8,0.0
2024-03-02 00:00:00,17.1,0.0
2024-03-02 01:00:00,16.4,0.0
2024-03-02 02:00:00,16.9,0.0
2024-03-02 03:00:00,16.3,0.0
2024-03-02 04:00:00,17.2,0.0
2024-03-02 05:00:00,18.0,0.0
2024-03-02 06:00:00,18.0,28.0
2024-03-02 07:00:00,13.9,145.0
2024-03-02 08:00:00,17.3,274.0
2024-03-02 09:00:00,17.5,379.0
2024-03-02 10:00:00,17.7,447.0
2024-03-02 11:00:00,18.6,470.0
2024-03-02 12:00:00,18.8,446.0
2024-03-02 13:00:00,17.9,371.0
2024-03-02 14:00:00,17.1,269.0
2024-03-02 15:00:00,15.5,145.0
2024-03-02 16:00:00,15.9,32.0
2024-03-02 17:00:00,17.2,0.0
2024-03-02 18:00:00,17.8,0.0
2024-03-02 19:00:00,17.4,0.0
2024-03-02 20:00:00,16.3,0.0
2024-03-02 21:00:00,15.3,0.0
2024-03-02 22:00:00,14.8,0.0
2024-03-02 23:00:00,14.8,0.0
2024-03-03 00:00:00,14.0,0.0
2024-03-03 01:00:00,13.2,0.0
2024-03-03 02:00:00,11.8,0.0
2024-03-03 03:00:00,11.6,0.0
2024-03-03 04:00:00,12.4,0.0
2024-03-03 05:00:00,14.1,0.0
2024-03-03 06:00:00,15.9,32.0
2024-03-03 07:00:00,14.1,150.0
2024-03-03 08:00:00,15.0,279.0
2024-03-03 09:00:00,14.5,384.0
2024-03-03 10:00:00,15.0,454.0
2024-03-03 11:00:00,19.2,461.0
2024-03-03 12:00:00,17.9,429.0
2024-03-03 13:00:00,18.1,374.0
2024-03-03 14:00:00,20.4,272.0
2024-03-03 15:00:00,17.4,128.0
2024-03-03 16:00:00,14.9,18.0
2024-03-03 17:00:00,14.7,0.0
2024-03-03 18:00:00,14.8,0.0
2024-03-03 19:00:00,15.4,0.0
2024-03-03 20:00:00,15.4,0.0
2024-03-03 21:00:00,14.3,0.0
2024-03-03 22:00:00,13.9,0.0
2024-03-03 23:00:00,13.6,0.0
2024-03-04 00:00:00,13.4,0.0
2024-03-04 01:00:00,13.8,0.0
2024-03-04 02:00:00,13.0,0.0
2024-03-04 03:00:00,14.0,0.0
2024-03-04 04:00:00,13.7,0.0
2024-03-04 05:00:00,13.0,0.0
2024-03-04 06:00:00,11.9,22.0
2024-03-04 07:00:00,16.4,111.0
2024-03-04 08:00:00,15.5,105.0
2024-03-04 09:00:00,15.5,73.0
2024-03-04 10:00:00,16.9,82.0
2024-03-04 11:00:00,17.8,133.0
2024-03-04 12:00:00,18.3,195.0
2024-03-04 13:00:00,17.2,161.0
2024-03-04 14:00:00,17.9,81.0
2024-03-04 15:00:00,17.0,33.0
2024-03-04 16:00:00,15.6,6.0
2024-03-04 17:00:00,16.9,0.0
2024-03-04 18:00:00,18.0,0.0
2024-03-04 19:00:00,18.4,0.0
2024-03-04 20:00:00,18.4,0.0
2024-03-04 21:00:00,18.5,0.0
2024-03-04 22:00:00,19.8,0.0
2024-03-04 23:00:00,21.0,0.0
2024-03-05 00:00:00,21.3,0.0
2024-03-05 01:00:00,19.5,0.0
2024-03-05 02:00:00,21.1,0.0
2024-03-05 03:00:00,22.7,0.0
2024-03-05 04:00:00,21.3,0.0
2024-03-05 05:00:00,20.4,0.0
2024-03-05 06:00:00,18.7,20.0
2024-03-05 07:00:00,18.1,119.0
2024-03-05 08:00:00,20.7,163.0
2024-03-05 09:00:00,21.2,229.0
2024-03-05 10:00:00,21.3,253.0
2024-03-05 11:00:00,21.3,271.0
2024-03-05 12:00:00,21.4,354.0
2024-03-05 13:00:00,20.8,374.0
2024-03-05 14:00:00,19.4,273.0
2024-03-05 15:00:00,17.5,140.0
2024-03-05 16:00:00,16.9,38.0
2024-03-05 17:00:00,17.7,0.0
2024-03-05 18:00:00,17.8,0.0
2024-03-05 19:00:00,17.4,0.0
2024-03-05 20:00:00,16.5,0.0
2024-03-05 21:00:00,15.8,0.0
2024-03-05 22:00:00,15.0,0.0
2024-03-05 23:00:00,14.5,0.0
2024-03-06 00:00:00,15.0,0.0
2024-03-06 01:00:00,15.4,0.0
2024-03-06 02:00:00,14.6,0.0
2024-03-06 03:00:00,13.6,0.0
2024-03-06 04:00:00,12.2,0.0
2024-03-06 05:00:00,13.2,0.0
2024-03-06 06:00:00,15.6,32.0
2024-03-06 07:00:00,16.8,132.0
2024-03-06 08:00:00,16.5,300.0
2024-03-06 09:00:00,16.5,404.0
2024-03-06 10:00:00,18.5,484.0
2024-03-06 11:00:00,16.9,499.0
2024-03-06 12:00:00,15.1,476.0
2024-03-06 13:00:00,14.2,413.0
2024-03-06 14:00:00,14.0,304.0
2024-03-06 15:00:00,11.8,174.0
2024-03-06 16:00:00,9.4,47.0
2024-03-06 17:00:00,10.1,0.0
2024-03-06 18:00:00,9.8,0.0
2024-03-06 19:00:00,9.5,0.0
2024-03-06 20:00:00,9.4,0.0
2024-03-06 21:00:00,7.9,0.0
2024-03-06 22:00:00,6.3,0.0
2024-03-06 23:00:00,5.0,0.0
2024-03-07 00:00:00,5.1,0.0
2024-03-07 01:00:00,5.9,0.0
2024-03-07 02:00:00,5.4,0.0
2024-03-07 03:00:00,4.8,0.0
2024-03-07 04:00:00,5.4,0.0
2024-03-07 05:00:00,5.6,0.0
2024-03-07 06:00:00,4.5,49.0
2024-03-07 07:00:00,2.9,180.0
2024-03-07 08:00:00,5.1,314.0
2024-03-07 09:00:00,5.8,421.0
2024-03-07 10:00:00,5.6,488.0
2024-03-07 11:00:00,6.0,511.0
2024-03-07 12:00:00,6.6,488.0
2024-03-07 13:00:00,8.4,421.0
2024-03-07 14:00:00,9.2,314.0
2024-03-07 15:00:00,6.7,181.0
2024-03-07 16:00:00,8.2,51.0
2024-03-07 17:00:00,7.6,0.0
2024-03-07 18:00:00,7.4,0.0
2024-03-07 19:00:00,6.7,0.0
2024-03-07 20:00:00,6.6,0.0
2024-03-07 21:00:00,7.4,0.0
2024-03-07 22:00:00,6.6,0.0
2024-03-07 23:00:00,6.4,0.0
2024-03-08 00:00:00,5.6,0.0
2024-03-08 01:00:00,6.7,0.0
2024-03-08 02:00:00,7.1,0.0
2024-03-08 03:00:00,7.4,0.0
2024-03-08 04:00:00,7.4,0.0
2024-03-08 05:00:00,7.9,0.0
2024-03-08 06:00:00,8.6,48.0
2024-03-08 07:00:00,8.1,144.0
2024-03-08 08:00:00,8.0,292.0
2024-03-08 09:00:00,8.2,422.0
2024-03-08 10:00:00,8.0,490.0
2024-03-08 11:00:00,7.8,513.0
2024-03-08 12:00:00,8.1,495.0
2024-03-08 13:00:00,11.0,413.0
2024-03-08 14:00:00,11.0,299.0
2024-03-08 15:00:00,10.4,163.0
2024-03-08 16:00:00,8.4,48.0
2024-03-08 17:00:00,9.7,0.0
2024-03-08 18:00:00,9.7,0.0
2024-03-08 19:00:00,8.8,0.0
2024-03-08 20:00:00,7.9,0.0
2024-03-08 21:00:00,6.6,0.0
2024-03-08 22:00:00,6.9,0.0
2024-03-08 23:00:00,6.7,0.0
2024-03-09 00:00:00,6.9,0.0
2024-03-09 01:00:00,6.1,0.0
2024-03-09 02:00:00,6.0,0.0
2024-03-09 03:00:00,6.3,0.0
2024-03-09 04:00:00,6.5,0.0
2024-03-09 05:00:00,6.5,0.0
2024-03-09 06:00:00,7.0,19.0
2024-03-09 07:00:00,6.5,72.0
2024-03-09 08:00:00,6.5,109.0
2024-03-09 09:00:00,5.8,129.0
2024-03-09 10:00:00,5.6,197.0
2024-03-09 11:00:00,5.5,197.0
2024-03-09 12:00:00,4.9,159.0
2024-03-09 13:00:00,4.0,141.0
2024-03-09 14:00:00,3.2,120.0
2024-03-09 15:00:00,2.7,59.0
2024-03-09 16:00:00,4.8,18.0
2024-03-09 17:00:00,7.7,0.0
2024-03-09 18:00:00,7.9,0.0
2024-03-09 19:00:00,8.1,0.0
2024-03-09 20:00:00,7.9,0.0
2024-03-09 21:00:00,7.4,0.0
2024-03-09 22:00:00,7.8,0.0
2024-03-09 23:00:00,8.2,0.0
2024-03-10 00:00:00,9.8,0.0
2024-03-10 01:00:00,11.4,0.0
2024-03-10 02:00:00,12.1,0.0
2024-03-10 03:00:00,12.6,0.0
2024-03-10 04:00:00,12.5,0.0
2024-03-10 05:00:00,13.2,1.0
2024-03-10 06:00:00,12.3,58.0
2024-03-10 07:00:00,14.1,195.0
2024-03-10 08:00:00,16.2,337.0
2024-03-10 09:00:00,17.9,447.0
2024-03-10 10:00:00,18.6,516.0
2024-03-10 11:00:00,19.2,541.0
2024-03-10 12:00:00,18.2,517.0
2024-03-10 13:00:00,18.1,446.0
2024-03-10 14:00:00,17.0,337.0
2024-03-10 15:00:00,14.8,201.0
2024-03-10 16:00:00,13.7,64.0
2024-03-10 17:00:00,14.5,1.0
2024-03-10 18:00:00,15.0,0.0
2024-03-10 19:00:00,15.3,0.0
2024-03-10 20:00:00,16.6,0.0
2024-03-10 21:00:00,17.1,0.0
2024-03-10 22:00:00,16.5,0.0
2024-03-10 23:00:00,16.1,0.0
2024-03-11 00:00:00,16.1,0.0
2024-03-11 01:00:00,16.3,0.0
2024-03-11 02:00:00,16.3,0.0
2024-03-11 03:00:00,16.9,0.0
2024-03-11 04:00:00,17.4,0.0
2024-03-11 05:00:00,17.7,1.0
2024-03-11 06:00:00,16.0,71.0
2024-03-11 07:00:00,18.4,211.0
2024-03-11 08:00:00,19.1,349.0
2024-03-11 09:00:00,19.1,458.0
2024-03-11 10:00:00,19.9,528.0
2024-03-11 11:00:00,20.1,551.0
2024-03-11 12:00:00,19.7,526.0
2024-03-11 13:00:00,20.5,455.0
2024-03-11 14:00:00,20.6,346.0
2024-03-11 15:00:00,17.7,202.0
2024-03-11 16:00:00,16.9,57.0
2024-03-11 17:00:00,17.9,1.0
2024-03-11 18:00:00,18.7,0.0
2024-03-11 19:00:00,17.7,0.0
2024-03-11 20:00:00,17.4,0.0
2024-03-11 21:00:00,17.0,0.0
2024-03-11 22:00:00,16.5,0.0
2024-03-11 23:00:00,16.1,0.0
2024-03-12 00:00:00,15.9,0.0
2024-03-12 01:00:00,15.6,0.0
2024-03-12 02:00:00,16.5,0.0
2024-03-12 03:00:00,16.7,0.0
2024-03-12 04:00:00,17.6,0.0
2024-03-12 05:00:00,18.2,1.0
2024-03-12 06:00:00,15.2,40.0
2024-03-12 07:00:00,15.6,118.0
2024-03-12 08:00:00,18.1,232.0
2024-03-12 09:00:00,18.9,328.0
2024-03-12 10:00:00,18.1,394.0
2024-03-12 11:00:00,16.9,206.0
2024-03-12 12:00:00,18.0,127.0
2024-03-12 13:00:00,17.0,87.0
2024-03-12 14:00:00,16.4,47.0
2024-03-12 15:00:00,17.3,33.0
2024-03-12 16:00:00,17.3,11.0
2024-03-12 17:00:00,18.3,0.0
2024-03-12 18:00:00,18.3,0.0
2024-03-12 19:00:00,16.6,0.0
2024-03-12 20:00:00,15.4,0.0
2024-03-12 21:00:00,15.0,0.0
2024-03-12 22:00:00,14.6,0.0
2024-03-12 23:00:00,13.8,0.0
2024-03-13 00:00:00,13.8,0.0
2024-03-13 01:00:00,13.5,0.0
2024-03-13 02:00:00,14.5,0.0
2024-03-13 03:00:00,13.8,0.0
2024-03-13 04:00:00,12.2,0.0
2024-03-13 05:00:00,10.7,2.0
2024-03-13 06:00:00,12.9,48.0
2024-03-13 07:00:00,15.0,97.0
2024-03-13 08:00:00,14.8,141.0
2024-03-13 09:00:00,13.0,126.0
2024-03-13 10:00:00,11.0,148.0
2024-03-13 11:00:00,10.9,143.0
2024-03-13 12:00:00,11.8,132.0
2024-03-13 13:00:00,13.6,208.0
2024-03-13 14:00:00,12.5,162.0
2024-03-13 15:00:00,11.0,89.0
2024-03-13 16:00:00,8.5,36.0
2024-03-13 17:00:00,8.9,1.0
2024-03-13 18:00:00,10.7,0.0
2024-03-13 19:00:00,10.6,0.0
2024-03-13 20:00:00,10.1,0.0
2024-03-13 21:00:00,8.4,0.0
2024-03-13 22:00:00,6.6,0.0
2024-03-13 23:00:00,6.5,0.0
2024-03-14 00:00:00,6.6,0.0
2024-03-14 01:00:00,7.9,0.0
2024-03-14 02:00:00,9.0,0.0
2024-03-14 03:00:00,9.4,0.0
2024-03-14 04:00:00,9.7,0.0
2024-03-14 05:00:00,7.6,2.0
2024-03-14 06:00:00,7.9,43.0
2024-03-14 07:00:00,11.4,129.0
2024-03-14 08:00:00,14.0,162.0
2024-03-14 09:00:00,14.8,178.0
2024-03-14 10:00:00,15.5,208.0
2024-03-14 11:00:00,15.0,236.0
2024-03-14 12:00:00,15.3,293.0
2024-03-14 13:00:00,15.2,233.0
2024-03-14 14:00:00,14.7,156.0
2024-03-14 15:00:00,14.5,104.0
2024-03-14 16:00:00,9.9,38.0
2024-03-14 17:00:00,10.2,1.0
2024-03-14 18:00:00,10.0,0.0
2024-03-14 19:00:00,10.8,0.0
2024-03-14 20:00:00,12.3,0.0
2024-03-14 21:00:00,13.5,0.0
2024-03-14 22:00:00,13.5,0.0
2024-03-14 23:00:00,12.8,0.0
2024-03-15 00:00:00,12.0,0.0
2024-03-15 01:00:00,12.5,0.0
2024-03-15 02:00:00,13.1,0.0
2024-03-15 03:00:00,14.1,0.0
2024-03-15 04:00:00,14.2,0.0
2024-03-15 05:00:00,14.7,4.0
2024-03-15 06:00:00,14.6,74.0
2024-03-15 07:00:00,14.9,195.0
2024-03-15 08:00:00,16.4,304.0
2024-03-15 09:00:00,17.2,387.0
2024-03-15 10:00:00,18.7,441.0
2024-03-15 11:00:00,16.6,414.0
2024-03-15 12:00:00,16.3,383.0
2024-03-15 13:00:00,15.5,315.0
2024-03-15 14:00:00,15.4,206.0
2024-03-15 15:00:00,15.6,136.0
2024-03-15 16:00:00,14.1,57.0
2024-03-15 17:00:00,13.3,3.0
2024-03-15 18:00:00,14.4,0.0
2024-03-15 19:00:00,15.2,0.0
2024-03-15 20:00:00,16.0,0.0
2024-03-15 21:00:00,16.4,0.0
2024-03-15 22:00:00,16.4,0.0
2024-03-15 23:00:00,17.1,0.0
2024-03-16 00:00:00,17.4,0.0
2024-03-16 01:00:00,17.3,0.0
2024-03-16 02:00:00,17.7,0.0
2024-03-16 03:00:00,17.0,0.0
2024-03-16 04:00:00,17.7,0.0
2024-03-16 05:00:00,18.0,4.0
2024-03-16 06:00:00,18.4,55.0
2024-03-16 07:00:00,17.3,148.0
2024-03-16 08:00:00,18.7,272.0
2024-03-16 09:00:00,19.1,390.0
2024-03-16 10:00:00,19.4,480.0
2024-03-16 11:00:00,19.8,521.0
2024-03-16 12:00:00,19.1,497.0
2024-03-16 13:00:00,20.6,426.0
2024-03-16 14:00:00,18.8,321.0
2024-03-16 15:00:00,15.9,163.0
2024-03-16 16:00:00,16.3,64.0
2024-03-16 17:00:00,16.0,3.0
2024-03-16 18:00:00,16.0,0.0
2024-03-16 19:00:00,15.9,0.0
2024-03-16 20:00:00,16.6,0.0
2024-03-16 21:00:00,15.9,0.0
2024-03-16 22:00:00,14.3,0.0
2024-03-16 23:00:00,13.1,0.0
2024-03-17 00:00:00,12.9,0.0
2024-03-17 01:00:00,12.2,0.0
2024-03-17 02:00:00,15.9,0.0
2024-03-17 03:00:00,14.8,0.0
2024-03-17 04:00:00,13.8,0.0
2024-03-17 05:00:00,12.6,2.0
2024-03-17 06:00:00,14.8,55.0
2024-03-17 07:00:00,16.6,208.0
2024-03-17 08:00:00,17.0,301.0
2024-03-17 09:00:00,17.8,287.0
2024-03-17 10:00:00,17.9,293.0
2024-03-17 11:00:00,18.7,263.0
2024-03-17 12:00:00,18.3,221.0
2024-03-17 13:00:00,18.3,193.0
2024-03-17 14:00:00,18.0,109.0
2024-03-17 15:00:00,14.6,43.0
2024-03-17 16:00:00,13.6,18.0
2024-03-17 17:00:00,13.1,2.0
2024-03-17 18:00:00,10.5,0.0
2024-03-17 19:00:00,7.3,0.0
2024-03-17 20:00:00,6.2,0.0
2024-03-17 21:00:00,4.8,0.0
2024-03-17 22:00:00,4.4,0.0
2024-03-17 23:00:00,5.6,0.0
2024-03-18 00:00:00,5.6,0.0
2024-03-18 01:00:00,2.9,0.0
2024-03-18 02:00:00,4.5,0.0
2024-03-18 03:00:00,3.6,0.0
2024-03-18 04:00:00,3.6,0.0
2024-03-18 05:00:00,4.4,4.0
2024-03-18 06:00:00,4.0,55.0
2024-03-18 07:00:00,4.0,158.0
2024-03-18 08:00:00,3.3,331.0
2024-03-18 09:00:00,4.8,420.0
2024-03-18 10:00:00,8.2,258.0
2024-03-18 11:00:00,8.9,217.0
2024-03-18 12:00:00,8.8,189.0
2024-03-18 13:00:00,10.3,227.0
2024-03-18 14:00:00,11.0,247.0
2024-03-18 15:00:00,12.2,144.0
2024-03-18 16:00:00,11.8,54.0
2024-03-18 17:00:00,14.3,3.0
2024-03-18 18:00:00,13.7,0.0
2024-03-18 19:00:00,12.7,0.0
2024-03-18 20:00:00,12.0,0.0
2024-03-18 21:00:00,12.6,0.0
2024-03-18 22:00:00,12.4,0.0
2024-03-18 23:00:00,11.6,0.0
2024-03-19 00:00:00,11.9,0.0
2024-03-19 01:00:00,11.5,0.0
2024-03-19 02:00:00,12.2,0.0
2024-03-19 03:00:00,12.6,0.0
2024-03-19 04:00:00,12.3,0.0
2024-03-19 05:00:00,12.2,2.0
2024-03-19 06:00:00,12.2,17.0
2024-03-19 07:00:00,13.1,40.0
2024-03-19 08:00:00,13.0,50.0
2024-03-19 09:00:00,14.0,67.0
2024-03-19 10:00:00,13.8,140.0
2024-03-19 11:00:00,13.9,201.0
2024-03-19 12:00:00,13.3,215.0
2024-03-19 13:00:00,14.1,150.0
2024-03-19 14:00:00,13.0,117.0
2024-03-19 15:00:00,9.2,69.0
2024-03-19 16:00:00,7.2,39.0
2024-03-19 17:00:00,8.0,3.0
2024-03-19 18:00:00,7.9,0.0
2024-03-19 19:00:00,7.2,0.0
2024-03-19 20:00:00,5.9,0.0
2024-03-19 21:00:00,5.1,0.0
2024-03-19 22:00:00,5.2,0.0
2024-03-19 23:00:00,6.9,0.0
2024-03-20 00:00:00,6.1,0.0
2024-03-20 01:00:00,5.9,0.0
2024-03-20 02:00:00,5.9,0.0
2024-03-20 03:00:00,5.1,0.0
2024-03-20 04:00:00,5.1,0.0
2024-03-20 05:00:00,5.8,5.0
2024-03-20 06:00:00,4.0,54.0
2024-03-20 07:00:00,2.9,229.0
2024-03-20 08:00:00,7.6,384.0
2024-03-20 09:00:00,4.7,329.0
2024-03-20 10:00:00,3.3,274.0
2024-03-20 11:00:00,2.3,345.0
2024-03-20 12:00:00,1.9,383.0
2024-03-20 13:00:00,3.1,245.0
2024-03-20 14:00:00,5.4,180.0
2024-03-20 15:00:00,6.8,131.0
2024-03-20 16:00:00,4.1,78.0
2024-03-20 17:00:00,6.8,6.0
2024-03-20 18:00:00,6.3,0.0
2024-03-20 19:00:00,8.7,0.0
2024-03-20 20:00:00,8.3,0.0
2024-03-20 21:00:00,7.4,0.0
2024-03-20 22:00:00,8.9,0.0
2024-03-20 23:00:00,7.1,0.0
2024-03-21 00:00:00,8.9,0.0
2024-03-21 01:00:00,9.8,0.0
2024-03-21 02:00:00,10.4,0.0
2024-03-21 03:00:00,10.6,0.0
2024-03-21 04:00:00,10.9,0.0
2024-03-21 05:00:00,11.2,13.0
2024-03-21 06:00:00,11.2,111.0
2024-03-21 07:00:00,10.2,252.0
2024-03-21 08:00:00,10.6,381.0
2024-03-21 09:00:00,13.9,481.0
2024-03-21 10:00:00,16.4,483.0
2024-03-21 11:00:00,15.5,364.0
2024-03-21 12:00:00,15.5,289.0
2024-03-21 13:00:00,14.5,338.0
2024-03-21 14:00:00,14.9,221.0
2024-03-21 15:00:00,11.4,130.0
2024-03-21 16:00:00,10.1,53.0
2024-03-21 17:00:00,11.6,5.0
2024-03-21 18:00:00,12.7,0.0
2024-03-21 19:00:00,13.2,0.0
2024-03-21 20:00:00,11.4,0.0
2024-03-21 21:00:00,12.5,0.0
2024-03-21 22:00:00,11.9,0.0
2024-03-21 23:00:00,11.5,0.0
2024-03-22 00:00:00,12.6,0.0
2024-03-22 01:00:00,12.1,0.0
2024-03-22 02:00:00,12.8,0.0
2024-03-22 03:00:00,12.4,0.0
2024-03-22 04:00:00,11.8,0.0
2024-03-22 05:00:00,11.3,2.0
2024-03-22 06:00:00,12.1,21.0
2024-03-22 07:00:00,12.8,40.0
2024-03-22 08:00:00,12.3,86.0
2024-03-22 09:00:00,14.0,106.0
2024-03-22 10:00:00,14.0,102.0
2024-03-22 11:00:00,14.3,135.0
2024-03-22 12:00:00,13.2,94.0
2024-03-22 13:00:00,12.3,69.0
2024-03-22 14:00:00,11.5,51.0
2024-03-22 15:00:00,14.1,43.0
2024-03-22 16:00:00,15.3,16.0
2024-03-22 17:00:00,16.1,2.0
2024-03-22 18:00:00,18.6,0.0
2024-03-22 19:00:00,19.6,0.0
2024-03-22 20:00:00,20.0,0.0
2024-03-22 21:00:00,20.2,0.0
2024-03-22 22:00:00,20.1,0.0
2024-03-22 23:00:00,18.8,0.0
2024-03-23 00:00:00,19.9,0.0
2024-03-23 01:00:00,18.7,0.0
2024-03-23 02:00:00,18.9,0.0
2024-03-23 03:00:00,18.0,0.0
2024-03-23 04:00:00,16.6,0.0
2024-03-23 05:00:00,14.4,7.0
2024-03-23 06:00:00,15.1,29.0
2024-03-23 07:00:00,13.7,64.0
2024-03-23 08:00:00,15.9,140.0
2024-03-23 09:00:00,16.2,318.0
2024-03-23 10:00:00,15.2,202.0
2024-03-23 11:00:00,14.4,176.0
2024-03-23 12:00:00,11.6,124.0
2024-03-23 13:00:00,7.6,143.0
2024-03-23 14:00:00,7.0,88.0
2024-03-23 15:00:00,3.7,40.0
2024-03-23 16:00:00,4.1,19.0
2024-03-23 17:00:00,7.8,2.0
2024-03-23 18:00:00,9.3,0.0
2024-03-23 19:00:00,8.8,0.0
2024-03-23 20:00:00,8.8,0.0
2024-03-23 21:00:00,11.6,0.0
2024-03-23 22:00:00,16.0,0.0
2024-03-23 23:00:00,15.5,0.0
2024-03-24 00:00:00,14.0,0.0
2024-03-24 01:00:00,16.4,0.0
2024-03-24 02:00:00,18.5,0.0
2024-03-24 03:00:00,18.9,0.0
2024-03-24 04:00:00,15.0,0.0
2024-03-24 05:00:00,14.2,8.0
2024-03-24 06:00:00,16.4,75.0
2024-03-24 07:00:00,15.3,99.0
2024-03-24 08:00:00,15.5,163.0
2024-03-24 09:00:00,16.5,208.0
2024-03-24 10:00:00,17.5,264.0
2024-03-24 11:00:00,16.5,357.0
2024-03-24 12:00:00,19.6,445.0
2024-03-24 13:00:00,20.1,424.0
2024-03-24 14:00:00,18.2,303.0
2024-03-24 15:00:00,16.9,190.0
2024-03-24 16:00:00,12.4,90.0
2024-03-24 17:00:00,9.3,11.0
2024-03-24 18:00:00,10.8,0.0
2024-03-24 19:00:00,8.0,0.0
2024-03-24 20:00:00,6.1,0.0
2024-03-24 21:00:00,6.1,0.0
2024-03-24 22:00:00,6.6,0.0
2024-03-24 23:00:00,7.1,0.0
2024-03-25 00:00:00,6.6,0.0
2024-03-25 01:00:00,8.2,0.0
2024-03-25 02:00:00,7.8,0.0
2024-03-25 03:00:00,7.6,0.0
2024-03-25 04:00:00,6.9,0.0
2024-03-25 05:00:00,8.6,24.0
2024-03-25 06:00:00,9.4,141.0
2024-03-25 07:00:00,9.4,285.0
2024-03-25 08:00:00,9.3,418.0
2024-03-25 09:00:00,8.9,516.0
2024-03-25 10:00:00,8.4,559.0
2024-03-25 11:00:00,8.4,559.0
2024-03-25 12:00:00,6.0,468.0
2024-03-25 13:00:00,13.8,292.0
2024-03-25 14:00:00,7.2,235.0
2024-03-25 15:00:00,6.4,203.0
2024-03-25 16:00:00,5.5,109.0
2024-03-25 17:00:00,9.6,11.0
2024-03-25 18:00:00,5.8,0.0
2024-03-25 19:00:00,9.2,0.0
2024-03-25 20:00:00,6.6,0.0
2024-03-25 21:00:00,8.3,0.0
2024-03-25 22:00:00,8.0,0.0
2024-03-25 23:00:00,8.5,0.0
2024-03-26 00:00:00,8.6,0.0
2024-03-26 01:00:00,7.3,0.0
2024-03-26 02:00:00,6.5,0.0
2024-03-26 03:00:00,6.8,0.0
2024-03-26 04:00:00,6.8,0.0
2024-03-26 05:00:00,8.0,26.0
2024-03-26 06:00:00,8.7,144.0
2024-03-26 07:00:00,7.2,287.0
2024-03-26 08:00:00,8.7,422.0
2024-03-26 09:00:00,13.2,525.0
2024-03-26 10:00:00,12.7,494.0
2024-03-26 11:00:00,12.7,518.0
2024-03-26 12:00:00,13.2,495.0
2024-03-26 13:00:00,10.9,417.0
2024-03-26 14:00:00,12.1,379.0
2024-03-26 15:00:00,9.9,205.0
2024-03-26 16:00:00,7.6,84.0
2024-03-26 17:00:00,9.5,13.0
2024-03-26 18:00:00,11.3,0.0
2024-03-26 19:00:00,11.8,0.0
2024-03-26 20:00:00,12.1,0.0
2024-03-26 21:00:00,13.1,0.0
2024-03-26 22:00:00,14.9,0.0
2024-03-26 23:00:00,15.3,0.0
2024-03-27 00:00:00,15.8,0.0
2024-03-27 01:00:00,15.5,0.0
2024-03-27 02:00:00,15.3,0.0
2024-03-27 03:00:00,16.5,0.0
2024-03-27 04:00:00,17.3,0.0
2024-03-27 05:00:00,18.4,29.0
2024-03-27 06:00:00,16.6,129.0
2024-03-27 07:00:00,19.1,302.0
2024-03-27 08:00:00,22.8,424.0
2024-03-27 09:00:00,25.5,543.0
2024-03-27 10:00:00,28.0,605.0
2024-03-27 11:00:00,28.3,560.0
2024-03-27 12:00:00,27.6,436.0
2024-03-27 13:00:00,27.7,399.0
2024-03-27 14:00:00,27.9,355.0
2024-03-27 15:00:00,25.3,261.0
2024-03-27 16:00:00,23.8,129.0
2024-03-27 17:00:00,22.6,18.0
2024-03-27 18:00:00,22.0,0.0
2024-03-27 19:00:00,22.3,0.0
2024-03-27 20:00:00,22.9,0.0
2024-03-27 21:00:00,23.0,0.0
2024-03-27 22:00:00,22.6,0.0
2024-03-27 23:00:00,20.9,0.0
2024-03-28 00:00:00,20.1,0.0
2024-03-28 01:00:00,19.7,0.0
2024-03-28 02:00:00,20.0,0.0
2024-03-28 03:00:00,20.5,0.0
2024-03-28 04:00:00,21.4,0.0
2024-03-28 05:00:00,21.9,33.0
2024-03-28 06:00:00,18.7,154.0
2024-03-28 07:00:00,22.1,298.0
2024-03-28 08:00:00,21.6,423.0
2024-03-28 09:00:00,20.1,414.0
2024-03-28 10:00:00,21.5,488.0
2024-03-28 11:00:00,21.4,410.0
2024-03-28 12:00:00,21.4,368.0
2024-03-28 13:00:00,22.2,398.0
2024-03-28 14:00:00,21.9,360.0
2024-03-28 15:00:00,19.9,207.0
2024-03-28 16:00:00,20.2,107.0
2024-03-28 17:00:00,20.3,16.0
2024-03-28 18:00:00,18.4,0.0
2024-03-28 19:00:00,17.4,0.0
2024-03-28 20:00:00,17.1,0.0
2024-03-28 21:00:00,15.0,0.0
2024-03-28 22:00:00,12.4,0.0
2024-03-28 23:00:00,11.9,0.0
2024-03-29 00:00:00,13.1,0.0
2024-03-29 01:00:00,15.5,0.0
2024-03-29 02:00:00,17.9,0.0
2024-03-29 03:00:00,18.8,0.0
2024-03-29 04:00:00,17.7,0.0
2024-03-29 05:00:00,14.5,11.0
2024-03-29 06:00:00,16.9,112.0
2024-03-29 07:00:00,20.1,250.0
2024-03-29 08:00:00,20.2,225.0
2024-03-29 09:00:00,19.2,289.0
2024-03-29 10:00:00,21.6,483.0
2024-03-29 11:00:00,23.4,452.0
2024-03-29 12:00:00,23.8,461.0
2024-03-29 13:00:00,23.0,483.0
2024-03-29 14:00:00,22.5,359.0
2024-03-29 15:00:00,17.8,246.0
2024-03-29 16:00:00,10.4,119.0
2024-03-29 17:00:00,8.7,22.0
2024-03-29 18:00:00,8.7,0.0
2024-03-29 19:00:00,10.0,0.0
2024-03-29 20:00:00,13.0,0.0
2024-03-29 21:00:00,12.2,0.0
2024-03-29 22:00:00,12.4,0.0
2024-03-29 23:00:00,11.2,0.0
2024-03-30 00:00:00,13.0,0.0
2024-03-30 01:00:00,12.1,0.0
2024-03-30 02:00:00,15.2,0.0
2024-03-30 03:00:00,16.3,0.0
2024-03-30 04:00:00,18.9,0.0
2024-03-30 05:00:00,18.9,31.0
2024-03-30 06:00:00,17.7,54.0
2024-03-30 07:00:00,16.4,72.0
2024-03-30 08:00:00,15.3,187.0
2024-03-30 09:00:00,13.7,306.0
2024-03-30 10:00:00,12.4,553.0
2024-03-30 11:00:00,11.2,585.0
2024-03-30 12:00:00,9.7,581.0
2024-03-30 13:00:00,8.9,520.0
2024-03-30 14:00:00,7.1,397.0
2024-03-30 15:00:00,2.8,259.0
2024-03-30 16:00:00,4.2,136.0
2024-03-30 17:00:00,7.4,24.0
2024-03-30 18:00:00,7.4,0.0
2024-03-30 19:00:00,8.5,0.0
2024-03-30 20:00:00,10.2,0.0
2024-03-30 21:00:00,11.4,0.0
2024-03-30 22:00:00,10.4,0.0
2024-03-30 23:00:00,10.8,0.0
2024-03-31 00:00:00,12.1,0.0
2024-03-31 01:00:00,13.9,0.0
2024-03-31 02:00:00,13.8,0.0
2024-03-31 03:00:00,13.7,0.0
2024-03-31 04:00:00,15.2,0.0
2024-03-31 05:00:00,16.1,42.0
2024-03-31 06:00:00,13.7,172.0
2024-03-31 07:00:00,14.8,315.0
2024-03-31 08:00:00,15.1,447.0
2024-03-31 09:00:00,12.6,549.0
2024-03-31 10:00:00,15.5,611.0
2024-03-31 11:00:00,16.3,626.0
2024-03-31 12:00:00,20.0,593.0
2024-03-31 13:00:00,20.1,511.0
2024-03-31 14:00:00,18.2,390.0
2024-03-31 15:00:00,23.0,247.0
2024-03-31 16:00:00,15.2,91.0
2024-03-31 17:00:00,14.1,21.0
2024-03-31 18:00:00,16.9,0.0
2024-03-31 19:00:00,15.5,0.0
2024-03-31 20:00:00,15.8,0.0
2024-03-31 21:00:00,16.9,0.0
2024-03-31 22:00:00,16.3,0.0
2024-03-31 23:00:00,16.6,0.0
2024-04-01 00:00:00,15.4,0.0
2024-04-01 01:00:00,15.9,0.0
2024-04-01 02:00:00,13.4,0.0
2024-04-01 03:00:00,13.4,0.0
2024-04-01 04:00:00,13.7,0.0
2024-04-01 05:00:00,15.2,45.0
2024-04-01 06:00:00,14.2,155.0
2024-04-01 07:00:00,13.7,312.0
2024-04-01 08:00:00,13.6,417.0
2024-04-01 09:00:00,15.5,552.0
2024-04-01 10:00:00,17.7,613.0
2024-04-01 11:00:00,17.7,632.0
2024-04-01 12:00:00,17.7,606.0
2024-04-01 13:00:00,15.2,500.0
2024-04-01 14:00:00,10.2,341.0
2024-04-01 15:00:00,9.8,239.0
2024-04-01 16:00:00,10.1,87.0
2024-04-01 17:00:00,9.8,21.0
2024-04-01 18:00:00,7.7,0.0
2024-04-01 19:00:00,9.7,0.0
2024-04-01 20:00:00,9.5,0.0
2024-04-01 21:00:00,11.3,0.0
2024-04-01 22:00:00,12.0,0.0
2024-04-01 23:00:00,12.5,0.0
2024-04-02 00:00:00,14.3,0.0
2024-04-02 01:00:00,12.4,0.0
2024-04-02 02:00:00,11.2,0.0
2024-04-02 03:00:00,10.8,0.0
2024-04-02 04:00:00,11.2,0.0
2024-04-02 05:00:00,13.4,37.0
2024-04-02 06:00:00,14.1,122.0
2024-04-02 07:00:00,12.2,248.0
2024-04-02 08:00:00,8.6,150.0
2024-04-02 09:00:00,8.3,453.0
2024-04-02 10:00:00,10.5,402.0
2024-04-02 11:00:00,11.2,575.0
2024-04-02 12:00:00,12.1,554.0
2024-04-02 13:00:00,18.4,238.0
2024-04-02 14:00:00,25.5,218.0
2024-04-02 15:00:00,23.6,125.0
2024-04-02 16:00:00,23.3,80.0
2024-04-02 17:00:00,23.7,14.0
2024-04-02 18:00:00,25.1,0.0
2024-04-02 19:00:00,27.4,0.0
2024-04-02 20:00:00,30.2,0.0
2024-04-02 21:00:00,28.8,0.0
2024-04-02 22:00:00,25.8,0.0
2024-04-02 23:00:00,24.6,0.0
2024-04-03 00:00:00,28.0,0.0
2024-04-03 01:00:00,29.6,0.0
2024-04-03 02:00:00,30.1,0.0
2024-04-03 03:00:00,30.8,0.0
2024-04-03 04:00:00,29.9,0.0
2024-04-03 05:00:00,29.1,5.0
2024-04-03 06:00:00,27.4,14.0
2024-04-03 07:00:00,28.2,31.0
2024-04-03 08:00:00,30.2,48.0
2024-04-03 09:00:00,30.5,65.0
2024-04-03 10:00:00,34.7,66.0
2024-04-03 11:00:00,36.7,68.0
2024-04-03 12:00:00,33.8,61.0
2024-04-03 13:00:00,27.7,74.0
2024-04-03 14:00:00,25.9,54.0
2024-04-03 15:00:00,26.3,27.0
2024-04-03 16:00:00,23.8,15.0
2024-04-03 17:00:00,21.0,5.0
2024-04-03 18:00:00,18.9,0.0
2024-04-03 19:00:00,19.5,0.0
2024-04-03 20:00:00,20.8,0.0
2024-04-03 21:00:00,17.0,0.0
2024-04-03 22:00:00,18.1,0.0
2024-04-03 23:00:00,17.8,0.0
2024-04-04 00:00:00,16.6,0.0
2024-04-04 01:00:00,16.6,0.0
2024-04-04 02:00:00,14.0,0.0
2024-04-04 03:00:00,13.5,0.0
2024-04-04 04:00:00,12.3,1.0
2024-04-04 05:00:00,11.9,30.0
2024-04-04 06:00:00,10.5,87.0
2024-04-04 07:00:00,8.1,208.0
2024-04-04 08:00:00,6.1,291.0
2024-04-04 09:00:00,3.7,420.0
2024-04-04 10:00:00,2.5,590.0
2024-04-04 11:00:00,3.1,616.0
2024-04-04 12:00:00,3.4,469.0
2024-04-04 13:00:00,2.8,388.0
2024-04-04 14:00:00,4.1,328.0
2024-04-04 15:00:00,8.2,293.0
2024-04-04 16:00:00,7.7,150.0
2024-04-04 17:00:00,10.0,32.0
2024-04-04 18:00:00,13.1,0.0
2024-04-04 19:00:00,14.2,0.0
2024-04-04 20:00:00,13.6,0.0
2024-04-04 21:00:00,14.1,0.0
2024-04-04 22:00:00,16.8,0.0
2024-04-04 23:00:00,18.1,0.0
2024-04-05 00:00:00,18.1,0.0
2024-04-05 01:00:00,18.8,0.0
2024-04-05 02:00:00,20.2,0.0
2024-04-05 03:00:00,21.1,0.0
2024-04-05 04:00:00,21.9,0.0
2024-04-05 05:00:00,22.7,18.0
2024-04-05 06:00:00,22.8,26.0
2024-04-05 07:00:00,22.7,34.0
2024-04-05 08:00:00,20.6,82.0
2024-04-05 09:00:00,18.4,126.0
2024-04-05 10:00:00,14.4,117.0
2024-04-05 11:00:00,12.4,249.0
2024-04-05 12:00:00,12.1,215.0
2024-04-05 13:00:00,15.2,222.0
2024-04-05 14:00:00,14.2,224.0
2024-04-05 15:00:00,13.8,242.0
2024-04-05 16:00:00,10.5,140.0
2024-04-05 17:00:00,8.4,36.0
2024-04-05 18:00:00,10.8,0.0
2024-04-05 19:00:00,12.5,0.0
2024-04-05 20:00:00,12.4,0.0
2024-04-05 21:00:00,12.1,0.0
2024-04-05 22:00:00,12.7,0.0
2024-04-05 23:00:00,12.6,0.0
2024-04-06 00:00:00,13.5,0.0
2024-04-06 01:00:00,14.4,0.0
2024-04-06 02:00:00,15.2,0.0
2024-04-06 03:00:00,17.0,0.0
2024-04-06 04:00:00,19.2,1.0
2024-04-06 05:00:00,20.7,9.0
2024-04-06 06:00:00,19.6,18.0
2024-04-06 07:00:00,20.0,41.0
2024-04-06 08:00:00,15.9,97.0
2024-04-06 09:00:00,22.8,454.0
2024-04-06 10:00:00,22.1,348.0
2024-04-06 11:00:00,18.0,150.0
2024-04-06 12:00:00,13.4,106.0
2024-04-06 13:00:00,17.4,76.0
2024-04-06 14:00:00,18.9,147.0
2024-04-06 15:00:00,21.3,171.0
2024-04-06 16:00:00,18.6,49.0
2024-04-06 17:00:00,15.2,9.0
2024-04-06 18:00:00,14.2,0.0
2024-04-06 19:00:00,13.7,0.0
2024-04-06 20:00:00,13.5,0.0
2024-04-06 21:00:00,13.4,0.0
2024-04-06 22:00:00,12.2,0.0
2024-04-06 23:00:00,9.4,0.0
2024-04-07 00:00:00,9.2,0.0
2024-04-07 01:00:00,8.3,0.0
2024-04-07 02:00:00,6.1,0.0
2024-04-07 03:00:00,5.8,0.0
2024-04-07 04:00:00,5.6,2.0
2024-04-07 05:00:00,7.0,33.0
2024-04-07 06:00:00,7.7,97.0
2024-04-07 07:00:00,10.0,179.0
2024-04-07 08:00:00,12.5,239.0
2024-04-07 09:00:00,14.0,301.0
2024-04-07 10:00:00,14.0,387.0
2024-04-07 11:00:00,13.2,536.0
2024-04-07 12:00:00,14.3,618.0
2024-04-07 13:00:00,14.0,553.0
2024-04-07 14:00:00,15.3,427.0
2024-04-07 15:00:00,15.9,292.0
2024-04-07 16:00:00,14.0,158.0
2024-04-07 17:00:00,15.8,41.0
2024-04-07 18:00:00,18.4,0.0
2024-04-07 19:00:00,19.4,0.0
2024-04-07 20:00:00,18.6,0.0
2024-04-07 21:00:00,17.8,0.0
2024-04-07 22:00:00,17.1,0.0
2024-04-07 23:00:00,14.7,0.0
2024-04-08 00:00:00,13.6,0.0
2024-04-08 01:00:00,11.8,0.0
2024-04-08 02:00:00,11.2,0.0
2024-04-08 03:00:00,9.7,0.0
2024-04-08 04:00:00,7.0,4.0
2024-04-08 05:00:00,7.1,69.0
2024-04-08 06:00:00,4.1,199.0
2024-04-08 07:00:00,3.7,272.0
2024-04-08 08:00:00,2.1,449.0
2024-04-08 09:00:00,1.5,508.0
2024-04-08 10:00:00,1.8,529.0
2024-04-08 11:00:00,6.0,361.0
2024-04-08 12:00:00,7.4,222.0
2024-04-08 13:00:00,7.6,351.0
2024-04-08 14:00:00,8.0,214.0
2024-04-08 15:00:00,6.5,142.0
2024-04-08 16:00:00,7.9,97.0
2024-04-08 17:00:00,7.3,26.0
2024-04-08 18:00:00,9.9,0.0
2024-04-08 19:00:00,8.8,0.0
2024-04-08 20:00:00,10.1,0.0
2024-04-08 21:00:00,10.8,0.0
2024-04-08 22:00:00,12.0,0.0
2024-04-08 23:00:00,13.1,0.0
2024-04-09 00:00:00,14.2,0.0
2024-04-09 01:00:00,13.4,0.0
2024-04-09 02:00:00,13.5,0.0
2024-04-09 03:00:00,13.4,0.0
2024-04-09 04:00:00,13.2,5.0
2024-04-09 05:00:00,15.3,80.0
2024-04-09 06:00:00,14.2,218.0
2024-04-09 07:00:00,13.4,356.0
2024-04-09 08:00:00,12.4,488.0
2024-04-09 09:00:00,12.7,590.0
2024-04-09 10:00:00,12.9,649.0
2024-04-09 11:00:00,14.0,658.0
2024-04-09 12:00:00,15.0,630.0
2024-04-09 13:00:00,13.0,561.0
2024-04-09 14:00:00,9.8,456.0
2024-04-09 15:00:00,7.3,323.0
2024-04-09 16:00:00,8.7,177.0
2024-04-09 17:00:00,11.1,50.0
2024-04-09 18:00:00,11.0,0.0
2024-04-09 19:00:00,10.5,0.0
2024-04-09 20:00:00,9.8,0.0
2024-04-09 21:00:00,9.8,0.0
2024-04-09 22:00:00,9.6,0.0
2024-04-09 23:00:00,10.0,0.0
2024-04-10 00:00:00,10.3,0.0
2024-04-10 01:00:00,10.2,0.0
2024-04-10 02:00:00,10.7,0.0
2024-04-10 03:00:00,11.1,0.0
2024-04-10 04:00:00,11.7,6.0
2024-04-10 05:00:00,12.6,89.0
2024-04-10 06:00:00,11.3,218.0
2024-04-10 07:00:00,9.8,325.0
2024-04-10 08:00:00,9.4,411.0
2024-04-10 09:00:00,9.5,401.0
2024-04-10 10:00:00,8.9,498.0
2024-04-10 11:00:00,10.4,597.0
2024-04-10 12:00:00,11.9,585.0
2024-04-10 13:00:00,19.6,534.0
2024-04-10 14:00:00,19.3,451.0
2024-04-10 15:00:00,22.6,324.0
2024-04-10 16:00:00,22.1,177.0
2024-04-10 17:00:00,22.7,49.0
2024-04-10 18:00:00,21.3,1.0
2024-04-10 19:00:00,17.9,0.0
2024-04-10 20:00:00,19.3,0.0
2024-04-10 21:00:00,20.5,0.0
2024-04-10 22:00:00,20.2,0.0
2024-04-10 23:00:00,18.3,0.0
2024-04-11 00:00:00,15.8,0.0
2024-04-11 01:00:00,13.9,0.0
2024-04-11 02:00:00,13.5,0.0
2024-04-11 03:00:00,13.8,0.0
2024-04-11 04:00:00,14.0,6.0
2024-04-11 05:00:00,13.3,53.0
2024-04-11 06:00:00,13.9,226.0
2024-04-11 07:00:00,14.4,390.0
2024-04-11 08:00:00,14.6,525.0
2024-04-11 09:00:00,15.2,628.0
2024-04-11 10:00:00,15.5,691.0
2024-04-11 11:00:00,16.2,706.0
2024-04-11 12:00:00,16.6,673.0
2024-04-11 13:00:00,16.3,599.0
2024-04-11 14:00:00,15.9,487.0
2024-04-11 15:00:00,15.6,347.0
2024-04-11 16:00:00,13.9,171.0
2024-04-11 17:00:00,11.0,54.0
2024-04-11 18:00:00,11.0,1.0
2024-04-11 19:00:00,14.8,0.0
2024-04-11 20:00:00,16.8,0.0
2024-04-11 21:00:00,17.9,0.0
2024-04-11 22:00:00,18.0,0.0
2024-04-11 23:00:00,18.7,0.0
2024-04-12 00:00:00,18.9,0.0
2024-04-12 01:00:00,22.1,0.0
2024-04-12 02:00:00,20.9,0.0
2024-04-12 03:00:00,20.3,0.0
2024-04-12 04:00:00,19.7,3.0
2024-04-12 05:00:00,22.7,25.0
2024-04-12 06:00:00,24.2,60.0
2024-04-12 07:00:00,24.1,89.0
2024-04-12 08:00:00,25.5,136.0
2024-04-12 09:00:00,24.0,183.0
2024-04-12 10:00:00,25.2,407.0
2024-04-12 11:00:00,26.0,471.0
2024-04-12 12:00:00,24.2,527.0
2024-04-12 13:00:00,24.2,476.0
2024-04-12 14:00:00,22.0,381.0
2024-04-12 15:00:00,19.8,234.0
2024-04-12 16:00:00,17.5,135.0
2024-04-12 17:00:00,19.0,48.0
2024-04-12 18:00:00,17.8,1.0
2024-04-12 19:00:00,15.6,0.0
2024-04-12 20:00:00,13.1,0.0
2024-04-12 21:00:00,11.5,0.0
2024-04-12 22:00:00,8.4,0.0
2024-04-12 23:00:00,8.9,0.0
2024-04-13 00:00:00,10.0,0.0
2024-04-13 01:00:00,18.1,0.0
2024-04-13 02:00:00,18.3,0.0
2024-04-13 03:00:00,16.4,0.0
2024-04-13 04:00:00,19.6,1.0
2024-04-13 05:00:00,21.3,12.0
2024-04-13 06:00:00,20.7,68.0
2024-04-13 07:00:00,22.5,160.0
2024-04-13 08:00:00,22.1,140.0
2024-04-13 09:00:00,23.9,186.0
2024-04-13 10:00:00,25.2,175.0
2024-04-13 11:00:00,23.5,245.0
2024-04-13 12:00:00,21.7,190.0
2024-04-13 13:00:00,21.0,158.0
2024-04-13 14:00:00,20.3,141.0
2024-04-13 15:00:00,20.2,113.0
2024-04-13 16:00:00,18.9,107.0
2024-04-13 17:00:00,17.7,32.0
2024-04-13 18:00:00,15.1,1.0
2024-04-13 19:00:00,11.4,0.0
2024-04-13 20:00:00,11.5,0.0
2024-04-13 21:00:00,11.8,0.0
2024-04-13 22:00:00,11.5,0.0
2024-04-13 23:00:00,13.0,0.0
2024-04-14 00:00:00,13.0,0.0
2024-04-14 01:00:00,12.5,0.0
2024-04-14 02:00:00,11.6,0.0
2024-04-14 03:00:00,14.0,0.0
2024-04-14 04:00:00,15.3,6.0
2024-04-14 05:00:00,14.7,73.0
2024-04-14 06:00:00,15.3,108.0
2024-04-14 07:00:00,20.8,167.0
2024-04-14 08:00:00,17.4,118.0
2024-04-14 09:00:00,24.5,95.0
2024-04-14 10:00:00,26.4,220.0
2024-04-14 11:00:00,32.9,539.0
2024-04-14 12:00:00,29.6,227.0
2024-04-14 13:00:00,30.7,400.0
2024-04-14 14:00:00,32.2,489.0
2024-04-14 15:00:00,29.9,364.0
2024-04-14 16:00:00,28.9,212.0
2024-04-14 17:00:00,27.2,69.0
2024-04-14 18:00:00,24.1,2.0
2024-04-14 19:00:00,20.6,0.0
2024-04-14 20:00:00,23.7,0.0
2024-04-14 21:00:00,25.4,0.0
2024-04-14 22:00:00,26.6,0.0
2024-04-14 23:00:00,27.3,0.0
2024-04-15 00:00:00,27.5,0.0
2024-04-15 01:00:00,25.7,0.0
2024-04-15 02:00:00,24.4,0.0
2024-04-15 03:00:00,23.6,0.0
2024-04-15 04:00:00,23.7,13.0
2024-04-15 05:00:00,22.9,102.0
2024-04-15 06:00:00,32.1,197.0
2024-04-15 07:00:00,32.0,300.0
2024-04-15 08:00:00,32.0,349.0
2024-04-15 09:00:00,31.8,397.0
2024-04-15 10:00:00,30.7,398.0
2024-04-15 11:00:00,30.1,538.0
2024-04-15 12:00:00,28.7,563.0
2024-04-15 13:00:00,25.7,469.0
2024-04-15 14:00:00,22.8,435.0
2024-04-15 15:00:00,21.2,322.0
2024-04-15 16:00:00,16.4,183.0
2024-04-15 17:00:00,11.9,65.0
2024-04-15 18:00:00,10.4,2.0
2024-04-15 19:00:00,7.4,0.0
2024-04-15 20:00:00,6.1,0.0
2024-04-15 21:00:00,9.2,0.0
2024-04-15 22:00:00,4.8,0.0
2024-04-15 23:00:00,4.9,0.0
2024-04-16 00:00:00,9.0,0.0
2024-04-16 01:00:00,4.5,0.0
2024-04-16 02:00:00,8.8,0.0
2024-04-16 03:00:00,9.0,0.0
2024-04-16 04:00:00,11.5,11.0
2024-04-16 05:00:00,14.0,85.0
2024-04-16 06:00:00,12.2,127.0
2024-04-16 07:00:00,12.2,123.0
2024-04-16 08:00:00,15.8,61.0
2024-04-16 09:00:00,16.0,185.0
2024-04-16 10:00:00,16.6,64.0
2024-04-16 11:00:00,22.9,114.0
2024-04-16 12:00:00,23.7,324.0
2024-04-16 13:00:00,25.6,446.0
2024-04-16 14:00:00,30.9,413.0
2024-04-16 15:00:00,24.5,212.0
2024-04-16 16:00:00,21.7,181.0
2024-04-16 17:00:00,18.9,46.0
2024-04-16 18:00:00,11.7,3.0
2024-04-16 19:00:00,10.6,0.0
2024-04-16 20:00:00,10.1,0.0
2024-04-16 21:00:00,14.5,0.0
2024-04-16 22:00:00,14.2,0.0
2024-04-16 23:00:00,14.6,0.0
2024-04-17 00:00:00,15.0,0.0
2024-04-17 01:00:00,16.3,0.0
2024-04-17 02:00:00,14.9,0.0
2024-04-17 03:00:00,14.5,0.0
2024-04-17 04:00:00,12.1,6.0
2024-04-17 05:00:00,10.7,41.0
2024-04-17 06:00:00,9.2,90.0
2024-04-17 07:00:00,8.7,229.0
2024-04-17 08:00:00,9.0,433.0
2024-04-17 09:00:00,9.4,521.0
2024-04-17 10:00:00,9.6,512.0
2024-04-17 11:00:00,9.1,541.0
2024-04-17 12:00:00,8.0,514.0
2024-04-17 13:00:00,7.9,449.0
2024-04-17 14:00:00,8.4,372.0
2024-04-17 15:00:00,8.4,237.0
2024-04-17 16:00:00,6.2,148.0
2024-04-17 17:00:00,5.8,64.0
2024-04-17 18:00:00,9.4,4.0
2024-04-17 19:00:00,6.8,0.0
2024-04-17 20:00:00,7.2,0.0
2024-04-17 21:00:00,8.0,0.0
2024-04-17 22:00:00,6.5,0.0
2024-04-17 23:00:00,8.2,0.0
2024-04-18 00:00:00,6.0,0.0
2024-04-18 01:00:00,5.4,0.0
2024-04-18 02:00:00,6.0,0.0
2024-04-18 03:00:00,7.2,0.0
2024-04-18 04:00:00,9.2,20.0
2024-04-18 05:00:00,7.4,126.0
2024-04-18 06:00:00,2.9,252.0
2024-04-18 07:00:00,3.7,416.0
2024-04-18 08:00:00,6.0,519.0
2024-04-18 09:00:00,7.7,619.0
2024-04-18 10:00:00,8.5,622.0
2024-04-18 11:00:00,10.0,593.0
2024-04-18 12:00:00,10.2,406.0
2024-04-18 13:00:00,9.9,298.0
2024-04-18 14:00:00,12.7,329.0
2024-04-18 15:00:00,10.4,216.0
2024-04-18 16:00:00,11.8,137.0
2024-04-18 17:00:00,10.1,51.0
2024-04-18 18:00:00,10.4,4.0
2024-04-18 19:00:00,12.8,0.0
2024-04-18 20:00:00,11.8,0.0
2024-04-18 21:00:00,10.8,0.0
2024-04-18 22:00:00,10.8,0.0
2024-04-18 23:00:00,10.2,0.0
2024-04-19 00:00:00,10.1,0.0
2024-04-19 01:00:00,13.1,0.0
2024-04-19 02:00:00,12.1,0.0
2024-04-19 03:00:00,12.2,0.0
2024-04-19 04:00:00,14.1,17.0
2024-04-19 05:00:00,15.6,97.0
2024-04-19 06:00:00,15.7,206.0
2024-04-19 07:00:00,21.4,354.0
2024-04-19 08:00:00,22.0,425.0
2024-04-19 09:00:00,21.4,392.0
2024-04-19 10:00:00,21.0,301.0
2024-04-19 11:00:00,19.1,341.0
2024-04-19 12:00:00,17.1,523.0
2024-04-19 13:00:00,17.1,199.0
2024-04-19 14:00:00,14.6,275.0
2024-04-19 15:00:00,13.6,332.0
2024-04-19 16:00:00,11.9,212.0
2024-04-19 17:00:00,5.9,79.0
2024-04-19 18:00:00,6.3,5.0
2024-04-19 19:00:00,5.5,0.0
2024-04-19 20:00:00,5.8,0.0
2024-04-19 21:00:00,9.8,0.0
2024-04-19 22:00:00,9.7,0.0
2024-04-19 23:00:00,8.2,0.0
2024-04-20 00:00:00,9.0,0.0
2024-04-20 01:00:00,7.2,0.0
2024-04-20 02:00:00,8.3,0.0
2024-04-20 03:00:00,9.0,0.0
2024-04-20 04:00:00,10.1,23.0
2024-04-20 05:00:00,12.3,112.0
2024-04-20 06:00:00,11.4,232.0
2024-04-20 07:00:00,12.4,326.0
2024-04-20 08:00:00,13.6,312.0
2024-04-20 09:00:00,15.7,262.0
2024-04-20 10:00:00,16.6,296.0
2024-04-20 11:00:00,21.6,268.0
2024-04-20 12:00:00,19.3,215.0
2024-04-20 13:00:00,18.2,400.0
2024-04-20 14:00:00,12.7,165.0
2024-04-20 15:00:00,10.6,83.0
2024-04-20 16:00:00,9.7,118.0
2024-04-20 17:00:00,7.9,28.0
2024-04-20 18:00:00,7.4,3.0
2024-04-20 19:00:00,10.1,0.0
2024-04-20 20:00:00,10.5,0.0
2024-04-20 21:00:00,10.4,0.0
2024-04-20 22:00:00,9.8,0.0
2024-04-20 23:00:00,9.4,0.0
2024-04-21 00:00:00,9.4,0.0
2024-04-21 01:00:00,10.5,0.0
2024-04-21 02:00:00,10.6,0.0
2024-04-21 03:00:00,11.8,0.0
2024-04-21 04:00:00,13.4,9.0
2024-04-21 05:00:00,15.6,49.0
2024-04-21 06:00:00,17.1,89.0
2024-04-21 07:00:00,18.4,158.0
2024-04-21 08:00:00,19.7,255.0
2024-04-21 09:00:00,19.5,284.0
2024-04-21 10:00:00,20.3,287.0
2024-04-21 11:00:00,20.6,283.0
2024-04-21 12:00:00,20.2,233.0
2024-04-21 13:00:00,20.1,198.0
2024-04-21 14:00:00,20.5,192.0
2024-04-21 15:00:00,22.6,155.0
2024-04-21 16:00:00,17.0,80.0
2024-04-21 17:00:00,21.1,14.0
2024-04-21 18:00:00,21.8,1.0
2024-04-21 19:00:00,20.5,0.0
2024-04-21 20:00:00,21.3,0.0
2024-04-21 21:00:00,21.3,0.0
2024-04-21 22:00:00,21.4,0.0
2024-04-21 23:00:00,22.7,0.0
2024-04-22 00:00:00,23.5,0.0
2024-04-22 01:00:00,23.1,0.0
2024-04-22 02:00:00,21.4,0.0
2024-04-22 03:00:00,27.3,0.0
2024-04-22 04:00:00,29.5,2.0
2024-04-22 05:00:00,20.9,10.0
2024-04-22 06:00:00,24.3,29.0
2024-04-22 07:00:00,25.3,52.0
2024-04-22 08:00:00,25.8,80.0
2024-04-22 09:00:00,26.3,120.0
2024-04-22 10:00:00,26.6,135.0
2024-04-22 11:00:00,24.0,83.0
2024-04-22 12:00:00,26.4,95.0
2024-04-22 13:00:00,21.0,111.0
2024-04-22 14:00:00,21.3,113.0
2024-04-22 15:00:00,20.5,122.0
2024-04-22 16:00:00,16.3,62.0
2024-04-22 17:00:00,16.2,39.0
2024-04-22 18:00:00,16.9,4.0
2024-04-22 19:00:00,20.2,0.0
2024-04-22 20:00:00,21.1,0.0
2024-04-22 21:00:00,20.1,0.0
2024-04-22 22:00:00,19.4,0.0
2024-04-22 23:00:00,19.9,0.0
2024-04-23 00:00:00,20.0,0.0
2024-04-23 01:00:00,18.2,0.0
2024-04-23 02:00:00,17.9,0.0
2024-04-23 03:00:00,17.1,0.0
2024-04-23 04:00:00,18.1,16.0
2024-04-23 05:00:00,18.9,52.0
2024-04-23 06:00:00,20.0,127.0
2024-04-23 07:00:00,18.9,238.0
2024-04-23 08:00:00,19.5,348.0
2024-04-23 09:00:00,19.0,328.0
2024-04-23 10:00:00,18.4,321.0
2024-04-23 11:00:00,16.6,229.0
2024-04-23 12:00:00,16.4,242.0
2024-04-23 13:00:00,19.1,168.0
2024-04-23 14:00:00,16.9,132.0
2024-04-23 15:00:00,13.2,108.0
2024-04-23 16:00:00,9.5,57.0
2024-04-23 17:00:00,7.6,30.0
2024-04-23 18:00:00,7.7,4.0
2024-04-23 19:00:00,7.6,0.0
2024-04-23 20:00:00,4.8,0.0
2024-04-23 21:00:00,6.2,0.0
2024-04-23 22:00:00,8.8,0.0
2024-04-23 23:00:00,8.4,0.0
2024-04-24 00:00:00,7.2,0.0
2024-04-24 01:00:00,9.4,0.0
2024-04-24 02:00:00,12.7,0.0
2024-04-24 03:00:00,13.4,0.0
2024-04-24 04:00:00,13.3,30.0
2024-04-24 05:00:00,14.5,48.0
2024-04-24 06:00:00,14.3,86.0
2024-04-24 07:00:00,15.6,99.0
2024-04-24 08:00:00,19.8,70.0
2024-04-24 09:00:00,18.8,89.0
2024-04-24 10:00:00,19.5,141.0
2024-04-24 11:00:00,22.4,208.0
2024-04-24 12:00:00,18.2,216.0
2024-04-24 13:00:00,17.7,81.0
2024-04-24 14:00:00,19.3,73.0
2024-04-24 15:00:00,19.9,38.0
2024-04-24 16:00:00,20.0,18.0
2024-04-24 17:00:00,20.1,13.0
2024-04-24 18:00:00,18.3,3.0
2024-04-24 19:00:00,16.9,0.0
2024-04-24 20:00:00,16.3,0.0
2024-04-24 21:00:00,14.0,0.0
2024-04-24 22:00:00,10.1,0.0
2024-04-24 23:00:00,5.4,0.0
2024-04-25 00:00:00,1.9,0.0
2024-04-25 01:00:00,7.2,0.0
2024-04-25 02:00:00,13.1,0.0
2024-04-25 03:00:00,14.1,0.0
2024-04-25 04:00:00,16.9,17.0
2024-04-25 05:00:00,16.4,53.0
2024-04-25 06:00:00,18.2,82.0
2024-04-25 07:00:00,17.0,56.0
2024-04-25 08:00:00,17.8,111.0
2024-04-25 09:00:00,18.6,312.0
2024-04-25 10:00:00,19.8,272.0
2024-04-25 11:00:00,20.6,335.0
2024-04-25 12:00:00,18.6,437.0
2024-04-25 13:00:00,17.0,260.0
2024-04-25 14:00:00,14.8,235.0
2024-04-25 15:00:00,12.3,115.0
2024-04-25 16:00:00,9.2,77.0
2024-04-25 17:00:00,3.4,70.0
2024-04-25 18:00:00,6.3,11.0
2024-04-25 19:00:00,2.9,0.0
2024-04-25 20:00:00,5.7,0.0
2024-04-25 21:00:00,6.4,0.0
2024-04-25 22:00:00,7.3,0.0
2024-04-25 23:00:00,7.1,0.0
2024-04-26 00:00:00,6.5,0.0
2024-04-26 01:00:00,6.1,0.0
2024-04-26 02:00:00,6.5,0.0
2024-04-26 03:00:00,6.5,0.0
2024-04-26 04:00:00,8.2,43.0
2024-04-26 05:00:00,8.6,168.0
2024-04-26 06:00:00,7.3,319.0
2024-04-26 07:00:00,11.7,468.0
2024-04-26 08:00:00,13.6,534.0
2024-04-26 09:00:00,14.8,594.0
2024-04-26 10:00:00,15.0,655.0
2024-04-26 11:00:00,14.5,648.0
2024-04-26 12:00:00,14.0,668.0
2024-04-26 13:00:00,14.4,590.0
2024-04-26 14:00:00,13.7,505.0
2024-04-26 15:00:00,12.1,376.0
2024-04-26 16:00:00,8.7,239.0
2024-04-26 17:00:00,6.5,107.0
2024-04-26 18:00:00,7.6,14.0
2024-04-26 19:00:00,6.0,0.0
2024-04-26 20:00:00,1.8,0.0
2024-04-26 21:00:00,4.4,0.0
2024-04-26 22:00:00,5.6,0.0
2024-04-26 23:00:00,7.9,0.0
2024-04-27 00:00:00,8.2,0.0
2024-04-27 01:00:00,7.9,0.0
2024-04-27 02:00:00,8.7,0.0
2024-04-27 03:00:00,9.5,0.0
2024-04-27 04:00:00,11.6,34.0
2024-04-27 05:00:00,12.9,97.0
2024-04-27 06:00:00,10.8,183.0
2024-04-27 07:00:00,12.8,359.0
2024-04-27 08:00:00,13.0,568.0
2024-04-27 09:00:00,14.1,591.0
2024-04-27 10:00:00,15.0,494.0
2024-04-27 11:00:00,15.0,342.0
2024-04-27 12:00:00,16.9,369.0
2024-04-27 13:00:00,12.5,251.0
2024-04-27 14:00:00,14.7,309.0
2024-04-27 15:00:00,14.8,305.0
2024-04-27 16:00:00,9.9,187.0
2024-04-27 17:00:00,12.9,93.0
2024-04-27 18:00:00,12.5,13.0
2024-04-27 19:00:00,12.5,0.0
2024-04-27 20:00:00,12.3,0.0
2024-04-27 21:00:00,11.5,0.0
2024-04-27 22:00:00,12.6,0.0
2024-04-27 23:00:00,13.6,0.0
2024-04-28 00:00:00,13.1,0.0
2024-04-28 01:00:00,10.6,0.0
2024-04-28 02:00:00,10.1,0.0
2024-04-28 03:00:00,9.0,0.0
2024-04-28 04:00:00,10.5,46.0
2024-04-28 05:00:00,11.1,169.0
2024-04-28 06:00:00,8.7,323.0
2024-04-28 07:00:00,10.6,469.0
2024-04-28 08:00:00,10.9,596.0
2024-04-28 09:00:00,10.9,691.0
2024-04-28 10:00:00,9.4,746.0
2024-04-28 11:00:00,9.7,660.0
2024-04-28 12:00:00,9.8,646.0
2024-04-28 13:00:00,6.9,651.0
2024-04-28 14:00:00,6.3,544.0
2024-04-28 15:00:00,5.8,407.0
2024-04-28 16:00:00,5.1,257.0
2024-04-28 17:00:00,8.2,115.0
2024-04-28 18:00:00,9.4,16.0
2024-04-28 19:00:00,11.2,0.0
2024-04-28 20:00:00,13.5,0.0
2024-04-28 21:00:00,12.5,0.0
2024-04-28 22:00:00,12.7,0.0
2024-04-28 23:00:00,13.5,0.0
2024-04-29 00:00:00,13.4,0.0
2024-04-29 01:00:00,13.0,0.0
2024-04-29 02:00:00,13.2,0.0
2024-04-29 03:00:00,14.0,1.0
2024-04-29 04:00:00,14.7,53.0
2024-04-29 05:00:00,15.3,174.0
2024-04-29 06:00:00,13.2,319.0
2024-04-29 07:00:00,15.3,436.0
2024-04-29 08:00:00,17.1,556.0
2024-04-29 09:00:00,20.6,651.0
2024-04-29 10:00:00,22.1,665.0
2024-04-29 11:00:00,22.7,694.0
2024-04-29 12:00:00,23.1,649.0
2024-04-29 13:00:00,19.5,631.0
2024-04-29 14:00:00,17.3,531.0
2024-04-29 15:00:00,14.8,325.0
2024-04-29 16:00:00,12.6,196.0
2024-04-29 17:00:00,11.7,110.0
2024-04-29 18:00:00,12.7,16.0
2024-04-29 19:00:00,15.0,0.0
2024-04-29 20:00:00,17.7,0.0
2024-04-29 21:00:00,18.2,0.0
2024-04-29 22:00:00,18.2,0.0
2024-04-29 23:00:00,18.4,0.0
2024-04-30 00:00:00,18.4,0.0
2024-04-30 01:00:00,16.9,0.0
2024-04-30 02:00:00,17.3,0.0
2024-04-30 03:00:00,17.3,1.0
2024-04-30 04:00:00,18.0,51.0
2024-04-30 05:00:00,18.7,154.0
2024-04-30 06:00:00,16.6,294.0
2024-04-30 07:00:00,17.6,446.0
2024-04-30 08:00:00,17.7,572.0
2024-04-30 09:00:00,18.1,661.0
2024-04-30 10:00:00,18.1,702.0
2024-04-30 11:00:00,17.3,765.0
2024-04-30 12:00:00,16.9,740.0
2024-04-30 13:00:00,15.9,671.0
2024-04-30 14:00:00,15.2,526.0
2024-04-30 15:00:00,13.1,405.0
2024-04-30 16:00:00,11.7,264.0
2024-04-30 17:00:00,10.0,125.0
2024-04-30 18:00:00,10.5,21.0
2024-04-30 19:00:00,12.0,0.0
2024-04-30 20:00:00,12.8,0.0
2024-04-30 21:00:00,12.0,0.0
2024-04-30 22:00:00,11.5,0.0
2024-04-30 23:00:00,11.2,0.0
2024-05-01 00:00:00,10.8,0.0
2024-05-01 01:00:00,9.7,0.0
2024-05-01 02:00:00,9.5,0.0
2024-05-01 03:00:00,10.3,1.0
2024-05-01 04:00:00,11.4,61.0
2024-05-01 05:00:00,10.9,193.0
2024-05-01 06:00:00,9.3,345.0
2024-05-01 07:00:00,11.0,493.0
2024-05-01 08:00:00,12.0,620.0
2024-05-01 09:00:00,11.2,717.0
2024-05-01 10:00:00,11.4,773.0
2024-05-01 11:00:00,12.0,780.0
2024-05-01 12:00:00,12.1,748.0
2024-05-01 13:00:00,9.8,679.0
2024-05-01 14:00:00,7.3,568.0
2024-05-01 15:00:00,5.8,428.0
2024-05-01 16:00:00,3.1,273.0
2024-05-01 17:00:00,7.5,129.0
2024-05-01 18:00:00,9.4,22.0
2024-05-01 19:00:00,7.5,0.0
2024-05-01 20:00:00,6.4,0.0
2024-05-01 21:00:00,7.4,0.0
2024-05-01 22:00:00,7.3,0.0
2024-05-01 23:00:00,6.8,0.0
2024-05-02 00:00:00,7.6,0.0
2024-05-02 01:00:00,12.0,0.0
2024-05-02 02:00:00,13.2,0.0
2024-05-02 03:00:00,13.1,2.0
2024-05-02 04:00:00,14.1,64.0
2024-05-02 05:00:00,13.7,194.0
2024-05-02 06:00:00,13.6,345.0
2024-05-02 07:00:00,13.8,492.0
2024-05-02 08:00:00,14.9,618.0
2024-05-02 09:00:00,15.9,712.0
2024-05-02 10:00:00,16.2,766.0
2024-05-02 11:00:00,16.2,779.0
2024-05-02 12:00:00,15.9,745.0
2024-05-02 13:00:00,15.2,674.0
2024-05-02 14:00:00,15.1,562.0
2024-05-02 15:00:00,16.7,424.0
2024-05-02 16:00:00,17.3,273.0
2024-05-02 17:00:00,19.4,129.0
2024-05-02 18:00:00,19.3,24.0
2024-05-02 19:00:00,18.7,0.0
2024-05-02 20:00:00,17.8,0.0
2024-05-02 21:00:00,16.6,0.0
2024-05-02 22:00:00,15.5,0.0
2024-05-02 23:00:00,15.1,0.0
2024-05-03 00:00:00,15.1,0.0
2024-05-03 01:00:00,16.2,0.0
2024-05-03 02:00:00,16.2,0.0
2024-05-03 03:00:00,17.7,2.0
2024-05-03 04:00:00,17.4,56.0
2024-05-03 05:00:00,16.3,159.0
2024-05-03 06:00:00,16.3,318.0
2024-05-03 07:00:00,16.2,483.0
2024-05-03 08:00:00,16.2,610.0
2024-05-03 09:00:00,16.6,700.0
2024-05-03 10:00:00,15.9,745.0
2024-05-03 11:00:00,15.5,755.0
2024-05-03 12:00:00,15.2,726.0
2024-05-03 13:00:00,14.8,671.0
2024-05-03 14:00:00,15.1,538.0
2024-05-03 15:00:00,14.8,385.0
2024-05-03 16:00:00,12.6,255.0
2024-05-03 17:00:00,10.5,132.0
2024-05-03 18:00:00,10.8,25.0
2024-05-03 19:00:00,11.2,0.0
2024-05-03 20:00:00,11.5,0.0
2024-05-03 21:00:00,12.0,0.0
2024-05-03 22:00:00,12.1,0.0
2024-05-03 23:00:00,12.1,0.0
2024-05-04 00:00:00,11.3,0.0
2024-05-04 01:00:00,10.3,0.0
2024-05-04 02:00:00,8.2,0.0
2024-05-04 03:00:00,8.4,3.0
2024-05-04 04:00:00,9.4,55.0
2024-05-04 05:00:00,8.2,179.0
2024-05-04 06:00:00,9.6,350.0
2024-05-04 07:00:00,11.3,489.0
2024-05-04 08:00:00,12.6,610.0
2024-05-04 09:00:00,13.1,686.0
2024-05-04 10:00:00,13.2,754.0
2024-05-04 11:00:00,14.2,709.0
2024-05-04 12:00:00,13.5,673.0
2024-05-04 13:00:00,13.4,501.0
2024-05-04 14:00:00,11.1,456.0
2024-05-04 15:00:00,11.0,365.0
2024-05-04 16:00:00,6.8,222.0
2024-05-04 17:00:00,5.4,111.0
2024-05-04 18:00:00,9.1,24.0
2024-05-04 19:00:00,6.6,0.0
2024-05-04 20:00:00,7.3,0.0
2024-05-04 21:00:00,10.1,0.0
2024-05-04 22:00:00,12.1,0.0
2024-05-04 23:00:00,10.7,0.0
2024-05-05 00:00:00,8.8,0.0
2024-05-05 01:00:00,8.0,0.0
2024-05-05 02:00:00,8.2,0.0
2024-05-05 03:00:00,6.8,4.0
2024-05-05 04:00:00,8.4,66.0
2024-05-05 05:00:00,7.8,182.0
2024-05-05 06:00:00,7.3,287.0
2024-05-05 07:00:00,7.7,381.0
2024-05-05 08:00:00,9.2,508.0
2024-05-05 09:00:00,10.2,607.0
2024-05-05 10:00:00,10.5,705.0
2024-05-05 11:00:00,10.3,745.0
2024-05-05 12:00:00,9.4,667.0
2024-05-05 13:00:00,9.9,643.0
2024-05-05 14:00:00,8.9,528.0
2024-05-05 15:00:00,7.1,411.0
2024-05-05 16:00:00,3.1,235.0
2024-05-05 17:00:00,4.8,94.0
2024-05-05 18:00:00,12.6,20.0
2024-05-05 19:00:00,13.7,0.0
2024-05-05 20:00:00,7.6,0.0
2024-05-05 21:00:00,8.5,0.0
2024-05-05 22:00:00,4.9,0.0
2024-05-05 23:00:00,10.5,0.0
2024-05-06 00:00:00,10.6,0.0
2024-05-06 01:00:00,5.4,0.0
2024-05-06 02:00:00,9.1,0.0
2024-05-06 03:00:00,10.5,2.0
2024-05-06 04:00:00,8.3,41.0
2024-05-06 05:00:00,6.9,118.0
2024-05-06 06:00:00,2.6,225.0
2024-05-06 07:00:00,0.4,328.0
2024-05-06 08:00:00,2.5,400.0
2024-05-06 09:00:00,4.7,474.0
2024-05-06 10:00:00,6.3,640.0
2024-05-06 11:00:00,8.2,468.0
2024-05-06 12:00:00,10.9,339.0
2024-05-06 13:00:00,14.2,170.0
2024-05-06 14:00:00,13.9,285.0
2024-05-06 15:00:00,12.9,225.0
2024-05-06 16:00:00,12.4,151.0
2024-05-06 17:00:00,13.7,70.0
2024-05-06 18:00:00,13.9,12.0
2024-05-06 19:00:00,12.9,0.0
2024-05-06 20:00:00,12.2,0.0
2024-05-06 21:00:00,12.5,0.0
2024-05-06 22:00:00,13.7,0.0
2024-05-06 23:00:00,14.5,0.0
2024-05-07 00:00:00,15.7,0.0
2024-05-07 01:00:00,16.0,0.0
2024-05-07 02:00:00,18.4,0.0
2024-05-07 03:00:00,18.4,1.0
2024-05-07 04:00:00,19.4,12.0
2024-05-07 05:00:00,22.0,25.0
2024-05-07 06:00:00,21.5,101.0
2024-05-07 07:00:00,19.9,406.0
2024-05-07 08:00:00,25.2,663.0
2024-05-07 09:00:00,24.7,691.0
2024-05-07 10:00:00,23.4,807.0
2024-05-07 11:00:00,23.6,599.0
2024-05-07 12:00:00,21.9,719.0
2024-05-07 13:00:00,20.8,597.0
2024-05-07 14:00:00,20.3,553.0
2024-05-07 15:00:00,19.2,446.0
2024-05-07 16:00:00,16.8,301.0
2024-05-07 17:00:00,11.7,152.0
2024-05-07 18:00:00,10.2,35.0
2024-05-07 19:00:00,14.4,0.0
2024-05-07 20:00:00,12.1,0.0
2024-05-07 21:00:00,7.9,0.0
2024-05-07 22:00:00,7.3,0.0
2024-05-07 23:00:00,6.9,0.0
2024-05-08 00:00:00,6.4,0.0
2024-05-08 01:00:00,7.1,0.0
2024-05-08 02:00:00,8.7,0.0
2024-05-08 03:00:00,6.9,6.0
2024-05-08 04:00:00,4.3,86.0
2024-05-08 05:00:00,3.2,225.0
2024-05-08 06:00:00,5.4,380.0
2024-05-08 07:00:00,7.9,530.0
2024-05-08 08:00:00,11.7,661.0
2024-05-08 09:00:00,13.5,728.0
2024-05-08 10:00:00,14.1,774.0
2024-05-08 11:00:00,13.8,796.0
2024-05-08 12:00:00,14.5,766.0
2024-05-08 13:00:00,16.9,696.0
2024-05-08 14:00:00,17.5,592.0
2024-05-08 15:00:00,18.0,453.0
2024-05-08 16:00:00,14.4,299.0
2024-05-08 17:00:00,10.8,149.0
2024-05-08 18:00:00,11.1,34.0
2024-05-08 19:00:00,10.6,0.0
2024-05-08 20:00:00,9.5,0.0
2024-05-08 21:00:00,10.5,0.0
2024-05-08 22:00:00,9.8,0.0
2024-05-08 23:00:00,8.5,0.0
2024-05-09 00:00:00,8.3,0.0
2024-05-09 01:00:00,9.7,0.0
2024-05-09 02:00:00,8.2,0.0
2024-05-09 03:00:00,7.0,4.0
2024-05-09 04:00:00,6.6,40.0
2024-05-09 05:00:00,7.6,82.0
2024-05-09 06:00:00,7.6,151.0
2024-05-09 07:00:00,7.9,203.0
2024-05-09 08:00:00,8.0,350.0
2024-05-09 09:00:00,8.2,307.0
2024-05-09 10:00:00,9.2,219.0
2024-05-09 11:00:00,10.4,313.0
2024-05-09 12:00:00,9.4,261.0
2024-05-09 13:00:00,13.3,248.0
2024-05-09 14:00:00,13.5,157.0
2024-05-09 15:00:00,15.8,162.0
2024-05-09 16:00:00,12.8,117.0
2024-05-09 17:00:00,10.0,95.0
2024-05-09 18:00:00,8.8,27.0
2024-05-09 19:00:00,6.9,0.0
2024-05-09 20:00:00,9.8,0.0
2024-05-09 21:00:00,12.8,0.0
2024-05-09 22:00:00,12.9,0.0
2024-05-09 23:00:00,12.8,0.0
2024-05-10 00:00:00,12.3,0.0
2024-05-10 01:00:00,15.5,0.0
2024-05-10 02:00:00,17.2,0.0
2024-05-10 03:00:00,19.4,2.0
2024-05-10 04:00:00,19.2,18.0
2024-05-10 05:00:00,18.0,38.0
2024-05-10 06:00:00,19.1,75.0
2024-05-10 07:00:00,19.6,144.0
2024-05-10 08:00:00,21.8,134.0
2024-05-10 09:00:00,22.4,140.0
2024-05-10 10:00:00,21.7,136.0
2024-05-10 11:00:00,18.7,87.0
2024-05-10 12:00:00,20.2,170.0
2024-05-10 13:00:00,19.7,236.0
2024-05-10 14:00:00,20.7,391.0
2024-05-10 15:00:00,18.2,300.0
2024-05-10 16:00:00,13.0,259.0
2024-05-10 17:00:00,12.6,134.0
2024-05-10 18:00:00,12.6,33.0
2024-05-10 19:00:00,17.0,0.0
2024-05-10 20:00:00,14.6,0.0
2024-05-10 21:00:00,15.5,0.0
2024-05-10 22:00:00,16.5,0.0
2024-05-10 23:00:00,14.8,0.0
2024-05-11 00:00:00,14.0,0.0
2024-05-11 01:00:00,13.6,0.0
2024-05-11 02:00:00,14.2,0.0
2024-05-11 03:00:00,14.4,8.0
2024-05-11 04:00:00,12.8,67.0
2024-05-11 05:00:00,14.6,164.0
2024-05-11 06:00:00,14.9,303.0
2024-05-11 07:00:00,14.9,477.0
2024-05-11 08:00:00,15.5,647.0
2024-05-11 09:00:00,18.3,762.0
2024-05-11 10:00:00,20.5,793.0
2024-05-11 11:00:00,24.3,804.0
2024-05-11 12:00:00,25.1,710.0
2024-05-11 13:00:00,23.3,639.0
2024-05-11 14:00:00,23.5,531.0
2024-05-11 15:00:00,20.9,431.0
2024-05-11 16:00:00,18.9,261.0
2024-05-11 17:00:00,16.9,146.0
2024-05-11 18:00:00,17.4,44.0
2024-05-11 19:00:00,15.5,0.0
2024-05-11 20:00:00,14.0,0.0
2024-05-11 21:00:00,12.6,0.0
2024-05-11 22:00:00,10.6,0.0
2024-05-11 23:00:00,10.2,0.0
2024-05-12 00:00:00,9.8,0.0
2024-05-12 01:00:00,8.7,0.0
2024-05-12 02:00:00,9.8,0.0
2024-05-12 03:00:00,10.5,11.0
2024-05-12 04:00:00,10.6,98.0
2024-05-12 05:00:00,8.7,239.0
2024-05-12 06:00:00,7.9,394.0
2024-05-12 07:00:00,8.8,543.0
2024-05-12 08:00:00,10.0,668.0
2024-05-12 09:00:00,11.1,761.0
2024-05-12 10:00:00,11.3,817.0
2024-05-12 11:00:00,10.9,830.0
2024-05-12 12:00:00,10.6,797.0
2024-05-12 13:00:00,11.9,718.0
2024-05-12 14:00:00,11.4,605.0
2024-05-12 15:00:00,12.2,470.0
2024-05-12 16:00:00,10.8,317.0
2024-05-12 17:00:00,6.9,167.0
2024-05-12 18:00:00,6.7,46.0
2024-05-12 19:00:00,6.7,0.0
2024-05-12 20:00:00,7.9,0.0
2024-05-12 21:00:00,8.4,0.0
2024-05-12 22:00:00,6.8,0.0
2024-05-12 23:00:00,7.6,0.0
2024-05-13 00:00:00,8.4,0.0
2024-05-13 01:00:00,1.4,0.0
2024-05-13 02:00:00,6.8,0.0
2024-05-13 03:00:00,5.4,10.0
2024-05-13 04:00:00,6.9,89.0
2024-05-13 05:00:00,3.1,229.0
2024-05-13 06:00:00,2.2,386.0
2024-05-13 07:00:00,3.8,523.0
2024-05-13 08:00:00,4.6,630.0
2024-05-13 09:00:00,4.3,702.0
2024-05-13 10:00:00,3.1,790.0
2024-05-13 11:00:00,2.5,734.0
2024-05-13 12:00:00,2.5,694.0
2024-05-13 13:00:00,1.6,636.0
2024-05-13 14:00:00,5.7,472.0
2024-05-13 15:00:00,8.0,310.0
2024-05-13 16:00:00,11.0,196.0
2024-05-13 17:00:00,10.7,136.0
2024-05-13 18:00:00,7.9,42.0
2024-05-13 19:00:00,8.6,0.0
2024-05-13 20:00:00,9.8,0.0
2024-05-13 21:00:00,9.9,0.0
2024-05-13 22:00:00,9.0,0.0
2024-05-13 23:00:00,7.7,0.0
2024-05-14 00:00:00,6.2,0.0
2024-05-14 01:00:00,9.2,0.0
2024-05-14 02:00:00,11.5,0.0
2024-05-14 03:00:00,11.5,7.0
2024-05-14 04:00:00,10.5,68.0
2024-05-14 05:00:00,9.8,167.0
2024-05-14 06:00:00,10.5,273.0
2024-05-14 07:00:00,10.5,381.0
2024-05-14 08:00:00,10.0,495.0
2024-05-14 09:00:00,11.6,557.0
2024-05-14 10:00:00,12.5,729.0
2024-05-14 11:00:00,11.4,794.0
2024-05-14 12:00:00,9.5,720.0
2024-05-14 13:00:00,6.2,534.0
2024-05-14 14:00:00,5.4,450.0
2024-05-14 15:00:00,5.0,356.0
2024-05-14 16:00:00,7.0,228.0
2024-05-14 17:00:00,6.4,123.0
2024-05-14 18:00:00,8.2,43.0
2024-05-14 19:00:00,6.6,1.0
2024-05-14 20:00:00,10.4,0.0
2024-05-14 21:00:00,8.7,0.0
2024-05-14 22:00:00,8.4,0.0
2024-05-14 23:00:00,9.1,0.0
2024-05-15 00:00:00,9.5,0.0
2024-05-15 01:00:00,10.6,0.0
2024-05-15 02:00:00,8.3,0.0
2024-05-15 03:00:00,9.1,8.0
2024-05-15 04:00:00,9.4,60.0
2024-05-15 05:00:00,9.4,146.0
2024-05-15 06:00:00,8.7,177.0
2024-05-15 07:00:00,7.7,320.0
2024-05-15 08:00:00,7.3,517.0
2024-05-15 09:00:00,8.3,564.0
2024-05-15 10:00:00,9.3,653.0
2024-05-15 11:00:00,8.6,759.0
2024-05-15 12:00:00,7.6,694.0
2024-05-15 13:00:00,9.9,474.0
2024-05-15 14:00:00,9.7,294.0
2024-05-15 15:00:00,9.4,284.0
2024-05-15 16:00:00,7.7,222.0
2024-05-15 17:00:00,5.4,155.0
2024-05-15 18:00:00,7.7,51.0
2024-05-15 19:00:00,11.1,1.0
2024-05-15 20:00:00,12.1,0.0
2024-05-15 21:00:00,10.5,0.0
2024-05-15 22:00:00,9.4,0.0
2024-05-15 23:00:00,8.6,0.0
2024-05-16 00:00:00,8.3,0.0
2024-05-16 01:00:00,7.3,0.0
2024-05-16 02:00:00,7.9,0.0
2024-05-16 03:00:00,7.6,15.0
2024-05-16 04:00:00,7.6,107.0
2024-05-16 05:00:00,4.6,243.0
2024-05-16 06:00:00,4.0,390.0
2024-05-16 07:00:00,3.6,538.0
2024-05-16 08:00:00,5.3,663.0
2024-05-16 09:00:00,10.7,758.0
2024-05-16 10:00:00,12.8,535.0
2024-05-16 11:00:00,12.4,453.0
2024-05-16 12:00:00,10.7,441.0
2024-05-16 13:00:00,11.6,568.0
2024-05-16 14:00:00,10.5,538.0
2024-05-16 15:00:00,9.2,409.0
2024-05-16 16:00:00,7.6,316.0
2024-05-16 17:00:00,4.1,176.0
2024-05-16 18:00:00,7.1,55.0
2024-05-16 19:00:00,9.0,1.0
2024-05-16 20:00:00,9.3,0.0
2024-05-16 21:00:00,9.5,0.0
2024-05-16 22:00:00,7.8,0.0
2024-05-16 23:00:00,5.9,0.0
2024-05-17 00:00:00,4.6,0.0
2024-05-17 01:00:00,4.5,0.0
2024-05-17 02:00:00,6.8,0.0
2024-05-17 03:00:00,4.5,16.0
2024-05-17 04:00:00,2.9,108.0
2024-05-17 05:00:00,2.0,246.0
2024-05-17 06:00:00,2.3,395.0
2024-05-17 07:00:00,4.2,531.0
2024-05-17 08:00:00,5.2,617.0
2024-05-17 09:00:00,4.5,705.0
2024-05-17 10:00:00,4.3,794.0
2024-05-17 11:00:00,6.2,793.0
2024-05-17 12:00:00,7.8,527.0
2024-05-17 13:00:00,7.8,604.0
2024-05-17 14:00:00,7.5,495.0
2024-05-17 15:00:00,6.2,410.0
2024-05-17 16:00:00,7.2,267.0
2024-05-17 17:00:00,4.3,152.0
2024-05-17 18:00:00,8.4,50.0
2024-05-17 19:00:00,8.4,2.0
2024-05-17 20:00:00,6.9,0.0
2024-05-17 21:00:00,10.4,0.0
2024-05-17 22:00:00,4.8,0.0
2024-05-17 23:00:00,5.6,0.0
2024-05-18 00:00:00,3.9,0.0
2024-05-18 01:00:00,5.2,0.0
2024-05-18 02:00:00,5.2,0.0
2024-05-18 03:00:00,5.0,16.0
2024-05-18 04:00:00,6.6,92.0
2024-05-18 05:00:00,0.5,218.0
2024-05-18 06:00:00,1.1,349.0
2024-05-18 07:00:00,2.5,395.0
2024-05-18 08:00:00,4.7,600.0
2024-05-18 09:00:00,5.6,693.0
2024-05-18 10:00:00,7.8,717.0
2024-05-18 11:00:00,13.2,467.0
2024-05-18 12:00:00,3.5,546.0
2024-05-18 13:00:00,0.5,546.0
2024-05-18 14:00:00,6.2,478.0
2024-05-18 15:00:00,5.0,397.0
2024-05-18 16:00:00,4.6,283.0
2024-05-18 17:00:00,3.3,155.0
2024-05-18 18:00:00,5.2,53.0
2024-05-18 19:00:00,2.9,2.0
2024-05-18 20:00:00,0.7,0.0
2024-05-18 21:00:00,4.3,0.0
2024-05-18 22:00:00,6.1,0.0
2024-05-18 23:00:00,6.4,0.0
2024-05-19 00:00:00,5.8,0.0
2024-05-19 01:00:00,7.0,0.0
2024-05-19 02:00:00,9.4,0.0
2024-05-19 03:00:00,7.0,18.0
2024-05-19 04:00:00,5.8,109.0
2024-05-19 05:00:00,5.4,240.0
2024-05-19 06:00:00,3.4,358.0
2024-05-19 07:00:00,5.9,519.0
2024-05-19 08:00:00,6.3,650.0
2024-05-19 09:00:00,3.3,714.0
2024-05-19 10:00:00,3.7,756.0
2024-05-19 11:00:00,9.1,714.0
2024-05-19 12:00:00,9.7,504.0
2024-05-19 13:00:00,11.5,621.0
2024-05-19 14:00:00,8.4,336.0
2024-05-19 15:00:00,6.0,396.0
2024-05-19 16:00:00,6.4,255.0
2024-05-19 17:00:00,5.1,142.0
2024-05-19 18:00:00,7.1,49.0
2024-05-19 19:00:00,7.5,2.0
2024-05-19 20:00:00,7.5,0.0
2024-05-19 21:00:00,7.5,0.0
2024-05-19 22:00:00,7.0,0.0
2024-05-19 23:00:00,6.6,0.0
2024-05-20 00:00:00,6.3,0.0
2024-05-20 01:00:00,8.1,0.0
2024-05-20 02:00:00,7.1,0.0
2024-05-20 03:00:00,5.8,19.0
2024-05-20 04:00:00,7.3,108.0
2024-05-20 05:00:00,4.5,236.0
2024-05-20 06:00:00,5.8,394.0
2024-05-20 07:00:00,8.6,536.0
2024-05-20 08:00:00,11.2,654.0
2024-05-20 09:00:00,11.9,671.0
2024-05-20 10:00:00,13.7,767.0
2024-05-20 11:00:00,10.8,617.0
2024-05-20 12:00:00,14.8,351.0
2024-05-20 13:00:00,5.4,613.0
2024-05-20 14:00:00,7.2,541.0
2024-05-20 15:00:00,4.7,396.0
2024-05-20 16:00:00,3.7,252.0
2024-05-20 17:00:00,2.9,116.0
2024-05-20 18:00:00,5.5,41.0
2024-05-20 19:00:00,6.5,3.0
2024-05-20 20:00:00,5.6,0.0
2024-05-20 21:00:00,8.1,0.0
2024-05-20 22:00:00,8.7,0.0
2024-05-20 23:00:00,7.6,0.0
2024-05-21 00:00:00,6.2,0.0
2024-05-21 01:00:00,11.0,0.0
2024-05-21 02:00:00,5.8,0.0
2024-05-21 03:00:00,16.6,10.0
2024-05-21 04:00:00,7.1,71.0
2024-05-21 05:00:00,7.9,238.0
2024-05-21 06:00:00,3.8,292.0
2024-05-21 07:00:00,7.1,361.0
2024-05-21 08:00:00,9.7,530.0
2024-05-21 09:00:00,9.3,592.0
2024-05-21 10:00:00,9.6,644.0
2024-05-21 11:00:00,12.3,706.0
2024-05-21 12:00:00,13.8,369.0
2024-05-21 13:00:00,7.2,557.0
2024-05-21 14:00:00,8.3,445.0
2024-05-21 15:00:00,8.4,349.0
2024-05-21 16:00:00,10.0,266.0
2024-05-21 17:00:00,7.0,124.0
2024-05-21 18:00:00,9.8,44.0
2024-05-21 19:00:00,10.1,3.0
2024-05-21 20:00:00,10.8,0.0
2024-05-21 21:00:00,10.9,0.0
2024-05-21 22:00:00,10.2,0.0
2024-05-21 23:00:00,10.5,0.0
2024-05-22 00:00:00,11.0,0.0
2024-05-22 01:00:00,12.0,0.0
2024-05-22 02:00:00,13.8,0.0
2024-05-22 03:00:00,15.4,20.0
2024-05-22 04:00:00,13.6,116.0
2024-05-22 05:00:00,17.0,244.0
2024-05-22 06:00:00,17.3,393.0
2024-05-22 07:00:00,16.9,526.0
2024-05-22 08:00:00,17.4,598.0
2024-05-22 09:00:00,19.6,717.0
2024-05-22 10:00:00,20.5,735.0
2024-05-22 11:00:00,18.3,606.0
2024-05-22 12:00:00,19.8,419.0
2024-05-22 13:00:00,13.6,686.0
2024-05-22 14:00:00,14.9,501.0
2024-05-22 15:00:00,14.7,360.0
2024-05-22 16:00:00,16.4,317.0
2024-05-22 17:00:00,15.6,186.0
2024-05-22 18:00:00,15.5,65.0
2024-05-22 19:00:00,16.2,4.0
2024-05-22 20:00:00,15.8,0.0
2024-05-22 21:00:00,14.8,0.0
2024-05-22 22:00:00,14.1,0.0
2024-05-22 23:00:00,13.0,0.0
2024-05-23 00:00:00,13.3,0.0
2024-05-23 01:00:00,14.2,0.0
2024-05-23 02:00:00,14.1,0.0
2024-05-23 03:00:00,13.9,22.0
2024-05-23 04:00:00,13.6,117.0
2024-05-23 05:00:00,14.6,255.0
2024-05-23 06:00:00,17.5,394.0
2024-05-23 07:00:00,19.3,533.0
2024-05-23 08:00:00,18.0,647.0
2024-05-23 09:00:00,18.6,697.0
2024-05-23 10:00:00,17.3,555.0
2024-05-23 11:00:00,18.1,547.0
2024-05-23 12:00:00,21.4,378.0
2024-05-23 13:00:00,22.5,475.0
2024-05-23 14:00:00,21.1,508.0
2024-05-23 15:00:00,20.9,399.0
2024-05-23 16:00:00,18.8,278.0
2024-05-23 17:00:00,16.6,162.0
2024-05-23 18:00:00,16.3,51.0
2024-05-23 19:00:00,15.5,4.0
2024-05-23 20:00:00,15.9,0.0
2024-05-23 21:00:00,15.5,0.0
2024-05-23 22:00:00,15.6,0.0
2024-05-23 23:00:00,15.0,0.0
2024-05-24 00:00:00,14.3,0.0
2024-05-24 01:00:00,14.8,0.0
2024-05-24 02:00:00,14.8,0.0
2024-05-24 03:00:00,15.5,23.0
2024-05-24 04:00:00,15.1,107.0
2024-05-24 05:00:00,13.8,231.0
2024-05-24 06:00:00,14.9,373.0
2024-05-24 07:00:00,15.1,527.0
2024-05-24 08:00:00,15.6,653.0
2024-05-24 09:00:00,16.8,745.0
2024-05-24 10:00:00,19.3,769.0
2024-05-24 11:00:00,20.2,789.0
2024-05-24 12:00:00,19.5,733.0
2024-05-24 13:00:00,16.1,614.0
2024-05-24 14:00:00,18.7,462.0
2024-05-24 15:00:00,13.0,322.0
2024-05-24 16:00:00,12.8,274.0
2024-05-24 17:00:00,9.9,183.0
2024-05-24 18:00:00,8.4,68.0
2024-05-24 19:00:00,10.4,5.0
2024-05-24 20:00:00,10.5,0.0
2024-05-24 21:00:00,12.7,0.0
2024-05-24 22:00:00,13.5,0.0
2024-05-24 23:00:00,13.6,0.0
2024-05-25 00:00:00,14.3,0.0
2024-05-25 01:00:00,13.7,0.0
2024-05-25 02:00:00,14.6,0.0
2024-05-25 03:00:00,10.2,23.0
2024-05-25 04:00:00,9.2,111.0
2024-05-25 05:00:00,11.0,228.0
2024-05-25 06:00:00,7.5,283.0
2024-05-25 07:00:00,8.2,535.0
2024-05-25 08:00:00,11.2,616.0
2024-05-25 09:00:00,13.4,738.0
2024-05-25 10:00:00,16.5,701.0
2024-05-25 11:00:00,20.9,676.0
2024-05-25 12:00:00,12.6,606.0
2024-05-25 13:00:00,12.1,438.0
2024-05-25 14:00:00,16.0,376.0
2024-05-25 15:00:00,13.7,446.0
2024-05-25 16:00:00,8.7,235.0
2024-05-25 17:00:00,6.4,175.0
2024-05-25 18:00:00,7.1,59.0
2024-05-25 19:00:00,7.4,5.0
2024-05-25 20:00:00,6.6,0.0
2024-05-25 21:00:00,8.7,0.0
2024-05-25 22:00:00,8.9,0.0
2024-05-25 23:00:00,9.4,0.0
2024-05-26 00:00:00,10.3,0.0
2024-05-26 01:00:00,6.6,0.0
2024-05-26 02:00:00,6.0,0.0
2024-05-26 03:00:00,7.9,23.0
2024-05-26 04:00:00,9.4,118.0
2024-05-26 05:00:00,6.3,241.0
2024-05-26 06:00:00,5.2,371.0
2024-05-26 07:00:00,3.9,554.0
2024-05-26 08:00:00,6.9,675.0
2024-05-26 09:00:00,11.2,732.0
2024-05-26 10:00:00,13.0,781.0
2024-05-26 11:00:00,12.5,772.0
2024-05-26 12:00:00,10.7,792.0
2024-05-26 13:00:00,6.9,688.0
2024-05-26 14:00:00,8.1,540.0
2024-05-26 15:00:00,8.1,441.0
2024-05-26 16:00:00,7.6,340.0
2024-05-26 17:00:00,5.8,202.0
2024-05-26 18:00:00,6.5,77.0
2024-05-26 19:00:00,7.0,6.0
2024-05-26 20:00:00,7.4,0.0
2024-05-26 21:00:00,6.7,0.0
2024-05-26 22:00:00,7.1,0.0
2024-05-26 23:00:00,6.8,0.0
2024-05-27 00:00:00,7.2,0.0
2024-05-27 01:00:00,6.8,0.0
2024-05-27 02:00:00,7.2,0.0
2024-05-27 03:00:00,6.7,29.0
2024-05-27 04:00:00,6.9,130.0
2024-05-27 05:00:00,3.8,273.0
2024-05-27 06:00:00,2.8,395.0
2024-05-27 07:00:00,4.9,533.0
2024-05-27 08:00:00,9.3,658.0
2024-05-27 09:00:00,12.9,767.0
2024-05-27 10:00:00,13.9,805.0
2024-05-27 11:00:00,14.3,814.0
2024-05-27 12:00:00,14.0,802.0
2024-05-27 13:00:00,12.2,736.0
2024-05-27 14:00:00,12.6,624.0
2024-05-27 15:00:00,11.9,496.0
2024-05-27 16:00:00,9.7,354.0
2024-05-27 17:00:00,7.3,206.0
2024-05-27 18:00:00,8.0,80.0
2024-05-27 19:00:00,7.2,7.0
2024-05-27 20:00:00,9.9,0.0
2024-05-27 21:00:00,5.7,0.0
2024-05-27 22:00:00,6.0,0.0
2024-05-27 23:00:00,8.5,0.0
2024-05-28 00:00:00,6.0,0.0
2024-05-28 01:00:00,7.7,0.0
2024-05-28 02:00:00,8.3,0.0
2024-05-28 03:00:00,8.7,29.0
2024-05-28 04:00:00,8.9,126.0
2024-05-28 05:00:00,6.1,254.0
2024-05-28 06:00:00,6.0,373.0
2024-05-28 07:00:00,7.2,497.0
2024-05-28 08:00:00,8.1,572.0
2024-05-28 09:00:00,10.2,723.0
2024-05-28 10:00:00,11.5,721.0
2024-05-28 11:00:00,11.2,725.0
2024-05-28 12:00:00,11.0,593.0
2024-05-28 13:00:00,10.6,611.0
2024-05-28 14:00:00,11.1,514.0
2024-05-28 15:00:00,10.8,433.0
2024-05-28 16:00:00,7.4,302.0
2024-05-28 17:00:00,5.2,176.0
2024-05-28 18:00:00,7.7,55.0
2024-05-28 19:00:00,10.2,5.0
2024-05-28 20:00:00,12.4,0.0
2024-05-28 21:00:00,10.5,0.0
2024-05-28 22:00:00,9.2,0.0
2024-05-28 23:00:00,9.2,0.0
2024-05-29 00:00:00,10.2,0.0
2024-05-29 01:00:00,9.0,0.0
2024-05-29 02:00:00,8.0,0.0
2024-05-29 03:00:00,10.2,28.0
2024-05-29 04:00:00,8.2,127.0
2024-05-29 05:00:00,8.6,267.0
2024-05-29 06:00:00,9.5,411.0
2024-05-29 07:00:00,9.9,532.0
2024-05-29 08:00:00,12.4,649.0
2024-05-29 09:00:00,15.1,712.0
2024-05-29 10:00:00,14.4,776.0
2024-05-29 11:00:00,12.2,647.0
2024-05-29 12:00:00,8.7,595.0
2024-05-29 13:00:00,8.7,444.0
2024-05-29 14:00:00,6.9,513.0
2024-05-29 15:00:00,7.8,458.0
2024-05-29 16:00:00,5.8,334.0
2024-05-29 17:00:00,3.4,193.0
2024-05-29 18:00:00,4.7,79.0
2024-05-29 19:00:00,6.0,8.0
2024-05-29 20:00:00,9.0,0.0
2024-05-29 21:00:00,6.9,0.0
2024-05-29 22:00:00,7.2,0.0
2024-05-29 23:00:00,7.9,0.0
2024-05-30 00:00:00,7.0,0.0
2024-05-30 01:00:00,8.2,0.0
2024-05-30 02:00:00,7.9,0.0
2024-05-30 03:00:00,7.1,32.0
2024-05-30 04:00:00,7.7,133.0
2024-05-30 05:00:00,1.9,263.0
2024-05-30 06:00:00,2.3,387.0
2024-05-30 07:00:00,4.3,473.0
2024-05-30 08:00:00,8.3,569.0
2024-05-30 09:00:00,18.1,695.0
2024-05-30 10:00:00,8.9,593.0
2024-05-30 11:00:00,14.9,655.0
2024-05-30 12:00:00,16.3,719.0
2024-05-30 13:00:00,18.5,510.0
2024-05-30 14:00:00,15.6,318.0
2024-05-30 15:00:00,14.6,446.0
2024-05-30 16:00:00,20.2,250.0
2024-05-30 17:00:00,21.6,110.0
2024-05-30 18:00:00,11.5,31.0
2024-05-30 19:00:00,8.7,4.0
2024-05-30 20:00:00,7.5,0.0
2024-05-30 21:00:00,9.0,0.0
2024-05-30 22:00:00,8.7,0.0
2024-05-30 23:00:00,6.9,0.0
2024-05-31 00:00:00,5.0,0.0
2024-05-31 01:00:00,9.0,0.0
2024-05-31 02:00:00,8.7,0.0
2024-05-31 03:00:00,8.3,30.0
2024-05-31 04:00:00,7.2,115.0
2024-05-31 05:00:00,8.1,256.0
2024-05-31 06:00:00,9.3,410.0
2024-05-31 07:00:00,9.0,549.0
2024-05-31 08:00:00,9.7,658.0
2024-05-31 09:00:00,9.9,730.0
2024-05-31 10:00:00,10.2,759.0
2024-05-31 11:00:00,10.9,553.0
2024-05-31 12:00:00,11.6,255.0
2024-05-31 13:00:00,9.9,544.0
2024-05-31 14:00:00,13.4,524.0
2024-05-31 15:00:00,12.8,421.0
2024-05-31 16:00:00,14.5,308.0
2024-05-31 17:00:00,10.8,148.0
2024-05-31 18:00:00,6.9,77.0
2024-05-31 19:00:00,6.0,9.0
2024-05-31 20:00:00,8.4,0.0
2024-05-31 21:00:00,9.3,0.0
2024-05-31 22:00:00,8.9,0.0
2024-05-31 23:00:00,8.0,0.0
2024-06-01 00:00:00,7.3,0.0
2024-06-01 01:00:00,8.0,0.0
2024-06-01 02:00:00,5.9,0.0
2024-06-01 03:00:00,6.8,29.0
2024-06-01 04:00:00,6.5,115.0
2024-06-01 05:00:00,6.4,235.0
2024-06-01 06:00:00,5.9,384.0
2024-06-01 07:00:00,7.2,365.0
2024-06-01 08:00:00,6.5,528.0
2024-06-01 09:00:00,6.7,679.0
2024-06-01 10:00:00,7.1,665.0
2024-06-01 11:00:00,7.3,717.0
2024-06-01 12:00:00,6.9,682.0
2024-06-01 13:00:00,7.7,301.0
2024-06-01 14:00:00,2.8,332.0
2024-06-01 15:00:00,3.0,428.0
2024-06-01 16:00:00,3.5,316.0
2024-06-01 17:00:00,4.1,180.0
2024-06-01 18:00:00,6.3,75.0
2024-06-01 19:00:00,7.0,9.0
2024-06-01 20:00:00,7.9,0.0
2024-06-01 21:00:00,5.9,0.0
2024-06-01 22:00:00,7.2,0.0
2024-06-01 23:00:00,10.7,0.0
2024-06-02 00:00:00,9.6,0.0
2024-06-02 01:00:00,8.8,0.0
2024-06-02 02:00:00,6.2,0.0
2024-06-02 03:00:00,4.8,17.0
2024-06-02 04:00:00,6.9,77.0
2024-06-02 05:00:00,7.9,151.0
2024-06-02 06:00:00,8.3,224.0
2024-06-02 07:00:00,9.4,299.0
2024-06-02 08:00:00,9.0,381.0
2024-06-02 09:00:00,8.5,469.0
2024-06-02 10:00:00,9.3,707.0
2024-06-02 11:00:00,9.3,745.0
2024-06-02 12:00:00,9.0,647.0
2024-06-02 13:00:00,8.4,172.0
2024-06-02 14:00:00,7.9,566.0
2024-06-02 15:00:00,9.6,506.0
2024-06-02 16:00:00,9.8,331.0
2024-06-02 17:00:00,12.0,148.0
2024-06-02 18:00:00,4.0,53.0
2024-06-02 19:00:00,5.3,9.0
2024-06-02 20:00:00,6.0,0.0
2024-06-02 21:00:00,7.2,0.0
2024-06-02 22:00:00,6.6,0.0
2024-06-02 23:00:00,5.0,0.0
2024-06-03 00:00:00,5.4,0.0
2024-06-03 01:00:00,8.4,0.0
2024-06-03 02:00:00,8.2,0.0
2024-06-03 03:00:00,7.9,32.0
2024-06-03 04:00:00,11.9,86.0
2024-06-03 05:00:00,15.2,139.0
2024-06-03 06:00:00,14.9,156.0
2024-06-03 07:00:00,12.1,249.0
2024-06-03 08:00:00,11.7,288.0
2024-06-03 09:00:00,13.2,332.0
2024-06-03 10:00:00,12.7,327.0
2024-06-03 11:00:00,11.9,527.0
2024-06-03 12:00:00,14.0,296.0
2024-06-03 13:00:00,15.5,453.0
2024-06-03 14:00:00,16.4,488.0
2024-06-03 15:00:00,14.3,283.0
2024-06-03 16:00:00,16.2,240.0
2024-06-03 17:00:00,15.5,123.0
2024-06-03 18:00:00,12.3,55.0
2024-06-03 19:00:00,9.8,10.0
2024-06-03 20:00:00,10.4,0.0
2024-06-03 21:00:00,11.2,0.0
2024-06-03 22:00:00,11.4,0.0
2024-06-03 23:00:00,12.0,0.0
2024-06-04 00:00:00,12.2,0.0
2024-06-04 01:00:00,13.4,0.0
2024-06-04 02:00:00,11.2,0.0
2024-06-04 03:00:00,10.0,17.0
2024-06-04 04:00:00,11.0,64.0
2024-06-04 05:00:00,11.4,115.0
2024-06-04 06:00:00,9.9,188.0
2024-06-04 07:00:00,9.0,445.0
2024-06-04 08:00:00,10.2,567.0
2024-06-04 09:00:00,12.3,694.0
2024-06-04 10:00:00,13.1,771.0
2024-06-04 11:00:00,12.4,770.0
2024-06-04 12:00:00,12.4,724.0
2024-06-04 13:00:00,10.1,477.0
2024-06-04 14:00:00,10.3,399.0
2024-06-04 15:00:00,9.6,383.0
2024-06-04 16:00:00,9.2,277.0
2024-06-04 17:00:00,9.5,188.0
2024-06-04 18:00:00,5.5,91.0
2024-06-04 19:00:00,7.1,12.0
2024-06-04 20:00:00,7.9,0.0
2024-06-04 21:00:00,7.6,0.0
2024-06-04 22:00:00,6.7,0.0
2024-06-04 23:00:00,6.1,0.0
2024-06-05 00:00:00,7.9,0.0
2024-06-05 01:00:00,6.8,0.0
2024-06-05 02:00:00,6.6,0.0
2024-06-05 03:00:00,8.5,37.0
2024-06-05 04:00:00,8.6,127.0
2024-06-05 05:00:00,7.4,264.0
2024-06-05 06:00:00,8.1,377.0
2024-06-05 07:00:00,6.8,443.0
2024-06-05 08:00:00,8.6,496.0
2024-06-05 09:00:00,7.9,566.0
2024-06-05 10:00:00,7.2,459.0
2024-06-05 11:00:00,9.7,434.0
2024-06-05 12:00:00,13.9,416.0
2024-06-05 13:00:00,10.9,272.0
2024-06-05 14:00:00,4.6,204.0
2024-06-05 15:00:00,5.9,163.0
2024-06-05 16:00:00,4.4,96.0
2024-06-05 17:00:00,5.2,47.0
2024-06-05 18:00:00,5.4,42.0
2024-06-05 19:00:00,7.8,9.0
2024-06-05 20:00:00,8.8,0.0
2024-06-05 21:00:00,8.9,0.0
2024-06-05 22:00:00,10.8,0.0
2024-06-05 23:00:00,10.9,0.0
2024-06-06 00:00:00,9.4,0.0
2024-06-06 01:00:00,6.9,0.0
2024-06-06 02:00:00,8.4,0.0
2024-06-06 03:00:00,4.0,38.0
2024-06-06 04:00:00,6.0,140.0
2024-06-06 05:00:00,8.6,278.0
2024-06-06 06:00:00,11.0,395.0
2024-06-06 07:00:00,13.7,456.0
2024-06-06 08:00:00,17.2,543.0
2024-06-06 09:00:00,17.3,566.0
2024-06-06 10:00:00,17.8,637.0
2024-06-06 11:00:00,17.6,757.0
2024-06-06 12:00:00,19.2,800.0
2024-06-06 13:00:00,19.8,619.0
2024-06-06 14:00:00,19.4,603.0
2024-06-06 15:00:00,19.0,399.0
2024-06-06 16:00:00,16.8,270.0
2024-06-06 17:00:00,14.3,153.0
2024-06-06 18:00:00,12.6,72.0
2024-06-06 19:00:00,12.6,13.0
2024-06-06 20:00:00,11.8,0.0
2024-06-06 21:00:00,10.9,0.0
2024-06-06 22:00:00,9.9,0.0
2024-06-06 23:00:00,7.1,0.0
2024-06-07 00:00:00,4.7,0.0
2024-06-07 01:00:00,7.1,0.0
2024-06-07 02:00:00,6.9,0.0
2024-06-07 03:00:00,8.4,36.0
2024-06-07 04:00:00,6.2,65.0
2024-06-07 05:00:00,5.4,163.0
2024-06-07 06:00:00,6.0,210.0
2024-06-07 07:00:00,3.9,256.0
2024-06-07 08:00:00,4.9,305.0
2024-06-07 09:00:00,0.8,324.0
2024-06-07 10:00:00,1.9,360.0
2024-06-07 11:00:00,4.5,330.0
2024-06-07 12:00:00,5.8,595.0
2024-06-07 13:00:00,10.5,517.0
2024-06-07 14:00:00,11.2,474.0
2024-06-07 15:00:00,9.3,373.0
2024-06-07 16:00:00,9.7,261.0
2024-06-07 17:00:00,13.0,117.0
2024-06-07 18:00:00,5.4,84.0
2024-06-07 19:00:00,4.0,9.0
2024-06-07 20:00:00,10.7,0.0
2024-06-07 21:00:00,11.6,0.0
2024-06-07 22:00:00,8.4,0.0
2024-06-07 23:00:00,4.3,0.0
2024-06-08 00:00:00,3.9,0.0
2024-06-08 01:00:00,9.5,0.0
2024-06-08 02:00:00,8.1,0.0
2024-06-08 03:00:00,8.5,34.0
2024-06-08 04:00:00,10.0,118.0
2024-06-08 05:00:00,8.5,207.0
2024-06-08 06:00:00,10.2,387.0
2024-06-08 07:00:00,10.9,562.0
2024-06-08 08:00:00,10.1,698.0
2024-06-08 09:00:00,12.6,790.0
2024-06-08 10:00:00,14.1,739.0
2024-06-08 11:00:00,16.3,685.0
2024-06-08 12:00:00,17.4,616.0
2024-06-08 13:00:00,14.5,538.0
2024-06-08 14:00:00,13.4,521.0
2024-06-08 15:00:00,11.6,404.0
2024-06-08 16:00:00,10.0,306.0
2024-06-08 17:00:00,7.2,218.0
2024-06-08 18:00:00,6.2,94.0
2024-06-08 19:00:00,4.2,14.0
2024-06-08 20:00:00,4.2,0.0
2024-06-08 21:00:00,6.1,0.0
2024-06-08 22:00:00,10.0,0.0
2024-06-08 23:00:00,11.4,0.0
2024-06-09 00:00:00,14.1,0.0
2024-06-09 01:00:00,16.1,0.0
2024-06-09 02:00:00,18.3,0.0
2024-06-09 03:00:00,19.7,41.0
2024-06-09 04:00:00,16.4,145.0
2024-06-09 05:00:00,17.9,200.0
2024-06-09 06:00:00,20.3,205.0
2024-06-09 07:00:00,22.3,87.0
2024-06-09 08:00:00,20.0,342.0
2024-06-09 09:00:00,24.1,618.0
2024-06-09 10:00:00,17.1,411.0
2024-06-09 11:00:00,15.7,472.0
2024-06-09 12:00:00,14.7,330.0
2024-06-09 13:00:00,16.1,562.0
2024-06-09 14:00:00,15.5,264.0
2024-06-09 15:00:00,8.0,352.0
2024-06-09 16:00:00,12.6,314.0
2024-06-09 17:00:00,11.7,213.0
2024-06-09 18:00:00,12.2,93.0
2024-06-09 19:00:00,8.6,15.0
2024-06-09 20:00:00,6.6,0.0
2024-06-09 21:00:00,8.7,0.0
2024-06-09 22:00:00,7.3,0.0
2024-06-09 23:00:00,7.6,0.0
2024-06-10 00:00:00,5.8,0.0
2024-06-10 01:00:00,8.6,0.0
2024-06-10 02:00:00,9.1,0.0
2024-06-10 03:00:00,9.7,39.0
2024-06-10 04:00:00,8.8,141.0
2024-06-10 05:00:00,11.2,242.0
2024-06-10 06:00:00,11.7,432.0
2024-06-10 07:00:00,13.6,578.0
2024-06-10 08:00:00,12.2,698.0
2024-06-10 09:00:00,10.7,779.0
2024-06-10 10:00:00,13.8,837.0
2024-06-10 11:00:00,15.1,495.0
2024-06-10 12:00:00,12.2,206.0
2024-06-10 13:00:00,4.3,88.0
2024-06-10 14:00:00,5.8,72.0
2024-06-10 15:00:00,5.1,67.0
2024-06-10 16:00:00,7.5,76.0
2024-06-10 17:00:00,8.1,45.0
2024-06-10 18:00:00,6.7,38.0
2024-06-10 19:00:00,8.7,10.0
2024-06-10 20:00:00,7.3,0.0
2024-06-10 21:00:00,7.6,0.0
2024-06-10 22:00:00,7.9,0.0
2024-06-10 23:00:00,8.0,0.0
2024-06-11 00:00:00,9.7,0.0
2024-06-11 01:00:00,4.9,0.0
2024-06-11 02:00:00,5.2,0.0
2024-06-11 03:00:00,5.5,38.0
2024-06-11 04:00:00,6.0,135.0
2024-06-11 05:00:00,6.8,227.0
2024-06-11 06:00:00,5.5,294.0
2024-06-11 07:00:00,5.3,422.0
2024-06-11 08:00:00,4.3,539.0
2024-06-11 09:00:00,2.3,679.0
2024-06-11 10:00:00,5.4,704.0
2024-06-11 11:00:00,7.2,623.0
2024-06-11 12:00:00,7.8,551.0
2024-06-11 13:00:00,7.1,648.0
2024-06-11 14:00:00,6.6,570.0
2024-06-11 15:00:00,10.7,482.0
2024-06-11 16:00:00,15.5,217.0
2024-06-11 17:00:00,5.6,76.0
2024-06-11 18:00:00,7.9,82.0
2024-06-11 19:00:00,15.3,13.0
2024-06-11 20:00:00,16.7,0.0
2024-06-11 21:00:00,16.1,0.0
2024-06-11 22:00:00,12.4,0.0
2024-06-11 23:00:00,6.9,0.0
2024-06-12 00:00:00,6.5,0.0
2024-06-12 01:00:00,7.9,0.0
2024-06-12 02:00:00,7.2,1.0
2024-06-12 03:00:00,11.3,42.0
2024-06-12 04:00:00,13.3,148.0
2024-06-12 05:00:00,16.7,287.0
2024-06-12 06:00:00,16.5,398.0
2024-06-12 07:00:00,15.7,473.0
2024-06-12 08:00:00,15.5,496.0
2024-06-12 09:00:00,16.2,540.0
2024-06-12 10:00:00,15.3,572.0
2024-06-12 11:00:00,14.1,480.0
2024-06-12 12:00:00,13.4,546.0
2024-06-12 13:00:00,13.3,503.0
2024-06-12 14:00:00,12.6,431.0
2024-06-12 15:00:00,13.7,376.0
2024-06-12 16:00:00,14.4,317.0
2024-06-12 17:00:00,12.5,128.0
2024-06-12 18:00:00,8.5,92.0
2024-06-12 19:00:00,6.4,14.0
2024-06-12 20:00:00,6.6,0.0
2024-06-12 21:00:00,6.1,0.0
2024-06-12 22:00:00,6.0,0.0
2024-06-12 23:00:00,6.0,0.0
2024-06-13 00:00:00,7.1,0.0
2024-06-13 01:00:00,8.7,0.0
2024-06-13 02:00:00,7.7,1.0
2024-06-13 03:00:00,6.2,42.0
2024-06-13 04:00:00,4.6,148.0
2024-06-13 05:00:00,3.6,288.0
2024-06-13 06:00:00,4.2,436.0
2024-06-13 07:00:00,2.3,562.0
2024-06-13 08:00:00,0.4,594.0
2024-06-13 09:00:00,2.6,717.0
2024-06-13 10:00:00,3.0,675.0
2024-06-13 11:00:00,3.2,753.0
2024-06-13 12:00:00,4.6,597.0
2024-06-13 13:00:00,3.1,550.0
2024-06-13 14:00:00,3.5,493.0
2024-06-13 15:00:00,3.6,268.0
2024-06-13 16:00:00,3.1,90.0
2024-06-13 17:00:00,1.6,123.0
2024-06-13 18:00:00,3.4,29.0
2024-06-13 19:00:00,8.0,5.0
2024-06-13 20:00:00,10.8,0.0
2024-06-13 21:00:00,8.9,0.0
2024-06-13 22:00:00,9.0,0.0
2024-06-13 23:00:00,8.9,0.0
2024-06-14 00:00:00,6.8,0.0
2024-06-14 01:00:00,10.4,0.0
2024-06-14 02:00:00,11.2,0.0
2024-06-14 03:00:00,13.6,4.0
2024-06-14 04:00:00,9.4,23.0
2024-06-14 05:00:00,8.0,58.0
2024-06-14 06:00:00,9.5,164.0
2024-06-14 07:00:00,10.3,180.0
2024-06-14 08:00:00,10.3,285.0
2024-06-14 09:00:00,8.9,618.0
2024-06-14 10:00:00,9.4,564.0
2024-06-14 11:00:00,8.9,657.0
2024-06-14 12:00:00,8.4,720.0
2024-06-14 13:00:00,11.3,646.0
2024-06-14 14:00:00,10.2,489.0
2024-06-14 15:00:00,9.7,395.0
2024-06-14 16:00:00,8.6,294.0
2024-06-14 17:00:00,6.9,147.0
2024-06-14 18:00:00,3.7,61.0
2024-06-14 19:00:00,6.0,11.0
2024-06-14 20:00:00,6.2,0.0
2024-06-14 21:00:00,5.4,0.0
2024-06-14 22:00:00,6.6,0.0
2024-06-14 23:00:00,6.0,0.0
2024-06-15 00:00:00,5.6,0.0
2024-06-15 01:00:00,4.5,0.0
2024-06-15 02:00:00,5.3,1.0
2024-06-15 03:00:00,6.7,37.0
2024-06-15 04:00:00,5.2,142.0
2024-06-15 05:00:00,5.0,278.0
2024-06-15 06:00:00,4.1,430.0
2024-06-15 07:00:00,4.5,566.0
2024-06-15 08:00:00,6.5,650.0
2024-06-15 09:00:00,7.3,627.0
2024-06-15 10:00:00,6.4,544.0
2024-06-15 11:00:00,5.9,556.0
2024-06-15 12:00:00,4.8,530.0
2024-06-15 13:00:00,4.7,393.0
2024-06-15 14:00:00,6.0,492.0
2024-06-15 15:00:00,7.3,320.0
2024-06-15 16:00:00,9.1,250.0
2024-06-15 17:00:00,8.7,163.0
2024-06-15 18:00:00,9.4,87.0
2024-06-15 19:00:00,9.9,19.0
2024-06-15 20:00:00,10.8,0.0
2024-06-15 21:00:00,9.2,0.0
2024-06-15 22:00:00,8.0,0.0
2024-06-15 23:00:00,8.4,0.0
2024-06-16 00:00:00,9.2,0.0
2024-06-16 01:00:00,7.2,0.0
2024-06-16 02:00:00,6.1,1.0
2024-06-16 03:00:00,6.4,42.0
2024-06-16 04:00:00,6.5,151.0
2024-06-16 05:00:00,5.8,277.0
2024-06-16 06:00:00,6.9,412.0
2024-06-16 07:00:00,8.5,557.0
2024-06-16 08:00:00,9.8,559.0
2024-06-16 09:00:00,9.7,496.0
2024-06-16 10:00:00,8.9,524.0
2024-06-16 11:00:00,7.1,499.0
2024-06-16 12:00:00,5.4,607.0
2024-06-16 13:00:00,10.8,521.0
2024-06-16 14:00:00,8.8,593.0
2024-06-16 15:00:00,6.3,464.0
2024-06-16 16:00:00,10.2,295.0
2024-06-16 17:00:00,5.4,168.0
2024-06-16 18:00:00,5.4,83.0
2024-06-16 19:00:00,7.9,15.0
2024-06-16 20:00:00,3.9,0.0
2024-06-16 21:00:00,6.7,0.0
2024-06-16 22:00:00,5.5,0.0
2024-06-16 23:00:00,8.4,0.0
2024-06-17 00:00:00,7.0,0.0
2024-06-17 01:00:00,7.4,0.0
2024-06-17 02:00:00,5.2,0.0
2024-06-17 03:00:00,5.0,32.0
2024-06-17 04:00:00,5.9,117.0
2024-06-17 05:00:00,2.5,228.0
2024-06-17 06:00:00,5.0,299.0
2024-06-17 07:00:00,4.5,286.0
2024-06-17 08:00:00,6.0,499.0
2024-06-17 09:00:00,7.4,625.0
2024-06-17 10:00:00,9.4,725.0
2024-06-17 11:00:00,11.5,701.0
2024-06-17 12:00:00,12.2,427.0
2024-06-17 13:00:00,15.2,521.0
2024-06-17 14:00:00,15.5,531.0
2024-06-17 15:00:00,12.9,452.0
2024-06-17 16:00:00,11.7,291.0
2024-06-17 17:00:00,12.3,199.0
2024-06-17 18:00:00,11.7,95.0
2024-06-17 19:00:00,10.8,19.0
2024-06-17 20:00:00,9.1,0.0
2024-06-17 21:00:00,8.9,0.0
2024-06-17 22:00:00,8.8,0.0
2024-06-17 23:00:00,7.8,0.0
2024-06-18 00:00:00,5.9,0.0
2024-06-18 01:00:00,6.5,0.0
2024-06-18 02:00:00,7.2,1.0
2024-06-18 03:00:00,4.8,40.0
2024-06-18 04:00:00,4.6,134.0
2024-06-18 05:00:00,4.8,199.0
2024-06-18 06:00:00,3.1,304.0
2024-06-18 07:00:00,5.9,432.0
2024-06-18 08:00:00,4.9,595.0
2024-06-18 09:00:00,8.1,728.0
2024-06-18 10:00:00,9.4,668.0
2024-06-18 11:00:00,14.1,511.0
2024-06-18 12:00:00,15.3,543.0
2024-06-18 13:00:00,17.1,634.0
2024-06-18 14:00:00,19.1,554.0
2024-06-18 15:00:00,16.3,417.0
2024-06-18 16:00:00,13.2,260.0
2024-06-18 17:00:00,9.5,209.0
2024-06-18 18:00:00,5.2,102.0
2024-06-18 19:00:00,7.8,19.0
2024-06-18 20:00:00,7.7,0.0
2024-06-18 21:00:00,3.6,0.0
2024-06-18 22:00:00,2.5,0.0
2024-06-18 23:00:00,5.2,0.0
2024-06-19 00:00:00,6.9,0.0
2024-06-19 01:00:00,10.5,0.0
2024-06-19 02:00:00,11.2,1.0
2024-06-19 03:00:00,13.8,36.0
2024-06-19 04:00:00,15.0,125.0
2024-06-19 05:00:00,16.9,235.0
2024-06-19 06:00:00,15.9,169.0
2024-06-19 07:00:00,26.7,250.0
2024-06-19 08:00:00,18.0,60.0
2024-06-19 09:00:00,17.1,136.0
2024-06-19 10:00:00,25.9,680.0
2024-06-19 11:00:00,24.6,503.0
2024-06-19 12:00:00,26.5,693.0
2024-06-19 13:00:00,21.5,558.0
2024-06-19 14:00:00,17.7,307.0
2024-06-19 15:00:00,18.7,495.0
2024-06-19 16:00:00,21.5,285.0
2024-06-19 17:00:00,22.7,204.0
2024-06-19 18:00:00,19.2,85.0
2024-06-19 19:00:00,14.5,13.0
2024-06-19 20:00:00,13.2,0.0
2024-06-19 21:00:00,15.0,0.0
2024-06-19 22:00:00,17.8,0.0
2024-06-19 23:00:00,17.4,0.0
2024-06-20 00:00:00,16.3,0.0
2024-06-20 01:00:00,17.2,0.0
2024-06-20 02:00:00,17.9,0.0
2024-06-20 03:00:00,17.1,26.0
2024-06-20 04:00:00,20.9,94.0
2024-06-20 05:00:00,17.4,123.0
2024-06-20 06:00:00,20.0,291.0
2024-06-20 07:00:00,23.9,496.0
2024-06-20 08:00:00,24.7,607.0
2024-06-20 09:00:00,25.0,617.0
2024-06-20 10:00:00,25.6,692.0
2024-06-20 11:00:00,24.7,767.0
2024-06-20 12:00:00,24.5,678.0
2024-06-20 13:00:00,23.5,634.0
2024-06-20 14:00:00,23.6,462.0
2024-06-20 15:00:00,23.6,418.0
2024-06-20 16:00:00,20.8,316.0
2024-06-20 17:00:00,18.9,196.0
2024-06-20 18:00:00,15.3,109.0
2024-06-20 19:00:00,11.9,20.0
2024-06-20 20:00:00,11.0,0.0
2024-06-20 21:00:00,5.5,0.0
2024-06-20 22:00:00,8.4,0.0
2024-06-20 23:00:00,9.4,0.0
2024-06-21 00:00:00,11.8,0.0
2024-06-21 01:00:00,11.0,0.0
2024-06-21 02:00:00,11.3,1.0
2024-06-21 03:00:00,12.4,42.0
2024-06-21 04:00:00,10.6,145.0
2024-06-21 05:00:00,13.4,281.0
2024-06-21 06:00:00,15.2,426.0
2024-06-21 07:00:00,14.1,359.0
2024-06-21 08:00:00,15.3,472.0
2024-06-21 09:00:00,15.8,782.0
2024-06-21 10:00:00,16.2,835.0
2024-06-21 11:00:00,16.0,851.0
2024-06-21 12:00:00,15.5,829.0
2024-06-21 13:00:00,13.8,747.0
2024-06-21 14:00:00,15.8,640.0
2024-06-21 15:00:00,17.0,422.0
2024-06-21 16:00:00,16.1,362.0
2024-06-21 17:00:00,11.3,230.0
2024-06-21 18:00:00,10.1,108.0
2024-06-21 19:00:00,8.8,20.0
2024-06-21 20:00:00,8.1,0.0
2024-06-21 21:00:00,7.1,0.0
2024-06-21 22:00:00,7.9,0.0
2024-06-21 23:00:00,8.3,0.0
2024-06-22 00:00:00,3.7,0.0
2024-06-22 01:00:00,5.6,0.0
2024-06-22 02:00:00,6.5,0.0
2024-06-22 03:00:00,5.8,39.0
2024-06-22 04:00:00,7.4,128.0
2024-06-22 05:00:00,6.5,222.0
2024-06-22 06:00:00,5.9,219.0
2024-06-22 07:00:00,5.6,167.0
2024-06-22 08:00:00,6.4,245.0
2024-06-22 09:00:00,7.7,246.0
2024-06-22 10:00:00,9.8,421.0
2024-06-22 11:00:00,12.2,570.0
2024-06-22 12:00:00,12.0,599.0
2024-06-22 13:00:00,13.3,179.0
2024-06-22 14:00:00,16.9,385.0
2024-06-22 15:00:00,15.9,228.0
2024-06-22 16:00:00,15.6,310.0
2024-06-22 17:00:00,15.1,130.0
2024-06-22 18:00:00,13.1,41.0
2024-06-22 19:00:00,14.3,10.0
2024-06-22 20:00:00,14.0,0.0
2024-06-22 21:00:00,10.6,0.0
2024-06-22 22:00:00,11.6,0.0
2024-06-22 23:00:00,12.1,0.0
2024-06-23 00:00:00,14.4,0.0
2024-06-23 01:00:00,15.1,0.0
2024-06-23 02:00:00,17.1,0.0
2024-06-23 03:00:00,15.9,23.0
2024-06-23 04:00:00,15.5,122.0
2024-06-23 05:00:00,16.6,171.0
2024-06-23 06:00:00,16.9,259.0
2024-06-23 07:00:00,18.2,317.0
2024-06-23 08:00:00,18.1,438.0
2024-06-23 09:00:00,19.3,583.0
2024-06-23 10:00:00,18.7,578.0
2024-06-23 11:00:00,18.0,391.0
2024-06-23 12:00:00,17.6,524.0
2024-06-23 13:00:00,18.8,264.0
2024-06-23 14:00:00,16.2,153.0
2024-06-23 15:00:00,16.3,137.0
2024-06-23 16:00:00,15.8,99.0
2024-06-23 17:00:00,14.1,105.0
2024-06-23 18:00:00,11.5,81.0
2024-06-23 19:00:00,11.7,14.0
2024-06-23 20:00:00,11.2,0.0
2024-06-23 21:00:00,10.4,0.0
2024-06-23 22:00:00,7.9,0.0
2024-06-23 23:00:00,5.7,0.0
2024-06-24 00:00:00,2.9,0.0
2024-06-24 01:00:00,3.0,0.0
2024-06-24 02:00:00,2.8,0.0
2024-06-24 03:00:00,4.5,29.0
2024-06-24 04:00:00,7.4,108.0
2024-06-24 05:00:00,6.5,135.0
2024-06-24 06:00:00,8.6,160.0
2024-06-24 07:00:00,10.8,223.0
2024-06-24 08:00:00,8.9,296.0
2024-06-24 09:00:00,9.3,383.0
2024-06-24 10:00:00,9.4,434.0
2024-06-24 11:00:00,9.9,346.0
2024-06-24 12:00:00,9.8,382.0
2024-06-24 13:00:00,8.0,315.0
2024-06-24 14:00:00,9.1,270.0
2024-06-24 15:00:00,10.7,251.0
2024-06-24 16:00:00,12.5,117.0
2024-06-24 17:00:00,12.3,70.0
2024-06-24 18:00:00,9.4,63.0
2024-06-24 19:00:00,8.9,14.0
2024-06-24 20:00:00,10.1,0.0
2024-06-24 21:00:00,8.8,0.0
2024-06-24 22:00:00,6.4,0.0
2024-06-24 23:00:00,7.0,0.0
2024-06-25 00:00:00,6.6,0.0
2024-06-25 01:00:00,6.6,0.0
2024-06-25 02:00:00,6.6,0.0
2024-06-25 03:00:00,7.9,38.0
2024-06-25 04:00:00,6.2,136.0
2024-06-25 05:00:00,6.2,271.0
2024-06-25 06:00:00,6.6,402.0
2024-06-25 07:00:00,7.5,540.0
2024-06-25 08:00:00,7.2,618.0
2024-06-25 09:00:00,6.8,708.0
2024-06-25 10:00:00,7.5,794.0
2024-06-25 11:00:00,8.4,783.0
2024-06-25 12:00:00,7.9,678.0
2024-06-25 13:00:00,7.7,661.0
2024-06-25 14:00:00,8.3,551.0
2024-06-25 15:00:00,8.3,432.0
2024-06-25 16:00:00,8.8,332.0
2024-06-25 17:00:00,6.2,218.0
2024-06-25 18:00:00,4.2,108.0
2024-06-25 19:00:00,6.6,20.0
2024-06-25 20:00:00,8.2,0.0
2024-06-25 21:00:00,7.1,0.0
2024-06-25 22:00:00,8.4,0.0
2024-06-25 23:00:00,6.4,0.0
2024-06-26 00:00:00,7.3,0.0
2024-06-26 01:00:00,7.6,0.0
2024-06-26 02:00:00,8.4,0.0
2024-06-26 03:00:00,5.0,39.0
2024-06-26 04:00:00,3.7,141.0
2024-06-26 05:00:00,2.8,276.0
2024-06-26 06:00:00,1.3,421.0
2024-06-26 07:00:00,2.2,561.0
2024-06-26 08:00:00,5.1,681.0
2024-06-26 09:00:00,6.7,773.0
2024-06-26 10:00:00,7.0,827.0
2024-06-26 11:00:00,6.3,841.0
2024-06-26 12:00:00,5.2,814.0
2024-06-26 13:00:00,4.6,748.0
2024-06-26 14:00:00,3.3,648.0
2024-06-26 15:00:00,3.0,521.0
2024-06-26 16:00:00,3.5,380.0
2024-06-26 17:00:00,4.8,238.0
2024-06-26 18:00:00,5.6,110.0
2024-06-26 19:00:00,9.2,21.0
2024-06-26 20:00:00,6.5,0.0
2024-06-26 21:00:00,7.4,0.0
2024-06-26 22:00:00,6.4,0.0
2024-06-26 23:00:00,6.3,0.0
2024-06-27 00:00:00,7.4,0.0
2024-06-27 01:00:00,9.2,0.0
2024-06-27 02:00:00,6.5,0.0
2024-06-27 03:00:00,6.0,38.0
2024-06-27 04:00:00,6.9,140.0
2024-06-27 05:00:00,5.4,274.0
2024-06-27 06:00:00,5.7,418.0
2024-06-27 07:00:00,6.1,557.0
2024-06-27 08:00:00,6.1,677.0
2024-06-27 09:00:00,6.1,768.0
2024-06-27 10:00:00,6.4,823.0
2024-06-27 11:00:00,6.9,838.0
2024-06-27 12:00:00,7.1,805.0
2024-06-27 13:00:00,8.4,635.0
2024-06-27 14:00:00,9.2,598.0
2024-06-27 15:00:00,10.3,494.0
2024-06-27 16:00:00,9.0,354.0
2024-06-27 17:00:00,6.7,222.0
2024-06-27 18:00:00,6.6,103.0
2024-06-27 19:00:00,7.4,19.0
2024-06-27 20:00:00,8.4,0.0
2024-06-27 21:00:00,7.9,0.0
2024-06-27 22:00:00,7.7,0.0
2024-06-27 23:00:00,7.3,0.0
2024-06-28 00:00:00,7.4,0.0
2024-06-28 01:00:00,7.4,0.0
2024-06-28 02:00:00,7.7,0.0
2024-06-28 03:00:00,8.7,37.0
2024-06-28 04:00:00,8.9,137.0
2024-06-28 05:00:00,7.9,269.0
2024-06-28 06:00:00,9.4,412.0
2024-06-28 07:00:00,10.7,549.0
2024-06-28 08:00:00,11.7,669.0
2024-06-28 09:00:00,12.5,717.0
2024-06-28 10:00:00,12.0,765.0
2024-06-28 11:00:00,12.1,777.0
2024-06-28 12:00:00,12.7,718.0
2024-06-28 13:00:00,12.4,689.0
2024-06-28 14:00:00,13.8,619.0
2024-06-28 15:00:00,14.1,501.0
2024-06-28 16:00:00,13.9,359.0
2024-06-28 17:00:00,12.2,229.0
2024-06-28 18:00:00,10.9,107.0
2024-06-28 19:00:00,12.8,19.0
2024-06-28 20:00:00,13.6,0.0
2024-06-28 21:00:00,13.4,0.0
2024-06-28 22:00:00,14.8,0.0
2024-06-28 23:00:00,14.2,0.0
2024-06-29 00:00:00,11.0,0.0
2024-06-29 01:00:00,6.0,0.0
2024-06-29 02:00:00,6.1,0.0
2024-06-29 03:00:00,7.2,8.0
2024-06-29 04:00:00,10.5,38.0
2024-06-29 05:00:00,12.4,123.0
2024-06-29 06:00:00,15.0,283.0
2024-06-29 07:00:00,15.2,289.0
2024-06-29 08:00:00,12.7,569.0
2024-06-29 09:00:00,12.4,743.0
2024-06-29 10:00:00,13.8,822.0
2024-06-29 11:00:00,14.4,840.0
2024-06-29 12:00:00,14.3,823.0
2024-06-29 13:00:00,12.8,685.0
2024-06-29 14:00:00,13.2,562.0
2024-06-29 15:00:00,13.4,449.0
2024-06-29 16:00:00,12.5,342.0
2024-06-29 17:00:00,10.1,235.0
2024-06-29 18:00:00,8.1,108.0
2024-06-29 19:00:00,11.4,20.0
2024-06-29 20:00:00,12.6,0.0
2024-06-29 21:00:00,12.2,0.0
2024-06-29 22:00:00,11.4,0.0
2024-06-29 23:00:00,8.7,0.0
2024-06-30 00:00:00,6.4,0.0
2024-06-30 01:00:00,5.9,0.0
2024-06-30 02:00:00,4.2,0.0
2024-06-30 03:00:00,3.2,37.0
2024-06-30 04:00:00,4.0,142.0
2024-06-30 05:00:00,4.2,280.0
2024-06-30 06:00:00,5.0,426.0
2024-06-30 07:00:00,6.5,566.0
2024-06-30 08:00:00,9.1,684.0
2024-06-30 09:00:00,9.6,773.0
2024-06-30 10:00:00,10.1,825.0
2024-06-30 11:00:00,11.6,838.0
2024-06-30 12:00:00,11.9,808.0
2024-06-30 13:00:00,11.2,743.0
2024-06-30 14:00:00,13.0,653.0
2024-06-30 15:00:00,13.9,479.0
2024-06-30 16:00:00,13.9,350.0
2024-06-30 17:00:00,16.9,233.0
2024-06-30 18:00:00,15.5,106.0
2024-06-30 19:00:00,17.6,19.0
2024-06-30 20:00:00,17.1,0.0
2024-06-30 21:00:00,18.0,0.0
2024-06-30 22:00:00,17.1,0.0
2024-06-30 23:00:00,17.8,0.0
2024-07-01 00:00:00,17.8,0.0
2024-07-01 01:00:00,15.5,0.0
2024-07-01 02:00:00,13.0,0.0
2024-07-01 03:00:00,14.8,34.0
2024-07-01 04:00:00,15.9,103.0
2024-07-01 05:00:00,15.7,219.0
2024-07-01 06:00:00,15.8,323.0
2024-07-01 07:00:00,17.8,502.0
2024-07-01 08:00:00,19.1,577.0
2024-07-01 09:00:00,21.8,639.0
2024-07-01 10:00:00,22.0,747.0
2024-07-01 11:00:00,21.7,540.0
2024-07-01 12:00:00,19.6,556.0
2024-07-01 13:00:00,18.9,501.0
2024-07-01 14:00:00,16.5,517.0
2024-07-01 15:00:00,16.2,354.0
2024-07-01 16:00:00,17.4,178.0
2024-07-01 17:00:00,14.8,216.0
2024-07-01 18:00:00,11.7,87.0
2024-07-01 19:00:00,10.7,11.0
2024-07-01 20:00:00,9.7,0.0
2024-07-01 21:00:00,11.0,0.0
2024-07-01 22:00:00,12.7,0.0
2024-07-01 23:00:00,11.0,0.0
2024-07-02 00:00:00,9.4,0.0
2024-07-02 01:00:00,6.1,0.0
2024-07-02 02:00:00,6.9,0.0
2024-07-02 03:00:00,7.7,26.0
2024-07-02 04:00:00,7.9,99.0
2024-07-02 05:00:00,8.1,221.0
2024-07-02 06:00:00,7.1,219.0
2024-07-02 07:00:00,8.8,336.0
2024-07-02 08:00:00,8.0,547.0
2024-07-02 09:00:00,8.2,486.0
2024-07-02 10:00:00,6.1,588.0
2024-07-02 11:00:00,3.6,579.0
2024-07-02 12:00:00,8.8,345.0
2024-07-02 13:00:00,9.4,228.0
2024-07-02 14:00:00,9.2,176.0
2024-07-02 15:00:00,7.6,165.0
2024-07-02 16:00:00,6.5,215.0
2024-07-02 17:00:00,7.1,103.0
2024-07-02 18:00:00,8.8,36.0
2024-07-02 19:00:00,8.9,7.0
2024-07-02 20:00:00,9.2,0.0
2024-07-02 21:00:00,8.0,0.0
2024-07-02 22:00:00,8.0,0.0
2024-07-02 23:00:00,12.6,0.0
2024-07-03 00:00:00,9.7,0.0
2024-07-03 01:00:00,13.0,0.0
2024-07-03 02:00:00,13.1,0.0
2024-07-03 03:00:00,15.3,18.0
2024-07-03 04:00:00,14.2,58.0
2024-07-03 05:00:00,15.5,163.0
2024-07-03 06:00:00,17.2,288.0
2024-07-03 07:00:00,17.7,299.0
2024-07-03 08:00:00,18.7,319.0
2024-07-03 09:00:00,17.8,566.0
2024-07-03 10:00:00,16.4,628.0
2024-07-03 11:00:00,15.7,495.0
2024-07-03 12:00:00,13.2,466.0
2024-07-03 13:00:00,11.4,515.0
2024-07-03 14:00:00,11.8,475.0
2024-07-03 15:00:00,10.1,355.0
2024-07-03 16:00:00,8.9,195.0
2024-07-03 17:00:00,6.3,109.0
2024-07-03 18:00:00,4.4,75.0
2024-07-03 19:00:00,3.2,12.0
2024-07-03 20:00:00,3.9,0.0
2024-07-03 21:00:00,6.0,0.0
2024-07-03 22:00:00,5.2,0.0
2024-07-03 23:00:00,5.1,0.0
2024-07-04 00:00:00,4.1,0.0
2024-07-04 01:00:00,8.4,0.0
2024-07-04 02:00:00,6.8,0.0
2024-07-04 03:00:00,6.9,10.0
2024-07-04 04:00:00,6.8,23.0
2024-07-04 05:00:00,5.5,48.0
2024-07-04 06:00:00,1.8,114.0
2024-07-04 07:00:00,2.2,275.0
2024-07-04 08:00:00,4.6,380.0
2024-07-04 09:00:00,3.1,387.0
2024-07-04 10:00:00,1.1,368.0
2024-07-04 11:00:00,1.8,301.0
2024-07-04 12:00:00,3.4,215.0
2024-07-04 13:00:00,4.9,156.0
2024-07-04 14:00:00,3.3,136.0
2024-07-04 15:00:00,7.1,81.0
2024-07-04 16:00:00,4.2,93.0
2024-07-04 17:00:00,6.7,95.0
2024-07-04 18:00:00,4.1,53.0
2024-07-04 19:00:00,6.1,14.0
2024-07-04 20:00:00,5.6,0.0
2024-07-04 21:00:00,6.2,0.0
2024-07-04 22:00:00,5.9,0.0
2024-07-04 23:00:00,6.9,0.0
2024-07-05 00:00:00,7.8,0.0
2024-07-05 01:00:00,8.7,0.0
2024-07-05 02:00:00,10.3,0.0
2024-07-05 03:00:00,9.5,22.0
2024-07-05 04:00:00,9.5,52.0
2024-07-05 05:00:00,13.1,161.0
2024-07-05 06:00:00,15.2,303.0
2024-07-05 07:00:00,14.4,302.0
2024-07-05 08:00:00,19.1,339.0
2024-07-05 09:00:00,15.5,345.0
2024-07-05 10:00:00,16.5,592.0
2024-07-05 11:00:00,18.6,757.0
2024-07-05 12:00:00,19.3,732.0
2024-07-05 13:00:00,18.4,675.0
2024-07-05 14:00:00,19.7,601.0
2024-07-05 15:00:00,19.9,487.0
2024-07-05 16:00:00,18.7,355.0
2024-07-05 17:00:00,14.0,210.0
2024-07-05 18:00:00,8.3,102.0
2024-07-05 19:00:00,7.6,17.0
2024-07-05 20:00:00,7.8,0.0
2024-07-05 21:00:00,6.1,0.0
2024-07-05 22:00:00,8.3,0.0
2024-07-05 23:00:00,10.8,0.0
2024-07-06 00:00:00,13.0,0.0
2024-07-06 01:00:00,8.9,0.0
2024-07-06 02:00:00,9.8,0.0
2024-07-06 03:00:00,12.3,27.0
2024-07-06 04:00:00,14.2,84.0
2024-07-06 05:00:00,13.7,203.0
2024-07-06 06:00:00,16.2,384.0
2024-07-06 07:00:00,17.6,550.0
2024-07-06 08:00:00,19.8,589.0
2024-07-06 09:00:00,19.8,620.0
2024-07-06 10:00:00,20.1,746.0
2024-07-06 11:00:00,20.0,642.0
2024-07-06 12:00:00,16.7,557.0
2024-07-06 13:00:00,16.3,602.0
2024-07-06 14:00:00,17.9,526.0
2024-07-06 15:00:00,14.2,439.0
2024-07-06 16:00:00,15.9,374.0
2024-07-06 17:00:00,14.8,234.0
2024-07-06 18:00:00,16.9,105.0
2024-07-06 19:00:00,17.7,17.0
2024-07-06 20:00:00,17.1,0.0
2024-07-06 21:00:00,17.4,0.0
2024-07-06 22:00:00,18.3,0.0
2024-07-06 23:00:00,19.8,0.0
2024-07-07 00:00:00,19.4,0.0
2024-07-07 01:00:00,20.0,0.0
2024-07-07 02:00:00,20.0,0.0
2024-07-07 03:00:00,20.5,29.0
2024-07-07 04:00:00,20.4,120.0
2024-07-07 05:00:00,21.3,247.0
2024-07-07 06:00:00,23.6,390.0
2024-07-07 07:00:00,26.6,534.0
2024-07-07 08:00:00,26.0,655.0
2024-07-07 09:00:00,24.1,586.0
2024-07-07 10:00:00,24.1,599.0
2024-07-07 11:00:00,28.9,773.0
2024-07-07 12:00:00,23.1,594.0
2024-07-07 13:00:00,20.8,419.0
2024-07-07 14:00:00,1.5,61.0
2024-07-07 15:00:00,5.1,357.0
2024-07-07 16:00:00,2.9,212.0
2024-07-07 17:00:00,7.6,90.0
2024-07-07 18:00:00,12.3,35.0
2024-07-07 19:00:00,13.1,3.0
2024-07-07 20:00:00,11.3,0.0
2024-07-07 21:00:00,11.6,0.0
2024-07-07 22:00:00,8.5,0.0
2024-07-07 23:00:00,12.0,0.0
2024-07-08 00:00:00,10.3,0.0
2024-07-08 01:00:00,12.6,0.0
2024-07-08 02:00:00,14.1,0.0
2024-07-08 03:00:00,12.1,4.0
2024-07-08 04:00:00,13.4,19.0
2024-07-08 05:00:00,15.5,97.0
2024-07-08 06:00:00,12.6,150.0
2024-07-08 07:00:00,12.4,441.0
2024-07-08 08:00:00,12.4,530.0
2024-07-08 09:00:00,10.4,702.0
2024-07-08 10:00:00,9.7,787.0
2024-07-08 11:00:00,9.8,797.0
2024-07-08 12:00:00,10.2,795.0
2024-07-08 13:00:00,8.0,744.0
2024-07-08 14:00:00,9.0,645.0
2024-07-08 15:00:00,8.5,514.0
2024-07-08 16:00:00,9.5,315.0
2024-07-08 17:00:00,6.9,220.0
2024-07-08 18:00:00,6.0,99.0
2024-07-08 19:00:00,6.6,15.0
2024-07-08 20:00:00,6.8,0.0
2024-07-08 21:00:00,8.8,0.0
2024-07-08 22:00:00,7.2,0.0
2024-07-08 23:00:00,6.1,0.0
2024-07-09 00:00:00,8.1,0.0
2024-07-09 01:00:00,8.0,0.0
2024-07-09 02:00:00,7.9,0.0
2024-07-09 03:00:00,7.9,26.0
2024-07-09 04:00:00,6.4,121.0
2024-07-09 05:00:00,4.7,249.0
2024-07-09 06:00:00,5.8,396.0
2024-07-09 07:00:00,4.4,523.0
2024-07-09 08:00:00,4.3,657.0
2024-07-09 09:00:00,3.6,714.0
2024-07-09 10:00:00,0.0,741.0
2024-07-09 11:00:00,2.4,725.0
2024-07-09 12:00:00,2.3,699.0
2024-07-09 13:00:00,3.3,462.0
2024-07-09 14:00:00,1.9,481.0
2024-07-09 15:00:00,2.6,482.0
2024-07-09 16:00:00,4.5,345.0
2024-07-09 17:00:00,5.4,201.0
2024-07-09 18:00:00,5.4,88.0
2024-07-09 19:00:00,7.1,15.0
2024-07-09 20:00:00,7.9,0.0
2024-07-09 21:00:00,9.8,0.0
2024-07-09 22:00:00,10.2,0.0
2024-07-09 23:00:00,8.2,0.0
2024-07-10 00:00:00,7.9,0.0
2024-07-10 01:00:00,12.5,0.0
2024-07-10 02:00:00,10.8,0.0
2024-07-10 03:00:00,10.3,25.0
2024-07-10 04:00:00,10.6,119.0
2024-07-10 05:00:00,8.2,249.0
2024-07-10 06:00:00,8.7,393.0
2024-07-10 07:00:00,11.1,532.0
2024-07-10 08:00:00,13.3,656.0
2024-07-10 09:00:00,14.8,749.0
2024-07-10 10:00:00,15.9,807.0
2024-07-10 11:00:00,17.0,825.0
2024-07-10 12:00:00,16.5,800.0
2024-07-10 13:00:00,15.5,735.0
2024-07-10 14:00:00,18.5,636.0
2024-07-10 15:00:00,16.4,512.0
2024-07-10 16:00:00,11.9,369.0
2024-07-10 17:00:00,12.2,225.0
2024-07-10 18:00:00,14.9,98.0
2024-07-10 19:00:00,14.0,15.0
2024-07-10 20:00:00,15.8,0.0
2024-07-10 21:00:00,14.8,0.0
2024-07-10 22:00:00,15.6,0.0
2024-07-10 23:00:00,15.8,0.0
2024-07-11 00:00:00,15.6,0.0
2024-07-11 01:00:00,17.8,0.0
2024-07-11 02:00:00,17.1,0.0
2024-07-11 03:00:00,14.0,24.0
2024-07-11 04:00:00,15.6,115.0
2024-07-11 05:00:00,13.8,241.0
2024-07-11 06:00:00,13.8,387.0
2024-07-11 07:00:00,15.5,523.0
2024-07-11 08:00:00,16.6,644.0
2024-07-11 09:00:00,18.1,736.0
2024-07-11 10:00:00,21.3,791.0
2024-07-11 11:00:00,23.7,810.0
2024-07-11 12:00:00,23.0,788.0
2024-07-11 13:00:00,19.4,719.0
2024-07-11 14:00:00,21.4,615.0
2024-07-11 15:00:00,12.6,377.0
2024-07-11 16:00:00,15.4,288.0
2024-07-11 17:00:00,15.3,193.0
2024-07-11 18:00:00,14.2,81.0
2024-07-11 19:00:00,15.5,13.0
2024-07-11 20:00:00,16.5,0.0
2024-07-11 21:00:00,15.2,0.0
2024-07-11 22:00:00,11.3,0.0
2024-07-11 23:00:00,11.4,0.0
2024-07-12 00:00:00,9.8,0.0
2024-07-12 01:00:00,5.8,0.0
2024-07-12 02:00:00,7.6,0.0
2024-07-12 03:00:00,8.3,7.0
2024-07-12 04:00:00,8.6,29.0
2024-07-12 05:00:00,6.8,161.0
2024-07-12 06:00:00,8.1,322.0
2024-07-12 07:00:00,8.0,309.0
2024-07-12 08:00:00,7.0,450.0
2024-07-12 09:00:00,6.2,584.0
2024-07-12 10:00:00,6.4,712.0
2024-07-12 11:00:00,5.5,743.0
2024-07-12 12:00:00,5.4,705.0
2024-07-12 13:00:00,8.7,651.0
2024-07-12 14:00:00,7.1,581.0
2024-07-12 15:00:00,5.9,474.0
2024-07-12 16:00:00,5.2,299.0
2024-07-12 17:00:00,4.8,197.0
2024-07-12 18:00:00,5.4,81.0
2024-07-12 19:00:00,4.0,12.0
2024-07-12 20:00:00,5.9,0.0
2024-07-12 21:00:00,5.6,0.0
2024-07-12 22:00:00,6.6,0.0
2024-07-12 23:00:00,9.4,0.0
2024-07-13 00:00:00,10.0,0.0
2024-07-13 01:00:00,12.3,0.0
2024-07-13 02:00:00,13.8,0.0
2024-07-13 03:00:00,15.4,21.0
2024-07-13 04:00:00,15.2,111.0
2024-07-13 05:00:00,13.1,239.0
2024-07-13 06:00:00,16.3,366.0
2024-07-13 07:00:00,17.6,442.0
2024-07-13 08:00:00,20.4,476.0
2024-07-13 09:00:00,22.0,659.0
2024-07-13 10:00:00,21.9,526.0
2024-07-13 11:00:00,18.1,379.0
2024-07-13 12:00:00,18.7,110.0
2024-07-13 13:00:00,11.6,392.0
2024-07-13 14:00:00,11.4,547.0
2024-07-13 15:00:00,15.1,331.0
2024-07-13 16:00:00,9.8,251.0
2024-07-13 17:00:00,14.3,194.0
2024-07-13 18:00:00,14.7,88.0
2024-07-13 19:00:00,14.1,13.0
2024-07-13 20:00:00,14.1,0.0
2024-07-13 21:00:00,15.3,0.0
2024-07-13 22:00:00,13.0,0.0
2024-07-13 23:00:00,12.2,0.0
2024-07-14 00:00:00,10.8,0.0
2024-07-14 01:00:00,7.9,0.0
2024-07-14 02:00:00,5.5,0.0
2024-07-14 03:00:00,4.5,20.0
2024-07-14 04:00:00,5.1,111.0
2024-07-14 05:00:00,6.0,239.0
2024-07-14 06:00:00,5.6,303.0
2024-07-14 07:00:00,4.8,337.0
2024-07-14 08:00:00,4.4,377.0
2024-07-14 09:00:00,3.8,430.0
2024-07-14 10:00:00,3.9,537.0
2024-07-14 11:00:00,4.6,436.0
2024-07-14 12:00:00,1.6,525.0
2024-07-14 13:00:00,8.9,90.0
2024-07-14 14:00:00,11.5,161.0
2024-07-14 15:00:00,9.7,251.0
2024-07-14 16:00:00,9.1,337.0
2024-07-14 17:00:00,7.9,156.0
2024-07-14 18:00:00,4.7,38.0
2024-07-14 19:00:00,5.4,8.0
2024-07-14 20:00:00,6.5,0.0
2024-07-14 21:00:00,7.5,0.0
2024-07-14 22:00:00,7.1,0.0
2024-07-14 23:00:00,5.8,0.0
2024-07-15 00:00:00,6.6,0.0
2024-07-15 01:00:00,6.3,0.0
2024-07-15 02:00:00,4.8,0.0
2024-07-15 03:00:00,6.2,18.0
2024-07-15 04:00:00,6.9,90.0
2024-07-15 05:00:00,6.1,187.0
2024-07-15 06:00:00,6.9,263.0
2024-07-15 07:00:00,7.6,408.0
2024-07-15 08:00:00,7.6,616.0
2024-07-15 09:00:00,3.7,677.0
2024-07-15 10:00:00,2.6,601.0
2024-07-15 11:00:00,2.3,566.0
2024-07-15 12:00:00,3.7,247.0
2024-07-15 13:00:00,1.3,563.0
2024-07-15 14:00:00,4.0,271.0
2024-07-15 15:00:00,9.5,353.0
2024-07-15 16:00:00,10.5,260.0
2024-07-15 17:00:00,7.9,176.0
2024-07-15 18:00:00,5.4,82.0
2024-07-15 19:00:00,6.5,11.0
2024-07-15 20:00:00,7.0,0.0
2024-07-15 21:00:00,7.3,0.0
2024-07-15 22:00:00,7.4,0.0
2024-07-15 23:00:00,7.6,0.0
2024-07-16 00:00:00,6.1,0.0
2024-07-16 01:00:00,5.7,0.0
2024-07-16 02:00:00,5.1,0.0
2024-07-16 03:00:00,6.2,17.0
2024-07-16 04:00:00,6.6,96.0
2024-07-16 05:00:00,4.1,228.0
2024-07-16 06:00:00,4.5,377.0
2024-07-16 07:00:00,5.3,518.0
2024-07-16 08:00:00,5.4,642.0
2024-07-16 09:00:00,4.6,739.0
2024-07-16 10:00:00,5.2,792.0
2024-07-16 11:00:00,6.8,799.0
2024-07-16 12:00:00,8.4,737.0
2024-07-16 13:00:00,7.6,715.0
2024-07-16 14:00:00,9.5,618.0
2024-07-16 15:00:00,13.2,497.0
2024-07-16 16:00:00,10.6,356.0
2024-07-16 17:00:00,7.2,212.0
2024-07-16 18:00:00,7.7,88.0
2024-07-16 19:00:00,10.7,10.0
2024-07-16 20:00:00,11.8,0.0
2024-07-16 21:00:00,12.9,0.0
2024-07-16 22:00:00,15.0,0.0
2024-07-16 23:00:00,15.8,0.0
2024-07-17 00:00:00,13.5,0.0
2024-07-17 01:00:00,12.6,0.0
2024-07-17 02:00:00,11.2,0.0
2024-07-17 03:00:00,10.3,2.0
2024-07-17 04:00:00,11.6,24.0
2024-07-17 05:00:00,14.0,152.0
2024-07-17 06:00:00,10.2,329.0
2024-07-17 07:00:00,15.8,449.0
2024-07-17 08:00:00,17.6,552.0
2024-07-17 09:00:00,15.0,675.0
2024-07-17 10:00:00,14.2,771.0
2024-07-17 11:00:00,13.1,778.0
2024-07-17 12:00:00,13.4,755.0
2024-07-17 13:00:00,10.5,649.0
2024-07-17 14:00:00,10.8,579.0
2024-07-17 15:00:00,12.3,455.0
2024-07-17 16:00:00,7.2,258.0
2024-07-17 17:00:00,2.6,176.0
2024-07-17 18:00:00,4.7,77.0
2024-07-17 19:00:00,6.8,9.0
2024-07-17 20:00:00,6.8,0.0
2024-07-17 21:00:00,12.6,0.0
2024-07-17 22:00:00,11.2,0.0
2024-07-17 23:00:00,10.1,0.0
2024-07-18 00:00:00,10.4,0.0
2024-07-18 01:00:00,7.8,0.0
2024-07-18 02:00:00,7.6,0.0
2024-07-18 03:00:00,8.7,5.0
2024-07-18 04:00:00,5.9,60.0
2024-07-18 05:00:00,2.3,80.0
2024-07-18 06:00:00,2.2,250.0
2024-07-18 07:00:00,0.8,364.0
2024-07-18 08:00:00,4.3,570.0
2024-07-18 09:00:00,8.2,571.0
2024-07-18 10:00:00,10.5,414.0
2024-07-18 11:00:00,11.9,633.0
2024-07-18 12:00:00,12.9,631.0
2024-07-18 13:00:00,12.8,665.0
2024-07-18 14:00:00,13.5,566.0
2024-07-18 15:00:00,14.8,473.0
2024-07-18 16:00:00,17.2,271.0
2024-07-18 17:00:00,15.7,176.0
2024-07-18 18:00:00,12.2,82.0
2024-07-18 19:00:00,11.1,9.0
2024-07-18 20:00:00,11.6,0.0
2024-07-18 21:00:00,13.5,0.0
2024-07-18 22:00:00,12.6,0.0
2024-07-18 23:00:00,11.8,0.0
2024-07-19 00:00:00,11.6,0.0
2024-07-19 01:00:00,12.6,0.0
2024-07-19 02:00:00,11.6,0.0
2024-07-19 03:00:00,11.8,11.0
2024-07-19 04:00:00,17.0,53.0
2024-07-19 05:00:00,15.9,125.0
2024-07-19 06:00:00,15.0,249.0
2024-07-19 07:00:00,14.1,303.0
2024-07-19 08:00:00,14.9,363.0
2024-07-19 09:00:00,16.1,606.0
2024-07-19 10:00:00,16.5,680.0
2024-07-19 11:00:00,16.9,676.0
2024-07-19 12:00:00,16.5,670.0
2024-07-19 13:00:00,16.6,548.0
2024-07-19 14:00:00,17.0,517.0
2024-07-19 15:00:00,18.1,432.0
2024-07-19 16:00:00,17.9,287.0
2024-07-19 17:00:00,16.9,148.0
2024-07-19 18:00:00,13.7,82.0
2024-07-19 19:00:00,14.2,8.0
2024-07-19 20:00:00,15.1,0.0
2024-07-19 21:00:00,13.2,0.0
2024-07-19 22:00:00,11.1,0.0
2024-07-19 23:00:00,10.0,0.0
2024-07-20 00:00:00,9.2,0.0
2024-07-20 01:00:00,7.9,0.0
2024-07-20 02:00:00,7.9,0.0
2024-07-20 03:00:00,7.8,14.0
2024-07-20 04:00:00,7.4,99.0
2024-07-20 05:00:00,9.7,225.0
2024-07-20 06:00:00,9.4,343.0
2024-07-20 07:00:00,11.3,384.0
2024-07-20 08:00:00,10.7,422.0
2024-07-20 09:00:00,10.2,416.0
2024-07-20 10:00:00,9.4,560.0
2024-07-20 11:00:00,9.9,520.0
2024-07-20 12:00:00,9.0,384.0
2024-07-20 13:00:00,8.1,615.0
2024-07-20 14:00:00,7.5,536.0
2024-07-20 15:00:00,8.9,443.0
2024-07-20 16:00:00,10.3,295.0
2024-07-20 17:00:00,7.8,169.0
2024-07-20 18:00:00,7.1,67.0
2024-07-20 19:00:00,5.6,6.0
2024-07-20 20:00:00,7.0,0.0
2024-07-20 21:00:00,5.5,0.0
2024-07-20 22:00:00,3.8,0.0
2024-07-20 23:00:00,1.5,0.0
2024-07-21 00:00:00,5.1,0.0
2024-07-21 01:00:00,6.9,0.0
2024-07-21 02:00:00,7.0,0.0
2024-07-21 03:00:00,4.2,10.0
2024-07-21 04:00:00,3.2,79.0
2024-07-21 05:00:00,1.3,165.0
2024-07-21 06:00:00,3.7,236.0
2024-07-21 07:00:00,1.0,297.0
2024-07-21 08:00:00,3.4,468.0
2024-07-21 09:00:00,5.2,671.0
2024-07-21 10:00:00,5.0,733.0
2024-07-21 11:00:00,4.4,718.0
2024-07-21 12:00:00,4.7,707.0
2024-07-21 13:00:00,6.9,652.0
2024-07-21 14:00:00,7.1,553.0
2024-07-21 15:00:00,6.8,409.0
2024-07-21 16:00:00,5.5,310.0
2024-07-21 17:00:00,13.2,145.0
2024-07-21 18:00:00,7.9,65.0
2024-07-21 19:00:00,5.5,6.0
2024-07-21 20:00:00,5.8,0.0
2024-07-21 21:00:00,7.0,0.0
2024-07-21 22:00:00,5.0,0.0
2024-07-21 23:00:00,3.4,0.0
2024-07-22 00:00:00,4.4,0.0
2024-07-22 01:00:00,4.2,0.0
2024-07-22 02:00:00,6.6,0.0
2024-07-22 03:00:00,7.9,10.0
2024-07-22 04:00:00,7.6,77.0
2024-07-22 05:00:00,7.2,192.0
2024-07-22 06:00:00,6.6,343.0
2024-07-22 07:00:00,6.8,496.0
2024-07-22 08:00:00,5.4,569.0
2024-07-22 09:00:00,6.4,644.0
2024-07-22 10:00:00,6.4,699.0
2024-07-22 11:00:00,5.4,684.0
2024-07-22 12:00:00,4.6,690.0
2024-07-22 13:00:00,4.3,593.0
2024-07-22 14:00:00,5.1,561.0
2024-07-22 15:00:00,5.4,457.0
2024-07-22 16:00:00,5.7,316.0
2024-07-22 17:00:00,5.1,192.0
2024-07-22 18:00:00,5.6,72.0
2024-07-22 19:00:00,6.4,6.0
2024-07-22 20:00:00,7.4,0.0
2024-07-22 21:00:00,6.4,0.0
2024-07-22 22:00:00,8.9,0.0
2024-07-22 23:00:00,8.4,0.0
2024-07-23 00:00:00,8.0,0.0
2024-07-23 01:00:00,6.7,0.0
2024-07-23 02:00:00,5.9,0.0
2024-07-23 03:00:00,5.9,11.0
2024-07-23 04:00:00,6.6,87.0
2024-07-23 05:00:00,6.1,208.0
2024-07-23 06:00:00,5.9,355.0
2024-07-23 07:00:00,7.1,491.0
2024-07-23 08:00:00,6.0,548.0
2024-07-23 09:00:00,5.2,595.0
2024-07-23 10:00:00,3.9,598.0
2024-07-23 11:00:00,3.1,565.0
2024-07-23 12:00:00,1.8,613.0
2024-07-23 13:00:00,10.8,470.0
2024-07-23 14:00:00,5.7,274.0
2024-07-23 15:00:00,6.9,377.0
2024-07-23 16:00:00,9.0,278.0
2024-07-23 17:00:00,10.9,112.0
2024-07-23 18:00:00,8.8,39.0
2024-07-23 19:00:00,6.8,5.0
2024-07-23 20:00:00,7.7,0.0
2024-07-23 21:00:00,9.2,0.0
2024-07-23 22:00:00,9.8,0.0
2024-07-23 23:00:00,9.8,0.0
2024-07-24 00:00:00,11.2,0.0
2024-07-24 01:00:00,11.0,0.0
2024-07-24 02:00:00,9.6,0.0
2024-07-24 03:00:00,9.6,8.0
2024-07-24 04:00:00,10.0,71.0
2024-07-24 05:00:00,9.2,180.0
2024-07-24 06:00:00,8.6,263.0
2024-07-24 07:00:00,8.7,231.0
2024-07-24 08:00:00,7.4,330.0
2024-07-24 09:00:00,5.0,435.0
2024-07-24 10:00:00,4.9,377.0
2024-07-24 11:00:00,3.2,303.0
2024-07-24 12:00:00,2.1,282.0
2024-07-24 13:00:00,7.5,583.0
2024-07-24 14:00:00,6.9,402.0
2024-07-24 15:00:00,5.0,392.0
2024-07-24 16:00:00,8.9,236.0
2024-07-24 17:00:00,8.7,95.0
2024-07-24 18:00:00,1.1,30.0
2024-07-24 19:00:00,3.7,2.0
2024-07-24 20:00:00,1.8,0.0
2024-07-24 21:00:00,3.4,0.0
2024-07-24 22:00:00,5.5,0.0
2024-07-24 23:00:00,4.8,0.0
2024-07-25 00:00:00,6.0,0.0
2024-07-25 01:00:00,7.9,0.0
2024-07-25 02:00:00,5.0,0.0
2024-07-25 03:00:00,3.3,4.0
2024-07-25 04:00:00,1.8,49.0
2024-07-25 05:00:00,4.4,133.0
2024-07-25 06:00:00,7.5,228.0
2024-07-25 07:00:00,6.4,308.0
2024-07-25 08:00:00,7.5,375.0
2024-07-25 09:00:00,7.2,493.0
2024-07-25 10:00:00,5.9,458.0
2024-07-25 11:00:00,5.8,229.0
2024-07-25 12:00:00,13.5,141.0
2024-07-25 13:00:00,8.0,163.0
2024-07-25 14:00:00,3.7,84.0
2024-07-25 15:00:00,2.9,121.0
2024-07-25 16:00:00,2.5,272.0
2024-07-25 17:00:00,1.5,126.0
2024-07-25 18:00:00,3.5,40.0
2024-07-25 19:00:00,4.8,2.0
2024-07-25 20:00:00,5.6,0.0
2024-07-25 21:00:00,4.7,0.0
2024-07-25 22:00:00,6.1,0.0
2024-07-25 23:00:00,4.6,0.0
2024-07-26 00:00:00,5.3,0.0
2024-07-26 01:00:00,1.1,0.0
2024-07-26 02:00:00,3.3,0.0
2024-07-26 03:00:00,6.1,4.0
2024-07-26 04:00:00,6.2,30.0
2024-07-26 05:00:00,4.3,70.0
2024-07-26 06:00:00,1.6,137.0
2024-07-26 07:00:00,4.6,242.0
2024-07-26 08:00:00,4.2,465.0
2024-07-26 09:00:00,3.3,466.0
2024-07-26 10:00:00,3.6,602.0
2024-07-26 11:00:00,5.4,634.0
2024-07-26 12:00:00,8.0,588.0
2024-07-26 13:00:00,5.2,452.0
2024-07-26 14:00:00,4.5,345.0
2024-07-26 15:00:00,7.1,310.0
2024-07-26 16:00:00,3.9,114.0
2024-07-26 17:00:00,4.8,112.0
2024-07-26 18:00:00,4.6,57.0
2024-07-26 19:00:00,5.1,3.0
2024-07-26 20:00:00,5.5,0.0
2024-07-26 21:00:00,7.2,0.0
2024-07-26 22:00:00,7.7,0.0
2024-07-26 23:00:00,7.4,0.0
2024-07-27 00:00:00,8.0,0.0
2024-07-27 01:00:00,5.1,0.0
2024-07-27 02:00:00,2.9,0.0
2024-07-27 03:00:00,3.9,7.0
2024-07-27 04:00:00,2.5,72.0
2024-07-27 05:00:00,3.9,192.0
2024-07-27 06:00:00,6.3,339.0
2024-07-27 07:00:00,8.2,430.0
2024-07-27 08:00:00,6.2,534.0
2024-07-27 09:00:00,6.5,651.0
2024-07-27 10:00:00,8.5,689.0
2024-07-27 11:00:00,5.7,682.0
2024-07-27 12:00:00,7.9,736.0
2024-07-27 13:00:00,8.3,604.0
2024-07-27 14:00:00,8.1,504.0
2024-07-27 15:00:00,10.2,272.0
2024-07-27 16:00:00,8.0,178.0
2024-07-27 17:00:00,3.3,135.0
2024-07-27 18:00:00,4.4,39.0
2024-07-27 19:00:00,5.8,3.0
2024-07-27 20:00:00,5.9,0.0
2024-07-27 21:00:00,5.6,0.0
2024-07-27 22:00:00,6.8,0.0
2024-07-27 23:00:00,8.3,0.0
2024-07-28 00:00:00,8.7,0.0
2024-07-28 01:00:00,8.8,0.0
2024-07-28 02:00:00,14.2,0.0
2024-07-28 03:00:00,11.9,1.0
2024-07-28 04:00:00,14.1,23.0
2024-07-28 05:00:00,11.9,25.0
2024-07-28 06:00:00,12.4,54.0
2024-07-28 07:00:00,9.4,93.0
2024-07-28 08:00:00,13.7,251.0
2024-07-28 09:00:00,11.7,172.0
2024-07-28 10:00:00,13.0,200.0
2024-07-28 11:00:00,16.1,390.0
2024-07-28 12:00:00,16.2,184.0
2024-07-28 13:00:00,21.6,205.0
2024-07-28 14:00:00,18.4,240.0
2024-07-28 15:00:00,23.1,302.0
2024-07-28 16:00:00,17.2,61.0
2024-07-28 17:00:00,25.4,50.0
2024-07-28 18:00:00,35.9,18.0
2024-07-28 19:00:00,35.1,1.0
2024-07-28 20:00:00,34.6,0.0
2024-07-28 21:00:00,36.8,0.0
2024-07-28 22:00:00,37.5,0.0
2024-07-28 23:00:00,44.0,0.0
2024-07-29 00:00:00,46.4,0.0
2024-07-29 01:00:00,42.6,0.0
2024-07-29 02:00:00,44.0,0.0
2024-07-29 03:00:00,45.1,1.0
2024-07-29 04:00:00,48.8,10.0
2024-07-29 05:00:00,48.6,14.0
2024-07-29 06:00:00,50.2,31.0
2024-07-29 07:00:00,45.7,55.0
2024-07-29 08:00:00,45.6,72.0
2024-07-29 09:00:00,41.5,117.0
2024-07-29 10:00:00,41.1,45.0
2024-07-29 11:00:00,40.3,76.0
2024-07-29 12:00:00,42.8,79.0
2024-07-29 13:00:00,39.3,55.0
2024-07-29 14:00:00,36.7,60.0
2024-07-29 15:00:00,35.6,53.0
2024-07-29 16:00:00,31.6,36.0
2024-07-29 17:00:00,32.6,27.0
2024-07-29 18:00:00,30.6,20.0
2024-07-29 19:00:00,30.5,1.0
2024-07-29 20:00:00,28.3,0.0
2024-07-29 21:00:00,27.2,0.0
2024-07-29 22:00:00,27.0,0.0
2024-07-29 23:00:00,26.0,0.0
2024-07-30 00:00:00,24.2,0.0
2024-07-30 01:00:00,25.0,0.0
2024-07-30 02:00:00,24.2,0.0
2024-07-30 03:00:00,23.4,2.0
2024-07-30 04:00:00,23.6,27.0
2024-07-30 05:00:00,22.0,74.0
2024-07-30 06:00:00,25.3,157.0
2024-07-30 07:00:00,24.7,203.0
2024-07-30 08:00:00,23.2,245.0
2024-07-30 09:00:00,21.1,377.0
2024-07-30 10:00:00,20.2,444.0
2024-07-30 11:00:00,22.2,684.0
2024-07-30 12:00:00,23.7,680.0
2024-07-30 13:00:00,23.3,629.0
2024-07-30 14:00:00,23.5,536.0
2024-07-30 15:00:00,21.7,419.0
2024-07-30 16:00:00,19.0,293.0
2024-07-30 17:00:00,14.9,153.0
2024-07-30 18:00:00,13.0,50.0
2024-07-30 19:00:00,14.5,2.0
2024-07-30 20:00:00,15.6,0.0
2024-07-30 21:00:00,15.0,0.0
2024-07-30 22:00:00,14.3,0.0
2024-07-30 23:00:00,13.5,0.0
2024-07-31 00:00:00,12.1,0.0
2024-07-31 01:00:00,11.1,0.0
2024-07-31 02:00:00,10.0,0.0
2024-07-31 03:00:00,10.8,5.0
2024-07-31 04:00:00,10.1,74.0
2024-07-31 05:00:00,13.7,203.0
2024-07-31 06:00:00,13.5,326.0
2024-07-31 07:00:00,15.9,455.0
2024-07-31 08:00:00,16.8,571.0
2024-07-31 09:00:00,17.2,547.0
2024-07-31 10:00:00,18.2,616.0
2024-07-31 11:00:00,18.3,677.0
2024-07-31 12:00:00,15.8,480.0
2024-07-31 13:00:00,17.6,574.0
2024-07-31 14:00:00,16.5,374.0
2024-07-31 15:00:00,14.4,296.0
2024-07-31 16:00:00,15.5,269.0
2024-07-31 17:00:00,14.4,124.0
2024-07-31 18:00:00,13.1,50.0
2024-07-31 19:00:00,15.7,1.0
2024-07-31 20:00:00,15.1,0.0
2024-07-31 21:00:00,13.7,0.0
2024-07-31 22:00:00,11.9,0.0
2024-07-31 23:00:00,12.6,0.0
2024-08-01 00:00:00,13.0,0.0
2024-08-01 01:00:00,12.6,0.0
2024-08-01 02:00:00,11.9,0.0
2024-08-01 03:00:00,12.3,3.0
2024-08-01 04:00:00,15.6,49.0
2024-08-01 05:00:00,15.1,108.0
2024-08-01 06:00:00,14.1,228.0
2024-08-01 07:00:00,13.0,380.0
2024-08-01 08:00:00,13.3,517.0
2024-08-01 09:00:00,13.7,630.0
2024-08-01 10:00:00,15.2,681.0
2024-08-01 11:00:00,17.4,665.0
2024-08-01 12:00:00,17.0,493.0
2024-08-01 13:00:00,16.1,596.0
2024-08-01 14:00:00,15.8,460.0
2024-08-01 15:00:00,15.2,388.0
2024-08-01 16:00:00,12.6,281.0
2024-08-01 17:00:00,10.0,149.0
2024-08-01 18:00:00,10.8,50.0
2024-08-01 19:00:00,11.7,1.0
2024-08-01 20:00:00,10.2,0.0
2024-08-01 21:00:00,9.7,0.0
2024-08-01 22:00:00,9.4,0.0
2024-08-01 23:00:00,9.9,0.0
2024-08-02 00:00:00,9.6,0.0
2024-08-02 01:00:00,7.6,0.0
2024-08-02 02:00:00,7.2,0.0
2024-08-02 03:00:00,7.1,3.0
2024-08-02 04:00:00,8.2,65.0
2024-08-02 05:00:00,11.1,184.0
2024-08-02 06:00:00,11.3,268.0
2024-08-02 07:00:00,11.3,345.0
2024-08-02 08:00:00,12.1,538.0
2024-08-02 09:00:00,12.8,639.0
2024-08-02 10:00:00,13.4,678.0
2024-08-02 11:00:00,13.7,626.0
2024-08-02 12:00:00,12.9,613.0
2024-08-02 13:00:00,10.6,502.0
2024-08-02 14:00:00,10.6,494.0
2024-08-02 15:00:00,10.0,356.0
2024-08-02 16:00:00,6.7,247.0
2024-08-02 17:00:00,5.2,141.0
2024-08-02 18:00:00,7.6,43.0
2024-08-02 19:00:00,9.1,1.0
2024-08-02 20:00:00,8.2,0.0
2024-08-02 21:00:00,6.4,0.0
2024-08-02 22:00:00,5.4,0.0
2024-08-02 23:00:00,6.7,0.0
2024-08-03 00:00:00,7.6,0.0
2024-08-03 01:00:00,7.4,0.0
2024-08-03 02:00:00,7.3,0.0
2024-08-03 03:00:00,6.1,3.0
2024-08-03 04:00:00,6.1,59.0
2024-08-03 05:00:00,5.1,162.0
2024-08-03 06:00:00,5.6,296.0
2024-08-03 07:00:00,6.6,445.0
2024-08-03 08:00:00,7.0,582.0
2024-08-03 09:00:00,8.0,609.0
2024-08-03 10:00:00,9.1,649.0
2024-08-03 11:00:00,9.9,678.0
2024-08-03 12:00:00,9.4,645.0
2024-08-03 13:00:00,9.2,580.0
2024-08-03 14:00:00,9.8,509.0
2024-08-03 15:00:00,9.5,380.0
2024-08-03 16:00:00,8.3,228.0
2024-08-03 17:00:00,5.9,152.0
2024-08-03 18:00:00,6.3,47.0
2024-08-03 19:00:00,8.9,1.0
2024-08-03 20:00:00,6.1,0.0
2024-08-03 21:00:00,7.1,0.0
2024-08-03 22:00:00,6.9,0.0
2024-08-03 23:00:00,7.5,0.0
2024-08-04 00:00:00,5.9,0.0
2024-08-04 01:00:00,6.2,0.0
2024-08-04 02:00:00,6.1,0.0
2024-08-04 03:00:00,7.3,2.0
2024-08-04 04:00:00,8.5,62.0
2024-08-04 05:00:00,10.3,188.0
2024-08-04 06:00:00,10.5,302.0
2024-08-04 07:00:00,11.4,410.0
2024-08-04 08:00:00,12.7,572.0
2024-08-04 09:00:00,14.5,618.0
2024-08-04 10:00:00,15.5,689.0
2024-08-04 11:00:00,15.4,660.0
2024-08-04 12:00:00,14.3,542.0
2024-08-04 13:00:00,11.3,634.0
2024-08-04 14:00:00,12.1,552.0
2024-08-04 15:00:00,12.6,427.0
2024-08-04 16:00:00,8.5,281.0
2024-08-04 17:00:00,4.0,155.0
2024-08-04 18:00:00,7.1,43.0
2024-08-04 19:00:00,6.6,0.0
2024-08-04 20:00:00,6.2,0.0
2024-08-04 21:00:00,8.5,0.0
2024-08-04 22:00:00,7.4,0.0
2024-08-04 23:00:00,7.1,0.0
2024-08-05 00:00:00,4.7,0.0
2024-08-05 01:00:00,7.5,0.0
2024-08-05 02:00:00,8.5,0.0
2024-08-05 03:00:00,5.1,1.0
2024-08-05 04:00:00,4.8,20.0
2024-08-05 05:00:00,4.7,47.0
2024-08-05 06:00:00,4.9,91.0
2024-08-05 07:00:00,3.6,127.0
2024-08-05 08:00:00,1.5,199.0
2024-08-05 09:00:00,2.6,242.0
2024-08-05 10:00:00,3.0,514.0
2024-08-05 11:00:00,1.1,513.0
2024-08-05 12:00:00,0.4,466.0
2024-08-05 13:00:00,3.0,316.0
2024-08-05 14:00:00,1.1,532.0
2024-08-05 15:00:00,0.5,340.0
2024-08-05 16:00:00,1.5,233.0
2024-08-05 17:00:00,14.3,131.0
2024-08-05 18:00:00,6.0,16.0
2024-08-05 19:00:00,5.4,0.0
2024-08-05 20:00:00,4.7,0.0
2024-08-05 21:00:00,7.0,0.0
2024-08-05 22:00:00,6.1,0.0
2024-08-05 23:00:00,5.4,0.0
2024-08-06 00:00:00,6.3,0.0
2024-08-06 01:00:00,6.6,0.0
2024-08-06 02:00:00,6.3,0.0
2024-08-06 03:00:00,6.1,1.0
2024-08-06 04:00:00,8.5,55.0
2024-08-06 05:00:00,6.2,171.0
2024-08-06 06:00:00,7.9,310.0
2024-08-06 07:00:00,8.1,443.0
2024-08-06 08:00:00,7.8,565.0
2024-08-06 09:00:00,7.6,663.0
2024-08-06 10:00:00,7.0,702.0
2024-08-06 11:00:00,7.8,660.0
2024-08-06 12:00:00,8.9,644.0
2024-08-06 13:00:00,13.2,605.0
2024-08-06 14:00:00,14.3,539.0
2024-08-06 15:00:00,13.3,397.0
2024-08-06 16:00:00,12.3,247.0
2024-08-06 17:00:00,8.6,127.0
2024-08-06 18:00:00,7.2,38.0
2024-08-06 19:00:00,7.1,0.0
2024-08-06 20:00:00,7.4,0.0
2024-08-06 21:00:00,7.0,0.0
2024-08-06 22:00:00,8.3,0.0
2024-08-06 23:00:00,7.8,0.0
2024-08-07 00:00:00,7.9,0.0
2024-08-07 01:00:00,5.5,0.0
2024-08-07 02:00:00,5.5,0.0
2024-08-07 03:00:00,5.7,1.0
2024-08-07 04:00:00,8.1,53.0
2024-08-07 05:00:00,6.1,169.0
2024-08-07 06:00:00,5.7,305.0
2024-08-07 07:00:00,10.0,433.0
2024-08-07 08:00:00,10.0,546.0
2024-08-07 09:00:00,10.2,622.0
2024-08-07 10:00:00,9.7,678.0
2024-08-07 11:00:00,10.3,695.0
2024-08-07 12:00:00,11.6,618.0
2024-08-07 13:00:00,15.6,577.0
2024-08-07 14:00:00,16.3,478.0
2024-08-07 15:00:00,10.6,332.0
2024-08-07 16:00:00,9.5,276.0
2024-08-07 17:00:00,5.6,144.0
2024-08-07 18:00:00,7.2,36.0
2024-08-07 19:00:00,7.9,0.0
2024-08-07 20:00:00,7.7,0.0
2024-08-07 21:00:00,6.2,0.0
2024-08-07 22:00:00,5.8,0.0
2024-08-07 23:00:00,3.6,0.0
2024-08-08 00:00:00,0.5,0.0
2024-08-08 01:00:00,4.7,0.0
2024-08-08 02:00:00,4.1,0.0
2024-08-08 03:00:00,3.1,1.0
2024-08-08 04:00:00,1.8,32.0
2024-08-08 05:00:00,2.2,117.0
2024-08-08 06:00:00,2.6,217.0
2024-08-08 07:00:00,3.8,369.0
2024-08-08 08:00:00,3.2,557.0
2024-08-08 09:00:00,1.5,618.0
2024-08-08 10:00:00,1.4,702.0
2024-08-08 11:00:00,1.9,546.0
2024-08-08 12:00:00,3.6,645.0
2024-08-08 13:00:00,2.9,562.0
2024-08-08 14:00:00,3.8,400.0
2024-08-08 15:00:00,4.1,392.0
2024-08-08 16:00:00,4.8,218.0
2024-08-08 17:00:00,5.6,95.0
2024-08-08 18:00:00,8.0,21.0
2024-08-08 19:00:00,9.7,0.0
2024-08-08 20:00:00,6.4,0.0
2024-08-08 21:00:00,5.9,0.0
2024-08-08 22:00:00,6.2,0.0
2024-08-08 23:00:00,5.8,0.0
2024-08-09 00:00:00,7.0,0.0
2024-08-09 01:00:00,5.8,0.0
2024-08-09 02:00:00,6.5,0.0
2024-08-09 03:00:00,6.5,0.0
2024-08-09 04:00:00,7.7,32.0
2024-08-09 05:00:00,3.9,130.0
2024-08-09 06:00:00,0.8,247.0
2024-08-09 07:00:00,1.8,416.0
2024-08-09 08:00:00,3.3,407.0
2024-08-09 09:00:00,4.8,469.0
2024-08-09 10:00:00,7.1,687.0
2024-08-09 11:00:00,9.8,661.0
2024-08-09 12:00:00,9.3,636.0
2024-08-09 13:00:00,9.2,621.0
2024-08-09 14:00:00,10.5,486.0
2024-08-09 15:00:00,10.5,349.0
2024-08-09 16:00:00,9.5,212.0
2024-08-09 17:00:00,4.4,116.0
2024-08-09 18:00:00,5.8,28.0
2024-08-09 19:00:00,5.8,0.0
2024-08-09 20:00:00,11.3,0.0
2024-08-09 21:00:00,5.6,0.0
2024-08-09 22:00:00,4.6,0.0
2024-08-09 23:00:00,6.0,0.0
2024-08-10 00:00:00,7.7,0.0
2024-08-10 01:00:00,6.8,0.0
2024-08-10 02:00:00,11.0,0.0
2024-08-10 03:00:00,13.8,0.0
2024-08-10 04:00:00,14.3,14.0
2024-08-10 05:00:00,16.0,145.0
2024-08-10 06:00:00,16.9,219.0
2024-08-10 07:00:00,19.0,214.0
2024-08-10 08:00:00,18.1,342.0
2024-08-10 09:00:00,19.3,577.0
2024-08-10 10:00:00,20.5,600.0
2024-08-10 11:00:00,20.2,624.0
2024-08-10 12:00:00,22.5,649.0
2024-08-10 13:00:00,22.8,595.0
2024-08-10 14:00:00,23.5,429.0
2024-08-10 15:00:00,23.3,367.0
2024-08-10 16:00:00,18.5,261.0
2024-08-10 17:00:00,15.6,129.0
2024-08-10 18:00:00,13.0,29.0
2024-08-10 19:00:00,11.6,0.0
2024-08-10 20:00:00,13.3,0.0
2024-08-10 21:00:00,13.6,0.0
2024-08-10 22:00:00,15.9,0.0
2024-08-10 23:00:00,16.2,0.0
2024-08-11 00:00:00,16.9,0.0
2024-08-11 01:00:00,16.3,0.0
2024-08-11 02:00:00,18.9,0.0
2024-08-11 03:00:00,17.6,0.0
2024-08-11 04:00:00,18.3,44.0
2024-08-11 05:00:00,16.3,152.0
2024-08-11 06:00:00,19.9,294.0
2024-08-11 07:00:00,24.9,446.0
2024-08-11 08:00:00,25.6,534.0
2024-08-11 09:00:00,25.6,618.0
2024-08-11 10:00:00,29.2,639.0
2024-08-11 11:00:00,25.5,601.0
2024-08-11 12:00:00,27.1,649.0
2024-08-11 13:00:00,29.5,501.0
2024-08-11 14:00:00,30.7,521.0
2024-08-11 15:00:00,30.6,364.0
2024-08-11 16:00:00,23.5,197.0
2024-08-11 17:00:00,20.2,111.0
2024-08-11 18:00:00,19.6,25.0
2024-08-11 19:00:00,18.5,0.0
2024-08-11 20:00:00,17.3,0.0
2024-08-11 21:00:00,16.7,0.0
2024-08-11 22:00:00,15.9,0.0
2024-08-11 23:00:00,16.2,0.0
2024-08-12 00:00:00,14.4,0.0
2024-08-12 01:00:00,13.7,0.0
2024-08-12 02:00:00,14.5,0.0
2024-08-12 03:00:00,12.3,0.0
2024-08-12 04:00:00,14.3,37.0
2024-08-12 05:00:00,18.0,109.0
2024-08-12 06:00:00,18.4,204.0
2024-08-12 07:00:00,18.4,341.0
2024-08-12 08:00:00,19.1,456.0
2024-08-12 09:00:00,18.9,520.0
2024-08-12 10:00:00,20.9,551.0
2024-08-12 11:00:00,22.8,632.0
2024-08-12 12:00:00,23.2,606.0
2024-08-12 13:00:00,23.4,497.0
2024-08-12 14:00:00,24.2,457.0
2024-08-12 15:00:00,25.8,375.0
2024-08-12 16:00:00,22.9,212.0
2024-08-12 17:00:00,18.7,109.0
2024-08-12 18:00:00,14.8,19.0
2024-08-12 19:00:00,13.1,0.0
2024-08-12 20:00:00,14.2,0.0
2024-08-12 21:00:00,12.9,0.0
2024-08-12 22:00:00,10.1,0.0
2024-08-12 23:00:00,10.5,0.0
2024-08-13 00:00:00,10.8,0.0
2024-08-13 01:00:00,10.8,0.0
2024-08-13 02:00:00,10.3,0.0
2024-08-13 03:00:00,10.5,0.0
2024-08-13 04:00:00,12.4,38.0
2024-08-13 05:00:00,12.6,149.0
2024-08-13 06:00:00,14.8,257.0
2024-08-13 07:00:00,19.7,317.0
2024-08-13 08:00:00,18.9,442.0
2024-08-13 09:00:00,20.0,532.0
2024-08-13 10:00:00,17.2,656.0
2024-08-13 11:00:00,17.9,638.0
2024-08-13 12:00:00,17.8,588.0
2024-08-13 13:00:00,16.1,578.0
2024-08-13 14:00:00,16.4,470.0
2024-08-13 15:00:00,14.3,348.0
2024-08-13 16:00:00,10.4,257.0
2024-08-13 17:00:00,9.3,122.0
2024-08-13 18:00:00,7.9,22.0
2024-08-13 19:00:00,5.9,0.0
2024-08-13 20:00:00,7.1,0.0
2024-08-13 21:00:00,7.4,0.0
2024-08-13 22:00:00,6.3,0.0
2024-08-13 23:00:00,3.4,0.0
2024-08-14 00:00:00,2.9,0.0
2024-08-14 01:00:00,2.0,0.0
2024-08-14 02:00:00,3.6,0.0
2024-08-14 03:00:00,7.6,0.0
2024-08-14 04:00:00,3.7,36.0
2024-08-14 05:00:00,2.9,141.0
2024-08-14 06:00:00,1.5,283.0
2024-08-14 07:00:00,1.8,394.0
2024-08-14 08:00:00,2.4,563.0
2024-08-14 09:00:00,2.5,654.0
2024-08-14 10:00:00,1.8,612.0
2024-08-14 11:00:00,2.4,605.0
2024-08-14 12:00:00,3.9,607.0
2024-08-14 13:00:00,3.0,532.0
2024-08-14 14:00:00,2.5,532.0
2024-08-14 15:00:00,3.6,401.0
2024-08-14 16:00:00,2.6,261.0
2024-08-14 17:00:00,4.5,99.0
2024-08-14 18:00:00,5.4,20.0
2024-08-14 19:00:00,6.0,0.0
2024-08-14 20:00:00,4.4,0.0
2024-08-14 21:00:00,2.3,0.0
2024-08-14 22:00:00,2.3,0.0
2024-08-14 23:00:00,4.8,0.0
2024-08-15 00:00:00,7.8,0.0
2024-08-15 01:00:00,9.2,0.0
2024-08-15 02:00:00,8.7,0.0
2024-08-15 03:00:00,7.1,0.0
2024-08-15 04:00:00,4.5,35.0
2024-08-15 05:00:00,4.5,151.0
2024-08-15 06:00:00,2.5,295.0
2024-08-15 07:00:00,4.2,439.0
2024-08-15 08:00:00,5.0,567.0
2024-08-15 09:00:00,5.6,665.0
2024-08-15 10:00:00,6.4,724.0
2024-08-15 11:00:00,7.1,737.0
2024-08-15 12:00:00,8.0,709.0
2024-08-15 13:00:00,7.6,646.0
2024-08-15 14:00:00,7.8,541.0
2024-08-15 15:00:00,8.0,409.0
2024-08-15 16:00:00,7.4,262.0
2024-08-15 17:00:00,7.3,120.0
2024-08-15 18:00:00,9.4,18.0
2024-08-15 19:00:00,9.8,0.0
2024-08-15 20:00:00,9.8,0.0
2024-08-15 21:00:00,10.4,0.0
2024-08-15 22:00:00,10.2,0.0
2024-08-15 23:00:00,10.5,0.0
2024-08-16 00:00:00,11.8,0.0
2024-08-16 01:00:00,11.8,0.0
2024-08-16 02:00:00,12.5,0.0
2024-08-16 03:00:00,13.0,0.0
2024-08-16 04:00:00,13.3,32.0
2024-08-16 05:00:00,13.6,143.0
2024-08-16 06:00:00,14.4,284.0
2024-08-16 07:00:00,14.4,426.0
2024-08-16 08:00:00,13.8,553.0
2024-08-16 09:00:00,14.1,644.0
2024-08-16 10:00:00,12.7,696.0
2024-08-16 11:00:00,14.2,711.0
2024-08-16 12:00:00,14.1,685.0
2024-08-16 13:00:00,13.4,616.0
2024-08-16 14:00:00,12.3,505.0
2024-08-16 15:00:00,12.0,380.0
2024-08-16 16:00:00,8.0,188.0
2024-08-16 17:00:00,5.5,77.0
2024-08-16 18:00:00,7.4,13.0
2024-08-16 19:00:00,6.0,0.0
2024-08-16 20:00:00,4.7,0.0
2024-08-16 21:00:00,5.5,0.0
2024-08-16 22:00:00,5.8,0.0
2024-08-16 23:00:00,1.8,0.0
2024-08-17 00:00:00,2.7,0.0
2024-08-17 01:00:00,8.4,0.0
2024-08-17 02:00:00,7.2,0.0
2024-08-17 03:00:00,7.4,0.0
2024-08-17 04:00:00,7.1,28.0
2024-08-17 05:00:00,5.9,136.0
2024-08-17 06:00:00,4.4,278.0
2024-08-17 07:00:00,5.8,422.0
2024-08-17 08:00:00,5.4,549.0
2024-08-17 09:00:00,6.8,629.0
2024-08-17 10:00:00,8.2,675.0
2024-08-17 11:00:00,7.8,670.0
2024-08-17 12:00:00,9.5,639.0
2024-08-17 13:00:00,9.7,489.0
2024-08-17 14:00:00,9.2,439.0
2024-08-17 15:00:00,11.0,345.0
2024-08-17 16:00:00,16.4,182.0
2024-08-17 17:00:00,2.9,65.0
2024-08-17 18:00:00,6.6,13.0
2024-08-17 19:00:00,6.1,0.0
2024-08-17 20:00:00,5.7,0.0
2024-08-17 21:00:00,5.7,0.0
2024-08-17 22:00:00,7.1,0.0
2024-08-17 23:00:00,7.1,0.0
2024-08-18 00:00:00,6.8,0.0
2024-08-18 01:00:00,4.7,0.0
2024-08-18 02:00:00,4.7,0.0
2024-08-18 03:00:00,7.1,0.0
2024-08-18 04:00:00,6.2,27.0
2024-08-18 05:00:00,5.4,134.0
2024-08-18 06:00:00,5.4,265.0
2024-08-18 07:00:00,5.5,406.0
2024-08-18 08:00:00,4.5,536.0
2024-08-18 09:00:00,3.3,632.0
2024-08-18 10:00:00,4.4,687.0
2024-08-18 11:00:00,4.3,691.0
2024-08-18 12:00:00,5.1,637.0
2024-08-18 13:00:00,8.1,598.0
2024-08-18 14:00:00,6.6,497.0
2024-08-18 15:00:00,6.8,368.0
2024-08-18 16:00:00,9.0,216.0
2024-08-18 17:00:00,2.3,77.0
2024-08-18 18:00:00,8.4,12.0
2024-08-18 19:00:00,10.8,0.0
2024-08-18 20:00:00,10.3,0.0
2024-08-18 21:00:00,10.4,0.0
2024-08-18 22:00:00,11.2,0.0
2024-08-18 23:00:00,12.7,0.0
2024-08-19 00:00:00,13.0,0.0
2024-08-19 01:00:00,10.6,0.0
2024-08-19 02:00:00,3.1,0.0
2024-08-19 03:00:00,6.7,0.0
2024-08-19 04:00:00,8.6,15.0
2024-08-19 05:00:00,9.0,70.0
2024-08-19 06:00:00,4.9,189.0
2024-08-19 07:00:00,4.6,372.0
2024-08-19 08:00:00,5.4,426.0
2024-08-19 09:00:00,6.2,400.0
2024-08-19 10:00:00,4.8,195.0
2024-08-19 11:00:00,6.0,433.0
2024-08-19 12:00:00,8.1,615.0
2024-08-19 13:00:00,5.1,541.0
2024-08-19 14:00:00,6.2,478.0
2024-08-19 15:00:00,16.0,288.0
2024-08-19 16:00:00,7.5,59.0
2024-08-19 17:00:00,9.1,38.0
2024-08-19 18:00:00,8.4,6.0
2024-08-19 19:00:00,11.5,0.0
2024-08-19 20:00:00,11.3,0.0
2024-08-19 21:00:00,11.4,0.0
2024-08-19 22:00:00,12.3,0.0
2024-08-19 23:00:00,13.8,0.0
2024-08-20 00:00:00,13.3,0.0
2024-08-20 01:00:00,13.6,0.0
2024-08-20 02:00:00,13.2,0.0
2024-08-20 03:00:00,10.3,0.0
2024-08-20 04:00:00,10.7,9.0
2024-08-20 05:00:00,10.7,50.0
2024-08-20 06:00:00,11.5,127.0
2024-08-20 07:00:00,13.0,248.0
2024-08-20 08:00:00,13.8,418.0
2024-08-20 09:00:00,13.2,382.0
2024-08-20 10:00:00,12.1,380.0
2024-08-20 11:00:00,11.0,390.0
2024-08-20 12:00:00,9.3,416.0
2024-08-20 13:00:00,12.2,199.0
2024-08-20 14:00:00,12.5,229.0
2024-08-20 15:00:00,12.2,185.0
2024-08-20 16:00:00,12.4,153.0
2024-08-20 17:00:00,10.8,75.0
2024-08-20 18:00:00,12.3,6.0
2024-08-20 19:00:00,14.5,0.0
2024-08-20 20:00:00,12.1,0.0
2024-08-20 21:00:00,11.9,0.0
2024-08-20 22:00:00,13.4,0.0
2024-08-20 23:00:00,13.3,0.0
2024-08-21 00:00:00,12.6,0.0
2024-08-21 01:00:00,11.2,0.0
2024-08-21 02:00:00,13.3,0.0
2024-08-21 03:00:00,12.1,0.0
2024-08-21 04:00:00,10.3,10.0
2024-08-21 05:00:00,11.7,24.0
2024-08-21 06:00:00,13.6,90.0
2024-08-21 07:00:00,9.2,164.0
2024-08-21 08:00:00,10.6,149.0
2024-08-21 09:00:00,16.9,222.0
2024-08-21 10:00:00,14.2,237.0
2024-08-21 11:00:00,12.4,485.0
2024-08-21 12:00:00,14.8,515.0
2024-08-21 13:00:00,16.2,369.0
2024-08-21 14:00:00,6.7,109.0
2024-08-21 15:00:00,9.7,279.0
2024-08-21 16:00:00,9.3,144.0
2024-08-21 17:00:00,6.8,66.0
2024-08-21 18:00:00,7.0,6.0
2024-08-21 19:00:00,9.6,0.0
2024-08-21 20:00:00,8.0,0.0
2024-08-21 21:00:00,13.3,0.0
2024-08-21 22:00:00,9.6,0.0
2024-08-21 23:00:00,10.3,0.0
2024-08-22 00:00:00,12.0,0.0
2024-08-22 01:00:00,14.8,0.0
2024-08-22 02:00:00,15.6,0.0
2024-08-22 03:00:00,13.9,0.0
2024-08-22 04:00:00,14.9,5.0
2024-08-22 05:00:00,16.3,21.0
2024-08-22 06:00:00,15.2,47.0
2024-08-22 07:00:00,14.4,74.0
2024-08-22 08:00:00,13.9,250.0
2024-08-22 09:00:00,14.5,438.0
2024-08-22 10:00:00,15.5,482.0
2024-08-22 11:00:00,14.8,539.0
2024-08-22 12:00:00,15.5,522.0
2024-08-22 13:00:00,16.7,531.0
2024-08-22 14:00:00,16.6,490.0
2024-08-22 15:00:00,16.8,357.0
2024-08-22 16:00:00,10.9,192.0
2024-08-22 17:00:00,8.1,84.0
2024-08-22 18:00:00,8.2,7.0
2024-08-22 19:00:00,6.9,0.0
2024-08-22 20:00:00,7.8,0.0
2024-08-22 21:00:00,7.2,0.0
2024-08-22 22:00:00,9.1,0.0
2024-08-22 23:00:00,10.2,0.0
2024-08-23 00:00:00,9.7,0.0
2024-08-23 01:00:00,7.3,0.0
2024-08-23 02:00:00,6.1,0.0
2024-08-23 03:00:00,9.5,0.0
2024-08-23 04:00:00,10.2,9.0
2024-08-23 05:00:00,10.3,109.0
2024-08-23 06:00:00,11.6,144.0
2024-08-23 07:00:00,13.3,397.0
2024-08-23 08:00:00,15.9,484.0
2024-08-23 09:00:00,18.2,294.0
2024-08-23 10:00:00,18.1,428.0
2024-08-23 11:00:00,17.0,313.0
2024-08-23 12:00:00,15.8,509.0
2024-08-23 13:00:00,15.8,468.0
2024-08-23 14:00:00,15.2,409.0
2024-08-23 15:00:00,17.1,355.0
2024-08-23 16:00:00,12.7,170.0
2024-08-23 17:00:00,13.7,78.0
2024-08-23 18:00:00,14.2,5.0
2024-08-23 19:00:00,16.6,0.0
2024-08-23 20:00:00,17.9,0.0
2024-08-23 21:00:00,17.8,0.0
2024-08-23 22:00:00,17.6,0.0
2024-08-23 23:00:00,16.9,0.0
2024-08-24 00:00:00,16.5,0.0
2024-08-24 01:00:00,15.3,0.0
2024-08-24 02:00:00,15.3,0.0
2024-08-24 03:00:00,15.2,0.0
2024-08-24 04:00:00,15.0,17.0
2024-08-24 05:00:00,13.6,99.0
2024-08-24 06:00:00,12.6,254.0
2024-08-24 07:00:00,13.0,378.0
2024-08-24 08:00:00,12.2,514.0
2024-08-24 09:00:00,12.2,610.0
2024-08-24 10:00:00,12.6,666.0
2024-08-24 11:00:00,12.7,681.0
2024-08-24 12:00:00,13.0,654.0
2024-08-24 13:00:00,12.8,590.0
2024-08-24 14:00:00,11.1,481.0
2024-08-24 15:00:00,8.2,351.0
2024-08-24 16:00:00,3.1,209.0
2024-08-24 17:00:00,0.8,79.0
2024-08-24 18:00:00,5.5,5.0
2024-08-24 19:00:00,7.0,0.0
2024-08-24 20:00:00,6.2,0.0
2024-08-24 21:00:00,6.3,0.0
2024-08-24 22:00:00,6.9,0.0
2024-08-24 23:00:00,9.0,0.0
2024-08-25 00:00:00,10.8,0.0
2024-08-25 01:00:00,11.9,0.0
2024-08-25 02:00:00,12.6,0.0
2024-08-25 03:00:00,13.0,0.0
2024-08-25 04:00:00,13.9,16.0
2024-08-25 05:00:00,15.4,116.0
2024-08-25 06:00:00,14.2,257.0
2024-08-25 07:00:00,16.0,400.0
2024-08-25 08:00:00,16.2,527.0
2024-08-25 09:00:00,16.8,625.0
2024-08-25 10:00:00,18.2,683.0
2024-08-25 11:00:00,19.5,697.0
2024-08-25 12:00:00,19.8,664.0
2024-08-25 13:00:00,18.7,596.0
2024-08-25 14:00:00,16.9,494.0
2024-08-25 15:00:00,14.9,359.0
2024-08-25 16:00:00,12.7,213.0
2024-08-25 17:00:00,11.5,77.0
2024-08-25 18:00:00,11.5,4.0
2024-08-25 19:00:00,10.2,0.0
2024-08-25 20:00:00,14.8,0.0
2024-08-25 21:00:00,16.8,0.0
2024-08-25 22:00:00,14.4,0.0
2024-08-25 23:00:00,13.8,0.0
2024-08-26 00:00:00,13.2,0.0
2024-08-26 01:00:00,12.7,0.0
2024-08-26 02:00:00,11.0,0.0
2024-08-26 03:00:00,10.4,0.0
2024-08-26 04:00:00,11.1,13.0
2024-08-26 05:00:00,14.8,103.0
2024-08-26 06:00:00,12.8,190.0
2024-08-26 07:00:00,10.9,301.0
2024-08-26 08:00:00,9.4,440.0
2024-08-26 09:00:00,9.0,557.0
2024-08-26 10:00:00,8.0,610.0
2024-08-26 11:00:00,8.0,603.0
2024-08-26 12:00:00,9.1,615.0
2024-08-26 13:00:00,10.1,547.0
2024-08-26 14:00:00,10.7,451.0
2024-08-26 15:00:00,12.2,328.0
2024-08-26 16:00:00,8.8,193.0
2024-08-26 17:00:00,9.4,65.0
2024-08-26 18:00:00,9.7,3.0
2024-08-26 19:00:00,9.7,0.0
2024-08-26 20:00:00,11.5,0.0
2024-08-26 21:00:00,11.7,0.0
2024-08-26 22:00:00,9.8,0.0
2024-08-26 23:00:00,10.8,0.0
2024-08-27 00:00:00,11.4,0.0
2024-08-27 01:00:00,8.5,0.0
2024-08-27 02:00:00,9.1,0.0
2024-08-27 03:00:00,9.5,0.0
2024-08-27 04:00:00,10.1,10.0
2024-08-27 05:00:00,9.8,60.0
2024-08-27 06:00:00,10.4,140.0
2024-08-27 07:00:00,10.2,284.0
2024-08-27 08:00:00,10.5,476.0
2024-08-27 09:00:00,11.9,572.0
2024-08-27 10:00:00,12.9,639.0
2024-08-27 11:00:00,12.7,593.0
2024-08-27 12:00:00,13.0,541.0
2024-08-27 13:00:00,14.8,557.0
2024-08-27 14:00:00,15.5,454.0
2024-08-27 15:00:00,14.8,329.0
2024-08-27 16:00:00,12.6,191.0
2024-08-27 17:00:00,12.6,67.0
2024-08-27 18:00:00,12.2,2.0
2024-08-27 19:00:00,12.3,0.0
2024-08-27 20:00:00,13.1,0.0
2024-08-27 21:00:00,12.8,0.0
2024-08-27 22:00:00,12.1,0.0
2024-08-27 23:00:00,12.2,0.0
2024-08-28 00:00:00,12.0,0.0
2024-08-28 01:00:00,10.9,0.0
2024-08-28 02:00:00,11.5,0.0
2024-08-28 03:00:00,11.7,0.0
2024-08-28 04:00:00,12.2,12.0
2024-08-28 05:00:00,12.5,107.0
2024-08-28 06:00:00,12.5,249.0
2024-08-28 07:00:00,13.2,394.0
2024-08-28 08:00:00,14.1,523.0
2024-08-28 09:00:00,14.3,620.0
2024-08-28 10:00:00,13.7,677.0
2024-08-28 11:00:00,13.5,690.0
2024-08-28 12:00:00,12.7,660.0
2024-08-28 13:00:00,12.4,589.0
2024-08-28 14:00:00,12.7,480.0
2024-08-28 15:00:00,12.5,345.0
2024-08-28 16:00:00,9.7,198.0
2024-08-28 17:00:00,8.9,66.0
2024-08-28 18:00:00,10.6,2.0
2024-08-28 19:00:00,11.1,0.0
2024-08-28 20:00:00,11.3,0.0
2024-08-28 21:00:00,11.4,0.0
2024-08-28 22:00:00,11.0,0.0
2024-08-28 23:00:00,10.6,0.0
2024-08-29 00:00:00,9.8,0.0
2024-08-29 01:00:00,9.0,0.0
2024-08-29 02:00:00,9.2,0.0
2024-08-29 03:00:00,9.8,0.0
2024-08-29 04:00:00,10.5,10.0
2024-08-29 05:00:00,10.7,100.0
2024-08-29 06:00:00,8.6,238.0
2024-08-29 07:00:00,8.0,379.0
2024-08-29 08:00:00,6.9,505.0
2024-08-29 09:00:00,6.8,600.0
2024-08-29 10:00:00,6.5,658.0
2024-08-29 11:00:00,5.3,671.0
2024-08-29 12:00:00,3.8,568.0
2024-08-29 13:00:00,4.5,521.0
2024-08-29 14:00:00,5.2,438.0
2024-08-29 15:00:00,6.2,312.0
2024-08-29 16:00:00,5.4,157.0
2024-08-29 17:00:00,6.8,55.0
2024-08-29 18:00:00,7.7,1.0
2024-08-29 19:00:00,7.1,0.0
2024-08-29 20:00:00,6.4,0.0
2024-08-29 21:00:00,6.4,0.0
2024-08-29 22:00:00,6.4,0.0
2024-08-29 23:00:00,6.5,0.0
2024-08-30 00:00:00,6.6,0.0
2024-08-30 01:00:00,6.5,0.0
2024-08-30 02:00:00,7.1,0.0
2024-08-30 03:00:00,6.6,0.0
2024-08-30 04:00:00,5.4,9.0
2024-08-30 05:00:00,6.4,96.0
2024-08-30 06:00:00,4.1,231.0
2024-08-30 07:00:00,5.4,372.0
2024-08-30 08:00:00,7.1,499.0
2024-08-30 09:00:00,8.0,592.0
2024-08-30 10:00:00,9.1,641.0
2024-08-30 11:00:00,9.3,630.0
2024-08-30 12:00:00,9.2,584.0
2024-08-30 13:00:00,8.1,497.0
2024-08-30 14:00:00,6.6,413.0
2024-08-30 15:00:00,5.1,322.0
2024-08-30 16:00:00,4.7,182.0
2024-08-30 17:00:00,8.6,55.0
2024-08-30 18:00:00,7.1,1.0
2024-08-30 19:00:00,8.3,0.0
2024-08-30 20:00:00,9.7,0.0
2024-08-30 21:00:00,10.1,0.0
2024-08-30 22:00:00,10.0,0.0
2024-08-30 23:00:00,10.0,0.0
2024-08-31 00:00:00,9.5,0.0
2024-08-31 01:00:00,8.8,0.0
2024-08-31 02:00:00,10.7,0.0
2024-08-31 03:00:00,11.0,0.0
2024-08-31 04:00:00,10.1,8.0
2024-08-31 05:00:00,10.8,94.0
2024-08-31 06:00:00,9.0,232.0
2024-08-31 07:00:00,9.5,372.0
2024-08-31 08:00:00,9.9,473.0
2024-08-31 09:00:00,9.4,515.0
2024-08-31 10:00:00,9.3,474.0
2024-08-31 11:00:00,10.8,401.0
2024-08-31 12:00:00,13.8,413.0
2024-08-31 13:00:00,16.8,240.0
2024-08-31 14:00:00,17.0,304.0
2024-08-31 15:00:00,16.1,171.0
2024-08-31 16:00:00,15.2,98.0
2024-08-31 17:00:00,15.2,32.0
2024-08-31 18:00:00,11.3,0.0
2024-08-31 19:00:00,9.0,0.0
2024-08-31 20:00:00,8.3,0.0
2024-08-31 21:00:00,8.8,0.0
2024-08-31 22:00:00,7.6,0.0
2024-08-31 23:00:00,6.8,0.0
2024-09-01 00:00:00,7.2,0.0
2024-09-01 01:00:00,6.1,0.0
2024-09-01 02:00:00,6.8,0.0
2024-09-01 03:00:00,7.3,0.0
2024-09-01 04:00:00,7.8,7.0
2024-09-01 05:00:00,8.9,83.0
2024-09-01 06:00:00,10.7,204.0
2024-09-01 07:00:00,11.5,335.0
2024-09-01 08:00:00,11.5,436.0
2024-09-01 09:00:00,10.7,539.0
2024-09-01 10:00:00,9.8,611.0
2024-09-01 11:00:00,8.7,540.0
2024-09-01 12:00:00,7.6,503.0
2024-09-01 13:00:00,9.5,480.0
2024-09-01 14:00:00,9.2,395.0
2024-09-01 15:00:00,8.4,292.0
2024-09-01 16:00:00,6.9,165.0
2024-09-01 17:00:00,7.5,41.0
2024-09-01 18:00:00,6.3,0.0
2024-09-01 19:00:00,4.7,0.0
2024-09-01 20:00:00,5.7,0.0
2024-09-01 21:00:00,5.7,0.0
2024-09-01 22:00:00,6.2,0.0
2024-09-01 23:00:00,8.3,0.0
2024-09-02 00:00:00,5.2,0.0
2024-09-02 01:00:00,6.7,0.0
2024-09-02 02:00:00,5.4,0.0
2024-09-02 03:00:00,6.5,0.0
2024-09-02 04:00:00,8.5,5.0
2024-09-02 05:00:00,8.0,74.0
2024-09-02 06:00:00,7.1,207.0
2024-09-02 07:00:00,8.4,349.0
2024-09-02 08:00:00,7.4,464.0
2024-09-02 09:00:00,8.7,471.0
2024-09-02 10:00:00,11.7,459.0
2024-09-02 11:00:00,10.5,466.0
2024-09-02 12:00:00,12.1,509.0
2024-09-02 13:00:00,10.2,439.0
2024-09-02 14:00:00,12.8,414.0
2024-09-02 15:00:00,10.0,231.0
2024-09-02 16:00:00,11.5,122.0
2024-09-02 17:00:00,9.0,41.0
2024-09-02 18:00:00,9.4,0.0
2024-09-02 19:00:00,10.7,0.0
2024-09-02 20:00:00,7.9,0.0
2024-09-02 21:00:00,8.9,0.0
2024-09-02 22:00:00,11.9,0.0
2024-09-02 23:00:00,10.4,0.0
2024-09-03 00:00:00,8.0,0.0
2024-09-03 01:00:00,9.0,0.0
2024-09-03 02:00:00,7.5,0.0
2024-09-03 03:00:00,9.4,0.0
2024-09-03 04:00:00,10.8,5.0
2024-09-03 05:00:00,9.7,82.0
2024-09-03 06:00:00,4.0,209.0
2024-09-03 07:00:00,2.3,352.0
2024-09-03 08:00:00,3.4,478.0
2024-09-03 09:00:00,6.9,575.0
2024-09-03 10:00:00,8.0,634.0
2024-09-03 11:00:00,9.0,629.0
2024-09-03 12:00:00,10.5,588.0
2024-09-03 13:00:00,6.4,541.0
2024-09-03 14:00:00,5.8,436.0
2024-09-03 15:00:00,7.4,304.0
2024-09-03 16:00:00,11.3,153.0
2024-09-03 17:00:00,11.0,36.0
2024-09-03 18:00:00,9.0,0.0
2024-09-03 19:00:00,10.6,0.0
2024-09-03 20:00:00,10.9,0.0
2024-09-03 21:00:00,11.3,0.0
2024-09-03 22:00:00,10.8,0.0
2024-09-03 23:00:00,10.2,0.0
2024-09-04 00:00:00,9.6,0.0
2024-09-04 01:00:00,10.0,0.0
2024-09-04 02:00:00,10.1,0.0
2024-09-04 03:00:00,10.5,0.0
2024-09-04 04:00:00,11.5,4.0
2024-09-04 05:00:00,12.4,70.0
2024-09-04 06:00:00,11.4,191.0
2024-09-04 07:00:00,10.6,348.0
2024-09-04 08:00:00,11.4,476.0
2024-09-04 09:00:00,13.2,572.0
2024-09-04 10:00:00,15.5,630.0
2024-09-04 11:00:00,16.2,645.0
2024-09-04 12:00:00,16.3,614.0
2024-09-04 13:00:00,17.6,547.0
2024-09-04 14:00:00,15.9,440.0
2024-09-04 15:00:00,13.4,307.0
2024-09-04 16:00:00,10.7,162.0
2024-09-04 17:00:00,11.2,38.0
2024-09-04 18:00:00,12.3,0.0
2024-09-04 19:00:00,13.2,0.0
2024-09-04 20:00:00,14.3,0.0
2024-09-04 21:00:00,13.4,0.0
2024-09-04 22:00:00,12.3,0.0
2024-09-04 23:00:00,12.1,0.0
2024-09-05 00:00:00,12.2,0.0
2024-09-05 01:00:00,12.4,0.0
2024-09-05 02:00:00,12.4,0.0
2024-09-05 03:00:00,12.2,0.0
2024-09-05 04:00:00,12.5,3.0
2024-09-05 05:00:00,12.8,76.0
2024-09-05 06:00:00,12.2,208.0
2024-09-05 07:00:00,12.1,348.0
2024-09-05 08:00:00,12.6,472.0
2024-09-05 09:00:00,14.9,568.0
2024-09-05 10:00:00,18.4,615.0
2024-09-05 11:00:00,17.8,601.0
2024-09-05 12:00:00,16.9,601.0
2024-09-05 13:00:00,16.0,541.0
2024-09-05 14:00:00,16.8,430.0
2024-09-05 15:00:00,15.2,296.0
2024-09-05 16:00:00,14.5,153.0
2024-09-05 17:00:00,15.1,34.0
2024-09-05 18:00:00,14.6,0.0
2024-09-05 19:00:00,13.8,0.0
2024-09-05 20:00:00,14.1,0.0
2024-09-05 21:00:00,13.7,0.0
2024-09-05 22:00:00,13.7,0.0
2024-09-05 23:00:00,12.6,0.0
2024-09-06 00:00:00,12.3,0.0
2024-09-06 01:00:00,10.9,0.0
2024-09-06 02:00:00,10.8,0.0
2024-09-06 03:00:00,11.5,0.0
2024-09-06 04:00:00,12.2,3.0
2024-09-06 05:00:00,11.9,73.0
2024-09-06 06:00:00,12.2,206.0
2024-09-06 07:00:00,12.3,347.0
2024-09-06 08:00:00,12.2,472.0
2024-09-06 09:00:00,12.8,568.0
2024-09-06 10:00:00,13.4,624.0
2024-09-06 11:00:00,14.1,637.0
2024-09-06 12:00:00,14.1,606.0
2024-09-06 13:00:00,13.9,534.0
2024-09-06 14:00:00,13.7,424.0
2024-09-06 15:00:00,11.9,289.0
2024-09-06 16:00:00,11.4,147.0
2024-09-06 17:00:00,13.2,30.0
2024-09-06 18:00:00,14.5,0.0
2024-09-06 19:00:00,14.7,0.0
2024-09-06 20:00:00,14.7,0.0
2024-09-06 21:00:00,14.8,0.0
2024-09-06 22:00:00,14.0,0.0
2024-09-06 23:00:00,13.0,0.0
2024-09-07 00:00:00,12.0,0.0
2024-09-07 01:00:00,11.2,0.0
2024-09-07 02:00:00,10.5,0.0
2024-09-07 03:00:00,10.9,0.0
2024-09-07 04:00:00,11.1,2.0
2024-09-07 05:00:00,12.0,72.0
2024-09-07 06:00:00,10.1,206.0
2024-09-07 07:00:00,10.7,345.0
2024-09-07 08:00:00,11.5,469.0
2024-09-07 09:00:00,12.4,561.0
2024-09-07 10:00:00,13.6,620.0
2024-09-07 11:00:00,16.1,633.0
2024-09-07 12:00:00,15.9,601.0
2024-09-07 13:00:00,14.3,530.0
2024-09-07 14:00:00,13.1,421.0
2024-09-07 15:00:00,10.2,288.0
2024-09-07 16:00:00,8.0,144.0
2024-09-07 17:00:00,9.7,28.0
2024-09-07 18:00:00,11.1,0.0
2024-09-07 19:00:00,11.3,0.0
2024-09-07 20:00:00,12.0,0.0
2024-09-07 21:00:00,13.0,0.0
2024-09-07 22:00:00,13.0,0.0
2024-09-07 23:00:00,13.3,0.0
2024-09-08 00:00:00,13.4,0.0
2024-09-08 01:00:00,13.0,0.0
2024-09-08 02:00:00,13.0,0.0
2024-09-08 03:00:00,12.6,0.0
2024-09-08 04:00:00,12.3,2.0
2024-09-08 05:00:00,12.8,60.0
2024-09-08 06:00:00,12.5,184.0
2024-09-08 07:00:00,11.8,342.0
2024-09-08 08:00:00,12.9,478.0
2024-09-08 09:00:00,14.7,578.0
2024-09-08 10:00:00,18.2,637.0
2024-09-08 11:00:00,18.2,650.0
2024-09-08 12:00:00,17.7,615.0
2024-09-08 13:00:00,16.5,540.0
2024-09-08 14:00:00,15.1,426.0
2024-09-08 15:00:00,12.0,288.0
2024-09-08 16:00:00,9.4,142.0
2024-09-08 17:00:00,10.5,25.0
2024-09-08 18:00:00,12.1,0.0
2024-09-08 19:00:00,13.5,0.0
2024-09-08 20:00:00,13.8,0.0
2024-09-08 21:00:00,14.0,0.0
2024-09-08 22:00:00,14.5,0.0
2024-09-08 23:00:00,14.0,0.0
2024-09-09 00:00:00,14.8,0.0
2024-09-09 01:00:00,16.3,0.0
2024-09-09 02:00:00,16.8,0.0
2024-09-09 03:00:00,14.8,0.0
2024-09-09 04:00:00,15.3,1.0
2024-09-09 05:00:00,16.0,67.0
2024-09-09 06:00:00,13.8,203.0
2024-09-09 07:00:00,16.6,347.0
2024-09-09 08:00:00,17.3,476.0
2024-09-09 09:00:00,20.4,573.0
2024-09-09 10:00:00,26.6,631.0
2024-09-09 11:00:00,27.0,645.0
2024-09-09 12:00:00,26.0,612.0
2024-09-09 13:00:00,24.0,534.0
2024-09-09 14:00:00,23.0,421.0
2024-09-09 15:00:00,19.5,284.0
2024-09-09 16:00:00,18.4,138.0
2024-09-09 17:00:00,18.1,23.0
2024-09-09 18:00:00,17.6,0.0
2024-09-09 19:00:00,19.1,0.0
2024-09-09 20:00:00,20.0,0.0
2024-09-09 21:00:00,20.2,0.0
2024-09-09 22:00:00,20.3,0.0
2024-09-09 23:00:00,20.8,0.0
2024-09-10 00:00:00,21.2,0.0
2024-09-10 01:00:00,20.0,0.0
2024-09-10 02:00:00,20.0,0.0
2024-09-10 03:00:00,19.7,0.0
2024-09-10 04:00:00,19.4,1.0
2024-09-10 05:00:00,19.5,48.0
2024-09-10 06:00:00,16.4,142.0
2024-09-10 07:00:00,18.5,272.0
2024-09-10 08:00:00,17.9,364.0
2024-09-10 09:00:00,17.4,434.0
2024-09-10 10:00:00,17.8,448.0
2024-09-10 11:00:00,17.6,401.0
2024-09-10 12:00:00,17.4,381.0
2024-09-10 13:00:00,17.1,318.0
2024-09-10 14:00:00,16.4,239.0
2024-09-10 15:00:00,15.3,161.0
2024-09-10 16:00:00,14.7,113.0
2024-09-10 17:00:00,15.1,17.0
2024-09-10 18:00:00,15.3,0.0
2024-09-10 19:00:00,13.6,0.0
2024-09-10 20:00:00,8.6,0.0
2024-09-10 21:00:00,8.0,0.0
2024-09-10 22:00:00,4.0,0.0
2024-09-10 23:00:00,3.7,0.0
2024-09-11 00:00:00,4.7,0.0
2024-09-11 01:00:00,9.1,0.0
2024-09-11 02:00:00,7.1,0.0
2024-09-11 03:00:00,6.9,0.0
2024-09-11 04:00:00,4.4,0.0
2024-09-11 05:00:00,5.6,44.0
2024-09-11 06:00:00,3.6,128.0
2024-09-11 07:00:00,2.9,206.0
2024-09-11 08:00:00,2.4,312.0
2024-09-11 09:00:00,2.2,389.0
2024-09-11 10:00:00,5.2,307.0
2024-09-11 11:00:00,8.0,286.0
2024-09-11 12:00:00,10.8,325.0
2024-09-11 13:00:00,12.3,229.0
2024-09-11 14:00:00,13.0,211.0
2024-09-11 15:00:00,12.1,170.0
2024-09-11 16:00:00,9.4,65.0
2024-09-11 17:00:00,9.7,11.0
2024-09-11 18:00:00,9.6,0.0
2024-09-11 19:00:00,8.5,0.0
2024-09-11 20:00:00,8.1,0.0
2024-09-11 21:00:00,7.2,0.0
2024-09-11 22:00:00,5.6,0.0
2024-09-11 23:00:00,4.7,0.0
2024-09-12 00:00:00,5.2,0.0
2024-09-12 01:00:00,5.8,0.0
2024-09-12 02:00:00,4.6,0.0
2024-09-12 03:00:00,4.6,0.0
2024-09-12 04:00:00,4.0,0.0
2024-09-12 05:00:00,3.9,23.0
2024-09-12 06:00:00,2.6,25.0
2024-09-12 07:00:00,1.5,84.0
2024-09-12 08:00:00,3.8,210.0
2024-09-12 09:00:00,6.8,163.0
2024-09-12 10:00:00,6.1,228.0
2024-09-12 11:00:00,4.7,156.0
2024-09-12 12:00:00,5.6,115.0
2024-09-12 13:00:00,5.5,100.0
2024-09-12 14:00:00,9.6,111.0
2024-09-12 15:00:00,5.8,54.0
2024-09-12 16:00:00,7.2,39.0
2024-09-12 17:00:00,7.0,5.0
2024-09-12 18:00:00,7.6,0.0
2024-09-12 19:00:00,7.6,0.0
2024-09-12 20:00:00,5.2,0.0
2024-09-12 21:00:00,3.8,0.0
2024-09-12 22:00:00,6.8,0.0
2024-09-12 23:00:00,4.4,0.0
2024-09-13 00:00:00,4.0,0.0
2024-09-13 01:00:00,4.3,0.0
2024-09-13 02:00:00,2.5,0.0
2024-09-13 03:00:00,2.2,0.0
2024-09-13 04:00:00,1.1,0.0
2024-09-13 05:00:00,2.4,26.0
2024-09-13 06:00:00,3.6,64.0
2024-09-13 07:00:00,6.3,104.0
2024-09-13 08:00:00,8.4,123.0
2024-09-13 09:00:00,7.8,148.0
2024-09-13 10:00:00,10.5,202.0
2024-09-13 11:00:00,11.4,271.0
2024-09-13 12:00:00,10.5,274.0
2024-09-13 13:00:00,8.4,357.0
2024-09-13 14:00:00,9.7,299.0
2024-09-13 15:00:00,17.5,57.0
2024-09-13 16:00:00,10.7,49.0
2024-09-13 17:00:00,10.9,10.0
2024-09-13 18:00:00,10.1,0.0
2024-09-13 19:00:00,9.5,0.0
2024-09-13 20:00:00,7.2,0.0
2024-09-13 21:00:00,9.2,0.0
2024-09-13 22:00:00,9.3,0.0
2024-09-13 23:00:00,9.0,0.0
2024-09-14 00:00:00,9.0,0.0
2024-09-14 01:00:00,7.6,0.0
2024-09-14 02:00:00,10.7,0.0
2024-09-14 03:00:00,11.6,0.0
2024-09-14 04:00:00,11.0,0.0
2024-09-14 05:00:00,11.4,17.0
2024-09-14 06:00:00,13.8,68.0
2024-09-14 07:00:00,14.8,161.0
2024-09-14 08:00:00,13.6,236.0
2024-09-14 09:00:00,13.6,241.0
2024-09-14 10:00:00,13.7,357.0
2024-09-14 11:00:00,13.0,444.0
2024-09-14 12:00:00,13.5,528.0
2024-09-14 13:00:00,16.4,404.0
2024-09-14 14:00:00,15.7,334.0
2024-09-14 15:00:00,14.1,226.0
2024-09-14 16:00:00,12.3,98.0
2024-09-14 17:00:00,12.2,10.0
2024-09-14 18:00:00,13.6,0.0
2024-09-14 19:00:00,13.0,0.0
2024-09-14 20:00:00,13.0,0.0
2024-09-14 21:00:00,14.6,0.0
2024-09-14 22:00:00,17.1,0.0
2024-09-14 23:00:00,17.0,0.0
2024-09-15 00:00:00,17.0,0.0
2024-09-15 01:00:00,15.7,0.0
2024-09-15 02:00:00,14.9,0.0
2024-09-15 03:00:00,14.6,0.0
2024-09-15 04:00:00,13.3,0.0
2024-09-15 05:00:00,13.0,19.0
2024-09-15 06:00:00,12.6,58.0
2024-09-15 07:00:00,14.0,58.0
2024-09-15 08:00:00,13.6,101.0
2024-09-15 09:00:00,14.2,305.0
2024-09-15 10:00:00,14.2,422.0
2024-09-15 11:00:00,14.2,370.0
2024-09-15 12:00:00,15.5,473.0
2024-09-15 13:00:00,15.1,444.0
2024-09-15 14:00:00,14.9,239.0
2024-09-15 15:00:00,13.4,83.0
2024-09-15 16:00:00,13.7,61.0
2024-09-15 17:00:00,13.6,7.0
2024-09-15 18:00:00,13.6,0.0
2024-09-15 19:00:00,14.2,0.0
2024-09-15 20:00:00,14.5,0.0
2024-09-15 21:00:00,15.4,0.0
2024-09-15 22:00:00,15.4,0.0
2024-09-15 23:00:00,14.5,0.0
2024-09-16 00:00:00,14.3,0.0
2024-09-16 01:00:00,12.4,0.0
2024-09-16 02:00:00,13.0,0.0
2024-09-16 03:00:00,13.7,0.0
2024-09-16 04:00:00,13.7,0.0
2024-09-16 05:00:00,14.4,45.0
2024-09-16 06:00:00,15.1,168.0
2024-09-16 07:00:00,13.0,309.0
2024-09-16 08:00:00,14.4,435.0
2024-09-16 09:00:00,15.1,527.0
2024-09-16 10:00:00,15.5,586.0
2024-09-16 11:00:00,15.9,598.0
2024-09-16 12:00:00,17.7,562.0
2024-09-16 13:00:00,18.4,485.0
2024-09-16 14:00:00,15.9,372.0
2024-09-16 15:00:00,14.0,235.0
2024-09-16 16:00:00,11.9,96.0
2024-09-16 17:00:00,12.8,7.0
2024-09-16 18:00:00,12.8,0.0
2024-09-16 19:00:00,13.0,0.0
2024-09-16 20:00:00,13.0,0.0
2024-09-16 21:00:00,12.6,0.0
2024-09-16 22:00:00,11.9,0.0
2024-09-16 23:00:00,11.9,0.0
2024-09-17 00:00:00,11.6,0.0
2024-09-17 01:00:00,10.5,0.0
2024-09-17 02:00:00,10.2,0.0
2024-09-17 03:00:00,10.0,0.0
2024-09-17 04:00:00,9.7,0.0
2024-09-17 05:00:00,10.3,40.0
2024-09-17 06:00:00,9.7,164.0
2024-09-17 07:00:00,7.4,302.0
2024-09-17 08:00:00,7.8,426.0
2024-09-17 09:00:00,8.5,519.0
2024-09-17 10:00:00,9.2,573.0
2024-09-17 11:00:00,10.1,582.0
2024-09-17 12:00:00,10.4,548.0
2024-09-17 13:00:00,9.9,466.0
2024-09-17 14:00:00,8.1,353.0
2024-09-17 15:00:00,4.7,221.0
2024-09-17 16:00:00,7.2,88.0
2024-09-17 17:00:00,6.5,5.0
2024-09-17 18:00:00,6.9,0.0
2024-09-17 19:00:00,6.9,0.0
2024-09-17 20:00:00,7.2,0.0
2024-09-17 21:00:00,6.2,0.0
2024-09-17 22:00:00,5.9,0.0
2024-09-17 23:00:00,6.5,0.0
2024-09-18 00:00:00,6.5,0.0
2024-09-18 01:00:00,7.3,0.0
2024-09-18 02:00:00,7.2,0.0
2024-09-18 03:00:00,7.0,0.0
2024-09-18 04:00:00,7.3,0.0
2024-09-18 05:00:00,8.1,35.0
2024-09-18 06:00:00,6.6,155.0
2024-09-18 07:00:00,4.9,293.0
2024-09-18 08:00:00,5.4,408.0
2024-09-18 09:00:00,6.5,509.0
2024-09-18 10:00:00,8.0,566.0
2024-09-18 11:00:00,9.2,507.0
2024-09-18 12:00:00,10.2,499.0
2024-09-18 13:00:00,9.8,436.0
2024-09-18 14:00:00,9.1,335.0
2024-09-18 15:00:00,7.0,207.0
2024-09-18 16:00:00,9.3,81.0
2024-09-18 17:00:00,8.6,4.0
2024-09-18 18:00:00,9.0,0.0
2024-09-18 19:00:00,9.6,0.0
2024-09-18 20:00:00,9.4,0.0
2024-09-18 21:00:00,9.3,0.0
2024-09-18 22:00:00,8.8,0.0
2024-09-18 23:00:00,6.2,0.0
2024-09-19 00:00:00,6.6,0.0
2024-09-19 01:00:00,5.5,0.0
2024-09-19 02:00:00,5.9,0.0
2024-09-19 03:00:00,7.2,0.0
2024-09-19 04:00:00,7.6,0.0
2024-09-19 05:00:00,7.9,35.0
2024-09-19 06:00:00,6.9,155.0
2024-09-19 07:00:00,4.6,292.0
2024-09-19 08:00:00,5.8,415.0
2024-09-19 09:00:00,8.3,508.0
2024-09-19 10:00:00,9.4,563.0
2024-09-19 11:00:00,9.4,573.0
2024-09-19 12:00:00,9.4,538.0
2024-09-19 13:00:00,8.6,461.0
2024-09-19 14:00:00,7.7,349.0
2024-09-19 15:00:00,5.2,214.0
2024-09-19 16:00:00,8.5,80.0
2024-09-19 17:00:00,6.8,3.0
2024-09-19 18:00:00,8.2,0.0
2024-09-19 19:00:00,6.2,0.0
2024-09-19 20:00:00,7.8,0.0
2024-09-19 21:00:00,7.0,0.0
2024-09-19 22:00:00,7.7,0.0
2024-09-19 23:00:00,7.7,0.0
2024-09-20 00:00:00,6.8,0.0
2024-09-20 01:00:00,7.3,0.0
2024-09-20 02:00:00,7.0,0.0
2024-09-20 03:00:00,6.9,0.0
2024-09-20 04:00:00,7.0,0.0
2024-09-20 05:00:00,7.7,32.0
2024-09-20 06:00:00,5.2,151.0
2024-09-20 07:00:00,3.5,289.0
2024-09-20 08:00:00,4.8,411.0
2024-09-20 09:00:00,7.9,503.0
2024-09-20 10:00:00,10.1,558.0
2024-09-20 11:00:00,10.5,568.0
2024-09-20 12:00:00,10.3,532.0
2024-09-20 13:00:00,11.4,457.0
2024-09-20 14:00:00,12.3,344.0
2024-09-20 15:00:00,10.1,209.0
2024-09-20 16:00:00,9.0,76.0
2024-09-20 17:00:00,9.6,2.0
2024-09-20 18:00:00,9.0,0.0
2024-09-20 19:00:00,9.0,0.0
2024-09-20 20:00:00,8.7,0.0
2024-09-20 21:00:00,7.8,0.0
2024-09-20 22:00:00,6.4,0.0
2024-09-20 23:00:00,7.1,0.0
2024-09-21 00:00:00,8.8,0.0
2024-09-21 01:00:00,7.6,0.0
2024-09-21 02:00:00,7.5,0.0
2024-09-21 03:00:00,6.3,0.0
2024-09-21 04:00:00,6.3,0.0
2024-09-21 05:00:00,7.6,30.0
2024-09-21 06:00:00,5.9,138.0
2024-09-21 07:00:00,4.6,282.0
2024-09-21 08:00:00,6.4,411.0
2024-09-21 09:00:00,8.7,504.0
2024-09-21 10:00:00,10.2,558.0
2024-09-21 11:00:00,11.0,567.0
2024-09-21 12:00:00,11.0,530.0
2024-09-21 13:00:00,11.0,453.0
2024-09-21 14:00:00,11.7,339.0
2024-09-21 15:00:00,8.9,204.0
2024-09-21 16:00:00,6.1,70.0
2024-09-21 17:00:00,8.0,2.0
2024-09-21 18:00:00,7.7,0.0
2024-09-21 19:00:00,8.5,0.0
2024-09-21 20:00:00,8.4,0.0
2024-09-21 21:00:00,6.4,0.0
2024-09-21 22:00:00,7.1,0.0
2024-09-21 23:00:00,9.0,0.0
2024-09-22 00:00:00,7.0,0.0
2024-09-22 01:00:00,4.6,0.0
2024-09-22 02:00:00,5.4,0.0
2024-09-22 03:00:00,7.3,0.0
2024-09-22 04:00:00,7.2,0.0
2024-09-22 05:00:00,6.1,27.0
2024-09-22 06:00:00,6.2,141.0
2024-09-22 07:00:00,5.0,282.0
2024-09-22 08:00:00,4.7,394.0
2024-09-22 09:00:00,2.1,478.0
2024-09-22 10:00:00,1.9,438.0
2024-09-22 11:00:00,2.3,464.0
2024-09-22 12:00:00,2.4,362.0
2024-09-22 13:00:00,2.5,306.0
2024-09-22 14:00:00,4.0,248.0
2024-09-22 15:00:00,4.2,159.0
2024-09-22 16:00:00,6.8,56.0
2024-09-22 17:00:00,9.2,1.0
2024-09-22 18:00:00,9.4,0.0
2024-09-22 19:00:00,9.1,0.0
2024-09-22 20:00:00,10.1,0.0
2024-09-22 21:00:00,9.0,0.0
2024-09-22 22:00:00,7.9,0.0
2024-09-22 23:00:00,7.4,0.0
2024-09-23 00:00:00,6.6,0.0
2024-09-23 01:00:00,6.9,0.0
2024-09-23 02:00:00,7.7,0.0
2024-09-23 03:00:00,8.5,0.0
2024-09-23 04:00:00,9.0,0.0
2024-09-23 05:00:00,10.5,25.0
2024-09-23 06:00:00,10.2,138.0
2024-09-23 07:00:00,10.1,274.0
2024-09-23 08:00:00,11.3,397.0
2024-09-23 09:00:00,11.8,489.0
2024-09-23 10:00:00,12.5,530.0
2024-09-23 11:00:00,13.7,510.0
2024-09-23 12:00:00,13.8,490.0
2024-09-23 13:00:00,13.1,434.0
2024-09-23 14:00:00,13.1,322.0
2024-09-23 15:00:00,9.5,173.0
2024-09-23 16:00:00,10.0,51.0
2024-09-23 17:00:00,13.1,1.0
2024-09-23 18:00:00,14.2,0.0
2024-09-23 19:00:00,14.8,0.0
2024-09-23 20:00:00,14.8,0.0
2024-09-23 21:00:00,15.0,0.0
2024-09-23 22:00:00,15.8,0.0
2024-09-23 23:00:00,15.5,0.0
2024-09-24 00:00:00,14.9,0.0
2024-09-24 01:00:00,13.4,0.0
2024-09-24 02:00:00,13.3,0.0
2024-09-24 03:00:00,13.6,0.0
2024-09-24 04:00:00,13.9,0.0
2024-09-24 05:00:00,14.8,19.0
2024-09-24 06:00:00,12.8,113.0
2024-09-24 07:00:00,14.7,262.0
2024-09-24 08:00:00,15.5,393.0
2024-09-24 09:00:00,16.9,486.0
2024-09-24 10:00:00,18.5,540.0
2024-09-24 11:00:00,20.4,550.0
2024-09-24 12:00:00,21.0,514.0
2024-09-24 13:00:00,21.7,435.0
2024-09-24 14:00:00,19.4,322.0
2024-09-24 15:00:00,17.3,186.0
2024-09-24 16:00:00,13.8,57.0
2024-09-24 17:00:00,13.7,0.0
2024-09-24 18:00:00,15.7,0.0
2024-09-24 19:00:00,18.3,0.0
2024-09-24 20:00:00,18.5,0.0
2024-09-24 21:00:00,18.3,0.0
2024-09-24 22:00:00,18.1,0.0
2024-09-24 23:00:00,18.6,0.0
2024-09-25 00:00:00,18.3,0.0
2024-09-25 01:00:00,16.2,0.0
2024-09-25 02:00:00,16.6,0.0
2024-09-25 03:00:00,16.1,0.0
2024-09-25 04:00:00,16.6,0.0
2024-09-25 05:00:00,14.3,7.0
2024-09-25 06:00:00,13.7,41.0
2024-09-25 07:00:00,17.8,37.0
2024-09-25 08:00:00,14.9,60.0
2024-09-25 09:00:00,19.6,269.0
2024-09-25 10:00:00,21.6,298.0
2024-09-25 11:00:00,22.3,481.0
2024-09-25 12:00:00,22.6,396.0
2024-09-25 13:00:00,21.5,356.0
2024-09-25 14:00:00,20.0,286.0
2024-09-25 15:00:00,15.3,164.0
2024-09-25 16:00:00,11.3,47.0
2024-09-25 17:00:00,10.8,0.0
2024-09-25 18:00:00,12.1,0.0
2024-09-25 19:00:00,11.0,0.0
2024-09-25 20:00:00,11.4,0.0
2024-09-25 21:00:00,13.8,0.0
2024-09-25 22:00:00,14.7,0.0
2024-09-25 23:00:00,13.9,0.0
2024-09-26 00:00:00,15.4,0.0
2024-09-26 01:00:00,12.1,0.0
2024-09-26 02:00:00,13.8,0.0
2024-09-26 03:00:00,15.1,0.0
2024-09-26 04:00:00,15.4,0.0
2024-09-26 05:00:00,16.6,13.0
2024-09-26 06:00:00,18.7,54.0
2024-09-26 07:00:00,20.5,115.0
2024-09-26 08:00:00,22.0,191.0
2024-09-26 09:00:00,20.1,227.0
2024-09-26 10:00:00,20.0,402.0
2024-09-26 11:00:00,20.6,368.0
2024-09-26 12:00:00,20.1,306.0
2024-09-26 13:00:00,19.8,247.0
2024-09-26 14:00:00,19.4,141.0
2024-09-26 15:00:00,19.0,94.0
2024-09-26 16:00:00,22.6,17.0
2024-09-26 17:00:00,17.9,0.0
2024-09-26 18:00:00,22.4,0.0
2024-09-26 19:00:00,22.2,0.0
2024-09-26 20:00:00,21.8,0.0
2024-09-26 21:00:00,22.1,0.0
2024-09-26 22:00:00,22.1,0.0
2024-09-26 23:00:00,22.7,0.0
2024-09-27 00:00:00,22.8,0.0
2024-09-27 01:00:00,20.2,0.0
2024-09-27 02:00:00,19.6,0.0
2024-09-27 03:00:00,18.8,0.0
2024-09-27 04:00:00,17.7,0.0
2024-09-27 05:00:00,18.3,3.0
2024-09-27 06:00:00,17.3,19.0
2024-09-27 07:00:00,19.5,51.0
2024-09-27 08:00:00,20.2,58.0
2024-09-27 09:00:00,23.3,185.0
2024-09-27 10:00:00,27.0,401.0
2024-09-27 11:00:00,29.7,450.0
2024-09-27 12:00:00,29.1,450.0
2024-09-27 13:00:00,25.4,371.0
2024-09-27 14:00:00,25.2,285.0
2024-09-27 15:00:00,20.9,154.0
2024-09-27 16:00:00,18.6,39.0
2024-09-27 17:00:00,18.2,0.0
2024-09-27 18:00:00,17.2,0.0
2024-09-27 19:00:00,15.9,0.0
2024-09-27 20:00:00,14.3,0.0
2024-09-27 21:00:00,14.0,0.0
2024-09-27 22:00:00,16.7,0.0
2024-09-27 23:00:00,18.1,0.0
2024-09-28 00:00:00,16.1,0.0
2024-09-28 01:00:00,16.4,0.0
2024-09-28 02:00:00,20.0,0.0
2024-09-28 03:00:00,18.4,0.0
2024-09-28 04:00:00,18.8,0.0
2024-09-28 05:00:00,20.7,4.0
2024-09-28 06:00:00,23.4,70.0
2024-09-28 07:00:00,21.1,80.0
2024-09-28 08:00:00,26.0,330.0
2024-09-28 09:00:00,24.9,433.0
2024-09-28 10:00:00,25.5,503.0
2024-09-28 11:00:00,27.6,457.0
2024-09-28 12:00:00,26.6,186.0
2024-09-28 13:00:00,27.7,225.0
2024-09-28 14:00:00,26.1,157.0
2024-09-28 15:00:00,22.4,92.0
2024-09-28 16:00:00,21.1,21.0
2024-09-28 17:00:00,16.5,0.0
2024-09-28 18:00:00,14.4,0.0
2024-09-28 19:00:00,12.8,0.0
2024-09-28 20:00:00,11.2,0.0
2024-09-28 21:00:00,12.4,0.0
2024-09-28 22:00:00,14.6,0.0
2024-09-28 23:00:00,14.9,0.0
2024-09-29 00:00:00,13.4,0.0
2024-09-29 01:00:00,12.8,0.0
2024-09-29 02:00:00,12.8,0.0
2024-09-29 03:00:00,13.3,0.0
2024-09-29 04:00:00,12.3,0.0
2024-09-29 05:00:00,13.0,12.0
2024-09-29 06:00:00,11.9,91.0
2024-09-29 07:00:00,12.8,130.0
2024-09-29 08:00:00,14.0,268.0
2024-09-29 09:00:00,14.9,335.0
2024-09-29 10:00:00,14.4,420.0
2024-09-29 11:00:00,14.8,404.0
2024-09-29 12:00:00,15.7,358.0
2024-09-29 13:00:00,15.3,234.0
2024-09-29 14:00:00,14.0,189.0
2024-09-29 15:00:00,11.6,86.0
2024-09-29 16:00:00,7.3,26.0
2024-09-29 17:00:00,9.8,0.0
2024-09-29 18:00:00,10.2,0.0
2024-09-29 19:00:00,9.1,0.0
2024-09-29 20:00:00,9.4,0.0
2024-09-29 21:00:00,9.3,0.0
2024-09-29 22:00:00,8.4,0.0
2024-09-29 23:00:00,8.9,0.0
2024-09-30 00:00:00,9.6,0.0
2024-09-30 01:00:00,8.6,0.0
2024-09-30 02:00:00,9.4,0.0
2024-09-30 03:00:00,8.7,0.0
2024-09-30 04:00:00,8.9,0.0
2024-09-30 05:00:00,9.3,8.0
2024-09-30 06:00:00,9.6,64.0
2024-09-30 07:00:00,10.5,161.0
2024-09-30 08:00:00,11.7,242.0
2024-09-30 09:00:00,14.4,328.0
2024-09-30 10:00:00,15.4,369.0
2024-09-30 11:00:00,15.2,331.0
2024-09-30 12:00:00,15.8,296.0
2024-09-30 13:00:00,16.6,282.0
2024-09-30 14:00:00,17.0,184.0
2024-09-30 15:00:00,15.8,93.0
2024-09-30 16:00:00,15.6,20.0
2024-09-30 17:00:00,16.5,0.0
2024-09-30 18:00:00,17.1,0.0
2024-09-30 19:00:00,17.3,0.0
2024-09-30 20:00:00,17.9,0.0
2024-09-30 21:00:00,17.4,0.0
2024-09-30 22:00:00,16.6,0.0
2024-09-30 23:00:00,15.8,0.0
2024-10-01 00:00:00,15.3,0.0
2024-10-01 01:00:00,17.3,0.0
2024-10-01 02:00:00,16.6,0.0
2024-10-01 03:00:00,16.5,0.0
2024-10-01 04:00:00,16.5,0.0
2024-10-01 05:00:00,16.4,5.0
2024-10-01 06:00:00,14.8,38.0
2024-10-01 07:00:00,16.2,61.0
2024-10-01 08:00:00,14.6,81.0
2024-10-01 09:00:00,13.7,110.0
2024-10-01 10:00:00,14.4,165.0
2024-10-01 11:00:00,12.0,132.0
2024-10-01 12:00:00,11.9,101.0
2024-10-01 13:00:00,9.8,64.0
2024-10-01 14:00:00,9.2,90.0
2024-10-01 15:00:00,7.1,47.0
2024-10-01 16:00:00,3.9,15.0
2024-10-01 17:00:00,4.3,0.0
2024-10-01 18:00:00,2.7,0.0
2024-10-01 19:00:00,1.1,0.0
2024-10-01 20:00:00,2.0,0.0
2024-10-01 21:00:00,3.0,0.0
2024-10-01 22:00:00,3.2,0.0
2024-10-01 23:00:00,3.0,0.0
2024-10-02 00:00:00,2.7,0.0
2024-10-02 01:00:00,6.3,0.0
2024-10-02 02:00:00,6.3,0.0
2024-10-02 03:00:00,4.3,0.0
2024-10-02 04:00:00,5.7,0.0
2024-10-02 05:00:00,6.9,3.0
2024-10-02 06:00:00,9.6,32.0
2024-10-02 07:00:00,10.5,85.0
2024-10-02 08:00:00,12.1,143.0
2024-10-02 09:00:00,13.0,180.0
2024-10-02 10:00:00,13.8,224.0
2024-10-02 11:00:00,13.1,199.0
2024-10-02 12:00:00,12.5,189.0
2024-10-02 13:00:00,12.6,126.0
2024-10-02 14:00:00,10.0,92.0
2024-10-02 15:00:00,3.5,68.0
2024-10-02 16:00:00,3.2,20.0
2024-10-02 17:00:00,2.9,0.0
2024-10-02 18:00:00,6.3,0.0
2024-10-02 19:00:00,6.7,0.0
2024-10-02 20:00:00,6.3,0.0
2024-10-02 21:00:00,9.6,0.0
2024-10-02 22:00:00,9.2,0.0
2024-10-02 23:00:00,8.1,0.0
2024-10-03 00:00:00,7.2,0.0
2024-10-03 01:00:00,6.7,0.0
2024-10-03 02:00:00,4.6,0.0
2024-10-03 03:00:00,4.8,0.0
2024-10-03 04:00:00,7.7,0.0
2024-10-03 05:00:00,10.5,1.0
2024-10-03 06:00:00,11.0,10.0
2024-10-03 07:00:00,9.6,35.0
2024-10-03 08:00:00,12.0,50.0
2024-10-03 09:00:00,13.7,55.0
2024-10-03 10:00:00,15.0,68.0
2024-10-03 11:00:00,15.2,58.0
2024-10-03 12:00:00,16.9,39.0
2024-10-03 13:00:00,14.7,50.0
2024-10-03 14:00:00,14.6,48.0
2024-10-03 15:00:00,14.7,25.0
2024-10-03 16:00:00,14.4,2.0
2024-10-03 17:00:00,13.4,0.0
2024-10-03 18:00:00,13.8,0.0
2024-10-03 19:00:00,12.2,0.0
2024-10-03 20:00:00,11.5,0.0
2024-10-03 21:00:00,10.6,0.0
2024-10-03 22:00:00,11.0,0.0
2024-10-03 23:00:00,10.4,0.0
2024-10-04 00:00:00,9.2,0.0
2024-10-04 01:00:00,6.3,0.0
2024-10-04 02:00:00,7.4,0.0
2024-10-04 03:00:00,6.5,0.0
2024-10-04 04:00:00,8.2,0.0
2024-10-04 05:00:00,9.7,2.0
2024-10-04 06:00:00,10.2,16.0
2024-10-04 07:00:00,10.4,45.0
2024-10-04 08:00:00,12.5,97.0
2024-10-04 09:00:00,12.2,99.0
2024-10-04 10:00:00,10.8,164.0
2024-10-04 11:00:00,9.9,234.0
2024-10-04 12:00:00,11.7,176.0
2024-10-04 13:00:00,11.5,83.0
2024-10-04 14:00:00,11.7,78.0
2024-10-04 15:00:00,9.9,42.0
2024-10-04 16:00:00,8.9,7.0
2024-10-04 17:00:00,10.1,0.0
2024-10-04 18:00:00,10.5,0.0
2024-10-04 19:00:00,9.8,0.0
2024-10-04 20:00:00,9.4,0.0
2024-10-04 21:00:00,9.9,0.0
2024-10-04 22:00:00,9.9,0.0
2024-10-04 23:00:00,8.8,0.0
2024-10-05 00:00:00,9.0,0.0
2024-10-05 01:00:00,9.5,0.0
2024-10-05 02:00:00,9.7,0.0
2024-10-05 03:00:00,9.8,0.0
2024-10-05 04:00:00,9.1,0.0
2024-10-05 05:00:00,9.9,5.0
2024-10-05 06:00:00,12.5,64.0
2024-10-05 07:00:00,11.0,144.0
2024-10-05 08:00:00,10.4,247.0
2024-10-05 09:00:00,10.2,301.0
2024-10-05 10:00:00,10.1,244.0
2024-10-05 11:00:00,10.5,291.0
2024-10-05 12:00:00,10.1,256.0
2024-10-05 13:00:00,12.2,131.0
2024-10-05 14:00:00,13.0,80.0
2024-10-05 15:00:00,9.8,41.0
2024-10-05 16:00:00,8.2,5.0
2024-10-05 17:00:00,8.9,0.0
2024-10-05 18:00:00,9.2,0.0
2024-10-05 19:00:00,10.8,0.0
2024-10-05 20:00:00,10.5,0.0
2024-10-05 21:00:00,10.1,0.0
2024-10-05 22:00:00,11.3,0.0
2024-10-05 23:00:00,11.0,0.0
2024-10-06 00:00:00,11.1,0.0
2024-10-06 01:00:00,12.1,0.0
2024-10-06 02:00:00,12.4,0.0
2024-10-06 03:00:00,13.4,0.0
2024-10-06 04:00:00,13.3,0.0
2024-10-06 05:00:00,12.5,2.0
2024-10-06 06:00:00,12.2,24.0
2024-10-06 07:00:00,12.7,59.0
2024-10-06 08:00:00,12.9,139.0
2024-10-06 09:00:00,11.7,215.0
2024-10-06 10:00:00,10.6,241.0
2024-10-06 11:00:00,13.8,372.0
2024-10-06 12:00:00,13.6,199.0
2024-10-06 13:00:00,13.9,156.0
2024-10-06 14:00:00,14.0,61.0
2024-10-06 15:00:00,15.7,20.0
2024-10-06 16:00:00,12.2,4.0
2024-10-06 17:00:00,11.5,0.0
2024-10-06 18:00:00,11.7,0.0
2024-10-06 19:00:00,9.8,0.0
2024-10-06 20:00:00,9.2,0.0
2024-10-06 21:00:00,8.3,0.0
2024-10-06 22:00:00,7.5,0.0
2024-10-06 23:00:00,7.7,0.0
2024-10-07 00:00:00,8.2,0.0
2024-10-07 01:00:00,7.2,0.0
2024-10-07 02:00:00,7.2,0.0
2024-10-07 03:00:00,5.9,0.0
2024-10-07 04:00:00,6.4,0.0
2024-10-07 05:00:00,7.3,2.0
2024-10-07 06:00:00,8.3,33.0
2024-10-07 07:00:00,10.0,141.0
2024-10-07 08:00:00,10.0,201.0
2024-10-07 09:00:00,8.9,263.0
2024-10-07 10:00:00,8.6,320.0
2024-10-07 11:00:00,9.8,275.0
2024-10-07 12:00:00,9.9,201.0
2024-10-07 13:00:00,11.4,112.0
2024-10-07 14:00:00,11.7,81.0
2024-10-07 15:00:00,10.1,25.0
2024-10-07 16:00:00,8.7,2.0
2024-10-07 17:00:00,8.6,0.0
2024-10-07 18:00:00,6.9,0.0
2024-10-07 19:00:00,8.0,0.0
2024-10-07 20:00:00,8.2,0.0
2024-10-07 21:00:00,6.9,0.0
2024-10-07 22:00:00,6.2,0.0
2024-10-07 23:00:00,6.1,0.0
2024-10-08 00:00:00,5.5,0.0
2024-10-08 01:00:00,6.7,0.0
2024-10-08 02:00:00,5.5,0.0
2024-10-08 03:00:00,5.5,0.0
2024-10-08 04:00:00,4.9,0.0
2024-10-08 05:00:00,3.6,2.0
2024-10-08 06:00:00,2.0,42.0
2024-10-08 07:00:00,0.7,111.0
2024-10-08 08:00:00,1.9,196.0
2024-10-08 09:00:00,1.8,318.0
2024-10-08 10:00:00,2.7,440.0
2024-10-08 11:00:00,4.3,451.0
2024-10-08 12:00:00,4.2,416.0
2024-10-08 13:00:00,5.2,299.0
2024-10-08 14:00:00,5.6,214.0
2024-10-08 15:00:00,6.0,99.0
2024-10-08 16:00:00,10.1,10.0
2024-10-08 17:00:00,10.3,0.0
2024-10-08 18:00:00,11.1,0.0
2024-10-08 19:00:00,12.6,0.0
2024-10-08 20:00:00,14.3,0.0
2024-10-08 21:00:00,14.9,0.0
2024-10-08 22:00:00,14.8,0.0
2024-10-08 23:00:00,16.7,0.0
2024-10-09 00:00:00,16.6,0.0
2024-10-09 01:00:00,17.4,0.0
2024-10-09 02:00:00,17.8,0.0
2024-10-09 03:00:00,18.8,0.0
2024-10-09 04:00:00,19.2,0.0
2024-10-09 05:00:00,20.0,2.0
2024-10-09 06:00:00,21.1,62.0
2024-10-09 07:00:00,18.5,160.0
2024-10-09 08:00:00,19.2,244.0
2024-10-09 09:00:00,20.8,326.0
2024-10-09 10:00:00,22.4,417.0
2024-10-09 11:00:00,23.1,436.0
2024-10-09 12:00:00,22.5,401.0
2024-10-09 13:00:00,21.1,317.0
2024-10-09 14:00:00,20.5,207.0
2024-10-09 15:00:00,20.6,93.0
2024-10-09 16:00:00,20.0,8.0
2024-10-09 17:00:00,21.0,0.0
2024-10-09 18:00:00,20.5,0.0
2024-10-09 19:00:00,21.2,0.0
2024-10-09 20:00:00,18.9,0.0
2024-10-09 21:00:00,17.2,0.0
2024-10-09 22:00:00,15.4,0.0
2024-10-09 23:00:00,14.6,0.0
2024-10-10 00:00:00,14.3,0.0
2024-10-10 01:00:00,12.1,0.0
2024-10-10 02:00:00,13.4,0.0
2024-10-10 03:00:00,14.1,0.0
2024-10-10 04:00:00,14.6,0.0
2024-10-10 05:00:00,14.5,2.0
2024-10-10 06:00:00,16.8,56.0
2024-10-10 07:00:00,19.3,111.0
2024-10-10 08:00:00,22.1,154.0
2024-10-10 09:00:00,24.3,178.0
2024-10-10 10:00:00,22.3,197.0
2024-10-10 11:00:00,27.1,310.0
2024-10-10 12:00:00,26.4,261.0
2024-10-10 13:00:00,21.2,147.0
2024-10-10 14:00:00,20.8,77.0
2024-10-10 15:00:00,21.3,22.0
2024-10-10 16:00:00,22.2,2.0
2024-10-10 17:00:00,22.4,0.0
2024-10-10 18:00:00,20.9,0.0
2024-10-10 19:00:00,19.7,0.0
2024-10-10 20:00:00,18.6,0.0
2024-10-10 21:00:00,18.2,0.0
2024-10-10 22:00:00,17.7,0.0
2024-10-10 23:00:00,15.7,0.0
2024-10-11 00:00:00,13.9,0.0
2024-10-11 01:00:00,8.8,0.0
2024-10-11 02:00:00,9.9,0.0
2024-10-11 03:00:00,8.1,0.0
2024-10-11 04:00:00,8.3,0.0
2024-10-11 05:00:00,8.4,0.0
2024-10-11 06:00:00,8.4,23.0
2024-10-11 07:00:00,11.3,89.0
2024-10-11 08:00:00,11.1,165.0
2024-10-11 09:00:00,10.6,121.0
2024-10-11 10:00:00,10.4,73.0
2024-10-11 11:00:00,12.1,56.0
2024-10-11 12:00:00,14.4,66.0
2024-10-11 13:00:00,14.3,55.0
2024-10-11 14:00:00,12.6,38.0
2024-10-11 15:00:00,13.4,21.0
2024-10-11 16:00:00,15.4,3.0
2024-10-11 17:00:00,17.4,0.0
2024-10-11 18:00:00,12.6,0.0
2024-10-11 19:00:00,11.5,0.0
2024-10-11 20:00:00,11.3,0.0
2024-10-11 21:00:00,11.9,0.0
2024-10-11 22:00:00,12.7,0.0
2024-10-11 23:00:00,12.6,0.0
2024-10-12 00:00:00,12.0,0.0
2024-10-12 01:00:00,10.8,0.0
2024-10-12 02:00:00,10.2,0.0
2024-10-12 03:00:00,9.2,0.0
2024-10-12 04:00:00,8.6,0.0
2024-10-12 05:00:00,8.4,1.0
2024-10-12 06:00:00,10.4,64.0
2024-10-12 07:00:00,8.1,187.0
2024-10-12 08:00:00,8.4,305.0
2024-10-12 09:00:00,8.9,395.0
2024-10-12 10:00:00,10.3,444.0
2024-10-12 11:00:00,10.1,447.0
2024-10-12 12:00:00,11.3,404.0
2024-10-12 13:00:00,9.3,277.0
2024-10-12 14:00:00,7.7,113.0
2024-10-12 15:00:00,4.4,53.0
2024-10-12 16:00:00,8.0,4.0
2024-10-12 17:00:00,7.3,0.0
2024-10-12 18:00:00,6.0,0.0
2024-10-12 19:00:00,4.9,0.0
2024-10-12 20:00:00,5.8,0.0
2024-10-12 21:00:00,6.2,0.0
2024-10-12 22:00:00,7.6,0.0
2024-10-12 23:00:00,8.3,0.0
2024-10-13 00:00:00,7.8,0.0
2024-10-13 01:00:00,7.7,0.0
2024-10-13 02:00:00,8.7,0.0
2024-10-13 03:00:00,8.5,0.0
2024-10-13 04:00:00,9.4,0.0
2024-10-13 05:00:00,8.2,1.0
2024-10-13 06:00:00,10.1,61.0
2024-10-13 07:00:00,9.0,186.0
2024-10-13 08:00:00,10.7,304.0
2024-10-13 09:00:00,13.9,308.0
2024-10-13 10:00:00,15.9,339.0
2024-10-13 11:00:00,16.7,353.0
2024-10-13 12:00:00,17.1,326.0
2024-10-13 13:00:00,16.7,269.0
2024-10-13 14:00:00,18.6,170.0
2024-10-13 15:00:00,16.3,33.0
2024-10-13 16:00:00,17.6,1.0
2024-10-13 17:00:00,19.4,0.0
2024-10-13 18:00:00,19.5,0.0
2024-10-13 19:00:00,18.9,0.0
2024-10-13 20:00:00,18.6,0.0
2024-10-13 21:00:00,14.2,0.0
2024-10-13 22:00:00,12.6,0.0
2024-10-13 23:00:00,13.0,0.0
2024-10-14 00:00:00,11.5,0.0
2024-10-14 01:00:00,12.0,0.0
2024-10-14 02:00:00,10.1,0.0
2024-10-14 03:00:00,7.1,0.0
2024-10-14 04:00:00,6.8,0.0
2024-10-14 05:00:00,7.3,0.0
2024-10-14 06:00:00,8.7,18.0
2024-10-14 07:00:00,10.7,46.0
2024-10-14 08:00:00,13.8,67.0
2024-10-14 09:00:00,15.1,43.0
2024-10-14 10:00:00,14.3,61.0
2024-10-14 11:00:00,14.3,114.0
2024-10-14 12:00:00,14.7,160.0
2024-10-14 13:00:00,11.7,50.0
2024-10-14 14:00:00,9.8,34.0
2024-10-14 15:00:00,11.3,14.0
2024-10-14 16:00:00,11.7,1.0
2024-10-14 17:00:00,11.7,0.0
2024-10-14 18:00:00,11.8,0.0
2024-10-14 19:00:00,11.8,0.0
2024-10-14 20:00:00,13.8,0.0
2024-10-14 21:00:00,14.5,0.0
2024-10-14 22:00:00,13.2,0.0
2024-10-14 23:00:00,14.4,0.0
2024-10-15 00:00:00,14.1,0.0
2024-10-15 01:00:00,11.8,0.0
2024-10-15 02:00:00,10.9,0.0
2024-10-15 03:00:00,10.8,0.0
2024-10-15 04:00:00,11.2,0.0
2024-10-15 05:00:00,9.3,0.0
2024-10-15 06:00:00,9.1,35.0
2024-10-15 07:00:00,8.8,146.0
2024-10-15 08:00:00,8.3,277.0
2024-10-15 09:00:00,11.9,366.0
2024-10-15 10:00:00,12.4,356.0
2024-10-15 11:00:00,16.3,326.0
2024-10-15 12:00:00,15.7,90.0
2024-10-15 13:00:00,14.3,179.0
2024-10-15 14:00:00,13.1,141.0
2024-10-15 15:00:00,10.4,44.0
2024-10-15 16:00:00,10.2,1.0
2024-10-15 17:00:00,10.7,0.0
2024-10-15 18:00:00,11.2,0.0
2024-10-15 19:00:00,11.1,0.0
2024-10-15 20:00:00,10.5,0.0
2024-10-15 21:00:00,10.2,0.0
2024-10-15 22:00:00,11.5,0.0
2024-10-15 23:00:00,12.2,0.0
2024-10-16 00:00:00,12.7,0.0
2024-10-16 01:00:00,11.1,0.0
2024-10-16 02:00:00,11.5,0.0
2024-10-16 03:00:00,12.1,0.0
2024-10-16 04:00:00,11.6,0.0
2024-10-16 05:00:00,11.5,0.0
2024-10-16 06:00:00,11.9,49.0
2024-10-16 07:00:00,10.2,167.0
2024-10-16 08:00:00,13.5,282.0
2024-10-16 09:00:00,13.9,343.0
2024-10-16 10:00:00,13.3,343.0
2024-10-16 11:00:00,10.7,375.0
2024-10-16 12:00:00,8.8,362.0
2024-10-16 13:00:00,7.8,292.0
2024-10-16 14:00:00,6.5,180.0
2024-10-16 15:00:00,7.7,65.0
2024-10-16 16:00:00,8.5,1.0
2024-10-16 17:00:00,7.7,0.0
2024-10-16 18:00:00,6.7,0.0
2024-10-16 19:00:00,6.7,0.0
2024-10-16 20:00:00,6.8,0.0
2024-10-16 21:00:00,5.5,0.0
2024-10-16 22:00:00,7.1,0.0
2024-10-16 23:00:00,6.7,0.0
2024-10-17 00:00:00,6.6,0.0
2024-10-17 01:00:00,7.6,0.0
2024-10-17 02:00:00,7.2,0.0
2024-10-17 03:00:00,7.2,0.0
2024-10-17 04:00:00,7.2,0.0
2024-10-17 05:00:00,7.2,0.0
2024-10-17 06:00:00,9.4,47.0
2024-10-17 07:00:00,8.6,166.0
2024-10-17 08:00:00,8.5,281.0
2024-10-17 09:00:00,11.5,367.0
2024-10-17 10:00:00,12.1,415.0
2024-10-17 11:00:00,10.1,418.0
2024-10-17 12:00:00,9.4,376.0
2024-10-17 13:00:00,8.0,295.0
2024-10-17 14:00:00,6.9,182.0
2024-10-17 15:00:00,7.7,62.0
2024-10-17 16:00:00,9.8,1.0
2024-10-17 17:00:00,10.8,0.0
2024-10-17 18:00:00,11.4,0.0
2024-10-17 19:00:00,11.9,0.0
2024-10-17 20:00:00,12.0,0.0
2024-10-17 21:00:00,12.0,0.0
2024-10-17 22:00:00,12.1,0.0
2024-10-17 23:00:00,11.9,0.0
2024-10-18 00:00:00,11.9,0.0
2024-10-18 01:00:00,11.7,0.0
2024-10-18 02:00:00,12.0,0.0
2024-10-18 03:00:00,12.2,0.0
2024-10-18 04:00:00,12.3,0.0
2024-10-18 05:00:00,12.1,0.0
2024-10-18 06:00:00,13.5,43.0
2024-10-18 07:00:00,11.9,159.0
2024-10-18 08:00:00,10.3,272.0
2024-10-18 09:00:00,10.6,357.0
2024-10-18 10:00:00,10.6,403.0
2024-10-18 11:00:00,11.4,405.0
2024-10-18 12:00:00,11.3,365.0
2024-10-18 13:00:00,10.1,285.0
2024-10-18 14:00:00,8.6,174.0
2024-10-18 15:00:00,9.8,56.0
2024-10-18 16:00:00,11.6,0.0
2024-10-18 17:00:00,12.1,0.0
2024-10-18 18:00:00,12.9,0.0
2024-10-18 19:00:00,12.9,0.0
2024-10-18 20:00:00,12.6,0.0
2024-10-18 21:00:00,13.6,0.0
2024-10-18 22:00:00,12.9,0.0
2024-10-18 23:00:00,11.5,0.0
2024-10-19 00:00:00,11.7,0.0
2024-10-19 01:00:00,11.9,0.0
2024-10-19 02:00:00,12.5,0.0
2024-10-19 03:00:00,12.4,0.0
2024-10-19 04:00:00,11.6,0.0
2024-10-19 05:00:00,11.5,0.0
2024-10-19 06:00:00,12.9,40.0
2024-10-19 07:00:00,11.0,152.0
2024-10-19 08:00:00,11.0,264.0
2024-10-19 09:00:00,12.8,349.0
2024-10-19 10:00:00,14.6,396.0
2024-10-19 11:00:00,13.4,400.0
2024-10-19 12:00:00,11.8,360.0
2024-10-19 13:00:00,11.1,279.0
2024-10-19 14:00:00,9.0,168.0
2024-10-19 15:00:00,8.5,52.0
2024-10-19 16:00:00,10.2,0.0
2024-10-19 17:00:00,10.6,0.0
2024-10-19 18:00:00,11.3,0.0
2024-10-19 19:00:00,11.4,0.0
2024-10-19 20:00:00,11.7,0.0
2024-10-19 21:00:00,11.6,0.0
2024-10-19 22:00:00,11.0,0.0
2024-10-19 23:00:00,10.9,0.0
2024-10-20 00:00:00,10.6,0.0
2024-10-20 01:00:00,10.5,0.0
2024-10-20 02:00:00,10.3,0.0
2024-10-20 03:00:00,10.1,0.0
2024-10-20 04:00:00,10.3,0.0
2024-10-20 05:00:00,11.1,0.0
2024-10-20 06:00:00,13.2,36.0
2024-10-20 07:00:00,12.6,148.0
2024-10-20 08:00:00,11.4,261.0
2024-10-20 09:00:00,13.1,347.0
2024-10-20 10:00:00,14.2,393.0
2024-10-20 11:00:00,14.1,395.0
2024-10-20 12:00:00,13.1,353.0
2024-10-20 13:00:00,11.4,274.0
2024-10-20 14:00:00,10.2,163.0
2024-10-20 15:00:00,10.5,48.0
2024-10-20 16:00:00,12.5,0.0
2024-10-20 17:00:00,14.2,0.0
2024-10-20 18:00:00,14.8,0.0
2024-10-20 19:00:00,14.6,0.0
2024-10-20 20:00:00,16.2,0.0
2024-10-20 21:00:00,15.5,0.0
2024-10-20 22:00:00,16.6,0.0
2024-10-20 23:00:00,16.2,0.0
2024-10-21 00:00:00,15.9,0.0
2024-10-21 01:00:00,16.6,0.0
2024-10-21 02:00:00,17.3,0.0
2024-10-21 03:00:00,17.1,0.0
2024-10-21 04:00:00,17.8,0.0
2024-10-21 05:00:00,17.5,0.0
2024-10-21 06:00:00,19.6,29.0
2024-10-21 07:00:00,15.6,140.0
2024-10-21 08:00:00,19.3,241.0
2024-10-21 09:00:00,17.3,296.0
2024-10-21 10:00:00,18.5,298.0
2024-10-21 11:00:00,16.6,317.0
2024-10-21 12:00:00,16.5,307.0
2024-10-21 13:00:00,16.7,196.0
2024-10-21 14:00:00,17.4,110.0
2024-10-21 15:00:00,16.9,29.0
2024-10-21 16:00:00,15.5,0.0
2024-10-21 17:00:00,15.5,0.0
2024-10-21 18:00:00,15.1,0.0
2024-10-21 19:00:00,13.8,0.0
2024-10-21 20:00:00,13.2,0.0
2024-10-21 21:00:00,13.0,0.0
2024-10-21 22:00:00,12.4,0.0
2024-10-21 23:00:00,11.1,0.0
2024-10-22 00:00:00,10.7,0.0
2024-10-22 01:00:00,9.2,0.0
2024-10-22 02:00:00,9.5,0.0
2024-10-22 03:00:00,8.0,0.0
2024-10-22 04:00:00,11.1,0.0
2024-10-22 05:00:00,10.0,0.0
2024-10-22 06:00:00,12.0,6.0
2024-10-22 07:00:00,10.9,27.0
2024-10-22 08:00:00,10.0,64.0
2024-10-22 09:00:00,9.6,163.0
2024-10-22 10:00:00,12.0,329.0
2024-10-22 11:00:00,13.6,189.0
2024-10-22 12:00:00,13.0,50.0
2024-10-22 13:00:00,13.0,169.0
2024-10-22 14:00:00,14.9,41.0
2024-10-22 15:00:00,14.3,23.0
2024-10-22 16:00:00,14.6,0.0
2024-10-22 17:00:00,15.6,0.0
2024-10-22 18:00:00,16.3,0.0
2024-10-22 19:00:00,16.2,0.0
2024-10-22 20:00:00,15.8,0.0
2024-10-22 21:00:00,14.7,0.0
2024-10-22 22:00:00,14.2,0.0
2024-10-22 23:00:00,17.0,0.0
2024-10-23 00:00:00,22.8,0.0
2024-10-23 01:00:00,22.9,0.0
2024-10-23 02:00:00,19.0,0.0
2024-10-23 03:00:00,17.5,0.0
2024-10-23 04:00:00,17.9,0.0
2024-10-23 05:00:00,17.8,0.0
2024-10-23 06:00:00,18.6,23.0
2024-10-23 07:00:00,24.9,83.0
2024-10-23 08:00:00,27.9,81.0
2024-10-23 09:00:00,21.1,75.0
2024-10-23 10:00:00,23.6,270.0
2024-10-23 11:00:00,23.4,345.0
2024-10-23 12:00:00,25.0,296.0
2024-10-23 13:00:00,23.2,246.0
2024-10-23 14:00:00,20.5,142.0
2024-10-23 15:00:00,18.1,36.0
2024-10-23 16:00:00,17.6,0.0
2024-10-23 17:00:00,17.5,0.0
2024-10-23 18:00:00,17.5,0.0
2024-10-23 19:00:00,17.2,0.0
2024-10-23 20:00:00,16.6,0.0
2024-10-23 21:00:00,16.4,0.0
2024-10-23 22:00:00,16.4,0.0
2024-10-23 23:00:00,16.7,0.0
2024-10-24 00:00:00,17.6,0.0
2024-10-24 01:00:00,16.9,0.0
2024-10-24 02:00:00,17.1,0.0
2024-10-24 03:00:00,18.0,0.0
2024-10-24 04:00:00,17.8,0.0
2024-10-24 05:00:00,17.5,0.0
2024-10-24 06:00:00,18.1,10.0
2024-10-24 07:00:00,18.9,25.0
2024-10-24 08:00:00,19.9,62.0
2024-10-24 09:00:00,19.7,80.0
2024-10-24 10:00:00,21.8,121.0
2024-10-24 11:00:00,20.9,104.0
2024-10-24 12:00:00,21.1,104.0
2024-10-24 13:00:00,20.3,66.0
2024-10-24 14:00:00,16.0,31.0
2024-10-24 15:00:00,15.5,11.0
2024-10-24 16:00:00,15.9,0.0
2024-10-24 17:00:00,15.7,0.0
2024-10-24 18:00:00,14.7,0.0
2024-10-24 19:00:00,13.5,0.0
2024-10-24 20:00:00,12.9,0.0
2024-10-24 21:00:00,12.8,0.0
2024-10-24 22:00:00,12.5,0.0
2024-10-24 23:00:00,13.0,0.0
2024-10-25 00:00:00,12.8,0.0
2024-10-25 01:00:00,11.7,0.0
2024-10-25 02:00:00,9.7,0.0
2024-10-25 03:00:00,9.9,0.0
2024-10-25 04:00:00,11.0,0.0
2024-10-25 05:00:00,10.5,0.0
2024-10-25 06:00:00,9.8,9.0
2024-10-25 07:00:00,11.5,34.0
2024-10-25 08:00:00,10.8,60.0
2024-10-25 09:00:00,10.4,103.0
2024-10-25 10:00:00,10.5,126.0
2024-10-25 11:00:00,10.5,142.0
2024-10-25 12:00:00,9.9,133.0
2024-10-25 13:00:00,8.8,109.0
2024-10-25 14:00:00,6.8,53.0
2024-10-25 15:00:00,3.2,14.0
2024-10-25 16:00:00,4.6,0.0
2024-10-25 17:00:00,7.4,0.0
2024-10-25 18:00:00,8.0,0.0
2024-10-25 19:00:00,8.6,0.0
2024-10-25 20:00:00,10.0,0.0
2024-10-25 21:00:00,9.9,0.0
2024-10-25 22:00:00,10.5,0.0
2024-10-25 23:00:00,11.3,0.0
2024-10-26 00:00:00,11.9,0.0
2024-10-26 01:00:00,13.1,0.0
2024-10-26 02:00:00,13.6,0.0
2024-10-26 03:00:00,13.9,0.0
2024-10-26 04:00:00,14.4,0.0
2024-10-26 05:00:00,14.1,0.0
2024-10-26 06:00:00,14.3,19.0
2024-10-26 07:00:00,14.7,116.0
2024-10-26 08:00:00,13.8,167.0
2024-10-26 09:00:00,11.7,214.0
2024-10-26 10:00:00,11.4,216.0
2024-10-26 11:00:00,12.6,168.0
2024-10-26 12:00:00,10.5,133.0
2024-10-26 13:00:00,11.6,77.0
2024-10-26 14:00:00,10.0,44.0
2024-10-26 15:00:00,6.8,8.0
2024-10-26 16:00:00,7.2,0.0
2024-10-26 17:00:00,7.9,0.0
2024-10-26 18:00:00,9.3,0.0
2024-10-26 19:00:00,9.8,0.0
2024-10-26 20:00:00,8.5,0.0
2024-10-26 21:00:00,7.2,0.0
2024-10-26 22:00:00,7.0,0.0
2024-10-26 23:00:00,6.5,0.0
2024-10-27 00:00:00,5.7,0.0
2024-10-27 01:00:00,4.6,0.0
2024-10-27 02:00:00,5.2,0.0
2024-10-27 03:00:00,5.4,0.0
2024-10-27 04:00:00,6.7,0.0
2024-10-27 05:00:00,7.4,0.0
2024-10-27 06:00:00,7.1,4.0
2024-10-27 07:00:00,6.4,32.0
2024-10-27 08:00:00,7.0,53.0
2024-10-27 09:00:00,7.3,103.0
2024-10-27 10:00:00,7.4,101.0
2024-10-27 11:00:00,7.7,121.0
2024-10-27 12:00:00,7.4,114.0
2024-10-27 13:00:00,5.6,79.0
2024-10-27 14:00:00,4.3,51.0
2024-10-27 15:00:00,5.4,10.0
2024-10-27 16:00:00,6.4,0.0
2024-10-27 17:00:00,7.5,0.0
2024-10-27 18:00:00,8.7,0.0
2024-10-27 19:00:00,9.5,0.0
2024-10-27 20:00:00,10.0,0.0
2024-10-27 21:00:00,12.5,0.0
2024-10-27 22:00:00,13.5,0.0
2024-10-27 23:00:00,14.1,0.0
2024-10-28 00:00:00,14.4,0.0
2024-10-28 01:00:00,14.1,0.0
2024-10-28 02:00:00,16.7,0.0
2024-10-28 03:00:00,19.0,0.0
2024-10-28 04:00:00,20.0,0.0
2024-10-28 05:00:00,18.1,0.0
2024-10-28 06:00:00,17.6,11.0
2024-10-28 07:00:00,18.3,82.0
2024-10-28 08:00:00,22.4,202.0
2024-10-28 09:00:00,24.1,256.0
2024-10-28 10:00:00,20.7,264.0
2024-10-28 11:00:00,17.9,279.0
2024-10-28 12:00:00,14.3,265.0
2024-10-28 13:00:00,13.1,211.0
2024-10-28 14:00:00,12.6,94.0
2024-10-28 15:00:00,12.8,20.0
2024-10-28 16:00:00,12.0,0.0
2024-10-28 17:00:00,12.7,0.0
2024-10-28 18:00:00,11.9,0.0
2024-10-28 19:00:00,12.1,0.0
2024-10-28 20:00:00,10.3,0.0
2024-10-28 21:00:00,10.5,0.0
2024-10-28 22:00:00,10.3,0.0
2024-10-28 23:00:00,10.0,0.0
2024-10-29 00:00:00,8.9,0.0
2024-10-29 01:00:00,7.7,0.0
2024-10-29 02:00:00,7.9,0.0
2024-10-29 03:00:00,8.8,0.0
2024-10-29 04:00:00,9.4,0.0
2024-10-29 05:00:00,9.6,0.0
2024-10-29 06:00:00,10.1,5.0
2024-10-29 07:00:00,13.0,34.0
2024-10-29 08:00:00,11.6,101.0
2024-10-29 09:00:00,11.4,143.0
2024-10-29 10:00:00,10.2,155.0
2024-10-29 11:00:00,8.8,175.0
2024-10-29 12:00:00,7.7,176.0
2024-10-29 13:00:00,6.1,83.0
2024-10-29 14:00:00,3.3,49.0
2024-10-29 15:00:00,2.7,10.0
2024-10-29 16:00:00,4.4,0.0
2024-10-29 17:00:00,6.3,0.0
2024-10-29 18:00:00,8.1,0.0
2024-10-29 19:00:00,9.0,0.0
2024-10-29 20:00:00,9.1,0.0
2024-10-29 21:00:00,10.6,0.0
2024-10-29 22:00:00,11.7,0.0
2024-10-29 23:00:00,13.7,0.0
2024-10-30 00:00:00,14.4,0.0
2024-10-30 01:00:00,15.7,0.0
2024-10-30 02:00:00,18.4,0.0
2024-10-30 03:00:00,18.6,0.0
2024-10-30 04:00:00,17.7,0.0
2024-10-30 05:00:00,17.4,0.0
2024-10-30 06:00:00,17.9,2.0
2024-10-30 07:00:00,20.0,20.0
2024-10-30 08:00:00,21.3,29.0
2024-10-30 09:00:00,22.1,66.0
2024-10-30 10:00:00,22.6,65.0
2024-10-30 11:00:00,20.3,74.0
2024-10-30 12:00:00,25.6,57.0
2024-10-30 13:00:00,25.1,115.0
2024-10-30 14:00:00,25.9,43.0
2024-10-30 15:00:00,23.7,10.0
2024-10-30 16:00:00,24.9,0.0
2024-10-30 17:00:00,24.3,0.0
2024-10-30 18:00:00,24.5,0.0
2024-10-30 19:00:00,22.8,0.0
2024-10-30 20:00:00,22.2,0.0
2024-10-30 21:00:00,21.0,0.0
2024-10-30 22:00:00,19.2,0.0
2024-10-30 23:00:00,19.2,0.0
2024-10-31 00:00:00,17.5,0.0
2024-10-31 01:00:00,18.2,0.0
2024-10-31 02:00:00,17.1,0.0
2024-10-31 03:00:00,14.0,0.0
2024-10-31 04:00:00,12.6,0.0
2024-10-31 05:00:00,13.2,0.0
2024-10-31 06:00:00,13.8,4.0
2024-10-31 07:00:00,12.5,39.0
2024-10-31 08:00:00,12.9,86.0
2024-10-31 09:00:00,13.7,112.0
2024-10-31 10:00:00,13.7,81.0
2024-10-31 11:00:00,17.3,85.0
2024-10-31 12:00:00,18.5,41.0
2024-10-31 13:00:00,19.5,34.0
2024-10-31 14:00:00,20.9,13.0
2024-10-31 15:00:00,22.9,1.0
2024-10-31 16:00:00,22.6,0.0
2024-10-31 17:00:00,22.4,0.0
2024-10-31 18:00:00,23.4,0.0
2024-10-31 19:00:00,24.9,0.0
2024-10-31 20:00:00,26.5,0.0
2024-10-31 21:00:00,25.9,0.0
2024-10-31 22:00:00,26.6,0.0
2024-10-31 23:00:00,26.2,0.0
2024-11-01 00:00:00,27.7,0.0
2024-11-01 01:00:00,27.6,0.0
2024-11-01 02:00:00,27.7,0.0
2024-11-01 03:00:00,28.2,0.0
2024-11-01 04:00:00,28.1,0.0
2024-11-01 05:00:00,29.0,0.0
2024-11-01 06:00:00,31.8,2.0
2024-11-01 07:00:00,31.2,15.0
2024-11-01 08:00:00,29.9,31.0
2024-11-01 09:00:00,31.1,42.0
2024-11-01 10:00:00,32.1,40.0
2024-11-01 11:00:00,30.5,37.0
2024-11-01 12:00:00,32.4,48.0
2024-11-01 13:00:00,28.3,19.0
2024-11-01 14:00:00,30.6,17.0
2024-11-01 15:00:00,31.5,5.0
2024-11-01 16:00:00,29.2,0.0
2024-11-01 17:00:00,30.2,0.0
2024-11-01 18:00:00,31.6,0.0
2024-11-01 19:00:00,34.3,0.0
2024-11-01 20:00:00,27.1,0.0
2024-11-01 21:00:00,23.8,0.0
2024-11-01 22:00:00,23.9,0.0
2024-11-01 23:00:00,24.9,0.0
2024-11-02 00:00:00,22.9,0.0
2024-11-02 01:00:00,21.3,0.0
2024-11-02 02:00:00,22.9,0.0
2024-11-02 03:00:00,26.2,0.0
2024-11-02 04:00:00,27.3,0.0
2024-11-02 05:00:00,27.2,0.0
2024-11-02 06:00:00,25.8,8.0
2024-11-02 07:00:00,29.2,89.0
2024-11-02 08:00:00,27.8,184.0
2024-11-02 09:00:00,32.4,266.0
2024-11-02 10:00:00,37.7,289.0
2024-11-02 11:00:00,31.7,240.0
2024-11-02 12:00:00,31.2,194.0
2024-11-02 13:00:00,30.0,127.0
2024-11-02 14:00:00,26.0,56.0
2024-11-02 15:00:00,23.1,9.0
2024-11-02 16:00:00,23.3,0.0
2024-11-02 17:00:00,22.8,0.0
2024-11-02 18:00:00,22.0,0.0
2024-11-02 19:00:00,20.8,0.0
2024-11-02 20:00:00,20.1,0.0
2024-11-02 21:00:00,18.7,0.0
2024-11-02 22:00:00,16.3,0.0
2024-11-02 23:00:00,14.5,0.0
2024-11-03 00:00:00,14.2,0.0
2024-11-03 01:00:00,13.6,0.0
2024-11-03 02:00:00,14.2,0.0
2024-11-03 03:00:00,13.7,0.0
2024-11-03 04:00:00,13.7,0.0
2024-11-03 05:00:00,14.5,0.0
2024-11-03 06:00:00,14.9,6.0
2024-11-03 07:00:00,14.6,61.0
2024-11-03 08:00:00,16.2,120.0
2024-11-03 09:00:00,19.7,126.0
2024-11-03 10:00:00,20.5,66.0
2024-11-03 11:00:00,25.9,34.0
2024-11-03 12:00:00,24.1,30.0
2024-11-03 13:00:00,25.2,13.0
2024-11-03 14:00:00,26.9,7.0
2024-11-03 15:00:00,27.8,1.0
2024-11-03 16:00:00,28.5,0.0
2024-11-03 17:00:00,29.5,0.0
2024-11-03 18:00:00,29.7,0.0
2024-11-03 19:00:00,31.0,0.0
2024-11-03 20:00:00,30.4,0.0
2024-11-03 21:00:00,31.9,0.0
2024-11-03 22:00:00,34.6,0.0
2024-11-03 23:00:00,32.3,0.0
2024-11-04 00:00:00,28.6,0.0
2024-11-04 01:00:00,26.8,0.0
2024-11-04 02:00:00,24.6,0.0
2024-11-04 03:00:00,21.7,0.0
2024-11-04 04:00:00,21.5,0.0
2024-11-04 05:00:00,20.5,0.0
2024-11-04 06:00:00,19.2,6.0
2024-11-04 07:00:00,19.7,81.0
2024-11-04 08:00:00,18.4,177.0
2024-11-04 09:00:00,24.2,251.0
2024-11-04 10:00:00,24.7,200.0
2024-11-04 11:00:00,23.2,263.0
2024-11-04 12:00:00,21.5,251.0
2024-11-04 13:00:00,17.4,191.0
2024-11-04 14:00:00,14.7,91.0
2024-11-04 15:00:00,12.0,8.0
2024-11-04 16:00:00,8.8,0.0
2024-11-04 17:00:00,10.2,0.0
2024-11-04 18:00:00,10.3,0.0
2024-11-04 19:00:00,9.5,0.0
2024-11-04 20:00:00,10.4,0.0
2024-11-04 21:00:00,10.4,0.0
2024-11-04 22:00:00,11.4,0.0
2024-11-04 23:00:00,11.7,0.0
2024-11-05 00:00:00,10.9,0.0
2024-11-05 01:00:00,11.6,0.0
2024-11-05 02:00:00,12.1,0.0
2024-11-05 03:00:00,13.3,0.0
2024-11-05 04:00:00,16.2,0.0
2024-11-05 05:00:00,17.3,0.0
2024-11-05 06:00:00,17.7,1.0
2024-11-05 07:00:00,19.4,19.0
2024-11-05 08:00:00,20.9,154.0
2024-11-05 09:00:00,20.4,243.0
2024-11-05 10:00:00,20.4,244.0
2024-11-05 11:00:00,18.2,192.0
2024-11-05 12:00:00,18.7,184.0
2024-11-05 13:00:00,19.1,134.0
2024-11-05 14:00:00,17.7,72.0
2024-11-05 15:00:00,16.8,6.0
2024-11-05 16:00:00,17.0,0.0
2024-11-05 17:00:00,16.4,0.0
2024-11-05 18:00:00,16.2,0.0
2024-11-05 19:00:00,16.2,0.0
2024-11-05 20:00:00,16.5,0.0
2024-11-05 21:00:00,16.4,0.0
2024-11-05 22:00:00,16.1,0.0
2024-11-05 23:00:00,16.1,0.0
2024-11-06 00:00:00,15.3,0.0
2024-11-06 01:00:00,15.7,0.0
2024-11-06 02:00:00,14.6,0.0
2024-11-06 03:00:00,14.1,0.0
2024-11-06 04:00:00,13.3,0.0
2024-11-06 05:00:00,12.2,0.0
2024-11-06 06:00:00,11.7,2.0
2024-11-06 07:00:00,13.1,27.0
2024-11-06 08:00:00,15.5,58.0
2024-11-06 09:00:00,17.1,87.0
2024-11-06 10:00:00,17.5,95.0
2024-11-06 11:00:00,18.2,116.0
2024-11-06 12:00:00,18.9,106.0
2024-11-06 13:00:00,13.7,50.0
2024-11-06 14:00:00,13.2,22.0
2024-11-06 15:00:00,12.7,2.0
2024-11-06 16:00:00,13.1,0.0
2024-11-06 17:00:00,12.8,0.0
2024-11-06 18:00:00,12.5,0.0
2024-11-06 19:00:00,12.5,0.0
2024-11-06 20:00:00,12.3,0.0
2024-11-06 21:00:00,12.0,0.0
2024-11-06 22:00:00,11.7,0.0
2024-11-06 23:00:00,10.9,0.0
2024-11-07 00:00:00,11.2,0.0
2024-11-07 01:00:00,9.9,0.0
2024-11-07 02:00:00,10.0,0.0
2024-11-07 03:00:00,9.8,0.0
2024-11-07 04:00:00,10.7,0.0
2024-11-07 05:00:00,10.2,0.0
2024-11-07 06:00:00,10.5,1.0
2024-11-07 07:00:00,12.4,19.0
2024-11-07 08:00:00,11.9,32.0
2024-11-07 09:00:00,11.8,50.0
2024-11-07 10:00:00,12.5,62.0
2024-11-07 11:00:00,12.6,66.0
2024-11-07 12:00:00,13.2,84.0
2024-11-07 13:00:00,11.2,37.0
2024-11-07 14:00:00,10.8,16.0
2024-11-07 15:00:00,11.7,2.0
2024-11-07 16:00:00,12.0,0.0
2024-11-07 17:00:00,10.8,0.0
2024-11-07 18:00:00,9.8,0.0
2024-11-07 19:00:00,9.7,0.0
2024-11-07 20:00:00,9.4,0.0
2024-11-07 21:00:00,8.8,0.0
2024-11-07 22:00:00,8.4,0.0
2024-11-07 23:00:00,8.5,0.0
2024-11-08 00:00:00,8.0,0.0
2024-11-08 01:00:00,9.7,0.0
2024-11-08 02:00:00,10.1,0.0
2024-11-08 03:00:00,10.7,0.0
2024-11-08 04:00:00,13.2,0.0
2024-11-08 05:00:00,9.8,0.0
2024-11-08 06:00:00,8.8,1.0
2024-11-08 07:00:00,11.4,27.0
2024-11-08 08:00:00,10.9,73.0
2024-11-08 09:00:00,10.4,101.0
2024-11-08 10:00:00,10.2,123.0
2024-11-08 11:00:00,9.4,129.0
2024-11-08 12:00:00,8.6,117.0
2024-11-08 13:00:00,6.3,67.0
2024-11-08 14:00:00,5.4,33.0
2024-11-08 15:00:00,4.1,2.0
2024-11-08 16:00:00,3.8,0.0
2024-11-08 17:00:00,3.8,0.0
2024-11-08 18:00:00,3.3,0.0
2024-11-08 19:00:00,3.4,0.0
2024-11-08 20:00:00,3.6,0.0
2024-11-08 21:00:00,4.3,0.0
2024-11-08 22:00:00,5.1,0.0
2024-11-08 23:00:00,5.8,0.0
2024-11-09 00:00:00,6.4,0.0
2024-11-09 01:00:00,5.3,0.0
2024-11-09 02:00:00,4.3,0.0
2024-11-09 03:00:00,2.7,0.0
2024-11-09 04:00:00,3.8,0.0
2024-11-09 05:00:00,4.7,0.0
2024-11-09 06:00:00,6.5,1.0
2024-11-09 07:00:00,7.7,31.0
2024-11-09 08:00:00,9.0,75.0
2024-11-09 09:00:00,7.9,99.0
2024-11-09 10:00:00,6.7,122.0
2024-11-09 11:00:00,5.9,106.0
2024-11-09 12:00:00,5.6,116.0
2024-11-09 13:00:00,4.5,54.0
2024-11-09 14:00:00,4.9,30.0
2024-11-09 15:00:00,4.0,1.0
2024-11-09 16:00:00,3.1,0.0
2024-11-09 17:00:00,3.0,0.0
2024-11-09 18:00:00,2.5,0.0
2024-11-09 19:00:00,3.3,0.0
2024-11-09 20:00:00,2.7,0.0
2024-11-09 21:00:00,3.8,0.0
2024-11-09 22:00:00,3.9,0.0
2024-11-09 23:00:00,4.0,0.0
2024-11-10 00:00:00,4.2,0.0
2024-11-10 01:00:00,1.5,0.0
2024-11-10 02:00:00,2.2,0.0
2024-11-10 03:00:00,2.8,0.0
2024-11-10 04:00:00,2.5,0.0
2024-11-10 05:00:00,2.1,0.0
2024-11-10 06:00:00,2.2,1.0
2024-11-10 07:00:00,2.1,22.0
2024-11-10 08:00:00,1.9,54.0
2024-11-10 09:00:00,2.8,77.0
2024-11-10 10:00:00,3.5,91.0
2024-11-10 11:00:00,3.8,102.0
2024-11-10 12:00:00,3.8,77.0
2024-11-10 13:00:00,5.1,47.0
2024-11-10 14:00:00,5.3,19.0
2024-11-10 15:00:00,4.8,1.0
2024-11-10 16:00:00,6.3,0.0
2024-11-10 17:00:00,6.3,0.0
2024-11-10 18:00:00,5.2,0.0
2024-11-10 19:00:00,7.0,0.0
2024-11-10 20:00:00,8.3,0.0
2024-11-10 21:00:00,8.4,0.0
2024-11-10 22:00:00,7.9,0.0
2024-11-10 23:00:00,9.4,0.0
2024-11-11 00:00:00,8.3,0.0
2024-11-11 01:00:00,7.2,0.0
2024-11-11 02:00:00,8.5,0.0
2024-11-11 03:00:00,9.7,0.0
2024-11-11 04:00:00,9.7,0.0
2024-11-11 05:00:00,9.1,0.0
2024-11-11 06:00:00,8.2,0.0
2024-11-11 07:00:00,11.5,23.0
2024-11-11 08:00:00,11.4,61.0
2024-11-11 09:00:00,12.1,114.0
2024-11-11 10:00:00,11.4,114.0
2024-11-11 11:00:00,11.0,132.0
2024-11-11 12:00:00,9.9,95.0
2024-11-11 13:00:00,8.2,62.0
2024-11-11 14:00:00,7.3,22.0
2024-11-11 15:00:00,5.4,1.0
2024-11-11 16:00:00,5.2,0.0
2024-11-11 17:00:00,6.5,0.0
2024-11-11 18:00:00,8.0,0.0
2024-11-11 19:00:00,7.7,0.0
2024-11-11 20:00:00,7.6,0.0
2024-11-11 21:00:00,7.2,0.0
2024-11-11 22:00:00,7.1,0.0
2024-11-11 23:00:00,6.4,0.0
2024-11-12 00:00:00,5.8,0.0
2024-11-12 01:00:00,3.4,0.0
2024-11-12 02:00:00,1.8,0.0
2024-11-12 03:00:00,2.8,0.0
2024-11-12 04:00:00,3.8,0.0
2024-11-12 05:00:00,3.8,0.0
2024-11-12 06:00:00,3.7,0.0
2024-11-12 07:00:00,4.4,13.0
2024-11-12 08:00:00,4.4,47.0
2024-11-12 09:00:00,3.8,66.0
2024-11-12 10:00:00,3.8,86.0
2024-11-12 11:00:00,3.6,73.0
2024-11-12 12:00:00,3.1,63.0
2024-11-12 13:00:00,2.1,35.0
2024-11-12 14:00:00,2.3,19.0
2024-11-12 15:00:00,2.2,1.0
2024-11-12 16:00:00,2.6,0.0
2024-11-12 17:00:00,2.8,0.0
2024-11-12 18:00:00,3.5,0.0
2024-11-12 19:00:00,4.4,0.0
2024-11-12 20:00:00,4.4,0.0
2024-11-12 21:00:00,3.6,0.0
2024-11-12 22:00:00,2.9,0.0
2024-11-12 23:00:00,2.3,0.0
2024-11-13 00:00:00,1.8,0.0
2024-11-13 01:00:00,5.0,0.0
2024-11-13 02:00:00,4.7,0.0
2024-11-13 03:00:00,4.9,0.0
2024-11-13 04:00:00,5.2,0.0
2024-11-13 05:00:00,5.2,0.0
2024-11-13 06:00:00,5.3,0.0
2024-11-13 07:00:00,5.1,11.0
2024-11-13 08:00:00,4.8,34.0
2024-11-13 09:00:00,4.7,52.0
2024-11-13 10:00:00,3.7,70.0
2024-11-13 11:00:00,2.3,70.0
2024-11-13 12:00:00,2.5,80.0
2024-11-13 13:00:00,4.9,50.0
2024-11-13 14:00:00,4.6,20.0
2024-11-13 15:00:00,4.0,1.0
2024-11-13 16:00:00,4.2,0.0
2024-11-13 17:00:00,4.3,0.0
2024-11-13 18:00:00,4.6,0.0
2024-11-13 19:00:00,3.8,0.0
2024-11-13 20:00:00,2.8,0.0
2024-11-13 21:00:00,4.8,0.0
2024-11-13 22:00:00,6.1,0.0
2024-11-13 23:00:00,6.5,0.0
2024-11-14 00:00:00,7.1,0.0
2024-11-14 01:00:00,7.8,0.0
2024-11-14 02:00:00,7.7,0.0
2024-11-14 03:00:00,7.5,0.0
2024-11-14 04:00:00,7.7,0.0
2024-11-14 05:00:00,8.5,0.0
2024-11-14 06:00:00,9.5,0.0
2024-11-14 07:00:00,10.2,11.0
2024-11-14 08:00:00,11.9,38.0
2024-11-14 09:00:00,11.9,56.0
2024-11-14 10:00:00,12.0,71.0
2024-11-14 11:00:00,12.5,48.0
2024-11-14 12:00:00,12.4,30.0
2024-11-14 13:00:00,13.2,21.0
2024-11-14 14:00:00,14.4,6.0
2024-11-14 15:00:00,14.4,0.0
2024-11-14 16:00:00,14.4,0.0
2024-11-14 17:00:00,13.6,0.0
2024-11-14 18:00:00,11.7,0.0
2024-11-14 19:00:00,8.2,0.0
2024-11-14 20:00:00,9.6,0.0
2024-11-14 21:00:00,15.1,0.0
2024-11-14 22:00:00,12.2,0.0
2024-11-14 23:00:00,10.4,0.0
2024-11-15 00:00:00,11.3,0.0
2024-11-15 01:00:00,10.9,0.0
2024-11-15 02:00:00,11.6,0.0
2024-11-15 03:00:00,10.8,0.0
2024-11-15 04:00:00,9.9,0.0
2024-11-15 05:00:00,10.0,0.0
2024-11-15 06:00:00,8.9,0.0
2024-11-15 07:00:00,9.7,37.0
2024-11-15 08:00:00,9.2,128.0
2024-11-15 09:00:00,8.2,205.0
2024-11-15 10:00:00,9.1,245.0
2024-11-15 11:00:00,9.8,247.0
2024-11-15 12:00:00,11.5,214.0
2024-11-15 13:00:00,11.7,77.0
2024-11-15 14:00:00,10.8,21.0
2024-11-15 15:00:00,12.0,1.0
2024-11-15 16:00:00,13.2,0.0
2024-11-15 17:00:00,13.1,0.0
2024-11-15 18:00:00,13.7,0.0
2024-11-15 19:00:00,13.5,0.0
2024-11-15 20:00:00,15.2,0.0
2024-11-15 21:00:00,15.6,0.0
2024-11-15 22:00:00,15.9,0.0
2024-11-15 23:00:00,16.2,0.0
2024-11-16 00:00:00,16.5,0.0
2024-11-16 01:00:00,16.4,0.0
2024-11-16 02:00:00,16.4,0.0
2024-11-16 03:00:00,16.3,0.0
2024-11-16 04:00:00,16.6,0.0
2024-11-16 05:00:00,16.9,0.0
2024-11-16 06:00:00,16.7,0.0
2024-11-16 07:00:00,17.2,8.0
2024-11-16 08:00:00,17.3,20.0
2024-11-16 09:00:00,17.2,44.0
2024-11-16 10:00:00,18.0,50.0
2024-11-16 11:00:00,18.1,38.0
2024-11-16 12:00:00,17.7,40.0
2024-11-16 13:00:00,18.0,29.0
2024-11-16 14:00:00,17.4,11.0
2024-11-16 15:00:00,17.6,0.0
2024-11-16 16:00:00,17.3,0.0
2024-11-16 17:00:00,19.1,0.0
2024-11-16 18:00:00,18.0,0.0
2024-11-16 19:00:00,18.4,0.0
2024-11-16 20:00:00,17.5,0.0
2024-11-16 21:00:00,18.3,0.0
2024-11-16 22:00:00,18.1,0.0
2024-11-16 23:00:00,17.1,0.0
2024-11-17 00:00:00,15.5,0.0
2024-11-17 01:00:00,16.6,0.0
2024-11-17 02:00:00,16.8,0.0
2024-11-17 03:00:00,16.7,0.0
2024-11-17 04:00:00,16.4,0.0
2024-11-17 05:00:00,17.4,0.0
2024-11-17 06:00:00,17.5,0.0
2024-11-17 07:00:00,16.9,5.0
2024-11-17 08:00:00,17.5,13.0
2024-11-17 09:00:00,19.1,22.0
2024-11-17 10:00:00,19.4,34.0
2024-11-17 11:00:00,19.9,56.0
2024-11-17 12:00:00,18.4,34.0
2024-11-17 13:00:00,17.1,17.0
2024-11-17 14:00:00,18.9,5.0
2024-11-17 15:00:00,18.4,0.0
2024-11-17 16:00:00,18.3,0.0
2024-11-17 17:00:00,18.6,0.0
2024-11-17 18:00:00,18.3,0.0
2024-11-17 19:00:00,20.1,0.0
2024-11-17 20:00:00,20.3,0.0
2024-11-17 21:00:00,19.6,0.0
2024-11-17 22:00:00,18.1,0.0
2024-11-17 23:00:00,21.1,0.0
2024-11-18 00:00:00,19.1,0.0
2024-11-18 01:00:00,20.7,0.0
2024-11-18 02:00:00,21.5,0.0
2024-11-18 03:00:00,20.4,0.0
2024-11-18 04:00:00,20.7,0.0
2024-11-18 05:00:00,20.8,0.0
2024-11-18 06:00:00,20.3,0.0
2024-11-18 07:00:00,19.2,11.0
2024-11-18 08:00:00,21.0,36.0
2024-11-18 09:00:00,20.1,48.0
2024-11-18 10:00:00,19.6,42.0
2024-11-18 11:00:00,18.9,44.0
2024-11-18 12:00:00,18.8,64.0
2024-11-18 13:00:00,18.7,38.0
2024-11-18 14:00:00,16.8,20.0
2024-11-18 15:00:00,16.6,0.0
2024-11-18 16:00:00,16.9,0.0
2024-11-18 17:00:00,16.4,0.0
2024-11-18 18:00:00,16.1,0.0
2024-11-18 19:00:00,15.7,0.0
2024-11-18 20:00:00,15.3,0.0
2024-11-18 21:00:00,15.4,0.0
2024-11-18 22:00:00,14.8,0.0
2024-11-18 23:00:00,14.7,0.0
2024-11-19 00:00:00,16.1,0.0
2024-11-19 01:00:00,14.9,0.0
2024-11-19 02:00:00,13.1,0.0
2024-11-19 03:00:00,13.0,0.0
2024-11-19 04:00:00,14.3,0.0
2024-11-19 05:00:00,17.3,0.0
2024-11-19 06:00:00,16.3,0.0
2024-11-19 07:00:00,16.1,10.0
2024-11-19 08:00:00,17.4,29.0
2024-11-19 09:00:00,13.7,38.0
2024-11-19 10:00:00,18.8,80.0
2024-11-19 11:00:00,16.6,60.0
2024-11-19 12:00:00,17.8,101.0
2024-11-19 13:00:00,15.4,92.0
2024-11-19 14:00:00,13.7,25.0
2024-11-19 15:00:00,15.1,0.0
2024-11-19 16:00:00,16.2,0.0
2024-11-19 17:00:00,16.7,0.0
2024-11-19 18:00:00,17.8,0.0
2024-11-19 19:00:00,18.2,0.0
2024-11-19 20:00:00,21.9,0.0
2024-11-19 21:00:00,23.1,0.0
2024-11-19 22:00:00,22.5,0.0
2024-11-19 23:00:00,22.6,0.0
2024-11-20 00:00:00,24.9,0.0
2024-11-20 01:00:00,26.1,0.0
2024-11-20 02:00:00,28.1,0.0
2024-11-20 03:00:00,27.3,0.0
2024-11-20 04:00:00,26.5,0.0
2024-11-20 05:00:00,25.9,0.0
2024-11-20 06:00:00,26.9,0.0
2024-11-20 07:00:00,26.7,3.0
2024-11-20 08:00:00,25.8,13.0
2024-11-20 09:00:00,26.7,14.0
2024-11-20 10:00:00,22.3,15.0
2024-11-20 11:00:00,15.9,22.0
2024-11-20 12:00:00,14.6,29.0
2024-11-20 13:00:00,14.7,37.0
2024-11-20 14:00:00,15.3,15.0
2024-11-20 15:00:00,15.4,0.0
2024-11-20 16:00:00,14.3,0.0
2024-11-20 17:00:00,13.1,0.0
2024-11-20 18:00:00,12.5,0.0
2024-11-20 19:00:00,12.7,0.0
2024-11-20 20:00:00,13.6,0.0
2024-11-20 21:00:00,14.0,0.0
2024-11-20 22:00:00,14.5,0.0
2024-11-20 23:00:00,10.6,0.0
2024-11-21 00:00:00,15.5,0.0
2024-11-21 01:00:00,15.9,0.0
2024-11-21 02:00:00,18.6,0.0
2024-11-21 03:00:00,15.3,0.0
2024-11-21 04:00:00,12.9,0.0
2024-11-21 05:00:00,14.1,0.0
2024-11-21 06:00:00,14.8,0.0
2024-11-21 07:00:00,15.2,12.0
2024-11-21 08:00:00,18.5,43.0
2024-11-21 09:00:00,18.3,62.0
2024-11-21 10:00:00,16.8,77.0
2024-11-21 11:00:00,16.6,83.0
2024-11-21 12:00:00,16.3,81.0
2024-11-21 13:00:00,15.8,39.0
2024-11-21 14:00:00,14.8,31.0
2024-11-21 15:00:00,15.0,0.0
2024-11-21 16:00:00,14.6,0.0
2024-11-21 17:00:00,15.8,0.0
2024-11-21 18:00:00,18.1,0.0
2024-11-21 19:00:00,18.6,0.0
2024-11-21 20:00:00,19.0,0.0
2024-11-21 21:00:00,18.5,0.0
2024-11-21 22:00:00,17.3,0.0
2024-11-21 23:00:00,16.5,0.0
2024-11-22 00:00:00,18.6,0.0
2024-11-22 01:00:00,21.2,0.0
2024-11-22 02:00:00,18.4,0.0
2024-11-22 03:00:00,17.3,0.0
2024-11-22 04:00:00,18.9,0.0
2024-11-22 05:00:00,19.5,0.0
2024-11-22 06:00:00,20.6,0.0
2024-11-22 07:00:00,19.6,12.0
2024-11-22 08:00:00,15.9,62.0
2024-11-22 09:00:00,19.8,87.0
2024-11-22 10:00:00,19.7,61.0
2024-11-22 11:00:00,18.6,29.0
2024-11-22 12:00:00,17.0,51.0
2024-11-22 13:00:00,13.6,37.0
2024-11-22 14:00:00,10.5,8.0
2024-11-22 15:00:00,9.3,0.0
2024-11-22 16:00:00,8.0,0.0
2024-11-22 17:00:00,9.1,0.0
2024-11-22 18:00:00,7.9,0.0
2024-11-22 19:00:00,7.1,0.0
2024-11-22 20:00:00,7.6,0.0
2024-11-22 21:00:00,6.6,0.0
2024-11-22 22:00:00,6.7,0.0
2024-11-22 23:00:00,6.4,0.0
2024-11-23 00:00:00,3.8,0.0
2024-11-23 01:00:00,5.8,0.0
2024-11-23 02:00:00,9.4,0.0
2024-11-23 03:00:00,10.2,0.0
2024-11-23 04:00:00,10.6,0.0
2024-11-23 05:00:00,12.4,0.0
2024-11-23 06:00:00,13.0,0.0
2024-11-23 07:00:00,11.8,10.0
2024-11-23 08:00:00,14.8,35.0
2024-11-23 09:00:00,16.1,42.0
2024-11-23 10:00:00,21.8,150.0
2024-11-23 11:00:00,19.1,169.0
2024-11-23 12:00:00,18.1,169.0
2024-11-23 13:00:00,16.8,111.0
2024-11-23 14:00:00,15.4,31.0
2024-11-23 15:00:00,15.8,0.0
2024-11-23 16:00:00,14.6,0.0
2024-11-23 17:00:00,14.4,0.0
2024-11-23 18:00:00,15.1,0.0
2024-11-23 19:00:00,14.8,0.0
2024-11-23 20:00:00,16.0,0.0
2024-11-23 21:00:00,15.7,0.0
2024-11-23 22:00:00,15.8,0.0
2024-11-23 23:00:00,15.3,0.0
2024-11-24 00:00:00,14.4,0.0
2024-11-24 01:00:00,14.0,0.0
2024-11-24 02:00:00,14.6,0.0
2024-11-24 03:00:00,12.7,0.0
2024-11-24 04:00:00,12.0,0.0
2024-11-24 05:00:00,12.4,0.0
2024-11-24 06:00:00,12.4,0.0
2024-11-24 07:00:00,13.5,11.0
2024-11-24 08:00:00,13.7,52.0
2024-11-24 09:00:00,14.7,102.0
2024-11-24 10:00:00,14.9,136.0
2024-11-24 11:00:00,14.7,173.0
2024-11-24 12:00:00,15.2,170.0
2024-11-24 13:00:00,16.5,102.0
2024-11-24 14:00:00,16.8,30.0
2024-11-24 15:00:00,18.5,0.0
2024-11-24 16:00:00,19.5,0.0
2024-11-24 17:00:00,20.1,0.0
2024-11-24 18:00:00,19.7,0.0
2024-11-24 19:00:00,19.6,0.0
2024-11-24 20:00:00,19.9,0.0
2024-11-24 21:00:00,20.6,0.0
2024-11-24 22:00:00,20.8,0.0
2024-11-24 23:00:00,20.8,0.0
2024-11-25 00:00:00,21.1,0.0
2024-11-25 01:00:00,22.3,0.0
2024-11-25 02:00:00,22.7,0.0
2024-11-25 03:00:00,22.9,0.0
2024-11-25 04:00:00,21.4,0.0
2024-11-25 05:00:00,21.3,0.0
2024-11-25 06:00:00,21.6,0.0
2024-11-25 07:00:00,20.5,9.0
2024-11-25 08:00:00,21.2,74.0
2024-11-25 09:00:00,17.1,143.0
2024-11-25 10:00:00,16.7,198.0
2024-11-25 11:00:00,15.7,201.0
2024-11-25 12:00:00,23.3,168.0
2024-11-25 13:00:00,21.1,100.0
2024-11-25 14:00:00,21.2,28.0
2024-11-25 15:00:00,21.6,0.0
2024-11-25 16:00:00,21.6,0.0
2024-11-25 17:00:00,22.0,0.0
2024-11-25 18:00:00,22.3,0.0
2024-11-25 19:00:00,21.6,0.0
2024-11-25 20:00:00,21.6,0.0
2024-11-25 21:00:00,21.8,0.0
2024-11-25 22:00:00,21.6,0.0
2024-11-25 23:00:00,21.4,0.0
2024-11-26 00:00:00,20.9,0.0
2024-11-26 01:00:00,20.7,0.0
2024-11-26 02:00:00,20.2,0.0
2024-11-26 03:00:00,20.5,0.0
2024-11-26 04:00:00,20.2,0.0
2024-11-26 05:00:00,19.8,0.0
2024-11-26 06:00:00,19.4,0.0
2024-11-26 07:00:00,18.5,15.0
2024-11-26 08:00:00,16.2,80.0
2024-11-26 09:00:00,14.4,134.0
2024-11-26 10:00:00,13.5,196.0
2024-11-26 11:00:00,12.6,202.0
2024-11-26 12:00:00,13.1,173.0
2024-11-26 13:00:00,12.2,104.0
2024-11-26 14:00:00,11.7,27.0
2024-11-26 15:00:00,11.4,0.0
2024-11-26 16:00:00,10.7,0.0
2024-11-26 17:00:00,10.7,0.0
2024-11-26 18:00:00,10.1,0.0
2024-11-26 19:00:00,9.4,0.0
2024-11-26 20:00:00,7.9,0.0
2024-11-26 21:00:00,7.0,0.0
2024-11-26 22:00:00,6.1,0.0
2024-11-26 23:00:00,8.1,0.0
2024-11-27 00:00:00,7.6,0.0
2024-11-27 01:00:00,4.1,0.0
2024-11-27 02:00:00,0.6,0.0
2024-11-27 03:00:00,5.2,0.0
2024-11-27 04:00:00,7.7,0.0
2024-11-27 05:00:00,8.0,0.0
2024-11-27 06:00:00,7.6,0.0
2024-11-27 07:00:00,9.5,4.0
2024-11-27 08:00:00,11.0,19.0
2024-11-27 09:00:00,9.4,39.0
2024-11-27 10:00:00,10.1,61.0
2024-11-27 11:00:00,10.0,70.0
2024-11-27 12:00:00,9.6,68.0
2024-11-27 13:00:00,7.5,64.0
2024-11-27 14:00:00,8.8,18.0
2024-11-27 15:00:00,9.5,0.0
2024-11-27 16:00:00,10.1,0.0
2024-11-27 17:00:00,10.1,0.0
2024-11-27 18:00:00,9.7,0.0
2024-11-27 19:00:00,10.2,0.0
2024-11-27 20:00:00,6.4,0.0
2024-11-27 21:00:00,3.3,0.0
2024-11-27 22:00:00,4.1,0.0
2024-11-27 23:00:00,6.2,0.0
2024-11-28 00:00:00,7.3,0.0
2024-11-28 01:00:00,7.0,0.0
2024-11-28 02:00:00,10.0,0.0
2024-11-28 03:00:00,11.9,0.0
2024-11-28 04:00:00,12.3,0.0
2024-11-28 05:00:00,12.0,0.0
2024-11-28 06:00:00,14.6,0.0
2024-11-28 07:00:00,17.2,3.0
2024-11-28 08:00:00,16.1,22.0
2024-11-28 09:00:00,16.1,41.0
2024-11-28 10:00:00,16.1,39.0
2024-11-28 11:00:00,14.6,42.0
2024-11-28 12:00:00,15.5,27.0
2024-11-28 13:00:00,18.9,18.0
2024-11-28 14:00:00,17.7,5.0
2024-11-28 15:00:00,17.4,0.0
2024-11-28 16:00:00,16.3,0.0
2024-11-28 17:00:00,15.9,0.0
2024-11-28 18:00:00,14.6,0.0
2024-11-28 19:00:00,14.4,0.0
2024-11-28 20:00:00,13.0,0.0
2024-11-28 21:00:00,12.4,0.0
2024-11-28 22:00:00,10.7,0.0
2024-11-28 23:00:00,10.3,0.0
2024-11-29 00:00:00,10.0,0.0
2024-11-29 01:00:00,8.9,0.0
2024-11-29 02:00:00,9.0,0.0
2024-11-29 03:00:00,8.3,0.0
2024-11-29 04:00:00,8.6,0.0
2024-11-29 05:00:00,9.9,0.0
2024-11-29 06:00:00,10.5,0.0
2024-11-29 07:00:00,9.4,3.0
2024-11-29 08:00:00,10.7,45.0
2024-11-29 09:00:00,10.2,62.0
2024-11-29 10:00:00,9.8,73.0
2024-11-29 11:00:00,8.7,71.0
2024-11-29 12:00:00,7.3,45.0
2024-11-29 13:00:00,6.5,31.0
2024-11-29 14:00:00,5.4,6.0
2024-11-29 15:00:00,4.9,0.0
2024-11-29 16:00:00,4.4,0.0
2024-11-29 17:00:00,3.5,0.0
2024-11-29 18:00:00,1.0,0.0
2024-11-29 19:00:00,1.8,0.0
2024-11-29 20:00:00,2.3,0.0
2024-11-29 21:00:00,4.2,0.0
2024-11-29 22:00:00,4.7,0.0
2024-11-29 23:00:00,5.1,0.0
2024-11-30 00:00:00,5.8,0.0
2024-11-30 01:00:00,6.3,0.0
2024-11-30 02:00:00,6.4,0.0
2024-11-30 03:00:00,6.4,0.0
2024-11-30 04:00:00,7.2,0.0
2024-11-30 05:00:00,8.6,0.0
2024-11-30 06:00:00,9.2,0.0
2024-11-30 07:00:00,9.7,5.0
2024-11-30 08:00:00,9.1,20.0
2024-11-30 09:00:00,9.8,50.0
2024-11-30 10:00:00,9.9,51.0
2024-11-30 11:00:00,11.3,91.0
2024-11-30 12:00:00,10.1,60.0
2024-11-30 13:00:00,10.2,32.0
2024-11-30 14:00:00,9.7,6.0
2024-11-30 15:00:00,11.5,0.0
2024-11-30 16:00:00,11.5,0.0
2024-11-30 17:00:00,12.4,0.0
2024-11-30 18:00:00,12.2,0.0
2024-11-30 19:00:00,12.0,0.0
2024-11-30 20:00:00,11.6,0.0
2024-11-30 21:00:00,11.3,0.0
2024-11-30 22:00:00,12.1,0.0
2024-11-30 23:00:00,13.0,0.0
2024-12-01 00:00:00,13.1,0.0
2024-12-01 01:00:00,13.2,0.0
2024-12-01 02:00:00,12.4,0.0
2024-12-01 03:00:00,12.0,0.0
2024-12-01 04:00:00,12.2,0.0
2024-12-01 05:00:00,11.4,0.0
2024-12-01 06:00:00,10.9,0.0
2024-12-01 07:00:00,12.0,8.0
2024-12-01 08:00:00,10.4,68.0
2024-12-01 09:00:00,11.0,119.0
2024-12-01 10:00:00,11.6,130.0
2024-12-01 11:00:00,10.3,131.0
2024-12-01 12:00:00,9.9,114.0
2024-12-01 13:00:00,11.2,57.0
2024-12-01 14:00:00,9.7,14.0
2024-12-01 15:00:00,10.2,0.0
2024-12-01 16:00:00,10.6,0.0
2024-12-01 17:00:00,9.9,0.0
2024-12-01 18:00:00,9.7,0.0
2024-12-01 19:00:00,9.8,0.0
2024-12-01 20:00:00,10.3,0.0
2024-12-01 21:00:00,12.1,0.0
2024-12-01 22:00:00,12.5,0.0
2024-12-01 23:00:00,12.5,0.0
2024-12-02 00:00:00,12.6,0.0
2024-12-02 01:00:00,12.5,0.0
2024-12-02 02:00:00,12.5,0.0
2024-12-02 03:00:00,12.1,0.0
2024-12-02 04:00:00,13.8,0.0
2024-12-02 05:00:00,13.9,0.0
2024-12-02 06:00:00,13.3,0.0
2024-12-02 07:00:00,14.5,4.0
2024-12-02 08:00:00,18.3,33.0
2024-12-02 09:00:00,18.6,71.0
2024-12-02 10:00:00,17.3,84.0
2024-12-02 11:00:00,18.1,106.0
2024-12-02 12:00:00,17.1,105.0
2024-12-02 13:00:00,14.7,37.0
2024-12-02 14:00:00,15.7,8.0
2024-12-02 15:00:00,17.4,0.0
2024-12-02 16:00:00,17.4,0.0
2024-12-02 17:00:00,17.3,0.0
2024-12-02 18:00:00,16.6,0.0
2024-12-02 19:00:00,16.6,0.0
2024-12-02 20:00:00,16.5,0.0
2024-12-02 21:00:00,16.2,0.0
2024-12-02 22:00:00,15.4,0.0
2024-12-02 23:00:00,15.3,0.0
2024-12-03 00:00:00,15.1,0.0
2024-12-03 01:00:00,15.9,0.0
2024-12-03 02:00:00,15.6,0.0
2024-12-03 03:00:00,15.6,0.0
2024-12-03 04:00:00,15.4,0.0
2024-12-03 05:00:00,15.2,0.0
2024-12-03 06:00:00,14.7,0.0
2024-12-03 07:00:00,14.3,2.0
2024-12-03 08:00:00,13.5,18.0
2024-12-03 09:00:00,12.9,31.0
2024-12-03 10:00:00,13.3,32.0
2024-12-03 11:00:00,13.5,22.0
2024-12-03 12:00:00,13.7,23.0
2024-12-03 13:00:00,14.6,17.0
2024-12-03 14:00:00,14.0,4.0
2024-12-03 15:00:00,13.7,0.0
2024-12-03 16:00:00,13.1,0.0
2024-12-03 17:00:00,12.3,0.0
2024-12-03 18:00:00,12.2,0.0
2024-12-03 19:00:00,11.8,0.0
2024-12-03 20:00:00,10.6,0.0
2024-12-03 21:00:00,10.1,0.0
2024-12-03 22:00:00,8.5,0.0
2024-12-03 23:00:00,8.3,0.0
2024-12-04 00:00:00,6.2,0.0
2024-12-04 01:00:00,4.4,0.0
2024-12-04 02:00:00,3.4,0.0
2024-12-04 03:00:00,2.7,0.0
2024-12-04 04:00:00,3.5,0.0
2024-12-04 05:00:00,4.4,0.0
2024-12-04 06:00:00,4.8,0.0
2024-12-04 07:00:00,6.0,1.0
2024-12-04 08:00:00,6.8,8.0
2024-12-04 09:00:00,7.9,16.0
2024-12-04 10:00:00,9.0,28.0
2024-12-04 11:00:00,8.5,24.0
2024-12-04 12:00:00,8.0,22.0
2024-12-04 13:00:00,7.7,11.0
2024-12-04 14:00:00,8.9,3.0
2024-12-04 15:00:00,10.0,0.0
2024-12-04 16:00:00,11.1,0.0
2024-12-04 17:00:00,11.5,0.0
2024-12-04 18:00:00,11.5,0.0
2024-12-04 19:00:00,10.8,0.0
2024-12-04 20:00:00,10.7,0.0
2024-12-04 21:00:00,10.6,0.0
2024-12-04 22:00:00,9.6,0.0
2024-12-04 23:00:00,9.2,0.0
2024-12-05 00:00:00,9.4,0.0
2024-12-05 01:00:00,8.7,0.0
2024-12-05 02:00:00,9.8,0.0
2024-12-05 03:00:00,11.3,0.0
2024-12-05 04:00:00,11.1,0.0
2024-12-05 05:00:00,10.7,0.0
2024-12-05 06:00:00,11.3,0.0
2024-12-05 07:00:00,10.9,2.0
2024-12-05 08:00:00,11.4,17.0
2024-12-05 09:00:00,11.3,36.0
2024-12-05 10:00:00,10.6,36.0
2024-12-05 11:00:00,11.5,47.0
2024-12-05 12:00:00,11.3,46.0
2024-12-05 13:00:00,11.3,28.0
2024-12-05 14:00:00,11.0,5.0
2024-12-05 15:00:00,11.9,0.0
2024-12-05 16:00:00,11.9,0.0
2024-12-05 17:00:00,11.9,0.0
2024-12-05 18:00:00,12.7,0.0
2024-12-05 19:00:00,12.5,0.0
2024-12-05 20:00:00,13.1,0.0
2024-12-05 21:00:00,13.0,0.0
2024-12-05 22:00:00,12.6,0.0
2024-12-05 23:00:00,12.8,0.0
2024-12-06 00:00:00,13.1,0.0
2024-12-06 01:00:00,12.8,0.0
2024-12-06 02:00:00,13.7,0.0
2024-12-06 03:00:00,15.3,0.0
2024-12-06 04:00:00,15.9,0.0
2024-12-06 05:00:00,15.9,0.0
2024-12-06 06:00:00,15.5,0.0
2024-12-06 07:00:00,15.2,2.0
2024-12-06 08:00:00,17.8,21.0
2024-12-06 09:00:00,18.7,34.0
2024-12-06 10:00:00,18.9,59.0
2024-12-06 11:00:00,17.9,48.0
2024-12-06 12:00:00,17.2,44.0
2024-12-06 13:00:00,16.6,23.0
2024-12-06 14:00:00,14.0,6.0
2024-12-06 15:00:00,14.1,0.0
2024-12-06 16:00:00,14.4,0.0
2024-12-06 17:00:00,14.5,0.0
2024-12-06 18:00:00,14.7,0.0
2024-12-06 19:00:00,14.8,0.0
2024-12-06 20:00:00,14.3,0.0
2024-12-06 21:00:00,13.0,0.0
2024-12-06 22:00:00,12.0,0.0
2024-12-06 23:00:00,11.3,0.0
2024-12-07 00:00:00,11.4,0.0
2024-12-07 01:00:00,10.7,0.0
2024-12-07 02:00:00,11.4,0.0
2024-12-07 03:00:00,11.9,0.0
2024-12-07 04:00:00,12.7,0.0
2024-12-07 05:00:00,14.3,0.0
2024-12-07 06:00:00,12.4,0.0
2024-12-07 07:00:00,11.7,2.0
2024-12-07 08:00:00,9.8,22.0
2024-12-07 09:00:00,13.2,40.0
2024-12-07 10:00:00,12.4,59.0
2024-12-07 11:00:00,11.8,39.0
2024-12-07 12:00:00,12.2,40.0
2024-12-07 13:00:00,12.0,32.0
2024-12-07 14:00:00,12.1,8.0
2024-12-07 15:00:00,11.7,0.0
2024-12-07 16:00:00,11.8,0.0
2024-12-07 17:00:00,12.1,0.0
2024-12-07 18:00:00,12.4,0.0
2024-12-07 19:00:00,11.2,0.0
2024-12-07 20:00:00,9.9,0.0
2024-12-07 21:00:00,9.2,0.0
2024-12-07 22:00:00,10.0,0.0
2024-12-07 23:00:00,11.5,0.0
2024-12-08 00:00:00,12.6,0.0
2024-12-08 01:00:00,13.5,0.0
2024-12-08 02:00:00,12.8,0.0
2024-12-08 03:00:00,12.8,0.0
2024-12-08 04:00:00,13.0,0.0
2024-12-08 05:00:00,13.0,0.0
2024-12-08 06:00:00,12.9,0.0
2024-12-08 07:00:00,12.5,2.0
2024-12-08 08:00:00,11.6,22.0
2024-12-08 09:00:00,11.3,30.0
2024-12-08 10:00:00,11.2,17.0
2024-12-08 11:00:00,11.2,21.0
2024-12-08 12:00:00,11.0,16.0
2024-12-08 13:00:00,11.8,7.0
2024-12-08 14:00:00,12.0,2.0
2024-12-08 15:00:00,10.3,0.0
2024-12-08 16:00:00,10.7,0.0
2024-12-08 17:00:00,11.5,0.0
2024-12-08 18:00:00,10.9,0.0
2024-12-08 19:00:00,11.0,0.0
2024-12-08 20:00:00,11.2,0.0
2024-12-08 21:00:00,10.6,0.0
2024-12-08 22:00:00,10.0,0.0
2024-12-08 23:00:00,9.5,0.0
2024-12-09 00:00:00,9.6,0.0
2024-12-09 01:00:00,9.4,0.0
2024-12-09 02:00:00,9.3,0.0
2024-12-09 03:00:00,10.0,0.0
2024-12-09 04:00:00,10.9,0.0
2024-12-09 05:00:00,10.3,0.0
2024-12-09 06:00:00,9.8,0.0
2024-12-09 07:00:00,11.0,1.0
2024-12-09 08:00:00,11.5,20.0
2024-12-09 09:00:00,11.2,39.0
2024-12-09 10:00:00,12.1,54.0
2024-12-09 11:00:00,11.6,60.0
2024-12-09 12:00:00,12.2,43.0
2024-12-09 13:00:00,14.2,33.0
2024-12-09 14:00:00,11.1,4.0
2024-12-09 15:00:00,12.4,0.0
2024-12-09 16:00:00,13.2,0.0
2024-12-09 17:00:00,13.2,0.0
2024-12-09 18:00:00,13.0,0.0
2024-12-09 19:00:00,13.0,0.0
2024-12-09 20:00:00,12.7,0.0
2024-12-09 21:00:00,13.9,0.0
2024-12-09 22:00:00,13.7,0.0
2024-12-09 23:00:00,13.1,0.0
2024-12-10 00:00:00,12.5,0.0
2024-12-10 01:00:00,13.4,0.0
2024-12-10 02:00:00,12.7,0.0
2024-12-10 03:00:00,11.5,0.0
2024-12-10 04:00:00,11.3,0.0
2024-12-10 05:00:00,11.6,0.0
2024-12-10 06:00:00,11.5,0.0
2024-12-10 07:00:00,10.1,1.0
2024-12-10 08:00:00,11.2,23.0
2024-12-10 09:00:00,10.8,53.0
2024-12-10 10:00:00,9.3,77.0
2024-12-10 11:00:00,9.2,85.0
2024-12-10 12:00:00,9.8,74.0
2024-12-10 13:00:00,8.2,27.0
2024-12-10 14:00:00,6.3,6.0
2024-12-10 15:00:00,4.7,0.0
2024-12-10 16:00:00,4.6,0.0
2024-12-10 17:00:00,4.7,0.0
2024-12-10 18:00:00,5.8,0.0
2024-12-10 19:00:00,5.0,0.0
2024-12-10 20:00:00,4.4,0.0
2024-12-10 21:00:00,4.9,0.0
2024-12-10 22:00:00,5.1,0.0
2024-12-10 23:00:00,6.4,0.0
2024-12-11 00:00:00,7.0,0.0
2024-12-11 01:00:00,6.9,0.0
2024-12-11 02:00:00,6.4,0.0
2024-12-11 03:00:00,6.0,0.0
2024-12-11 04:00:00,5.9,0.0
2024-12-11 05:00:00,6.5,0.0
2024-12-11 06:00:00,5.9,0.0
2024-12-11 07:00:00,6.8,1.0
2024-12-11 08:00:00,7.2,20.0
2024-12-11 09:00:00,7.8,29.0
2024-12-11 10:00:00,6.9,22.0
2024-12-11 11:00:00,9.6,39.0
2024-12-11 12:00:00,11.4,49.0
2024-12-11 13:00:00,12.3,40.0
2024-12-11 14:00:00,9.5,8.0
2024-12-11 15:00:00,9.9,0.0
2024-12-11 16:00:00,10.0,0.0
2024-12-11 17:00:00,9.9,0.0
2024-12-11 18:00:00,10.1,0.0
2024-12-11 19:00:00,10.5,0.0
2024-12-11 20:00:00,9.9,0.0
2024-12-11 21:00:00,10.9,0.0
2024-12-11 22:00:00,10.8,0.0
2024-12-11 23:00:00,11.9,0.0
2024-12-12 00:00:00,11.3,0.0
2024-12-12 01:00:00,10.6,0.0
2024-12-12 02:00:00,10.4,0.0
2024-12-12 03:00:00,10.6,0.0
2024-12-12 04:00:00,11.1,0.0
2024-12-12 05:00:00,10.5,0.0
2024-12-12 06:00:00,10.6,0.0
2024-12-12 07:00:00,10.7,2.0
2024-12-12 08:00:00,12.5,34.0
2024-12-12 09:00:00,12.0,78.0
2024-12-12 10:00:00,12.6,103.0
2024-12-12 11:00:00,14.7,73.0
2024-12-12 12:00:00,22.9,76.0
2024-12-12 13:00:00,20.0,21.0
2024-12-12 14:00:00,20.4,5.0
2024-12-12 15:00:00,20.8,0.0
2024-12-12 16:00:00,20.9,0.0
2024-12-12 17:00:00,25.0,0.0
2024-12-12 18:00:00,22.2,0.0
2024-12-12 19:00:00,19.1,0.0
2024-12-12 20:00:00,17.1,0.0
2024-12-12 21:00:00,16.3,0.0
2024-12-12 22:00:00,15.4,0.0
2024-12-12 23:00:00,14.5,0.0
2024-12-13 00:00:00,13.5,0.0
2024-12-13 01:00:00,13.9,0.0
2024-12-13 02:00:00,14.1,0.0
2024-12-13 03:00:00,14.2,0.0
2024-12-13 04:00:00,14.1,0.0
2024-12-13 05:00:00,13.5,0.0
2024-12-13 06:00:00,11.8,0.0
2024-12-13 07:00:00,10.9,3.0
2024-12-13 08:00:00,9.0,55.0
2024-12-13 09:00:00,10.1,127.0
2024-12-13 10:00:00,10.1,174.0
2024-12-13 11:00:00,10.0,182.0
2024-12-13 12:00:00,10.1,151.0
2024-12-13 13:00:00,9.7,88.0
2024-12-13 14:00:00,10.1,17.0
2024-12-13 15:00:00,11.7,0.0
2024-12-13 16:00:00,12.1,0.0
2024-12-13 17:00:00,12.1,0.0
2024-12-13 18:00:00,12.9,0.0
2024-12-13 19:00:00,13.5,0.0
2024-12-13 20:00:00,14.8,0.0
2024-12-13 21:00:00,15.7,0.0
2024-12-13 22:00:00,12.6,0.0
2024-12-13 23:00:00,12.4,0.0
2024-12-14 00:00:00,11.9,0.0
2024-12-14 01:00:00,11.4,0.0
2024-12-14 02:00:00,12.7,0.0
2024-12-14 03:00:00,13.6,0.0
2024-12-14 04:00:00,13.3,0.0
2024-12-14 05:00:00,13.4,0.0
2024-12-14 06:00:00,18.5,0.0
2024-12-14 07:00:00,16.8,1.0
2024-12-14 08:00:00,16.0,27.0
2024-12-14 09:00:00,16.5,95.0
2024-12-14 10:00:00,17.0,161.0
2024-12-14 11:00:00,16.8,180.0
2024-12-14 12:00:00,17.3,134.0
2024-12-14 13:00:00,18.9,40.0
2024-12-14 14:00:00,17.8,6.0
2024-12-14 15:00:00,18.0,0.0
2024-12-14 16:00:00,17.5,0.0
2024-12-14 17:00:00,14.4,0.0
2024-12-14 18:00:00,13.5,0.0
2024-12-14 19:00:00,17.4,0.0
2024-12-14 20:00:00,16.2,0.0
2024-12-14 21:00:00,16.8,0.0
2024-12-14 22:00:00,17.4,0.0
2024-12-14 23:00:00,17.2,0.0
2024-12-15 00:00:00,17.3,0.0
2024-12-15 01:00:00,18.4,0.0
2024-12-15 02:00:00,18.6,0.0
2024-12-15 03:00:00,18.9,0.0
2024-12-15 04:00:00,18.9,0.0
2024-12-15 05:00:00,18.5,0.0
2024-12-15 06:00:00,17.6,0.0
2024-12-15 07:00:00,17.6,1.0
2024-12-15 08:00:00,21.0,36.0
2024-12-15 09:00:00,19.9,101.0
2024-12-15 10:00:00,19.5,158.0
2024-12-15 11:00:00,22.1,86.0
2024-12-15 12:00:00,22.1,44.0
2024-12-15 13:00:00,22.1,42.0
2024-12-15 14:00:00,22.9,11.0
2024-12-15 15:00:00,23.4,0.0
2024-12-15 16:00:00,22.2,0.0
2024-12-15 17:00:00,20.8,0.0
2024-12-15 18:00:00,19.0,0.0
2024-12-15 19:00:00,18.0,0.0
2024-12-15 20:00:00,17.7,0.0
2024-12-15 21:00:00,15.3,0.0
2024-12-15 22:00:00,12.3,0.0
2024-12-15 23:00:00,14.0,0.0
2024-12-16 00:00:00,16.6,0.0
2024-12-16 01:00:00,18.9,0.0
2024-12-16 02:00:00,21.7,0.0
2024-12-16 03:00:00,24.2,0.0
2024-12-16 04:00:00,25.4,0.0
2024-12-16 05:00:00,26.3,0.0
2024-12-16 06:00:00,30.3,0.0
2024-12-16 07:00:00,36.7,0.0
2024-12-16 08:00:00,39.5,5.0
2024-12-16 09:00:00,36.1,32.0
2024-12-16 10:00:00,31.0,31.0
2024-12-16 11:00:00,27.9,64.0
2024-12-16 12:00:00,25.7,88.0
2024-12-16 13:00:00,27.7,78.0
2024-12-16 14:00:00,24.5,13.0
2024-12-16 15:00:00,23.2,0.0
2024-12-16 16:00:00,23.7,0.0
2024-12-16 17:00:00,23.6,0.0
2024-12-16 18:00:00,23.1,0.0
2024-12-16 19:00:00,21.6,0.0
2024-12-16 20:00:00,21.3,0.0
2024-12-16 21:00:00,21.0,0.0
2024-12-16 22:00:00,19.4,0.0
2024-12-16 23:00:00,18.6,0.0
2024-12-17 00:00:00,20.1,0.0
2024-12-17 01:00:00,24.5,0.0
2024-12-17 02:00:00,23.2,0.0
2024-12-17 03:00:00,21.3,0.0
2024-12-17 04:00:00,20.8,0.0
2024-12-17 05:00:00,25.1,0.0
2024-12-17 06:00:00,24.1,0.0
2024-12-17 07:00:00,22.3,1.0
2024-12-17 08:00:00,22.1,32.0
2024-12-17 09:00:00,23.8,80.0
2024-12-17 10:00:00,24.5,104.0
2024-12-17 11:00:00,19.3,166.0
2024-12-17 12:00:00,24.7,143.0
2024-12-17 13:00:00,24.4,81.0
2024-12-17 14:00:00,22.3,17.0
2024-12-17 15:00:00,23.2,0.0
2024-12-17 16:00:00,22.0,0.0
2024-12-17 17:00:00,21.8,0.0
2024-12-17 18:00:00,21.0,0.0
2024-12-17 19:00:00,20.2,0.0
2024-12-17 20:00:00,19.8,0.0
2024-12-17 21:00:00,19.0,0.0
2024-12-17 22:00:00,19.1,0.0
2024-12-17 23:00:00,18.4,0.0
2024-12-18 00:00:00,17.2,0.0
2024-12-18 01:00:00,16.4,0.0
2024-12-18 02:00:00,15.3,0.0
2024-12-18 03:00:00,14.9,0.0
2024-12-18 04:00:00,13.7,0.0
2024-12-18 05:00:00,12.8,0.0
2024-12-18 06:00:00,11.1,0.0
2024-12-18 07:00:00,8.8,1.0
2024-12-18 08:00:00,7.4,45.0
2024-12-18 09:00:00,3.3,118.0
2024-12-18 10:00:00,3.8,147.0
2024-12-18 11:00:00,7.8,134.0
2024-12-18 12:00:00,11.0,58.0
2024-12-18 13:00:00,11.0,37.0
2024-12-18 14:00:00,11.4,3.0
2024-12-18 15:00:00,12.4,0.0
2024-12-18 16:00:00,13.7,0.0
2024-12-18 17:00:00,15.1,0.0
2024-12-18 18:00:00,15.2,0.0
2024-12-18 19:00:00,16.1,0.0
2024-12-18 20:00:00,17.5,0.0
2024-12-18 21:00:00,20.4,0.0
2024-12-18 22:00:00,20.3,0.0
2024-12-18 23:00:00,19.2,0.0
2024-12-19 00:00:00,18.2,0.0
2024-12-19 01:00:00,17.3,0.0
2024-12-19 02:00:00,17.4,0.0
2024-12-19 03:00:00,18.6,0.0
2024-12-19 04:00:00,18.9,0.0
2024-12-19 05:00:00,20.2,0.0
2024-12-19 06:00:00,20.1,0.0
2024-12-19 07:00:00,17.8,0.0
2024-12-19 08:00:00,18.0,9.0
2024-12-19 09:00:00,17.4,51.0
2024-12-19 10:00:00,16.9,38.0
2024-12-19 11:00:00,16.0,51.0
2024-12-19 12:00:00,15.8,40.0
2024-12-19 13:00:00,18.2,28.0
2024-12-19 14:00:00,18.9,6.0
2024-12-19 15:00:00,20.4,0.0
2024-12-19 16:00:00,20.6,0.0
2024-12-19 17:00:00,20.4,0.0
2024-12-19 18:00:00,19.5,0.0
2024-12-19 19:00:00,19.1,0.0
2024-12-19 20:00:00,19.8,0.0
2024-12-19 21:00:00,19.4,0.0
2024-12-19 22:00:00,18.7,0.0
2024-12-19 23:00:00,17.8,0.0
2024-12-20 00:00:00,18.2,0.0
2024-12-20 01:00:00,18.4,0.0
2024-12-20 02:00:00,18.7,0.0
2024-12-20 03:00:00,17.4,0.0
2024-12-20 04:00:00,16.2,0.0
2024-12-20 05:00:00,16.0,0.0
2024-12-20 06:00:00,17.7,0.0
2024-12-20 07:00:00,13.3,0.0
2024-12-20 08:00:00,14.6,8.0
2024-12-20 09:00:00,16.3,52.0
2024-12-20 10:00:00,19.8,57.0
2024-12-20 11:00:00,20.6,63.0
2024-12-20 12:00:00,19.3,51.0
2024-12-20 13:00:00,19.9,51.0
2024-12-20 14:00:00,21.1,7.0
2024-12-20 15:00:00,19.0,0.0
2024-12-20 16:00:00,16.5,0.0
2024-12-20 17:00:00,16.5,0.0
2024-12-20 18:00:00,18.5,0.0
2024-12-20 19:00:00,18.9,0.0
2024-12-20 20:00:00,19.5,0.0
2024-12-20 21:00:00,20.1,0.0
2024-12-20 22:00:00,20.1,0.0
2024-12-20 23:00:00,18.2,0.0
2024-12-21 00:00:00,16.9,0.0
2024-12-21 01:00:00,16.8,0.0
2024-12-21 02:00:00,14.5,0.0
2024-12-21 03:00:00,11.2,0.0
2024-12-21 04:00:00,11.4,0.0
2024-12-21 05:00:00,13.1,0.0
2024-12-21 06:00:00,13.1,0.0
2024-12-21 07:00:00,12.8,1.0
2024-12-21 08:00:00,12.6,46.0
2024-12-21 09:00:00,14.0,116.0
2024-12-21 10:00:00,16.1,151.0
2024-12-21 11:00:00,16.4,149.0
2024-12-21 12:00:00,18.3,86.0
2024-12-21 13:00:00,17.0,28.0
2024-12-21 14:00:00,16.7,8.0
2024-12-21 15:00:00,19.1,0.0
2024-12-21 16:00:00,18.8,0.0
2024-12-21 17:00:00,19.0,0.0
2024-12-21 18:00:00,19.3,0.0
2024-12-21 19:00:00,18.6,0.0
2024-12-21 20:00:00,19.2,0.0
2024-12-21 21:00:00,18.3,0.0
2024-12-21 22:00:00,17.7,0.0
2024-12-21 23:00:00,16.9,0.0
2024-12-22 00:00:00,17.1,0.0
2024-12-22 01:00:00,17.0,0.0
2024-12-22 02:00:00,17.0,0.0
2024-12-22 03:00:00,17.6,0.0
2024-12-22 04:00:00,17.9,0.0
2024-12-22 05:00:00,19.4,0.0
2024-12-22 06:00:00,19.8,0.0
2024-12-22 07:00:00,19.9,1.0
2024-12-22 08:00:00,18.9,13.0
2024-12-22 09:00:00,17.9,49.0
2024-12-22 10:00:00,20.7,72.0
2024-12-22 11:00:00,20.0,86.0
2024-12-22 12:00:00,17.8,56.0
2024-12-22 13:00:00,20.3,27.0
2024-12-22 14:00:00,22.5,2.0
2024-12-22 15:00:00,20.2,0.0
2024-12-22 16:00:00,19.7,0.0
2024-12-22 17:00:00,18.6,0.0
2024-12-22 18:00:00,17.3,0.0
2024-12-22 19:00:00,16.9,0.0
2024-12-22 20:00:00,16.6,0.0
2024-12-22 21:00:00,15.4,0.0
2024-12-22 22:00:00,14.3,0.0
2024-12-22 23:00:00,14.6,0.0
2024-12-23 00:00:00,14.8,0.0
2024-12-23 01:00:00,16.6,0.0
2024-12-23 02:00:00,15.6,0.0
2024-12-23 03:00:00,14.4,0.0
2024-12-23 04:00:00,13.2,0.0
2024-12-23 05:00:00,13.8,0.0
2024-12-23 06:00:00,14.5,0.0
2024-12-23 07:00:00,14.5,0.0
2024-12-23 08:00:00,14.8,14.0
2024-12-23 09:00:00,14.2,31.0
2024-12-23 10:00:00,15.7,24.0
2024-12-23 11:00:00,15.1,31.0
2024-12-23 12:00:00,13.2,16.0
2024-12-23 13:00:00,12.2,9.0
2024-12-23 14:00:00,11.5,2.0
2024-12-23 15:00:00,11.0,0.0
2024-12-23 16:00:00,10.4,0.0
2024-12-23 17:00:00,9.5,0.0
2024-12-23 18:00:00,9.4,0.0
2024-12-23 19:00:00,9.4,0.0
2024-12-23 20:00:00,9.7,0.0
2024-12-23 21:00:00,9.0,0.0
2024-12-23 22:00:00,8.1,0.0
2024-12-23 23:00:00,7.7,0.0
2024-12-24 00:00:00,7.1,0.0
2024-12-24 01:00:00,5.9,0.0
2024-12-24 02:00:00,5.6,0.0
2024-12-24 03:00:00,5.8,0.0
2024-12-24 04:00:00,5.2,0.0
2024-12-24 05:00:00,4.0,0.0
2024-12-24 06:00:00,4.0,0.0
2024-12-24 07:00:00,4.5,0.0
2024-12-24 08:00:00,4.9,11.0
2024-12-24 09:00:00,5.0,26.0
2024-12-24 10:00:00,4.3,32.0
2024-12-24 11:00:00,4.1,41.0
2024-12-24 12:00:00,4.1,48.0
2024-12-24 13:00:00,5.3,61.0
2024-12-24 14:00:00,7.9,19.0
2024-12-24 15:00:00,8.0,0.0
2024-12-24 16:00:00,6.3,0.0
2024-12-24 17:00:00,7.3,0.0
2024-12-24 18:00:00,6.6,0.0
2024-12-24 19:00:00,4.7,0.0
2024-12-24 20:00:00,6.2,0.0
2024-12-24 21:00:00,7.0,0.0
2024-12-24 22:00:00,7.0,0.0
2024-12-24 23:00:00,6.3,0.0
2024-12-25 00:00:00,5.5,0.0
2024-12-25 01:00:00,5.3,0.0
2024-12-25 02:00:00,5.0,0.0
2024-12-25 03:00:00,6.4,0.0
2024-12-25 04:00:00,7.3,0.0
2024-12-25 05:00:00,6.6,0.0
2024-12-25 06:00:00,8.0,0.0
2024-12-25 07:00:00,8.8,1.0
2024-12-25 08:00:00,10.0,30.0
2024-12-25 09:00:00,8.9,108.0
2024-12-25 10:00:00,9.9,160.0
2024-12-25 11:00:00,10.6,171.0
2024-12-25 12:00:00,9.5,144.0
2024-12-25 13:00:00,11.5,49.0
2024-12-25 14:00:00,10.3,7.0
2024-12-25 15:00:00,11.9,0.0
2024-12-25 16:00:00,13.0,0.0
2024-12-25 17:00:00,13.1,0.0
2024-12-25 18:00:00,13.0,0.0
2024-12-25 19:00:00,13.1,0.0
2024-12-25 20:00:00,13.7,0.0
2024-12-25 21:00:00,13.9,0.0
2024-12-25 22:00:00,13.1,0.0
2024-12-25 23:00:00,12.4,0.0
2024-12-26 00:00:00,10.2,0.0
2024-12-26 01:00:00,12.1,0.0
2024-12-26 02:00:00,11.4,0.0
2024-12-26 03:00:00,11.8,0.0
2024-12-26 04:00:00,11.4,0.0
2024-12-26 05:00:00,11.3,0.0
2024-12-26 06:00:00,10.9,0.0
2024-12-26 07:00:00,10.5,0.0
2024-12-26 08:00:00,10.9,9.0
2024-12-26 09:00:00,11.1,32.0
2024-12-26 10:00:00,10.5,38.0
2024-12-26 11:00:00,10.1,42.0
2024-12-26 12:00:00,10.3,31.0
2024-12-26 13:00:00,10.4,19.0
2024-12-26 14:00:00,11.2,4.0
2024-12-26 15:00:00,11.9,0.0
2024-12-26 16:00:00,11.8,0.0
2024-12-26 17:00:00,12.0,0.0
2024-12-26 18:00:00,12.5,0.0
2024-12-26 19:00:00,12.1,0.0
2024-12-26 20:00:00,11.0,0.0
2024-12-26 21:00:00,10.5,0.0
2024-12-26 22:00:00,10.0,0.0
2024-12-26 23:00:00,10.2,0.0
2024-12-27 00:00:00,10.2,0.0
2024-12-27 01:00:00,9.3,0.0
2024-12-27 02:00:00,9.1,0.0
2024-12-27 03:00:00,7.6,0.0
2024-12-27 04:00:00,8.0,0.0
2024-12-27 05:00:00,7.7,0.0
2024-12-27 06:00:00,7.4,0.0
2024-12-27 07:00:00,7.4,0.0
2024-12-27 08:00:00,7.8,9.0
2024-12-27 09:00:00,6.3,24.0
2024-12-27 10:00:00,6.8,38.0
2024-12-27 11:00:00,4.0,48.0
2024-12-27 12:00:00,5.8,37.0
2024-12-27 13:00:00,6.1,24.0
2024-12-27 14:00:00,6.9,6.0
2024-12-27 15:00:00,7.2,0.0
2024-12-27 16:00:00,7.5,0.0
2024-12-27 17:00:00,5.7,0.0
2024-12-27 18:00:00,4.7,0.0
2024-12-27 19:00:00,5.1,0.0
2024-12-27 20:00:00,4.5,0.0
2024-12-27 21:00:00,4.3,0.0
2024-12-27 22:00:00,4.9,0.0
2024-12-27 23:00:00,5.2,0.0
2024-12-28 00:00:00,4.0,0.0
2024-12-28 01:00:00,6.9,0.0
2024-12-28 02:00:00,8.2,0.0
2024-12-28 03:00:00,6.3,0.0
2024-12-28 04:00:00,6.4,0.0
2024-12-28 05:00:00,7.6,0.0
2024-12-28 06:00:00,7.3,0.0
2024-12-28 07:00:00,7.5,0.0
2024-12-28 08:00:00,8.0,11.0
2024-12-28 09:00:00,9.0,44.0
2024-12-28 10:00:00,8.7,44.0
2024-12-28 11:00:00,8.4,42.0
2024-12-28 12:00:00,8.5,35.0
2024-12-28 13:00:00,8.9,26.0
2024-12-28 14:00:00,8.6,4.0
2024-12-28 15:00:00,9.0,0.0
2024-12-28 16:00:00,9.0,0.0
2024-12-28 17:00:00,9.4,0.0
2024-12-28 18:00:00,9.6,0.0
2024-12-28 19:00:00,9.0,0.0
2024-12-28 20:00:00,8.6,0.0
2024-12-28 21:00:00,8.1,0.0
2024-12-28 22:00:00,8.8,0.0
2024-12-28 23:00:00,9.1,0.0
2024-12-29 00:00:00,8.9,0.0
2024-12-29 01:00:00,9.2,0.0
2024-12-29 02:00:00,9.6,0.0
2024-12-29 03:00:00,9.1,0.0
2024-12-29 04:00:00,9.5,0.0
2024-12-29 05:00:00,10.2,0.0
2024-12-29 06:00:00,10.1,0.0
2024-12-29 07:00:00,10.6,0.0
2024-12-29 08:00:00,13.5,14.0
2024-12-29 09:00:00,14.7,25.0
2024-12-29 10:00:00,17.3,31.0
2024-12-29 11:00:00,16.3,37.0
2024-12-29 12:00:00,16.2,26.0
2024-12-29 13:00:00,14.5,22.0
2024-12-29 14:00:00,14.7,7.0
2024-12-29 15:00:00,14.9,0.0
2024-12-29 16:00:00,13.9,0.0
2024-12-29 17:00:00,13.9,0.0
2024-12-29 18:00:00,14.0,0.0
2024-12-29 19:00:00,13.8,0.0
2024-12-29 20:00:00,13.1,0.0
2024-12-29 21:00:00,13.1,0.0
2024-12-29 22:00:00,13.3,0.0
2024-12-29 23:00:00,14.0,0.0
2024-12-30 00:00:00,15.0,0.0
2024-12-30 01:00:00,15.5,0.0
2024-12-30 02:00:00,16.3,0.0
2024-12-30 03:00:00,16.6,0.0
2024-12-30 04:00:00,18.0,0.0
2024-12-30 05:00:00,18.1,0.0
2024-12-30 06:00:00,18.9,0.0
2024-12-30 07:00:00,20.3,0.0
2024-12-30 08:00:00,21.7,9.0
2024-12-30 09:00:00,22.5,20.0
2024-12-30 10:00:00,22.4,24.0
2024-12-30 11:00:00,23.1,35.0
2024-12-30 12:00:00,25.0,30.0
2024-12-30 13:00:00,24.4,21.0
2024-12-30 14:00:00,22.1,4.0
2024-12-30 15:00:00,21.3,0.0
2024-12-30 16:00:00,21.0,0.0
2024-12-30 17:00:00,21.4,0.0
2024-12-30 18:00:00,20.3,0.0
2024-12-30 19:00:00,21.5,0.0
2024-12-30 20:00:00,21.6,0.0
2024-12-30 21:00:00,22.0,0.0
2024-12-30 22:00:00,22.9,0.0
2024-12-30 23:00:00,22.3,0.0
2024-12-31 00:00:00,23.4,0.0
2024-12-31 01:00:00,22.3,0.0
2024-12-31 02:00:00,21.7,0.0
2024-12-31 03:00:00,21.3,0.0
2024-12-31 04:00:00,21.4,0.0
2024-12-31 05:00:00,20.6,0.0
2024-12-31 06:00:00,20.9,0.0
2024-12-31 07:00:00,20.5,0.0
2024-12-31 08:00:00,20.4,4.0
2024-12-31 09:00:00,20.2,14.0
2024-12-31 10:00:00,19.4,18.0
2024-12-31 11:00:00,19.0,22.0
2024-12-31 12:00:00,21.3,19.0
2024-12-31 13:00:00,17.7,19.0
2024-12-31 14:00:00,16.9,11.0
2024-12-31 15:00:00,15.9,0.0
2024-12-31 16:00:00,16.6,0.0
2024-12-31 17:00:00,14.0,0.0
2024-12-31 18:00:00,12.8,0.0
2024-12-31 19:00:00,11.2,0.0
2024-12-31 20:00:00,9.2,0.0
2024-12-31 21:00:00,16.2,0.0
2024-12-31 22:00:00,17.6,0.0
2024-12-31 23:00:00,18.2,0.0
2025-01-01 00:00:00,19.5,0.0
2025-01-01 01:00:00,18.2,0.0
2025-01-01 02:00:00,20.4,0.0
2025-01-01 03:00:00,21.9,0.0
2025-01-01 04:00:00,22.9,0.0
2025-01-01 05:00:00,21.2,0.0
2025-01-01 06:00:00,21.1,0.0
2025-01-01 07:00:00,22.8,0.0
2025-01-01 08:00:00,23.9,4.0
2025-01-01 09:00:00,24.7,16.0
2025-01-01 10:00:00,25.0,26.0
2025-01-01 11:00:00,24.9,31.0
2025-01-01 12:00:00,24.9,23.0
2025-01-01 13:00:00,26.4,11.0
2025-01-01 14:00:00,25.3,6.0
2025-01-01 15:00:00,25.7,0.0
2025-01-01 16:00:00,25.8,0.0
2025-01-01 17:00:00,27.3,0.0
2025-01-01 18:00:00,26.9,0.0
2025-01-01 19:00:00,27.2,0.0
2025-01-01 20:00:00,27.0,0.0
2025-01-01 21:00:00,27.6,0.0
2025-01-01 22:00:00,29.7,0.0
2025-01-01 23:00:00,28.7,0.0
2025-01-02 00:00:00,28.9,0.0
2025-01-02 01:00:00,26.9,0.0
2025-01-02 02:00:00,23.9,0.0
2025-01-02 03:00:00,23.7,0.0
2025-01-02 04:00:00,27.0,0.0
2025-01-02 05:00:00,25.5,0.0
2025-01-02 06:00:00,24.8,0.0
2025-01-02 07:00:00,22.4,0.0
2025-01-02 08:00:00,22.6,3.0
2025-01-02 09:00:00,23.7,14.0
2025-01-02 10:00:00,22.0,26.0
2025-01-02 11:00:00,27.4,24.0
2025-01-02 12:00:00,19.2,11.0
2025-01-02 13:00:00,21.5,17.0
2025-01-02 14:00:00,21.2,8.0
2025-01-02 15:00:00,21.8,0.0
2025-01-02 16:00:00,21.4,0.0
2025-01-02 17:00:00,19.4,0.0
2025-01-02 18:00:00,16.5,0.0
2025-01-02 19:00:00,14.9,0.0
2025-01-02 20:00:00,10.7,0.0
2025-01-02 21:00:00,8.1,0.0
2025-01-02 22:00:00,8.4,0.0
2025-01-02 23:00:00,11.8,0.0
2025-01-03 00:00:00,13.0,0.0
2025-01-03 01:00:00,10.4,0.0
2025-01-03 02:00:00,12.3,0.0
2025-01-03 03:00:00,11.4,0.0
2025-01-03 04:00:00,13.4,0.0
2025-01-03 05:00:00,15.1,0.0
2025-01-03 06:00:00,17.3,0.0
2025-01-03 07:00:00,17.2,1.0
2025-01-03 08:00:00,18.3,40.0
2025-01-03 09:00:00,17.7,90.0
2025-01-03 10:00:00,19.8,70.0
2025-01-03 11:00:00,20.1,63.0
2025-01-03 12:00:00,19.1,66.0
2025-01-03 13:00:00,15.7,64.0
2025-01-03 14:00:00,12.1,28.0
2025-01-03 15:00:00,12.9,0.0
2025-01-03 16:00:00,13.6,0.0
2025-01-03 17:00:00,16.3,0.0
2025-01-03 18:00:00,17.3,0.0
2025-01-03 19:00:00,18.3,0.0
2025-01-03 20:00:00,18.9,0.0
2025-01-03 21:00:00,15.1,0.0
2025-01-03 22:00:00,19.4,0.0
2025-01-03 23:00:00,20.8,0.0
2025-01-04 00:00:00,23.4,0.0
2025-01-04 01:00:00,28.2,0.0
2025-01-04 02:00:00,29.2,0.0
2025-01-04 03:00:00,28.4,0.0
2025-01-04 04:00:00,29.7,0.0
2025-01-04 05:00:00,29.5,0.0
2025-01-04 06:00:00,27.5,0.0
2025-01-04 07:00:00,26.0,0.0
2025-01-04 08:00:00,25.3,23.0
2025-01-04 09:00:00,25.7,116.0
2025-01-04 10:00:00,25.8,178.0
2025-01-04 11:00:00,24.2,188.0
2025-01-04 12:00:00,23.3,169.0
2025-01-04 13:00:00,19.3,74.0
2025-01-04 14:00:00,22.9,24.0
2025-01-04 15:00:00,24.9,0.0
2025-01-04 16:00:00,21.5,0.0
2025-01-04 17:00:00,18.1,0.0
2025-01-04 18:00:00,16.0,0.0
2025-01-04 19:00:00,16.3,0.0
2025-01-04 20:00:00,16.7,0.0
2025-01-04 21:00:00,17.9,0.0
2025-01-04 22:00:00,19.0,0.0
2025-01-04 23:00:00,21.5,0.0
2025-01-05 00:00:00,21.9,0.0
2025-01-05 01:00:00,19.3,0.0
2025-01-05 02:00:00,16.8,0.0
2025-01-05 03:00:00,18.3,0.0
2025-01-05 04:00:00,15.8,0.0
2025-01-05 05:00:00,17.8,0.0
2025-01-05 06:00:00,18.0,0.0
2025-01-05 07:00:00,18.5,0.0
2025-01-05 08:00:00,20.2,14.0
2025-01-05 09:00:00,21.1,31.0
2025-01-05 10:00:00,18.7,38.0
2025-01-05 11:00:00,19.9,41.0
2025-01-05 12:00:00,19.9,26.0
2025-01-05 13:00:00,16.3,22.0
2025-01-05 14:00:00,14.3,9.0
2025-01-05 15:00:00,13.2,0.0
2025-01-05 16:00:00,11.8,0.0
2025-01-05 17:00:00,11.3,0.0
2025-01-05 18:00:00,11.3,0.0
2025-01-05 19:00:00,11.8,0.0
2025-01-05 20:00:00,10.8,0.0
2025-01-05 21:00:00,9.8,0.0
2025-01-05 22:00:00,9.4,0.0
2025-01-05 23:00:00,8.6,0.0
2025-01-06 00:00:00,8.0,0.0
2025-01-06 01:00:00,11.2,0.0
2025-01-06 02:00:00,11.2,0.0
2025-01-06 03:00:00,12.3,0.0
2025-01-06 04:00:00,13.9,0.0
2025-01-06 05:00:00,15.4,0.0
2025-01-06 06:00:00,16.4,0.0
2025-01-06 07:00:00,17.7,1.0
2025-01-06 08:00:00,14.7,28.0
2025-01-06 09:00:00,15.6,40.0
2025-01-06 10:00:00,14.9,23.0
2025-01-06 11:00:00,16.0,22.0
2025-01-06 12:00:00,13.4,32.0
2025-01-06 13:00:00,19.4,25.0
2025-01-06 14:00:00,19.1,7.0
2025-01-06 15:00:00,18.9,0.0
2025-01-06 16:00:00,18.6,0.0
2025-01-06 17:00:00,17.3,0.0
2025-01-06 18:00:00,16.5,0.0
2025-01-06 19:00:00,16.0,0.0
2025-01-06 20:00:00,16.4,0.0
2025-01-06 21:00:00,16.8,0.0
2025-01-06 22:00:00,17.8,0.0
2025-01-06 23:00:00,17.6,0.0
2025-01-07 00:00:00,18.4,0.0
2025-01-07 01:00:00,18.3,0.0
2025-01-07 02:00:00,18.1,0.0
2025-01-07 03:00:00,17.2,0.0
2025-01-07 04:00:00,17.0,0.0
2025-01-07 05:00:00,17.1,0.0
2025-01-07 06:00:00,14.8,0.0
2025-01-07 07:00:00,13.8,1.0
2025-01-07 08:00:00,11.0,34.0
2025-01-07 09:00:00,11.0,101.0
2025-01-07 10:00:00,12.3,109.0
2025-01-07 11:00:00,12.2,87.0
2025-01-07 12:00:00,8.7,51.0
2025-01-07 13:00:00,9.0,15.0
2025-01-07 14:00:00,9.1,9.0
2025-01-07 15:00:00,8.8,0.0
2025-01-07 16:00:00,7.0,0.0
2025-01-07 17:00:00,8.1,0.0
2025-01-07 18:00:00,7.5,0.0
2025-01-07 19:00:00,8.6,0.0
2025-01-07 20:00:00,9.7,0.0
2025-01-07 21:00:00,9.9,0.0
2025-01-07 22:00:00,12.6,0.0
2025-01-07 23:00:00,13.4,0.0
2025-01-08 00:00:00,13.7,0.0
2025-01-08 01:00:00,16.5,0.0
2025-01-08 02:00:00,18.4,0.0
2025-01-08 03:00:00,16.6,0.0
2025-01-08 04:00:00,17.7,0.0
2025-01-08 05:00:00,19.7,0.0
2025-01-08 06:00:00,19.8,0.0
2025-01-08 07:00:00,22.3,1.0
2025-01-08 08:00:00,18.2,17.0
2025-01-08 09:00:00,16.5,69.0
2025-01-08 10:00:00,15.7,111.0
2025-01-08 11:00:00,16.6,63.0
2025-01-08 12:00:00,16.0,32.0
2025-01-08 13:00:00,15.6,88.0
2025-01-08 14:00:00,11.2,34.0
2025-01-08 15:00:00,12.6,0.0
2025-01-08 16:00:00,12.1,0.0
2025-01-08 17:00:00,13.4,0.0
2025-01-08 18:00:00,13.4,0.0
2025-01-08 19:00:00,13.0,0.0
2025-01-08 20:00:00,13.4,0.0
2025-01-08 21:00:00,13.1,0.0
2025-01-08 22:00:00,13.2,0.0
2025-01-08 23:00:00,15.6,0.0
2025-01-09 00:00:00,14.3,0.0
2025-01-09 01:00:00,14.0,0.0
2025-01-09 02:00:00,14.1,0.0
2025-01-09 03:00:00,15.5,0.0
2025-01-09 04:00:00,15.0,0.0
2025-01-09 05:00:00,13.9,0.0
2025-01-09 06:00:00,13.1,0.0
2025-01-09 07:00:00,11.9,1.0
2025-01-09 08:00:00,16.4,25.0
2025-01-09 09:00:00,14.5,72.0
2025-01-09 10:00:00,16.2,79.0
2025-01-09 11:00:00,15.8,44.0
2025-01-09 12:00:00,17.3,36.0
2025-01-09 13:00:00,18.8,26.0
2025-01-09 14:00:00,18.2,9.0
2025-01-09 15:00:00,16.4,0.0
2025-01-09 16:00:00,15.0,0.0
2025-01-09 17:00:00,14.0,0.0
2025-01-09 18:00:00,13.9,0.0
2025-01-09 19:00:00,13.6,0.0
2025-01-09 20:00:00,13.5,0.0
2025-01-09 21:00:00,14.1,0.0
2025-01-09 22:00:00,15.2,0.0
2025-01-09 23:00:00,15.4,0.0
2025-01-10 00:00:00,16.3,0.0
2025-01-10 01:00:00,17.6,0.0
2025-01-10 02:00:00,18.5,0.0
2025-01-10 03:00:00,17.6,0.0
2025-01-10 04:00:00,16.7,0.0
2025-01-10 05:00:00,17.5,0.0
2025-01-10 06:00:00,17.9,0.0
2025-01-10 07:00:00,17.9,1.0
2025-01-10 08:00:00,17.6,10.0
2025-01-10 09:00:00,16.8,19.0
2025-01-10 10:00:00,17.9,37.0
2025-01-10 11:00:00,18.0,32.0
2025-01-10 12:00:00,16.9,19.0
2025-01-10 13:00:00,17.1,11.0
2025-01-10 14:00:00,18.5,8.0
2025-01-10 15:00:00,19.5,0.0
2025-01-10 16:00:00,18.8,0.0
2025-01-10 17:00:00,16.8,0.0
2025-01-10 18:00:00,18.2,0.0
2025-01-10 19:00:00,17.1,0.0
2025-01-10 20:00:00,16.4,0.0
2025-01-10 21:00:00,16.1,0.0
2025-01-10 22:00:00,16.1,0.0
2025-01-10 23:00:00,15.8,0.0
2025-01-11 00:00:00,16.0,0.0
2025-01-11 01:00:00,14.9,0.0
2025-01-11 02:00:00,14.7,0.0
2025-01-11 03:00:00,14.9,0.0
2025-01-11 04:00:00,15.2,0.0
2025-01-11 05:00:00,14.1,0.0
2025-01-11 06:00:00,13.1,0.0
2025-01-11 07:00:00,12.6,1.0
2025-01-11 08:00:00,14.1,19.0
2025-01-11 09:00:00,14.1,42.0
2025-01-11 10:00:00,12.9,61.0
2025-01-11 11:00:00,12.4,70.0
2025-01-11 12:00:00,12.1,63.0
2025-01-11 13:00:00,11.4,51.0
2025-01-11 14:00:00,9.3,21.0
2025-01-11 15:00:00,9.9,0.0
2025-01-11 16:00:00,10.1,0.0
2025-01-11 17:00:00,9.3,0.0
2025-01-11 18:00:00,7.7,0.0
2025-01-11 19:00:00,5.4,0.0
2025-01-11 20:00:00,4.1,0.0
2025-01-11 21:00:00,4.9,0.0
2025-01-11 22:00:00,3.2,0.0
2025-01-11 23:00:00,4.4,0.0
2025-01-12 00:00:00,4.4,0.0
2025-01-12 01:00:00,7.3,0.0
2025-01-12 02:00:00,7.2,0.0
2025-01-12 03:00:00,5.7,0.0
2025-01-12 04:00:00,5.4,0.0
2025-01-12 05:00:00,5.4,0.0
2025-01-12 06:00:00,6.7,0.0
2025-01-12 07:00:00,6.4,2.0
2025-01-12 08:00:00,5.6,35.0
2025-01-12 09:00:00,5.0,81.0
2025-01-12 10:00:00,4.5,130.0
2025-01-12 11:00:00,3.2,158.0
2025-01-12 12:00:00,1.7,106.0
2025-01-12 13:00:00,2.1,76.0
2025-01-12 14:00:00,0.2,17.0
2025-01-12 15:00:00,2.9,1.0
2025-01-12 16:00:00,7.7,0.0
2025-01-12 17:00:00,10.4,0.0
2025-01-12 18:00:00,10.7,0.0
2025-01-12 19:00:00,11.9,0.0
2025-01-12 20:00:00,13.6,0.0
2025-01-12 21:00:00,14.1,0.0
2025-01-12 22:00:00,14.5,0.0
2025-01-12 23:00:00,14.4,0.0
2025-01-13 00:00:00,14.3,0.0
2025-01-13 01:00:00,14.1,0.0
2025-01-13 02:00:00,14.0,0.0
2025-01-13 03:00:00,13.1,0.0
2025-01-13 04:00:00,12.4,0.0
2025-01-13 05:00:00,13.6,0.0
2025-01-13 06:00:00,12.7,0.0
2025-01-13 07:00:00,12.3,1.0
2025-01-13 08:00:00,10.0,48.0
2025-01-13 09:00:00,8.8,136.0
2025-01-13 10:00:00,9.1,199.0
2025-01-13 11:00:00,9.2,163.0
2025-01-13 12:00:00,9.2,78.0
2025-01-13 13:00:00,14.4,57.0
2025-01-13 14:00:00,8.3,39.0
2025-01-13 15:00:00,10.0,1.0
2025-01-13 16:00:00,10.4,0.0
2025-01-13 17:00:00,11.3,0.0
2025-01-13 18:00:00,12.7,0.0
2025-01-13 19:00:00,13.5,0.0
2025-01-13 20:00:00,14.6,0.0
2025-01-13 21:00:00,15.2,0.0
2025-01-13 22:00:00,15.0,0.0
2025-01-13 23:00:00,16.0,0.0
2025-01-14 00:00:00,17.2,0.0
2025-01-14 01:00:00,18.3,0.0
2025-01-14 02:00:00,18.8,0.0
2025-01-14 03:00:00,19.3,0.0
2025-01-14 04:00:00,18.7,0.0
2025-01-14 05:00:00,19.3,0.0
2025-01-14 06:00:00,19.3,0.0
2025-01-14 07:00:00,19.2,0.0
2025-01-14 08:00:00,19.2,6.0
2025-01-14 09:00:00,19.4,17.0
2025-01-14 10:00:00,19.7,18.0
2025-01-14 11:00:00,19.0,19.0
2025-01-14 12:00:00,17.8,36.0
2025-01-14 13:00:00,17.9,19.0
2025-01-14 14:00:00,17.9,7.0
2025-01-14 15:00:00,18.0,0.0
2025-01-14 16:00:00,17.9,0.0
2025-01-14 17:00:00,17.2,0.0
2025-01-14 18:00:00,16.3,0.0
2025-01-14 19:00:00,15.3,0.0
2025-01-14 20:00:00,15.4,0.0
2025-01-14 21:00:00,14.2,0.0
2025-01-14 22:00:00,12.5,0.0
2025-01-14 23:00:00,11.5,0.0
2025-01-15 00:00:00,11.0,0.0
2025-01-15 01:00:00,9.2,0.0
2025-01-15 02:00:00,8.1,0.0
2025-01-15 03:00:00,7.8,0.0
2025-01-15 04:00:00,7.9,0.0
2025-01-15 05:00:00,5.8,0.0
2025-01-15 06:00:00,6.2,0.0
2025-01-15 07:00:00,5.5,1.0
2025-01-15 08:00:00,5.8,12.0
2025-01-15 09:00:00,6.8,38.0
2025-01-15 10:00:00,8.5,50.0
2025-01-15 11:00:00,9.2,53.0
2025-01-15 12:00:00,6.7,53.0
2025-01-15 13:00:00,8.0,34.0
2025-01-15 14:00:00,5.8,13.0
2025-01-15 15:00:00,6.3,1.0
2025-01-15 16:00:00,9.2,0.0
2025-01-15 17:00:00,5.5,0.0
2025-01-15 18:00:00,6.4,0.0
2025-01-15 19:00:00,7.1,0.0
2025-01-15 20:00:00,7.4,0.0
2025-01-15 21:00:00,5.8,0.0
2025-01-15 22:00:00,6.3,0.0
2025-01-15 23:00:00,8.6,0.0
2025-01-16 00:00:00,9.5,0.0
2025-01-16 01:00:00,10.8,0.0
2025-01-16 02:00:00,10.9,0.0
2025-01-16 03:00:00,12.9,0.0
2025-01-16 04:00:00,13.5,0.0
2025-01-16 05:00:00,15.5,0.0
2025-01-16 06:00:00,13.0,0.0
2025-01-16 07:00:00,18.5,1.0
2025-01-16 08:00:00,17.5,11.0
2025-01-16 09:00:00,16.5,36.0
2025-01-16 10:00:00,16.7,26.0
2025-01-16 11:00:00,16.4,104.0
2025-01-16 12:00:00,15.2,68.0
2025-01-16 13:00:00,17.3,73.0
2025-01-16 14:00:00,17.0,11.0
2025-01-16 15:00:00,17.3,1.0
2025-01-16 16:00:00,18.2,0.0
2025-01-16 17:00:00,16.5,0.0
2025-01-16 18:00:00,16.1,0.0
2025-01-16 19:00:00,15.9,0.0
2025-01-16 20:00:00,16.2,0.0
2025-01-16 21:00:00,16.8,0.0
2025-01-16 22:00:00,17.5,0.0
2025-01-16 23:00:00,17.5,0.0
2025-01-17 00:00:00,17.7,0.0
2025-01-17 01:00:00,17.2,0.0
2025-01-17 02:00:00,18.4,0.0
2025-01-17 03:00:00,17.6,0.0
2025-01-17 04:00:00,16.0,0.0
2025-01-17 05:00:00,15.5,0.0
2025-01-17 06:00:00,15.2,0.0
2025-01-17 07:00:00,14.5,1.0
2025-01-17 08:00:00,15.4,16.0
2025-01-17 09:00:00,15.3,31.0
2025-01-17 10:00:00,15.1,49.0
2025-01-17 11:00:00,14.6,64.0
2025-01-17 12:00:00,15.7,57.0
2025-01-17 13:00:00,11.2,39.0
2025-01-17 14:00:00,11.7,21.0
2025-01-17 15:00:00,13.0,1.0
2025-01-17 16:00:00,13.3,0.0
2025-01-17 17:00:00,14.6,0.0
2025-01-17 18:00:00,14.6,0.0
2025-01-17 19:00:00,15.0,0.0
2025-01-17 20:00:00,15.6,0.0
2025-01-17 21:00:00,16.8,0.0
2025-01-17 22:00:00,16.5,0.0
2025-01-17 23:00:00,17.0,0.0
2025-01-18 00:00:00,16.8,0.0
2025-01-18 01:00:00,17.3,0.0
2025-01-18 02:00:00,19.5,0.0
2025-01-18 03:00:00,19.5,0.0
2025-01-18 04:00:00,20.0,0.0
2025-01-18 05:00:00,18.6,0.0
2025-01-18 06:00:00,17.6,0.0
2025-01-18 07:00:00,16.3,1.0
2025-01-18 08:00:00,16.0,16.0
2025-01-18 09:00:00,15.0,37.0
2025-01-18 10:00:00,15.2,62.0
2025-01-18 11:00:00,15.2,64.0
2025-01-18 12:00:00,15.0,76.0
2025-01-18 13:00:00,14.4,83.0
2025-01-18 14:00:00,14.2,50.0
2025-01-18 15:00:00,15.5,4.0
2025-01-18 16:00:00,15.9,0.0
2025-01-18 17:00:00,16.9,0.0
2025-01-18 18:00:00,17.2,0.0
2025-01-18 19:00:00,16.9,0.0
2025-01-18 20:00:00,16.5,0.0
2025-01-18 21:00:00,15.6,0.0
2025-01-18 22:00:00,16.0,0.0
2025-01-18 23:00:00,15.9,0.0
2025-01-19 00:00:00,15.6,0.0
2025-01-19 01:00:00,14.7,0.0
2025-01-19 02:00:00,13.8,0.0
2025-01-19 03:00:00,12.7,0.0
2025-01-19 04:00:00,11.8,0.0
2025-01-19 05:00:00,11.4,0.0
2025-01-19 06:00:00,9.4,0.0
2025-01-19 07:00:00,8.9,2.0
2025-01-19 08:00:00,13.9,27.0
2025-01-19 09:00:00,13.8,59.0
2025-01-19 10:00:00,13.3,75.0
2025-01-19 11:00:00,13.6,84.0
2025-01-19 12:00:00,14.5,82.0
2025-01-19 13:00:00,14.0,58.0
2025-01-19 14:00:00,13.0,24.0
2025-01-19 15:00:00,13.4,2.0
2025-01-19 16:00:00,13.3,0.0
2025-01-19 17:00:00,13.1,0.0
2025-01-19 18:00:00,13.7,0.0
2025-01-19 19:00:00,13.6,0.0
2025-01-19 20:00:00,13.3,0.0
2025-01-19 21:00:00,12.8,0.0
2025-01-19 22:00:00,12.4,0.0
2025-01-19 23:00:00,11.4,0.0
2025-01-20 00:00:00,11.0,0.0
2025-01-20 01:00:00,9.7,0.0
2025-01-20 02:00:00,10.2,0.0
2025-01-20 03:00:00,9.8,0.0
2025-01-20 04:00:00,8.9,0.0
2025-01-20 05:00:00,7.3,0.0
2025-01-20 06:00:00,5.4,0.0
2025-01-20 07:00:00,3.8,2.0
2025-01-20 08:00:00,3.3,26.0
2025-01-20 09:00:00,3.3,48.0
2025-01-20 10:00:00,4.5,74.0
2025-01-20 11:00:00,5.3,81.0
2025-01-20 12:00:00,6.2,78.0
2025-01-20 13:00:00,5.9,49.0
2025-01-20 14:00:00,6.7,22.0
2025-01-20 15:00:00,6.6,2.0
2025-01-20 16:00:00,7.0,0.0
2025-01-20 17:00:00,9.1,0.0
2025-01-20 18:00:00,10.8,0.0
2025-01-20 19:00:00,13.0,0.0
2025-01-20 20:00:00,14.3,0.0
2025-01-20 21:00:00,15.4,0.0
2025-01-20 22:00:00,15.9,0.0
2025-01-20 23:00:00,13.4,0.0
2025-01-21 00:00:00,12.8,0.0
2025-01-21 01:00:00,11.3,0.0
2025-01-21 02:00:00,12.1,0.0
2025-01-21 03:00:00,13.6,0.0
2025-01-21 04:00:00,13.5,0.0
2025-01-21 05:00:00,12.2,0.0
2025-01-21 06:00:00,11.6,0.0
2025-01-21 07:00:00,13.2,4.0
2025-01-21 08:00:00,14.0,27.0
2025-01-21 09:00:00,14.1,58.0
2025-01-21 10:00:00,13.9,82.0
2025-01-21 11:00:00,15.2,111.0
2025-01-21 12:00:00,12.7,105.0
2025-01-21 13:00:00,12.3,91.0
2025-01-21 14:00:00,9.3,50.0
2025-01-21 15:00:00,10.8,6.0
2025-01-21 16:00:00,12.4,0.0
2025-01-21 17:00:00,12.6,0.0
2025-01-21 18:00:00,12.6,0.0
2025-01-21 19:00:00,11.9,0.0
2025-01-21 20:00:00,11.3,0.0
2025-01-21 21:00:00,10.8,0.0
2025-01-21 22:00:00,10.1,0.0
2025-01-21 23:00:00,9.0,0.0
2025-01-22 00:00:00,8.6,0.0
2025-01-22 01:00:00,8.2,0.0
2025-01-22 02:00:00,8.2,0.0
2025-01-22 03:00:00,8.3,0.0
2025-01-22 04:00:00,7.7,0.0
2025-01-22 05:00:00,7.4,0.0
2025-01-22 06:00:00,6.7,0.0
2025-01-22 07:00:00,5.9,2.0
2025-01-22 08:00:00,7.9,26.0
2025-01-22 09:00:00,7.0,49.0
2025-01-22 10:00:00,6.1,80.0
2025-01-22 11:00:00,5.8,75.0
2025-01-22 12:00:00,6.0,56.0
2025-01-22 13:00:00,8.0,52.0
2025-01-22 14:00:00,6.5,30.0
2025-01-22 15:00:00,7.2,3.0
2025-01-22 16:00:00,8.7,0.0
2025-01-22 17:00:00,9.2,0.0
2025-01-22 18:00:00,9.7,0.0
2025-01-22 19:00:00,9.9,0.0
2025-01-22 20:00:00,9.7,0.0
2025-01-22 21:00:00,8.8,0.0
2025-01-22 22:00:00,8.7,0.0
2025-01-22 23:00:00,8.6,0.0
2025-01-23 00:00:00,8.8,0.0
2025-01-23 01:00:00,7.8,0.0
2025-01-23 02:00:00,8.4,0.0
2025-01-23 03:00:00,9.5,0.0
2025-01-23 04:00:00,11.1,0.0
2025-01-23 05:00:00,11.6,0.0
2025-01-23 06:00:00,11.7,0.0
2025-01-23 07:00:00,12.1,2.0
2025-01-23 08:00:00,12.7,22.0
2025-01-23 09:00:00,13.9,47.0
2025-01-23 10:00:00,15.7,72.0
2025-01-23 11:00:00,15.9,85.0
2025-01-23 12:00:00,12.1,70.0
2025-01-23 13:00:00,12.6,66.0
2025-01-23 14:00:00,11.6,28.0
2025-01-23 15:00:00,14.4,4.0
2025-01-23 16:00:00,16.8,0.0
2025-01-23 17:00:00,17.6,0.0
2025-01-23 18:00:00,16.8,0.0
2025-01-23 19:00:00,17.4,0.0
2025-01-23 20:00:00,17.1,0.0
2025-01-23 21:00:00,17.0,0.0
2025-01-23 22:00:00,16.0,0.0
2025-01-23 23:00:00,14.8,0.0
2025-01-24 00:00:00,15.1,0.0
2025-01-24 01:00:00,13.9,0.0
2025-01-24 02:00:00,13.9,0.0
2025-01-24 03:00:00,12.9,0.0
2025-01-24 04:00:00,11.7,0.0
2025-01-24 05:00:00,10.5,0.0
2025-01-24 06:00:00,10.3,0.0
2025-01-24 07:00:00,10.6,1.0
2025-01-24 08:00:00,9.2,8.0
2025-01-24 09:00:00,9.8,23.0
2025-01-24 10:00:00,10.7,53.0
2025-01-24 11:00:00,11.8,55.0
2025-01-24 12:00:00,8.9,43.0
2025-01-24 13:00:00,8.6,61.0
2025-01-24 14:00:00,6.2,25.0
2025-01-24 15:00:00,6.5,5.0
2025-01-24 16:00:00,9.0,0.0
2025-01-24 17:00:00,8.7,0.0
2025-01-24 18:00:00,9.1,0.0
2025-01-24 19:00:00,10.5,0.0
2025-01-24 20:00:00,11.3,0.0
2025-01-24 21:00:00,12.6,0.0
2025-01-24 22:00:00,13.3,0.0
2025-01-24 23:00:00,15.1,0.0
2025-01-25 00:00:00,16.0,0.0
2025-01-25 01:00:00,16.7,0.0
2025-01-25 02:00:00,18.2,0.0
2025-01-25 03:00:00,19.4,0.0
2025-01-25 04:00:00,20.4,0.0
2025-01-25 05:00:00,20.8,0.0
2025-01-25 06:00:00,20.0,0.0
2025-01-25 07:00:00,19.8,2.0
2025-01-25 08:00:00,19.6,16.0
2025-01-25 09:00:00,19.5,47.0
2025-01-25 10:00:00,14.6,53.0
2025-01-25 11:00:00,17.2,27.0
2025-01-25 12:00:00,16.3,44.0
2025-01-25 13:00:00,15.4,20.0
2025-01-25 14:00:00,15.4,21.0
2025-01-25 15:00:00,15.9,4.0
2025-01-25 16:00:00,17.4,0.0
2025-01-25 17:00:00,18.9,0.0
2025-01-25 18:00:00,19.6,0.0
2025-01-25 19:00:00,19.9,0.0
2025-01-25 20:00:00,19.8,0.0
2025-01-25 21:00:00,19.0,0.0
2025-01-25 22:00:00,18.1,0.0
2025-01-25 23:00:00,16.7,0.0
2025-01-26 00:00:00,15.2,0.0
2025-01-26 01:00:00,14.4,0.0
2025-01-26 02:00:00,13.1,0.0
2025-01-26 03:00:00,12.7,0.0
2025-01-26 04:00:00,12.4,0.0
2025-01-26 05:00:00,11.9,0.0
2025-01-26 06:00:00,12.4,0.0
2025-01-26 07:00:00,12.7,6.0
2025-01-26 08:00:00,11.7,43.0
2025-01-26 09:00:00,11.7,130.0
2025-01-26 10:00:00,13.5,148.0
2025-01-26 11:00:00,11.5,65.0
2025-01-26 12:00:00,12.1,106.0
2025-01-26 13:00:00,16.4,85.0
2025-01-26 14:00:00,15.4,34.0
2025-01-26 15:00:00,15.7,9.0
2025-01-26 16:00:00,16.2,0.0
2025-01-26 17:00:00,16.2,0.0
2025-01-26 18:00:00,14.8,0.0
2025-01-26 19:00:00,15.2,0.0
2025-01-26 20:00:00,14.9,0.0
2025-01-26 21:00:00,15.5,0.0
2025-01-26 22:00:00,15.1,0.0
2025-01-26 23:00:00,15.4,0.0
2025-01-27 00:00:00,15.1,0.0
2025-01-27 01:00:00,15.9,0.0
2025-01-27 02:00:00,15.4,0.0
2025-01-27 03:00:00,14.7,0.0
2025-01-27 04:00:00,14.9,0.0
2025-01-27 05:00:00,16.6,0.0
2025-01-27 06:00:00,16.3,0.0
2025-01-27 07:00:00,15.6,4.0
2025-01-27 08:00:00,16.1,23.0
2025-01-27 09:00:00,15.2,38.0
2025-01-27 10:00:00,14.9,77.0
2025-01-27 11:00:00,14.4,120.0
2025-01-27 12:00:00,15.1,161.0
2025-01-27 13:00:00,11.3,167.0
2025-01-27 14:00:00,10.3,94.0
2025-01-27 15:00:00,12.3,16.0
2025-01-27 16:00:00,13.4,0.0
2025-01-27 17:00:00,14.5,0.0
2025-01-27 18:00:00,15.0,0.0
2025-01-27 19:00:00,16.1,0.0
2025-01-27 20:00:00,15.4,0.0
2025-01-27 21:00:00,16.1,0.0
2025-01-27 22:00:00,17.6,0.0
2025-01-27 23:00:00,16.6,0.0
2025-01-28 00:00:00,15.5,0.0
2025-01-28 01:00:00,14.7,0.0
2025-01-28 02:00:00,14.4,0.0
2025-01-28 03:00:00,16.5,0.0
2025-01-28 04:00:00,16.5,0.0
2025-01-28 05:00:00,15.5,0.0
2025-01-28 06:00:00,14.9,0.0
2025-01-28 07:00:00,14.6,12.0
2025-01-28 08:00:00,14.4,90.0
2025-01-28 09:00:00,13.3,137.0
2025-01-28 10:00:00,12.5,62.0
2025-01-28 11:00:00,10.1,89.0
2025-01-28 12:00:00,9.1,192.0
2025-01-28 13:00:00,11.3,72.0
2025-01-28 14:00:00,12.5,48.0
2025-01-28 15:00:00,12.2,16.0
2025-01-28 16:00:00,13.5,0.0
2025-01-28 17:00:00,15.1,0.0
2025-01-28 18:00:00,15.8,0.0
2025-01-28 19:00:00,16.4,0.0
2025-01-28 20:00:00,16.7,0.0
2025-01-28 21:00:00,16.7,0.0
2025-01-28 22:00:00,16.7,0.0
2025-01-28 23:00:00,16.9,0.0
2025-01-29 00:00:00,18.4,0.0
2025-01-29 01:00:00,18.1,0.0
2025-01-29 02:00:00,17.4,0.0
2025-01-29 03:00:00,15.9,0.0
2025-01-29 04:00:00,16.6,0.0
2025-01-29 05:00:00,16.5,0.0
2025-01-29 06:00:00,17.1,0.0
2025-01-29 07:00:00,16.9,11.0
2025-01-29 08:00:00,18.6,38.0
2025-01-29 09:00:00,17.3,59.0
2025-01-29 10:00:00,17.3,55.0
2025-01-29 11:00:00,14.7,35.0
2025-01-29 12:00:00,14.8,39.0
2025-01-29 13:00:00,13.3,40.0
2025-01-29 14:00:00,13.9,18.0
2025-01-29 15:00:00,13.1,10.0
2025-01-29 16:00:00,14.7,0.0
2025-01-29 17:00:00,10.0,0.0
2025-01-29 18:00:00,12.7,0.0
2025-01-29 19:00:00,14.3,0.0
2025-01-29 20:00:00,14.6,0.0
2025-01-29 21:00:00,14.4,0.0
2025-01-29 22:00:00,16.4,0.0
2025-01-29 23:00:00,16.6,0.0
2025-01-30 00:00:00,16.9,0.0
2025-01-30 01:00:00,17.4,0.0
2025-01-30 02:00:00,15.9,0.0
2025-01-30 03:00:00,16.7,0.0
2025-01-30 04:00:00,17.1,0.0
2025-01-30 05:00:00,16.8,0.0
2025-01-30 06:00:00,16.7,0.0
2025-01-30 07:00:00,16.5,14.0
2025-01-30 08:00:00,17.0,60.0
2025-01-30 09:00:00,19.3,70.0
2025-01-30 10:00:00,21.8,89.0
2025-01-30 11:00:00,20.5,112.0
2025-01-30 12:00:00,19.2,151.0
2025-01-30 13:00:00,15.4,146.0
2025-01-30 14:00:00,13.3,94.0
2025-01-30 15:00:00,11.7,19.0
2025-01-30 16:00:00,11.6,0.0
2025-01-30 17:00:00,11.4,0.0
2025-01-30 18:00:00,13.0,0.0
2025-01-30 19:00:00,12.3,0.0
2025-01-30 20:00:00,12.0,0.0
2025-01-30 21:00:00,12.3,0.0
2025-01-30 22:00:00,11.9,0.0
2025-01-30 23:00:00,11.9,0.0
2025-01-31 00:00:00,11.5,0.0
2025-01-31 01:00:00,11.9,0.0
2025-01-31 02:00:00,12.0,0.0
2025-01-31 03:00:00,12.2,0.0
2025-01-31 04:00:00,12.5,0.0
2025-01-31 05:00:00,13.5,0.0
2025-01-31 06:00:00,14.4,0.0
2025-01-31 07:00:00,14.4,17.0
2025-01-31 08:00:00,11.2,104.0
2025-01-31 09:00:00,11.7,195.0
2025-01-31 10:00:00,11.2,260.0
2025-01-31 11:00:00,11.0,285.0
2025-01-31 12:00:00,11.9,268.0
2025-01-31 13:00:00,11.7,199.0
2025-01-31 14:00:00,11.7,87.0
2025-01-31 15:00:00,13.0,18.0
2025-01-31 16:00:00,13.3,0.0
2025-01-31 17:00:00,12.8,0.0
2025-01-31 18:00:00,11.4,0.0
2025-01-31 19:00:00,9.3,0.0
2025-01-31 20:00:00,10.4,0.0
2025-01-31 21:00:00,10.9,0.0
2025-01-31 22:00:00,13.0,0.0
2025-01-31 23:00:00,14.8,0.0
2025-02-01 00:00:00,13.4,0.0
2025-02-01 01:00:00,13.8,0.0
2025-02-01 02:00:00,22.2,0.0
2025-02-01 03:00:00,24.7,0.0
2025-02-01 04:00:00,21.5,0.0
2025-02-01 05:00:00,18.4,0.0
2025-02-01 06:00:00,17.3,0.0
2025-02-01 07:00:00,18.8,3.0
2025-02-01 08:00:00,19.9,27.0
2025-02-01 09:00:00,18.5,70.0
2025-02-01 10:00:00,17.7,111.0
2025-02-01 11:00:00,18.9,144.0
2025-02-01 12:00:00,18.8,150.0
2025-02-01 13:00:00,20.2,182.0
2025-02-01 14:00:00,17.8,83.0
2025-02-01 15:00:00,15.5,24.0
2025-02-01 16:00:00,15.2,0.0
2025-02-01 17:00:00,16.0,0.0
2025-02-01 18:00:00,16.4,0.0
2025-02-01 19:00:00,17.3,0.0
2025-02-01 20:00:00,17.1,0.0
2025-02-01 21:00:00,16.1,0.0
2025-02-01 22:00:00,15.5,0.0
2025-02-01 23:00:00,15.4,0.0
2025-02-02 00:00:00,14.9,0.0
2025-02-02 01:00:00,13.3,0.0
2025-02-02 02:00:00,11.6,0.0
2025-02-02 03:00:00,11.1,0.0
2025-02-02 04:00:00,11.6,0.0
2025-02-02 05:00:00,11.9,0.0
2025-02-02 06:00:00,11.6,0.0
2025-02-02 07:00:00,12.5,4.0
2025-02-02 08:00:00,13.4,32.0
2025-02-02 09:00:00,13.4,81.0
2025-02-02 10:00:00,13.0,109.0
2025-02-02 11:00:00,14.4,128.0
2025-02-02 12:00:00,15.0,104.0
2025-02-02 13:00:00,14.4,70.0
2025-02-02 14:00:00,12.2,47.0
2025-02-02 15:00:00,8.7,17.0
2025-02-02 16:00:00,9.0,0.0
2025-02-02 17:00:00,10.0,0.0
2025-02-02 18:00:00,12.1,0.0
2025-02-02 19:00:00,14.8,0.0
2025-02-02 20:00:00,13.8,0.0
2025-02-02 21:00:00,13.2,0.0
2025-02-02 22:00:00,13.5,0.0
2025-02-02 23:00:00,14.2,0.0
2025-02-03 00:00:00,11.9,0.0
2025-02-03 01:00:00,12.2,0.0
2025-02-03 02:00:00,15.2,0.0
2025-02-03 03:00:00,14.5,0.0
2025-02-03 04:00:00,12.5,0.0
2025-02-03 05:00:00,10.0,0.0
2025-02-03 06:00:00,11.1,0.0
2025-02-03 07:00:00,14.0,17.0
2025-02-03 08:00:00,15.4,67.0
2025-02-03 09:00:00,16.7,50.0
2025-02-03 10:00:00,17.2,55.0
2025-02-03 11:00:00,16.7,66.0
2025-02-03 12:00:00,18.8,121.0
2025-02-03 13:00:00,18.1,113.0
2025-02-03 14:00:00,14.2,39.0
2025-02-03 15:00:00,13.2,8.0
2025-02-03 16:00:00,12.7,0.0
2025-02-03 17:00:00,10.2,0.0
2025-02-03 18:00:00,10.3,0.0
2025-02-03 19:00:00,9.8,0.0
2025-02-03 20:00:00,7.9,0.0
2025-02-03 21:00:00,6.0,0.0
2025-02-03 22:00:00,9.0,0.0
2025-02-03 23:00:00,9.6,0.0
2025-02-04 00:00:00,11.3,0.0
2025-02-04 01:00:00,10.2,0.0
2025-02-04 02:00:00,10.1,0.0
2025-02-04 03:00:00,12.4,0.0
2025-02-04 04:00:00,11.0,0.0
2025-02-04 05:00:00,10.3,0.0
2025-02-04 06:00:00,10.3,0.0
2025-02-04 07:00:00,9.8,18.0
2025-02-04 08:00:00,11.2,67.0
2025-02-04 09:00:00,12.3,88.0
2025-02-04 10:00:00,11.2,151.0
2025-02-04 11:00:00,11.6,118.0
2025-02-04 12:00:00,12.1,107.0
2025-02-04 13:00:00,11.8,63.0
2025-02-04 14:00:00,9.5,32.0
2025-02-04 15:00:00,4.5,10.0
2025-02-04 16:00:00,2.2,0.0
2025-02-04 17:00:00,1.5,0.0
2025-02-04 18:00:00,1.3,0.0
2025-02-04 19:00:00,1.3,0.0
2025-02-04 20:00:00,3.1,0.0
2025-02-04 21:00:00,4.3,0.0
2025-02-04 22:00:00,5.1,0.0
2025-02-04 23:00:00,6.1,0.0
2025-02-05 00:00:00,6.2,0.0
2025-02-05 01:00:00,6.2,0.0
2025-02-05 02:00:00,6.8,0.0
2025-02-05 03:00:00,6.9,0.0
2025-02-05 04:00:00,6.9,0.0
2025-02-05 05:00:00,8.2,0.0
2025-02-05 06:00:00,8.4,0.0
2025-02-05 07:00:00,9.4,10.0
2025-02-05 08:00:00,10.3,36.0
2025-02-05 09:00:00,10.5,42.0
2025-02-05 10:00:00,9.6,56.0
2025-02-05 11:00:00,9.2,79.0
2025-02-05 12:00:00,9.5,57.0
2025-02-05 13:00:00,9.6,39.0
2025-02-05 14:00:00,9.0,27.0
2025-02-05 15:00:00,7.8,10.0
2025-02-05 16:00:00,8.6,0.0
2025-02-05 17:00:00,9.7,0.0
2025-02-05 18:00:00,10.1,0.0
2025-02-05 19:00:00,10.0,0.0
2025-02-05 20:00:00,9.8,0.0
2025-02-05 21:00:00,10.4,0.0
2025-02-05 22:00:00,10.1,0.0
2025-02-05 23:00:00,9.7,0.0
2025-02-06 00:00:00,8.7,0.0
2025-02-06 01:00:00,9.4,0.0
2025-02-06 02:00:00,10.6,0.0
2025-02-06 03:00:00,9.9,0.0
2025-02-06 04:00:00,8.1,0.0
2025-02-06 05:00:00,9.0,0.0
2025-02-06 06:00:00,9.3,0.0
2025-02-06 07:00:00,10.8,5.0
2025-02-06 08:00:00,8.8,23.0
2025-02-06 09:00:00,8.8,41.0
2025-02-06 10:00:00,9.7,70.0
2025-02-06 11:00:00,9.9,72.0
2025-02-06 12:00:00,10.1,63.0
2025-02-06 13:00:00,9.6,43.0
2025-02-06 14:00:00,9.5,28.0
2025-02-06 15:00:00,7.3,10.0
2025-02-06 16:00:00,6.8,0.0
2025-02-06 17:00:00,8.7,0.0
2025-02-06 18:00:00,10.3,0.0
2025-02-06 19:00:00,11.2,0.0
2025-02-06 20:00:00,9.5,0.0
2025-02-06 21:00:00,9.6,0.0
2025-02-06 22:00:00,10.2,0.0
2025-02-06 23:00:00,9.8,0.0
2025-02-07 00:00:00,10.2,0.0
2025-02-07 01:00:00,10.6,0.0
2025-02-07 02:00:00,10.8,0.0
2025-02-07 03:00:00,11.4,0.0
2025-02-07 04:00:00,11.2,0.0
2025-02-07 05:00:00,11.4,0.0
2025-02-07 06:00:00,11.4,0.0
2025-02-07 07:00:00,12.3,14.0
2025-02-07 08:00:00,14.3,54.0
2025-02-07 09:00:00,14.6,72.0
2025-02-07 10:00:00,14.1,97.0
2025-02-07 11:00:00,15.1,157.0
2025-02-07 12:00:00,14.7,159.0
2025-02-07 13:00:00,15.2,126.0
2025-02-07 14:00:00,16.1,89.0
2025-02-07 15:00:00,12.3,23.0
2025-02-07 16:00:00,13.0,0.0
2025-02-07 17:00:00,13.4,0.0
2025-02-07 18:00:00,11.6,0.0
2025-02-07 19:00:00,11.9,0.0
2025-02-07 20:00:00,12.1,0.0
2025-02-07 21:00:00,12.4,0.0
2025-02-07 22:00:00,12.5,0.0
2025-02-07 23:00:00,12.0,0.0
2025-02-08 00:00:00,11.7,0.0
2025-02-08 01:00:00,11.0,0.0
2025-02-08 02:00:00,11.6,0.0
2025-02-08 03:00:00,12.3,0.0
2025-02-08 04:00:00,12.8,0.0
2025-02-08 05:00:00,13.2,0.0
2025-02-08 06:00:00,13.7,0.0
2025-02-08 07:00:00,15.3,13.0
2025-02-08 08:00:00,16.0,59.0
2025-02-08 09:00:00,15.6,111.0
2025-02-08 10:00:00,15.2,146.0
2025-02-08 11:00:00,15.1,162.0
2025-02-08 12:00:00,14.6,151.0
2025-02-08 13:00:00,14.9,122.0
2025-02-08 14:00:00,14.3,90.0
2025-02-08 15:00:00,12.9,33.0
2025-02-08 16:00:00,11.1,0.0
2025-02-08 17:00:00,11.2,0.0
2025-02-08 18:00:00,12.4,0.0
2025-02-08 19:00:00,12.4,0.0
2025-02-08 20:00:00,12.4,0.0
2025-02-08 21:00:00,12.2,0.0
2025-02-08 22:00:00,13.0,0.0
2025-02-08 23:00:00,12.4,0.0
2025-02-09 00:00:00,11.2,0.0
2025-02-09 01:00:00,10.7,0.0
2025-02-09 02:00:00,10.9,0.0
2025-02-09 03:00:00,11.5,0.0
2025-02-09 04:00:00,11.5,0.0
2025-02-09 05:00:00,10.7,0.0
2025-02-09 06:00:00,13.6,0.0
2025-02-09 07:00:00,13.5,24.0
2025-02-09 08:00:00,12.3,80.0
2025-02-09 09:00:00,11.3,139.0
2025-02-09 10:00:00,10.6,207.0
2025-02-09 11:00:00,10.2,219.0
2025-02-09 12:00:00,8.9,252.0
2025-02-09 13:00:00,10.2,170.0
2025-02-09 14:00:00,9.9,121.0
2025-02-09 15:00:00,9.8,41.0
2025-02-09 16:00:00,8.8,0.0
2025-02-09 17:00:00,8.7,0.0
2025-02-09 18:00:00,8.4,0.0
2025-02-09 19:00:00,7.5,0.0
2025-02-09 20:00:00,6.5,0.0
2025-02-09 21:00:00,5.9,0.0
2025-02-09 22:00:00,5.4,0.0
2025-02-09 23:00:00,5.2,0.0
2025-02-10 00:00:00,5.1,0.0
2025-02-10 01:00:00,4.5,0.0
2025-02-10 02:00:00,4.9,0.0
2025-02-10 03:00:00,5.6,0.0
2025-02-10 04:00:00,6.3,0.0
2025-02-10 05:00:00,6.2,0.0
2025-02-10 06:00:00,6.2,0.0
2025-02-10 07:00:00,6.1,22.0
2025-02-10 08:00:00,6.3,69.0
2025-02-10 09:00:00,6.7,134.0
2025-02-10 10:00:00,7.6,173.0
2025-02-10 11:00:00,8.1,201.0
2025-02-10 12:00:00,8.6,196.0
2025-02-10 13:00:00,8.7,126.0
2025-02-10 14:00:00,8.4,89.0
2025-02-10 15:00:00,8.8,32.0
2025-02-10 16:00:00,10.1,0.0
2025-02-10 17:00:00,10.2,0.0
2025-02-10 18:00:00,10.7,0.0
2025-02-10 19:00:00,11.0,0.0
2025-02-10 20:00:00,11.2,0.0
2025-02-10 21:00:00,11.4,0.0
2025-02-10 22:00:00,11.1,0.0
2025-02-10 23:00:00,11.2,0.0
2025-02-11 00:00:00,10.7,0.0
2025-02-11 01:00:00,10.0,0.0
2025-02-11 02:00:00,10.8,0.0
2025-02-11 03:00:00,10.3,0.0
2025-02-11 04:00:00,10.0,0.0
2025-02-11 05:00:00,10.5,0.0
2025-02-11 06:00:00,11.2,0.0
2025-02-11 07:00:00,12.0,18.0
2025-02-11 08:00:00,12.1,60.0
2025-02-11 09:00:00,12.1,102.0
2025-02-11 10:00:00,12.0,159.0
2025-02-11 11:00:00,11.8,182.0
2025-02-11 12:00:00,11.4,208.0
2025-02-11 13:00:00,11.6,126.0
2025-02-11 14:00:00,11.8,93.0
2025-02-11 15:00:00,10.9,32.0
2025-02-11 16:00:00,11.2,1.0
2025-02-11 17:00:00,8.7,0.0
2025-02-11 18:00:00,7.9,0.0
2025-02-11 19:00:00,7.7,0.0
2025-02-11 20:00:00,8.0,0.0
2025-02-11 21:00:00,7.7,0.0
2025-02-11 22:00:00,7.3,0.0
2025-02-11 23:00:00,7.5,0.0
2025-02-12 00:00:00,7.7,0.0
2025-02-12 01:00:00,8.5,0.0
2025-02-12 02:00:00,8.1,0.0
2025-02-12 03:00:00,7.6,0.0
2025-02-12 04:00:00,7.8,0.0
2025-02-12 05:00:00,8.3,0.0
2025-02-12 06:00:00,8.6,0.0
2025-02-12 07:00:00,7.4,57.0
2025-02-12 08:00:00,8.2,172.0
2025-02-12 09:00:00,7.7,273.0
2025-02-12 10:00:00,7.5,317.0
2025-02-12 11:00:00,7.0,321.0
2025-02-12 12:00:00,6.4,297.0
2025-02-12 13:00:00,5.8,176.0
2025-02-12 14:00:00,5.2,136.0
2025-02-12 15:00:00,5.6,51.0
2025-02-12 16:00:00,7.4,2.0
2025-02-12 17:00:00,8.7,0.0
2025-02-12 18:00:00,9.2,0.0
2025-02-12 19:00:00,9.6,0.0
2025-02-12 20:00:00,10.3,0.0
2025-02-12 21:00:00,10.3,0.0
2025-02-12 22:00:00,10.9,0.0
2025-02-12 23:00:00,10.4,0.0
2025-02-13 00:00:00,9.8,0.0
2025-02-13 01:00:00,9.0,0.0
2025-02-13 02:00:00,6.0,0.0
2025-02-13 03:00:00,5.3,0.0
2025-02-13 04:00:00,6.9,0.0
2025-02-13 05:00:00,7.7,0.0
2025-02-13 06:00:00,8.5,1.0
2025-02-13 07:00:00,8.1,59.0
2025-02-13 08:00:00,7.4,178.0
2025-02-13 09:00:00,6.5,284.0
2025-02-13 10:00:00,5.9,354.0
2025-02-13 11:00:00,5.9,381.0
2025-02-13 12:00:00,5.3,361.0
2025-02-13 13:00:00,4.2,295.0
2025-02-13 14:00:00,2.9,194.0
2025-02-13 15:00:00,0.4,76.0
2025-02-13 16:00:00,2.7,3.0
2025-02-13 17:00:00,3.6,0.0
2025-02-13 18:00:00,7.0,0.0
2025-02-13 19:00:00,2.1,0.0
2025-02-13 20:00:00,0.8,0.0
2025-02-13 21:00:00,6.6,0.0
2025-02-13 22:00:00,9.3,0.0
2025-02-13 23:00:00,8.0,0.0
2025-02-14 00:00:00,9.3,0.0
2025-02-14 01:00:00,9.3,0.0
2025-02-14 02:00:00,9.6,0.0
2025-02-14 03:00:00,10.3,0.0
2025-02-14 04:00:00,12.8,0.0
2025-02-14 05:00:00,10.5,0.0
2025-02-14 06:00:00,8.8,1.0
2025-02-14 07:00:00,10.1,29.0
2025-02-14 08:00:00,11.7,77.0
2025-02-14 09:00:00,14.3,118.0
2025-02-14 10:00:00,14.1,168.0
2025-02-14 11:00:00,13.6,171.0
2025-02-14 12:00:00,14.4,163.0
2025-02-14 13:00:00,14.2,84.0
2025-02-14 14:00:00,14.0,64.0
2025-02-14 15:00:00,11.8,23.0
2025-02-14 16:00:00,9.8,1.0
2025-02-14 17:00:00,10.9,0.0
2025-02-14 18:00:00,9.7,0.0
2025-02-14 19:00:00,9.3,0.0
2025-02-14 20:00:00,9.0,0.0
2025-02-14 21:00:00,7.6,0.0
2025-02-14 22:00:00,8.5,0.0
2025-02-14 23:00:00,9.1,0.0
2025-02-15 00:00:00,9.0,0.0
2025-02-15 01:00:00,10.6,0.0
2025-02-15 02:00:00,9.1,0.0
2025-02-15 03:00:00,8.1,0.0
2025-02-15 04:00:00,6.7,0.0
2025-02-15 05:00:00,4.9,0.0
2025-02-15 06:00:00,4.8,1.0
2025-02-15 07:00:00,6.1,25.0
2025-02-15 08:00:00,7.2,116.0
2025-02-15 09:00:00,8.1,239.0
2025-02-15 10:00:00,8.8,228.0
2025-02-15 11:00:00,9.6,224.0
2025-02-15 12:00:00,8.8,158.0
2025-02-15 13:00:00,9.9,113.0
2025-02-15 14:00:00,9.7,82.0
2025-02-15 15:00:00,8.6,39.0
2025-02-15 16:00:00,6.3,3.0
2025-02-15 17:00:00,5.8,0.0
2025-02-15 18:00:00,3.1,0.0
2025-02-15 19:00:00,3.9,0.0
2025-02-15 20:00:00,2.5,0.0
2025-02-15 21:00:00,0.6,0.0
2025-02-15 22:00:00,0.7,0.0
2025-02-15 23:00:00,2.1,0.0
2025-02-16 00:00:00,3.2,0.0
2025-02-16 01:00:00,0.8,0.0
2025-02-16 02:00:00,3.2,0.0
2025-02-16 03:00:00,5.5,0.0
2025-02-16 04:00:00,3.6,0.0
2025-02-16 05:00:00,1.3,0.0
2025-02-16 06:00:00,2.2,1.0
2025-02-16 07:00:00,5.0,61.0
2025-02-16 08:00:00,6.3,193.0
2025-02-16 09:00:00,8.4,302.0
2025-02-16 10:00:00,10.5,376.0
2025-02-16 11:00:00,13.3,404.0
2025-02-16 12:00:00,14.1,377.0
2025-02-16 13:00:00,11.6,303.0
2025-02-16 14:00:00,9.3,209.0
2025-02-16 15:00:00,5.2,84.0
2025-02-16 16:00:00,4.0,4.0
2025-02-16 17:00:00,4.8,0.0
2025-02-16 18:00:00,7.4,0.0
2025-02-16 19:00:00,8.4,0.0
2025-02-16 20:00:00,5.1,0.0
2025-02-16 21:00:00,4.5,0.0
2025-02-16 22:00:00,6.7,0.0
2025-02-16 23:00:00,9.0,0.0
2025-02-17 00:00:00,10.1,0.0
2025-02-17 01:00:00,12.0,0.0
2025-02-17 02:00:00,13.5,0.0
2025-02-17 03:00:00,13.8,0.0
2025-02-17 04:00:00,15.1,0.0
2025-02-17 05:00:00,15.7,0.0
2025-02-17 06:00:00,15.5,1.0
2025-02-17 07:00:00,15.1,33.0
2025-02-17 08:00:00,13.8,91.0
2025-02-17 09:00:00,18.8,140.0
2025-02-17 10:00:00,18.9,153.0
2025-02-17 11:00:00,19.4,138.0
2025-02-17 12:00:00,18.8,148.0
2025-02-17 13:00:00,18.2,208.0
2025-02-17 14:00:00,18.5,156.0
2025-02-17 15:00:00,16.1,75.0
2025-02-17 16:00:00,11.8,4.0
2025-02-17 17:00:00,12.4,0.0
2025-02-17 18:00:00,13.0,0.0
2025-02-17 19:00:00,14.2,0.0
2025-02-17 20:00:00,15.2,0.0
2025-02-17 21:00:00,15.1,0.0
2025-02-17 22:00:00,14.1,0.0
2025-02-17 23:00:00,14.5,0.0
2025-02-18 00:00:00,15.5,0.0
2025-02-18 01:00:00,15.0,0.0
2025-02-18 02:00:00,15.5,0.0
2025-02-18 03:00:00,14.7,0.0
2025-02-18 04:00:00,14.9,0.0
2025-02-18 05:00:00,14.1,0.0
2025-02-18 06:00:00,12.5,2.0
2025-02-18 07:00:00,12.6,22.0
2025-02-18 08:00:00,12.9,73.0
2025-02-18 09:00:00,11.1,145.0
2025-02-18 10:00:00,8.8,283.0
2025-02-18 11:00:00,8.2,390.0
2025-02-18 12:00:00,8.3,400.0
2025-02-18 13:00:00,8.6,330.0
2025-02-18 14:00:00,6.1,227.0
2025-02-18 15:00:00,6.1,101.0
2025-02-18 16:00:00,10.0,8.0
2025-02-18 17:00:00,11.6,0.0
2025-02-18 18:00:00,12.7,0.0
2025-02-18 19:00:00,13.1,0.0
2025-02-18 20:00:00,12.5,0.0
2025-02-18 21:00:00,11.3,0.0
2025-02-18 22:00:00,12.6,0.0
2025-02-18 23:00:00,12.6,0.0
2025-02-19 00:00:00,12.1,0.0
2025-02-19 01:00:00,12.4,0.0
2025-02-19 02:00:00,11.8,0.0
2025-02-19 03:00:00,11.2,0.0
2025-02-19 04:00:00,11.8,0.0
2025-02-19 05:00:00,10.7,0.0
2025-02-19 06:00:00,11.2,4.0
2025-02-19 07:00:00,10.9,68.0
2025-02-19 08:00:00,9.4,202.0
2025-02-19 09:00:00,8.5,315.0
2025-02-19 10:00:00,11.5,370.0
2025-02-19 11:00:00,14.5,242.0
2025-02-19 12:00:00,14.2,216.0
2025-02-19 13:00:00,13.2,286.0
2025-02-19 14:00:00,10.5,226.0
2025-02-19 15:00:00,9.6,105.0
2025-02-19 16:00:00,10.1,10.0
2025-02-19 17:00:00,9.4,0.0
2025-02-19 18:00:00,8.4,0.0
2025-02-19 19:00:00,6.8,0.0
2025-02-19 20:00:00,6.3,0.0
2025-02-19 21:00:00,4.2,0.0
2025-02-19 22:00:00,2.9,0.0
2025-02-19 23:00:00,1.4,0.0
2025-02-20 00:00:00,0.2,0.0
2025-02-20 01:00:00,0.9,0.0
2025-02-20 02:00:00,1.3,0.0
2025-02-20 03:00:00,2.7,0.0
2025-02-20 04:00:00,4.1,0.0
2025-02-20 05:00:00,6.1,0.0
2025-02-20 06:00:00,7.4,5.0
2025-02-20 07:00:00,8.9,50.0
2025-02-20 08:00:00,6.1,83.0
2025-02-20 09:00:00,3.8,109.0
2025-02-20 10:00:00,3.8,158.0
2025-02-20 11:00:00,3.8,268.0
2025-02-20 12:00:00,3.6,306.0
2025-02-20 13:00:00,3.4,299.0
2025-02-20 14:00:00,3.7,219.0
2025-02-20 15:00:00,4.6,101.0
2025-02-20 16:00:00,6.2,11.0
2025-02-20 17:00:00,8.9,0.0
2025-02-20 18:00:00,8.8,0.0
2025-02-20 19:00:00,8.2,0.0
2025-02-20 20:00:00,8.5,0.0
2025-02-20 21:00:00,8.4,0.0
2025-02-20 22:00:00,9.2,0.0
2025-02-20 23:00:00,9.9,0.0
2025-02-21 00:00:00,10.7,0.0
2025-02-21 01:00:00,9.9,0.0
2025-02-21 02:00:00,9.5,0.0
2025-02-21 03:00:00,9.6,0.0
2025-02-21 04:00:00,10.0,0.0
2025-02-21 05:00:00,10.9,0.0
2025-02-21 06:00:00,12.5,8.0
2025-02-21 07:00:00,12.1,100.0
2025-02-21 08:00:00,10.7,226.0
2025-02-21 09:00:00,10.4,326.0
2025-02-21 10:00:00,11.3,416.0
2025-02-21 11:00:00,15.4,443.0
2025-02-21 12:00:00,17.1,422.0
2025-02-21 13:00:00,16.2,352.0
2025-02-21 14:00:00,14.5,246.0
2025-02-21 15:00:00,14.5,115.0
2025-02-21 16:00:00,15.1,11.0
2025-02-21 17:00:00,16.7,0.0
2025-02-21 18:00:00,17.1,0.0
2025-02-21 19:00:00,18.5,0.0
2025-02-21 20:00:00,19.3,0.0
2025-02-21 21:00:00,18.4,0.0
2025-02-21 22:00:00,17.7,0.0
2025-02-21 23:00:00,18.4,0.0
2025-02-22 00:00:00,17.6,0.0
2025-02-22 01:00:00,16.6,0.0
2025-02-22 02:00:00,16.0,0.0
2025-02-22 03:00:00,17.3,0.0
2025-02-22 04:00:00,17.3,0.0
2025-02-22 05:00:00,15.8,0.0
2025-02-22 06:00:00,14.9,3.0
2025-02-22 07:00:00,16.6,39.0
2025-02-22 08:00:00,14.1,90.0
2025-02-22 09:00:00,14.6,166.0
2025-02-22 10:00:00,15.1,154.0
2025-02-22 11:00:00,14.9,183.0
2025-02-22 12:00:00,13.2,185.0
2025-02-22 13:00:00,13.8,193.0
2025-02-22 14:00:00,12.3,171.0
2025-02-22 15:00:00,14.6,58.0
2025-02-22 16:00:00,15.8,7.0
2025-02-22 17:00:00,15.5,0.0
2025-02-22 18:00:00,16.0,0.0
2025-02-22 19:00:00,15.9,0.0
2025-02-22 20:00:00,16.0,0.0
2025-02-22 21:00:00,16.0,0.0
2025-02-22 22:00:00,15.5,0.0
2025-02-22 23:00:00,15.1,0.0
2025-02-23 00:00:00,15.1,0.0
2025-02-23 01:00:00,14.6,0.0
2025-02-23 02:00:00,13.9,0.0
2025-02-23 03:00:00,13.1,0.0
2025-02-23 04:00:00,12.8,0.0
2025-02-23 05:00:00,12.6,0.0
2025-02-23 06:00:00,12.8,11.0
2025-02-23 07:00:00,11.2,109.0
2025-02-23 08:00:00,10.2,238.0
2025-02-23 09:00:00,9.9,347.0
2025-02-23 10:00:00,9.0,418.0
2025-02-23 11:00:00,8.5,444.0
2025-02-23 12:00:00,8.6,423.0
2025-02-23 13:00:00,9.0,354.0
2025-02-23 14:00:00,7.6,250.0
2025-02-23 15:00:00,7.6,122.0
2025-02-23 16:00:00,9.4,16.0
2025-02-23 17:00:00,10.7,0.0
2025-02-23 18:00:00,11.6,0.0
2025-02-23 19:00:00,11.6,0.0
2025-02-23 20:00:00,11.1,0.0
2025-02-23 21:00:00,10.3,0.0
2025-02-23 22:00:00,8.9,0.0
2025-02-23 23:00:00,8.2,0.0
2025-02-24 00:00:00,8.0,0.0
2025-02-24 01:00:00,8.4,0.0
2025-02-24 02:00:00,8.9,0.0
2025-02-24 03:00:00,8.6,0.0
2025-02-24 04:00:00,8.3,0.0
2025-02-24 05:00:00,9.1,0.0
2025-02-24 06:00:00,9.6,13.0
2025-02-24 07:00:00,7.9,116.0
2025-02-24 08:00:00,5.5,246.0
2025-02-24 09:00:00,5.0,356.0
2025-02-24 10:00:00,5.4,427.0
2025-02-24 11:00:00,5.2,454.0
2025-02-24 12:00:00,5.0,432.0
2025-02-24 13:00:00,4.5,364.0
2025-02-24 14:00:00,4.5,258.0
2025-02-24 15:00:00,6.0,129.0
2025-02-24 16:00:00,7.1,19.0
2025-02-24 17:00:00,7.5,0.0
2025-02-24 18:00:00,9.2,0.0
2025-02-24 19:00:00,10.2,0.0
2025-02-24 20:00:00,10.1,0.0
2025-02-24 21:00:00,9.7,0.0
2025-02-24 22:00:00,9.7,0.0
2025-02-24 23:00:00,10.4,0.0
2025-02-25 00:00:00,10.3,0.0
2025-02-25 01:00:00,10.7,0.0
2025-02-25 02:00:00,11.1,0.0
2025-02-25 03:00:00,11.3,0.0
2025-02-25 04:00:00,10.6,0.0
2025-02-25 05:00:00,10.7,0.0
2025-02-25 06:00:00,11.4,15.0
2025-02-25 07:00:00,11.7,121.0
2025-02-25 08:00:00,9.0,251.0
2025-02-25 09:00:00,9.0,359.0
2025-02-25 10:00:00,8.3,430.0
2025-02-25 11:00:00,9.2,455.0
2025-02-25 12:00:00,10.1,432.0
2025-02-25 13:00:00,11.2,363.0
2025-02-25 14:00:00,11.1,259.0
2025-02-25 15:00:00,12.4,131.0
2025-02-25 16:00:00,11.2,20.0
2025-02-25 17:00:00,12.1,0.0
2025-02-25 18:00:00,13.0,0.0
2025-02-25 19:00:00,13.2,0.0
2025-02-25 20:00:00,12.8,0.0
2025-02-25 21:00:00,13.0,0.0
2025-02-25 22:00:00,12.4,0.0
2025-02-25 23:00:00,11.7,0.0
2025-02-26 00:00:00,11.2,0.0
2025-02-26 01:00:00,11.0,0.0
2025-02-26 02:00:00,11.0,0.0
2025-02-26 03:00:00,10.8,0.0
2025-02-26 04:00:00,9.9,0.0
2025-02-26 05:00:00,10.2,0.0
2025-02-26 06:00:00,10.1,10.0
2025-02-26 07:00:00,8.4,64.0
2025-02-26 08:00:00,8.3,109.0
2025-02-26 09:00:00,7.2,170.0
2025-02-26 10:00:00,6.5,176.0
2025-02-26 11:00:00,5.8,145.0
2025-02-26 12:00:00,5.2,140.0
2025-02-26 13:00:00,5.0,68.0
2025-02-26 14:00:00,4.6,52.0
2025-02-26 15:00:00,3.9,31.0
2025-02-26 16:00:00,5.4,4.0
2025-02-26 17:00:00,7.1,0.0
2025-02-26 18:00:00,8.4,0.0
2025-02-26 19:00:00,10.6,0.0
2025-02-26 20:00:00,11.8,0.0
2025-02-26 21:00:00,12.3,0.0
2025-02-26 22:00:00,11.8,0.0
2025-02-26 23:00:00,11.0,0.0
2025-02-27 00:00:00,10.8,0.0
2025-02-27 01:00:00,10.3,0.0
2025-02-27 02:00:00,10.3,0.0
2025-02-27 03:00:00,10.4,0.0
2025-02-27 04:00:00,10.5,0.0
2025-02-27 05:00:00,10.3,0.0
2025-02-27 06:00:00,11.2,9.0
2025-02-27 07:00:00,11.8,32.0
2025-02-27 08:00:00,8.0,81.0
2025-02-27 09:00:00,7.6,207.0
2025-02-27 10:00:00,8.5,148.0
2025-02-27 11:00:00,10.4,109.0
2025-02-27 12:00:00,12.2,118.0
2025-02-27 13:00:00,12.0,67.0
2025-02-27 14:00:00,11.5,49.0
2025-02-27 15:00:00,9.9,25.0
2025-02-27 16:00:00,9.7,5.0
2025-02-27 17:00:00,9.7,0.0
2025-02-27 18:00:00,10.0,0.0
2025-02-27 19:00:00,11.3,0.0
2025-02-27 20:00:00,11.2,0.0
2025-02-27 21:00:00,11.2,0.0
2025-02-27 22:00:00,9.9,0.0
2025-02-27 23:00:00,10.3,0.0
2025-02-28 00:00:00,10.1,0.0
2025-02-28 01:00:00,9.5,0.0
2025-02-28 02:00:00,9.4,0.0
2025-02-28 03:00:00,9.4,0.0
2025-02-28 04:00:00,10.0,0.0
2025-02-28 05:00:00,9.3,0.0
2025-02-28 06:00:00,9.4,7.0
2025-02-28 07:00:00,10.2,39.0
2025-02-28 08:00:00,7.8,59.0
2025-02-28 09:00:00,6.8,104.0
2025-02-28 10:00:00,6.2,191.0
2025-02-28 11:00:00,5.0,182.0
2025-02-28 12:00:00,6.5,132.0
2025-02-28 13:00:00,7.5,103.0
2025-02-28 14:00:00,5.7,79.0
2025-02-28 15:00:00,6.8,43.0
2025-02-28 16:00:00,8.4,7.0
2025-02-28 17:00:00,7.5,0.0
2025-02-28 18:00:00,8.2,0.0
2025-02-28 19:00:00,8.4,0.0
2025-02-28 20:00:00,9.0,0.0
2025-02-28 21:00:00,9.2,0.0
2025-02-28 22:00:00,9.0,0.0
2025-02-28 23:00:00,7.7,0.0
2025-03-01 00:00:00,7.2,0.0
2025-03-01 01:00:00,7.6,0.0
2025-03-01 02:00:00,6.6,0.0
2025-03-01 03:00:00,5.6,0.0
2025-03-01 04:00:00,5.2,0.0
2025-03-01 05:00:00,3.8,0.0
2025-03-01 06:00:00,3.8,3.0
2025-03-01 07:00:00,3.2,19.0
2025-03-01 08:00:00,2.4,46.0
2025-03-01 09:00:00,3.1,76.0
2025-03-01 10:00:00,4.5,152.0
2025-03-01 11:00:00,4.5,135.0
2025-03-01 12:00:00,5.7,102.0
2025-03-01 13:00:00,3.9,53.0
2025-03-01 14:00:00,2.7,37.0
2025-03-01 15:00:00,4.5,28.0
2025-03-01 16:00:00,5.5,5.0
2025-03-01 17:00:00,5.1,0.0
2025-03-01 18:00:00,6.6,0.0
2025-03-01 19:00:00,8.0,0.0
2025-03-01 20:00:00,6.4,0.0
2025-03-01 21:00:00,6.9,0.0
2025-03-01 22:00:00,6.7,0.0
2025-03-01 23:00:00,8.9,0.0
2025-03-02 00:00:00,9.6,0.0
2025-03-02 01:00:00,9.4,0.0
2025-03-02 02:00:00,9.3,0.0
2025-03-02 03:00:00,8.3,0.0
2025-03-02 04:00:00,10.7,0.0
2025-03-02 05:00:00,11.4,0.0
2025-03-02 06:00:00,11.2,7.0
2025-03-02 07:00:00,9.7,34.0
2025-03-02 08:00:00,13.4,74.0
2025-03-02 09:00:00,14.2,106.0
2025-03-02 10:00:00,16.3,130.0
2025-03-02 11:00:00,15.9,157.0
2025-03-02 12:00:00,15.3,195.0
2025-03-02 13:00:00,17.0,131.0
2025-03-02 14:00:00,13.6,99.0
2025-03-02 15:00:00,14.2,32.0
2025-03-02 16:00:00,16.5,8.0
2025-03-02 17:00:00,16.6,0.0
2025-03-02 18:00:00,16.8,0.0
2025-03-02 19:00:00,17.1,0.0
2025-03-02 20:00:00,16.7,0.0
2025-03-02 21:00:00,15.9,0.0
2025-03-02 22:00:00,16.4,0.0
2025-03-02 23:00:00,16.0,0.0
2025-03-03 00:00:00,16.5,0.0
2025-03-03 01:00:00,16.8,0.0
2025-03-03 02:00:00,15.9,0.0
2025-03-03 03:00:00,15.5,0.0
2025-03-03 04:00:00,16.1,0.0
2025-03-03 05:00:00,15.8,0.0
2025-03-03 06:00:00,16.3,15.0
2025-03-03 07:00:00,17.6,66.0
2025-03-03 08:00:00,20.8,103.0
2025-03-03 09:00:00,23.4,109.0
2025-03-03 10:00:00,26.1,110.0
2025-03-03 11:00:00,24.1,117.0
2025-03-03 12:00:00,27.4,176.0
2025-03-03 13:00:00,24.7,110.0
2025-03-03 14:00:00,22.9,79.0
2025-03-03 15:00:00,23.8,40.0
2025-03-03 16:00:00,24.1,9.0
2025-03-03 17:00:00,23.8,0.0
2025-03-03 18:00:00,24.1,0.0
2025-03-03 19:00:00,23.1,0.0
2025-03-03 20:00:00,21.5,0.0
2025-03-03 21:00:00,20.0,0.0
2025-03-03 22:00:00,19.3,0.0
2025-03-03 23:00:00,19.5,0.0
2025-03-04 00:00:00,19.6,0.0
2025-03-04 01:00:00,21.8,0.0
2025-03-04 02:00:00,22.3,0.0
2025-03-04 03:00:00,22.3,0.0
2025-03-04 04:00:00,23.8,0.0
2025-03-04 05:00:00,24.1,0.0
2025-03-04 06:00:00,22.7,6.0
2025-03-04 07:00:00,21.0,29.0
2025-03-04 08:00:00,23.8,66.0
2025-03-04 09:00:00,27.6,92.0
2025-03-04 10:00:00,34.3,129.0
2025-03-04 11:00:00,34.2,132.0
2025-03-04 12:00:00,31.0,109.0
2025-03-04 13:00:00,23.4,56.0
2025-03-04 14:00:00,25.3,42.0
2025-03-04 15:00:00,26.1,25.0
2025-03-04 16:00:00,26.7,5.0
2025-03-04 17:00:00,26.7,0.0
2025-03-04 18:00:00,24.4,0.0
2025-03-04 19:00:00,21.3,0.0
2025-03-04 20:00:00,19.6,0.0
2025-03-04 21:00:00,18.6,0.0
2025-03-04 22:00:00,17.2,0.0
2025-03-04 23:00:00,17.3,0.0
2025-03-05 00:00:00,17.9,0.0
2025-03-05 01:00:00,18.0,0.0
2025-03-05 02:00:00,16.1,0.0
2025-03-05 03:00:00,17.8,0.0
2025-03-05 04:00:00,21.2,0.0
2025-03-05 05:00:00,22.3,0.0
2025-03-05 06:00:00,24.4,15.0
2025-03-05 07:00:00,26.4,72.0
2025-03-05 08:00:00,27.2,167.0
2025-03-05 09:00:00,32.1,260.0
2025-03-05 10:00:00,33.7,255.0
2025-03-05 11:00:00,27.5,297.0
2025-03-05 12:00:00,24.5,183.0
2025-03-05 13:00:00,25.6,171.0
2025-03-05 14:00:00,24.3,108.0
2025-03-05 15:00:00,24.7,76.0
2025-03-05 16:00:00,25.3,22.0
2025-03-05 17:00:00,25.5,0.0
2025-03-05 18:00:00,25.7,0.0
2025-03-05 19:00:00,25.6,0.0
2025-03-05 20:00:00,24.9,0.0
2025-03-05 21:00:00,24.2,0.0
2025-03-05 22:00:00,22.9,0.0
2025-03-05 23:00:00,22.9,0.0
2025-03-06 00:00:00,23.4,0.0
2025-03-06 01:00:00,25.4,0.0
2025-03-06 02:00:00,23.8,0.0
2025-03-06 03:00:00,23.3,0.0
2025-03-06 04:00:00,22.9,0.0
2025-03-06 05:00:00,23.3,0.0
2025-03-06 06:00:00,23.7,36.0
2025-03-06 07:00:00,24.7,152.0
2025-03-06 08:00:00,21.0,287.0
2025-03-06 09:00:00,23.2,401.0
2025-03-06 10:00:00,22.4,479.0
2025-03-06 11:00:00,22.5,509.0
2025-03-06 12:00:00,21.5,490.0
2025-03-06 13:00:00,22.3,419.0
2025-03-06 14:00:00,22.5,311.0
2025-03-06 15:00:00,20.2,179.0
2025-03-06 16:00:00,19.3,48.0
2025-03-06 17:00:00,18.6,0.0
2025-03-06 18:00:00,16.7,0.0
2025-03-06 19:00:00,15.7,0.0
2025-03-06 20:00:00,16.0,0.0
2025-03-06 21:00:00,15.7,0.0
2025-03-06 22:00:00,14.8,0.0
2025-03-06 23:00:00,13.5,0.0
2025-03-07 00:00:00,13.3,0.0
2025-03-07 01:00:00,12.6,0.0
2025-03-07 02:00:00,12.0,0.0
2025-03-07 03:00:00,11.7,0.0
2025-03-07 04:00:00,11.6,0.0
2025-03-07 05:00:00,10.5,0.0
2025-03-07 06:00:00,9.7,48.0
2025-03-07 07:00:00,10.0,176.0
2025-03-07 08:00:00,8.9,308.0
2025-03-07 09:00:00,8.9,416.0
2025-03-07 10:00:00,8.7,485.0
2025-03-07 11:00:00,9.3,508.0
2025-03-07 12:00:00,9.6,484.0
2025-03-07 13:00:00,9.4,414.0
2025-03-07 14:00:00,8.0,308.0
2025-03-07 15:00:00,5.5,177.0
2025-03-07 16:00:00,5.9,50.0
2025-03-07 17:00:00,5.7,0.0
2025-03-07 18:00:00,5.5,0.0
2025-03-07 19:00:00,5.2,0.0
2025-03-07 20:00:00,5.4,0.0
2025-03-07 21:00:00,5.4,0.0
2025-03-07 22:00:00,5.1,0.0
2025-03-07 23:00:00,5.2,0.0
2025-03-08 00:00:00,4.5,0.0
2025-03-08 01:00:00,4.2,0.0
2025-03-08 02:00:00,5.4,0.0
2025-03-08 03:00:00,7.2,0.0
2025-03-08 04:00:00,8.0,0.0
2025-03-08 05:00:00,8.5,0.0
2025-03-08 06:00:00,9.2,53.0
2025-03-08 07:00:00,8.1,183.0
2025-03-08 08:00:00,4.6,316.0
2025-03-08 09:00:00,5.5,423.0
2025-03-08 10:00:00,6.0,492.0
2025-03-08 11:00:00,6.6,515.0
2025-03-08 12:00:00,6.5,492.0
2025-03-08 13:00:00,4.5,423.0
2025-03-08 14:00:00,2.7,317.0
2025-03-08 15:00:00,1.9,185.0
2025-03-08 16:00:00,2.2,54.0
2025-03-08 17:00:00,1.1,0.0
2025-03-08 18:00:00,0.5,0.0
2025-03-08 19:00:00,0.4,0.0
2025-03-08 20:00:00,1.3,0.0
2025-03-08 21:00:00,4.1,0.0
2025-03-08 22:00:00,3.8,0.0
2025-03-08 23:00:00,2.2,0.0
2025-03-09 00:00:00,1.2,0.0
2025-03-09 01:00:00,1.5,0.0
2025-03-09 02:00:00,2.4,0.0
2025-03-09 03:00:00,4.5,0.0
2025-03-09 04:00:00,4.7,0.0
2025-03-09 05:00:00,4.3,0.0
2025-03-09 06:00:00,6.1,56.0
2025-03-09 07:00:00,4.7,185.0
2025-03-09 08:00:00,2.1,317.0
2025-03-09 09:00:00,2.4,424.0
2025-03-09 10:00:00,3.2,491.0
2025-03-09 11:00:00,3.0,517.0
2025-03-09 12:00:00,3.1,496.0
2025-03-09 13:00:00,2.5,429.0
2025-03-09 14:00:00,2.8,321.0
2025-03-09 15:00:00,4.7,183.0
2025-03-09 16:00:00,8.3,50.0
2025-03-09 17:00:00,10.9,0.0
2025-03-09 18:00:00,10.9,0.0
2025-03-09 19:00:00,11.5,0.0
2025-03-09 20:00:00,11.5,0.0
2025-03-09 21:00:00,10.5,0.0
2025-03-09 22:00:00,10.0,0.0
2025-03-09 23:00:00,9.8,0.0
2025-03-10 00:00:00,9.3,0.0
2025-03-10 01:00:00,9.0,0.0
2025-03-10 02:00:00,9.3,0.0
2025-03-10 03:00:00,9.0,0.0
2025-03-10 04:00:00,8.7,0.0
2025-03-10 05:00:00,8.3,0.0
2025-03-10 06:00:00,8.1,40.0
2025-03-10 07:00:00,9.3,140.0
2025-03-10 08:00:00,7.6,295.0
2025-03-10 09:00:00,7.7,364.0
2025-03-10 10:00:00,7.2,442.0
2025-03-10 11:00:00,6.6,475.0
2025-03-10 12:00:00,8.3,469.0
2025-03-10 13:00:00,9.2,421.0
2025-03-10 14:00:00,9.4,324.0
2025-03-10 15:00:00,8.7,192.0
2025-03-10 16:00:00,10.7,61.0
2025-03-10 17:00:00,13.2,1.0
2025-03-10 18:00:00,14.0,0.0
2025-03-10 19:00:00,13.4,0.0
2025-03-10 20:00:00,11.9,0.0
2025-03-10 21:00:00,10.9,0.0
2025-03-10 22:00:00,10.3,0.0
2025-03-10 23:00:00,10.5,0.0
2025-03-11 00:00:00,10.3,0.0
2025-03-11 01:00:00,10.0,0.0
2025-03-11 02:00:00,10.7,0.0
2025-03-11 03:00:00,11.0,0.0
2025-03-11 04:00:00,10.5,0.0
2025-03-11 05:00:00,11.1,1.0
2025-03-11 06:00:00,11.3,32.0
2025-03-11 07:00:00,9.1,122.0
2025-03-11 08:00:00,8.4,221.0
2025-03-11 09:00:00,7.8,347.0
2025-03-11 10:00:00,9.2,378.0
2025-03-11 11:00:00,10.1,437.0
2025-03-11 12:00:00,10.3,441.0
2025-03-11 13:00:00,11.9,428.0
2025-03-11 14:00:00,12.5,322.0
2025-03-11 15:00:00,9.5,192.0
2025-03-11 16:00:00,7.9,61.0
2025-03-11 17:00:00,11.2,1.0
2025-03-11 18:00:00,10.9,0.0
2025-03-11 19:00:00,9.2,0.0
2025-03-11 20:00:00,9.0,0.0
2025-03-11 21:00:00,8.5,0.0
2025-03-11 22:00:00,8.4,0.0
2025-03-11 23:00:00,7.6,0.0
2025-03-12 00:00:00,4.8,0.0
2025-03-12 01:00:00,5.4,0.0
2025-03-12 02:00:00,4.3,0.0
2025-03-12 03:00:00,4.7,0.0
2025-03-12 04:00:00,4.4,0.0
2025-03-12 05:00:00,5.0,1.0
2025-03-12 06:00:00,4.6,37.0
2025-03-12 07:00:00,6.0,100.0
2025-03-12 08:00:00,8.1,176.0
2025-03-12 09:00:00,10.0,205.0
2025-03-12 10:00:00,11.5,232.0
2025-03-12 11:00:00,12.2,302.0
2025-03-12 12:00:00,12.5,370.0
2025-03-12 13:00:00,11.6,255.0
2025-03-12 14:00:00,12.8,228.0
2025-03-12 15:00:00,12.1,121.0
2025-03-12 16:00:00,4.3,51.0
2025-03-12 17:00:00,2.1,1.0
2025-03-12 18:00:00,0.6,0.0
2025-03-12 19:00:00,4.1,0.0
2025-03-12 20:00:00,5.0,0.0
2025-03-12 21:00:00,7.9,0.0
2025-03-12 22:00:00,8.8,0.0
2025-03-12 23:00:00,8.9,0.0
2025-03-13 00:00:00,10.9,0.0
2025-03-13 01:00:00,11.9,0.0
2025-03-13 02:00:00,12.9,0.0
2025-03-13 03:00:00,14.5,0.0
2025-03-13 04:00:00,14.3,0.0
2025-03-13 05:00:00,15.2,1.0
2025-03-13 06:00:00,15.5,34.0
2025-03-13 07:00:00,15.7,155.0
2025-03-13 08:00:00,14.4,288.0
2025-03-13 09:00:00,13.5,395.0
2025-03-13 10:00:00,12.2,458.0
2025-03-13 11:00:00,11.2,406.0
2025-03-13 12:00:00,10.0,316.0
2025-03-13 13:00:00,9.9,213.0
2025-03-13 14:00:00,9.1,182.0
2025-03-13 15:00:00,6.0,81.0
2025-03-13 16:00:00,10.3,17.0
2025-03-13 17:00:00,9.8,0.0
2025-03-13 18:00:00,6.3,0.0
2025-03-13 19:00:00,7.5,0.0
2025-03-13 20:00:00,4.6,0.0
2025-03-13 21:00:00,4.5,0.0
2025-03-13 22:00:00,6.6,0.0
2025-03-13 23:00:00,4.7,0.0
2025-03-14 00:00:00,15.2,0.0
2025-03-14 01:00:00,24.7,0.0
2025-03-14 02:00:00,26.0,0.0
2025-03-14 03:00:00,23.9,0.0
2025-03-14 04:00:00,24.9,0.0
2025-03-14 05:00:00,24.3,1.0
2025-03-14 06:00:00,21.4,22.0
2025-03-14 07:00:00,21.4,44.0
2025-03-14 08:00:00,20.9,108.0
2025-03-14 09:00:00,22.2,167.0
2025-03-14 10:00:00,21.0,193.0
2025-03-14 11:00:00,18.7,214.0
2025-03-14 12:00:00,17.0,176.0
2025-03-14 13:00:00,18.2,207.0
2025-03-14 14:00:00,15.6,206.0
2025-03-14 15:00:00,12.1,152.0
2025-03-14 16:00:00,6.4,57.0
2025-03-14 17:00:00,4.4,2.0
2025-03-14 18:00:00,6.0,0.0
2025-03-14 19:00:00,5.8,0.0
2025-03-14 20:00:00,7.6,0.0
2025-03-14 21:00:00,7.7,0.0
2025-03-14 22:00:00,8.3,0.0
2025-03-14 23:00:00,8.2,0.0
2025-03-15 00:00:00,7.6,0.0
2025-03-15 01:00:00,8.0,0.0
2025-03-15 02:00:00,7.3,0.0
2025-03-15 03:00:00,6.0,0.0
2025-03-15 04:00:00,5.3,0.0
2025-03-15 05:00:00,5.0,4.0
2025-03-15 06:00:00,3.7,89.0
2025-03-15 07:00:00,4.2,231.0
2025-03-15 08:00:00,7.9,368.0
2025-03-15 09:00:00,9.4,475.0
2025-03-15 10:00:00,9.4,542.0
2025-03-15 11:00:00,8.1,567.0
2025-03-15 12:00:00,7.3,542.0
2025-03-15 13:00:00,7.3,448.0
2025-03-15 14:00:00,6.9,356.0
2025-03-15 15:00:00,5.2,223.0
2025-03-15 16:00:00,4.8,83.0
2025-03-15 17:00:00,5.8,3.0
2025-03-15 18:00:00,5.6,0.0
2025-03-15 19:00:00,2.3,0.0
2025-03-15 20:00:00,1.2,0.0
2025-03-15 21:00:00,2.2,0.0
2025-03-15 22:00:00,6.6,0.0
2025-03-15 23:00:00,8.6,0.0
2025-03-16 00:00:00,8.7,0.0
2025-03-16 01:00:00,9.0,0.0
2025-03-16 02:00:00,9.5,0.0
2025-03-16 03:00:00,10.3,0.0
2025-03-16 04:00:00,10.9,0.0
2025-03-16 05:00:00,11.9,6.0
2025-03-16 06:00:00,13.0,93.0
2025-03-16 07:00:00,11.4,231.0
2025-03-16 08:00:00,14.0,361.0
2025-03-16 09:00:00,16.6,471.0
2025-03-16 10:00:00,23.5,516.0
2025-03-16 11:00:00,23.0,518.0
2025-03-16 12:00:00,22.1,531.0
2025-03-16 13:00:00,21.6,436.0
2025-03-16 14:00:00,17.9,157.0
2025-03-16 15:00:00,13.8,44.0
2025-03-16 16:00:00,12.3,12.0
2025-03-16 17:00:00,12.8,1.0
2025-03-16 18:00:00,13.5,0.0
2025-03-16 19:00:00,15.8,0.0
2025-03-16 20:00:00,16.8,0.0
2025-03-16 21:00:00,15.9,0.0
2025-03-16 22:00:00,16.7,0.0
2025-03-16 23:00:00,16.9,0.0
2025-03-17 00:00:00,16.9,0.0
2025-03-17 01:00:00,16.1,0.0
2025-03-17 02:00:00,16.8,0.0
2025-03-17 03:00:00,14.9,0.0
2025-03-17 04:00:00,15.6,0.0
2025-03-17 05:00:00,17.7,6.0
2025-03-17 06:00:00,17.0,98.0
2025-03-17 07:00:00,16.9,245.0
2025-03-17 08:00:00,17.8,384.0
2025-03-17 09:00:00,20.5,491.0
2025-03-17 10:00:00,20.8,556.0
2025-03-17 11:00:00,22.0,555.0
2025-03-17 12:00:00,22.7,495.0
2025-03-17 13:00:00,20.2,429.0
2025-03-17 14:00:00,18.4,359.0
2025-03-17 15:00:00,16.5,237.0
2025-03-17 16:00:00,11.7,93.0
2025-03-17 17:00:00,9.6,5.0
2025-03-17 18:00:00,11.1,0.0
2025-03-17 19:00:00,11.5,0.0
2025-03-17 20:00:00,9.2,0.0
2025-03-17 21:00:00,12.6,0.0
2025-03-17 22:00:00,12.8,0.0
2025-03-17 23:00:00,13.0,0.0
2025-03-18 00:00:00,14.2,0.0
2025-03-18 01:00:00,15.2,0.0
2025-03-18 02:00:00,15.4,0.0
2025-03-18 03:00:00,16.0,0.0
2025-03-18 04:00:00,16.5,0.0
2025-03-18 05:00:00,16.9,3.0
2025-03-18 06:00:00,20.2,26.0
2025-03-18 07:00:00,14.9,63.0
2025-03-18 08:00:00,13.8,61.0
2025-03-18 09:00:00,12.7,130.0
2025-03-18 10:00:00,17.2,105.0
2025-03-18 11:00:00,20.0,300.0
2025-03-18 12:00:00,17.8,166.0
2025-03-18 13:00:00,13.8,162.0
2025-03-18 14:00:00,12.0,100.0
2025-03-18 15:00:00,12.2,102.0
2025-03-18 16:00:00,13.7,57.0
2025-03-18 17:00:00,16.5,2.0
2025-03-18 18:00:00,17.7,0.0
2025-03-18 19:00:00,16.6,0.0
2025-03-18 20:00:00,15.4,0.0
2025-03-18 21:00:00,14.5,0.0
2025-03-18 22:00:00,14.2,0.0
2025-03-18 23:00:00,14.3,0.0
2025-03-19 00:00:00,14.1,0.0
2025-03-19 01:00:00,14.4,0.0
2025-03-19 02:00:00,13.5,0.0
2025-03-19 03:00:00,13.9,0.0
2025-03-19 04:00:00,13.9,0.0
2025-03-19 05:00:00,13.9,5.0
2025-03-19 06:00:00,16.5,57.0
2025-03-19 07:00:00,16.3,130.0
2025-03-19 08:00:00,19.3,230.0
2025-03-19 09:00:00,22.0,382.0
2025-03-19 10:00:00,24.0,532.0
2025-03-19 11:00:00,24.8,521.0
2025-03-19 12:00:00,23.8,500.0
2025-03-19 13:00:00,21.6,316.0
2025-03-19 14:00:00,20.0,286.0
2025-03-19 15:00:00,15.8,180.0
2025-03-19 16:00:00,12.5,89.0
2025-03-19 17:00:00,11.2,6.0
2025-03-19 18:00:00,11.4,0.0
2025-03-19 19:00:00,11.3,0.0
2025-03-19 20:00:00,10.2,0.0
2025-03-19 21:00:00,8.8,0.0
2025-03-19 22:00:00,8.5,0.0
2025-03-19 23:00:00,9.1,0.0
2025-03-20 00:00:00,9.4,0.0
2025-03-20 01:00:00,8.1,0.0
2025-03-20 02:00:00,8.0,0.0
2025-03-20 03:00:00,6.6,0.0
2025-03-20 04:00:00,6.6,0.0
2025-03-20 05:00:00,7.5,12.0
2025-03-20 06:00:00,6.5,115.0
2025-03-20 07:00:00,6.3,262.0
2025-03-20 08:00:00,7.7,396.0
2025-03-20 09:00:00,9.9,500.0
2025-03-20 10:00:00,11.8,567.0
2025-03-20 11:00:00,12.7,589.0
2025-03-20 12:00:00,13.0,564.0
2025-03-20 13:00:00,12.2,494.0
2025-03-20 14:00:00,12.2,385.0
2025-03-20 15:00:00,9.3,247.0
2025-03-20 16:00:00,9.0,103.0
2025-03-20 17:00:00,11.7,8.0
2025-03-20 18:00:00,11.3,0.0
2025-03-20 19:00:00,10.6,0.0
2025-03-20 20:00:00,10.2,0.0
2025-03-20 21:00:00,10.3,0.0
2025-03-20 22:00:00,10.4,0.0
2025-03-20 23:00:00,10.9,0.0
2025-03-21 00:00:00,10.7,0.0
2025-03-21 01:00:00,10.2,0.0
2025-03-21 02:00:00,10.6,0.0
2025-03-21 03:00:00,10.9,0.0
2025-03-21 04:00:00,10.2,0.0
2025-03-21 05:00:00,9.0,8.0
2025-03-21 06:00:00,9.3,99.0
2025-03-21 07:00:00,6.5,254.0
2025-03-21 08:00:00,7.3,397.0
2025-03-21 09:00:00,7.6,505.0
2025-03-21 10:00:00,8.5,573.0
2025-03-21 11:00:00,8.0,594.0
2025-03-21 12:00:00,9.0,567.0
2025-03-21 13:00:00,10.3,495.0
2025-03-21 14:00:00,9.9,384.0
2025-03-21 15:00:00,9.0,247.0
2025-03-21 16:00:00,8.8,102.0
2025-03-21 17:00:00,10.7,9.0
2025-03-21 18:00:00,11.2,0.0
2025-03-21 19:00:00,11.9,0.0
2025-03-21 20:00:00,12.5,0.0
2025-03-21 21:00:00,14.1,0.0
2025-03-21 22:00:00,14.3,0.0
2025-03-21 23:00:00,15.2,0.0
2025-03-22 00:00:00,16.7,0.0
2025-03-22 01:00:00,17.7,0.0
2025-03-22 02:00:00,17.7,0.0
2025-03-22 03:00:00,17.4,0.0
2025-03-22 04:00:00,18.8,0.0
2025-03-22 05:00:00,19.5,16.0
2025-03-22 06:00:00,15.1,122.0
2025-03-22 07:00:00,17.1,266.0
2025-03-22 08:00:00,17.1,401.0
2025-03-22 09:00:00,17.1,509.0
2025-03-22 10:00:00,16.8,576.0
2025-03-22 11:00:00,18.8,598.0
2025-03-22 12:00:00,19.6,572.0
2025-03-22 13:00:00,19.9,498.0
2025-03-22 14:00:00,20.0,389.0
2025-03-22 15:00:00,17.9,252.0
2025-03-22 16:00:00,17.5,108.0
2025-03-22 17:00:00,17.1,10.0
2025-03-22 18:00:00,18.6,0.0
2025-03-22 19:00:00,18.6,0.0
2025-03-22 20:00:00,17.7,0.0
2025-03-22 21:00:00,18.0,0.0
2025-03-22 22:00:00,18.0,0.0
2025-03-22 23:00:00,17.9,0.0
2025-03-23 00:00:00,17.3,0.0
2025-03-23 01:00:00,17.0,0.0
2025-03-23 02:00:00,17.1,0.0
2025-03-23 03:00:00,16.7,0.0
2025-03-23 04:00:00,17.8,0.0
2025-03-23 05:00:00,18.2,19.0
2025-03-23 06:00:00,15.4,132.0
2025-03-23 07:00:00,18.0,279.0
2025-03-23 08:00:00,18.4,414.0
2025-03-23 09:00:00,18.2,520.0
2025-03-23 10:00:00,18.8,586.0
2025-03-23 11:00:00,19.2,604.0
2025-03-23 12:00:00,20.5,575.0
2025-03-23 13:00:00,21.4,501.0
2025-03-23 14:00:00,22.8,390.0
2025-03-23 15:00:00,19.4,252.0
2025-03-23 16:00:00,21.9,96.0
2025-03-23 17:00:00,19.0,9.0
2025-03-23 18:00:00,18.6,0.0
2025-03-23 19:00:00,19.5,0.0
2025-03-23 20:00:00,18.9,0.0
2025-03-23 21:00:00,18.7,0.0
2025-03-23 22:00:00,18.6,0.0
2025-03-23 23:00:00,18.9,0.0
2025-03-24 00:00:00,18.8,0.0
2025-03-24 01:00:00,19.0,0.0
2025-03-24 02:00:00,20.7,0.0
2025-03-24 03:00:00,18.3,0.0
2025-03-24 04:00:00,16.1,0.0
2025-03-24 05:00:00,16.1,3.0
2025-03-24 06:00:00,18.2,10.0
2025-03-24 07:00:00,16.9,31.0
2025-03-24 08:00:00,16.1,38.0
2025-03-24 09:00:00,12.5,43.0
2025-03-24 10:00:00,10.3,59.0
2025-03-24 11:00:00,11.4,86.0
2025-03-24 12:00:00,8.4,65.0
2025-03-24 13:00:00,6.9,79.0
2025-03-24 14:00:00,7.2,86.0
2025-03-24 15:00:00,6.6,59.0
2025-03-24 16:00:00,5.6,34.0
2025-03-24 17:00:00,5.6,5.0
2025-03-24 18:00:00,7.6,0.0
2025-03-24 19:00:00,8.1,0.0
2025-03-24 20:00:00,4.9,0.0
2025-03-24 21:00:00,5.0,0.0
2025-03-24 22:00:00,5.7,0.0
2025-03-24 23:00:00,5.2,0.0
2025-03-25 00:00:00,5.4,0.0
2025-03-25 01:00:00,6.3,0.0
2025-03-25 02:00:00,7.3,0.0
2025-03-25 03:00:00,8.2,0.0
2025-03-25 04:00:00,4.3,0.0
2025-03-25 05:00:00,6.0,12.0
2025-03-25 06:00:00,4.2,75.0
2025-03-25 07:00:00,6.1,179.0
2025-03-25 08:00:00,7.6,250.0
2025-03-25 09:00:00,8.4,274.0
2025-03-25 10:00:00,8.9,377.0
2025-03-25 11:00:00,8.8,375.0
2025-03-25 12:00:00,9.1,400.0
2025-03-25 13:00:00,7.6,285.0
2025-03-25 14:00:00,6.6,276.0
2025-03-25 15:00:00,7.8,229.0
2025-03-25 16:00:00,8.5,117.0
2025-03-25 17:00:00,8.5,14.0
2025-03-25 18:00:00,8.3,0.0
2025-03-25 19:00:00,9.7,0.0
2025-03-25 20:00:00,10.7,0.0
2025-03-25 21:00:00,10.5,0.0
2025-03-25 22:00:00,11.3,0.0
2025-03-25 23:00:00,11.3,0.0
2025-03-26 00:00:00,11.3,0.0
2025-03-26 01:00:00,10.8,0.0
2025-03-26 02:00:00,10.3,0.0
2025-03-26 03:00:00,11.8,0.0
2025-03-26 04:00:00,12.5,0.0
2025-03-26 05:00:00,11.9,4.0
2025-03-26 06:00:00,11.2,17.0
2025-03-26 07:00:00,11.4,38.0
2025-03-26 08:00:00,10.6,74.0
2025-03-26 09:00:00,10.1,103.0
2025-03-26 10:00:00,13.6,143.0
2025-03-26 11:00:00,15.5,167.0
2025-03-26 12:00:00,12.7,82.0
2025-03-26 13:00:00,13.4,98.0
2025-03-26 14:00:00,12.2,88.0
2025-03-26 15:00:00,10.0,56.0
2025-03-26 16:00:00,9.3,23.0
2025-03-26 17:00:00,8.6,3.0
2025-03-26 18:00:00,8.8,0.0
2025-03-26 19:00:00,9.1,0.0
2025-03-26 20:00:00,8.3,0.0
2025-03-26 21:00:00,7.9,0.0
2025-03-26 22:00:00,7.3,0.0
2025-03-26 23:00:00,8.3,0.0
2025-03-27 00:00:00,8.8,0.0
2025-03-27 01:00:00,9.7,0.0
2025-03-27 02:00:00,9.4,0.0
2025-03-27 03:00:00,6.0,0.0
2025-03-27 04:00:00,7.4,0.0
2025-03-27 05:00:00,12.1,10.0
2025-03-27 06:00:00,9.9,38.0
2025-03-27 07:00:00,10.6,115.0
2025-03-27 08:00:00,9.2,205.0
2025-03-27 09:00:00,7.3,291.0
2025-03-27 10:00:00,7.7,391.0
2025-03-27 11:00:00,8.5,381.0
2025-03-27 12:00:00,8.4,374.0
2025-03-27 13:00:00,8.2,191.0
2025-03-27 14:00:00,7.5,195.0
2025-03-27 15:00:00,7.2,152.0
2025-03-27 16:00:00,7.2,64.0
2025-03-27 17:00:00,9.7,14.0
2025-03-27 18:00:00,9.3,0.0
2025-03-27 19:00:00,8.4,0.0
2025-03-27 20:00:00,7.6,0.0
2025-03-27 21:00:00,7.5,0.0
2025-03-27 22:00:00,7.2,0.0
2025-03-27 23:00:00,6.9,0.0
2025-03-28 00:00:00,8.4,0.0
2025-03-28 01:00:00,8.7,0.0
2025-03-28 02:00:00,10.0,0.0
2025-03-28 03:00:00,9.3,0.0
2025-03-28 04:00:00,8.5,0.0
2025-03-28 05:00:00,10.5,30.0
2025-03-28 06:00:00,9.6,155.0
2025-03-28 07:00:00,8.5,299.0
2025-03-28 08:00:00,11.3,430.0
2025-03-28 09:00:00,12.8,532.0
2025-03-28 10:00:00,13.5,589.0
2025-03-28 11:00:00,11.8,478.0
2025-03-28 12:00:00,10.7,403.0
2025-03-28 13:00:00,9.1,330.0
2025-03-28 14:00:00,7.0,297.0
2025-03-28 15:00:00,4.6,245.0
2025-03-28 16:00:00,5.6,125.0
2025-03-28 17:00:00,10.9,20.0
2025-03-28 18:00:00,10.9,0.0
2025-03-28 19:00:00,9.9,0.0
2025-03-28 20:00:00,9.8,0.0
2025-03-28 21:00:00,10.8,0.0
2025-03-28 22:00:00,9.3,0.0
2025-03-28 23:00:00,10.5,0.0
2025-03-29 00:00:00,10.5,0.0
2025-03-29 01:00:00,11.1,0.0
2025-03-29 02:00:00,11.1,0.0
2025-03-29 03:00:00,11.5,0.0
2025-03-29 04:00:00,11.8,0.0
2025-03-29 05:00:00,11.8,37.0
2025-03-29 06:00:00,10.7,163.0
2025-03-29 07:00:00,9.5,311.0
2025-03-29 08:00:00,11.8,446.0
2025-03-29 09:00:00,13.9,550.0
2025-03-29 10:00:00,12.9,614.0
2025-03-29 11:00:00,11.4,633.0
2025-03-29 12:00:00,10.2,606.0
2025-03-29 13:00:00,10.4,532.0
2025-03-29 14:00:00,10.9,421.0
2025-03-29 15:00:00,10.1,284.0
2025-03-29 16:00:00,8.6,138.0
2025-03-29 17:00:00,10.6,23.0
2025-03-29 18:00:00,11.6,0.0
2025-03-29 19:00:00,11.4,0.0
2025-03-29 20:00:00,10.9,0.0
2025-03-29 21:00:00,11.0,0.0
2025-03-29 22:00:00,11.1,0.0
2025-03-29 23:00:00,11.8,0.0
2025-03-30 00:00:00,12.1,0.0
2025-03-30 01:00:00,12.2,0.0
2025-03-30 02:00:00,12.1,0.0
2025-03-30 03:00:00,12.5,0.0
2025-03-30 04:00:00,12.9,0.0
2025-03-30 05:00:00,13.1,41.0
2025-03-30 06:00:00,11.3,169.0
2025-03-30 07:00:00,11.6,316.0
2025-03-30 08:00:00,13.0,443.0
2025-03-30 09:00:00,13.7,550.0
2025-03-30 10:00:00,17.1,613.0
2025-03-30 11:00:00,17.3,520.0
2025-03-30 12:00:00,16.7,466.0
2025-03-30 13:00:00,15.0,305.0
2025-03-30 14:00:00,14.8,294.0
2025-03-30 15:00:00,8.5,166.0
2025-03-30 16:00:00,7.0,84.0
2025-03-30 17:00:00,13.1,16.0
2025-03-30 18:00:00,14.9,0.0
2025-03-30 19:00:00,15.4,0.0
2025-03-30 20:00:00,15.2,0.0
2025-03-30 21:00:00,16.7,0.0
2025-03-30 22:00:00,15.4,0.0
2025-03-30 23:00:00,15.0,0.0
2025-03-31 00:00:00,13.9,0.0
2025-03-31 01:00:00,12.8,0.0
2025-03-31 02:00:00,12.0,0.0
2025-03-31 03:00:00,10.6,0.0
2025-03-31 04:00:00,6.9,0.0
2025-03-31 05:00:00,8.5,38.0
2025-03-31 06:00:00,8.1,130.0
2025-03-31 07:00:00,8.6,202.0
2025-03-31 08:00:00,10.2,327.0
2025-03-31 09:00:00,12.0,488.0
2025-03-31 10:00:00,11.2,503.0
2025-03-31 11:00:00,9.2,243.0
2025-03-31 12:00:00,8.2,184.0
2025-03-31 13:00:00,6.5,202.0
2025-03-31 14:00:00,6.3,174.0
2025-03-31 15:00:00,6.8,172.0
2025-03-31 16:00:00,6.9,99.0
2025-03-31 17:00:00,7.8,20.0
2025-03-31 18:00:00,8.2,0.0
2025-03-31 19:00:00,9.1,0.0
2025-03-31 20:00:00,9.9,0.0
2025-03-31 21:00:00,9.5,0.0
2025-03-31 22:00:00,9.5,0.0
2025-03-31 23:00:00,8.8,0.0
2025-04-01 00:00:00,9.5,0.0
2025-04-01 01:00:00,8.9,0.0
2025-04-01 02:00:00,9.2,0.0
2025-04-01 03:00:00,9.4,0.0
2025-04-01 04:00:00,8.2,0.0
2025-04-01 05:00:00,9.2,14.0
2025-04-01 06:00:00,10.3,57.0
2025-04-01 07:00:00,9.1,133.0
2025-04-01 08:00:00,11.3,293.0
2025-04-01 09:00:00,14.3,438.0
2025-04-01 10:00:00,17.6,308.0
2025-04-01 11:00:00,14.9,177.0
2025-04-01 12:00:00,15.9,240.0
2025-04-01 13:00:00,22.8,415.0
2025-04-01 14:00:00,19.1,222.0
2025-04-01 15:00:00,18.0,221.0
2025-04-01 16:00:00,15.3,108.0
2025-04-01 17:00:00,15.4,24.0
2025-04-01 18:00:00,14.4,0.0
2025-04-01 19:00:00,18.5,0.0
2025-04-01 20:00:00,17.1,0.0
2025-04-01 21:00:00,15.0,0.0
2025-04-01 22:00:00,16.0,0.0
2025-04-01 23:00:00,16.5,0.0
2025-04-02 00:00:00,16.2,0.0
2025-04-02 01:00:00,15.3,0.0
2025-04-02 02:00:00,15.2,0.0
2025-04-02 03:00:00,15.3,0.0
2025-04-02 04:00:00,15.2,0.0
2025-04-02 05:00:00,15.0,53.0
2025-04-02 06:00:00,13.7,187.0
2025-04-02 07:00:00,14.3,335.0
2025-04-02 08:00:00,14.9,469.0
2025-04-02 09:00:00,16.1,573.0
2025-04-02 10:00:00,16.5,636.0
2025-04-02 11:00:00,17.2,653.0
2025-04-02 12:00:00,18.4,613.0
2025-04-02 13:00:00,18.4,544.0
2025-04-02 14:00:00,18.6,436.0
2025-04-02 15:00:00,17.8,296.0
2025-04-02 16:00:00,14.5,150.0
2025-04-02 17:00:00,12.4,31.0
2025-04-02 18:00:00,11.9,0.0
2025-04-02 19:00:00,11.9,0.0
2025-04-02 20:00:00,11.7,0.0
2025-04-02 21:00:00,10.7,0.0
2025-04-02 22:00:00,10.1,0.0
2025-04-02 23:00:00,10.1,0.0
2025-04-03 00:00:00,9.4,0.0
2025-04-03 01:00:00,9.7,0.0
2025-04-03 02:00:00,8.7,0.0
2025-04-03 03:00:00,7.9,0.0
2025-04-03 04:00:00,9.4,0.0
2025-04-03 05:00:00,8.7,55.0
2025-04-03 06:00:00,6.3,185.0
2025-04-03 07:00:00,5.8,330.0
2025-04-03 08:00:00,7.1,462.0
2025-04-03 09:00:00,10.1,562.0
2025-04-03 10:00:00,13.0,625.0
2025-04-03 11:00:00,13.9,645.0
2025-04-03 12:00:00,15.1,620.0
2025-04-03 13:00:00,17.5,552.0
2025-04-03 14:00:00,16.9,441.0
2025-04-03 15:00:00,14.4,303.0
2025-04-03 16:00:00,10.5,156.0
2025-04-03 17:00:00,8.0,34.0
2025-04-03 18:00:00,6.2,0.0
2025-04-03 19:00:00,4.2,0.0
2025-04-03 20:00:00,6.2,0.0
2025-04-03 21:00:00,11.6,0.0
2025-04-03 22:00:00,10.4,0.0
2025-04-03 23:00:00,11.1,0.0
2025-04-04 00:00:00,11.7,0.0
2025-04-04 01:00:00,11.7,0.0
2025-04-04 02:00:00,11.9,0.0
2025-04-04 03:00:00,12.1,0.0
2025-04-04 04:00:00,12.6,1.0
2025-04-04 05:00:00,13.0,62.0
2025-04-04 06:00:00,10.7,197.0
2025-04-04 07:00:00,12.2,344.0
2025-04-04 08:00:00,13.9,476.0
2025-04-04 09:00:00,13.6,577.0
2025-04-04 10:00:00,14.0,639.0
2025-04-04 11:00:00,15.7,656.0
2025-04-04 12:00:00,16.9,625.0
2025-04-04 13:00:00,18.4,550.0
2025-04-04 14:00:00,18.9,423.0
2025-04-04 15:00:00,19.1,276.0
2025-04-04 16:00:00,14.9,134.0
2025-04-04 17:00:00,13.3,31.0
2025-04-04 18:00:00,11.9,0.0
2025-04-04 19:00:00,11.9,0.0
2025-04-04 20:00:00,14.0,0.0
2025-04-04 21:00:00,12.3,0.0
2025-04-04 22:00:00,10.5,0.0
2025-04-04 23:00:00,9.6,0.0
2025-04-05 00:00:00,8.3,0.0
2025-04-05 01:00:00,9.9,0.0
2025-04-05 02:00:00,12.5,0.0
2025-04-05 03:00:00,14.3,0.0
2025-04-05 04:00:00,14.8,1.0
2025-04-05 05:00:00,13.8,48.0
2025-04-05 06:00:00,19.7,174.0
2025-04-05 07:00:00,18.0,334.0
2025-04-05 08:00:00,15.7,450.0
2025-04-05 09:00:00,15.5,575.0
2025-04-05 10:00:00,16.5,628.0
2025-04-05 11:00:00,16.5,293.0
2025-04-05 12:00:00,16.3,248.0
2025-04-05 13:00:00,15.7,289.0
2025-04-05 14:00:00,15.7,149.0
2025-04-05 15:00:00,18.4,94.0
2025-04-05 16:00:00,24.5,17.0
2025-04-05 17:00:00,25.9,6.0
2025-04-05 18:00:00,26.0,0.0
2025-04-05 19:00:00,25.7,0.0
2025-04-05 20:00:00,25.9,0.0
2025-04-05 21:00:00,26.2,0.0
2025-04-05 22:00:00,24.7,0.0
2025-04-05 23:00:00,22.8,0.0
2025-04-06 00:00:00,20.7,0.0
2025-04-06 01:00:00,20.7,0.0
2025-04-06 02:00:00,20.7,0.0
2025-04-06 03:00:00,20.3,0.0
2025-04-06 04:00:00,20.7,2.0
2025-04-06 05:00:00,19.4,75.0
2025-04-06 06:00:00,24.2,220.0
2025-04-06 07:00:00,28.0,372.0
2025-04-06 08:00:00,27.4,442.0
2025-04-06 09:00:00,27.4,579.0
2025-04-06 10:00:00,27.8,643.0
2025-04-06 11:00:00,28.6,686.0
2025-04-06 12:00:00,27.5,652.0
2025-04-06 13:00:00,26.5,471.0
2025-04-06 14:00:00,26.0,375.0
2025-04-06 15:00:00,24.5,230.0
2025-04-06 16:00:00,21.4,140.0
2025-04-06 17:00:00,17.6,35.0
2025-04-06 18:00:00,15.4,0.0
2025-04-06 19:00:00,14.3,0.0
2025-04-06 20:00:00,14.2,0.0
2025-04-06 21:00:00,14.6,0.0
2025-04-06 22:00:00,14.4,0.0
2025-04-06 23:00:00,15.1,0.0
2025-04-07 00:00:00,15.6,0.0
2025-04-07 01:00:00,15.7,0.0
2025-04-07 02:00:00,16.1,0.0
2025-04-07 03:00:00,16.8,0.0
2025-04-07 04:00:00,17.0,3.0
2025-04-07 05:00:00,15.0,81.0
2025-04-07 06:00:00,19.3,228.0
2025-04-07 07:00:00,21.1,381.0
2025-04-07 08:00:00,22.5,516.0
2025-04-07 09:00:00,26.6,620.0
2025-04-07 10:00:00,25.5,664.0
2025-04-07 11:00:00,24.7,685.0
2025-04-07 12:00:00,24.3,599.0
2025-04-07 13:00:00,23.6,474.0
2025-04-07 14:00:00,23.0,390.0
2025-04-07 15:00:00,22.7,247.0
2025-04-07 16:00:00,16.6,85.0
2025-04-07 17:00:00,15.7,20.0
2025-04-07 18:00:00,12.8,0.0
2025-04-07 19:00:00,11.7,0.0
2025-04-07 20:00:00,11.2,0.0
2025-04-07 21:00:00,8.8,0.0
2025-04-07 22:00:00,10.6,0.0
2025-04-07 23:00:00,12.0,0.0
2025-04-08 00:00:00,11.4,0.0
2025-04-08 01:00:00,14.5,0.0
2025-04-08 02:00:00,14.2,0.0
2025-04-08 03:00:00,13.2,0.0
2025-04-08 04:00:00,13.1,4.0
2025-04-08 05:00:00,11.7,83.0
2025-04-08 06:00:00,14.3,227.0
2025-04-08 07:00:00,13.4,357.0
2025-04-08 08:00:00,14.1,470.0
2025-04-08 09:00:00,15.9,582.0
2025-04-08 10:00:00,17.0,622.0
2025-04-08 11:00:00,19.4,566.0
2025-04-08 12:00:00,18.9,464.0
2025-04-08 13:00:00,21.6,506.0
2025-04-08 14:00:00,21.1,376.0
2025-04-08 15:00:00,20.0,288.0
2025-04-08 16:00:00,14.7,89.0
2025-04-08 17:00:00,14.3,26.0
2025-04-08 18:00:00,10.6,0.0
2025-04-08 19:00:00,7.0,0.0
2025-04-08 20:00:00,6.5,0.0
2025-04-08 21:00:00,9.6,0.0
2025-04-08 22:00:00,9.8,0.0
2025-04-08 23:00:00,9.9,0.0
2025-04-09 00:00:00,9.0,0.0
2025-04-09 01:00:00,8.7,0.0
2025-04-09 02:00:00,8.9,0.0
2025-04-09 03:00:00,9.5,0.0
2025-04-09 04:00:00,9.5,5.0
2025-04-09 05:00:00,7.0,87.0
2025-04-09 06:00:00,6.2,227.0
2025-04-09 07:00:00,7.0,370.0
2025-04-09 08:00:00,10.8,501.0
2025-04-09 09:00:00,13.2,436.0
2025-04-09 10:00:00,14.3,182.0
2025-04-09 11:00:00,14.2,151.0
2025-04-09 12:00:00,15.3,125.0
2025-04-09 13:00:00,19.9,102.0
2025-04-09 14:00:00,16.8,114.0
2025-04-09 15:00:00,23.4,73.0
2025-04-09 16:00:00,23.4,28.0
2025-04-09 17:00:00,17.4,4.0
2025-04-09 18:00:00,22.4,0.0
2025-04-09 19:00:00,19.8,0.0
2025-04-09 20:00:00,21.7,0.0
2025-04-09 21:00:00,20.9,0.0
2025-04-09 22:00:00,19.1,0.0
2025-04-09 23:00:00,18.3,0.0
2025-04-10 00:00:00,18.3,0.0
2025-04-10 01:00:00,18.0,0.0
2025-04-10 02:00:00,18.1,0.0
2025-04-10 03:00:00,18.0,0.0
2025-04-10 04:00:00,18.5,6.0
2025-04-10 05:00:00,16.2,91.0
2025-04-10 06:00:00,22.4,230.0
2025-04-10 07:00:00,26.3,379.0
2025-04-10 08:00:00,26.0,422.0
2025-04-10 09:00:00,24.2,521.0
2025-04-10 10:00:00,25.9,595.0
2025-04-10 11:00:00,26.2,657.0
2025-04-10 12:00:00,26.3,683.0
2025-04-10 13:00:00,24.7,298.0
2025-04-10 14:00:00,22.1,193.0
2025-04-10 15:00:00,20.1,133.0
2025-04-10 16:00:00,15.8,84.0
2025-04-10 17:00:00,9.2,32.0
2025-04-10 18:00:00,6.6,0.0
2025-04-10 19:00:00,5.9,0.0
2025-04-10 20:00:00,6.2,0.0
2025-04-10 21:00:00,7.5,0.0
2025-04-10 22:00:00,9.6,0.0
2025-04-10 23:00:00,9.1,0.0
2025-04-11 00:00:00,8.0,0.0
2025-04-11 01:00:00,8.2,0.0
2025-04-11 02:00:00,8.9,0.0
2025-04-11 03:00:00,10.0,0.0
2025-04-11 04:00:00,10.8,4.0
2025-04-11 05:00:00,15.4,45.0
2025-04-11 06:00:00,16.9,100.0
2025-04-11 07:00:00,15.3,103.0
2025-04-11 08:00:00,13.6,100.0
2025-04-11 09:00:00,15.8,142.0
2025-04-11 10:00:00,16.2,204.0
2025-04-11 11:00:00,15.3,137.0
2025-04-11 12:00:00,15.5,277.0
2025-04-11 13:00:00,15.6,170.0
2025-04-11 14:00:00,9.9,86.0
2025-04-11 15:00:00,9.2,57.0
2025-04-11 16:00:00,8.5,96.0
2025-04-11 17:00:00,8.9,44.0
2025-04-11 18:00:00,19.0,1.0
2025-04-11 19:00:00,16.4,0.0
2025-04-11 20:00:00,16.0,0.0
2025-04-11 21:00:00,13.9,0.0
2025-04-11 22:00:00,11.5,0.0
2025-04-11 23:00:00,11.1,0.0
2025-04-12 00:00:00,10.1,0.0
2025-04-12 01:00:00,10.0,0.0
2025-04-12 02:00:00,9.0,0.0
2025-04-12 03:00:00,8.3,0.0
2025-04-12 04:00:00,7.4,9.0
2025-04-12 05:00:00,3.1,101.0
2025-04-12 06:00:00,2.0,252.0
2025-04-12 07:00:00,2.0,225.0
2025-04-12 08:00:00,3.6,247.0
2025-04-12 09:00:00,6.5,454.0
2025-04-12 10:00:00,8.8,606.0
2025-04-12 11:00:00,10.4,581.0
2025-04-12 12:00:00,12.4,560.0
2025-04-12 13:00:00,13.6,574.0
2025-04-12 14:00:00,15.5,432.0
2025-04-12 15:00:00,16.0,324.0
2025-04-12 16:00:00,14.8,193.0
2025-04-12 17:00:00,13.9,55.0
2025-04-12 18:00:00,13.6,1.0
2025-04-12 19:00:00,13.2,0.0
2025-04-12 20:00:00,11.3,0.0
2025-04-12 21:00:00,9.7,0.0
2025-04-12 22:00:00,8.9,0.0
2025-04-12 23:00:00,8.6,0.0
2025-04-13 00:00:00,8.2,0.0
2025-04-13 01:00:00,8.6,0.0
2025-04-13 02:00:00,7.7,0.0
2025-04-13 03:00:00,6.7,0.0
2025-04-13 04:00:00,5.3,3.0
2025-04-13 05:00:00,3.8,29.0
2025-04-13 06:00:00,2.8,159.0
2025-04-13 07:00:00,4.0,249.0
2025-04-13 08:00:00,4.0,310.0
2025-04-13 09:00:00,5.1,390.0
2025-04-13 10:00:00,5.4,331.0
2025-04-13 11:00:00,7.2,326.0
2025-04-13 12:00:00,9.1,380.0
2025-04-13 13:00:00,8.1,275.0
2025-04-13 14:00:00,8.2,347.0
2025-04-13 15:00:00,9.3,262.0
2025-04-13 16:00:00,11.3,188.0
2025-04-13 17:00:00,13.6,63.0
2025-04-13 18:00:00,14.1,1.0
2025-04-13 19:00:00,14.5,0.0
2025-04-13 20:00:00,13.8,0.0
2025-04-13 21:00:00,14.2,0.0
2025-04-13 22:00:00,15.1,0.0
2025-04-13 23:00:00,15.6,0.0
2025-04-14 00:00:00,15.2,0.0
2025-04-14 01:00:00,15.7,0.0
2025-04-14 02:00:00,15.3,0.0
2025-04-14 03:00:00,15.5,0.0
2025-04-14 04:00:00,15.6,9.0
2025-04-14 05:00:00,15.8,71.0
2025-04-14 06:00:00,13.5,150.0
2025-04-14 07:00:00,14.9,227.0
2025-04-14 08:00:00,16.4,374.0
2025-04-14 09:00:00,16.7,461.0
2025-04-14 10:00:00,17.3,546.0
2025-04-14 11:00:00,17.1,356.0
2025-04-14 12:00:00,15.4,272.0
2025-04-14 13:00:00,14.8,312.0
2025-04-14 14:00:00,14.5,181.0
2025-04-14 15:00:00,13.7,148.0
2025-04-14 16:00:00,13.7,77.0
2025-04-14 17:00:00,13.5,24.0
2025-04-14 18:00:00,13.5,1.0
2025-04-14 19:00:00,13.0,0.0
2025-04-14 20:00:00,12.9,0.0
2025-04-14 21:00:00,12.6,0.0
2025-04-14 22:00:00,13.7,0.0
2025-04-14 23:00:00,13.0,0.0
2025-04-15 00:00:00,13.9,0.0
2025-04-15 01:00:00,11.5,0.0
2025-04-15 02:00:00,7.1,0.0
2025-04-15 03:00:00,9.5,0.0
2025-04-15 04:00:00,10.6,7.0
2025-04-15 05:00:00,12.5,71.0
2025-04-15 06:00:00,10.8,218.0
2025-04-15 07:00:00,9.0,378.0
2025-04-15 08:00:00,6.3,518.0
2025-04-15 09:00:00,7.2,615.0
2025-04-15 10:00:00,9.6,677.0
2025-04-15 11:00:00,12.1,689.0
2025-04-15 12:00:00,13.7,625.0
2025-04-15 13:00:00,13.3,537.0
2025-04-15 14:00:00,14.3,447.0
2025-04-15 15:00:00,14.2,324.0
2025-04-15 16:00:00,10.3,194.0
2025-04-15 17:00:00,11.5,65.0
2025-04-15 18:00:00,12.5,2.0
2025-04-15 19:00:00,14.1,0.0
2025-04-15 20:00:00,15.8,0.0
2025-04-15 21:00:00,15.1,0.0
2025-04-15 22:00:00,14.7,0.0
2025-04-15 23:00:00,14.5,0.0
2025-04-16 00:00:00,14.4,0.0
2025-04-16 01:00:00,14.3,0.0
2025-04-16 02:00:00,15.5,0.0
2025-04-16 03:00:00,16.2,0.0
2025-04-16 04:00:00,17.2,9.0
2025-04-16 05:00:00,17.6,20.0
2025-04-16 06:00:00,18.1,54.0
2025-04-16 07:00:00,18.3,116.0
2025-04-16 08:00:00,21.7,146.0
2025-04-16 09:00:00,21.8,232.0
2025-04-16 10:00:00,21.3,255.0
2025-04-16 11:00:00,20.7,213.0
2025-04-16 12:00:00,21.9,207.0
2025-04-16 13:00:00,20.3,182.0
2025-04-16 14:00:00,21.9,173.0
2025-04-16 15:00:00,17.8,105.0
2025-04-16 16:00:00,15.1,58.0
2025-04-16 17:00:00,14.2,25.0
2025-04-16 18:00:00,15.1,2.0
2025-04-16 19:00:00,15.1,0.0
2025-04-16 20:00:00,14.4,0.0
2025-04-16 21:00:00,13.7,0.0
2025-04-16 22:00:00,13.2,0.0
2025-04-16 23:00:00,12.9,0.0
2025-04-17 00:00:00,12.8,0.0
2025-04-17 01:00:00,11.8,0.0
2025-04-17 02:00:00,11.7,0.0
2025-04-17 03:00:00,11.7,0.0
2025-04-17 04:00:00,12.3,17.0
2025-04-17 05:00:00,14.4,118.0
2025-04-17 06:00:00,10.9,260.0
2025-04-17 07:00:00,12.3,404.0
2025-04-17 08:00:00,11.5,532.0
2025-04-17 09:00:00,10.7,629.0
2025-04-17 10:00:00,11.5,688.0
2025-04-17 11:00:00,12.6,705.0
2025-04-17 12:00:00,12.4,676.0
2025-04-17 13:00:00,12.5,604.0
2025-04-17 14:00:00,12.2,493.0
2025-04-17 15:00:00,9.5,357.0
2025-04-17 16:00:00,6.8,209.0
2025-04-17 17:00:00,8.8,76.0
2025-04-17 18:00:00,9.0,4.0
2025-04-17 19:00:00,8.8,0.0
2025-04-17 20:00:00,10.3,0.0
2025-04-17 21:00:00,11.4,0.0
2025-04-17 22:00:00,12.5,0.0
2025-04-17 23:00:00,12.0,0.0
2025-04-18 00:00:00,11.5,0.0
2025-04-18 01:00:00,11.2,0.0
2025-04-18 02:00:00,11.7,0.0
2025-04-18 03:00:00,12.1,0.0
2025-04-18 04:00:00,12.0,19.0
2025-04-18 05:00:00,11.3,120.0
2025-04-18 06:00:00,10.0,261.0
2025-04-18 07:00:00,11.2,405.0
2025-04-18 08:00:00,11.6,525.0
2025-04-18 09:00:00,12.3,623.0
2025-04-18 10:00:00,12.5,687.0
2025-04-18 11:00:00,12.7,704.0
2025-04-18 12:00:00,12.1,663.0
2025-04-18 13:00:00,11.4,602.0
2025-04-18 14:00:00,10.7,475.0
2025-04-18 15:00:00,8.9,334.0
2025-04-18 16:00:00,7.8,187.0
2025-04-18 17:00:00,9.1,70.0
2025-04-18 18:00:00,11.4,4.0
2025-04-18 19:00:00,12.1,0.0
2025-04-18 20:00:00,12.2,0.0
2025-04-18 21:00:00,12.1,0.0
2025-04-18 22:00:00,10.1,0.0
2025-04-18 23:00:00,10.1,0.0
2025-04-19 00:00:00,11.0,0.0
2025-04-19 01:00:00,10.0,0.0
2025-04-19 02:00:00,10.7,0.0
2025-04-19 03:00:00,9.8,0.0
2025-04-19 04:00:00,13.1,21.0
2025-04-19 05:00:00,10.7,126.0
2025-04-19 06:00:00,9.4,267.0
2025-04-19 07:00:00,12.1,410.0
2025-04-19 08:00:00,12.8,537.0
2025-04-19 09:00:00,13.5,632.0
2025-04-19 10:00:00,15.0,692.0
2025-04-19 11:00:00,14.1,679.0
2025-04-19 12:00:00,13.8,633.0
2025-04-19 13:00:00,13.7,575.0
2025-04-19 14:00:00,14.4,356.0
2025-04-19 15:00:00,15.1,286.0
2025-04-19 16:00:00,8.6,98.0
2025-04-19 17:00:00,9.0,67.0
2025-04-19 18:00:00,9.6,5.0
2025-04-19 19:00:00,10.0,0.0
2025-04-19 20:00:00,9.7,0.0
2025-04-19 21:00:00,11.3,0.0
2025-04-19 22:00:00,9.4,0.0
2025-04-19 23:00:00,9.3,0.0
2025-04-20 00:00:00,8.6,0.0
2025-04-20 01:00:00,5.6,0.0
2025-04-20 02:00:00,3.8,0.0
2025-04-20 03:00:00,2.8,0.0
2025-04-20 04:00:00,3.1,13.0
2025-04-20 05:00:00,5.4,92.0
2025-04-20 06:00:00,6.9,231.0
2025-04-20 07:00:00,6.5,393.0
2025-04-20 08:00:00,8.1,502.0
2025-04-20 09:00:00,10.0,525.0
2025-04-20 10:00:00,11.7,601.0
2025-04-20 11:00:00,13.8,645.0
2025-04-20 12:00:00,13.9,529.0
2025-04-20 13:00:00,13.0,523.0
2025-04-20 14:00:00,12.0,400.0
2025-04-20 15:00:00,11.5,326.0
2025-04-20 16:00:00,7.8,186.0
2025-04-20 17:00:00,9.4,67.0
2025-04-20 18:00:00,13.0,5.0
2025-04-20 19:00:00,13.9,0.0
2025-04-20 20:00:00,14.2,0.0
2025-04-20 21:00:00,12.1,0.0
2025-04-20 22:00:00,11.2,0.0
2025-04-20 23:00:00,10.8,0.0
2025-04-21 00:00:00,11.2,0.0
2025-04-21 01:00:00,11.3,0.0
2025-04-21 02:00:00,10.9,0.0
2025-04-21 03:00:00,10.5,0.0
2025-04-21 04:00:00,10.5,27.0
2025-04-21 05:00:00,10.8,137.0
2025-04-21 06:00:00,7.2,283.0
2025-04-21 07:00:00,6.9,430.0
2025-04-21 08:00:00,7.5,559.0
2025-04-21 09:00:00,10.4,656.0
2025-04-21 10:00:00,12.9,622.0
2025-04-21 11:00:00,11.2,615.0
2025-04-21 12:00:00,8.3,564.0
2025-04-21 13:00:00,5.1,428.0
2025-04-21 14:00:00,6.9,350.0
2025-04-21 15:00:00,6.7,291.0
2025-04-21 16:00:00,6.4,179.0
2025-04-21 17:00:00,8.0,77.0
2025-04-21 18:00:00,6.7,6.0
2025-04-21 19:00:00,8.9,0.0
2025-04-21 20:00:00,10.7,0.0
2025-04-21 21:00:00,10.5,0.0
2025-04-21 22:00:00,10.2,0.0
2025-04-21 23:00:00,10.5,0.0
2025-04-22 00:00:00,10.9,0.0
2025-04-22 01:00:00,11.4,0.0
2025-04-22 02:00:00,9.1,0.0
2025-04-22 03:00:00,9.5,0.0
2025-04-22 04:00:00,10.6,29.0
2025-04-22 05:00:00,8.0,134.0
2025-04-22 06:00:00,5.2,275.0
2025-04-22 07:00:00,5.0,336.0
2025-04-22 08:00:00,4.5,390.0
2025-04-22 09:00:00,3.9,451.0
2025-04-22 10:00:00,5.0,609.0
2025-04-22 11:00:00,9.0,616.0
2025-04-22 12:00:00,15.7,560.0
2025-04-22 13:00:00,12.4,449.0
2025-04-22 14:00:00,13.1,402.0
2025-04-22 15:00:00,12.9,212.0
2025-04-22 16:00:00,10.0,169.0
2025-04-22 17:00:00,8.5,73.0
2025-04-22 18:00:00,16.3,6.0
2025-04-22 19:00:00,9.0,0.0
2025-04-22 20:00:00,9.9,0.0
2025-04-22 21:00:00,11.0,0.0
2025-04-22 22:00:00,11.4,0.0
2025-04-22 23:00:00,11.7,0.0
2025-04-23 00:00:00,10.4,0.0
2025-04-23 01:00:00,10.1,0.0
2025-04-23 02:00:00,9.5,0.0
2025-04-23 03:00:00,9.8,0.0
2025-04-23 04:00:00,11.0,22.0
2025-04-23 05:00:00,10.4,103.0
2025-04-23 06:00:00,11.2,255.0
2025-04-23 07:00:00,10.8,425.0
2025-04-23 08:00:00,9.4,550.0
2025-04-23 09:00:00,8.3,656.0
2025-04-23 10:00:00,8.7,727.0
2025-04-23 11:00:00,9.2,740.0
2025-04-23 12:00:00,9.2,703.0
2025-04-23 13:00:00,7.7,495.0
2025-04-23 14:00:00,8.6,475.0
2025-04-23 15:00:00,8.3,383.0
2025-04-23 16:00:00,6.9,236.0
2025-04-23 17:00:00,5.5,93.0
2025-04-23 18:00:00,6.6,9.0
2025-04-23 19:00:00,5.4,0.0
2025-04-23 20:00:00,5.7,0.0
2025-04-23 21:00:00,7.3,0.0
2025-04-23 22:00:00,6.9,0.0
2025-04-23 23:00:00,7.6,0.0
2025-04-24 00:00:00,7.6,0.0
2025-04-24 01:00:00,2.4,0.0
2025-04-24 02:00:00,1.9,0.0
2025-04-24 03:00:00,2.2,0.0
2025-04-24 04:00:00,3.4,30.0
2025-04-24 05:00:00,2.3,111.0
2025-04-24 06:00:00,0.9,249.0
2025-04-24 07:00:00,2.3,417.0
2025-04-24 08:00:00,1.5,475.0
2025-04-24 09:00:00,4.3,652.0
2025-04-24 10:00:00,4.3,563.0
2025-04-24 11:00:00,4.5,562.0
2025-04-24 12:00:00,4.5,527.0
2025-04-24 13:00:00,5.4,239.0
2025-04-24 14:00:00,6.7,484.0
2025-04-24 15:00:00,9.3,276.0
2025-04-24 16:00:00,13.7,152.0
2025-04-24 17:00:00,8.3,55.0
2025-04-24 18:00:00,7.2,8.0
2025-04-24 19:00:00,10.7,0.0
2025-04-24 20:00:00,11.0,0.0
2025-04-24 21:00:00,12.1,0.0
2025-04-24 22:00:00,11.9,0.0
2025-04-24 23:00:00,12.3,0.0
2025-04-25 00:00:00,11.7,0.0
2025-04-25 01:00:00,11.7,0.0
2025-04-25 02:00:00,12.3,0.0
2025-04-25 03:00:00,12.6,0.0
2025-04-25 04:00:00,14.1,9.0
2025-04-25 05:00:00,14.9,39.0
2025-04-25 06:00:00,15.1,105.0
2025-04-25 07:00:00,15.1,173.0
2025-04-25 08:00:00,15.3,346.0
2025-04-25 09:00:00,15.5,610.0
2025-04-25 10:00:00,15.7,680.0
2025-04-25 11:00:00,17.2,726.0
2025-04-25 12:00:00,16.2,721.0
2025-04-25 13:00:00,17.1,621.0
2025-04-25 14:00:00,17.9,511.0
2025-04-25 15:00:00,19.5,395.0
2025-04-25 16:00:00,19.5,212.0
2025-04-25 17:00:00,17.5,72.0
2025-04-25 18:00:00,15.8,9.0
2025-04-25 19:00:00,14.2,0.0
2025-04-25 20:00:00,14.9,0.0
2025-04-25 21:00:00,14.0,0.0
2025-04-25 22:00:00,12.8,0.0
2025-04-25 23:00:00,12.4,0.0
2025-04-26 00:00:00,11.9,0.0
2025-04-26 01:00:00,11.4,0.0
2025-04-26 02:00:00,10.9,0.0
2025-04-26 03:00:00,10.5,0.0
2025-04-26 04:00:00,9.1,44.0
2025-04-26 05:00:00,9.9,171.0
2025-04-26 06:00:00,10.1,324.0
2025-04-26 07:00:00,14.5,477.0
2025-04-26 08:00:00,16.1,487.0
2025-04-26 09:00:00,16.8,468.0
2025-04-26 10:00:00,15.9,615.0
2025-04-26 11:00:00,19.1,740.0
2025-04-26 12:00:00,22.8,720.0
2025-04-26 13:00:00,21.3,527.0
2025-04-26 14:00:00,20.8,332.0
2025-04-26 15:00:00,21.8,196.0
2025-04-26 16:00:00,19.1,86.0
2025-04-26 17:00:00,13.6,43.0
2025-04-26 18:00:00,10.5,6.0
2025-04-26 19:00:00,13.2,0.0
2025-04-26 20:00:00,13.4,0.0
2025-04-26 21:00:00,13.4,0.0
2025-04-26 22:00:00,11.4,0.0
2025-04-26 23:00:00,10.8,0.0
2025-04-27 00:00:00,9.8,0.0
2025-04-27 01:00:00,8.7,0.0
2025-04-27 02:00:00,8.7,0.0
2025-04-27 03:00:00,9.0,0.0
2025-04-27 04:00:00,8.6,48.0
2025-04-27 05:00:00,6.9,175.0
2025-04-27 06:00:00,7.5,329.0
2025-04-27 07:00:00,8.8,480.0
2025-04-27 08:00:00,13.6,610.0
2025-04-27 09:00:00,13.1,640.0
2025-04-27 10:00:00,11.6,693.0
2025-04-27 11:00:00,11.4,702.0
2025-04-27 12:00:00,11.7,698.0
2025-04-27 13:00:00,11.9,640.0
2025-04-27 14:00:00,12.0,539.0
2025-04-27 15:00:00,10.4,402.0
2025-04-27 16:00:00,9.9,261.0
2025-04-27 17:00:00,5.6,110.0
2025-04-27 18:00:00,4.5,15.0
2025-04-27 19:00:00,2.7,0.0
2025-04-27 20:00:00,2.1,0.0
2025-04-27 21:00:00,1.3,0.0
2025-04-27 22:00:00,1.2,0.0
2025-04-27 23:00:00,2.7,0.0
2025-04-28 00:00:00,4.5,0.0
2025-04-28 01:00:00,4.9,0.0
2025-04-28 02:00:00,6.0,0.0
2025-04-28 03:00:00,7.3,0.0
2025-04-28 04:00:00,7.9,51.0
2025-04-28 05:00:00,8.4,180.0
2025-04-28 06:00:00,7.1,321.0
2025-04-28 07:00:00,7.8,456.0
2025-04-28 08:00:00,9.5,579.0
2025-04-28 09:00:00,9.9,665.0
2025-04-28 10:00:00,10.3,746.0
2025-04-28 11:00:00,11.8,693.0
2025-04-28 12:00:00,13.9,493.0
2025-04-28 13:00:00,14.3,601.0
2025-04-28 14:00:00,14.0,498.0
2025-04-28 15:00:00,12.8,400.0
2025-04-28 16:00:00,10.5,260.0
2025-04-28 17:00:00,7.0,116.0
2025-04-28 18:00:00,8.0,16.0
2025-04-28 19:00:00,10.7,0.0
2025-04-28 20:00:00,10.7,0.0
2025-04-28 21:00:00,11.3,0.0
2025-04-28 22:00:00,12.1,0.0
2025-04-28 23:00:00,13.4,0.0
2025-04-29 00:00:00,14.3,0.0
2025-04-29 01:00:00,14.8,0.0
2025-04-29 02:00:00,14.8,0.0
2025-04-29 03:00:00,15.7,1.0
2025-04-29 04:00:00,16.5,42.0
2025-04-29 05:00:00,14.3,122.0
2025-04-29 06:00:00,16.4,228.0
2025-04-29 07:00:00,18.8,246.0
2025-04-29 08:00:00,18.8,395.0
2025-04-29 09:00:00,18.0,564.0
2025-04-29 10:00:00,24.9,730.0
2025-04-29 11:00:00,22.4,426.0
2025-04-29 12:00:00,23.0,587.0
2025-04-29 13:00:00,21.9,586.0
2025-04-29 14:00:00,22.4,496.0
2025-04-29 15:00:00,22.0,365.0
2025-04-29 16:00:00,17.8,220.0
2025-04-29 17:00:00,15.0,108.0
2025-04-29 18:00:00,14.5,17.0
2025-04-29 19:00:00,14.4,0.0
2025-04-29 20:00:00,12.9,0.0
2025-04-29 21:00:00,11.3,0.0
2025-04-29 22:00:00,10.5,0.0
2025-04-29 23:00:00,10.8,0.0
2025-04-30 00:00:00,11.3,0.0
2025-04-30 01:00:00,11.7,0.0
2025-04-30 02:00:00,11.8,0.0
2025-04-30 03:00:00,11.3,1.0
2025-04-30 04:00:00,10.3,45.0
2025-04-30 05:00:00,6.8,132.0
2025-04-30 06:00:00,6.2,277.0
2025-04-30 07:00:00,7.9,437.0
2025-04-30 08:00:00,10.2,583.0
2025-04-30 09:00:00,12.2,339.0
2025-04-30 10:00:00,13.4,454.0
2025-04-30 11:00:00,14.9,360.0
2025-04-30 12:00:00,20.3,465.0
2025-04-30 13:00:00,23.0,361.0
2025-04-30 14:00:00,25.8,468.0
2025-04-30 15:00:00,23.1,254.0
2025-04-30 16:00:00,22.6,151.0
2025-04-30 17:00:00,20.7,50.0
2025-04-30 18:00:00,19.0,11.0
2025-04-30 19:00:00,18.6,0.0
2025-04-30 20:00:00,18.4,0.0
2025-04-30 21:00:00,17.9,0.0
2025-04-30 22:00:00,19.7,0.0
2025-04-30 23:00:00,20.2,0.0
2025-05-01 00:00:00,21.6,0.0
2025-05-01 01:00:00,25.2,0.0
2025-05-01 02:00:00,23.9,0.0
2025-05-01 03:00:00,25.7,0.0
2025-05-01 04:00:00,23.5,21.0
2025-05-01 05:00:00,21.9,43.0
2025-05-01 06:00:00,19.9,89.0
2025-05-01 07:00:00,20.0,223.0
2025-05-01 08:00:00,19.0,357.0
2025-05-01 09:00:00,18.3,468.0
2025-05-01 10:00:00,19.8,691.0
2025-05-01 11:00:00,18.3,655.0
2025-05-01 12:00:00,19.4,728.0
2025-05-01 13:00:00,18.6,607.0
2025-05-01 14:00:00,16.9,531.0
2025-05-01 15:00:00,18.0,394.0
2025-05-01 16:00:00,15.1,206.0
2025-05-01 17:00:00,11.8,119.0
2025-05-01 18:00:00,7.6,20.0
2025-05-01 19:00:00,6.4,0.0
2025-05-01 20:00:00,4.7,0.0
2025-05-01 21:00:00,4.1,0.0
2025-05-01 22:00:00,4.1,0.0
2025-05-01 23:00:00,5.5,0.0
2025-05-02 00:00:00,6.7,0.0
2025-05-02 01:00:00,7.9,0.0
2025-05-02 02:00:00,8.4,0.0
2025-05-02 03:00:00,9.7,2.0
2025-05-02 04:00:00,10.7,61.0
2025-05-02 05:00:00,8.1,188.0
2025-05-02 06:00:00,9.2,335.0
2025-05-02 07:00:00,12.3,454.0
2025-05-02 08:00:00,14.8,605.0
2025-05-02 09:00:00,16.3,710.0
2025-05-02 10:00:00,16.4,704.0
2025-05-02 11:00:00,17.0,590.0
2025-05-02 12:00:00,18.1,597.0
2025-05-02 13:00:00,18.0,583.0
2025-05-02 14:00:00,19.2,492.0
2025-05-02 15:00:00,18.6,345.0
2025-05-02 16:00:00,18.4,220.0
2025-05-02 17:00:00,19.4,87.0
2025-05-02 18:00:00,18.7,19.0
2025-05-02 19:00:00,19.1,0.0
2025-05-02 20:00:00,15.3,0.0
2025-05-02 21:00:00,16.7,0.0
2025-05-02 22:00:00,15.2,0.0
2025-05-02 23:00:00,14.7,0.0
2025-05-03 00:00:00,16.3,0.0
2025-05-03 01:00:00,15.6,0.0
2025-05-03 02:00:00,13.3,0.0
2025-05-03 03:00:00,14.5,2.0
2025-05-03 04:00:00,14.8,61.0
2025-05-03 05:00:00,14.6,172.0
2025-05-03 06:00:00,14.6,321.0
2025-05-03 07:00:00,14.9,474.0
2025-05-03 08:00:00,16.6,611.0
2025-05-03 09:00:00,16.9,721.0
2025-05-03 10:00:00,17.3,752.0
2025-05-03 11:00:00,18.4,730.0
2025-05-03 12:00:00,19.3,685.0
2025-05-03 13:00:00,14.7,641.0
2025-05-03 14:00:00,15.9,562.0
2025-05-03 15:00:00,18.5,402.0
2025-05-03 16:00:00,16.8,255.0
2025-05-03 17:00:00,12.0,108.0
2025-05-03 18:00:00,9.2,25.0
2025-05-03 19:00:00,5.6,0.0
2025-05-03 20:00:00,3.9,0.0
2025-05-03 21:00:00,2.8,0.0
2025-05-03 22:00:00,2.9,0.0
2025-05-03 23:00:00,3.6,0.0
2025-05-04 00:00:00,3.4,0.0
2025-05-04 01:00:00,2.6,0.0
2025-05-04 02:00:00,6.7,0.0
2025-05-04 03:00:00,8.3,3.0
2025-05-04 04:00:00,9.6,27.0
2025-05-04 05:00:00,10.4,40.0
2025-05-04 06:00:00,8.3,72.0
2025-05-04 07:00:00,10.1,72.0
2025-05-04 08:00:00,11.3,72.0
2025-05-04 09:00:00,15.4,74.0
2025-05-04 10:00:00,11.5,117.0
2025-05-04 11:00:00,11.7,167.0
2025-05-04 12:00:00,15.0,264.0
2025-05-04 13:00:00,15.5,88.0
2025-05-04 14:00:00,16.7,114.0
2025-05-04 15:00:00,15.8,179.0
2025-05-04 16:00:00,17.0,186.0
2025-05-04 17:00:00,14.1,80.0
2025-05-04 18:00:00,12.3,25.0
2025-05-04 19:00:00,11.7,0.0
2025-05-04 20:00:00,12.7,0.0
2025-05-04 21:00:00,11.2,0.0
2025-05-04 22:00:00,11.4,0.0
2025-05-04 23:00:00,9.9,0.0
2025-05-05 00:00:00,9.6,0.0
2025-05-05 01:00:00,12.0,0.0
2025-05-05 02:00:00,11.4,0.0
2025-05-05 03:00:00,14.8,1.0
2025-05-05 04:00:00,13.9,17.0
2025-05-05 05:00:00,15.6,42.0
2025-05-05 06:00:00,19.7,88.0
2025-05-05 07:00:00,18.1,157.0
2025-05-05 08:00:00,19.3,531.0
2025-05-05 09:00:00,18.2,598.0
2025-05-05 10:00:00,17.0,684.0
2025-05-05 11:00:00,18.3,758.0
2025-05-05 12:00:00,19.1,682.0
2025-05-05 13:00:00,18.9,578.0
2025-05-05 14:00:00,17.5,435.0
2025-05-05 15:00:00,16.3,356.0
2025-05-05 16:00:00,14.4,238.0
2025-05-05 17:00:00,10.2,96.0
2025-05-05 18:00:00,4.9,18.0
2025-05-05 19:00:00,4.9,0.0
2025-05-05 20:00:00,7.6,0.0
2025-05-05 21:00:00,8.8,0.0
2025-05-05 22:00:00,8.5,0.0
2025-05-05 23:00:00,9.4,0.0
2025-05-06 00:00:00,9.2,0.0
2025-05-06 01:00:00,7.6,0.0
2025-05-06 02:00:00,7.3,0.0
2025-05-06 03:00:00,7.8,4.0
2025-05-06 04:00:00,9.5,80.0
2025-05-06 05:00:00,8.9,219.0
2025-05-06 06:00:00,10.0,373.0
2025-05-06 07:00:00,12.7,521.0
2025-05-06 08:00:00,14.0,651.0
2025-05-06 09:00:00,14.0,698.0
2025-05-06 10:00:00,15.2,705.0
2025-05-06 11:00:00,15.5,567.0
2025-05-06 12:00:00,15.8,458.0
2025-05-06 13:00:00,14.8,320.0
2025-05-06 14:00:00,15.1,246.0
2025-05-06 15:00:00,15.3,205.0
2025-05-06 16:00:00,12.5,105.0
2025-05-06 17:00:00,11.4,93.0
2025-05-06 18:00:00,10.1,29.0
2025-05-06 19:00:00,11.4,0.0
2025-05-06 20:00:00,10.9,0.0
2025-05-06 21:00:00,10.3,0.0
2025-05-06 22:00:00,11.7,0.0
2025-05-06 23:00:00,11.1,0.0
2025-05-07 00:00:00,12.7,0.0
2025-05-07 01:00:00,10.2,0.0
2025-05-07 02:00:00,11.9,0.0
2025-05-07 03:00:00,12.9,2.0
2025-05-07 04:00:00,14.2,19.0
2025-05-07 05:00:00,15.7,71.0
2025-05-07 06:00:00,16.6,162.0
2025-05-07 07:00:00,17.7,279.0
2025-05-07 08:00:00,18.5,371.0
2025-05-07 09:00:00,16.8,452.0
2025-05-07 10:00:00,17.9,478.0
2025-05-07 11:00:00,17.5,437.0
2025-05-07 12:00:00,18.2,559.0
2025-05-07 13:00:00,18.3,563.0
2025-05-07 14:00:00,17.1,366.0
2025-05-07 15:00:00,16.6,322.0
2025-05-07 16:00:00,14.7,161.0
2025-05-07 17:00:00,13.6,95.0
2025-05-07 18:00:00,10.7,18.0
2025-05-07 19:00:00,11.2,0.0
2025-05-07 20:00:00,11.3,0.0
2025-05-07 21:00:00,11.0,0.0
2025-05-07 22:00:00,10.0,0.0
2025-05-07 23:00:00,9.4,0.0
2025-05-08 00:00:00,9.8,0.0
2025-05-08 01:00:00,8.2,0.0
2025-05-08 02:00:00,7.7,0.0
2025-05-08 03:00:00,7.3,4.0
2025-05-08 04:00:00,7.1,43.0
2025-05-08 05:00:00,8.9,91.0
2025-05-08 06:00:00,9.9,185.0
2025-05-08 07:00:00,10.4,209.0
2025-05-08 08:00:00,10.2,280.0
2025-05-08 09:00:00,9.4,269.0
2025-05-08 10:00:00,11.1,594.0
2025-05-08 11:00:00,11.6,529.0
2025-05-08 12:00:00,11.4,540.0
2025-05-08 13:00:00,10.5,477.0
2025-05-08 14:00:00,11.4,435.0
2025-05-08 15:00:00,13.1,338.0
2025-05-08 16:00:00,13.2,251.0
2025-05-08 17:00:00,11.2,134.0
2025-05-08 18:00:00,8.9,36.0
2025-05-08 19:00:00,9.3,0.0
2025-05-08 20:00:00,5.9,0.0
2025-05-08 21:00:00,6.5,0.0
2025-05-08 22:00:00,6.6,0.0
2025-05-08 23:00:00,5.5,0.0
2025-05-09 00:00:00,5.8,0.0
2025-05-09 01:00:00,6.9,0.0
2025-05-09 02:00:00,6.0,0.0
2025-05-09 03:00:00,6.2,5.0
2025-05-09 04:00:00,4.4,88.0
2025-05-09 05:00:00,2.5,228.0
2025-05-09 06:00:00,3.9,357.0
2025-05-09 07:00:00,6.9,521.0
2025-05-09 08:00:00,10.4,672.0
2025-05-09 09:00:00,9.7,556.0
2025-05-09 10:00:00,9.3,537.0
2025-05-09 11:00:00,9.3,521.0
2025-05-09 12:00:00,8.5,512.0
2025-05-09 13:00:00,8.9,507.0
2025-05-09 14:00:00,8.7,379.0
2025-05-09 15:00:00,8.9,267.0
2025-05-09 16:00:00,8.1,159.0
2025-05-09 17:00:00,7.8,81.0
2025-05-09 18:00:00,6.0,21.0
2025-05-09 19:00:00,6.5,0.0
2025-05-09 20:00:00,6.7,0.0
2025-05-09 21:00:00,5.9,0.0
2025-05-09 22:00:00,6.6,0.0
2025-05-09 23:00:00,5.8,0.0
2025-05-10 00:00:00,5.6,0.0
2025-05-10 01:00:00,3.7,0.0
2025-05-10 02:00:00,4.0,0.0
2025-05-10 03:00:00,5.8,4.0
2025-05-10 04:00:00,5.6,42.0
2025-05-10 05:00:00,4.8,161.0
2025-05-10 06:00:00,4.8,247.0
2025-05-10 07:00:00,8.5,412.0
2025-05-10 08:00:00,11.2,543.0
2025-05-10 09:00:00,11.2,569.0
2025-05-10 10:00:00,12.1,574.0
2025-05-10 11:00:00,9.3,701.0
2025-05-10 12:00:00,13.9,648.0
2025-05-10 13:00:00,4.1,507.0
2025-05-10 14:00:00,10.3,498.0
2025-05-10 15:00:00,12.1,430.0
2025-05-10 16:00:00,9.8,242.0
2025-05-10 17:00:00,10.2,129.0
2025-05-10 18:00:00,9.4,30.0
2025-05-10 19:00:00,9.8,0.0
2025-05-10 20:00:00,10.3,0.0
2025-05-10 21:00:00,10.4,0.0
2025-05-10 22:00:00,10.2,0.0
2025-05-10 23:00:00,10.0,0.0
2025-05-11 00:00:00,9.8,0.0
2025-05-11 01:00:00,8.1,0.0
2025-05-11 02:00:00,7.7,0.0
2025-05-11 03:00:00,9.0,9.0
2025-05-11 04:00:00,9.8,94.0
2025-05-11 05:00:00,7.3,235.0
2025-05-11 06:00:00,7.8,389.0
2025-05-11 07:00:00,10.8,539.0
2025-05-11 08:00:00,17.4,614.0
2025-05-11 09:00:00,15.6,592.0
2025-05-11 10:00:00,14.1,582.0
2025-05-11 11:00:00,15.9,584.0
2025-05-11 12:00:00,15.7,578.0
2025-05-11 13:00:00,13.0,504.0
2025-05-11 14:00:00,12.5,605.0
2025-05-11 15:00:00,18.1,384.0
2025-05-11 16:00:00,11.6,225.0
2025-05-11 17:00:00,11.4,154.0
2025-05-11 18:00:00,9.3,37.0
2025-05-11 19:00:00,8.7,0.0
2025-05-11 20:00:00,9.4,0.0
2025-05-11 21:00:00,9.5,0.0
2025-05-11 22:00:00,10.2,0.0
2025-05-11 23:00:00,9.8,0.0
2025-05-12 00:00:00,9.3,0.0
2025-05-12 01:00:00,9.1,0.0
2025-05-12 02:00:00,8.2,0.0
2025-05-12 03:00:00,8.4,4.0
2025-05-12 04:00:00,7.8,49.0
2025-05-12 05:00:00,8.3,189.0
2025-05-12 06:00:00,9.1,352.0
2025-05-12 07:00:00,11.4,506.0
2025-05-12 08:00:00,11.7,638.0
2025-05-12 09:00:00,16.6,730.0
2025-05-12 10:00:00,17.0,600.0
2025-05-12 11:00:00,18.0,591.0
2025-05-12 12:00:00,16.2,583.0
2025-05-12 13:00:00,14.9,559.0
2025-05-12 14:00:00,15.2,560.0
2025-05-12 15:00:00,16.3,433.0
2025-05-12 16:00:00,16.6,261.0
2025-05-12 17:00:00,14.9,145.0
2025-05-12 18:00:00,14.3,41.0
2025-05-12 19:00:00,14.2,0.0
2025-05-12 20:00:00,13.7,0.0
2025-05-12 21:00:00,12.6,0.0
2025-05-12 22:00:00,11.6,0.0
2025-05-12 23:00:00,11.2,0.0
2025-05-13 00:00:00,11.4,0.0
2025-05-13 01:00:00,12.3,0.0
2025-05-13 02:00:00,12.1,0.0
2025-05-13 03:00:00,11.3,11.0
2025-05-13 04:00:00,9.1,98.0
2025-05-13 05:00:00,9.6,235.0
2025-05-13 06:00:00,9.4,371.0
2025-05-13 07:00:00,10.4,482.0
2025-05-13 08:00:00,12.3,612.0
2025-05-13 09:00:00,15.7,662.0
2025-05-13 10:00:00,18.7,669.0
2025-05-13 11:00:00,18.0,653.0
2025-05-13 12:00:00,17.2,590.0
2025-05-13 13:00:00,19.2,545.0
2025-05-13 14:00:00,17.8,431.0
2025-05-13 15:00:00,17.5,431.0
2025-05-13 16:00:00,16.5,207.0
2025-05-13 17:00:00,11.8,99.0
2025-05-13 18:00:00,6.2,40.0
2025-05-13 19:00:00,6.2,1.0
2025-05-13 20:00:00,8.4,0.0
2025-05-13 21:00:00,12.8,0.0
2025-05-13 22:00:00,12.4,0.0
2025-05-13 23:00:00,10.4,0.0
2025-05-14 00:00:00,9.7,0.0
2025-05-14 01:00:00,8.7,0.0
2025-05-14 02:00:00,8.2,0.0
2025-05-14 03:00:00,6.9,10.0
2025-05-14 04:00:00,5.7,81.0
2025-05-14 05:00:00,5.0,172.0
2025-05-14 06:00:00,5.8,126.0
2025-05-14 07:00:00,6.6,178.0
2025-05-14 08:00:00,7.8,347.0
2025-05-14 09:00:00,9.9,438.0
2025-05-14 10:00:00,9.8,321.0
2025-05-14 11:00:00,9.7,338.0
2025-05-14 12:00:00,13.0,233.0
2025-05-14 13:00:00,12.1,157.0
2025-05-14 14:00:00,9.1,47.0
2025-05-14 15:00:00,9.3,72.0
2025-05-14 16:00:00,12.7,52.0
2025-05-14 17:00:00,21.1,21.0
2025-05-14 18:00:00,20.8,10.0
2025-05-14 19:00:00,20.6,0.0
2025-05-14 20:00:00,18.7,0.0
2025-05-14 21:00:00,17.3,0.0
2025-05-14 22:00:00,17.5,0.0
2025-05-14 23:00:00,16.0,0.0
2025-05-15 00:00:00,15.7,0.0
2025-05-15 01:00:00,15.3,0.0
2025-05-15 02:00:00,14.2,0.0
2025-05-15 03:00:00,12.9,10.0
2025-05-15 04:00:00,14.2,64.0
2025-05-15 05:00:00,15.0,140.0
2025-05-15 06:00:00,14.6,201.0
2025-05-15 07:00:00,15.0,260.0
2025-05-15 08:00:00,13.6,370.0
2025-05-15 09:00:00,12.4,586.0
2025-05-15 10:00:00,10.9,699.0
2025-05-15 11:00:00,9.8,658.0
2025-05-15 12:00:00,9.0,653.0
2025-05-15 13:00:00,10.1,653.0
2025-05-15 14:00:00,10.8,598.0
2025-05-15 15:00:00,9.6,460.0
2025-05-15 16:00:00,7.1,295.0
2025-05-15 17:00:00,4.3,167.0
2025-05-15 18:00:00,1.5,54.0
2025-05-15 19:00:00,0.5,1.0
2025-05-15 20:00:00,3.6,0.0
2025-05-15 21:00:00,6.2,0.0
2025-05-15 22:00:00,8.2,0.0
2025-05-15 23:00:00,7.7,0.0
2025-05-16 00:00:00,8.1,0.0
2025-05-16 01:00:00,8.7,0.0
2025-05-16 02:00:00,9.1,0.0
2025-05-16 03:00:00,9.5,15.0
2025-05-16 04:00:00,9.4,108.0
2025-05-16 05:00:00,8.8,248.0
2025-05-16 06:00:00,12.6,402.0
2025-05-16 07:00:00,16.9,542.0
2025-05-16 08:00:00,17.3,575.0
2025-05-16 09:00:00,17.6,615.0
2025-05-16 10:00:00,17.2,610.0
2025-05-16 11:00:00,19.5,649.0
2025-05-16 12:00:00,19.9,377.0
2025-05-16 13:00:00,21.2,233.0
2025-05-16 14:00:00,18.1,214.0
2025-05-16 15:00:00,16.2,167.0
2025-05-16 16:00:00,15.1,82.0
2025-05-16 17:00:00,17.8,95.0
2025-05-16 18:00:00,20.9,19.0
2025-05-16 19:00:00,19.8,1.0
2025-05-16 20:00:00,19.5,0.0
2025-05-16 21:00:00,16.1,0.0
2025-05-16 22:00:00,15.3,0.0
2025-05-16 23:00:00,15.9,0.0
2025-05-17 00:00:00,14.7,0.0
2025-05-17 01:00:00,14.7,0.0
2025-05-17 02:00:00,13.2,0.0
2025-05-17 03:00:00,13.2,2.0
2025-05-17 04:00:00,16.3,33.0
2025-05-17 05:00:00,15.5,46.0
2025-05-17 06:00:00,15.8,60.0
2025-05-17 07:00:00,16.5,81.0
2025-05-17 08:00:00,16.2,140.0
2025-05-17 09:00:00,15.4,226.0
2025-05-17 10:00:00,18.3,349.0
2025-05-17 11:00:00,19.8,435.0
2025-05-17 12:00:00,19.3,427.0
2025-05-17 13:00:00,19.2,396.0
2025-05-17 14:00:00,16.8,289.0
2025-05-17 15:00:00,14.2,243.0
2025-05-17 16:00:00,11.7,157.0
2025-05-17 17:00:00,8.7,105.0
2025-05-17 18:00:00,7.9,26.0
2025-05-17 19:00:00,6.6,0.0
2025-05-17 20:00:00,3.7,0.0
2025-05-17 21:00:00,3.3,0.0
2025-05-17 22:00:00,1.4,0.0
2025-05-17 23:00:00,2.4,0.0
2025-05-18 00:00:00,3.2,0.0
2025-05-18 01:00:00,3.2,0.0
2025-05-18 02:00:00,5.2,0.0
2025-05-18 03:00:00,4.7,7.0
2025-05-18 04:00:00,7.2,69.0
2025-05-18 05:00:00,8.8,230.0
2025-05-18 06:00:00,6.7,325.0
2025-05-18 07:00:00,8.5,400.0
2025-05-18 08:00:00,8.7,515.0
2025-05-18 09:00:00,6.9,536.0
2025-05-18 10:00:00,7.9,468.0
2025-05-18 11:00:00,8.1,439.0
2025-05-18 12:00:00,8.3,484.0
2025-05-18 13:00:00,8.3,468.0
2025-05-18 14:00:00,8.3,351.0
2025-05-18 15:00:00,8.6,225.0
2025-05-18 16:00:00,8.1,186.0
2025-05-18 17:00:00,6.0,126.0
2025-05-18 18:00:00,4.9,48.0
2025-05-18 19:00:00,4.2,2.0
2025-05-18 20:00:00,3.0,0.0
2025-05-18 21:00:00,6.9,0.0
2025-05-18 22:00:00,5.5,0.0
2025-05-18 23:00:00,4.7,0.0
2025-05-19 00:00:00,4.0,0.0
2025-05-19 01:00:00,2.3,0.0
2025-05-19 02:00:00,1.9,0.0
2025-05-19 03:00:00,2.6,12.0
2025-05-19 04:00:00,3.5,74.0
2025-05-19 05:00:00,2.8,163.0
2025-05-19 06:00:00,5.7,251.0
2025-05-19 07:00:00,9.5,302.0
2025-05-19 08:00:00,11.0,323.0
2025-05-19 09:00:00,11.8,294.0
2025-05-19 10:00:00,13.0,318.0
2025-05-19 11:00:00,14.5,243.0
2025-05-19 12:00:00,11.3,147.0
2025-05-19 13:00:00,13.4,396.0
2025-05-19 14:00:00,16.2,398.0
2025-05-19 15:00:00,15.9,239.0
2025-05-19 16:00:00,15.0,149.0
2025-05-19 17:00:00,14.1,101.0
2025-05-19 18:00:00,10.7,33.0
2025-05-19 19:00:00,11.9,1.0
2025-05-19 20:00:00,12.4,0.0
2025-05-19 21:00:00,11.3,0.0
2025-05-19 22:00:00,10.6,0.0
2025-05-19 23:00:00,9.3,0.0
2025-05-20 00:00:00,10.1,0.0
2025-05-20 01:00:00,8.8,0.0
2025-05-20 02:00:00,9.3,0.0
2025-05-20 03:00:00,9.1,15.0
2025-05-20 04:00:00,9.6,99.0
2025-05-20 05:00:00,11.5,227.0
2025-05-20 06:00:00,9.6,355.0
2025-05-20 07:00:00,8.5,493.0
2025-05-20 08:00:00,9.7,660.0
2025-05-20 09:00:00,11.5,768.0
2025-05-20 10:00:00,12.7,823.0
2025-05-20 11:00:00,14.0,834.0
2025-05-20 12:00:00,15.7,796.0
2025-05-20 13:00:00,17.6,714.0
2025-05-20 14:00:00,19.4,590.0
2025-05-20 15:00:00,19.9,418.0
2025-05-20 16:00:00,18.6,324.0
2025-05-20 17:00:00,17.3,182.0
2025-05-20 18:00:00,17.5,56.0
2025-05-20 19:00:00,17.0,3.0
2025-05-20 20:00:00,14.7,0.0
2025-05-20 21:00:00,14.0,0.0
2025-05-20 22:00:00,13.3,0.0
2025-05-20 23:00:00,12.5,0.0
2025-05-21 00:00:00,11.9,0.0
2025-05-21 01:00:00,10.6,0.0
2025-05-21 02:00:00,9.2,0.0
2025-05-21 03:00:00,9.3,21.0
2025-05-21 04:00:00,6.9,120.0
2025-05-21 05:00:00,5.6,222.0
2025-05-21 06:00:00,5.8,105.0
2025-05-21 07:00:00,6.5,133.0
2025-05-21 08:00:00,4.5,256.0
2025-05-21 09:00:00,1.3,237.0
2025-05-21 10:00:00,2.5,306.0
2025-05-21 11:00:00,1.9,399.0
2025-05-21 12:00:00,2.2,645.0
2025-05-21 13:00:00,4.2,669.0
2025-05-21 14:00:00,11.0,511.0
2025-05-21 15:00:00,12.7,443.0
2025-05-21 16:00:00,10.8,314.0
2025-05-21 17:00:00,7.3,176.0
2025-05-21 18:00:00,7.9,57.0
2025-05-21 19:00:00,7.4,3.0
2025-05-21 20:00:00,8.1,0.0
2025-05-21 21:00:00,9.2,0.0
2025-05-21 22:00:00,10.6,0.0
2025-05-21 23:00:00,12.1,0.0
2025-05-22 00:00:00,12.0,0.0
2025-05-22 01:00:00,13.7,0.0
2025-05-22 02:00:00,11.9,0.0
2025-05-22 03:00:00,12.0,21.0
2025-05-22 04:00:00,11.0,115.0
2025-05-22 05:00:00,10.6,254.0
2025-05-22 06:00:00,12.1,400.0
2025-05-22 07:00:00,11.7,455.0
2025-05-22 08:00:00,13.6,566.0
2025-05-22 09:00:00,15.1,670.0
2025-05-22 10:00:00,14.0,581.0
2025-05-22 11:00:00,19.7,767.0
2025-05-22 12:00:00,10.9,436.0
2025-05-22 13:00:00,16.3,424.0
2025-05-22 14:00:00,9.0,358.0
2025-05-22 15:00:00,8.6,243.0
2025-05-22 16:00:00,11.9,229.0
2025-05-22 17:00:00,11.0,55.0
2025-05-22 18:00:00,8.1,62.0
2025-05-22 19:00:00,8.9,3.0
2025-05-22 20:00:00,7.6,0.0
2025-05-22 21:00:00,6.2,0.0
2025-05-22 22:00:00,9.2,0.0
2025-05-22 23:00:00,8.7,0.0
2025-05-23 00:00:00,10.0,0.0
2025-05-23 01:00:00,14.7,0.0
2025-05-23 02:00:00,11.6,0.0
2025-05-23 03:00:00,8.1,7.0
2025-05-23 04:00:00,7.2,25.0
2025-05-23 05:00:00,9.4,63.0
2025-05-23 06:00:00,10.9,53.0
2025-05-23 07:00:00,6.6,87.0
2025-05-23 08:00:00,6.7,106.0
2025-05-23 09:00:00,7.3,158.0
2025-05-23 10:00:00,9.0,114.0
2025-05-23 11:00:00,9.0,191.0
2025-05-23 12:00:00,7.6,382.0
2025-05-23 13:00:00,4.2,112.0
2025-05-23 14:00:00,3.6,82.0
2025-05-23 15:00:00,3.9,174.0
2025-05-23 16:00:00,3.1,139.0
2025-05-23 17:00:00,2.7,37.0
2025-05-23 18:00:00,3.0,9.0
2025-05-23 19:00:00,3.7,1.0
2025-05-23 20:00:00,4.3,0.0
2025-05-23 21:00:00,7.0,0.0
2025-05-23 22:00:00,8.2,0.0
2025-05-23 23:00:00,8.7,0.0
2025-05-24 00:00:00,8.7,0.0
2025-05-24 01:00:00,10.1,0.0
2025-05-24 02:00:00,12.1,0.0
2025-05-24 03:00:00,14.8,3.0
2025-05-24 04:00:00,15.1,10.0
2025-05-24 05:00:00,16.0,22.0
2025-05-24 06:00:00,16.7,35.0
2025-05-24 07:00:00,16.0,55.0
2025-05-24 08:00:00,16.8,66.0
2025-05-24 09:00:00,15.6,83.0
2025-05-24 10:00:00,19.1,195.0
2025-05-24 11:00:00,22.1,312.0
2025-05-24 12:00:00,18.8,226.0
2025-05-24 13:00:00,18.4,424.0
2025-05-24 14:00:00,15.2,216.0
2025-05-24 15:00:00,11.9,60.0
2025-05-24 16:00:00,13.6,146.0
2025-05-24 17:00:00,10.1,56.0
2025-05-24 18:00:00,9.1,21.0
2025-05-24 19:00:00,9.3,2.0
2025-05-24 20:00:00,8.4,0.0
2025-05-24 21:00:00,8.0,0.0
2025-05-24 22:00:00,8.7,0.0
2025-05-24 23:00:00,7.6,0.0
2025-05-25 00:00:00,7.6,0.0
2025-05-25 01:00:00,7.1,0.0
2025-05-25 02:00:00,4.6,0.0
2025-05-25 03:00:00,3.4,27.0
2025-05-25 04:00:00,2.9,128.0
2025-05-25 05:00:00,1.3,267.0
2025-05-25 06:00:00,1.7,418.0
2025-05-25 07:00:00,3.2,530.0
2025-05-25 08:00:00,4.3,640.0
2025-05-25 09:00:00,3.9,710.0
2025-05-25 10:00:00,4.2,734.0
2025-05-25 11:00:00,5.6,654.0
2025-05-25 12:00:00,6.2,464.0
2025-05-25 13:00:00,6.0,486.0
2025-05-25 14:00:00,8.3,396.0
2025-05-25 15:00:00,11.7,294.0
2025-05-25 16:00:00,10.2,160.0
2025-05-25 17:00:00,7.2,160.0
2025-05-25 18:00:00,5.2,64.0
2025-05-25 19:00:00,6.2,5.0
2025-05-25 20:00:00,4.5,0.0
2025-05-25 21:00:00,2.3,0.0
2025-05-25 22:00:00,2.8,0.0
2025-05-25 23:00:00,4.2,0.0
2025-05-26 00:00:00,5.9,0.0
2025-05-26 01:00:00,3.1,0.0
2025-05-26 02:00:00,1.5,0.0
2025-05-26 03:00:00,4.7,8.0
2025-05-26 04:00:00,5.5,61.0
2025-05-26 05:00:00,3.3,128.0
2025-05-26 06:00:00,5.6,359.0
2025-05-26 07:00:00,6.0,240.0
2025-05-26 08:00:00,5.8,208.0
2025-05-26 09:00:00,5.7,335.0
2025-05-26 10:00:00,4.0,210.0
2025-05-26 11:00:00,2.4,133.0
2025-05-26 12:00:00,1.0,87.0
2025-05-26 13:00:00,2.6,168.0
2025-05-26 14:00:00,1.9,135.0
2025-05-26 15:00:00,1.3,170.0
2025-05-26 16:00:00,2.8,81.0
2025-05-26 17:00:00,3.7,50.0
2025-05-26 18:00:00,4.4,32.0
2025-05-26 19:00:00,5.9,2.0
2025-05-26 20:00:00,8.0,0.0
2025-05-26 21:00:00,9.9,0.0
2025-05-26 22:00:00,8.9,0.0
2025-05-26 23:00:00,8.5,0.0
2025-05-27 00:00:00,9.1,0.0
2025-05-27 01:00:00,11.2,0.0
2025-05-27 02:00:00,10.9,0.0
2025-05-27 03:00:00,10.2,17.0
2025-05-27 04:00:00,11.5,69.0
2025-05-27 05:00:00,11.5,151.0
2025-05-27 06:00:00,10.4,308.0
2025-05-27 07:00:00,9.2,347.0
2025-05-27 08:00:00,9.7,448.0
2025-05-27 09:00:00,9.8,484.0
2025-05-27 10:00:00,9.2,464.0
2025-05-27 11:00:00,9.6,587.0
2025-05-27 12:00:00,10.2,659.0
2025-05-27 13:00:00,10.1,661.0
2025-05-27 14:00:00,10.4,522.0
2025-05-27 15:00:00,10.4,484.0
2025-05-27 16:00:00,9.6,311.0
2025-05-27 17:00:00,7.0,192.0
2025-05-27 18:00:00,5.2,72.0
2025-05-27 19:00:00,5.6,6.0
2025-05-27 20:00:00,5.8,0.0
2025-05-27 21:00:00,4.3,0.0
2025-05-27 22:00:00,5.0,0.0
2025-05-27 23:00:00,5.5,0.0
2025-05-28 00:00:00,5.4,0.0
2025-05-28 01:00:00,3.5,0.0
2025-05-28 02:00:00,3.9,0.0
2025-05-28 03:00:00,3.9,14.0
2025-05-28 04:00:00,6.1,32.0
2025-05-28 05:00:00,5.6,42.0
2025-05-28 06:00:00,4.8,67.0
2025-05-28 07:00:00,4.4,66.0
2025-05-28 08:00:00,6.5,185.0
2025-05-28 09:00:00,7.4,312.0
2025-05-28 10:00:00,8.7,236.0
2025-05-28 11:00:00,9.3,176.0
2025-05-28 12:00:00,9.7,135.0
2025-05-28 13:00:00,7.2,99.0
2025-05-28 14:00:00,7.2,117.0
2025-05-28 15:00:00,6.9,95.0
2025-05-28 16:00:00,6.9,91.0
2025-05-28 17:00:00,7.3,40.0
2025-05-28 18:00:00,5.8,23.0
2025-05-28 19:00:00,7.9,4.0
2025-05-28 20:00:00,6.9,0.0
2025-05-28 21:00:00,6.7,0.0
2025-05-28 22:00:00,5.6,0.0
2025-05-28 23:00:00,5.3,0.0
2025-05-29 00:00:00,3.7,0.0
2025-05-29 01:00:00,0.2,0.0
2025-05-29 02:00:00,2.3,0.0
2025-05-29 03:00:00,3.6,18.0
2025-05-29 04:00:00,3.7,60.0
2025-05-29 05:00:00,2.7,103.0
2025-05-29 06:00:00,3.1,141.0
2025-05-29 07:00:00,3.4,244.0
2025-05-29 08:00:00,2.9,348.0
2025-05-29 09:00:00,1.7,537.0
2025-05-29 10:00:00,3.9,531.0
2025-05-29 11:00:00,5.6,377.0
2025-05-29 12:00:00,6.7,216.0
2025-05-29 13:00:00,8.4,235.0
2025-05-29 14:00:00,5.1,184.0
2025-05-29 15:00:00,11.0,166.0
2025-05-29 16:00:00,12.8,118.0
2025-05-29 17:00:00,14.1,91.0
2025-05-29 18:00:00,12.5,24.0
2025-05-29 19:00:00,12.3,3.0
2025-05-29 20:00:00,14.5,0.0
2025-05-29 21:00:00,16.2,0.0
2025-05-29 22:00:00,21.0,0.0
2025-05-29 23:00:00,19.9,0.0
2025-05-30 00:00:00,19.5,0.0
2025-05-30 01:00:00,18.6,0.0
2025-05-30 02:00:00,17.7,0.0
2025-05-30 03:00:00,15.7,17.0
2025-05-30 04:00:00,15.8,94.0
2025-05-30 05:00:00,13.9,205.0
2025-05-30 06:00:00,14.1,383.0
2025-05-30 07:00:00,14.1,521.0
2025-05-30 08:00:00,14.7,642.0
2025-05-30 09:00:00,15.0,726.0
2025-05-30 10:00:00,14.3,805.0
2025-05-30 11:00:00,14.3,846.0
2025-05-30 12:00:00,15.1,823.0
2025-05-30 13:00:00,13.1,754.0
2025-05-30 14:00:00,13.2,648.0
2025-05-30 15:00:00,12.6,515.0
2025-05-30 16:00:00,11.9,363.0
2025-05-30 17:00:00,11.4,211.0
2025-05-30 18:00:00,10.5,83.0
2025-05-30 19:00:00,7.6,8.0
2025-05-30 20:00:00,6.1,0.0
2025-05-30 21:00:00,9.0,0.0
2025-05-30 22:00:00,10.0,0.0
2025-05-30 23:00:00,10.4,0.0
2025-05-31 00:00:00,10.9,0.0
2025-05-31 01:00:00,10.9,0.0
2025-05-31 02:00:00,11.9,0.0
2025-05-31 03:00:00,13.4,18.0
2025-05-31 04:00:00,14.3,68.0
2025-05-31 05:00:00,15.9,116.0
2025-05-31 06:00:00,15.0,255.0
2025-05-31 07:00:00,17.3,456.0
2025-05-31 08:00:00,18.8,652.0
2025-05-31 09:00:00,19.4,718.0
2025-05-31 10:00:00,19.2,735.0
2025-05-31 11:00:00,18.2,722.0
2025-05-31 12:00:00,17.0,683.0
2025-05-31 13:00:00,17.0,656.0
2025-05-31 14:00:00,17.0,527.0
2025-05-31 15:00:00,16.0,434.0
2025-05-31 16:00:00,14.6,317.0
2025-05-31 17:00:00,11.4,200.0
2025-05-31 18:00:00,10.6,82.0
2025-05-31 19:00:00,10.6,9.0
2025-05-31 20:00:00,11.6,0.0
2025-05-31 21:00:00,11.2,0.0
2025-05-31 22:00:00,11.2,0.0
2025-05-31 23:00:00,10.3,0.0
2025-06-01 00:00:00,9.7,0.0
2025-06-01 01:00:00,9.7,0.0
2025-06-01 02:00:00,9.2,0.0
2025-06-01 03:00:00,9.0,35.0
2025-06-01 04:00:00,10.1,141.0
2025-06-01 05:00:00,8.1,210.0
2025-06-01 06:00:00,6.4,273.0
2025-06-01 07:00:00,6.3,359.0
2025-06-01 08:00:00,5.5,501.0
2025-06-01 09:00:00,5.2,694.0
2025-06-01 10:00:00,5.1,717.0
2025-06-01 11:00:00,3.7,756.0
2025-06-01 12:00:00,2.1,753.0
2025-06-01 13:00:00,1.5,731.0
2025-06-01 14:00:00,1.6,640.0
2025-06-01 15:00:00,1.9,510.0
2025-06-01 16:00:00,2.8,363.0
2025-06-01 17:00:00,4.4,217.0
2025-06-01 18:00:00,6.2,90.0
2025-06-01 19:00:00,8.0,9.0
2025-06-01 20:00:00,9.5,0.0
2025-06-01 21:00:00,10.2,0.0
2025-06-01 22:00:00,11.6,0.0
2025-06-01 23:00:00,12.3,0.0
2025-06-02 00:00:00,12.4,0.0
2025-06-02 01:00:00,14.7,0.0
2025-06-02 02:00:00,17.0,0.0
2025-06-02 03:00:00,16.7,31.0
2025-06-02 04:00:00,15.5,115.0
2025-06-02 05:00:00,16.8,39.0
2025-06-02 06:00:00,17.8,78.0
2025-06-02 07:00:00,18.0,119.0
2025-06-02 08:00:00,20.7,368.0
2025-06-02 09:00:00,17.3,393.0
2025-06-02 10:00:00,20.2,684.0
2025-06-02 11:00:00,17.8,504.0
2025-06-02 12:00:00,17.4,711.0
2025-06-02 13:00:00,18.0,668.0
2025-06-02 14:00:00,18.1,586.0
2025-06-02 15:00:00,15.6,467.0
2025-06-02 16:00:00,12.8,336.0
2025-06-02 17:00:00,13.5,186.0
2025-06-02 18:00:00,12.6,43.0
2025-06-02 19:00:00,10.8,4.0
2025-06-02 20:00:00,8.7,0.0
2025-06-02 21:00:00,8.6,0.0
2025-06-02 22:00:00,9.1,0.0
2025-06-02 23:00:00,9.4,0.0
2025-06-03 00:00:00,8.3,0.0
2025-06-03 01:00:00,4.7,0.0
2025-06-03 02:00:00,3.2,0.0
2025-06-03 03:00:00,4.3,35.0
2025-06-03 04:00:00,2.4,132.0
2025-06-03 05:00:00,3.5,275.0
2025-06-03 06:00:00,2.8,427.0
2025-06-03 07:00:00,3.6,573.0
2025-06-03 08:00:00,1.8,601.0
2025-06-03 09:00:00,0.4,560.0
2025-06-03 10:00:00,2.2,624.0
2025-06-03 11:00:00,2.9,770.0
2025-06-03 12:00:00,3.8,706.0
2025-06-03 13:00:00,5.8,574.0
2025-06-03 14:00:00,5.6,379.0
2025-06-03 15:00:00,4.1,262.0
2025-06-03 16:00:00,4.8,227.0
2025-06-03 17:00:00,3.6,158.0
2025-06-03 18:00:00,3.2,65.0
2025-06-03 19:00:00,4.1,4.0
2025-06-03 20:00:00,3.5,0.0
2025-06-03 21:00:00,2.8,0.0
2025-06-03 22:00:00,4.8,0.0
2025-06-03 23:00:00,2.0,0.0
2025-06-04 00:00:00,4.9,0.0
2025-06-04 01:00:00,8.1,0.0
2025-06-04 02:00:00,5.4,0.0
2025-06-04 03:00:00,7.1,37.0
2025-06-04 04:00:00,1.5,143.0
2025-06-04 05:00:00,1.9,276.0
2025-06-04 06:00:00,1.9,435.0
2025-06-04 07:00:00,2.8,587.0
2025-06-04 08:00:00,4.9,712.0
2025-06-04 09:00:00,6.5,805.0
2025-06-04 10:00:00,6.6,858.0
2025-06-04 11:00:00,6.9,860.0
2025-06-04 12:00:00,8.5,823.0
2025-06-04 13:00:00,11.2,741.0
2025-06-04 14:00:00,11.5,643.0
2025-06-04 15:00:00,12.3,515.0
2025-06-04 16:00:00,11.3,369.0
2025-06-04 17:00:00,10.3,200.0
2025-06-04 18:00:00,12.0,94.0
2025-06-04 19:00:00,10.9,13.0
2025-06-04 20:00:00,13.2,0.0
2025-06-04 21:00:00,14.7,0.0
2025-06-04 22:00:00,15.1,0.0
2025-06-04 23:00:00,15.5,0.0
2025-06-05 00:00:00,15.8,0.0
2025-06-05 01:00:00,16.2,0.0
2025-06-05 02:00:00,16.9,0.0
2025-06-05 03:00:00,17.2,33.0
2025-06-05 04:00:00,15.4,98.0
2025-06-05 05:00:00,13.7,122.0
2025-06-05 06:00:00,13.0,329.0
2025-06-05 07:00:00,13.5,214.0
2025-06-05 08:00:00,13.8,461.0
2025-06-05 09:00:00,11.7,408.0
2025-06-05 10:00:00,13.0,718.0
2025-06-05 11:00:00,12.5,807.0
2025-06-05 12:00:00,11.1,554.0
2025-06-05 13:00:00,6.7,140.0
2025-06-05 14:00:00,4.2,249.0
2025-06-05 15:00:00,7.6,204.0
2025-06-05 16:00:00,13.0,240.0
2025-06-05 17:00:00,13.2,141.0
2025-06-05 18:00:00,9.0,85.0
2025-06-05 19:00:00,8.4,12.0
2025-06-05 20:00:00,8.1,0.0
2025-06-05 21:00:00,6.9,0.0
2025-06-05 22:00:00,7.4,0.0
2025-06-05 23:00:00,6.6,0.0
2025-06-06 00:00:00,6.7,0.0
2025-06-06 01:00:00,7.7,0.0
2025-06-06 02:00:00,7.1,0.0
2025-06-06 03:00:00,11.9,22.0
2025-06-06 04:00:00,13.0,20.0
2025-06-06 05:00:00,11.6,69.0
2025-06-06 06:00:00,15.7,322.0
2025-06-06 07:00:00,15.6,499.0
2025-06-06 08:00:00,14.2,594.0
2025-06-06 09:00:00,13.1,683.0
2025-06-06 10:00:00,14.9,798.0
2025-06-06 11:00:00,16.0,630.0
2025-06-06 12:00:00,15.6,486.0
2025-06-06 13:00:00,12.0,539.0
2025-06-06 14:00:00,11.7,527.0
2025-06-06 15:00:00,15.0,391.0
2025-06-06 16:00:00,13.5,255.0
2025-06-06 17:00:00,10.4,188.0
2025-06-06 18:00:00,13.2,85.0
2025-06-06 19:00:00,10.9,12.0
2025-06-06 20:00:00,11.9,0.0
2025-06-06 21:00:00,8.2,0.0
2025-06-06 22:00:00,8.4,0.0
2025-06-06 23:00:00,11.9,0.0
2025-06-07 00:00:00,12.1,0.0
2025-06-07 01:00:00,12.6,0.0
2025-06-07 02:00:00,11.7,0.0
2025-06-07 03:00:00,10.5,36.0
2025-06-07 04:00:00,8.3,134.0
2025-06-07 05:00:00,7.2,269.0
2025-06-07 06:00:00,6.6,426.0
2025-06-07 07:00:00,6.5,570.0
2025-06-07 08:00:00,7.6,690.0
2025-06-07 09:00:00,8.5,781.0
2025-06-07 10:00:00,12.3,814.0
2025-06-07 11:00:00,13.8,673.0
2025-06-07 12:00:00,14.0,668.0
2025-06-07 13:00:00,12.3,466.0
2025-06-07 14:00:00,13.3,407.0
2025-06-07 15:00:00,12.6,332.0
2025-06-07 16:00:00,9.2,79.0
2025-06-07 17:00:00,9.0,116.0
2025-06-07 18:00:00,8.8,39.0
2025-06-07 19:00:00,8.7,4.0
2025-06-07 20:00:00,11.3,0.0
2025-06-07 21:00:00,10.4,0.0
2025-06-07 22:00:00,9.6,0.0
2025-06-07 23:00:00,8.7,0.0
2025-06-08 00:00:00,10.2,0.0
2025-06-08 01:00:00,11.6,0.0
2025-06-08 02:00:00,12.2,0.0
2025-06-08 03:00:00,13.8,24.0
2025-06-08 04:00:00,12.5,137.0
2025-06-08 05:00:00,17.5,205.0
2025-06-08 06:00:00,17.3,188.0
2025-06-08 07:00:00,19.9,387.0
2025-06-08 08:00:00,17.3,581.0
2025-06-08 09:00:00,17.2,701.0
2025-06-08 10:00:00,16.8,722.0
2025-06-08 11:00:00,15.6,753.0
2025-06-08 12:00:00,13.0,714.0
2025-06-08 13:00:00,11.4,639.0
2025-06-08 14:00:00,12.2,382.0
2025-06-08 15:00:00,7.8,205.0
2025-06-08 16:00:00,3.3,134.0
2025-06-08 17:00:00,3.7,49.0
2025-06-08 18:00:00,4.9,23.0
2025-06-08 19:00:00,7.6,3.0
2025-06-08 20:00:00,10.0,0.0
2025-06-08 21:00:00,9.6,0.0
2025-06-08 22:00:00,8.7,0.0
2025-06-08 23:00:00,11.2,0.0
2025-06-09 00:00:00,11.3,0.0
2025-06-09 01:00:00,13.7,0.0
2025-06-09 02:00:00,17.3,0.0
2025-06-09 03:00:00,18.6,14.0
2025-06-09 04:00:00,20.2,56.0
2025-06-09 05:00:00,22.6,119.0
2025-06-09 06:00:00,23.6,296.0
2025-06-09 07:00:00,22.1,427.0
2025-06-09 08:00:00,21.6,402.0
2025-06-09 09:00:00,27.4,525.0
2025-06-09 10:00:00,28.0,567.0
2025-06-09 11:00:00,29.1,302.0
2025-06-09 12:00:00,29.3,270.0
2025-06-09 13:00:00,28.2,351.0
2025-06-09 14:00:00,27.0,187.0
2025-06-09 15:00:00,22.1,176.0
2025-06-09 16:00:00,19.2,204.0
2025-06-09 17:00:00,19.6,203.0
2025-06-09 18:00:00,19.3,96.0
2025-06-09 19:00:00,17.8,16.0
2025-06-09 20:00:00,16.6,0.0
2025-06-09 21:00:00,15.9,0.0
2025-06-09 22:00:00,16.9,0.0
2025-06-09 23:00:00,16.5,0.0
2025-06-10 00:00:00,16.2,0.0
2025-06-10 01:00:00,16.5,0.0
2025-06-10 02:00:00,16.6,0.0
2025-06-10 03:00:00,16.1,38.0
2025-06-10 04:00:00,15.2,139.0
2025-06-10 05:00:00,16.2,280.0
2025-06-10 06:00:00,17.2,436.0
2025-06-10 07:00:00,17.5,543.0
2025-06-10 08:00:00,18.6,624.0
2025-06-10 09:00:00,18.7,715.0
2025-06-10 10:00:00,17.6,705.0
2025-06-10 11:00:00,16.9,713.0
2025-06-10 12:00:00,15.8,710.0
2025-06-10 13:00:00,15.9,580.0
2025-06-10 14:00:00,13.9,418.0
2025-06-10 15:00:00,13.2,284.0
2025-06-10 16:00:00,7.9,205.0
2025-06-10 17:00:00,3.8,161.0
2025-06-10 18:00:00,2.9,67.0
2025-06-10 19:00:00,7.2,9.0
2025-06-10 20:00:00,9.9,0.0
2025-06-10 21:00:00,10.4,0.0
2025-06-10 22:00:00,12.3,0.0
2025-06-10 23:00:00,12.9,0.0
2025-06-11 00:00:00,13.3,0.0
2025-06-11 01:00:00,12.5,0.0
2025-06-11 02:00:00,13.1,0.0
2025-06-11 03:00:00,13.8,14.0
2025-06-11 04:00:00,13.0,29.0
2025-06-11 05:00:00,13.2,50.0
2025-06-11 06:00:00,13.9,63.0
2025-06-11 07:00:00,14.9,240.0
2025-06-11 08:00:00,16.4,293.0
2025-06-11 09:00:00,16.1,253.0
2025-06-11 10:00:00,12.2,336.0
2025-06-11 11:00:00,10.5,195.0
2025-06-11 12:00:00,8.0,250.0
2025-06-11 13:00:00,5.9,198.0
2025-06-11 14:00:00,7.7,353.0
2025-06-11 15:00:00,7.8,410.0
2025-06-11 16:00:00,9.9,252.0
2025-06-11 17:00:00,9.7,124.0
2025-06-11 18:00:00,15.0,77.0
2025-06-11 19:00:00,14.2,12.0
2025-06-11 20:00:00,17.3,0.0
2025-06-11 21:00:00,16.2,0.0
2025-06-11 22:00:00,17.8,0.0
2025-06-11 23:00:00,16.9,0.0
2025-06-12 00:00:00,19.9,0.0
2025-06-12 01:00:00,20.3,0.0
2025-06-12 02:00:00,15.8,0.0
2025-06-12 03:00:00,17.0,24.0
2025-06-12 04:00:00,19.5,81.0
2025-06-12 05:00:00,19.0,176.0
2025-06-12 06:00:00,17.7,317.0
2025-06-12 07:00:00,17.3,269.0
2025-06-12 08:00:00,19.0,379.0
2025-06-12 09:00:00,16.9,472.0
2025-06-12 10:00:00,19.3,661.0
2025-06-12 11:00:00,19.2,304.0
2025-06-12 12:00:00,21.9,407.0
2025-06-12 13:00:00,22.8,416.0
2025-06-12 14:00:00,19.8,188.0
2025-06-12 15:00:00,20.6,101.0
2025-06-12 16:00:00,19.5,87.0
2025-06-12 17:00:00,19.3,129.0
2025-06-12 18:00:00,18.6,35.0
2025-06-12 19:00:00,17.9,4.0
2025-06-12 20:00:00,17.3,0.0
2025-06-12 21:00:00,16.3,0.0
2025-06-12 22:00:00,15.3,0.0
2025-06-12 23:00:00,13.8,0.0
2025-06-13 00:00:00,12.7,0.0
2025-06-13 01:00:00,13.8,0.0
2025-06-13 02:00:00,13.4,0.0
2025-06-13 03:00:00,12.9,18.0
2025-06-13 04:00:00,14.8,50.0
2025-06-13 05:00:00,17.3,112.0
2025-06-13 06:00:00,19.0,236.0
2025-06-13 07:00:00,19.0,388.0
2025-06-13 08:00:00,19.2,605.0
2025-06-13 09:00:00,19.6,715.0
2025-06-13 10:00:00,21.3,795.0
2025-06-13 11:00:00,20.6,746.0
2025-06-13 12:00:00,20.8,637.0
2025-06-13 13:00:00,23.1,625.0
2025-06-13 14:00:00,22.4,515.0
2025-06-13 15:00:00,20.0,409.0
2025-06-13 16:00:00,19.0,358.0
2025-06-13 17:00:00,16.5,199.0
2025-06-13 18:00:00,14.9,95.0
2025-06-13 19:00:00,15.1,17.0
2025-06-13 20:00:00,15.1,0.0
2025-06-13 21:00:00,14.5,0.0
2025-06-13 22:00:00,14.1,0.0
2025-06-13 23:00:00,13.0,0.0
2025-06-14 00:00:00,13.1,0.0
2025-06-14 01:00:00,13.7,0.0
2025-06-14 02:00:00,14.7,1.0
2025-06-14 03:00:00,14.3,44.0
2025-06-14 04:00:00,10.3,151.0
2025-06-14 05:00:00,12.2,288.0
2025-06-14 06:00:00,13.6,429.0
2025-06-14 07:00:00,15.2,567.0
2025-06-14 08:00:00,14.7,684.0
2025-06-14 09:00:00,15.5,763.0
2025-06-14 10:00:00,17.3,756.0
2025-06-14 11:00:00,16.9,550.0
2025-06-14 12:00:00,17.4,556.0
2025-06-14 13:00:00,16.1,701.0
2025-06-14 14:00:00,16.7,653.0
2025-06-14 15:00:00,16.7,522.0
2025-06-14 16:00:00,15.8,378.0
2025-06-14 17:00:00,13.6,231.0
2025-06-14 18:00:00,12.8,104.0
2025-06-14 19:00:00,12.9,18.0
2025-06-14 20:00:00,12.5,0.0
2025-06-14 21:00:00,11.7,0.0
2025-06-14 22:00:00,11.2,0.0
2025-06-14 23:00:00,10.1,0.0
2025-06-15 00:00:00,9.5,0.0
2025-06-15 01:00:00,8.5,0.0
2025-06-15 02:00:00,8.2,1.0
2025-06-15 03:00:00,7.7,43.0
2025-06-15 04:00:00,5.9,151.0
2025-06-15 05:00:00,5.7,285.0
2025-06-15 06:00:00,6.3,427.0
2025-06-15 07:00:00,7.3,578.0
2025-06-15 08:00:00,9.7,699.0
2025-06-15 09:00:00,11.7,796.0
2025-06-15 10:00:00,12.4,851.0
2025-06-15 11:00:00,12.0,863.0
2025-06-15 12:00:00,11.5,832.0
2025-06-15 13:00:00,11.0,758.0
2025-06-15 14:00:00,10.6,654.0
2025-06-15 15:00:00,10.0,524.0
2025-06-15 16:00:00,9.2,380.0
2025-06-15 17:00:00,7.3,235.0
2025-06-15 18:00:00,5.9,107.0
2025-06-15 19:00:00,5.9,19.0
2025-06-15 20:00:00,5.6,0.0
2025-06-15 21:00:00,4.0,0.0
2025-06-15 22:00:00,2.6,0.0
2025-06-15 23:00:00,3.2,0.0
2025-06-16 00:00:00,3.1,0.0
2025-06-16 01:00:00,1.7,0.0
2025-06-16 02:00:00,1.9,1.0
2025-06-16 03:00:00,4.2,43.0
2025-06-16 04:00:00,4.4,149.0
2025-06-16 05:00:00,3.1,285.0
2025-06-16 06:00:00,4.2,430.0
2025-06-16 07:00:00,5.9,566.0
2025-06-16 08:00:00,6.9,685.0
2025-06-16 09:00:00,8.1,778.0
2025-06-16 10:00:00,8.7,825.0
2025-06-16 11:00:00,8.5,832.0
2025-06-16 12:00:00,9.6,790.0
2025-06-16 13:00:00,9.5,733.0
2025-06-16 14:00:00,9.1,622.0
2025-06-16 15:00:00,9.3,519.0
2025-06-16 16:00:00,8.5,379.0
2025-06-16 17:00:00,8.3,234.0
2025-06-16 18:00:00,9.9,104.0
2025-06-16 19:00:00,15.1,19.0
2025-06-16 20:00:00,19.5,0.0
2025-06-16 21:00:00,17.7,0.0
2025-06-16 22:00:00,16.8,0.0
2025-06-16 23:00:00,17.4,0.0
2025-06-17 00:00:00,16.3,0.0
2025-06-17 01:00:00,14.2,0.0
2025-06-17 02:00:00,12.8,1.0
2025-06-17 03:00:00,13.6,38.0
2025-06-17 04:00:00,16.8,101.0
2025-06-17 05:00:00,19.0,189.0
2025-06-17 06:00:00,19.5,230.0
2025-06-17 07:00:00,17.5,237.0
2025-06-17 08:00:00,22.6,609.0
2025-06-17 09:00:00,22.9,628.0
2025-06-17 10:00:00,23.6,796.0
2025-06-17 11:00:00,24.4,790.0
2025-06-17 12:00:00,25.4,764.0
2025-06-17 13:00:00,24.8,603.0
2025-06-17 14:00:00,25.0,570.0
2025-06-17 15:00:00,23.8,462.0
2025-06-17 16:00:00,23.2,329.0
2025-06-17 17:00:00,19.8,200.0
2025-06-17 18:00:00,18.0,77.0
2025-06-17 19:00:00,17.1,17.0
2025-06-17 20:00:00,15.7,0.0
2025-06-17 21:00:00,14.7,0.0
2025-06-17 22:00:00,14.5,0.0
2025-06-17 23:00:00,13.0,0.0
2025-06-18 00:00:00,13.0,0.0
2025-06-18 01:00:00,13.3,0.0
2025-06-18 02:00:00,13.2,0.0
2025-06-18 03:00:00,13.4,31.0
2025-06-18 04:00:00,13.3,115.0
2025-06-18 05:00:00,18.9,242.0
2025-06-18 06:00:00,18.9,312.0
2025-06-18 07:00:00,19.1,371.0
2025-06-18 08:00:00,17.4,327.0
2025-06-18 09:00:00,21.5,462.0
2025-06-18 10:00:00,23.1,690.0
2025-06-18 11:00:00,24.5,702.0
2025-06-18 12:00:00,17.6,127.0
2025-06-18 13:00:00,20.4,276.0
2025-06-18 14:00:00,24.7,376.0
2025-06-18 15:00:00,23.1,475.0
2025-06-18 16:00:00,23.0,366.0
2025-06-18 17:00:00,21.4,226.0
2025-06-18 18:00:00,19.8,107.0
2025-06-18 19:00:00,18.3,20.0
2025-06-18 20:00:00,17.3,0.0
2025-06-18 21:00:00,16.3,0.0
2025-06-18 22:00:00,15.4,0.0
2025-06-18 23:00:00,13.9,0.0
2025-06-19 00:00:00,12.5,0.0
2025-06-19 01:00:00,12.6,0.0
2025-06-19 02:00:00,12.6,1.0
2025-06-19 03:00:00,11.2,36.0
2025-06-19 04:00:00,9.1,97.0
2025-06-19 05:00:00,10.5,194.0
2025-06-19 06:00:00,13.6,312.0
2025-06-19 07:00:00,15.5,376.0
2025-06-19 08:00:00,16.0,534.0
2025-06-19 09:00:00,18.9,610.0
2025-06-19 10:00:00,26.3,774.0
2025-06-19 11:00:00,24.7,682.0
2025-06-19 12:00:00,22.9,452.0
2025-06-19 13:00:00,17.7,615.0
2025-06-19 14:00:00,30.1,557.0
2025-06-19 15:00:00,25.2,390.0
2025-06-19 16:00:00,25.7,358.0
2025-06-19 17:00:00,25.8,211.0
2025-06-19 18:00:00,22.6,78.0
2025-06-19 19:00:00,20.6,16.0
2025-06-19 20:00:00,19.3,0.0
2025-06-19 21:00:00,21.0,0.0
2025-06-19 22:00:00,21.0,0.0
2025-06-19 23:00:00,21.3,0.0
2025-06-20 00:00:00,21.7,0.0
2025-06-20 01:00:00,21.5,0.0
2025-06-20 02:00:00,21.3,0.0
2025-06-20 03:00:00,22.3,28.0
2025-06-20 04:00:00,19.9,107.0
2025-06-20 05:00:00,21.2,200.0
2025-06-20 06:00:00,29.0,202.0
2025-06-20 07:00:00,29.6,117.0
2025-06-20 08:00:00,30.0,157.0
2025-06-20 09:00:00,29.5,77.0
2025-06-20 10:00:00,28.0,93.0
2025-06-20 11:00:00,27.7,68.0
2025-06-20 12:00:00,27.4,99.0
2025-06-20 13:00:00,25.3,90.0
2025-06-20 14:00:00,24.1,96.0
2025-06-20 15:00:00,22.9,163.0
2025-06-20 16:00:00,18.9,211.0
2025-06-20 17:00:00,17.3,151.0
2025-06-20 18:00:00,18.8,66.0
2025-06-20 19:00:00,17.3,18.0
2025-06-20 20:00:00,15.9,0.0
2025-06-20 21:00:00,15.4,0.0
2025-06-20 22:00:00,15.0,0.0
2025-06-20 23:00:00,14.0,0.0
2025-06-21 00:00:00,12.8,0.0
2025-06-21 01:00:00,12.7,0.0
2025-06-21 02:00:00,12.7,0.0
2025-06-21 03:00:00,12.1,40.0
2025-06-21 04:00:00,11.6,146.0
2025-06-21 05:00:00,11.2,284.0
2025-06-21 06:00:00,9.7,413.0
2025-06-21 07:00:00,8.6,548.0
2025-06-21 08:00:00,8.8,693.0
2025-06-21 09:00:00,8.1,787.0
2025-06-21 10:00:00,9.1,849.0
2025-06-21 11:00:00,10.1,858.0
2025-06-21 12:00:00,16.2,846.0
2025-06-21 13:00:00,16.6,413.0
2025-06-21 14:00:00,19.1,514.0
2025-06-21 15:00:00,21.5,514.0
2025-06-21 16:00:00,19.2,187.0
2025-06-21 17:00:00,15.8,44.0
2025-06-21 18:00:00,14.3,75.0
2025-06-21 19:00:00,13.1,19.0
2025-06-21 20:00:00,17.9,0.0
2025-06-21 21:00:00,14.2,0.0
2025-06-21 22:00:00,13.3,0.0
2025-06-21 23:00:00,13.1,0.0
2025-06-22 00:00:00,12.1,0.0
2025-06-22 01:00:00,11.2,0.0
2025-06-22 02:00:00,10.2,0.0
2025-06-22 03:00:00,8.5,33.0
2025-06-22 04:00:00,9.3,99.0
2025-06-22 05:00:00,18.4,240.0
2025-06-22 06:00:00,15.1,329.0
2025-06-22 07:00:00,16.3,539.0
2025-06-22 08:00:00,22.0,677.0
2025-06-22 09:00:00,20.9,600.0
2025-06-22 10:00:00,21.0,683.0
2025-06-22 11:00:00,20.5,480.0
2025-06-22 12:00:00,20.8,394.0
2025-06-22 13:00:00,21.0,279.0
2025-06-22 14:00:00,22.4,266.0
2025-06-22 15:00:00,22.6,224.0
2025-06-22 16:00:00,20.1,212.0
2025-06-22 17:00:00,16.3,179.0
2025-06-22 18:00:00,13.4,81.0
2025-06-22 19:00:00,11.1,20.0
2025-06-22 20:00:00,10.5,0.0
2025-06-22 21:00:00,9.4,0.0
2025-06-22 22:00:00,8.6,0.0
2025-06-22 23:00:00,7.4,0.0
2025-06-23 00:00:00,6.9,0.0
2025-06-23 01:00:00,3.8,0.0
2025-06-23 02:00:00,1.8,0.0
2025-06-23 03:00:00,0.2,41.0
2025-06-23 04:00:00,2.9,129.0
2025-06-23 05:00:00,3.2,216.0
2025-06-23 06:00:00,4.2,388.0
2025-06-23 07:00:00,7.6,461.0
2025-06-23 08:00:00,9.8,546.0
2025-06-23 09:00:00,11.2,656.0
2025-06-23 10:00:00,12.2,477.0
2025-06-23 11:00:00,12.1,330.0
2025-06-23 12:00:00,15.3,463.0
2025-06-23 13:00:00,17.4,539.0
2025-06-23 14:00:00,17.9,228.0
2025-06-23 15:00:00,19.1,274.0
2025-06-23 16:00:00,17.2,178.0
2025-06-23 17:00:00,19.9,214.0
2025-06-23 18:00:00,18.6,59.0
2025-06-23 19:00:00,22.2,12.0
2025-06-23 20:00:00,23.2,0.0
2025-06-23 21:00:00,20.8,0.0
2025-06-23 22:00:00,19.1,0.0
2025-06-23 23:00:00,18.4,0.0
2025-06-24 00:00:00,14.9,0.0
2025-06-24 01:00:00,17.5,0.0
2025-06-24 02:00:00,19.7,0.0
2025-06-24 03:00:00,19.4,6.0
2025-06-24 04:00:00,21.3,79.0
2025-06-24 05:00:00,20.9,193.0
2025-06-24 06:00:00,21.4,395.0
2025-06-24 07:00:00,22.5,501.0
2025-06-24 08:00:00,24.8,613.0
2025-06-24 09:00:00,27.6,642.0
2025-06-24 10:00:00,24.5,587.0
2025-06-24 11:00:00,24.3,647.0
2025-06-24 12:00:00,13.3,335.0
2025-06-24 13:00:00,16.6,643.0
2025-06-24 14:00:00,29.9,479.0
2025-06-24 15:00:00,15.1,211.0
2025-06-24 16:00:00,14.4,273.0
2025-06-24 17:00:00,19.2,74.0
2025-06-24 18:00:00,19.6,50.0
2025-06-24 19:00:00,20.8,9.0
2025-06-24 20:00:00,18.9,0.0
2025-06-24 21:00:00,20.5,0.0
2025-06-24 22:00:00,20.6,0.0
2025-06-24 23:00:00,21.3,0.0
2025-06-25 00:00:00,20.2,0.0
2025-06-25 01:00:00,18.7,0.0
2025-06-25 02:00:00,20.4,0.0
2025-06-25 03:00:00,17.6,11.0
2025-06-25 04:00:00,16.2,16.0
2025-06-25 05:00:00,15.6,19.0
2025-06-25 06:00:00,16.5,53.0
2025-06-25 07:00:00,23.4,94.0
2025-06-25 08:00:00,18.3,181.0
2025-06-25 09:00:00,21.5,457.0
2025-06-25 10:00:00,19.1,528.0
2025-06-25 11:00:00,19.9,556.0
2025-06-25 12:00:00,19.4,614.0
2025-06-25 13:00:00,17.0,282.0
2025-06-25 14:00:00,18.2,376.0
2025-06-25 15:00:00,16.1,80.0
2025-06-25 16:00:00,21.3,214.0
2025-06-25 17:00:00,19.1,33.0
2025-06-25 18:00:00,21.8,54.0
2025-06-25 19:00:00,19.2,11.0
2025-06-25 20:00:00,19.5,0.0
2025-06-25 21:00:00,20.0,0.0
2025-06-25 22:00:00,19.4,0.0
2025-06-25 23:00:00,19.8,0.0
2025-06-26 00:00:00,18.4,0.0
2025-06-26 01:00:00,19.4,0.0
2025-06-26 02:00:00,17.7,0.0
2025-06-26 03:00:00,17.8,19.0
2025-06-26 04:00:00,16.6,70.0
2025-06-26 05:00:00,20.2,263.0
2025-06-26 06:00:00,20.0,292.0
2025-06-26 07:00:00,17.7,410.0
2025-06-26 08:00:00,17.9,673.0
2025-06-26 09:00:00,18.7,742.0
2025-06-26 10:00:00,18.1,679.0
2025-06-26 11:00:00,17.1,517.0
2025-06-26 12:00:00,19.2,541.0
2025-06-26 13:00:00,16.6,491.0
2025-06-26 14:00:00,17.8,518.0
2025-06-26 15:00:00,16.0,320.0
2025-06-26 16:00:00,13.7,265.0
2025-06-26 17:00:00,11.7,211.0
2025-06-26 18:00:00,8.5,102.0
2025-06-26 19:00:00,7.6,21.0
2025-06-26 20:00:00,6.5,0.0
2025-06-26 21:00:00,6.1,0.0
2025-06-26 22:00:00,2.9,0.0
2025-06-26 23:00:00,0.5,0.0
2025-06-27 00:00:00,7.4,0.0
2025-06-27 01:00:00,7.7,0.0
2025-06-27 02:00:00,8.2,0.0
2025-06-27 03:00:00,9.5,30.0
2025-06-27 04:00:00,10.3,123.0
2025-06-27 05:00:00,10.2,206.0
2025-06-27 06:00:00,11.2,139.0
2025-06-27 07:00:00,9.7,78.0
2025-06-27 08:00:00,10.1,108.0
2025-06-27 09:00:00,11.9,130.0
2025-06-27 10:00:00,9.7,520.0
2025-06-27 11:00:00,8.4,267.0
2025-06-27 12:00:00,13.1,492.0
2025-06-27 13:00:00,10.5,144.0
2025-06-27 14:00:00,15.7,114.0
2025-06-27 15:00:00,18.4,56.0
2025-06-27 16:00:00,15.1,160.0
2025-06-27 17:00:00,17.0,166.0
2025-06-27 18:00:00,16.5,42.0
2025-06-27 19:00:00,17.4,7.0
2025-06-27 20:00:00,13.5,0.0
2025-06-27 21:00:00,16.2,0.0
2025-06-27 22:00:00,20.9,0.0
2025-06-27 23:00:00,18.2,0.0
2025-06-28 00:00:00,18.1,0.0
2025-06-28 01:00:00,15.9,0.0
2025-06-28 02:00:00,16.0,0.0
2025-06-28 03:00:00,17.2,34.0
2025-06-28 04:00:00,14.9,123.0
2025-06-28 05:00:00,16.0,268.0
2025-06-28 06:00:00,22.3,419.0
2025-06-28 07:00:00,25.1,538.0
2025-06-28 08:00:00,25.5,581.0
2025-06-28 09:00:00,25.2,647.0
2025-06-28 10:00:00,27.6,737.0
2025-06-28 11:00:00,28.5,735.0
2025-06-28 12:00:00,29.0,692.0
2025-06-28 13:00:00,27.6,658.0
2025-06-28 14:00:00,25.7,474.0
2025-06-28 15:00:00,23.1,468.0
2025-06-28 16:00:00,20.5,300.0
2025-06-28 17:00:00,18.6,148.0
2025-06-28 18:00:00,16.5,78.0
2025-06-28 19:00:00,14.8,15.0
2025-06-28 20:00:00,13.7,0.0
2025-06-28 21:00:00,11.5,0.0
2025-06-28 22:00:00,10.5,0.0
2025-06-28 23:00:00,11.6,0.0
2025-06-29 00:00:00,12.1,0.0
2025-06-29 01:00:00,13.1,0.0
2025-06-29 02:00:00,14.1,0.0
2025-06-29 03:00:00,15.9,11.0
2025-06-29 04:00:00,16.4,55.0
2025-06-29 05:00:00,17.7,82.0
2025-06-29 06:00:00,20.9,105.0
2025-06-29 07:00:00,21.2,109.0
2025-06-29 08:00:00,25.1,270.0
2025-06-29 09:00:00,30.1,698.0
2025-06-29 10:00:00,29.6,696.0
2025-06-29 11:00:00,29.9,836.0
2025-06-29 12:00:00,30.1,818.0
2025-06-29 13:00:00,30.5,766.0
2025-06-29 14:00:00,30.4,652.0
2025-06-29 15:00:00,26.7,400.0
2025-06-29 16:00:00,22.9,335.0
2025-06-29 17:00:00,21.4,201.0
2025-06-29 18:00:00,18.4,100.0
2025-06-29 19:00:00,17.8,18.0
2025-06-29 20:00:00,18.3,0.0
2025-06-29 21:00:00,18.5,0.0
2025-06-29 22:00:00,17.6,0.0
2025-06-29 23:00:00,18.1,0.0
2025-06-30 00:00:00,17.7,0.0
2025-06-30 01:00:00,18.2,0.0
2025-06-30 02:00:00,18.4,0.0
2025-06-30 03:00:00,18.8,35.0
2025-06-30 04:00:00,15.5,97.0
2025-06-30 05:00:00,20.1,269.0
2025-06-30 06:00:00,28.6,413.0
2025-06-30 07:00:00,22.9,467.0
2025-06-30 08:00:00,25.3,666.0
2025-06-30 09:00:00,27.8,647.0
2025-06-30 10:00:00,27.5,693.0
2025-06-30 11:00:00,27.4,701.0
2025-06-30 12:00:00,28.7,696.0
2025-06-30 13:00:00,27.7,688.0
2025-06-30 14:00:00,29.5,618.0
2025-06-30 15:00:00,25.6,438.0
2025-06-30 16:00:00,23.4,283.0
2025-06-30 17:00:00,21.9,211.0
2025-06-30 18:00:00,20.3,100.0
2025-06-30 19:00:00,19.4,18.0
2025-06-30 20:00:00,19.4,0.0
2025-06-30 21:00:00,19.1,0.0
2025-06-30 22:00:00,18.2,0.0
2025-06-30 23:00:00,17.7,0.0
2025-07-01 00:00:00,17.1,0.0
2025-07-01 01:00:00,16.2,0.0
2025-07-01 02:00:00,15.8,0.0
2025-07-01 03:00:00,16.0,36.0
2025-07-01 04:00:00,15.2,134.0
2025-07-01 05:00:00,16.6,262.0
2025-07-01 06:00:00,16.9,417.0
2025-07-01 07:00:00,17.0,557.0
2025-07-01 08:00:00,20.1,678.0
2025-07-01 09:00:00,23.2,728.0
2025-07-01 10:00:00,22.9,737.0
2025-07-01 11:00:00,26.3,736.0
2025-07-01 12:00:00,24.3,473.0
2025-07-01 13:00:00,23.9,606.0
2025-07-01 14:00:00,21.1,485.0
2025-07-01 15:00:00,18.0,445.0
2025-07-01 16:00:00,14.6,370.0
2025-07-01 17:00:00,13.0,236.0
2025-07-01 18:00:00,9.1,109.0
2025-07-01 19:00:00,8.2,20.0
2025-07-01 20:00:00,7.7,0.0
2025-07-01 21:00:00,7.9,0.0
2025-07-01 22:00:00,8.6,0.0
2025-07-01 23:00:00,10.1,0.0
2025-07-02 00:00:00,11.7,0.0
2025-07-02 01:00:00,10.6,0.0
2025-07-02 02:00:00,11.0,0.0
2025-07-02 03:00:00,10.2,34.0
2025-07-02 04:00:00,9.3,135.0
2025-07-02 05:00:00,8.0,270.0
2025-07-02 06:00:00,8.9,415.0
2025-07-02 07:00:00,9.8,555.0
2025-07-02 08:00:00,10.8,677.0
2025-07-02 09:00:00,11.4,764.0
2025-07-02 10:00:00,12.8,821.0
2025-07-02 11:00:00,13.1,803.0
2025-07-02 12:00:00,13.7,769.0
2025-07-02 13:00:00,14.1,742.0
2025-07-02 14:00:00,13.3,643.0
2025-07-02 15:00:00,11.9,505.0
2025-07-02 16:00:00,10.0,358.0
2025-07-02 17:00:00,9.9,232.0
2025-07-02 18:00:00,9.7,107.0
2025-07-02 19:00:00,9.4,19.0
2025-07-02 20:00:00,9.6,0.0
2025-07-02 21:00:00,8.9,0.0
2025-07-02 22:00:00,6.7,0.0
2025-07-02 23:00:00,4.3,0.0
2025-07-03 00:00:00,1.8,0.0
2025-07-03 01:00:00,2.9,0.0
2025-07-03 02:00:00,8.0,0.0
2025-07-03 03:00:00,9.6,35.0
2025-07-03 04:00:00,9.2,136.0
2025-07-03 05:00:00,8.5,271.0
2025-07-03 06:00:00,8.1,416.0
2025-07-03 07:00:00,9.9,556.0
2025-07-03 08:00:00,10.7,678.0
2025-07-03 09:00:00,11.5,770.0
2025-07-03 10:00:00,13.6,826.0
2025-07-03 11:00:00,15.2,840.0
2025-07-03 12:00:00,15.2,778.0
2025-07-03 13:00:00,11.7,611.0
2025-07-03 14:00:00,11.7,567.0
2025-07-03 15:00:00,9.0,459.0
2025-07-03 16:00:00,7.0,332.0
2025-07-03 17:00:00,20.5,223.0
2025-07-03 18:00:00,20.6,76.0
2025-07-03 19:00:00,21.0,16.0
2025-07-03 20:00:00,18.2,0.0
2025-07-03 21:00:00,16.8,0.0
2025-07-03 22:00:00,15.2,0.0
2025-07-03 23:00:00,14.1,0.0
2025-07-04 00:00:00,13.3,0.0
2025-07-04 01:00:00,13.0,0.0
2025-07-04 02:00:00,12.9,0.0
2025-07-04 03:00:00,12.4,34.0
2025-07-04 04:00:00,10.3,136.0
2025-07-04 05:00:00,11.0,272.0
2025-07-04 06:00:00,10.5,420.0
2025-07-04 07:00:00,10.4,563.0
2025-07-04 08:00:00,11.6,688.0
2025-07-04 09:00:00,12.5,783.0
2025-07-04 10:00:00,13.1,841.0
2025-07-04 11:00:00,13.1,857.0
2025-07-04 12:00:00,13.0,827.0
2025-07-04 13:00:00,12.6,672.0
2025-07-04 14:00:00,13.0,571.0
2025-07-04 15:00:00,13.2,406.0
2025-07-04 16:00:00,12.3,231.0
2025-07-04 17:00:00,12.3,174.0
2025-07-04 18:00:00,13.7,58.0
2025-07-04 19:00:00,14.8,9.0
2025-07-04 20:00:00,15.8,0.0
2025-07-04 21:00:00,14.5,0.0
2025-07-04 22:00:00,12.8,0.0
2025-07-04 23:00:00,11.3,0.0
2025-07-05 00:00:00,10.3,0.0
2025-07-05 01:00:00,9.0,0.0
2025-07-05 02:00:00,8.9,0.0
2025-07-05 03:00:00,8.8,32.0
2025-07-05 04:00:00,7.4,132.0
2025-07-05 05:00:00,8.0,265.0
2025-07-05 06:00:00,11.5,408.0
2025-07-05 07:00:00,9.6,531.0
2025-07-05 08:00:00,10.3,663.0
2025-07-05 09:00:00,13.7,776.0
2025-07-05 10:00:00,15.4,732.0
2025-07-05 11:00:00,15.7,680.0
2025-07-05 12:00:00,14.2,387.0
2025-07-05 13:00:00,12.6,367.0
2025-07-05 14:00:00,12.5,302.0
2025-07-05 15:00:00,11.9,324.0
2025-07-05 16:00:00,8.8,243.0
2025-07-05 17:00:00,6.9,175.0
2025-07-05 18:00:00,7.6,89.0
2025-07-05 19:00:00,10.0,12.0
2025-07-05 20:00:00,10.5,0.0
2025-07-05 21:00:00,12.6,0.0
2025-07-05 22:00:00,15.0,0.0
2025-07-05 23:00:00,16.1,0.0
2025-07-06 00:00:00,15.1,0.0
2025-07-06 01:00:00,12.0,0.0
2025-07-06 02:00:00,10.0,0.0
2025-07-06 03:00:00,11.0,12.0
2025-07-06 04:00:00,12.3,55.0
2025-07-06 05:00:00,11.2,112.0
2025-07-06 06:00:00,12.6,258.0
2025-07-06 07:00:00,11.6,405.0
2025-07-06 08:00:00,12.0,394.0
2025-07-06 09:00:00,11.9,696.0
2025-07-06 10:00:00,12.7,815.0
2025-07-06 11:00:00,14.8,714.0
2025-07-06 12:00:00,15.4,584.0
2025-07-06 13:00:00,15.3,464.0
2025-07-06 14:00:00,14.9,479.0
2025-07-06 15:00:00,12.9,414.0
2025-07-06 16:00:00,11.2,298.0
2025-07-06 17:00:00,5.8,200.0
2025-07-06 18:00:00,4.3,96.0
2025-07-06 19:00:00,2.6,17.0
2025-07-06 20:00:00,4.5,0.0
2025-07-06 21:00:00,5.0,0.0
2025-07-06 22:00:00,7.9,0.0
2025-07-06 23:00:00,8.9,0.0
2025-07-07 00:00:00,9.1,0.0
2025-07-07 01:00:00,13.1,0.0
2025-07-07 02:00:00,12.3,0.0
2025-07-07 03:00:00,13.4,18.0
2025-07-07 04:00:00,12.9,104.0
2025-07-07 05:00:00,12.1,157.0
2025-07-07 06:00:00,11.5,268.0
2025-07-07 07:00:00,11.7,351.0
2025-07-07 08:00:00,13.7,555.0
2025-07-07 09:00:00,14.8,581.0
2025-07-07 10:00:00,16.2,452.0
2025-07-07 11:00:00,16.2,174.0
2025-07-07 12:00:00,13.9,307.0
2025-07-07 13:00:00,11.2,210.0
2025-07-07 14:00:00,16.5,99.0
2025-07-07 15:00:00,10.4,129.0
2025-07-07 16:00:00,5.5,93.0
2025-07-07 17:00:00,6.4,168.0
2025-07-07 18:00:00,5.5,71.0
2025-07-07 19:00:00,7.9,7.0
2025-07-07 20:00:00,9.3,0.0
2025-07-07 21:00:00,7.9,0.0
2025-07-07 22:00:00,5.0,0.0
2025-07-07 23:00:00,5.0,0.0
2025-07-08 00:00:00,3.1,0.0
2025-07-08 01:00:00,5.7,0.0
2025-07-08 02:00:00,5.1,0.0
2025-07-08 03:00:00,6.0,5.0
2025-07-08 04:00:00,4.6,52.0
2025-07-08 05:00:00,7.3,131.0
2025-07-08 06:00:00,10.3,276.0
2025-07-08 07:00:00,11.7,392.0
2025-07-08 08:00:00,12.4,535.0
2025-07-08 09:00:00,12.8,634.0
2025-07-08 10:00:00,13.9,655.0
2025-07-08 11:00:00,12.4,655.0
2025-07-08 12:00:00,12.4,696.0
2025-07-08 13:00:00,9.4,656.0
2025-07-08 14:00:00,9.4,593.0
2025-07-08 15:00:00,8.5,481.0
2025-07-08 16:00:00,7.8,348.0
2025-07-08 17:00:00,4.8,179.0
2025-07-08 18:00:00,1.8,77.0
2025-07-08 19:00:00,2.1,15.0
2025-07-08 20:00:00,6.7,0.0
2025-07-08 21:00:00,11.3,0.0
2025-07-08 22:00:00,10.9,0.0
2025-07-08 23:00:00,10.7,0.0
2025-07-09 00:00:00,11.1,0.0
2025-07-09 01:00:00,11.1,0.0
2025-07-09 02:00:00,10.7,0.0
2025-07-09 03:00:00,12.5,4.0
2025-07-09 04:00:00,13.6,15.0
2025-07-09 05:00:00,14.8,31.0
2025-07-09 06:00:00,16.5,41.0
2025-07-09 07:00:00,18.9,65.0
2025-07-09 08:00:00,21.2,128.0
2025-07-09 09:00:00,22.4,135.0
2025-07-09 10:00:00,23.6,113.0
2025-07-09 11:00:00,24.3,155.0
2025-07-09 12:00:00,26.7,110.0
2025-07-09 13:00:00,23.2,69.0
2025-07-09 14:00:00,24.7,102.0
2025-07-09 15:00:00,27.2,151.0
2025-07-09 16:00:00,27.3,88.0
2025-07-09 17:00:00,24.3,39.0
2025-07-09 18:00:00,24.0,10.0
2025-07-09 19:00:00,23.8,3.0
2025-07-09 20:00:00,23.2,0.0
2025-07-09 21:00:00,21.6,0.0
2025-07-09 22:00:00,20.6,0.0
2025-07-09 23:00:00,18.8,0.0
2025-07-10 00:00:00,18.0,0.0
2025-07-10 01:00:00,19.3,0.0
2025-07-10 02:00:00,18.5,0.0
2025-07-10 03:00:00,17.7,5.0
2025-07-10 04:00:00,16.9,15.0
2025-07-10 05:00:00,16.5,25.0
2025-07-10 06:00:00,17.1,43.0
2025-07-10 07:00:00,15.5,76.0
2025-07-10 08:00:00,17.7,111.0
2025-07-10 09:00:00,16.3,101.0
2025-07-10 10:00:00,13.6,160.0
2025-07-10 11:00:00,14.2,338.0
2025-07-10 12:00:00,12.2,311.0
2025-07-10 13:00:00,10.2,189.0
2025-07-10 14:00:00,13.1,151.0
2025-07-10 15:00:00,14.6,149.0
2025-07-10 16:00:00,13.9,77.0
2025-07-10 17:00:00,14.5,45.0
2025-07-10 18:00:00,12.8,34.0
2025-07-10 19:00:00,9.3,5.0
2025-07-10 20:00:00,8.8,0.0
2025-07-10 21:00:00,11.9,0.0
2025-07-10 22:00:00,11.8,0.0
2025-07-10 23:00:00,11.5,0.0
2025-07-11 00:00:00,11.7,0.0
2025-07-11 01:00:00,7.1,0.0
2025-07-11 02:00:00,6.5,0.0
2025-07-11 03:00:00,7.0,11.0
2025-07-11 04:00:00,7.6,54.0
2025-07-11 05:00:00,4.5,56.0
2025-07-11 06:00:00,6.7,113.0
2025-07-11 07:00:00,7.9,159.0
2025-07-11 08:00:00,10.2,341.0
2025-07-11 09:00:00,14.4,591.0
2025-07-11 10:00:00,16.1,683.0
2025-07-11 11:00:00,17.3,557.0
2025-07-11 12:00:00,15.8,385.0
2025-07-11 13:00:00,18.3,319.0
2025-07-11 14:00:00,18.1,280.0
2025-07-11 15:00:00,16.5,240.0
2025-07-11 16:00:00,14.9,120.0
2025-07-11 17:00:00,12.9,72.0
2025-07-11 18:00:00,13.2,36.0
2025-07-11 19:00:00,14.1,9.0
2025-07-11 20:00:00,12.8,0.0
2025-07-11 21:00:00,12.2,0.0
2025-07-11 22:00:00,11.6,0.0
2025-07-11 23:00:00,10.4,0.0
2025-07-12 00:00:00,10.6,0.0
2025-07-12 01:00:00,10.5,0.0
2025-07-12 02:00:00,9.0,0.0
2025-07-12 03:00:00,8.7,23.0
2025-07-12 04:00:00,8.0,115.0
2025-07-12 05:00:00,9.5,247.0
2025-07-12 06:00:00,10.1,393.0
2025-07-12 07:00:00,12.3,534.0
2025-07-12 08:00:00,14.9,657.0
2025-07-12 09:00:00,13.5,746.0
2025-07-12 10:00:00,12.3,736.0
2025-07-12 11:00:00,11.7,543.0
2025-07-12 12:00:00,9.8,517.0
2025-07-12 13:00:00,12.6,527.0
2025-07-12 14:00:00,9.6,472.0
2025-07-12 15:00:00,8.1,460.0
2025-07-12 16:00:00,8.3,342.0
2025-07-12 17:00:00,7.4,212.0
2025-07-12 18:00:00,8.1,87.0
2025-07-12 19:00:00,8.3,13.0
2025-07-12 20:00:00,9.8,0.0
2025-07-12 21:00:00,8.1,0.0
2025-07-12 22:00:00,7.6,0.0
2025-07-12 23:00:00,5.7,0.0
2025-07-13 00:00:00,5.4,0.0
2025-07-13 01:00:00,5.5,0.0
2025-07-13 02:00:00,6.0,0.0
2025-07-13 03:00:00,6.4,22.0
2025-07-13 04:00:00,6.3,111.0
2025-07-13 05:00:00,4.3,232.0
2025-07-13 06:00:00,2.9,383.0
2025-07-13 07:00:00,4.3,529.0
2025-07-13 08:00:00,3.8,650.0
2025-07-13 09:00:00,3.0,734.0
2025-07-13 10:00:00,3.4,770.0
2025-07-13 11:00:00,3.7,780.0
2025-07-13 12:00:00,3.1,756.0
2025-07-13 13:00:00,3.0,496.0
2025-07-13 14:00:00,9.1,575.0
2025-07-13 15:00:00,2.2,412.0
2025-07-13 16:00:00,2.5,337.0
2025-07-13 17:00:00,3.3,215.0
2025-07-13 18:00:00,3.6,90.0
2025-07-13 19:00:00,4.1,13.0
2025-07-13 20:00:00,5.8,0.0
2025-07-13 21:00:00,7.5,0.0
2025-07-13 22:00:00,7.2,0.0
2025-07-13 23:00:00,7.0,0.0
2025-07-14 00:00:00,7.5,0.0
2025-07-14 01:00:00,8.5,0.0
2025-07-14 02:00:00,9.0,0.0
2025-07-14 03:00:00,8.8,21.0
2025-07-14 04:00:00,8.0,110.0
2025-07-14 05:00:00,6.1,234.0
2025-07-14 06:00:00,6.9,369.0
2025-07-14 07:00:00,6.6,447.0
2025-07-14 08:00:00,7.5,625.0
2025-07-14 09:00:00,10.6,681.0
2025-07-14 10:00:00,5.5,611.0
2025-07-14 11:00:00,6.4,368.0
2025-07-14 12:00:00,10.5,702.0
2025-07-14 13:00:00,8.9,601.0
2025-07-14 14:00:00,5.1,540.0
2025-07-14 15:00:00,5.8,410.0
2025-07-14 16:00:00,7.0,226.0
2025-07-14 17:00:00,7.4,153.0
2025-07-14 18:00:00,4.3,74.0
2025-07-14 19:00:00,4.2,12.0
2025-07-14 20:00:00,3.3,0.0
2025-07-14 21:00:00,1.7,0.0
2025-07-14 22:00:00,2.3,0.0
2025-07-14 23:00:00,3.6,0.0
2025-07-15 00:00:00,3.2,0.0
2025-07-15 01:00:00,3.5,0.0
2025-07-15 02:00:00,2.5,0.0
2025-07-15 03:00:00,2.0,13.0
2025-07-15 04:00:00,2.4,70.0
2025-07-15 05:00:00,6.4,155.0
2025-07-15 06:00:00,7.0,295.0
2025-07-15 07:00:00,7.0,432.0
2025-07-15 08:00:00,4.3,552.0
2025-07-15 09:00:00,5.0,683.0
2025-07-15 10:00:00,5.4,783.0
2025-07-15 11:00:00,5.8,787.0
2025-07-15 12:00:00,5.6,699.0
2025-07-15 13:00:00,1.5,501.0
2025-07-15 14:00:00,6.5,438.0
2025-07-15 15:00:00,5.9,321.0
2025-07-15 16:00:00,3.6,288.0
2025-07-15 17:00:00,4.6,124.0
2025-07-15 18:00:00,4.0,61.0
2025-07-15 19:00:00,3.4,9.0
2025-07-15 20:00:00,4.0,0.0
2025-07-15 21:00:00,2.2,0.0
2025-07-15 22:00:00,3.3,0.0
2025-07-15 23:00:00,5.6,0.0
2025-07-16 00:00:00,6.4,0.0
2025-07-16 01:00:00,2.6,0.0
2025-07-16 02:00:00,4.8,0.0
2025-07-16 03:00:00,5.2,16.0
2025-07-16 04:00:00,3.6,87.0
2025-07-16 05:00:00,3.4,190.0
2025-07-16 06:00:00,4.5,309.0
2025-07-16 07:00:00,4.8,393.0
2025-07-16 08:00:00,4.7,626.0
2025-07-16 09:00:00,3.5,723.0
2025-07-16 10:00:00,2.1,757.0
2025-07-16 11:00:00,3.4,522.0
2025-07-16 12:00:00,5.3,491.0
2025-07-16 13:00:00,3.9,614.0
2025-07-16 14:00:00,3.9,581.0
2025-07-16 15:00:00,5.0,425.0
2025-07-16 16:00:00,6.3,229.0
2025-07-16 17:00:00,8.2,133.0
2025-07-16 18:00:00,5.1,68.0
2025-07-16 19:00:00,2.7,9.0
2025-07-16 20:00:00,2.3,0.0
2025-07-16 21:00:00,3.9,0.0
2025-07-16 22:00:00,4.1,0.0
2025-07-16 23:00:00,7.6,0.0
2025-07-17 00:00:00,6.8,0.0
2025-07-17 01:00:00,6.7,0.0
2025-07-17 02:00:00,6.6,0.0
2025-07-17 03:00:00,6.7,16.0
2025-07-17 04:00:00,8.1,85.0
2025-07-17 05:00:00,10.3,144.0
2025-07-17 06:00:00,8.7,226.0
2025-07-17 07:00:00,5.1,374.0
2025-07-17 08:00:00,4.7,495.0
2025-07-17 09:00:00,4.2,632.0
2025-07-17 10:00:00,3.7,739.0
2025-07-17 11:00:00,4.7,780.0
2025-07-17 12:00:00,3.7,716.0
2025-07-17 13:00:00,2.2,689.0
2025-07-17 14:00:00,1.9,525.0
2025-07-17 15:00:00,2.8,380.0
2025-07-17 16:00:00,9.0,309.0
2025-07-17 17:00:00,10.2,176.0
2025-07-17 18:00:00,6.2,73.0
2025-07-17 19:00:00,7.6,8.0
2025-07-17 20:00:00,8.7,0.0
2025-07-17 21:00:00,8.1,0.0
2025-07-17 22:00:00,7.6,0.0
2025-07-17 23:00:00,7.5,0.0
2025-07-18 00:00:00,6.6,0.0
2025-07-18 01:00:00,7.0,0.0
2025-07-18 02:00:00,3.1,0.0
2025-07-18 03:00:00,7.3,5.0
2025-07-18 04:00:00,7.3,33.0
2025-07-18 05:00:00,7.1,53.0
2025-07-18 06:00:00,6.4,129.0
2025-07-18 07:00:00,4.6,183.0
2025-07-18 08:00:00,4.8,190.0
2025-07-18 09:00:00,5.6,293.0
2025-07-18 10:00:00,6.9,554.0
2025-07-18 11:00:00,5.4,615.0
2025-07-18 12:00:00,6.4,629.0
2025-07-18 13:00:00,6.7,329.0
2025-07-18 14:00:00,7.9,443.0
2025-07-18 15:00:00,11.7,329.0
2025-07-18 16:00:00,8.9,129.0
2025-07-18 17:00:00,9.2,121.0
2025-07-18 18:00:00,9.1,45.0
2025-07-18 19:00:00,11.8,6.0
2025-07-18 20:00:00,10.0,0.0
2025-07-18 21:00:00,9.6,0.0
2025-07-18 22:00:00,8.9,0.0
2025-07-18 23:00:00,8.1,0.0
2025-07-19 00:00:00,8.5,0.0
2025-07-19 01:00:00,7.9,0.0
2025-07-19 02:00:00,7.3,0.0
2025-07-19 03:00:00,11.4,8.0
2025-07-19 04:00:00,10.9,53.0
2025-07-19 05:00:00,10.3,98.0
2025-07-19 06:00:00,12.3,141.0
2025-07-19 07:00:00,10.8,314.0
2025-07-19 08:00:00,9.8,492.0
2025-07-19 09:00:00,10.4,651.0
2025-07-19 10:00:00,9.5,692.0
2025-07-19 11:00:00,8.9,619.0
2025-07-19 12:00:00,8.5,612.0
2025-07-19 13:00:00,6.5,542.0
2025-07-19 14:00:00,7.0,525.0
2025-07-19 15:00:00,9.4,305.0
2025-07-19 16:00:00,8.4,151.0
2025-07-19 17:00:00,9.6,88.0
2025-07-19 18:00:00,10.4,35.0
2025-07-19 19:00:00,8.8,4.0
2025-07-19 20:00:00,7.5,0.0
2025-07-19 21:00:00,8.3,0.0
2025-07-19 22:00:00,8.1,0.0
2025-07-19 23:00:00,8.3,0.0
2025-07-20 00:00:00,8.3,0.0
2025-07-20 01:00:00,9.4,0.0
2025-07-20 02:00:00,11.5,0.0
2025-07-20 03:00:00,12.6,8.0
2025-07-20 04:00:00,14.4,42.0
2025-07-20 05:00:00,13.7,84.0
2025-07-20 06:00:00,10.7,159.0
2025-07-20 07:00:00,11.9,309.0
2025-07-20 08:00:00,10.7,318.0
2025-07-20 09:00:00,11.4,378.0
2025-07-20 10:00:00,10.6,449.0
2025-07-20 11:00:00,9.2,666.0
2025-07-20 12:00:00,9.8,592.0
2025-07-20 13:00:00,13.5,610.0
2025-07-20 14:00:00,10.9,497.0
2025-07-20 15:00:00,9.8,420.0
2025-07-20 16:00:00,9.5,327.0
2025-07-20 17:00:00,8.0,194.0
2025-07-20 18:00:00,7.9,64.0
2025-07-20 19:00:00,9.0,7.0
2025-07-20 20:00:00,8.4,0.0
2025-07-20 21:00:00,7.6,0.0
2025-07-20 22:00:00,6.7,0.0
2025-07-20 23:00:00,6.5,0.0
2025-07-21 00:00:00,7.8,0.0
2025-07-21 01:00:00,9.8,0.0
2025-07-21 02:00:00,7.7,0.0
2025-07-21 03:00:00,8.1,11.0
2025-07-21 04:00:00,7.4,84.0
2025-07-21 05:00:00,6.6,196.0
2025-07-21 06:00:00,6.8,209.0
2025-07-21 07:00:00,6.2,334.0
2025-07-21 08:00:00,7.1,557.0
2025-07-21 09:00:00,7.9,637.0
2025-07-21 10:00:00,8.1,720.0
2025-07-21 11:00:00,8.3,685.0
2025-07-21 12:00:00,8.9,685.0
2025-07-21 13:00:00,8.1,647.0
2025-07-21 14:00:00,7.4,530.0
2025-07-21 15:00:00,7.3,431.0
2025-07-21 16:00:00,7.2,327.0
2025-07-21 17:00:00,6.0,190.0
2025-07-21 18:00:00,6.2,76.0
2025-07-21 19:00:00,4.7,7.0
2025-07-21 20:00:00,4.5,0.0
2025-07-21 21:00:00,4.4,0.0
2025-07-21 22:00:00,4.0,0.0
2025-07-21 23:00:00,3.1,0.0
2025-07-22 00:00:00,4.2,0.0
2025-07-22 01:00:00,3.8,0.0
2025-07-22 02:00:00,4.2,0.0
2025-07-22 03:00:00,3.4,12.0
2025-07-22 04:00:00,5.9,93.0
2025-07-22 05:00:00,3.4,219.0
2025-07-22 06:00:00,3.4,362.0
2025-07-22 07:00:00,4.4,502.0
2025-07-22 08:00:00,5.4,602.0
2025-07-22 09:00:00,3.9,673.0
2025-07-22 10:00:00,2.3,732.0
2025-07-22 11:00:00,2.0,723.0
2025-07-22 12:00:00,2.2,712.0
2025-07-22 13:00:00,2.3,600.0
2025-07-22 14:00:00,6.6,233.0
2025-07-22 15:00:00,7.4,339.0
2025-07-22 16:00:00,1.8,261.0
2025-07-22 17:00:00,3.8,96.0
2025-07-22 18:00:00,2.3,49.0
2025-07-22 19:00:00,1.3,5.0
2025-07-22 20:00:00,2.8,0.0
2025-07-22 21:00:00,6.5,0.0
2025-07-22 22:00:00,11.0,0.0
2025-07-22 23:00:00,9.8,0.0
2025-07-23 00:00:00,10.0,0.0
2025-07-23 01:00:00,9.7,0.0
2025-07-23 02:00:00,10.2,0.0
2025-07-23 03:00:00,11.7,2.0
2025-07-23 04:00:00,15.3,14.0
2025-07-23 05:00:00,15.9,32.0
2025-07-23 06:00:00,15.4,41.0
2025-07-23 07:00:00,13.7,125.0
2025-07-23 08:00:00,16.3,377.0
2025-07-23 09:00:00,16.9,412.0
2025-07-23 10:00:00,16.9,533.0
2025-07-23 11:00:00,16.2,510.0
2025-07-23 12:00:00,17.8,560.0
2025-07-23 13:00:00,14.9,306.0
2025-07-23 14:00:00,12.4,332.0
2025-07-23 15:00:00,12.8,330.0
2025-07-23 16:00:00,10.8,247.0
2025-07-23 17:00:00,6.1,140.0
2025-07-23 18:00:00,3.1,60.0
2025-07-23 19:00:00,0.9,5.0
2025-07-23 20:00:00,3.0,0.0
2025-07-23 21:00:00,4.3,0.0
2025-07-23 22:00:00,8.5,0.0
2025-07-23 23:00:00,8.8,0.0
2025-07-24 00:00:00,8.0,0.0
2025-07-24 01:00:00,7.4,0.0
2025-07-24 02:00:00,6.2,0.0
2025-07-24 03:00:00,8.6,10.0
2025-07-24 04:00:00,4.9,86.0
2025-07-24 05:00:00,4.8,210.0
2025-07-24 06:00:00,5.7,354.0
2025-07-24 07:00:00,8.3,490.0
2025-07-24 08:00:00,7.4,565.0
2025-07-24 09:00:00,7.7,675.0
2025-07-24 10:00:00,7.3,722.0
2025-07-24 11:00:00,9.1,671.0
2025-07-24 12:00:00,10.1,566.0
2025-07-24 13:00:00,12.3,547.0
2025-07-24 14:00:00,10.1,522.0
2025-07-24 15:00:00,9.5,440.0
2025-07-24 16:00:00,11.4,322.0
2025-07-24 17:00:00,6.6,112.0
2025-07-24 18:00:00,8.1,47.0
2025-07-24 19:00:00,7.0,4.0
2025-07-24 20:00:00,6.6,0.0
2025-07-24 21:00:00,5.8,0.0
2025-07-24 22:00:00,6.6,0.0
2025-07-24 23:00:00,5.8,0.0
2025-07-25 00:00:00,6.6,0.0
2025-07-25 01:00:00,4.2,0.0
2025-07-25 02:00:00,5.5,0.0
2025-07-25 03:00:00,5.6,8.0
2025-07-25 04:00:00,5.1,73.0
2025-07-25 05:00:00,4.5,199.0
2025-07-25 06:00:00,3.8,293.0
2025-07-25 07:00:00,3.1,310.0
2025-07-25 08:00:00,1.5,488.0
2025-07-25 09:00:00,2.8,573.0
2025-07-25 10:00:00,4.1,618.0
2025-07-25 11:00:00,4.6,316.0
2025-07-25 12:00:00,4.2,333.0
2025-07-25 13:00:00,3.7,416.0
2025-07-25 14:00:00,5.1,468.0
2025-07-25 15:00:00,4.3,416.0
2025-07-25 16:00:00,5.5,316.0
2025-07-25 17:00:00,5.0,182.0
2025-07-25 18:00:00,4.0,61.0
2025-07-25 19:00:00,6.1,4.0
2025-07-25 20:00:00,4.6,0.0
2025-07-25 21:00:00,6.4,0.0
2025-07-25 22:00:00,6.5,0.0
2025-07-25 23:00:00,7.6,0.0
2025-07-26 00:00:00,6.8,0.0
2025-07-26 01:00:00,11.7,0.0
2025-07-26 02:00:00,1.1,0.0
2025-07-26 03:00:00,4.7,8.0
2025-07-26 04:00:00,6.0,79.0
2025-07-26 05:00:00,5.7,171.0
2025-07-26 06:00:00,6.3,304.0
2025-07-26 07:00:00,5.4,388.0
2025-07-26 08:00:00,7.0,498.0
2025-07-26 09:00:00,7.9,331.0
2025-07-26 10:00:00,7.6,376.0
2025-07-26 11:00:00,6.9,326.0
2025-07-26 12:00:00,10.1,282.0
2025-07-26 13:00:00,4.6,191.0
2025-07-26 14:00:00,3.0,308.0
2025-07-26 15:00:00,3.6,354.0
2025-07-26 16:00:00,4.2,281.0
2025-07-26 17:00:00,7.8,163.0
2025-07-26 18:00:00,6.0,55.0
2025-07-26 19:00:00,4.0,4.0
2025-07-26 20:00:00,3.9,0.0
2025-07-26 21:00:00,7.4,0.0
2025-07-26 22:00:00,6.6,0.0
2025-07-26 23:00:00,4.4,0.0
2025-07-27 00:00:00,4.4,0.0
2025-07-27 01:00:00,4.2,0.0
2025-07-27 02:00:00,0.3,0.0
2025-07-27 03:00:00,5.0,6.0
2025-07-27 04:00:00,0.7,73.0
2025-07-27 05:00:00,0.0,201.0
2025-07-27 06:00:00,1.2,333.0
2025-07-27 07:00:00,1.3,479.0
2025-07-27 08:00:00,1.4,578.0
2025-07-27 09:00:00,2.7,636.0
2025-07-27 10:00:00,4.5,666.0
2025-07-27 11:00:00,4.3,701.0
2025-07-27 12:00:00,5.0,545.0
2025-07-27 13:00:00,9.9,478.0
2025-07-27 14:00:00,5.2,418.0
2025-07-27 15:00:00,5.1,347.0
2025-07-27 16:00:00,6.8,155.0
2025-07-27 17:00:00,6.8,82.0
2025-07-27 18:00:00,7.1,54.0
2025-07-27 19:00:00,8.6,3.0
2025-07-27 20:00:00,10.1,0.0
2025-07-27 21:00:00,9.7,0.0
2025-07-27 22:00:00,9.2,0.0
2025-07-27 23:00:00,9.3,0.0
2025-07-28 00:00:00,11.2,0.0
2025-07-28 01:00:00,11.7,0.0
2025-07-28 02:00:00,9.9,0.0
2025-07-28 03:00:00,10.6,1.0
2025-07-28 04:00:00,11.9,20.0
2025-07-28 05:00:00,13.9,74.0
2025-07-28 06:00:00,19.5,222.0
2025-07-28 07:00:00,17.1,180.0
2025-07-28 08:00:00,18.4,214.0
2025-07-28 09:00:00,14.7,196.0
2025-07-28 10:00:00,17.6,205.0
2025-07-28 11:00:00,18.0,448.0
2025-07-28 12:00:00,16.8,474.0
2025-07-28 13:00:00,18.9,115.0
2025-07-28 14:00:00,17.3,357.0
2025-07-28 15:00:00,21.6,421.0
2025-07-28 16:00:00,14.9,175.0
2025-07-28 17:00:00,13.4,140.0
2025-07-28 18:00:00,12.6,50.0
2025-07-28 19:00:00,14.8,2.0
2025-07-28 20:00:00,15.9,0.0
2025-07-28 21:00:00,17.3,0.0
2025-07-28 22:00:00,16.7,0.0
2025-07-28 23:00:00,15.9,0.0
2025-07-29 00:00:00,14.4,0.0
2025-07-29 01:00:00,17.6,0.0
2025-07-29 02:00:00,16.3,0.0
2025-07-29 03:00:00,14.5,2.0
2025-07-29 04:00:00,15.6,21.0
2025-07-29 05:00:00,14.9,90.0
2025-07-29 06:00:00,16.6,223.0
2025-07-29 07:00:00,19.7,365.0
2025-07-29 08:00:00,17.9,383.0
2025-07-29 09:00:00,14.6,208.0
2025-07-29 10:00:00,13.7,149.0
2025-07-29 11:00:00,15.7,517.0
2025-07-29 12:00:00,15.1,560.0
2025-07-29 13:00:00,14.4,379.0
2025-07-29 14:00:00,12.3,267.0
2025-07-29 15:00:00,11.3,232.0
2025-07-29 16:00:00,8.6,175.0
2025-07-29 17:00:00,4.9,87.0
2025-07-29 18:00:00,3.3,25.0
2025-07-29 19:00:00,5.7,1.0
2025-07-29 20:00:00,7.5,0.0
2025-07-29 21:00:00,8.2,0.0
2025-07-29 22:00:00,10.6,0.0
2025-07-29 23:00:00,11.7,0.0
2025-07-30 00:00:00,12.4,0.0
2025-07-30 01:00:00,11.0,0.0
2025-07-30 02:00:00,13.1,0.0
2025-07-30 03:00:00,12.8,1.0
2025-07-30 04:00:00,13.2,7.0
2025-07-30 05:00:00,13.4,28.0
2025-07-30 06:00:00,13.1,45.0
2025-07-30 07:00:00,12.2,74.0
2025-07-30 08:00:00,13.0,150.0
2025-07-30 09:00:00,11.1,198.0
2025-07-30 10:00:00,8.2,222.0
2025-07-30 11:00:00,20.9,211.0
2025-07-30 12:00:00,24.3,320.0
2025-07-30 13:00:00,22.3,395.0
2025-07-30 14:00:00,19.5,262.0
2025-07-30 15:00:00,20.4,238.0
2025-07-30 16:00:00,21.3,209.0
2025-07-30 17:00:00,15.1,70.0
2025-07-30 18:00:00,13.4,21.0
2025-07-30 19:00:00,12.6,1.0
2025-07-30 20:00:00,11.7,0.0
2025-07-30 21:00:00,10.9,0.0
2025-07-30 22:00:00,11.0,0.0
2025-07-30 23:00:00,11.2,0.0
2025-07-31 00:00:00,11.2,0.0
2025-07-31 01:00:00,9.4,0.0
2025-07-31 02:00:00,7.4,0.0
2025-07-31 03:00:00,9.9,2.0
2025-07-31 04:00:00,10.1,14.0
2025-07-31 05:00:00,10.6,30.0
2025-07-31 06:00:00,11.3,47.0
2025-07-31 07:00:00,11.6,80.0
2025-07-31 08:00:00,11.2,83.0
2025-07-31 09:00:00,11.3,86.0
2025-07-31 10:00:00,13.1,134.0
2025-07-31 11:00:00,12.0,81.0
2025-07-31 12:00:00,8.7,88.0
2025-07-31 13:00:00,7.1,83.0
2025-07-31 14:00:00,7.3,82.0
2025-07-31 15:00:00,8.7,75.0
2025-07-31 16:00:00,7.8,61.0
2025-07-31 17:00:00,6.7,61.0
2025-07-31 18:00:00,7.4,29.0
2025-07-31 19:00:00,9.5,1.0
2025-07-31 20:00:00,9.0,0.0
2025-07-31 21:00:00,7.9,0.0
2025-07-31 22:00:00,8.4,0.0
2025-07-31 23:00:00,9.1,0.0
2025-08-01 00:00:00,8.1,0.0
2025-08-01 01:00:00,4.9,0.0
2025-08-01 02:00:00,4.2,0.0
2025-08-01 03:00:00,4.6,4.0
2025-08-01 04:00:00,6.1,70.0
2025-08-01 05:00:00,3.8,194.0
2025-08-01 06:00:00,5.4,338.0
2025-08-01 07:00:00,6.8,478.0
2025-08-01 08:00:00,6.6,606.0
2025-08-01 09:00:00,5.4,687.0
2025-08-01 10:00:00,13.7,560.0
2025-08-01 11:00:00,4.9,515.0
2025-08-01 12:00:00,6.8,727.0
2025-08-01 13:00:00,10.0,461.0
2025-08-01 14:00:00,6.5,265.0
2025-08-01 15:00:00,4.3,324.0
2025-08-01 16:00:00,5.0,319.0
2025-08-01 17:00:00,5.6,173.0
2025-08-01 18:00:00,4.4,53.0
2025-08-01 19:00:00,4.5,1.0
2025-08-01 20:00:00,6.7,0.0
2025-08-01 21:00:00,6.8,0.0
2025-08-01 22:00:00,7.9,0.0
2025-08-01 23:00:00,9.2,0.0
2025-08-02 00:00:00,8.7,0.0
2025-08-02 01:00:00,8.9,0.0
2025-08-02 02:00:00,8.8,0.0
2025-08-02 03:00:00,9.7,3.0
2025-08-02 04:00:00,8.0,23.0
2025-08-02 05:00:00,5.8,141.0
2025-08-02 06:00:00,4.9,320.0
2025-08-02 07:00:00,4.4,469.0
2025-08-02 08:00:00,7.2,592.0
2025-08-02 09:00:00,10.8,636.0
2025-08-02 10:00:00,11.1,691.0
2025-08-02 11:00:00,9.9,673.0
2025-08-02 12:00:00,9.8,659.0
2025-08-02 13:00:00,9.6,586.0
2025-08-02 14:00:00,11.0,401.0
2025-08-02 15:00:00,10.2,343.0
2025-08-02 16:00:00,7.3,230.0
2025-08-02 17:00:00,7.6,121.0
2025-08-02 18:00:00,9.0,44.0
2025-08-02 19:00:00,7.6,1.0
2025-08-02 20:00:00,7.3,0.0
2025-08-02 21:00:00,7.3,0.0
2025-08-02 22:00:00,7.2,0.0
2025-08-02 23:00:00,7.4,0.0
2025-08-03 00:00:00,7.3,0.0
2025-08-03 01:00:00,7.7,0.0
2025-08-03 02:00:00,7.7,0.0
2025-08-03 03:00:00,8.1,3.0
2025-08-03 04:00:00,7.9,63.0
2025-08-03 05:00:00,6.2,185.0
2025-08-03 06:00:00,6.0,325.0
2025-08-03 07:00:00,7.4,460.0
2025-08-03 08:00:00,9.1,590.0
2025-08-03 09:00:00,11.4,685.0
2025-08-03 10:00:00,13.2,738.0
2025-08-03 11:00:00,13.8,732.0
2025-08-03 12:00:00,12.9,689.0
2025-08-03 13:00:00,11.1,522.0
2025-08-03 14:00:00,13.3,514.0
2025-08-03 15:00:00,12.2,395.0
2025-08-03 16:00:00,12.4,286.0
2025-08-03 17:00:00,10.6,149.0
2025-08-03 18:00:00,11.2,44.0
2025-08-03 19:00:00,11.3,1.0
2025-08-03 20:00:00,12.5,0.0
2025-08-03 21:00:00,13.4,0.0
2025-08-03 22:00:00,12.4,0.0
2025-08-03 23:00:00,12.1,0.0
2025-08-04 00:00:00,12.1,0.0
2025-08-04 01:00:00,10.7,0.0
2025-08-04 02:00:00,10.5,0.0
2025-08-04 03:00:00,10.3,2.0
2025-08-04 04:00:00,9.9,56.0
2025-08-04 05:00:00,8.1,165.0
2025-08-04 06:00:00,7.1,224.0
2025-08-04 07:00:00,5.8,321.0
2025-08-04 08:00:00,3.8,466.0
2025-08-04 09:00:00,8.2,369.0
2025-08-04 10:00:00,10.6,373.0
2025-08-04 11:00:00,7.6,470.0
2025-08-04 12:00:00,9.9,475.0
2025-08-04 13:00:00,6.3,540.0
2025-08-04 14:00:00,7.7,366.0
2025-08-04 15:00:00,9.8,280.0
2025-08-04 16:00:00,9.4,192.0
2025-08-04 17:00:00,8.5,112.0
2025-08-04 18:00:00,7.7,32.0
2025-08-04 19:00:00,4.5,0.0
2025-08-04 20:00:00,1.8,0.0
2025-08-04 21:00:00,1.6,0.0
2025-08-04 22:00:00,4.5,0.0
2025-08-04 23:00:00,6.5,0.0
2025-08-05 00:00:00,7.2,0.0
2025-08-05 01:00:00,8.2,0.0
2025-08-05 02:00:00,7.0,0.0
2025-08-05 03:00:00,8.6,2.0
2025-08-05 04:00:00,9.1,58.0
2025-08-05 05:00:00,8.0,179.0
2025-08-05 06:00:00,8.7,322.0
2025-08-05 07:00:00,11.7,427.0
2025-08-05 08:00:00,15.4,386.0
2025-08-05 09:00:00,17.5,406.0
2025-08-05 10:00:00,18.0,492.0
2025-08-05 11:00:00,16.4,445.0
2025-08-05 12:00:00,17.6,619.0
2025-08-05 13:00:00,16.4,444.0
2025-08-05 14:00:00,15.2,380.0
2025-08-05 15:00:00,13.5,377.0
2025-08-05 16:00:00,11.4,182.0
2025-08-05 17:00:00,8.2,56.0
2025-08-05 18:00:00,7.8,10.0
2025-08-05 19:00:00,7.6,0.0
2025-08-05 20:00:00,10.0,0.0
2025-08-05 21:00:00,8.8,0.0
2025-08-05 22:00:00,6.8,0.0
2025-08-05 23:00:00,8.0,0.0
2025-08-06 00:00:00,9.6,0.0
2025-08-06 01:00:00,9.3,0.0
2025-08-06 02:00:00,9.9,0.0
2025-08-06 03:00:00,7.0,0.0
2025-08-06 04:00:00,10.5,15.0
2025-08-06 05:00:00,9.9,45.0
2025-08-06 06:00:00,11.7,189.0
2025-08-06 07:00:00,12.5,307.0
2025-08-06 08:00:00,12.1,387.0
2025-08-06 09:00:00,13.4,530.0
2025-08-06 10:00:00,14.2,552.0
2025-08-06 11:00:00,14.1,448.0
2025-08-06 12:00:00,17.2,577.0
2025-08-06 13:00:00,12.3,324.0
2025-08-06 14:00:00,15.3,486.0
2025-08-06 15:00:00,15.7,309.0
2025-08-06 16:00:00,10.6,244.0
2025-08-06 17:00:00,10.9,135.0
2025-08-06 18:00:00,9.6,36.0
2025-08-06 19:00:00,9.8,0.0
2025-08-06 20:00:00,10.9,0.0
2025-08-06 21:00:00,11.2,0.0
2025-08-06 22:00:00,12.0,0.0
2025-08-06 23:00:00,12.1,0.0
2025-08-07 00:00:00,12.3,0.0
2025-08-07 01:00:00,11.6,0.0
2025-08-07 02:00:00,11.5,0.0
2025-08-07 03:00:00,11.2,1.0
2025-08-07 04:00:00,11.4,51.0
2025-08-07 05:00:00,10.5,170.0
2025-08-07 06:00:00,12.8,321.0
2025-08-07 07:00:00,15.6,467.0
2025-08-07 08:00:00,14.5,547.0
2025-08-07 09:00:00,14.3,640.0
2025-08-07 10:00:00,14.6,658.0
2025-08-07 11:00:00,14.9,680.0
2025-08-07 12:00:00,14.8,646.0
2025-08-07 13:00:00,13.7,614.0
2025-08-07 14:00:00,13.6,519.0
2025-08-07 15:00:00,14.8,379.0
2025-08-07 16:00:00,12.1,207.0
2025-08-07 17:00:00,8.7,107.0
2025-08-07 18:00:00,6.7,34.0
2025-08-07 19:00:00,6.6,0.0
2025-08-07 20:00:00,5.7,0.0
2025-08-07 21:00:00,5.7,0.0
2025-08-07 22:00:00,6.5,0.0
2025-08-07 23:00:00,7.5,0.0
2025-08-08 00:00:00,7.7,0.0
2025-08-08 01:00:00,8.5,0.0
2025-08-08 02:00:00,9.6,0.0
2025-08-08 03:00:00,9.0,1.0
2025-08-08 04:00:00,9.4,36.0
2025-08-08 05:00:00,9.2,80.0
2025-08-08 06:00:00,7.4,252.0
2025-08-08 07:00:00,8.1,249.0
2025-08-08 08:00:00,11.9,373.0
2025-08-08 09:00:00,12.0,335.0
2025-08-08 10:00:00,10.5,381.0
2025-08-08 11:00:00,10.4,286.0
2025-08-08 12:00:00,6.0,122.0
2025-08-08 13:00:00,8.1,234.0
2025-08-08 14:00:00,9.2,306.0
2025-08-08 15:00:00,6.9,107.0
2025-08-08 16:00:00,6.3,85.0
2025-08-08 17:00:00,7.5,36.0
2025-08-08 18:00:00,8.4,25.0
2025-08-08 19:00:00,6.5,0.0
2025-08-08 20:00:00,6.8,0.0
2025-08-08 21:00:00,7.1,0.0
2025-08-08 22:00:00,6.6,0.0
2025-08-08 23:00:00,7.4,0.0
2025-08-09 00:00:00,7.2,0.0
2025-08-09 01:00:00,4.5,0.0
2025-08-09 02:00:00,4.1,0.0
2025-08-09 03:00:00,2.0,1.0
2025-08-09 04:00:00,5.1,50.0
2025-08-09 05:00:00,3.1,170.0
2025-08-09 06:00:00,3.1,315.0
2025-08-09 07:00:00,4.3,459.0
2025-08-09 08:00:00,6.5,585.0
2025-08-09 09:00:00,8.4,682.0
2025-08-09 10:00:00,8.6,700.0
2025-08-09 11:00:00,8.8,698.0
2025-08-09 12:00:00,8.3,682.0
2025-08-09 13:00:00,8.1,622.0
2025-08-09 14:00:00,8.3,503.0
2025-08-09 15:00:00,8.6,393.0
2025-08-09 16:00:00,6.5,258.0
2025-08-09 17:00:00,4.4,133.0
2025-08-09 18:00:00,4.5,31.0
2025-08-09 19:00:00,4.8,0.0
2025-08-09 20:00:00,5.2,0.0
2025-08-09 21:00:00,5.0,0.0
2025-08-09 22:00:00,5.0,0.0
2025-08-09 23:00:00,6.5,0.0
2025-08-10 00:00:00,7.6,0.0
2025-08-10 01:00:00,8.0,0.0
2025-08-10 02:00:00,10.6,0.0
2025-08-10 03:00:00,9.9,0.0
2025-08-10 04:00:00,11.0,43.0
2025-08-10 05:00:00,11.7,107.0
2025-08-10 06:00:00,9.5,186.0
2025-08-10 07:00:00,9.7,240.0
2025-08-10 08:00:00,12.4,438.0
2025-08-10 09:00:00,12.1,402.0
2025-08-10 10:00:00,12.2,407.0
2025-08-10 11:00:00,11.0,240.0
2025-08-10 12:00:00,10.5,240.0
2025-08-10 13:00:00,5.7,151.0
2025-08-10 14:00:00,5.0,261.0
2025-08-10 15:00:00,10.2,412.0
2025-08-10 16:00:00,13.3,263.0
2025-08-10 17:00:00,13.9,128.0
2025-08-10 18:00:00,11.4,24.0
2025-08-10 19:00:00,13.2,0.0
2025-08-10 20:00:00,14.0,0.0
2025-08-10 21:00:00,15.3,0.0
2025-08-10 22:00:00,14.9,0.0
2025-08-10 23:00:00,14.5,0.0
2025-08-11 00:00:00,14.3,0.0
2025-08-11 01:00:00,14.3,0.0
2025-08-11 02:00:00,11.8,0.0
2025-08-11 03:00:00,10.6,0.0
2025-08-11 04:00:00,11.9,46.0
2025-08-11 05:00:00,15.1,164.0
2025-08-11 06:00:00,14.1,288.0
2025-08-11 07:00:00,14.1,449.0
2025-08-11 08:00:00,17.0,563.0
2025-08-11 09:00:00,17.3,621.0
2025-08-11 10:00:00,18.4,686.0
2025-08-11 11:00:00,18.6,645.0
2025-08-11 12:00:00,18.6,572.0
2025-08-11 13:00:00,16.5,578.0
2025-08-11 14:00:00,17.8,489.0
2025-08-11 15:00:00,13.9,250.0
2025-08-11 16:00:00,12.8,149.0
2025-08-11 17:00:00,13.3,63.0
2025-08-11 18:00:00,14.3,19.0
2025-08-11 19:00:00,12.7,0.0
2025-08-11 20:00:00,11.5,0.0
2025-08-11 21:00:00,10.8,0.0
2025-08-11 22:00:00,10.3,0.0
2025-08-11 23:00:00,9.6,0.0
2025-08-12 00:00:00,9.0,0.0
2025-08-12 01:00:00,9.2,0.0
2025-08-12 02:00:00,9.2,0.0
2025-08-12 03:00:00,9.5,0.0
2025-08-12 04:00:00,9.8,41.0
2025-08-12 05:00:00,7.8,157.0
2025-08-12 06:00:00,10.0,294.0
2025-08-12 07:00:00,15.5,396.0
2025-08-12 08:00:00,15.1,429.0
2025-08-12 09:00:00,14.7,472.0
2025-08-12 10:00:00,15.0,563.0
2025-08-12 11:00:00,15.1,387.0
2025-08-12 12:00:00,13.7,353.0
2025-08-12 13:00:00,13.7,472.0
2025-08-12 14:00:00,12.4,365.0
2025-08-12 15:00:00,10.8,229.0
2025-08-12 16:00:00,9.7,261.0
2025-08-12 17:00:00,7.6,122.0
2025-08-12 18:00:00,5.9,24.0
2025-08-12 19:00:00,6.8,0.0
2025-08-12 20:00:00,8.8,0.0
2025-08-12 21:00:00,9.1,0.0
2025-08-12 22:00:00,8.0,0.0
2025-08-12 23:00:00,7.0,0.0
2025-08-13 00:00:00,6.5,0.0
2025-08-13 01:00:00,4.5,0.0
2025-08-13 02:00:00,4.0,0.0
2025-08-13 03:00:00,3.6,0.0
2025-08-13 04:00:00,5.6,34.0
2025-08-13 05:00:00,3.6,132.0
2025-08-13 06:00:00,3.2,285.0
2025-08-13 07:00:00,3.4,407.0
2025-08-13 08:00:00,5.6,563.0
2025-08-13 09:00:00,9.8,609.0
2025-08-13 10:00:00,9.9,534.0
2025-08-13 11:00:00,9.8,639.0
2025-08-13 12:00:00,10.2,601.0
2025-08-13 13:00:00,7.9,587.0
2025-08-13 14:00:00,6.5,481.0
2025-08-13 15:00:00,4.6,324.0
2025-08-13 16:00:00,8.8,220.0
2025-08-13 17:00:00,5.6,101.0
2025-08-13 18:00:00,3.1,16.0
2025-08-13 19:00:00,4.8,0.0
2025-08-13 20:00:00,4.4,0.0
2025-08-13 21:00:00,7.2,0.0
2025-08-13 22:00:00,8.0,0.0
2025-08-13 23:00:00,7.5,0.0
2025-08-14 00:00:00,6.8,0.0
2025-08-14 01:00:00,5.4,0.0
2025-08-14 02:00:00,6.0,0.0
2025-08-14 03:00:00,5.9,0.0
2025-08-14 04:00:00,6.7,38.0
2025-08-14 05:00:00,5.5,153.0
2025-08-14 06:00:00,4.0,296.0
2025-08-14 07:00:00,4.9,439.0
2025-08-14 08:00:00,6.2,566.0
2025-08-14 09:00:00,6.4,664.0
2025-08-14 10:00:00,5.4,723.0
2025-08-14 11:00:00,4.2,740.0
2025-08-14 12:00:00,4.6,711.0
2025-08-14 13:00:00,5.7,644.0
2025-08-14 14:00:00,5.9,535.0
2025-08-14 15:00:00,7.7,402.0
2025-08-14 16:00:00,7.8,259.0
2025-08-14 17:00:00,10.8,123.0
2025-08-14 18:00:00,9.5,21.0
2025-08-14 19:00:00,9.2,0.0
2025-08-14 20:00:00,8.1,0.0
2025-08-14 21:00:00,7.8,0.0
2025-08-14 22:00:00,6.6,0.0
2025-08-14 23:00:00,6.0,0.0
2025-08-15 00:00:00,7.6,0.0
2025-08-15 01:00:00,5.0,0.0
2025-08-15 02:00:00,4.4,0.0
2025-08-15 03:00:00,4.6,0.0
2025-08-15 04:00:00,6.9,36.0
2025-08-15 05:00:00,5.2,151.0
2025-08-15 06:00:00,3.5,295.0
2025-08-15 07:00:00,4.9,439.0
2025-08-15 08:00:00,5.5,565.0
2025-08-15 09:00:00,5.4,662.0
2025-08-15 10:00:00,6.3,713.0
2025-08-15 11:00:00,6.9,729.0
2025-08-15 12:00:00,7.4,711.0
2025-08-15 13:00:00,8.3,642.0
2025-08-15 14:00:00,9.3,538.0
2025-08-15 15:00:00,10.3,407.0
2025-08-15 16:00:00,9.2,251.0
2025-08-15 17:00:00,8.9,119.0
2025-08-15 18:00:00,10.5,19.0
2025-08-15 19:00:00,11.4,0.0
2025-08-15 20:00:00,13.0,0.0
2025-08-15 21:00:00,13.5,0.0
2025-08-15 22:00:00,14.6,0.0
2025-08-15 23:00:00,15.6,0.0
2025-08-16 00:00:00,15.5,0.0
2025-08-16 01:00:00,16.6,0.0
2025-08-16 02:00:00,16.1,0.0
2025-08-16 03:00:00,14.1,0.0
2025-08-16 04:00:00,12.7,27.0
2025-08-16 05:00:00,4.7,90.0
2025-08-16 06:00:00,8.5,211.0
2025-08-16 07:00:00,10.8,423.0
2025-08-16 08:00:00,18.1,546.0
2025-08-16 09:00:00,17.8,478.0
2025-08-16 10:00:00,17.9,649.0
2025-08-16 11:00:00,18.1,707.0
2025-08-16 12:00:00,21.2,652.0
2025-08-16 13:00:00,17.7,523.0
2025-08-16 14:00:00,16.5,443.0
2025-08-16 15:00:00,17.0,346.0
2025-08-16 16:00:00,13.8,168.0
2025-08-16 17:00:00,8.2,92.0
2025-08-16 18:00:00,8.6,16.0
2025-08-16 19:00:00,9.0,0.0
2025-08-16 20:00:00,10.8,0.0
2025-08-16 21:00:00,12.3,0.0
2025-08-16 22:00:00,13.1,0.0
2025-08-16 23:00:00,12.7,0.0
2025-08-17 00:00:00,11.5,0.0
2025-08-17 01:00:00,10.0,0.0
2025-08-17 02:00:00,11.6,0.0
2025-08-17 03:00:00,13.2,0.0
2025-08-17 04:00:00,13.8,30.0
2025-08-17 05:00:00,11.9,136.0
2025-08-17 06:00:00,15.1,206.0
2025-08-17 07:00:00,19.4,419.0
2025-08-17 08:00:00,19.5,331.0
2025-08-17 09:00:00,24.1,519.0
2025-08-17 10:00:00,22.1,600.0
2025-08-17 11:00:00,22.7,347.0
2025-08-17 12:00:00,21.8,448.0
2025-08-17 13:00:00,21.9,499.0
2025-08-17 14:00:00,21.0,425.0
2025-08-17 15:00:00,20.9,302.0
2025-08-17 16:00:00,18.3,182.0
2025-08-17 17:00:00,16.3,44.0
2025-08-17 18:00:00,13.1,6.0
2025-08-17 19:00:00,14.1,0.0
2025-08-17 20:00:00,11.4,0.0
2025-08-17 21:00:00,10.9,0.0
2025-08-17 22:00:00,10.3,0.0
2025-08-17 23:00:00,10.4,0.0
2025-08-18 00:00:00,10.1,0.0
2025-08-18 01:00:00,10.4,0.0
2025-08-18 02:00:00,10.6,0.0
2025-08-18 03:00:00,10.4,0.0
2025-08-18 04:00:00,10.5,29.0
2025-08-18 05:00:00,10.3,141.0
2025-08-18 06:00:00,8.8,281.0
2025-08-18 07:00:00,8.7,428.0
2025-08-18 08:00:00,10.5,561.0
2025-08-18 09:00:00,11.2,620.0
2025-08-18 10:00:00,11.5,518.0
2025-08-18 11:00:00,11.6,299.0
2025-08-18 12:00:00,11.8,444.0
2025-08-18 13:00:00,10.9,364.0
2025-08-18 14:00:00,12.2,293.0
2025-08-18 15:00:00,12.7,235.0
2025-08-18 16:00:00,9.7,117.0
2025-08-18 17:00:00,10.6,57.0
2025-08-18 18:00:00,8.7,6.0
2025-08-18 19:00:00,7.7,0.0
2025-08-18 20:00:00,6.8,0.0
2025-08-18 21:00:00,8.1,0.0
2025-08-18 22:00:00,9.3,0.0
2025-08-18 23:00:00,10.0,0.0
2025-08-19 00:00:00,9.3,0.0
2025-08-19 01:00:00,9.4,0.0
2025-08-19 02:00:00,9.6,0.0
2025-08-19 03:00:00,9.4,0.0
2025-08-19 04:00:00,9.3,26.0
2025-08-19 05:00:00,6.7,135.0
2025-08-19 06:00:00,6.8,276.0
2025-08-19 07:00:00,8.1,422.0
2025-08-19 08:00:00,9.2,549.0
2025-08-19 09:00:00,10.3,645.0
2025-08-19 10:00:00,11.7,679.0
2025-08-19 11:00:00,11.6,593.0
2025-08-19 12:00:00,11.8,509.0
2025-08-19 13:00:00,10.4,366.0
2025-08-19 14:00:00,10.2,330.0
2025-08-19 15:00:00,8.1,202.0
2025-08-19 16:00:00,6.3,207.0
2025-08-19 17:00:00,5.5,97.0
2025-08-19 18:00:00,7.6,11.0
2025-08-19 19:00:00,9.9,0.0
2025-08-19 20:00:00,9.9,0.0
2025-08-19 21:00:00,8.5,0.0
2025-08-19 22:00:00,7.9,0.0
2025-08-19 23:00:00,7.4,0.0
2025-08-20 00:00:00,10.0,0.0
2025-08-20 01:00:00,10.4,0.0
2025-08-20 02:00:00,11.2,0.0
2025-08-20 03:00:00,11.0,0.0
2025-08-20 04:00:00,11.4,17.0
2025-08-20 05:00:00,10.2,98.0
2025-08-20 06:00:00,9.3,153.0
2025-08-20 07:00:00,9.6,269.0
2025-08-20 08:00:00,9.2,445.0
2025-08-20 09:00:00,9.5,467.0
2025-08-20 10:00:00,8.7,321.0
2025-08-20 11:00:00,9.0,244.0
2025-08-20 12:00:00,13.6,185.0
2025-08-20 13:00:00,11.6,175.0
2025-08-20 14:00:00,13.7,176.0
2025-08-20 15:00:00,14.2,200.0
2025-08-20 16:00:00,13.0,185.0
2025-08-20 17:00:00,7.1,93.0
2025-08-20 18:00:00,5.2,9.0
2025-08-20 19:00:00,7.6,0.0
2025-08-20 20:00:00,10.5,0.0
2025-08-20 21:00:00,11.7,0.0
2025-08-20 22:00:00,10.7,0.0
2025-08-20 23:00:00,9.7,0.0
2025-08-21 00:00:00,8.3,0.0
2025-08-21 01:00:00,7.2,0.0
2025-08-21 02:00:00,6.7,0.0
2025-08-21 03:00:00,5.8,0.0
2025-08-21 04:00:00,6.6,23.0
2025-08-21 05:00:00,4.6,133.0
2025-08-21 06:00:00,3.2,278.0
2025-08-21 07:00:00,3.0,424.0
2025-08-21 08:00:00,4.8,551.0
2025-08-21 09:00:00,5.8,621.0
2025-08-21 10:00:00,7.0,632.0
2025-08-21 11:00:00,7.4,442.0
2025-08-21 12:00:00,8.1,512.0
2025-08-21 13:00:00,7.6,432.0
2025-08-21 14:00:00,7.7,289.0
2025-08-21 15:00:00,7.2,239.0
2025-08-21 16:00:00,3.6,166.0
2025-08-21 17:00:00,1.3,76.0
2025-08-21 18:00:00,0.7,8.0
2025-08-21 19:00:00,3.1,0.0
2025-08-21 20:00:00,4.3,0.0
2025-08-21 21:00:00,4.3,0.0
2025-08-21 22:00:00,5.6,0.0
2025-08-21 23:00:00,7.0,0.0
2025-08-22 00:00:00,7.1,0.0
2025-08-22 01:00:00,6.1,0.0
2025-08-22 02:00:00,6.7,0.0
2025-08-22 03:00:00,6.9,0.0
2025-08-22 04:00:00,7.2,19.0
2025-08-22 05:00:00,6.7,105.0
2025-08-22 06:00:00,4.5,276.0
2025-08-22 07:00:00,4.5,419.0
2025-08-22 08:00:00,5.4,548.0
2025-08-22 09:00:00,6.2,540.0
2025-08-22 10:00:00,8.4,629.0
2025-08-22 11:00:00,9.2,590.0
2025-08-22 12:00:00,9.6,474.0
2025-08-22 13:00:00,10.3,459.0
2025-08-22 14:00:00,12.4,274.0
2025-08-22 15:00:00,11.3,280.0
2025-08-22 16:00:00,12.4,152.0
2025-08-22 17:00:00,10.3,80.0
2025-08-22 18:00:00,12.7,6.0
2025-08-22 19:00:00,11.4,0.0
2025-08-22 20:00:00,10.3,0.0
2025-08-22 21:00:00,10.8,0.0
2025-08-22 22:00:00,10.5,0.0
2025-08-22 23:00:00,9.5,0.0
2025-08-23 00:00:00,10.1,0.0
2025-08-23 01:00:00,11.4,0.0
2025-08-23 02:00:00,11.9,0.0
2025-08-23 03:00:00,11.7,0.0
2025-08-23 04:00:00,12.1,19.0
2025-08-23 05:00:00,12.2,123.0
2025-08-23 06:00:00,17.2,262.0
2025-08-23 07:00:00,15.5,381.0
2025-08-23 08:00:00,14.4,489.0
2025-08-23 09:00:00,14.9,545.0
2025-08-23 10:00:00,15.1,586.0
2025-08-23 11:00:00,15.0,628.0
2025-08-23 12:00:00,14.5,506.0
2025-08-23 13:00:00,13.0,411.0
2025-08-23 14:00:00,16.1,396.0
2025-08-23 15:00:00,12.9,214.0
2025-08-23 16:00:00,10.7,177.0
2025-08-23 17:00:00,8.8,51.0
2025-08-23 18:00:00,9.4,5.0
2025-08-23 19:00:00,10.6,0.0
2025-08-23 20:00:00,10.6,0.0
2025-08-23 21:00:00,10.5,0.0
2025-08-23 22:00:00,10.6,0.0
2025-08-23 23:00:00,10.5,0.0
2025-08-24 00:00:00,10.7,0.0
2025-08-24 01:00:00,11.6,0.0
2025-08-24 02:00:00,12.3,0.0
2025-08-24 03:00:00,12.8,0.0
2025-08-24 04:00:00,12.6,6.0
2025-08-24 05:00:00,17.1,58.0
2025-08-24 06:00:00,17.7,121.0
2025-08-24 07:00:00,17.5,323.0
2025-08-24 08:00:00,16.8,392.0
2025-08-24 09:00:00,17.8,517.0
2025-08-24 10:00:00,21.6,422.0
2025-08-24 11:00:00,20.9,353.0
2025-08-24 12:00:00,17.1,245.0
2025-08-24 13:00:00,21.1,249.0
2025-08-24 14:00:00,21.0,205.0
2025-08-24 15:00:00,22.8,185.0
2025-08-24 16:00:00,18.4,76.0
2025-08-24 17:00:00,18.1,43.0
2025-08-24 18:00:00,17.4,4.0
2025-08-24 19:00:00,16.2,0.0
2025-08-24 20:00:00,16.6,0.0
2025-08-24 21:00:00,16.1,0.0
2025-08-24 22:00:00,15.1,0.0
2025-08-24 23:00:00,15.1,0.0
2025-08-25 00:00:00,14.8,0.0
2025-08-25 01:00:00,13.3,0.0
2025-08-25 02:00:00,14.4,0.0
2025-08-25 03:00:00,15.3,0.0
2025-08-25 04:00:00,15.2,6.0
2025-08-25 05:00:00,15.5,36.0
2025-08-25 06:00:00,13.5,72.0
2025-08-25 07:00:00,15.3,183.0
2025-08-25 08:00:00,17.3,138.0
2025-08-25 09:00:00,17.9,333.0
2025-08-25 10:00:00,18.1,359.0
2025-08-25 11:00:00,19.6,431.0
2025-08-25 12:00:00,21.8,241.0
2025-08-25 13:00:00,19.4,364.0
2025-08-25 14:00:00,19.9,294.0
2025-08-25 15:00:00,20.3,257.0
2025-08-25 16:00:00,16.5,120.0
2025-08-25 17:00:00,14.6,45.0
2025-08-25 18:00:00,15.2,3.0
2025-08-25 19:00:00,14.8,0.0
2025-08-25 20:00:00,14.4,0.0
2025-08-25 21:00:00,14.5,0.0
2025-08-25 22:00:00,13.5,0.0
2025-08-25 23:00:00,12.6,0.0
2025-08-26 00:00:00,12.1,0.0
2025-08-26 01:00:00,11.9,0.0
2025-08-26 02:00:00,13.3,0.0
2025-08-26 03:00:00,11.4,0.0
2025-08-26 04:00:00,10.7,11.0
2025-08-26 05:00:00,11.9,56.0
2025-08-26 06:00:00,12.6,117.0
2025-08-26 07:00:00,13.5,184.0
2025-08-26 08:00:00,13.0,266.0
2025-08-26 09:00:00,12.7,411.0
2025-08-26 10:00:00,12.3,503.0
2025-08-26 11:00:00,13.5,582.0
2025-08-26 12:00:00,14.5,274.0
2025-08-26 13:00:00,15.2,272.0
2025-08-26 14:00:00,12.8,216.0
2025-08-26 15:00:00,15.3,280.0
2025-08-26 16:00:00,13.1,116.0
2025-08-26 17:00:00,8.3,25.0
2025-08-26 18:00:00,8.7,3.0
2025-08-26 19:00:00,10.2,0.0
2025-08-26 20:00:00,8.5,0.0
2025-08-26 21:00:00,7.5,0.0
2025-08-26 22:00:00,8.0,0.0
2025-08-26 23:00:00,6.6,0.0
2025-08-27 00:00:00,5.7,0.0
2025-08-27 01:00:00,5.0,0.0
2025-08-27 02:00:00,4.7,0.0
2025-08-27 03:00:00,4.8,0.0
2025-08-27 04:00:00,5.8,13.0
2025-08-27 05:00:00,5.4,107.0
2025-08-27 06:00:00,4.7,250.0
2025-08-27 07:00:00,5.3,353.0
2025-08-27 08:00:00,6.3,470.0
2025-08-27 09:00:00,6.9,406.0
2025-08-27 10:00:00,6.4,414.0
2025-08-27 11:00:00,6.2,456.0
2025-08-27 12:00:00,5.4,457.0
2025-08-27 13:00:00,4.5,532.0
2025-08-27 14:00:00,4.5,416.0
2025-08-27 15:00:00,5.8,325.0
2025-08-27 16:00:00,5.6,193.0
2025-08-27 17:00:00,4.0,64.0
2025-08-27 18:00:00,1.1,2.0
2025-08-27 19:00:00,1.8,0.0
2025-08-27 20:00:00,7.3,0.0
2025-08-27 21:00:00,8.4,0.0
2025-08-27 22:00:00,9.7,0.0
2025-08-27 23:00:00,9.3,0.0
2025-08-28 00:00:00,9.5,0.0
2025-08-28 01:00:00,12.0,0.0
2025-08-28 02:00:00,12.4,0.0
2025-08-28 03:00:00,12.3,0.0
2025-08-28 04:00:00,12.2,10.0
2025-08-28 05:00:00,12.6,92.0
2025-08-28 06:00:00,11.5,204.0
2025-08-28 07:00:00,12.1,295.0
2025-08-28 08:00:00,13.7,370.0
2025-08-28 09:00:00,11.3,352.0
2025-08-28 10:00:00,8.4,404.0
2025-08-28 11:00:00,9.7,395.0
2025-08-28 12:00:00,10.3,395.0
2025-08-28 13:00:00,10.4,467.0
2025-08-28 14:00:00,9.3,260.0
2025-08-28 15:00:00,9.4,146.0
2025-08-28 16:00:00,11.0,121.0
2025-08-28 17:00:00,11.1,54.0
2025-08-28 18:00:00,11.4,2.0
2025-08-28 19:00:00,12.3,0.0
2025-08-28 20:00:00,12.4,0.0
2025-08-28 21:00:00,12.3,0.0
2025-08-28 22:00:00,13.4,0.0
2025-08-28 23:00:00,13.9,0.0
2025-08-29 00:00:00,14.7,0.0
2025-08-29 01:00:00,16.0,0.0
2025-08-29 02:00:00,16.2,0.0
2025-08-29 03:00:00,16.8,0.0
2025-08-29 04:00:00,17.5,11.0
2025-08-29 05:00:00,17.8,102.0
2025-08-29 06:00:00,14.0,240.0
2025-08-29 07:00:00,16.0,378.0
2025-08-29 08:00:00,17.0,497.0
2025-08-29 09:00:00,17.3,591.0
2025-08-29 10:00:00,17.8,640.0
2025-08-29 11:00:00,17.6,658.0
2025-08-29 12:00:00,17.8,619.0
2025-08-29 13:00:00,18.6,556.0
2025-08-29 14:00:00,18.6,452.0
2025-08-29 15:00:00,16.8,309.0
2025-08-29 16:00:00,16.6,163.0
2025-08-29 17:00:00,16.6,51.0
2025-08-29 18:00:00,16.2,1.0
2025-08-29 19:00:00,18.2,0.0
2025-08-29 20:00:00,18.9,0.0
2025-08-29 21:00:00,18.4,0.0
2025-08-29 22:00:00,17.9,0.0
2025-08-29 23:00:00,16.7,0.0
2025-08-30 00:00:00,14.9,0.0
2025-08-30 01:00:00,13.7,0.0
2025-08-30 02:00:00,11.9,0.0
2025-08-30 03:00:00,10.8,0.0
2025-08-30 04:00:00,8.8,9.0
2025-08-30 05:00:00,7.9,90.0
2025-08-30 06:00:00,7.4,222.0
2025-08-30 07:00:00,6.4,369.0
2025-08-30 08:00:00,5.4,481.0
2025-08-30 09:00:00,5.2,586.0
2025-08-30 10:00:00,6.7,639.0
2025-08-30 11:00:00,8.8,634.0
2025-08-30 12:00:00,10.4,616.0
2025-08-30 13:00:00,9.0,486.0
2025-08-30 14:00:00,7.3,360.0
2025-08-30 15:00:00,6.4,295.0
2025-08-30 16:00:00,4.0,167.0
2025-08-30 17:00:00,1.8,53.0
2025-08-30 18:00:00,3.5,1.0
2025-08-30 19:00:00,8.9,0.0
2025-08-30 20:00:00,9.1,0.0
2025-08-30 21:00:00,6.9,0.0
2025-08-30 22:00:00,7.3,0.0
2025-08-30 23:00:00,7.2,0.0
2025-08-31 00:00:00,7.1,0.0
2025-08-31 01:00:00,8.5,0.0
2025-08-31 02:00:00,9.0,0.0
2025-08-31 03:00:00,8.7,0.0
2025-08-31 04:00:00,8.0,8.0
2025-08-31 05:00:00,8.0,82.0
2025-08-31 06:00:00,7.1,218.0
2025-08-31 07:00:00,5.0,336.0
2025-08-31 08:00:00,3.9,441.0
2025-08-31 09:00:00,5.6,534.0
2025-08-31 10:00:00,9.3,232.0
2025-08-31 11:00:00,11.0,223.0
2025-08-31 12:00:00,9.3,338.0
2025-08-31 13:00:00,11.9,316.0
2025-08-31 14:00:00,13.7,364.0
2025-08-31 15:00:00,11.8,168.0
2025-08-31 16:00:00,10.9,116.0
2025-08-31 17:00:00,11.6,45.0
2025-08-31 18:00:00,11.0,0.0
2025-08-31 19:00:00,10.7,0.0
2025-08-31 20:00:00,9.8,0.0
2025-08-31 21:00:00,10.3,0.0
2025-08-31 22:00:00,10.9,0.0
2025-08-31 23:00:00,10.7,0.0
2025-09-01 00:00:00,10.6,0.0
2025-09-01 01:00:00,12.1,0.0
2025-09-01 02:00:00,9.7,0.0
2025-09-01 03:00:00,10.0,0.0
2025-09-01 04:00:00,10.3,6.0
2025-09-01 05:00:00,12.0,67.0
2025-09-01 06:00:00,11.9,133.0
2025-09-01 07:00:00,11.4,293.0
2025-09-01 08:00:00,9.1,483.0
2025-09-01 09:00:00,8.9,584.0
2025-09-01 10:00:00,9.3,646.0
2025-09-01 11:00:00,9.0,664.0
2025-09-01 12:00:00,8.7,634.0
2025-09-01 13:00:00,7.6,553.0
2025-09-01 14:00:00,8.3,447.0
2025-09-01 15:00:00,9.1,316.0
2025-09-01 16:00:00,9.0,173.0
2025-09-01 17:00:00,10.5,49.0
2025-09-01 18:00:00,10.5,0.0
2025-09-01 19:00:00,9.5,0.0
2025-09-01 20:00:00,9.4,0.0
2025-09-01 21:00:00,10.1,0.0
2025-09-01 22:00:00,10.1,0.0
2025-09-01 23:00:00,9.4,0.0
2025-09-02 00:00:00,9.4,0.0
2025-09-02 01:00:00,8.9,0.0
2025-09-02 02:00:00,8.5,0.0
2025-09-02 03:00:00,8.9,0.0
2025-09-02 04:00:00,9.8,6.0
2025-09-02 05:00:00,9.0,86.0
2025-09-02 06:00:00,8.4,221.0
2025-09-02 07:00:00,8.5,363.0
2025-09-02 08:00:00,8.6,488.0
2025-09-02 09:00:00,9.3,583.0
2025-09-02 10:00:00,11.3,640.0
2025-09-02 11:00:00,12.4,654.0
2025-09-02 12:00:00,11.3,624.0
2025-09-02 13:00:00,11.6,551.0
2025-09-02 14:00:00,12.3,443.0
2025-09-02 15:00:00,12.2,311.0
2025-09-02 16:00:00,9.8,168.0
2025-09-02 17:00:00,11.8,45.0
2025-09-02 18:00:00,12.6,0.0
2025-09-02 19:00:00,12.8,0.0
2025-09-02 20:00:00,13.1,0.0
2025-09-02 21:00:00,13.6,0.0
2025-09-02 22:00:00,13.4,0.0
2025-09-02 23:00:00,13.4,0.0
2025-09-03 00:00:00,14.1,0.0
2025-09-03 01:00:00,14.7,0.0
2025-09-03 02:00:00,13.6,0.0
2025-09-03 03:00:00,13.8,0.0
2025-09-03 04:00:00,13.6,5.0
2025-09-03 05:00:00,14.0,80.0
2025-09-03 06:00:00,11.3,183.0
2025-09-03 07:00:00,12.7,325.0
2025-09-03 08:00:00,12.1,464.0
2025-09-03 09:00:00,10.5,573.0
2025-09-03 10:00:00,10.3,627.0
2025-09-03 11:00:00,11.1,636.0
2025-09-03 12:00:00,11.2,594.0
2025-09-03 13:00:00,9.9,514.0
2025-09-03 14:00:00,8.0,236.0
2025-09-03 15:00:00,2.1,109.0
2025-09-03 16:00:00,3.6,94.0
2025-09-03 17:00:00,4.5,14.0
2025-09-03 18:00:00,5.7,0.0
2025-09-03 19:00:00,4.4,0.0
2025-09-03 20:00:00,6.5,0.0
2025-09-03 21:00:00,4.8,0.0
2025-09-03 22:00:00,6.7,0.0
2025-09-03 23:00:00,3.3,0.0
2025-09-04 00:00:00,2.8,0.0
2025-09-04 01:00:00,4.4,0.0
2025-09-04 02:00:00,4.1,0.0
2025-09-04 03:00:00,4.4,0.0
2025-09-04 04:00:00,3.6,3.0
2025-09-04 05:00:00,3.2,42.0
2025-09-04 06:00:00,2.0,96.0
2025-09-04 07:00:00,0.6,146.0
2025-09-04 08:00:00,2.5,233.0
2025-09-04 09:00:00,3.3,277.0
2025-09-04 10:00:00,5.5,379.0
2025-09-04 11:00:00,8.0,365.0
2025-09-04 12:00:00,8.5,456.0
2025-09-04 13:00:00,7.0,480.0
2025-09-04 14:00:00,7.0,386.0
2025-09-04 15:00:00,4.9,254.0
2025-09-04 16:00:00,2.7,144.0
2025-09-04 17:00:00,2.2,35.0
2025-09-04 18:00:00,2.1,0.0
2025-09-04 19:00:00,0.5,0.0
2025-09-04 20:00:00,3.1,0.0
2025-09-04 21:00:00,4.3,0.0
2025-09-04 22:00:00,6.6,0.0
2025-09-04 23:00:00,6.0,0.0
2025-09-05 00:00:00,4.2,0.0
2025-09-05 01:00:00,2.2,0.0
2025-09-05 02:00:00,6.6,0.0
2025-09-05 03:00:00,5.8,0.0
2025-09-05 04:00:00,5.7,3.0
2025-09-05 05:00:00,6.3,59.0
2025-09-05 06:00:00,6.0,152.0
2025-09-05 07:00:00,4.9,333.0
2025-09-05 08:00:00,6.0,469.0
2025-09-05 09:00:00,7.7,563.0
2025-09-05 10:00:00,9.1,618.0
2025-09-05 11:00:00,9.6,631.0
2025-09-05 12:00:00,10.0,575.0
2025-09-05 13:00:00,11.6,505.0
2025-09-05 14:00:00,12.0,409.0
2025-09-05 15:00:00,9.9,279.0
2025-09-05 16:00:00,8.7,144.0
2025-09-05 17:00:00,9.4,32.0
2025-09-05 18:00:00,10.1,0.0
2025-09-05 19:00:00,10.8,0.0
2025-09-05 20:00:00,11.9,0.0
2025-09-05 21:00:00,11.3,0.0
2025-09-05 22:00:00,10.9,0.0
2025-09-05 23:00:00,10.5,0.0
2025-09-06 00:00:00,10.1,0.0
2025-09-06 01:00:00,9.2,0.0
2025-09-06 02:00:00,8.9,0.0
2025-09-06 03:00:00,10.9,0.0
2025-09-06 04:00:00,12.3,3.0
2025-09-06 05:00:00,11.6,69.0
2025-09-06 06:00:00,9.8,190.0
2025-09-06 07:00:00,9.4,329.0
2025-09-06 08:00:00,8.4,429.0
2025-09-06 09:00:00,8.0,518.0
2025-09-06 10:00:00,7.6,526.0
2025-09-06 11:00:00,9.7,589.0
2025-09-06 12:00:00,10.6,585.0
2025-09-06 13:00:00,12.0,514.0
2025-09-06 14:00:00,9.8,367.0
2025-09-06 15:00:00,9.3,272.0
2025-09-06 16:00:00,8.5,136.0
2025-09-06 17:00:00,5.8,28.0
2025-09-06 18:00:00,9.0,0.0
2025-09-06 19:00:00,10.9,0.0
2025-09-06 20:00:00,9.9,0.0
2025-09-06 21:00:00,7.9,0.0
2025-09-06 22:00:00,8.2,0.0
2025-09-06 23:00:00,9.0,0.0
2025-09-07 00:00:00,8.8,0.0
2025-09-07 01:00:00,3.6,0.0
2025-09-07 02:00:00,11.6,0.0
2025-09-07 03:00:00,1.8,0.0
2025-09-07 04:00:00,5.3,2.0
2025-09-07 05:00:00,10.9,64.0
2025-09-07 06:00:00,8.1,197.0
2025-09-07 07:00:00,6.9,336.0
2025-09-07 08:00:00,8.1,460.0
2025-09-07 09:00:00,10.3,553.0
2025-09-07 10:00:00,11.5,609.0
2025-09-07 11:00:00,11.7,622.0
2025-09-07 12:00:00,11.6,578.0
2025-09-07 13:00:00,9.6,488.0
2025-09-07 14:00:00,9.3,384.0
2025-09-07 15:00:00,7.5,263.0
2025-09-07 16:00:00,4.8,131.0
2025-09-07 17:00:00,5.2,26.0
2025-09-07 18:00:00,6.7,0.0
2025-09-07 19:00:00,7.6,0.0
2025-09-07 20:00:00,8.1,0.0
2025-09-07 21:00:00,8.5,0.0
2025-09-07 22:00:00,9.2,0.0
2025-09-07 23:00:00,9.2,0.0
2025-09-08 00:00:00,9.4,0.0
2025-09-08 01:00:00,9.5,0.0
2025-09-08 02:00:00,8.2,0.0
2025-09-08 03:00:00,7.5,0.0
2025-09-08 04:00:00,8.1,2.0
2025-09-08 05:00:00,8.4,69.0
2025-09-08 06:00:00,6.4,203.0
2025-09-08 07:00:00,8.6,345.0
2025-09-08 08:00:00,10.6,471.0
2025-09-08 09:00:00,13.6,567.0
2025-09-08 10:00:00,13.2,487.0
2025-09-08 11:00:00,12.3,500.0
2025-09-08 12:00:00,12.1,431.0
2025-09-08 13:00:00,11.5,414.0
2025-09-08 14:00:00,9.6,259.0
2025-09-08 15:00:00,7.8,232.0
2025-09-08 16:00:00,8.0,136.0
2025-09-08 17:00:00,9.5,25.0
2025-09-08 18:00:00,10.1,0.0
2025-09-08 19:00:00,9.6,0.0
2025-09-08 20:00:00,8.6,0.0
2025-09-08 21:00:00,8.8,0.0
2025-09-08 22:00:00,9.3,0.0
2025-09-08 23:00:00,9.0,0.0
2025-09-09 00:00:00,9.0,0.0
2025-09-09 01:00:00,9.4,0.0
2025-09-09 02:00:00,8.9,0.0
2025-09-09 03:00:00,8.9,0.0
2025-09-09 04:00:00,9.3,1.0
2025-09-09 05:00:00,9.1,39.0
2025-09-09 06:00:00,9.0,114.0
2025-09-09 07:00:00,9.0,204.0
2025-09-09 08:00:00,11.7,419.0
2025-09-09 09:00:00,15.3,456.0
2025-09-09 10:00:00,16.0,450.0
2025-09-09 11:00:00,17.4,412.0
2025-09-09 12:00:00,15.2,397.0
2025-09-09 13:00:00,14.7,409.0
2025-09-09 14:00:00,14.0,360.0
2025-09-09 15:00:00,9.3,264.0
2025-09-09 16:00:00,8.6,128.0
2025-09-09 17:00:00,11.3,21.0
2025-09-09 18:00:00,11.8,0.0
2025-09-09 19:00:00,12.1,0.0
2025-09-09 20:00:00,12.0,0.0
2025-09-09 21:00:00,11.9,0.0
2025-09-09 22:00:00,12.1,0.0
2025-09-09 23:00:00,12.0,0.0
2025-09-10 00:00:00,12.0,0.0
2025-09-10 01:00:00,11.6,0.0
2025-09-10 02:00:00,11.3,0.0
2025-09-10 03:00:00,11.2,0.0
2025-09-10 04:00:00,11.5,1.0
2025-09-10 05:00:00,12.8,61.0
2025-09-10 06:00:00,10.1,190.0
2025-09-10 07:00:00,11.2,328.0
2025-09-10 08:00:00,12.8,451.0
2025-09-10 09:00:00,13.5,544.0
2025-09-10 10:00:00,15.3,598.0
2025-09-10 11:00:00,17.1,600.0
2025-09-10 12:00:00,17.9,545.0
2025-09-10 13:00:00,18.7,449.0
2025-09-10 14:00:00,18.9,368.0
2025-09-10 15:00:00,15.5,198.0
2025-09-10 16:00:00,14.6,90.0
2025-09-10 17:00:00,15.2,17.0
2025-09-10 18:00:00,15.7,0.0
2025-09-10 19:00:00,17.3,0.0
2025-09-10 20:00:00,18.3,0.0
2025-09-10 21:00:00,18.8,0.0
2025-09-10 22:00:00,18.1,0.0
2025-09-10 23:00:00,17.6,0.0
2025-09-11 00:00:00,17.8,0.0
2025-09-11 01:00:00,18.6,0.0
2025-09-11 02:00:00,19.1,0.0
2025-09-11 03:00:00,19.7,0.0
2025-09-11 04:00:00,20.4,1.0
2025-09-11 05:00:00,21.1,58.0
2025-09-11 06:00:00,17.8,188.0
2025-09-11 07:00:00,20.9,312.0
2025-09-11 08:00:00,21.2,415.0
2025-09-11 09:00:00,21.9,431.0
2025-09-11 10:00:00,24.1,490.0
2025-09-11 11:00:00,24.3,436.0
2025-09-11 12:00:00,27.3,393.0
2025-09-11 13:00:00,24.7,214.0
2025-09-11 14:00:00,24.1,60.0
2025-09-11 15:00:00,23.2,84.0
2025-09-11 16:00:00,21.9,16.0
2025-09-11 17:00:00,20.9,4.0
2025-09-11 18:00:00,22.5,0.0
2025-09-11 19:00:00,21.7,0.0
2025-09-11 20:00:00,20.7,0.0
2025-09-11 21:00:00,19.0,0.0
2025-09-11 22:00:00,19.3,0.0
2025-09-11 23:00:00,20.6,0.0
2025-09-12 00:00:00,19.7,0.0
2025-09-12 01:00:00,19.1,0.0
2025-09-12 02:00:00,18.1,0.0
2025-09-12 03:00:00,18.0,0.0
2025-09-12 04:00:00,18.0,0.0
2025-09-12 05:00:00,17.0,7.0
2025-09-12 06:00:00,16.9,23.0
2025-09-12 07:00:00,17.0,34.0
2025-09-12 08:00:00,16.4,38.0
2025-09-12 09:00:00,16.4,45.0
2025-09-12 10:00:00,16.2,49.0
2025-09-12 11:00:00,17.3,87.0
2025-09-12 12:00:00,17.8,125.0
2025-09-12 13:00:00,12.4,88.0
2025-09-12 14:00:00,14.8,67.0
2025-09-12 15:00:00,15.3,29.0
2025-09-12 16:00:00,15.2,24.0
2025-09-12 17:00:00,13.9,5.0
2025-09-12 18:00:00,12.8,0.0
2025-09-12 19:00:00,12.4,0.0
2025-09-12 20:00:00,12.2,0.0
2025-09-12 21:00:00,12.8,0.0
2025-09-12 22:00:00,12.9,0.0
2025-09-12 23:00:00,13.0,0.0
2025-09-13 00:00:00,12.9,0.0
2025-09-13 01:00:00,12.3,0.0
2025-09-13 02:00:00,12.6,0.0
2025-09-13 03:00:00,11.6,0.0
2025-09-13 04:00:00,12.2,0.0
2025-09-13 05:00:00,11.0,19.0
2025-09-13 06:00:00,10.3,55.0
2025-09-13 07:00:00,9.6,122.0
2025-09-13 08:00:00,8.8,215.0
2025-09-13 09:00:00,8.9,300.0
2025-09-13 10:00:00,9.8,380.0
2025-09-13 11:00:00,11.4,473.0
2025-09-13 12:00:00,11.3,513.0
2025-09-13 13:00:00,12.8,219.0
2025-09-13 14:00:00,13.3,263.0
2025-09-13 15:00:00,10.4,150.0
2025-09-13 16:00:00,9.9,64.0
2025-09-13 17:00:00,8.8,10.0
2025-09-13 18:00:00,10.9,0.0
2025-09-13 19:00:00,12.4,0.0
2025-09-13 20:00:00,11.7,0.0
2025-09-13 21:00:00,11.4,0.0
2025-09-13 22:00:00,12.5,0.0
2025-09-13 23:00:00,13.4,0.0
2025-09-14 00:00:00,12.7,0.0
2025-09-14 01:00:00,12.3,0.0
2025-09-14 02:00:00,13.8,0.0
2025-09-14 03:00:00,14.2,0.0
2025-09-14 04:00:00,13.3,0.0
2025-09-14 05:00:00,14.5,12.0
2025-09-14 06:00:00,15.5,118.0
2025-09-14 07:00:00,17.1,251.0
2025-09-14 08:00:00,17.4,422.0
2025-09-14 09:00:00,18.9,510.0
2025-09-14 10:00:00,19.5,505.0
2025-09-14 11:00:00,19.2,427.0
2025-09-14 12:00:00,20.4,329.0
2025-09-14 13:00:00,20.0,293.0
2025-09-14 14:00:00,20.1,253.0
2025-09-14 15:00:00,20.9,161.0
2025-09-14 16:00:00,21.3,91.0
2025-09-14 17:00:00,21.8,8.0
2025-09-14 18:00:00,22.7,0.0
2025-09-14 19:00:00,24.2,0.0
2025-09-14 20:00:00,24.1,0.0
2025-09-14 21:00:00,21.8,0.0
2025-09-14 22:00:00,21.6,0.0
2025-09-14 23:00:00,20.7,0.0
2025-09-15 00:00:00,18.5,0.0
2025-09-15 01:00:00,18.6,0.0
2025-09-15 02:00:00,18.3,0.0
2025-09-15 03:00:00,17.2,0.0
2025-09-15 04:00:00,18.3,0.0
2025-09-15 05:00:00,17.6,6.0
2025-09-15 06:00:00,17.3,16.0
2025-09-15 07:00:00,16.4,31.0
2025-09-15 08:00:00,15.3,53.0
2025-09-15 09:00:00,14.6,40.0
2025-09-15 10:00:00,16.0,76.0
2025-09-15 11:00:00,13.9,127.0
2025-09-15 12:00:00,11.3,252.0
2025-09-15 13:00:00,13.0,212.0
2025-09-15 14:00:00,13.1,143.0
2025-09-15 15:00:00,13.9,124.0
2025-09-15 16:00:00,13.0,44.0
2025-09-15 17:00:00,14.1,6.0
2025-09-15 18:00:00,14.6,0.0
2025-09-15 19:00:00,14.2,0.0
2025-09-15 20:00:00,13.5,0.0
2025-09-15 21:00:00,13.4,0.0
2025-09-15 22:00:00,14.3,0.0
2025-09-15 23:00:00,15.8,0.0
2025-09-16 00:00:00,17.2,0.0
2025-09-16 01:00:00,17.5,0.0
2025-09-16 02:00:00,16.9,0.0
2025-09-16 03:00:00,17.2,0.0
2025-09-16 04:00:00,19.0,0.0
2025-09-16 05:00:00,17.9,25.0
2025-09-16 06:00:00,15.9,60.0
2025-09-16 07:00:00,15.9,211.0
2025-09-16 08:00:00,14.3,302.0
2025-09-16 09:00:00,13.6,315.0
2025-09-16 10:00:00,13.4,231.0
2025-09-16 11:00:00,18.8,282.0
2025-09-16 12:00:00,17.1,80.0
2025-09-16 13:00:00,22.9,328.0
2025-09-16 14:00:00,14.3,229.0
2025-09-16 15:00:00,13.6,188.0
2025-09-16 16:00:00,13.7,80.0
2025-09-16 17:00:00,13.0,6.0
2025-09-16 18:00:00,13.2,0.0
2025-09-16 19:00:00,13.5,0.0
2025-09-16 20:00:00,13.2,0.0
2025-09-16 21:00:00,12.3,0.0
2025-09-16 22:00:00,11.8,0.0
2025-09-16 23:00:00,11.4,0.0
2025-09-17 00:00:00,12.3,0.0
2025-09-17 01:00:00,12.0,0.0
2025-09-17 02:00:00,11.8,0.0
2025-09-17 03:00:00,10.9,0.0
2025-09-17 04:00:00,10.4,0.0
2025-09-17 05:00:00,10.5,33.0
2025-09-17 06:00:00,9.1,132.0
2025-09-17 07:00:00,10.2,287.0
2025-09-17 08:00:00,13.5,399.0
2025-09-17 09:00:00,12.0,393.0
2025-09-17 10:00:00,11.7,509.0
2025-09-17 11:00:00,13.0,539.0
2025-09-17 12:00:00,13.8,335.0
2025-09-17 13:00:00,12.0,255.0
2025-09-17 14:00:00,14.0,318.0
2025-09-17 15:00:00,13.1,177.0
2025-09-17 16:00:00,12.1,73.0
2025-09-17 17:00:00,10.1,4.0
2025-09-17 18:00:00,11.2,0.0
2025-09-17 19:00:00,10.7,0.0
2025-09-17 20:00:00,12.1,0.0
2025-09-17 21:00:00,11.8,0.0
2025-09-17 22:00:00,12.2,0.0
2025-09-17 23:00:00,12.1,0.0
2025-09-18 00:00:00,13.1,0.0
2025-09-18 01:00:00,13.7,0.0
2025-09-18 02:00:00,14.1,0.0
2025-09-18 03:00:00,14.1,0.0
2025-09-18 04:00:00,13.3,0.0
2025-09-18 05:00:00,13.3,7.0
2025-09-18 06:00:00,14.1,42.0
2025-09-18 07:00:00,16.6,112.0
2025-09-18 08:00:00,13.3,282.0
2025-09-18 09:00:00,14.2,332.0
2025-09-18 10:00:00,14.9,387.0
2025-09-18 11:00:00,16.7,476.0
2025-09-18 12:00:00,14.7,399.0
2025-09-18 13:00:00,17.1,381.0
2025-09-18 14:00:00,16.8,321.0
2025-09-18 15:00:00,12.4,205.0
2025-09-18 16:00:00,9.2,79.0
2025-09-18 17:00:00,10.5,5.0
2025-09-18 18:00:00,12.0,0.0
2025-09-18 19:00:00,13.6,0.0
2025-09-18 20:00:00,14.5,0.0
2025-09-18 21:00:00,14.7,0.0
2025-09-18 22:00:00,14.8,0.0
2025-09-18 23:00:00,17.4,0.0
2025-09-19 00:00:00,16.8,0.0
2025-09-19 01:00:00,18.1,0.0
2025-09-19 02:00:00,17.6,0.0
2025-09-19 03:00:00,18.4,0.0
2025-09-19 04:00:00,18.7,0.0
2025-09-19 05:00:00,18.6,21.0
2025-09-19 06:00:00,16.1,128.0
2025-09-19 07:00:00,24.9,200.0
2025-09-19 08:00:00,21.5,249.0
2025-09-19 09:00:00,22.6,368.0
2025-09-19 10:00:00,23.0,463.0
2025-09-19 11:00:00,26.0,497.0
2025-09-19 12:00:00,25.6,416.0
2025-09-19 13:00:00,22.4,346.0
2025-09-19 14:00:00,21.6,242.0
2025-09-19 15:00:00,18.4,132.0
2025-09-19 16:00:00,15.7,61.0
2025-09-19 17:00:00,14.7,3.0
2025-09-19 18:00:00,13.7,0.0
2025-09-19 19:00:00,12.2,0.0
2025-09-19 20:00:00,11.7,0.0
2025-09-19 21:00:00,12.1,0.0
2025-09-19 22:00:00,10.8,0.0
2025-09-19 23:00:00,9.4,0.0
2025-09-20 00:00:00,8.3,0.0
2025-09-20 01:00:00,8.1,0.0
2025-09-20 02:00:00,8.5,0.0
2025-09-20 03:00:00,9.2,0.0
2025-09-20 04:00:00,8.9,0.0
2025-09-20 05:00:00,9.6,11.0
2025-09-20 06:00:00,10.7,52.0
2025-09-20 07:00:00,15.0,127.0
2025-09-20 08:00:00,16.7,193.0
2025-09-20 09:00:00,18.2,293.0
2025-09-20 10:00:00,18.9,401.0
2025-09-20 11:00:00,17.1,502.0
2025-09-20 12:00:00,16.9,522.0
2025-09-20 13:00:00,16.2,449.0
2025-09-20 14:00:00,16.1,338.0
2025-09-20 15:00:00,14.2,207.0
2025-09-20 16:00:00,13.4,75.0
2025-09-20 17:00:00,13.5,3.0
2025-09-20 18:00:00,14.0,0.0
2025-09-20 19:00:00,14.1,0.0
2025-09-20 20:00:00,13.9,0.0
2025-09-20 21:00:00,14.1,0.0
2025-09-20 22:00:00,13.9,0.0
2025-09-20 23:00:00,13.8,0.0
2025-09-21 00:00:00,13.8,0.0
2025-09-21 01:00:00,13.4,0.0
2025-09-21 02:00:00,13.8,0.0
2025-09-21 03:00:00,14.2,0.0
2025-09-21 04:00:00,14.7,0.0
2025-09-21 05:00:00,14.8,30.0
2025-09-21 06:00:00,11.7,142.0
2025-09-21 07:00:00,13.6,282.0
2025-09-21 08:00:00,14.4,404.0
2025-09-21 09:00:00,14.5,494.0
2025-09-21 10:00:00,14.8,542.0
2025-09-21 11:00:00,14.9,544.0
2025-09-21 12:00:00,15.7,513.0
2025-09-21 13:00:00,16.3,437.0
2025-09-21 14:00:00,15.0,326.0
2025-09-21 15:00:00,14.6,198.0
2025-09-21 16:00:00,15.3,68.0
2025-09-21 17:00:00,15.7,2.0
2025-09-21 18:00:00,16.2,0.0
2025-09-21 19:00:00,15.4,0.0
2025-09-21 20:00:00,15.7,0.0
2025-09-21 21:00:00,15.2,0.0
2025-09-21 22:00:00,15.7,0.0
2025-09-21 23:00:00,16.2,0.0
2025-09-22 00:00:00,15.5,0.0
2025-09-22 01:00:00,15.4,0.0
2025-09-22 02:00:00,12.5,0.0
2025-09-22 03:00:00,11.4,0.0
2025-09-22 04:00:00,10.2,0.0
2025-09-22 05:00:00,9.2,27.0
2025-09-22 06:00:00,7.2,139.0
2025-09-22 07:00:00,7.5,253.0
2025-09-22 08:00:00,8.9,397.0
2025-09-22 09:00:00,12.4,425.0
2025-09-22 10:00:00,12.9,392.0
2025-09-22 11:00:00,12.4,398.0
2025-09-22 12:00:00,10.8,224.0
2025-09-22 13:00:00,12.6,199.0
2025-09-22 14:00:00,11.2,155.0
2025-09-22 15:00:00,7.9,85.0
2025-09-22 16:00:00,6.1,33.0
2025-09-22 17:00:00,7.4,1.0
2025-09-22 18:00:00,8.4,0.0
2025-09-22 19:00:00,8.0,0.0
2025-09-22 20:00:00,7.6,0.0
2025-09-22 21:00:00,8.3,0.0
2025-09-22 22:00:00,8.0,0.0
2025-09-22 23:00:00,9.3,0.0
2025-09-23 00:00:00,10.5,0.0
2025-09-23 01:00:00,9.7,0.0
2025-09-23 02:00:00,10.3,0.0
2025-09-23 03:00:00,9.6,0.0
2025-09-23 04:00:00,10.1,0.0
2025-09-23 05:00:00,9.4,5.0
2025-09-23 06:00:00,10.4,31.0
2025-09-23 07:00:00,10.5,92.0
2025-09-23 08:00:00,11.7,257.0
2025-09-23 09:00:00,11.5,208.0
2025-09-23 10:00:00,12.9,485.0
2025-09-23 11:00:00,12.9,504.0
2025-09-23 12:00:00,11.2,467.0
2025-09-23 13:00:00,11.2,396.0
2025-09-23 14:00:00,11.0,265.0
2025-09-23 15:00:00,8.4,153.0
2025-09-23 16:00:00,8.3,56.0
2025-09-23 17:00:00,9.3,1.0
2025-09-23 18:00:00,8.9,0.0
2025-09-23 19:00:00,9.1,0.0
2025-09-23 20:00:00,9.5,0.0
2025-09-23 21:00:00,8.9,0.0
2025-09-23 22:00:00,11.0,0.0
2025-09-23 23:00:00,9.5,0.0
2025-09-24 00:00:00,9.2,0.0
2025-09-24 01:00:00,8.4,0.0
2025-09-24 02:00:00,8.2,0.0
2025-09-24 03:00:00,8.9,0.0
2025-09-24 04:00:00,8.5,0.0
2025-09-24 05:00:00,9.1,25.0
2025-09-24 06:00:00,6.7,143.0
2025-09-24 07:00:00,7.6,284.0
2025-09-24 08:00:00,8.8,408.0
2025-09-24 09:00:00,10.7,501.0
2025-09-24 10:00:00,11.2,479.0
2025-09-24 11:00:00,13.0,560.0
2025-09-24 12:00:00,13.9,479.0
2025-09-24 13:00:00,11.9,398.0
2025-09-24 14:00:00,14.2,317.0
2025-09-24 15:00:00,11.4,167.0
2025-09-24 16:00:00,8.8,56.0
2025-09-24 17:00:00,8.8,0.0
2025-09-24 18:00:00,9.1,0.0
2025-09-24 19:00:00,8.7,0.0
2025-09-24 20:00:00,9.0,0.0
2025-09-24 21:00:00,8.8,0.0
2025-09-24 22:00:00,7.7,0.0
2025-09-24 23:00:00,6.5,0.0
2025-09-25 00:00:00,4.9,0.0
2025-09-25 01:00:00,3.9,0.0
2025-09-25 02:00:00,4.5,0.0
2025-09-25 03:00:00,5.2,0.0
2025-09-25 04:00:00,4.6,0.0
2025-09-25 05:00:00,5.2,19.0
2025-09-25 06:00:00,4.5,109.0
2025-09-25 07:00:00,3.6,254.0
2025-09-25 08:00:00,4.0,394.0
2025-09-25 09:00:00,5.0,489.0
2025-09-25 10:00:00,6.9,514.0
2025-09-25 11:00:00,7.2,390.0
2025-09-25 12:00:00,7.4,374.0
2025-09-25 13:00:00,7.9,300.0
2025-09-25 14:00:00,8.2,171.0
2025-09-25 15:00:00,5.8,101.0
2025-09-25 16:00:00,4.2,34.0
2025-09-25 17:00:00,5.2,0.0
2025-09-25 18:00:00,6.6,0.0
2025-09-25 19:00:00,5.4,0.0
2025-09-25 20:00:00,4.6,0.0
2025-09-25 21:00:00,3.6,0.0
2025-09-25 22:00:00,2.2,0.0
2025-09-25 23:00:00,1.8,0.0
2025-09-26 00:00:00,1.0,0.0
2025-09-26 01:00:00,1.2,0.0
2025-09-26 02:00:00,0.8,0.0
2025-09-26 03:00:00,0.2,0.0
2025-09-26 04:00:00,0.9,0.0
2025-09-26 05:00:00,1.5,20.0
2025-09-26 06:00:00,2.3,133.0
2025-09-26 07:00:00,1.0,269.0
2025-09-26 08:00:00,1.8,393.0
2025-09-26 09:00:00,2.3,486.0
2025-09-26 10:00:00,1.8,538.0
2025-09-26 11:00:00,0.9,546.0
2025-09-26 12:00:00,1.3,508.0
2025-09-26 13:00:00,2.2,427.0
2025-09-26 14:00:00,3.8,312.0
2025-09-26 15:00:00,3.2,176.0
2025-09-26 16:00:00,4.9,49.0
2025-09-26 17:00:00,4.9,0.0
2025-09-26 18:00:00,4.0,0.0
2025-09-26 19:00:00,5.1,0.0
2025-09-26 20:00:00,3.3,0.0
2025-09-26 21:00:00,0.7,0.0
2025-09-26 22:00:00,0.5,0.0
2025-09-26 23:00:00,0.8,0.0
2025-09-27 00:00:00,1.9,0.0
2025-09-27 01:00:00,1.0,0.0
2025-09-27 02:00:00,1.3,0.0
2025-09-27 03:00:00,2.3,0.0
2025-09-27 04:00:00,3.9,0.0
2025-09-27 05:00:00,5.8,16.0
2025-09-27 06:00:00,5.2,92.0
2025-09-27 07:00:00,3.3,139.0
2025-09-27 08:00:00,4.2,180.0
2025-09-27 09:00:00,5.4,244.0
2025-09-27 10:00:00,7.1,222.0
2025-09-27 11:00:00,9.1,397.0
2025-09-27 12:00:00,11.9,441.0
2025-09-27 13:00:00,11.9,331.0
2025-09-27 14:00:00,11.2,159.0
2025-09-27 15:00:00,7.4,66.0
2025-09-27 16:00:00,7.5,22.0
2025-09-27 17:00:00,8.0,0.0
2025-09-27 18:00:00,8.7,0.0
2025-09-27 19:00:00,9.0,0.0
2025-09-27 20:00:00,7.4,0.0
2025-09-27 21:00:00,7.3,0.0
2025-09-27 22:00:00,7.6,0.0
2025-09-27 23:00:00,8.3,0.0
2025-09-28 00:00:00,9.8,0.0
2025-09-28 01:00:00,10.0,0.0
2025-09-28 02:00:00,10.8,0.0
2025-09-28 03:00:00,11.9,0.0
2025-09-28 04:00:00,12.7,0.0
2025-09-28 05:00:00,12.6,15.0
2025-09-28 06:00:00,14.3,108.0
2025-09-28 07:00:00,14.3,175.0
2025-09-28 08:00:00,15.5,249.0
2025-09-28 09:00:00,17.1,292.0
2025-09-28 10:00:00,17.7,265.0
2025-09-28 11:00:00,18.1,298.0
2025-09-28 12:00:00,18.3,231.0
2025-09-28 13:00:00,13.9,241.0
2025-09-28 14:00:00,14.1,133.0
2025-09-28 15:00:00,16.1,41.0
2025-09-28 16:00:00,15.5,20.0
2025-09-28 17:00:00,15.6,0.0
2025-09-28 18:00:00,16.6,0.0
2025-09-28 19:00:00,15.6,0.0
2025-09-28 20:00:00,13.5,0.0
2025-09-28 21:00:00,13.0,0.0
2025-09-28 22:00:00,14.1,0.0
2025-09-28 23:00:00,13.5,0.0
2025-09-29 00:00:00,12.3,0.0
2025-09-29 01:00:00,13.0,0.0
2025-09-29 02:00:00,13.4,0.0
2025-09-29 03:00:00,13.4,0.0
2025-09-29 04:00:00,14.6,0.0
2025-09-29 05:00:00,14.8,8.0
2025-09-29 06:00:00,16.9,78.0
2025-09-29 07:00:00,19.6,231.0
2025-09-29 08:00:00,20.6,339.0
2025-09-29 09:00:00,20.4,394.0
2025-09-29 10:00:00,21.3,418.0
2025-09-29 11:00:00,20.7,262.0
2025-09-29 12:00:00,20.3,178.0
2025-09-29 13:00:00,19.6,134.0
2025-09-29 14:00:00,18.8,98.0
2025-09-29 15:00:00,16.2,40.0
2025-09-29 16:00:00,15.0,11.0
2025-09-29 17:00:00,14.7,0.0
2025-09-29 18:00:00,14.6,0.0
2025-09-29 19:00:00,14.5,0.0
2025-09-29 20:00:00,13.7,0.0
2025-09-29 21:00:00,12.8,0.0
2025-09-29 22:00:00,11.9,0.0
2025-09-29 23:00:00,11.4,0.0
2025-09-30 00:00:00,11.4,0.0
2025-09-30 01:00:00,11.0,0.0
2025-09-30 02:00:00,11.6,0.0
2025-09-30 03:00:00,12.3,0.0
2025-09-30 04:00:00,12.2,0.0
2025-09-30 05:00:00,13.0,7.0
2025-09-30 06:00:00,12.4,71.0
2025-09-30 07:00:00,17.5,149.0
2025-09-30 08:00:00,17.6,138.0
2025-09-30 09:00:00,16.5,199.0
2025-09-30 10:00:00,15.9,232.0
2025-09-30 11:00:00,15.0,175.0
2025-09-30 12:00:00,14.1,186.0
2025-09-30 13:00:00,13.6,153.0
2025-09-30 14:00:00,11.4,102.0
2025-09-30 15:00:00,9.3,67.0
2025-09-30 16:00:00,8.2,23.0
2025-09-30 17:00:00,8.1,0.0
2025-09-30 18:00:00,8.3,0.0
2025-09-30 19:00:00,8.9,0.0
2025-09-30 20:00:00,10.8,0.0
2025-09-30 21:00:00,11.8,0.0
2025-09-30 22:00:00,11.1,0.0
2025-09-30 23:00:00,10.0,0.0
2025-10-01 00:00:00,9.6,0.0
2025-10-01 01:00:00,10.2,0.0
2025-10-01 02:00:00,10.1,0.0
2025-10-01 03:00:00,10.2,0.0
2025-10-01 04:00:00,10.7,0.0
2025-10-01 05:00:00,11.1,11.0
2025-10-01 06:00:00,9.5,96.0
2025-10-01 07:00:00,9.3,215.0
2025-10-01 08:00:00,9.3,348.0
2025-10-01 09:00:00,10.7,428.0
2025-10-01 10:00:00,12.2,382.0
2025-10-01 11:00:00,11.6,436.0
2025-10-01 12:00:00,11.9,377.0
2025-10-01 13:00:00,11.7,262.0
2025-10-01 14:00:00,11.6,218.0
2025-10-01 15:00:00,9.7,120.0
2025-10-01 16:00:00,10.0,23.0
2025-10-01 17:00:00,11.1,0.0
2025-10-01 18:00:00,10.8,0.0
2025-10-01 19:00:00,10.1,0.0
2025-10-01 20:00:00,9.2,0.0
2025-10-01 21:00:00,8.4,0.0
2025-10-01 22:00:00,8.2,0.0
2025-10-01 23:00:00,8.3,0.0
2025-10-02 00:00:00,8.3,0.0
2025-10-02 01:00:00,8.8,0.0
2025-10-02 02:00:00,9.0,0.0
2025-10-02 03:00:00,9.1,0.0
2025-10-02 04:00:00,8.7,0.0
2025-10-02 05:00:00,8.8,8.0
2025-10-02 06:00:00,7.8,92.0
2025-10-02 07:00:00,7.0,205.0
2025-10-02 08:00:00,6.6,349.0
2025-10-02 09:00:00,6.8,391.0
2025-10-02 10:00:00,6.9,340.0
2025-10-02 11:00:00,8.0,414.0
2025-10-02 12:00:00,8.2,337.0
2025-10-02 13:00:00,8.1,203.0
2025-10-02 14:00:00,8.3,129.0
2025-10-02 15:00:00,7.4,71.0
2025-10-02 16:00:00,7.8,16.0
2025-10-02 17:00:00,7.9,0.0
2025-10-02 18:00:00,7.4,0.0
2025-10-02 19:00:00,6.9,0.0
2025-10-02 20:00:00,7.9,0.0
2025-10-02 21:00:00,8.4,0.0
2025-10-02 22:00:00,8.2,0.0
2025-10-02 23:00:00,7.8,0.0
2025-10-03 00:00:00,6.4,0.0
2025-10-03 01:00:00,7.5,0.0
2025-10-03 02:00:00,7.8,0.0
2025-10-03 03:00:00,7.3,0.0
2025-10-03 04:00:00,8.0,0.0
2025-10-03 05:00:00,8.0,9.0
2025-10-03 06:00:00,5.9,100.0
2025-10-03 07:00:00,2.7,155.0
2025-10-03 08:00:00,2.6,144.0
2025-10-03 09:00:00,1.9,246.0
2025-10-03 10:00:00,1.1,407.0
2025-10-03 11:00:00,1.9,474.0
2025-10-03 12:00:00,3.9,325.0
2025-10-03 13:00:00,4.0,168.0
2025-10-03 14:00:00,4.7,124.0
2025-10-03 15:00:00,4.7,74.0
2025-10-03 16:00:00,5.6,11.0
2025-10-03 17:00:00,6.4,0.0
2025-10-03 18:00:00,6.1,0.0
2025-10-03 19:00:00,6.0,0.0
2025-10-03 20:00:00,7.1,0.0
2025-10-03 21:00:00,8.0,0.0
2025-10-03 22:00:00,7.1,0.0
2025-10-03 23:00:00,6.1,0.0
2025-10-04 00:00:00,6.9,0.0
2025-10-04 01:00:00,6.3,0.0
2025-10-04 02:00:00,6.1,0.0
2025-10-04 03:00:00,7.3,0.0
2025-10-04 04:00:00,8.0,0.0
2025-10-04 05:00:00,8.4,6.0
2025-10-04 06:00:00,5.2,91.0
2025-10-04 07:00:00,9.8,216.0
2025-10-04 08:00:00,16.8,309.0
2025-10-04 09:00:00,18.5,342.0
2025-10-04 10:00:00,18.4,332.0
2025-10-04 11:00:00,16.9,303.0
2025-10-04 12:00:00,15.5,314.0
2025-10-04 13:00:00,13.6,163.0
2025-10-04 14:00:00,14.3,140.0
2025-10-04 15:00:00,12.9,120.0
2025-10-04 16:00:00,13.1,17.0
2025-10-04 17:00:00,14.3,0.0
2025-10-04 18:00:00,16.2,0.0
2025-10-04 19:00:00,19.2,0.0
2025-10-04 20:00:00,18.3,0.0
2025-10-04 21:00:00,17.7,0.0
2025-10-04 22:00:00,17.1,0.0
2025-10-04 23:00:00,14.9,0.0
2025-10-05 00:00:00,15.8,0.0
2025-10-05 01:00:00,14.5,0.0
2025-10-05 02:00:00,13.5,0.0
2025-10-05 03:00:00,12.8,0.0
2025-10-05 04:00:00,11.8,0.0
2025-10-05 05:00:00,11.4,3.0
2025-10-05 06:00:00,12.0,27.0
2025-10-05 07:00:00,13.2,70.0
2025-10-05 08:00:00,12.9,73.0
2025-10-05 09:00:00,12.7,60.0
2025-10-05 10:00:00,12.6,71.0
2025-10-05 11:00:00,13.7,74.0
2025-10-05 12:00:00,11.7,46.0
2025-10-05 13:00:00,9.3,67.0
2025-10-05 14:00:00,8.9,159.0
2025-10-05 15:00:00,9.2,102.0
2025-10-05 16:00:00,9.6,13.0
2025-10-05 17:00:00,10.4,0.0
2025-10-05 18:00:00,11.2,0.0
2025-10-05 19:00:00,12.3,0.0
2025-10-05 20:00:00,12.3,0.0
2025-10-05 21:00:00,11.8,0.0
2025-10-05 22:00:00,12.7,0.0
2025-10-05 23:00:00,12.2,0.0
2025-10-06 00:00:00,11.8,0.0
2025-10-06 01:00:00,10.8,0.0
2025-10-06 02:00:00,11.2,0.0
2025-10-06 03:00:00,11.0,0.0
2025-10-06 04:00:00,9.8,0.0
2025-10-06 05:00:00,8.8,5.0
2025-10-06 06:00:00,9.6,74.0
2025-10-06 07:00:00,11.7,203.0
2025-10-06 08:00:00,11.7,288.0
2025-10-06 09:00:00,12.0,366.0
2025-10-06 10:00:00,11.4,341.0
2025-10-06 11:00:00,11.6,370.0
2025-10-06 12:00:00,11.6,303.0
2025-10-06 13:00:00,11.5,261.0
2025-10-06 14:00:00,10.5,218.0
2025-10-06 15:00:00,5.7,91.0
2025-10-06 16:00:00,7.5,10.0
2025-10-06 17:00:00,8.1,0.0
2025-10-06 18:00:00,10.7,0.0
2025-10-06 19:00:00,9.5,0.0
2025-10-06 20:00:00,8.5,0.0
2025-10-06 21:00:00,8.3,0.0
2025-10-06 22:00:00,8.0,0.0
2025-10-06 23:00:00,6.5,0.0
2025-10-07 00:00:00,4.8,0.0
2025-10-07 01:00:00,4.6,0.0
2025-10-07 02:00:00,5.7,0.0
2025-10-07 03:00:00,3.9,0.0
2025-10-07 04:00:00,2.9,0.0
2025-10-07 05:00:00,4.6,4.0
2025-10-07 06:00:00,4.6,82.0
2025-10-07 07:00:00,1.9,207.0
2025-10-07 08:00:00,1.4,323.0
2025-10-07 09:00:00,1.5,413.0
2025-10-07 10:00:00,2.8,448.0
2025-10-07 11:00:00,1.4,407.0
2025-10-07 12:00:00,0.6,385.0
2025-10-07 13:00:00,1.3,288.0
2025-10-07 14:00:00,1.5,192.0
2025-10-07 15:00:00,2.2,95.0
2025-10-07 16:00:00,1.7,12.0
2025-10-07 17:00:00,0.6,0.0
2025-10-07 18:00:00,0.7,0.0
2025-10-07 19:00:00,0.6,0.0
2025-10-07 20:00:00,1.2,0.0
2025-10-07 21:00:00,1.5,0.0
2025-10-07 22:00:00,2.3,0.0
2025-10-07 23:00:00,3.2,0.0
2025-10-08 00:00:00,2.5,0.0
2025-10-08 01:00:00,1.9,0.0
2025-10-08 02:00:00,2.3,0.0
2025-10-08 03:00:00,2.7,0.0
2025-10-08 04:00:00,3.1,0.0
2025-10-08 05:00:00,5.2,3.0
2025-10-08 06:00:00,5.4,59.0
2025-10-08 07:00:00,3.5,184.0
2025-10-08 08:00:00,3.1,322.0
2025-10-08 09:00:00,4.1,411.0
2025-10-08 10:00:00,4.5,460.0
2025-10-08 11:00:00,4.2,464.0
2025-10-08 12:00:00,3.4,420.0
2025-10-08 13:00:00,3.5,318.0
2025-10-08 14:00:00,2.3,193.0
2025-10-08 15:00:00,0.4,99.0
2025-10-08 16:00:00,1.7,10.0
2025-10-08 17:00:00,4.7,0.0
2025-10-08 18:00:00,2.9,0.0
2025-10-08 19:00:00,3.6,0.0
2025-10-08 20:00:00,5.9,0.0
2025-10-08 21:00:00,5.2,0.0
2025-10-08 22:00:00,5.0,0.0
2025-10-08 23:00:00,4.8,0.0
2025-10-09 00:00:00,4.5,0.0
2025-10-09 01:00:00,4.2,0.0
2025-10-09 02:00:00,4.3,0.0
2025-10-09 03:00:00,4.5,0.0
2025-10-09 04:00:00,4.6,0.0
2025-10-09 05:00:00,6.1,3.0
2025-10-09 06:00:00,5.8,72.0
2025-10-09 07:00:00,3.6,193.0
2025-10-09 08:00:00,3.1,319.0
2025-10-09 09:00:00,4.2,401.0
2025-10-09 10:00:00,5.6,446.0
2025-10-09 11:00:00,6.1,456.0
2025-10-09 12:00:00,6.1,422.0
2025-10-09 13:00:00,7.4,309.0
2025-10-09 14:00:00,8.3,133.0
2025-10-09 15:00:00,9.8,43.0
2025-10-09 16:00:00,8.3,3.0
2025-10-09 17:00:00,8.1,0.0
2025-10-09 18:00:00,9.2,0.0
2025-10-09 19:00:00,8.4,0.0
2025-10-09 20:00:00,9.6,0.0
2025-10-09 21:00:00,9.9,0.0
2025-10-09 22:00:00,9.6,0.0
2025-10-09 23:00:00,9.5,0.0
2025-10-10 00:00:00,10.3,0.0
2025-10-10 01:00:00,10.8,0.0
2025-10-10 02:00:00,10.8,0.0
2025-10-10 03:00:00,11.8,0.0
2025-10-10 04:00:00,13.7,0.0
2025-10-10 05:00:00,13.6,0.0
2025-10-10 06:00:00,14.3,11.0
2025-10-10 07:00:00,13.9,29.0
2025-10-10 08:00:00,13.5,39.0
2025-10-10 09:00:00,10.3,84.0
2025-10-10 10:00:00,13.1,168.0
2025-10-10 11:00:00,15.2,141.0
2025-10-10 12:00:00,15.7,152.0
2025-10-10 13:00:00,16.9,113.0
2025-10-10 14:00:00,18.3,88.0
2025-10-10 15:00:00,17.8,59.0
2025-10-10 16:00:00,17.9,6.0
2025-10-10 17:00:00,16.4,0.0
2025-10-10 18:00:00,16.3,0.0
2025-10-10 19:00:00,15.3,0.0
2025-10-10 20:00:00,14.8,0.0
2025-10-10 21:00:00,12.2,0.0
2025-10-10 22:00:00,12.9,0.0
2025-10-10 23:00:00,11.9,0.0
2025-10-11 00:00:00,9.5,0.0
2025-10-11 01:00:00,9.5,0.0
2025-10-11 02:00:00,9.0,0.0
2025-10-11 03:00:00,8.0,0.0
2025-10-11 04:00:00,9.0,0.0
2025-10-11 05:00:00,10.7,1.0
2025-10-11 06:00:00,11.7,34.0
2025-10-11 07:00:00,12.4,99.0
2025-10-11 08:00:00,13.8,165.0
2025-10-11 09:00:00,14.4,127.0
2025-10-11 10:00:00,13.8,73.0
2025-10-11 11:00:00,14.2,90.0
2025-10-11 12:00:00,13.1,79.0
2025-10-11 13:00:00,11.7,69.0
2025-10-11 14:00:00,11.4,75.0
2025-10-11 15:00:00,15.1,59.0
2025-10-11 16:00:00,14.6,5.0
2025-10-11 17:00:00,13.1,0.0
2025-10-11 18:00:00,15.0,0.0
2025-10-11 19:00:00,15.3,0.0
2025-10-11 20:00:00,15.4,0.0
2025-10-11 21:00:00,14.7,0.0
2025-10-11 22:00:00,14.5,0.0
2025-10-11 23:00:00,11.8,0.0
2025-10-12 00:00:00,11.5,0.0
2025-10-12 01:00:00,11.3,0.0
2025-10-12 02:00:00,11.4,0.0
2025-10-12 03:00:00,12.9,0.0
2025-10-12 04:00:00,15.0,0.0
2025-10-12 05:00:00,15.8,0.0
2025-10-12 06:00:00,15.7,11.0
2025-10-12 07:00:00,17.3,24.0
2025-10-12 08:00:00,22.0,39.0
2025-10-12 09:00:00,28.1,34.0
2025-10-12 10:00:00,27.5,47.0
2025-10-12 11:00:00,25.8,64.0
2025-10-12 12:00:00,27.7,144.0
2025-10-12 13:00:00,19.9,169.0
2025-10-12 14:00:00,23.8,194.0
2025-10-12 15:00:00,21.0,69.0
2025-10-12 16:00:00,20.5,5.0
2025-10-12 17:00:00,19.8,0.0
2025-10-12 18:00:00,19.6,0.0
2025-10-12 19:00:00,18.5,0.0
2025-10-12 20:00:00,17.4,0.0
2025-10-12 21:00:00,16.5,0.0
2025-10-12 22:00:00,16.5,0.0
2025-10-12 23:00:00,16.5,0.0
2025-10-13 00:00:00,16.7,0.0
2025-10-13 01:00:00,17.8,0.0
2025-10-13 02:00:00,17.9,0.0
2025-10-13 03:00:00,18.4,0.0
2025-10-13 04:00:00,18.4,0.0
2025-10-13 05:00:00,17.1,1.0
2025-10-13 06:00:00,18.2,56.0
2025-10-13 07:00:00,15.9,180.0
2025-10-13 08:00:00,20.0,273.0
2025-10-13 09:00:00,23.0,350.0
2025-10-13 10:00:00,18.6,331.0
2025-10-13 11:00:00,20.3,279.0
2025-10-13 12:00:00,21.2,146.0
2025-10-13 13:00:00,21.8,252.0
2025-10-13 14:00:00,19.7,173.0
2025-10-13 15:00:00,16.7,72.0
2025-10-13 16:00:00,16.1,3.0
2025-10-13 17:00:00,15.3,0.0
2025-10-13 18:00:00,16.0,0.0
2025-10-13 19:00:00,12.7,0.0
2025-10-13 20:00:00,12.2,0.0
2025-10-13 21:00:00,12.3,0.0
2025-10-13 22:00:00,14.0,0.0
2025-10-13 23:00:00,13.5,0.0
2025-10-14 00:00:00,11.9,0.0
2025-10-14 01:00:00,12.9,0.0
2025-10-14 02:00:00,11.1,0.0
2025-10-14 03:00:00,11.4,0.0
2025-10-14 04:00:00,10.2,0.0
2025-10-14 05:00:00,9.5,0.0
2025-10-14 06:00:00,10.7,23.0
2025-10-14 07:00:00,12.7,67.0
2025-10-14 08:00:00,13.2,113.0
2025-10-14 09:00:00,13.2,157.0
2025-10-14 10:00:00,13.7,183.0
2025-10-14 11:00:00,14.0,170.0
2025-10-14 12:00:00,14.3,179.0
2025-10-14 13:00:00,14.4,185.0
2025-10-14 14:00:00,13.8,102.0
2025-10-14 15:00:00,9.0,38.0
2025-10-14 16:00:00,8.8,2.0
2025-10-14 17:00:00,8.8,0.0
2025-10-14 18:00:00,8.4,0.0
2025-10-14 19:00:00,8.4,0.0
2025-10-14 20:00:00,9.2,0.0
2025-10-14 21:00:00,9.9,0.0
2025-10-14 22:00:00,9.9,0.0
2025-10-14 23:00:00,9.7,0.0
2025-10-15 00:00:00,10.4,0.0
2025-10-15 01:00:00,10.4,0.0
2025-10-15 02:00:00,11.0,0.0
2025-10-15 03:00:00,11.0,0.0
2025-10-15 04:00:00,10.9,0.0
2025-10-15 05:00:00,10.6,0.0
2025-10-15 06:00:00,10.6,30.0
2025-10-15 07:00:00,10.7,59.0
2025-10-15 08:00:00,12.0,77.0
2025-10-15 09:00:00,12.8,218.0
2025-10-15 10:00:00,13.0,125.0
2025-10-15 11:00:00,15.0,142.0
2025-10-15 12:00:00,12.6,96.0
2025-10-15 13:00:00,10.8,82.0
2025-10-15 14:00:00,9.7,52.0
2025-10-15 15:00:00,9.7,13.0
2025-10-15 16:00:00,8.8,0.0
2025-10-15 17:00:00,9.8,0.0
2025-10-15 18:00:00,9.6,0.0
2025-10-15 19:00:00,9.7,0.0
2025-10-15 20:00:00,9.6,0.0
2025-10-15 21:00:00,9.6,0.0
2025-10-15 22:00:00,9.3,0.0
2025-10-15 23:00:00,9.6,0.0
2025-10-16 00:00:00,9.1,0.0
2025-10-16 01:00:00,8.8,0.0
2025-10-16 02:00:00,8.0,0.0
2025-10-16 03:00:00,8.4,0.0
2025-10-16 04:00:00,8.3,0.0
2025-10-16 05:00:00,7.9,0.0
2025-10-16 06:00:00,10.0,14.0
2025-10-16 07:00:00,11.9,35.0
2025-10-16 08:00:00,14.3,61.0
2025-10-16 09:00:00,13.5,89.0
2025-10-16 10:00:00,15.5,294.0
2025-10-16 11:00:00,18.0,329.0
2025-10-16 12:00:00,19.0,264.0
2025-10-16 13:00:00,19.2,200.0
2025-10-16 14:00:00,16.3,130.0
2025-10-16 15:00:00,16.2,26.0
2025-10-16 16:00:00,14.2,0.0
2025-10-16 17:00:00,15.1,0.0
2025-10-16 18:00:00,14.8,0.0
2025-10-16 19:00:00,13.9,0.0
2025-10-16 20:00:00,13.8,0.0
2025-10-16 21:00:00,13.2,0.0
2025-10-16 22:00:00,13.1,0.0
2025-10-16 23:00:00,12.7,0.0
2025-10-17 00:00:00,12.5,0.0
2025-10-17 01:00:00,12.9,0.0
2025-10-17 02:00:00,13.1,0.0
2025-10-17 03:00:00,11.3,0.0
2025-10-17 04:00:00,10.8,0.0
2025-10-17 05:00:00,11.1,0.0
2025-10-17 06:00:00,10.4,15.0
2025-10-17 07:00:00,9.9,68.0
2025-10-17 08:00:00,9.3,86.0
2025-10-17 09:00:00,10.1,99.0
2025-10-17 10:00:00,11.7,127.0
2025-10-17 11:00:00,12.3,75.0
2025-10-17 12:00:00,10.4,66.0
2025-10-17 13:00:00,8.6,131.0
2025-10-17 14:00:00,8.1,74.0
2025-10-17 15:00:00,8.6,21.0
2025-10-17 16:00:00,9.6,0.0
2025-10-17 17:00:00,8.7,0.0
2025-10-17 18:00:00,8.9,0.0
2025-10-17 19:00:00,8.3,0.0
2025-10-17 20:00:00,7.6,0.0
2025-10-17 21:00:00,8.2,0.0
2025-10-17 22:00:00,9.8,0.0
2025-10-17 23:00:00,9.4,0.0
2025-10-18 00:00:00,9.1,0.0
2025-10-18 01:00:00,10.5,0.0
2025-10-18 02:00:00,12.0,0.0
2025-10-18 03:00:00,13.4,0.0
2025-10-18 04:00:00,14.3,0.0
2025-10-18 05:00:00,13.1,0.0
2025-10-18 06:00:00,14.1,7.0
2025-10-18 07:00:00,13.3,27.0
2025-10-18 08:00:00,15.2,33.0
2025-10-18 09:00:00,15.8,34.0
2025-10-18 10:00:00,15.0,51.0
2025-10-18 11:00:00,15.8,82.0
2025-10-18 12:00:00,18.2,55.0
2025-10-18 13:00:00,17.1,55.0
2025-10-18 14:00:00,18.6,36.0
2025-10-18 15:00:00,20.2,8.0
2025-10-18 16:00:00,21.7,0.0
2025-10-18 17:00:00,20.8,0.0
2025-10-18 18:00:00,18.8,0.0
2025-10-18 19:00:00,17.2,0.0
2025-10-18 20:00:00,16.1,0.0
2025-10-18 21:00:00,16.1,0.0
2025-10-18 22:00:00,15.8,0.0
2025-10-18 23:00:00,15.7,0.0
2025-10-19 00:00:00,16.0,0.0
2025-10-19 01:00:00,15.1,0.0
2025-10-19 02:00:00,15.0,0.0
2025-10-19 03:00:00,14.7,0.0
2025-10-19 04:00:00,14.8,0.0
2025-10-19 05:00:00,14.5,0.0
2025-10-19 06:00:00,14.2,41.0
2025-10-19 07:00:00,12.9,146.0
2025-10-19 08:00:00,13.4,257.0
2025-10-19 09:00:00,13.8,360.0
2025-10-19 10:00:00,14.8,405.0
2025-10-19 11:00:00,15.5,412.0
2025-10-19 12:00:00,16.5,371.0
2025-10-19 13:00:00,15.6,287.0
2025-10-19 14:00:00,13.2,174.0
2025-10-19 15:00:00,11.2,54.0
2025-10-19 16:00:00,10.6,0.0
2025-10-19 17:00:00,10.4,0.0
2025-10-19 18:00:00,9.7,0.0
2025-10-19 19:00:00,8.5,0.0
2025-10-19 20:00:00,7.6,0.0
2025-10-19 21:00:00,7.0,0.0
2025-10-19 22:00:00,6.0,0.0
2025-10-19 23:00:00,5.2,0.0
2025-10-20 00:00:00,4.8,0.0
2025-10-20 01:00:00,4.5,0.0
2025-10-20 02:00:00,3.8,0.0
2025-10-20 03:00:00,3.8,0.0
2025-10-20 04:00:00,4.0,0.0
2025-10-20 05:00:00,4.7,0.0
2025-10-20 06:00:00,5.5,34.0
2025-10-20 07:00:00,4.0,140.0
2025-10-20 08:00:00,2.8,272.0
2025-10-20 09:00:00,4.7,362.0
2025-10-20 10:00:00,5.2,408.0
2025-10-20 11:00:00,3.4,408.0
2025-10-20 12:00:00,3.1,365.0
2025-10-20 13:00:00,1.4,283.0
2025-10-20 14:00:00,1.8,169.0
2025-10-20 15:00:00,2.4,51.0
2025-10-20 16:00:00,4.5,0.0
2025-10-20 17:00:00,8.3,0.0
2025-10-20 18:00:00,9.3,0.0
2025-10-20 19:00:00,9.3,0.0
2025-10-20 20:00:00,8.8,0.0
2025-10-20 21:00:00,8.0,0.0
2025-10-20 22:00:00,7.7,0.0
2025-10-20 23:00:00,8.9,0.0
2025-10-21 00:00:00,9.3,0.0
2025-10-21 01:00:00,9.6,0.0
2025-10-21 02:00:00,10.1,0.0
2025-10-21 03:00:00,10.7,0.0
2025-10-21 04:00:00,11.1,0.0
2025-10-21 05:00:00,11.7,0.0
2025-10-21 06:00:00,13.1,35.0
2025-10-21 07:00:00,12.8,147.0
2025-10-21 08:00:00,9.4,256.0
2025-10-21 09:00:00,12.9,341.0
2025-10-21 10:00:00,18.3,379.0
2025-10-21 11:00:00,16.9,332.0
2025-10-21 12:00:00,16.3,264.0
2025-10-21 13:00:00,14.5,264.0
2025-10-21 14:00:00,13.2,158.0
2025-10-21 15:00:00,13.5,45.0
2025-10-21 16:00:00,14.8,0.0
2025-10-21 17:00:00,16.2,0.0
2025-10-21 18:00:00,17.7,0.0
2025-10-21 19:00:00,17.1,0.0
2025-10-21 20:00:00,17.6,0.0
2025-10-21 21:00:00,18.0,0.0
2025-10-21 22:00:00,17.4,0.0
2025-10-21 23:00:00,18.0,0.0
2025-10-22 00:00:00,16.8,0.0
2025-10-22 01:00:00,16.1,0.0
2025-10-22 02:00:00,17.1,0.0
2025-10-22 03:00:00,17.6,0.0
2025-10-22 04:00:00,17.8,0.0
2025-10-22 05:00:00,17.4,0.0
2025-10-22 06:00:00,17.8,15.0
2025-10-22 07:00:00,17.6,47.0
2025-10-22 08:00:00,15.1,95.0
2025-10-22 09:00:00,16.9,239.0
2025-10-22 10:00:00,17.2,345.0
2025-10-22 11:00:00,16.9,373.0
2025-10-22 12:00:00,16.9,320.0
2025-10-22 13:00:00,16.5,246.0
2025-10-22 14:00:00,15.6,128.0
2025-10-22 15:00:00,16.1,34.0
2025-10-22 16:00:00,17.1,0.0
2025-10-22 17:00:00,16.8,0.0
2025-10-22 18:00:00,16.3,0.0
2025-10-22 19:00:00,17.6,0.0
2025-10-22 20:00:00,18.1,0.0
2025-10-22 21:00:00,17.2,0.0
2025-10-22 22:00:00,16.9,0.0
2025-10-22 23:00:00,16.7,0.0
2025-10-23 00:00:00,15.2,0.0
2025-10-23 01:00:00,15.5,0.0
2025-10-23 02:00:00,16.0,0.0
2025-10-23 03:00:00,16.3,0.0
2025-10-23 04:00:00,17.0,0.0
2025-10-23 05:00:00,17.0,0.0
2025-10-23 06:00:00,18.1,9.0
2025-10-23 07:00:00,18.8,32.0
2025-10-23 08:00:00,19.5,45.0
2025-10-23 09:00:00,20.0,33.0
2025-10-23 10:00:00,19.6,53.0
2025-10-23 11:00:00,24.6,164.0
2025-10-23 12:00:00,18.0,67.0
2025-10-23 13:00:00,18.4,112.0
2025-10-23 14:00:00,16.4,33.0
2025-10-23 15:00:00,15.5,8.0
2025-10-23 16:00:00,16.1,0.0
2025-10-23 17:00:00,15.8,0.0
2025-10-23 18:00:00,15.1,0.0
2025-10-23 19:00:00,16.3,0.0
2025-10-23 20:00:00,16.3,0.0
2025-10-23 21:00:00,16.0,0.0
2025-10-23 22:00:00,16.3,0.0
2025-10-23 23:00:00,16.1,0.0
2025-10-24 00:00:00,14.1,0.0
2025-10-24 01:00:00,13.8,0.0
2025-10-24 02:00:00,14.4,0.0
2025-10-24 03:00:00,15.9,0.0
2025-10-24 04:00:00,17.2,0.0
2025-10-24 05:00:00,17.1,0.0
2025-10-24 06:00:00,17.9,20.0
2025-10-24 07:00:00,19.4,92.0
2025-10-24 08:00:00,16.9,110.0
2025-10-24 09:00:00,22.7,202.0
2025-10-24 10:00:00,21.2,169.0
2025-10-24 11:00:00,20.9,231.0
2025-10-24 12:00:00,20.1,130.0
2025-10-24 13:00:00,17.4,102.0
2025-10-24 14:00:00,15.7,47.0
2025-10-24 15:00:00,15.3,8.0
2025-10-24 16:00:00,14.1,0.0
2025-10-24 17:00:00,14.0,0.0
2025-10-24 18:00:00,14.7,0.0
2025-10-24 19:00:00,14.3,0.0
2025-10-24 20:00:00,16.0,0.0
2025-10-24 21:00:00,14.9,0.0
2025-10-24 22:00:00,14.9,0.0
2025-10-24 23:00:00,14.0,0.0
2025-10-25 00:00:00,12.6,0.0
2025-10-25 01:00:00,14.5,0.0
2025-10-25 02:00:00,22.4,0.0
2025-10-25 03:00:00,23.2,0.0
2025-10-25 04:00:00,24.6,0.0
2025-10-25 05:00:00,23.2,0.0
2025-10-25 06:00:00,24.2,3.0
2025-10-25 07:00:00,23.3,11.0
2025-10-25 08:00:00,22.1,16.0
2025-10-25 09:00:00,22.9,18.0
2025-10-25 10:00:00,23.9,20.0
2025-10-25 11:00:00,26.9,26.0
2025-10-25 12:00:00,24.3,28.0
2025-10-25 13:00:00,23.6,24.0
2025-10-25 14:00:00,21.3,12.0
2025-10-25 15:00:00,21.6,7.0
2025-10-25 16:00:00,17.7,0.0
2025-10-25 17:00:00,17.2,0.0
2025-10-25 18:00:00,14.7,0.0
2025-10-25 19:00:00,14.5,0.0
2025-10-25 20:00:00,15.3,0.0
2025-10-25 21:00:00,15.2,0.0
2025-10-25 22:00:00,14.3,0.0
2025-10-25 23:00:00,13.1,0.0
2025-10-26 00:00:00,12.1,0.0
2025-10-26 01:00:00,11.4,0.0
2025-10-26 02:00:00,11.7,0.0
2025-10-26 03:00:00,12.3,0.0
2025-10-26 04:00:00,11.9,0.0
2025-10-26 05:00:00,12.7,0.0
2025-10-26 06:00:00,13.0,20.0
2025-10-26 07:00:00,14.2,117.0
2025-10-26 08:00:00,16.0,209.0
2025-10-26 09:00:00,16.9,250.0
2025-10-26 10:00:00,16.8,196.0
2025-10-26 11:00:00,15.3,74.0
2025-10-26 12:00:00,16.5,29.0
2025-10-26 13:00:00,15.8,27.0
2025-10-26 14:00:00,17.2,56.0
2025-10-26 15:00:00,16.5,14.0
2025-10-26 16:00:00,13.7,0.0
2025-10-26 17:00:00,13.6,0.0
2025-10-26 18:00:00,13.0,0.0
2025-10-26 19:00:00,14.6,0.0
2025-10-26 20:00:00,14.6,0.0
2025-10-26 21:00:00,17.3,0.0
2025-10-26 22:00:00,17.7,0.0
2025-10-26 23:00:00,16.6,0.0
2025-10-27 00:00:00,17.1,0.0
2025-10-27 01:00:00,16.7,0.0
2025-10-27 02:00:00,19.8,0.0
2025-10-27 03:00:00,20.7,0.0
2025-10-27 04:00:00,20.9,0.0
2025-10-27 05:00:00,21.4,0.0
2025-10-27 06:00:00,22.6,3.0
2025-10-27 07:00:00,21.7,20.0
2025-10-27 08:00:00,21.0,55.0
2025-10-27 09:00:00,19.6,42.0
2025-10-27 10:00:00,24.8,59.0
2025-10-27 11:00:00,22.9,62.0
2025-10-27 12:00:00,19.2,66.0
2025-10-27 13:00:00,17.6,47.0
2025-10-27 14:00:00,18.1,16.0
2025-10-27 15:00:00,17.9,3.0
2025-10-27 16:00:00,15.4,0.0
2025-10-27 17:00:00,14.4,0.0
2025-10-27 18:00:00,14.9,0.0
2025-10-27 19:00:00,14.0,0.0
2025-10-27 20:00:00,13.5,0.0
2025-10-27 21:00:00,12.4,0.0
2025-10-27 22:00:00,13.3,0.0
2025-10-27 23:00:00,11.8,0.0
2025-10-28 00:00:00,10.8,0.0
2025-10-28 01:00:00,10.1,0.0
2025-10-28 02:00:00,10.9,0.0
2025-10-28 03:00:00,10.5,0.0
2025-10-28 04:00:00,9.6,0.0
2025-10-28 05:00:00,9.2,0.0
2025-10-28 06:00:00,8.0,10.0
2025-10-28 07:00:00,11.4,59.0
2025-10-28 08:00:00,12.3,89.0
2025-10-28 09:00:00,10.0,58.0
2025-10-28 10:00:00,12.4,95.0
2025-10-28 11:00:00,11.9,111.0
2025-10-28 12:00:00,12.0,91.0
2025-10-28 13:00:00,10.1,58.0
2025-10-28 14:00:00,11.5,23.0
2025-10-28 15:00:00,13.3,6.0
2025-10-28 16:00:00,12.2,0.0
2025-10-28 17:00:00,15.1,0.0
2025-10-28 18:00:00,12.2,0.0
2025-10-28 19:00:00,13.0,0.0
2025-10-28 20:00:00,17.0,0.0
2025-10-28 21:00:00,18.1,0.0
2025-10-28 22:00:00,17.6,0.0
2025-10-28 23:00:00,14.8,0.0
2025-10-29 00:00:00,16.1,0.0
2025-10-29 01:00:00,13.8,0.0
2025-10-29 02:00:00,11.5,0.0
2025-10-29 03:00:00,10.7,0.0
2025-10-29 04:00:00,9.9,0.0
2025-10-29 05:00:00,9.3,0.0
2025-10-29 06:00:00,9.8,14.0
2025-10-29 07:00:00,9.9,95.0
2025-10-29 08:00:00,13.5,196.0
2025-10-29 09:00:00,12.9,256.0
2025-10-29 10:00:00,15.7,306.0
2025-10-29 11:00:00,15.9,298.0
2025-10-29 12:00:00,15.5,253.0
2025-10-29 13:00:00,17.4,153.0
2025-10-29 14:00:00,13.1,18.0
2025-10-29 15:00:00,14.3,4.0
2025-10-29 16:00:00,16.3,0.0
2025-10-29 17:00:00,17.7,0.0
2025-10-29 18:00:00,16.0,0.0
2025-10-29 19:00:00,15.3,0.0
2025-10-29 20:00:00,14.8,0.0
2025-10-29 21:00:00,13.1,0.0
2025-10-29 22:00:00,12.1,0.0
2025-10-29 23:00:00,12.2,0.0
2025-10-30 00:00:00,11.6,0.0
2025-10-30 01:00:00,10.6,0.0
2025-10-30 02:00:00,10.5,0.0
2025-10-30 03:00:00,11.5,0.0
2025-10-30 04:00:00,12.1,0.0
2025-10-30 05:00:00,12.6,0.0
2025-10-30 06:00:00,13.7,9.0
2025-10-30 07:00:00,14.0,63.0
2025-10-30 08:00:00,12.5,122.0
2025-10-30 09:00:00,13.9,196.0
2025-10-30 10:00:00,16.2,282.0
2025-10-30 11:00:00,17.0,234.0
2025-10-30 12:00:00,19.8,177.0
2025-10-30 13:00:00,15.1,142.0
2025-10-30 14:00:00,16.6,66.0
2025-10-30 15:00:00,17.3,9.0
2025-10-30 16:00:00,17.9,0.0
2025-10-30 17:00:00,17.9,0.0
2025-10-30 18:00:00,17.1,0.0
2025-10-30 19:00:00,17.4,0.0
2025-10-30 20:00:00,17.7,0.0
2025-10-30 21:00:00,20.5,0.0
2025-10-30 22:00:00,24.8,0.0
2025-10-30 23:00:00,23.7,0.0
2025-10-31 00:00:00,21.2,0.0
2025-10-31 01:00:00,25.6,0.0
2025-10-31 02:00:00,29.8,0.0
2025-10-31 03:00:00,31.6,0.0
2025-10-31 04:00:00,26.7,0.0
2025-10-31 05:00:00,23.1,0.0
2025-10-31 06:00:00,24.9,1.0
2025-10-31 07:00:00,19.1,50.0
2025-10-31 08:00:00,17.6,180.0
2025-10-31 09:00:00,23.3,254.0
2025-10-31 10:00:00,21.6,268.0
2025-10-31 11:00:00,20.8,171.0
2025-10-31 12:00:00,18.9,106.0
2025-10-31 13:00:00,24.4,66.0
2025-10-31 14:00:00,24.2,17.0
2025-10-31 15:00:00,23.5,2.0
2025-10-31 16:00:00,22.3,0.0
2025-10-31 17:00:00,20.3,0.0
2025-10-31 18:00:00,18.9,0.0
2025-10-31 19:00:00,18.4,0.0
2025-10-31 20:00:00,16.9,0.0
2025-10-31 21:00:00,15.8,0.0
2025-10-31 22:00:00,14.6,0.0
2025-10-31 23:00:00,13.8,0.0
2025-11-01 00:00:00,12.3,0.0
2025-11-01 01:00:00,11.3,0.0
2025-11-01 02:00:00,11.2,0.0
2025-11-01 03:00:00,10.3,0.0
2025-11-01 04:00:00,9.8,0.0
2025-11-01 05:00:00,8.7,0.0
2025-11-01 06:00:00,7.0,4.0
2025-11-01 07:00:00,5.1,34.0
2025-11-01 08:00:00,5.6,80.0
2025-11-01 09:00:00,5.0,77.0
2025-11-01 10:00:00,6.8,118.0
2025-11-01 11:00:00,6.1,148.0
2025-11-01 12:00:00,3.5,154.0
2025-11-01 13:00:00,3.4,117.0
2025-11-01 14:00:00,3.6,50.0
2025-11-01 15:00:00,7.1,8.0
2025-11-01 16:00:00,10.1,0.0
2025-11-01 17:00:00,9.8,0.0
2025-11-01 18:00:00,10.6,0.0
2025-11-01 19:00:00,12.1,0.0
2025-11-01 20:00:00,12.6,0.0
2025-11-01 21:00:00,13.3,0.0
2025-11-01 22:00:00,14.1,0.0
2025-11-01 23:00:00,14.6,0.0
2025-11-02 00:00:00,14.8,0.0
2025-11-02 01:00:00,15.0,0.0
2025-11-02 02:00:00,14.6,0.0
2025-11-02 03:00:00,15.5,0.0
2025-11-02 04:00:00,14.7,0.0
2025-11-02 05:00:00,16.1,0.0
2025-11-02 06:00:00,17.0,4.0
2025-11-02 07:00:00,13.6,43.0
2025-11-02 08:00:00,12.0,53.0
2025-11-02 09:00:00,12.0,71.0
2025-11-02 10:00:00,14.0,95.0
2025-11-02 11:00:00,14.0,116.0
2025-11-02 12:00:00,14.2,40.0
2025-11-02 13:00:00,15.0,41.0
2025-11-02 14:00:00,15.0,26.0
2025-11-02 15:00:00,13.3,3.0
2025-11-02 16:00:00,14.4,0.0
2025-11-02 17:00:00,13.2,0.0
2025-11-02 18:00:00,10.8,0.0
2025-11-02 19:00:00,11.4,0.0
2025-11-02 20:00:00,11.7,0.0
2025-11-02 21:00:00,11.2,0.0
2025-11-02 22:00:00,10.5,0.0
2025-11-02 23:00:00,7.5,0.0
2025-11-03 00:00:00,9.4,0.0
2025-11-03 01:00:00,9.1,0.0
2025-11-03 02:00:00,9.4,0.0
2025-11-03 03:00:00,7.6,0.0
2025-11-03 04:00:00,7.0,0.0
2025-11-03 05:00:00,5.9,0.0
2025-11-03 06:00:00,6.5,4.0
2025-11-03 07:00:00,6.4,28.0
2025-11-03 08:00:00,4.2,59.0
2025-11-03 09:00:00,2.9,39.0
2025-11-03 10:00:00,3.3,69.0
2025-11-03 11:00:00,2.9,34.0
2025-11-03 12:00:00,4.1,31.0
2025-11-03 13:00:00,2.8,24.0
2025-11-03 14:00:00,4.3,11.0
2025-11-03 15:00:00,5.5,2.0
2025-11-03 16:00:00,6.7,0.0
2025-11-03 17:00:00,11.7,0.0
2025-11-03 18:00:00,12.9,0.0
2025-11-03 19:00:00,12.0,0.0
2025-11-03 20:00:00,12.2,0.0
2025-11-03 21:00:00,11.7,0.0
2025-11-03 22:00:00,11.6,0.0
2025-11-03 23:00:00,10.8,0.0
2025-11-04 00:00:00,10.7,0.0
2025-11-04 01:00:00,10.8,0.0
2025-11-04 02:00:00,10.6,0.0
2025-11-04 03:00:00,11.9,0.0
2025-11-04 04:00:00,11.8,0.0
2025-11-04 05:00:00,12.0,0.0
2025-11-04 06:00:00,12.1,2.0
2025-11-04 07:00:00,11.4,23.0
2025-11-04 08:00:00,9.9,60.0
2025-11-04 09:00:00,8.1,98.0
2025-11-04 10:00:00,9.9,148.0
2025-11-04 11:00:00,10.0,169.0
2025-11-04 12:00:00,10.0,186.0
2025-11-04 13:00:00,10.1,126.0
2025-11-04 14:00:00,7.0,63.0
2025-11-04 15:00:00,10.3,8.0
2025-11-04 16:00:00,11.1,0.0
2025-11-04 17:00:00,11.5,0.0
2025-11-04 18:00:00,11.5,0.0
2025-11-04 19:00:00,11.3,0.0
2025-11-04 20:00:00,10.9,0.0
2025-11-04 21:00:00,10.3,0.0
2025-11-04 22:00:00,10.1,0.0
2025-11-04 23:00:00,9.9,0.0
2025-11-05 00:00:00,9.7,0.0
2025-11-05 01:00:00,11.1,0.0
2025-11-05 02:00:00,11.2,0.0
2025-11-05 03:00:00,11.2,0.0
2025-11-05 04:00:00,11.1,0.0
2025-11-05 05:00:00,10.1,0.0
2025-11-05 06:00:00,10.8,4.0
2025-11-05 07:00:00,10.4,35.0
2025-11-05 08:00:00,11.4,93.0
2025-11-05 09:00:00,11.6,120.0
2025-11-05 10:00:00,12.0,190.0
2025-11-05 11:00:00,13.9,231.0
2025-11-05 12:00:00,11.5,181.0
2025-11-05 13:00:00,10.4,111.0
2025-11-05 14:00:00,11.1,48.0
2025-11-05 15:00:00,11.7,4.0
2025-11-05 16:00:00,12.4,0.0
2025-11-05 17:00:00,12.5,0.0
2025-11-05 18:00:00,14.2,0.0
2025-11-05 19:00:00,15.7,0.0
2025-11-05 20:00:00,16.0,0.0
2025-11-05 21:00:00,15.3,0.0
2025-11-05 22:00:00,14.8,0.0
2025-11-05 23:00:00,14.9,0.0
2025-11-06 00:00:00,14.9,0.0
2025-11-06 01:00:00,14.6,0.0
2025-11-06 02:00:00,13.0,0.0
2025-11-06 03:00:00,13.8,0.0
2025-11-06 04:00:00,14.4,0.0
2025-11-06 05:00:00,13.0,0.0
2025-11-06 06:00:00,13.8,2.0
2025-11-06 07:00:00,11.3,31.0
2025-11-06 08:00:00,11.8,63.0
2025-11-06 09:00:00,11.8,112.0
2025-11-06 10:00:00,10.8,126.0
2025-11-06 11:00:00,11.0,245.0
2025-11-06 12:00:00,8.6,110.0
2025-11-06 13:00:00,8.8,141.0
2025-11-06 14:00:00,9.4,60.0
2025-11-06 15:00:00,10.9,5.0
2025-11-06 16:00:00,12.4,0.0
2025-11-06 17:00:00,12.9,0.0
2025-11-06 18:00:00,12.9,0.0
2025-11-06 19:00:00,12.6,0.0
2025-11-06 20:00:00,12.6,0.0
2025-11-06 21:00:00,12.0,0.0
2025-11-06 22:00:00,12.5,0.0
2025-11-06 23:00:00,12.7,0.0
2025-11-07 00:00:00,12.1,0.0
2025-11-07 01:00:00,10.8,0.0
2025-11-07 02:00:00,9.8,0.0
2025-11-07 03:00:00,10.8,0.0
2025-11-07 04:00:00,11.4,0.0
2025-11-07 05:00:00,11.6,0.0
2025-11-07 06:00:00,11.8,3.0
2025-11-07 07:00:00,11.7,64.0
2025-11-07 08:00:00,11.9,144.0
2025-11-07 09:00:00,10.5,196.0
2025-11-07 10:00:00,8.6,275.0
2025-11-07 11:00:00,8.7,279.0
2025-11-07 12:00:00,8.8,242.0
2025-11-07 13:00:00,9.4,167.0
2025-11-07 14:00:00,9.7,73.0
2025-11-07 15:00:00,11.9,5.0
2025-11-07 16:00:00,13.3,0.0
2025-11-07 17:00:00,12.9,0.0
2025-11-07 18:00:00,11.8,0.0
2025-11-07 19:00:00,11.4,0.0
2025-11-07 20:00:00,11.9,0.0
2025-11-07 21:00:00,12.1,0.0
2025-11-07 22:00:00,12.1,0.0
2025-11-07 23:00:00,12.1,0.0
2025-11-08 00:00:00,11.8,0.0
2025-11-08 01:00:00,11.2,0.0
2025-11-08 02:00:00,11.7,0.0
2025-11-08 03:00:00,12.3,0.0
2025-11-08 04:00:00,11.7,0.0
2025-11-08 05:00:00,10.4,0.0
2025-11-08 06:00:00,10.4,2.0
2025-11-08 07:00:00,11.2,43.0
2025-11-08 08:00:00,10.2,78.0
2025-11-08 09:00:00,10.1,130.0
2025-11-08 10:00:00,10.4,139.0
2025-11-08 11:00:00,9.8,144.0
2025-11-08 12:00:00,9.8,153.0
2025-11-08 13:00:00,9.4,77.0
2025-11-08 14:00:00,10.1,33.0
2025-11-08 15:00:00,8.8,2.0
2025-11-08 16:00:00,10.9,0.0
2025-11-08 17:00:00,13.4,0.0
2025-11-08 18:00:00,11.3,0.0
2025-11-08 19:00:00,10.5,0.0
2025-11-08 20:00:00,10.3,0.0
2025-11-08 21:00:00,10.2,0.0
2025-11-08 22:00:00,8.5,0.0
2025-11-08 23:00:00,8.4,0.0
2025-11-09 00:00:00,8.4,0.0
2025-11-09 01:00:00,7.9,0.0
2025-11-09 02:00:00,9.7,0.0
2025-11-09 03:00:00,9.5,0.0
2025-11-09 04:00:00,9.8,0.0
2025-11-09 05:00:00,10.0,0.0
2025-11-09 06:00:00,8.4,1.0
2025-11-09 07:00:00,8.2,19.0
2025-11-09 08:00:00,7.6,46.0
2025-11-09 09:00:00,7.3,67.0
2025-11-09 10:00:00,6.9,91.0
2025-11-09 11:00:00,6.4,90.0
2025-11-09 12:00:00,6.3,95.0
2025-11-09 13:00:00,6.0,40.0
2025-11-09 14:00:00,5.1,22.0
2025-11-09 15:00:00,4.7,1.0
2025-11-09 16:00:00,4.2,0.0
2025-11-09 17:00:00,4.1,0.0
2025-11-09 18:00:00,4.7,0.0
2025-11-09 19:00:00,4.2,0.0
2025-11-09 20:00:00,4.2,0.0
2025-11-09 21:00:00,3.7,0.0
2025-11-09 22:00:00,2.3,0.0
2025-11-09 23:00:00,0.5,0.0
2025-11-10 00:00:00,2.8,0.0
2025-11-10 01:00:00,2.2,0.0
2025-11-10 02:00:00,2.9,0.0
2025-11-10 03:00:00,3.1,0.0
2025-11-10 04:00:00,3.1,0.0
2025-11-10 05:00:00,2.9,0.0
2025-11-10 06:00:00,3.7,0.0
2025-11-10 07:00:00,3.8,17.0
2025-11-10 08:00:00,2.8,38.0
2025-11-10 09:00:00,1.9,60.0
2025-11-10 10:00:00,2.2,80.0
2025-11-10 11:00:00,3.3,87.0
2025-11-10 12:00:00,4.0,71.0
2025-11-10 13:00:00,2.1,37.0
2025-11-10 14:00:00,1.2,15.0
2025-11-10 15:00:00,2.2,1.0
2025-11-10 16:00:00,3.6,0.0
2025-11-10 17:00:00,4.7,0.0
2025-11-10 18:00:00,5.0,0.0
2025-11-10 19:00:00,4.5,0.0
2025-11-10 20:00:00,4.4,0.0
2025-11-10 21:00:00,4.0,0.0
2025-11-10 22:00:00,4.0,0.0
2025-11-10 23:00:00,3.8,0.0
2025-11-11 00:00:00,4.8,0.0
2025-11-11 01:00:00,4.4,0.0
2025-11-11 02:00:00,3.4,0.0
2025-11-11 03:00:00,2.9,0.0
2025-11-11 04:00:00,3.6,0.0
2025-11-11 05:00:00,2.9,0.0
2025-11-11 06:00:00,2.3,0.0
2025-11-11 07:00:00,3.8,6.0
2025-11-11 08:00:00,4.6,15.0
2025-11-11 09:00:00,3.8,26.0
2025-11-11 10:00:00,3.5,50.0
2025-11-11 11:00:00,3.7,54.0
2025-11-11 12:00:00,3.6,38.0
2025-11-11 13:00:00,2.3,26.0
2025-11-11 14:00:00,2.5,11.0
2025-11-11 15:00:00,2.9,0.0
2025-11-11 16:00:00,3.1,0.0
2025-11-11 17:00:00,3.3,0.0
2025-11-11 18:00:00,4.3,0.0
2025-11-11 19:00:00,3.9,0.0
2025-11-11 20:00:00,4.0,0.0
2025-11-11 21:00:00,4.8,0.0
2025-11-11 22:00:00,4.6,0.0
2025-11-11 23:00:00,3.6,0.0
2025-11-12 00:00:00,5.0,0.0
2025-11-12 01:00:00,5.0,0.0
2025-11-12 02:00:00,5.8,0.0
2025-11-12 03:00:00,5.9,0.0
2025-11-12 04:00:00,5.7,0.0
2025-11-12 05:00:00,6.4,0.0
2025-11-12 06:00:00,5.6,0.0
2025-11-12 07:00:00,4.9,9.0
2025-11-12 08:00:00,4.2,30.0
2025-11-12 09:00:00,3.6,38.0
2025-11-12 10:00:00,3.8,64.0
2025-11-12 11:00:00,3.2,68.0
2025-11-12 12:00:00,5.8,97.0
2025-11-12 13:00:00,4.5,48.0
2025-11-12 14:00:00,1.6,21.0
2025-11-12 15:00:00,4.6,1.0
2025-11-12 16:00:00,10.1,0.0
2025-11-12 17:00:00,7.5,0.0
2025-11-12 18:00:00,7.0,0.0
2025-11-12 19:00:00,6.9,0.0
2025-11-12 20:00:00,9.1,0.0
2025-11-12 21:00:00,11.0,0.0
2025-11-12 22:00:00,10.6,0.0
2025-11-12 23:00:00,12.4,0.0
2025-11-13 00:00:00,12.6,0.0
2025-11-13 01:00:00,12.8,0.0
2025-11-13 02:00:00,14.4,0.0
2025-11-13 03:00:00,13.3,0.0
2025-11-13 04:00:00,13.7,0.0
2025-11-13 05:00:00,15.4,0.0
2025-11-13 06:00:00,18.3,0.0
2025-11-13 07:00:00,16.2,15.0
2025-11-13 08:00:00,20.5,81.0
2025-11-13 09:00:00,18.9,113.0
2025-11-13 10:00:00,18.8,156.0
2025-11-13 11:00:00,19.1,182.0
2025-11-13 12:00:00,18.6,158.0
2025-11-13 13:00:00,19.1,135.0
2025-11-13 14:00:00,19.5,49.0
2025-11-13 15:00:00,19.9,1.0
2025-11-13 16:00:00,20.4,0.0
2025-11-13 17:00:00,20.1,0.0
2025-11-13 18:00:00,20.2,0.0
2025-11-13 19:00:00,19.8,0.0
2025-11-13 20:00:00,19.0,0.0
2025-11-13 21:00:00,18.1,0.0
2025-11-13 22:00:00,18.1,0.0
2025-11-13 23:00:00,18.6,0.0
2025-11-14 00:00:00,17.6,0.0
2025-11-14 01:00:00,16.6,0.0
2025-11-14 02:00:00,17.1,0.0
2025-11-14 03:00:00,17.6,0.0
2025-11-14 04:00:00,18.5,0.0
2025-11-14 05:00:00,18.9,0.0
2025-11-14 06:00:00,18.5,0.0
2025-11-14 07:00:00,17.9,13.0
2025-11-14 08:00:00,16.9,26.0
2025-11-14 09:00:00,16.4,42.0
2025-11-14 10:00:00,14.2,49.0
2025-11-14 11:00:00,13.4,44.0
2025-11-14 12:00:00,8.7,62.0
2025-11-14 13:00:00,8.9,14.0
2025-11-14 14:00:00,8.2,6.0
2025-11-14 15:00:00,8.0,0.0
2025-11-14 16:00:00,7.6,0.0
2025-11-14 17:00:00,8.8,0.0
2025-11-14 18:00:00,8.5,0.0
2025-11-14 19:00:00,8.4,0.0
2025-11-14 20:00:00,8.3,0.0
2025-11-14 21:00:00,8.1,0.0
2025-11-14 22:00:00,10.6,0.0
2025-11-14 23:00:00,15.1,0.0
2025-11-15 00:00:00,10.9,0.0
2025-11-15 01:00:00,10.3,0.0
2025-11-15 02:00:00,11.6,0.0
2025-11-15 03:00:00,10.7,0.0
2025-11-15 04:00:00,10.4,0.0
2025-11-15 05:00:00,12.7,0.0
2025-11-15 06:00:00,13.2,0.0
2025-11-15 07:00:00,13.8,42.0
2025-11-15 08:00:00,12.5,135.0
2025-11-15 09:00:00,15.7,214.0
2025-11-15 10:00:00,14.9,241.0
2025-11-15 11:00:00,14.4,243.0
2025-11-15 12:00:00,12.0,199.0
2025-11-15 13:00:00,11.4,100.0
2025-11-15 14:00:00,8.3,31.0
2025-11-15 15:00:00,7.0,1.0
2025-11-15 16:00:00,5.3,0.0
2025-11-15 17:00:00,3.2,0.0
2025-11-15 18:00:00,2.8,0.0
2025-11-15 19:00:00,1.5,0.0
2025-11-15 20:00:00,0.8,0.0
2025-11-15 21:00:00,1.8,0.0
2025-11-15 22:00:00,8.1,0.0
2025-11-15 23:00:00,7.9,0.0
2025-11-16 00:00:00,9.1,0.0
2025-11-16 01:00:00,9.5,0.0
2025-11-16 02:00:00,11.0,0.0
2025-11-16 03:00:00,11.2,0.0
2025-11-16 04:00:00,10.6,0.0
2025-11-16 05:00:00,10.9,0.0
2025-11-16 06:00:00,11.7,0.0
2025-11-16 07:00:00,12.8,38.0
2025-11-16 08:00:00,11.8,129.0
2025-11-16 09:00:00,12.4,205.0
2025-11-16 10:00:00,13.1,258.0
2025-11-16 11:00:00,13.6,231.0
2025-11-16 12:00:00,13.1,206.0
2025-11-16 13:00:00,13.3,97.0
2025-11-16 14:00:00,15.2,12.0
2025-11-16 15:00:00,14.9,0.0
2025-11-16 16:00:00,15.8,0.0
2025-11-16 17:00:00,14.9,0.0
2025-11-16 18:00:00,16.1,0.0
2025-11-16 19:00:00,16.8,0.0
2025-11-16 20:00:00,16.2,0.0
2025-11-16 21:00:00,15.6,0.0
2025-11-16 22:00:00,13.9,0.0
2025-11-16 23:00:00,12.6,0.0
2025-11-17 00:00:00,10.9,0.0
2025-11-17 01:00:00,11.0,0.0
2025-11-17 02:00:00,9.7,0.0
2025-11-17 03:00:00,6.5,0.0
2025-11-17 04:00:00,6.9,0.0
2025-11-17 05:00:00,5.0,0.0
2025-11-17 06:00:00,7.4,0.0
2025-11-17 07:00:00,7.7,4.0
2025-11-17 08:00:00,9.6,21.0
2025-11-17 09:00:00,9.9,87.0
2025-11-17 10:00:00,9.9,102.0
2025-11-17 11:00:00,9.0,123.0
2025-11-17 12:00:00,5.9,113.0
2025-11-17 13:00:00,3.2,67.0
2025-11-17 14:00:00,1.5,28.0
2025-11-17 15:00:00,1.7,0.0
2025-11-17 16:00:00,3.2,0.0
2025-11-17 17:00:00,2.8,0.0
2025-11-17 18:00:00,3.5,0.0
2025-11-17 19:00:00,4.4,0.0
2025-11-17 20:00:00,5.4,0.0
2025-11-17 21:00:00,7.3,0.0
2025-11-17 22:00:00,8.8,0.0
2025-11-17 23:00:00,9.7,0.0
2025-11-18 00:00:00,10.3,0.0
2025-11-18 01:00:00,13.2,0.0
2025-11-18 02:00:00,15.1,0.0
2025-11-18 03:00:00,19.0,0.0
2025-11-18 04:00:00,16.1,0.0
2025-11-18 05:00:00,14.0,0.0
2025-11-18 06:00:00,15.1,0.0
2025-11-18 07:00:00,15.7,10.0
2025-11-18 08:00:00,15.4,39.0
2025-11-18 09:00:00,17.5,104.0
2025-11-18 10:00:00,19.8,167.0
2025-11-18 11:00:00,20.2,211.0
2025-11-18 12:00:00,18.4,169.0
2025-11-18 13:00:00,15.1,115.0
2025-11-18 14:00:00,13.6,38.0
2025-11-18 15:00:00,14.5,0.0
2025-11-18 16:00:00,15.3,0.0
2025-11-18 17:00:00,14.6,0.0
2025-11-18 18:00:00,14.5,0.0
2025-11-18 19:00:00,12.6,0.0
2025-11-18 20:00:00,15.1,0.0
2025-11-18 21:00:00,15.4,0.0
2025-11-18 22:00:00,13.3,0.0
2025-11-18 23:00:00,13.3,0.0
2025-11-19 00:00:00,12.5,0.0
2025-11-19 01:00:00,13.0,0.0
2025-11-19 02:00:00,14.6,0.0
2025-11-19 03:00:00,14.1,0.0
2025-11-19 04:00:00,13.3,0.0
2025-11-19 05:00:00,15.0,0.0
2025-11-19 06:00:00,12.6,0.0
2025-11-19 07:00:00,14.4,8.0
2025-11-19 08:00:00,17.7,27.0
2025-11-19 09:00:00,15.4,48.0
2025-11-19 10:00:00,17.2,70.0
2025-11-19 11:00:00,18.4,55.0
2025-11-19 12:00:00,18.5,57.0
2025-11-19 13:00:00,17.6,51.0
2025-11-19 14:00:00,15.9,25.0
2025-11-19 15:00:00,16.3,0.0
2025-11-19 16:00:00,15.7,0.0
2025-11-19 17:00:00,15.6,0.0
2025-11-19 18:00:00,16.7,0.0
2025-11-19 19:00:00,16.1,0.0
2025-11-19 20:00:00,15.4,0.0
2025-11-19 21:00:00,14.7,0.0
2025-11-19 22:00:00,13.4,0.0
2025-11-19 23:00:00,12.4,0.0
2025-11-20 00:00:00,12.5,0.0
2025-11-20 01:00:00,12.4,0.0
2025-11-20 02:00:00,12.8,0.0
2025-11-20 03:00:00,13.9,0.0
2025-11-20 04:00:00,13.4,0.0
2025-11-20 05:00:00,14.2,0.0
2025-11-20 06:00:00,15.5,0.0
2025-11-20 07:00:00,15.9,22.0
2025-11-20 08:00:00,18.1,89.0
2025-11-20 09:00:00,19.3,115.0
2025-11-20 10:00:00,18.3,104.0
2025-11-20 11:00:00,18.0,81.0
2025-11-20 12:00:00,17.2,68.0
2025-11-20 13:00:00,17.2,33.0
2025-11-20 14:00:00,14.2,12.0
2025-11-20 15:00:00,14.4,0.0
2025-11-20 16:00:00,13.9,0.0
2025-11-20 17:00:00,14.1,0.0
2025-11-20 18:00:00,14.5,0.0
2025-11-20 19:00:00,14.8,0.0
2025-11-20 20:00:00,18.1,0.0
2025-11-20 21:00:00,19.0,0.0
2025-11-20 22:00:00,15.9,0.0
2025-11-20 23:00:00,15.3,0.0
2025-11-21 00:00:00,14.4,0.0
2025-11-21 01:00:00,15.1,0.0
2025-11-21 02:00:00,13.9,0.0
2025-11-21 03:00:00,14.1,0.0
2025-11-21 04:00:00,13.6,0.0
2025-11-21 05:00:00,14.7,0.0
2025-11-21 06:00:00,14.5,0.0
2025-11-21 07:00:00,14.8,12.0
2025-11-21 08:00:00,15.2,37.0
2025-11-21 09:00:00,14.1,72.0
2025-11-21 10:00:00,13.7,102.0
2025-11-21 11:00:00,11.4,107.0
2025-11-21 12:00:00,11.7,95.0
2025-11-21 13:00:00,8.6,56.0
2025-11-21 14:00:00,8.1,16.0
2025-11-21 15:00:00,8.2,0.0
2025-11-21 16:00:00,9.0,0.0
2025-11-21 17:00:00,9.3,0.0
2025-11-21 18:00:00,10.4,0.0
2025-11-21 19:00:00,10.6,0.0
2025-11-21 20:00:00,10.8,0.0
2025-11-21 21:00:00,10.1,0.0
2025-11-21 22:00:00,9.9,0.0
2025-11-21 23:00:00,10.1,0.0
2025-11-22 00:00:00,9.6,0.0
2025-11-22 01:00:00,8.5,0.0
2025-11-22 02:00:00,7.2,0.0
2025-11-22 03:00:00,9.7,0.0
2025-11-22 04:00:00,12.2,0.0
2025-11-22 05:00:00,11.4,0.0
2025-11-22 06:00:00,10.1,0.0
2025-11-22 07:00:00,10.8,9.0
2025-11-22 08:00:00,11.1,42.0
2025-11-22 09:00:00,10.5,76.0
2025-11-22 10:00:00,11.1,91.0
2025-11-22 11:00:00,10.0,102.0
2025-11-22 12:00:00,8.4,87.0
2025-11-22 13:00:00,8.0,32.0
2025-11-22 14:00:00,6.4,11.0
2025-11-22 15:00:00,6.0,0.0
2025-11-22 16:00:00,4.0,0.0
2025-11-22 17:00:00,4.6,0.0
2025-11-22 18:00:00,3.8,0.0
2025-11-22 19:00:00,3.5,0.0
2025-11-22 20:00:00,3.9,0.0
2025-11-22 21:00:00,4.8,0.0
2025-11-22 22:00:00,4.7,0.0
2025-11-22 23:00:00,4.2,0.0
2025-11-23 00:00:00,2.8,0.0
2025-11-23 01:00:00,6.4,0.0
2025-11-23 02:00:00,0.4,0.0
2025-11-23 03:00:00,5.2,0.0
2025-11-23 04:00:00,4.1,0.0
2025-11-23 05:00:00,3.2,0.0
2025-11-23 06:00:00,3.7,0.0
2025-11-23 07:00:00,6.3,19.0
2025-11-23 08:00:00,6.1,75.0
2025-11-23 09:00:00,4.4,96.0
2025-11-23 10:00:00,4.3,122.0
2025-11-23 11:00:00,5.4,113.0
2025-11-23 12:00:00,8.0,65.0
2025-11-23 13:00:00,9.7,42.0
2025-11-23 14:00:00,9.9,5.0
2025-11-23 15:00:00,10.6,0.0
2025-11-23 16:00:00,10.2,0.0
2025-11-23 17:00:00,9.3,0.0
2025-11-23 18:00:00,9.7,0.0
2025-11-23 19:00:00,7.6,0.0
2025-11-23 20:00:00,6.3,0.0
2025-11-23 21:00:00,5.9,0.0
2025-11-23 22:00:00,5.0,0.0
2025-11-23 23:00:00,4.4,0.0
2025-11-24 00:00:00,4.8,0.0
2025-11-24 01:00:00,3.3,0.0
2025-11-24 02:00:00,0.9,0.0
2025-11-24 03:00:00,1.9,0.0
2025-11-24 04:00:00,4.2,0.0
2025-11-24 05:00:00,4.7,0.0
2025-11-24 06:00:00,6.5,0.0
2025-11-24 07:00:00,6.2,3.0
2025-11-24 08:00:00,8.2,21.0
2025-11-24 09:00:00,9.8,47.0
2025-11-24 10:00:00,10.0,78.0
2025-11-24 11:00:00,11.4,70.0
2025-11-24 12:00:00,12.3,58.0
2025-11-24 13:00:00,7.0,27.0
2025-11-24 14:00:00,7.1,11.0
2025-11-24 15:00:00,9.8,0.0
2025-11-24 16:00:00,13.9,0.0
2025-11-24 17:00:00,12.1,0.0
2025-11-24 18:00:00,11.7,0.0
2025-11-24 19:00:00,11.8,0.0
2025-11-24 20:00:00,11.3,0.0
2025-11-24 21:00:00,11.7,0.0
2025-11-24 22:00:00,10.4,0.0
2025-11-24 23:00:00,10.1,0.0
2025-11-25 00:00:00,10.1,0.0
2025-11-25 01:00:00,9.1,0.0
2025-11-25 02:00:00,9.0,0.0
2025-11-25 03:00:00,8.5,0.0
2025-11-25 04:00:00,7.5,0.0
2025-11-25 05:00:00,6.9,0.0
2025-11-25 06:00:00,7.3,0.0
2025-11-25 07:00:00,7.3,4.0
2025-11-25 08:00:00,7.9,35.0
2025-11-25 09:00:00,6.9,90.0
2025-11-25 10:00:00,6.3,104.0
2025-11-25 11:00:00,5.8,74.0
2025-11-25 12:00:00,5.7,61.0
2025-11-25 13:00:00,5.2,35.0
2025-11-25 14:00:00,6.7,11.0
2025-11-25 15:00:00,8.2,0.0
2025-11-25 16:00:00,9.2,0.0
2025-11-25 17:00:00,10.3,0.0
2025-11-25 18:00:00,10.7,0.0
2025-11-25 19:00:00,11.7,0.0
2025-11-25 20:00:00,12.6,0.0
2025-11-25 21:00:00,12.7,0.0
2025-11-25 22:00:00,12.0,0.0
2025-11-25 23:00:00,13.8,0.0
2025-11-26 00:00:00,14.4,0.0
2025-11-26 01:00:00,15.3,0.0
2025-11-26 02:00:00,15.6,0.0
2025-11-26 03:00:00,17.5,0.0
2025-11-26 04:00:00,18.1,0.0
2025-11-26 05:00:00,17.3,0.0
2025-11-26 06:00:00,19.3,0.0
2025-11-26 07:00:00,19.5,2.0
2025-11-26 08:00:00,19.8,12.0
2025-11-26 09:00:00,18.3,32.0
2025-11-26 10:00:00,17.7,40.0
2025-11-26 11:00:00,17.8,51.0
2025-11-26 12:00:00,16.0,36.0
2025-11-26 13:00:00,18.5,32.0
2025-11-26 14:00:00,18.1,6.0
2025-11-26 15:00:00,17.1,0.0
2025-11-26 16:00:00,17.0,0.0
2025-11-26 17:00:00,16.0,0.0
2025-11-26 18:00:00,14.8,0.0
2025-11-26 19:00:00,13.6,0.0
2025-11-26 20:00:00,14.1,0.0
2025-11-26 21:00:00,13.7,0.0
2025-11-26 22:00:00,12.1,0.0
2025-11-26 23:00:00,9.9,0.0
2025-11-27 00:00:00,10.9,0.0
2025-11-27 01:00:00,7.6,0.0
2025-11-27 02:00:00,6.2,0.0
2025-11-27 03:00:00,4.0,0.0
2025-11-27 04:00:00,4.6,0.0
2025-11-27 05:00:00,7.5,0.0
2025-11-27 06:00:00,9.7,0.0
2025-11-27 07:00:00,12.6,3.0
2025-11-27 08:00:00,12.1,16.0
2025-11-27 09:00:00,12.3,34.0
2025-11-27 10:00:00,13.0,52.0
2025-11-27 11:00:00,13.2,41.0
2025-11-27 12:00:00,12.4,41.0
2025-11-27 13:00:00,12.1,23.0
2025-11-27 14:00:00,11.5,4.0
2025-11-27 15:00:00,11.2,0.0
2025-11-27 16:00:00,10.2,0.0
2025-11-27 17:00:00,9.7,0.0
2025-11-27 18:00:00,9.5,0.0
2025-11-27 19:00:00,10.0,0.0
2025-11-27 20:00:00,9.0,0.0
2025-11-27 21:00:00,9.0,0.0
2025-11-27 22:00:00,8.1,0.0
2025-11-27 23:00:00,11.1,0.0
2025-11-28 00:00:00,10.0,0.0
2025-11-28 01:00:00,9.9,0.0
2025-11-28 02:00:00,10.2,0.0
2025-11-28 03:00:00,11.4,0.0
2025-11-28 04:00:00,11.6,0.0
2025-11-28 05:00:00,12.4,0.0
2025-11-28 06:00:00,13.8,0.0
2025-11-28 07:00:00,15.5,7.0
2025-11-28 08:00:00,17.5,43.0
2025-11-28 09:00:00,16.9,84.0
2025-11-28 10:00:00,17.3,120.0
2025-11-28 11:00:00,16.7,111.0
2025-11-28 12:00:00,16.5,107.0
2025-11-28 13:00:00,15.0,58.0
2025-11-28 14:00:00,14.5,14.0
2025-11-28 15:00:00,15.9,0.0
2025-11-28 16:00:00,16.3,0.0
2025-11-28 17:00:00,16.1,0.0
2025-11-28 18:00:00,15.6,0.0
2025-11-28 19:00:00,16.8,0.0
2025-11-28 20:00:00,18.0,0.0
2025-11-28 21:00:00,17.2,0.0
2025-11-28 22:00:00,16.6,0.0
2025-11-28 23:00:00,17.2,0.0
2025-11-29 00:00:00,16.9,0.0
2025-11-29 01:00:00,18.0,0.0
2025-11-29 02:00:00,14.4,0.0
2025-11-29 03:00:00,18.0,0.0
2025-11-29 04:00:00,17.6,0.0
2025-11-29 05:00:00,12.0,0.0
2025-11-29 06:00:00,13.8,0.0
2025-11-29 07:00:00,12.4,4.0
2025-11-29 08:00:00,11.7,30.0
2025-11-29 09:00:00,13.2,69.0
2025-11-29 10:00:00,12.3,66.0
2025-11-29 11:00:00,11.4,81.0
2025-11-29 12:00:00,9.8,72.0
2025-11-29 13:00:00,9.7,44.0
2025-11-29 14:00:00,10.1,17.0
2025-11-29 15:00:00,9.6,0.0
2025-11-29 16:00:00,9.7,0.0
2025-11-29 17:00:00,8.3,0.0
2025-11-29 18:00:00,7.0,0.0
2025-11-29 19:00:00,6.3,0.0
2025-11-29 20:00:00,7.0,0.0
2025-11-29 21:00:00,6.3,0.0
2025-11-29 22:00:00,5.6,0.0
2025-11-29 23:00:00,7.1,0.0
2025-11-30 00:00:00,2.0,0.0
2025-11-30 01:00:00,2.1,0.0
2025-11-30 02:00:00,5.3,0.0
2025-11-30 03:00:00,4.9,0.0
2025-11-30 04:00:00,5.6,0.0
2025-11-30 05:00:00,5.5,0.0
2025-11-30 06:00:00,5.9,0.0
2025-11-30 07:00:00,6.9,3.0
2025-11-30 08:00:00,5.8,24.0
2025-11-30 09:00:00,5.4,47.0
2025-11-30 10:00:00,5.8,53.0
2025-11-30 11:00:00,5.9,47.0
2025-11-30 12:00:00,7.7,38.0
2025-11-30 13:00:00,8.3,19.0
2025-11-30 14:00:00,9.8,6.0
2025-11-30 15:00:00,9.6,0.0
2025-11-30 16:00:00,10.2,0.0
2025-11-30 17:00:00,11.7,0.0
2025-11-30 18:00:00,12.5,0.0
2025-11-30 19:00:00,12.5,0.0
2025-11-30 20:00:00,11.8,0.0
2025-11-30 21:00:00,11.0,0.0
2025-11-30 22:00:00,12.2,0.0
2025-11-30 23:00:00,11.5,0.0
2025-12-01 00:00:00,9.4,0.0
2025-12-01 01:00:00,10.2,0.0
2025-12-01 02:00:00,9.5,0.0
2025-12-01 03:00:00,9.1,0.0
2025-12-01 04:00:00,9.4,0.0
2025-12-01 05:00:00,9.4,0.0
2025-12-01 06:00:00,10.0,0.0
2025-12-01 07:00:00,9.1,3.0
2025-12-01 08:00:00,8.5,21.0
2025-12-01 09:00:00,9.8,37.0
2025-12-01 10:00:00,10.3,33.0
2025-12-01 11:00:00,10.1,46.0
2025-12-01 12:00:00,9.1,32.0
2025-12-01 13:00:00,8.3,16.0
2025-12-01 14:00:00,7.2,4.0
2025-12-01 15:00:00,7.9,0.0
2025-12-01 16:00:00,7.6,0.0
2025-12-01 17:00:00,6.7,0.0
2025-12-01 18:00:00,6.2,0.0
2025-12-01 19:00:00,4.8,0.0
2025-12-01 20:00:00,4.0,0.0
2025-12-01 21:00:00,3.3,0.0
2025-12-01 22:00:00,2.7,0.0
2025-12-01 23:00:00,2.3,0.0
2025-12-02 00:00:00,2.0,0.0
2025-12-02 01:00:00,2.7,0.0
2025-12-02 02:00:00,1.3,0.0
2025-12-02 03:00:00,1.4,0.0
2025-12-02 04:00:00,2.5,0.0
2025-12-02 05:00:00,4.3,0.0
2025-12-02 06:00:00,5.4,0.0
2025-12-02 07:00:00,6.6,3.0
2025-12-02 08:00:00,6.9,29.0
2025-12-02 09:00:00,6.4,62.0
2025-12-02 10:00:00,6.9,51.0
2025-12-02 11:00:00,6.4,53.0
2025-12-02 12:00:00,5.4,48.0
2025-12-02 13:00:00,6.9,23.0
2025-12-02 14:00:00,7.4,5.0
2025-12-02 15:00:00,7.6,0.0
2025-12-02 16:00:00,7.3,0.0
2025-12-02 17:00:00,7.4,0.0
2025-12-02 18:00:00,8.0,0.0
2025-12-02 19:00:00,8.2,0.0
2025-12-02 20:00:00,8.6,0.0
2025-12-02 21:00:00,9.1,0.0
2025-12-02 22:00:00,9.7,0.0
2025-12-02 23:00:00,10.1,0.0
2025-12-03 00:00:00,10.1,0.0
2025-12-03 01:00:00,10.0,0.0
2025-12-03 02:00:00,10.1,0.0
2025-12-03 03:00:00,10.0,0.0
2025-12-03 04:00:00,10.1,0.0
2025-12-03 05:00:00,10.1,0.0
2025-12-03 06:00:00,10.0,0.0
2025-12-03 07:00:00,9.9,2.0
2025-12-03 08:00:00,9.9,23.0
2025-12-03 09:00:00,9.5,38.0
2025-12-03 10:00:00,10.7,54.0
2025-12-03 11:00:00,10.7,55.0
2025-12-03 12:00:00,8.0,41.0
2025-12-03 13:00:00,8.1,20.0
2025-12-03 14:00:00,9.2,6.0
2025-12-03 15:00:00,9.9,0.0
2025-12-03 16:00:00,10.3,0.0
2025-12-03 17:00:00,10.2,0.0
2025-12-03 18:00:00,10.1,0.0
2025-12-03 19:00:00,11.0,0.0
2025-12-03 20:00:00,10.7,0.0
2025-12-03 21:00:00,10.4,0.0
2025-12-03 22:00:00,10.0,0.0
2025-12-03 23:00:00,9.6,0.0
2025-12-04 00:00:00,9.0,0.0
2025-12-04 01:00:00,10.7,0.0
2025-12-04 02:00:00,10.4,0.0
2025-12-04 03:00:00,10.5,0.0
2025-12-04 04:00:00,11.6,0.0
2025-12-04 05:00:00,12.2,0.0
2025-12-04 06:00:00,13.9,0.0
2025-12-04 07:00:00,13.4,2.0
2025-12-04 08:00:00,14.7,22.0
2025-12-04 09:00:00,12.6,73.0
2025-12-04 10:00:00,12.0,63.0
2025-12-04 11:00:00,11.0,49.0
2025-12-04 12:00:00,10.5,48.0
2025-12-04 13:00:00,11.0,28.0
2025-12-04 14:00:00,10.3,7.0
2025-12-04 15:00:00,10.2,0.0
2025-12-04 16:00:00,9.6,0.0
2025-12-04 17:00:00,9.5,0.0
2025-12-04 18:00:00,10.2,0.0
2025-12-04 19:00:00,9.2,0.0
2025-12-04 20:00:00,8.8,0.0
2025-12-04 21:00:00,9.0,0.0
2025-12-04 22:00:00,8.9,0.0
2025-12-04 23:00:00,9.2,0.0
2025-12-05 00:00:00,9.4,0.0
2025-12-05 01:00:00,9.6,0.0
2025-12-05 02:00:00,10.5,0.0
2025-12-05 03:00:00,10.7,0.0
2025-12-05 04:00:00,10.9,0.0
2025-12-05 05:00:00,11.3,0.0
2025-12-05 06:00:00,10.9,0.0
2025-12-05 07:00:00,11.6,2.0
2025-12-05 08:00:00,16.0,19.0
2025-12-05 09:00:00,12.5,41.0
2025-12-05 10:00:00,11.3,51.0
2025-12-05 11:00:00,12.1,76.0
2025-12-05 12:00:00,11.8,43.0
2025-12-05 13:00:00,12.5,32.0
2025-12-05 14:00:00,13.0,11.0
2025-12-05 15:00:00,13.4,0.0
2025-12-05 16:00:00,13.8,0.0
2025-12-05 17:00:00,14.9,0.0
2025-12-05 18:00:00,16.0,0.0
2025-12-05 19:00:00,15.9,0.0
2025-12-05 20:00:00,15.7,0.0
2025-12-05 21:00:00,15.2,0.0
2025-12-05 22:00:00,16.8,0.0
2025-12-05 23:00:00,17.7,0.0
2025-12-06 00:00:00,16.1,0.0
2025-12-06 01:00:00,15.1,0.0
2025-12-06 02:00:00,14.9,0.0
2025-12-06 03:00:00,15.2,0.0
2025-12-06 04:00:00,14.1,0.0
2025-12-06 05:00:00,15.0,0.0
2025-12-06 06:00:00,15.5,0.0
2025-12-06 07:00:00,17.1,1.0
2025-12-06 08:00:00,17.6,15.0
2025-12-06 09:00:00,19.8,27.0
2025-12-06 10:00:00,17.2,37.0
2025-12-06 11:00:00,18.6,59.0
2025-12-06 12:00:00,18.0,53.0
2025-12-06 13:00:00,15.9,31.0
2025-12-06 14:00:00,16.2,10.0
2025-12-06 15:00:00,17.5,0.0
2025-12-06 16:00:00,18.6,0.0
2025-12-06 17:00:00,17.8,0.0
2025-12-06 18:00:00,16.1,0.0
2025-12-06 19:00:00,14.9,0.0
2025-12-06 20:00:00,16.2,0.0
2025-12-06 21:00:00,16.4,0.0
2025-12-06 22:00:00,16.1,0.0
2025-12-06 23:00:00,16.5,0.0
2025-12-07 00:00:00,15.9,0.0
2025-12-07 01:00:00,16.1,0.0
2025-12-07 02:00:00,15.2,0.0
2025-12-07 03:00:00,15.1,0.0
2025-12-07 04:00:00,14.7,0.0
2025-12-07 05:00:00,14.9,0.0
2025-12-07 06:00:00,14.8,0.0
2025-12-07 07:00:00,14.1,2.0
2025-12-07 08:00:00,14.7,22.0
2025-12-07 09:00:00,15.1,45.0
2025-12-07 10:00:00,14.9,55.0
2025-12-07 11:00:00,15.1,58.0
2025-12-07 12:00:00,14.6,41.0
2025-12-07 13:00:00,13.4,30.0
2025-12-07 14:00:00,12.1,6.0
2025-12-07 15:00:00,13.0,0.0
2025-12-07 16:00:00,12.9,0.0
2025-12-07 17:00:00,12.5,0.0
2025-12-07 18:00:00,12.3,0.0
2025-12-07 19:00:00,11.8,0.0
2025-12-07 20:00:00,12.0,0.0
2025-12-07 21:00:00,11.1,0.0
2025-12-07 22:00:00,11.5,0.0
2025-12-07 23:00:00,10.7,0.0
2025-12-08 00:00:00,9.8,0.0
2025-12-08 01:00:00,10.3,0.0
2025-12-08 02:00:00,11.1,0.0
2025-12-08 03:00:00,11.9,0.0
2025-12-08 04:00:00,11.2,0.0
2025-12-08 05:00:00,11.0,0.0
2025-12-08 06:00:00,11.0,0.0
2025-12-08 07:00:00,13.0,1.0
2025-12-08 08:00:00,13.4,13.0
2025-12-08 09:00:00,15.2,46.0
2025-12-08 10:00:00,16.0,106.0
2025-12-08 11:00:00,16.3,104.0
2025-12-08 12:00:00,14.7,48.0
2025-12-08 13:00:00,14.0,20.0
2025-12-08 14:00:00,15.8,8.0
2025-12-08 15:00:00,16.1,0.0
2025-12-08 16:00:00,17.3,0.0
2025-12-08 17:00:00,18.2,0.0
2025-12-08 18:00:00,19.1,0.0
2025-12-08 19:00:00,18.4,0.0
2025-12-08 20:00:00,17.8,0.0
2025-12-08 21:00:00,16.6,0.0
2025-12-08 22:00:00,14.9,0.0
2025-12-08 23:00:00,14.6,0.0
2025-12-09 00:00:00,13.5,0.0
2025-12-09 01:00:00,13.3,0.0
2025-12-09 02:00:00,13.1,0.0
2025-12-09 03:00:00,13.7,0.0
2025-12-09 04:00:00,14.4,0.0
2025-12-09 05:00:00,15.3,0.0
2025-12-09 06:00:00,17.6,0.0
2025-12-09 07:00:00,16.0,1.0
2025-12-09 08:00:00,15.2,11.0
2025-12-09 09:00:00,15.0,16.0
2025-12-09 10:00:00,14.6,32.0
2025-12-09 11:00:00,15.1,33.0
2025-12-09 12:00:00,15.0,44.0
2025-12-09 13:00:00,12.1,75.0
2025-12-09 14:00:00,11.5,4.0
2025-12-09 15:00:00,15.3,0.0
2025-12-09 16:00:00,16.7,0.0
2025-12-09 17:00:00,14.8,0.0
2025-12-09 18:00:00,14.9,0.0
2025-12-09 19:00:00,14.7,0.0
2025-12-09 20:00:00,13.9,0.0
2025-12-09 21:00:00,11.7,0.0
2025-12-09 22:00:00,8.1,0.0
2025-12-09 23:00:00,8.4,0.0
2025-12-10 00:00:00,8.8,0.0
2025-12-10 01:00:00,9.2,0.0
2025-12-10 02:00:00,7.4,0.0
2025-12-10 03:00:00,10.9,0.0
2025-12-10 04:00:00,10.9,0.0
2025-12-10 05:00:00,11.7,0.0
2025-12-10 06:00:00,11.1,0.0
2025-12-10 07:00:00,9.3,2.0
2025-12-10 08:00:00,9.5,28.0
2025-12-10 09:00:00,7.9,50.0
2025-12-10 10:00:00,9.8,48.0
2025-12-10 11:00:00,9.5,40.0
2025-12-10 12:00:00,11.8,21.0
2025-12-10 13:00:00,12.4,15.0
2025-12-10 14:00:00,12.9,5.0
2025-12-10 15:00:00,14.8,0.0
2025-12-10 16:00:00,15.2,0.0
2025-12-10 17:00:00,15.0,0.0
2025-12-10 18:00:00,15.1,0.0
2025-12-10 19:00:00,14.4,0.0
2025-12-10 20:00:00,14.1,0.0
2025-12-10 21:00:00,14.4,0.0
2025-12-10 22:00:00,13.6,0.0
2025-12-10 23:00:00,13.1,0.0
2025-12-11 00:00:00,16.3,0.0
2025-12-11 01:00:00,14.4,0.0
2025-12-11 02:00:00,12.8,0.0
2025-12-11 03:00:00,14.8,0.0
2025-12-11 04:00:00,15.0,0.0
2025-12-11 05:00:00,15.1,0.0
2025-12-11 06:00:00,14.2,0.0
2025-12-11 07:00:00,18.0,2.0
2025-12-11 08:00:00,19.9,18.0
2025-12-11 09:00:00,19.3,50.0
2025-12-11 10:00:00,19.3,41.0
2025-12-11 11:00:00,21.6,146.0
2025-12-11 12:00:00,18.4,123.0
2025-12-11 13:00:00,19.8,58.0
2025-12-11 14:00:00,18.7,13.0
2025-12-11 15:00:00,18.0,0.0
2025-12-11 16:00:00,17.9,0.0
2025-12-11 17:00:00,17.5,0.0
2025-12-11 18:00:00,16.8,0.0
2025-12-11 19:00:00,15.7,0.0
2025-12-11 20:00:00,15.4,0.0
2025-12-11 21:00:00,14.4,0.0
2025-12-11 22:00:00,15.8,0.0
2025-12-11 23:00:00,18.9,0.0
2025-12-12 00:00:00,19.2,0.0
2025-12-12 01:00:00,18.4,0.0
2025-12-12 02:00:00,17.6,0.0
2025-12-12 03:00:00,16.3,0.0
2025-12-12 04:00:00,16.4,0.0
2025-12-12 05:00:00,15.9,0.0
2025-12-12 06:00:00,13.7,0.0
2025-12-12 07:00:00,15.8,1.0
2025-12-12 08:00:00,16.5,12.0
2025-12-12 09:00:00,20.9,27.0
2025-12-12 10:00:00,19.6,66.0
2025-12-12 11:00:00,19.4,53.0
2025-12-12 12:00:00,16.8,77.0
2025-12-12 13:00:00,16.5,45.0
2025-12-12 14:00:00,15.5,8.0
2025-12-12 15:00:00,13.7,0.0
2025-12-12 16:00:00,15.0,0.0
2025-12-12 17:00:00,15.8,0.0
2025-12-12 18:00:00,14.4,0.0
2025-12-12 19:00:00,14.5,0.0
2025-12-12 20:00:00,13.8,0.0
2025-12-12 21:00:00,12.8,0.0
2025-12-12 22:00:00,10.6,0.0
2025-12-12 23:00:00,10.2,0.0
