datetime,residual_demand
2025-06-15 20:15:00,-3500.83
2025-06-15 20:30:00,-3506.92
2025-06-15 20:45:00,-3508.02
2025-06-15 21:00:00,-2883.37
2025-06-15 21:15:00,-2917.0699999999997
2025-06-15 21:30:00,-2937.44
2025-06-15 21:45:00,-2934.21
2025-06-15 22:00:00,-2864.69
2025-06-15 22:15:00,-2889.4300000000003
2025-06-15 22:30:00,-2892.83
2025-06-15 22:45:00,-2928.26
2025-06-15 23:00:00,-2788.37
2025-06-15 23:15:00,-2808.1099999999997
2025-06-15 23:30:00,-2792.31
2025-06-15 23:45:00,-2827.49
2025-06-16 00:00:00,-1833.15
2025-06-16 00:15:00,-1852.6
2025-06-16 00:30:00,-1853.17
2025-06-16 00:45:00,-1870.27
2025-06-16 01:00:00,-1900.1
2025-06-16 01:15:00,-1894.87
2025-06-16 01:30:00,-1906.4
2025-06-16 01:45:00,-1914.17
2025-06-16 02:00:00,-1827.68
2025-06-16 02:15:00,-1827.55
2025-06-16 02:30:00,-1845.69
2025-06-16 02:45:00,-1839.77
2025-06-16 03:00:00,-1853.9
2025-06-16 03:15:00,-1822.7
2025-06-16 03:30:00,-1810.73
2025-06-16 03:45:00,-1780.25
2025-06-16 04:00:00,-1990.84
2025-06-16 04:15:00,-1950.22
2025-06-16 04:30:00,-1905.14
2025-06-16 04:45:00,-1896.9
2025-06-16 05:00:00,-1923.26
2025-06-16 05:15:00,-1898.78
2025-06-16 05:30:00,-1962.31
2025-06-16 05:45:00,-1982.72
2025-06-16 06:00:00,-2270.92
2025-06-16 06:15:00,-2251.6099999999997
2025-06-16 06:30:00,-2256.25
2025-06-16 06:45:00,-2276.77
2025-06-16 07:00:00,-2461.02
2025-06-16 07:15:00,-2368.17
2025-06-16 07:30:00,-2335.85
2025-06-16 07:45:00,-2416.8199999999997
2025-06-16 08:00:00,-1847.18
2025-06-16 08:15:00,-1747.14
2025-06-16 08:30:00,-1895.44
2025-06-16 08:45:00,-1852.2
2025-06-16 09:00:00,-2324.7
2025-06-16 09:15:00,-2448.73
2025-06-16 09:30:00,-2473.9300000000003
2025-06-16 09:45:00,-2479.95
2025-06-16 10:00:00,-2601.85
2025-06-16 10:15:00,-2569.05
2025-06-16 10:30:00,-2497.34
2025-06-16 10:45:00,-2483.08
2025-06-16 11:00:00,-2466.75
2025-06-16 11:15:00,-2502.38
2025-06-16 11:30:00,-2454.1
2025-06-16 11:45:00,-2284.62
2025-06-16 12:00:00,-2171.74
2025-06-16 12:15:00,-2136.96
2025-06-16 12:30:00,-2147.45
2025-06-16 12:45:00,-2114.02
2025-06-16 13:00:00,-2312.87
2025-06-16 13:15:00,-2369.3900000000003
2025-06-16 13:30:00,-2291.6400000000003
2025-06-16 13:45:00,-2333.7
2025-06-16 14:00:00,-2460.26
2025-06-16 14:15:00,-2521.6099999999997
2025-06-16 14:30:00,-2507.8599999999997
2025-06-16 14:45:00,-2519.87
2025-06-16 15:00:00,-3555.1800000000003
2025-06-16 15:15:00,-3590.77
2025-06-16 15:30:00,-3588.3900000000003
2025-06-16 15:45:00,-3582.6
2025-06-16 16:00:00,-3589.29
2025-06-16 16:15:00,-3593.62
2025-06-16 16:30:00,-3612.73
2025-06-16 16:45:00,-3593.2200000000003
2025-06-16 17:00:00,-2785.06
2025-06-16 17:15:00,-2734.6099999999997
2025-06-16 17:30:00,-2718.4
2025-06-16 17:45:00,-2730.31
2025-06-16 18:00:00,-1412.49
2025-06-16 18:15:00,-1392.78
2025-06-16 18:30:00,-1381.38
2025-06-16 18:45:00,-1412.93
2025-06-16 19:00:00,-2092.3900000000003
2025-06-16 19:15:00,-2091.5299999999997
2025-06-16 19:30:00,-2099.8
2025-06-16 19:45:00,-2094.31
2025-06-16 20:00:00,-1742.08
2025-06-16 20:15:00,-1752.57
2025-06-16 20:30:00,-1773.01
2025-06-16 20:45:00,-1773.24
2025-06-16 21:00:00,-1538.93
2025-06-16 21:15:00,-1568.05
2025-06-16 21:30:00,-1590.62
2025-06-16 21:45:00,-1596.97
2025-06-16 22:00:00,-1284.86
2025-06-16 22:15:00,-1314.99
2025-06-16 22:30:00,-1317.12
2025-06-16 22:45:00,-1305.87
2025-06-16 23:00:00,-1459.16
2025-06-16 23:15:00,-1482.28
2025-06-16 23:30:00,-1502.46
2025-06-16 23:45:00,-1498.52
2025-06-17 00:00:00,-1846.97
2025-06-17 00:15:00,-1850.11
2025-06-17 00:30:00,-1871.19
2025-06-17 00:45:00,-1865.1
2025-06-17 01:00:00,-2164.31
2025-06-17 01:15:00,-2196.08
2025-06-17 01:30:00,-2175.88
2025-06-17 01:45:00,-2195.5699999999997
2025-06-17 02:00:00,-2421.84
2025-06-17 02:15:00,-2401.52
2025-06-17 02:30:00,-2407.06
2025-06-17 02:45:00,-2405.0699999999997
2025-06-17 03:00:00,-4067.05
2025-06-17 03:15:00,-4075.65
2025-06-17 03:30:00,-4045.3199999999997
2025-06-17 03:45:00,-4056.92
2025-06-17 04:00:00,-3788.02
2025-06-17 04:15:00,-3734.38
2025-06-17 04:30:00,-3697.38
2025-06-17 04:45:00,-3686.67
2025-06-17 05:00:00,-3363.96
2025-06-17 05:15:00,-3362.69
2025-06-17 05:30:00,-3398.26
2025-06-17 05:45:00,-3375.35
2025-06-17 06:00:00,-2911.98
2025-06-17 06:15:00,-2894.7
2025-06-17 06:30:00,-2892.4300000000003
2025-06-17 06:45:00,-2900.56
2025-06-17 07:00:00,-3045.87
2025-06-17 07:15:00,-3075.2799999999997
2025-06-17 07:30:00,-3099.71
2025-06-17 07:45:00,-3040.8199999999997
2025-06-17 08:00:00,-2964.87
2025-06-17 08:15:00,-2881.7200000000003
2025-06-17 08:30:00,-2907.7200000000003
2025-06-17 08:45:00,-2845.2799999999997
2025-06-17 09:00:00,-3251.8
2025-06-17 09:15:00,-3226.48
2025-06-17 09:30:00,-3213.26
2025-06-17 09:45:00,-3205.31
2025-06-17 10:00:00,-3439.12
2025-06-17 10:15:00,-3509.3599999999997
2025-06-17 10:30:00,-3485.81
2025-06-17 10:45:00,-3375.49
2025-06-17 11:00:00,-3100.4300000000003
2025-06-17 11:15:00,-3073.6099999999997
2025-06-17 11:30:00,-3084.26
2025-06-17 11:45:00,-3098.8599999999997
2025-06-17 12:00:00,-2770.31
2025-06-17 12:15:00,-2756.49
2025-06-17 12:30:00,-2811.59
2025-06-17 12:45:00,-2827.06
2025-06-17 13:00:00,-2438.8599999999997
2025-06-17 13:15:00,-2540.6
2025-06-17 13:30:00,-2544.44
2025-06-17 13:45:00,-2525.0
2025-06-17 14:00:00,-2486.66
2025-06-17 14:15:00,-2108.67
2025-06-17 14:30:00,-2426.54
2025-06-17 14:45:00,-2416.12
2025-06-17 15:00:00,-3075.56
2025-06-17 15:15:00,-3108.08
2025-06-17 15:30:00,-3153.21
2025-06-17 15:45:00,-3183.59
2025-06-17 16:00:00,-3112.04
2025-06-17 16:15:00,-3127.42
2025-06-17 16:30:00,-3122.34
2025-06-17 16:45:00,-2929.21
2025-06-17 17:00:00,-2453.23
2025-06-17 17:15:00,-2447.37
2025-06-17 17:30:00,-2684.94
2025-06-17 17:45:00,-2682.3599999999997
2025-06-17 18:00:00,-2340.9
2025-06-17 18:15:00,-2313.84
2025-06-17 18:30:00,-2327.23
2025-06-17 18:45:00,-2210.27
2025-06-17 19:00:00,-1730.1
2025-06-17 19:15:00,-1806.07
2025-06-17 19:30:00,-1873.75
2025-06-17 19:45:00,-1866.87
2025-06-17 20:00:00,-1456.63
2025-06-17 20:15:00,-1470.53
2025-06-17 20:30:00,-1481.41
2025-06-17 20:45:00,-1463.27
2025-06-17 21:00:00,388.44000000000005
2025-06-17 21:15:00,373.99
2025-06-17 21:30:00,375.3699999999999
2025-06-17 21:45:00,353.8399999999999
2025-06-17 22:00:00,819.47
2025-06-17 22:15:00,730.56
2025-06-17 22:30:00,712.1300000000001
2025-06-17 22:45:00,686.9000000000001
2025-06-17 23:00:00,940.25
2025-06-17 23:15:00,955.9000000000001
2025-06-17 23:30:00,914.73
2025-06-17 23:45:00,940.9000000000001
2025-06-18 00:00:00,124.05999999999995
2025-06-18 00:15:00,116.41000000000008
2025-06-18 00:30:00,112.25
2025-06-18 00:45:00,109.98000000000002
2025-06-18 01:00:00,39.83999999999992
2025-06-18 01:15:00,37.700000000000045
2025-06-18 01:30:00,30.960000000000036
2025-06-18 01:45:00,27.269999999999982
2025-06-18 02:00:00,171.06999999999994
2025-06-18 02:15:00,199.29999999999995
2025-06-18 02:30:00,192.3499999999999
2025-06-18 02:45:00,188.45000000000005
2025-06-18 03:00:00,-88.24000000000001
2025-06-18 03:15:00,-130.03999999999996
2025-06-18 03:30:00,-68.51999999999998
2025-06-18 03:45:00,-91.74000000000001
2025-06-18 04:00:00,-309.30999999999995
2025-06-18 04:15:00,-332.47
2025-06-18 04:30:00,-274.6600000000001
2025-06-18 04:45:00,-245.8800000000001
2025-06-18 05:00:00,-400.77
2025-06-18 05:15:00,-427.8499999999999
2025-06-18 05:30:00,-434.79999999999995
2025-06-18 05:45:00,-462.8399999999999
2025-06-18 06:00:00,-1035.66
2025-06-18 06:15:00,-1021.0699999999999
2025-06-18 06:30:00,-986.1199999999999
2025-06-18 06:45:00,-973.9300000000001
2025-06-18 07:00:00,-993.3499999999999
2025-06-18 07:15:00,-969.94
2025-06-18 07:30:00,-992.71
2025-06-18 07:45:00,-1000.98
2025-06-18 08:00:00,-643.73
2025-06-18 08:15:00,-635.3299999999999
2025-06-18 08:30:00,-602.94
2025-06-18 08:45:00,-597.4300000000001
2025-06-18 09:00:00,-1524.87
2025-06-18 09:15:00,-1484.03
2025-06-18 09:30:00,-1481.43
2025-06-18 09:45:00,-1479.58
2025-06-18 10:00:00,-3252.54
2025-06-18 10:15:00,-3259.29
2025-06-18 10:30:00,-3248.9700000000003
2025-06-18 10:45:00,-3263.38
2025-06-18 11:00:00,-1669.76
2025-06-18 11:15:00,-1752.02
2025-06-18 11:30:00,-1730.22
2025-06-18 11:45:00,-1707.9
2025-06-18 12:00:00,-3155.5
2025-06-18 12:15:00,-3143.26
2025-06-18 12:30:00,-3169.35
2025-06-18 12:45:00,-3134.33
2025-06-18 13:00:00,-4104.86
2025-06-18 13:15:00,-4141.9
2025-06-18 13:30:00,-4165.03
2025-06-18 13:45:00,-4148.29
2025-06-18 14:00:00,-4952.8
2025-06-18 14:15:00,-4897.36
2025-06-18 14:30:00,-4872.23
2025-06-18 14:45:00,-4966.71
2025-06-18 15:00:00,-5080.3099999999995
2025-06-18 15:15:00,-5212.46
2025-06-18 15:30:00,-5278.16
2025-06-18 15:45:00,-5314.64
2025-06-18 16:00:00,-4733.16
2025-06-18 16:15:00,-4730.75
2025-06-18 16:30:00,-4740.2
2025-06-18 16:45:00,-4736.66
2025-06-18 17:00:00,-3814.1400000000003
2025-06-18 17:15:00,-3899.8900000000003
2025-06-18 17:30:00,-3875.96
2025-06-18 17:45:00,-3910.77
2025-06-18 18:00:00,-2832.08
2025-06-18 18:15:00,-2853.26
2025-06-18 18:30:00,-2854.04
2025-06-18 18:45:00,-2695.04
2025-06-18 19:00:00,-3857.2200000000003
2025-06-18 19:15:00,-3845.06
2025-06-18 19:30:00,-3851.98
2025-06-18 19:45:00,-3865.17
2025-06-18 20:00:00,-2494.41
2025-06-18 20:15:00,-2527.94
2025-06-18 20:30:00,-2527.2799999999997
2025-06-18 20:45:00,-2547.85
2025-06-18 21:00:00,-1228.74
2025-06-18 21:15:00,-1240.56
2025-06-18 21:30:00,-1269.19
2025-06-18 21:45:00,-1259.66
2025-06-18 22:00:00,-863.1199999999999
2025-06-18 22:15:00,-955.1300000000001
2025-06-18 22:30:00,-963.05
2025-06-18 22:45:00,-984.1199999999999
2025-06-18 23:00:00,273.46000000000004
2025-06-18 23:15:00,260.3299999999999
2025-06-18 23:30:00,256.52
2025-06-18 23:45:00,242.44000000000005
2025-06-19 00:00:00,-310.99
2025-06-19 00:15:00,-337.05999999999995
2025-06-19 00:30:00,-343.20000000000005
2025-06-19 00:45:00,-343.56999999999994
2025-06-19 01:00:00,-1142.24
2025-06-19 01:15:00,-1154.67
2025-06-19 01:30:00,-1148.45
2025-06-19 01:45:00,-1162.98
2025-06-19 02:00:00,-920.0899999999999
2025-06-19 02:15:00,-938.0
2025-06-19 02:30:00,-941.74
2025-06-19 02:45:00,-926.9100000000001
2025-06-19 03:00:00,-537.06
2025-06-19 03:15:00,-518.05
2025-06-19 03:30:00,-512.25
2025-06-19 03:45:00,-463.28999999999996
2025-06-19 04:00:00,-770.5699999999999
2025-06-19 04:15:00,-731.94
2025-06-19 04:30:00,-672.31
2025-06-19 04:45:00,-667.21
2025-06-19 05:00:00,-163.3900000000001
2025-06-19 05:15:00,-139.0
2025-06-19 05:30:00,-145.80999999999995
2025-06-19 05:45:00,-92.17000000000007
2025-06-19 06:00:00,-771.49
2025-06-19 06:15:00,-717.8900000000001
2025-06-19 06:30:00,-751.98
2025-06-19 06:45:00,-763.26
2025-06-19 07:00:00,-828.1600000000001
2025-06-19 07:15:00,-695.3199999999999
2025-06-19 07:30:00,-909.0799999999999
2025-06-19 07:45:00,-868.45
2025-06-19 08:00:00,-1476.19
2025-06-19 08:15:00,-1564.19
2025-06-19 08:30:00,-1545.51
2025-06-19 08:45:00,-1535.4
2025-06-19 09:00:00,-1540.04
2025-06-19 09:15:00,-1578.57
2025-06-19 09:30:00,-1578.13
2025-06-19 09:45:00,-1602.24
2025-06-19 10:00:00,-2590.74
2025-06-19 10:15:00,-2545.81
2025-06-19 10:30:00,-2594.49
2025-06-19 10:45:00,-2572.3
2025-06-19 11:00:00,-2343.52
2025-06-19 11:15:00,-2365.67
2025-06-19 11:30:00,-2338.9700000000003
2025-06-19 11:45:00,-2447.44
2025-06-19 12:00:00,-2868.1800000000003
2025-06-19 12:15:00,-2868.17
2025-06-19 12:30:00,-2857.69
2025-06-19 12:45:00,-2811.17
2025-06-19 13:00:00,-3054.73
2025-06-19 13:15:00,-3044.69
2025-06-19 13:30:00,-3066.7200000000003
2025-06-19 13:45:00,-3134.04
2025-06-19 14:00:00,-2534.38
2025-06-19 14:15:00,-2535.0699999999997
2025-06-19 14:30:00,-2508.35
2025-06-19 14:45:00,-2502.65
2025-06-19 15:00:00,-2660.62
2025-06-19 15:15:00,-2613.4
2025-06-19 15:30:00,-2585.2799999999997
2025-06-19 15:45:00,-2633.01
2025-06-19 16:00:00,-2341.09
2025-06-19 16:15:00,-2300.9300000000003
2025-06-19 16:30:00,-2312.0
2025-06-19 16:45:00,-2322.04
2025-06-19 17:00:00,-2220.29
2025-06-19 17:15:00,-2269.2200000000003
2025-06-19 17:30:00,-2278.99
2025-06-19 17:45:00,-2254.0299999999997
2025-06-19 18:00:00,-1842.62
2025-06-19 18:15:00,-1835.29
2025-06-19 18:30:00,-1822.25
2025-06-19 18:45:00,-1817.61
2025-06-19 19:00:00,-1075.21
2025-06-19 19:15:00,-1123.67
2025-06-19 19:30:00,-1140.68
2025-06-19 19:45:00,-1152.69
2025-06-19 20:00:00,-194.70000000000005
2025-06-19 20:15:00,-193.6400000000001
2025-06-19 20:30:00,-186.67000000000007
2025-06-19 20:45:00,-193.80999999999995
2025-06-19 21:00:00,-215.17000000000007
2025-06-19 21:15:00,-219.56999999999994
2025-06-19 21:30:00,-248.73000000000002
2025-06-19 21:45:00,-271.3399999999999
2025-06-19 22:00:00,554.6300000000001
2025-06-19 22:15:00,500.95000000000005
2025-06-19 22:30:00,506.6199999999999
2025-06-19 22:45:00,496.04999999999995
2025-06-19 23:00:00,1505.44
2025-06-19 23:15:00,1545.53
2025-06-19 23:30:00,1554.44
2025-06-19 23:45:00,1528.05
2025-06-20 00:00:00,1244.34
2025-06-20 00:15:00,1158.46
2025-06-20 00:30:00,1141.79
2025-06-20 00:45:00,1132.03
2025-06-20 01:00:00,1231.74
2025-06-20 01:15:00,1259.17
2025-06-20 01:30:00,1250.42
2025-06-20 01:45:00,1241.73
2025-06-20 02:00:00,1013.7
2025-06-20 02:15:00,1018.1700000000001
2025-06-20 02:30:00,999.3399999999999
2025-06-20 02:45:00,997.3800000000001
2025-06-20 03:00:00,756.9000000000001
2025-06-20 03:15:00,793.8800000000001
2025-06-20 03:30:00,851.4200000000001
2025-06-20 03:45:00,806.23
2025-06-20 04:00:00,-46.47000000000003
2025-06-20 04:15:00,-34.27999999999997
2025-06-20 04:30:00,-29.0
2025-06-20 04:45:00,-7.099999999999909
2025-06-20 05:00:00,-41.32999999999993
2025-06-20 05:15:00,-128.93000000000006
2025-06-20 05:30:00,-111.51999999999998
2025-06-20 05:45:00,-89.02999999999997
2025-06-20 06:00:00,-520.75
2025-06-20 06:15:00,-552.8900000000001
2025-06-20 06:30:00,-552.8399999999999
2025-06-20 06:45:00,-541.8199999999999
2025-06-20 07:00:00,-1591.11
2025-06-20 07:15:00,-1546.63
2025-06-20 07:30:00,-1551.9
2025-06-20 07:45:00,-1559.95
2025-06-20 08:00:00,-2180.15
2025-06-20 08:15:00,-2129.92
2025-06-20 08:30:00,-2192.29
2025-06-20 08:45:00,-2167.81
2025-06-20 09:00:00,-2957.6400000000003
2025-06-20 09:15:00,-2989.75
2025-06-20 09:30:00,-2936.19
2025-06-20 09:45:00,-3029.19
2025-06-20 10:00:00,-3164.01
2025-06-20 10:15:00,-3162.17
2025-06-20 10:30:00,-3118.44
2025-06-20 10:45:00,-3161.9
2025-06-20 11:00:00,-3122.77
2025-06-20 11:15:00,-3080.21
2025-06-20 11:30:00,-3058.16
2025-06-20 11:45:00,-3026.2799999999997
2025-06-20 12:00:00,-3576.48
2025-06-20 12:15:00,-3637.96
2025-06-20 12:30:00,-3663.91
2025-06-20 12:45:00,-3623.77
2025-06-20 13:00:00,-3858.04
2025-06-20 13:15:00,-3884.67
2025-06-20 13:30:00,-3833.49
2025-06-20 13:45:00,-3585.73
2025-06-20 14:00:00,-3575.13
2025-06-20 14:15:00,-3413.94
2025-06-20 14:30:00,-3240.11
2025-06-20 14:45:00,-3574.96
2025-06-20 15:00:00,-3919.37
2025-06-20 15:15:00,-4000.31
2025-06-20 15:30:00,-4038.8900000000003
2025-06-20 15:45:00,-4000.88
2025-06-20 16:00:00,-4453.45
2025-06-20 16:15:00,-4517.02
2025-06-20 16:30:00,-4535.82
2025-06-20 16:45:00,-4480.78
2025-06-20 17:00:00,-4367.85
2025-06-20 17:15:00,-4325.05
2025-06-20 17:30:00,-4328.33
2025-06-20 17:45:00,-4335.05
2025-06-20 18:00:00,-4061.91
2025-06-20 18:15:00,-4116.71
2025-06-20 18:30:00,-4131.35
2025-06-20 18:45:00,-4115.77
2025-06-20 19:00:00,-3264.05
2025-06-20 19:15:00,-3223.17
2025-06-20 19:30:00,-3244.2200000000003
2025-06-20 19:45:00,-3258.16
2025-06-20 20:00:00,-2192.94
2025-06-20 20:15:00,-2213.88
2025-06-20 20:30:00,-2219.05
2025-06-20 20:45:00,-2209.0299999999997
2025-06-20 21:00:00,-640.27
2025-06-20 21:15:00,-662.29
2025-06-20 21:30:00,-650.76
2025-06-20 21:45:00,-659.1400000000001
2025-06-20 22:00:00,-2169.04
2025-06-20 22:15:00,-2087.4
2025-06-20 22:30:00,-2088.54
2025-06-20 22:45:00,-2088.1800000000003
2025-06-20 23:00:00,-1883.26
2025-06-20 23:15:00,-1878.82
2025-06-20 23:30:00,-1864.59
2025-06-20 23:45:00,-1883.24
2025-06-21 00:00:00,-1529.73
2025-06-21 00:15:00,-1574.13
2025-06-21 00:30:00,-1577.78
2025-06-21 00:45:00,-1563.57
2025-06-21 01:00:00,-1110.35
2025-06-21 01:15:00,-1242.41
2025-06-21 01:30:00,-1217.42
2025-06-21 01:45:00,-1238.05
2025-06-21 02:00:00,-1263.88
2025-06-21 02:15:00,-1242.41
2025-06-21 02:30:00,-1235.03
2025-06-21 02:45:00,-1250.3
2025-06-21 03:00:00,-1134.66
2025-06-21 03:15:00,-1171.7
2025-06-21 03:30:00,-1188.73
2025-06-21 03:45:00,-1185.71
2025-06-21 04:00:00,-994.19
2025-06-21 04:15:00,-976.8900000000001
2025-06-21 04:30:00,-954.4100000000001
2025-06-21 04:45:00,-984.0799999999999
2025-06-21 05:00:00,-768.24
2025-06-21 05:15:00,-731.2
2025-06-21 05:30:00,-729.4000000000001
2025-06-21 05:45:00,-712.1700000000001
2025-06-21 06:00:00,-1544.9
2025-06-21 06:15:00,-1549.82
2025-06-21 06:30:00,-1428.35
2025-06-21 06:45:00,-1400.7
2025-06-21 07:00:00,-1581.34
2025-06-21 07:15:00,-1864.45
2025-06-21 07:30:00,-1812.61
2025-06-21 07:45:00,-1860.89
2025-06-21 08:00:00,-1573.28
2025-06-21 08:15:00,-1549.5
2025-06-21 08:30:00,-1445.32
2025-06-21 08:45:00,-1440.51
2025-06-21 09:00:00,-1396.24
2025-06-21 09:15:00,-1404.21
2025-06-21 09:30:00,-1422.55
2025-06-21 09:45:00,-1381.41
2025-06-21 10:00:00,-1141.33
2025-06-21 10:15:00,-1120.18
2025-06-21 10:30:00,-1121.82
2025-06-21 10:45:00,-1124.91
2025-06-21 11:00:00,-895.31
2025-06-21 11:15:00,-950.05
2025-06-21 11:30:00,-940.9100000000001
2025-06-21 11:45:00,-930.3499999999999
2025-06-21 12:00:00,-1123.8
2025-06-21 12:15:00,-1096.19
2025-06-21 12:30:00,-1092.4
2025-06-21 12:45:00,-1115.67
2025-06-21 13:00:00,-1186.95
2025-06-21 13:15:00,-1182.16
2025-06-21 13:30:00,-1160.58
2025-06-21 13:45:00,-1173.64
2025-06-21 14:00:00,-1383.82
2025-06-21 14:15:00,-1426.89
2025-06-21 14:30:00,-1420.72
2025-06-21 14:45:00,-1353.83
2025-06-21 15:00:00,-1291.94
2025-06-21 15:15:00,-1233.66
2025-06-21 15:30:00,-1282.37
2025-06-21 15:45:00,-1256.98
2025-06-21 16:00:00,-827.94
2025-06-21 16:15:00,-862.5699999999999
2025-06-21 16:30:00,-883.6500000000001
2025-06-21 16:45:00,-874.1800000000001
2025-06-21 17:00:00,-366.0899999999999
2025-06-21 17:15:00,-353.29999999999995
2025-06-21 17:30:00,-362.72
2025-06-21 17:45:00,-370.04999999999995
2025-06-21 18:00:00,-129.30999999999995
2025-06-21 18:15:00,-115.27999999999997
2025-06-21 18:30:00,-136.54999999999995
2025-06-21 18:45:00,-141.6500000000001
2025-06-21 19:00:00,214.17000000000007
2025-06-21 19:15:00,140.80999999999995
2025-06-21 19:30:00,139.0999999999999
2025-06-21 19:45:00,118.79999999999995
2025-06-21 20:00:00,751.4100000000001
2025-06-21 20:15:00,699.21
2025-06-21 20:30:00,691.1199999999999
2025-06-21 20:45:00,657.9100000000001
2025-06-21 21:00:00,373.29999999999995
2025-06-21 21:15:00,360.1600000000001
2025-06-21 21:30:00,353.3800000000001
2025-06-21 21:45:00,388.0799999999999
2025-06-21 22:00:00,104.71000000000004
2025-06-21 22:15:00,233.29999999999995
2025-06-21 22:30:00,229.8699999999999
2025-06-21 22:45:00,226.45000000000005
2025-06-21 23:00:00,-174.80999999999995
2025-06-21 23:15:00,-173.22000000000003
2025-06-21 23:30:00,-175.32999999999993
2025-06-21 23:45:00,-184.76
2025-06-22 00:00:00,85.65000000000009
2025-06-22 00:15:00,76.79999999999995
2025-06-22 00:30:00,73.83999999999992
2025-06-22 00:45:00,63.16000000000008
2025-06-22 01:00:00,-644.3900000000001
2025-06-22 01:15:00,-659.73
2025-06-22 01:30:00,-673.6199999999999
2025-06-22 01:45:00,-677.1700000000001
2025-06-22 02:00:00,-712.05
2025-06-22 02:15:00,-713.02
2025-06-22 02:30:00,-740.1300000000001
2025-06-22 02:45:00,-745.6600000000001
2025-06-22 03:00:00,105.24000000000001
2025-06-22 03:15:00,80.13000000000011
2025-06-22 03:30:00,98.59999999999991
2025-06-22 03:45:00,91.06999999999994
2025-06-22 04:00:00,-732.8399999999999
2025-06-22 04:15:00,-707.99
2025-06-22 04:30:00,-717.03
2025-06-22 04:45:00,-719.29
2025-06-22 05:00:00,-1501.83
2025-06-22 05:15:00,-1440.37
2025-06-22 05:30:00,-1443.78
2025-06-22 05:45:00,-1390.02
2025-06-22 06:00:00,-2153.45
2025-06-22 06:15:00,-2068.06
2025-06-22 06:30:00,-2051.9
2025-06-22 06:45:00,-2010.34
2025-06-22 07:00:00,-3162.4300000000003
2025-06-22 07:15:00,-3108.9
2025-06-22 07:30:00,-3122.13
2025-06-22 07:45:00,-3072.08
2025-06-22 08:00:00,-3361.83
2025-06-22 08:15:00,-3382.83
2025-06-22 08:30:00,-3405.4
2025-06-22 08:45:00,-3367.6099999999997
2025-06-22 09:00:00,-1972.63
2025-06-22 09:15:00,-1963.15
2025-06-22 09:30:00,-1979.7
2025-06-22 09:45:00,-1984.53
2025-06-22 10:00:00,-4258.5599999999995
2025-06-22 10:15:00,-4338.4400000000005
2025-06-22 10:30:00,-4480.11
2025-06-22 10:45:00,-4446.01
2025-06-22 11:00:00,-4686.52
2025-06-22 11:15:00,-4723.34
2025-06-22 11:30:00,-4743.72
2025-06-22 11:45:00,-4760.11
2025-06-22 12:00:00,-7333.34
2025-06-22 12:15:00,-7350.76
2025-06-22 12:30:00,-7343.11
2025-06-22 12:45:00,-7342.65
2025-06-22 13:00:00,-2328.0
2025-06-22 13:15:00,-2300.2799999999997
2025-06-22 13:30:00,-2309.9
2025-06-22 13:45:00,-2307.8900000000003
2025-06-22 14:00:00,-3886.74
2025-06-22 14:15:00,-3892.96
2025-06-22 14:30:00,-3901.58
2025-06-22 14:45:00,-3859.46
2025-06-22 15:00:00,-3716.8
2025-06-22 15:15:00,-3532.8
2025-06-22 15:30:00,-3554.5
2025-06-22 15:45:00,-3481.3199999999997
2025-06-22 16:00:00,-4874.53
2025-06-22 16:15:00,-4760.27
2025-06-22 16:30:00,-4832.82
2025-06-22 16:45:00,-5121.93
2025-06-22 17:00:00,-3343.3599999999997
2025-06-22 17:15:00,-3382.41
2025-06-22 17:30:00,-3390.2
2025-06-22 17:45:00,-3396.06
2025-06-22 18:00:00,-6349.05
2025-06-22 18:15:00,-6348.57
2025-06-22 18:30:00,-6350.97
2025-06-22 18:45:00,-6332.11
2025-06-22 19:00:00,-5034.53
2025-06-22 19:15:00,-4981.77
2025-06-22 19:30:00,-4921.97
2025-06-22 19:45:00,-4941.45
2025-06-22 20:00:00,-3304.0299999999997
2025-06-22 20:15:00,-3369.49
2025-06-22 20:30:00,-3356.91
2025-06-22 20:45:00,-3356.5299999999997
2025-06-22 21:00:00,-4516.66
2025-06-22 21:15:00,-4551.3
2025-06-22 21:30:00,-4539.27
2025-06-22 21:45:00,-4531.82
2025-06-22 22:00:00,-4628.05
2025-06-22 22:15:00,-4669.43
2025-06-22 22:30:00,-4575.27
2025-06-22 22:45:00,-4578.21
2025-06-22 23:00:00,-4631.26
2025-06-22 23:15:00,-4677.62
2025-06-22 23:30:00,-4690.65
2025-06-22 23:45:00,-4696.02
2025-06-23 00:00:00,-4036.49
2025-06-23 00:15:00,-4112.22
2025-06-23 00:30:00,-4143.28
2025-06-23 00:45:00,-4148.89
2025-06-23 01:00:00,-4507.63
2025-06-23 01:15:00,-4531.88
2025-06-23 01:30:00,-4507.33
2025-06-23 01:45:00,-4513.35
2025-06-23 02:00:00,-4103.8
2025-06-23 02:15:00,-4035.3199999999997
2025-06-23 02:30:00,-4024.76
2025-06-23 02:45:00,-4037.3
2025-06-23 03:00:00,-2043.45
2025-06-23 03:15:00,-2000.14
2025-06-23 03:30:00,-1968.7
2025-06-23 03:45:00,-1969.94
2025-06-23 04:00:00,-1207.57
2025-06-23 04:15:00,-1243.34
2025-06-23 04:30:00,-1278.08
2025-06-23 04:45:00,-1247.34
2025-06-23 05:00:00,-979.47
2025-06-23 05:15:00,-949.98
2025-06-23 05:30:00,-947.5999999999999
2025-06-23 05:45:00,-959.04
2025-06-23 06:00:00,-1175.65
2025-06-23 06:15:00,-1185.06
2025-06-23 06:30:00,-1240.82
2025-06-23 06:45:00,-1279.83
2025-06-23 07:00:00,-1015.69
2025-06-23 07:15:00,-875.1400000000001
2025-06-23 07:30:00,-907.25
2025-06-23 07:45:00,-896.0699999999999
2025-06-23 08:00:00,-1184.55
2025-06-23 08:15:00,-1197.07
2025-06-23 08:30:00,-1173.85
2025-06-23 08:45:00,-1175.62
2025-06-23 09:00:00,-1316.47
2025-06-23 09:15:00,-1304.28
2025-06-23 09:30:00,-1490.79
2025-06-23 09:45:00,-1547.52
2025-06-23 10:00:00,-1585.36
2025-06-23 10:15:00,-1535.21
2025-06-23 10:30:00,-1538.06
2025-06-23 10:45:00,-1552.58
2025-06-23 11:00:00,-1913.41
2025-06-23 11:15:00,-1920.06
2025-06-23 11:30:00,-1972.17
2025-06-23 11:45:00,-1952.18
2025-06-23 12:00:00,-2510.2200000000003
2025-06-23 12:15:00,-2488.26
2025-06-23 12:30:00,-2501.98
2025-06-23 12:45:00,-2506.8599999999997
2025-06-23 13:00:00,-781.6800000000001
2025-06-23 13:15:00,-791.8299999999999
2025-06-23 13:30:00,-782.3599999999999
2025-06-23 13:45:00,-811.1300000000001
2025-06-23 14:00:00,-1301.92
2025-06-23 14:15:00,-1279.27
2025-06-23 14:30:00,-1295.75
2025-06-23 14:45:00,-1311.49
2025-06-23 15:00:00,-1757.72
2025-06-23 15:15:00,-1736.56
2025-06-23 15:30:00,-1759.4
2025-06-23 15:45:00,-1760.33
2025-06-23 16:00:00,-2270.2799999999997
2025-06-23 16:15:00,-2239.58
2025-06-23 16:30:00,-2216.2799999999997
2025-06-23 16:45:00,-2173.75
2025-06-23 17:00:00,-2617.09
2025-06-23 17:15:00,-2586.63
2025-06-23 17:30:00,-2608.24
2025-06-23 17:45:00,-2629.29
2025-06-23 18:00:00,-2019.74
2025-06-23 18:15:00,-2189.1099999999997
2025-06-23 18:30:00,-2178.66
2025-06-23 18:45:00,-2204.48
2025-06-23 19:00:00,-2126.4300000000003
2025-06-23 19:15:00,-2162.92
2025-06-23 19:30:00,-2160.62
2025-06-23 19:45:00,-2171.08
2025-06-23 20:00:00,-1249.84
2025-06-23 20:15:00,-1254.56
2025-06-23 20:30:00,-1252.63
2025-06-23 20:45:00,-1250.71
2025-06-23 21:00:00,-1030.91
2025-06-23 21:15:00,-1059.54
2025-06-23 21:30:00,-1045.05
2025-06-23 21:45:00,-1059.4
2025-06-23 22:00:00,-1456.85
2025-06-23 22:15:00,-1390.36
2025-06-23 22:30:00,-1439.18
2025-06-23 22:45:00,-1442.21
2025-06-23 23:00:00,-1651.56
2025-06-23 23:15:00,-1661.22
2025-06-23 23:30:00,-1680.69
2025-06-23 23:45:00,-1677.56
2025-06-24 00:00:00,-1736.73
2025-06-24 00:15:00,-1764.02
2025-06-24 00:30:00,-1726.89
2025-06-24 00:45:00,-1740.02
2025-06-24 01:00:00,-1628.47
2025-06-24 01:15:00,-1650.49
2025-06-24 01:30:00,-1650.34
2025-06-24 01:45:00,-1676.26
2025-06-24 02:00:00,-1397.18
2025-06-24 02:15:00,-1393.83
2025-06-24 02:30:00,-1376.84
2025-06-24 02:45:00,-1390.31
2025-06-24 03:00:00,-417.79999999999995
2025-06-24 03:15:00,-434.6099999999999
2025-06-24 03:30:00,-376.48
2025-06-24 03:45:00,-412.73
2025-06-24 04:00:00,-554.29
2025-06-24 04:15:00,-499.25
2025-06-24 04:30:00,-446.28
2025-06-24 04:45:00,-451.8800000000001
2025-06-24 05:00:00,-754.74
2025-06-24 05:15:00,-689.1600000000001
2025-06-24 05:30:00,-716.75
2025-06-24 05:45:00,-718.3299999999999
2025-06-24 06:00:00,-1325.22
2025-06-24 06:15:00,-1341.46
2025-06-24 06:30:00,-1379.16
2025-06-24 06:45:00,-1332.25
2025-06-24 07:00:00,-2002.63
2025-06-24 07:15:00,-1942.56
2025-06-24 07:30:00,-1963.64
2025-06-24 07:45:00,-1931.21
2025-06-24 08:00:00,-2090.6400000000003
2025-06-24 08:15:00,-1985.81
2025-06-24 08:30:00,-1981.97
2025-06-24 08:45:00,-1975.46
2025-06-24 09:00:00,-1704.17
2025-06-24 09:15:00,-1631.24
2025-06-24 09:30:00,-1696.34
2025-06-24 09:45:00,-1661.1
2025-06-24 10:00:00,-2373.88
2025-06-24 10:15:00,-2373.05
2025-06-24 10:30:00,-2374.9300000000003
2025-06-24 10:45:00,-2370.17
2025-06-24 11:00:00,-1917.91
2025-06-24 11:15:00,-2002.64
2025-06-24 11:30:00,-1981.54
2025-06-24 11:45:00,-1998.69
2025-06-24 12:00:00,-2297.21
2025-06-24 12:15:00,-2248.42
2025-06-24 12:30:00,-2257.1800000000003
2025-06-24 12:45:00,-2242.09
2025-06-24 13:00:00,-1611.01
2025-06-24 13:15:00,-1590.01
2025-06-24 13:30:00,-1591.92
2025-06-24 13:45:00,-1574.08
2025-06-24 14:00:00,-962.0899999999999
2025-06-24 14:15:00,-1084.49
2025-06-24 14:30:00,-1172.89
2025-06-24 14:45:00,-1163.64
2025-06-24 15:00:00,-1221.24
2025-06-24 15:15:00,-1174.26
2025-06-24 15:30:00,-1141.19
2025-06-24 15:45:00,-1092.48
2025-06-24 16:00:00,-630.72
2025-06-24 16:15:00,-712.3900000000001
2025-06-24 16:30:00,-836.0799999999999
2025-06-24 16:45:00,-860.9100000000001
2025-06-24 17:00:00,-376.06999999999994
2025-06-24 17:15:00,-395.93000000000006
2025-06-24 17:30:00,-395.53999999999996
2025-06-24 17:45:00,-391.43000000000006
2025-06-24 18:00:00,-37.23000000000002
2025-06-24 18:15:00,-24.59999999999991
2025-06-24 18:30:00,-22.329999999999927
2025-06-24 18:45:00,-6.430000000000064
2025-06-24 19:00:00,530.44
2025-06-24 19:15:00,515.74
2025-06-24 19:30:00,534.21
2025-06-24 19:45:00,460.75
2025-06-24 20:00:00,1101.75
2025-06-24 20:15:00,1024.42
2025-06-24 20:30:00,1033.84
2025-06-24 20:45:00,1026.17
2025-06-24 21:00:00,1069.48
2025-06-24 21:15:00,1017.6800000000001
2025-06-24 21:30:00,1028.55
2025-06-24 21:45:00,1021.0699999999999
2025-06-24 22:00:00,898.6500000000001
2025-06-24 22:15:00,914.22
2025-06-24 22:30:00,910.0799999999999
2025-06-24 22:45:00,896.0699999999999
2025-06-24 23:00:00,571.77
2025-06-24 23:15:00,536.51
2025-06-24 23:30:00,545.53
2025-06-24 23:45:00,521.1400000000001
2025-06-25 00:00:00,-634.02
2025-06-25 00:15:00,-666.3399999999999
2025-06-25 00:30:00,-654.3299999999999
2025-06-25 00:45:00,-692.2
2025-06-25 01:00:00,-1123.66
2025-06-25 01:15:00,-1132.42
2025-06-25 01:30:00,-1147.61
2025-06-25 01:45:00,-1158.23
2025-06-25 02:00:00,-1485.88
2025-06-25 02:15:00,-1461.15
2025-06-25 02:30:00,-1316.28
2025-06-25 02:45:00,-1443.16
2025-06-25 03:00:00,-1492.1
2025-06-25 03:15:00,-1383.6
2025-06-25 03:30:00,-1394.32
2025-06-25 03:45:00,-1395.74
2025-06-25 04:00:00,-1885.24
2025-06-25 04:15:00,-1910.38
2025-06-25 04:30:00,-1880.8
2025-06-25 04:45:00,-1889.66
2025-06-25 05:00:00,-1561.38
2025-06-25 05:15:00,-1539.75
2025-06-25 05:30:00,-1534.3
2025-06-25 05:45:00,-1507.69
2025-06-25 06:00:00,-1598.76
2025-06-25 06:15:00,-1618.19
2025-06-25 06:30:00,-1562.39
2025-06-25 06:45:00,-1620.25
2025-06-25 07:00:00,-1470.97
2025-06-25 07:15:00,-1498.61
2025-06-25 07:30:00,-1436.86
2025-06-25 07:45:00,-1494.73
2025-06-25 08:00:00,-1145.64
2025-06-25 08:15:00,-1165.46
2025-06-25 08:30:00,-1148.23
2025-06-25 08:45:00,-1151.46
2025-06-25 09:00:00,-779.26
2025-06-25 09:15:00,-772.6099999999999
2025-06-25 09:30:00,-761.0899999999999
2025-06-25 09:45:00,-760.5799999999999
2025-06-25 10:00:00,-1344.65
2025-06-25 10:15:00,-1389.58
2025-06-25 10:30:00,-1387.71
2025-06-25 10:45:00,-1473.81
2025-06-25 11:00:00,-1912.75
2025-06-25 11:15:00,-1847.5
2025-06-25 11:30:00,-1835.55
2025-06-25 11:45:00,-1757.09
2025-06-25 12:00:00,-1435.44
2025-06-25 12:15:00,-1446.45
2025-06-25 12:30:00,-1454.49
2025-06-25 12:45:00,-1470.17
2025-06-25 13:00:00,-1044.86
2025-06-25 13:15:00,-970.9100000000001
2025-06-25 13:30:00,-975.04
2025-06-25 13:45:00,-950.44
2025-06-25 14:00:00,-851.7
2025-06-25 14:15:00,-782.4300000000001
2025-06-25 14:30:00,-826.3299999999999
2025-06-25 14:45:00,-820.24
2025-06-25 15:00:00,-2791.3900000000003
2025-06-25 15:15:00,-2846.1800000000003
2025-06-25 15:30:00,-2852.1
2025-06-25 15:45:00,-2863.01
2025-06-25 16:00:00,-2567.4300000000003
2025-06-25 16:15:00,-2581.33
2025-06-25 16:30:00,-2576.1400000000003
2025-06-25 16:45:00,-2594.1400000000003
2025-06-25 17:00:00,-813.79
2025-06-25 17:15:00,-815.76
2025-06-25 17:30:00,-815.96
2025-06-25 17:45:00,-798.79
2025-06-25 18:00:00,253.18000000000006
2025-06-25 18:15:00,224.41000000000008
2025-06-25 18:30:00,226.1099999999999
2025-06-25 18:45:00,225.6400000000001
2025-06-25 19:00:00,144.8599999999999
2025-06-25 19:15:00,160.92000000000007
2025-06-25 19:30:00,135.55999999999995
2025-06-25 19:45:00,111.93000000000006
2025-06-25 20:00:00,-260.3399999999999
2025-06-25 20:15:00,-253.69000000000005
2025-06-25 20:30:00,-268.3900000000001
2025-06-25 20:45:00,-267.74
2025-06-25 21:00:00,70.36999999999989
2025-06-25 21:15:00,108.31999999999994
2025-06-25 21:30:00,94.82999999999993
2025-06-25 21:45:00,95.04999999999995
2025-06-25 22:00:00,806.6600000000001
2025-06-25 22:15:00,837.48
2025-06-25 22:30:00,823.8499999999999
2025-06-25 22:45:00,797.6300000000001
2025-06-25 23:00:00,1412.69
2025-06-25 23:15:00,1391.82
2025-06-25 23:30:00,1336.21
2025-06-25 23:45:00,1349.12
2025-06-26 00:00:00,1426.34
2025-06-26 00:15:00,1428.26
2025-06-26 00:30:00,1421.81
2025-06-26 00:45:00,1405.63
2025-06-26 01:00:00,1364.8
2025-06-26 01:15:00,1375.07
2025-06-26 01:30:00,1353.82
2025-06-26 01:45:00,1333.65
2025-06-26 02:00:00,703.6600000000001
2025-06-26 02:15:00,591.3699999999999
2025-06-26 02:30:00,604.01
2025-06-26 02:45:00,615.23
2025-06-26 03:00:00,-62.569999999999936
2025-06-26 03:15:00,-50.700000000000045
2025-06-26 03:30:00,-23.75
2025-06-26 03:45:00,-15.039999999999964
2025-06-26 04:00:00,-491.75
2025-06-26 04:15:00,-503.8800000000001
2025-06-26 04:30:00,-438.51
2025-06-26 04:45:00,-482.4200000000001
2025-06-26 05:00:00,-947.0999999999999
2025-06-26 05:15:00,-959.1099999999999
2025-06-26 05:30:00,-912.0899999999999
2025-06-26 05:45:00,-936.31
2025-06-26 06:00:00,-2274.2799999999997
2025-06-26 06:15:00,-2318.2200000000003
2025-06-26 06:30:00,-2315.6800000000003
2025-06-26 06:45:00,-2352.44
2025-06-26 07:00:00,-2867.5299999999997
2025-06-26 07:15:00,-2885.85
2025-06-26 07:30:00,-2881.91
2025-06-26 07:45:00,-2861.6099999999997
2025-06-26 08:00:00,-3324.09
2025-06-26 08:15:00,-3291.15
2025-06-26 08:30:00,-3286.3900000000003
2025-06-26 08:45:00,-3276.17
2025-06-26 09:00:00,-3733.4300000000003
2025-06-26 09:15:00,-3703.4300000000003
2025-06-26 09:30:00,-3830.7200000000003
2025-06-26 09:45:00,-3881.13
2025-06-26 10:00:00,-4376.34
2025-06-26 10:15:00,-4411.76
2025-06-26 10:30:00,-4413.66
2025-06-26 10:45:00,-4443.4400000000005
2025-06-26 11:00:00,-4159.43
2025-06-26 11:15:00,-4188.38
2025-06-26 11:30:00,-4188.84
2025-06-26 11:45:00,-4159.04
2025-06-26 12:00:00,-3483.63
2025-06-26 12:15:00,-3440.94
2025-06-26 12:30:00,-3503.52
2025-06-26 12:45:00,-3478.5
2025-06-26 13:00:00,-3240.16
2025-06-26 13:15:00,-3304.51
2025-06-26 13:30:00,-3303.55
2025-06-26 13:45:00,-3286.74
2025-06-26 14:00:00,-4368.65
2025-06-26 14:15:00,-4417.47
2025-06-26 14:30:00,-4295.68
2025-06-26 14:45:00,-4317.13
2025-06-26 15:00:00,-4816.73
2025-06-26 15:15:00,-4568.51
2025-06-26 15:30:00,-4860.09
2025-06-26 15:45:00,-4804.77
2025-06-26 16:00:00,-3175.05
2025-06-26 16:15:00,-3309.25
2025-06-26 16:30:00,-3355.38
2025-06-26 16:45:00,-3293.6800000000003
2025-06-26 17:00:00,-3843.76
2025-06-26 17:15:00,-3866.75
2025-06-26 17:30:00,-3875.49
2025-06-26 17:45:00,-3857.29
2025-06-26 18:00:00,-4000.9300000000003
2025-06-26 18:15:00,-4034.1400000000003
2025-06-26 18:30:00,-4030.01
2025-06-26 18:45:00,-4012.76
2025-06-26 19:00:00,-4871.08
2025-06-26 19:15:00,-4845.84
2025-06-26 19:30:00,-4866.8099999999995
2025-06-26 19:45:00,-4873.75
2025-06-26 20:00:00,-4219.38
2025-06-26 20:15:00,-4304.13
2025-06-26 20:30:00,-4280.17
2025-06-26 20:45:00,-4328.65
2025-06-26 21:00:00,-3143.3
2025-06-26 21:15:00,-3212.3900000000003
2025-06-26 21:30:00,-3202.75
2025-06-26 21:45:00,-3282.52
2025-06-26 22:00:00,-3234.16
2025-06-26 22:15:00,-3211.3900000000003
2025-06-26 22:30:00,-3228.76
2025-06-26 22:45:00,-3274.0699999999997
2025-06-26 23:00:00,-2408.66
2025-06-26 23:15:00,-2424.02
2025-06-26 23:30:00,-2446.66
2025-06-26 23:45:00,-2473.62
2025-06-27 00:00:00,-1461.25
2025-06-27 00:15:00,-1460.81
2025-06-27 00:30:00,-1444.88
2025-06-27 00:45:00,-1434.37
2025-06-27 01:00:00,-1250.1
2025-06-27 01:15:00,-1227.56
2025-06-27 01:30:00,-1224.35
2025-06-27 01:45:00,-1236.42
2025-06-27 02:00:00,124.20000000000005
2025-06-27 02:15:00,171.22000000000003
2025-06-27 02:30:00,166.21000000000004
2025-06-27 02:45:00,166.56999999999994
2025-06-27 03:00:00,494.4000000000001
2025-06-27 03:15:00,507.80999999999995
2025-06-27 03:30:00,489.9100000000001
2025-06-27 03:45:00,554.1500000000001
2025-06-27 04:00:00,-431.3699999999999
2025-06-27 04:15:00,-378.6600000000001
2025-06-27 04:30:00,-338.72
2025-06-27 04:45:00,-297.01
2025-06-27 05:00:00,-829.9000000000001
2025-06-27 05:15:00,-797.3399999999999
2025-06-27 05:30:00,-838.74
2025-06-27 05:45:00,-796.45
2025-06-27 06:00:00,-1101.04
2025-06-27 06:15:00,-1197.88
2025-06-27 06:30:00,-1209.98
2025-06-27 06:45:00,-1181.22
2025-06-27 07:00:00,-2119.77
2025-06-27 07:15:00,-2077.55
2025-06-27 07:30:00,-2079.12
2025-06-27 07:45:00,-2139.5
2025-06-27 08:00:00,-873.46
2025-06-27 08:15:00,-878.44
2025-06-27 08:30:00,-885.96
2025-06-27 08:45:00,-822.5
2025-06-27 09:00:00,-2062.7200000000003
2025-06-27 09:15:00,-2078.6
2025-06-27 09:30:00,-1845.75
2025-06-27 09:45:00,-1887.2
2025-06-27 10:00:00,-2635.71
2025-06-27 10:15:00,-2641.17
2025-06-27 10:30:00,-2626.91
2025-06-27 10:45:00,-2667.33
2025-06-27 11:00:00,-3250.2799999999997
2025-06-27 11:15:00,-3240.05
2025-06-27 11:30:00,-3182.9300000000003
2025-06-27 11:45:00,-3245.99
2025-06-27 12:00:00,-3147.51
2025-06-27 12:15:00,-3178.1
2025-06-27 12:30:00,-3197.5299999999997
2025-06-27 12:45:00,-3203.69
2025-06-27 13:00:00,-3306.34
2025-06-27 13:15:00,-3382.83
2025-06-27 13:30:00,-3370.16
2025-06-27 13:45:00,-3351.4
2025-06-27 14:00:00,-3349.7200000000003
2025-06-27 14:15:00,-3405.81
2025-06-27 14:30:00,-3468.5
2025-06-27 14:45:00,-3431.34
2025-06-27 15:00:00,-3482.35
2025-06-27 15:15:00,-3492.58
2025-06-27 15:30:00,-3451.0
2025-06-27 15:45:00,-3466.71
2025-06-27 16:00:00,-3159.01
2025-06-27 16:15:00,-3106.1400000000003
2025-06-27 16:30:00,-3140.85
2025-06-27 16:45:00,-3148.19
2025-06-27 17:00:00,-3174.51
2025-06-27 17:15:00,-3190.24
2025-06-27 17:30:00,-3196.3199999999997
2025-06-27 17:45:00,-3170.6
2025-06-27 18:00:00,-3232.63
2025-06-27 18:15:00,-3236.3
2025-06-27 18:30:00,-3188.44
2025-06-27 18:45:00,-3197.74
2025-06-27 19:00:00,-2984.9300000000003
2025-06-27 19:15:00,-3001.6400000000003
2025-06-27 19:30:00,-3011.58
2025-06-27 19:45:00,-3017.99
2025-06-27 20:00:00,-3282.7200000000003
2025-06-27 20:15:00,-3243.04
2025-06-27 20:30:00,-3293.26
2025-06-27 20:45:00,-3268.59
2025-06-27 21:00:00,-3758.66
2025-06-27 21:15:00,-3702.91
2025-06-27 21:30:00,-3728.17
2025-06-27 21:45:00,-3688.56
2025-06-27 22:00:00,-4126.71
2025-06-27 22:15:00,-4173.39
2025-06-27 22:30:00,-4186.1900000000005
2025-06-27 22:45:00,-4181.29
2025-06-27 23:00:00,-4504.08
2025-06-27 23:15:00,-4548.5599999999995
2025-06-27 23:30:00,-4455.68
2025-06-27 23:45:00,-4589.39
2025-06-28 00:00:00,-4905.33
2025-06-28 00:15:00,-4964.3
2025-06-28 00:30:00,-4797.71
2025-06-28 00:45:00,-4876.23
2025-06-28 01:00:00,-4927.62
2025-06-28 01:15:00,-5005.59
2025-06-28 01:30:00,-4932.28
2025-06-28 01:45:00,-4909.6
2025-06-28 02:00:00,-5239.23
2025-06-28 02:15:00,-5255.4400000000005
2025-06-28 02:30:00,-5251.41
2025-06-28 02:45:00,-5251.1
2025-06-28 03:00:00,-5708.98
2025-06-28 03:15:00,-5725.57
2025-06-28 03:30:00,-5751.24
2025-06-28 03:45:00,-5734.54
2025-06-28 04:00:00,-4939.7
2025-06-28 04:15:00,-4914.02
2025-06-28 04:30:00,-4902.9400000000005
2025-06-28 04:45:00,-4869.39
2025-06-28 05:00:00,-3121.02
2025-06-28 05:15:00,-3091.62
2025-06-28 05:30:00,-3073.1
2025-06-28 05:45:00,-3062.85
2025-06-28 06:00:00,-2392.63
2025-06-28 06:15:00,-2354.87
2025-06-28 06:30:00,-2332.2200000000003
2025-06-28 06:45:00,-2272.1400000000003
2025-06-28 07:00:00,-3068.9300000000003
2025-06-28 07:15:00,-3186.96
2025-06-28 07:30:00,-3127.1400000000003
2025-06-28 07:45:00,-3135.63
2025-06-28 08:00:00,-2506.9700000000003
2025-06-28 08:15:00,-2535.0
2025-06-28 08:30:00,-2538.34
2025-06-28 08:45:00,-2526.16
2025-06-28 09:00:00,-2803.5299999999997
2025-06-28 09:15:00,-2832.76
2025-06-28 09:30:00,-2817.55
2025-06-28 09:45:00,-2799.55
2025-06-28 10:00:00,-2447.73
2025-06-28 10:15:00,-2464.9
2025-06-28 10:30:00,-2468.05
2025-06-28 10:45:00,-2480.35
2025-06-28 11:00:00,-3505.73
2025-06-28 11:15:00,-3501.24
2025-06-28 11:30:00,-3530.83
2025-06-28 11:45:00,-3516.46
2025-06-28 12:00:00,-2926.84
2025-06-28 12:15:00,-2922.49
2025-06-28 12:30:00,-2923.6
2025-06-28 12:45:00,-2924.74
2025-06-28 13:00:00,-3857.34
2025-06-28 13:15:00,-3885.79
2025-06-28 13:30:00,-3869.55
2025-06-28 13:45:00,-3876.87
2025-06-28 14:00:00,-4495.88
2025-06-28 14:15:00,-4515.35
2025-06-28 14:30:00,-4504.47
2025-06-28 14:45:00,-4463.25
2025-06-28 15:00:00,-4892.96
2025-06-28 15:15:00,-4870.61
2025-06-28 15:30:00,-4862.0
2025-06-28 15:45:00,-4874.88
2025-06-28 16:00:00,-4711.83
2025-06-28 16:15:00,-4694.26
2025-06-28 16:30:00,-4758.13
2025-06-28 16:45:00,-4747.18
2025-06-28 17:00:00,-4120.78
2025-06-28 17:15:00,-4142.83
2025-06-28 17:30:00,-4137.22
2025-06-28 17:45:00,-4158.89
2025-06-28 18:00:00,-4173.01
2025-06-28 18:15:00,-4201.36
2025-06-28 18:30:00,-4181.32
2025-06-28 18:45:00,-4195.15
2025-06-28 19:00:00,-2961.3900000000003
2025-06-28 19:15:00,-2969.95
2025-06-28 19:30:00,-2991.85
2025-06-28 19:45:00,-2985.04
2025-06-28 20:00:00,-3317.4700000000003
2025-06-28 20:15:00,-3333.56
2025-06-28 20:30:00,-3318.98
2025-06-28 20:45:00,-3317.24
2025-06-28 21:00:00,-4309.23
2025-06-28 21:15:00,-4324.29
2025-06-28 21:30:00,-4334.54
2025-06-28 21:45:00,-4390.17
2025-06-28 22:00:00,-3918.71
2025-06-28 22:15:00,-3954.4
2025-06-28 22:30:00,-3980.74
2025-06-28 22:45:00,-3955.02
2025-06-28 23:00:00,-4332.57
2025-06-28 23:15:00,-4389.17
2025-06-28 23:30:00,-4430.64
2025-06-28 23:45:00,-4419.91
2025-06-29 00:00:00,-4523.78
2025-06-29 00:15:00,-4526.33
2025-06-29 00:30:00,-4553.33
2025-06-29 00:45:00,-4565.18
2025-06-29 01:00:00,-5176.41
2025-06-29 01:15:00,-5191.72
2025-06-29 01:30:00,-5189.1900000000005
2025-06-29 01:45:00,-5190.51
2025-06-29 02:00:00,-6142.4400000000005
2025-06-29 02:15:00,-6180.13
2025-06-29 02:30:00,-6179.29
2025-06-29 02:45:00,-6171.03
2025-06-29 03:00:00,-6251.2
2025-06-29 03:15:00,-6238.88
2025-06-29 03:30:00,-6228.66
2025-06-29 03:45:00,-6226.72
2025-06-29 04:00:00,-6992.78
2025-06-29 04:15:00,-6984.55
2025-06-29 04:30:00,-6968.72
2025-06-29 04:45:00,-7003.4400000000005
2025-06-29 05:00:00,-7614.37
2025-06-29 05:15:00,-7601.36
2025-06-29 05:30:00,-7594.2
2025-06-29 05:45:00,-7587.68
2025-06-29 06:00:00,-7875.9
2025-06-29 06:15:00,-7886.38
2025-06-29 06:30:00,-7920.22
2025-06-29 06:45:00,-7839.89
2025-06-29 07:00:00,-7466.39
2025-06-29 07:15:00,-7522.77
2025-06-29 07:30:00,-7682.26
2025-06-29 07:45:00,-7724.14
2025-06-29 08:00:00,-7075.96
2025-06-29 08:15:00,-7017.28
2025-06-29 08:30:00,-6981.13
2025-06-29 08:45:00,-6921.5599999999995
2025-06-29 09:00:00,-5998.22
2025-06-29 09:15:00,-6064.82
2025-06-29 09:30:00,-6061.6900000000005
2025-06-29 09:45:00,-6036.53
2025-06-29 10:00:00,-6200.73
2025-06-29 10:15:00,-6204.28
2025-06-29 10:30:00,-6221.8099999999995
2025-06-29 10:45:00,-6211.68
2025-06-29 11:00:00,-6537.86
2025-06-29 11:15:00,-6562.95
2025-06-29 11:30:00,-6529.89
2025-06-29 11:45:00,-6542.97
2025-06-29 12:00:00,-7006.82
2025-06-29 12:15:00,-7047.49
2025-06-29 12:30:00,-7035.62
2025-06-29 12:45:00,-7066.68
2025-06-29 13:00:00,-6012.52
2025-06-29 13:15:00,-6007.23
2025-06-29 13:30:00,-5981.18
2025-06-29 13:45:00,-6007.26
2025-06-29 14:00:00,-5886.33
2025-06-29 14:15:00,-5891.15
2025-06-29 14:30:00,-5866.82
2025-06-29 14:45:00,-5908.26
2025-06-29 15:00:00,-4732.22
2025-06-29 15:15:00,-4690.29
2025-06-29 15:30:00,-4638.4400000000005
2025-06-29 15:45:00,-4656.91
2025-06-29 16:00:00,-4023.54
2025-06-29 16:15:00,-4046.0299999999997
2025-06-29 16:30:00,-4070.1
2025-06-29 16:45:00,-3995.92
2025-06-29 17:00:00,-3740.7200000000003
2025-06-29 17:15:00,-3726.23
2025-06-29 17:30:00,-3762.62
2025-06-29 17:45:00,-3694.08
2025-06-29 18:00:00,-2548.38
2025-06-29 18:15:00,-2544.88
2025-06-29 18:30:00,-2574.7799999999997
2025-06-29 18:45:00,-2535.87
2025-06-29 19:00:00,-2263.83
2025-06-29 19:15:00,-2271.83
2025-06-29 19:30:00,-2244.8900000000003
2025-06-29 19:45:00,-2279.1400000000003
2025-06-29 20:00:00,-1851.38
2025-06-29 20:15:00,-1857.7
2025-06-29 20:30:00,-1862.14
2025-06-29 20:45:00,-1853.42
2025-06-29 21:00:00,-606.04
2025-06-29 21:15:00,-638.02
2025-06-29 21:30:00,-648.8299999999999
2025-06-29 21:45:00,-638.5899999999999
2025-06-29 22:00:00,481.47
2025-06-29 22:15:00,539.27
2025-06-29 22:30:00,487.5899999999999
2025-06-29 22:45:00,482.03999999999996
2025-06-29 23:00:00,1019.28
2025-06-29 23:15:00,1003.21
2025-06-29 23:30:00,991.0799999999999
2025-06-29 23:45:00,979.21
2025-06-30 00:00:00,631.9300000000001
2025-06-30 00:15:00,591.9100000000001
2025-06-30 00:30:00,578.03
2025-06-30 00:45:00,574.79
2025-06-30 01:00:00,-110.94000000000005
2025-06-30 01:15:00,-75.40000000000009
2025-06-30 01:30:00,-42.66000000000008
2025-06-30 01:45:00,-81.47000000000003
2025-06-30 02:00:00,-186.30999999999995
2025-06-30 02:15:00,-183.71000000000004
2025-06-30 02:30:00,-181.8499999999999
2025-06-30 02:45:00,-199.05999999999995
2025-06-30 03:00:00,-660.78
2025-06-30 03:15:00,-634.1199999999999
2025-06-30 03:30:00,-602.5
2025-06-30 03:45:00,-607.72
2025-06-30 04:00:00,-801.97
2025-06-30 04:15:00,-852.8499999999999
2025-06-30 04:30:00,-749.8199999999999
2025-06-30 04:45:00,-725.5
2025-06-30 05:00:00,-1717.21
2025-06-30 05:15:00,-1754.15
2025-06-30 05:30:00,-1760.9
2025-06-30 05:45:00,-1737.37
2025-06-30 06:00:00,-2244.2200000000003
2025-06-30 06:15:00,-2245.69
2025-06-30 06:30:00,-2260.76
2025-06-30 06:45:00,-2224.5
2025-06-30 07:00:00,-3107.54
2025-06-30 07:15:00,-3119.26
2025-06-30 07:30:00,-3103.1
2025-06-30 07:45:00,-3066.85
2025-06-30 08:00:00,-3426.45
2025-06-30 08:15:00,-3428.73
2025-06-30 08:30:00,-3439.88
2025-06-30 08:45:00,-3445.65
2025-06-30 09:00:00,-2681.21
2025-06-30 09:15:00,-2706.95
2025-06-30 09:30:00,-2721.5699999999997
2025-06-30 09:45:00,-2747.6800000000003
2025-06-30 10:00:00,-2607.41
2025-06-30 10:15:00,-2549.16
2025-06-30 10:30:00,-2588.63
2025-06-30 10:45:00,-2595.58
2025-06-30 11:00:00,-3694.7799999999997
2025-06-30 11:15:00,-3660.5699999999997
2025-06-30 11:30:00,-3632.84
2025-06-30 11:45:00,-3628.48
2025-06-30 12:00:00,-3252.13
2025-06-30 12:15:00,-3269.76
2025-06-30 12:30:00,-3222.7
2025-06-30 12:45:00,-3167.37
2025-06-30 13:00:00,-3546.74
2025-06-30 13:15:00,-3533.21
2025-06-30 13:30:00,-3568.56
2025-06-30 13:45:00,-3602.41
2025-06-30 14:00:00,-4263.04
2025-06-30 14:15:00,-4236.89
2025-06-30 14:30:00,-4217.2
2025-06-30 14:45:00,-4233.27
2025-06-30 15:00:00,-3986.17
2025-06-30 15:15:00,-4010.9700000000003
2025-06-30 15:30:00,-4005.77
2025-06-30 15:45:00,-4004.33
2025-06-30 16:00:00,-4063.1800000000003
2025-06-30 16:15:00,-4084.56
2025-06-30 16:30:00,-4093.51
2025-06-30 16:45:00,-4091.77
2025-06-30 17:00:00,-4318.71
2025-06-30 17:15:00,-4348.45
2025-06-30 17:30:00,-4349.72
2025-06-30 17:45:00,-4362.87
2025-06-30 18:00:00,-4568.99
2025-06-30 18:15:00,-4573.71
2025-06-30 18:30:00,-4610.85
2025-06-30 18:45:00,-4589.37
2025-06-30 19:00:00,-4479.98
2025-06-30 19:15:00,-4462.18
2025-06-30 19:30:00,-4481.68
2025-06-30 19:45:00,-4473.0599999999995
2025-06-30 20:00:00,-4488.39
2025-06-30 20:15:00,-4411.84
2025-06-30 20:30:00,-4454.51
2025-06-30 20:45:00,-4444.05
2025-06-30 21:00:00,-3987.7200000000003
2025-06-30 21:15:00,-3990.1099999999997
2025-06-30 21:30:00,-3990.59
2025-06-30 21:45:00,-4023.5699999999997
2025-06-30 22:00:00,-4072.24
2025-06-30 22:15:00,-4062.15
2025-06-30 22:30:00,-4097.67
2025-06-30 22:45:00,-4100.29
2025-06-30 23:00:00,-4802.68
2025-06-30 23:15:00,-4852.9400000000005
2025-06-30 23:30:00,-4858.47
2025-06-30 23:45:00,-4878.51
2025-07-01 00:00:00,-3675.1800000000003
2025-07-01 00:15:00,-3746.25
2025-07-01 00:30:00,-3746.6800000000003
2025-07-01 00:45:00,-3736.29
2025-07-01 01:00:00,-5268.01
2025-07-01 01:15:00,-5241.51
2025-07-01 01:30:00,-5226.23
2025-07-01 01:45:00,-5237.18
2025-07-01 02:00:00,-4685.12
2025-07-01 02:15:00,-4662.7
2025-07-01 02:30:00,-4671.48
2025-07-01 02:45:00,-4650.34
2025-07-01 03:00:00,-4484.41
2025-07-01 03:15:00,-4511.79
2025-07-01 03:30:00,-4522.17
2025-07-01 03:45:00,-4527.53
2025-07-01 04:00:00,-4376.12
2025-07-01 04:15:00,-4374.17
2025-07-01 04:30:00,-4348.71
2025-07-01 04:45:00,-4346.8
2025-07-01 05:00:00,-4907.02
2025-07-01 05:15:00,-4878.93
2025-07-01 05:30:00,-4892.62
2025-07-01 05:45:00,-4863.43
2025-07-01 06:00:00,-4391.51
2025-07-01 06:15:00,-4377.72
2025-07-01 06:30:00,-4325.17
2025-07-01 06:45:00,-4326.12
2025-07-01 07:00:00,-3960.31
2025-07-01 07:15:00,-3964.8
2025-07-01 07:30:00,-3960.5699999999997
2025-07-01 07:45:00,-3948.6
2025-07-01 08:00:00,-3828.44
2025-07-01 08:15:00,-3797.26
2025-07-01 08:30:00,-3806.4300000000003
2025-07-01 08:45:00,-3820.7200000000003
2025-07-01 09:00:00,-2707.6
2025-07-01 09:15:00,-2731.35
2025-07-01 09:30:00,-2720.17
2025-07-01 09:45:00,-2729.09
2025-07-01 10:00:00,-2688.56
2025-07-01 10:15:00,-2683.63
2025-07-01 10:30:00,-2708.42
2025-07-01 10:45:00,-2706.9
2025-07-01 11:00:00,-1851.62
2025-07-01 11:15:00,-1794.67
2025-07-01 11:30:00,-1801.33
2025-07-01 11:45:00,-1812.87
2025-07-01 12:00:00,-1078.36
2025-07-01 12:15:00,-1178.88
2025-07-01 12:30:00,-1192.45
2025-07-01 12:45:00,-1185.94
2025-07-01 13:00:00,839.8399999999999
2025-07-01 13:15:00,862.5799999999999
2025-07-01 13:30:00,877.3499999999999
2025-07-01 13:45:00,863.6400000000001
2025-07-01 14:00:00,905.0
2025-07-01 14:15:00,894.1400000000001
2025-07-01 14:30:00,875.3299999999999
2025-07-01 14:45:00,856.31
2025-07-01 15:00:00,-65.90000000000009
2025-07-01 15:15:00,-97.28999999999996
2025-07-01 15:30:00,-118.21000000000004
2025-07-01 15:45:00,-90.69000000000005
2025-07-01 16:00:00,-176.8800000000001
2025-07-01 16:15:00,-236.26999999999998
2025-07-01 16:30:00,-243.41000000000008
2025-07-01 16:45:00,-226.98000000000002
2025-07-01 17:00:00,-504.45000000000005
2025-07-01 17:15:00,-489.6099999999999
2025-07-01 17:30:00,-496.6700000000001
2025-07-01 17:45:00,-499.0
2025-07-01 18:00:00,-1345.6
2025-07-01 18:15:00,-1336.3
2025-07-01 18:30:00,-1357.68
2025-07-01 18:45:00,-1315.35
2025-07-01 19:00:00,-2043.05
2025-07-01 19:15:00,-2038.7
2025-07-01 19:30:00,-2037.4
2025-07-01 19:45:00,-2140.06
2025-07-01 20:00:00,-1878.78
2025-07-01 20:15:00,-1837.15
2025-07-01 20:30:00,-1835.14
2025-07-01 20:45:00,-1832.68
2025-07-01 21:00:00,-1389.07
2025-07-01 21:15:00,-1383.84
2025-07-01 21:30:00,-1380.72
2025-07-01 21:45:00,-1379.2
2025-07-01 22:00:00,-1352.91
2025-07-01 22:15:00,-1368.22
2025-07-01 22:30:00,-1369.36
2025-07-01 22:45:00,-1383.46
2025-07-01 23:00:00,-1190.4
2025-07-01 23:15:00,-1198.08
2025-07-01 23:30:00,-1217.56
2025-07-01 23:45:00,-1213.42
2025-07-02 00:00:00,-1348.89
2025-07-02 00:15:00,-1337.29
2025-07-02 00:30:00,-1361.06
2025-07-02 00:45:00,-1347.49
2025-07-02 01:00:00,-1445.12
2025-07-02 01:15:00,-1504.01
2025-07-02 01:30:00,-1505.9
2025-07-02 01:45:00,-1522.14
2025-07-02 02:00:00,-1620.4
2025-07-02 02:15:00,-1630.61
2025-07-02 02:30:00,-1646.49
2025-07-02 02:45:00,-1590.78
2025-07-02 03:00:00,-1521.13
2025-07-02 03:15:00,-1511.39
2025-07-02 03:30:00,-1517.75
2025-07-02 03:45:00,-1518.69
2025-07-02 04:00:00,-1519.69
2025-07-02 04:15:00,-1494.78
2025-07-02 04:30:00,-1464.41
2025-07-02 04:45:00,-1498.22
2025-07-02 05:00:00,-2158.87
2025-07-02 05:15:00,-2159.3199999999997
2025-07-02 05:30:00,-2142.1800000000003
2025-07-02 05:45:00,-2114.9300000000003
2025-07-02 06:00:00,-1772.26
2025-07-02 06:15:00,-1773.38
2025-07-02 06:30:00,-1786.7
2025-07-02 06:45:00,-1766.77
2025-07-02 07:00:00,-1582.39
2025-07-02 07:15:00,-1531.31
2025-07-02 07:30:00,-1505.88
2025-07-02 07:45:00,-1505.37
2025-07-02 08:00:00,-1869.84
2025-07-02 08:15:00,-1827.81
2025-07-02 08:30:00,-1862.96
2025-07-02 08:45:00,-1850.06
2025-07-02 09:00:00,-2435.42
2025-07-02 09:15:00,-2470.19
2025-07-02 09:30:00,-2447.26
2025-07-02 09:45:00,-2474.27
2025-07-02 10:00:00,-2900.75
2025-07-02 10:15:00,-2900.6400000000003
2025-07-02 10:30:00,-2898.17
2025-07-02 10:45:00,-2908.8199999999997
2025-07-02 11:00:00,-3294.29
2025-07-02 11:15:00,-3323.24
2025-07-02 11:30:00,-3352.95
2025-07-02 11:45:00,-3363.1800000000003
2025-07-02 12:00:00,-3553.2799999999997
2025-07-02 12:15:00,-3566.31
2025-07-02 12:30:00,-3610.59
2025-07-02 12:45:00,-3581.79
2025-07-02 13:00:00,-3865.7799999999997
2025-07-02 13:15:00,-3875.63
2025-07-02 13:30:00,-3867.92
2025-07-02 13:45:00,-3892.9300000000003
2025-07-02 14:00:00,-4037.5299999999997
2025-07-02 14:15:00,-4057.08
2025-07-02 14:30:00,-4040.92
2025-07-02 14:45:00,-4048.25
2025-07-02 15:00:00,-4172.88
2025-07-02 15:15:00,-4184.55
2025-07-02 15:30:00,-4175.07
2025-07-02 15:45:00,-4128.99
2025-07-02 16:00:00,-4146.64
2025-07-02 16:15:00,-4190.96
2025-07-02 16:30:00,-4217.9
2025-07-02 16:45:00,-4229.15
2025-07-02 17:00:00,-3996.96
2025-07-02 17:15:00,-4146.22
2025-07-02 17:30:00,-4165.57
2025-07-02 17:45:00,-4128.4400000000005
2025-07-02 18:00:00,-3842.6400000000003
2025-07-02 18:15:00,-3829.0299999999997
2025-07-02 18:30:00,-3811.73
2025-07-02 18:45:00,-3811.0299999999997
2025-07-02 19:00:00,-3372.15
2025-07-02 19:15:00,-3383.0699999999997
2025-07-02 19:30:00,-3398.63
2025-07-02 19:45:00,-3397.69
2025-07-02 20:00:00,-3201.7
2025-07-02 20:15:00,-3234.02
2025-07-02 20:30:00,-3232.27
2025-07-02 20:45:00,-3207.81
2025-07-02 21:00:00,-2570.1
2025-07-02 21:15:00,-2578.04
2025-07-02 21:30:00,-2579.96
2025-07-02 21:45:00,-2603.46
2025-07-02 22:00:00,-3536.44
2025-07-02 22:15:00,-3557.0699999999997
2025-07-02 22:30:00,-3550.0699999999997
2025-07-02 22:45:00,-3561.0
2025-07-02 23:00:00,-2821.95
2025-07-02 23:15:00,-2829.69
2025-07-02 23:30:00,-2843.8900000000003
2025-07-02 23:45:00,-2821.05
2025-07-03 00:00:00,-2302.52
2025-07-03 00:15:00,-2313.01
2025-07-03 00:30:00,-2328.8900000000003
2025-07-03 00:45:00,-2349.95
2025-07-03 01:00:00,-3136.46
2025-07-03 01:15:00,-3128.8900000000003
2025-07-03 01:30:00,-3142.42
2025-07-03 01:45:00,-3122.69
2025-07-03 02:00:00,-3296.48
2025-07-03 02:15:00,-3125.67
2025-07-03 02:30:00,-3264.81
2025-07-03 02:45:00,-3223.35
2025-07-03 03:00:00,-2581.54
2025-07-03 03:15:00,-2531.1
2025-07-03 03:30:00,-2545.7799999999997
2025-07-03 03:45:00,-2526.4300000000003
2025-07-03 04:00:00,-2298.6099999999997
2025-07-03 04:15:00,-2309.3900000000003
2025-07-03 04:30:00,-2294.66
2025-07-03 04:45:00,-2248.15
2025-07-03 05:00:00,-3392.4
2025-07-03 05:15:00,-3325.98
2025-07-03 05:30:00,-3307.87
2025-07-03 05:45:00,-3308.04
2025-07-03 06:00:00,-2852.54
2025-07-03 06:15:00,-2852.3199999999997
2025-07-03 06:30:00,-2852.21
2025-07-03 06:45:00,-2835.54
2025-07-03 07:00:00,-3028.94
2025-07-03 07:15:00,-3003.2799999999997
2025-07-03 07:30:00,-2992.02
2025-07-03 07:45:00,-2972.04
2025-07-03 08:00:00,-2767.58
2025-07-03 08:15:00,-2768.52
2025-07-03 08:30:00,-2837.12
2025-07-03 08:45:00,-2744.2200000000003
2025-07-03 09:00:00,-2773.1099999999997
2025-07-03 09:15:00,-2715.05
2025-07-03 09:30:00,-2710.26
2025-07-03 09:45:00,-2718.71
2025-07-03 10:00:00,-2784.13
2025-07-03 10:15:00,-2826.4700000000003
2025-07-03 10:30:00,-2810.12
2025-07-03 10:45:00,-2818.55
2025-07-03 11:00:00,-3061.2
2025-07-03 11:15:00,-3030.3
2025-07-03 11:30:00,-2997.83
2025-07-03 11:45:00,-3003.48
2025-07-03 12:00:00,-3198.95
2025-07-03 12:15:00,-3185.13
2025-07-03 12:30:00,-3189.67
2025-07-03 12:45:00,-3207.26
2025-07-03 13:00:00,-3201.87
2025-07-03 13:15:00,-3219.5
2025-07-03 13:30:00,-3214.56
2025-07-03 13:45:00,-3225.48
2025-07-03 14:00:00,-2855.73
2025-07-03 14:15:00,-2838.01
2025-07-03 14:30:00,-2868.73
2025-07-03 14:45:00,-2879.75
2025-07-03 15:00:00,-2442.19
2025-07-03 15:15:00,-2388.9700000000003
2025-07-03 15:30:00,-2443.38
2025-07-03 15:45:00,-2456.12
2025-07-03 16:00:00,-2135.3900000000003
2025-07-03 16:15:00,-2129.24
2025-07-03 16:30:00,-2086.58
2025-07-03 16:45:00,-2092.08
2025-07-03 17:00:00,-1462.66
2025-07-03 17:15:00,-1460.51
2025-07-03 17:30:00,-1444.36
2025-07-03 17:45:00,-1435.2
2025-07-03 18:00:00,-871.55
2025-07-03 18:15:00,-953.5699999999999
2025-07-03 18:30:00,-944.6199999999999
2025-07-03 18:45:00,-947.8900000000001
2025-07-03 19:00:00,-614.0799999999999
2025-07-03 19:15:00,-635.3
2025-07-03 19:30:00,-612.4100000000001
2025-07-03 19:45:00,-605.31
2025-07-03 20:00:00,48.98000000000002
2025-07-03 20:15:00,42.289999999999964
2025-07-03 20:30:00,54.57999999999993
2025-07-03 20:45:00,12.769999999999982
2025-07-03 21:00:00,57.02999999999997
2025-07-03 21:15:00,66.8599999999999
2025-07-03 21:30:00,56.38000000000011
2025-07-03 21:45:00,135.66000000000008
2025-07-03 22:00:00,-589.4300000000001
2025-07-03 22:15:00,-690.6600000000001
2025-07-03 22:30:00,-803.23
2025-07-03 22:45:00,-860.5799999999999
2025-07-03 23:00:00,-1225.99
2025-07-03 23:15:00,-1245.1
2025-07-03 23:30:00,-1257.1
2025-07-03 23:45:00,-1284.57
2025-07-04 00:00:00,-1868.68
2025-07-04 00:15:00,-1890.12
2025-07-04 00:30:00,-1884.62
2025-07-04 00:45:00,-1897.9
2025-07-04 01:00:00,-2721.0299999999997
2025-07-04 01:15:00,-2723.2
2025-07-04 01:30:00,-2725.15
2025-07-04 01:45:00,-2733.71
2025-07-04 02:00:00,-2764.34
2025-07-04 02:15:00,-2774.84
2025-07-04 02:30:00,-2774.46
2025-07-04 02:45:00,-2763.4700000000003
2025-07-04 03:00:00,-3030.59
2025-07-04 03:15:00,-2853.49
2025-07-04 03:30:00,-2954.35
2025-07-04 03:45:00,-2956.1800000000003
2025-07-04 04:00:00,-3133.37
2025-07-04 04:15:00,-3109.42
2025-07-04 04:30:00,-3071.66
2025-07-04 04:45:00,-3030.38
2025-07-04 05:00:00,-2783.6800000000003
2025-07-04 05:15:00,-2767.49
2025-07-04 05:30:00,-2761.0299999999997
2025-07-04 05:45:00,-2701.77
2025-07-04 06:00:00,-2720.2799999999997
2025-07-04 06:15:00,-2733.37
2025-07-04 06:30:00,-2720.8599999999997
2025-07-04 06:45:00,-2706.29
2025-07-04 07:00:00,-3088.13
2025-07-04 07:15:00,-3035.81
2025-07-04 07:30:00,-3052.31
2025-07-04 07:45:00,-3047.12
2025-07-04 08:00:00,-3001.3599999999997
2025-07-04 08:15:00,-2944.29
2025-07-04 08:30:00,-2961.69
2025-07-04 08:45:00,-2960.8900000000003
2025-07-04 09:00:00,-3764.24
2025-07-04 09:15:00,-3847.1099999999997
2025-07-04 09:30:00,-3799.51
2025-07-04 09:45:00,-3818.63
2025-07-04 10:00:00,-2828.58
2025-07-04 10:15:00,-2855.04
2025-07-04 10:30:00,-2747.8199999999997
2025-07-04 10:45:00,-2827.59
2025-07-04 11:00:00,-2515.24
2025-07-04 11:15:00,-2427.5
2025-07-04 11:30:00,-2412.79
2025-07-04 11:45:00,-2424.1800000000003
2025-07-04 12:00:00,-2299.69
2025-07-04 12:15:00,-2317.7200000000003
2025-07-04 12:30:00,-2332.5
2025-07-04 12:45:00,-2300.19
2025-07-04 13:00:00,-2108.69
2025-07-04 13:15:00,-2099.71
2025-07-04 13:30:00,-2096.77
2025-07-04 13:45:00,-2072.38
2025-07-04 14:00:00,-2217.63
2025-07-04 14:15:00,-2248.73
2025-07-04 14:30:00,-2261.0699999999997
2025-07-04 14:45:00,-2259.8599999999997
2025-07-04 15:00:00,-2591.27
2025-07-04 15:15:00,-2501.4700000000003
2025-07-04 15:30:00,-2608.63
2025-07-04 15:45:00,-2552.01
2025-07-04 16:00:00,-3228.45
2025-07-04 16:15:00,-3237.56
2025-07-04 16:30:00,-3226.33
2025-07-04 16:45:00,-3233.96
2025-07-04 17:00:00,-2708.67
2025-07-04 17:15:00,-2746.0299999999997
2025-07-04 17:30:00,-2727.51
2025-07-04 17:45:00,-2729.34
2025-07-04 18:00:00,-2661.8199999999997
2025-07-04 18:15:00,-2631.27
2025-07-04 18:30:00,-2652.3599999999997
2025-07-04 18:45:00,-2681.13
2025-07-04 19:00:00,-2176.56
2025-07-04 19:15:00,-2175.09
2025-07-04 19:30:00,-2193.8599999999997
2025-07-04 19:45:00,-2195.63
2025-07-04 20:00:00,-2365.12
2025-07-04 20:15:00,-2377.63
2025-07-04 20:30:00,-2381.4700000000003
2025-07-04 20:45:00,-2382.46
2025-07-04 21:00:00,-2196.5699999999997
2025-07-04 21:15:00,-2300.66
2025-07-04 21:30:00,-2217.42
2025-07-04 21:45:00,-2230.74
2025-07-04 22:00:00,-2317.15
2025-07-04 22:15:00,-2306.73
2025-07-04 22:30:00,-2325.13
2025-07-04 22:45:00,-2341.8900000000003
2025-07-04 23:00:00,-1562.22
2025-07-04 23:15:00,-1577.01
2025-07-04 23:30:00,-1585.0
2025-07-04 23:45:00,-1586.32
2025-07-05 00:00:00,-1230.56
2025-07-05 00:15:00,-1209.05
2025-07-05 00:30:00,-1247.43
2025-07-05 00:45:00,-1204.98
2025-07-05 01:00:00,-1147.13
2025-07-05 01:15:00,-1179.69
2025-07-05 01:30:00,-1200.69
2025-07-05 01:45:00,-1198.29
2025-07-05 02:00:00,-1776.39
2025-07-05 02:15:00,-1739.44
2025-07-05 02:30:00,-1775.16
2025-07-05 02:45:00,-1788.28
2025-07-05 03:00:00,-1245.58
2025-07-05 03:15:00,-1253.55
2025-07-05 03:30:00,-1260.63
2025-07-05 03:45:00,-1269.61
2025-07-05 04:00:00,-2046.95
2025-07-05 04:15:00,-2052.0299999999997
2025-07-05 04:30:00,-2203.94
2025-07-05 04:45:00,-2209.38
2025-07-05 05:00:00,-2677.96
2025-07-05 05:15:00,-2687.58
2025-07-05 05:30:00,-2652.12
2025-07-05 05:45:00,-2592.02
2025-07-05 06:00:00,-3023.2200000000003
2025-07-05 06:15:00,-2986.71
2025-07-05 06:30:00,-2984.3900000000003
2025-07-05 06:45:00,-2950.52
2025-07-05 07:00:00,-2715.52
2025-07-05 07:15:00,-2745.05
2025-07-05 07:30:00,-2732.5699999999997
2025-07-05 07:45:00,-2666.15
2025-07-05 08:00:00,-2703.8199999999997
2025-07-05 08:15:00,-2666.3900000000003
2025-07-05 08:30:00,-2697.73
2025-07-05 08:45:00,-2659.77
2025-07-05 09:00:00,-2295.5299999999997
2025-07-05 09:15:00,-2326.73
2025-07-05 09:30:00,-2353.52
2025-07-05 09:45:00,-2330.27
2025-07-05 10:00:00,-1696.85
2025-07-05 10:15:00,-1674.53
2025-07-05 10:30:00,-1670.83
2025-07-05 10:45:00,-1666.31
2025-07-05 11:00:00,-1267.6
2025-07-05 11:15:00,-1284.41
2025-07-05 11:30:00,-1264.56
2025-07-05 11:45:00,-1255.99
2025-07-05 12:00:00,-1882.35
2025-07-05 12:15:00,-1886.98
2025-07-05 12:30:00,-1870.05
2025-07-05 12:45:00,-1869.44
2025-07-05 13:00:00,-2556.12
2025-07-05 13:15:00,-2533.46
2025-07-05 13:30:00,-2539.19
2025-07-05 13:45:00,-2517.02
2025-07-05 14:00:00,-2423.12
2025-07-05 14:15:00,-2394.42
2025-07-05 14:30:00,-2405.88
2025-07-05 14:45:00,-2400.6800000000003
2025-07-05 15:00:00,-2161.58
2025-07-05 15:15:00,-2129.1
2025-07-05 15:30:00,-2131.71
2025-07-05 15:45:00,-2048.91
2025-07-05 16:00:00,-2085.41
2025-07-05 16:15:00,-2071.44
2025-07-05 16:30:00,-2045.18
2025-07-05 16:45:00,-2139.3900000000003
2025-07-05 17:00:00,-1937.3
2025-07-05 17:15:00,-1945.9
2025-07-05 17:30:00,-1956.66
2025-07-05 17:45:00,-1959.96
2025-07-05 18:00:00,-2087.01
2025-07-05 18:15:00,-2088.4300000000003
2025-07-05 18:30:00,-2101.85
2025-07-05 18:45:00,-2110.71
2025-07-05 19:00:00,-1813.62
2025-07-05 19:15:00,-1812.72
2025-07-05 19:30:00,-1825.89
2025-07-05 19:45:00,-1837.51
2025-07-05 20:00:00,-1758.86
2025-07-05 20:15:00,-1726.13
2025-07-05 20:30:00,-1772.41
2025-07-05 20:45:00,-1756.84
2025-07-05 21:00:00,-1512.83
2025-07-05 21:15:00,-1509.61
2025-07-05 21:30:00,-1531.38
2025-07-05 21:45:00,-1544.49
2025-07-05 22:00:00,-1405.18
2025-07-05 22:15:00,-1409.66
2025-07-05 22:30:00,-1417.27
2025-07-05 22:45:00,-1424.75
2025-07-05 23:00:00,-1304.35
2025-07-05 23:15:00,-1359.52
2025-07-05 23:30:00,-1368.43
2025-07-05 23:45:00,-1374.57
2025-07-06 00:00:00,-1203.55
2025-07-06 00:15:00,-1211.08
2025-07-06 00:30:00,-1228.12
2025-07-06 00:45:00,-1226.53
2025-07-06 01:00:00,-822.21
2025-07-06 01:15:00,-857.6500000000001
2025-07-06 01:30:00,-872.8499999999999
2025-07-06 01:45:00,-872.5799999999999
2025-07-06 02:00:00,-366.05999999999995
2025-07-06 02:15:00,-401.51
2025-07-06 02:30:00,-412.68000000000006
2025-07-06 02:45:00,-427.9100000000001
2025-07-06 03:00:00,474.6700000000001
2025-07-06 03:15:00,457.73
2025-07-06 03:30:00,466.03
2025-07-06 03:45:00,473.6300000000001
2025-07-06 04:00:00,828.1400000000001
2025-07-06 04:15:00,867.6099999999999
2025-07-06 04:30:00,887.6400000000001
2025-07-06 04:45:00,829.6700000000001
2025-07-06 05:00:00,445.69000000000005
2025-07-06 05:15:00,486.27
2025-07-06 05:30:00,463.69000000000005
2025-07-06 05:45:00,481.8900000000001
2025-07-06 06:00:00,26.269999999999982
2025-07-06 06:15:00,55.789999999999964
2025-07-06 06:30:00,75.16000000000008
2025-07-06 06:45:00,103.94000000000005
2025-07-06 07:00:00,-98.92000000000007
2025-07-06 07:15:00,-91.88000000000011
2025-07-06 07:30:00,-316.0799999999999
2025-07-06 07:45:00,-52.940000000000055
2025-07-06 08:00:00,-283.9100000000001
2025-07-06 08:15:00,-314.97
2025-07-06 08:30:00,-306.1600000000001
2025-07-06 08:45:00,-315.6300000000001
2025-07-06 09:00:00,-1081.16
2025-07-06 09:15:00,-1070.75
2025-07-06 09:30:00,-1083.88
2025-07-06 09:45:00,-1085.68
2025-07-06 10:00:00,-322.45000000000005
2025-07-06 10:15:00,-288.6600000000001
2025-07-06 10:30:00,-255.70000000000005
2025-07-06 10:45:00,-262.70000000000005
2025-07-06 11:00:00,1000.7
2025-07-06 11:15:00,994.8499999999999
2025-07-06 11:30:00,961.55
2025-07-06 11:45:00,971.3900000000001
2025-07-06 12:00:00,810.9000000000001
2025-07-06 12:15:00,857.27
2025-07-06 12:30:00,892.4000000000001
2025-07-06 12:45:00,849.69
2025-07-06 13:00:00,-445.55999999999995
2025-07-06 13:15:00,-510.6099999999999
2025-07-06 13:30:00,-499.03
2025-07-06 13:45:00,-540.5
2025-07-06 14:00:00,-1001.99
2025-07-06 14:15:00,-1013.6400000000001
2025-07-06 14:30:00,-1013.4100000000001
2025-07-06 14:45:00,-1030.85
2025-07-06 15:00:00,-1999.85
2025-07-06 15:15:00,-2036.07
2025-07-06 15:30:00,-2046.93
2025-07-06 15:45:00,-2069.96
2025-07-06 16:00:00,-2248.8199999999997
2025-07-06 16:15:00,-2286.9700000000003
2025-07-06 16:30:00,-2272.42
2025-07-06 16:45:00,-2263.81
2025-07-06 17:00:00,-2449.6400000000003
2025-07-06 17:15:00,-2490.41
2025-07-06 17:30:00,-2502.6400000000003
2025-07-06 17:45:00,-2486.98
2025-07-06 18:00:00,-2422.21
2025-07-06 18:15:00,-2434.09
2025-07-06 18:30:00,-2437.84
2025-07-06 18:45:00,-2444.06
2025-07-06 19:00:00,-1989.62
2025-07-06 19:15:00,-1953.61
2025-07-06 19:30:00,-1960.12
2025-07-06 19:45:00,-1948.56
2025-07-06 20:00:00,-1284.18
2025-07-06 20:15:00,-1273.25
2025-07-06 20:30:00,-1265.91
2025-07-06 20:45:00,-1271.87
2025-07-06 21:00:00,-963.72
2025-07-06 21:15:00,-977.4000000000001
2025-07-06 21:30:00,-989.5799999999999
2025-07-06 21:45:00,-998.8900000000001
2025-07-06 22:00:00,-746.29
2025-07-06 22:15:00,-782.1600000000001
2025-07-06 22:30:00,-797.1300000000001
2025-07-06 22:45:00,-807.23
2025-07-06 23:00:00,-56.07999999999993
2025-07-06 23:15:00,-47.15000000000009
2025-07-06 23:30:00,-53.319999999999936
2025-07-06 23:45:00,-45.180000000000064
2025-07-07 00:00:00,-100.27999999999997
2025-07-07 00:15:00,-51.11999999999989
2025-07-07 00:30:00,-50.07999999999993
2025-07-07 00:45:00,-28.99000000000001
2025-07-07 01:00:00,-1159.0
2025-07-07 01:15:00,-1173.86
2025-07-07 01:30:00,-1154.66
2025-07-07 01:45:00,-1165.96
2025-07-07 02:00:00,-803.79
2025-07-07 02:15:00,-829.5799999999999
2025-07-07 02:30:00,-833.6400000000001
2025-07-07 02:45:00,-824.81
2025-07-07 03:00:00,-592.3
2025-07-07 03:15:00,-592.23
2025-07-07 03:30:00,-586.94
2025-07-07 03:45:00,-587.8
2025-07-07 04:00:00,-764.73
2025-07-07 04:15:00,-703.3499999999999
2025-07-07 04:30:00,-666.3800000000001
2025-07-07 04:45:00,-666.24
2025-07-07 05:00:00,-865.06
2025-07-07 05:15:00,-910.76
2025-07-07 05:30:00,-896.8499999999999
2025-07-07 05:45:00,-832.8800000000001
2025-07-07 06:00:00,-796.55
2025-07-07 06:15:00,-787.8399999999999
2025-07-07 06:30:00,-807.6199999999999
2025-07-07 06:45:00,-792.54
2025-07-07 07:00:00,-828.23
2025-07-07 07:15:00,-873.76
2025-07-07 07:30:00,-845.6099999999999
2025-07-07 07:45:00,-843.96
2025-07-07 08:00:00,-589.0899999999999
2025-07-07 08:15:00,-585.9300000000001
2025-07-07 08:30:00,-605.6199999999999
2025-07-07 08:45:00,-578.7
2025-07-07 09:00:00,-178.8699999999999
2025-07-07 09:15:00,-168.91000000000008
2025-07-07 09:30:00,-151.51
2025-07-07 09:45:00,-170.68000000000006
2025-07-07 10:00:00,23.75999999999999
2025-07-07 10:15:00,13.1400000000001
2025-07-07 10:30:00,23.99000000000001
2025-07-07 10:45:00,12.269999999999982
2025-07-07 11:00:00,259.44000000000005
2025-07-07 11:15:00,274.3599999999999
2025-07-07 11:30:00,268.0799999999999
2025-07-07 11:45:00,273.44000000000005
2025-07-07 12:00:00,-344.6700000000001
2025-07-07 12:15:00,-324.03999999999996
2025-07-07 12:30:00,-360.6600000000001
2025-07-07 12:45:00,-350.19000000000005
2025-07-07 13:00:00,-1647.41
2025-07-07 13:15:00,-1644.75
2025-07-07 13:30:00,-1618.96
2025-07-07 13:45:00,-1595.86
2025-07-07 14:00:00,-2553.0699999999997
2025-07-07 14:15:00,-2462.63
2025-07-07 14:30:00,-2427.08
2025-07-07 14:45:00,-2441.01
2025-07-07 15:00:00,-806.3699999999999
2025-07-07 15:15:00,-783.99
2025-07-07 15:30:00,-755.75
2025-07-07 15:45:00,-760.27
2025-07-07 16:00:00,-950.3399999999999
2025-07-07 16:15:00,-1031.38
2025-07-07 16:30:00,-1001.96
2025-07-07 16:45:00,-973.48
2025-07-07 17:00:00,122.45000000000005
2025-07-07 17:15:00,176.66000000000008
2025-07-07 17:30:00,197.04999999999995
2025-07-07 17:45:00,206.92000000000007
2025-07-07 18:00:00,277.8900000000001
2025-07-07 18:15:00,274.3900000000001
2025-07-07 18:30:00,182.53999999999996
2025-07-07 18:45:00,167.6099999999999
2025-07-07 19:00:00,678.75
2025-07-07 19:15:00,574.3199999999999
2025-07-07 19:30:00,568.98
2025-07-07 19:45:00,577.48
2025-07-07 20:00:00,771.3599999999999
2025-07-07 20:15:00,714.04
2025-07-07 20:30:00,700.1199999999999
2025-07-07 20:45:00,695.75
2025-07-07 21:00:00,852.06
2025-07-07 21:15:00,845.31
2025-07-07 21:30:00,795.5999999999999
2025-07-07 21:45:00,849.51
2025-07-07 22:00:00,1181.95
2025-07-07 22:15:00,1152.23
2025-07-07 22:30:00,1108.56
2025-07-07 22:45:00,1089.42
2025-07-07 23:00:00,1372.26
2025-07-07 23:15:00,1400.91
2025-07-07 23:30:00,1387.59
2025-07-07 23:45:00,1384.4
2025-07-08 00:00:00,1076.49
2025-07-08 00:15:00,1090.29
2025-07-08 00:30:00,1068.29
2025-07-08 00:45:00,1066.06
2025-07-08 01:00:00,767.4300000000001
2025-07-08 01:15:00,784.3299999999999
2025-07-08 01:30:00,765.3
2025-07-08 01:45:00,778.72
2025-07-08 02:00:00,720.5899999999999
2025-07-08 02:15:00,740.74
2025-07-08 02:30:00,737.9000000000001
2025-07-08 02:45:00,734.4300000000001
2025-07-08 03:00:00,1093.91
2025-07-08 03:15:00,1071.45
2025-07-08 03:30:00,1081.44
2025-07-08 03:45:00,1084.07
2025-07-08 04:00:00,1113.47
2025-07-08 04:15:00,1071.3
2025-07-08 04:30:00,1098.89
2025-07-08 04:45:00,1112.17
2025-07-08 05:00:00,231.44000000000005
2025-07-08 05:15:00,270.1500000000001
2025-07-08 05:30:00,283.55999999999995
2025-07-08 05:45:00,304.8399999999999
2025-07-08 06:00:00,392.05999999999995
2025-07-08 06:15:00,362.6600000000001
2025-07-08 06:30:00,385.71000000000004
2025-07-08 06:45:00,440.8699999999999
2025-07-08 07:00:00,129.43000000000006
2025-07-08 07:15:00,179.6500000000001
2025-07-08 07:30:00,171.1099999999999
2025-07-08 07:45:00,159.72000000000003
2025-07-08 08:00:00,211.17000000000007
2025-07-08 08:15:00,207.20000000000005
2025-07-08 08:30:00,207.21000000000004
2025-07-08 08:45:00,233.51999999999998
2025-07-08 09:00:00,1429.15
2025-07-08 09:15:00,1208.74
2025-07-08 09:30:00,1223.95
2025-07-08 09:45:00,1130.01
2025-07-08 10:00:00,490.48
2025-07-08 10:15:00,489.29999999999995
2025-07-08 10:30:00,533.22
2025-07-08 10:45:00,465.31999999999994
2025-07-08 11:00:00,-577.27
2025-07-08 11:15:00,-604.1199999999999
2025-07-08 11:30:00,-468.3499999999999
2025-07-08 11:45:00,-582.1199999999999
2025-07-08 12:00:00,-2080.2799999999997
2025-07-08 12:15:00,-2021.6
2025-07-08 12:30:00,-1980.47
2025-07-08 12:45:00,-2077.6400000000003
2025-07-08 13:00:00,454.18000000000006
2025-07-08 13:15:00,309.44000000000005
2025-07-08 13:30:00,486.1700000000001
2025-07-08 13:45:00,437.9000000000001
2025-07-08 14:00:00,-359.71000000000004
2025-07-08 14:15:00,-336.30999999999995
2025-07-08 14:30:00,-298.3900000000001
2025-07-08 14:45:00,-308.3599999999999
2025-07-08 15:00:00,-1465.49
2025-07-08 15:15:00,-1580.0
2025-07-08 15:30:00,-1608.97
2025-07-08 15:45:00,-1574.41
2025-07-08 16:00:00,-974.3399999999999
2025-07-08 16:15:00,-965.0
2025-07-08 16:30:00,-970.72
2025-07-08 16:45:00,-985.96
2025-07-08 17:00:00,-124.82999999999993
2025-07-08 17:15:00,-139.17000000000007
2025-07-08 17:30:00,-138.27999999999997
2025-07-08 17:45:00,-135.6400000000001
2025-07-08 18:00:00,-486.44000000000005
2025-07-08 18:15:00,-535.8499999999999
2025-07-08 18:30:00,-576.94
2025-07-08 18:45:00,-538.8900000000001
2025-07-08 19:00:00,-900.81
2025-07-08 19:15:00,-889.75
2025-07-08 19:30:00,-895.55
2025-07-08 19:45:00,-893.49
2025-07-08 20:00:00,-894.1099999999999
2025-07-08 20:15:00,-900.7
2025-07-08 20:30:00,-905.1099999999999
2025-07-08 20:45:00,-888.4300000000001
2025-07-08 21:00:00,-47.02999999999997
2025-07-08 21:15:00,-1.8199999999999363
2025-07-08 21:30:00,27.49000000000001
2025-07-08 21:45:00,28.5
2025-07-08 22:00:00,235.42000000000007
2025-07-08 22:15:00,153.94000000000005
2025-07-08 22:30:00,5.3900000000001
2025-07-08 22:45:00,89.11999999999989
2025-07-08 23:00:00,973.52
2025-07-08 23:15:00,963.44
2025-07-08 23:30:00,957.3499999999999
2025-07-08 23:45:00,946.53
2025-07-09 00:00:00,-721.06
2025-07-09 00:15:00,-728.3699999999999
2025-07-09 00:30:00,-737.3399999999999
2025-07-09 00:45:00,-735.4200000000001
2025-07-09 01:00:00,377.1400000000001
2025-07-09 01:15:00,361.03999999999996
2025-07-09 01:30:00,382.8399999999999
2025-07-09 01:45:00,356.93000000000006
2025-07-09 02:00:00,177.98000000000002
2025-07-09 02:15:00,216.71000000000004
2025-07-09 02:30:00,231.82999999999993
2025-07-09 02:45:00,235.31999999999994
2025-07-09 03:00:00,814.8599999999999
2025-07-09 03:15:00,820.6500000000001
2025-07-09 03:30:00,815.6700000000001
2025-07-09 03:45:00,822.5
2025-07-09 04:00:00,318.8399999999999
2025-07-09 04:15:00,349.6099999999999
2025-07-09 04:30:00,383.20000000000005
2025-07-09 04:45:00,385.44000000000005
2025-07-09 05:00:00,842.27
2025-07-09 05:15:00,857.3199999999999
2025-07-09 05:30:00,863.76
2025-07-09 05:45:00,886.76
2025-07-09 06:00:00,661.1700000000001
2025-07-09 06:15:00,630.0
2025-07-09 06:30:00,636.72
2025-07-09 06:45:00,646.45
2025-07-09 07:00:00,568.8599999999999
2025-07-09 07:15:00,569.48
2025-07-09 07:30:00,577.9100000000001
2025-07-09 07:45:00,579.9100000000001
2025-07-09 08:00:00,-163.25
2025-07-09 08:15:00,-160.07999999999993
2025-07-09 08:30:00,-151.56999999999994
2025-07-09 08:45:00,-150.98000000000002
2025-07-09 09:00:00,-440.18000000000006
2025-07-09 09:15:00,-438.1099999999999
2025-07-09 09:30:00,-451.21000000000004
2025-07-09 09:45:00,-447.03
2025-07-09 10:00:00,-31.039999999999964
2025-07-09 10:15:00,-27.529999999999973
2025-07-09 10:30:00,-18.190000000000055
2025-07-09 10:45:00,-17.1400000000001
2025-07-09 11:00:00,-512.52
2025-07-09 11:15:00,-514.1600000000001
2025-07-09 11:30:00,-511.97
2025-07-09 11:45:00,-517.3199999999999
2025-07-09 12:00:00,-831.71
2025-07-09 12:15:00,-833.51
2025-07-09 12:30:00,-840.53
2025-07-09 12:45:00,-838.8699999999999
2025-07-09 13:00:00,-918.44
2025-07-09 13:15:00,-925.8900000000001
2025-07-09 13:30:00,-915.47
2025-07-09 13:45:00,-918.6300000000001
2025-07-09 14:00:00,-1384.68
2025-07-09 14:15:00,-1379.18
2025-07-09 14:30:00,-1376.86
2025-07-09 14:45:00,-1366.61
2025-07-09 15:00:00,-988.8199999999999
2025-07-09 15:15:00,-995.47
2025-07-09 15:30:00,-996.3900000000001
2025-07-09 15:45:00,-987.1800000000001
2025-07-09 16:00:00,-76.36999999999989
2025-07-09 16:15:00,-85.81999999999994
2025-07-09 16:30:00,-78.88000000000011
2025-07-09 16:45:00,-79.84999999999991
2025-07-09 17:00:00,166.0999999999999
2025-07-09 17:15:00,164.23000000000002
2025-07-09 17:30:00,165.06999999999994
2025-07-09 17:45:00,157.52999999999997
2025-07-09 18:00:00,429.3599999999999
2025-07-09 18:15:00,420.53999999999996
2025-07-09 18:30:00,419.46000000000004
2025-07-09 18:45:00,420.68000000000006
2025-07-09 19:00:00,716.5699999999999
2025-07-09 19:15:00,711.8699999999999
2025-07-09 19:30:00,709.06
2025-07-09 19:45:00,701.47
2025-07-09 20:00:00,624.56
2025-07-09 20:15:00,614.8499999999999
2025-07-09 20:30:00,612.3699999999999
2025-07-09 20:45:00,603.51
2025-07-09 21:00:00,1271.75
2025-07-09 21:15:00,1270.86
2025-07-09 21:30:00,1263.58
2025-07-09 21:45:00,1239.33
2025-07-09 22:00:00,914.1300000000001
2025-07-09 22:15:00,902.8800000000001
2025-07-09 22:30:00,886.21
2025-07-09 22:45:00,885.49
2025-07-09 23:00:00,878.8
2025-07-09 23:15:00,866.94
2025-07-09 23:30:00,855.8900000000001
2025-07-09 23:45:00,854.6300000000001
2025-07-10 00:00:00,923.5799999999999
2025-07-10 00:15:00,921.74
2025-07-10 00:30:00,913.31
2025-07-10 00:45:00,910.72
2025-07-10 01:00:00,1234.55
2025-07-10 01:15:00,1225.88
2025-07-10 01:30:00,1221.44
2025-07-10 01:45:00,1213.31
2025-07-10 02:00:00,1029.14
2025-07-10 02:15:00,1032.52
2025-07-10 02:30:00,1020.2
2025-07-10 02:45:00,1006.05
2025-07-10 03:00:00,686.52
2025-07-10 03:15:00,694.3599999999999
2025-07-10 03:30:00,695.49
2025-07-10 03:45:00,703.8299999999999
2025-07-10 04:00:00,153.54999999999995
2025-07-10 04:15:00,155.53999999999996
2025-07-10 04:30:00,176.81999999999994
2025-07-10 04:45:00,193.6199999999999
2025-07-10 05:00:00,-266.4100000000001
2025-07-10 05:15:00,-231.97000000000003
2025-07-10 05:30:00,-206.73000000000002
2025-07-10 05:45:00,-196.70000000000005
2025-07-10 06:00:00,-217.97000000000003
2025-07-10 06:15:00,-201.30999999999995
2025-07-10 06:30:00,-185.1300000000001
2025-07-10 06:45:00,-172.80999999999995
2025-07-10 07:00:00,-732.3
2025-07-10 07:15:00,-734.9000000000001
2025-07-10 07:30:00,-877.3599999999999
2025-07-10 07:45:00,-855.3399999999999
2025-07-10 08:00:00,-576.0899999999999
2025-07-10 08:15:00,-577.51
2025-07-10 08:30:00,-569.75
2025-07-10 08:45:00,-577.8
2025-07-10 09:00:00,-850.5799999999999
2025-07-10 09:15:00,-854.19
2025-07-10 09:30:00,-849.95
2025-07-10 09:45:00,-852.8499999999999
2025-07-10 10:00:00,-1356.6
2025-07-10 10:15:00,-1346.34
2025-07-10 10:30:00,-1352.45
2025-07-10 10:45:00,-1360.98
2025-07-10 11:00:00,-1462.19
2025-07-10 11:15:00,-1457.72
2025-07-10 11:30:00,-1460.9
2025-07-10 11:45:00,-1471.68
2025-07-10 12:00:00,-1208.53
2025-07-10 12:15:00,-1208.14
2025-07-10 12:30:00,-1208.39
2025-07-10 12:45:00,-1205.27
2025-07-10 13:00:00,-591.55
2025-07-10 13:15:00,-592.51
2025-07-10 13:30:00,-591.26
2025-07-10 13:45:00,-587.95
2025-07-10 14:00:00,80.25
2025-07-10 14:15:00,85.67000000000007
2025-07-10 14:30:00,77.45000000000005
2025-07-10 14:45:00,68.51999999999998
2025-07-10 15:00:00,761.9300000000001
2025-07-10 15:15:00,751.1500000000001
2025-07-10 15:30:00,759.0899999999999
2025-07-10 15:45:00,747.24
2025-07-10 16:00:00,386.96000000000004
2025-07-10 16:15:00,385.20000000000005
2025-07-10 16:30:00,391.53
2025-07-10 16:45:00,391.6300000000001
2025-07-10 17:00:00,-165.55999999999995
2025-07-10 17:15:00,-169.22000000000003
2025-07-10 17:30:00,-174.8900000000001
2025-07-10 17:45:00,-175.1199999999999
2025-07-10 18:00:00,648.4000000000001
2025-07-10 18:15:00,646.3199999999999
2025-07-10 18:30:00,644.75
2025-07-10 18:45:00,638.6300000000001
2025-07-10 19:00:00,864.54
2025-07-10 19:15:00,854.75
2025-07-10 19:30:00,852.72
2025-07-10 19:45:00,841.46
2025-07-10 20:00:00,348.53
2025-07-10 20:15:00,332.8800000000001
2025-07-10 20:30:00,330.93000000000006
2025-07-10 20:45:00,333.28
2025-07-10 21:00:00,43.680000000000064
2025-07-10 21:15:00,34.25999999999999
2025-07-10 21:30:00,29.529999999999973
2025-07-10 21:45:00,11.430000000000064
2025-07-10 22:00:00,287.0799999999999
2025-07-10 22:15:00,296.26
2025-07-10 22:30:00,290.4000000000001
2025-07-10 22:45:00,271.70000000000005
2025-07-10 23:00:00,781.79
2025-07-10 23:15:00,772.3900000000001
2025-07-10 23:30:00,766.23
2025-07-10 23:45:00,764.51
2025-07-11 00:00:00,441.1199999999999
2025-07-11 00:15:00,441.94000000000005
2025-07-11 00:30:00,434.71000000000004
2025-07-11 00:45:00,431.94000000000005
2025-07-11 01:00:00,846.45
2025-07-11 01:15:00,843.0999999999999
2025-07-11 01:30:00,836.9300000000001
2025-07-11 01:45:00,827.8699999999999
2025-07-11 02:00:00,860.27
2025-07-11 02:15:00,853.04
2025-07-11 02:30:00,844.5899999999999
2025-07-11 02:45:00,838.4100000000001
2025-07-11 03:00:00,690.27
2025-07-11 03:15:00,696.4200000000001
2025-07-11 03:30:00,701.98
2025-07-11 03:45:00,709.74
2025-07-11 04:00:00,-222.02999999999997
2025-07-11 04:15:00,-208.6199999999999
2025-07-11 04:30:00,-188.43000000000006
2025-07-11 04:45:00,-176.78999999999996
2025-07-11 05:00:00,-253.42000000000007
2025-07-11 05:15:00,-241.77999999999997
2025-07-11 05:30:00,-229.9000000000001
2025-07-11 05:45:00,-202.51999999999998
2025-07-11 06:00:00,70.22000000000003
2025-07-11 06:15:00,72.77999999999997
2025-07-11 06:30:00,86.75999999999999
2025-07-11 06:45:00,97.3900000000001
2025-07-11 07:00:00,-84.02999999999997
2025-07-11 07:15:00,-85.15000000000009
2025-07-11 07:30:00,-174.83999999999992
2025-07-11 07:45:00,-217.52999999999997
2025-07-11 08:00:00,-286.28
2025-07-11 08:15:00,-277.68000000000006
2025-07-11 08:30:00,-269.45000000000005
2025-07-11 08:45:00,-287.21000000000004
2025-07-11 09:00:00,-402.6300000000001
2025-07-11 09:15:00,-409.0
2025-07-11 09:30:00,-410.96000000000004
2025-07-11 09:45:00,-410.28
2025-07-11 10:00:00,-549.56
2025-07-11 10:15:00,-532.6600000000001
2025-07-11 10:30:00,-524.22
2025-07-11 10:45:00,-532.74
2025-07-11 11:00:00,-1442.12
2025-07-11 11:15:00,-1447.01
2025-07-11 11:30:00,-1451.78
2025-07-11 11:45:00,-1454.83
2025-07-11 12:00:00,-2371.06
2025-07-11 12:15:00,-2374.95
2025-07-11 12:30:00,-2386.51
2025-07-11 12:45:00,-2386.04
2025-07-11 13:00:00,-2737.33
2025-07-11 13:15:00,-2734.59
2025-07-11 13:30:00,-2731.05
2025-07-11 13:45:00,-2740.21
2025-07-11 14:00:00,-2631.1400000000003
2025-07-11 14:15:00,-2638.79
2025-07-11 14:30:00,-2643.63
2025-07-11 14:45:00,-2636.66
2025-07-11 15:00:00,-3057.6
2025-07-11 15:15:00,-3066.63
2025-07-11 15:30:00,-3062.85
2025-07-11 15:45:00,-3060.46
2025-07-11 16:00:00,-2973.55
2025-07-11 16:15:00,-2962.3199999999997
2025-07-11 16:30:00,-2956.04
2025-07-11 16:45:00,-2954.6800000000003
2025-07-11 17:00:00,-2565.21
2025-07-11 17:15:00,-2567.37
2025-07-11 17:30:00,-2568.88
2025-07-11 17:45:00,-2571.08
2025-07-11 18:00:00,-2246.55
2025-07-11 18:15:00,-2247.06
2025-07-11 18:30:00,-2247.49
2025-07-11 18:45:00,-2266.16
2025-07-11 19:00:00,-1713.46
2025-07-11 19:15:00,-1709.03
2025-07-11 19:30:00,-1715.05
2025-07-11 19:45:00,-1724.61
2025-07-11 20:00:00,-1879.57
2025-07-11 20:15:00,-1888.42
2025-07-11 20:30:00,-1888.63
2025-07-11 20:45:00,-1886.7
2025-07-11 21:00:00,-1914.52
2025-07-11 21:15:00,-1914.46
2025-07-11 21:30:00,-1924.29
2025-07-11 21:45:00,-1921.88
2025-07-11 22:00:00,-1376.83
2025-07-11 22:15:00,-1393.88
2025-07-11 22:30:00,-1403.13
2025-07-11 22:45:00,-1413.25
2025-07-11 23:00:00,-448.8699999999999
2025-07-11 23:15:00,-463.6099999999999
2025-07-11 23:30:00,-469.54999999999995
2025-07-11 23:45:00,-474.43000000000006
2025-07-12 00:00:00,-18.470000000000027
2025-07-12 00:15:00,-20.0
2025-07-12 00:30:00,-27.279999999999973
2025-07-12 00:45:00,-41.15000000000009
2025-07-12 01:00:00,304.1500000000001
2025-07-12 01:15:00,315.05999999999995
2025-07-12 01:30:00,312.27
2025-07-12 01:45:00,298.70000000000005
2025-07-12 02:00:00,175.47000000000003
2025-07-12 02:15:00,174.05999999999995
2025-07-12 02:30:00,168.3800000000001
2025-07-12 02:45:00,172.69000000000005
2025-07-12 03:00:00,242.42000000000007
2025-07-12 03:15:00,245.3499999999999
2025-07-12 03:30:00,236.25
2025-07-12 03:45:00,249.6500000000001
2025-07-12 04:00:00,-92.59999999999991
2025-07-12 04:15:00,-84.1400000000001
2025-07-12 04:30:00,-71.84999999999991
2025-07-12 04:45:00,-73.21000000000004
2025-07-12 05:00:00,12.599999999999909
2025-07-12 05:15:00,18.480000000000018
2025-07-12 05:30:00,21.8900000000001
2025-07-12 05:45:00,14.86999999999989
2025-07-12 06:00:00,318.5899999999999
2025-07-12 06:15:00,323.5999999999999
2025-07-12 06:30:00,325.30999999999995
2025-07-12 06:45:00,334.49
2025-07-12 07:00:00,367.98
2025-07-12 07:15:00,380.24
2025-07-12 07:30:00,387.5999999999999
2025-07-12 07:45:00,408.6700000000001
2025-07-12 08:00:00,401.6300000000001
2025-07-12 08:15:00,401.5
2025-07-12 08:30:00,409.8499999999999
2025-07-12 08:45:00,413.03
2025-07-12 09:00:00,45.65000000000009
2025-07-12 09:15:00,42.23000000000002
2025-07-12 09:30:00,48.11999999999989
2025-07-12 09:45:00,42.789999999999964
2025-07-12 10:00:00,-233.8900000000001
2025-07-12 10:15:00,-245.99
2025-07-12 10:30:00,-246.21000000000004
2025-07-12 10:45:00,-252.24
2025-07-12 11:00:00,-737.8299999999999
2025-07-12 11:15:00,-743.0799999999999
2025-07-12 11:30:00,-736.74
2025-07-12 11:45:00,-741.3499999999999
2025-07-12 12:00:00,-1217.45
2025-07-12 12:15:00,-1224.07
2025-07-12 12:30:00,-1227.95
2025-07-12 12:45:00,-1222.17
2025-07-12 13:00:00,-1180.26
2025-07-12 13:15:00,-1191.31
2025-07-12 13:30:00,-1176.12
2025-07-12 13:45:00,-1182.21
2025-07-12 14:00:00,-1434.23
2025-07-12 14:15:00,-1418.69
2025-07-12 14:30:00,-1427.56
2025-07-12 14:45:00,-1434.07
2025-07-12 15:00:00,-1364.8
2025-07-12 15:15:00,-1351.68
2025-07-12 15:30:00,-1354.26
2025-07-12 15:45:00,-1356.86
2025-07-12 16:00:00,-1588.65
2025-07-12 16:15:00,-1589.13
2025-07-12 16:30:00,-1592.2
2025-07-12 16:45:00,-1596.13
2025-07-12 17:00:00,-1545.74
2025-07-12 17:15:00,-1542.8
2025-07-12 17:30:00,-1539.15
2025-07-12 17:45:00,-1539.54
2025-07-12 18:00:00,-1127.63
2025-07-12 18:15:00,-1127.68
2025-07-12 18:30:00,-1103.02
2025-07-12 18:45:00,-1115.32
2025-07-12 19:00:00,-1116.43
2025-07-12 19:15:00,-1113.14
2025-07-12 19:30:00,-1111.98
2025-07-12 19:45:00,-1118.18
2025-07-12 20:00:00,-771.1700000000001
2025-07-12 20:15:00,-761.3900000000001
2025-07-12 20:30:00,-764.0999999999999
2025-07-12 20:45:00,-763.95
2025-07-12 21:00:00,-427.69000000000005
2025-07-12 21:15:00,-430.1099999999999
2025-07-12 21:30:00,-440.1600000000001
2025-07-12 21:45:00,-442.96000000000004
2025-07-12 22:00:00,-114.86999999999989
2025-07-12 22:15:00,-117.98000000000002
2025-07-12 22:30:00,-125.23000000000002
2025-07-12 22:45:00,-134.47000000000003
2025-07-12 23:00:00,-237.8699999999999
2025-07-12 23:15:00,-239.04999999999995
2025-07-12 23:30:00,-243.30999999999995
2025-07-12 23:45:00,-250.32999999999993
2025-07-13 00:00:00,-473.6700000000001
2025-07-13 00:15:00,-474.0799999999999
2025-07-13 00:30:00,-481.70000000000005
2025-07-13 00:45:00,-488.23
2025-07-13 01:00:00,-1361.53
2025-07-13 01:15:00,-1364.78
2025-07-13 01:30:00,-1369.36
2025-07-13 01:45:00,-1371.38
2025-07-13 02:00:00,-839.05
2025-07-13 02:15:00,-847.25
2025-07-13 02:30:00,-851.4300000000001
2025-07-13 02:45:00,-861.3199999999999
2025-07-13 03:00:00,279.22
2025-07-13 03:15:00,282.1199999999999
2025-07-13 03:30:00,279.6600000000001
2025-07-13 03:45:00,273.48
2025-07-13 04:00:00,-94.66000000000008
2025-07-13 04:15:00,-85.51999999999998
2025-07-13 04:30:00,-85.71000000000004
2025-07-13 04:45:00,-88.99000000000001
2025-07-13 05:00:00,-484.81999999999994
2025-07-13 05:15:00,-483.77
2025-07-13 05:30:00,-470.68000000000006
2025-07-13 05:45:00,-476.3699999999999
2025-07-13 06:00:00,-260.73
2025-07-13 06:15:00,-260.6199999999999
2025-07-13 06:30:00,-258.70000000000005
2025-07-13 06:45:00,-250.95000000000005
2025-07-13 07:00:00,-113.11999999999989
2025-07-13 07:15:00,-105.0
2025-07-13 07:30:00,-98.0
2025-07-13 07:45:00,-97.46000000000004
2025-07-13 08:00:00,38.430000000000064
2025-07-13 08:15:00,21.950000000000045
2025-07-13 08:30:00,25.430000000000064
2025-07-13 08:45:00,26.450000000000045
2025-07-13 09:00:00,-114.76999999999998
2025-07-13 09:15:00,-138.92000000000007
2025-07-13 09:30:00,-132.29999999999995
2025-07-13 09:45:00,-132.42000000000007
2025-07-13 10:00:00,-386.9200000000001
2025-07-13 10:15:00,-390.24
2025-07-13 10:30:00,-383.6199999999999
2025-07-13 10:45:00,-391.8900000000001
2025-07-13 11:00:00,-689.05
2025-07-13 11:15:00,-682.23
2025-07-13 11:30:00,-680.9300000000001
2025-07-13 11:45:00,-688.21
2025-07-13 12:00:00,-1274.88
2025-07-13 12:15:00,-1271.75
2025-07-13 12:30:00,-1266.68
2025-07-13 12:45:00,-1269.57
2025-07-13 13:00:00,-2674.5299999999997
2025-07-13 13:15:00,-2675.41
2025-07-13 13:30:00,-2676.13
2025-07-13 13:45:00,-2669.04
2025-07-13 14:00:00,-2068.6099999999997
2025-07-13 14:15:00,-2055.0699999999997
2025-07-13 14:30:00,-2058.16
2025-07-13 14:45:00,-2064.56
2025-07-13 15:00:00,-1619.63
2025-07-13 15:15:00,-1629.29
2025-07-13 15:30:00,-1626.05
2025-07-13 15:45:00,-1618.86
2025-07-13 16:00:00,-281.72
2025-07-13 16:15:00,-283.30999999999995
2025-07-13 16:30:00,-274.30999999999995
2025-07-13 16:45:00,-273.26
2025-07-13 17:00:00,-392.99
2025-07-13 17:15:00,-388.1099999999999
2025-07-13 17:30:00,-384.54999999999995
2025-07-13 17:45:00,-385.28999999999996
2025-07-13 18:00:00,30.039999999999964
2025-07-13 18:15:00,34.83999999999992
2025-07-13 18:30:00,31.309999999999945
2025-07-13 18:45:00,35.539999999999964
2025-07-13 19:00:00,396.45000000000005
2025-07-13 19:15:00,390.3499999999999
2025-07-13 19:30:00,391.44000000000005
2025-07-13 19:45:00,387.53
2025-07-13 20:00:00,409.5899999999999
2025-07-13 20:15:00,412.72
2025-07-13 20:30:00,412.1700000000001
2025-07-13 20:45:00,418.5799999999999
2025-07-13 21:00:00,929.3
2025-07-13 21:15:00,923.6300000000001
2025-07-13 21:30:00,917.05
2025-07-13 21:45:00,902.0799999999999
2025-07-13 22:00:00,1153.42
2025-07-13 22:15:00,1141.89
2025-07-13 22:30:00,1132.14
2025-07-13 22:45:00,1125.58
2025-07-13 23:00:00,465.1099999999999
2025-07-13 23:15:00,460.78
2025-07-13 23:30:00,454.45000000000005
2025-07-13 23:45:00,446.45000000000005
2025-07-14 00:00:00,172.46000000000004
2025-07-14 00:15:00,164.81999999999994
2025-07-14 00:30:00,148.28999999999996
2025-07-14 00:45:00,151.0
2025-07-14 01:00:00,208.51999999999998
2025-07-14 01:15:00,206.5
2025-07-14 01:30:00,207.03999999999996
2025-07-14 01:45:00,205.04999999999995
2025-07-14 02:00:00,621.01
2025-07-14 02:15:00,622.6400000000001
2025-07-14 02:30:00,613.23
2025-07-14 02:45:00,608.4300000000001
2025-07-14 03:00:00,956.75
2025-07-14 03:15:00,958.9300000000001
2025-07-14 03:30:00,961.5899999999999
2025-07-14 03:45:00,966.4100000000001
2025-07-14 04:00:00,695.6800000000001
2025-07-14 04:15:00,712.72
2025-07-14 04:30:00,735.6600000000001
2025-07-14 04:45:00,746.6700000000001
2025-07-14 05:00:00,855.94
2025-07-14 05:15:00,863.96
2025-07-14 05:30:00,878.75
2025-07-14 05:45:00,891.3599999999999
2025-07-14 06:00:00,1115.4
2025-07-14 06:15:00,1115.91
2025-07-14 06:30:00,1122.61
2025-07-14 06:45:00,1133.58
2025-07-14 07:00:00,335.9100000000001
2025-07-14 07:15:00,342.01
2025-07-14 07:30:00,357.70000000000005
2025-07-14 07:45:00,360.70000000000005
2025-07-14 08:00:00,-896.56
2025-07-14 08:15:00,-895.02
2025-07-14 08:30:00,-888.31
2025-07-14 08:45:00,-887.05
2025-07-14 09:00:00,-1457.27
2025-07-14 09:15:00,-1461.07
2025-07-14 09:30:00,-1462.71
2025-07-14 09:45:00,-1457.88
2025-07-14 10:00:00,-1294.58
2025-07-14 10:15:00,-1298.71
2025-07-14 10:30:00,-1290.11
2025-07-14 10:45:00,-1300.52
2025-07-14 11:00:00,-550.1400000000001
2025-07-14 11:15:00,-549.45
2025-07-14 11:30:00,-551.98
2025-07-14 11:45:00,-563.3900000000001
2025-07-14 12:00:00,498.8499999999999
2025-07-14 12:15:00,504.03
2025-07-14 12:30:00,510.05999999999995
2025-07-14 12:45:00,512.9300000000001
2025-07-14 13:00:00,-4.130000000000109
2025-07-14 13:15:00,-5.8599999999999
2025-07-14 13:30:00,-4.970000000000027
2025-07-14 13:45:00,-0.38000000000010914
2025-07-14 14:00:00,147.8900000000001
2025-07-14 14:15:00,150.53999999999996
2025-07-14 14:30:00,148.17000000000007
2025-07-14 14:45:00,147.46000000000004
2025-07-14 15:00:00,8.6099999999999
2025-07-14 15:15:00,-16.00999999999999
2025-07-14 15:30:00,-13.450000000000045
2025-07-14 15:45:00,-3.1700000000000728
2025-07-14 16:00:00,-107.04999999999995
2025-07-14 16:15:00,-108.25999999999999
2025-07-14 16:30:00,-113.5
2025-07-14 16:45:00,-122.8900000000001
2025-07-14 17:00:00,307.5
2025-07-14 17:15:00,317.3699999999999
2025-07-14 17:30:00,316.8900000000001
2025-07-14 17:45:00,308.6099999999999
2025-07-14 18:00:00,-52.809999999999945
2025-07-14 18:15:00,-62.41000000000008
2025-07-14 18:30:00,-63.91000000000008
2025-07-14 18:45:00,-68.6400000000001
2025-07-14 19:00:00,531.22
2025-07-14 19:15:00,529.02
2025-07-14 19:30:00,529.24
2025-07-14 19:45:00,511.4200000000001
2025-07-14 20:00:00,491.29999999999995
2025-07-14 20:15:00,485.1300000000001
2025-07-14 20:30:00,479.1700000000001
2025-07-14 20:45:00,483.29999999999995
2025-07-14 21:00:00,1006.56
2025-07-14 21:15:00,986.3699999999999
2025-07-14 21:30:00,978.55
2025-07-14 21:45:00,971.04
2025-07-14 22:00:00,449.9000000000001
2025-07-14 22:15:00,444.1500000000001
2025-07-14 22:30:00,426.79999999999995
2025-07-14 22:45:00,417.6500000000001
2025-07-14 23:00:00,-216.97000000000003
2025-07-14 23:15:00,-230.31999999999994
2025-07-14 23:30:00,-238.25
2025-07-14 23:45:00,-244.1099999999999
2025-07-15 00:00:00,627.3499999999999
2025-07-15 00:15:00,624.4300000000001
2025-07-15 00:30:00,619.6600000000001
2025-07-15 00:45:00,615.5699999999999
2025-07-15 01:00:00,910.8599999999999
2025-07-15 01:15:00,911.76
2025-07-15 01:30:00,911.6700000000001
2025-07-15 01:45:00,899.8199999999999
2025-07-15 02:00:00,1538.5
2025-07-15 02:15:00,1535.79
2025-07-15 02:30:00,1532.2
2025-07-15 02:45:00,1529.31
2025-07-15 03:00:00,1532.27
2025-07-15 03:15:00,1533.0
2025-07-15 03:30:00,1538.38
2025-07-15 03:45:00,1544.48
2025-07-15 04:00:00,679.56
2025-07-15 04:15:00,698.8299999999999
2025-07-15 04:30:00,719.0899999999999
2025-07-15 04:45:00,725.29
2025-07-15 05:00:00,146.8499999999999
2025-07-15 05:15:00,155.98000000000002
2025-07-15 05:30:00,174.23000000000002
2025-07-15 05:45:00,186.19000000000005
2025-07-15 06:00:00,-391.04999999999995
2025-07-15 06:15:00,-382.1099999999999
2025-07-15 06:30:00,-377.6199999999999
2025-07-15 06:45:00,-369.3299999999999
2025-07-15 07:00:00,-26.069999999999936
2025-07-15 07:15:00,-21.670000000000073
2025-07-15 07:30:00,-17.809999999999945
2025-07-15 07:45:00,-11.079999999999927
2025-07-15 08:00:00,574.3199999999999
2025-07-15 08:15:00,579.0
2025-07-15 08:30:00,585.6400000000001
2025-07-15 08:45:00,584.5899999999999
2025-07-15 09:00:00,357.1500000000001
2025-07-15 09:15:00,344.6700000000001
2025-07-15 09:30:00,341.4000000000001
2025-07-15 09:45:00,323.6600000000001
2025-07-15 10:00:00,322.03
2025-07-15 10:15:00,391.75
2025-07-15 10:30:00,399.1500000000001
2025-07-15 10:45:00,404.74
2025-07-15 11:00:00,642.9300000000001
2025-07-15 11:15:00,648.52
2025-07-15 11:30:00,649.3699999999999
2025-07-15 11:45:00,644.56
2025-07-15 12:00:00,-457.47
2025-07-15 12:15:00,-455.9000000000001
2025-07-15 12:30:00,-460.45000000000005
2025-07-15 12:45:00,-459.69000000000005
2025-07-15 13:00:00,199.67000000000007
2025-07-15 13:15:00,192.67000000000007
2025-07-15 13:30:00,203.8800000000001
2025-07-15 13:45:00,206.96000000000004
2025-07-15 14:00:00,466.94000000000005
2025-07-15 14:15:00,477.9200000000001
2025-07-15 14:30:00,475.51
2025-07-15 14:45:00,482.48
2025-07-15 15:00:00,716.9200000000001
2025-07-15 15:15:00,700.3
2025-07-15 15:30:00,706.25
2025-07-15 15:45:00,710.8299999999999
2025-07-15 16:00:00,-302.9200000000001
2025-07-15 16:15:00,-311.04999999999995
2025-07-15 16:30:00,-303.24
2025-07-15 16:45:00,-307.18000000000006
2025-07-15 17:00:00,288.3800000000001
2025-07-15 17:15:00,287.9100000000001
2025-07-15 17:30:00,283.26
2025-07-15 17:45:00,275.5899999999999
2025-07-15 18:00:00,1166.59
2025-07-15 18:15:00,1164.74
2025-07-15 18:30:00,1157.1
2025-07-15 18:45:00,1158.08
2025-07-15 19:00:00,0.6600000000000819
2025-07-15 19:15:00,-8.1400000000001
2025-07-15 19:30:00,-15.740000000000009
2025-07-15 19:45:00,-11.269999999999982
2025-07-15 20:00:00,784.79
2025-07-15 20:15:00,787.02
2025-07-15 20:30:00,785.75
2025-07-15 20:45:00,771.56
2025-07-15 21:00:00,1042.44
2025-07-15 21:15:00,1039.4
2025-07-15 21:30:00,1025.62
2025-07-15 21:45:00,1014.54
2025-07-15 22:00:00,1132.42
2025-07-15 22:15:00,1128.01
2025-07-15 22:30:00,1119.35
2025-07-15 22:45:00,1106.51
2025-07-15 23:00:00,1249.21
2025-07-15 23:15:00,1245.91
2025-07-15 23:30:00,1239.12
2025-07-15 23:45:00,1230.93
2025-07-16 00:00:00,1404.81
2025-07-16 00:15:00,1396.91
2025-07-16 00:30:00,1390.95
2025-07-16 00:45:00,1389.28
2025-07-16 01:00:00,610.3499999999999
2025-07-16 01:15:00,611.6500000000001
2025-07-16 01:30:00,606.8199999999999
2025-07-16 01:45:00,611.04
2025-07-16 02:00:00,1234.3
2025-07-16 02:15:00,1226.74
2025-07-16 02:30:00,1218.07
2025-07-16 02:45:00,1208.53
2025-07-16 03:00:00,876.53
2025-07-16 03:15:00,882.23
2025-07-16 03:30:00,887.1400000000001
2025-07-16 03:45:00,893.4100000000001
2025-07-16 04:00:00,866.1700000000001
2025-07-16 04:15:00,879.99
2025-07-16 04:30:00,901.8
2025-07-16 04:45:00,913.0999999999999
2025-07-16 05:00:00,1364.02
2025-07-16 05:15:00,1376.18
2025-07-16 05:30:00,1389.05
2025-07-16 05:45:00,1394.19
2025-07-16 06:00:00,1304.74
2025-07-16 06:15:00,1311.85
2025-07-16 06:30:00,1327.1
2025-07-16 06:45:00,1339.37
2025-07-16 07:00:00,1087.37
2025-07-16 07:15:00,1092.6
2025-07-16 07:30:00,1106.64
2025-07-16 07:45:00,1103.79
2025-07-16 08:00:00,369.76
2025-07-16 08:15:00,386.03999999999996
2025-07-16 08:30:00,385.3499999999999
2025-07-16 08:45:00,380.19000000000005
2025-07-16 09:00:00,303.99
2025-07-16 09:15:00,297.5
2025-07-16 09:30:00,278.1199999999999
2025-07-16 09:45:00,289.0999999999999
2025-07-16 10:00:00,-35.25
2025-07-16 10:15:00,-33.42000000000007
2025-07-16 10:30:00,-23.549999999999955
2025-07-16 10:45:00,-4.690000000000055
2025-07-16 11:00:00,-865.55
2025-07-16 11:15:00,-876.0699999999999
2025-07-16 11:30:00,-868.54
2025-07-16 11:45:00,-878.79
2025-07-16 12:00:00,-1604.22
2025-07-16 12:15:00,-1604.16
2025-07-16 12:30:00,-1610.78
2025-07-16 12:45:00,-1606.76
2025-07-16 13:00:00,-264.47
2025-07-16 13:15:00,-262.18000000000006
2025-07-16 13:30:00,-252.1500000000001
2025-07-16 13:45:00,-263.5899999999999
2025-07-16 14:00:00,-755.0
2025-07-16 14:15:00,-846.5799999999999
2025-07-16 14:30:00,-861.5699999999999
2025-07-16 14:45:00,-867.6800000000001
2025-07-16 15:00:00,-199.03999999999996
2025-07-16 15:15:00,-228.8699999999999
2025-07-16 15:30:00,-249.8800000000001
2025-07-16 15:45:00,-242.3699999999999
2025-07-16 16:00:00,-380.73
2025-07-16 16:15:00,-573.03
2025-07-16 16:30:00,-583.3
2025-07-16 16:45:00,-588.8299999999999
2025-07-16 17:00:00,-233.3599999999999
2025-07-16 17:15:00,-224.16000000000008
2025-07-16 17:30:00,-210.48000000000002
2025-07-16 17:45:00,-211.8599999999999
2025-07-16 18:00:00,-389.69000000000005
2025-07-16 18:15:00,-388.5899999999999
2025-07-16 18:30:00,-381.1199999999999
2025-07-16 18:45:00,-374.49
2025-07-16 19:00:00,77.54999999999995
2025-07-16 19:15:00,74.34999999999991
2025-07-16 19:30:00,74.51999999999998
2025-07-16 19:45:00,75.07999999999993
2025-07-16 20:00:00,202.20000000000005
2025-07-16 20:15:00,201.31999999999994
2025-07-16 20:30:00,200.6300000000001
2025-07-16 20:45:00,190.8499999999999
2025-07-16 21:00:00,851.53
2025-07-16 21:15:00,851.6400000000001
2025-07-16 21:30:00,840.81
2025-07-16 21:45:00,834.0
2025-07-16 22:00:00,1205.07
2025-07-16 22:15:00,1194.37
2025-07-16 22:30:00,1180.98
2025-07-16 22:45:00,1159.35
2025-07-16 23:00:00,653.72
2025-07-16 23:15:00,651.72
2025-07-16 23:30:00,647.1500000000001
2025-07-16 23:45:00,643.49
2025-07-17 00:00:00,949.1500000000001
2025-07-17 00:15:00,941.0799999999999
2025-07-17 00:30:00,934.81
2025-07-17 00:45:00,926.6500000000001
2025-07-17 01:00:00,525.44
2025-07-17 01:15:00,535.1500000000001
2025-07-17 01:30:00,517.9000000000001
2025-07-17 01:45:00,515.1199999999999
2025-07-17 02:00:00,302.1099999999999
2025-07-17 02:15:00,315.1099999999999
2025-07-17 02:30:00,310.4000000000001
2025-07-17 02:45:00,303.3499999999999
2025-07-17 03:00:00,573.3800000000001
2025-07-17 03:15:00,577.3599999999999
2025-07-17 03:30:00,580.9200000000001
2025-07-17 03:45:00,590.96
2025-07-17 04:00:00,-100.24000000000001
2025-07-17 04:15:00,-89.42000000000007
2025-07-17 04:30:00,-59.76999999999998
2025-07-17 04:45:00,-52.41000000000008
2025-07-17 05:00:00,173.1199999999999
2025-07-17 05:15:00,192.8800000000001
2025-07-17 05:30:00,203.76999999999998
2025-07-17 05:45:00,215.22000000000003
2025-07-17 06:00:00,724.3
2025-07-17 06:15:00,729.1400000000001
2025-07-17 06:30:00,746.25
2025-07-17 06:45:00,762.54
2025-07-17 07:00:00,131.6400000000001
2025-07-17 07:15:00,131.5999999999999
2025-07-17 07:30:00,141.8800000000001
2025-07-17 07:45:00,145.51
2025-07-17 08:00:00,89.56999999999994
2025-07-17 08:15:00,98.24000000000001
2025-07-17 08:30:00,102.56999999999994
2025-07-17 08:45:00,96.79999999999995
2025-07-17 09:00:00,193.20000000000005
2025-07-17 09:15:00,204.01
2025-07-17 09:30:00,201.82999999999993
2025-07-17 09:45:00,198.22000000000003
2025-07-17 10:00:00,-151.58999999999992
2025-07-17 10:15:00,-136.33999999999992
2025-07-17 10:30:00,-114.02999999999997
2025-07-17 10:45:00,-99.34999999999991
2025-07-17 11:00:00,-139.1099999999999
2025-07-17 11:15:00,-143.32999999999993
2025-07-17 11:30:00,-134.51
2025-07-17 11:45:00,-144.51
2025-07-17 12:00:00,-789.02
2025-07-17 12:15:00,-794.4200000000001
2025-07-17 12:30:00,-774.3299999999999
2025-07-17 12:45:00,-761.0
2025-07-17 13:00:00,376.1500000000001
2025-07-17 13:15:00,381.04999999999995
2025-07-17 13:30:00,394.9000000000001
2025-07-17 13:45:00,414.6199999999999
2025-07-17 14:00:00,-522.0699999999999
2025-07-17 14:15:00,-513.3399999999999
2025-07-17 14:30:00,-507.77
2025-07-17 14:45:00,-510.3900000000001
2025-07-17 15:00:00,-865.3900000000001
2025-07-17 15:15:00,-874.6099999999999
2025-07-17 15:30:00,-873.3199999999999
2025-07-17 15:45:00,-854.81
2025-07-17 16:00:00,-964.6400000000001
2025-07-17 16:15:00,-968.9200000000001
2025-07-17 16:30:00,-964.3499999999999
2025-07-17 16:45:00,-966.28
2025-07-17 17:00:00,-482.45000000000005
2025-07-17 17:15:00,-486.54999999999995
2025-07-17 17:30:00,-500.1500000000001
2025-07-17 17:45:00,-497.97
2025-07-17 18:00:00,-220.98000000000002
2025-07-17 18:15:00,-225.95000000000005
2025-07-17 18:30:00,-218.53999999999996
2025-07-17 18:45:00,-215.75
2025-07-17 19:00:00,462.4200000000001
2025-07-17 19:15:00,457.22
2025-07-17 19:30:00,461.5999999999999
2025-07-17 19:45:00,452.19000000000005
2025-07-17 20:00:00,947.0699999999999
2025-07-17 20:15:00,948.8199999999999
2025-07-17 20:30:00,938.73
2025-07-17 20:45:00,945.6800000000001
2025-07-17 21:00:00,150.32999999999993
2025-07-17 21:15:00,140.75
2025-07-17 21:30:00,125.47000000000003
2025-07-17 21:45:00,124.33999999999992
2025-07-17 22:00:00,196.19000000000005
2025-07-17 22:15:00,185.94000000000005
2025-07-17 22:30:00,177.3499999999999
2025-07-17 22:45:00,167.07999999999993
2025-07-17 23:00:00,1648.17
2025-07-17 23:15:00,1644.65
2025-07-17 23:30:00,1639.77
2025-07-17 23:45:00,1623.41
2025-07-18 00:00:00,801.3699999999999
2025-07-18 00:15:00,791.73
2025-07-18 00:30:00,782.8900000000001
2025-07-18 00:45:00,780.6300000000001
2025-07-18 01:00:00,442.8599999999999
2025-07-18 01:15:00,439.1300000000001
2025-07-18 01:30:00,445.68000000000006
2025-07-18 01:45:00,436.98
2025-07-18 02:00:00,842.6500000000001
2025-07-18 02:15:00,837.6700000000001
2025-07-18 02:30:00,825.8599999999999
2025-07-18 02:45:00,820.8399999999999
2025-07-18 03:00:00,1160.87
2025-07-18 03:15:00,1166.21
2025-07-18 03:30:00,1166.26
2025-07-18 03:45:00,1176.51
2025-07-18 04:00:00,909.02
2025-07-18 04:15:00,922.23
2025-07-18 04:30:00,944.3399999999999
2025-07-18 04:45:00,948.8800000000001
2025-07-18 05:00:00,857.6500000000001
2025-07-18 05:15:00,876.54
2025-07-18 05:30:00,893.5899999999999
2025-07-18 05:45:00,896.4100000000001
2025-07-18 06:00:00,1372.85
2025-07-18 06:15:00,1375.34
2025-07-18 06:30:00,1386.7
2025-07-18 06:45:00,1404.73
2025-07-18 07:00:00,1111.62
2025-07-18 07:15:00,1116.55
2025-07-18 07:30:00,1126.84
2025-07-18 07:45:00,1127.23
2025-07-18 08:00:00,1108.08
2025-07-18 08:15:00,1123.53
2025-07-18 08:30:00,1120.74
2025-07-18 08:45:00,1116.7
2025-07-18 09:00:00,795.7
2025-07-18 09:15:00,777.5
2025-07-18 09:30:00,779.46
2025-07-18 09:45:00,782.73
2025-07-18 10:00:00,-213.8800000000001
2025-07-18 10:15:00,-200.3499999999999
2025-07-18 10:30:00,-199.94000000000005
2025-07-18 10:45:00,-205.3699999999999
2025-07-18 11:00:00,-341.1700000000001
2025-07-18 11:15:00,-343.18000000000006
2025-07-18 11:30:00,-346.8800000000001
2025-07-18 11:45:00,-351.0999999999999
2025-07-18 12:00:00,-579.01
2025-07-18 12:15:00,-581.21
2025-07-18 12:30:00,-573.77
2025-07-18 12:45:00,-568.5899999999999
2025-07-18 13:00:00,-202.49
2025-07-18 13:15:00,-193.8599999999999
2025-07-18 13:30:00,-189.3599999999999
2025-07-18 13:45:00,-188.81999999999994
2025-07-18 14:00:00,350.53
2025-07-18 14:15:00,351.74
2025-07-18 14:30:00,350.53999999999996
2025-07-18 14:45:00,353.96000000000004
2025-07-18 15:00:00,466.8499999999999
2025-07-18 15:15:00,462.49
2025-07-18 15:30:00,460.3800000000001
2025-07-18 15:45:00,465.55999999999995
2025-07-18 16:00:00,-493.03
2025-07-18 16:15:00,-500.96000000000004
2025-07-18 16:30:00,-489.74
2025-07-18 16:45:00,-496.26
2025-07-18 17:00:00,530.25
2025-07-18 17:15:00,523.6199999999999
2025-07-18 17:30:00,519.0799999999999
2025-07-18 17:45:00,507.78
2025-07-18 18:00:00,590.6400000000001
2025-07-18 18:15:00,577.7
2025-07-18 18:30:00,580.6600000000001
2025-07-18 18:45:00,578.4100000000001
2025-07-18 19:00:00,-111.17000000000007
2025-07-18 19:15:00,-136.66000000000008
2025-07-18 19:30:00,-153.32999999999993
2025-07-18 19:45:00,-161.93000000000006
2025-07-18 20:00:00,283.49
2025-07-18 20:15:00,277.69000000000005
2025-07-18 20:30:00,280.81999999999994
2025-07-18 20:45:00,288.81999999999994
2025-07-18 21:00:00,664.9100000000001
2025-07-18 21:15:00,662.96
2025-07-18 21:30:00,648.54
2025-07-18 21:45:00,639.73
2025-07-18 22:00:00,415.6400000000001
2025-07-18 22:15:00,419.53
2025-07-18 22:30:00,409.47
2025-07-18 22:45:00,402.1700000000001
2025-07-18 23:00:00,691.73
2025-07-18 23:15:00,690.04
2025-07-18 23:30:00,692.02
2025-07-18 23:45:00,688.48
2025-07-19 00:00:00,1137.56
2025-07-19 00:15:00,1129.81
2025-07-19 00:30:00,1123.78
2025-07-19 00:45:00,1117.44
2025-07-19 01:00:00,1259.37
2025-07-19 01:15:00,1256.47
2025-07-19 01:30:00,1254.36
2025-07-19 01:45:00,1252.25
2025-07-19 02:00:00,1059.2
2025-07-19 02:15:00,1060.73
2025-07-19 02:30:00,1056.64
2025-07-19 02:45:00,1048.15
2025-07-19 03:00:00,1163.56
2025-07-19 03:15:00,1169.47
2025-07-19 03:30:00,1173.49
2025-07-19 03:45:00,1176.22
2025-07-19 04:00:00,627.95
2025-07-19 04:15:00,632.19
2025-07-19 04:30:00,641.51
2025-07-19 04:45:00,638.9300000000001
2025-07-19 05:00:00,1134.3
2025-07-19 05:15:00,1134.06
2025-07-19 05:30:00,1140.63
2025-07-19 05:45:00,1147.65
2025-07-19 06:00:00,-432.1700000000001
2025-07-19 06:15:00,-430.3299999999999
2025-07-19 06:30:00,-419.26
2025-07-19 06:45:00,-407.0999999999999
2025-07-19 07:00:00,150.18000000000006
2025-07-19 07:15:00,156.51
2025-07-19 07:30:00,172.31999999999994
2025-07-19 07:45:00,180.1300000000001
2025-07-19 08:00:00,122.38000000000011
2025-07-19 08:15:00,124.19000000000005
2025-07-19 08:30:00,129.97000000000003
2025-07-19 08:45:00,133.44000000000005
2025-07-19 09:00:00,-181.75
2025-07-19 09:15:00,-180.55999999999995
2025-07-19 09:30:00,-177.82999999999993
2025-07-19 09:45:00,-173.22000000000003
2025-07-19 10:00:00,-1025.92
2025-07-19 10:15:00,-1032.98
2025-07-19 10:30:00,-1023.31
2025-07-19 10:45:00,-1034.15
2025-07-19 11:00:00,-300.6300000000001
2025-07-19 11:15:00,-311.3800000000001
2025-07-19 11:30:00,-308.1199999999999
2025-07-19 11:45:00,-316.97
2025-07-19 12:00:00,338.3599999999999
2025-07-19 12:15:00,337.72
2025-07-19 12:30:00,360.80999999999995
2025-07-19 12:45:00,366.77
2025-07-19 13:00:00,741.4100000000001
2025-07-19 13:15:00,734.27
2025-07-19 13:30:00,726.8299999999999
2025-07-19 13:45:00,731.7
2025-07-19 14:00:00,823.0899999999999
2025-07-19 14:15:00,824.02
2025-07-19 14:30:00,839.49
2025-07-19 14:45:00,842.03
2025-07-19 15:00:00,613.77
2025-07-19 15:15:00,590.1500000000001
2025-07-19 15:30:00,585.27
2025-07-19 15:45:00,582.3499999999999
2025-07-19 16:00:00,775.1099999999999
2025-07-19 16:15:00,771.52
2025-07-19 16:30:00,788.4000000000001
2025-07-19 16:45:00,779.53
2025-07-19 17:00:00,731.8900000000001
2025-07-19 17:15:00,733.95
2025-07-19 17:30:00,734.3900000000001
2025-07-19 17:45:00,735.28
2025-07-19 18:00:00,740.6800000000001
2025-07-19 18:15:00,743.48
2025-07-19 18:30:00,731.8900000000001
2025-07-19 18:45:00,732.0
2025-07-19 19:00:00,178.51
2025-07-19 19:15:00,178.3599999999999
2025-07-19 19:30:00,171.29999999999995
2025-07-19 19:45:00,174.79999999999995
2025-07-19 20:00:00,424.71000000000004
2025-07-19 20:15:00,415.49
2025-07-19 20:30:00,420.94000000000005
2025-07-19 20:45:00,426.27
2025-07-19 21:00:00,849.53
2025-07-19 21:15:00,860.49
2025-07-19 21:30:00,851.71
2025-07-19 21:45:00,852.8199999999999
2025-07-19 22:00:00,657.27
2025-07-19 22:15:00,655.53
2025-07-19 22:30:00,649.94
2025-07-19 22:45:00,637.1199999999999
2025-07-19 23:00:00,413.3599999999999
2025-07-19 23:15:00,409.53999999999996
2025-07-19 23:30:00,400.70000000000005
2025-07-19 23:45:00,397.1700000000001
2025-07-20 00:00:00,667.04
2025-07-20 00:15:00,662.26
2025-07-20 00:30:00,656.97
2025-07-20 00:45:00,651.0699999999999
2025-07-20 01:00:00,706.04
2025-07-20 01:15:00,705.6400000000001
2025-07-20 01:30:00,705.5899999999999
2025-07-20 01:45:00,706.3299999999999
2025-07-20 02:00:00,793.78
2025-07-20 02:15:00,792.79
2025-07-20 02:30:00,787.3199999999999
2025-07-20 02:45:00,782.24
2025-07-20 03:00:00,749.22
2025-07-20 03:15:00,747.6099999999999
2025-07-20 03:30:00,746.22
2025-07-20 03:45:00,747.26
2025-07-20 04:00:00,134.01
2025-07-20 04:15:00,137.30999999999995
2025-07-20 04:30:00,138.55999999999995
2025-07-20 04:45:00,143.46000000000004
2025-07-20 05:00:00,753.3399999999999
2025-07-20 05:15:00,753.6700000000001
2025-07-20 05:30:00,757.49
2025-07-20 05:45:00,768.0799999999999
2025-07-20 06:00:00,1377.1
2025-07-20 06:15:00,1379.5
2025-07-20 06:30:00,1390.66
2025-07-20 06:45:00,1392.1
2025-07-20 07:00:00,1153.18
2025-07-20 07:15:00,1157.1
2025-07-20 07:30:00,1157.64
2025-07-20 07:45:00,1162.1
2025-07-20 08:00:00,954.28
2025-07-20 08:15:00,960.9300000000001
2025-07-20 08:30:00,984.4300000000001
2025-07-20 08:45:00,989.8599999999999
2025-07-20 09:00:00,904.0
2025-07-20 09:15:00,892.48
2025-07-20 09:30:00,895.44
2025-07-20 09:45:00,891.7
2025-07-20 10:00:00,-256.3800000000001
2025-07-20 10:15:00,-254.8499999999999
2025-07-20 10:30:00,-256.01
2025-07-20 10:45:00,-256.8900000000001
2025-07-20 11:00:00,-668.47
2025-07-20 11:15:00,-664.21
2025-07-20 11:30:00,-684.97
2025-07-20 11:45:00,-717.3399999999999
2025-07-20 12:00:00,-466.03
2025-07-20 12:15:00,-475.9100000000001
2025-07-20 12:30:00,-478.3399999999999
2025-07-20 12:45:00,-484.1700000000001
2025-07-20 13:00:00,254.94000000000005
2025-07-20 13:15:00,253.55999999999995
2025-07-20 13:30:00,255.75
2025-07-20 13:45:00,254.17000000000007
2025-07-20 14:00:00,121.25
2025-07-20 14:15:00,125.40000000000009
2025-07-20 14:30:00,137.91000000000008
2025-07-20 14:45:00,135.82999999999993
2025-07-20 15:00:00,-235.31999999999994
2025-07-20 15:15:00,-212.08999999999992
2025-07-20 15:30:00,-213.22000000000003
2025-07-20 15:45:00,-202.26
2025-07-20 16:00:00,-874.1800000000001
2025-07-20 16:15:00,-876.04
2025-07-20 16:30:00,-871.77
2025-07-20 16:45:00,-871.3499999999999
2025-07-20 17:00:00,-1214.45
2025-07-20 17:15:00,-1213.48
2025-07-20 17:30:00,-1202.59
2025-07-20 17:45:00,-1197.64
2025-07-20 18:00:00,-178.16000000000008
2025-07-20 18:15:00,-177.33999999999992
2025-07-20 18:30:00,-163.70000000000005
2025-07-20 18:45:00,-156.82999999999993
2025-07-20 19:00:00,393.1400000000001
2025-07-20 19:15:00,390.6700000000001
2025-07-20 19:30:00,389.0999999999999
2025-07-20 19:45:00,386.22
2025-07-20 20:00:00,953.1199999999999
2025-07-20 20:15:00,956.25
2025-07-20 20:30:00,962.77
2025-07-20 20:45:00,963.4200000000001
2025-07-20 21:00:00,843.94
2025-07-20 21:15:00,838.3299999999999
2025-07-20 21:30:00,835.1500000000001
2025-07-20 21:45:00,823.6500000000001
2025-07-20 22:00:00,719.3800000000001
2025-07-20 22:15:00,715.23
2025-07-20 22:30:00,698.74
2025-07-20 22:45:00,689.31
2025-07-20 23:00:00,294.28
2025-07-20 23:15:00,293.5999999999999
2025-07-20 23:30:00,281.8599999999999
2025-07-20 23:45:00,252.78999999999996
2025-07-21 00:00:00,-364.48
2025-07-21 00:15:00,-371.4100000000001
2025-07-21 00:30:00,-370.03
2025-07-21 00:45:00,-371.1199999999999
2025-07-21 01:00:00,-852.96
2025-07-21 01:15:00,-865.8399999999999
2025-07-21 01:30:00,-869.6099999999999
2025-07-21 01:45:00,-868.79
2025-07-21 02:00:00,-629.78
2025-07-21 02:15:00,-627.1600000000001
2025-07-21 02:30:00,-626.9000000000001
2025-07-21 02:45:00,-628.46
2025-07-21 03:00:00,-423.9200000000001
2025-07-21 03:15:00,-426.4100000000001
2025-07-21 03:30:00,-420.1500000000001
2025-07-21 03:45:00,-413.18000000000006
2025-07-21 04:00:00,-555.1700000000001
2025-07-21 04:15:00,-543.55
2025-07-21 04:30:00,-531.3900000000001
2025-07-21 04:45:00,-505.5899999999999
2025-07-21 05:00:00,-849.79
2025-07-21 05:15:00,-820.22
2025-07-21 05:30:00,-817.5999999999999
2025-07-21 05:45:00,-804.0899999999999
2025-07-21 06:00:00,-574.31
2025-07-21 06:15:00,-551.6600000000001
2025-07-21 06:30:00,-526.4100000000001
2025-07-21 06:45:00,-521.06
2025-07-21 07:00:00,-255.25
2025-07-21 07:15:00,-257.51
2025-07-21 07:30:00,-248.8599999999999
2025-07-21 07:45:00,-243.55999999999995
2025-07-21 08:00:00,-378.1300000000001
2025-07-21 08:15:00,-372.93000000000006
2025-07-21 08:30:00,-369.8800000000001
2025-07-21 08:45:00,-383.1600000000001
2025-07-21 09:00:00,-1038.0
2025-07-21 09:15:00,-1041.43
2025-07-21 09:30:00,-1052.83
2025-07-21 09:45:00,-1051.13
2025-07-21 10:00:00,-245.3699999999999
2025-07-21 10:15:00,-234.6199999999999
2025-07-21 10:30:00,-272.19000000000005
2025-07-21 10:45:00,-278.77
2025-07-21 11:00:00,-1641.21
2025-07-21 11:15:00,-1641.84
2025-07-21 11:30:00,-1642.79
2025-07-21 11:45:00,-1644.98
2025-07-21 12:00:00,1022.72
2025-07-21 12:15:00,1016.51
2025-07-21 12:30:00,1022.4300000000001
2025-07-21 12:45:00,1029.74
2025-07-21 13:00:00,-2465.04
2025-07-21 13:15:00,-2453.96
2025-07-21 13:30:00,-2445.35
2025-07-21 13:45:00,-2430.51
2025-07-21 14:00:00,-2012.77
2025-07-21 14:15:00,-1998.53
2025-07-21 14:30:00,-2007.08
2025-07-21 14:45:00,-2015.21
2025-07-21 15:00:00,-105.23000000000002
2025-07-21 15:15:00,-102.65000000000009
2025-07-21 15:30:00,-93.06999999999994
2025-07-21 15:45:00,-82.97000000000003
2025-07-21 16:00:00,94.11999999999989
2025-07-21 16:15:00,84.50999999999999
2025-07-21 16:30:00,86.8900000000001
2025-07-21 16:45:00,86.5
2025-07-21 17:00:00,273.6700000000001
2025-07-21 17:15:00,265.1199999999999
2025-07-21 17:30:00,245.31999999999994
2025-07-21 17:45:00,244.66000000000008
2025-07-21 18:00:00,348.8900000000001
2025-07-21 18:15:00,335.78
2025-07-21 18:30:00,347.4000000000001
2025-07-21 18:45:00,343.8499999999999
2025-07-21 19:00:00,137.95000000000005
2025-07-21 19:15:00,131.1400000000001
2025-07-21 19:30:00,119.43000000000006
2025-07-21 19:45:00,125.21000000000004
2025-07-21 20:00:00,337.0999999999999
2025-07-21 20:15:00,333.8399999999999
2025-07-21 20:30:00,338.3699999999999
2025-07-21 20:45:00,332.26
2025-07-21 21:00:00,670.6700000000001
2025-07-21 21:15:00,651.27
2025-07-21 21:30:00,646.81
2025-07-21 21:45:00,633.46
2025-07-21 22:00:00,454.0999999999999
2025-07-21 22:15:00,433.75
2025-07-21 22:30:00,422.1199999999999
2025-07-21 22:45:00,414.3900000000001
2025-07-21 23:00:00,385.22
2025-07-21 23:15:00,370.6500000000001
2025-07-21 23:30:00,365.27
2025-07-21 23:45:00,361.8699999999999
2025-07-22 00:00:00,784.72
2025-07-22 00:15:00,779.79
2025-07-22 00:30:00,772.4100000000001
2025-07-22 00:45:00,768.9000000000001
2025-07-22 01:00:00,1395.26
2025-07-22 01:15:00,1395.68
2025-07-22 01:30:00,1394.94
2025-07-22 01:45:00,1396.16
2025-07-22 02:00:00,910.27
2025-07-22 02:15:00,910.76
2025-07-22 02:30:00,900.46
2025-07-22 02:45:00,897.4300000000001
2025-07-22 03:00:00,908.74
2025-07-22 03:15:00,908.52
2025-07-22 03:30:00,912.48
2025-07-22 03:45:00,920.03
2025-07-22 04:00:00,736.0799999999999
2025-07-22 04:15:00,751.95
2025-07-22 04:30:00,776.6099999999999
2025-07-22 04:45:00,784.29
2025-07-22 05:00:00,1207.13
2025-07-22 05:15:00,1218.67
2025-07-22 05:30:00,1233.53
2025-07-22 05:45:00,1247.16
2025-07-22 06:00:00,1091.04
2025-07-22 06:15:00,1098.76
2025-07-22 06:30:00,1115.0
2025-07-22 06:45:00,1131.47
2025-07-22 07:00:00,1061.98
2025-07-22 07:15:00,1065.65
2025-07-22 07:30:00,1076.77
2025-07-22 07:45:00,1075.41
2025-07-22 08:00:00,885.4000000000001
2025-07-22 08:15:00,899.51
2025-07-22 08:30:00,912.3199999999999
2025-07-22 08:45:00,912.5799999999999
2025-07-22 09:00:00,887.98
2025-07-22 09:15:00,877.25
2025-07-22 09:30:00,883.6099999999999
2025-07-22 09:45:00,885.0799999999999
2025-07-22 10:00:00,403.3699999999999
2025-07-22 10:15:00,401.75
2025-07-22 10:30:00,404.1500000000001
2025-07-22 10:45:00,412.55999999999995
2025-07-22 11:00:00,159.26
2025-07-22 11:15:00,152.1199999999999
2025-07-22 11:30:00,166.3699999999999
2025-07-22 11:45:00,173.77999999999997
2025-07-22 12:00:00,268.45000000000005
2025-07-22 12:15:00,283.0799999999999
2025-07-22 12:30:00,297.01
2025-07-22 12:45:00,309.8900000000001
2025-07-22 13:00:00,-835.81
2025-07-22 13:15:00,-831.22
2025-07-22 13:30:00,-842.8900000000001
2025-07-22 13:45:00,-853.9200000000001
2025-07-22 14:00:00,-628.5
2025-07-22 14:15:00,-632.53
2025-07-22 14:30:00,-650.6199999999999
2025-07-22 14:45:00,-663.6099999999999
2025-07-22 15:00:00,-887.77
2025-07-22 15:15:00,-905.1400000000001
2025-07-22 15:30:00,-902.23
2025-07-22 15:45:00,-887.03
2025-07-22 16:00:00,-1257.43
2025-07-22 16:15:00,-1255.98
2025-07-22 16:30:00,-1236.41
2025-07-22 16:45:00,-1239.73
2025-07-22 17:00:00,-1241.79
2025-07-22 17:15:00,-1237.1
2025-07-22 17:30:00,-1248.92
2025-07-22 17:45:00,-1247.74
2025-07-22 18:00:00,-1080.98
2025-07-22 18:15:00,-1089.38
2025-07-22 18:30:00,-1093.21
2025-07-22 18:45:00,-1095.2
2025-07-22 19:00:00,-563.9000000000001
2025-07-22 19:15:00,-579.1500000000001
2025-07-22 19:30:00,-602.0799999999999
2025-07-22 19:45:00,-608.6500000000001
2025-07-22 20:00:00,37.3599999999999
2025-07-22 20:15:00,31.40000000000009
2025-07-22 20:30:00,34.299999999999955
2025-07-22 20:45:00,26.74000000000001
2025-07-22 21:00:00,586.3599999999999
2025-07-22 21:15:00,570.4200000000001
2025-07-22 21:30:00,564.8800000000001
2025-07-22 21:45:00,547.96
2025-07-22 22:00:00,1045.1
2025-07-22 22:15:00,1025.33
2025-07-22 22:30:00,1013.1600000000001
2025-07-22 22:45:00,1001.75
2025-07-22 23:00:00,752.04
2025-07-22 23:15:00,750.9100000000001
2025-07-22 23:30:00,742.29
2025-07-22 23:45:00,738.3800000000001
2025-07-23 00:00:00,814.3199999999999
2025-07-23 00:15:00,805.72
2025-07-23 00:30:00,796.03
2025-07-23 00:45:00,792.71
2025-07-23 01:00:00,917.23
2025-07-23 01:15:00,910.99
2025-07-23 01:30:00,903.3
2025-07-23 01:45:00,905.3199999999999
2025-07-23 02:00:00,537.98
2025-07-23 02:15:00,540.4000000000001
2025-07-23 02:30:00,533.25
2025-07-23 02:45:00,527.95
2025-07-23 03:00:00,582.49
2025-07-23 03:15:00,587.9100000000001
2025-07-23 03:30:00,588.5699999999999
2025-07-23 03:45:00,592.06
2025-07-23 04:00:00,424.9000000000001
2025-07-23 04:15:00,441.6199999999999
2025-07-23 04:30:00,456.27
2025-07-23 04:45:00,470.6300000000001
2025-07-23 05:00:00,767.3199999999999
2025-07-23 05:15:00,782.69
2025-07-23 05:30:00,797.8199999999999
2025-07-23 05:45:00,824.3499999999999
2025-07-23 06:00:00,860.3699999999999
2025-07-23 06:15:00,871.47
2025-07-23 06:30:00,879.06
2025-07-23 06:45:00,897.25
2025-07-23 07:00:00,569.02
2025-07-23 07:15:00,571.9200000000001
2025-07-23 07:30:00,581.99
2025-07-23 07:45:00,581.95
2025-07-23 08:00:00,454.26
2025-07-23 08:15:00,468.5999999999999
2025-07-23 08:30:00,465.53999999999996
2025-07-23 08:45:00,457.98
2025-07-23 09:00:00,378.4000000000001
2025-07-23 09:15:00,370.47
2025-07-23 09:30:00,373.98
2025-07-23 09:45:00,198.55999999999995
2025-07-23 10:00:00,-70.3900000000001
2025-07-23 10:15:00,79.28999999999996
2025-07-23 10:30:00,68.22000000000003
2025-07-23 10:45:00,61.180000000000064
2025-07-23 11:00:00,-652.6700000000001
2025-07-23 11:15:00,-659.78
2025-07-23 11:30:00,-654.5899999999999
2025-07-23 11:45:00,-645.8599999999999
2025-07-23 12:00:00,1241.18
2025-07-23 12:15:00,1236.78
2025-07-23 12:30:00,1234.36
2025-07-23 12:45:00,1236.41
2025-07-23 13:00:00,-538.1800000000001
2025-07-23 13:15:00,-538.3299999999999
2025-07-23 13:30:00,-543.5699999999999
2025-07-23 13:45:00,-537.44
2025-07-23 14:00:00,-232.93000000000006
2025-07-23 14:15:00,-213.01
2025-07-23 14:30:00,-213.5999999999999
2025-07-23 14:45:00,-219.05999999999995
2025-07-23 15:00:00,-629.73
2025-07-23 15:15:00,-631.05
2025-07-23 15:30:00,-630.06
2025-07-23 15:45:00,-621.1500000000001
2025-07-23 16:00:00,284.6099999999999
2025-07-23 16:15:00,291.94000000000005
2025-07-23 16:30:00,290.53
2025-07-23 16:45:00,292.71000000000004
2025-07-23 17:00:00,-599.0
2025-07-23 17:15:00,-601.0899999999999
2025-07-23 17:30:00,-579.3800000000001
2025-07-23 17:45:00,-567.24
2025-07-23 18:00:00,-258.02
2025-07-23 18:15:00,-270.5799999999999
2025-07-23 18:30:00,-277.9000000000001
2025-07-23 18:45:00,-283.5
2025-07-23 19:00:00,-686.8900000000001
2025-07-23 19:15:00,-709.5699999999999
2025-07-23 19:30:00,-697.01
2025-07-23 19:45:00,-710.51
2025-07-23 20:00:00,-681.27
2025-07-23 20:15:00,-678.5
2025-07-23 20:30:00,-677.53
2025-07-23 20:45:00,-675.6700000000001
2025-07-23 21:00:00,-1274.22
2025-07-23 21:15:00,-1278.68
2025-07-23 21:30:00,-1297.11
2025-07-23 21:45:00,-1302.46
2025-07-23 22:00:00,-686.99
2025-07-23 22:15:00,-702.02
2025-07-23 22:30:00,-714.8199999999999
2025-07-23 22:45:00,-723.31
2025-07-23 23:00:00,-692.76
2025-07-23 23:15:00,-707.27
2025-07-23 23:30:00,-712.76
2025-07-23 23:45:00,-722.9300000000001
2025-07-24 00:00:00,-565.04
2025-07-24 00:15:00,-565.45
2025-07-24 00:30:00,-577.5999999999999
2025-07-24 00:45:00,-578.78
2025-07-24 01:00:00,-1273.95
2025-07-24 01:15:00,-1278.64
2025-07-24 01:30:00,-1282.57
2025-07-24 01:45:00,-1286.03
2025-07-24 02:00:00,-1200.66
2025-07-24 02:15:00,-1205.19
2025-07-24 02:30:00,-1210.81
2025-07-24 02:45:00,-1207.65
2025-07-24 03:00:00,-1095.62
2025-07-24 03:15:00,-1096.66
2025-07-24 03:30:00,-1094.77
2025-07-24 03:45:00,-1085.33
2025-07-24 04:00:00,-566.3199999999999
2025-07-24 04:15:00,-551.99
2025-07-24 04:30:00,-534.4100000000001
2025-07-24 04:45:00,-522.77
2025-07-24 05:00:00,-658.05
2025-07-24 05:15:00,-678.02
2025-07-24 05:30:00,-690.25
2025-07-24 05:45:00,-684.5
2025-07-24 06:00:00,-805.9100000000001
2025-07-24 06:15:00,-783.25
2025-07-24 06:30:00,-759.8199999999999
2025-07-24 06:45:00,-730.73
2025-07-24 07:00:00,-451.9000000000001
2025-07-24 07:15:00,-438.72
2025-07-24 07:30:00,-410.74
2025-07-24 07:45:00,-399.1600000000001
2025-07-24 08:00:00,-425.8499999999999
2025-07-24 08:15:00,-409.81999999999994
2025-07-24 08:30:00,-408.0799999999999
2025-07-24 08:45:00,-390.3800000000001
2025-07-24 09:00:00,-910.19
2025-07-24 09:15:00,-916.8699999999999
2025-07-24 09:30:00,-927.6800000000001
2025-07-24 09:45:00,-923.49
2025-07-24 10:00:00,-1807.53
2025-07-24 10:15:00,-1802.42
2025-07-24 10:30:00,-1801.24
2025-07-24 10:45:00,-1807.56
2025-07-24 11:00:00,-2172.79
2025-07-24 11:15:00,-2172.1800000000003
2025-07-24 11:30:00,-2162.17
2025-07-24 11:45:00,-2158.33
2025-07-24 12:00:00,-1334.18
2025-07-24 12:15:00,-1338.9
2025-07-24 12:30:00,-1341.61
2025-07-24 12:45:00,-1328.11
2025-07-24 13:00:00,-1552.89
2025-07-24 13:15:00,-1552.58
2025-07-24 13:30:00,-1548.68
2025-07-24 13:45:00,-1541.14
2025-07-24 14:00:00,-2718.9
2025-07-24 14:15:00,-2713.15
2025-07-24 14:30:00,-2718.5299999999997
2025-07-24 14:45:00,-2721.06
2025-07-24 15:00:00,-2100.73
2025-07-24 15:15:00,-2114.44
2025-07-24 15:30:00,-2120.7799999999997
2025-07-24 15:45:00,-2127.09
2025-07-24 16:00:00,-2420.76
2025-07-24 16:15:00,-2425.71
2025-07-24 16:30:00,-2424.33
2025-07-24 16:45:00,-2426.3199999999997
2025-07-24 17:00:00,-2045.38
2025-07-24 17:15:00,-2046.23
2025-07-24 17:30:00,-2047.02
2025-07-24 17:45:00,-2057.35
2025-07-24 18:00:00,-1590.77
2025-07-24 18:15:00,-1608.63
2025-07-24 18:30:00,-1608.1
2025-07-24 18:45:00,-1622.89
2025-07-24 19:00:00,-1577.19
2025-07-24 19:15:00,-1589.4
2025-07-24 19:30:00,-1585.64
2025-07-24 19:45:00,-1589.13
2025-07-24 20:00:00,-1425.26
2025-07-24 20:15:00,-1439.29
2025-07-24 20:30:00,-1431.4
2025-07-24 20:45:00,-1432.34
2025-07-24 21:00:00,-1191.55
2025-07-24 21:15:00,-1201.92
2025-07-24 21:30:00,-1211.54
2025-07-24 21:45:00,-1223.7
2025-07-24 22:00:00,-1633.31
2025-07-24 22:15:00,-1656.25
2025-07-24 22:30:00,-1665.57
2025-07-24 22:45:00,-1676.55
2025-07-24 23:00:00,-1691.52
2025-07-24 23:15:00,-1688.79
2025-07-24 23:30:00,-1696.13
2025-07-24 23:45:00,-1701.05
2025-07-25 00:00:00,-1427.08
2025-07-25 00:15:00,-1433.39
2025-07-25 00:30:00,-1438.23
2025-07-25 00:45:00,-1448.11
2025-07-25 01:00:00,-1448.69
2025-07-25 01:15:00,-1451.95
2025-07-25 01:30:00,-1455.8
2025-07-25 01:45:00,-1457.05
2025-07-25 02:00:00,-1517.03
2025-07-25 02:15:00,-1520.44
2025-07-25 02:30:00,-1522.67
2025-07-25 02:45:00,-1529.19
2025-07-25 03:00:00,-1417.1
2025-07-25 03:15:00,-1409.73
2025-07-25 03:30:00,-1405.68
2025-07-25 03:45:00,-1395.93
2025-07-25 04:00:00,-1296.11
2025-07-25 04:15:00,-1291.42
2025-07-25 04:30:00,-1272.75
2025-07-25 04:45:00,-1261.79
2025-07-25 05:00:00,-939.0
2025-07-25 05:15:00,-922.73
2025-07-25 05:30:00,-905.8199999999999
2025-07-25 05:45:00,-895.5799999999999
2025-07-25 06:00:00,-1015.78
2025-07-25 06:15:00,-1009.22
2025-07-25 06:30:00,-996.44
2025-07-25 06:45:00,-985.04
2025-07-25 07:00:00,-1040.41
2025-07-25 07:15:00,-1039.55
2025-07-25 07:30:00,-1027.51
2025-07-25 07:45:00,-1028.11
2025-07-25 08:00:00,-802.76
2025-07-25 08:15:00,-787.31
2025-07-25 08:30:00,-793.31
2025-07-25 08:45:00,-799.5
2025-07-25 09:00:00,-700.94
2025-07-25 09:15:00,-698.0999999999999
2025-07-25 09:30:00,-700.74
2025-07-25 09:45:00,-705.0699999999999
2025-07-25 10:00:00,-814.81
2025-07-25 10:15:00,-805.9000000000001
2025-07-25 10:30:00,-811.6400000000001
2025-07-25 10:45:00,-821.0999999999999
2025-07-25 11:00:00,-184.47000000000003
2025-07-25 11:15:00,-199.94000000000005
2025-07-25 11:30:00,-220.5999999999999
2025-07-25 11:45:00,-225.19000000000005
2025-07-25 12:00:00,-1333.47
2025-07-25 12:15:00,-1337.66
2025-07-25 12:30:00,-1323.82
2025-07-25 12:45:00,-1316.56
2025-07-25 13:00:00,-1466.19
2025-07-25 13:15:00,-1464.22
2025-07-25 13:30:00,-1456.27
2025-07-25 13:45:00,-1458.31
2025-07-25 14:00:00,-1291.67
2025-07-25 14:15:00,-1285.68
2025-07-25 14:30:00,-1279.13
2025-07-25 14:45:00,-1280.23
2025-07-25 15:00:00,-825.75
2025-07-25 15:15:00,-842.3599999999999
2025-07-25 15:30:00,-834.45
2025-07-25 15:45:00,-814.0
2025-07-25 16:00:00,-1606.88
2025-07-25 16:15:00,-1607.1
2025-07-25 16:30:00,-1602.24
2025-07-25 16:45:00,-1603.94
2025-07-25 17:00:00,-1121.53
2025-07-25 17:15:00,-1114.05
2025-07-25 17:30:00,-1111.04
2025-07-25 17:45:00,-1112.79
2025-07-25 18:00:00,-235.8599999999999
2025-07-25 18:15:00,-248.06999999999994
2025-07-25 18:30:00,-244.6400000000001
2025-07-25 18:45:00,-255.46000000000004
2025-07-25 19:00:00,781.8199999999999
2025-07-25 19:15:00,771.72
2025-07-25 19:30:00,770.3399999999999
2025-07-25 19:45:00,764.8399999999999
2025-07-25 20:00:00,393.6400000000001
2025-07-25 20:15:00,398.04999999999995
2025-07-25 20:30:00,396.05999999999995
2025-07-25 20:45:00,389.28999999999996
2025-07-25 21:00:00,303.6600000000001
2025-07-25 21:15:00,293.9000000000001
2025-07-25 21:30:00,288.56999999999994
2025-07-25 21:45:00,282.28999999999996
2025-07-25 22:00:00,-177.52999999999997
2025-07-25 22:15:00,-178.46000000000004
2025-07-25 22:30:00,-185.4000000000001
2025-07-25 22:45:00,-192.0999999999999
2025-07-25 23:00:00,-959.97
2025-07-25 23:15:00,-957.3
2025-07-25 23:30:00,-961.71
2025-07-25 23:45:00,-969.9200000000001
2025-07-26 00:00:00,-938.1700000000001
2025-07-26 00:15:00,-940.6300000000001
2025-07-26 00:30:00,-946.55
2025-07-26 00:45:00,-953.7
2025-07-26 01:00:00,-1520.18
2025-07-26 01:15:00,-1519.53
2025-07-26 01:30:00,-1521.32
2025-07-26 01:45:00,-1530.66
2025-07-26 02:00:00,-932.0999999999999
2025-07-26 02:15:00,-931.99
2025-07-26 02:30:00,-937.5899999999999
2025-07-26 02:45:00,-939.79
2025-07-26 03:00:00,-520.8399999999999
2025-07-26 03:15:00,-521.73
2025-07-26 03:30:00,-532.8800000000001
2025-07-26 03:45:00,-527.05
2025-07-26 04:00:00,-619.6400000000001
2025-07-26 04:15:00,-618.1500000000001
2025-07-26 04:30:00,-606.5
2025-07-26 04:45:00,-608.51
2025-07-26 05:00:00,-849.0899999999999
2025-07-26 05:15:00,-832.3800000000001
2025-07-26 05:30:00,-829.0699999999999
2025-07-26 05:45:00,-815.56
2025-07-26 06:00:00,-1265.22
2025-07-26 06:15:00,-1263.53
2025-07-26 06:30:00,-1254.48
2025-07-26 06:45:00,-1247.27
2025-07-26 07:00:00,-649.02
2025-07-26 07:15:00,-643.51
2025-07-26 07:30:00,-627.44
2025-07-26 07:45:00,-619.1600000000001
2025-07-26 08:00:00,-502.0899999999999
2025-07-26 08:15:00,-496.05999999999995
2025-07-26 08:30:00,-480.4100000000001
2025-07-26 08:45:00,-488.4000000000001
2025-07-26 09:00:00,-506.98
2025-07-26 09:15:00,-513.19
2025-07-26 09:30:00,-511.05999999999995
2025-07-26 09:45:00,-515.4000000000001
2025-07-26 10:00:00,-257.79999999999995
2025-07-26 10:15:00,-258.81999999999994
2025-07-26 10:30:00,-251.72000000000003
2025-07-26 10:45:00,-260.6099999999999
2025-07-26 11:00:00,-642.8599999999999
2025-07-26 11:15:00,-640.8800000000001
2025-07-26 11:30:00,-640.9000000000001
2025-07-26 11:45:00,-646.8399999999999
2025-07-26 12:00:00,-1102.57
2025-07-26 12:15:00,-1111.39
2025-07-26 12:30:00,-1107.12
2025-07-26 12:45:00,-1121.05
2025-07-26 13:00:00,-1144.45
2025-07-26 13:15:00,-1158.86
2025-07-26 13:30:00,-1146.88
2025-07-26 13:45:00,-1138.86
2025-07-26 14:00:00,-551.8199999999999
2025-07-26 14:15:00,-539.04
2025-07-26 14:30:00,-540.6300000000001
2025-07-26 14:45:00,-539.96
2025-07-26 15:00:00,-433.95000000000005
2025-07-26 15:15:00,-436.3499999999999
2025-07-26 15:30:00,-441.3800000000001
2025-07-26 15:45:00,-433.71000000000004
2025-07-26 16:00:00,-480.6199999999999
2025-07-26 16:15:00,-487.6300000000001
2025-07-26 16:30:00,-476.56999999999994
2025-07-26 16:45:00,-476.03999999999996
2025-07-26 17:00:00,-396.46000000000004
2025-07-26 17:15:00,-399.78999999999996
2025-07-26 17:30:00,-391.96000000000004
2025-07-26 17:45:00,-385.4000000000001
2025-07-26 18:00:00,-472.03
2025-07-26 18:15:00,-484.26
2025-07-26 18:30:00,-484.6600000000001
2025-07-26 18:45:00,-489.1199999999999
2025-07-26 19:00:00,-536.0799999999999
2025-07-26 19:15:00,-535.74
2025-07-26 19:30:00,-538.28
2025-07-26 19:45:00,-541.6700000000001
2025-07-26 20:00:00,-65.25
2025-07-26 20:15:00,-65.80999999999995
2025-07-26 20:30:00,-61.59999999999991
2025-07-26 20:45:00,-71.76999999999998
2025-07-26 21:00:00,545.29
2025-07-26 21:15:00,540.3399999999999
2025-07-26 21:30:00,528.27
2025-07-26 21:45:00,518.53
2025-07-26 22:00:00,693.47
2025-07-26 22:15:00,687.1300000000001
2025-07-26 22:30:00,681.99
2025-07-26 22:45:00,669.29
2025-07-26 23:00:00,775.81
2025-07-26 23:15:00,778.7
2025-07-26 23:30:00,773.54
2025-07-26 23:45:00,766.5699999999999
2025-07-27 00:00:00,1037.61
2025-07-27 00:15:00,1033.97
2025-07-27 00:30:00,1028.75
2025-07-27 00:45:00,1026.98
2025-07-27 01:00:00,719.05
2025-07-27 01:15:00,717.3499999999999
2025-07-27 01:30:00,711.47
2025-07-27 01:45:00,713.6800000000001
2025-07-27 02:00:00,622.5
2025-07-27 02:15:00,624.5799999999999
2025-07-27 02:30:00,619.6300000000001
2025-07-27 02:45:00,614.0699999999999
2025-07-27 03:00:00,734.3699999999999
2025-07-27 03:15:00,726.8399999999999
2025-07-27 03:30:00,723.6300000000001
2025-07-27 03:45:00,730.25
2025-07-27 04:00:00,842.47
2025-07-27 04:15:00,847.4000000000001
2025-07-27 04:30:00,844.53
2025-07-27 04:45:00,847.0699999999999
2025-07-27 05:00:00,666.99
2025-07-27 05:15:00,670.26
2025-07-27 05:30:00,679.55
2025-07-27 05:45:00,686.96
2025-07-27 06:00:00,379.56999999999994
2025-07-27 06:15:00,387.8299999999999
2025-07-27 06:30:00,398.3800000000001
2025-07-27 06:45:00,404.8900000000001
2025-07-27 07:00:00,-168.6199999999999
2025-07-27 07:15:00,-155.08999999999992
2025-07-27 07:30:00,-147.20000000000005
2025-07-27 07:45:00,-146.16000000000008
2025-07-27 08:00:00,254.1500000000001
2025-07-27 08:15:00,244.42000000000007
2025-07-27 08:30:00,244.22000000000003
2025-07-27 08:45:00,243.8699999999999
2025-07-27 09:00:00,322.0799999999999
2025-07-27 09:15:00,322.5
2025-07-27 09:30:00,323.93000000000006
2025-07-27 09:45:00,324.5899999999999
2025-07-27 10:00:00,252.0999999999999
2025-07-27 10:15:00,249.97000000000003
2025-07-27 10:30:00,251.28999999999996
2025-07-27 10:45:00,243.21000000000004
2025-07-27 11:00:00,-548.6600000000001
2025-07-27 11:15:00,-548.29
2025-07-27 11:30:00,-539.75
2025-07-27 11:45:00,-542.9100000000001
2025-07-27 12:00:00,-1090.02
2025-07-27 12:15:00,-1078.82
2025-07-27 12:30:00,-1079.82
2025-07-27 12:45:00,-1076.25
2025-07-27 13:00:00,-1454.37
2025-07-27 13:15:00,-1466.21
2025-07-27 13:30:00,-1461.75
2025-07-27 13:45:00,-1449.21
2025-07-27 14:00:00,-1574.64
2025-07-27 14:15:00,-1569.59
2025-07-27 14:30:00,-1570.37
2025-07-27 14:45:00,-1574.57
2025-07-27 15:00:00,-1703.98
2025-07-27 15:15:00,-1709.23
2025-07-27 15:30:00,-1708.34
2025-07-27 15:45:00,-1697.98
2025-07-27 16:00:00,-1522.06
2025-07-27 16:15:00,-1524.27
2025-07-27 16:30:00,-1517.31
2025-07-27 16:45:00,-1523.2
2025-07-27 17:00:00,-1449.92
2025-07-27 17:15:00,-1448.21
2025-07-27 17:30:00,-1446.68
2025-07-27 17:45:00,-1445.17
2025-07-27 18:00:00,-921.54
2025-07-27 18:15:00,-924.3
2025-07-27 18:30:00,-925.77
2025-07-27 18:45:00,-932.5
2025-07-27 19:00:00,-375.72
2025-07-27 19:15:00,-376.79999999999995
2025-07-27 19:30:00,-375.80999999999995
2025-07-27 19:45:00,-382.01
2025-07-27 20:00:00,-9.519999999999982
2025-07-27 20:15:00,-11.6099999999999
2025-07-27 20:30:00,-10.769999999999982
2025-07-27 20:45:00,-16.920000000000073
2025-07-27 21:00:00,-14.799999999999955
2025-07-27 21:15:00,-24.0
2025-07-27 21:30:00,-35.74000000000001
2025-07-27 21:45:00,-56.92000000000007
2025-07-27 22:00:00,974.47
2025-07-27 22:15:00,964.3900000000001
2025-07-27 22:30:00,950.8599999999999
2025-07-27 22:45:00,944.81
2025-07-27 23:00:00,966.6800000000001
2025-07-27 23:15:00,960.3900000000001
2025-07-27 23:30:00,955.1400000000001
2025-07-27 23:45:00,950.56
2025-07-28 00:00:00,1009.01
2025-07-28 00:15:00,1008.3800000000001
2025-07-28 00:30:00,993.2
2025-07-28 00:45:00,995.1600000000001
2025-07-28 01:00:00,1329.91
2025-07-28 01:15:00,1330.22
2025-07-28 01:30:00,1328.34
2025-07-28 01:45:00,1321.38
2025-07-28 02:00:00,746.52
2025-07-28 02:15:00,748.99
2025-07-28 02:30:00,746.26
2025-07-28 02:45:00,744.76
2025-07-28 03:00:00,656.48
2025-07-28 03:15:00,652.05
2025-07-28 03:30:00,654.27
2025-07-28 03:45:00,656.6199999999999
2025-07-28 04:00:00,1188.18
2025-07-28 04:15:00,1202.26
2025-07-28 04:30:00,1220.17
2025-07-28 04:45:00,1229.41
2025-07-28 05:00:00,693.29
2025-07-28 05:15:00,714.49
2025-07-28 05:30:00,729.47
2025-07-28 05:45:00,738.6800000000001
2025-07-28 06:00:00,1146.66
2025-07-28 06:15:00,1155.69
2025-07-28 06:30:00,1161.06
2025-07-28 06:45:00,1174.06
2025-07-28 07:00:00,896.29
2025-07-28 07:15:00,898.51
2025-07-28 07:30:00,911.1800000000001
2025-07-28 07:45:00,911.78
2025-07-28 08:00:00,-125.23000000000002
2025-07-28 08:15:00,-120.90000000000009
2025-07-28 08:30:00,-112.52999999999997
2025-07-28 08:45:00,-115.08999999999992
2025-07-28 09:00:00,-350.51
2025-07-28 09:15:00,-359.3900000000001
2025-07-28 09:30:00,-361.20000000000005
2025-07-28 09:45:00,-360.18000000000006
2025-07-28 10:00:00,-856.79
2025-07-28 10:15:00,-845.8
2025-07-28 10:30:00,-842.6800000000001
2025-07-28 10:45:00,-859.54
2025-07-28 11:00:00,-1363.17
2025-07-28 11:15:00,-1352.24
2025-07-28 11:30:00,-1363.55
2025-07-28 11:45:00,-1359.5
2025-07-28 12:00:00,-1610.29
2025-07-28 12:15:00,-1659.36
2025-07-28 12:30:00,-1698.31
2025-07-28 12:45:00,-1705.43
2025-07-28 13:00:00,-2164.6
2025-07-28 13:15:00,-2146.4
2025-07-28 13:30:00,-2124.6400000000003
2025-07-28 13:45:00,-2109.84
2025-07-28 14:00:00,-2076.6
2025-07-28 14:15:00,-2046.64
2025-07-28 14:30:00,-2053.8199999999997
2025-07-28 14:45:00,-2048.74
2025-07-28 15:00:00,-2184.24
2025-07-28 15:15:00,-2201.74
2025-07-28 15:30:00,-2194.29
2025-07-28 15:45:00,-2187.04
2025-07-28 16:00:00,-2198.6099999999997
2025-07-28 16:15:00,-2204.27
2025-07-28 16:30:00,-2191.02
2025-07-28 16:45:00,-2189.79
2025-07-28 17:00:00,-2258.56
2025-07-28 17:15:00,-2252.66
2025-07-28 17:30:00,-2248.69
2025-07-28 17:45:00,-2244.87
2025-07-28 18:00:00,-2225.62
2025-07-28 18:15:00,-2238.48
2025-07-28 18:30:00,-2231.3900000000003
2025-07-28 18:45:00,-2233.27
2025-07-28 19:00:00,-1930.58
2025-07-28 19:15:00,-1940.12
2025-07-28 19:30:00,-1947.92
2025-07-28 19:45:00,-1947.99
2025-07-28 20:00:00,-1609.67
2025-07-28 20:15:00,-1609.59
2025-07-28 20:30:00,-1609.69
2025-07-28 20:45:00,-1617.18
2025-07-28 21:00:00,-1716.94
2025-07-28 21:15:00,-1732.57
2025-07-28 21:30:00,-1737.0
2025-07-28 21:45:00,-1745.85
2025-07-28 22:00:00,-1671.14
2025-07-28 22:15:00,-1683.84
2025-07-28 22:30:00,-1690.91
2025-07-28 22:45:00,-1698.15
2025-07-28 23:00:00,-1383.32
2025-07-28 23:15:00,-1393.26
2025-07-28 23:30:00,-1401.16
2025-07-28 23:45:00,-1408.95
2025-07-29 00:00:00,-1352.21
2025-07-29 00:15:00,-1360.62
2025-07-29 00:30:00,-1365.36
2025-07-29 00:45:00,-1375.43
2025-07-29 01:00:00,-2147.04
2025-07-29 01:15:00,-2156.25
2025-07-29 01:30:00,-2156.8900000000003
2025-07-29 01:45:00,-2155.01
2025-07-29 02:00:00,-2194.87
2025-07-29 02:15:00,-2196.63
2025-07-29 02:30:00,-2196.7799999999997
2025-07-29 02:45:00,-2204.69
2025-07-29 03:00:00,-1978.18
2025-07-29 03:15:00,-1981.23
2025-07-29 03:30:00,-1977.0
2025-07-29 03:45:00,-1972.71
2025-07-29 04:00:00,-2099.81
2025-07-29 04:15:00,-2088.06
2025-07-29 04:30:00,-2064.2
2025-07-29 04:45:00,-2044.86
2025-07-29 05:00:00,-1506.87
2025-07-29 05:15:00,-1499.41
2025-07-29 05:30:00,-1482.52
2025-07-29 05:45:00,-1478.03
2025-07-29 06:00:00,-2170.6
2025-07-29 06:15:00,-2163.87
2025-07-29 06:30:00,-2155.16
2025-07-29 06:45:00,-2151.19
2025-07-29 07:00:00,-2652.9
2025-07-29 07:15:00,-2657.4300000000003
2025-07-29 07:30:00,-2644.6800000000003
2025-07-29 07:45:00,-2640.3199999999997
2025-07-29 08:00:00,-3741.23
2025-07-29 08:15:00,-3729.4700000000003
2025-07-29 08:30:00,-3726.9700000000003
2025-07-29 08:45:00,-3749.55
2025-07-29 09:00:00,-3392.51
2025-07-29 09:15:00,-3392.55
2025-07-29 09:30:00,-3390.26
2025-07-29 09:45:00,-3396.24
2025-07-29 10:00:00,-3096.41
2025-07-29 10:15:00,-3100.2200000000003
2025-07-29 10:30:00,-3096.3
2025-07-29 10:45:00,-3083.29
2025-07-29 11:00:00,-2741.1099999999997
2025-07-29 11:15:00,-2742.49
2025-07-29 11:30:00,-2737.24
2025-07-29 11:45:00,-2913.74
2025-07-29 12:00:00,-3592.81
2025-07-29 12:15:00,-3597.92
2025-07-29 12:30:00,-3605.7200000000003
2025-07-29 12:45:00,-3607.92
2025-07-29 13:00:00,-4282.84
2025-07-29 13:15:00,-4280.3
2025-07-29 13:30:00,-4271.5
2025-07-29 13:45:00,-4268.2
2025-07-29 14:00:00,-4357.47
2025-07-29 14:15:00,-4349.36
2025-07-29 14:30:00,-4365.67
2025-07-29 14:45:00,-4367.24
2025-07-29 15:00:00,-4517.75
2025-07-29 15:15:00,-4524.36
2025-07-29 15:30:00,-4527.62
2025-07-29 15:45:00,-4519.45
2025-07-29 16:00:00,-4687.7
2025-07-29 16:15:00,-4692.37
2025-07-29 16:30:00,-4691.25
2025-07-29 16:45:00,-4692.65
2025-07-29 17:00:00,-4630.05
2025-07-29 17:15:00,-4628.39
2025-07-29 17:30:00,-4633.03
2025-07-29 17:45:00,-4632.67
2025-07-29 18:00:00,-4214.34
2025-07-29 18:15:00,-4221.7
2025-07-29 18:30:00,-4220.88
2025-07-29 18:45:00,-4228.58
2025-07-29 19:00:00,-3860.62
2025-07-29 19:15:00,-3869.96
2025-07-29 19:30:00,-3873.77
2025-07-29 19:45:00,-3881.85
2025-07-29 20:00:00,-3720.96
2025-07-29 20:15:00,-3727.42
2025-07-29 20:30:00,-3730.76
2025-07-29 20:45:00,-3731.52
2025-07-29 21:00:00,-3341.2
2025-07-29 21:15:00,-3362.05
2025-07-29 21:30:00,-3376.21
2025-07-29 21:45:00,-3392.26
2025-07-29 22:00:00,-3375.21
2025-07-29 22:15:00,-3387.02
2025-07-29 22:30:00,-3401.62
2025-07-29 22:45:00,-3409.76
2025-07-29 23:00:00,-3046.0699999999997
2025-07-29 23:15:00,-3057.94
2025-07-29 23:30:00,-3063.75
2025-07-29 23:45:00,-3070.8
2025-07-30 00:00:00,-2666.0699999999997
2025-07-30 00:15:00,-2674.8900000000003
2025-07-30 00:30:00,-2679.45
2025-07-30 00:45:00,-2681.27
2025-07-30 01:00:00,-2717.87
2025-07-30 01:15:00,-2719.29
2025-07-30 01:30:00,-2719.91
2025-07-30 01:45:00,-2722.01
2025-07-30 02:00:00,-2625.96
2025-07-30 02:15:00,-2618.7799999999997
2025-07-30 02:30:00,-2627.1400000000003
2025-07-30 02:45:00,-2632.31
2025-07-30 03:00:00,-2512.44
2025-07-30 03:15:00,-2528.5299999999997
2025-07-30 03:30:00,-2517.52
2025-07-30 03:45:00,-2516.25
2025-07-30 04:00:00,-1942.0
2025-07-30 04:15:00,-1928.15
2025-07-30 04:30:00,-1914.49
2025-07-30 04:45:00,-1897.02
2025-07-30 05:00:00,-1281.66
2025-07-30 05:15:00,-1259.87
2025-07-30 05:30:00,-1244.47
2025-07-30 05:45:00,-1233.17
2025-07-30 06:00:00,-904.0699999999999
2025-07-30 06:15:00,-895.74
2025-07-30 06:30:00,-885.4200000000001
2025-07-30 06:45:00,-867.0
2025-07-30 07:00:00,-915.26
2025-07-30 07:15:00,-904.4200000000001
2025-07-30 07:30:00,-902.56
2025-07-30 07:45:00,-1046.03
2025-07-30 08:00:00,-1349.46
2025-07-30 08:15:00,-1162.27
2025-07-30 08:30:00,-1164.07
2025-07-30 08:45:00,-1169.09
2025-07-30 09:00:00,-381.8399999999999
2025-07-30 09:15:00,-390.46000000000004
2025-07-30 09:30:00,-393.53
2025-07-30 09:45:00,-394.72
2025-07-30 10:00:00,732.8599999999999
2025-07-30 10:15:00,737.45
2025-07-30 10:30:00,740.3499999999999
2025-07-30 10:45:00,730.0699999999999
2025-07-30 11:00:00,1376.81
2025-07-30 11:15:00,1376.58
2025-07-30 11:30:00,1377.09
2025-07-30 11:45:00,1367.9
2025-07-30 12:00:00,1354.18
2025-07-30 12:15:00,1350.96
2025-07-30 12:30:00,1348.6
2025-07-30 12:45:00,1354.64
2025-07-30 13:00:00,938.8499999999999
2025-07-30 13:15:00,943.3599999999999
2025-07-30 13:30:00,955.21
2025-07-30 13:45:00,959.4300000000001
2025-07-30 14:00:00,1070.87
2025-07-30 14:15:00,1075.07
2025-07-30 14:30:00,1072.48
2025-07-30 14:45:00,1067.6
2025-07-30 15:00:00,159.9000000000001
2025-07-30 15:15:00,151.96000000000004
2025-07-30 15:30:00,156.94000000000005
2025-07-30 15:45:00,159.81999999999994
2025-07-30 16:00:00,-558.8499999999999
2025-07-30 16:15:00,-568.27
2025-07-30 16:30:00,-564.4300000000001
2025-07-30 16:45:00,-561.72
2025-07-30 17:00:00,-677.24
2025-07-30 17:15:00,-678.02
2025-07-30 17:30:00,-675.1300000000001
2025-07-30 17:45:00,-678.78
2025-07-30 18:00:00,-317.5999999999999
2025-07-30 18:15:00,-326.55999999999995
2025-07-30 18:30:00,-318.96000000000004
2025-07-30 18:45:00,-321.3900000000001
2025-07-30 19:00:00,132.28999999999996
2025-07-30 19:15:00,137.04999999999995
2025-07-30 19:30:00,130.1500000000001
2025-07-30 19:45:00,121.40000000000009
2025-07-30 20:00:00,-307.99
2025-07-30 20:15:00,-316.31999999999994
2025-07-30 20:30:00,-323.6199999999999
2025-07-30 20:45:00,-325.1300000000001
2025-07-30 21:00:00,-209.22000000000003
2025-07-30 21:15:00,-225.43000000000006
2025-07-30 21:30:00,-235.83999999999992
2025-07-30 21:45:00,-240.72000000000003
2025-07-30 22:00:00,360.75
2025-07-30 22:15:00,341.69000000000005
2025-07-30 22:30:00,337.81999999999994
2025-07-30 22:45:00,319.56999999999994
2025-07-30 23:00:00,-814.22
2025-07-30 23:15:00,-826.22
2025-07-30 23:30:00,-838.52
2025-07-30 23:45:00,-848.71
2025-07-31 00:00:00,-1405.73
2025-07-31 00:15:00,-1412.74
2025-07-31 00:30:00,-1422.39
2025-07-31 00:45:00,-1420.04
2025-07-31 01:00:00,-613.5899999999999
2025-07-31 01:15:00,-605.6600000000001
2025-07-31 01:30:00,-622.05
2025-07-31 01:45:00,-624.1400000000001
2025-07-31 02:00:00,-360.5799999999999
2025-07-31 02:15:00,-364.46000000000004
2025-07-31 02:30:00,-361.98
2025-07-31 02:45:00,-364.3800000000001
2025-07-31 03:00:00,2.6700000000000728
2025-07-31 03:15:00,-8.1099999999999
2025-07-31 03:30:00,-7.880000000000109
2025-07-31 03:45:00,-1.5799999999999272
2025-07-31 04:00:00,-81.77999999999997
2025-07-31 04:15:00,-74.11999999999989
2025-07-31 04:30:00,-45.92000000000007
2025-07-31 04:45:00,-46.26999999999998
2025-07-31 05:00:00,-431.0899999999999
2025-07-31 05:15:00,-413.6600000000001
2025-07-31 05:30:00,-397.30999999999995
2025-07-31 05:45:00,-392.3800000000001
2025-07-31 06:00:00,-1211.63
2025-07-31 06:15:00,-1202.65
2025-07-31 06:30:00,-1196.05
2025-07-31 06:45:00,-1176.11
2025-07-31 07:00:00,-1355.09
2025-07-31 07:15:00,-1364.74
2025-07-31 07:30:00,-1356.21
2025-07-31 07:45:00,-1355.84
2025-07-31 08:00:00,-1535.23
2025-07-31 08:15:00,-1519.16
2025-07-31 08:30:00,-1536.13
2025-07-31 08:45:00,-1523.75
2025-07-31 09:00:00,-1652.14
2025-07-31 09:15:00,-1651.22
2025-07-31 09:30:00,-1654.07
2025-07-31 09:45:00,-1651.8
2025-07-31 10:00:00,-1384.67
2025-07-31 10:15:00,-1374.69
2025-07-31 10:30:00,-1371.96
2025-07-31 10:45:00,-1376.57
2025-07-31 11:00:00,-1175.86
2025-07-31 11:15:00,-1168.29
2025-07-31 11:30:00,-1162.8
2025-07-31 11:45:00,-1171.46
2025-07-31 12:00:00,-1271.23
2025-07-31 12:15:00,-1281.81
2025-07-31 12:30:00,-1285.72
2025-07-31 12:45:00,-1279.31
2025-07-31 13:00:00,-1573.68
2025-07-31 13:15:00,-1574.45
2025-07-31 13:30:00,-1565.57
2025-07-31 13:45:00,-1568.05
2025-07-31 14:00:00,-1637.58
2025-07-31 14:15:00,-1633.3
2025-07-31 14:30:00,-1632.69
2025-07-31 14:45:00,-1626.89
2025-07-31 15:00:00,-1805.57
2025-07-31 15:15:00,-1811.83
2025-07-31 15:30:00,-1811.6
2025-07-31 15:45:00,-1810.76
2025-07-31 16:00:00,-995.3
2025-07-31 16:15:00,-995.2
2025-07-31 16:30:00,-993.56
2025-07-31 16:45:00,-994.44
2025-07-31 17:00:00,-148.02999999999997
2025-07-31 17:15:00,-153.26
2025-07-31 17:30:00,-146.79999999999995
2025-07-31 17:45:00,-147.76
2025-07-31 18:00:00,-188.74
2025-07-31 18:15:00,-194.71000000000004
2025-07-31 18:30:00,-190.91000000000008
2025-07-31 18:45:00,-200.06999999999994
2025-07-31 19:00:00,62.01999999999998
2025-07-31 19:15:00,49.190000000000055
2025-07-31 19:30:00,47.450000000000045
2025-07-31 19:45:00,40.24000000000001
2025-07-31 20:00:00,210.49
2025-07-31 20:15:00,205.81999999999994
2025-07-31 20:30:00,203.97000000000003
2025-07-31 20:45:00,187.47000000000003
2025-07-31 21:00:00,434.44000000000005
2025-07-31 21:15:00,419.48
2025-07-31 21:30:00,413.01
2025-07-31 21:45:00,401.45000000000005
2025-07-31 22:00:00,298.4100000000001
2025-07-31 22:15:00,272.81999999999994
2025-07-31 22:30:00,263.71000000000004
2025-07-31 22:45:00,252.52999999999997
2025-07-31 23:00:00,-142.6300000000001
2025-07-31 23:15:00,-155.74
2025-07-31 23:30:00,-165.05999999999995
2025-07-31 23:45:00,-172.58999999999992
2025-08-01 00:00:00,-137.8800000000001
2025-08-01 00:15:00,-135.81999999999994
2025-08-01 00:30:00,-146.98000000000002
2025-08-01 00:45:00,-148.56999999999994
2025-08-01 01:00:00,-338.1300000000001
2025-08-01 01:15:00,-333.76
2025-08-01 01:30:00,-344.03999999999996
2025-08-01 01:45:00,-340.44000000000005
2025-08-01 02:00:00,99.54999999999995
2025-08-01 02:15:00,98.31999999999994
2025-08-01 02:30:00,91.59999999999991
2025-08-01 02:45:00,92.92000000000007
2025-08-01 03:00:00,-111.15000000000009
2025-08-01 03:15:00,-115.31999999999994
2025-08-01 03:30:00,-108.04999999999995
2025-08-01 03:45:00,-102.16000000000008
2025-08-01 04:00:00,-570.56
2025-08-01 04:15:00,-563.8599999999999
2025-08-01 04:30:00,-548.52
2025-08-01 04:45:00,-533.99
2025-08-01 05:00:00,-936.53
2025-08-01 05:15:00,-919.0699999999999
2025-08-01 05:30:00,-896.27
2025-08-01 05:45:00,-886.0899999999999
2025-08-01 06:00:00,-1719.13
2025-08-01 06:15:00,-1713.11
2025-08-01 06:30:00,-1697.33
2025-08-01 06:45:00,-1685.39
2025-08-01 07:00:00,-2132.7799999999997
2025-08-01 07:15:00,-2125.92
2025-08-01 07:30:00,-2119.73
2025-08-01 07:45:00,-2114.02
2025-08-01 08:00:00,-2208.01
2025-08-01 08:15:00,-2192.85
2025-08-01 08:30:00,-2188.9
2025-08-01 08:45:00,-2190.9700000000003
2025-08-01 09:00:00,-2626.13
2025-08-01 09:15:00,-2643.5299999999997
2025-08-01 09:30:00,-2649.0
2025-08-01 09:45:00,-2643.04
2025-08-01 10:00:00,-2204.12
2025-08-01 10:15:00,-2202.3
2025-08-01 10:30:00,-2208.73
2025-08-01 10:45:00,-2218.85
2025-08-01 11:00:00,-3073.7
2025-08-01 11:15:00,-3100.54
2025-08-01 11:30:00,-3116.44
2025-08-01 11:45:00,-3124.3599999999997
2025-08-01 12:00:00,-3433.67
2025-08-01 12:15:00,-3441.7799999999997
2025-08-01 12:30:00,-3446.5
2025-08-01 12:45:00,-3447.0299999999997
2025-08-01 13:00:00,-4140.14
2025-08-01 13:15:00,-4137.39
2025-08-01 13:30:00,-4139.76
2025-08-01 13:45:00,-4140.88
2025-08-01 14:00:00,-3682.1
2025-08-01 14:15:00,-3658.99
2025-08-01 14:30:00,-3666.58
2025-08-01 14:45:00,-3677.26
2025-08-01 15:00:00,-3617.62
2025-08-01 15:15:00,-3625.25
2025-08-01 15:30:00,-3614.17
2025-08-01 15:45:00,-3607.71
2025-08-01 16:00:00,-4163.61
2025-08-01 16:15:00,-4159.4
2025-08-01 16:30:00,-4141.36
2025-08-01 16:45:00,-4117.35
2025-08-01 17:00:00,-4119.08
2025-08-01 17:15:00,-4132.53
2025-08-01 17:30:00,-4144.07
2025-08-01 17:45:00,-4154.28
2025-08-01 18:00:00,-3749.76
2025-08-01 18:15:00,-3756.1
2025-08-01 18:30:00,-3761.2799999999997
2025-08-01 18:45:00,-3760.99
2025-08-01 19:00:00,-3554.38
2025-08-01 19:15:00,-3568.19
2025-08-01 19:30:00,-3568.56
2025-08-01 19:45:00,-3577.13
2025-08-01 20:00:00,-3372.59
2025-08-01 20:15:00,-3373.16
2025-08-01 20:30:00,-3371.37
2025-08-01 20:45:00,-3380.8599999999997
2025-08-01 21:00:00,-3258.5299999999997
2025-08-01 21:15:00,-3266.15
2025-08-01 21:30:00,-3276.7
2025-08-01 21:45:00,-3282.4700000000003
2025-08-01 22:00:00,-3237.12
2025-08-01 22:15:00,-3251.59
2025-08-01 22:30:00,-3262.12
2025-08-01 22:45:00,-3277.91
2025-08-01 23:00:00,-2980.24
2025-08-01 23:15:00,-2987.6800000000003
2025-08-01 23:30:00,-2990.3900000000003
2025-08-01 23:45:00,-3011.0699999999997
2025-08-02 00:00:00,-2743.05
2025-08-02 00:15:00,-2750.38
2025-08-02 00:30:00,-2758.45
2025-08-02 00:45:00,-2769.12
2025-08-02 01:00:00,-2497.63
2025-08-02 01:15:00,-2486.66
2025-08-02 01:30:00,-2493.8599999999997
2025-08-02 01:45:00,-2501.96
2025-08-02 02:00:00,-2682.7
2025-08-02 02:15:00,-2679.55
2025-08-02 02:30:00,-2680.6099999999997
2025-08-02 02:45:00,-2684.17
2025-08-02 03:00:00,-2572.84
2025-08-02 03:15:00,-2579.55
2025-08-02 03:30:00,-2592.3900000000003
2025-08-02 03:45:00,-2590.31
2025-08-02 04:00:00,-2644.85
2025-08-02 04:15:00,-2640.98
2025-08-02 04:30:00,-2640.75
2025-08-02 04:45:00,-2633.15
2025-08-02 05:00:00,-3101.96
2025-08-02 05:15:00,-3091.88
2025-08-02 05:30:00,-3082.05
2025-08-02 05:45:00,-3223.76
2025-08-02 06:00:00,-3319.8199999999997
2025-08-02 06:15:00,-3339.69
2025-08-02 06:30:00,-3342.15
2025-08-02 06:45:00,-3354.04
2025-08-02 07:00:00,-2618.5
2025-08-02 07:15:00,-2618.04
2025-08-02 07:30:00,-2609.94
2025-08-02 07:45:00,-2613.45
2025-08-02 08:00:00,-2258.23
2025-08-02 08:15:00,-2248.23
2025-08-02 08:30:00,-2223.7
2025-08-02 08:45:00,-2227.35
2025-08-02 09:00:00,-2073.46
2025-08-02 09:15:00,-2072.0699999999997
2025-08-02 09:30:00,-2067.16
2025-08-02 09:45:00,-2034.16
2025-08-02 10:00:00,-2573.06
2025-08-02 10:15:00,-2568.0299999999997
2025-08-02 10:30:00,-2587.08
2025-08-02 10:45:00,-2651.25
2025-08-02 11:00:00,-3056.02
2025-08-02 11:15:00,-3002.02
2025-08-02 11:30:00,-2917.8199999999997
2025-08-02 11:45:00,-2922.2200000000003
2025-08-02 12:00:00,-4044.04
2025-08-02 12:15:00,-4034.6099999999997
2025-08-02 12:30:00,-4036.79
2025-08-02 12:45:00,-4033.48
2025-08-02 13:00:00,-4627.64
2025-08-02 13:15:00,-4640.79
2025-08-02 13:30:00,-4637.17
2025-08-02 13:45:00,-4613.88
2025-08-02 14:00:00,-3950.9700000000003
2025-08-02 14:15:00,-3933.15
2025-08-02 14:30:00,-3940.55
2025-08-02 14:45:00,-3925.7
2025-08-02 15:00:00,-4021.4300000000003
2025-08-02 15:15:00,-4012.8900000000003
2025-08-02 15:30:00,-4014.88
2025-08-02 15:45:00,-4014.27
2025-08-02 16:00:00,-4018.81
2025-08-02 16:15:00,-4020.27
2025-08-02 16:30:00,-3983.3199999999997
2025-08-02 16:45:00,-3987.7200000000003
2025-08-02 17:00:00,-3370.05
2025-08-02 17:15:00,-3359.2799999999997
2025-08-02 17:30:00,-3352.04
2025-08-02 17:45:00,-3358.9300000000003
2025-08-02 18:00:00,-2848.3
2025-08-02 18:15:00,-2842.4
2025-08-02 18:30:00,-2857.46
2025-08-02 18:45:00,-2861.33
2025-08-02 19:00:00,-2164.1
2025-08-02 19:15:00,-2146.26
2025-08-02 19:30:00,-2149.27
2025-08-02 19:45:00,-2149.8900000000003
2025-08-02 20:00:00,-1902.84
2025-08-02 20:15:00,-1900.04
2025-08-02 20:30:00,-1896.29
2025-08-02 20:45:00,-1902.95
2025-08-02 21:00:00,-1928.23
2025-08-02 21:15:00,-1940.25
2025-08-02 21:30:00,-1952.57
2025-08-02 21:45:00,-1962.68
2025-08-02 22:00:00,-1986.52
2025-08-02 22:15:00,-2001.27
2025-08-02 22:30:00,-2016.72
2025-08-02 22:45:00,-2031.33
2025-08-02 23:00:00,-2023.17
2025-08-02 23:15:00,-2024.0
2025-08-02 23:30:00,-2027.66
2025-08-02 23:45:00,-2029.91
2025-08-03 00:00:00,-1707.49
2025-08-03 00:15:00,-1709.96
2025-08-03 00:30:00,-1711.24
2025-08-03 00:45:00,-1713.19
2025-08-03 01:00:00,-2080.83
2025-08-03 01:15:00,-2085.66
2025-08-03 01:30:00,-2090.19
2025-08-03 01:45:00,-2090.6800000000003
2025-08-03 02:00:00,-1523.37
2025-08-03 02:15:00,-1526.34
2025-08-03 02:30:00,-1528.39
2025-08-03 02:45:00,-1529.01
2025-08-03 03:00:00,-722.48
2025-08-03 03:15:00,-731.7
2025-08-03 03:30:00,-740.8399999999999
2025-08-03 03:45:00,-742.4100000000001
2025-08-03 04:00:00,-833.71
2025-08-03 04:15:00,-826.99
2025-08-03 04:30:00,-828.48
2025-08-03 04:45:00,-825.7
2025-08-03 05:00:00,-485.22
2025-08-03 05:15:00,-475.8900000000001
2025-08-03 05:30:00,-471.53
2025-08-03 05:45:00,-468.8699999999999
2025-08-03 06:00:00,125.61999999999989
2025-08-03 06:15:00,132.3599999999999
2025-08-03 06:30:00,114.41000000000008
2025-08-03 06:45:00,117.99000000000001
2025-08-03 07:00:00,42.25
2025-08-03 07:15:00,56.50999999999999
2025-08-03 07:30:00,58.65000000000009
2025-08-03 07:45:00,65.08999999999992
2025-08-03 08:00:00,-514.49
2025-08-03 08:15:00,-506.0799999999999
2025-08-03 08:30:00,-514.94
2025-08-03 08:45:00,-507.8399999999999
2025-08-03 09:00:00,-925.1600000000001
2025-08-03 09:15:00,-931.1800000000001
2025-08-03 09:30:00,-926.6400000000001
2025-08-03 09:45:00,-923.3900000000001
2025-08-03 10:00:00,-994.49
2025-08-03 10:15:00,-997.23
2025-08-03 10:30:00,-997.6500000000001
2025-08-03 10:45:00,-1002.6600000000001
2025-08-03 11:00:00,-859.0999999999999
2025-08-03 11:15:00,-855.3900000000001
2025-08-03 11:30:00,-853.77
2025-08-03 11:45:00,-858.53
2025-08-03 12:00:00,-289.3499999999999
2025-08-03 12:15:00,-285.01
2025-08-03 12:30:00,-276.01
2025-08-03 12:45:00,-285.4200000000001
2025-08-03 13:00:00,100.88000000000011
2025-08-03 13:15:00,89.88000000000011
2025-08-03 13:30:00,99.58999999999992
2025-08-03 13:45:00,94.86999999999989
2025-08-03 14:00:00,-303.8699999999999
2025-08-03 14:15:00,-295.8499999999999
2025-08-03 14:30:00,-287.53
2025-08-03 14:45:00,-295.94000000000005
2025-08-03 15:00:00,-714.46
2025-08-03 15:15:00,-718.27
2025-08-03 15:30:00,-709.3299999999999
2025-08-03 15:45:00,-702.8900000000001
2025-08-03 16:00:00,-954.52
2025-08-03 16:15:00,-964.74
2025-08-03 16:30:00,-950.78
2025-08-03 16:45:00,-970.0899999999999
2025-08-03 17:00:00,-1494.01
2025-08-03 17:15:00,-1493.51
2025-08-03 17:30:00,-1493.59
2025-08-03 17:45:00,-1490.54
2025-08-03 18:00:00,-293.28
2025-08-03 18:15:00,-305.3900000000001
2025-08-03 18:30:00,-295.04999999999995
2025-08-03 18:45:00,-301.72
2025-08-03 19:00:00,753.3699999999999
2025-08-03 19:15:00,739.8800000000001
2025-08-03 19:30:00,750.3800000000001
2025-08-03 19:45:00,742.1300000000001
2025-08-03 20:00:00,293.6600000000001
2025-08-03 20:15:00,294.4000000000001
2025-08-03 20:30:00,310.8299999999999
2025-08-03 20:45:00,301.1099999999999
2025-08-03 21:00:00,814.45
2025-08-03 21:15:00,807.72
2025-08-03 21:30:00,795.54
2025-08-03 21:45:00,780.78
2025-08-03 22:00:00,939.51
2025-08-03 22:15:00,1020.76
2025-08-03 22:30:00,1004.05
2025-08-03 22:45:00,989.7
2025-08-03 23:00:00,499.78999999999996
2025-08-03 23:15:00,496.3499999999999
2025-08-03 23:30:00,486.6700000000001
2025-08-03 23:45:00,478.8699999999999
2025-08-04 00:00:00,-94.3599999999999
2025-08-04 00:15:00,-98.95000000000005
2025-08-04 00:30:00,-107.65000000000009
2025-08-04 00:45:00,-113.58999999999992
2025-08-04 01:00:00,-972.8800000000001
2025-08-04 01:15:00,-971.7
2025-08-04 01:30:00,-976.79
2025-08-04 01:45:00,-977.98
2025-08-04 02:00:00,-208.20000000000005
2025-08-04 02:15:00,-205.56999999999994
2025-08-04 02:30:00,-206.66000000000008
2025-08-04 02:45:00,-203.69000000000005
2025-08-04 03:00:00,460.43000000000006
2025-08-04 03:15:00,451.45000000000005
2025-08-04 03:30:00,458.81999999999994
2025-08-04 03:45:00,466.3499999999999
2025-08-04 04:00:00,786.26
2025-08-04 04:15:00,802.5799999999999
2025-08-04 04:30:00,805.3299999999999
2025-08-04 04:45:00,816.8599999999999
2025-08-04 05:00:00,1166.12
2025-08-04 05:15:00,1184.14
2025-08-04 05:30:00,1204.99
2025-08-04 05:45:00,1220.06
2025-08-04 06:00:00,858.5699999999999
2025-08-04 06:15:00,854.3
2025-08-04 06:30:00,855.2
2025-08-04 06:45:00,864.25
2025-08-04 07:00:00,1257.31
2025-08-04 07:15:00,1256.46
2025-08-04 07:30:00,1272.23
2025-08-04 07:45:00,1281.55
2025-08-04 08:00:00,492.96000000000004
2025-08-04 08:15:00,504.81999999999994
2025-08-04 08:30:00,500.1300000000001
2025-08-04 08:45:00,497.73
2025-08-04 09:00:00,-653.0699999999999
2025-08-04 09:15:00,-656.95
2025-08-04 09:30:00,-653.5999999999999
2025-08-04 09:45:00,-650.3900000000001
2025-08-04 10:00:00,-2294.8900000000003
2025-08-04 10:15:00,-2297.88
2025-08-04 10:30:00,-2292.1800000000003
2025-08-04 10:45:00,-2303.56
2025-08-04 11:00:00,-3211.01
2025-08-04 11:15:00,-3207.25
2025-08-04 11:30:00,-3210.7200000000003
2025-08-04 11:45:00,-3211.33
2025-08-04 12:00:00,-3228.19
2025-08-04 12:15:00,-3229.63
2025-08-04 12:30:00,-3233.42
2025-08-04 12:45:00,-3235.63
2025-08-04 13:00:00,-3619.1099999999997
2025-08-04 13:15:00,-3616.4
2025-08-04 13:30:00,-3609.96
2025-08-04 13:45:00,-3606.9300000000003
2025-08-04 14:00:00,-3739.95
2025-08-04 14:15:00,-3724.88
2025-08-04 14:30:00,-3727.45
2025-08-04 14:45:00,-3737.9
2025-08-04 15:00:00,-4506.63
2025-08-04 15:15:00,-4519.95
2025-08-04 15:30:00,-4519.29
2025-08-04 15:45:00,-4519.55
2025-08-04 16:00:00,-4863.46
2025-08-04 16:15:00,-4880.02
2025-08-04 16:30:00,-5009.05
2025-08-04 16:45:00,-5102.52
2025-08-04 17:00:00,-5175.64
2025-08-04 17:15:00,-5015.16
2025-08-04 17:30:00,-5007.13
2025-08-04 17:45:00,-5015.09
2025-08-04 18:00:00,-4478.87
2025-08-04 18:15:00,-4488.14
2025-08-04 18:30:00,-4489.1900000000005
2025-08-04 18:45:00,-4495.16
2025-08-04 19:00:00,-5958.46
2025-08-04 19:15:00,-5976.12
2025-08-04 19:30:00,-5986.27
2025-08-04 19:45:00,-5979.99
2025-08-04 20:00:00,-6158.68
2025-08-04 20:15:00,-6175.99
2025-08-04 20:30:00,-6175.83
2025-08-04 20:45:00,-6183.97
2025-08-04 21:00:00,-6770.66
2025-08-04 21:15:00,-6796.7
2025-08-04 21:30:00,-6800.79
2025-08-04 21:45:00,-6813.77
2025-08-04 22:00:00,-7507.3099999999995
2025-08-04 22:15:00,-7526.65
2025-08-04 22:30:00,-7530.85
2025-08-04 22:45:00,-7540.3099999999995
2025-08-04 23:00:00,-7592.01
2025-08-04 23:15:00,-7596.76
2025-08-04 23:30:00,-7600.01
2025-08-04 23:45:00,-7605.82
2025-08-05 00:00:00,-8179.99
2025-08-05 00:15:00,-8180.35
2025-08-05 00:30:00,-8183.07
2025-08-05 00:45:00,-8182.09
2025-08-05 01:00:00,-7599.82
2025-08-05 01:15:00,-7606.62
2025-08-05 01:30:00,-7605.86
2025-08-05 01:45:00,-7611.12
2025-08-05 02:00:00,-8019.52
2025-08-05 02:15:00,-8024.05
2025-08-05 02:30:00,-8028.4400000000005
2025-08-05 02:45:00,-8037.68
2025-08-05 03:00:00,-8328.54
2025-08-05 03:15:00,-8328.84
2025-08-05 03:30:00,-8328.03
2025-08-05 03:45:00,-8324.22
2025-08-05 04:00:00,-8027.9
2025-08-05 04:15:00,-8012.51
2025-08-05 04:30:00,-7987.0599999999995
2025-08-05 04:45:00,-7975.1900000000005
2025-08-05 05:00:00,-6955.1
2025-08-05 05:15:00,-6926.23
2025-08-05 05:30:00,-6908.41
2025-08-05 05:45:00,-6900.74
2025-08-05 06:00:00,-6523.16
2025-08-05 06:15:00,-6524.67
2025-08-05 06:30:00,-6515.47
2025-08-05 06:45:00,-6506.9
2025-08-05 07:00:00,-5017.4400000000005
2025-08-05 07:15:00,-5041.21
2025-08-05 07:30:00,-5039.5
2025-08-05 07:45:00,-5041.48
2025-08-05 08:00:00,-5328.26
2025-08-05 08:15:00,-5330.49
2025-08-05 08:30:00,-5332.35
2025-08-05 08:45:00,-5327.87
2025-08-05 09:00:00,-7351.07
2025-08-05 09:15:00,-7362.16
2025-08-05 09:30:00,-7375.24
2025-08-05 09:45:00,-7384.49
2025-08-05 10:00:00,-6316.21
2025-08-05 10:15:00,-6315.16
2025-08-05 10:30:00,-6314.67
2025-08-05 10:45:00,-6317.24
2025-08-05 11:00:00,-5675.01
2025-08-05 11:15:00,-5676.41
2025-08-05 11:30:00,-5671.24
2025-08-05 11:45:00,-5675.29
2025-08-05 12:00:00,-5674.1900000000005
2025-08-05 12:15:00,-5694.1900000000005
2025-08-05 12:30:00,-5690.07
2025-08-05 12:45:00,-5685.21
2025-08-05 13:00:00,-3912.91
2025-08-05 13:15:00,-3912.41
2025-08-05 13:30:00,-3897.33
2025-08-05 13:45:00,-3887.26
2025-08-05 14:00:00,-3959.8900000000003
2025-08-05 14:15:00,-3948.19
2025-08-05 14:30:00,-3946.2200000000003
2025-08-05 14:45:00,-3947.24
2025-08-05 15:00:00,-5129.72
2025-08-05 15:15:00,-5128.12
2025-08-05 15:30:00,-5122.82
2025-08-05 15:45:00,-5119.27
2025-08-05 16:00:00,-5704.93
2025-08-05 16:15:00,-5705.9400000000005
2025-08-05 16:30:00,-5697.62
2025-08-05 16:45:00,-5699.32
2025-08-05 17:00:00,-5687.73
2025-08-05 17:15:00,-5683.67
2025-08-05 17:30:00,-5688.18
2025-08-05 17:45:00,-5690.72
2025-08-05 18:00:00,-5716.35
2025-08-05 18:15:00,-5714.65
2025-08-05 18:30:00,-5718.65
2025-08-05 18:45:00,-5726.67
2025-08-05 19:00:00,-5285.77
2025-08-05 19:15:00,-5318.32
2025-08-05 19:30:00,-5289.96
2025-08-05 19:45:00,-5320.35
2025-08-05 20:00:00,-4206.43
2025-08-05 20:15:00,-4219.0
2025-08-05 20:30:00,-4228.65
2025-08-05 20:45:00,-4239.51
2025-08-05 21:00:00,-3378.24
2025-08-05 21:15:00,-3391.27
2025-08-05 21:30:00,-3417.41
2025-08-05 21:45:00,-3432.2200000000003
2025-08-05 22:00:00,-3768.4300000000003
2025-08-05 22:15:00,-3781.55
2025-08-05 22:30:00,-3793.76
2025-08-05 22:45:00,-3789.1099999999997
2025-08-05 23:00:00,-3460.73
2025-08-05 23:15:00,-3443.7
2025-08-05 23:30:00,-3490.45
2025-08-05 23:45:00,-3464.26
2025-08-06 00:00:00,-1913.9
2025-08-06 00:15:00,-1934.7
2025-08-06 00:30:00,-1936.89
2025-08-06 00:45:00,-1944.0
2025-08-06 01:00:00,-4208.88
2025-08-06 01:15:00,-4212.65
2025-08-06 01:30:00,-4216.59
2025-08-06 01:45:00,-4230.48
2025-08-06 02:00:00,-3618.65
2025-08-06 02:15:00,-3619.55
2025-08-06 02:30:00,-3614.49
2025-08-06 02:45:00,-3617.3900000000003
2025-08-06 03:00:00,-4205.62
2025-08-06 03:15:00,-4203.42
2025-08-06 03:30:00,-4206.86
2025-08-06 03:45:00,-4207.1
2025-08-06 04:00:00,-2803.24
2025-08-06 04:15:00,-2783.8599999999997
2025-08-06 04:30:00,-2754.81
2025-08-06 04:45:00,-2742.52
2025-08-06 05:00:00,-3209.95
2025-08-06 05:15:00,-3174.13
2025-08-06 05:30:00,-3166.15
2025-08-06 05:45:00,-3160.33
2025-08-06 06:00:00,-2294.1400000000003
2025-08-06 06:15:00,-2287.6800000000003
2025-08-06 06:30:00,-2277.6
2025-08-06 06:45:00,-2271.2799999999997
2025-08-06 07:00:00,-3185.05
2025-08-06 07:15:00,-3184.7799999999997
2025-08-06 07:30:00,-3176.74
2025-08-06 07:45:00,-3184.8599999999997
2025-08-06 08:00:00,-3414.6099999999997
2025-08-06 08:15:00,-3417.99
2025-08-06 08:30:00,-3420.27
2025-08-06 08:45:00,-3330.92
2025-08-06 09:00:00,-3671.41
2025-08-06 09:15:00,-3650.1800000000003
2025-08-06 09:30:00,-3653.1800000000003
2025-08-06 09:45:00,-3643.15
2025-08-06 10:00:00,-1904.9699999999998
2025-08-06 10:15:00,-1908.25
2025-08-06 10:30:00,-1903.27
2025-08-06 10:45:00,-1908.0
2025-08-06 11:00:00,-1477.76
2025-08-06 11:15:00,-1482.73
2025-08-06 11:30:00,-1482.35
2025-08-06 11:45:00,-1481.25
2025-08-06 12:00:00,-2905.08
2025-08-06 12:15:00,-2911.69
2025-08-06 12:30:00,-2919.6400000000003
2025-08-06 12:45:00,-2929.51
2025-08-06 13:00:00,-3655.9
2025-08-06 13:15:00,-3646.2799999999997
2025-08-06 13:30:00,-3637.94
2025-08-06 13:45:00,-3643.38
2025-08-06 14:00:00,-4302.13
2025-08-06 14:15:00,-4289.37
2025-08-06 14:30:00,-4295.45
2025-08-06 14:45:00,-4293.82
2025-08-06 15:00:00,-3781.72
2025-08-06 15:15:00,-3789.3900000000003
2025-08-06 15:30:00,-3793.37
2025-08-06 15:45:00,-3797.0
2025-08-06 16:00:00,-4014.45
2025-08-06 16:15:00,-4021.25
2025-08-06 16:30:00,-4012.1
2025-08-06 16:45:00,-4016.69
2025-08-06 17:00:00,-3286.6800000000003
2025-08-06 17:15:00,-3281.6400000000003
2025-08-06 17:30:00,-3285.6099999999997
2025-08-06 17:45:00,-3279.7
2025-08-06 18:00:00,-2645.91
2025-08-06 18:15:00,-2654.2799999999997
2025-08-06 18:30:00,-2650.85
2025-08-06 18:45:00,-2650.13
2025-08-06 19:00:00,-1694.24
2025-08-06 19:15:00,-1701.1
2025-08-06 19:30:00,-1696.4
2025-08-06 19:45:00,-1695.32
2025-08-06 20:00:00,-1265.98
2025-08-06 20:15:00,-1277.6
2025-08-06 20:30:00,-1287.32
2025-08-06 20:45:00,-1294.09
2025-08-06 21:00:00,-1875.5
2025-08-06 21:15:00,-1892.7
2025-08-06 21:30:00,-1911.53
2025-08-06 21:45:00,-1925.83
2025-08-06 22:00:00,-1479.78
2025-08-06 22:15:00,-1499.22
2025-08-06 22:30:00,-1509.3
2025-08-06 22:45:00,-1513.5
2025-08-06 23:00:00,-772.1400000000001
2025-08-06 23:15:00,-782.8499999999999
2025-08-06 23:30:00,-789.31
2025-08-06 23:45:00,-795.1500000000001
2025-08-07 00:00:00,312.8900000000001
2025-08-07 00:15:00,301.6400000000001
2025-08-07 00:30:00,303.27
2025-08-07 00:45:00,297.8900000000001
2025-08-07 01:00:00,119.09999999999991
2025-08-07 01:15:00,109.15000000000009
2025-08-07 01:30:00,115.80999999999995
2025-08-07 01:45:00,109.25
2025-08-07 02:00:00,-524.1400000000001
2025-08-07 02:15:00,-519.8
2025-08-07 02:30:00,-522.28
2025-08-07 02:45:00,-521.6500000000001
2025-08-07 03:00:00,-636.0899999999999
2025-08-07 03:15:00,-636.9100000000001
2025-08-07 03:30:00,-630.3499999999999
2025-08-07 03:45:00,-632.51
2025-08-07 04:00:00,-1412.56
2025-08-07 04:15:00,-1393.31
2025-08-07 04:30:00,-1367.38
2025-08-07 04:45:00,-1343.9
2025-08-07 05:00:00,-1846.11
2025-08-07 05:15:00,-1820.27
2025-08-07 05:30:00,-1808.39
2025-08-07 05:45:00,-1794.3
2025-08-07 06:00:00,-2453.72
2025-08-07 06:15:00,-2442.85
2025-08-07 06:30:00,-2433.45
2025-08-07 06:45:00,-2420.09
2025-08-07 07:00:00,-3456.81
2025-08-07 07:15:00,-3458.44
2025-08-07 07:30:00,-3460.61
2025-08-07 07:45:00,-3463.81
2025-08-07 08:00:00,-3450.75
2025-08-07 08:15:00,-3443.03
2025-08-07 08:30:00,-3430.33
2025-08-07 08:45:00,-3439.55
2025-08-07 09:00:00,-4754.68
2025-08-07 09:15:00,-4768.639999999999
2025-08-07 09:30:00,-4773.360000000001
2025-08-07 09:45:00,-4768.27
2025-08-07 10:00:00,-5702.4
2025-08-07 10:15:00,-5696.55
2025-08-07 10:30:00,-5678.09
2025-08-07 10:45:00,-5682.76
2025-08-07 11:00:00,-3734.74
2025-08-07 11:15:00,-3729.02
2025-08-07 11:30:00,-3731.34
2025-08-07 11:45:00,-3738.16
2025-08-07 12:00:00,-4457.01
2025-08-07 12:15:00,-4457.83
2025-08-07 12:30:00,-4449.57
2025-08-07 12:45:00,-4434.41
2025-08-07 13:00:00,-6336.889999999999
2025-08-07 13:15:00,-6346.08
2025-08-07 13:30:00,-6328.59
2025-08-07 13:45:00,-6317.1
2025-08-07 14:00:00,-5151.24
2025-08-07 14:15:00,-5133.719999999999
2025-08-07 14:30:00,-5118.27
2025-08-07 14:45:00,-5121.26
2025-08-07 15:00:00,-4988.9400000000005
2025-08-07 15:15:00,-5000.85
2025-08-07 15:30:00,-4991.07
2025-08-07 15:45:00,-4990.32
2025-08-07 16:00:00,-4302.54
2025-08-07 16:15:00,-4303.34
2025-08-07 16:30:00,-4297.12
2025-08-07 16:45:00,-4301.860000000001
2025-08-07 17:00:00,-5023.9
2025-08-07 17:15:00,-5023.530000000001
2025-08-07 17:30:00,-5015.67
2025-08-07 17:45:00,-5006.3099999999995
2025-08-07 18:00:00,-4663.66
2025-08-07 18:15:00,-4658.280000000001
2025-08-07 18:30:00,-4666.65
2025-08-07 18:45:00,-4676.83
2025-08-07 19:00:00,-3861.31
2025-08-07 19:15:00,-3876.85
2025-08-07 19:30:00,-3873.28
2025-08-07 19:45:00,-3882.41
2025-08-07 20:00:00,-3108.47
2025-08-07 20:15:00,-3113.85
2025-08-07 20:30:00,-3128.63
2025-08-07 20:45:00,-3141.37
2025-08-07 21:00:00,-3030.24
2025-08-07 21:15:00,-3055.13
2025-08-07 21:30:00,-3078.16
2025-08-07 21:45:00,-3101.16
2025-08-07 22:00:00,-2509.12
2025-08-07 22:15:00,-2530.6
2025-08-07 22:30:00,-2550.74
2025-08-07 22:45:00,-2562.76
2025-08-07 23:00:00,-3265.63
2025-08-07 23:15:00,-3278.29
2025-08-07 23:30:00,-3290.3
2025-08-07 23:45:00,-3305.79
2025-08-08 00:00:00,-2680.5299999999997
2025-08-08 00:15:00,-2674.5299999999997
2025-08-08 00:30:00,-2676.81
2025-08-08 00:45:00,-2682.52
2025-08-08 01:00:00,-2539.95
2025-08-08 01:15:00,-2542.33
2025-08-08 01:30:00,-2549.66
2025-08-08 01:45:00,-2551.71
2025-08-08 02:00:00,-3181.17
2025-08-08 02:15:00,-3184.37
2025-08-08 02:30:00,-3186.77
2025-08-08 02:45:00,-3180.04
2025-08-08 03:00:00,-2812.55
2025-08-08 03:15:00,-2809.3900000000003
2025-08-08 03:30:00,-2805.6400000000003
2025-08-08 03:45:00,-2799.79
2025-08-08 04:00:00,-2056.71
2025-08-08 04:15:00,-2041.05
2025-08-08 04:30:00,-2019.31
2025-08-08 04:45:00,-1997.2
2025-08-08 05:00:00,-2119.95
2025-08-08 05:15:00,-2109.62
2025-08-08 05:30:00,-2112.05
2025-08-08 05:45:00,-2110.09
2025-08-08 06:00:00,-2348.7
2025-08-08 06:15:00,-2344.38
2025-08-08 06:30:00,-2343.51
2025-08-08 06:45:00,-2340.19
2025-08-08 07:00:00,-2546.26
2025-08-08 07:15:00,-2536.98
2025-08-08 07:30:00,-2528.16
2025-08-08 07:45:00,-2524.41
2025-08-08 08:00:00,-3572.63
2025-08-08 08:15:00,-3565.38
2025-08-08 08:30:00,-3562.36
2025-08-08 08:45:00,-3571.02
2025-08-08 09:00:00,-4286.43
2025-08-08 09:15:00,-4288.16
2025-08-08 09:30:00,-4288.139999999999
2025-08-08 09:45:00,-4295.4
2025-08-08 10:00:00,-5251.93
2025-08-08 10:15:00,-5254.65
2025-08-08 10:30:00,-5252.5
2025-08-08 10:45:00,-5263.29
2025-08-08 11:00:00,-5764.32
2025-08-08 11:15:00,-5762.38
2025-08-08 11:30:00,-5760.09
2025-08-08 11:45:00,-5764.98
2025-08-08 12:00:00,-6031.84
2025-08-08 12:15:00,-6023.889999999999
2025-08-08 12:30:00,-6027.27
2025-08-08 12:45:00,-6025.57
2025-08-08 13:00:00,-5550.33
2025-08-08 13:15:00,-5545.21
2025-08-08 13:30:00,-5535.1
2025-08-08 13:45:00,-5528.780000000001
2025-08-08 14:00:00,-5100.58
2025-08-08 14:15:00,-5076.58
2025-08-08 14:30:00,-5078.6
2025-08-08 14:45:00,-5074.73
2025-08-08 15:00:00,-5464.83
2025-08-08 15:15:00,-5476.969999999999
2025-08-08 15:30:00,-5476.030000000001
2025-08-08 15:45:00,-5469.530000000001
2025-08-08 16:00:00,-5405.07
2025-08-08 16:15:00,-5405.98
2025-08-08 16:30:00,-5397.93
2025-08-08 16:45:00,-5405.23
2025-08-08 17:00:00,-4872.74
2025-08-08 17:15:00,-4874.9400000000005
2025-08-08 17:30:00,-4872.15
2025-08-08 17:45:00,-4884.63
2025-08-08 18:00:00,-4320.77
2025-08-08 18:15:00,-4336.139999999999
2025-08-08 18:30:00,-4336.8
2025-08-08 18:45:00,-4347.18
2025-08-08 19:00:00,-3005.82
2025-08-08 19:15:00,-3019.37
2025-08-08 19:30:00,-3026.09
2025-08-08 19:45:00,-3027.7
2025-08-08 20:00:00,-3106.47
2025-08-08 20:15:00,-3118.92
2025-08-08 20:30:00,-3129.87
2025-08-08 20:45:00,-3141.71
2025-08-08 21:00:00,-3299.56
2025-08-08 21:15:00,-3319.7
2025-08-08 21:30:00,-3331.8599999999997
2025-08-08 21:45:00,-3341.0699999999997
2025-08-08 22:00:00,-3009.59
2025-08-08 22:15:00,-3018.88
2025-08-08 22:30:00,-3028.44
2025-08-08 22:45:00,-3035.48
2025-08-08 23:00:00,-2778.8
2025-08-08 23:15:00,-2783.33
2025-08-08 23:30:00,-2789.2
2025-08-08 23:45:00,-2793.15
2025-08-09 00:00:00,-3373.62
2025-08-09 00:15:00,-3375.49
2025-08-09 00:30:00,-3379.16
2025-08-09 00:45:00,-3396.15
2025-08-09 01:00:00,-3664.2200000000003
2025-08-09 01:15:00,-3658.29
2025-08-09 01:30:00,-3661.3199999999997
2025-08-09 01:45:00,-3662.99
2025-08-09 02:00:00,-4173.97
2025-08-09 02:15:00,-4175.57
2025-08-09 02:30:00,-4173.9400000000005
2025-08-09 02:45:00,-4178.24
2025-08-09 03:00:00,-4709.89
2025-08-09 03:15:00,-4715.99
2025-08-09 03:30:00,-4722.59
2025-08-09 03:45:00,-4722.48
2025-08-09 04:00:00,-5216.8099999999995
2025-08-09 04:15:00,-5216.11
2025-08-09 04:30:00,-5204.11
2025-08-09 04:45:00,-5205.11
2025-08-09 05:00:00,-5392.79
2025-08-09 05:15:00,-5389.74
2025-08-09 05:30:00,-5381.93
2025-08-09 05:45:00,-5369.37
2025-08-09 06:00:00,-5536.67
2025-08-09 06:15:00,-5527.58
2025-08-09 06:30:00,-5509.72
2025-08-09 06:45:00,-5491.5
2025-08-09 07:00:00,-5368.2
2025-08-09 07:15:00,-5365.73
2025-08-09 07:30:00,-5358.38
2025-08-09 07:45:00,-5352.32
2025-08-09 08:00:00,-5283.85
2025-08-09 08:15:00,-5262.75
2025-08-09 08:30:00,-5158.48
2025-08-09 08:45:00,-5170.62
2025-08-09 09:00:00,-5541.8099999999995
2025-08-09 09:15:00,-5552.15
2025-08-09 09:30:00,-5758.66
2025-08-09 09:45:00,-5606.61
2025-08-09 10:00:00,-6373.41
2025-08-09 10:15:00,-6376.2
2025-08-09 10:30:00,-6381.71
2025-08-09 10:45:00,-6390.23
2025-08-09 11:00:00,-6963.12
2025-08-09 11:15:00,-6963.9400000000005
2025-08-09 11:30:00,-6961.14
2025-08-09 11:45:00,-6963.68
2025-08-09 12:00:00,-6708.92
2025-08-09 12:15:00,-6716.97
2025-08-09 12:30:00,-6713.99
2025-08-09 12:45:00,-6711.45
2025-08-09 13:00:00,-6157.15
2025-08-09 13:15:00,-6162.57
2025-08-09 13:30:00,-6152.85
2025-08-09 13:45:00,-6148.2
2025-08-09 14:00:00,-4414.8099999999995
2025-08-09 14:15:00,-4411.22
2025-08-09 14:30:00,-4403.46
2025-08-09 14:45:00,-4406.11
2025-08-09 15:00:00,-5212.74
2025-08-09 15:15:00,-5205.8099999999995
2025-08-09 15:30:00,-5200.77
2025-08-09 15:45:00,-5205.16
2025-08-09 16:00:00,-4950.24
2025-08-09 16:15:00,-4948.43
2025-08-09 16:30:00,-4947.76
2025-08-09 16:45:00,-4958.53
2025-08-09 17:00:00,-3994.46
2025-08-09 17:15:00,-3996.74
2025-08-09 17:30:00,-3997.6
2025-08-09 17:45:00,-4010.71
2025-08-09 18:00:00,-3539.77
2025-08-09 18:15:00,-3546.06
2025-08-09 18:30:00,-3540.99
2025-08-09 18:45:00,-3550.49
2025-08-09 19:00:00,-4202.66
2025-08-09 19:15:00,-4198.79
2025-08-09 19:30:00,-4202.07
2025-08-09 19:45:00,-4193.9400000000005
2025-08-09 20:00:00,-3893.2200000000003
2025-08-09 20:15:00,-3890.74
2025-08-09 20:30:00,-3898.1
2025-08-09 20:45:00,-3909.44
2025-08-09 21:00:00,-3245.83
2025-08-09 21:15:00,-3263.79
2025-08-09 21:30:00,-3271.0699999999997
2025-08-09 21:45:00,-3287.0699999999997
2025-08-09 22:00:00,-2753.1099999999997
2025-08-09 22:15:00,-2760.12
2025-08-09 22:30:00,-2771.13
2025-08-09 22:45:00,-2781.84
2025-08-09 23:00:00,-2753.06
2025-08-09 23:15:00,-2759.52
2025-08-09 23:30:00,-2771.98
2025-08-09 23:45:00,-2778.8900000000003
2025-08-10 00:00:00,-3352.37
2025-08-10 00:15:00,-3356.76
2025-08-10 00:30:00,-3362.4300000000003
2025-08-10 00:45:00,-3368.3
2025-08-10 01:00:00,-2141.0
2025-08-10 01:15:00,-2146.56
2025-08-10 01:30:00,-2145.88
2025-08-10 01:45:00,-2143.05
2025-08-10 02:00:00,-1966.03
2025-08-10 02:15:00,-1966.28
2025-08-10 02:30:00,-1965.95
2025-08-10 02:45:00,-1970.6
2025-08-10 03:00:00,-2214.75
2025-08-10 03:15:00,-2216.3900000000003
2025-08-10 03:30:00,-2216.41
2025-08-10 03:45:00,-2223.15
2025-08-10 04:00:00,-2013.71
2025-08-10 04:15:00,-2011.73
2025-08-10 04:30:00,-2014.41
2025-08-10 04:45:00,-2011.94
2025-08-10 05:00:00,-1391.25
2025-08-10 05:15:00,-1383.72
2025-08-10 05:30:00,-1376.04
2025-08-10 05:45:00,-1368.88
2025-08-10 06:00:00,-1671.78
2025-08-10 06:15:00,-1668.99
2025-08-10 06:30:00,-1648.39
2025-08-10 06:45:00,-1658.37
2025-08-10 07:00:00,-2091.7200000000003
2025-08-10 07:15:00,-2080.65
2025-08-10 07:30:00,-2068.4300000000003
2025-08-10 07:45:00,-2061.81
2025-08-10 08:00:00,-1540.41
2025-08-10 08:15:00,-1545.21
2025-08-10 08:30:00,-1541.12
2025-08-10 08:45:00,-1535.14
2025-08-10 09:00:00,-2152.3199999999997
2025-08-10 09:15:00,-2148.74
2025-08-10 09:30:00,-2158.13
2025-08-10 09:45:00,-2154.6
2025-08-10 10:00:00,-2211.74
2025-08-10 10:15:00,-2197.51
2025-08-10 10:30:00,-2196.56
2025-08-10 10:45:00,-2217.7799999999997
2025-08-10 11:00:00,-2628.63
2025-08-10 11:15:00,-2631.65
2025-08-10 11:30:00,-2623.06
2025-08-10 11:45:00,-2643.17
2025-08-10 12:00:00,-2743.56
2025-08-10 12:15:00,-2744.74
2025-08-10 12:30:00,-2733.5
2025-08-10 12:45:00,-2624.7200000000003
2025-08-10 13:00:00,-2298.88
2025-08-10 13:15:00,-2295.9700000000003
2025-08-10 13:30:00,-2285.0699999999997
2025-08-10 13:45:00,-2280.7
2025-08-10 14:00:00,-3024.7799999999997
2025-08-10 14:15:00,-3015.19
2025-08-10 14:30:00,-3013.75
2025-08-10 14:45:00,-3017.46
2025-08-10 15:00:00,-2490.7799999999997
2025-08-10 15:15:00,-2485.1
2025-08-10 15:30:00,-2486.02
2025-08-10 15:45:00,-2475.1800000000003
2025-08-10 16:00:00,-2710.2
2025-08-10 16:15:00,-2713.8599999999997
2025-08-10 16:30:00,-2707.9700000000003
2025-08-10 16:45:00,-2708.31
2025-08-10 17:00:00,-2040.4699999999998
2025-08-10 17:15:00,-2043.98
2025-08-10 17:30:00,-2031.27
2025-08-10 17:45:00,-2020.5500000000002
2025-08-10 18:00:00,-954.4299999999998
2025-08-10 18:15:00,-959.1700000000001
2025-08-10 18:30:00,-951.0100000000002
2025-08-10 18:45:00,-951.7399999999998
2025-08-10 19:00:00,-762.56
2025-08-10 19:15:00,-754.1300000000001
2025-08-10 19:30:00,-764.2199999999998
2025-08-10 19:45:00,-762.23
2025-08-10 20:00:00,-622.79
2025-08-10 20:15:00,-628.47
2025-08-10 20:30:00,-628.48
2025-08-10 20:45:00,-640.3299999999999
2025-08-10 21:00:00,137.08999999999992
2025-08-10 21:15:00,123.93000000000006
2025-08-10 21:30:00,112.42000000000007
2025-08-10 21:45:00,92.16000000000008
2025-08-10 22:00:00,-546.8
2025-08-10 22:15:00,-562.45
2025-08-10 22:30:00,-571.8499999999999
2025-08-10 22:45:00,-575.9000000000001
2025-08-10 23:00:00,-193.8900000000001
2025-08-10 23:15:00,-199.76999999999998
2025-08-10 23:30:00,-205.8800000000001
2025-08-10 23:45:00,-210.58999999999992
2025-08-11 00:00:00,-1044.15
2025-08-11 00:15:00,-1054.67
2025-08-11 00:30:00,-1058.84
2025-08-11 00:45:00,-1062.2
2025-08-11 01:00:00,-2443.15
2025-08-11 01:15:00,-2437.81
2025-08-11 01:30:00,-2436.8199999999997
2025-08-11 01:45:00,-2441.54
2025-08-11 02:00:00,-2180.63
2025-08-11 02:15:00,-2185.76
2025-08-11 02:30:00,-2180.3
2025-08-11 02:45:00,-2180.48
2025-08-11 03:00:00,-2363.67
2025-08-11 03:15:00,-2350.2799999999997
2025-08-11 03:30:00,-2344.83
2025-08-11 03:45:00,-2349.37
2025-08-11 04:00:00,-2525.74
2025-08-11 04:15:00,-2504.1
2025-08-11 04:30:00,-2470.24
2025-08-11 04:45:00,-2458.02
2025-08-11 05:00:00,-3063.83
2025-08-11 05:15:00,-3110.54
2025-08-11 05:30:00,-3092.2799999999997
2025-08-11 05:45:00,-3086.2799999999997
2025-08-11 06:00:00,-3970.1800000000003
2025-08-11 06:15:00,-3964.77
2025-08-11 06:30:00,-3954.85
2025-08-11 06:45:00,-3954.2
2025-08-11 07:00:00,-4096.54
2025-08-11 07:15:00,-4103.68
2025-08-11 07:30:00,-4094.2200000000003
2025-08-11 07:45:00,-4090.23
2025-08-11 08:00:00,-4304.34
2025-08-11 08:15:00,-4286.12
2025-08-11 08:30:00,-4267.59
2025-08-11 08:45:00,-4263.55
2025-08-11 09:00:00,-4651.63
2025-08-11 09:15:00,-4668.68
2025-08-11 09:30:00,-4668.73
2025-08-11 09:45:00,-4674.9
2025-08-11 10:00:00,-5539.53
2025-08-11 10:15:00,-5552.4
2025-08-11 10:30:00,-5554.5
2025-08-11 10:45:00,-5587.49
2025-08-11 11:00:00,-3787.9
2025-08-11 11:15:00,-3785.38
2025-08-11 11:30:00,-3782.95
2025-08-11 11:45:00,-3783.27
2025-08-11 12:00:00,-4347.42
2025-08-11 12:15:00,-4356.2
2025-08-11 12:30:00,-4350.47
2025-08-11 12:45:00,-4349.79
2025-08-11 13:00:00,-4166.75
2025-08-11 13:15:00,-4168.66
2025-08-11 13:30:00,-4168.04
2025-08-11 13:45:00,-4169.26
2025-08-11 14:00:00,-3320.06
2025-08-11 14:15:00,-3310.12
2025-08-11 14:30:00,-3318.5
2025-08-11 14:45:00,-3323.73
2025-08-11 15:00:00,-682.2
2025-08-11 15:15:00,-704.46
2025-08-11 15:30:00,-707.8599999999999
2025-08-11 15:45:00,-707.8800000000001
2025-08-11 16:00:00,-343.5
2025-08-11 16:15:00,-354.73
2025-08-11 16:30:00,-366.3800000000001
2025-08-11 16:45:00,-374.56999999999994
2025-08-11 17:00:00,-670.5799999999999
2025-08-11 17:15:00,-666.3499999999999
2025-08-11 17:30:00,-670.31
2025-08-11 17:45:00,-671.94
2025-08-11 18:00:00,-375.68000000000006
2025-08-11 18:15:00,-383.1099999999999
2025-08-11 18:30:00,-384.6600000000001
2025-08-11 18:45:00,-383.28999999999996
2025-08-11 19:00:00,859.1500000000001
2025-08-11 19:15:00,850.54
2025-08-11 19:30:00,857.02
2025-08-11 19:45:00,860.6099999999999
2025-08-11 20:00:00,1123.07
2025-08-11 20:15:00,1116.45
2025-08-11 20:30:00,1110.9
2025-08-11 20:45:00,1105.23
2025-08-11 21:00:00,1127.61
2025-08-11 21:15:00,1124.15
2025-08-11 21:30:00,1104.82
2025-08-11 21:45:00,1092.87
2025-08-11 22:00:00,1051.08
2025-08-11 22:15:00,1048.49
2025-08-11 22:30:00,1040.77
2025-08-11 22:45:00,1032.54
2025-08-11 23:00:00,1531.11
2025-08-11 23:15:00,1525.65
2025-08-11 23:30:00,1516.12
2025-08-11 23:45:00,1518.08
2025-08-12 00:00:00,1209.65
2025-08-12 00:15:00,1214.96
2025-08-12 00:30:00,1211.39
2025-08-12 00:45:00,1210.76
2025-08-12 01:00:00,670.45
2025-08-12 01:15:00,666.8599999999999
2025-08-12 01:30:00,669.45
2025-08-12 01:45:00,672.6800000000001
2025-08-12 02:00:00,576.6700000000001
2025-08-12 02:15:00,574.8499999999999
2025-08-12 02:30:00,577.1300000000001
2025-08-12 02:45:00,576.97
2025-08-12 03:00:00,316.5999999999999
2025-08-12 03:15:00,323.51
2025-08-12 03:30:00,328.23
2025-08-12 03:45:00,337.75
2025-08-12 04:00:00,286.04999999999995
2025-08-12 04:15:00,302.93000000000006
2025-08-12 04:30:00,329.49
2025-08-12 04:45:00,344.47
2025-08-12 05:00:00,-289.3599999999999
2025-08-12 05:15:00,-270.03
2025-08-12 05:30:00,-259.99
2025-08-12 05:45:00,-253.04999999999995
2025-08-12 06:00:00,-529.4100000000001
2025-08-12 06:15:00,-546.46
2025-08-12 06:30:00,-533.9200000000001
2025-08-12 06:45:00,-516.1500000000001
2025-08-12 07:00:00,-690.26
2025-08-12 07:15:00,-696.55
2025-08-12 07:30:00,-692.19
2025-08-12 07:45:00,-684.9200000000001
2025-08-12 08:00:00,-2069.6800000000003
2025-08-12 08:15:00,-2064.1800000000003
2025-08-12 08:30:00,-2067.19
2025-08-12 08:45:00,-2081.3
2025-08-12 09:00:00,-2246.1099999999997
2025-08-12 09:15:00,-2252.42
2025-08-12 09:30:00,-2242.0
2025-08-12 09:45:00,-2241.71
2025-08-12 10:00:00,-1773.48
2025-08-12 10:15:00,-1767.17
2025-08-12 10:30:00,-1759.4
2025-08-12 10:45:00,-1760.98
2025-08-12 11:00:00,-759.81
2025-08-12 11:15:00,-761.5899999999999
2025-08-12 11:30:00,-759.44
2025-08-12 11:45:00,-756.74
2025-08-12 12:00:00,-339.6400000000001
2025-08-12 12:15:00,-331.1600000000001
2025-08-12 12:30:00,-330.0799999999999
2025-08-12 12:45:00,-330.49
2025-08-12 13:00:00,-2279.58
2025-08-12 13:15:00,-2277.3900000000003
2025-08-12 13:30:00,-2270.19
2025-08-12 13:45:00,-2261.85
2025-08-12 14:00:00,-2339.9
2025-08-12 14:15:00,-2327.59
2025-08-12 14:30:00,-2336.01
2025-08-12 14:45:00,-2339.82
2025-08-12 15:00:00,-1639.0700000000002
2025-08-12 15:15:00,-1658.19
2025-08-12 15:30:00,-1661.41
2025-08-12 15:45:00,-1667.03
2025-08-12 16:00:00,-2071.87
2025-08-12 16:15:00,-2081.24
2025-08-12 16:30:00,-2082.02
2025-08-12 16:45:00,-2096.3199999999997
2025-08-12 17:00:00,-3378.21
2025-08-12 17:15:00,-3380.95
2025-08-12 17:30:00,-3383.21
2025-08-12 17:45:00,-3388.9300000000003
2025-08-12 18:00:00,-3148.2200000000003
2025-08-12 18:15:00,-3157.34
2025-08-12 18:30:00,-3156.8599999999997
2025-08-12 18:45:00,-3166.85
2025-08-12 19:00:00,-2049.81
2025-08-12 19:15:00,-2067.19
2025-08-12 19:30:00,-2060.65
2025-08-12 19:45:00,-2060.96
2025-08-12 20:00:00,-2157.8199999999997
2025-08-12 20:15:00,-2171.24
2025-08-12 20:30:00,-2183.44
2025-08-12 20:45:00,-2190.02
2025-08-12 21:00:00,-2039.08
2025-08-12 21:15:00,-2061.8599999999997
2025-08-12 21:30:00,-2075.81
2025-08-12 21:45:00,-2088.7
2025-08-12 22:00:00,-2336.65
2025-08-12 22:15:00,-2359.99
2025-08-12 22:30:00,-2368.9300000000003
2025-08-12 22:45:00,-2383.77
2025-08-12 23:00:00,-2481.56
2025-08-12 23:15:00,-2487.63
2025-08-12 23:30:00,-2497.65
2025-08-12 23:45:00,-2505.4
2025-08-13 00:00:00,-2507.4300000000003
2025-08-13 00:15:00,-2508.76
2025-08-13 00:30:00,-2519.5699999999997
2025-08-13 00:45:00,-2523.5
2025-08-13 01:00:00,-2674.54
2025-08-13 01:15:00,-2680.62
2025-08-13 01:30:00,-2683.13
2025-08-13 01:45:00,-2688.9
2025-08-13 02:00:00,-3470.98
2025-08-13 02:15:00,-3465.87
2025-08-13 02:30:00,-3465.79
2025-08-13 02:45:00,-3462.73
2025-08-13 03:00:00,-3934.62
2025-08-13 03:15:00,-3931.71
2025-08-13 03:30:00,-3932.8199999999997
2025-08-13 03:45:00,-3932.56
2025-08-13 04:00:00,-3736.69
2025-08-13 04:15:00,-3714.2799999999997
2025-08-13 04:30:00,-3683.02
2025-08-13 04:45:00,-3657.45
2025-08-13 05:00:00,-2369.8
2025-08-13 05:15:00,-2350.74
2025-08-13 05:30:00,-2338.27
2025-08-13 05:45:00,-2326.15
2025-08-13 06:00:00,-1910.45
2025-08-13 06:15:00,-1905.91
2025-08-13 06:30:00,-1890.71
2025-08-13 06:45:00,-1883.56
2025-08-13 07:00:00,-3074.4
2025-08-13 07:15:00,-3082.8599999999997
2025-08-13 07:30:00,-3073.38
2025-08-13 07:45:00,-3071.12
2025-08-13 08:00:00,-4030.1099999999997
2025-08-13 08:15:00,-4049.21
2025-08-13 08:30:00,-4249.92
2025-08-13 08:45:00,-4164.82
2025-08-13 09:00:00,-4355.86
2025-08-13 09:15:00,-4364.7
2025-08-13 09:30:00,-4362.82
2025-08-13 09:45:00,-4361.42
2025-08-13 10:00:00,-3529.13
2025-08-13 10:15:00,-3531.2799999999997
2025-08-13 10:30:00,-3531.42
2025-08-13 10:45:00,-3528.4300000000003
2025-08-13 11:00:00,-4076.12
2025-08-13 11:15:00,-4077.4
2025-08-13 11:30:00,-4077.8199999999997
2025-08-13 11:45:00,-4069.5699999999997
2025-08-13 12:00:00,-4038.04
2025-08-13 12:15:00,-4038.95
2025-08-13 12:30:00,-4038.23
2025-08-13 12:45:00,-4039.5699999999997
2025-08-13 13:00:00,-3670.5
2025-08-13 13:15:00,-3668.46
2025-08-13 13:30:00,-3660.23
2025-08-13 13:45:00,-3662.6
2025-08-13 14:00:00,-2994.52
2025-08-13 14:15:00,-2996.5299999999997
2025-08-13 14:30:00,-2997.2799999999997
2025-08-13 14:45:00,-3000.67
2025-08-13 15:00:00,-2322.4
2025-08-13 15:15:00,-2330.7799999999997
2025-08-13 15:30:00,-2337.0
2025-08-13 15:45:00,-2331.81
2025-08-13 16:00:00,-2229.0299999999997
2025-08-13 16:15:00,-2234.9700000000003
2025-08-13 16:30:00,-2231.7200000000003
2025-08-13 16:45:00,-2241.2799999999997
2025-08-13 17:00:00,-2109.4300000000003
2025-08-13 17:15:00,-2110.84
2025-08-13 17:30:00,-2102.91
2025-08-13 17:45:00,-2105.42
2025-08-13 18:00:00,-1387.2
2025-08-13 18:15:00,-1393.72
2025-08-13 18:30:00,-1381.19
2025-08-13 18:45:00,-1370.88
2025-08-13 19:00:00,-714.79
2025-08-13 19:15:00,-714.1600000000001
2025-08-13 19:30:00,-703.05
2025-08-13 19:45:00,-710.8800000000001
2025-08-13 20:00:00,77.3599999999999
2025-08-13 20:15:00,71.61999999999989
2025-08-13 20:30:00,63.289999999999964
2025-08-13 20:45:00,52.299999999999955
2025-08-13 21:00:00,228.81999999999994
2025-08-13 21:15:00,210.17000000000007
2025-08-13 21:30:00,203.1500000000001
2025-08-13 21:45:00,189.31999999999994
2025-08-13 22:00:00,-60.90000000000009
2025-08-13 22:15:00,-71.5
2025-08-13 22:30:00,-82.48000000000002
2025-08-13 22:45:00,-94.88000000000011
2025-08-13 23:00:00,-298.68000000000006
2025-08-13 23:15:00,-299.56999999999994
2025-08-13 23:30:00,-306.8900000000001
2025-08-13 23:45:00,-321.75
2025-08-14 00:00:00,-384.25
2025-08-14 00:15:00,-388.5899999999999
2025-08-14 00:30:00,-402.3399999999999
2025-08-14 00:45:00,-400.70000000000005
2025-08-14 01:00:00,18.059999999999945
2025-08-14 01:15:00,11.8599999999999
2025-08-14 01:30:00,8.779999999999973
2025-08-14 01:45:00,8.849999999999909
2025-08-14 02:00:00,-1200.09
2025-08-14 02:15:00,-1194.9
2025-08-14 02:30:00,-1194.59
2025-08-14 02:45:00,-1194.34
2025-08-14 03:00:00,-787.8299999999999
2025-08-14 03:15:00,-782.6099999999999
2025-08-14 03:30:00,-775.81
2025-08-14 03:45:00,-777.49
2025-08-14 04:00:00,-817.3199999999999
2025-08-14 04:15:00,-803.4000000000001
2025-08-14 04:30:00,-771.51
2025-08-14 04:45:00,-749.27
2025-08-14 05:00:00,-853.8800000000001
2025-08-14 05:15:00,-825.03
2025-08-14 05:30:00,-813.0699999999999
2025-08-14 05:45:00,-807.6400000000001
2025-08-14 06:00:00,-1067.11
2025-08-14 06:15:00,-1060.95
2025-08-14 06:30:00,-1057.44
2025-08-14 06:45:00,-1053.14
2025-08-14 07:00:00,-669.23
2025-08-14 07:15:00,-683.5999999999999
2025-08-14 07:30:00,-681.9000000000001
2025-08-14 07:45:00,-692.01
2025-08-14 08:00:00,-976.53
2025-08-14 08:15:00,-979.4000000000001
2025-08-14 08:30:00,-979.55
2025-08-14 08:45:00,-997.74
2025-08-14 09:00:00,-2847.01
2025-08-14 09:15:00,-2851.04
2025-08-14 09:30:00,-2846.1
2025-08-14 09:45:00,-2857.2200000000003
2025-08-14 10:00:00,-3439.09
2025-08-14 10:15:00,-3439.38
2025-08-14 10:30:00,-3431.81
2025-08-14 10:45:00,-3430.23
2025-08-14 11:00:00,-3569.44
2025-08-14 11:15:00,-3567.16
2025-08-14 11:30:00,-3564.1
2025-08-14 11:45:00,-3581.54
2025-08-14 12:00:00,-2488.69
2025-08-14 12:15:00,-2487.3
2025-08-14 12:30:00,-2485.4300000000003
2025-08-14 12:45:00,-2483.8
2025-08-14 13:00:00,-3010.8199999999997
2025-08-14 13:15:00,-2994.79
2025-08-14 13:30:00,-2982.56
2025-08-14 13:45:00,-2970.19
2025-08-14 14:00:00,-2312.44
2025-08-14 14:15:00,-2287.77
2025-08-14 14:30:00,-2298.04
2025-08-14 14:45:00,-2288.63
2025-08-14 15:00:00,-4046.7200000000003
2025-08-14 15:15:00,-4074.26
2025-08-14 15:30:00,-4073.63
2025-08-14 15:45:00,-4061.35
2025-08-14 16:00:00,-4362.36
2025-08-14 16:15:00,-4367.57
2025-08-14 16:30:00,-4362.47
2025-08-14 16:45:00,-4369.77
2025-08-14 17:00:00,-2944.09
2025-08-14 17:15:00,-2944.1
2025-08-14 17:30:00,-2943.8
2025-08-14 17:45:00,-2952.06
2025-08-14 18:00:00,-2030.55
2025-08-14 18:15:00,-2044.88
2025-08-14 18:30:00,-2030.68
2025-08-14 18:45:00,-2033.19
2025-08-14 19:00:00,-878.04
2025-08-14 19:15:00,-891.54
2025-08-14 19:30:00,-871.8
2025-08-14 19:45:00,-883.8699999999999
2025-08-14 20:00:00,347.6099999999999
2025-08-14 20:15:00,335.5
2025-08-14 20:30:00,322.69000000000005
2025-08-14 20:45:00,296.9200000000001
2025-08-14 21:00:00,353.5799999999999
2025-08-14 21:15:00,346.3399999999999
2025-08-14 21:30:00,330.6600000000001
2025-08-14 21:45:00,311.96000000000004
2025-08-14 22:00:00,-631.53
2025-08-14 22:15:00,-654.8399999999999
2025-08-14 22:30:00,-668.6700000000001
2025-08-14 22:45:00,-683.1400000000001
2025-08-14 23:00:00,665.5999999999999
2025-08-14 23:15:00,653.31
2025-08-14 23:30:00,647.79
2025-08-14 23:45:00,626.1199999999999
2025-08-15 00:00:00,831.8399999999999
2025-08-15 00:15:00,842.1199999999999
2025-08-15 00:30:00,841.5799999999999
2025-08-15 00:45:00,844.3299999999999
2025-08-15 01:00:00,357.75
2025-08-15 01:15:00,354.77
2025-08-15 01:30:00,351.81999999999994
2025-08-15 01:45:00,343.68000000000006
2025-08-15 02:00:00,-317.28
2025-08-15 02:15:00,-319.8299999999999
2025-08-15 02:30:00,-322.52
2025-08-15 02:45:00,-314.99
2025-08-15 03:00:00,288.21000000000004
2025-08-15 03:15:00,289.77
2025-08-15 03:30:00,296.96000000000004
2025-08-15 03:45:00,295.28
2025-08-15 04:00:00,556.73
2025-08-15 04:15:00,583.8199999999999
2025-08-15 04:30:00,590.3
2025-08-15 04:45:00,618.98
2025-08-15 05:00:00,-1090.17
2025-08-15 05:15:00,-1057.55
2025-08-15 05:30:00,-1048.36
2025-08-15 05:45:00,-1032.36
2025-08-15 06:00:00,-1642.05
2025-08-15 06:15:00,-1632.05
2025-08-15 06:30:00,-1619.55
2025-08-15 06:45:00,-1621.72
2025-08-15 07:00:00,-3217.5699999999997
2025-08-15 07:15:00,-3246.9700000000003
2025-08-15 07:30:00,-3296.45
2025-08-15 07:45:00,-3292.5699999999997
2025-08-15 08:00:00,-2452.33
2025-08-15 08:15:00,-2439.73
2025-08-15 08:30:00,-2414.5699999999997
2025-08-15 08:45:00,-2397.9
2025-08-15 09:00:00,-2201.2799999999997
2025-08-15 09:15:00,-2215.3599999999997
2025-08-15 09:30:00,-2228.1099999999997
2025-08-15 09:45:00,-2228.3599999999997
2025-08-15 10:00:00,-2967.99
2025-08-15 10:15:00,-2937.15
2025-08-15 10:30:00,-2972.3
2025-08-15 10:45:00,-2981.6400000000003
2025-08-15 11:00:00,-3869.4700000000003
2025-08-15 11:15:00,-3871.06
2025-08-15 11:30:00,-3872.4700000000003
2025-08-15 11:45:00,-3864.08
2025-08-15 12:00:00,-3880.73
2025-08-15 12:15:00,-3889.16
2025-08-15 12:30:00,-3894.27
2025-08-15 12:45:00,-3902.77
2025-08-15 13:00:00,-4356.8099999999995
2025-08-15 13:15:00,-4355.0
2025-08-15 13:30:00,-4335.1
2025-08-15 13:45:00,-4339.79
2025-08-15 14:00:00,-4180.57
2025-08-15 14:15:00,-4166.42
2025-08-15 14:30:00,-4168.08
2025-08-15 14:45:00,-4166.4400000000005
2025-08-15 15:00:00,-4209.7
2025-08-15 15:15:00,-4215.37
2025-08-15 15:30:00,-4207.89
2025-08-15 15:45:00,-4192.95
2025-08-15 16:00:00,-4147.87
2025-08-15 16:15:00,-4149.62
2025-08-15 16:30:00,-4143.49
2025-08-15 16:45:00,-4144.32
2025-08-15 17:00:00,-4452.28
2025-08-15 17:15:00,-4456.03
2025-08-15 17:30:00,-4446.15
2025-08-15 17:45:00,-4449.83
2025-08-15 18:00:00,-3588.0
2025-08-15 18:15:00,-3596.23
2025-08-15 18:30:00,-3583.48
2025-08-15 18:45:00,-3589.69
2025-08-15 19:00:00,-2895.06
2025-08-15 19:15:00,-2897.81
2025-08-15 19:30:00,-2887.75
2025-08-15 19:45:00,-2890.15
2025-08-15 20:00:00,-2539.9700000000003
2025-08-15 20:15:00,-2544.2799999999997
2025-08-15 20:30:00,-2553.21
2025-08-15 20:45:00,-2565.8900000000003
2025-08-15 21:00:00,-2416.83
2025-08-15 21:15:00,-2429.3199999999997
2025-08-15 21:30:00,-2443.44
2025-08-15 21:45:00,-2443.8599999999997
2025-08-15 22:00:00,-1792.51
2025-08-15 22:15:00,-1800.77
2025-08-15 22:30:00,-1816.97
2025-08-15 22:45:00,-1828.33
2025-08-15 23:00:00,-1135.82
2025-08-15 23:15:00,-1145.46
2025-08-15 23:30:00,-1145.74
2025-08-15 23:45:00,-1156.31
2025-08-16 00:00:00,-771.31
2025-08-16 00:15:00,-777.0999999999999
2025-08-16 00:30:00,-785.6099999999999
2025-08-16 00:45:00,-793.51
2025-08-16 01:00:00,-1358.95
2025-08-16 01:15:00,-1355.32
2025-08-16 01:30:00,-1351.59
2025-08-16 01:45:00,-1352.52
2025-08-16 02:00:00,-1236.36
2025-08-16 02:15:00,-1238.3
2025-08-16 02:30:00,-1243.56
2025-08-16 02:45:00,-1238.89
2025-08-16 03:00:00,-1570.68
2025-08-16 03:15:00,-1569.97
2025-08-16 03:30:00,-1570.58
2025-08-16 03:45:00,-1575.47
2025-08-16 04:00:00,-675.6400000000001
2025-08-16 04:15:00,-674.49
2025-08-16 04:30:00,-658.45
2025-08-16 04:45:00,-668.4000000000001
2025-08-16 05:00:00,-603.25
2025-08-16 05:15:00,-599.99
2025-08-16 05:30:00,-588.9200000000001
2025-08-16 05:45:00,-577.73
2025-08-16 06:00:00,-1175.96
2025-08-16 06:15:00,-1169.88
2025-08-16 06:30:00,-1160.44
2025-08-16 06:45:00,-1145.6
2025-08-16 07:00:00,-2119.79
2025-08-16 07:15:00,-2104.75
2025-08-16 07:30:00,-2094.05
2025-08-16 07:45:00,-2083.5299999999997
2025-08-16 08:00:00,-2871.51
2025-08-16 08:15:00,-2876.3199999999997
2025-08-16 08:30:00,-2866.2200000000003
2025-08-16 08:45:00,-2877.7
2025-08-16 09:00:00,-2896.4
2025-08-16 09:15:00,-2892.6
2025-08-16 09:30:00,-2890.13
2025-08-16 09:45:00,-2850.85
2025-08-16 10:00:00,-2849.3599999999997
2025-08-16 10:15:00,-2860.27
2025-08-16 10:30:00,-2859.51
2025-08-16 10:45:00,-2867.81
2025-08-16 11:00:00,-2598.85
2025-08-16 11:15:00,-2601.5299999999997
2025-08-16 11:30:00,-2611.16
2025-08-16 11:45:00,-2613.51
2025-08-16 12:00:00,-2378.71
2025-08-16 12:15:00,-2383.6
2025-08-16 12:30:00,-2376.63
2025-08-16 12:45:00,-2378.85
2025-08-16 13:00:00,-2295.05
2025-08-16 13:15:00,-2299.8
2025-08-16 13:30:00,-2288.26
2025-08-16 13:45:00,-2285.7200000000003
2025-08-16 14:00:00,-2475.15
2025-08-16 14:15:00,-2480.46
2025-08-16 14:30:00,-2469.75
2025-08-16 14:45:00,-2471.41
2025-08-16 15:00:00,-2109.73
2025-08-16 15:15:00,-2111.1
2025-08-16 15:30:00,-2095.49
2025-08-16 15:45:00,-2091.12
2025-08-16 16:00:00,-2010.02
2025-08-16 16:15:00,-2013.56
2025-08-16 16:30:00,-2013.16
2025-08-16 16:45:00,-2021.82
2025-08-16 17:00:00,-1444.33
2025-08-16 17:15:00,-1452.13
2025-08-16 17:30:00,-1455.4
2025-08-16 17:45:00,-1456.44
2025-08-16 18:00:00,-1170.46
2025-08-16 18:15:00,-1182.68
2025-08-16 18:30:00,-1178.87
2025-08-16 18:45:00,-1192.57
2025-08-16 19:00:00,-1102.86
2025-08-16 19:15:00,-1111.31
2025-08-16 19:30:00,-1106.43
2025-08-16 19:45:00,-1113.96
2025-08-16 20:00:00,-988.5899999999999
2025-08-16 20:15:00,-998.74
2025-08-16 20:30:00,-1003.9300000000001
2025-08-16 20:45:00,-1011.45
2025-08-16 21:00:00,-783.8199999999999
2025-08-16 21:15:00,-792.4000000000001
2025-08-16 21:30:00,-806.5999999999999
2025-08-16 21:45:00,-819.28
2025-08-16 22:00:00,-1026.68
2025-08-16 22:15:00,-1027.65
2025-08-16 22:30:00,-1037.46
2025-08-16 22:45:00,-1044.65
2025-08-16 23:00:00,-1202.02
2025-08-16 23:15:00,-1201.82
2025-08-16 23:30:00,-1209.95
2025-08-16 23:45:00,-1213.97
2025-08-17 00:00:00,-1247.44
2025-08-17 00:15:00,-1256.03
2025-08-17 00:30:00,-1262.18
2025-08-17 00:45:00,-1264.1
2025-08-17 01:00:00,-1814.42
2025-08-17 01:15:00,-1819.96
2025-08-17 01:30:00,-1821.46
2025-08-17 01:45:00,-1823.15
2025-08-17 02:00:00,-1784.27
2025-08-17 02:15:00,-1783.43
2025-08-17 02:30:00,-1790.09
2025-08-17 02:45:00,-1786.4
2025-08-17 03:00:00,-1581.8
2025-08-17 03:15:00,-1585.88
2025-08-17 03:30:00,-1586.32
2025-08-17 03:45:00,-1593.51
2025-08-17 04:00:00,-1537.58
2025-08-17 04:15:00,-1525.92
2025-08-17 04:30:00,-1521.72
2025-08-17 04:45:00,-1522.44
2025-08-17 05:00:00,-1544.31
2025-08-17 05:15:00,-1525.43
2025-08-17 05:30:00,-1568.09
2025-08-17 05:45:00,-1574.07
2025-08-17 06:00:00,-2243.74
2025-08-17 06:15:00,-2176.1099999999997
2025-08-17 06:30:00,-2154.59
2025-08-17 06:45:00,-2139.7799999999997
2025-08-17 07:00:00,-1970.7
2025-08-17 07:15:00,-1959.25
2025-08-17 07:30:00,-1953.79
2025-08-17 07:45:00,-1953.26
2025-08-17 08:00:00,-1543.98
2025-08-17 08:15:00,-1538.32
2025-08-17 08:30:00,-1538.81
2025-08-17 08:45:00,-1542.21
2025-08-17 09:00:00,-1859.92
2025-08-17 09:15:00,-1819.79
2025-08-17 09:30:00,-1829.29
2025-08-17 09:45:00,-1826.43
2025-08-17 10:00:00,-2258.4
2025-08-17 10:15:00,-2263.65
2025-08-17 10:30:00,-2266.24
2025-08-17 10:45:00,-2269.27
2025-08-17 11:00:00,-2245.12
2025-08-17 11:15:00,-2246.5699999999997
2025-08-17 11:30:00,-2249.66
2025-08-17 11:45:00,-2254.44
2025-08-17 12:00:00,-2682.2
2025-08-17 12:15:00,-2681.2799999999997
2025-08-17 12:30:00,-2679.6099999999997
2025-08-17 12:45:00,-2679.75
2025-08-17 13:00:00,-3209.56
2025-08-17 13:15:00,-3241.56
2025-08-17 13:30:00,-3222.31
2025-08-17 13:45:00,-3214.52
2025-08-17 14:00:00,-3650.6099999999997
2025-08-17 14:15:00,-3644.62
2025-08-17 14:30:00,-3630.92
2025-08-17 14:45:00,-3631.46
2025-08-17 15:00:00,-3366.87
2025-08-17 15:15:00,-3459.81
2025-08-17 15:30:00,-3454.56
2025-08-17 15:45:00,-3442.01
2025-08-17 16:00:00,-3029.3599999999997
2025-08-17 16:15:00,-3034.88
2025-08-17 16:30:00,-3017.49
2025-08-17 16:45:00,-3033.41
2025-08-17 17:00:00,-2486.37
2025-08-17 17:15:00,-2488.08
2025-08-17 17:30:00,-2477.1
2025-08-17 17:45:00,-2467.9300000000003
2025-08-17 18:00:00,-2225.95
2025-08-17 18:15:00,-2222.44
2025-08-17 18:30:00,-2222.24
2025-08-17 18:45:00,-2226.51
2025-08-17 19:00:00,-1993.33
2025-08-17 19:15:00,-1981.52
2025-08-17 19:30:00,-1970.53
2025-08-17 19:45:00,-1977.24
2025-08-17 20:00:00,-1687.33
2025-08-17 20:15:00,-1696.19
2025-08-17 20:30:00,-1707.06
2025-08-17 20:45:00,-1724.86
2025-08-17 21:00:00,-946.1800000000001
2025-08-17 21:15:00,-961.4300000000001
2025-08-17 21:30:00,-974.79
2025-08-17 21:45:00,-994.4300000000001
2025-08-17 22:00:00,-1286.45
2025-08-17 22:15:00,-1292.48
2025-08-17 22:30:00,-1320.1
2025-08-17 22:45:00,-1324.64
2025-08-17 23:00:00,-1231.81
2025-08-17 23:15:00,-1242.46
2025-08-17 23:30:00,-1252.84
2025-08-17 23:45:00,-1263.64
2025-08-18 00:00:00,-1470.29
2025-08-18 00:15:00,-1474.01
2025-08-18 00:30:00,-1480.94
2025-08-18 00:45:00,-1479.61
2025-08-18 01:00:00,-1567.14
2025-08-18 01:15:00,-1573.32
2025-08-18 01:30:00,-1571.26
2025-08-18 01:45:00,-1575.64
2025-08-18 02:00:00,-1491.71
2025-08-18 02:15:00,-1489.11
2025-08-18 02:30:00,-1487.84
2025-08-18 02:45:00,-1484.01
2025-08-18 03:00:00,-1563.94
2025-08-18 03:15:00,-1555.74
2025-08-18 03:30:00,-1542.26
2025-08-18 03:45:00,-1536.5
2025-08-18 04:00:00,-1588.89
2025-08-18 04:15:00,-1569.78
2025-08-18 04:30:00,-1534.34
2025-08-18 04:45:00,-1518.24
2025-08-18 05:00:00,-1289.44
2025-08-18 05:15:00,-1270.69
2025-08-18 05:30:00,-1250.82
2025-08-18 05:45:00,-1237.71
2025-08-18 06:00:00,-1358.79
2025-08-18 06:15:00,-1359.34
2025-08-18 06:30:00,-1355.59
2025-08-18 06:45:00,-1348.25
2025-08-18 07:00:00,-1313.25
2025-08-18 07:15:00,-1309.47
2025-08-18 07:30:00,-1298.53
2025-08-18 07:45:00,-1288.34
2025-08-18 08:00:00,-1274.32
2025-08-18 08:15:00,-1275.6
2025-08-18 08:30:00,-1283.3
2025-08-18 08:45:00,-1281.26
2025-08-18 09:00:00,-1765.31
2025-08-18 09:15:00,-1771.46
2025-08-18 09:30:00,-1773.23
2025-08-18 09:45:00,-1775.66
2025-08-18 10:00:00,-1652.89
2025-08-18 10:15:00,-1652.48
2025-08-18 10:30:00,-1649.57
2025-08-18 10:45:00,-1660.76
2025-08-18 11:00:00,-1814.55
2025-08-18 11:15:00,-1809.53
2025-08-18 11:30:00,-1868.72
2025-08-18 11:45:00,-1946.19
2025-08-18 12:00:00,-2059.09
2025-08-18 12:15:00,-2054.96
2025-08-18 12:30:00,-2046.3
2025-08-18 12:45:00,-2051.76
2025-08-18 13:00:00,-2400.3599999999997
2025-08-18 13:15:00,-2399.35
2025-08-18 13:30:00,-2391.42
2025-08-18 13:45:00,-2388.33
2025-08-18 14:00:00,-2326.08
2025-08-18 14:15:00,-2315.7799999999997
2025-08-18 14:30:00,-2317.29
2025-08-18 14:45:00,-2333.45
2025-08-18 15:00:00,-2692.74
2025-08-18 15:15:00,-2716.65
2025-08-18 15:30:00,-2707.5299999999997
2025-08-18 15:45:00,-2695.25
2025-08-18 16:00:00,-3278.62
2025-08-18 16:15:00,-3277.24
2025-08-18 16:30:00,-3276.23
2025-08-18 16:45:00,-3279.1400000000003
2025-08-18 17:00:00,-3213.2799999999997
2025-08-18 17:15:00,-3219.84
2025-08-18 17:30:00,-3223.5299999999997
2025-08-18 17:45:00,-3222.05
2025-08-18 18:00:00,-2877.63
2025-08-18 18:15:00,-2880.91
2025-08-18 18:30:00,-2876.04
2025-08-18 18:45:00,-2878.79
2025-08-18 19:00:00,-2290.83
2025-08-18 19:15:00,-2289.2799999999997
2025-08-18 19:30:00,-2286.58
2025-08-18 19:45:00,-2298.25
2025-08-18 20:00:00,-2379.13
2025-08-18 20:15:00,-2384.88
2025-08-18 20:30:00,-2404.88
2025-08-18 20:45:00,-2425.26
2025-08-18 21:00:00,-2342.58
2025-08-18 21:15:00,-2351.88
2025-08-18 21:30:00,-2368.24
2025-08-18 21:45:00,-2384.33
2025-08-18 22:00:00,-2253.76
2025-08-18 22:15:00,-2256.63
2025-08-18 22:30:00,-2263.2799999999997
2025-08-18 22:45:00,-2290.48
2025-08-18 23:00:00,-2106.5699999999997
2025-08-18 23:15:00,-2116.6400000000003
2025-08-18 23:30:00,-2130.95
2025-08-18 23:45:00,-2132.98
2025-08-19 00:00:00,-1769.11
2025-08-19 00:15:00,-1774.96
2025-08-19 00:30:00,-1777.1
2025-08-19 00:45:00,-1781.05
2025-08-19 01:00:00,-1667.73
2025-08-19 01:15:00,-1667.55
2025-08-19 01:30:00,-1666.15
2025-08-19 01:45:00,-1670.23
2025-08-19 02:00:00,-1422.11
2025-08-19 02:15:00,-1421.37
2025-08-19 02:30:00,-1420.95
2025-08-19 02:45:00,-1421.26
2025-08-19 03:00:00,-1603.63
2025-08-19 03:15:00,-1588.31
2025-08-19 03:30:00,-1577.41
2025-08-19 03:45:00,-1571.81
2025-08-19 04:00:00,-2125.34
2025-08-19 04:15:00,-2104.13
2025-08-19 04:30:00,-2075.35
2025-08-19 04:45:00,-2053.55
2025-08-19 05:00:00,-2508.75
2025-08-19 05:15:00,-2495.4300000000003
2025-08-19 05:30:00,-2478.2200000000003
2025-08-19 05:45:00,-2451.37
2025-08-19 06:00:00,-2907.83
2025-08-19 06:15:00,-2911.91
2025-08-19 06:30:00,-2922.63
2025-08-19 06:45:00,-2935.23
2025-08-19 07:00:00,-4014.9300000000003
2025-08-19 07:15:00,-4016.01
2025-08-19 07:30:00,-3999.31
2025-08-19 07:45:00,-3997.83
2025-08-19 08:00:00,-4349.39
2025-08-19 08:15:00,-4354.45
2025-08-19 08:30:00,-4362.79
2025-08-19 08:45:00,-4382.04
2025-08-19 09:00:00,-4783.18
2025-08-19 09:15:00,-4790.59
2025-08-19 09:30:00,-4802.35
2025-08-19 09:45:00,-4804.86
2025-08-19 10:00:00,-4605.68
2025-08-19 10:15:00,-4612.78
2025-08-19 10:30:00,-4619.02
2025-08-19 10:45:00,-4627.12
2025-08-19 11:00:00,-4988.2
2025-08-19 11:15:00,-4996.33
2025-08-19 11:30:00,-4993.87
2025-08-19 11:45:00,-4969.51
2025-08-19 12:00:00,-5022.84
2025-08-19 12:15:00,-5023.82
2025-08-19 12:30:00,-5030.32
2025-08-19 12:45:00,-5025.51
2025-08-19 13:00:00,-5130.22
2025-08-19 13:15:00,-5120.38
2025-08-19 13:30:00,-5097.83
2025-08-19 13:45:00,-5097.07
2025-08-19 14:00:00,-5377.74
2025-08-19 14:15:00,-5363.55
2025-08-19 14:30:00,-5361.03
2025-08-19 14:45:00,-5358.98
2025-08-19 15:00:00,-4750.93
2025-08-19 15:15:00,-4762.2
2025-08-19 15:30:00,-4760.65
2025-08-19 15:45:00,-4747.55
2025-08-19 16:00:00,-4288.4
2025-08-19 16:15:00,-4285.32
2025-08-19 16:30:00,-4275.11
2025-08-19 16:45:00,-4283.83
2025-08-19 17:00:00,-3876.46
2025-08-19 17:15:00,-3868.67
2025-08-19 17:30:00,-3865.26
2025-08-19 17:45:00,-3863.96
2025-08-19 18:00:00,-3864.8599999999997
2025-08-19 18:15:00,-3872.79
2025-08-19 18:30:00,-3866.19
2025-08-19 18:45:00,-3865.06
2025-08-19 19:00:00,-3501.29
2025-08-19 19:15:00,-3496.4
2025-08-19 19:30:00,-3493.34
2025-08-19 19:45:00,-3491.25
2025-08-19 20:00:00,-3360.88
2025-08-19 20:15:00,-3368.48
2025-08-19 20:30:00,-3382.52
2025-08-19 20:45:00,-3393.04
2025-08-19 21:00:00,-2863.04
2025-08-19 21:15:00,-2877.1
2025-08-19 21:30:00,-2894.33
2025-08-19 21:45:00,-2914.3
2025-08-19 22:00:00,-2251.91
2025-08-19 22:15:00,-2270.56
2025-08-19 22:30:00,-2286.19
2025-08-19 22:45:00,-2291.0299999999997
2025-08-19 23:00:00,-1690.79
2025-08-19 23:15:00,-1702.24
2025-08-19 23:30:00,-1713.35
2025-08-19 23:45:00,-1720.37
2025-08-20 00:00:00,-1086.04
2025-08-20 00:15:00,-1087.59
2025-08-20 00:30:00,-1094.03
2025-08-20 00:45:00,-1089.86
2025-08-20 01:00:00,162.05999999999995
2025-08-20 01:15:00,163.80999999999995
2025-08-20 01:30:00,166.93000000000006
2025-08-20 01:45:00,164.1500000000001
2025-08-20 02:00:00,127.51999999999998
2025-08-20 02:15:00,126.71000000000004
2025-08-20 02:30:00,131.6099999999999
2025-08-20 02:45:00,139.20000000000005
2025-08-20 03:00:00,369.1700000000001
2025-08-20 03:15:00,372.6500000000001
2025-08-20 03:30:00,386.3299999999999
2025-08-20 03:45:00,393.99
2025-08-20 04:00:00,528.1500000000001
2025-08-20 04:15:00,556.56
2025-08-20 04:30:00,595.0699999999999
2025-08-20 04:45:00,618.0999999999999
2025-08-20 05:00:00,356.5999999999999
2025-08-20 05:15:00,381.6700000000001
2025-08-20 05:30:00,386.81999999999994
2025-08-20 05:45:00,389.31999999999994
2025-08-20 06:00:00,514.9200000000001
2025-08-20 06:15:00,513.1099999999999
2025-08-20 06:30:00,522.9000000000001
2025-08-20 06:45:00,521.6099999999999
2025-08-20 07:00:00,598.6099999999999
2025-08-20 07:15:00,594.6700000000001
2025-08-20 07:30:00,441.20000000000005
2025-08-20 07:45:00,369.27
2025-08-20 08:00:00,328.97
2025-08-20 08:15:00,366.4100000000001
2025-08-20 08:30:00,361.05999999999995
2025-08-20 08:45:00,341.9100000000001
2025-08-20 09:00:00,-164.1500000000001
2025-08-20 09:15:00,-172.77999999999997
2025-08-20 09:30:00,-180.3800000000001
2025-08-20 09:45:00,-186.1500000000001
2025-08-20 10:00:00,-668.51
2025-08-20 10:15:00,-668.54
2025-08-20 10:30:00,-676.29
2025-08-20 10:45:00,-684.3900000000001
2025-08-20 11:00:00,-1495.75
2025-08-20 11:15:00,-1486.09
2025-08-20 11:30:00,-1483.42
2025-08-20 11:45:00,-1490.31
2025-08-20 12:00:00,-3137.04
2025-08-20 12:15:00,-3151.04
2025-08-20 12:30:00,-3143.74
2025-08-20 12:45:00,-3137.04
2025-08-20 13:00:00,-4408.18
2025-08-20 13:15:00,-4406.63
2025-08-20 13:30:00,-4393.49
2025-08-20 13:45:00,-4375.74
2025-08-20 14:00:00,-4588.26
2025-08-20 14:15:00,-4573.48
2025-08-20 14:30:00,-4564.71
2025-08-20 14:45:00,-4567.73
2025-08-20 15:00:00,-5032.97
2025-08-20 15:15:00,-5034.97
2025-08-20 15:30:00,-5024.1
2025-08-20 15:45:00,-5032.4
2025-08-20 16:00:00,-4597.17
2025-08-20 16:15:00,-4598.52
2025-08-20 16:30:00,-4593.33
2025-08-20 16:45:00,-4587.99
2025-08-20 17:00:00,-4471.96
2025-08-20 17:15:00,-4471.48
2025-08-20 17:30:00,-4471.3
2025-08-20 17:45:00,-4474.2
2025-08-20 18:00:00,-3311.6800000000003
2025-08-20 18:15:00,-3309.95
2025-08-20 18:30:00,-3305.59
2025-08-20 18:45:00,-3300.7
2025-08-20 19:00:00,-2361.17
2025-08-20 19:15:00,-2361.94
2025-08-20 19:30:00,-2357.77
2025-08-20 19:45:00,-2366.34
2025-08-20 20:00:00,-1872.77
2025-08-20 20:15:00,-1886.38
2025-08-20 20:30:00,-1902.78
2025-08-20 20:45:00,-1913.96
2025-08-20 21:00:00,-1490.24
2025-08-20 21:15:00,-1510.58
2025-08-20 21:30:00,-1527.17
2025-08-20 21:45:00,-1543.79
2025-08-20 22:00:00,-1812.58
2025-08-20 22:15:00,-1827.81
2025-08-20 22:30:00,-1833.92
2025-08-20 22:45:00,-1856.14
2025-08-20 23:00:00,-1647.05
2025-08-20 23:15:00,-1657.45
2025-08-20 23:30:00,-1664.63
2025-08-20 23:45:00,-1671.83
2025-08-21 00:00:00,-1461.88
2025-08-21 00:15:00,-1453.77
2025-08-21 00:30:00,-1465.36
2025-08-21 00:45:00,-1457.86
2025-08-21 01:00:00,-1556.39
2025-08-21 01:15:00,-1559.29
2025-08-21 01:30:00,-1564.43
2025-08-21 01:45:00,-1570.08
2025-08-21 02:00:00,-1184.52
2025-08-21 02:15:00,-1185.65
2025-08-21 02:30:00,-1176.12
2025-08-21 02:45:00,-1173.73
2025-08-21 03:00:00,-717.8699999999999
2025-08-21 03:15:00,-708.8900000000001
2025-08-21 03:30:00,-697.1099999999999
2025-08-21 03:45:00,-689.6199999999999
2025-08-21 04:00:00,-468.55999999999995
2025-08-21 04:15:00,-439.79999999999995
2025-08-21 04:30:00,-408.3800000000001
2025-08-21 04:45:00,-390.5799999999999
2025-08-21 05:00:00,-249.33999999999992
2025-08-21 05:15:00,-228.79999999999995
2025-08-21 05:30:00,-215.07999999999993
2025-08-21 05:45:00,-214.99
2025-08-21 06:00:00,-382.74
2025-08-21 06:15:00,-380.43000000000006
2025-08-21 06:30:00,-377.20000000000005
2025-08-21 06:45:00,-386.49
2025-08-21 07:00:00,-446.44000000000005
2025-08-21 07:15:00,-463.1500000000001
2025-08-21 07:30:00,-455.8900000000001
2025-08-21 07:45:00,-460.29999999999995
2025-08-21 08:00:00,-1122.22
2025-08-21 08:15:00,-1121.86
2025-08-21 08:30:00,-1118.31
2025-08-21 08:45:00,-1128.91
2025-08-21 09:00:00,-2434.51
2025-08-21 09:15:00,-2428.1800000000003
2025-08-21 09:30:00,-2438.2200000000003
2025-08-21 09:45:00,-2437.59
2025-08-21 10:00:00,-3279.4700000000003
2025-08-21 10:15:00,-3314.0
2025-08-21 10:30:00,-3317.71
2025-08-21 10:45:00,-3334.21
2025-08-21 11:00:00,-4051.51
2025-08-21 11:15:00,-4053.7
2025-08-21 11:30:00,-4075.4700000000003
2025-08-21 11:45:00,-4078.33
2025-08-21 12:00:00,-4524.13
2025-08-21 12:15:00,-4529.76
2025-08-21 12:30:00,-4524.71
2025-08-21 12:45:00,-4517.37
2025-08-21 13:00:00,-4866.1
2025-08-21 13:15:00,-4856.3099999999995
2025-08-21 13:30:00,-4849.48
2025-08-21 13:45:00,-4842.96
2025-08-21 14:00:00,-4999.47
2025-08-21 14:15:00,-4981.6900000000005
2025-08-21 14:30:00,-4985.8099999999995
2025-08-21 14:45:00,-4989.0599999999995
2025-08-21 15:00:00,-4939.71
2025-08-21 15:15:00,-4956.48
2025-08-21 15:30:00,-4954.45
2025-08-21 15:45:00,-4947.62
2025-08-21 16:00:00,-4451.82
2025-08-21 16:15:00,-4459.36
2025-08-21 16:30:00,-4454.42
2025-08-21 16:45:00,-4451.52
2025-08-21 17:00:00,-3972.4700000000003
2025-08-21 17:15:00,-3965.16
2025-08-21 17:30:00,-3958.0299999999997
2025-08-21 17:45:00,-3957.54
2025-08-21 18:00:00,-2729.08
2025-08-21 18:15:00,-2728.46
2025-08-21 18:30:00,-2717.6800000000003
2025-08-21 18:45:00,-2715.5
2025-08-21 19:00:00,-1858.54
2025-08-21 19:15:00,-1852.81
2025-08-21 19:30:00,-1858.94
2025-08-21 19:45:00,-1862.14
2025-08-21 20:00:00,-1611.14
2025-08-21 20:15:00,-1624.3
2025-08-21 20:30:00,-1625.81
2025-08-21 20:45:00,-1641.06
2025-08-21 21:00:00,-1300.77
2025-08-21 21:15:00,-1323.43
2025-08-21 21:30:00,-1336.51
2025-08-21 21:45:00,-1350.24
2025-08-21 22:00:00,-958.78
2025-08-21 22:15:00,-977.1500000000001
2025-08-21 22:30:00,-991.94
2025-08-21 22:45:00,-990.19
2025-08-21 23:00:00,-791.6199999999999
2025-08-21 23:15:00,-785.8499999999999
2025-08-21 23:30:00,-796.19
2025-08-21 23:45:00,-808.1800000000001
2025-08-22 00:00:00,-986.8499999999999
2025-08-22 00:15:00,-993.9000000000001
2025-08-22 00:30:00,-998.79
2025-08-22 00:45:00,-997.5899999999999
2025-08-22 01:00:00,-2299.1400000000003
2025-08-22 01:15:00,-2310.48
2025-08-22 01:30:00,-2304.1099999999997
2025-08-22 01:45:00,-2304.62
2025-08-22 02:00:00,-1655.26
2025-08-22 02:15:00,-1658.34
2025-08-22 02:30:00,-1660.78
2025-08-22 02:45:00,-1658.71
2025-08-22 03:00:00,-1259.79
2025-08-22 03:15:00,-1242.83
2025-08-22 03:30:00,-1244.4
2025-08-22 03:45:00,-1231.34
2025-08-22 04:00:00,-888.4300000000001
2025-08-22 04:15:00,-877.99
2025-08-22 04:30:00,-847.1700000000001
2025-08-22 04:45:00,-811.28
2025-08-22 05:00:00,-955.1400000000001
2025-08-22 05:15:00,-933.4000000000001
2025-08-22 05:30:00,-908.74
2025-08-22 05:45:00,-924.8199999999999
2025-08-22 06:00:00,-1383.19
2025-08-22 06:15:00,-1408.72
2025-08-22 06:30:00,-1414.36
2025-08-22 06:45:00,-1409.72
2025-08-22 07:00:00,-996.75
2025-08-22 07:15:00,-1005.0799999999999
2025-08-22 07:30:00,-1025.79
2025-08-22 07:45:00,-1033.21
2025-08-22 08:00:00,-2741.6
2025-08-22 08:15:00,-2733.5299999999997
2025-08-22 08:30:00,-2715.49
2025-08-22 08:45:00,-2720.13
2025-08-22 09:00:00,-3260.8599999999997
2025-08-22 09:15:00,-3263.94
2025-08-22 09:30:00,-3247.19
2025-08-22 09:45:00,-3226.84
2025-08-22 10:00:00,-3328.01
2025-08-22 10:15:00,-3328.0
2025-08-22 10:30:00,-3326.04
2025-08-22 10:45:00,-3337.04
2025-08-22 11:00:00,-4092.8199999999997
2025-08-22 11:15:00,-4091.19
2025-08-22 11:30:00,-4080.75
2025-08-22 11:45:00,-4073.27
2025-08-22 12:00:00,-4279.22
2025-08-22 12:15:00,-4266.48
2025-08-22 12:30:00,-4268.5599999999995
2025-08-22 12:45:00,-4273.5
2025-08-22 13:00:00,-4183.54
2025-08-22 13:15:00,-4180.8
2025-08-22 13:30:00,-4195.23
2025-08-22 13:45:00,-4198.1
2025-08-22 14:00:00,-4201.29
2025-08-22 14:15:00,-4186.3099999999995
2025-08-22 14:30:00,-4191.4
2025-08-22 14:45:00,-4197.37
2025-08-22 15:00:00,-4832.09
2025-08-22 15:15:00,-4854.22
2025-08-22 15:30:00,-4862.64
2025-08-22 15:45:00,-4849.1
2025-08-22 16:00:00,-4368.65
2025-08-22 16:15:00,-4367.99
2025-08-22 16:30:00,-4373.37
2025-08-22 16:45:00,-4374.15
2025-08-22 17:00:00,-3302.4300000000003
2025-08-22 17:15:00,-3299.58
2025-08-22 17:30:00,-3298.33
2025-08-22 17:45:00,-3312.76
2025-08-22 18:00:00,-2567.3900000000003
2025-08-22 18:15:00,-2570.84
2025-08-22 18:30:00,-2557.25
2025-08-22 18:45:00,-2557.25
2025-08-22 19:00:00,-2027.91
2025-08-22 19:15:00,-2038.32
2025-08-22 19:30:00,-2040.67
2025-08-22 19:45:00,-2053.13
2025-08-22 20:00:00,-1895.43
2025-08-22 20:15:00,-1897.7
2025-08-22 20:30:00,-1910.97
2025-08-22 20:45:00,-1922.44
2025-08-22 21:00:00,-1445.11
2025-08-22 21:15:00,-1456.37
2025-08-22 21:30:00,-1469.32
2025-08-22 21:45:00,-1476.81
2025-08-22 22:00:00,-1184.3
2025-08-22 22:15:00,-1197.57
2025-08-22 22:30:00,-1203.2
2025-08-22 22:45:00,-1211.53
2025-08-22 23:00:00,-1032.64
2025-08-22 23:15:00,-1044.31
2025-08-22 23:30:00,-1050.12
2025-08-22 23:45:00,-1062.09
2025-08-23 00:00:00,-703.9200000000001
2025-08-23 00:15:00,-712.19
2025-08-23 00:30:00,-707.8499999999999
2025-08-23 00:45:00,-719.55
2025-08-23 01:00:00,-771.95
2025-08-23 01:15:00,-771.56
2025-08-23 01:30:00,-773.4000000000001
2025-08-23 01:45:00,-777.23
2025-08-23 02:00:00,-631.54
2025-08-23 02:15:00,-629.23
2025-08-23 02:30:00,-631.1700000000001
2025-08-23 02:45:00,-635.54
2025-08-23 03:00:00,-275.28999999999996
2025-08-23 03:15:00,-272.6400000000001
2025-08-23 03:30:00,-269.19000000000005
2025-08-23 03:45:00,-271.22
2025-08-23 04:00:00,121.79999999999995
2025-08-23 04:15:00,120.86999999999989
2025-08-23 04:30:00,133.6300000000001
2025-08-23 04:45:00,138.5
2025-08-23 05:00:00,110.38000000000011
2025-08-23 05:15:00,113.42000000000007
2025-08-23 05:30:00,136.79999999999995
2025-08-23 05:45:00,140.76999999999998
2025-08-23 06:00:00,-57.190000000000055
2025-08-23 06:15:00,-49.549999999999955
2025-08-23 06:30:00,-50.74000000000001
2025-08-23 06:45:00,-38.0
2025-08-23 07:00:00,-373.76
2025-08-23 07:15:00,-366.81999999999994
2025-08-23 07:30:00,-367.98
2025-08-23 07:45:00,-372.49
2025-08-23 08:00:00,-616.6600000000001
2025-08-23 08:15:00,-599.3199999999999
2025-08-23 08:30:00,-595.77
2025-08-23 08:45:00,-593.3900000000001
2025-08-23 09:00:00,-1430.65
2025-08-23 09:15:00,-1441.54
2025-08-23 09:30:00,-1439.22
2025-08-23 09:45:00,-1450.83
2025-08-23 10:00:00,-2663.8
2025-08-23 10:15:00,-2670.2
2025-08-23 10:30:00,-2667.7200000000003
2025-08-23 10:45:00,-2674.09
2025-08-23 11:00:00,-2726.48
2025-08-23 11:15:00,-2729.79
2025-08-23 11:30:00,-2731.96
2025-08-23 11:45:00,-2735.02
2025-08-23 12:00:00,-3106.35
2025-08-23 12:15:00,-3114.91
2025-08-23 12:30:00,-3113.3900000000003
2025-08-23 12:45:00,-3115.12
2025-08-23 13:00:00,-4475.58
2025-08-23 13:15:00,-4483.03
2025-08-23 13:30:00,-4477.26
2025-08-23 13:45:00,-4476.92
2025-08-23 14:00:00,-4116.26
2025-08-23 14:15:00,-4160.28
2025-08-23 14:30:00,-4176.98
2025-08-23 14:45:00,-4191.46
2025-08-23 15:00:00,-4587.85
2025-08-23 15:15:00,-4600.5599999999995
2025-08-23 15:30:00,-4589.32
2025-08-23 15:45:00,-4580.61
2025-08-23 16:00:00,-4099.65
2025-08-23 16:15:00,-4087.66
2025-08-23 16:30:00,-4063.77
2025-08-23 16:45:00,-4052.3900000000003
2025-08-23 17:00:00,-3764.02
2025-08-23 17:15:00,-3766.83
2025-08-23 17:30:00,-3755.42
2025-08-23 17:45:00,-3773.25
2025-08-23 18:00:00,-3302.3900000000003
2025-08-23 18:15:00,-3300.52
2025-08-23 18:30:00,-3294.1
2025-08-23 18:45:00,-3277.1
2025-08-23 19:00:00,-3157.04
2025-08-23 19:15:00,-3161.7799999999997
2025-08-23 19:30:00,-3159.81
2025-08-23 19:45:00,-3162.08
2025-08-23 20:00:00,-2747.6
2025-08-23 20:15:00,-2743.75
2025-08-23 20:30:00,-2749.67
2025-08-23 20:45:00,-2758.5299999999997
2025-08-23 21:00:00,-2404.33
2025-08-23 21:15:00,-2407.46
2025-08-23 21:30:00,-2409.59
2025-08-23 21:45:00,-2426.83
2025-08-23 22:00:00,-2228.6
2025-08-23 22:15:00,-2239.0
2025-08-23 22:30:00,-2242.9700000000003
2025-08-23 22:45:00,-2253.27
2025-08-23 23:00:00,-2293.71
2025-08-23 23:15:00,-2298.59
2025-08-23 23:30:00,-2307.0699999999997
2025-08-23 23:45:00,-2302.4300000000003
2025-08-24 00:00:00,-2061.1800000000003
2025-08-24 00:15:00,-2059.13
2025-08-24 00:30:00,-2061.5
2025-08-24 00:45:00,-2060.52
2025-08-24 01:00:00,-2033.74
2025-08-24 01:15:00,-2035.42
2025-08-24 01:30:00,-2036.8
2025-08-24 01:45:00,-2033.25
2025-08-24 02:00:00,-1733.16
2025-08-24 02:15:00,-1740.33
2025-08-24 02:30:00,-1738.3
2025-08-24 02:45:00,-1736.8
2025-08-24 03:00:00,-1792.54
2025-08-24 03:15:00,-1795.57
2025-08-24 03:30:00,-1791.74
2025-08-24 03:45:00,-1791.97
2025-08-24 04:00:00,-1548.44
2025-08-24 04:15:00,-1550.86
2025-08-24 04:30:00,-1553.76
2025-08-24 04:45:00,-1552.7
2025-08-24 05:00:00,-1214.83
2025-08-24 05:15:00,-1210.98
2025-08-24 05:30:00,-1207.02
2025-08-24 05:45:00,-1203.81
2025-08-24 06:00:00,-1444.82
2025-08-24 06:15:00,-1442.3
2025-08-24 06:30:00,-1428.44
2025-08-24 06:45:00,-1447.16
2025-08-24 07:00:00,-1555.69
2025-08-24 07:15:00,-1551.12
2025-08-24 07:30:00,-1543.32
2025-08-24 07:45:00,-1538.49
2025-08-24 08:00:00,-3035.48
2025-08-24 08:15:00,-3005.1800000000003
2025-08-24 08:30:00,-2990.3900000000003
2025-08-24 08:45:00,-2983.6099999999997
2025-08-24 09:00:00,-3082.9
2025-08-24 09:15:00,-3089.9
2025-08-24 09:30:00,-3092.26
2025-08-24 09:45:00,-3096.27
2025-08-24 10:00:00,-2758.94
2025-08-24 10:15:00,-2756.7200000000003
2025-08-24 10:30:00,-2755.12
2025-08-24 10:45:00,-2764.3900000000003
2025-08-24 11:00:00,-2704.1800000000003
2025-08-24 11:15:00,-2705.19
2025-08-24 11:30:00,-2703.02
2025-08-24 11:45:00,-2710.1
2025-08-24 12:00:00,-2622.1099999999997
2025-08-24 12:15:00,-2619.87
2025-08-24 12:30:00,-2622.29
2025-08-24 12:45:00,-2623.12
2025-08-24 13:00:00,-3002.25
2025-08-24 13:15:00,-3009.5299999999997
2025-08-24 13:30:00,-2998.52
2025-08-24 13:45:00,-3003.51
2025-08-24 14:00:00,-3668.34
2025-08-24 14:15:00,-3664.85
2025-08-24 14:30:00,-3658.74
2025-08-24 14:45:00,-3671.91
2025-08-24 15:00:00,-3610.8599999999997
2025-08-24 15:15:00,-3607.94
2025-08-24 15:30:00,-3594.99
2025-08-24 15:45:00,-3579.09
2025-08-24 16:00:00,-3356.21
2025-08-24 16:15:00,-3354.09
2025-08-24 16:30:00,-3346.55
2025-08-24 16:45:00,-3344.25
2025-08-24 17:00:00,-3495.9700000000003
2025-08-24 17:15:00,-3488.3900000000003
2025-08-24 17:30:00,-3477.5299999999997
2025-08-24 17:45:00,-3474.77
2025-08-24 18:00:00,-3144.27
2025-08-24 18:15:00,-3139.0
2025-08-24 18:30:00,-3132.27
2025-08-24 18:45:00,-3134.3900000000003
2025-08-24 19:00:00,-1992.54
2025-08-24 19:15:00,-1980.45
2025-08-24 19:30:00,-1981.23
2025-08-24 19:45:00,-1986.43
2025-08-24 20:00:00,-1580.34
2025-08-24 20:15:00,-1590.95
2025-08-24 20:30:00,-1595.39
2025-08-24 20:45:00,-1602.18
2025-08-24 21:00:00,-1296.17
2025-08-24 21:15:00,-1309.96
2025-08-24 21:30:00,-1325.4
2025-08-24 21:45:00,-1345.84
2025-08-24 22:00:00,-834.1700000000001
2025-08-24 22:15:00,-842.1300000000001
2025-08-24 22:30:00,-853.78
2025-08-24 22:45:00,-861.0899999999999
2025-08-24 23:00:00,-324.8599999999999
2025-08-24 23:15:00,-331.53999999999996
2025-08-24 23:30:00,-338.68000000000006
2025-08-24 23:45:00,-340.8499999999999
2025-08-25 00:00:00,223.82999999999993
2025-08-25 00:15:00,218.1400000000001
2025-08-25 00:30:00,214.23000000000002
2025-08-25 00:45:00,214.27999999999997
2025-08-25 01:00:00,25.690000000000055
2025-08-25 01:15:00,24.069999999999936
2025-08-25 01:30:00,15.440000000000055
2025-08-25 01:45:00,11.509999999999991
2025-08-25 02:00:00,255.4000000000001
2025-08-25 02:15:00,253.82999999999993
2025-08-25 02:30:00,253.6099999999999
2025-08-25 02:45:00,256.5
2025-08-25 03:00:00,629.6400000000001
2025-08-25 03:15:00,640.5
2025-08-25 03:30:00,649.96
2025-08-25 03:45:00,663.71
2025-08-25 04:00:00,964.71
2025-08-25 04:15:00,979.45
2025-08-25 04:30:00,1006.8399999999999
2025-08-25 04:45:00,1035.26
2025-08-25 05:00:00,959.01
2025-08-25 05:15:00,978.5
2025-08-25 05:30:00,1002.56
2025-08-25 05:45:00,1009.9300000000001
2025-08-25 06:00:00,850.01
2025-08-25 06:15:00,838.72
2025-08-25 06:30:00,828.03
2025-08-25 06:45:00,838.8399999999999
2025-08-25 07:00:00,1060.48
2025-08-25 07:15:00,1053.88
2025-08-25 07:30:00,1066.64
2025-08-25 07:45:00,1053.22
2025-08-25 08:00:00,641.3
2025-08-25 08:15:00,638.3800000000001
2025-08-25 08:30:00,627.8599999999999
2025-08-25 08:45:00,613.9100000000001
2025-08-25 09:00:00,263.0799999999999
2025-08-25 09:15:00,246.76999999999998
2025-08-25 09:30:00,239.56999999999994
2025-08-25 09:45:00,237.1300000000001
2025-08-25 10:00:00,765.3
2025-08-25 10:15:00,757.95
2025-08-25 10:30:00,752.8399999999999
2025-08-25 10:45:00,740.1500000000001
2025-08-25 11:00:00,693.49
2025-08-25 11:15:00,693.1800000000001
2025-08-25 11:30:00,681.3
2025-08-25 11:45:00,680.6600000000001
2025-08-25 12:00:00,-182.69000000000005
2025-08-25 12:15:00,-185.03999999999996
2025-08-25 12:30:00,-181.92000000000007
2025-08-25 12:45:00,-181.92000000000007
2025-08-25 13:00:00,-559.1400000000001
2025-08-25 13:15:00,-564.95
2025-08-25 13:30:00,-549.9200000000001
2025-08-25 13:45:00,-546.3399999999999
2025-08-25 14:00:00,-863.5799999999999
2025-08-25 14:15:00,-850.44
2025-08-25 14:30:00,-847.3399999999999
2025-08-25 14:45:00,-843.31
2025-08-25 15:00:00,-132.80999999999995
2025-08-25 15:15:00,-140.33999999999992
2025-08-25 15:30:00,-136.55999999999995
2025-08-25 15:45:00,-130.73000000000002
2025-08-25 16:00:00,-392.54999999999995
2025-08-25 16:15:00,-390.3399999999999
2025-08-25 16:30:00,-381.28
2025-08-25 16:45:00,-381.23
2025-08-25 17:00:00,-596.5799999999999
2025-08-25 17:15:00,-584.74
2025-08-25 17:30:00,-569.98
2025-08-25 17:45:00,-578.1600000000001
2025-08-25 18:00:00,-470.24
2025-08-25 18:15:00,-476.8599999999999
2025-08-25 18:30:00,-466.18000000000006
2025-08-25 18:45:00,-469.8299999999999
2025-08-25 19:00:00,733.3199999999999
2025-08-25 19:15:00,735.26
2025-08-25 19:30:00,737.6700000000001
2025-08-25 19:45:00,732.95
2025-08-25 20:00:00,1367.66
2025-08-25 20:15:00,1357.65
2025-08-25 20:30:00,1347.13
2025-08-25 20:45:00,1329.56
2025-08-25 21:00:00,931.52
2025-08-25 21:15:00,910.0999999999999
2025-08-25 21:30:00,903.8900000000001
2025-08-25 21:45:00,892.05
2025-08-25 22:00:00,482.25
2025-08-25 22:15:00,460.5799999999999
2025-08-25 22:30:00,453.3800000000001
2025-08-25 22:45:00,447.03
2025-08-25 23:00:00,113.93000000000006
2025-08-25 23:15:00,103.25999999999999
2025-08-25 23:30:00,97.76999999999998
2025-08-25 23:45:00,94.92000000000007
2025-08-26 00:00:00,12.240000000000009
2025-08-26 00:15:00,10.559999999999945
2025-08-26 00:30:00,3.410000000000082
2025-08-26 00:45:00,3.6099999999999
2025-08-26 01:00:00,-54.180000000000064
2025-08-26 01:15:00,-53.8599999999999
2025-08-26 01:30:00,-57.41000000000008
2025-08-26 01:45:00,-59.940000000000055
2025-08-26 02:00:00,-182.01999999999998
2025-08-26 02:15:00,-183.20000000000005
2025-08-26 02:30:00,-176.76
2025-08-26 02:45:00,-175.78999999999996
2025-08-26 03:00:00,-594.8699999999999
2025-08-26 03:15:00,-590.55
2025-08-26 03:30:00,-597.53
2025-08-26 03:45:00,-603.78
2025-08-26 04:00:00,-361.71000000000004
2025-08-26 04:15:00,-340.5999999999999
2025-08-26 04:30:00,-311.52
2025-08-26 04:45:00,-292.31999999999994
2025-08-26 05:00:00,-440.43000000000006
2025-08-26 05:15:00,-427.18000000000006
2025-08-26 05:30:00,-410.4100000000001
2025-08-26 05:45:00,-409.53
2025-08-26 06:00:00,-365.8299999999999
2025-08-26 06:15:00,-374.28999999999996
2025-08-26 06:30:00,-378.99
2025-08-26 06:45:00,-376.3299999999999
2025-08-26 07:00:00,449.97
2025-08-26 07:15:00,435.4100000000001
2025-08-26 07:30:00,440.9100000000001
2025-08-26 07:45:00,430.44000000000005
2025-08-26 08:00:00,-121.3900000000001
2025-08-26 08:15:00,-119.67000000000007
2025-08-26 08:30:00,-124.67000000000007
2025-08-26 08:45:00,-139.75
2025-08-26 09:00:00,-944.04
2025-08-26 09:15:00,-971.06
2025-08-26 09:30:00,-974.72
2025-08-26 09:45:00,-977.7
2025-08-26 10:00:00,-1341.13
2025-08-26 10:15:00,-1343.55
2025-08-26 10:30:00,-1340.81
2025-08-26 10:45:00,-1345.35
2025-08-26 11:00:00,-1714.73
2025-08-26 11:15:00,-1709.75
2025-08-26 11:30:00,-1705.78
2025-08-26 11:45:00,-1710.75
2025-08-26 12:00:00,-2112.7200000000003
2025-08-26 12:15:00,-2105.25
2025-08-26 12:30:00,-2111.1800000000003
2025-08-26 12:45:00,-2117.2799999999997
2025-08-26 13:00:00,-2722.23
2025-08-26 13:15:00,-2698.33
2025-08-26 13:30:00,-2763.41
2025-08-26 13:45:00,-2731.7
2025-08-26 14:00:00,-2291.88
2025-08-26 14:15:00,-2369.73
2025-08-26 14:30:00,-2361.6099999999997
2025-08-26 14:45:00,-2380.81
2025-08-26 15:00:00,-2243.52
2025-08-26 15:15:00,-2238.17
2025-08-26 15:30:00,-2247.51
2025-08-26 15:45:00,-2236.8199999999997
2025-08-26 16:00:00,-2194.7
2025-08-26 16:15:00,-2218.4700000000003
2025-08-26 16:30:00,-2201.71
2025-08-26 16:45:00,-2213.37
2025-08-26 17:00:00,-1622.68
2025-08-26 17:15:00,-1715.65
2025-08-26 17:30:00,-1647.12
2025-08-26 17:45:00,-1448.61
2025-08-26 18:00:00,-427.26
2025-08-26 18:15:00,-480.5899999999999
2025-08-26 18:30:00,-528.3900000000001
2025-08-26 18:45:00,-567.8900000000001
2025-08-26 19:00:00,-263.1400000000001
2025-08-26 19:15:00,-258.6300000000001
2025-08-26 19:30:00,-252.1300000000001
2025-08-26 19:45:00,-208.6300000000001
2025-08-26 20:00:00,-435.6700000000001
2025-08-26 20:15:00,-451.29999999999995
2025-08-26 20:30:00,-446.05999999999995
2025-08-26 20:45:00,-481.4200000000001
2025-08-26 21:00:00,-349.5
2025-08-26 21:15:00,-374.0899999999999
2025-08-26 21:30:00,-355.3900000000001
2025-08-26 21:45:00,-343.6099999999999
2025-08-26 22:00:00,-115.6099999999999
2025-08-26 22:15:00,-111.44000000000005
2025-08-26 22:30:00,-123.1099999999999
2025-08-26 22:45:00,-132.66000000000008
2025-08-26 23:00:00,-368.9100000000001
2025-08-26 23:15:00,-348.3399999999999
2025-08-26 23:30:00,-394.29999999999995
2025-08-26 23:45:00,-413.96000000000004
2025-08-27 00:00:00,-1161.28
2025-08-27 00:15:00,-1140.13
2025-08-27 00:30:00,-1189.66
2025-08-27 00:45:00,-1189.78
2025-08-27 01:00:00,-746.8499999999999
2025-08-27 01:15:00,-712.9000000000001
2025-08-27 01:30:00,-693.5899999999999
2025-08-27 01:45:00,-668.5999999999999
2025-08-27 02:00:00,-397.45000000000005
2025-08-27 02:15:00,-441.6300000000001
2025-08-27 02:30:00,-439.1700000000001
2025-08-27 02:45:00,-487.04999999999995
2025-08-27 03:00:00,-1290.58
2025-08-27 03:15:00,-1288.76
2025-08-27 03:30:00,-1275.19
2025-08-27 03:45:00,-1286.27
2025-08-27 04:00:00,-497.1099999999999
2025-08-27 04:15:00,-512.04
2025-08-27 04:30:00,-535.44
2025-08-27 04:45:00,-517.81
2025-08-27 05:00:00,-623.81
2025-08-27 05:15:00,-571.48
2025-08-27 05:30:00,-580.5699999999999
2025-08-27 05:45:00,-551.96
2025-08-27 06:00:00,-676.8
2025-08-27 06:15:00,-645.96
2025-08-27 06:30:00,-621.04
2025-08-27 06:45:00,-604.4000000000001
2025-08-27 07:00:00,-864.6500000000001
2025-08-27 07:15:00,-862.02
2025-08-27 07:30:00,-842.9200000000001
2025-08-27 07:45:00,-836.01
2025-08-27 08:00:00,-857.7
2025-08-27 08:15:00,-837.04
2025-08-27 08:30:00,-844.4100000000001
2025-08-27 08:45:00,-860.73
2025-08-27 09:00:00,-1847.59
2025-08-27 09:15:00,-1874.62
2025-08-27 09:30:00,-1863.98
2025-08-27 09:45:00,-1881.71
2025-08-27 10:00:00,-4233.73
2025-08-27 10:15:00,-4227.64
2025-08-27 10:30:00,-4230.99
2025-08-27 10:45:00,-4247.98
2025-08-27 11:00:00,-3844.56
2025-08-27 11:15:00,-3854.05
2025-08-27 11:30:00,-3865.85
2025-08-27 11:45:00,-3870.8900000000003
2025-08-27 12:00:00,-2240.4
2025-08-27 12:15:00,-2238.8599999999997
2025-08-27 12:30:00,-2238.88
2025-08-27 12:45:00,-2242.9
2025-08-27 13:00:00,-3151.4300000000003
2025-08-27 13:15:00,-3152.8900000000003
2025-08-27 13:30:00,-3126.21
2025-08-27 13:45:00,-3118.76
2025-08-27 14:00:00,-1501.98
2025-08-27 14:15:00,-1482.96
2025-08-27 14:30:00,-1487.01
2025-08-27 14:45:00,-1485.92
2025-08-27 15:00:00,-1795.27
2025-08-27 15:15:00,-1788.97
2025-08-27 15:30:00,-1831.73
2025-08-27 15:45:00,-1822.28
2025-08-27 16:00:00,-1444.79
2025-08-27 16:15:00,-1443.52
2025-08-27 16:30:00,-1441.59
2025-08-27 16:45:00,-1445.05
2025-08-27 17:00:00,-858.4100000000001
2025-08-27 17:15:00,-859.6700000000001
2025-08-27 17:30:00,-861.69
2025-08-27 17:45:00,-857.72
2025-08-27 18:00:00,-857.47
2025-08-27 18:15:00,-862.78
2025-08-27 18:30:00,-858.1099999999999
2025-08-27 18:45:00,-850.8499999999999
2025-08-27 19:00:00,29.480000000000018
2025-08-27 19:15:00,-4.7000000000000455
2025-08-27 19:30:00,-15.970000000000027
2025-08-27 19:45:00,-27.75999999999999
2025-08-27 20:00:00,-91.56999999999994
2025-08-27 20:15:00,-102.69000000000005
2025-08-27 20:30:00,-119.69000000000005
2025-08-27 20:45:00,-133.01
2025-08-27 21:00:00,165.74
2025-08-27 21:15:00,150.05999999999995
2025-08-27 21:30:00,138.06999999999994
2025-08-27 21:45:00,127.76999999999998
2025-08-27 22:00:00,346.23
2025-08-27 22:15:00,211.57999999999993
2025-08-27 22:30:00,208.49
2025-08-27 22:45:00,189.66000000000008
2025-08-27 23:00:00,292.31999999999994
2025-08-27 23:15:00,296.98
2025-08-27 23:30:00,289.6199999999999
2025-08-27 23:45:00,283.26
2025-08-28 00:00:00,-843.52
2025-08-28 00:15:00,-844.8
2025-08-28 00:30:00,-845.5
2025-08-28 00:45:00,-850.6199999999999
2025-08-28 01:00:00,-1057.06
2025-08-28 01:15:00,-1059.63
2025-08-28 01:30:00,-1058.52
2025-08-28 01:45:00,-1059.23
2025-08-28 02:00:00,-2503.26
2025-08-28 02:15:00,-2501.84
2025-08-28 02:30:00,-2507.73
2025-08-28 02:45:00,-2516.87
2025-08-28 03:00:00,-303.26
2025-08-28 03:15:00,-300.68000000000006
2025-08-28 03:30:00,-287.71000000000004
2025-08-28 03:45:00,-292.5799999999999
2025-08-28 04:00:00,141.96000000000004
2025-08-28 04:15:00,161.6300000000001
2025-08-28 04:30:00,176.23000000000002
2025-08-28 04:45:00,198.55999999999995
2025-08-28 05:00:00,875.9000000000001
2025-08-28 05:15:00,905.0999999999999
2025-08-28 05:30:00,924.99
2025-08-28 05:45:00,933.9100000000001
2025-08-28 06:00:00,1204.49
2025-08-28 06:15:00,1204.2
2025-08-28 06:30:00,1210.16
2025-08-28 06:45:00,1219.72
2025-08-28 07:00:00,1298.11
2025-08-28 07:15:00,1285.92
2025-08-28 07:30:00,1287.15
2025-08-28 07:45:00,1286.32
2025-08-28 08:00:00,759.97
2025-08-28 08:15:00,766.5899999999999
2025-08-28 08:30:00,764.52
2025-08-28 08:45:00,755.46
2025-08-28 09:00:00,-29.210000000000036
2025-08-28 09:15:00,-42.0
2025-08-28 09:30:00,-50.63000000000011
2025-08-28 09:45:00,-51.8599999999999
2025-08-28 10:00:00,-736.8599999999999
2025-08-28 10:15:00,-743.6099999999999
2025-08-28 10:30:00,-743.24
2025-08-28 10:45:00,-761.03
2025-08-28 11:00:00,-1597.32
2025-08-28 11:15:00,-1591.93
2025-08-28 11:30:00,-1593.34
2025-08-28 11:45:00,-1596.74
2025-08-28 12:00:00,-1692.14
2025-08-28 12:15:00,-1685.2
2025-08-28 12:30:00,-1689.62
2025-08-28 12:45:00,-1685.15
2025-08-28 13:00:00,-1905.33
2025-08-28 13:15:00,-1909.22
2025-08-28 13:30:00,-1906.24
2025-08-28 13:45:00,-1899.05
2025-08-28 14:00:00,-1916.74
2025-08-28 14:15:00,-1904.57
2025-08-28 14:30:00,-1907.36
2025-08-28 14:45:00,-1907.4
2025-08-28 15:00:00,-1399.35
2025-08-28 15:15:00,-1413.35
2025-08-28 15:30:00,-1416.6
2025-08-28 15:45:00,-1413.85
2025-08-28 16:00:00,454.26
2025-08-28 16:15:00,451.5899999999999
2025-08-28 16:30:00,451.51
2025-08-28 16:45:00,452.24
2025-08-28 17:00:00,662.5899999999999
2025-08-28 17:15:00,668.01
2025-08-28 17:30:00,675.19
2025-08-28 17:45:00,680.8399999999999
2025-08-28 18:00:00,1093.21
2025-08-28 18:15:00,1088.29
2025-08-28 18:30:00,1097.91
2025-08-28 18:45:00,1098.73
2025-08-28 19:00:00,727.73
2025-08-28 19:15:00,726.24
2025-08-28 19:30:00,725.01
2025-08-28 19:45:00,717.6700000000001
2025-08-28 20:00:00,437.8499999999999
2025-08-28 20:15:00,427.8499999999999
2025-08-28 20:30:00,412.0899999999999
2025-08-28 20:45:00,388.5799999999999
2025-08-28 21:00:00,529.3299999999999
2025-08-28 21:15:00,518.01
2025-08-28 21:30:00,499.80999999999995
2025-08-28 21:45:00,482.68000000000006
2025-08-28 22:00:00,844.1099999999999
2025-08-28 22:15:00,830.6600000000001
2025-08-28 22:30:00,831.31
2025-08-28 22:45:00,811.8299999999999
2025-08-28 23:00:00,298.28999999999996
2025-08-28 23:15:00,294.1099999999999
2025-08-28 23:30:00,284.47
2025-08-28 23:45:00,274.25
2025-08-29 00:00:00,7.670000000000073
2025-08-29 00:15:00,-9.88000000000011
2025-08-29 00:30:00,86.72000000000003
2025-08-29 00:45:00,115.42000000000007
2025-08-29 01:00:00,144.72000000000003
2025-08-29 01:15:00,142.19000000000005
2025-08-29 01:30:00,136.3900000000001
2025-08-29 01:45:00,135.8699999999999
2025-08-29 02:00:00,609.8499999999999
2025-08-29 02:15:00,601.94
2025-08-29 02:30:00,606.3299999999999
2025-08-29 02:45:00,604.94
2025-08-29 03:00:00,858.1800000000001
2025-08-29 03:15:00,868.56
2025-08-29 03:30:00,876.95
2025-08-29 03:45:00,887.02
2025-08-29 04:00:00,572.9200000000001
2025-08-29 04:15:00,599.6099999999999
2025-08-29 04:30:00,628.8199999999999
2025-08-29 04:45:00,648.28
2025-08-29 05:00:00,672.9200000000001
2025-08-29 05:15:00,702.6600000000001
2025-08-29 05:30:00,724.79
2025-08-29 05:45:00,743.24
2025-08-29 06:00:00,265.8699999999999
2025-08-29 06:15:00,270.56999999999994
2025-08-29 06:30:00,282.46000000000004
2025-08-29 06:45:00,291.20000000000005
2025-08-29 07:00:00,1462.6
2025-08-29 07:15:00,1457.85
2025-08-29 07:30:00,1459.13
2025-08-29 07:45:00,1453.19
2025-08-29 08:00:00,735.94
2025-08-29 08:15:00,735.8900000000001
2025-08-29 08:30:00,728.25
2025-08-29 08:45:00,711.0
2025-08-29 09:00:00,201.96000000000004
2025-08-29 09:15:00,194.29999999999995
2025-08-29 09:30:00,188.57999999999993
2025-08-29 09:45:00,184.8800000000001
2025-08-29 10:00:00,-458.3299999999999
2025-08-29 10:15:00,-459.44000000000005
2025-08-29 10:30:00,-460.23
2025-08-29 10:45:00,-467.74
2025-08-29 11:00:00,-1522.14
2025-08-29 11:15:00,-1526.42
2025-08-29 11:30:00,-1507.1
2025-08-29 11:45:00,-1516.65
2025-08-29 12:00:00,-2394.37
2025-08-29 12:15:00,-2399.0299999999997
2025-08-29 12:30:00,-2406.2200000000003
2025-08-29 12:45:00,-2419.48
2025-08-29 13:00:00,-1564.99
2025-08-29 13:15:00,-1565.56
2025-08-29 13:30:00,-1570.27
2025-08-29 13:45:00,-1570.86
2025-08-29 14:00:00,-1875.8
2025-08-29 14:15:00,-1856.58
2025-08-29 14:30:00,-1861.88
2025-08-29 14:45:00,-1869.8
2025-08-29 15:00:00,-1432.69
2025-08-29 15:15:00,-1428.39
2025-08-29 15:30:00,-1434.06
2025-08-29 15:45:00,-1432.82
2025-08-29 16:00:00,-1227.9
2025-08-29 16:15:00,-1231.26
2025-08-29 16:30:00,-1235.01
2025-08-29 16:45:00,-1239.86
2025-08-29 17:00:00,-693.74
2025-08-29 17:15:00,-697.79
2025-08-29 17:30:00,-703.0999999999999
2025-08-29 17:45:00,-702.76
2025-08-29 18:00:00,817.8299999999999
2025-08-29 18:15:00,812.8299999999999
2025-08-29 18:30:00,813.25
2025-08-29 18:45:00,809.5799999999999
2025-08-29 19:00:00,1513.12
2025-08-29 19:15:00,1513.98
2025-08-29 19:30:00,1504.23
2025-08-29 19:45:00,1485.69
2025-08-29 20:00:00,1216.91
2025-08-29 20:15:00,1193.79
2025-08-29 20:30:00,1188.04
2025-08-29 20:45:00,1173.37
2025-08-29 21:00:00,762.9000000000001
2025-08-29 21:15:00,746.69
2025-08-29 21:30:00,732.0
2025-08-29 21:45:00,711.72
2025-08-29 22:00:00,1120.75
2025-08-29 22:15:00,1091.35
2025-08-29 22:30:00,1078.0
2025-08-29 22:45:00,1068.13
2025-08-29 23:00:00,981.6500000000001
2025-08-29 23:15:00,973.56
2025-08-29 23:30:00,976.02
2025-08-29 23:45:00,987.46
2025-08-30 00:00:00,477.01
2025-08-30 00:15:00,452.5899999999999
2025-08-30 00:30:00,446.22
2025-08-30 00:45:00,442.02
2025-08-30 01:00:00,264.30999999999995
2025-08-30 01:15:00,259.78999999999996
2025-08-30 01:30:00,258.99
2025-08-30 01:45:00,250.18000000000006
2025-08-30 02:00:00,399.5999999999999
2025-08-30 02:15:00,377.77
2025-08-30 02:30:00,370.0
2025-08-30 02:45:00,369.74
2025-08-30 03:00:00,138.06999999999994
2025-08-30 03:15:00,133.93000000000006
2025-08-30 03:30:00,133.70000000000005
2025-08-30 03:45:00,134.97000000000003
2025-08-30 04:00:00,164.80999999999995
2025-08-30 04:15:00,166.31999999999994
2025-08-30 04:30:00,175.73000000000002
2025-08-30 04:45:00,171.9000000000001
2025-08-30 05:00:00,298.5799999999999
2025-08-30 05:15:00,310.8900000000001
2025-08-30 05:30:00,312.5
2025-08-30 05:45:00,328.0999999999999
2025-08-30 06:00:00,-336.05999999999995
2025-08-30 06:15:00,-323.6099999999999
2025-08-30 06:30:00,-308.3499999999999
2025-08-30 06:45:00,-293.9200000000001
2025-08-30 07:00:00,-428.03
2025-08-30 07:15:00,-418.3499999999999
2025-08-30 07:30:00,-405.79999999999995
2025-08-30 07:45:00,-382.52
2025-08-30 08:00:00,-510.96000000000004
2025-08-30 08:15:00,-511.6600000000001
2025-08-30 08:30:00,-509.18000000000006
2025-08-30 08:45:00,-516.54
2025-08-30 09:00:00,-477.0799999999999
2025-08-30 09:15:00,-449.1099999999999
2025-08-30 09:30:00,-461.45000000000005
2025-08-30 09:45:00,-457.8699999999999
2025-08-30 10:00:00,-103.88000000000011
2025-08-30 10:15:00,-93.50999999999999
2025-08-30 10:30:00,-92.51999999999998
2025-08-30 10:45:00,-97.40000000000009
2025-08-30 11:00:00,-177.23000000000002
2025-08-30 11:15:00,-177.05999999999995
2025-08-30 11:30:00,-170.48000000000002
2025-08-30 11:45:00,-171.78999999999996
2025-08-30 12:00:00,874.0799999999999
2025-08-30 12:15:00,864.6099999999999
2025-08-30 12:30:00,858.5899999999999
2025-08-30 12:45:00,863.99
2025-08-30 13:00:00,-1316.73
2025-08-30 13:15:00,-1314.24
2025-08-30 13:30:00,-1309.88
2025-08-30 13:45:00,-1307.21
2025-08-30 14:00:00,-1792.5
2025-08-30 14:15:00,-1794.02
2025-08-30 14:30:00,-1789.53
2025-08-30 14:45:00,-1793.48
2025-08-30 15:00:00,-1362.65
2025-08-30 15:15:00,-1354.6
2025-08-30 15:30:00,-1350.09
2025-08-30 15:45:00,-1353.13
2025-08-30 16:00:00,-475.68000000000006
2025-08-30 16:15:00,-473.8599999999999
2025-08-30 16:30:00,-468.70000000000005
2025-08-30 16:45:00,-473.69000000000005
2025-08-30 17:00:00,-11.009999999999991
2025-08-30 17:15:00,-10.930000000000064
2025-08-30 17:30:00,-19.160000000000082
2025-08-30 17:45:00,-24.86999999999989
2025-08-30 18:00:00,38.23000000000002
2025-08-30 18:15:00,32.59999999999991
2025-08-30 18:30:00,32.90000000000009
2025-08-30 18:45:00,38.210000000000036
2025-08-30 19:00:00,-438.51
2025-08-30 19:15:00,-439.3499999999999
2025-08-30 19:30:00,-449.0999999999999
2025-08-30 19:45:00,-456.5999999999999
2025-08-30 20:00:00,-876.1099999999999
2025-08-30 20:15:00,-888.7
2025-08-30 20:30:00,-891.5899999999999
2025-08-30 20:45:00,-897.44
2025-08-30 21:00:00,-1258.45
2025-08-30 21:15:00,-1274.09
2025-08-30 21:30:00,-1287.81
2025-08-30 21:45:00,-1296.27
2025-08-30 22:00:00,-1196.57
2025-08-30 22:15:00,-1140.15
2025-08-30 22:30:00,-1204.13
2025-08-30 22:45:00,-1234.64
2025-08-30 23:00:00,-2852.76
2025-08-30 23:15:00,-2849.8199999999997
2025-08-30 23:30:00,-2840.16
2025-08-30 23:45:00,-2833.3
2025-08-31 00:00:00,-3431.76
2025-08-31 00:15:00,-3446.0
2025-08-31 00:30:00,-3438.88
2025-08-31 00:45:00,-3437.3
2025-08-31 01:00:00,-2885.42
2025-08-31 01:15:00,-2879.79
2025-08-31 01:30:00,-2871.6099999999997
2025-08-31 01:45:00,-2892.2
2025-08-31 02:00:00,-1819.37
2025-08-31 02:15:00,-1804.48
2025-08-31 02:30:00,-1815.79
2025-08-31 02:45:00,-1807.36
2025-08-31 03:00:00,-932.53
2025-08-31 03:15:00,-893.1800000000001
2025-08-31 03:30:00,-902.6400000000001
2025-08-31 03:45:00,-889.1600000000001
2025-08-31 04:00:00,-991.8199999999999
2025-08-31 04:15:00,-981.6800000000001
2025-08-31 04:30:00,-1004.81
2025-08-31 04:45:00,-975.3199999999999
2025-08-31 05:00:00,-2222.49
2025-08-31 05:15:00,-2187.9700000000003
2025-08-31 05:30:00,-2160.94
2025-08-31 05:45:00,-2154.2200000000003
2025-08-31 06:00:00,-2051.74
2025-08-31 06:15:00,-2041.65
2025-08-31 06:30:00,-1998.64
2025-08-31 06:45:00,-1970.49
2025-08-31 07:00:00,-1976.65
2025-08-31 07:15:00,-1965.45
2025-08-31 07:30:00,-1944.83
2025-08-31 07:45:00,-1866.07
2025-08-31 08:00:00,-1771.5
2025-08-31 08:15:00,-1782.56
2025-08-31 08:30:00,-1820.73
2025-08-31 08:45:00,-1744.99
2025-08-31 09:00:00,-2187.44
2025-08-31 09:15:00,-2186.8900000000003
2025-08-31 09:30:00,-2211.37
2025-08-31 09:45:00,-2222.3900000000003
2025-08-31 10:00:00,-2739.79
2025-08-31 10:15:00,-2744.83
2025-08-31 10:30:00,-2734.3
2025-08-31 10:45:00,-2709.85
2025-08-31 11:00:00,-3814.29
2025-08-31 11:15:00,-3831.26
2025-08-31 11:30:00,-3879.49
2025-08-31 11:45:00,-3883.9700000000003
2025-08-31 12:00:00,-3963.76
2025-08-31 12:15:00,-3950.56
2025-08-31 12:30:00,-3983.73
2025-08-31 12:45:00,-3964.49
2025-08-31 13:00:00,-4021.3599999999997
2025-08-31 13:15:00,-4033.2
2025-08-31 13:30:00,-4032.0
2025-08-31 13:45:00,-4030.69
2025-08-31 14:00:00,-3786.59
2025-08-31 14:15:00,-3823.75
2025-08-31 14:30:00,-3839.12
2025-08-31 14:45:00,-3834.15
2025-08-31 15:00:00,-4034.15
2025-08-31 15:15:00,-4020.66
2025-08-31 15:30:00,-4020.9
2025-08-31 15:45:00,-4015.05
2025-08-31 16:00:00,-3070.91
2025-08-31 16:15:00,-3073.7
2025-08-31 16:30:00,-3069.06
2025-08-31 16:45:00,-3070.54
2025-08-31 17:00:00,-3140.3599999999997
2025-08-31 17:15:00,-3141.8199999999997
2025-08-31 17:30:00,-3143.8900000000003
2025-08-31 17:45:00,-3130.99
2025-08-31 18:00:00,-3003.81
2025-08-31 18:15:00,-3005.44
2025-08-31 18:30:00,-3001.83
2025-08-31 18:45:00,-3004.19
2025-08-31 19:00:00,-2210.9300000000003
2025-08-31 19:15:00,-2206.71
2025-08-31 19:30:00,-2219.42
2025-08-31 19:45:00,-2236.6400000000003
2025-08-31 20:00:00,-1943.47
2025-08-31 20:15:00,-1957.1
2025-08-31 20:30:00,-1965.67
2025-08-31 20:45:00,-1969.14
2025-08-31 21:00:00,-1398.42
2025-08-31 21:15:00,-1410.36
2025-08-31 21:30:00,-1431.35
2025-08-31 21:45:00,-1448.95
2025-08-31 22:00:00,-825.9300000000001
2025-08-31 22:15:00,-846.21
2025-08-31 22:30:00,-851.5799999999999
2025-08-31 22:45:00,-859.0999999999999
2025-08-31 23:00:00,-330.69000000000005
2025-08-31 23:15:00,-336.70000000000005
2025-08-31 23:30:00,-346.51
2025-08-31 23:45:00,-351.8699999999999
2025-09-01 00:00:00,182.42000000000007
2025-09-01 00:15:00,181.68000000000006
2025-09-01 00:30:00,176.46000000000004
2025-09-01 00:45:00,170.5
2025-09-01 01:00:00,287.54999999999995
2025-09-01 01:15:00,286.6600000000001
2025-09-01 01:30:00,288.03999999999996
2025-09-01 01:45:00,286.78999999999996
2025-09-01 02:00:00,-805.56
2025-09-01 02:15:00,-805.0799999999999
2025-09-01 02:30:00,-806.51
2025-09-01 02:45:00,-795.5999999999999
2025-09-01 03:00:00,-118.45000000000005
2025-09-01 03:15:00,-109.80999999999995
2025-09-01 03:30:00,-102.57999999999993
2025-09-01 03:45:00,-88.95000000000005
2025-09-01 04:00:00,8.230000000000018
2025-09-01 04:15:00,31.61999999999989
2025-09-01 04:30:00,52.6400000000001
2025-09-01 04:45:00,79.00999999999999
2025-09-01 05:00:00,-252.0
2025-09-01 05:15:00,-227.6400000000001
2025-09-01 05:30:00,-218.44000000000005
2025-09-01 05:45:00,-209.6400000000001
2025-09-01 06:00:00,678.3499999999999
2025-09-01 06:15:00,672.74
2025-09-01 06:30:00,677.19
2025-09-01 06:45:00,689.6199999999999
2025-09-01 07:00:00,541.75
2025-09-01 07:15:00,538.19
2025-09-01 07:30:00,550.96
2025-09-01 07:45:00,556.1199999999999
2025-09-01 08:00:00,-585.1800000000001
2025-09-01 08:15:00,-588.81
2025-09-01 08:30:00,-602.49
2025-09-01 08:45:00,-617.0799999999999
2025-09-01 09:00:00,220.49
2025-09-01 09:15:00,206.76999999999998
2025-09-01 09:30:00,210.05999999999995
2025-09-01 09:45:00,205.51999999999998
2025-09-01 10:00:00,-292.8800000000001
2025-09-01 10:15:00,-297.3399999999999
2025-09-01 10:30:00,-297.9000000000001
2025-09-01 10:45:00,-294.53
2025-09-01 11:00:00,-1151.1
2025-09-01 11:15:00,-1158.11
2025-09-01 11:30:00,-1160.75
2025-09-01 11:45:00,-1170.3
2025-09-01 12:00:00,-1643.87
2025-09-01 12:15:00,-1640.76
2025-09-01 12:30:00,-1642.91
2025-09-01 12:45:00,-1648.1
2025-09-01 13:00:00,-3473.46
2025-09-01 13:15:00,-3476.79
2025-09-01 13:30:00,-3472.7200000000003
2025-09-01 13:45:00,-3470.25
2025-09-01 14:00:00,-3182.88
2025-09-01 14:15:00,-3168.2799999999997
2025-09-01 14:30:00,-3183.56
2025-09-01 14:45:00,-3192.1800000000003
2025-09-01 15:00:00,-2473.24
2025-09-01 15:15:00,-2477.01
2025-09-01 15:30:00,-2497.38
2025-09-01 15:45:00,-2495.95
2025-09-01 16:00:00,-2338.2799999999997
2025-09-01 16:15:00,-2335.95
2025-09-01 16:30:00,-2328.5299999999997
2025-09-01 16:45:00,-2333.34
2025-09-01 17:00:00,-2646.83
2025-09-01 17:15:00,-2646.17
2025-09-01 17:30:00,-2649.51
2025-09-01 17:45:00,-2653.34
2025-09-01 18:00:00,-2701.8199999999997
2025-09-01 18:15:00,-2702.58
2025-09-01 18:30:00,-2706.92
2025-09-01 18:45:00,-2700.46
2025-09-01 19:00:00,-2804.2799999999997
2025-09-01 19:15:00,-2819.29
2025-09-01 19:30:00,-2830.76
2025-09-01 19:45:00,-2851.62
2025-09-01 20:00:00,-2759.2
2025-09-01 20:15:00,-2770.83
2025-09-01 20:30:00,-2785.06
2025-09-01 20:45:00,-2796.8900000000003
2025-09-01 21:00:00,-2693.8
2025-09-01 21:15:00,-2706.96
2025-09-01 21:30:00,-2726.58
2025-09-01 21:45:00,-2743.2799999999997
2025-09-01 22:00:00,-2618.77
2025-09-01 22:15:00,-2634.0
2025-09-01 22:30:00,-2641.24
2025-09-01 22:45:00,-2647.85
2025-09-01 23:00:00,-2616.5699999999997
2025-09-01 23:15:00,-2634.31
2025-09-01 23:30:00,-2639.73
2025-09-01 23:45:00,-2641.7
2025-09-02 00:00:00,-2937.59
2025-09-02 00:15:00,-2942.83
2025-09-02 00:30:00,-2958.67
2025-09-02 00:45:00,-2945.63
2025-09-02 01:00:00,-3576.95
2025-09-02 01:15:00,-3582.1400000000003
2025-09-02 01:30:00,-3579.94
2025-09-02 01:45:00,-3582.94
2025-09-02 02:00:00,-3468.34
2025-09-02 02:15:00,-3470.3900000000003
2025-09-02 02:30:00,-3467.37
2025-09-02 02:45:00,-3462.15
2025-09-02 03:00:00,-4357.02
2025-09-02 03:15:00,-4349.1900000000005
2025-09-02 03:30:00,-4337.55
2025-09-02 03:45:00,-4316.8099999999995
2025-09-02 04:00:00,-4089.56
2025-09-02 04:15:00,-4062.21
2025-09-02 04:30:00,-4032.41
2025-09-02 04:45:00,-4015.15
2025-09-02 05:00:00,-3991.3900000000003
2025-09-02 05:15:00,-3971.16
2025-09-02 05:30:00,-3956.6
2025-09-02 05:45:00,-3948.33
2025-09-02 06:00:00,-4294.25
2025-09-02 06:15:00,-4298.98
2025-09-02 06:30:00,-4291.62
2025-09-02 06:45:00,-4281.78
2025-09-02 07:00:00,-4479.58
2025-09-02 07:15:00,-4482.08
2025-09-02 07:30:00,-4481.68
2025-09-02 07:45:00,-4491.87
2025-09-02 08:00:00,-4453.5599999999995
2025-09-02 08:15:00,-4441.98
2025-09-02 08:30:00,-4454.6900000000005
2025-09-02 08:45:00,-4456.7
2025-09-02 09:00:00,-4457.47
2025-09-02 09:15:00,-4475.15
2025-09-02 09:30:00,-4481.6900000000005
2025-09-02 09:45:00,-4509.48
2025-09-02 10:00:00,-4615.79
2025-09-02 10:15:00,-4590.91
2025-09-02 10:30:00,-4626.13
2025-09-02 10:45:00,-4742.11
2025-09-02 11:00:00,-5840.76
2025-09-02 11:15:00,-5766.3099999999995
2025-09-02 11:30:00,-5777.26
2025-09-02 11:45:00,-5790.11
2025-09-02 12:00:00,-4068.1400000000003
2025-09-02 12:15:00,-4065.4
2025-09-02 12:30:00,-4073.1400000000003
2025-09-02 12:45:00,-4063.6099999999997
2025-09-02 13:00:00,-4128.27
2025-09-02 13:15:00,-4107.21
2025-09-02 13:30:00,-4091.9700000000003
2025-09-02 13:45:00,-4087.85
2025-09-02 14:00:00,-4950.14
2025-09-02 14:15:00,-4945.27
2025-09-02 14:30:00,-4951.39
2025-09-02 14:45:00,-4953.05
2025-09-02 15:00:00,-3026.3900000000003
2025-09-02 15:15:00,-3028.19
2025-09-02 15:30:00,-3028.35
2025-09-02 15:45:00,-3024.17
2025-09-02 16:00:00,-3679.5
2025-09-02 16:15:00,-3689.29
2025-09-02 16:30:00,-3695.27
2025-09-02 16:45:00,-3696.33
2025-09-02 17:00:00,-2306.04
2025-09-02 17:15:00,-2308.0699999999997
2025-09-02 17:30:00,-2310.2200000000003
2025-09-02 17:45:00,-2314.52
2025-09-02 18:00:00,-2550.05
2025-09-02 18:15:00,-2552.74
2025-09-02 18:30:00,-2539.1800000000003
2025-09-02 18:45:00,-2533.6400000000003
2025-09-02 19:00:00,-1828.19
2025-09-02 19:15:00,-1833.52
2025-09-02 19:30:00,-1836.79
2025-09-02 19:45:00,-1852.8
2025-09-02 20:00:00,-379.6199999999999
2025-09-02 20:15:00,-392.98
2025-09-02 20:30:00,-409.3599999999999
2025-09-02 20:45:00,-421.96000000000004
2025-09-02 21:00:00,-284.99
2025-09-02 21:15:00,-306.76
2025-09-02 21:30:00,-327.45000000000005
2025-09-02 21:45:00,-351.31999999999994
2025-09-02 22:00:00,-1325.46
2025-09-02 22:15:00,-1334.76
2025-09-02 22:30:00,-1343.02
2025-09-02 22:45:00,-1353.66
2025-09-02 23:00:00,-3190.69
2025-09-02 23:15:00,-3202.5299999999997
2025-09-02 23:30:00,-3206.63
2025-09-02 23:45:00,-3209.63
2025-09-03 00:00:00,-3190.55
2025-09-03 00:15:00,-3194.62
2025-09-03 00:30:00,-3202.23
2025-09-03 00:45:00,-3211.74
2025-09-03 01:00:00,-3394.31
2025-09-03 01:15:00,-3399.42
2025-09-03 01:30:00,-3401.7
2025-09-03 01:45:00,-3403.38
2025-09-03 02:00:00,-2974.05
2025-09-03 02:15:00,-2981.85
2025-09-03 02:30:00,-2980.4700000000003
2025-09-03 02:45:00,-2981.34
2025-09-03 03:00:00,-3135.17
2025-09-03 03:15:00,-3140.2
2025-09-03 03:30:00,-3132.9700000000003
2025-09-03 03:45:00,-3120.77
2025-09-03 04:00:00,-3109.06
2025-09-03 04:15:00,-3085.87
2025-09-03 04:30:00,-3061.27
2025-09-03 04:45:00,-3037.7799999999997
2025-09-03 05:00:00,-2766.52
2025-09-03 05:15:00,-2750.8199999999997
2025-09-03 05:30:00,-2725.26
2025-09-03 05:45:00,-2719.42
2025-09-03 06:00:00,-2343.1
2025-09-03 06:15:00,-2341.23
2025-09-03 06:30:00,-2337.09
2025-09-03 06:45:00,-2337.67
2025-09-03 07:00:00,-3026.2799999999997
2025-09-03 07:15:00,-3045.52
2025-09-03 07:30:00,-3041.09
2025-09-03 07:45:00,-3039.29
2025-09-03 08:00:00,-2344.58
2025-09-03 08:15:00,-2328.48
2025-09-03 08:30:00,-2331.85
2025-09-03 08:45:00,-2351.3900000000003
2025-09-03 09:00:00,-2736.08
2025-09-03 09:15:00,-2748.25
2025-09-03 09:30:00,-2746.21
2025-09-03 09:45:00,-2744.4
2025-09-03 10:00:00,-2823.01
2025-09-03 10:15:00,-2819.44
2025-09-03 10:30:00,-2816.3199999999997
2025-09-03 10:45:00,-2820.19
2025-09-03 11:00:00,-2142.2799999999997
2025-09-03 11:15:00,-2135.4
2025-09-03 11:30:00,-2135.3900000000003
2025-09-03 11:45:00,-2136.41
2025-09-03 12:00:00,-3050.42
2025-09-03 12:15:00,-3051.12
2025-09-03 12:30:00,-3056.85
2025-09-03 12:45:00,-3055.69
2025-09-03 13:00:00,-1435.6
2025-09-03 13:15:00,-1431.87
2025-09-03 13:30:00,-1419.59
2025-09-03 13:45:00,-1418.1
2025-09-03 14:00:00,-1326.98
2025-09-03 14:15:00,-1313.72
2025-09-03 14:30:00,-1315.77
2025-09-03 14:45:00,-1313.72
2025-09-03 15:00:00,-735.0899999999999
2025-09-03 15:15:00,-738.6199999999999
2025-09-03 15:30:00,-742.04
2025-09-03 15:45:00,-732.0799999999999
2025-09-03 16:00:00,-694.8900000000001
2025-09-03 16:15:00,-692.54
2025-09-03 16:30:00,-687.5999999999999
2025-09-03 16:45:00,-697.7
2025-09-03 17:00:00,-959.98
2025-09-03 17:15:00,-954.1600000000001
2025-09-03 17:30:00,-946.72
2025-09-03 17:45:00,-945.9300000000001
2025-09-03 18:00:00,-306.68000000000006
2025-09-03 18:15:00,-306.04999999999995
2025-09-03 18:30:00,-300.21000000000004
2025-09-03 18:45:00,-307.02
2025-09-03 19:00:00,-1186.41
2025-09-03 19:15:00,-1183.16
2025-09-03 19:30:00,-1186.31
2025-09-03 19:45:00,-1213.73
2025-09-03 20:00:00,-1800.11
2025-09-03 20:15:00,-1816.82
2025-09-03 20:30:00,-1839.32
2025-09-03 20:45:00,-1873.17
2025-09-03 21:00:00,-5004.08
2025-09-03 21:15:00,-4972.78
2025-09-03 21:30:00,-4988.78
2025-09-03 21:45:00,-5000.8
2025-09-03 22:00:00,-5501.53
2025-09-03 22:15:00,-5461.1900000000005
2025-09-03 22:30:00,-5408.97
2025-09-03 22:45:00,-5422.12
2025-09-03 23:00:00,-4357.18
2025-09-03 23:15:00,-4363.73
2025-09-03 23:30:00,-4372.0
2025-09-03 23:45:00,-4382.14
2025-09-04 00:00:00,-4911.11
2025-09-04 00:15:00,-4907.8099999999995
2025-09-04 00:30:00,-4917.92
2025-09-04 00:45:00,-4920.76
2025-09-04 01:00:00,-4896.17
2025-09-04 01:15:00,-5006.43
2025-09-04 01:30:00,-5006.2
2025-09-04 01:45:00,-5016.49
2025-09-04 02:00:00,-4991.95
2025-09-04 02:15:00,-4987.83
2025-09-04 02:30:00,-4991.15
2025-09-04 02:45:00,-5000.04
2025-09-04 03:00:00,-4933.01
2025-09-04 03:15:00,-4937.0
2025-09-04 03:30:00,-4929.98
2025-09-04 03:45:00,-4921.98
2025-09-04 04:00:00,-4763.43
2025-09-04 04:15:00,-4742.3099999999995
2025-09-04 04:30:00,-4702.93
2025-09-04 04:45:00,-4683.72
2025-09-04 05:00:00,-5707.63
2025-09-04 05:15:00,-5688.67
2025-09-04 05:30:00,-5688.66
2025-09-04 05:45:00,-5684.8
2025-09-04 06:00:00,-5735.9400000000005
2025-09-04 06:15:00,-5731.01
2025-09-04 06:30:00,-5721.3099999999995
2025-09-04 06:45:00,-5707.96
2025-09-04 07:00:00,-6856.54
2025-09-04 07:15:00,-6870.17
2025-09-04 07:30:00,-6859.29
2025-09-04 07:45:00,-6871.53
2025-09-04 08:00:00,-6594.3099999999995
2025-09-04 08:15:00,-6601.21
2025-09-04 08:30:00,-6614.02
2025-09-04 08:45:00,-6621.3
2025-09-04 09:00:00,-5631.77
2025-09-04 09:15:00,-5640.76
2025-09-04 09:30:00,-5636.39
2025-09-04 09:45:00,-5633.7
2025-09-04 10:00:00,-4986.96
2025-09-04 10:15:00,-4986.77
2025-09-04 10:30:00,-4988.66
2025-09-04 10:45:00,-4989.77
2025-09-04 11:00:00,-5075.25
2025-09-04 11:15:00,-5080.74
2025-09-04 11:30:00,-5080.02
2025-09-04 11:45:00,-5095.09
2025-09-04 12:00:00,-4270.23
2025-09-04 12:15:00,-4270.17
2025-09-04 12:30:00,-4280.41
2025-09-04 12:45:00,-4272.28
2025-09-04 13:00:00,-3715.17
2025-09-04 13:15:00,-3698.7200000000003
2025-09-04 13:30:00,-3673.7200000000003
2025-09-04 13:45:00,-3678.46
2025-09-04 14:00:00,-3705.0699999999997
2025-09-04 14:15:00,-3695.34
2025-09-04 14:30:00,-3691.91
2025-09-04 14:45:00,-3698.9
2025-09-04 15:00:00,-3682.85
2025-09-04 15:15:00,-3699.2799999999997
2025-09-04 15:30:00,-3695.63
2025-09-04 15:45:00,-3689.8199999999997
2025-09-04 16:00:00,-3875.48
2025-09-04 16:15:00,-3882.16
2025-09-04 16:30:00,-3879.1099999999997
2025-09-04 16:45:00,-3872.04
2025-09-04 17:00:00,-3444.2200000000003
2025-09-04 17:15:00,-3450.8
2025-09-04 17:30:00,-3446.27
2025-09-04 17:45:00,-3455.05
2025-09-04 18:00:00,-2050.0
2025-09-04 18:15:00,-2049.27
2025-09-04 18:30:00,-2033.29
2025-09-04 18:45:00,-2021.15
2025-09-04 19:00:00,-1859.01
2025-09-04 19:15:00,-1874.18
2025-09-04 19:30:00,-1875.54
2025-09-04 19:45:00,-1900.96
2025-09-04 20:00:00,-1852.88
2025-09-04 20:15:00,-1843.91
2025-09-04 20:30:00,-1866.3
2025-09-04 20:45:00,-1881.56
2025-09-04 21:00:00,-1828.1
2025-09-04 21:15:00,-1842.97
2025-09-04 21:30:00,-1863.2
2025-09-04 21:45:00,-1878.58
2025-09-04 22:00:00,-2023.49
2025-09-04 22:15:00,-2041.92
2025-09-04 22:30:00,-2048.69
2025-09-04 22:45:00,-2052.48
2025-09-04 23:00:00,-2139.5299999999997
2025-09-04 23:15:00,-2151.9300000000003
2025-09-04 23:30:00,-2157.59
2025-09-04 23:45:00,-2159.3900000000003
2025-09-05 00:00:00,-2871.8900000000003
2025-09-05 00:15:00,-2872.8599999999997
2025-09-05 00:30:00,-2881.4
2025-09-05 00:45:00,-2888.3599999999997
2025-09-05 01:00:00,-2059.0299999999997
2025-09-05 01:15:00,-2063.31
2025-09-05 01:30:00,-2058.83
2025-09-05 01:45:00,-2061.6099999999997
2025-09-05 02:00:00,-1666.54
2025-09-05 02:15:00,-1662.21
2025-09-05 02:30:00,-1664.83
2025-09-05 02:45:00,-1654.56
2025-09-05 03:00:00,-1183.2
2025-09-05 03:15:00,-1180.07
2025-09-05 03:30:00,-1184.38
2025-09-05 03:45:00,-1162.71
2025-09-05 04:00:00,-508.1500000000001
2025-09-05 04:15:00,-487.0799999999999
2025-09-05 04:30:00,-451.80999999999995
2025-09-05 04:45:00,-439.4000000000001
2025-09-05 05:00:00,-1244.87
2025-09-05 05:15:00,-1218.41
2025-09-05 05:30:00,-1193.96
2025-09-05 05:45:00,-1185.8
2025-09-05 06:00:00,-1818.23
2025-09-05 06:15:00,-1820.43
2025-09-05 06:30:00,-1815.82
2025-09-05 06:45:00,-1803.85
2025-09-05 07:00:00,-975.21
2025-09-05 07:15:00,-984.56
2025-09-05 07:30:00,-981.1700000000001
2025-09-05 07:45:00,-975.02
2025-09-05 08:00:00,334.27
2025-09-05 08:15:00,343.27
2025-09-05 08:30:00,336.21000000000004
2025-09-05 08:45:00,331.3900000000001
2025-09-05 09:00:00,644.49
2025-09-05 09:15:00,631.46
2025-09-05 09:30:00,641.25
2025-09-05 09:45:00,634.3900000000001
2025-09-05 10:00:00,-717.24
2025-09-05 10:15:00,-712.5899999999999
2025-09-05 10:30:00,-716.0
2025-09-05 10:45:00,-708.4300000000001
2025-09-05 11:00:00,-3304.19
2025-09-05 11:15:00,-3296.99
2025-09-05 11:30:00,-3306.2200000000003
2025-09-05 11:45:00,-3312.77
2025-09-05 12:00:00,-3663.06
2025-09-05 12:15:00,-3672.5699999999997
2025-09-05 12:30:00,-3675.67
2025-09-05 12:45:00,-3653.2200000000003
2025-09-05 13:00:00,-2512.26
2025-09-05 13:15:00,-2518.69
2025-09-05 13:30:00,-2515.4700000000003
2025-09-05 13:45:00,-2511.71
2025-09-05 14:00:00,-2846.56
2025-09-05 14:15:00,-2837.29
2025-09-05 14:30:00,-2835.75
2025-09-05 14:45:00,-2835.56
2025-09-05 15:00:00,-3414.08
2025-09-05 15:15:00,-3418.4700000000003
2025-09-05 15:30:00,-3413.99
2025-09-05 15:45:00,-3405.8199999999997
2025-09-05 16:00:00,-1721.19
2025-09-05 16:15:00,-1737.72
2025-09-05 16:30:00,-1737.25
2025-09-05 16:45:00,-1736.9
2025-09-05 17:00:00,-1240.42
2025-09-05 17:15:00,-1238.72
2025-09-05 17:30:00,-1248.24
2025-09-05 17:45:00,-1247.82
2025-09-05 18:00:00,-64.16000000000008
2025-09-05 18:15:00,-63.42000000000007
2025-09-05 18:30:00,-58.01999999999998
2025-09-05 18:45:00,-51.5
2025-09-05 19:00:00,432.28
2025-09-05 19:15:00,428.53
2025-09-05 19:30:00,416.5999999999999
2025-09-05 19:45:00,410.03
2025-09-05 20:00:00,457.03999999999996
2025-09-05 20:15:00,451.3499999999999
2025-09-05 20:30:00,444.01
2025-09-05 20:45:00,434.5
2025-09-05 21:00:00,698.3599999999999
2025-09-05 21:15:00,690.26
2025-09-05 21:30:00,680.1199999999999
2025-09-05 21:45:00,671.6199999999999
2025-09-05 22:00:00,877.0799999999999
2025-09-05 22:15:00,871.25
2025-09-05 22:30:00,858.3599999999999
2025-09-05 22:45:00,847.76
2025-09-05 23:00:00,1029.99
2025-09-05 23:15:00,1025.78
2025-09-05 23:30:00,1022.99
2025-09-05 23:45:00,1023.8900000000001
2025-09-06 00:00:00,475.0999999999999
2025-09-06 00:15:00,471.8499999999999
2025-09-06 00:30:00,466.8900000000001
2025-09-06 00:45:00,462.3499999999999
2025-09-06 01:00:00,1002.46
2025-09-06 01:15:00,1000.4300000000001
2025-09-06 01:30:00,1006.22
2025-09-06 01:45:00,1004.46
2025-09-06 02:00:00,878.44
2025-09-06 02:15:00,879.54
2025-09-06 02:30:00,875.5
2025-09-06 02:45:00,875.27
2025-09-06 03:00:00,573.1600000000001
2025-09-06 03:15:00,574.98
2025-09-06 03:30:00,575.03
2025-09-06 03:45:00,576.77
2025-09-06 04:00:00,255.07999999999993
2025-09-06 04:15:00,262.43000000000006
2025-09-06 04:30:00,268.48
2025-09-06 04:45:00,264.3499999999999
2025-09-06 05:00:00,541.8900000000001
2025-09-06 05:15:00,549.3399999999999
2025-09-06 05:30:00,568.29
2025-09-06 05:45:00,583.75
2025-09-06 06:00:00,-123.82999999999993
2025-09-06 06:15:00,-119.91000000000008
2025-09-06 06:30:00,-111.03999999999996
2025-09-06 06:45:00,-96.05999999999995
2025-09-06 07:00:00,194.74
2025-09-06 07:15:00,194.73000000000002
2025-09-06 07:30:00,202.71000000000004
2025-09-06 07:45:00,201.81999999999994
2025-09-06 08:00:00,891.1700000000001
2025-09-06 08:15:00,929.31
2025-09-06 08:30:00,918.31
2025-09-06 08:45:00,916.8299999999999
2025-09-06 09:00:00,1276.41
2025-09-06 09:15:00,1261.1
2025-09-06 09:30:00,1259.95
2025-09-06 09:45:00,1259.26
2025-09-06 10:00:00,1161.85
2025-09-06 10:15:00,1160.88
2025-09-06 10:30:00,1155.0
2025-09-06 10:45:00,1145.29
2025-09-06 11:00:00,1180.36
2025-09-06 11:15:00,1169.99
2025-09-06 11:30:00,1173.28
2025-09-06 11:45:00,1162.59
2025-09-06 12:00:00,540.05
2025-09-06 12:15:00,530.3299999999999
2025-09-06 12:30:00,521.96
2025-09-06 12:45:00,521.3800000000001
2025-09-06 13:00:00,-113.41000000000008
2025-09-06 13:15:00,-124.08999999999992
2025-09-06 13:30:00,-116.49000000000001
2025-09-06 13:45:00,-118.11999999999989
2025-09-06 14:00:00,-752.72
2025-09-06 14:15:00,-762.9200000000001
2025-09-06 14:30:00,-748.8499999999999
2025-09-06 14:45:00,-746.9100000000001
2025-09-06 15:00:00,-1557.41
2025-09-06 15:15:00,-1555.07
2025-09-06 15:30:00,-1544.29
2025-09-06 15:45:00,-1543.46
2025-09-06 16:00:00,-681.81
2025-09-06 16:15:00,-676.46
2025-09-06 16:30:00,-662.27
2025-09-06 16:45:00,-666.8599999999999
2025-09-06 17:00:00,62.41000000000008
2025-09-06 17:15:00,51.8599999999999
2025-09-06 17:30:00,60.210000000000036
2025-09-06 17:45:00,56.57999999999993
2025-09-06 18:00:00,978.21
2025-09-06 18:15:00,965.46
2025-09-06 18:30:00,974.73
2025-09-06 18:45:00,976.4300000000001
2025-09-06 19:00:00,1101.05
2025-09-06 19:15:00,1099.1
2025-09-06 19:30:00,1091.63
2025-09-06 19:45:00,1085.58
2025-09-06 20:00:00,589.1400000000001
2025-09-06 20:15:00,585.31
2025-09-06 20:30:00,579.1400000000001
2025-09-06 20:45:00,568.8399999999999
2025-09-06 21:00:00,149.82999999999993
2025-09-06 21:15:00,136.27999999999997
2025-09-06 21:30:00,124.99000000000001
2025-09-06 21:45:00,116.30999999999995
2025-09-06 22:00:00,40.08999999999992
2025-09-06 22:15:00,31.930000000000064
2025-09-06 22:30:00,24.720000000000027
2025-09-06 22:45:00,16.50999999999999
2025-09-06 23:00:00,-45.049999999999955
2025-09-06 23:15:00,-50.049999999999955
2025-09-06 23:30:00,-51.66000000000008
2025-09-06 23:45:00,-53.59999999999991
2025-09-07 00:00:00,-107.91000000000008
2025-09-07 00:15:00,-112.01999999999998
2025-09-07 00:30:00,-116.72000000000003
2025-09-07 00:45:00,-119.68000000000006
2025-09-07 01:00:00,-297.95000000000005
2025-09-07 01:15:00,-301.75
2025-09-07 01:30:00,-305.25
2025-09-07 01:45:00,-306.74
2025-09-07 02:00:00,-582.0899999999999
2025-09-07 02:15:00,-581.01
2025-09-07 02:30:00,-578.75
2025-09-07 02:45:00,-580.4100000000001
2025-09-07 03:00:00,-486.53999999999996
2025-09-07 03:15:00,-488.97
2025-09-07 03:30:00,-485.70000000000005
2025-09-07 03:45:00,-486.1400000000001
2025-09-07 04:00:00,-155.93000000000006
2025-09-07 04:15:00,-151.24
2025-09-07 04:30:00,-149.8599999999999
2025-09-07 04:45:00,-153.20000000000005
2025-09-07 05:00:00,-228.43000000000006
2025-09-07 05:15:00,-222.8900000000001
2025-09-07 05:30:00,-212.1400000000001
2025-09-07 05:45:00,-214.76999999999998
2025-09-07 06:00:00,-563.3599999999999
2025-09-07 06:15:00,-564.05
2025-09-07 06:30:00,-556.55
2025-09-07 06:45:00,-539.8
2025-09-07 07:00:00,-575.1099999999999
2025-09-07 07:15:00,-531.5799999999999
2025-09-07 07:30:00,-445.3499999999999
2025-09-07 07:45:00,-425.20000000000005
2025-09-07 08:00:00,-463.3299999999999
2025-09-07 08:15:00,-527.9000000000001
2025-09-07 08:30:00,-519.01
2025-09-07 08:45:00,-495.1700000000001
2025-09-07 09:00:00,-337.02
2025-09-07 09:15:00,-338.03999999999996
2025-09-07 09:30:00,-353.0
2025-09-07 09:45:00,-362.94000000000005
2025-09-07 10:00:00,-1705.53
2025-09-07 10:15:00,-1723.75
2025-09-07 10:30:00,-1703.88
2025-09-07 10:45:00,-1693.12
2025-09-07 11:00:00,-2379.1099999999997
2025-09-07 11:15:00,-2442.19
2025-09-07 11:30:00,-2314.56
2025-09-07 11:45:00,-2264.81
2025-09-07 12:00:00,-2572.29
2025-09-07 12:15:00,-2576.8199999999997
2025-09-07 12:30:00,-2569.29
2025-09-07 12:45:00,-2588.16
2025-09-07 13:00:00,-2633.58
2025-09-07 13:15:00,-2645.0299999999997
2025-09-07 13:30:00,-2633.79
2025-09-07 13:45:00,-2608.04
2025-09-07 14:00:00,-2677.71
2025-09-07 14:15:00,-2653.83
2025-09-07 14:30:00,-2685.42
2025-09-07 14:45:00,-2681.9300000000003
2025-09-07 15:00:00,-1998.29
2025-09-07 15:15:00,-2012.79
2025-09-07 15:30:00,-2044.04
2025-09-07 15:45:00,-2031.98
2025-09-07 16:00:00,-899.05
2025-09-07 16:15:00,-952.19
2025-09-07 16:30:00,-1004.9200000000001
2025-09-07 16:45:00,-951.5
2025-09-07 17:00:00,166.6099999999999
2025-09-07 17:15:00,189.77999999999997
2025-09-07 17:30:00,62.809999999999945
2025-09-07 17:45:00,119.04999999999995
2025-09-07 18:00:00,480.6700000000001
2025-09-07 18:15:00,505.03999999999996
2025-09-07 18:30:00,591.06
2025-09-07 18:45:00,619.1800000000001
2025-09-07 19:00:00,281.01
2025-09-07 19:15:00,340.69000000000005
2025-09-07 19:30:00,302.97
2025-09-07 19:45:00,302.71000000000004
2025-09-07 20:00:00,115.94000000000005
2025-09-07 20:15:00,118.24000000000001
2025-09-07 20:30:00,107.77999999999997
2025-09-07 20:45:00,97.17000000000007
2025-09-07 21:00:00,343.8800000000001
2025-09-07 21:15:00,281.5899999999999
2025-09-07 21:30:00,234.53999999999996
2025-09-07 21:45:00,220.03999999999996
2025-09-07 22:00:00,488.52
2025-09-07 22:15:00,468.20000000000005
2025-09-07 22:30:00,453.8299999999999
2025-09-07 22:45:00,445.56999999999994
2025-09-07 23:00:00,531.1199999999999
2025-09-07 23:15:00,524.73
2025-09-07 23:30:00,513.28
2025-09-07 23:45:00,499.28999999999996
2025-09-08 00:00:00,584.01
2025-09-08 00:15:00,586.9300000000001
2025-09-08 00:30:00,583.5999999999999
2025-09-08 00:45:00,584.56
2025-09-08 01:00:00,160.9000000000001
2025-09-08 01:15:00,145.03999999999996
2025-09-08 01:30:00,142.76
2025-09-08 01:45:00,144.32999999999993
2025-09-08 02:00:00,241.91000000000008
2025-09-08 02:15:00,244.69000000000005
2025-09-08 02:30:00,252.66000000000008
2025-09-08 02:45:00,255.69000000000005
2025-09-08 03:00:00,56.83999999999992
2025-09-08 03:15:00,65.16000000000008
2025-09-08 03:30:00,78.90000000000009
2025-09-08 03:45:00,99.66000000000008
2025-09-08 04:00:00,46.90000000000009
2025-09-08 04:15:00,66.63000000000011
2025-09-08 04:30:00,93.34999999999991
2025-09-08 04:45:00,110.86999999999989
2025-09-08 05:00:00,333.0
2025-09-08 05:15:00,348.8699999999999
2025-09-08 05:30:00,365.4200000000001
2025-09-08 05:45:00,375.03999999999996
2025-09-08 06:00:00,258.56999999999994
2025-09-08 06:15:00,259.9000000000001
2025-09-08 06:30:00,260.05999999999995
2025-09-08 06:45:00,266.70000000000005
2025-09-08 07:00:00,-353.5
2025-09-08 07:15:00,-357.43000000000006
2025-09-08 07:30:00,-512.54
2025-09-08 07:45:00,-408.94000000000005
2025-09-08 08:00:00,-1114.68
2025-09-08 08:15:00,-1117.98
2025-09-08 08:30:00,-1120.69
2025-09-08 08:45:00,-1126.64
2025-09-08 09:00:00,-1005.6600000000001
2025-09-08 09:15:00,-1010.3900000000001
2025-09-08 09:30:00,-1016.51
2025-09-08 09:45:00,-1024.53
2025-09-08 10:00:00,-1386.41
2025-09-08 10:15:00,-1391.94
2025-09-08 10:30:00,-1399.45
2025-09-08 10:45:00,-1406.03
2025-09-08 11:00:00,-1164.6
2025-09-08 11:15:00,-1175.84
2025-09-08 11:30:00,-1179.91
2025-09-08 11:45:00,-1188.34
2025-09-08 12:00:00,-1537.0
2025-09-08 12:15:00,-1561.75
2025-09-08 12:30:00,-1451.44
2025-09-08 12:45:00,-1442.96
2025-09-08 13:00:00,-3701.7200000000003
2025-09-08 13:15:00,-3696.6099999999997
2025-09-08 13:30:00,-3694.6
2025-09-08 13:45:00,-3693.46
2025-09-08 14:00:00,-4167.49
2025-09-08 14:15:00,-4166.09
2025-09-08 14:30:00,-4165.1900000000005
2025-09-08 14:45:00,-4173.84
2025-09-08 15:00:00,-3460.9
2025-09-08 15:15:00,-3479.1400000000003
2025-09-08 15:30:00,-3476.55
2025-09-08 15:45:00,-3477.17
2025-09-08 16:00:00,-2766.7799999999997
2025-09-08 16:15:00,-2766.0299999999997
2025-09-08 16:30:00,-2763.21
2025-09-08 16:45:00,-2768.19
2025-09-08 17:00:00,-2498.66
2025-09-08 17:15:00,-2497.24
2025-09-08 17:30:00,-2496.2200000000003
2025-09-08 17:45:00,-2492.91
2025-09-08 18:00:00,-1744.67
2025-09-08 18:15:00,-1731.4
2025-09-08 18:30:00,-1719.92
2025-09-08 18:45:00,-1713.69
2025-09-08 19:00:00,-1874.3
2025-09-08 19:15:00,-1888.51
2025-09-08 19:30:00,-1910.54
2025-09-08 19:45:00,-2036.63
2025-09-08 20:00:00,-1627.97
2025-09-08 20:15:00,-1634.36
2025-09-08 20:30:00,-1642.22
2025-09-08 20:45:00,-1663.61
2025-09-08 21:00:00,-1455.3
2025-09-08 21:15:00,-1462.37
2025-09-08 21:30:00,-1460.75
2025-09-08 21:45:00,-1471.9
2025-09-08 22:00:00,-1835.79
2025-09-08 22:15:00,-1829.96
2025-09-08 22:30:00,-1827.6
2025-09-08 22:45:00,-1834.14
2025-09-08 23:00:00,-2259.92
2025-09-08 23:15:00,-2273.8
2025-09-08 23:30:00,-2284.06
2025-09-08 23:45:00,-2296.51
2025-09-09 00:00:00,-1546.56
2025-09-09 00:15:00,-1550.91
2025-09-09 00:30:00,-1552.28
2025-09-09 00:45:00,-1555.62
2025-09-09 01:00:00,358.75
2025-09-09 01:15:00,363.8699999999999
2025-09-09 01:30:00,360.27
2025-09-09 01:45:00,359.73
2025-09-09 02:00:00,1028.87
2025-09-09 02:15:00,1031.72
2025-09-09 02:30:00,1029.91
2025-09-09 02:45:00,1031.08
2025-09-09 03:00:00,-917.1500000000001
2025-09-09 03:15:00,-912.9300000000001
2025-09-09 03:30:00,-905.3800000000001
2025-09-09 03:45:00,-896.0
2025-09-09 04:00:00,-524.3399999999999
2025-09-09 04:15:00,-500.27
2025-09-09 04:30:00,-469.6300000000001
2025-09-09 04:45:00,-451.6400000000001
2025-09-09 05:00:00,-898.6600000000001
2025-09-09 05:15:00,-874.02
2025-09-09 05:30:00,-855.6600000000001
2025-09-09 05:45:00,-857.55
2025-09-09 06:00:00,-310.06999999999994
2025-09-09 06:15:00,-306.94000000000005
2025-09-09 06:30:00,-300.03999999999996
2025-09-09 06:45:00,-294.5899999999999
2025-09-09 07:00:00,-94.0
2025-09-09 07:15:00,-97.70000000000005
2025-09-09 07:30:00,-92.75
2025-09-09 07:45:00,-96.63000000000011
2025-09-09 08:00:00,-3.130000000000109
2025-09-09 08:15:00,0.5399999999999636
2025-09-09 08:30:00,-0.599999999999909
2025-09-09 08:45:00,2.269999999999982
2025-09-09 09:00:00,-329.53
2025-09-09 09:15:00,-342.4100000000001
2025-09-09 09:30:00,-342.95000000000005
2025-09-09 09:45:00,-341.1700000000001
2025-09-09 10:00:00,-764.76
2025-09-09 10:15:00,-822.73
2025-09-09 10:30:00,-706.3499999999999
2025-09-09 10:45:00,-707.45
2025-09-09 11:00:00,-749.6400000000001
2025-09-09 11:15:00,-749.27
2025-09-09 11:30:00,-743.45
2025-09-09 11:45:00,-752.73
2025-09-09 12:00:00,-201.26
2025-09-09 12:15:00,-202.30999999999995
2025-09-09 12:30:00,-208.99
2025-09-09 12:45:00,-195.04999999999995
2025-09-09 13:00:00,-718.55
2025-09-09 13:15:00,-720.1800000000001
2025-09-09 13:30:00,-714.19
2025-09-09 13:45:00,-713.99
2025-09-09 14:00:00,-515.8399999999999
2025-09-09 14:15:00,-506.28
2025-09-09 14:30:00,-507.1500000000001
2025-09-09 14:45:00,-507.3599999999999
2025-09-09 15:00:00,-940.0699999999999
2025-09-09 15:15:00,-950.3399999999999
2025-09-09 15:30:00,-953.46
2025-09-09 15:45:00,-951.7
2025-09-09 16:00:00,-176.01
2025-09-09 16:15:00,-182.01999999999998
2025-09-09 16:30:00,-176.76999999999998
2025-09-09 16:45:00,-180.83999999999992
2025-09-09 17:00:00,82.8599999999999
2025-09-09 17:15:00,85.52999999999997
2025-09-09 17:30:00,86.40000000000009
2025-09-09 17:45:00,86.09999999999991
2025-09-09 18:00:00,591.6700000000001
2025-09-09 18:15:00,603.4100000000001
2025-09-09 18:30:00,617.46
2025-09-09 18:45:00,615.6400000000001
2025-09-09 19:00:00,701.1800000000001
2025-09-09 19:15:00,695.75
2025-09-09 19:30:00,691.3599999999999
2025-09-09 19:45:00,679.49
2025-09-09 20:00:00,1090.14
2025-09-09 20:15:00,1071.86
2025-09-09 20:30:00,1065.03
2025-09-09 20:45:00,1050.1
2025-09-09 21:00:00,664.8
2025-09-09 21:15:00,654.2
2025-09-09 21:30:00,635.8499999999999
2025-09-09 21:45:00,620.45
2025-09-09 22:00:00,195.46000000000004
2025-09-09 22:15:00,186.70000000000005
2025-09-09 22:30:00,178.08999999999992
2025-09-09 22:45:00,169.1400000000001
2025-09-09 23:00:00,15.099999999999909
2025-09-09 23:15:00,10.329999999999927
2025-09-09 23:30:00,6.089999999999918
2025-09-09 23:45:00,1.650000000000091
2025-09-10 00:00:00,-356.99
2025-09-10 00:15:00,-357.71000000000004
2025-09-10 00:30:00,-367.5999999999999
2025-09-10 00:45:00,-373.80999999999995
2025-09-10 01:00:00,-280.8800000000001
2025-09-10 01:15:00,-287.29999999999995
2025-09-10 01:30:00,-286.3499999999999
2025-09-10 01:45:00,-289.73
2025-09-10 02:00:00,-536.52
2025-09-10 02:15:00,-539.55
2025-09-10 02:30:00,-538.98
2025-09-10 02:45:00,-535.3199999999999
2025-09-10 03:00:00,-228.0
2025-09-10 03:15:00,-222.55999999999995
2025-09-10 03:30:00,-218.1099999999999
2025-09-10 03:45:00,-200.3699999999999
2025-09-10 04:00:00,361.28999999999996
2025-09-10 04:15:00,387.1400000000001
2025-09-10 04:30:00,422.28999999999996
2025-09-10 04:45:00,432.9200000000001
2025-09-10 05:00:00,511.94000000000005
2025-09-10 05:15:00,531.26
2025-09-10 05:30:00,550.1300000000001
2025-09-10 05:45:00,558.5799999999999
2025-09-10 06:00:00,-1023.97
2025-09-10 06:15:00,-1033.81
2025-09-10 06:30:00,-1032.59
2025-09-10 06:45:00,-1026.49
2025-09-10 07:00:00,800.7
2025-09-10 07:15:00,797.73
2025-09-10 07:30:00,805.6400000000001
2025-09-10 07:45:00,797.5999999999999
2025-09-10 08:00:00,-88.0
2025-09-10 08:15:00,-90.13000000000011
2025-09-10 08:30:00,-94.08999999999992
2025-09-10 08:45:00,-94.77999999999997
2025-09-10 09:00:00,-578.2
2025-09-10 09:15:00,-591.5
2025-09-10 09:30:00,-591.25
2025-09-10 09:45:00,-594.79
2025-09-10 10:00:00,-896.03
2025-09-10 10:15:00,-897.8
2025-09-10 10:30:00,-902.94
2025-09-10 10:45:00,-905.97
2025-09-10 11:00:00,-3351.58
2025-09-10 11:15:00,-3351.44
2025-09-10 11:30:00,-3347.2799999999997
2025-09-10 11:45:00,-3352.55
2025-09-10 12:00:00,-2354.75
2025-09-10 12:15:00,-2351.66
2025-09-10 12:30:00,-2359.31
2025-09-10 12:45:00,-2353.52
2025-09-10 13:00:00,-2925.13
2025-09-10 13:15:00,-2926.71
2025-09-10 13:30:00,-2923.73
2025-09-10 13:45:00,-2919.74
2025-09-10 14:00:00,-643.6700000000001
2025-09-10 14:15:00,-621.7
2025-09-10 14:30:00,-620.95
2025-09-10 14:45:00,-620.4200000000001
2025-09-10 15:00:00,-363.8800000000001
2025-09-10 15:15:00,-375.3900000000001
2025-09-10 15:30:00,-371.74
2025-09-10 15:45:00,-380.0799999999999
2025-09-10 16:00:00,1101.62
2025-09-10 16:15:00,1100.94
2025-09-10 16:30:00,1102.81
2025-09-10 16:45:00,1102.06
2025-09-10 17:00:00,-1863.33
2025-09-10 17:15:00,-1852.0
2025-09-10 17:30:00,-1845.1
2025-09-10 17:45:00,-1845.28
2025-09-10 18:00:00,831.19
2025-09-10 18:15:00,834.06
2025-09-10 18:30:00,841.29
2025-09-10 18:45:00,843.3399999999999
2025-09-10 19:00:00,611.8399999999999
2025-09-10 19:15:00,600.6199999999999
2025-09-10 19:30:00,591.49
2025-09-10 19:45:00,575.44
2025-09-10 20:00:00,-147.54999999999995
2025-09-10 20:15:00,-160.08999999999992
2025-09-10 20:30:00,-176.3800000000001
2025-09-10 20:45:00,-192.68000000000006
2025-09-10 21:00:00,-538.8
2025-09-10 21:15:00,-552.25
2025-09-10 21:30:00,-570.5
2025-09-10 21:45:00,-585.06
2025-09-10 22:00:00,-1438.13
2025-09-10 22:15:00,-1421.95
2025-09-10 22:30:00,-1428.59
2025-09-10 22:45:00,-1445.87
2025-09-10 23:00:00,-2585.19
2025-09-10 23:15:00,-2599.19
2025-09-10 23:30:00,-2614.79
2025-09-10 23:45:00,-2618.01
2025-09-11 00:00:00,-2186.3599999999997
2025-09-11 00:15:00,-2192.41
2025-09-11 00:30:00,-2196.26
2025-09-11 00:45:00,-2194.1
2025-09-11 01:00:00,-991.25
2025-09-11 01:15:00,-989.06
2025-09-11 01:30:00,-993.4200000000001
2025-09-11 01:45:00,-992.8
2025-09-11 02:00:00,-2979.6800000000003
2025-09-11 02:15:00,-3003.19
2025-09-11 02:30:00,-3003.1400000000003
2025-09-11 02:45:00,-3007.12
2025-09-11 03:00:00,-2725.3199999999997
2025-09-11 03:15:00,-2725.38
2025-09-11 03:30:00,-2715.23
2025-09-11 03:45:00,-2703.8199999999997
2025-09-11 04:00:00,-1758.76
2025-09-11 04:15:00,-1732.72
2025-09-11 04:30:00,-1704.82
2025-09-11 04:45:00,-1680.4
2025-09-11 05:00:00,17.950000000000045
2025-09-11 05:15:00,44.61999999999989
2025-09-11 05:30:00,66.42000000000007
2025-09-11 05:45:00,70.52999999999997
2025-09-11 06:00:00,-156.32999999999993
2025-09-11 06:15:00,-161.8599999999999
2025-09-11 06:30:00,-158.1400000000001
2025-09-11 06:45:00,-160.07999999999993
2025-09-11 07:00:00,-430.4000000000001
2025-09-11 07:15:00,-443.5999999999999
2025-09-11 07:30:00,-463.72
2025-09-11 07:45:00,-473.20000000000005
2025-09-11 08:00:00,-339.3499999999999
2025-09-11 08:15:00,-337.51
2025-09-11 08:30:00,-349.0
2025-09-11 08:45:00,-364.53
2025-09-11 09:00:00,-387.3900000000001
2025-09-11 09:15:00,-345.0899999999999
2025-09-11 09:30:00,-347.3599999999999
2025-09-11 09:45:00,-355.95000000000005
2025-09-11 10:00:00,-2252.13
2025-09-11 10:15:00,-2257.02
2025-09-11 10:30:00,-2258.06
2025-09-11 10:45:00,-2263.0299999999997
2025-09-11 11:00:00,-3606.5
2025-09-11 11:15:00,-3607.6099999999997
2025-09-11 11:30:00,-3613.3900000000003
2025-09-11 11:45:00,-3612.9700000000003
2025-09-11 12:00:00,-3969.99
2025-09-11 12:15:00,-3967.95
2025-09-11 12:30:00,-3974.19
2025-09-11 12:45:00,-3967.1099999999997
2025-09-11 13:00:00,-3635.17
2025-09-11 13:15:00,-3623.19
2025-09-11 13:30:00,-3602.98
2025-09-11 13:45:00,-3593.8
2025-09-11 14:00:00,-4388.04
2025-09-11 14:15:00,-4374.25
2025-09-11 14:30:00,-4379.21
2025-09-11 14:45:00,-4361.0
2025-09-11 15:00:00,-2927.76
2025-09-11 15:15:00,-2936.8599999999997
2025-09-11 15:30:00,-2929.87
2025-09-11 15:45:00,-2930.66
2025-09-11 16:00:00,-2622.3599999999997
2025-09-11 16:15:00,-2623.13
2025-09-11 16:30:00,-2615.24
2025-09-11 16:45:00,-2613.35
2025-09-11 17:00:00,-3426.71
2025-09-11 17:15:00,-3423.8199999999997
2025-09-11 17:30:00,-3425.38
2025-09-11 17:45:00,-3422.51
2025-09-11 18:00:00,-2213.65
2025-09-11 18:15:00,-2217.66
2025-09-11 18:30:00,-2219.3599999999997
2025-09-11 18:45:00,-2208.6800000000003
2025-09-11 19:00:00,-1733.4
2025-09-11 19:15:00,-1746.58
2025-09-11 19:30:00,-1751.53
2025-09-11 19:45:00,-1765.5
2025-09-11 20:00:00,-2132.1800000000003
2025-09-11 20:15:00,-2141.79
2025-09-11 20:30:00,-2159.99
2025-09-11 20:45:00,-2183.84
2025-09-11 21:00:00,-2226.81
2025-09-11 21:15:00,-2247.98
2025-09-11 21:30:00,-2265.95
2025-09-11 21:45:00,-2280.83
2025-09-11 22:00:00,-2831.1400000000003
2025-09-11 22:15:00,-2830.08
2025-09-11 22:30:00,-2838.08
2025-09-11 22:45:00,-2860.74
2025-09-11 23:00:00,-2645.67
2025-09-11 23:15:00,-2659.8599999999997
2025-09-11 23:30:00,-2659.54
2025-09-11 23:45:00,-2670.26
2025-09-12 00:00:00,-3113.59
2025-09-12 00:15:00,-3110.79
2025-09-12 00:30:00,-3117.08
2025-09-12 00:45:00,-3124.8599999999997
2025-09-12 01:00:00,-2839.2799999999997
2025-09-12 01:15:00,-2847.08
2025-09-12 01:30:00,-2846.2
2025-09-12 01:45:00,-2847.95
2025-09-12 02:00:00,-2793.3900000000003
2025-09-12 02:15:00,-2793.41
2025-09-12 02:30:00,-2791.45
2025-09-12 02:45:00,-2795.2799999999997
2025-09-12 03:00:00,-2152.21
2025-09-12 03:15:00,-2154.04
2025-09-12 03:30:00,-2147.09
2025-09-12 03:45:00,-2135.26
2025-09-12 04:00:00,-1292.08
2025-09-12 04:15:00,-1266.34
2025-09-12 04:30:00,-1237.23
2025-09-12 04:45:00,-1206.1
2025-09-12 05:00:00,-358.95000000000005
2025-09-12 05:15:00,-346.06999999999994
2025-09-12 05:30:00,-325.53999999999996
2025-09-12 05:45:00,-325.72
2025-09-12 06:00:00,-1499.92
2025-09-12 06:15:00,-1490.99
2025-09-12 06:30:00,-1480.86
2025-09-12 06:45:00,-1461.56
2025-09-12 07:00:00,-1877.05
2025-09-12 07:15:00,-1874.72
2025-09-12 07:30:00,-1872.27
2025-09-12 07:45:00,-1869.22
2025-09-12 08:00:00,-2010.83
2025-09-12 08:15:00,-1981.82
2025-09-12 08:30:00,-1990.79
2025-09-12 08:45:00,-2009.96
2025-09-12 09:00:00,-4031.04
2025-09-12 09:15:00,-4045.24
2025-09-12 09:30:00,-4043.83
2025-09-12 09:45:00,-4040.6099999999997
2025-09-12 10:00:00,-5041.45
2025-09-12 10:15:00,-5046.88
2025-09-12 10:30:00,-5043.36
2025-09-12 10:45:00,-5051.73
2025-09-12 11:00:00,-4026.91
2025-09-12 11:15:00,-4030.7
2025-09-12 11:30:00,-4030.38
2025-09-12 11:45:00,-4024.2799999999997
2025-09-12 12:00:00,-5247.92
2025-09-12 12:15:00,-5252.42
2025-09-12 12:30:00,-5255.98
2025-09-12 12:45:00,-5250.76
2025-09-12 13:00:00,-3810.74
2025-09-12 13:15:00,-3808.7200000000003
2025-09-12 13:30:00,-3799.1
2025-09-12 13:45:00,-3804.29
2025-09-12 14:00:00,-4821.14
2025-09-12 14:15:00,-4844.7
2025-09-12 14:30:00,-4854.3
2025-09-12 14:45:00,-4848.92
2025-09-12 15:00:00,-4583.54
2025-09-12 15:15:00,-4589.5599999999995
2025-09-12 15:30:00,-4671.82
2025-09-12 15:45:00,-4675.84
2025-09-12 16:00:00,-3847.62
2025-09-12 16:15:00,-3846.21
2025-09-12 16:30:00,-3843.84
2025-09-12 16:45:00,-3845.04
2025-09-12 17:00:00,-3445.33
2025-09-12 17:15:00,-3450.02
2025-09-12 17:30:00,-3442.02
2025-09-12 17:45:00,-3437.8599999999997
2025-09-12 18:00:00,-3623.9300000000003
2025-09-12 18:15:00,-3632.81
2025-09-12 18:30:00,-3627.08
2025-09-12 18:45:00,-3626.63
2025-09-12 19:00:00,-3261.16
2025-09-12 19:15:00,-3268.09
2025-09-12 19:30:00,-3277.6400000000003
2025-09-12 19:45:00,-3292.8199999999997
2025-09-12 20:00:00,-3567.05
2025-09-12 20:15:00,-3584.3
2025-09-12 20:30:00,-3594.4
2025-09-12 20:45:00,-3600.46
2025-09-12 21:00:00,-4084.3900000000003
2025-09-12 21:15:00,-4175.03
2025-09-12 21:30:00,-4241.9400000000005
2025-09-12 21:45:00,-4258.55
2025-09-12 22:00:00,-3211.6800000000003
2025-09-12 22:15:00,-3152.5
2025-09-12 22:30:00,-3164.41
2025-09-12 22:45:00,-3186.0
2025-09-12 23:00:00,-3538.3
2025-09-12 23:15:00,-3548.71
2025-09-12 23:30:00,-3553.46
2025-09-12 23:45:00,-3563.81
2025-09-13 00:00:00,-3480.58
2025-09-13 00:15:00,-3480.2
2025-09-13 00:30:00,-3492.59
2025-09-13 00:45:00,-3498.67
2025-09-13 01:00:00,-3225.37
2025-09-13 01:15:00,-3223.91
2025-09-13 01:30:00,-3222.45
2025-09-13 01:45:00,-3221.4
2025-09-13 02:00:00,-3226.51
2025-09-13 02:15:00,-3231.62
2025-09-13 02:30:00,-3236.4300000000003
2025-09-13 02:45:00,-3239.37
2025-09-13 03:00:00,-2456.33
2025-09-13 03:15:00,-2453.65
2025-09-13 03:30:00,-2447.66
2025-09-13 03:45:00,-2445.24
2025-09-13 04:00:00,-1962.75
2025-09-13 04:15:00,-1959.44
2025-09-13 04:30:00,-1945.29
2025-09-13 04:45:00,-1948.4
2025-09-13 05:00:00,-711.51
2025-09-13 05:15:00,-706.8900000000001
2025-09-13 05:30:00,-699.9100000000001
2025-09-13 05:45:00,-683.8800000000001
2025-09-13 06:00:00,-699.27
2025-09-13 06:15:00,-692.9200000000001
2025-09-13 06:30:00,-677.06
2025-09-13 06:45:00,-663.52
2025-09-13 07:00:00,-1007.1800000000001
2025-09-13 07:15:00,-1003.9000000000001
2025-09-13 07:30:00,-999.0
2025-09-13 07:45:00,-985.06
2025-09-13 08:00:00,-2304.38
2025-09-13 08:15:00,-2291.84
2025-09-13 08:30:00,-2283.4700000000003
2025-09-13 08:45:00,-2297.6099999999997
2025-09-13 09:00:00,-3452.85
2025-09-13 09:15:00,-3465.17
2025-09-13 09:30:00,-3461.8
2025-09-13 09:45:00,-3460.62
2025-09-13 10:00:00,-4561.48
2025-09-13 10:15:00,-4572.29
2025-09-13 10:30:00,-4576.63
2025-09-13 10:45:00,-4589.5
2025-09-13 11:00:00,-4975.21
2025-09-13 11:15:00,-4980.18
2025-09-13 11:30:00,-4974.78
2025-09-13 11:45:00,-4980.25
2025-09-13 12:00:00,-4561.41
2025-09-13 12:15:00,-4577.12
2025-09-13 12:30:00,-4576.09
2025-09-13 12:45:00,-4592.98
2025-09-13 13:00:00,-4240.14
2025-09-13 13:15:00,-4224.3
2025-09-13 13:30:00,-4217.58
2025-09-13 13:45:00,-4214.51
2025-09-13 14:00:00,-3521.12
2025-09-13 14:15:00,-3515.25
2025-09-13 14:30:00,-3512.67
2025-09-13 14:45:00,-3508.46
2025-09-13 15:00:00,-1457.59
2025-09-13 15:15:00,-1467.7
2025-09-13 15:30:00,-1461.11
2025-09-13 15:45:00,-1441.57
2025-09-13 16:00:00,-475.28999999999996
2025-09-13 16:15:00,-485.1700000000001
2025-09-13 16:30:00,-481.46000000000004
2025-09-13 16:45:00,-488.21000000000004
2025-09-13 17:00:00,300.81999999999994
2025-09-13 17:15:00,295.19000000000005
2025-09-13 17:30:00,290.8699999999999
2025-09-13 17:45:00,283.6600000000001
2025-09-13 18:00:00,-1020.9300000000001
2025-09-13 18:15:00,-1023.3
2025-09-13 18:30:00,-1019.53
2025-09-13 18:45:00,-1029.64
2025-09-13 19:00:00,-30.089999999999918
2025-09-13 19:15:00,-42.52999999999997
2025-09-13 19:30:00,-46.809999999999945
2025-09-13 19:45:00,-57.549999999999955
2025-09-13 20:00:00,587.4100000000001
2025-09-13 20:15:00,579.8599999999999
2025-09-13 20:30:00,568.3900000000001
2025-09-13 20:45:00,558.8900000000001
2025-09-13 21:00:00,451.6400000000001
2025-09-13 21:15:00,446.5799999999999
2025-09-13 21:30:00,430.69000000000005
2025-09-13 21:45:00,418.45000000000005
2025-09-13 22:00:00,-254.99
2025-09-13 22:15:00,-266.1500000000001
2025-09-13 22:30:00,-271.3900000000001
2025-09-13 22:45:00,-281.25
2025-09-13 23:00:00,-87.15000000000009
2025-09-13 23:15:00,-90.43000000000006
2025-09-13 23:30:00,-96.00999999999999
2025-09-13 23:45:00,-98.51999999999998
2025-09-14 00:00:00,286.5799999999999
2025-09-14 00:15:00,285.02
2025-09-14 00:30:00,275.78999999999996
2025-09-14 00:45:00,273.23
2025-09-14 01:00:00,509.6199999999999
2025-09-14 01:15:00,502.94000000000005
2025-09-14 01:30:00,507.8699999999999
2025-09-14 01:45:00,507.3900000000001
2025-09-14 02:00:00,83.57999999999993
2025-09-14 02:15:00,84.44000000000005
2025-09-14 02:30:00,80.86999999999989
2025-09-14 02:45:00,78.40000000000009
2025-09-14 03:00:00,-374.70000000000005
2025-09-14 03:15:00,-371.47
2025-09-14 03:30:00,-369.68000000000006
2025-09-14 03:45:00,-371.8900000000001
2025-09-14 04:00:00,-178.93000000000006
2025-09-14 04:15:00,-174.96000000000004
2025-09-14 04:30:00,-171.45000000000005
2025-09-14 04:45:00,-169.80999999999995
2025-09-14 05:00:00,-89.00999999999999
2025-09-14 05:15:00,-72.06999999999994
2025-09-14 05:30:00,-71.04999999999995
2025-09-14 05:45:00,-71.82999999999993
2025-09-14 06:00:00,-119.31999999999994
2025-09-14 06:15:00,-114.06999999999994
2025-09-14 06:30:00,-106.93000000000006
2025-09-14 06:45:00,-99.90000000000009
2025-09-14 07:00:00,-377.0
2025-09-14 07:15:00,-375.8900000000001
2025-09-14 07:30:00,-360.1199999999999
2025-09-14 07:45:00,-355.06999999999994
2025-09-14 08:00:00,568.1800000000001
2025-09-14 08:15:00,574.1800000000001
2025-09-14 08:30:00,575.8599999999999
2025-09-14 08:45:00,563.8900000000001
2025-09-14 09:00:00,-161.69000000000005
2025-09-14 09:15:00,-168.77999999999997
2025-09-14 09:30:00,-168.55999999999995
2025-09-14 09:45:00,-170.78999999999996
2025-09-14 10:00:00,-795.8199999999999
2025-09-14 10:15:00,-786.3299999999999
2025-09-14 10:30:00,-753.95
2025-09-14 10:45:00,-765.6700000000001
2025-09-14 11:00:00,-618.6700000000001
2025-09-14 11:15:00,-620.9300000000001
2025-09-14 11:30:00,-619.0
2025-09-14 11:45:00,-625.19
2025-09-14 12:00:00,-1042.07
2025-09-14 12:15:00,-1045.45
2025-09-14 12:30:00,-1048.56
2025-09-14 12:45:00,-1042.76
2025-09-14 13:00:00,-1233.08
2025-09-14 13:15:00,-1234.05
2025-09-14 13:30:00,-1232.79
2025-09-14 13:45:00,-1252.2
2025-09-14 14:00:00,-1143.79
2025-09-14 14:15:00,-1139.01
2025-09-14 14:30:00,-1126.35
2025-09-14 14:45:00,-1129.97
2025-09-14 15:00:00,-390.1600000000001
2025-09-14 15:15:00,-394.53
2025-09-14 15:30:00,-393.03
2025-09-14 15:45:00,-393.49
2025-09-14 16:00:00,-504.44000000000005
2025-09-14 16:15:00,-508.8800000000001
2025-09-14 16:30:00,-498.3699999999999
2025-09-14 16:45:00,-493.53
2025-09-14 17:00:00,233.76999999999998
2025-09-14 17:15:00,234.26999999999998
2025-09-14 17:30:00,239.0
2025-09-14 17:45:00,237.42000000000007
2025-09-14 18:00:00,503.8299999999999
2025-09-14 18:15:00,507.80999999999995
2025-09-14 18:30:00,515.6099999999999
2025-09-14 18:45:00,517.73
2025-09-14 19:00:00,443.6700000000001
2025-09-14 19:15:00,435.95000000000005
2025-09-14 19:30:00,422.78
2025-09-14 19:45:00,412.95000000000005
2025-09-14 20:00:00,418.03999999999996
2025-09-14 20:15:00,407.25
2025-09-14 20:30:00,401.4000000000001
2025-09-14 20:45:00,387.73
2025-09-14 21:00:00,-350.6500000000001
2025-09-14 21:15:00,-341.24
2025-09-14 21:30:00,-353.4000000000001
2025-09-14 21:45:00,-356.79999999999995
2025-09-14 22:00:00,-349.8299999999999
2025-09-14 22:15:00,-354.8399999999999
2025-09-14 22:30:00,-366.3699999999999
2025-09-14 22:45:00,-381.6500000000001
2025-09-14 23:00:00,-82.71000000000004
2025-09-14 23:15:00,-90.25999999999999
2025-09-14 23:30:00,-97.01999999999998
2025-09-14 23:45:00,-103.40000000000009
2025-09-15 00:00:00,112.57999999999993
2025-09-15 00:15:00,112.90000000000009
2025-09-15 00:30:00,110.77999999999997
2025-09-15 00:45:00,101.61999999999989
2025-09-15 01:00:00,-402.01
2025-09-15 01:15:00,-399.25
2025-09-15 01:30:00,-399.81999999999994
2025-09-15 01:45:00,-396.47
2025-09-15 02:00:00,-224.01
2025-09-15 02:15:00,-227.31999999999994
2025-09-15 02:30:00,-219.77999999999997
2025-09-15 02:45:00,-214.80999999999995
2025-09-15 03:00:00,-268.1099999999999
2025-09-15 03:15:00,-264.6600000000001
2025-09-15 03:30:00,-256.1600000000001
2025-09-15 03:45:00,-241.07999999999993
2025-09-15 04:00:00,-851.96
2025-09-15 04:15:00,-821.26
2025-09-15 04:30:00,-780.8900000000001
2025-09-15 04:45:00,-763.51
2025-09-15 05:00:00,-1032.46
2025-09-15 05:15:00,-1012.8800000000001
2025-09-15 05:30:00,-999.26
2025-09-15 05:45:00,-991.6300000000001
2025-09-15 06:00:00,-1345.04
2025-09-15 06:15:00,-1346.52
2025-09-15 06:30:00,-1348.38
2025-09-15 06:45:00,-1339.05
2025-09-15 07:00:00,-1247.06
2025-09-15 07:15:00,-1252.36
2025-09-15 07:30:00,-1247.07
2025-09-15 07:45:00,-1252.64
2025-09-15 08:00:00,-1475.88
2025-09-15 08:15:00,-1475.11
2025-09-15 08:30:00,-1482.2
2025-09-15 08:45:00,-1498.2
2025-09-15 09:00:00,-1482.6
2025-09-15 09:15:00,-1485.98
2025-09-15 09:30:00,-1486.28
2025-09-15 09:45:00,-1481.72
2025-09-15 10:00:00,-2133.3199999999997
2025-09-15 10:15:00,-2130.49
2025-09-15 10:30:00,-2178.08
2025-09-15 10:45:00,-2251.66
2025-09-15 11:00:00,-2822.4700000000003
2025-09-15 11:15:00,-2710.8
2025-09-15 11:30:00,-2672.0
2025-09-15 11:45:00,-2675.01
2025-09-15 12:00:00,-3741.58
2025-09-15 12:15:00,-3749.23
2025-09-15 12:30:00,-3762.23
2025-09-15 12:45:00,-3755.12
2025-09-15 13:00:00,-3447.4300000000003
2025-09-15 13:15:00,-3452.87
2025-09-15 13:30:00,-3444.9300000000003
2025-09-15 13:45:00,-3437.2200000000003
2025-09-15 14:00:00,-3130.05
2025-09-15 14:15:00,-3117.4300000000003
2025-09-15 14:30:00,-3124.17
2025-09-15 14:45:00,-3120.51
2025-09-15 15:00:00,-1966.13
2025-09-15 15:15:00,-1972.4
2025-09-15 15:30:00,-1977.82
2025-09-15 15:45:00,-1975.76
2025-09-15 16:00:00,-1258.01
2025-09-15 16:15:00,-1256.94
2025-09-15 16:30:00,-1256.56
2025-09-15 16:45:00,-1252.12
2025-09-15 17:00:00,-733.3
2025-09-15 17:15:00,-726.44
2025-09-15 17:30:00,-729.79
2025-09-15 17:45:00,-722.72
2025-09-15 18:00:00,679.6099999999999
2025-09-15 18:15:00,681.6600000000001
2025-09-15 18:30:00,685.53
2025-09-15 18:45:00,681.3699999999999
2025-09-15 19:00:00,658.49
2025-09-15 19:15:00,645.6300000000001
2025-09-15 19:30:00,639.0699999999999
2025-09-15 19:45:00,623.8900000000001
2025-09-15 20:00:00,704.6500000000001
2025-09-15 20:15:00,686.8499999999999
2025-09-15 20:30:00,668.3599999999999
2025-09-15 20:45:00,649.72
2025-09-15 21:00:00,225.48000000000002
2025-09-15 21:15:00,201.73000000000002
2025-09-15 21:30:00,182.8699999999999
2025-09-15 21:45:00,173.26
2025-09-15 22:00:00,81.49000000000001
2025-09-15 22:15:00,60.210000000000036
2025-09-15 22:30:00,57.07999999999993
2025-09-15 22:45:00,51.5
2025-09-15 23:00:00,314.78999999999996
2025-09-15 23:15:00,310.1700000000001
2025-09-15 23:30:00,301.98
2025-09-15 23:45:00,292.54999999999995
2025-09-16 00:00:00,123.13000000000011
2025-09-16 00:15:00,125.27999999999997
2025-09-16 00:30:00,121.17000000000007
2025-09-16 00:45:00,120.75
2025-09-16 01:00:00,450.6099999999999
2025-09-16 01:15:00,450.56999999999994
2025-09-16 01:30:00,445.94000000000005
2025-09-16 01:45:00,437.98
2025-09-16 02:00:00,1030.01
2025-09-16 02:15:00,1035.14
2025-09-16 02:30:00,1034.75
2025-09-16 02:45:00,1037.27
2025-09-16 03:00:00,-11.009999999999991
2025-09-16 03:15:00,-0.07999999999992724
2025-09-16 03:30:00,11.829999999999927
2025-09-16 03:45:00,26.24000000000001
2025-09-16 04:00:00,538.75
2025-09-16 04:15:00,566.6099999999999
2025-09-16 04:30:00,592.8800000000001
2025-09-16 04:45:00,617.74
2025-09-16 05:00:00,390.93000000000006
2025-09-16 05:15:00,407.78
2025-09-16 05:30:00,418.6700000000001
2025-09-16 05:45:00,418.77
2025-09-16 06:00:00,867.69
2025-09-16 06:15:00,875.69
2025-09-16 06:30:00,888.26
2025-09-16 06:45:00,897.6099999999999
2025-09-16 07:00:00,1161.72
2025-09-16 07:15:00,1149.99
2025-09-16 07:30:00,1064.81
2025-09-16 07:45:00,923.6600000000001
2025-09-16 08:00:00,705.9000000000001
2025-09-16 08:15:00,832.96
2025-09-16 08:30:00,826.6199999999999
2025-09-16 08:45:00,809.77
2025-09-16 09:00:00,361.78999999999996
2025-09-16 09:15:00,348.23
2025-09-16 09:30:00,328.94000000000005
2025-09-16 09:45:00,330.05999999999995
2025-09-16 10:00:00,353.68000000000006
2025-09-16 10:15:00,362.4100000000001
2025-09-16 10:30:00,360.0899999999999
2025-09-16 10:45:00,358.53999999999996
2025-09-16 11:00:00,-726.8199999999999
2025-09-16 11:15:00,-728.7
2025-09-16 11:30:00,-729.27
2025-09-16 11:45:00,-732.3499999999999
2025-09-16 12:00:00,-708.26
2025-09-16 12:15:00,-658.3599999999999
2025-09-16 12:30:00,-660.45
2025-09-16 12:45:00,-654.03
2025-09-16 13:00:00,-462.6500000000001
2025-09-16 13:15:00,-463.74
2025-09-16 13:30:00,-456.20000000000005
2025-09-16 13:45:00,-451.03
2025-09-16 14:00:00,-492.27
2025-09-16 14:15:00,-471.8699999999999
2025-09-16 14:30:00,-470.81999999999994
2025-09-16 14:45:00,-476.4000000000001
2025-09-16 15:00:00,-1034.44
2025-09-16 15:15:00,-1044.33
2025-09-16 15:30:00,-1037.03
2025-09-16 15:45:00,-1028.08
2025-09-16 16:00:00,-428.8599999999999
2025-09-16 16:15:00,-478.98
2025-09-16 16:30:00,-481.54999999999995
2025-09-16 16:45:00,-479.45000000000005
2025-09-16 17:00:00,591.1300000000001
2025-09-16 17:15:00,598.46
2025-09-16 17:30:00,603.79
2025-09-16 17:45:00,612.27
2025-09-16 18:00:00,540.52
2025-09-16 18:15:00,451.74
2025-09-16 18:30:00,389.78999999999996
2025-09-16 18:45:00,381.6600000000001
2025-09-16 19:00:00,-234.0
2025-09-16 19:15:00,-246.1099999999999
2025-09-16 19:30:00,-251.08999999999992
2025-09-16 19:45:00,-268.1400000000001
2025-09-16 20:00:00,567.0899999999999
2025-09-16 20:15:00,549.23
2025-09-16 20:30:00,540.21
2025-09-16 20:45:00,518.4100000000001
2025-09-16 21:00:00,1326.63
2025-09-16 21:15:00,1313.19
2025-09-16 21:30:00,1286.42
2025-09-16 21:45:00,1275.13
2025-09-16 22:00:00,988.79
2025-09-16 22:15:00,979.1600000000001
2025-09-16 22:30:00,970.52
2025-09-16 22:45:00,959.44
2025-09-16 23:00:00,-279.94000000000005
2025-09-16 23:15:00,-286.74
2025-09-16 23:30:00,-299.51
2025-09-16 23:45:00,-304.5999999999999
2025-09-17 00:00:00,-560.25
2025-09-17 00:15:00,-565.5699999999999
2025-09-17 00:30:00,-567.6600000000001
2025-09-17 00:45:00,-568.79
2025-09-17 01:00:00,-859.19
2025-09-17 01:15:00,-855.06
2025-09-17 01:30:00,-857.8399999999999
2025-09-17 01:45:00,-861.5
2025-09-17 02:00:00,-273.1099999999999
2025-09-17 02:15:00,-276.46000000000004
2025-09-17 02:30:00,-273.69000000000005
2025-09-17 02:45:00,-263.1600000000001
2025-09-17 03:00:00,-401.5799999999999
2025-09-17 03:15:00,-388.1600000000001
2025-09-17 03:30:00,-372.3599999999999
2025-09-17 03:45:00,-355.8900000000001
2025-09-17 04:00:00,-487.53
2025-09-17 04:15:00,-462.43000000000006
2025-09-17 04:30:00,-425.22
2025-09-17 04:45:00,-402.20000000000005
2025-09-17 05:00:00,-1601.32
2025-09-17 05:15:00,-1578.29
2025-09-17 05:30:00,-1562.56
2025-09-17 05:45:00,-1556.39
2025-09-17 06:00:00,-1278.83
2025-09-17 06:15:00,-1272.67
2025-09-17 06:30:00,-1279.21
2025-09-17 06:45:00,-1265.31
2025-09-17 07:00:00,-1992.22
2025-09-17 07:15:00,-2003.64
2025-09-17 07:30:00,-2003.09
2025-09-17 07:45:00,-2008.57
2025-09-17 08:00:00,-1803.79
2025-09-17 08:15:00,-1800.74
2025-09-17 08:30:00,-1801.03
2025-09-17 08:45:00,-1810.99
2025-09-17 09:00:00,-1694.47
2025-09-17 09:15:00,-1697.7
2025-09-17 09:30:00,-1702.13
2025-09-17 09:45:00,-1715.05
2025-09-17 10:00:00,-1529.7
2025-09-17 10:15:00,-1531.1
2025-09-17 10:30:00,-1534.89
2025-09-17 10:45:00,-1543.05
2025-09-17 11:00:00,-1497.56
2025-09-17 11:15:00,-1499.12
2025-09-17 11:30:00,-1492.64
2025-09-17 11:45:00,-1498.34
2025-09-17 12:00:00,-1298.96
2025-09-17 12:15:00,-1339.2
2025-09-17 12:30:00,-1346.65
2025-09-17 12:45:00,-1349.69
2025-09-17 13:00:00,-2041.71
2025-09-17 13:15:00,-2043.91
2025-09-17 13:30:00,-2032.87
2025-09-17 13:45:00,-2011.78
2025-09-17 14:00:00,-1752.45
2025-09-17 14:15:00,-1733.46
2025-09-17 14:30:00,-1742.27
2025-09-17 14:45:00,-1756.81
2025-09-17 15:00:00,-1395.38
2025-09-17 15:15:00,-1412.72
2025-09-17 15:30:00,-1417.23
2025-09-17 15:45:00,-1415.09
2025-09-17 16:00:00,-838.8499999999999
2025-09-17 16:15:00,-844.45
2025-09-17 16:30:00,-839.1099999999999
2025-09-17 16:45:00,-837.97
2025-09-17 17:00:00,942.94
2025-09-17 17:15:00,945.56
2025-09-17 17:30:00,945.9300000000001
2025-09-17 17:45:00,957.73
2025-09-17 18:00:00,415.78999999999996
2025-09-17 18:15:00,417.4200000000001
2025-09-17 18:30:00,417.6600000000001
2025-09-17 18:45:00,416.06999999999994
2025-09-17 19:00:00,158.44000000000005
2025-09-17 19:15:00,152.0999999999999
2025-09-17 19:30:00,142.02999999999997
2025-09-17 19:45:00,123.98000000000002
2025-09-17 20:00:00,-25.970000000000027
2025-09-17 20:15:00,-41.15000000000009
2025-09-17 20:30:00,-63.97000000000003
2025-09-17 20:45:00,-74.54999999999995
2025-09-17 21:00:00,-900.0999999999999
2025-09-17 21:15:00,-911.8900000000001
2025-09-17 21:30:00,-927.6400000000001
2025-09-17 21:45:00,-943.3
2025-09-17 22:00:00,-1181.39
2025-09-17 22:15:00,-1197.28
2025-09-17 22:30:00,-1204.53
2025-09-17 22:45:00,-1221.54
2025-09-17 23:00:00,-2064.16
2025-09-17 23:15:00,-2074.7200000000003
2025-09-17 23:30:00,-2081.54
2025-09-17 23:45:00,-2093.2
2025-09-18 00:00:00,-1984.37
2025-09-18 00:15:00,-1980.46
2025-09-18 00:30:00,-1983.83
2025-09-18 00:45:00,-1999.65
2025-09-18 01:00:00,-2424.46
2025-09-18 01:15:00,-2422.73
2025-09-18 01:30:00,-2424.8599999999997
2025-09-18 01:45:00,-2428.4300000000003
2025-09-18 02:00:00,-3350.1800000000003
2025-09-18 02:15:00,-3337.1099999999997
2025-09-18 02:30:00,-3338.87
2025-09-18 02:45:00,-3326.3
2025-09-18 03:00:00,-3626.98
2025-09-18 03:15:00,-3613.71
2025-09-18 03:30:00,-3582.31
2025-09-18 03:45:00,-3571.05
2025-09-18 04:00:00,-2758.3599999999997
2025-09-18 04:15:00,-2724.9300000000003
2025-09-18 04:30:00,-2687.7200000000003
2025-09-18 04:45:00,-2665.95
2025-09-18 05:00:00,-3910.35
2025-09-18 05:15:00,-3894.17
2025-09-18 05:30:00,-3877.09
2025-09-18 05:45:00,-3875.27
2025-09-18 06:00:00,-4562.72
2025-09-18 06:15:00,-4568.08
2025-09-18 06:30:00,-4554.12
2025-09-18 06:45:00,-4540.84
2025-09-18 07:00:00,-2527.3199999999997
2025-09-18 07:15:00,-2534.8900000000003
2025-09-18 07:30:00,-2533.1099999999997
2025-09-18 07:45:00,-2545.67
2025-09-18 08:00:00,-894.1500000000001
2025-09-18 08:15:00,-905.6800000000001
2025-09-18 08:30:00,-910.8199999999999
2025-09-18 08:45:00,-932.5899999999999
2025-09-18 09:00:00,-2126.51
2025-09-18 09:15:00,-2130.83
2025-09-18 09:30:00,-2133.3199999999997
2025-09-18 09:45:00,-2142.17
2025-09-18 10:00:00,-2782.48
2025-09-18 10:15:00,-2758.55
2025-09-18 10:30:00,-2761.2799999999997
2025-09-18 10:45:00,-2768.7799999999997
2025-09-18 11:00:00,-1983.3
2025-09-18 11:15:00,-1986.65
2025-09-18 11:30:00,-1986.47
2025-09-18 11:45:00,-1989.72
2025-09-18 12:00:00,-2673.83
2025-09-18 12:15:00,-2678.51
2025-09-18 12:30:00,-2694.48
2025-09-18 12:45:00,-2696.54
2025-09-18 13:00:00,-3731.75
2025-09-18 13:15:00,-3720.67
2025-09-18 13:30:00,-3716.7799999999997
2025-09-18 13:45:00,-3707.33
2025-09-18 14:00:00,-3268.75
2025-09-18 14:15:00,-3273.2
2025-09-18 14:30:00,-3276.2
2025-09-18 14:45:00,-3283.08
2025-09-18 15:00:00,-3283.84
2025-09-18 15:15:00,-3294.46
2025-09-18 15:30:00,-3297.7
2025-09-18 15:45:00,-3295.5299999999997
2025-09-18 16:00:00,-2821.8599999999997
2025-09-18 16:15:00,-2826.7799999999997
2025-09-18 16:30:00,-2819.63
2025-09-18 16:45:00,-2823.84
2025-09-18 17:00:00,-3196.9
2025-09-18 17:15:00,-3199.62
2025-09-18 17:30:00,-3195.13
2025-09-18 17:45:00,-3196.58
2025-09-18 18:00:00,-2728.74
2025-09-18 18:15:00,-2733.6099999999997
2025-09-18 18:30:00,-2732.3900000000003
2025-09-18 18:45:00,-2734.05
2025-09-18 19:00:00,-3475.12
2025-09-18 19:15:00,-3488.69
2025-09-18 19:30:00,-3495.88
2025-09-18 19:45:00,-3509.83
2025-09-18 20:00:00,-3446.56
2025-09-18 20:15:00,-3453.4
2025-09-18 20:30:00,-3465.42
2025-09-18 20:45:00,-3482.5299999999997
2025-09-18 21:00:00,-3674.38
2025-09-18 21:15:00,-3696.0
2025-09-18 21:30:00,-3712.0
2025-09-18 21:45:00,-3721.9700000000003
2025-09-18 22:00:00,-3007.8900000000003
2025-09-18 22:15:00,-2990.85
2025-09-18 22:30:00,-2981.3900000000003
2025-09-18 22:45:00,-2992.02
2025-09-18 23:00:00,-2653.15
2025-09-18 23:15:00,-2664.94
2025-09-18 23:30:00,-2675.9
2025-09-18 23:45:00,-2679.4700000000003
2025-09-19 00:00:00,-3133.49
2025-09-19 00:15:00,-3137.67
2025-09-19 00:30:00,-3142.56
2025-09-19 00:45:00,-3148.24
2025-09-19 01:00:00,-2584.16
2025-09-19 01:15:00,-2584.94
2025-09-19 01:30:00,-2591.1400000000003
2025-09-19 01:45:00,-2594.5
2025-09-19 02:00:00,-1906.52
2025-09-19 02:15:00,-1909.94
2025-09-19 02:30:00,-1911.7
2025-09-19 02:45:00,-1906.45
2025-09-19 03:00:00,-2386.62
2025-09-19 03:15:00,-2372.7200000000003
2025-09-19 03:30:00,-2362.3900000000003
2025-09-19 03:45:00,-2362.1099999999997
2025-09-19 04:00:00,-2529.16
2025-09-19 04:15:00,-2508.42
2025-09-19 04:30:00,-2471.29
2025-09-19 04:45:00,-2445.7200000000003
2025-09-19 05:00:00,-2169.25
2025-09-19 05:15:00,-2139.41
2025-09-19 05:30:00,-2125.5
2025-09-19 05:45:00,-2122.27
2025-09-19 06:00:00,-2106.5699999999997
2025-09-19 06:15:00,-2101.79
2025-09-19 06:30:00,-2101.85
2025-09-19 06:45:00,-2088.76
2025-09-19 07:00:00,-1842.33
2025-09-19 07:15:00,-1837.8
2025-09-19 07:30:00,-1831.05
2025-09-19 07:45:00,-1834.84
2025-09-19 08:00:00,-2658.31
2025-09-19 08:15:00,-2660.23
2025-09-19 08:30:00,-2676.5699999999997
2025-09-19 08:45:00,-2690.44
2025-09-19 09:00:00,-4069.26
2025-09-19 09:15:00,-4076.55
2025-09-19 09:30:00,-4073.52
2025-09-19 09:45:00,-4070.95
2025-09-19 10:00:00,-4086.8
2025-09-19 10:15:00,-4035.83
2025-09-19 10:30:00,-4030.3
2025-09-19 10:45:00,-4042.34
2025-09-19 11:00:00,-2856.31
2025-09-19 11:15:00,-2855.9700000000003
2025-09-19 11:30:00,-2862.51
2025-09-19 11:45:00,-2857.44
2025-09-19 12:00:00,-3902.98
2025-09-19 12:15:00,-3905.77
2025-09-19 12:30:00,-3913.24
2025-09-19 12:45:00,-3903.4700000000003
2025-09-19 13:00:00,-5143.86
2025-09-19 13:15:00,-5181.1900000000005
2025-09-19 13:30:00,-5169.02
2025-09-19 13:45:00,-5158.33
2025-09-19 14:00:00,-5665.02
2025-09-19 14:15:00,-5653.15
2025-09-19 14:30:00,-5657.99
2025-09-19 14:45:00,-5643.91
2025-09-19 15:00:00,-3879.79
2025-09-19 15:15:00,-3892.9
2025-09-19 15:30:00,-3898.27
2025-09-19 15:45:00,-3878.98
2025-09-19 16:00:00,-4892.47
2025-09-19 16:15:00,-4898.52
2025-09-19 16:30:00,-4894.24
2025-09-19 16:45:00,-4906.82
2025-09-19 17:00:00,-2934.35
2025-09-19 17:15:00,-2943.15
2025-09-19 17:30:00,-2949.0699999999997
2025-09-19 17:45:00,-2945.38
2025-09-19 18:00:00,-1852.57
2025-09-19 18:15:00,-1865.89
2025-09-19 18:30:00,-1872.68
2025-09-19 18:45:00,-1878.22
2025-09-19 19:00:00,-1415.7
2025-09-19 19:15:00,-1436.48
2025-09-19 19:30:00,-1443.08
2025-09-19 19:45:00,-1464.51
2025-09-19 20:00:00,-683.3800000000001
2025-09-19 20:15:00,-702.2
2025-09-19 20:30:00,-713.72
2025-09-19 20:45:00,-716.56
2025-09-19 21:00:00,-371.1199999999999
2025-09-19 21:15:00,-377.22
2025-09-19 21:30:00,-386.23
2025-09-19 21:45:00,-392.6400000000001
2025-09-19 22:00:00,-298.4000000000001
2025-09-19 22:15:00,-304.6700000000001
2025-09-19 22:30:00,-314.8699999999999
2025-09-19 22:45:00,-330.25
2025-09-19 23:00:00,-629.01
2025-09-19 23:15:00,-643.4000000000001
2025-09-19 23:30:00,-644.0999999999999
2025-09-19 23:45:00,-650.1700000000001
2025-09-20 00:00:00,-1253.91
2025-09-20 00:15:00,-1265.13
2025-09-20 00:30:00,-1265.15
2025-09-20 00:45:00,-1273.93
2025-09-20 01:00:00,-1661.59
2025-09-20 01:15:00,-1661.49
2025-09-20 01:30:00,-1659.52
2025-09-20 01:45:00,-1665.55
2025-09-20 02:00:00,-1604.0
2025-09-20 02:15:00,-1600.9
2025-09-20 02:30:00,-1595.03
2025-09-20 02:45:00,-1586.38
2025-09-20 03:00:00,-1853.06
2025-09-20 03:15:00,-1856.68
2025-09-20 03:30:00,-1852.48
2025-09-20 03:45:00,-1844.19
2025-09-20 04:00:00,-2877.79
2025-09-20 04:15:00,-2871.85
2025-09-20 04:30:00,-2850.8599999999997
2025-09-20 04:45:00,-2845.6
2025-09-20 05:00:00,-2691.1400000000003
2025-09-20 05:15:00,-2689.12
2025-09-20 05:30:00,-2685.41
2025-09-20 05:45:00,-2682.23
2025-09-20 06:00:00,-3332.92
2025-09-20 06:15:00,-3322.09
2025-09-20 06:30:00,-3304.48
2025-09-20 06:45:00,-3292.54
2025-09-20 07:00:00,-3544.75
2025-09-20 07:15:00,-3562.41
2025-09-20 07:30:00,-3562.2799999999997
2025-09-20 07:45:00,-3552.4
2025-09-20 08:00:00,-4000.7200000000003
2025-09-20 08:15:00,-3967.79
2025-09-20 08:30:00,-3963.87
2025-09-20 08:45:00,-3958.7799999999997
2025-09-20 09:00:00,-4185.77
2025-09-20 09:15:00,-4182.27
2025-09-20 09:30:00,-4183.49
2025-09-20 09:45:00,-4176.37
2025-09-20 10:00:00,-4041.3
2025-09-20 10:15:00,-4036.34
2025-09-20 10:30:00,-4049.49
2025-09-20 10:45:00,-4050.91
2025-09-20 11:00:00,-4909.11
2025-09-20 11:15:00,-4903.88
2025-09-20 11:30:00,-4904.89
2025-09-20 11:45:00,-4904.2
2025-09-20 12:00:00,-4936.71
2025-09-20 12:15:00,-4944.38
2025-09-20 12:30:00,-4945.84
2025-09-20 12:45:00,-4958.78
2025-09-20 13:00:00,-4608.64
2025-09-20 13:15:00,-4605.67
2025-09-20 13:30:00,-4591.3
2025-09-20 13:45:00,-4578.16
2025-09-20 14:00:00,-4785.93
2025-09-20 14:15:00,-4771.88
2025-09-20 14:30:00,-4763.05
2025-09-20 14:45:00,-4748.34
2025-09-20 15:00:00,-4761.03
2025-09-20 15:15:00,-4759.01
2025-09-20 15:30:00,-4743.21
2025-09-20 15:45:00,-4733.0
2025-09-20 16:00:00,-3866.81
2025-09-20 16:15:00,-3864.7
2025-09-20 16:30:00,-3856.55
2025-09-20 16:45:00,-3853.85
2025-09-20 17:00:00,-4664.63
2025-09-20 17:15:00,-4659.53
2025-09-20 17:30:00,-4652.86
2025-09-20 17:45:00,-4657.96
2025-09-20 18:00:00,-2718.26
2025-09-20 18:15:00,-2719.66
2025-09-20 18:30:00,-2729.26
2025-09-20 18:45:00,-2733.7799999999997
2025-09-20 19:00:00,-2995.76
2025-09-20 19:15:00,-3000.2799999999997
2025-09-20 19:30:00,-2989.9300000000003
2025-09-20 19:45:00,-2996.75
2025-09-20 20:00:00,-2997.56
2025-09-20 20:15:00,-3013.25
2025-09-20 20:30:00,-3015.88
2025-09-20 20:45:00,-3031.59
2025-09-20 21:00:00,-2764.3599999999997
2025-09-20 21:15:00,-2779.4
2025-09-20 21:30:00,-2788.38
2025-09-20 21:45:00,-2799.17
2025-09-20 22:00:00,-1467.49
2025-09-20 22:15:00,-1480.5
2025-09-20 22:30:00,-1482.5
2025-09-20 22:45:00,-1490.01
2025-09-20 23:00:00,-2118.73
2025-09-20 23:15:00,-2128.85
2025-09-20 23:30:00,-2132.38
2025-09-20 23:45:00,-2143.6400000000003
2025-09-21 00:00:00,-1892.89
2025-09-21 00:15:00,-1901.88
2025-09-21 00:30:00,-1899.84
2025-09-21 00:45:00,-1906.55
2025-09-21 01:00:00,-916.0999999999999
2025-09-21 01:15:00,-923.21
2025-09-21 01:30:00,-920.5899999999999
2025-09-21 01:45:00,-812.73
2025-09-21 02:00:00,-925.51
2025-09-21 02:15:00,-928.5
2025-09-21 02:30:00,-932.31
2025-09-21 02:45:00,-930.73
2025-09-21 03:00:00,-1587.31
2025-09-21 03:15:00,-1588.03
2025-09-21 03:30:00,-1591.9
2025-09-21 03:45:00,-1590.29
2025-09-21 04:00:00,-1195.79
2025-09-21 04:15:00,-1195.45
2025-09-21 04:30:00,-1192.66
2025-09-21 04:45:00,-1190.4
2025-09-21 05:00:00,-1059.78
2025-09-21 05:15:00,-1059.77
2025-09-21 05:30:00,-1060.92
2025-09-21 05:45:00,-1051.38
2025-09-21 06:00:00,-798.8800000000001
2025-09-21 06:15:00,-785.22
2025-09-21 06:30:00,-768.95
2025-09-21 06:45:00,-750.76
2025-09-21 07:00:00,-1187.06
2025-09-21 07:15:00,-1180.01
2025-09-21 07:30:00,-1164.79
2025-09-21 07:45:00,-1158.86
2025-09-21 08:00:00,-2067.4300000000003
2025-09-21 08:15:00,-2063.08
2025-09-21 08:30:00,-2061.69
2025-09-21 08:45:00,-2058.87
2025-09-21 09:00:00,-2275.2799999999997
2025-09-21 09:15:00,-2266.48
2025-09-21 09:30:00,-2261.34
2025-09-21 09:45:00,-2262.15
2025-09-21 10:00:00,-2495.52
2025-09-21 10:15:00,-2495.5299999999997
2025-09-21 10:30:00,-2556.8
2025-09-21 10:45:00,-2642.49
2025-09-21 11:00:00,-3083.02
2025-09-21 11:15:00,-3004.7
2025-09-21 11:30:00,-3008.59
2025-09-21 11:45:00,-3014.6800000000003
2025-09-21 12:00:00,-3461.95
2025-09-21 12:15:00,-3463.0
2025-09-21 12:30:00,-3467.25
2025-09-21 12:45:00,-3460.23
2025-09-21 13:00:00,-6025.99
2025-09-21 13:15:00,-6025.13
2025-09-21 13:30:00,-6006.11
2025-09-21 13:45:00,-6004.35
2025-09-21 14:00:00,-6113.65
2025-09-21 14:15:00,-6154.9
2025-09-21 14:30:00,-6158.12
2025-09-21 14:45:00,-6153.71
2025-09-21 15:00:00,-6106.07
2025-09-21 15:15:00,-6135.26
2025-09-21 15:30:00,-6132.58
2025-09-21 15:45:00,-6119.73
2025-09-21 16:00:00,-5652.58
2025-09-21 16:15:00,-5652.8
2025-09-21 16:30:00,-5646.13
2025-09-21 16:45:00,-5648.04
2025-09-21 17:00:00,-3894.3599999999997
2025-09-21 17:15:00,-3887.41
2025-09-21 17:30:00,-3878.35
2025-09-21 17:45:00,-3862.01
2025-09-21 18:00:00,-4492.9
2025-09-21 18:15:00,-4492.0
2025-09-21 18:30:00,-4487.45
2025-09-21 18:45:00,-4486.77
2025-09-21 19:00:00,-2550.85
2025-09-21 19:15:00,-2557.81
2025-09-21 19:30:00,-2556.49
2025-09-21 19:45:00,-2577.42
2025-09-21 20:00:00,-2294.48
2025-09-21 20:15:00,-2332.06
2025-09-21 20:30:00,-2353.21
2025-09-21 20:45:00,-2360.5699999999997
2025-09-21 21:00:00,-1180.95
2025-09-21 21:15:00,-1158.61
2025-09-21 21:30:00,-1176.54
2025-09-21 21:45:00,-1191.48
2025-09-21 22:00:00,-1955.1
2025-09-21 22:15:00,-1961.81
2025-09-21 22:30:00,-1967.26
2025-09-21 22:45:00,-1978.2
2025-09-21 23:00:00,-2423.79
2025-09-21 23:15:00,-2431.3900000000003
2025-09-21 23:30:00,-2439.66
2025-09-21 23:45:00,-2441.1400000000003
2025-09-22 00:00:00,-544.8900000000001
2025-09-22 00:15:00,-544.8399999999999
2025-09-22 00:30:00,-548.74
2025-09-22 00:45:00,-550.49
2025-09-22 01:00:00,1095.16
2025-09-22 01:15:00,1088.14
2025-09-22 01:30:00,1088.36
2025-09-22 01:45:00,1088.93
2025-09-22 02:00:00,-860.2
2025-09-22 02:15:00,-859.8299999999999
2025-09-22 02:30:00,-861.3699999999999
2025-09-22 02:45:00,-854.4200000000001
2025-09-22 03:00:00,-370.19000000000005
2025-09-22 03:15:00,-367.0999999999999
2025-09-22 03:30:00,-353.56999999999994
2025-09-22 03:45:00,-335.56999999999994
2025-09-22 04:00:00,1381.59
2025-09-22 04:15:00,1388.36
2025-09-22 04:30:00,1429.71
2025-09-22 04:45:00,1455.14
2025-09-22 05:00:00,1562.92
2025-09-22 05:15:00,1589.28
2025-09-22 05:30:00,1601.93
2025-09-22 05:45:00,1605.9
2025-09-22 06:00:00,-295.4100000000001
2025-09-22 06:15:00,-293.0899999999999
2025-09-22 06:30:00,-285.53
2025-09-22 06:45:00,-275.6500000000001
2025-09-22 07:00:00,-475.4200000000001
2025-09-22 07:15:00,-478.71000000000004
2025-09-22 07:30:00,-482.02
2025-09-22 07:45:00,-471.93000000000006
2025-09-22 08:00:00,-620.04
2025-09-22 08:15:00,-614.4100000000001
2025-09-22 08:30:00,-623.56
2025-09-22 08:45:00,-629.0699999999999
2025-09-22 09:00:00,290.1600000000001
2025-09-22 09:15:00,288.30999999999995
2025-09-22 09:30:00,304.8699999999999
2025-09-22 09:45:00,300.45000000000005
2025-09-22 10:00:00,349.71000000000004
2025-09-22 10:15:00,357.45000000000005
2025-09-22 10:30:00,367.9200000000001
2025-09-22 10:45:00,366.95000000000005
2025-09-22 11:00:00,654.8800000000001
2025-09-22 11:15:00,640.8399999999999
2025-09-22 11:30:00,649.9100000000001
2025-09-22 11:45:00,644.26
2025-09-22 12:00:00,342.4200000000001
2025-09-22 12:15:00,318.96000000000004
2025-09-22 12:30:00,330.4000000000001
2025-09-22 12:45:00,329.43000000000006
2025-09-22 13:00:00,265.6099999999999
2025-09-22 13:15:00,280.73
2025-09-22 13:30:00,320.6700000000001
2025-09-22 13:45:00,319.99
2025-09-22 14:00:00,1560.1
2025-09-22 14:15:00,1574.68
2025-09-22 14:30:00,1580.04
2025-09-22 14:45:00,1587.14
2025-09-22 15:00:00,563.69
2025-09-22 15:15:00,561.0799999999999
2025-09-22 15:30:00,570.3800000000001
2025-09-22 15:45:00,581.4100000000001
2025-09-22 16:00:00,-386.46000000000004
2025-09-22 16:15:00,-385.3599999999999
2025-09-22 16:30:00,-369.1199999999999
2025-09-22 16:45:00,-369.6300000000001
2025-09-22 17:00:00,-820.25
2025-09-22 17:15:00,-804.5799999999999
2025-09-22 17:30:00,-786.9100000000001
2025-09-22 17:45:00,-779.0799999999999
2025-09-22 18:00:00,312.19000000000005
2025-09-22 18:15:00,319.9200000000001
2025-09-22 18:30:00,327.6700000000001
2025-09-22 18:45:00,339.6700000000001
2025-09-22 19:00:00,-143.4000000000001
2025-09-22 19:15:00,-190.06999999999994
2025-09-22 19:30:00,-209.48000000000002
2025-09-22 19:45:00,-216.43000000000006
2025-09-22 20:00:00,-195.03999999999996
2025-09-22 20:15:00,-213.47000000000003
2025-09-22 20:30:00,-254.48000000000002
2025-09-22 20:45:00,-276.53999999999996
2025-09-22 21:00:00,-289.01
2025-09-22 21:15:00,-299.01
2025-09-22 21:30:00,-327.4000000000001
2025-09-22 21:45:00,-336.3800000000001
2025-09-22 22:00:00,279.6099999999999
2025-09-22 22:15:00,178.04999999999995
2025-09-22 22:30:00,143.97000000000003
2025-09-22 22:45:00,137.3699999999999
2025-09-22 23:00:00,283.28999999999996
2025-09-22 23:15:00,278.56999999999994
2025-09-22 23:30:00,268.55999999999995
2025-09-22 23:45:00,264.0
2025-09-23 00:00:00,541.6600000000001
2025-09-23 00:15:00,536.6600000000001
2025-09-23 00:30:00,528.3900000000001
2025-09-23 00:45:00,524.3900000000001
2025-09-23 01:00:00,494.3299999999999
2025-09-23 01:15:00,489.79999999999995
2025-09-23 01:30:00,481.96000000000004
2025-09-23 01:45:00,487.8800000000001
2025-09-23 02:00:00,664.56
2025-09-23 02:15:00,661.45
2025-09-23 02:30:00,659.1400000000001
2025-09-23 02:45:00,662.4000000000001
2025-09-23 03:00:00,726.9100000000001
2025-09-23 03:15:00,737.45
2025-09-23 03:30:00,751.76
2025-09-23 03:45:00,774.29
2025-09-23 04:00:00,1210.22
2025-09-23 04:15:00,1247.32
2025-09-23 04:30:00,1283.33
2025-09-23 04:45:00,1314.67
2025-09-23 05:00:00,1005.6199999999999
2025-09-23 05:15:00,1035.7
2025-09-23 05:30:00,1057.04
2025-09-23 05:45:00,1059.63
2025-09-23 06:00:00,831.76
2025-09-23 06:15:00,829.44
2025-09-23 06:30:00,832.98
2025-09-23 06:45:00,835.3
2025-09-23 07:00:00,151.51999999999998
2025-09-23 07:15:00,141.23000000000002
2025-09-23 07:30:00,143.57999999999993
2025-09-23 07:45:00,130.28999999999996
2025-09-23 08:00:00,571.0899999999999
2025-09-23 08:15:00,568.8199999999999
2025-09-23 08:30:00,553.71
2025-09-23 08:45:00,533.02
2025-09-23 09:00:00,299.97
2025-09-23 09:15:00,303.3599999999999
2025-09-23 09:30:00,293.8599999999999
2025-09-23 09:45:00,269.77
2025-09-23 10:00:00,-175.94000000000005
2025-09-23 10:15:00,-173.31999999999994
2025-09-23 10:30:00,-177.3699999999999
2025-09-23 10:45:00,-193.46000000000004
2025-09-23 11:00:00,-531.4000000000001
2025-09-23 11:15:00,-533.98
2025-09-23 11:30:00,-514.94
2025-09-23 11:45:00,-542.9300000000001
2025-09-23 12:00:00,-1052.94
2025-09-23 12:15:00,-1051.8
2025-09-23 12:30:00,-1055.2
2025-09-23 12:45:00,-1058.49
2025-09-23 13:00:00,-1081.48
2025-09-23 13:15:00,-1061.72
2025-09-23 13:30:00,-1059.74
2025-09-23 13:45:00,-1056.39
2025-09-23 14:00:00,-1144.86
2025-09-23 14:15:00,-1141.16
2025-09-23 14:30:00,-1140.78
2025-09-23 14:45:00,-1126.5
2025-09-23 15:00:00,-1057.16
2025-09-23 15:15:00,-1063.5
2025-09-23 15:30:00,-1067.69
2025-09-23 15:45:00,-1050.51
2025-09-23 16:00:00,-1018.6300000000001
2025-09-23 16:15:00,-1009.8499999999999
2025-09-23 16:30:00,-994.8299999999999
2025-09-23 16:45:00,-971.49
2025-09-23 17:00:00,-1212.57
2025-09-23 17:15:00,-1208.15
2025-09-23 17:30:00,-1191.53
2025-09-23 17:45:00,-1177.87
2025-09-23 18:00:00,-994.74
2025-09-23 18:15:00,-988.1800000000001
2025-09-23 18:30:00,-979.6099999999999
2025-09-23 18:45:00,-979.0
2025-09-23 19:00:00,-151.99
2025-09-23 19:15:00,-155.31999999999994
2025-09-23 19:30:00,-163.0999999999999
2025-09-23 19:45:00,-152.25
2025-09-23 20:00:00,366.8499999999999
2025-09-23 20:15:00,349.9000000000001
2025-09-23 20:30:00,338.1400000000001
2025-09-23 20:45:00,327.5799999999999
2025-09-23 21:00:00,496.03999999999996
2025-09-23 21:15:00,474.78
2025-09-23 21:30:00,460.47
2025-09-23 21:45:00,444.53
2025-09-23 22:00:00,462.0
2025-09-23 22:15:00,455.99
2025-09-23 22:30:00,440.5899999999999
2025-09-23 22:45:00,430.03999999999996
2025-09-23 23:00:00,602.8
2025-09-23 23:15:00,593.4100000000001
2025-09-23 23:30:00,584.1500000000001
2025-09-23 23:45:00,588.8499999999999
2025-09-24 00:00:00,793.4000000000001
2025-09-24 00:15:00,789.23
2025-09-24 00:30:00,760.28
2025-09-24 00:45:00,732.1099999999999
2025-09-24 01:00:00,961.06
2025-09-24 01:15:00,929.44
2025-09-24 01:30:00,929.4000000000001
2025-09-24 01:45:00,918.6099999999999
2025-09-24 02:00:00,419.0799999999999
2025-09-24 02:15:00,407.6600000000001
2025-09-24 02:30:00,385.96000000000004
2025-09-24 02:45:00,393.1300000000001
2025-09-24 03:00:00,445.55999999999995
2025-09-24 03:15:00,457.21000000000004
2025-09-24 03:30:00,478.28999999999996
2025-09-24 03:45:00,495.8699999999999
2025-09-24 04:00:00,1236.02
2025-09-24 04:15:00,1255.5
2025-09-24 04:30:00,1266.62
2025-09-24 04:45:00,1316.16
2025-09-24 05:00:00,1670.86
2025-09-24 05:15:00,1732.72
2025-09-24 05:30:00,1748.68
2025-09-24 05:45:00,1763.0
2025-09-24 06:00:00,1705.28
2025-09-24 06:15:00,1694.51
2025-09-24 06:30:00,1671.1
2025-09-24 06:45:00,1685.01
2025-09-24 07:00:00,1052.51
2025-09-24 07:15:00,1021.75
2025-09-24 07:30:00,1131.23
2025-09-24 07:45:00,1175.56
2025-09-24 08:00:00,918.3299999999999
2025-09-24 08:15:00,913.5999999999999
2025-09-24 08:30:00,894.0699999999999
2025-09-24 08:45:00,871.44
2025-09-24 09:00:00,828.96
2025-09-24 09:15:00,822.5699999999999
2025-09-24 09:30:00,801.3199999999999
2025-09-24 09:45:00,785.96
2025-09-24 10:00:00,467.8299999999999
2025-09-24 10:15:00,461.69000000000005
2025-09-24 10:30:00,446.9000000000001
2025-09-24 10:45:00,437.29999999999995
2025-09-24 11:00:00,461.8599999999999
2025-09-24 11:15:00,451.1700000000001
2025-09-24 11:30:00,463.23
2025-09-24 11:45:00,460.5899999999999
2025-09-24 12:00:00,944.0699999999999
2025-09-24 12:15:00,945.8599999999999
2025-09-24 12:30:00,947.8599999999999
2025-09-24 12:45:00,941.97
2025-09-24 13:00:00,644.6400000000001
2025-09-24 13:15:00,658.3
2025-09-24 13:30:00,676.53
2025-09-24 13:45:00,662.22
2025-09-24 14:00:00,206.07999999999993
2025-09-24 14:15:00,228.57999999999993
2025-09-24 14:30:00,227.26999999999998
2025-09-24 14:45:00,242.54999999999995
2025-09-24 15:00:00,12.569999999999936
2025-09-24 15:15:00,0.16000000000008185
2025-09-24 15:30:00,5.150000000000091
2025-09-24 15:45:00,16.180000000000064
2025-09-24 16:00:00,228.75
2025-09-24 16:15:00,246.19000000000005
2025-09-24 16:30:00,271.26
2025-09-24 16:45:00,270.1400000000001
2025-09-24 17:00:00,969.48
2025-09-24 17:15:00,980.1500000000001
2025-09-24 17:30:00,1000.8699999999999
2025-09-24 17:45:00,1012.75
2025-09-24 18:00:00,1835.0
2025-09-24 18:15:00,1834.78
2025-09-24 18:30:00,1828.03
2025-09-24 18:45:00,1817.01
2025-09-24 19:00:00,1288.2
2025-09-24 19:15:00,1282.89
2025-09-24 19:30:00,1279.41
2025-09-24 19:45:00,1267.33
2025-09-24 20:00:00,788.6700000000001
2025-09-24 20:15:00,773.53
2025-09-24 20:30:00,760.8
2025-09-24 20:45:00,752.77
2025-09-24 21:00:00,767.8900000000001
2025-09-24 21:15:00,756.75
2025-09-24 21:30:00,739.99
2025-09-24 21:45:00,724.02
2025-09-24 22:00:00,713.0699999999999
2025-09-24 22:15:00,696.97
2025-09-24 22:30:00,690.76
2025-09-24 22:45:00,686.8499999999999
2025-09-24 23:00:00,530.8
2025-09-24 23:15:00,524.6300000000001
2025-09-24 23:30:00,522.31
2025-09-24 23:45:00,513.56
2025-09-25 00:00:00,341.23
2025-09-25 00:15:00,331.81999999999994
2025-09-25 00:30:00,321.19000000000005
2025-09-25 00:45:00,314.6500000000001
2025-09-25 01:00:00,347.76
2025-09-25 01:15:00,348.28
2025-09-25 01:30:00,344.6500000000001
2025-09-25 01:45:00,344.0799999999999
2025-09-25 02:00:00,-13.789999999999964
2025-09-25 02:15:00,-7.869999999999891
2025-09-25 02:30:00,-2.119999999999891
2025-09-25 02:45:00,6.75
2025-09-25 03:00:00,-285.5999999999999
2025-09-25 03:15:00,-272.4000000000001
2025-09-25 03:30:00,-252.67000000000007
2025-09-25 03:45:00,-242.06999999999994
2025-09-25 04:00:00,-360.52
2025-09-25 04:15:00,-333.06999999999994
2025-09-25 04:30:00,-291.77
2025-09-25 04:45:00,-255.8599999999999
2025-09-25 05:00:00,-442.78
2025-09-25 05:15:00,-411.99
2025-09-25 05:30:00,-395.1300000000001
2025-09-25 05:45:00,-397.19000000000005
2025-09-25 06:00:00,-658.72
2025-09-25 06:15:00,-665.96
2025-09-25 06:30:00,-667.97
2025-09-25 06:45:00,-671.99
2025-09-25 07:00:00,-1155.0
2025-09-25 07:15:00,-1177.25
2025-09-25 07:30:00,-1175.43
2025-09-25 07:45:00,-1177.94
2025-09-25 08:00:00,-1421.3
2025-09-25 08:15:00,-1433.27
2025-09-25 08:30:00,-1437.76
2025-09-25 08:45:00,-1445.12
2025-09-25 09:00:00,-1900.04
2025-09-25 09:15:00,-1932.5
2025-09-25 09:30:00,-1933.47
2025-09-25 09:45:00,-1944.61
2025-09-25 10:00:00,-2336.2799999999997
2025-09-25 10:15:00,-2338.8199999999997
2025-09-25 10:30:00,-2337.95
2025-09-25 10:45:00,-2348.23
2025-09-25 11:00:00,-2244.13
2025-09-25 11:15:00,-2244.8199999999997
2025-09-25 11:30:00,-2253.42
2025-09-25 11:45:00,-2262.5699999999997
2025-09-25 12:00:00,-1944.82
2025-09-25 12:15:00,-1948.13
2025-09-25 12:30:00,-1951.59
2025-09-25 12:45:00,-1952.37
2025-09-25 13:00:00,-1671.52
2025-09-25 13:15:00,-1665.83
2025-09-25 13:30:00,-1661.12
2025-09-25 13:45:00,-1654.57
2025-09-25 14:00:00,-1566.53
2025-09-25 14:15:00,-1558.72
2025-09-25 14:30:00,-1563.3
2025-09-25 14:45:00,-1560.0
2025-09-25 15:00:00,-1401.71
2025-09-25 15:15:00,-1408.98
2025-09-25 15:30:00,-1397.88
2025-09-25 15:45:00,-1403.29
2025-09-25 16:00:00,164.1400000000001
2025-09-25 16:15:00,168.3499999999999
2025-09-25 16:30:00,167.96000000000004
2025-09-25 16:45:00,173.76
2025-09-25 17:00:00,561.6700000000001
2025-09-25 17:15:00,564.8499999999999
2025-09-25 17:30:00,592.0899999999999
2025-09-25 17:45:00,601.03
2025-09-25 18:00:00,603.31
2025-09-25 18:15:00,603.3
2025-09-25 18:30:00,607.6300000000001
2025-09-25 18:45:00,600.4300000000001
2025-09-25 19:00:00,827.1400000000001
2025-09-25 19:15:00,817.21
2025-09-25 19:30:00,811.96
2025-09-25 19:45:00,799.3
2025-09-25 20:00:00,825.8699999999999
2025-09-25 20:15:00,803.94
2025-09-25 20:30:00,786.3
2025-09-25 20:45:00,767.3800000000001
2025-09-25 21:00:00,338.76
2025-09-25 21:15:00,326.81999999999994
2025-09-25 21:30:00,316.1600000000001
2025-09-25 21:45:00,306.53999999999996
2025-09-25 22:00:00,-164.42000000000007
2025-09-25 22:15:00,-170.0
2025-09-25 22:30:00,-174.82999999999993
2025-09-25 22:45:00,-189.07999999999993
2025-09-25 23:00:00,-282.6700000000001
2025-09-25 23:15:00,-288.72
2025-09-25 23:30:00,-300.98
2025-09-25 23:45:00,-304.4000000000001
2025-09-26 00:00:00,-475.97
2025-09-26 00:15:00,-479.72
2025-09-26 00:30:00,-483.72
2025-09-26 00:45:00,-486.76
2025-09-26 01:00:00,-521.05
2025-09-26 01:15:00,-523.8499999999999
2025-09-26 01:30:00,-525.51
2025-09-26 01:45:00,-526.5699999999999
2025-09-26 02:00:00,-402.75
2025-09-26 02:15:00,-403.3599999999999
2025-09-26 02:30:00,-398.53
2025-09-26 02:45:00,-398.3800000000001
2025-09-26 03:00:00,-178.83999999999992
2025-09-26 03:15:00,-175.04999999999995
2025-09-26 03:30:00,-169.43000000000006
2025-09-26 03:45:00,-155.75
2025-09-26 04:00:00,452.54999999999995
2025-09-26 04:15:00,474.3900000000001
2025-09-26 04:30:00,513.1500000000001
2025-09-26 04:45:00,546.06
2025-09-26 05:00:00,780.01
2025-09-26 05:15:00,802.5
2025-09-26 05:30:00,823.26
2025-09-26 05:45:00,836.23
2025-09-26 06:00:00,428.55999999999995
2025-09-26 06:15:00,440.6500000000001
2025-09-26 06:30:00,433.3900000000001
2025-09-26 06:45:00,430.19000000000005
2025-09-26 07:00:00,-298.24
2025-09-26 07:15:00,-317.8399999999999
2025-09-26 07:30:00,-317.52
2025-09-26 07:45:00,-338.02
2025-09-26 08:00:00,-772.95
2025-09-26 08:15:00,-780.9000000000001
2025-09-26 08:30:00,-799.3399999999999
2025-09-26 08:45:00,-823.19
2025-09-26 09:00:00,-1087.9
2025-09-26 09:15:00,-1101.71
2025-09-26 09:30:00,-1109.4
2025-09-26 09:45:00,-1117.59
2025-09-26 10:00:00,-2246.38
2025-09-26 10:15:00,-2251.23
2025-09-26 10:30:00,-2250.0299999999997
2025-09-26 10:45:00,-2268.24
2025-09-26 11:00:00,-2302.38
2025-09-26 11:15:00,-2311.3199999999997
2025-09-26 11:30:00,-2307.84
2025-09-26 11:45:00,-2323.9300000000003
2025-09-26 12:00:00,-1695.71
2025-09-26 12:15:00,-1696.95
2025-09-26 12:30:00,-1703.43
2025-09-26 12:45:00,-1708.28
2025-09-26 13:00:00,-1271.63
2025-09-26 13:15:00,-1265.0
2025-09-26 13:30:00,-1261.19
2025-09-26 13:45:00,-1254.6
2025-09-26 14:00:00,-368.54999999999995
2025-09-26 14:15:00,-364.8800000000001
2025-09-26 14:30:00,-364.1700000000001
2025-09-26 14:45:00,-360.8900000000001
2025-09-26 15:00:00,581.96
2025-09-26 15:15:00,576.3499999999999
2025-09-26 15:30:00,580.3599999999999
2025-09-26 15:45:00,583.24
2025-09-26 16:00:00,1336.57
2025-09-26 16:15:00,1338.05
2025-09-26 16:30:00,1341.87
2025-09-26 16:45:00,1339.21
2025-09-26 17:00:00,1540.23
2025-09-26 17:15:00,1550.92
2025-09-26 17:30:00,1564.79
2025-09-26 17:45:00,1572.9
2025-09-26 18:00:00,1386.5
2025-09-26 18:15:00,1383.74
2025-09-26 18:30:00,1382.01
2025-09-26 18:45:00,1374.36
2025-09-26 19:00:00,1274.58
2025-09-26 19:15:00,1261.87
2025-09-26 19:30:00,1259.71
2025-09-26 19:45:00,1251.92
2025-09-26 20:00:00,1391.01
2025-09-26 20:15:00,1389.72
2025-09-26 20:30:00,1380.69
2025-09-26 20:45:00,1367.31
2025-09-26 21:00:00,1121.49
2025-09-26 21:15:00,1111.05
2025-09-26 21:30:00,1099.1
2025-09-26 21:45:00,1093.45
2025-09-26 22:00:00,783.44
2025-09-26 22:15:00,768.6400000000001
2025-09-26 22:30:00,766.3299999999999
2025-09-26 22:45:00,758.2
2025-09-26 23:00:00,420.69000000000005
2025-09-26 23:15:00,415.94000000000005
2025-09-26 23:30:00,407.44000000000005
2025-09-26 23:45:00,402.1099999999999
2025-09-27 00:00:00,278.52
2025-09-27 00:15:00,274.44000000000005
2025-09-27 00:30:00,267.27
2025-09-27 00:45:00,267.22
2025-09-27 01:00:00,-58.11999999999989
2025-09-27 01:15:00,-57.559999999999945
2025-09-27 01:30:00,-66.83999999999992
2025-09-27 01:45:00,-74.33999999999992
2025-09-27 02:00:00,218.82999999999993
2025-09-27 02:15:00,214.74
2025-09-27 02:30:00,212.20000000000005
2025-09-27 02:45:00,213.75
2025-09-27 03:00:00,404.5999999999999
2025-09-27 03:15:00,412.81999999999994
2025-09-27 03:30:00,418.28999999999996
2025-09-27 03:45:00,432.4000000000001
2025-09-27 04:00:00,678.1400000000001
2025-09-27 04:15:00,685.28
2025-09-27 04:30:00,697.55
2025-09-27 04:45:00,701.4100000000001
2025-09-27 05:00:00,857.3299999999999
2025-09-27 05:15:00,858.0699999999999
2025-09-27 05:30:00,863.0799999999999
2025-09-27 05:45:00,878.6500000000001
2025-09-27 06:00:00,751.3399999999999
2025-09-27 06:15:00,775.56
2025-09-27 06:30:00,791.1400000000001
2025-09-27 06:45:00,802.46
2025-09-27 07:00:00,73.23000000000002
2025-09-27 07:15:00,69.57999999999993
2025-09-27 07:30:00,79.79999999999995
2025-09-27 07:45:00,91.01999999999998
2025-09-27 08:00:00,58.49000000000001
2025-09-27 08:15:00,46.84999999999991
2025-09-27 08:30:00,63.75
2025-09-27 08:45:00,51.86999999999989
2025-09-27 09:00:00,1328.08
2025-09-27 09:15:00,1316.15
2025-09-27 09:30:00,1300.79
2025-09-27 09:45:00,1295.0
2025-09-27 10:00:00,797.5699999999999
2025-09-27 10:15:00,787.52
2025-09-27 10:30:00,784.8399999999999
2025-09-27 10:45:00,776.5899999999999
2025-09-27 11:00:00,1148.61
2025-09-27 11:15:00,1128.88
2025-09-27 11:30:00,1129.01
2025-09-27 11:45:00,1125.04
2025-09-27 12:00:00,1057.87
2025-09-27 12:15:00,1051.74
2025-09-27 12:30:00,1045.41
2025-09-27 12:45:00,1046.92
2025-09-27 13:00:00,534.19
2025-09-27 13:15:00,535.25
2025-09-27 13:30:00,533.8800000000001
2025-09-27 13:45:00,539.49
2025-09-27 14:00:00,-291.21000000000004
2025-09-27 14:15:00,-275.54999999999995
2025-09-27 14:30:00,-251.01
2025-09-27 14:45:00,-247.01999999999998
2025-09-27 15:00:00,-487.18000000000006
2025-09-27 15:15:00,-492.97
2025-09-27 15:30:00,-483.27
2025-09-27 15:45:00,-470.3800000000001
2025-09-27 16:00:00,362.27
2025-09-27 16:15:00,367.05999999999995
2025-09-27 16:30:00,374.78999999999996
2025-09-27 16:45:00,383.55999999999995
2025-09-27 17:00:00,385.1600000000001
2025-09-27 17:15:00,397.31999999999994
2025-09-27 17:30:00,402.4100000000001
2025-09-27 17:45:00,405.70000000000005
2025-09-27 18:00:00,249.67000000000007
2025-09-27 18:15:00,234.3699999999999
2025-09-27 18:30:00,227.1199999999999
2025-09-27 18:45:00,217.77999999999997
2025-09-27 19:00:00,92.44000000000005
2025-09-27 19:15:00,78.79999999999995
2025-09-27 19:30:00,72.94000000000005
2025-09-27 19:45:00,73.98000000000002
2025-09-27 20:00:00,42.5
2025-09-27 20:15:00,28.930000000000064
2025-09-27 20:30:00,20.690000000000055
2025-09-27 20:45:00,8.789999999999964
2025-09-27 21:00:00,337.3399999999999
2025-09-27 21:15:00,325.3699999999999
2025-09-27 21:30:00,313.27
2025-09-27 21:45:00,304.8699999999999
2025-09-27 22:00:00,632.0999999999999
2025-09-27 22:15:00,628.48
2025-09-27 22:30:00,621.47
2025-09-27 22:45:00,616.9200000000001
2025-09-27 23:00:00,860.6800000000001
2025-09-27 23:15:00,856.99
2025-09-27 23:30:00,854.02
2025-09-27 23:45:00,851.3299999999999
2025-09-28 00:00:00,892.81
2025-09-28 00:15:00,889.6600000000001
2025-09-28 00:30:00,884.21
2025-09-28 00:45:00,881.0699999999999
2025-09-28 01:00:00,746.69
2025-09-28 01:15:00,743.56
2025-09-28 01:30:00,742.3
2025-09-28 01:45:00,750.47
2025-09-28 02:00:00,562.4100000000001
2025-09-28 02:15:00,557.79
2025-09-28 02:30:00,553.6400000000001
2025-09-28 02:45:00,555.3
2025-09-28 03:00:00,74.99000000000001
2025-09-28 03:15:00,70.00999999999999
2025-09-28 03:30:00,71.19000000000005
2025-09-28 03:45:00,72.08999999999992
2025-09-28 04:00:00,226.8699999999999
2025-09-28 04:15:00,234.16000000000008
2025-09-28 04:30:00,236.95000000000005
2025-09-28 04:45:00,239.49
2025-09-28 05:00:00,-201.70000000000005
2025-09-28 05:15:00,-196.81999999999994
2025-09-28 05:30:00,-190.83999999999992
2025-09-28 05:45:00,-183.0999999999999
2025-09-28 06:00:00,-45.16000000000008
2025-09-28 06:15:00,-39.789999999999964
2025-09-28 06:30:00,-22.700000000000045
2025-09-28 06:45:00,-11.11999999999989
2025-09-28 07:00:00,177.27999999999997
2025-09-28 07:15:00,181.49
2025-09-28 07:30:00,196.66000000000008
2025-09-28 07:45:00,201.93000000000006
2025-09-28 08:00:00,38.52999999999997
2025-09-28 08:15:00,46.82999999999993
2025-09-28 08:30:00,48.00999999999999
2025-09-28 08:45:00,55.3900000000001
2025-09-28 09:00:00,1032.47
2025-09-28 09:15:00,1024.84
2025-09-28 09:30:00,1031.25
2025-09-28 09:45:00,1022.25
2025-09-28 10:00:00,990.71
2025-09-28 10:15:00,997.1400000000001
2025-09-28 10:30:00,894.5799999999999
2025-09-28 10:45:00,898.1300000000001
2025-09-28 11:00:00,756.6700000000001
2025-09-28 11:15:00,756.46
2025-09-28 11:30:00,759.4000000000001
2025-09-28 11:45:00,756.3299999999999
2025-09-28 12:00:00,265.4100000000001
2025-09-28 12:15:00,268.0999999999999
2025-09-28 12:30:00,266.78999999999996
2025-09-28 12:45:00,278.48
2025-09-28 13:00:00,314.1500000000001
2025-09-28 13:15:00,313.6400000000001
2025-09-28 13:30:00,329.75
2025-09-28 13:45:00,334.8699999999999
2025-09-28 14:00:00,947.8699999999999
2025-09-28 14:15:00,949.51
2025-09-28 14:30:00,962.25
2025-09-28 14:45:00,963.2
2025-09-28 15:00:00,-524.19
2025-09-28 15:15:00,-529.72
2025-09-28 15:30:00,-520.26
2025-09-28 15:45:00,-514.1600000000001
2025-09-28 16:00:00,-1057.31
2025-09-28 16:15:00,-1061.42
2025-09-28 16:30:00,-1047.84
2025-09-28 16:45:00,-1050.58
2025-09-28 17:00:00,-522.3599999999999
2025-09-28 17:15:00,-513.6099999999999
2025-09-28 17:30:00,-509.96000000000004
2025-09-28 17:45:00,-508.28
2025-09-28 18:00:00,720.6800000000001
2025-09-28 18:15:00,715.9300000000001
2025-09-28 18:30:00,711.02
2025-09-28 18:45:00,703.8699999999999
2025-09-28 19:00:00,-250.01999999999998
2025-09-28 19:15:00,-261.4000000000001
2025-09-28 19:30:00,-270.0899999999999
2025-09-28 19:45:00,-287.29999999999995
2025-09-28 20:00:00,-730.0699999999999
2025-09-28 20:15:00,-738.8800000000001
2025-09-28 20:30:00,-748.69
2025-09-28 20:45:00,-760.8
2025-09-28 21:00:00,-1403.93
2025-09-28 21:15:00,-1418.65
2025-09-28 21:30:00,-1434.8
2025-09-28 21:45:00,-1451.0
2025-09-28 22:00:00,-804.24
2025-09-28 22:15:00,-813.75
2025-09-28 22:30:00,-820.3199999999999
2025-09-28 22:45:00,-830.1700000000001
2025-09-28 23:00:00,-587.95
2025-09-28 23:15:00,-593.5799999999999
2025-09-28 23:30:00,-598.1199999999999
2025-09-28 23:45:00,-600.79
2025-09-29 00:00:00,-1261.27
2025-09-29 00:15:00,-1263.49
2025-09-29 00:30:00,-1269.69
2025-09-29 00:45:00,-1268.64
2025-09-29 01:00:00,-1140.8
2025-09-29 01:15:00,-1147.7
2025-09-29 01:30:00,-1154.34
2025-09-29 01:45:00,-1152.12
2025-09-29 02:00:00,-1033.31
2025-09-29 02:15:00,-1032.51
2025-09-29 02:30:00,-1032.45
2025-09-29 02:45:00,-1025.16
2025-09-29 03:00:00,83.20000000000005
2025-09-29 03:15:00,91.48000000000002
2025-09-29 03:30:00,100.82999999999993
2025-09-29 03:45:00,125.86999999999989
2025-09-29 04:00:00,794.6400000000001
2025-09-29 04:15:00,824.71
2025-09-29 04:30:00,857.8499999999999
2025-09-29 04:45:00,888.76
2025-09-29 05:00:00,649.6199999999999
2025-09-29 05:15:00,662.1800000000001
2025-09-29 05:30:00,689.1800000000001
2025-09-29 05:45:00,690.96
2025-09-29 06:00:00,-2158.48
2025-09-29 06:15:00,-2145.98
2025-09-29 06:30:00,-2139.1400000000003
2025-09-29 06:45:00,-2129.69
2025-09-29 07:00:00,-2815.77
2025-09-29 07:15:00,-2896.42
2025-09-29 07:30:00,-2891.41
2025-09-29 07:45:00,-2879.13
2025-09-29 08:00:00,-2495.81
2025-09-29 08:15:00,-2490.3
2025-09-29 08:30:00,-2489.23
2025-09-29 08:45:00,-2503.92
2025-09-29 09:00:00,-1007.71
2025-09-29 09:15:00,-1021.47
2025-09-29 09:30:00,-1015.9000000000001
2025-09-29 09:45:00,-1014.8499999999999
2025-09-29 10:00:00,-70.47000000000003
2025-09-29 10:15:00,-69.81999999999994
2025-09-29 10:30:00,-61.3599999999999
2025-09-29 10:45:00,-67.80999999999995
2025-09-29 11:00:00,-24.920000000000073
2025-09-29 11:15:00,-30.25999999999999
2025-09-29 11:30:00,-37.6400000000001
2025-09-29 11:45:00,-28.65000000000009
2025-09-29 12:00:00,-491.96000000000004
2025-09-29 12:15:00,-491.1400000000001
2025-09-29 12:30:00,-492.6199999999999
2025-09-29 12:45:00,-487.53
2025-09-29 13:00:00,-607.5699999999999
2025-09-29 13:15:00,-603.46
2025-09-29 13:30:00,-591.8399999999999
2025-09-29 13:45:00,-578.3499999999999
2025-09-29 14:00:00,-318.70000000000005
2025-09-29 14:15:00,-313.1400000000001
2025-09-29 14:30:00,-298.46000000000004
2025-09-29 14:45:00,-298.54999999999995
2025-09-29 15:00:00,1114.76
2025-09-29 15:15:00,1117.06
2025-09-29 15:30:00,1100.87
2025-09-29 15:45:00,1104.8
2025-09-29 16:00:00,1227.17
2025-09-29 16:15:00,1222.53
2025-09-29 16:30:00,1219.01
2025-09-29 16:45:00,1228.56
2025-09-29 17:00:00,-650.24
2025-09-29 17:15:00,-638.8
2025-09-29 17:30:00,-635.3399999999999
2025-09-29 17:45:00,-631.4300000000001
2025-09-29 18:00:00,314.43000000000006
2025-09-29 18:15:00,305.8499999999999
2025-09-29 18:30:00,306.24
2025-09-29 18:45:00,304.52
2025-09-29 19:00:00,104.42000000000007
2025-09-29 19:15:00,80.16000000000008
2025-09-29 19:30:00,83.92000000000007
2025-09-29 19:45:00,62.3900000000001
2025-09-29 20:00:00,843.1700000000001
2025-09-29 20:15:00,834.2
2025-09-29 20:30:00,812.3800000000001
2025-09-29 20:45:00,791.53
2025-09-29 21:00:00,988.5799999999999
2025-09-29 21:15:00,975.77
2025-09-29 21:30:00,950.1300000000001
2025-09-29 21:45:00,934.3499999999999
2025-09-29 22:00:00,643.6300000000001
2025-09-29 22:15:00,636.71
2025-09-29 22:30:00,627.6800000000001
2025-09-29 22:45:00,620.01
2025-09-29 23:00:00,283.9100000000001
2025-09-29 23:15:00,280.0799999999999
2025-09-29 23:30:00,270.1400000000001
2025-09-29 23:45:00,247.26
2025-09-30 00:00:00,-53.3900000000001
2025-09-30 00:15:00,-61.6099999999999
2025-09-30 00:30:00,-69.13000000000011
2025-09-30 00:45:00,-74.3599999999999
2025-09-30 01:00:00,-472.95000000000005
2025-09-30 01:15:00,-474.52
2025-09-30 01:30:00,-470.78
2025-09-30 01:45:00,-475.04999999999995
2025-09-30 02:00:00,-719.4000000000001
2025-09-30 02:15:00,-717.54
2025-09-30 02:30:00,-718.48
2025-09-30 02:45:00,-716.27
2025-09-30 03:00:00,-717.3900000000001
2025-09-30 03:15:00,-709.45
2025-09-30 03:30:00,-696.7
2025-09-30 03:45:00,-683.3499999999999
2025-09-30 04:00:00,-631.04
2025-09-30 04:15:00,-601.47
2025-09-30 04:30:00,-568.51
2025-09-30 04:45:00,-536.8800000000001
2025-09-30 05:00:00,-340.76
2025-09-30 05:15:00,-327.06999999999994
2025-09-30 05:30:00,-336.75
2025-09-30 05:45:00,-342.68000000000006
2025-09-30 06:00:00,231.67000000000007
2025-09-30 06:15:00,211.24
2025-09-30 06:30:00,191.6400000000001
2025-09-30 06:45:00,172.97000000000003
2025-09-30 07:00:00,-403.93000000000006
2025-09-30 07:15:00,-408.47
2025-09-30 07:30:00,-394.0999999999999
2025-09-30 07:45:00,-400.3800000000001
2025-09-30 08:00:00,-1031.87
2025-09-30 08:15:00,-1032.39
2025-09-30 08:30:00,-1044.02
2025-09-30 08:45:00,-1053.58
2025-09-30 09:00:00,-1673.4
2025-09-30 09:15:00,-1663.36
2025-09-30 09:30:00,-1669.15
2025-09-30 09:45:00,-1672.89
2025-09-30 10:00:00,-2491.3900000000003
2025-09-30 10:15:00,-2503.88
2025-09-30 10:30:00,-2720.34
2025-09-30 10:45:00,-2621.38
2025-09-30 11:00:00,-3765.74
2025-09-30 11:15:00,-3754.96
2025-09-30 11:30:00,-3765.95
2025-09-30 11:45:00,-3771.34
2025-09-30 12:00:00,-3931.33
2025-09-30 12:15:00,-3950.2200000000003
2025-09-30 12:30:00,-3956.42
2025-09-30 12:45:00,-3955.5699999999997
2025-09-30 13:00:00,-3587.1099999999997
2025-09-30 13:15:00,-3584.95
2025-09-30 13:30:00,-3579.19
2025-09-30 13:45:00,-3572.73
2025-09-30 14:00:00,-2881.49
2025-09-30 14:15:00,-2865.85
2025-09-30 14:30:00,-2870.0699999999997
2025-09-30 14:45:00,-2861.0
2025-09-30 15:00:00,-2231.8900000000003
2025-09-30 15:15:00,-2247.3199999999997
2025-09-30 15:30:00,-2243.06
2025-09-30 15:45:00,-2255.4700000000003
2025-09-30 16:00:00,-541.9300000000001
2025-09-30 16:15:00,-542.31
2025-09-30 16:30:00,-546.03
2025-09-30 16:45:00,-532.1800000000001
2025-09-30 17:00:00,80.70000000000005
2025-09-30 17:15:00,86.75999999999999
2025-09-30 17:30:00,107.57999999999993
2025-09-30 17:45:00,127.88000000000011
2025-09-30 18:00:00,147.17000000000007
2025-09-30 18:15:00,134.26999999999998
2025-09-30 18:30:00,127.25999999999999
2025-09-30 18:45:00,126.23000000000002
2025-09-30 19:00:00,-94.63000000000011
2025-09-30 19:15:00,-102.32999999999993
2025-09-30 19:30:00,-107.05999999999995
2025-09-30 19:45:00,-119.31999999999994
2025-09-30 20:00:00,-1186.86
2025-09-30 20:15:00,-1192.16
2025-09-30 20:30:00,-1198.68
2025-09-30 20:45:00,-1224.7
2025-09-30 21:00:00,-1814.61
2025-09-30 21:15:00,-1827.74
2025-09-30 21:30:00,-1844.94
2025-09-30 21:45:00,-1858.55
2025-09-30 22:00:00,-2101.17
2025-09-30 22:15:00,-2114.15
2025-09-30 22:30:00,-2127.1099999999997
2025-09-30 22:45:00,-2129.3599999999997
2025-09-30 23:00:00,-1529.24
2025-09-30 23:15:00,-1525.58
2025-09-30 23:30:00,-1533.71
2025-09-30 23:45:00,-1540.08
2025-10-01 00:00:00,-1034.2
2025-10-01 00:15:00,-1043.56
2025-10-01 00:30:00,-1048.85
2025-10-01 00:45:00,-1051.39
2025-10-01 01:00:00,-1022.8499999999999
2025-10-01 01:15:00,-1042.01
2025-10-01 01:30:00,-1040.73
2025-10-01 01:45:00,-1037.84
2025-10-01 02:00:00,-971.44
2025-10-01 02:15:00,-976.04
2025-10-01 02:30:00,-978.04
2025-10-01 02:45:00,-961.24
2025-10-01 03:00:00,-1244.52
2025-10-01 03:15:00,-1237.26
2025-10-01 03:30:00,-1218.94
2025-10-01 03:45:00,-1218.22
2025-10-01 04:00:00,-1106.22
2025-10-01 04:15:00,-1076.71
2025-10-01 04:30:00,-1044.51
2025-10-01 04:45:00,-1013.46
2025-10-01 05:00:00,-817.21
2025-10-01 05:15:00,-797.06
2025-10-01 05:30:00,-808.47
2025-10-01 05:45:00,-911.79
2025-10-01 06:00:00,-1694.78
2025-10-01 06:15:00,-1703.21
2025-10-01 06:30:00,-1704.98
2025-10-01 06:45:00,-1702.89
2025-10-01 07:00:00,-1928.37
2025-10-01 07:15:00,-1926.62
2025-10-01 07:30:00,-1916.91
2025-10-01 07:45:00,-1903.57
2025-10-01 08:00:00,-2748.77
2025-10-01 08:15:00,-2744.24
2025-10-01 08:30:00,-2745.6
2025-10-01 08:45:00,-2752.3900000000003
2025-10-01 09:00:00,-3294.8199999999997
2025-10-01 09:15:00,-3303.04
2025-10-01 09:30:00,-3308.63
2025-10-01 09:45:00,-3308.24
2025-10-01 10:00:00,-3972.3599999999997
2025-10-01 10:15:00,-3971.02
2025-10-01 10:30:00,-3940.88
2025-10-01 10:45:00,-3921.45
2025-10-01 11:00:00,-4442.47
2025-10-01 11:15:00,-4436.57
2025-10-01 11:30:00,-4448.33
2025-10-01 11:45:00,-4448.13
2025-10-01 12:00:00,-5919.09
2025-10-01 12:15:00,-5907.12
2025-10-01 12:30:00,-5893.9
2025-10-01 12:45:00,-5887.14
2025-10-01 13:00:00,-6140.86
2025-10-01 13:15:00,-6099.18
2025-10-01 13:30:00,-6122.38
2025-10-01 13:45:00,-6119.2
2025-10-01 14:00:00,-5412.58
2025-10-01 14:15:00,-5400.54
2025-10-01 14:30:00,-5406.37
2025-10-01 14:45:00,-5402.39
2025-10-01 15:00:00,-5219.48
2025-10-01 15:15:00,-5229.67
2025-10-01 15:30:00,-5234.25
2025-10-01 15:45:00,-5230.74
2025-10-01 16:00:00,-4930.13
2025-10-01 16:15:00,-4926.58
2025-10-01 16:30:00,-4918.36
2025-10-01 16:45:00,-4914.35
2025-10-01 17:00:00,-4906.15
2025-10-01 17:15:00,-4893.62
2025-10-01 17:30:00,-4896.42
2025-10-01 17:45:00,-4898.74
2025-10-01 18:00:00,-5346.25
2025-10-01 18:15:00,-5345.39
2025-10-01 18:30:00,-5346.22
2025-10-01 18:45:00,-5355.74
2025-10-01 19:00:00,-5651.82
2025-10-01 19:15:00,-5667.53
2025-10-01 19:30:00,-5671.52
2025-10-01 19:45:00,-5689.57
2025-10-01 20:00:00,-6030.55
2025-10-01 20:15:00,-6040.9
2025-10-01 20:30:00,-6064.22
2025-10-01 20:45:00,-6084.36
2025-10-01 21:00:00,-6331.83
2025-10-01 21:15:00,-6352.1
2025-10-01 21:30:00,-6370.35
2025-10-01 21:45:00,-6402.92
2025-10-01 22:00:00,-6774.52
2025-10-01 22:15:00,-6773.11
2025-10-01 22:30:00,-6800.11
2025-10-01 22:45:00,-6796.08
2025-10-01 23:00:00,-6948.66
2025-10-01 23:15:00,-6961.89
2025-10-01 23:30:00,-6973.52
2025-10-01 23:45:00,-6987.1900000000005
2025-10-02 00:00:00,-5801.35
2025-10-02 00:15:00,-5817.25
2025-10-02 00:30:00,-5818.54
2025-10-02 00:45:00,-5816.49
2025-10-02 01:00:00,-6841.88
2025-10-02 01:15:00,-6844.84
2025-10-02 01:30:00,-6840.9
2025-10-02 01:45:00,-6841.98
2025-10-02 02:00:00,-7352.45
2025-10-02 02:15:00,-7351.25
2025-10-02 02:30:00,-7353.03
2025-10-02 02:45:00,-7358.01
2025-10-02 03:00:00,-7208.0
2025-10-02 03:15:00,-7186.36
2025-10-02 03:30:00,-7171.29
2025-10-02 03:45:00,-7160.9
2025-10-02 04:00:00,-7349.26
2025-10-02 04:15:00,-7318.4400000000005
2025-10-02 04:30:00,-7271.82
2025-10-02 04:45:00,-7258.66
2025-10-02 05:00:00,-7435.52
2025-10-02 05:15:00,-7406.84
2025-10-02 05:30:00,-7388.09
2025-10-02 05:45:00,-7382.27
2025-10-02 06:00:00,-6808.43
2025-10-02 06:15:00,-6807.45
2025-10-02 06:30:00,-6800.87
2025-10-02 06:45:00,-6786.3099999999995
2025-10-02 07:00:00,-7696.88
2025-10-02 07:15:00,-7702.97
2025-10-02 07:30:00,-7709.67
2025-10-02 07:45:00,-7716.36
2025-10-02 08:00:00,-7601.6
2025-10-02 08:15:00,-7582.76
2025-10-02 08:30:00,-7585.2
2025-10-02 08:45:00,-7593.99
2025-10-02 09:00:00,-7964.74
2025-10-02 09:15:00,-7976.66
2025-10-02 09:30:00,-7972.8099999999995
2025-10-02 09:45:00,-7938.8099999999995
2025-10-02 10:00:00,-7706.55
2025-10-02 10:15:00,-7701.71
2025-10-02 10:30:00,-7692.26
2025-10-02 10:45:00,-7707.16
2025-10-02 11:00:00,-7320.09
2025-10-02 11:15:00,-7311.86
2025-10-02 11:30:00,-7322.09
2025-10-02 11:45:00,-7325.73
2025-10-02 12:00:00,-6921.12
2025-10-02 12:15:00,-6913.13
2025-10-02 12:30:00,-6918.83
2025-10-02 12:45:00,-6908.09
2025-10-02 13:00:00,-6651.62
2025-10-02 13:15:00,-6636.64
2025-10-02 13:30:00,-6620.02
2025-10-02 13:45:00,-6625.35
2025-10-02 14:00:00,-6616.79
2025-10-02 14:15:00,-6600.64
2025-10-02 14:30:00,-6610.02
2025-10-02 14:45:00,-6613.54
2025-10-02 15:00:00,-6460.64
2025-10-02 15:15:00,-6461.57
2025-10-02 15:30:00,-6445.4400000000005
2025-10-02 15:45:00,-6449.48
2025-10-02 16:00:00,-6690.17
2025-10-02 16:15:00,-6690.54
2025-10-02 16:30:00,-6689.4400000000005
2025-10-02 16:45:00,-6695.3
2025-10-02 17:00:00,-5860.91
2025-10-02 17:15:00,-5855.84
2025-10-02 17:30:00,-5851.12
2025-10-02 17:45:00,-5863.86
2025-10-02 18:00:00,-5485.97
2025-10-02 18:15:00,-5502.5
2025-10-02 18:30:00,-5510.73
2025-10-02 18:45:00,-5514.13
2025-10-02 19:00:00,-5523.98
2025-10-02 19:15:00,-5532.85
2025-10-02 19:30:00,-5540.03
2025-10-02 19:45:00,-5546.49
2025-10-02 20:00:00,-5263.1
2025-10-02 20:15:00,-5285.99
2025-10-02 20:30:00,-5300.5599999999995
2025-10-02 20:45:00,-5319.99
2025-10-02 21:00:00,-5227.3099999999995
2025-10-02 21:15:00,-5241.82
2025-10-02 21:30:00,-5250.88
2025-10-02 21:45:00,-5233.67
2025-10-02 22:00:00,-5640.28
2025-10-02 22:15:00,-5655.99
2025-10-02 22:30:00,-5664.59
2025-10-02 22:45:00,-5673.68
2025-10-02 23:00:00,-5589.39
2025-10-02 23:15:00,-5602.25
2025-10-02 23:30:00,-5613.43
2025-10-02 23:45:00,-5618.15
2025-10-03 00:00:00,-6448.12
2025-10-03 00:15:00,-6465.8
2025-10-03 00:30:00,-6481.68
2025-10-03 00:45:00,-6485.36
2025-10-03 01:00:00,-6877.71
2025-10-03 01:15:00,-6880.1
2025-10-03 01:30:00,-6887.96
2025-10-03 01:45:00,-6885.41
2025-10-03 02:00:00,-7658.33
2025-10-03 02:15:00,-7652.2
2025-10-03 02:30:00,-7652.84
2025-10-03 02:45:00,-7648.24
2025-10-03 03:00:00,-7637.33
2025-10-03 03:15:00,-7629.29
2025-10-03 03:30:00,-7608.92
2025-10-03 03:45:00,-7635.87
2025-10-03 04:00:00,-6955.6
2025-10-03 04:15:00,-6937.37
2025-10-03 04:30:00,-6901.86
2025-10-03 04:45:00,-6881.39
2025-10-03 05:00:00,-6458.59
2025-10-03 05:15:00,-6428.77
2025-10-03 05:30:00,-6414.34
2025-10-03 05:45:00,-6410.01
2025-10-03 06:00:00,-6751.51
2025-10-03 06:15:00,-6758.11
2025-10-03 06:30:00,-6724.38
2025-10-03 06:45:00,-6741.61
2025-10-03 07:00:00,-7031.64
2025-10-03 07:15:00,-7037.7
2025-10-03 07:30:00,-7022.27
2025-10-03 07:45:00,-7034.54
2025-10-03 08:00:00,-7563.65
2025-10-03 08:15:00,-7557.5599999999995
2025-10-03 08:30:00,-7572.13
2025-10-03 08:45:00,-7578.9400000000005
2025-10-03 09:00:00,-8701.41
2025-10-03 09:15:00,-8696.98
2025-10-03 09:30:00,-8672.57
2025-10-03 09:45:00,-8680.03
2025-10-03 10:00:00,-8173.75
2025-10-03 10:15:00,-8163.21
2025-10-03 10:30:00,-8169.48
2025-10-03 10:45:00,-8183.34
2025-10-03 11:00:00,-9093.81
2025-10-03 11:15:00,-9098.4
2025-10-03 11:30:00,-9093.95
2025-10-03 11:45:00,-9112.06
2025-10-03 12:00:00,-9681.74
2025-10-03 12:15:00,-9680.89
2025-10-03 12:30:00,-9672.39
2025-10-03 12:45:00,-9665.14
2025-10-03 13:00:00,-8808.59
2025-10-03 13:15:00,-8800.03
2025-10-03 13:30:00,-8774.96
2025-10-03 13:45:00,-8775.84
2025-10-03 14:00:00,-8203.6
2025-10-03 14:15:00,-8175.21
2025-10-03 14:30:00,-8170.63
2025-10-03 14:45:00,-8160.77
2025-10-03 15:00:00,-8638.47
2025-10-03 15:15:00,-8635.45
2025-10-03 15:30:00,-8635.08
2025-10-03 15:45:00,-8629.86
2025-10-03 16:00:00,-8951.03
2025-10-03 16:15:00,-8945.36
2025-10-03 16:30:00,-8931.27
2025-10-03 16:45:00,-8938.85
2025-10-03 17:00:00,-8911.79
2025-10-03 17:15:00,-8917.880000000001
2025-10-03 17:30:00,-8935.93
2025-10-03 17:45:00,-8946.98
2025-10-03 18:00:00,-9197.39
2025-10-03 18:15:00,-9211.24
2025-10-03 18:30:00,-9222.24
2025-10-03 18:45:00,-9219.24
2025-10-03 19:00:00,-9950.68
2025-10-03 19:15:00,-9972.0
2025-10-03 19:30:00,-9994.81
2025-10-03 19:45:00,-9869.79
2025-10-03 20:00:00,-10967.869999999999
2025-10-03 20:15:00,-10983.869999999999
2025-10-03 20:30:00,-11013.51
2025-10-03 20:45:00,-11074.14
2025-10-03 21:00:00,-11273.21
2025-10-03 21:15:00,-11284.71
2025-10-03 21:30:00,-11281.7
2025-10-03 21:45:00,-11286.66
2025-10-03 22:00:00,-12434.52
2025-10-03 22:15:00,-12438.8
2025-10-03 22:30:00,-12449.64
2025-10-03 22:45:00,-12577.69
2025-10-03 23:00:00,-11954.89
2025-10-03 23:15:00,-11913.0
2025-10-03 23:30:00,-11906.57
2025-10-03 23:45:00,-11904.45
2025-10-04 00:00:00,-11810.22
2025-10-04 00:15:00,-11814.05
2025-10-04 00:30:00,-11815.619999999999
2025-10-04 00:45:00,-11828.99
2025-10-04 01:00:00,-11853.25
2025-10-04 01:15:00,-11851.55
2025-10-04 01:30:00,-11852.119999999999
2025-10-04 01:45:00,-11827.53
2025-10-04 02:00:00,-9796.21
2025-10-04 02:15:00,-9819.93
2025-10-04 02:30:00,-9764.29
2025-10-04 02:45:00,-9726.43
2025-10-04 03:00:00,-9349.28
2025-10-04 03:15:00,-9353.11
2025-10-04 03:30:00,-9397.29
2025-10-04 03:45:00,-9469.119999999999
2025-10-04 04:00:00,-9519.43
2025-10-04 04:15:00,-9531.97
2025-10-04 04:30:00,-9503.68
2025-10-04 04:45:00,-9502.76
2025-10-04 05:00:00,-9463.68
2025-10-04 05:15:00,-9452.6
2025-10-04 05:30:00,-9456.61
2025-10-04 05:45:00,-9451.25
2025-10-04 06:00:00,-10040.91
2025-10-04 06:15:00,-10036.41
2025-10-04 06:30:00,-10029.369999999999
2025-10-04 06:45:00,-10011.8
2025-10-04 07:00:00,-9454.27
2025-10-04 07:15:00,-9445.65
2025-10-04 07:30:00,-9458.27
2025-10-04 07:45:00,-9432.86
2025-10-04 08:00:00,-9021.59
2025-10-04 08:15:00,-9021.96
2025-10-04 08:30:00,-9014.04
2025-10-04 08:45:00,-9016.73
2025-10-04 09:00:00,-9466.48
2025-10-04 09:15:00,-9472.18
2025-10-04 09:30:00,-9472.5
2025-10-04 09:45:00,-9463.22
2025-10-04 10:00:00,-8384.92
2025-10-04 10:15:00,-8391.86
2025-10-04 10:30:00,-8394.0
2025-10-04 10:45:00,-8407.1
2025-10-04 11:00:00,-7950.360000000001
2025-10-04 11:15:00,-7954.82
2025-10-04 11:30:00,-7950.57
2025-10-04 11:45:00,-7943.32
2025-10-04 12:00:00,-7344.1
2025-10-04 12:15:00,-7349.84
2025-10-04 12:30:00,-7343.93
2025-10-04 12:45:00,-7347.27
2025-10-04 13:00:00,-7642.62
2025-10-04 13:15:00,-7647.82
2025-10-04 13:30:00,-7636.780000000001
2025-10-04 13:45:00,-7641.12
2025-10-04 14:00:00,-6756.6900000000005
2025-10-04 14:15:00,-6763.99
2025-10-04 14:30:00,-6756.71
2025-10-04 14:45:00,-6761.96
2025-10-04 15:00:00,-7695.15
2025-10-04 15:15:00,-7692.63
2025-10-04 15:30:00,-7696.12
2025-10-04 15:45:00,-7694.45
2025-10-04 16:00:00,-7346.8099999999995
2025-10-04 16:15:00,-7326.9
2025-10-04 16:30:00,-7302.27
2025-10-04 16:45:00,-7318.96
2025-10-04 17:00:00,-7565.84
2025-10-04 17:15:00,-7571.4
2025-10-04 17:30:00,-7579.84
2025-10-04 17:45:00,-7582.65
2025-10-04 18:00:00,-7402.530000000001
2025-10-04 18:15:00,-7419.8099999999995
2025-10-04 18:30:00,-7432.96
2025-10-04 18:45:00,-7440.639999999999
2025-10-04 19:00:00,-7678.969999999999
2025-10-04 19:15:00,-7685.35
2025-10-04 19:30:00,-7691.95
2025-10-04 19:45:00,-7708.51
2025-10-04 20:00:00,-7129.38
2025-10-04 20:15:00,-7136.719999999999
2025-10-04 20:30:00,-7143.79
2025-10-04 20:45:00,-7148.16
2025-10-04 21:00:00,-6410.1
2025-10-04 21:15:00,-6423.11
2025-10-04 21:30:00,-6431.8099999999995
2025-10-04 21:45:00,-6446.09
2025-10-04 22:00:00,-5876.92
2025-10-04 22:15:00,-5886.82
2025-10-04 22:30:00,-5892.91
2025-10-04 22:45:00,-5902.3
2025-10-04 23:00:00,-5666.83
2025-10-04 23:15:00,-5672.64
2025-10-04 23:30:00,-5677.42
2025-10-04 23:45:00,-5684.18
2025-10-05 00:00:00,-6072.24
2025-10-05 00:15:00,-6077.96
2025-10-05 00:30:00,-6086.58
2025-10-05 00:45:00,-6091.24
2025-10-05 01:00:00,-6148.97
2025-10-05 01:15:00,-6148.64
2025-10-05 01:30:00,-6151.16
2025-10-05 01:45:00,-6156.33
2025-10-05 02:00:00,-5592.85
2025-10-05 02:15:00,-5591.65
2025-10-05 02:30:00,-5586.77
2025-10-05 02:45:00,-5589.74
2025-10-05 03:00:00,-5829.28
2025-10-05 03:15:00,-5828.52
2025-10-05 03:30:00,-5813.15
2025-10-05 03:45:00,-5821.25
2025-10-05 04:00:00,-4140.25
2025-10-05 04:15:00,-4134.51
2025-10-05 04:30:00,-4126.49
2025-10-05 04:45:00,-4116.29
2025-10-05 05:00:00,-1144.4
2025-10-05 05:15:00,-1132.09
2025-10-05 05:30:00,-1123.48
2025-10-05 05:45:00,-1119.4
2025-10-05 06:00:00,-1415.71
2025-10-05 06:15:00,-1415.71
2025-10-05 06:30:00,-1406.41
2025-10-05 06:45:00,-1377.65
2025-10-05 07:00:00,-1467.75
2025-10-05 07:15:00,-1472.69
2025-10-05 07:30:00,-1455.79
2025-10-05 07:45:00,-1443.37
2025-10-05 08:00:00,-1847.1999999999998
2025-10-05 08:15:00,-1840.6999999999998
2025-10-05 08:30:00,-1834.5100000000002
2025-10-05 08:45:00,-1846.33
2025-10-05 09:00:00,-1841.33
2025-10-05 09:15:00,-1841.71
2025-10-05 09:30:00,-1843.8400000000001
2025-10-05 09:45:00,-1843.5
2025-10-05 10:00:00,-3209.24
2025-10-05 10:15:00,-3207.05
2025-10-05 10:30:00,-3201.6
2025-10-05 10:45:00,-3198.15
2025-10-05 11:00:00,-4616.27
2025-10-05 11:15:00,-4617.1900000000005
2025-10-05 11:30:00,-4621.55
2025-10-05 11:45:00,-4633.13
2025-10-05 12:00:00,-5570.38
2025-10-05 12:15:00,-5571.76
2025-10-05 12:30:00,-5570.35
2025-10-05 12:45:00,-5566.18
2025-10-05 13:00:00,-5677.38
2025-10-05 13:15:00,-5675.04
2025-10-05 13:30:00,-5664.66
2025-10-05 13:45:00,-5662.63
2025-10-05 14:00:00,-6063.13
2025-10-05 14:15:00,-6055.219999999999
2025-10-05 14:30:00,-6053.35
2025-10-05 14:45:00,-6048.66
2025-10-05 15:00:00,-5298.18
2025-10-05 15:15:00,-5308.8
2025-10-05 15:30:00,-5302.9
2025-10-05 15:45:00,-5295.5
2025-10-05 16:00:00,-4188.32
2025-10-05 16:15:00,-4187.610000000001
2025-10-05 16:30:00,-4166.34
2025-10-05 16:45:00,-4157.530000000001
2025-10-05 17:00:00,-2946.68
2025-10-05 17:15:00,-2927.42
2025-10-05 17:30:00,-2922.54
2025-10-05 17:45:00,-2930.28
2025-10-05 18:00:00,-2450.14
2025-10-05 18:15:00,-2457.82
2025-10-05 18:30:00,-2455.17
2025-10-05 18:45:00,-2462.19
2025-10-05 19:00:00,-2688.54
2025-10-05 19:15:00,-2690.29
2025-10-05 19:30:00,-2702.36
2025-10-05 19:45:00,-2713.58
2025-10-05 20:00:00,-1884.85
2025-10-05 20:15:00,-1897.23
2025-10-05 20:30:00,-1911.4
2025-10-05 20:45:00,-1930.81
2025-10-05 21:00:00,-1464.27
2025-10-05 21:15:00,-1472.6
2025-10-05 21:30:00,-1495.11
2025-10-05 21:45:00,-1507.14
2025-10-05 22:00:00,-1312.77
2025-10-05 22:15:00,-1327.06
2025-10-05 22:30:00,-1328.45
2025-10-05 22:45:00,-1345.1
2025-10-05 23:00:00,-208.29999999999995
2025-10-05 23:15:00,-215.30999999999995
2025-10-05 23:30:00,-219.0
2025-10-05 23:45:00,-228.33999999999992
2025-10-06 00:00:00,1391.1
2025-10-06 00:15:00,1388.09
2025-10-06 00:30:00,1381.97
2025-10-06 00:45:00,1381.07
2025-10-06 01:00:00,1686.38
2025-10-06 01:15:00,1681.88
2025-10-06 01:30:00,1683.02
2025-10-06 01:45:00,1683.94
2025-10-06 02:00:00,1473.05
2025-10-06 02:15:00,1470.26
2025-10-06 02:30:00,1473.29
2025-10-06 02:45:00,1475.47
2025-10-06 03:00:00,-85.86999999999989
2025-10-06 03:15:00,-63.09999999999991
2025-10-06 03:30:00,-43.200000000000045
2025-10-06 03:45:00,-27.809999999999945
2025-10-06 04:00:00,-860.27
2025-10-06 04:15:00,-876.01
2025-10-06 04:30:00,-840.5699999999999
2025-10-06 04:45:00,-843.5899999999999
2025-10-06 05:00:00,-1098.32
2025-10-06 05:15:00,-1076.91
2025-10-06 05:30:00,-1065.65
2025-10-06 05:45:00,-1040.71
2025-10-06 06:00:00,-1446.04
2025-10-06 06:15:00,-1440.98
2025-10-06 06:30:00,-1429.31
2025-10-06 06:45:00,-1434.92
2025-10-06 07:00:00,-1654.26
2025-10-06 07:15:00,-1657.11
2025-10-06 07:30:00,-1712.04
2025-10-06 07:45:00,-1775.06
2025-10-06 08:00:00,-2099.19
2025-10-06 08:15:00,-2091.6099999999997
2025-10-06 08:30:00,-2100.7200000000003
2025-10-06 08:45:00,-2102.9700000000003
2025-10-06 09:00:00,-2518.8
2025-10-06 09:15:00,-2526.4
2025-10-06 09:30:00,-2524.5699999999997
2025-10-06 09:45:00,-2529.1400000000003
2025-10-06 10:00:00,-2827.76
2025-10-06 10:15:00,-2826.56
2025-10-06 10:30:00,-2822.27
2025-10-06 10:45:00,-2836.34
2025-10-06 11:00:00,-2853.17
2025-10-06 11:15:00,-2856.95
2025-10-06 11:30:00,-2862.56
2025-10-06 11:45:00,-2871.87
2025-10-06 12:00:00,-3170.77
2025-10-06 12:15:00,-3170.8599999999997
2025-10-06 12:30:00,-3168.94
2025-10-06 12:45:00,-3164.0
2025-10-06 13:00:00,-3510.75
2025-10-06 13:15:00,-3513.91
2025-10-06 13:30:00,-3510.71
2025-10-06 13:45:00,-3511.5
2025-10-06 14:00:00,-3838.26
2025-10-06 14:15:00,-3831.21
2025-10-06 14:30:00,-3832.1800000000003
2025-10-06 14:45:00,-3828.63
2025-10-06 15:00:00,-4261.03
2025-10-06 15:15:00,-4271.6
2025-10-06 15:30:00,-4282.09
2025-10-06 15:45:00,-4289.4
2025-10-06 16:00:00,-4267.67
2025-10-06 16:15:00,-4277.6
2025-10-06 16:30:00,-4275.65
2025-10-06 16:45:00,-4260.36
2025-10-06 17:00:00,-4100.5
2025-10-06 17:15:00,-4104.58
2025-10-06 17:30:00,-4116.87
2025-10-06 17:45:00,-4124.68
2025-10-06 18:00:00,-4358.25
2025-10-06 18:15:00,-4370.04
2025-10-06 18:30:00,-4379.51
2025-10-06 18:45:00,-4392.46
2025-10-06 19:00:00,-4570.22
2025-10-06 19:15:00,-4581.38
2025-10-06 19:30:00,-4597.72
2025-10-06 19:45:00,-4616.8099999999995
2025-10-06 20:00:00,-4389.68
2025-10-06 20:15:00,-4407.41
2025-10-06 20:30:00,-4435.83
2025-10-06 20:45:00,-4447.24
2025-10-06 21:00:00,-4402.39
2025-10-06 21:15:00,-4419.7
2025-10-06 21:30:00,-4432.1900000000005
2025-10-06 21:45:00,-4436.48
2025-10-06 22:00:00,-4252.52
2025-10-06 22:15:00,-4251.86
2025-10-06 22:30:00,-4267.93
2025-10-06 22:45:00,-4274.88
2025-10-06 23:00:00,-4462.22
2025-10-06 23:15:00,-4462.35
2025-10-06 23:30:00,-4539.49
2025-10-06 23:45:00,-4574.72
2025-10-07 00:00:00,-4608.55
2025-10-07 00:15:00,-4636.09
2025-10-07 00:30:00,-4597.6900000000005
2025-10-07 00:45:00,-4564.14
2025-10-07 01:00:00,-4433.79
2025-10-07 01:15:00,-4456.87
2025-10-07 01:30:00,-4493.42
2025-10-07 01:45:00,-4515.72
2025-10-07 02:00:00,-4648.73
2025-10-07 02:15:00,-4633.01
2025-10-07 02:30:00,-4663.3
2025-10-07 02:45:00,-4662.62
2025-10-07 03:00:00,-4161.79
2025-10-07 03:15:00,-4191.27
2025-10-07 03:30:00,-4164.98
2025-10-07 03:45:00,-4208.64
2025-10-07 04:00:00,-4351.2
2025-10-07 04:15:00,-4299.02
2025-10-07 04:30:00,-4274.48
2025-10-07 04:45:00,-4149.73
2025-10-07 05:00:00,-3186.81
2025-10-07 05:15:00,-3277.85
2025-10-07 05:30:00,-3276.45
2025-10-07 05:45:00,-3260.54
2025-10-07 06:00:00,-3549.84
2025-10-07 06:15:00,-3539.8
2025-10-07 06:30:00,-3438.38
2025-10-07 06:45:00,-3479.59
2025-10-07 07:00:00,-4530.14
2025-10-07 07:15:00,-4557.89
2025-10-07 07:30:00,-4515.53
2025-10-07 07:45:00,-4432.68
2025-10-07 08:00:00,-4565.5
2025-10-07 08:15:00,-4390.48
2025-10-07 08:30:00,-4470.18
2025-10-07 08:45:00,-4519.8
2025-10-07 09:00:00,-3992.09
2025-10-07 09:15:00,-3976.5699999999997
2025-10-07 09:30:00,-3968.37
2025-10-07 09:45:00,-3979.73
2025-10-07 10:00:00,-3595.17
2025-10-07 10:15:00,-3597.65
2025-10-07 10:30:00,-3603.3199999999997
2025-10-07 10:45:00,-3611.16
2025-10-07 11:00:00,-3387.04
2025-10-07 11:15:00,-3396.21
2025-10-07 11:30:00,-3394.34
2025-10-07 11:45:00,-3417.46
2025-10-07 12:00:00,-3275.31
2025-10-07 12:15:00,-3258.67
2025-10-07 12:30:00,-3274.76
2025-10-07 12:45:00,-3260.04
2025-10-07 13:00:00,-3064.1800000000003
2025-10-07 13:15:00,-3049.7200000000003
2025-10-07 13:30:00,-3033.55
2025-10-07 13:45:00,-3030.05
2025-10-07 14:00:00,-2390.33
2025-10-07 14:15:00,-2375.69
2025-10-07 14:30:00,-2363.54
2025-10-07 14:45:00,-2351.8599999999997
2025-10-07 15:00:00,-2018.02
2025-10-07 15:15:00,-2046.7
2025-10-07 15:30:00,-2049.71
2025-10-07 15:45:00,-2051.41
2025-10-07 16:00:00,-1703.25
2025-10-07 16:15:00,-1706.59
2025-10-07 16:30:00,-1705.83
2025-10-07 16:45:00,-1703.04
2025-10-07 17:00:00,108.79999999999995
2025-10-07 17:15:00,114.36999999999989
2025-10-07 17:30:00,119.30999999999995
2025-10-07 17:45:00,109.97000000000003
2025-10-07 18:00:00,90.19000000000005
2025-10-07 18:15:00,76.54999999999995
2025-10-07 18:30:00,73.50999999999999
2025-10-07 18:45:00,71.79999999999995
2025-10-07 19:00:00,624.06
2025-10-07 19:15:00,625.96
2025-10-07 19:30:00,621.03
2025-10-07 19:45:00,615.3699999999999
2025-10-07 20:00:00,1086.59
2025-10-07 20:15:00,1081.1
2025-10-07 20:30:00,1076.84
2025-10-07 20:45:00,1061.07
2025-10-07 21:00:00,802.23
2025-10-07 21:15:00,784.3800000000001
2025-10-07 21:30:00,763.05
2025-10-07 21:45:00,757.81
2025-10-07 22:00:00,141.1300000000001
2025-10-07 22:15:00,132.48000000000002
2025-10-07 22:30:00,128.05999999999995
2025-10-07 22:45:00,114.8900000000001
2025-10-07 23:00:00,-339.6300000000001
2025-10-07 23:15:00,-346.73
2025-10-07 23:30:00,-351.8599999999999
2025-10-07 23:45:00,-355.0799999999999
2025-10-08 00:00:00,-534.52
2025-10-08 00:15:00,-533.53
2025-10-08 00:30:00,-540.52
2025-10-08 00:45:00,-543.6700000000001
2025-10-08 01:00:00,-1114.61
2025-10-08 01:15:00,-1120.83
2025-10-08 01:30:00,-1136.52
2025-10-08 01:45:00,-1135.48
2025-10-08 02:00:00,-1417.47
2025-10-08 02:15:00,-1419.63
2025-10-08 02:30:00,-1416.49
2025-10-08 02:45:00,-1413.04
2025-10-08 03:00:00,-1105.88
2025-10-08 03:15:00,-1097.34
2025-10-08 03:30:00,-1082.68
2025-10-08 03:45:00,-1074.55
2025-10-08 04:00:00,-1729.33
2025-10-08 04:15:00,-1691.05
2025-10-08 04:30:00,-1655.96
2025-10-08 04:45:00,-1641.14
2025-10-08 05:00:00,-1905.36
2025-10-08 05:15:00,-1874.36
2025-10-08 05:30:00,-1854.72
2025-10-08 05:45:00,-1849.1
2025-10-08 06:00:00,-1841.77
2025-10-08 06:15:00,-1853.8
2025-10-08 06:30:00,-1862.03
2025-10-08 06:45:00,-1865.19
2025-10-08 07:00:00,-1415.59
2025-10-08 07:15:00,-1413.84
2025-10-08 07:30:00,-1403.98
2025-10-08 07:45:00,-1414.09
2025-10-08 08:00:00,-1356.39
2025-10-08 08:15:00,-1343.39
2025-10-08 08:30:00,-1368.09
2025-10-08 08:45:00,-1374.27
2025-10-08 09:00:00,-1931.38
2025-10-08 09:15:00,-1944.4
2025-10-08 09:30:00,-1941.13
2025-10-08 09:45:00,-1933.78
2025-10-08 10:00:00,-2834.7
2025-10-08 10:15:00,-2845.1099999999997
2025-10-08 10:30:00,-2844.63
2025-10-08 10:45:00,-2853.62
2025-10-08 11:00:00,-2647.62
2025-10-08 11:15:00,-2652.45
2025-10-08 11:30:00,-2652.48
2025-10-08 11:45:00,-2669.26
2025-10-08 12:00:00,-3353.7799999999997
2025-10-08 12:15:00,-3354.55
2025-10-08 12:30:00,-3370.75
2025-10-08 12:45:00,-3361.69
2025-10-08 13:00:00,-3607.2799999999997
2025-10-08 13:15:00,-3605.49
2025-10-08 13:30:00,-3597.76
2025-10-08 13:45:00,-3597.77
2025-10-08 14:00:00,-3140.33
2025-10-08 14:15:00,-3123.2
2025-10-08 14:30:00,-3135.04
2025-10-08 14:45:00,-3134.6800000000003
2025-10-08 15:00:00,-1722.51
2025-10-08 15:15:00,-1730.25
2025-10-08 15:30:00,-1711.18
2025-10-08 15:45:00,-1704.2
2025-10-08 16:00:00,-1228.78
2025-10-08 16:15:00,-1229.44
2025-10-08 16:30:00,-1225.91
2025-10-08 16:45:00,-1222.18
2025-10-08 17:00:00,-1597.7
2025-10-08 17:15:00,-1593.18
2025-10-08 17:30:00,-1606.42
2025-10-08 17:45:00,-1613.41
2025-10-08 18:00:00,-2292.44
2025-10-08 18:15:00,-2292.2799999999997
2025-10-08 18:30:00,-2309.59
2025-10-08 18:45:00,-2306.16
2025-10-08 19:00:00,-2763.23
2025-10-08 19:15:00,-2762.6099999999997
2025-10-08 19:30:00,-2767.98
2025-10-08 19:45:00,-2767.5299999999997
2025-10-08 20:00:00,-3339.3900000000003
2025-10-08 20:15:00,-3351.0299999999997
2025-10-08 20:30:00,-3365.69
2025-10-08 20:45:00,-3375.3900000000003
2025-10-08 21:00:00,-3957.4300000000003
2025-10-08 21:15:00,-3969.8199999999997
2025-10-08 21:30:00,-3980.15
2025-10-08 21:45:00,-3993.3199999999997
2025-10-08 22:00:00,-4180.29
2025-10-08 22:15:00,-4191.35
2025-10-08 22:30:00,-4200.23
2025-10-08 22:45:00,-4215.77
2025-10-08 23:00:00,-3890.58
2025-10-08 23:15:00,-3895.3199999999997
2025-10-08 23:30:00,-3904.1800000000003
2025-10-08 23:45:00,-3911.1
2025-10-09 00:00:00,-4452.63
2025-10-09 00:15:00,-4460.15
2025-10-09 00:30:00,-4474.27
2025-10-09 00:45:00,-4470.66
2025-10-09 01:00:00,-6543.39
2025-10-09 01:15:00,-6552.65
2025-10-09 01:30:00,-6549.9
2025-10-09 01:45:00,-6556.95
2025-10-09 02:00:00,-5332.73
2025-10-09 02:15:00,-5326.91
2025-10-09 02:30:00,-5334.45
2025-10-09 02:45:00,-5335.64
2025-10-09 03:00:00,-3920.0699999999997
2025-10-09 03:15:00,-3920.1800000000003
2025-10-09 03:30:00,-3904.55
2025-10-09 03:45:00,-3880.91
2025-10-09 04:00:00,-3708.38
2025-10-09 04:15:00,-3669.63
2025-10-09 04:30:00,-3631.8599999999997
2025-10-09 04:45:00,-3620.56
2025-10-09 05:00:00,-2979.24
2025-10-09 05:15:00,-2957.1
2025-10-09 05:30:00,-2942.48
2025-10-09 05:45:00,-2942.46
2025-10-09 06:00:00,-4024.42
2025-10-09 06:15:00,-4019.27
2025-10-09 06:30:00,-4019.1400000000003
2025-10-09 06:45:00,-4007.0299999999997
2025-10-09 07:00:00,-3674.01
2025-10-09 07:15:00,-3663.37
2025-10-09 07:30:00,-3642.4300000000003
2025-10-09 07:45:00,-3649.04
2025-10-09 08:00:00,-3190.76
2025-10-09 08:15:00,-3166.63
2025-10-09 08:30:00,-3186.55
2025-10-09 08:45:00,-3182.33
2025-10-09 09:00:00,-4165.26
2025-10-09 09:15:00,-4168.75
2025-10-09 09:30:00,-4172.41
2025-10-09 09:45:00,-4167.33
2025-10-09 10:00:00,-5455.68
2025-10-09 10:15:00,-5457.86
2025-10-09 10:30:00,-5450.89
2025-10-09 10:45:00,-5464.38
2025-10-09 11:00:00,-3968.58
2025-10-09 11:15:00,-3978.88
2025-10-09 11:30:00,-3986.42
2025-10-09 11:45:00,-3980.8900000000003
2025-10-09 12:00:00,-4192.9400000000005
2025-10-09 12:15:00,-4203.29
2025-10-09 12:30:00,-4231.84
2025-10-09 12:45:00,-4216.97
2025-10-09 13:00:00,-4347.08
2025-10-09 13:15:00,-4333.05
2025-10-09 13:30:00,-4307.55
2025-10-09 13:45:00,-4293.86
2025-10-09 14:00:00,-2394.27
2025-10-09 14:15:00,-2391.7
2025-10-09 14:30:00,-2398.8900000000003
2025-10-09 14:45:00,-2395.34
2025-10-09 15:00:00,-2782.06
2025-10-09 15:15:00,-2790.81
2025-10-09 15:30:00,-2798.9700000000003
2025-10-09 15:45:00,-2800.67
2025-10-09 16:00:00,-2262.62
2025-10-09 16:15:00,-2265.2200000000003
2025-10-09 16:30:00,-2260.33
2025-10-09 16:45:00,-2257.38
2025-10-09 17:00:00,-2482.4700000000003
2025-10-09 17:15:00,-2478.54
2025-10-09 17:30:00,-2480.1099999999997
2025-10-09 17:45:00,-2479.6099999999997
2025-10-09 18:00:00,-2231.0
2025-10-09 18:15:00,-2232.09
2025-10-09 18:30:00,-2235.0
2025-10-09 18:45:00,-2243.49
2025-10-09 19:00:00,-1674.0
2025-10-09 19:15:00,-1685.61
2025-10-09 19:30:00,-1695.57
2025-10-09 19:45:00,-1700.46
2025-10-09 20:00:00,-2471.25
2025-10-09 20:15:00,-2485.33
2025-10-09 20:30:00,-2487.94
2025-10-09 20:45:00,-2488.6099999999997
2025-10-09 21:00:00,-1641.52
2025-10-09 21:15:00,-1653.07
2025-10-09 21:30:00,-1673.77
2025-10-09 21:45:00,-1614.73
2025-10-09 22:00:00,-2427.58
2025-10-09 22:15:00,-2444.8
2025-10-09 22:30:00,-2437.8
2025-10-09 22:45:00,-2450.65
2025-10-09 23:00:00,-1829.25
2025-10-09 23:15:00,-1842.77
2025-10-09 23:30:00,-1844.6399999999999
2025-10-09 23:45:00,-1847.35
2025-10-10 00:00:00,-1315.95
2025-10-10 00:15:00,-1326.85
2025-10-10 00:30:00,-1336.31
2025-10-10 00:45:00,-1338.96
2025-10-10 01:00:00,-1362.17
2025-10-10 01:15:00,-1354.63
2025-10-10 01:30:00,-1361.3
2025-10-10 01:45:00,-1369.04
2025-10-10 02:00:00,-147.08999999999992
2025-10-10 02:15:00,-143.77999999999997
2025-10-10 02:30:00,-144.6099999999999
2025-10-10 02:45:00,-141.30999999999995
2025-10-10 03:00:00,-223.3699999999999
2025-10-10 03:15:00,-202.27999999999997
2025-10-10 03:30:00,-185.8800000000001
2025-10-10 03:45:00,-217.99
2025-10-10 04:00:00,-746.74
2025-10-10 04:15:00,-729.9200000000001
2025-10-10 04:30:00,-694.2600000000002
2025-10-10 04:45:00,-700.77
2025-10-10 05:00:00,-871.9299999999998
2025-10-10 05:15:00,-854.0
2025-10-10 05:30:00,-843.3899999999999
2025-10-10 05:45:00,-828.29
2025-10-10 06:00:00,-2220.99
2025-10-10 06:15:00,-2224.92
2025-10-10 06:30:00,-2214.27
2025-10-10 06:45:00,-2200.77
2025-10-10 07:00:00,-3694.75
2025-10-10 07:15:00,-3695.03
2025-10-10 07:30:00,-3695.46
2025-10-10 07:45:00,-3696.37
2025-10-10 08:00:00,-3467.35
2025-10-10 08:15:00,-3446.18
2025-10-10 08:30:00,-3462.97
2025-10-10 08:45:00,-3461.35
2025-10-10 09:00:00,-2745.22
2025-10-10 09:15:00,-2751.39
2025-10-10 09:30:00,-2753.37
2025-10-10 09:45:00,-2751.64
2025-10-10 10:00:00,-3059.56
2025-10-10 10:15:00,-3062.71
2025-10-10 10:30:00,-3067.76
2025-10-10 10:45:00,-3077.68
2025-10-10 11:00:00,-3171.09
2025-10-10 11:15:00,-3175.93
2025-10-10 11:30:00,-3185.71
2025-10-10 11:45:00,-3186.72
2025-10-10 12:00:00,-2817.98
2025-10-10 12:15:00,-2827.59
2025-10-10 12:30:00,-2834.19
2025-10-10 12:45:00,-2825.13
2025-10-10 13:00:00,-3726.21
2025-10-10 13:15:00,-3733.97
2025-10-10 13:30:00,-3718.92
2025-10-10 13:45:00,-3708.77
2025-10-10 14:00:00,-3550.33
2025-10-10 14:15:00,-3532.59
2025-10-10 14:30:00,-3546.33
2025-10-10 14:45:00,-3547.46
2025-10-10 15:00:00,-3055.53
2025-10-10 15:15:00,-3072.78
2025-10-10 15:30:00,-3079.2
2025-10-10 15:45:00,-3070.42
2025-10-10 16:00:00,-3084.86
2025-10-10 16:15:00,-3091.47
2025-10-10 16:30:00,-3082.48
2025-10-10 16:45:00,-3080.84
2025-10-10 17:00:00,-3465.22
2025-10-10 17:15:00,-3474.39
2025-10-10 17:30:00,-3484.84
2025-10-10 17:45:00,-3484.69
2025-10-10 18:00:00,-4042.78
2025-10-10 18:15:00,-4058.5
2025-10-10 18:30:00,-4062.46
2025-10-10 18:45:00,-4078.41
2025-10-10 19:00:00,-3680.4
2025-10-10 19:15:00,-3693.02
2025-10-10 19:30:00,-3700.23
2025-10-10 19:45:00,-3713.52
2025-10-10 20:00:00,-3103.19
2025-10-10 20:15:00,-3109.0
2025-10-10 20:30:00,-3121.38
2025-10-10 20:45:00,-3132.51
2025-10-10 21:00:00,-2447.87
2025-10-10 21:15:00,-2461.79
2025-10-10 21:30:00,-2472.17
2025-10-10 21:45:00,-2481.41
2025-10-10 22:00:00,-2236.66
2025-10-10 22:15:00,-2248.48
2025-10-10 22:30:00,-2240.26
2025-10-10 22:45:00,-2242.3599999999997
2025-10-10 23:00:00,-2097.4300000000003
2025-10-10 23:15:00,-2111.7200000000003
2025-10-10 23:30:00,-2116.51
2025-10-10 23:45:00,-2125.1400000000003
2025-10-11 00:00:00,-2786.84
2025-10-11 00:15:00,-2795.9700000000003
2025-10-11 00:30:00,-2800.05
2025-10-11 00:45:00,-2801.1400000000003
2025-10-11 01:00:00,-3136.88
2025-10-11 01:15:00,-3141.05
2025-10-11 01:30:00,-3143.1099999999997
2025-10-11 01:45:00,-3145.19
2025-10-11 02:00:00,-2460.3900000000003
2025-10-11 02:15:00,-2464.46
2025-10-11 02:30:00,-2468.83
2025-10-11 02:45:00,-2464.25
2025-10-11 03:00:00,-2192.4300000000003
2025-10-11 03:15:00,-2194.12
2025-10-11 03:30:00,-2191.0
2025-10-11 03:45:00,-2191.63
2025-10-11 04:00:00,-2310.04
2025-10-11 04:15:00,-2302.9
2025-10-11 04:30:00,-2285.45
2025-10-11 04:45:00,-2286.6099999999997
2025-10-11 05:00:00,-2240.44
2025-10-11 05:15:00,-2230.91
2025-10-11 05:30:00,-2223.5299999999997
2025-10-11 05:45:00,-2214.35
2025-10-11 06:00:00,-1956.77
2025-10-11 06:15:00,-2037.32
2025-10-11 06:30:00,-2028.67
2025-10-11 06:45:00,-2013.42
2025-10-11 07:00:00,-1757.73
2025-10-11 07:15:00,-1751.32
2025-10-11 07:30:00,-1732.95
2025-10-11 07:45:00,-1732.08
2025-10-11 08:00:00,-1767.92
2025-10-11 08:15:00,-1757.07
2025-10-11 08:30:00,-1753.39
2025-10-11 08:45:00,-1760.83
2025-10-11 09:00:00,-2617.33
2025-10-11 09:15:00,-2615.01
2025-10-11 09:30:00,-2615.79
2025-10-11 09:45:00,-2610.2200000000003
2025-10-11 10:00:00,-2249.0299999999997
2025-10-11 10:15:00,-2236.69
2025-10-11 10:30:00,-2239.65
2025-10-11 10:45:00,-2253.85
2025-10-11 11:00:00,-2264.6
2025-10-11 11:15:00,-2254.98
2025-10-11 11:30:00,-2265.88
2025-10-11 11:45:00,-2259.0
2025-10-11 12:00:00,-1594.6
2025-10-11 12:15:00,-1595.12
2025-10-11 12:30:00,-1571.6100000000001
2025-10-11 12:45:00,-1560.77
2025-10-11 13:00:00,-1356.8400000000001
2025-10-11 13:15:00,-1345.6999999999998
2025-10-11 13:30:00,-1342.19
2025-10-11 13:45:00,-1349.87
2025-10-11 14:00:00,-1453.81
2025-10-11 14:15:00,-1458.2199999999998
2025-10-11 14:30:00,-1440.88
2025-10-11 14:45:00,-1450.6599999999999
2025-10-11 15:00:00,-679.54
2025-10-11 15:15:00,-673.5999999999999
2025-10-11 15:30:00,-692.8400000000001
2025-10-11 15:45:00,-683.3899999999999
2025-10-11 16:00:00,146.82999999999993
2025-10-11 16:15:00,167.07999999999993
2025-10-11 16:30:00,180.94999999999982
2025-10-11 16:45:00,185.7199999999998
2025-10-11 17:00:00,50.13999999999987
2025-10-11 17:15:00,34.90000000000009
2025-10-11 17:30:00,32.4699999999998
2025-10-11 17:45:00,17.90000000000009
2025-10-11 18:00:00,-289.1500000000001
2025-10-11 18:15:00,-310.6700000000001
2025-10-11 18:30:00,-312.7199999999998
2025-10-11 18:45:00,-318.4499999999998
2025-10-11 19:00:00,-900.7199999999998
2025-10-11 19:15:00,-909.3800000000001
2025-10-11 19:30:00,-918.44
2025-10-11 19:45:00,-925.21
2025-10-11 20:00:00,263.8599999999999
2025-10-11 20:15:00,268.45000000000005
2025-10-11 20:30:00,261.52
2025-10-11 20:45:00,259.56999999999994
2025-10-11 21:00:00,220.6300000000001
2025-10-11 21:15:00,215.72000000000003
2025-10-11 21:30:00,200.82999999999993
2025-10-11 21:45:00,192.21000000000004
2025-10-11 22:00:00,-910.6400000000001
2025-10-11 22:15:00,-1001.69
2025-10-11 22:30:00,-1111.77
2025-10-11 22:45:00,-1127.64
2025-10-11 23:00:00,-951.22
2025-10-11 23:15:00,-909.21
2025-10-11 23:30:00,-913.98
2025-10-11 23:45:00,-917.1099999999999
2025-10-12 00:00:00,-2424.54
2025-10-12 00:15:00,-2420.3900000000003
2025-10-12 00:30:00,-2410.75
2025-10-12 00:45:00,-2422.98
2025-10-12 01:00:00,-2394.75
2025-10-12 01:15:00,-2389.6
2025-10-12 01:30:00,-2375.8900000000003
2025-10-12 01:45:00,-2362.6800000000003
2025-10-12 02:00:00,-1750.42
2025-10-12 02:15:00,-1748.05
2025-10-12 02:30:00,-1745.85
2025-10-12 02:45:00,-1706.29
2025-10-12 03:00:00,-1545.12
2025-10-12 03:15:00,-1547.03
2025-10-12 03:30:00,-1552.86
2025-10-12 03:45:00,-1549.66
2025-10-12 04:00:00,-1136.41
2025-10-12 04:15:00,-1134.29
2025-10-12 04:30:00,-1129.76
2025-10-12 04:45:00,-1118.63
2025-10-12 05:00:00,-897.22
2025-10-12 05:15:00,-901.21
2025-10-12 05:30:00,-919.6600000000001
2025-10-12 05:45:00,-982.4100000000001
2025-10-12 06:00:00,-1097.7
2025-10-12 06:15:00,-1107.31
2025-10-12 06:30:00,-1099.05
2025-10-12 06:45:00,-1080.02
2025-10-12 07:00:00,-1079.48
2025-10-12 07:15:00,-1062.86
2025-10-12 07:30:00,-1050.88
2025-10-12 07:45:00,-1045.4
2025-10-12 08:00:00,-901.4100000000001
2025-10-12 08:15:00,-896.1700000000001
2025-10-12 08:30:00,-883.53
2025-10-12 08:45:00,-885.0899999999999
2025-10-12 09:00:00,-1096.98
2025-10-12 09:15:00,-1098.51
2025-10-12 09:30:00,-1097.09
2025-10-12 09:45:00,-1100.11
2025-10-12 10:00:00,-1868.5
2025-10-12 10:15:00,-1871.51
2025-10-12 10:30:00,-1865.43
2025-10-12 10:45:00,-1876.35
2025-10-12 11:00:00,-2004.39
2025-10-12 11:15:00,-2004.48
2025-10-12 11:30:00,-2008.11
2025-10-12 11:45:00,-2000.76
2025-10-12 12:00:00,-1608.95
2025-10-12 12:15:00,-1607.38
2025-10-12 12:30:00,-1600.01
2025-10-12 12:45:00,-1589.51
2025-10-12 13:00:00,-1651.24
2025-10-12 13:15:00,-1656.54
2025-10-12 13:30:00,-1652.53
2025-10-12 13:45:00,-1649.28
2025-10-12 14:00:00,-1790.37
2025-10-12 14:15:00,-1782.97
2025-10-12 14:30:00,-1775.64
2025-10-12 14:45:00,-1777.45
2025-10-12 15:00:00,-1482.56
2025-10-12 15:15:00,-1487.76
2025-10-12 15:30:00,-1479.54
2025-10-12 15:45:00,-1461.06
2025-10-12 16:00:00,-834.46
2025-10-12 16:15:00,-820.3599999999999
2025-10-12 16:30:00,-793.6600000000001
2025-10-12 16:45:00,-785.01
2025-10-12 17:00:00,-385.80999999999995
2025-10-12 17:15:00,-364.69000000000005
2025-10-12 17:30:00,-361.04999999999995
2025-10-12 17:45:00,-352.25
2025-10-12 18:00:00,-215.77999999999997
2025-10-12 18:15:00,-221.1300000000001
2025-10-12 18:30:00,-226.97000000000003
2025-10-12 18:45:00,-231.78999999999996
2025-10-12 19:00:00,-207.1300000000001
2025-10-12 19:15:00,-205.26999999999998
2025-10-12 19:30:00,-205.1300000000001
2025-10-12 19:45:00,-219.45000000000005
2025-10-12 20:00:00,394.9100000000001
2025-10-12 20:15:00,384.93000000000006
2025-10-12 20:30:00,382.3699999999999
2025-10-12 20:45:00,369.6199999999999
2025-10-12 21:00:00,629.27
2025-10-12 21:15:00,615.3399999999999
2025-10-12 21:30:00,597.5
2025-10-12 21:45:00,580.94
2025-10-12 22:00:00,915.3699999999999
2025-10-12 22:15:00,900.95
2025-10-12 22:30:00,890.81
2025-10-12 22:45:00,877.44
2025-10-12 23:00:00,511.73
2025-10-12 23:15:00,506.04999999999995
2025-10-12 23:30:00,501.46000000000004
2025-10-12 23:45:00,489.5
2025-10-13 00:00:00,1391.93
2025-10-13 00:15:00,1386.77
2025-10-13 00:30:00,1380.5
2025-10-13 00:45:00,1382.24
2025-10-13 01:00:00,1589.75
2025-10-13 01:15:00,1582.75
2025-10-13 01:30:00,1582.44
2025-10-13 01:45:00,1583.83
2025-10-13 02:00:00,1546.85
2025-10-13 02:15:00,1534.69
2025-10-13 02:30:00,1552.18
2025-10-13 02:45:00,1559.21
2025-10-13 03:00:00,1387.7
2025-10-13 03:15:00,1400.97
2025-10-13 03:30:00,1416.67
2025-10-13 03:45:00,1433.89
2025-10-13 04:00:00,1130.53
2025-10-13 04:15:00,1159.79
2025-10-13 04:30:00,1203.26
2025-10-13 04:45:00,1219.48
2025-10-13 05:00:00,1011.54
2025-10-13 05:15:00,1045.61
2025-10-13 05:30:00,1061.29
2025-10-13 05:45:00,1063.66
2025-10-13 06:00:00,556.1400000000001
2025-10-13 06:15:00,566.8900000000001
2025-10-13 06:30:00,561.24
2025-10-13 06:45:00,562.54
2025-10-13 07:00:00,826.52
2025-10-13 07:15:00,724.22
2025-10-13 07:30:00,617.71
2025-10-13 07:45:00,823.9000000000001
2025-10-13 08:00:00,746.0999999999999
2025-10-13 08:15:00,752.25
2025-10-13 08:30:00,754.74
2025-10-13 08:45:00,747.98
2025-10-13 09:00:00,560.26
2025-10-13 09:15:00,553.3800000000001
2025-10-13 09:30:00,543.81
2025-10-13 09:45:00,535.72
2025-10-13 10:00:00,436.53999999999996
2025-10-13 10:15:00,437.3900000000001
2025-10-13 10:30:00,437.95000000000005
2025-10-13 10:45:00,439.49
2025-10-13 11:00:00,442.3800000000001
2025-10-13 11:15:00,447.0799999999999
2025-10-13 11:30:00,432.26
2025-10-13 11:45:00,412.8399999999999
2025-10-13 12:00:00,631.2
2025-10-13 12:15:00,628.6400000000001
2025-10-13 12:30:00,632.0999999999999
2025-10-13 12:45:00,636.21
2025-10-13 13:00:00,194.33999999999992
2025-10-13 13:15:00,196.1400000000001
2025-10-13 13:30:00,207.44000000000005
2025-10-13 13:45:00,218.02999999999997
2025-10-13 14:00:00,-26.299999999999955
2025-10-13 14:15:00,-20.309999999999945
2025-10-13 14:30:00,-21.75999999999999
2025-10-13 14:45:00,-21.180000000000064
2025-10-13 15:00:00,314.75
2025-10-13 15:15:00,309.44000000000005
2025-10-13 15:30:00,311.3599999999999
2025-10-13 15:45:00,314.97
2025-10-13 16:00:00,541.74
2025-10-13 16:15:00,547.9300000000001
2025-10-13 16:30:00,552.81
2025-10-13 16:45:00,558.1099999999999
2025-10-13 17:00:00,257.22
2025-10-13 17:15:00,256.3800000000001
2025-10-13 17:30:00,250.76999999999998
2025-10-13 17:45:00,260.21000000000004
2025-10-13 18:00:00,-210.8800000000001
2025-10-13 18:15:00,-222.01999999999998
2025-10-13 18:30:00,-228.93000000000006
2025-10-13 18:45:00,-238.02999999999997
2025-10-13 19:00:00,-364.6400000000001
2025-10-13 19:15:00,-371.25
2025-10-13 19:30:00,-378.03
2025-10-13 19:45:00,-395.5799999999999
2025-10-13 20:00:00,-405.8699999999999
2025-10-13 20:15:00,-425.68000000000006
2025-10-13 20:30:00,-442.46000000000004
2025-10-13 20:45:00,-454.26
2025-10-13 21:00:00,-133.41000000000008
2025-10-13 21:15:00,-152.51999999999998
2025-10-13 21:30:00,-166.55999999999995
2025-10-13 21:45:00,-172.91000000000008
2025-10-13 22:00:00,-268.8699999999999
2025-10-13 22:15:00,-286.23
2025-10-13 22:30:00,-297.98
2025-10-13 22:45:00,-303.3399999999999
2025-10-13 23:00:00,-157.3900000000001
2025-10-13 23:15:00,-168.6300000000001
2025-10-13 23:30:00,-168.70000000000005
2025-10-13 23:45:00,-167.57999999999993
2025-10-14 00:00:00,-446.6700000000001
2025-10-14 00:15:00,-448.96000000000004
2025-10-14 00:30:00,-452.79999999999995
2025-10-14 00:45:00,-452.68000000000006
2025-10-14 01:00:00,-163.1199999999999
2025-10-14 01:15:00,-171.18000000000006
2025-10-14 01:30:00,-168.32999999999993
2025-10-14 01:45:00,-172.07999999999993
2025-10-14 02:00:00,-16.6400000000001
2025-10-14 02:15:00,-18.430000000000064
2025-10-14 02:30:00,-17.170000000000073
2025-10-14 02:45:00,-19.269999999999982
2025-10-14 03:00:00,-4.240000000000009
2025-10-14 03:15:00,5.369999999999891
2025-10-14 03:30:00,18.5
2025-10-14 03:45:00,31.86999999999989
2025-10-14 04:00:00,380.95000000000005
2025-10-14 04:15:00,403.98
2025-10-14 04:30:00,441.0799999999999
2025-10-14 04:45:00,468.6199999999999
2025-10-14 05:00:00,-113.71000000000004
2025-10-14 05:15:00,-87.17000000000007
2025-10-14 05:30:00,-79.24000000000001
2025-10-14 05:45:00,-69.51999999999998
2025-10-14 06:00:00,-398.81999999999994
2025-10-14 06:15:00,-406.53999999999996
2025-10-14 06:30:00,-409.53
2025-10-14 06:45:00,-381.9100000000001
2025-10-14 07:00:00,-296.95000000000005
2025-10-14 07:15:00,-308.19000000000005
2025-10-14 07:30:00,-306.95000000000005
2025-10-14 07:45:00,-307.20000000000005
2025-10-14 08:00:00,-311.3399999999999
2025-10-14 08:15:00,-305.03
2025-10-14 08:30:00,-307.43000000000006
2025-10-14 08:45:00,-315.20000000000005
2025-10-14 09:00:00,-629.9100000000001
2025-10-14 09:15:00,-647.47
2025-10-14 09:30:00,-647.6300000000001
2025-10-14 09:45:00,-658.1300000000001
2025-10-14 10:00:00,-1217.38
2025-10-14 10:15:00,-1254.51
2025-10-14 10:30:00,-1202.21
2025-10-14 10:45:00,-1205.32
2025-10-14 11:00:00,-1830.56
2025-10-14 11:15:00,-1834.8
2025-10-14 11:30:00,-1837.22
2025-10-14 11:45:00,-1846.01
2025-10-14 12:00:00,-998.8900000000001
2025-10-14 12:15:00,-993.76
2025-10-14 12:30:00,-1016.75
2025-10-14 12:45:00,-1003.1199999999999
2025-10-14 13:00:00,-1182.93
2025-10-14 13:15:00,-1183.0
2025-10-14 13:30:00,-1174.85
2025-10-14 13:45:00,-1155.45
2025-10-14 14:00:00,-1497.02
2025-10-14 14:15:00,-1482.8
2025-10-14 14:30:00,-1486.21
2025-10-14 14:45:00,-1496.67
2025-10-14 15:00:00,-1915.59
2025-10-14 15:15:00,-1916.81
2025-10-14 15:30:00,-1919.79
2025-10-14 15:45:00,-1902.62
2025-10-14 16:00:00,-1856.48
2025-10-14 16:15:00,-1843.38
2025-10-14 16:30:00,-1827.98
2025-10-14 16:45:00,-1839.71
2025-10-14 17:00:00,-2000.47
2025-10-14 17:15:00,-1992.65
2025-10-14 17:30:00,-1990.28
2025-10-14 17:45:00,-1990.38
2025-10-14 18:00:00,-1783.2
2025-10-14 18:15:00,-1796.58
2025-10-14 18:30:00,-1793.88
2025-10-14 18:45:00,-1813.82
2025-10-14 19:00:00,-1467.57
2025-10-14 19:15:00,-1485.23
2025-10-14 19:30:00,-1499.46
2025-10-14 19:45:00,-1513.74
2025-10-14 20:00:00,-1335.7
2025-10-14 20:15:00,-1357.0
2025-10-14 20:30:00,-1364.9
2025-10-14 20:45:00,-1374.98
2025-10-14 21:00:00,-1368.01
2025-10-14 21:15:00,-1381.25
2025-10-14 21:30:00,-1404.96
2025-10-14 21:45:00,-1413.89
2025-10-14 22:00:00,-2056.8199999999997
2025-10-14 22:15:00,-2065.31
2025-10-14 22:30:00,-2081.6800000000003
2025-10-14 22:45:00,-2091.12
2025-10-14 23:00:00,-1643.97
2025-10-14 23:15:00,-1648.71
2025-10-14 23:30:00,-1654.17
2025-10-14 23:45:00,-1667.63
2025-10-15 00:00:00,-1122.43
2025-10-15 00:15:00,-1127.72
2025-10-15 00:30:00,-1135.68
2025-10-15 00:45:00,-1136.5
2025-10-15 01:00:00,-1205.54
2025-10-15 01:15:00,-1204.72
2025-10-15 01:30:00,-1210.51
2025-10-15 01:45:00,-1205.48
2025-10-15 02:00:00,-740.4100000000001
2025-10-15 02:15:00,-740.0999999999999
2025-10-15 02:30:00,-737.9000000000001
2025-10-15 02:45:00,-734.8
2025-10-15 03:00:00,-451.0999999999999
2025-10-15 03:15:00,-439.8900000000001
2025-10-15 03:30:00,-428.3299999999999
2025-10-15 03:45:00,-417.6500000000001
2025-10-15 04:00:00,-367.46000000000004
2025-10-15 04:15:00,-331.96000000000004
2025-10-15 04:30:00,-292.52
2025-10-15 04:45:00,-267.75
2025-10-15 05:00:00,287.69000000000005
2025-10-15 05:15:00,309.98
2025-10-15 05:30:00,330.76
2025-10-15 05:45:00,342.54999999999995
2025-10-15 06:00:00,224.6400000000001
2025-10-15 06:15:00,219.69000000000005
2025-10-15 06:30:00,213.8699999999999
2025-10-15 06:45:00,221.0999999999999
2025-10-15 07:00:00,334.99
2025-10-15 07:15:00,321.98
2025-10-15 07:30:00,333.44000000000005
2025-10-15 07:45:00,330.05999999999995
2025-10-15 08:00:00,700.9000000000001
2025-10-15 08:15:00,708.3399999999999
2025-10-15 08:30:00,704.46
2025-10-15 08:45:00,697.72
2025-10-15 09:00:00,1368.39
2025-10-15 09:15:00,1364.58
2025-10-15 09:30:00,1360.85
2025-10-15 09:45:00,1361.61
2025-10-15 10:00:00,1410.18
2025-10-15 10:15:00,1411.36
2025-10-15 10:30:00,1413.45
2025-10-15 10:45:00,1406.69
2025-10-15 11:00:00,1162.32
2025-10-15 11:15:00,1158.6
2025-10-15 11:30:00,1154.55
2025-10-15 11:45:00,1138.42
2025-10-15 12:00:00,-397.19000000000005
2025-10-15 12:15:00,-479.3299999999999
2025-10-15 12:30:00,-412.51
2025-10-15 12:45:00,-353.94000000000005
2025-10-15 13:00:00,-756.4000000000001
2025-10-15 13:15:00,-750.0799999999999
2025-10-15 13:30:00,-749.1800000000001
2025-10-15 13:45:00,-746.06
2025-10-15 14:00:00,-1095.16
2025-10-15 14:15:00,-1078.29
2025-10-15 14:30:00,-1079.62
2025-10-15 14:45:00,-1076.81
2025-10-15 15:00:00,-548.44
2025-10-15 15:15:00,-558.95
2025-10-15 15:30:00,-557.0799999999999
2025-10-15 15:45:00,-553.81
2025-10-15 16:00:00,-825.1400000000001
2025-10-15 16:15:00,-816.1500000000001
2025-10-15 16:30:00,-809.28
2025-10-15 16:45:00,-803.47
2025-10-15 17:00:00,-617.29
2025-10-15 17:15:00,-618.8399999999999
2025-10-15 17:30:00,-617.97
2025-10-15 17:45:00,-628.1800000000001
2025-10-15 18:00:00,765.6199999999999
2025-10-15 18:15:00,761.69
2025-10-15 18:30:00,758.5699999999999
2025-10-15 18:45:00,753.8800000000001
2025-10-15 19:00:00,235.77999999999997
2025-10-15 19:15:00,224.07999999999993
2025-10-15 19:30:00,218.81999999999994
2025-10-15 19:45:00,201.95000000000005
2025-10-15 20:00:00,-2675.65
2025-10-15 20:15:00,-2690.94
2025-10-15 20:30:00,-2704.58
2025-10-15 20:45:00,-2728.83
2025-10-15 21:00:00,-2116.46
2025-10-15 21:15:00,-2130.04
2025-10-15 21:30:00,-2148.26
2025-10-15 21:45:00,-2156.95
2025-10-15 22:00:00,-887.6500000000001
2025-10-15 22:15:00,-897.44
2025-10-15 22:30:00,-907.0999999999999
2025-10-15 22:45:00,-924.72
2025-10-15 23:00:00,-1075.59
2025-10-15 23:15:00,-1082.27
2025-10-15 23:30:00,-1093.23
2025-10-15 23:45:00,-1102.61
2025-10-16 00:00:00,-2157.46
2025-10-16 00:15:00,-2155.6
2025-10-16 00:30:00,-2167.87
2025-10-16 00:45:00,-2169.02
2025-10-16 01:00:00,-1959.1
2025-10-16 01:15:00,-1966.75
2025-10-16 01:30:00,-1967.66
2025-10-16 01:45:00,-1968.8
2025-10-16 02:00:00,-1969.44
2025-10-16 02:15:00,-1971.4
2025-10-16 02:30:00,-1972.25
2025-10-16 02:45:00,-1967.72
2025-10-16 03:00:00,-2322.81
2025-10-16 03:15:00,-2309.02
2025-10-16 03:30:00,-2295.6099999999997
2025-10-16 03:45:00,-2284.1099999999997
2025-10-16 04:00:00,-2352.69
2025-10-16 04:15:00,-2324.2799999999997
2025-10-16 04:30:00,-2287.34
2025-10-16 04:45:00,-2254.92
2025-10-16 05:00:00,-2486.75
2025-10-16 05:15:00,-2453.59
2025-10-16 05:30:00,-2431.91
2025-10-16 05:45:00,-2412.92
2025-10-16 06:00:00,-2085.79
2025-10-16 06:15:00,-2091.98
2025-10-16 06:30:00,-2086.25
2025-10-16 06:45:00,-2090.4
2025-10-16 07:00:00,-1854.07
2025-10-16 07:15:00,-1864.24
2025-10-16 07:30:00,-1849.38
2025-10-16 07:45:00,-1850.3
2025-10-16 08:00:00,-1872.68
2025-10-16 08:15:00,-1872.17
2025-10-16 08:30:00,-1885.69
2025-10-16 08:45:00,-1892.46
2025-10-16 09:00:00,-2191.46
2025-10-16 09:15:00,-2194.83
2025-10-16 09:30:00,-2199.91
2025-10-16 09:45:00,-2208.87
2025-10-16 10:00:00,-2513.55
2025-10-16 10:15:00,-2515.98
2025-10-16 10:30:00,-2523.6400000000003
2025-10-16 10:45:00,-2521.17
2025-10-16 11:00:00,-2472.6800000000003
2025-10-16 11:15:00,-2481.63
2025-10-16 11:30:00,-2479.09
2025-10-16 11:45:00,-2494.91
2025-10-16 12:00:00,-3355.25
2025-10-16 12:15:00,-3366.77
2025-10-16 12:30:00,-3371.69
2025-10-16 12:45:00,-3357.48
2025-10-16 13:00:00,-3942.3
2025-10-16 13:15:00,-3944.24
2025-10-16 13:30:00,-3942.25
2025-10-16 13:45:00,-3937.49
2025-10-16 14:00:00,-4139.48
2025-10-16 14:15:00,-4121.86
2025-10-16 14:30:00,-4128.64
2025-10-16 14:45:00,-4119.26
2025-10-16 15:00:00,-3900.96
2025-10-16 15:15:00,-3905.0699999999997
2025-10-16 15:30:00,-3875.65
2025-10-16 15:45:00,-3862.23
2025-10-16 16:00:00,-2925.5299999999997
2025-10-16 16:15:00,-2911.69
2025-10-16 16:30:00,-2886.74
2025-10-16 16:45:00,-2873.6099999999997
2025-10-16 17:00:00,-2293.13
2025-10-16 17:15:00,-2270.54
2025-10-16 17:30:00,-2261.81
2025-10-16 17:45:00,-2269.21
2025-10-16 18:00:00,-1896.04
2025-10-16 18:15:00,-1913.1
2025-10-16 18:30:00,-1904.85
2025-10-16 18:45:00,-1912.57
2025-10-16 19:00:00,-1059.92
2025-10-16 19:15:00,-1086.75
2025-10-16 19:30:00,-1086.49
2025-10-16 19:45:00,-1106.13
2025-10-16 20:00:00,-331.51
2025-10-16 20:15:00,-341.5899999999999
2025-10-16 20:30:00,-344.95000000000005
2025-10-16 20:45:00,-368.29999999999995
2025-10-16 21:00:00,348.99
2025-10-16 21:15:00,323.53999999999996
2025-10-16 21:30:00,312.71000000000004
2025-10-16 21:45:00,299.52
2025-10-16 22:00:00,-455.43000000000006
2025-10-16 22:15:00,-467.25
2025-10-16 22:30:00,-472.3599999999999
2025-10-16 22:45:00,-482.20000000000005
2025-10-16 23:00:00,472.46000000000004
2025-10-16 23:15:00,463.26
2025-10-16 23:30:00,449.31999999999994
2025-10-16 23:45:00,442.80999999999995
2025-10-17 00:00:00,-263.8499999999999
2025-10-17 00:15:00,-273.3800000000001
2025-10-17 00:30:00,-279.79999999999995
2025-10-17 00:45:00,-286.4000000000001
2025-10-17 01:00:00,-356.01
2025-10-17 01:15:00,-351.6099999999999
2025-10-17 01:30:00,-358.28999999999996
2025-10-17 01:45:00,-361.5899999999999
2025-10-17 02:00:00,-722.9100000000001
2025-10-17 02:15:00,-721.53
2025-10-17 02:30:00,-722.01
2025-10-17 02:45:00,-715.8599999999999
2025-10-17 03:00:00,-617.6700000000001
2025-10-17 03:15:00,-605.6600000000001
2025-10-17 03:30:00,-591.21
2025-10-17 03:45:00,-573.4300000000001
2025-10-17 04:00:00,-1144.79
2025-10-17 04:15:00,-1118.92
2025-10-17 04:30:00,-1075.48
2025-10-17 04:45:00,-1048.43
2025-10-17 05:00:00,-1142.47
2025-10-17 05:15:00,-1109.46
2025-10-17 05:30:00,-1083.63
2025-10-17 05:45:00,-1065.5900000000001
2025-10-17 06:00:00,-903.1599999999999
2025-10-17 06:15:00,-903.3800000000001
2025-10-17 06:30:00,-901.21
2025-10-17 06:45:00,-883.9200000000001
2025-10-17 07:00:00,-329.40999999999985
2025-10-17 07:15:00,-345.77
2025-10-17 07:30:00,-342.5500000000002
2025-10-17 07:45:00,-348.2399999999998
2025-10-17 08:00:00,-1068.27
2025-10-17 08:15:00,-1091.32
2025-10-17 08:30:00,-1108.04
2025-10-17 08:45:00,-1123.11
2025-10-17 09:00:00,-980.9300000000001
2025-10-17 09:15:00,-995.1099999999999
2025-10-17 09:30:00,-1010.5
2025-10-17 09:45:00,-1019.3800000000001
2025-10-17 10:00:00,-1135.86
2025-10-17 10:15:00,-1131.57
2025-10-17 10:30:00,-1133.29
2025-10-17 10:45:00,-1144.03
2025-10-17 11:00:00,-1369.77
2025-10-17 11:15:00,-1376.59
2025-10-17 11:30:00,-1374.75
2025-10-17 11:45:00,-1380.78
2025-10-17 12:00:00,-1690.16
2025-10-17 12:15:00,-1692.4
2025-10-17 12:30:00,-1700.7
2025-10-17 12:45:00,-1704.2
2025-10-17 13:00:00,-1605.81
2025-10-17 13:15:00,-1598.16
2025-10-17 13:30:00,-1599.55
2025-10-17 13:45:00,-1597.03
2025-10-17 14:00:00,-1420.87
2025-10-17 14:15:00,-1408.05
2025-10-17 14:30:00,-1410.46
2025-10-17 14:45:00,-1405.79
2025-10-17 15:00:00,-730.2
2025-10-17 15:15:00,-728.54
2025-10-17 15:30:00,-721.9100000000001
2025-10-17 15:45:00,-712.6700000000001
2025-10-17 16:00:00,-781.5899999999999
2025-10-17 16:15:00,-769.8699999999999
2025-10-17 16:30:00,-753.99
2025-10-17 16:45:00,-746.6400000000001
2025-10-17 17:00:00,-499.26
2025-10-17 17:15:00,-492.6600000000001
2025-10-17 17:30:00,-498.5799999999999
2025-10-17 17:45:00,-483.48
2025-10-17 18:00:00,231.71000000000004
2025-10-17 18:15:00,227.1400000000001
2025-10-17 18:30:00,226.33999999999992
2025-10-17 18:45:00,220.70000000000005
2025-10-17 19:00:00,625.7
2025-10-17 19:15:00,616.47
2025-10-17 19:30:00,612.27
2025-10-17 19:45:00,608.26
2025-10-17 20:00:00,1257.18
2025-10-17 20:15:00,1244.55
2025-10-17 20:30:00,1232.8
2025-10-17 20:45:00,1233.9
2025-10-17 21:00:00,1493.93
2025-10-17 21:15:00,1490.03
2025-10-17 21:30:00,1479.98
2025-10-17 21:45:00,1475.38
2025-10-17 22:00:00,1606.41
2025-10-17 22:15:00,1598.25
2025-10-17 22:30:00,1592.57
2025-10-17 22:45:00,1577.05
2025-10-17 23:00:00,1676.81
2025-10-17 23:15:00,1673.7
2025-10-17 23:30:00,1671.33
2025-10-17 23:45:00,1658.9
2025-10-18 00:00:00,1294.31
2025-10-18 00:15:00,1292.52
2025-10-18 00:30:00,1284.89
2025-10-18 00:45:00,1273.98
2025-10-18 01:00:00,701.98
2025-10-18 01:15:00,696.5899999999999
2025-10-18 01:30:00,698.71
2025-10-18 01:45:00,702.8499999999999
2025-10-18 02:00:00,550.9000000000001
2025-10-18 02:15:00,543.05
2025-10-18 02:30:00,546.4000000000001
2025-10-18 02:45:00,545.69
2025-10-18 03:00:00,334.3800000000001
2025-10-18 03:15:00,340.6300000000001
2025-10-18 03:30:00,357.5799999999999
2025-10-18 03:45:00,358.24
2025-10-18 04:00:00,128.93000000000006
2025-10-18 04:15:00,141.04999999999995
2025-10-18 04:30:00,158.28999999999996
2025-10-18 04:45:00,159.8800000000001
2025-10-18 05:00:00,137.76999999999998
2025-10-18 05:15:00,146.28999999999996
2025-10-18 05:30:00,170.99
2025-10-18 05:45:00,181.45000000000005
2025-10-18 06:00:00,-227.45000000000005
2025-10-18 06:15:00,-217.45000000000005
2025-10-18 06:30:00,-200.3699999999999
2025-10-18 06:45:00,-194.72000000000003
2025-10-18 07:00:00,-357.19000000000005
2025-10-18 07:15:00,-338.55999999999995
2025-10-18 07:30:00,-320.4200000000001
2025-10-18 07:45:00,-324.3800000000001
2025-10-18 08:00:00,-509.4000000000001
2025-10-18 08:15:00,-501.3800000000001
2025-10-18 08:30:00,-501.03999999999996
2025-10-18 08:45:00,-511.78999999999996
2025-10-18 09:00:00,-737.3900000000001
2025-10-18 09:15:00,-752.3599999999999
2025-10-18 09:30:00,-758.8
2025-10-18 09:45:00,-773.3399999999999
2025-10-18 10:00:00,-944.78
2025-10-18 10:15:00,-949.1099999999999
2025-10-18 10:30:00,-943.1400000000001
2025-10-18 10:45:00,-956.1500000000001
2025-10-18 11:00:00,-1018.96
2025-10-18 11:15:00,-1030.29
2025-10-18 11:30:00,-1025.75
2025-10-18 11:45:00,-1028.81
2025-10-18 12:00:00,-975.3199999999999
2025-10-18 12:15:00,-982.3199999999999
2025-10-18 12:30:00,-987.6800000000001
2025-10-18 12:45:00,-991.1099999999999
2025-10-18 13:00:00,-969.79
2025-10-18 13:15:00,-965.9100000000001
2025-10-18 13:30:00,-966.0899999999999
2025-10-18 13:45:00,-959.8499999999999
2025-10-18 14:00:00,-1126.78
2025-10-18 14:15:00,-1127.86
2025-10-18 14:30:00,-1115.23
2025-10-18 14:45:00,-1114.87
2025-10-18 15:00:00,-644.8599999999999
2025-10-18 15:15:00,-638.6199999999999
2025-10-18 15:30:00,-633.2
2025-10-18 15:45:00,-616.9300000000001
2025-10-18 16:00:00,-638.28
2025-10-18 16:15:00,-623.8299999999999
2025-10-18 16:30:00,-610.78
2025-10-18 16:45:00,-617.9100000000001
2025-10-18 17:00:00,-481.29999999999995
2025-10-18 17:15:00,-485.27
2025-10-18 17:30:00,-494.5799999999999
2025-10-18 17:45:00,-502.19000000000005
2025-10-18 18:00:00,-484.26
2025-10-18 18:15:00,-497.44000000000005
2025-10-18 18:30:00,-494.76
2025-10-18 18:45:00,-510.05999999999995
2025-10-18 19:00:00,-488.8399999999999
2025-10-18 19:15:00,-493.18000000000006
2025-10-18 19:30:00,-501.3900000000001
2025-10-18 19:45:00,-505.95000000000005
2025-10-18 20:00:00,-638.1199999999999
2025-10-18 20:15:00,-646.29
2025-10-18 20:30:00,-656.4300000000001
2025-10-18 20:45:00,-666.1300000000001
2025-10-18 21:00:00,-944.97
2025-10-18 21:15:00,-959.0999999999999
2025-10-18 21:30:00,-966.05
2025-10-18 21:45:00,-971.6800000000001
2025-10-18 22:00:00,-1217.27
2025-10-18 22:15:00,-1231.61
2025-10-18 22:30:00,-1242.08
2025-10-18 22:45:00,-1255.41
2025-10-18 23:00:00,-1414.05
2025-10-18 23:15:00,-1421.91
2025-10-18 23:30:00,-1423.79
2025-10-18 23:45:00,-1430.2
2025-10-19 00:00:00,-1284.85
2025-10-19 00:15:00,-1291.47
2025-10-19 00:30:00,-1295.88
2025-10-19 00:45:00,-1298.6
2025-10-19 01:00:00,-1098.5
2025-10-19 01:15:00,-1105.08
2025-10-19 01:30:00,-1105.77
2025-10-19 01:45:00,-1115.11
2025-10-19 02:00:00,-1027.37
2025-10-19 02:15:00,-1029.62
2025-10-19 02:30:00,-1036.59
2025-10-19 02:45:00,-1033.57
2025-10-19 03:00:00,-1064.71
2025-10-19 03:15:00,-1073.28
2025-10-19 03:30:00,-1085.94
2025-10-19 03:45:00,-1086.02
2025-10-19 04:00:00,-1462.33
2025-10-19 04:15:00,-1455.08
2025-10-19 04:30:00,-1443.31
2025-10-19 04:45:00,-1441.48
2025-10-19 05:00:00,-1550.61
2025-10-19 05:15:00,-1544.34
2025-10-19 05:30:00,-1535.52
2025-10-19 05:45:00,-1522.45
2025-10-19 06:00:00,-1383.38
2025-10-19 06:15:00,-1369.45
2025-10-19 06:30:00,-1357.69
2025-10-19 06:45:00,-1357.59
2025-10-19 07:00:00,-1332.75
2025-10-19 07:15:00,-1337.21
2025-10-19 07:30:00,-1329.23
2025-10-19 07:45:00,-1323.34
2025-10-19 08:00:00,-1056.04
2025-10-19 08:15:00,-1052.37
2025-10-19 08:30:00,-1053.57
2025-10-19 08:45:00,-1066.76
2025-10-19 09:00:00,-1302.7
2025-10-19 09:15:00,-1328.2
2025-10-19 09:30:00,-1335.32
2025-10-19 09:45:00,-1340.68
2025-10-19 10:00:00,-676.3699999999999
2025-10-19 10:15:00,-670.8
2025-10-19 10:30:00,-665.5
2025-10-19 10:45:00,-670.8199999999999
2025-10-19 11:00:00,-1616.88
2025-10-19 11:15:00,-1633.97
2025-10-19 11:30:00,-1653.17
2025-10-19 11:45:00,-1646.01
2025-10-19 12:00:00,-1958.51
2025-10-19 12:15:00,-1952.99
2025-10-19 12:30:00,-1941.98
2025-10-19 12:45:00,-1964.68
2025-10-19 13:00:00,-2663.8900000000003
2025-10-19 13:15:00,-2666.24
2025-10-19 13:30:00,-2648.6099999999997
2025-10-19 13:45:00,-2640.7
2025-10-19 14:00:00,-2330.48
2025-10-19 14:15:00,-2303.4300000000003
2025-10-19 14:30:00,-2284.66
2025-10-19 14:45:00,-2290.35
2025-10-19 15:00:00,-1691.92
2025-10-19 15:15:00,-1685.54
2025-10-19 15:30:00,-1679.79
2025-10-19 15:45:00,-1671.5
2025-10-19 16:00:00,-684.6600000000001
2025-10-19 16:15:00,-664.54
2025-10-19 16:30:00,-661.52
2025-10-19 16:45:00,-664.8599999999999
2025-10-19 17:00:00,115.78999999999996
2025-10-19 17:15:00,104.09999999999991
2025-10-19 17:30:00,106.42000000000007
2025-10-19 17:45:00,106.91000000000008
2025-10-19 18:00:00,416.5
2025-10-19 18:15:00,431.3900000000001
2025-10-19 18:30:00,427.02
2025-10-19 18:45:00,424.6400000000001
2025-10-19 19:00:00,424.0
2025-10-19 19:15:00,413.8499999999999
2025-10-19 19:30:00,408.6300000000001
2025-10-19 19:45:00,399.3900000000001
2025-10-19 20:00:00,810.3
2025-10-19 20:15:00,800.8499999999999
2025-10-19 20:30:00,780.9000000000001
2025-10-19 20:45:00,755.04
2025-10-19 21:00:00,1164.65
2025-10-19 21:15:00,1155.6
2025-10-19 21:30:00,1131.82
2025-10-19 21:45:00,1121.67
2025-10-19 22:00:00,777.5
2025-10-19 22:15:00,776.29
2025-10-19 22:30:00,743.24
2025-10-19 22:45:00,529.7
2025-10-19 23:00:00,720.3900000000001
2025-10-19 23:15:00,754.4300000000001
2025-10-19 23:30:00,743.78
2025-10-19 23:45:00,736.8800000000001
2025-10-20 00:00:00,652.44
2025-10-20 00:15:00,642.9100000000001
2025-10-20 00:30:00,637.96
2025-10-20 00:45:00,636.79
2025-10-20 01:00:00,-622.25
2025-10-20 01:15:00,-622.5799999999999
2025-10-20 01:30:00,-626.73
2025-10-20 01:45:00,-628.9000000000001
2025-10-20 02:00:00,-357.55999999999995
2025-10-20 02:15:00,-356.1099999999999
2025-10-20 02:30:00,-351.45000000000005
2025-10-20 02:45:00,-341.0999999999999
2025-10-20 03:00:00,356.97
2025-10-20 03:15:00,368.03
2025-10-20 03:30:00,384.9100000000001
2025-10-20 03:45:00,405.6700000000001
2025-10-20 04:00:00,403.70000000000005
2025-10-20 04:15:00,451.27
2025-10-20 04:30:00,485.78
2025-10-20 04:45:00,516.22
2025-10-20 05:00:00,947.8399999999999
2025-10-20 05:15:00,982.95
2025-10-20 05:30:00,1004.31
2025-10-20 05:45:00,1008.3899999999999
2025-10-20 06:00:00,1019.71
2025-10-20 06:15:00,1026.29
2025-10-20 06:30:00,1025.87
2025-10-20 06:45:00,1022.73
2025-10-20 07:00:00,1006.1799999999998
2025-10-20 07:15:00,1003.04
2025-10-20 07:30:00,1008.3299999999999
2025-10-20 07:45:00,1007.94
2025-10-20 08:00:00,905.9899999999998
2025-10-20 08:15:00,908.1700000000001
2025-10-20 08:30:00,917.19
2025-10-20 08:45:00,903.1799999999998
2025-10-20 09:00:00,949.98
2025-10-20 09:15:00,934.31
2025-10-20 09:30:00,774.69
2025-10-20 09:45:00,596.4200000000001
2025-10-20 10:00:00,770.9100000000001
2025-10-20 10:15:00,843.94
2025-10-20 10:30:00,836.5
2025-10-20 10:45:00,825.8
2025-10-20 11:00:00,815.98
2025-10-20 11:15:00,819.8599999999999
2025-10-20 11:30:00,813.1800000000001
2025-10-20 11:45:00,809.94
2025-10-20 12:00:00,29.039999999999964
2025-10-20 12:15:00,26.200000000000045
2025-10-20 12:30:00,34.809999999999945
2025-10-20 12:45:00,35.319999999999936
2025-10-20 13:00:00,712.04
2025-10-20 13:15:00,708.4200000000001
2025-10-20 13:30:00,715.04
2025-10-20 13:45:00,726.48
2025-10-20 14:00:00,186.83999999999992
2025-10-20 14:15:00,199.2800000000002
2025-10-20 14:30:00,201.07999999999993
2025-10-20 14:45:00,210.28999999999996
2025-10-20 15:00:00,250.98000000000002
2025-10-20 15:15:00,242.8699999999999
2025-10-20 15:30:00,235.1099999999999
2025-10-20 15:45:00,242.1199999999999
2025-10-20 16:00:00,-322.94000000000005
2025-10-20 16:15:00,-312.55999999999995
2025-10-20 16:30:00,-300.46000000000004
2025-10-20 16:45:00,-304.4699999999998
2025-10-20 17:00:00,33.690000000000055
2025-10-20 17:15:00,37.88999999999987
2025-10-20 17:30:00,35.40000000000009
2025-10-20 17:45:00,36.289999999999964
2025-10-20 18:00:00,-514.5
2025-10-20 18:15:00,-522.46
2025-10-20 18:30:00,-525.0700000000002
2025-10-20 18:45:00,-533.3399999999999
2025-10-20 19:00:00,989.7
2025-10-20 19:15:00,980.55
2025-10-20 19:30:00,961.7
2025-10-20 19:45:00,947.6800000000001
2025-10-20 20:00:00,522.69
2025-10-20 20:15:00,500.4100000000001
2025-10-20 20:30:00,483.55999999999995
2025-10-20 20:45:00,485.1500000000001
2025-10-20 21:00:00,430.21000000000004
2025-10-20 21:15:00,405.4100000000001
2025-10-20 21:30:00,362.0799999999999
2025-10-20 21:45:00,362.78
2025-10-20 22:00:00,20.6400000000001
2025-10-20 22:15:00,18.029999999999973
2025-10-20 22:30:00,8.240000000000009
2025-10-20 22:45:00,-19.049999999999955
2025-10-20 23:00:00,-169.76999999999998
2025-10-20 23:15:00,-185.54999999999995
2025-10-20 23:30:00,-186.49
2025-10-20 23:45:00,-196.53999999999996
2025-10-21 00:00:00,-311.98
2025-10-21 00:15:00,-318.26
2025-10-21 00:30:00,-326.29999999999995
2025-10-21 00:45:00,-333.44000000000005
2025-10-21 01:00:00,-870.5
2025-10-21 01:15:00,-880.04
2025-10-21 01:30:00,-885.73
2025-10-21 01:45:00,-885.95
2025-10-21 02:00:00,-1464.44
2025-10-21 02:15:00,-1454.52
2025-10-21 02:30:00,-1454.1
2025-10-21 02:45:00,-1457.46
2025-10-21 03:00:00,-1546.9
2025-10-21 03:15:00,-1537.45
2025-10-21 03:30:00,-1527.5
2025-10-21 03:45:00,-1529.55
2025-10-21 04:00:00,-1773.15
2025-10-21 04:15:00,-1741.27
2025-10-21 04:30:00,-1718.09
2025-10-21 04:45:00,-1683.79
2025-10-21 05:00:00,-1486.4
2025-10-21 05:15:00,-1454.13
2025-10-21 05:30:00,-1442.21
2025-10-21 05:45:00,-1441.81
2025-10-21 06:00:00,-1609.93
2025-10-21 06:15:00,-1614.28
2025-10-21 06:30:00,-1602.55
2025-10-21 06:45:00,-1601.26
2025-10-21 07:00:00,-1423.83
2025-10-21 07:15:00,-1424.6
2025-10-21 07:30:00,-1425.68
2025-10-21 07:45:00,-1424.79
2025-10-21 08:00:00,-1192.94
2025-10-21 08:15:00,-1192.04
2025-10-21 08:30:00,-1213.13
2025-10-21 08:45:00,-1208.19
2025-10-21 09:00:00,-1745.92
2025-10-21 09:15:00,-1748.63
2025-10-21 09:30:00,-1742.83
2025-10-21 09:45:00,-1758.37
2025-10-21 10:00:00,-1732.3
2025-10-21 10:15:00,-1733.18
2025-10-21 10:30:00,-1758.1
2025-10-21 10:45:00,-1762.65
2025-10-21 11:00:00,-1127.47
2025-10-21 11:15:00,-1121.56
2025-10-21 11:30:00,-1127.43
2025-10-21 11:45:00,-1129.8
2025-10-21 12:00:00,-1231.21
2025-10-21 12:15:00,-1233.64
2025-10-21 12:30:00,-1230.59
2025-10-21 12:45:00,-1217.85
2025-10-21 13:00:00,-972.6600000000001
2025-10-21 13:15:00,-954.04
2025-10-21 13:30:00,-926.23
2025-10-21 13:45:00,-918.01
2025-10-21 14:00:00,124.29999999999995
2025-10-21 14:15:00,127.32999999999993
2025-10-21 14:30:00,124.31999999999994
2025-10-21 14:45:00,119.94000000000005
2025-10-21 15:00:00,-723.45
2025-10-21 15:15:00,-728.21
2025-10-21 15:30:00,-728.6300000000001
2025-10-21 15:45:00,-720.5899999999999
2025-10-21 16:00:00,-1526.7
2025-10-21 16:15:00,-1529.78
2025-10-21 16:30:00,-1522.44
2025-10-21 16:45:00,-1524.88
2025-10-21 17:00:00,-710.77
2025-10-21 17:15:00,-713.46
2025-10-21 17:30:00,-718.22
2025-10-21 17:45:00,-724.48
2025-10-21 18:00:00,-1545.25
2025-10-21 18:15:00,-1550.86
2025-10-21 18:30:00,-1558.62
2025-10-21 18:45:00,-1558.56
2025-10-21 19:00:00,-2066.3599999999997
2025-10-21 19:15:00,-2089.5299999999997
2025-10-21 19:30:00,-2101.5
2025-10-21 19:45:00,-2114.71
2025-10-21 20:00:00,-1703.63
2025-10-21 20:15:00,-1715.3
2025-10-21 20:30:00,-1729.38
2025-10-21 20:45:00,-1749.54
2025-10-21 21:00:00,-2330.5299999999997
2025-10-21 21:15:00,-2353.65
2025-10-21 21:30:00,-2374.5699999999997
2025-10-21 21:45:00,-2384.4300000000003
2025-10-21 22:00:00,-1825.31
2025-10-21 22:15:00,-1851.48
2025-10-21 22:30:00,-1854.09
2025-10-21 22:45:00,-1873.07
2025-10-21 23:00:00,-2384.92
2025-10-21 23:15:00,-2388.5299999999997
2025-10-21 23:30:00,-2398.73
2025-10-21 23:45:00,-2402.27
2025-10-22 00:00:00,-1870.69
2025-10-22 00:15:00,-1878.78
2025-10-22 00:30:00,-1885.74
2025-10-22 00:45:00,-1888.76
2025-10-22 01:00:00,-999.9100000000001
2025-10-22 01:15:00,-1002.5699999999999
2025-10-22 01:30:00,-1003.21
2025-10-22 01:45:00,-1008.5699999999999
2025-10-22 02:00:00,-1005.77
2025-10-22 02:15:00,-1009.8399999999999
2025-10-22 02:30:00,-1008.29
2025-10-22 02:45:00,-1009.25
2025-10-22 03:00:00,-1055.54
2025-10-22 03:15:00,-1051.42
2025-10-22 03:30:00,-1032.52
2025-10-22 03:45:00,-1013.74
2025-10-22 04:00:00,-1145.94
2025-10-22 04:15:00,-1115.33
2025-10-22 04:30:00,-1084.75
2025-10-22 04:45:00,-1054.13
2025-10-22 05:00:00,-935.53
2025-10-22 05:15:00,-892.96
2025-10-22 05:30:00,-856.31
2025-10-22 05:45:00,-854.9000000000001
2025-10-22 06:00:00,-697.19
2025-10-22 06:15:00,-698.01
2025-10-22 06:30:00,-686.46
2025-10-22 06:45:00,-687.0
2025-10-22 07:00:00,-1263.49
2025-10-22 07:15:00,-1263.53
2025-10-22 07:30:00,-1252.39
2025-10-22 07:45:00,-1260.87
2025-10-22 08:00:00,-2312.8599999999997
2025-10-22 08:15:00,-2293.67
2025-10-22 08:30:00,-2199.1400000000003
2025-10-22 08:45:00,-2196.3
2025-10-22 09:00:00,-2199.88
2025-10-22 09:15:00,-2213.45
2025-10-22 09:30:00,-2213.08
2025-10-22 09:45:00,-2214.9
2025-10-22 10:00:00,-2147.13
2025-10-22 10:15:00,-2151.2799999999997
2025-10-22 10:30:00,-2150.79
2025-10-22 10:45:00,-2161.65
2025-10-22 11:00:00,-1560.66
2025-10-22 11:15:00,-1560.33
2025-10-22 11:30:00,-1566.89
2025-10-22 11:45:00,-1565.02
2025-10-22 12:00:00,-2868.66
2025-10-22 12:15:00,-2872.98
2025-10-22 12:30:00,-2871.77
2025-10-22 12:45:00,-2870.92
2025-10-22 13:00:00,-2292.08
2025-10-22 13:15:00,-2287.88
2025-10-22 13:30:00,-2285.0699999999997
2025-10-22 13:45:00,-2280.71
2025-10-22 14:00:00,-1413.93
2025-10-22 14:15:00,-1406.39
2025-10-22 14:30:00,-1409.82
2025-10-22 14:45:00,-1417.12
2025-10-22 15:00:00,-981.6600000000001
2025-10-22 15:15:00,-994.78
2025-10-22 15:30:00,-998.8299999999999
2025-10-22 15:45:00,-993.79
2025-10-22 16:00:00,-494.3399999999999
2025-10-22 16:15:00,-488.0999999999999
2025-10-22 16:30:00,-483.27
2025-10-22 16:45:00,-495.3299999999999
2025-10-22 17:00:00,-277.04999999999995
2025-10-22 17:15:00,-298.6300000000001
2025-10-22 17:30:00,-307.71000000000004
2025-10-22 17:45:00,-305.96000000000004
2025-10-22 18:00:00,-84.0
2025-10-22 18:15:00,-95.1099999999999
2025-10-22 18:30:00,-94.23000000000002
2025-10-22 18:45:00,-98.80999999999995
2025-10-22 19:00:00,167.26999999999998
2025-10-22 19:15:00,152.73000000000002
2025-10-22 19:30:00,147.99
2025-10-22 19:45:00,133.1500000000001
2025-10-22 20:00:00,-62.48000000000002
2025-10-22 20:15:00,-80.50999999999999
2025-10-22 20:30:00,-93.75
2025-10-22 20:45:00,-114.16000000000008
2025-10-22 21:00:00,33.1400000000001
2025-10-22 21:15:00,17.930000000000064
2025-10-22 21:30:00,-0.18000000000006366
2025-10-22 21:45:00,-10.430000000000064
2025-10-22 22:00:00,-169.31999999999994
2025-10-22 22:15:00,-183.75
2025-10-22 22:30:00,-195.25
2025-10-22 22:45:00,-208.51
2025-10-22 23:00:00,238.8599999999999
2025-10-22 23:15:00,229.02999999999997
2025-10-22 23:30:00,218.73000000000002
2025-10-22 23:45:00,218.49
2025-10-23 00:00:00,158.56999999999994
2025-10-23 00:15:00,158.01
2025-10-23 00:30:00,150.01999999999998
2025-10-23 00:45:00,147.28999999999996
2025-10-23 01:00:00,529.6800000000001
2025-10-23 01:15:00,528.3199999999999
2025-10-23 01:30:00,530.79
2025-10-23 01:45:00,532.9200000000001
2025-10-23 02:00:00,592.04
2025-10-23 02:15:00,589.98
2025-10-23 02:30:00,592.03
2025-10-23 02:45:00,595.72
2025-10-23 03:00:00,392.8299999999999
2025-10-23 03:15:00,403.3599999999999
2025-10-23 03:30:00,421.1600000000001
2025-10-23 03:45:00,439.06999999999994
2025-10-23 04:00:00,619.9100000000001
2025-10-23 04:15:00,649.94
2025-10-23 04:30:00,698.51
2025-10-23 04:45:00,724.01
2025-10-23 05:00:00,889.03
2025-10-23 05:15:00,919.6199999999999
2025-10-23 05:30:00,947.1099999999999
2025-10-23 05:45:00,949.97
2025-10-23 06:00:00,338.4200000000001
2025-10-23 06:15:00,338.1500000000001
2025-10-23 06:30:00,340.3800000000001
2025-10-23 06:45:00,339.1500000000001
2025-10-23 07:00:00,426.8299999999999
2025-10-23 07:15:00,423.22
2025-10-23 07:30:00,422.9100000000001
2025-10-23 07:45:00,411.52
2025-10-23 08:00:00,-298.3800000000001
2025-10-23 08:15:00,-309.70000000000005
2025-10-23 08:30:00,-273.92999999999984
2025-10-23 08:45:00,-320.69000000000005
2025-10-23 09:00:00,65.98000000000002
2025-10-23 09:15:00,56.26999999999998
2025-10-23 09:30:00,51.190000000000055
2025-10-23 09:45:00,42.559999999999945
2025-10-23 10:00:00,41.00999999999999
2025-10-23 10:15:00,54.3599999999999
2025-10-23 10:30:00,55.680000000000064
2025-10-23 10:45:00,44.01999999999998
2025-10-23 11:00:00,-33.299999999999955
2025-10-23 11:15:00,-32.950000000000045
2025-10-23 11:30:00,-38.940000000000055
2025-10-23 11:45:00,-37.77999999999997
2025-10-23 12:00:00,141.27999999999997
2025-10-23 12:15:00,147.02999999999997
2025-10-23 12:30:00,151.28999999999996
2025-10-23 12:45:00,146.83999999999992
2025-10-23 13:00:00,-405.43000000000006
2025-10-23 13:15:00,-393.4200000000001
2025-10-23 13:30:00,-380.05999999999995
2025-10-23 13:45:00,-371.9100000000001
2025-10-23 14:00:00,341.29999999999995
2025-10-23 14:15:00,354.52
2025-10-23 14:30:00,358.71000000000004
2025-10-23 14:45:00,361.24
2025-10-23 15:00:00,971.26
2025-10-23 15:15:00,962.6700000000001
2025-10-23 15:30:00,970.8299999999999
2025-10-23 15:45:00,981.45
2025-10-23 16:00:00,-142.3900000000001
2025-10-23 16:15:00,-143.3800000000001
2025-10-23 16:30:00,-134.29999999999995
2025-10-23 16:45:00,-127.96000000000004
2025-10-23 17:00:00,-391.28
2025-10-23 17:15:00,-393.78999999999996
2025-10-23 17:30:00,-394.01
2025-10-23 17:45:00,-392.70000000000005
2025-10-23 18:00:00,-457.6300000000001
2025-10-23 18:15:00,-461.97
2025-10-23 18:30:00,-463.6400000000001
2025-10-23 18:45:00,-475.1099999999999
2025-10-23 19:00:00,-1646.36
2025-10-23 19:15:00,-1659.4
2025-10-23 19:30:00,-1668.12
2025-10-23 19:45:00,-1672.91
2025-10-23 20:00:00,-874.96
2025-10-23 20:15:00,-889.6099999999999
2025-10-23 20:30:00,-903.8299999999999
2025-10-23 20:45:00,-918.0699999999999
2025-10-23 21:00:00,-1663.86
2025-10-23 21:15:00,-1686.66
2025-10-23 21:30:00,-1670.51
2025-10-23 21:45:00,-1672.46
2025-10-23 22:00:00,-2378.6400000000003
2025-10-23 22:15:00,-2391.71
2025-10-23 22:30:00,-2405.8599999999997
2025-10-23 22:45:00,-2414.98
2025-10-23 23:00:00,-1602.84
2025-10-23 23:15:00,-1617.63
2025-10-23 23:30:00,-1620.89
2025-10-23 23:45:00,-1627.61
2025-10-24 00:00:00,-1492.69
2025-10-24 00:15:00,-1496.85
2025-10-24 00:30:00,-1505.19
2025-10-24 00:45:00,-1502.76
2025-10-24 01:00:00,-1320.76
2025-10-24 01:15:00,-1329.21
2025-10-24 01:30:00,-1325.9
2025-10-24 01:45:00,-1327.63
2025-10-24 02:00:00,-850.98
2025-10-24 02:15:00,-853.47
2025-10-24 02:30:00,-860.0799999999999
2025-10-24 02:45:00,-856.06
2025-10-24 03:00:00,-1355.97
2025-10-24 03:15:00,-1348.19
2025-10-24 03:30:00,-1335.26
2025-10-24 03:45:00,-1322.48
2025-10-24 04:00:00,-2529.4
2025-10-24 04:15:00,-2507.98
2025-10-24 04:30:00,-2458.31
2025-10-24 04:45:00,-2419.46
2025-10-24 05:00:00,-2345.5299999999997
2025-10-24 05:15:00,-2314.9
2025-10-24 05:30:00,-2292.79
2025-10-24 05:45:00,-2279.06
2025-10-24 06:00:00,-3106.6099999999997
2025-10-24 06:15:00,-3114.81
2025-10-24 06:30:00,-3115.54
2025-10-24 06:45:00,-3115.09
2025-10-24 07:00:00,-2454.15
2025-10-24 07:15:00,-2455.74
2025-10-24 07:30:00,-2459.71
2025-10-24 07:45:00,-2463.88
2025-10-24 08:00:00,-1936.78
2025-10-24 08:15:00,-1942.55
2025-10-24 08:30:00,-1936.79
2025-10-24 08:45:00,-1947.24
2025-10-24 09:00:00,-1858.55
2025-10-24 09:15:00,-1863.96
2025-10-24 09:30:00,-1870.51
2025-10-24 09:45:00,-1875.25
2025-10-24 10:00:00,-1791.8
2025-10-24 10:15:00,-1778.61
2025-10-24 10:30:00,-1765.32
2025-10-24 10:45:00,-1762.89
2025-10-24 11:00:00,-1750.38
2025-10-24 11:15:00,-1747.16
2025-10-24 11:30:00,-1746.68
2025-10-24 11:45:00,-1769.39
2025-10-24 12:00:00,-1181.61
2025-10-24 12:15:00,-1188.84
2025-10-24 12:30:00,-1189.6
2025-10-24 12:45:00,-1184.71
2025-10-24 13:00:00,-608.76
2025-10-24 13:15:00,-609.26
2025-10-24 13:30:00,-603.8299999999999
2025-10-24 13:45:00,-597.4300000000001
2025-10-24 14:00:00,-620.6800000000001
2025-10-24 14:15:00,-612.8800000000001
2025-10-24 14:30:00,-643.75
2025-10-24 14:45:00,-647.79
2025-10-24 15:00:00,-754.0699999999999
2025-10-24 15:15:00,-761.01
2025-10-24 15:30:00,-748.56
2025-10-24 15:45:00,-747.0
2025-10-24 16:00:00,-758.6199999999999
2025-10-24 16:15:00,-753.79
2025-10-24 16:30:00,-747.8199999999999
2025-10-24 16:45:00,-750.3699999999999
2025-10-24 17:00:00,-790.44
2025-10-24 17:15:00,-794.0999999999999
2025-10-24 17:30:00,-807.9100000000001
2025-10-24 17:45:00,-832.9000000000001
2025-10-24 18:00:00,-721.71
2025-10-24 18:15:00,-736.95
2025-10-24 18:30:00,-744.28
2025-10-24 18:45:00,-729.81
2025-10-24 19:00:00,-460.9499999999998
2025-10-24 19:15:00,-489.78999999999996
2025-10-24 19:30:00,-495.5300000000002
2025-10-24 19:45:00,-317.7199999999998
2025-10-24 20:00:00,-114.5
2025-10-24 20:15:00,-60.88000000000011
2025-10-24 20:30:00,-69.46000000000004
2025-10-24 20:45:00,-76.05999999999995
2025-10-24 21:00:00,156.65999999999985
2025-10-24 21:15:00,138.5
2025-10-24 21:30:00,126.17000000000007
2025-10-24 21:45:00,131.76999999999998
2025-10-24 22:00:00,369.2800000000002
2025-10-24 22:15:00,360.30999999999995
2025-10-24 22:30:00,354.90999999999985
2025-10-24 22:45:00,341.6300000000001
2025-10-24 23:00:00,627.0
2025-10-24 23:15:00,620.9099999999999
2025-10-24 23:30:00,615.8899999999999
2025-10-24 23:45:00,605.02
2025-10-25 00:00:00,614.4099999999999
2025-10-25 00:15:00,604.4299999999998
2025-10-25 00:30:00,599.1599999999999
2025-10-25 00:45:00,590.27
2025-10-25 01:00:00,494.28999999999996
2025-10-25 01:15:00,491.09000000000015
2025-10-25 01:30:00,494.03999999999996
2025-10-25 01:45:00,493.1999999999998
2025-10-25 02:00:00,313.25
2025-10-25 02:15:00,314.09000000000015
2025-10-25 02:30:00,312.82000000000016
2025-10-25 02:45:00,303.3800000000001
2025-10-25 03:00:00,-351.3600000000001
2025-10-25 03:15:00,-347.6300000000001
2025-10-25 03:30:00,-345.0799999999999
2025-10-25 03:45:00,-345.1999999999998
2025-10-25 04:00:00,113.98000000000002
2025-10-25 04:15:00,124.69999999999982
2025-10-25 04:30:00,139.76999999999998
2025-10-25 04:45:00,146.0300000000002
2025-10-25 05:00:00,270.8899999999999
2025-10-25 05:15:00,292.5500000000002
2025-10-25 05:30:00,283.82000000000016
2025-10-25 05:45:00,287.07000000000016
2025-10-25 06:00:00,186.01999999999998
2025-10-25 06:15:00,201.69999999999982
2025-10-25 06:30:00,216.7199999999998
2025-10-25 06:45:00,228.73000000000002
2025-10-25 07:00:00,575.4899999999998
2025-10-25 07:15:00,579.73
2025-10-25 07:30:00,589.04
2025-10-25 07:45:00,611.4299999999998
2025-10-25 08:00:00,747.1500000000001
2025-10-25 08:15:00,751.6799999999998
2025-10-25 08:30:00,760.0700000000002
2025-10-25 08:45:00,764.0999999999999
2025-10-25 09:00:00,1399.8899999999999
2025-10-25 09:15:00,1390.7199999999998
2025-10-25 09:30:00,1383.9499999999998
2025-10-25 09:45:00,1378.71
2025-10-25 10:00:00,1605.73
2025-10-25 10:15:00,1601.3899999999999
2025-10-25 10:30:00,1596.0900000000001
2025-10-25 10:45:00,1589.67
2025-10-25 11:00:00,1654.7800000000002
2025-10-25 11:15:00,1645.56
2025-10-25 11:30:00,1643.06
2025-10-25 11:45:00,1638.2399999999998
2025-10-25 12:00:00,1330.58
2025-10-25 12:15:00,1348.0100000000002
2025-10-25 12:30:00,1357.56
2025-10-25 12:45:00,1343.2399999999998
2025-10-25 13:00:00,1278.2600000000002
2025-10-25 13:15:00,1229.2600000000002
2025-10-25 13:30:00,1239.94
2025-10-25 13:45:00,1242.0100000000002
2025-10-25 14:00:00,941.19
2025-10-25 14:15:00,950.6399999999999
2025-10-25 14:30:00,955.1399999999999
2025-10-25 14:45:00,966.0300000000002
2025-10-25 15:00:00,1624.67
2025-10-25 15:15:00,1632.8899999999999
2025-10-25 15:30:00,1628.0
2025-10-25 15:45:00,1643.4699999999998
2025-10-25 16:00:00,1285.67
2025-10-25 16:15:00,1302.0100000000002
2025-10-25 16:30:00,1317.0
2025-10-25 16:45:00,1310.5900000000001
2025-10-25 17:00:00,2047.25
2025-10-25 17:15:00,2039.8200000000002
2025-10-25 17:30:00,2024.94
2025-10-25 17:45:00,2003.06
2025-10-25 18:00:00,1439.5700000000002
2025-10-25 18:15:00,1495.08
2025-10-25 18:30:00,1497.4699999999998
2025-10-25 18:45:00,1489.83
2025-10-25 19:00:00,1185.0300000000002
2025-10-25 19:15:00,1176.0700000000002
2025-10-25 19:30:00,1169.79
2025-10-25 19:45:00,1159.06
2025-10-25 20:00:00,1610.8600000000001
2025-10-25 20:15:00,1596.0
2025-10-25 20:30:00,1590.6100000000001
2025-10-25 20:45:00,1588.94
2025-10-25 21:00:00,1156.8899999999999
2025-10-25 21:15:00,1149.21
2025-10-25 21:30:00,1152.2600000000002
2025-10-25 21:45:00,1135.3200000000002
2025-10-25 22:00:00,1337.6
2025-10-25 22:15:00,1322.9
2025-10-25 22:30:00,1318.75
2025-10-25 22:45:00,1311.98
2025-10-25 23:00:00,1198.9
2025-10-25 23:15:00,1174.56
2025-10-25 23:30:00,1167.1
2025-10-25 23:45:00,1164.9299999999998
2025-10-26 00:00:00,1088.0900000000001
2025-10-26 00:15:00,1091.1799999999998
2025-10-26 00:30:00,1086.5
2025-10-26 00:45:00,1073.06
2025-10-26 01:00:00,1163.56
2025-10-26 01:15:00,1153.4299999999998
2025-10-26 01:30:00,1162.02
2025-10-26 01:45:00,1157.2399999999998
2025-10-26 02:00:00,2062.0
2025-10-26 02:15:00,2051.81
2025-10-26 02:30:00,2048.97
2025-10-26 02:45:00,2045.7199999999998
2025-10-26 03:00:00,2141.32
2025-10-26 03:15:00,2136.49
2025-10-26 03:30:00,2135.51
2025-10-26 03:45:00,2138.76
2025-10-26 04:00:00,2058.07
2025-10-26 04:15:00,2058.85
2025-10-26 04:30:00,2063.07
2025-10-26 04:45:00,2062.17
2025-10-26 05:00:00,825.54
2025-10-26 05:15:00,835.1300000000001
2025-10-26 05:30:00,848.8899999999999
2025-10-26 05:45:00,845.3699999999999
2025-10-26 06:00:00,1018.5999999999999
2025-10-26 06:15:00,1033.06
2025-10-26 06:30:00,1041.94
2025-10-26 06:45:00,1045.4
2025-10-26 07:00:00,1928.5500000000002
2025-10-26 07:15:00,1939.79
2025-10-26 07:30:00,1962.65
2025-10-26 07:45:00,1972.5700000000002
2025-10-26 08:00:00,1312.0700000000002
2025-10-26 08:15:00,1319.9299999999998
2025-10-26 08:30:00,1326.6999999999998
2025-10-26 08:45:00,1338.1
2025-10-26 09:00:00,436.17999999999984
2025-10-26 09:15:00,441.30999999999995
2025-10-26 09:30:00,439.9200000000001
2025-10-26 09:45:00,441.40999999999985
2025-10-26 10:00:00,901.77
2025-10-26 10:15:00,904.2399999999998
2025-10-26 10:30:00,895.3200000000002
2025-10-26 10:45:00,891.52
2025-10-26 11:00:00,791.9299999999998
2025-10-26 11:15:00,787.5
2025-10-26 11:30:00,787.8600000000001
2025-10-26 11:45:00,784.6199999999999
2025-10-26 12:00:00,-247.1199999999999
2025-10-26 12:15:00,-238.2800000000002
2025-10-26 12:30:00,-239.5
2025-10-26 12:45:00,-234.8800000000001
2025-10-26 13:00:00,158.0300000000002
2025-10-26 13:15:00,160.48000000000002
2025-10-26 13:30:00,172.42000000000007
2025-10-26 13:45:00,180.5300000000002
2025-10-26 14:00:00,-87.32999999999993
2025-10-26 14:15:00,-90.73999999999978
2025-10-26 14:30:00,-85.11999999999989
2025-10-26 14:45:00,-76.82999999999993
2025-10-26 15:00:00,783.29
2025-10-26 15:15:00,779.96
2025-10-26 15:30:00,784.7600000000002
2025-10-26 15:45:00,789.75
2025-10-26 16:00:00,560.2600000000002
2025-10-26 16:15:00,579.6700000000001
2025-10-26 16:30:00,584.06
2025-10-26 16:45:00,589.9899999999998
2025-10-26 17:00:00,822.5799999999999
2025-10-26 17:15:00,825.8499999999999
2025-10-26 17:30:00,825.1399999999999
2025-10-26 17:45:00,818.4099999999999
2025-10-26 18:00:00,393.5100000000002
2025-10-26 18:15:00,388.30999999999995
2025-10-26 18:30:00,377.6399999999999
2025-10-26 18:45:00,378.8899999999999
2025-10-26 19:00:00,141.55000000000018
2025-10-26 19:15:00,136.61000000000013
2025-10-26 19:30:00,135.28999999999996
2025-10-26 19:45:00,128.88999999999987
2025-10-26 20:00:00,1777.44
2025-10-26 20:15:00,1765.71
2025-10-26 20:30:00,1756.56
2025-10-26 20:45:00,1734.5700000000002
2025-10-26 21:00:00,1855.5300000000002
2025-10-26 21:15:00,1845.17
2025-10-26 21:30:00,1922.75
2025-10-26 21:45:00,1911.3600000000001
2025-10-26 22:00:00,2262.79
2025-10-26 22:15:00,2247.93
2025-10-26 22:30:00,2238.46
2025-10-26 22:45:00,2223.08
2025-10-26 23:00:00,2185.3
2025-10-26 23:15:00,2176.23
2025-10-26 23:30:00,2164.21
2025-10-26 23:45:00,2152.97
2025-10-27 00:00:00,1998.92
2025-10-27 00:15:00,1988.8000000000002
2025-10-27 00:30:00,1984.1100000000001
2025-10-27 00:45:00,1979.06
2025-10-27 01:00:00,1646.9099999999999
2025-10-27 01:15:00,1648.31
2025-10-27 01:30:00,1641.37
2025-10-27 01:45:00,1640.4499999999998
2025-10-27 02:00:00,1521.2800000000002
2025-10-27 02:15:00,1519.04
2025-10-27 02:30:00,1520.3600000000001
2025-10-27 02:45:00,1520.4099999999999
2025-10-27 03:00:00,1252.3400000000001
2025-10-27 03:15:00,1250.87
2025-10-27 03:30:00,1252.3200000000002
2025-10-27 03:45:00,1257.33
2025-10-27 04:00:00,1357.3000000000002
2025-10-27 04:15:00,1368.27
2025-10-27 04:30:00,1386.25
2025-10-27 04:45:00,1406.9499999999998
2025-10-27 05:00:00,1071.66
2025-10-27 05:15:00,1054.52
2025-10-27 05:30:00,1079.66
2025-10-27 05:45:00,1115.93
2025-10-27 06:00:00,785.22
2025-10-27 06:15:00,814.44
2025-10-27 06:30:00,825.1999999999998
2025-10-27 06:45:00,838.1700000000001
2025-10-27 07:00:00,639.0100000000002
2025-10-27 07:15:00,648.9499999999998
2025-10-27 07:30:00,650.5
2025-10-27 07:45:00,672.56
2025-10-27 08:00:00,982.0700000000002
2025-10-27 08:15:00,801.19
2025-10-27 08:30:00,803.8800000000001
2025-10-27 08:45:00,969.9899999999998
2025-10-27 09:00:00,775.3499999999999
2025-10-27 09:15:00,777.0300000000002
2025-10-27 09:30:00,748.3400000000001
2025-10-27 09:45:00,732.4200000000001
2025-10-27 10:00:00,17.690000000000055
2025-10-27 10:15:00,11.86999999999989
2025-10-27 10:30:00,-2.230000000000018
2025-10-27 10:45:00,-8.190000000000055
2025-10-27 11:00:00,-872.0699999999999
2025-10-27 11:15:00,-870.81
2025-10-27 11:30:00,-886.1600000000001
2025-10-27 11:45:00,-890.49
2025-10-27 12:00:00,-1253.24
2025-10-27 12:15:00,-1239.48
2025-10-27 12:30:00,-1236.09
2025-10-27 12:45:00,-1234.73
2025-10-27 13:00:00,-2127.49
2025-10-27 13:15:00,-2123.15
2025-10-27 13:30:00,-2118.06
2025-10-27 13:45:00,-2105.56
2025-10-27 14:00:00,-3213.1099999999997
2025-10-27 14:15:00,-3203.3900000000003
2025-10-27 14:30:00,-3189.3199999999997
2025-10-27 14:45:00,-3168.53
2025-10-27 15:00:00,-3468.34
2025-10-27 15:15:00,-3441.36
2025-10-27 15:30:00,-3438.6
2025-10-27 15:45:00,-3422.45
2025-10-27 16:00:00,-3289.86
2025-10-27 16:15:00,-3301.41
2025-10-27 16:30:00,-3313.84
2025-10-27 16:45:00,-3306.61
2025-10-27 17:00:00,-2464.83
2025-10-27 17:15:00,-2468.46
2025-10-27 17:30:00,-2471.78
2025-10-27 17:45:00,-2478.18
2025-10-27 18:00:00,-1996.52
2025-10-27 18:15:00,-1996.1
2025-10-27 18:30:00,-1999.1599999999999
2025-10-27 18:45:00,-1987.35
2025-10-27 19:00:00,-1181.96
2025-10-27 19:15:00,-1180.4299999999998
2025-10-27 19:30:00,-1174.8000000000002
2025-10-27 19:45:00,-1181.38
2025-10-27 20:00:00,-246.0300000000002
2025-10-27 20:15:00,-257.3699999999999
2025-10-27 20:30:00,-265.69000000000005
2025-10-27 20:45:00,-264.8399999999999
2025-10-27 21:00:00,731.0799999999999
2025-10-27 21:15:00,728.3599999999999
2025-10-27 21:30:00,720.3
2025-10-27 21:45:00,716.44
2025-10-27 22:00:00,717.97
2025-10-27 22:15:00,711.54
2025-10-27 22:30:00,755.01
2025-10-27 22:45:00,812.3499999999999
2025-10-27 23:00:00,859.1199999999999
2025-10-27 23:15:00,841.6599999999999
2025-10-27 23:30:00,826.4099999999999
2025-10-27 23:45:00,825.4699999999998
2025-10-28 00:00:00,1592.6999999999998
2025-10-28 00:15:00,1660.12
2025-10-28 00:30:00,1652.67
2025-10-28 00:45:00,1645.65
2025-10-28 01:00:00,1923.19
2025-10-28 01:15:00,1900.98
2025-10-28 01:30:00,1902.02
2025-10-28 01:45:00,1910.9
2025-10-28 02:00:00,2186.86
2025-10-28 02:15:00,2180.54
2025-10-28 02:30:00,2184.07
2025-10-28 02:45:00,2183.81
2025-10-28 03:00:00,2031.3600000000001
2025-10-28 03:15:00,2033.3899999999999
2025-10-28 03:30:00,2030.13
2025-10-28 03:45:00,2038.0500000000002
2025-10-28 04:00:00,1840.23
2025-10-28 04:15:00,1850.1599999999999
2025-10-28 04:30:00,1870.35
2025-10-28 04:45:00,1829.0300000000002
2025-10-28 05:00:00,1583.92
2025-10-28 05:15:00,1469.1599999999999
2025-10-28 05:30:00,1504.19
2025-10-28 05:45:00,1473.4099999999999
2025-10-28 06:00:00,1475.1399999999999
2025-10-28 06:15:00,1476.37
2025-10-28 06:30:00,1492.0
2025-10-28 06:45:00,1516.0100000000002
2025-10-28 07:00:00,1359.7600000000002
2025-10-28 07:15:00,1382.1999999999998
2025-10-28 07:30:00,1371.92
2025-10-28 07:45:00,1369.1399999999999
2025-10-28 08:00:00,1666.9
2025-10-28 08:15:00,1660.79
2025-10-28 08:30:00,1635.5900000000001
2025-10-28 08:45:00,1621.0900000000001
2025-10-28 09:00:00,1258.7399999999998
2025-10-28 09:15:00,1249.85
2025-10-28 09:30:00,1243.4299999999998
2025-10-28 09:45:00,1228.04
2025-10-28 10:00:00,1707.08
2025-10-28 10:15:00,1705.4899999999998
2025-10-28 10:30:00,1685.92
2025-10-28 10:45:00,1676.4699999999998
2025-10-28 11:00:00,1054.9899999999998
2025-10-28 11:15:00,1051.1999999999998
2025-10-28 11:30:00,1055.23
2025-10-28 11:45:00,1083.15
2025-10-28 12:00:00,-455.28999999999996
2025-10-28 12:15:00,-436.8899999999999
2025-10-28 12:30:00,-431.1199999999999
2025-10-28 12:45:00,-428.9699999999998
2025-10-28 13:00:00,-299.78999999999996
2025-10-28 13:15:00,-306.1199999999999
2025-10-28 13:30:00,-330.34000000000015
2025-10-28 13:45:00,-325.71000000000004
2025-10-28 14:00:00,263.0999999999999
2025-10-28 14:15:00,266.9499999999998
2025-10-28 14:30:00,279.96000000000004
2025-10-28 14:45:00,287.32000000000016
2025-10-28 15:00:00,543.9000000000001
2025-10-28 15:15:00,554.19
2025-10-28 15:30:00,567.5900000000001
2025-10-28 15:45:00,588.2399999999998
2025-10-28 16:00:00,329.6399999999999
2025-10-28 16:15:00,344.9699999999998
2025-10-28 16:30:00,345.5
2025-10-28 16:45:00,353.6500000000001
2025-10-28 17:00:00,98.51000000000022
2025-10-28 17:15:00,91.15000000000009
2025-10-28 17:30:00,88.48000000000002
2025-10-28 17:45:00,72.36999999999989
2025-10-28 18:00:00,411.94000000000005
2025-10-28 18:15:00,417.19000000000005
2025-10-28 18:30:00,400.96000000000004
2025-10-28 18:45:00,411.8499999999999
2025-10-28 19:00:00,139.0
2025-10-28 19:15:00,128.9000000000001
2025-10-28 19:30:00,135.84000000000015
2025-10-28 19:45:00,146.76000000000022
2025-10-28 20:00:00,657.8000000000002
2025-10-28 20:15:00,636.6199999999999
2025-10-28 20:30:00,636.8400000000001
2025-10-28 20:45:00,633.5300000000002
2025-10-28 21:00:00,945.7600000000002
2025-10-28 21:15:00,928.5999999999999
2025-10-28 21:30:00,922.1199999999999
2025-10-28 21:45:00,910.6999999999998
2025-10-28 22:00:00,1247.4299999999998
2025-10-28 22:15:00,1232.4099999999999
2025-10-28 22:30:00,1207.46
2025-10-28 22:45:00,1199.5
2025-10-28 23:00:00,893.02
2025-10-28 23:15:00,885.5999999999999
2025-10-28 23:30:00,873.6300000000001
2025-10-28 23:45:00,862.1500000000001
2025-10-29 00:00:00,537.8499999999999
2025-10-29 00:15:00,526.5500000000002
2025-10-29 00:30:00,520.19
2025-10-29 00:45:00,515.24
2025-10-29 01:00:00,818.44
2025-10-29 01:15:00,812.8699999999999
2025-10-29 01:30:00,809.9300000000001
2025-10-29 01:45:00,805.0699999999999
2025-10-29 02:00:00,1069.66
2025-10-29 02:15:00,1067.39
2025-10-29 02:30:00,1069.51
2025-10-29 02:45:00,1070.76
2025-10-29 03:00:00,948.53
2025-10-29 03:15:00,954.77
2025-10-29 03:30:00,952.6800000000001
2025-10-29 03:45:00,964.53
2025-10-29 04:00:00,797.1399999999999
2025-10-29 04:15:00,810.77
2025-10-29 04:30:00,833.77
2025-10-29 04:45:00,849.3600000000001
2025-10-29 05:00:00,761.56
2025-10-29 05:15:00,730.8599999999999
2025-10-29 05:30:00,750.8299999999999
2025-10-29 05:45:00,763.1199999999999
2025-10-29 06:00:00,1013.8400000000001
2025-10-29 06:15:00,1021.4299999999998
2025-10-29 06:30:00,1025.23
2025-10-29 06:45:00,1031.0300000000002
2025-10-29 07:00:00,1024.5700000000002
2025-10-29 07:15:00,1028.7600000000002
2025-10-29 07:30:00,1040.5
2025-10-29 07:45:00,1022.54
2025-10-29 08:00:00,654.6500000000001
2025-10-29 08:15:00,641.6700000000001
2025-10-29 08:30:00,635.0500000000002
2025-10-29 08:45:00,611.1700000000001
2025-10-29 09:00:00,17.75999999999999
2025-10-29 09:15:00,11.269999999999982
2025-10-29 09:30:00,-13.480000000000018
2025-10-29 09:45:00,-36.8900000000001
2025-10-29 10:00:00,191.54999999999995
2025-10-29 10:15:00,177.1500000000001
2025-10-29 10:30:00,154.45000000000005
2025-10-29 10:45:00,156.3900000000001
2025-10-29 11:00:00,508.8299999999999
2025-10-29 11:15:00,512.0799999999999
2025-10-29 11:30:00,504.97
2025-10-29 11:45:00,496.6500000000001
2025-10-29 12:00:00,162.56999999999994
2025-10-29 12:15:00,161.02999999999997
2025-10-29 12:30:00,153.42000000000007
2025-10-29 12:45:00,153.17000000000007
2025-10-29 13:00:00,47.549999999999955
2025-10-29 13:15:00,32.65000000000009
2025-10-29 13:30:00,42.02999999999997
2025-10-29 13:45:00,53.8900000000001
2025-10-29 14:00:00,-77.04999999999995
2025-10-29 14:15:00,-66.1099999999999
2025-10-29 14:30:00,-51.38000000000011
2025-10-29 14:45:00,-47.08999999999992
2025-10-29 15:00:00,-368.52
2025-10-29 15:15:00,-330.28
2025-10-29 15:30:00,-318.09000000000015
2025-10-29 15:45:00,-294.55999999999995
2025-10-29 16:00:00,85.59000000000015
2025-10-29 16:15:00,89.26999999999998
2025-10-29 16:30:00,85.19000000000005
2025-10-29 16:45:00,92.07000000000016
2025-10-29 17:00:00,59.73999999999978
2025-10-29 17:15:00,67.94000000000005
2025-10-29 17:30:00,66.76000000000022
2025-10-29 17:45:00,59.05000000000018
2025-10-29 18:00:00,96.42999999999984
2025-10-29 18:15:00,97.90000000000009
2025-10-29 18:30:00,86.69000000000005
2025-10-29 18:45:00,88.4699999999998
2025-10-29 19:00:00,-613.7600000000002
2025-10-29 19:15:00,-619.75
2025-10-29 19:30:00,-609.6700000000001
2025-10-29 19:45:00,-615.3499999999999
2025-10-29 20:00:00,-118.05999999999995
2025-10-29 20:15:00,-122.94999999999982
2025-10-29 20:30:00,-130.1199999999999
2025-10-29 20:45:00,-153.3900000000001
2025-10-29 21:00:00,-293.95000000000005
2025-10-29 21:15:00,-330.68000000000006
2025-10-29 21:30:00,-326.1099999999999
2025-10-29 21:45:00,-346.6199999999999
2025-10-29 22:00:00,-622.5899999999999
2025-10-29 22:15:00,-602.8699999999999
2025-10-29 22:30:00,-612.97
2025-10-29 22:45:00,-617.9000000000001
2025-10-29 23:00:00,-792.4100000000001
2025-10-29 23:15:00,-798.31
2025-10-29 23:30:00,-810.7
2025-10-29 23:45:00,-828.0
2025-10-30 00:00:00,47.15000000000009
2025-10-30 00:15:00,51.38000000000011
2025-10-30 00:30:00,61.3599999999999
2025-10-30 00:45:00,60.25
2025-10-30 01:00:00,471.75
2025-10-30 01:15:00,454.99
2025-10-30 01:30:00,462.3900000000001
2025-10-30 01:45:00,469.74
2025-10-30 02:00:00,303.94000000000005
2025-10-30 02:15:00,298.3900000000001
2025-10-30 02:30:00,287.3399999999999
2025-10-30 02:45:00,275.6600000000001
2025-10-30 03:00:00,-44.1099999999999
2025-10-30 03:15:00,-42.72000000000003
2025-10-30 03:30:00,-42.76999999999998
2025-10-30 03:45:00,-33.02999999999997
2025-10-30 04:00:00,352.70000000000005
2025-10-30 04:15:00,364.28
2025-10-30 04:30:00,380.69000000000005
2025-10-30 04:45:00,396.30999999999995
2025-10-30 05:00:00,679.5799999999999
2025-10-30 05:15:00,698.56
2025-10-30 05:30:00,730.0300000000002
2025-10-30 05:45:00,639.6100000000001
2025-10-30 06:00:00,773.0
2025-10-30 06:15:00,807.3800000000001
2025-10-30 06:30:00,827.0900000000001
2025-10-30 06:45:00,825.3800000000001
2025-10-30 07:00:00,915.0500000000002
2025-10-30 07:15:00,907.69
2025-10-30 07:30:00,917.9099999999999
2025-10-30 07:45:00,924.9699999999998
2025-10-30 08:00:00,259.5300000000002
2025-10-30 08:15:00,272.6100000000001
2025-10-30 08:30:00,279.82000000000016
2025-10-30 08:45:00,260.9000000000001
2025-10-30 09:00:00,94.57000000000016
2025-10-30 09:15:00,87.84999999999991
2025-10-30 09:30:00,59.44999999999982
2025-10-30 09:45:00,50.909999999999854
2025-10-30 10:00:00,1066.38
2025-10-30 10:15:00,1068.83
2025-10-30 10:30:00,1077.77
2025-10-30 10:45:00,1077.75
2025-10-30 11:00:00,991.1500000000001
2025-10-30 11:15:00,988.7800000000002
2025-10-30 11:30:00,986.5300000000002
2025-10-30 11:45:00,968.0
2025-10-30 12:00:00,113.76999999999998
2025-10-30 12:15:00,110.54999999999995
2025-10-30 12:30:00,92.42000000000007
2025-10-30 12:45:00,93.66000000000008
2025-10-30 13:00:00,10.730000000000018
2025-10-30 13:15:00,11.759999999999991
2025-10-30 13:30:00,-7.569999999999936
2025-10-30 13:45:00,5.039999999999964
2025-10-30 14:00:00,113.76999999999998
2025-10-30 14:15:00,132.80999999999995
2025-10-30 14:30:00,156.1199999999999
2025-10-30 14:45:00,167.05999999999995
2025-10-30 15:00:00,798.6799999999998
2025-10-30 15:15:00,810.96
2025-10-30 15:30:00,822.4200000000001
2025-10-30 15:45:00,828.4699999999998
2025-10-30 16:00:00,652.6300000000001
2025-10-30 16:15:00,655.6999999999998
2025-10-30 16:30:00,659.9899999999998
2025-10-30 16:45:00,667.0500000000002
2025-10-30 17:00:00,1000.73
2025-10-30 17:15:00,1009.8000000000002
2025-10-30 17:30:00,991.77
2025-10-30 17:45:00,994.7399999999998
2025-10-30 18:00:00,1686.5900000000001
2025-10-30 18:15:00,1690.77
2025-10-30 18:30:00,1690.5100000000002
2025-10-30 18:45:00,1685.1999999999998
2025-10-30 19:00:00,1565.79
2025-10-30 19:15:00,1563.5100000000002
2025-10-30 19:30:00,1569.71
2025-10-30 19:45:00,1576.06
2025-10-30 20:00:00,786.1300000000001
2025-10-30 20:15:00,780.9499999999998
2025-10-30 20:30:00,772.79
2025-10-30 20:45:00,759.81
2025-10-30 21:00:00,902.6500000000001
2025-10-30 21:15:00,895.8800000000001
2025-10-30 21:30:00,883.0
2025-10-30 21:45:00,869.9200000000001
2025-10-30 22:00:00,-141.55999999999995
2025-10-30 22:15:00,-151.04999999999995
2025-10-30 22:30:00,-158.19000000000005
2025-10-30 22:45:00,-169.73000000000002
2025-10-30 23:00:00,436.6099999999999
2025-10-30 23:15:00,426.69000000000005
2025-10-30 23:30:00,420.3299999999999
2025-10-30 23:45:00,401.6199999999999
2025-10-31 00:00:00,213.98000000000002
2025-10-31 00:15:00,203.91000000000008
2025-10-31 00:30:00,200.53999999999996
2025-10-31 00:45:00,196.22000000000003
2025-10-31 01:00:00,162.1300000000001
2025-10-31 01:15:00,158.82999999999993
2025-10-31 01:30:00,150.98000000000002
2025-10-31 01:45:00,149.3699999999999
2025-10-31 02:00:00,392.43000000000006
2025-10-31 02:15:00,397.3299999999999
2025-10-31 02:30:00,392.3299999999999
2025-10-31 02:45:00,391.56999999999994
2025-10-31 03:00:00,186.43000000000006
2025-10-31 03:15:00,183.69000000000005
2025-10-31 03:30:00,180.02999999999997
2025-10-31 03:45:00,175.8800000000001
2025-10-31 04:00:00,15.0
2025-10-31 04:15:00,21.269999999999982
2025-10-31 04:30:00,38.819999999999936
2025-10-31 04:45:00,57.819999999999936
2025-10-31 05:00:00,-369.31999999999994
2025-10-31 05:15:00,-343.7399999999998
2025-10-31 05:30:00,-309.55999999999995
2025-10-31 05:45:00,-280.6199999999999
2025-10-31 06:00:00,-232.32000000000016
2025-10-31 06:15:00,-202.01999999999998
2025-10-31 06:30:00,-187.2199999999998
2025-10-31 06:45:00,-186.67000000000007
2025-10-31 07:00:00,-153.42000000000007
2025-10-31 07:15:00,-153.0
2025-10-31 07:30:00,-151.8800000000001
2025-10-31 07:45:00,-127.34000000000015
2025-10-31 08:00:00,-669.4699999999998
2025-10-31 08:15:00,-675.8499999999999
2025-10-31 08:30:00,-669.1100000000001
2025-10-31 08:45:00,-669.6300000000001
2025-10-31 09:00:00,-680.3899999999999
2025-10-31 09:15:00,-686.1799999999998
2025-10-31 09:30:00,-691.8899999999999
2025-10-31 09:45:00,-686.5300000000002
2025-10-31 10:00:00,-1214.15
2025-10-31 10:15:00,-1217.46
2025-10-31 10:30:00,-1232.56
2025-10-31 10:45:00,-1236.15
2025-10-31 11:00:00,-1952.04
2025-10-31 11:15:00,-1960.73
2025-10-31 11:30:00,-1973.87
2025-10-31 11:45:00,-1979.52
2025-10-31 12:00:00,-2722.08
2025-10-31 12:15:00,-2723.3
2025-10-31 12:30:00,-2723.16
2025-10-31 12:45:00,-2730.5
2025-10-31 13:00:00,-3684.02
2025-10-31 13:15:00,-3682.69
2025-10-31 13:30:00,-3686.97
2025-10-31 13:45:00,-3689.66
2025-10-31 14:00:00,-2870.0
2025-10-31 14:15:00,-2870.18
2025-10-31 14:30:00,-2855.99
2025-10-31 14:45:00,-2847.29
2025-10-31 15:00:00,-2370.84
2025-10-31 15:15:00,-2360.94
2025-10-31 15:30:00,-2361.27
2025-10-31 15:45:00,-2358.08
2025-10-31 16:00:00,-2048.77
2025-10-31 16:15:00,-2056.1
2025-10-31 16:30:00,-2060.28
2025-10-31 16:45:00,-2067.71
2025-10-31 17:00:00,-1061.69
2025-10-31 17:15:00,-1071.0700000000002
2025-10-31 17:30:00,-1074.42
2025-10-31 17:45:00,-1092.5
2025-10-31 18:00:00,-1098.35
2025-10-31 18:15:00,-1102.1
2025-10-31 18:30:00,-1118.94
2025-10-31 18:45:00,-1127.15
2025-10-31 19:00:00,-916.3200000000002
2025-10-31 19:15:00,-922.7600000000002
2025-10-31 19:30:00,-929.8200000000002
2025-10-31 19:45:00,-946.7800000000002
2025-10-31 20:00:00,-622.1700000000001
2025-10-31 20:15:00,-633.0
2025-10-31 20:30:00,-637.25
2025-10-31 20:45:00,-650.7800000000002
2025-10-31 21:00:00,-963.3900000000001
2025-10-31 21:15:00,-988.52
2025-10-31 21:30:00,-1000.3499999999999
2025-10-31 21:45:00,-1023.5
2025-10-31 22:00:00,-1394.93
2025-10-31 22:15:00,-1417.21
2025-10-31 22:30:00,-1431.47
2025-10-31 22:45:00,-1437.89
2025-10-31 23:00:00,-970.29
2025-10-31 23:15:00,-986.96
2025-10-31 23:30:00,-1000.94
2025-10-31 23:45:00,-1018.7
2025-11-01 00:00:00,-1676.59
2025-11-01 00:15:00,-1690.34
2025-11-01 00:30:00,-1705.94
2025-11-01 00:45:00,-1707.54
2025-11-01 01:00:00,-1917.49
2025-11-01 01:15:00,-1927.29
2025-11-01 01:30:00,-1922.46
2025-11-01 01:45:00,-1926.46
2025-11-01 02:00:00,-2131.3900000000003
2025-11-01 02:15:00,-2032.14
2025-11-01 02:30:00,-2030.44
2025-11-01 02:45:00,-2031.1
2025-11-01 03:00:00,-3821.79
2025-11-01 03:15:00,-3824.2799999999997
2025-11-01 03:30:00,-3827.7200000000003
2025-11-01 03:45:00,-3828.01
2025-11-01 04:00:00,-2653.99
2025-11-01 04:15:00,-2655.45
2025-11-01 04:30:00,-2657.94
2025-11-01 04:45:00,-2650.6800000000003
2025-11-01 05:00:00,-3417.06
2025-11-01 05:15:00,-3411.0
2025-11-01 05:30:00,-3406.3
2025-11-01 05:45:00,-3410.08
2025-11-01 06:00:00,-3610.44
2025-11-01 06:15:00,-3605.58
2025-11-01 06:30:00,-3599.63
2025-11-01 06:45:00,-3585.29
2025-11-01 07:00:00,-2583.29
2025-11-01 07:15:00,-2579.1
2025-11-01 07:30:00,-2566.17
2025-11-01 07:45:00,-2550.41
2025-11-01 08:00:00,-2849.2
2025-11-01 08:15:00,-2997.27
2025-11-01 08:30:00,-2947.0
2025-11-01 08:45:00,-2810.88
2025-11-01 09:00:00,-3767.77
2025-11-01 09:15:00,-3761.96
2025-11-01 09:30:00,-3756.9
2025-11-01 09:45:00,-3770.29
2025-11-01 10:00:00,-4703.01
2025-11-01 10:15:00,-4704.63
2025-11-01 10:30:00,-4693.85
2025-11-01 10:45:00,-4690.0599999999995
2025-11-01 11:00:00,-5187.07
2025-11-01 11:15:00,-5184.860000000001
2025-11-01 11:30:00,-5189.08
2025-11-01 11:45:00,-5193.780000000001
2025-11-01 12:00:00,-6748.780000000001
2025-11-01 12:15:00,-6739.25
2025-11-01 12:30:00,-6747.9
2025-11-01 12:45:00,-6748.05
2025-11-01 13:00:00,-7146.27
2025-11-01 13:15:00,-7166.889999999999
2025-11-01 13:30:00,-7163.610000000001
2025-11-01 13:45:00,-7162.52
2025-11-01 14:00:00,-7141.43
2025-11-01 14:15:00,-7184.41
2025-11-01 14:30:00,-7169.139999999999
2025-11-01 14:45:00,-7157.65
2025-11-01 15:00:00,-2837.67
2025-11-01 15:15:00,-2823.83
2025-11-01 15:30:00,-2819.94
2025-11-01 15:45:00,-2818.88
2025-11-01 16:00:00,-4634.21
2025-11-01 16:15:00,-4641.95
2025-11-01 16:30:00,-4651.9
2025-11-01 16:45:00,-4654.0
2025-11-01 17:00:00,-5001.860000000001
2025-11-01 17:15:00,-5016.37
2025-11-01 17:30:00,-5017.16
2025-11-01 17:45:00,-5027.43
2025-11-01 18:00:00,-5519.98
2025-11-01 18:15:00,-5525.6900000000005
2025-11-01 18:30:00,-5532.2
2025-11-01 18:45:00,-5540.47
2025-11-01 19:00:00,-6502.54
2025-11-01 19:15:00,-6522.33
2025-11-01 19:30:00,-6531.89
2025-11-01 19:45:00,-6543.96
2025-11-01 20:00:00,-7530.04
2025-11-01 20:15:00,-7538.12
2025-11-01 20:30:00,-7544.6
2025-11-01 20:45:00,-7559.98
2025-11-01 21:00:00,-5286.36
2025-11-01 21:15:00,-5297.4400000000005
2025-11-01 21:30:00,-5308.18
2025-11-01 21:45:00,-5315.98
2025-11-01 22:00:00,-4346.67
2025-11-01 22:15:00,-4361.23
2025-11-01 22:30:00,-4368.82
2025-11-01 22:45:00,-4379.83
2025-11-01 23:00:00,-4670.18
2025-11-01 23:15:00,-4677.62
2025-11-01 23:30:00,-4681.15
2025-11-01 23:45:00,-4690.85
2025-11-02 00:00:00,-3706.12
2025-11-02 00:15:00,-3715.7799999999997
2025-11-02 00:30:00,-3724.1400000000003
2025-11-02 00:45:00,-3731.1400000000003
2025-11-02 01:00:00,-3182.41
2025-11-02 01:15:00,-3197.12
2025-11-02 01:30:00,-3193.46
2025-11-02 01:45:00,-3198.79
2025-11-02 02:00:00,-3654.5
2025-11-02 02:15:00,-3660.67
2025-11-02 02:30:00,-3669.05
2025-11-02 02:45:00,-3676.13
2025-11-02 03:00:00,-3306.2
2025-11-02 03:15:00,-3312.08
2025-11-02 03:30:00,-3310.74
2025-11-02 03:45:00,-3311.04
2025-11-02 04:00:00,-3278.08
2025-11-02 04:15:00,-3274.4300000000003
2025-11-02 04:30:00,-3272.76
2025-11-02 04:45:00,-3265.2200000000003
2025-11-02 05:00:00,-3236.26
2025-11-02 05:15:00,-3224.4300000000003
2025-11-02 05:30:00,-3221.3900000000003
2025-11-02 05:45:00,-3216.6400000000003
2025-11-02 06:00:00,-2245.44
2025-11-02 06:15:00,-2239.41
2025-11-02 06:30:00,-2226.9700000000003
2025-11-02 06:45:00,-2216.3900000000003
2025-11-02 07:00:00,-3199.5299999999997
2025-11-02 07:15:00,-3189.63
2025-11-02 07:30:00,-3175.3
2025-11-02 07:45:00,-3167.91
2025-11-02 08:00:00,-2994.54
2025-11-02 08:15:00,-2982.08
2025-11-02 08:30:00,-2967.45
2025-11-02 08:45:00,-2966.29
2025-11-02 09:00:00,-3049.8
2025-11-02 09:15:00,-3041.19
2025-11-02 09:30:00,-3031.13
2025-11-02 09:45:00,-3034.04
2025-11-02 10:00:00,-3725.0
2025-11-02 10:15:00,-3726.09
2025-11-02 10:30:00,-3716.91
2025-11-02 10:45:00,-3724.5699999999997
2025-11-02 11:00:00,-2764.54
2025-11-02 11:15:00,-2766.04
2025-11-02 11:30:00,-2765.63
2025-11-02 11:45:00,-2765.69
2025-11-02 12:00:00,-3185.99
2025-11-02 12:15:00,-3181.12
2025-11-02 12:30:00,-3172.6400000000003
2025-11-02 12:45:00,-3172.81
2025-11-02 13:00:00,-2352.17
2025-11-02 13:15:00,-2360.73
2025-11-02 13:30:00,-2356.13
2025-11-02 13:45:00,-2355.2
2025-11-02 14:00:00,-3238.4
2025-11-02 14:15:00,-3232.51
2025-11-02 14:30:00,-3213.77
2025-11-02 14:45:00,-3199.6400000000003
2025-11-02 15:00:00,-4005.6800000000003
2025-11-02 15:15:00,-3992.85
2025-11-02 15:30:00,-3976.42
2025-11-02 15:45:00,-3978.63
2025-11-02 16:00:00,-4082.33
2025-11-02 16:15:00,-4081.87
2025-11-02 16:30:00,-4077.8199999999997
2025-11-02 16:45:00,-4071.02
2025-11-02 17:00:00,-4579.37
2025-11-02 17:15:00,-4583.57
2025-11-02 17:30:00,-4574.74
2025-11-02 17:45:00,-4579.3099999999995
2025-11-02 18:00:00,-4695.27
2025-11-02 18:15:00,-4695.8099999999995
2025-11-02 18:30:00,-4693.360000000001
2025-11-02 18:45:00,-4694.08
2025-11-02 19:00:00,-5264.32
2025-11-02 19:15:00,-5275.51
2025-11-02 19:30:00,-5270.18
2025-11-02 19:45:00,-5293.83
2025-11-02 20:00:00,-5291.87
2025-11-02 20:15:00,-5307.3099999999995
2025-11-02 20:30:00,-5304.11
2025-11-02 20:45:00,-5316.73
2025-11-02 21:00:00,-5144.89
2025-11-02 21:15:00,-5159.75
2025-11-02 21:30:00,-5172.95
2025-11-02 21:45:00,-5179.76
2025-11-02 22:00:00,-5429.87
2025-11-02 22:15:00,-5448.88
2025-11-02 22:30:00,-5460.39
2025-11-02 22:45:00,-5477.13
2025-11-02 23:00:00,-5551.87
2025-11-02 23:15:00,-5565.05
2025-11-02 23:30:00,-5571.98
2025-11-02 23:45:00,-5586.07
2025-11-03 00:00:00,-4840.65
2025-11-03 00:15:00,-4845.74
2025-11-03 00:30:00,-4854.38
2025-11-03 00:45:00,-4858.02
2025-11-03 01:00:00,-5219.55
2025-11-03 01:15:00,-5224.45
2025-11-03 01:30:00,-5227.41
2025-11-03 01:45:00,-5231.54
2025-11-03 02:00:00,-5380.95
2025-11-03 02:15:00,-5386.99
2025-11-03 02:30:00,-5386.71
2025-11-03 02:45:00,-5386.12
2025-11-03 03:00:00,-4650.8
2025-11-03 03:15:00,-4640.97
2025-11-03 03:30:00,-4643.85
2025-11-03 03:45:00,-4644.43
2025-11-03 04:00:00,-4994.86
2025-11-03 04:15:00,-4985.23
2025-11-03 04:30:00,-4971.62
2025-11-03 04:45:00,-4955.65
2025-11-03 05:00:00,-4332.17
2025-11-03 05:15:00,-4303.15
2025-11-03 05:30:00,-4270.86
2025-11-03 05:45:00,-4254.16
2025-11-03 06:00:00,-4758.98
2025-11-03 06:15:00,-4731.32
2025-11-03 06:30:00,-4707.38
2025-11-03 06:45:00,-4702.23
2025-11-03 07:00:00,-4159.25
2025-11-03 07:15:00,-4162.24
2025-11-03 07:30:00,-4155.110000000001
2025-11-03 07:45:00,-4144.33
2025-11-03 08:00:00,-4719.38
2025-11-03 08:15:00,-4726.5599999999995
2025-11-03 08:30:00,-4706.05
2025-11-03 08:45:00,-4707.35
2025-11-03 09:00:00,-4972.87
2025-11-03 09:15:00,-4986.05
2025-11-03 09:30:00,-4992.96
2025-11-03 09:45:00,-5001.36
2025-11-03 10:00:00,-5093.1900000000005
2025-11-03 10:15:00,-5100.45
2025-11-03 10:30:00,-5108.53
2025-11-03 10:45:00,-5102.17
2025-11-03 11:00:00,-4201.23
2025-11-03 11:15:00,-4195.66
2025-11-03 11:30:00,-4200.61
2025-11-03 11:45:00,-4199.57
2025-11-03 12:00:00,-5011.1
2025-11-03 12:15:00,-5002.5
2025-11-03 12:30:00,-4993.25
2025-11-03 12:45:00,-4991.47
2025-11-03 13:00:00,-5528.76
2025-11-03 13:15:00,-5527.88
2025-11-03 13:30:00,-5518.34
2025-11-03 13:45:00,-5511.76
2025-11-03 14:00:00,-5919.24
2025-11-03 14:15:00,-5909.34
2025-11-03 14:30:00,-5890.110000000001
2025-11-03 14:45:00,-5878.46
2025-11-03 15:00:00,-5584.32
2025-11-03 15:15:00,-5554.5599999999995
2025-11-03 15:30:00,-5544.0599999999995
2025-11-03 15:45:00,-5535.43
2025-11-03 16:00:00,-5134.530000000001
2025-11-03 16:15:00,-5141.34
2025-11-03 16:30:00,-5142.719999999999
2025-11-03 16:45:00,-5148.7
2025-11-03 17:00:00,-5213.18
2025-11-03 17:15:00,-5222.7
2025-11-03 17:30:00,-5217.3
2025-11-03 17:45:00,-5230.48
2025-11-03 18:00:00,-5587.6
2025-11-03 18:15:00,-5607.7
2025-11-03 18:30:00,-5607.3
2025-11-03 18:45:00,-5611.05
2025-11-03 19:00:00,-4554.02
2025-11-03 19:15:00,-4567.969999999999
2025-11-03 19:30:00,-4579.139999999999
2025-11-03 19:45:00,-4615.79
2025-11-03 20:00:00,-4410.96
2025-11-03 20:15:00,-4426.1
2025-11-03 20:30:00,-4443.17
2025-11-03 20:45:00,-4464.85
2025-11-03 21:00:00,-4960.74
2025-11-03 21:15:00,-4991.03
2025-11-03 21:30:00,-4994.15
2025-11-03 21:45:00,-5001.73
2025-11-03 22:00:00,-4950.1
2025-11-03 22:15:00,-4965.13
2025-11-03 22:30:00,-4993.75
2025-11-03 22:45:00,-4985.09
2025-11-03 23:00:00,-5015.32
2025-11-03 23:15:00,-5034.35
2025-11-03 23:30:00,-5050.68
2025-11-03 23:45:00,-5063.17
2025-11-04 00:00:00,-5516.66
2025-11-04 00:15:00,-5517.41
2025-11-04 00:30:00,-5533.66
2025-11-04 00:45:00,-5536.5599999999995
2025-11-04 01:00:00,-4251.28
2025-11-04 01:15:00,-4262.45
2025-11-04 01:30:00,-4269.39
2025-11-04 01:45:00,-4268.12
2025-11-04 02:00:00,-4959.45
2025-11-04 02:15:00,-4967.32
2025-11-04 02:30:00,-4969.38
2025-11-04 02:45:00,-4976.27
2025-11-04 03:00:00,-5490.57
2025-11-04 03:15:00,-5496.96
2025-11-04 03:30:00,-5499.6900000000005
2025-11-04 03:45:00,-5492.01
2025-11-04 04:00:00,-5253.8
2025-11-04 04:15:00,-5249.04
2025-11-04 04:30:00,-5234.7
2025-11-04 04:45:00,-5227.64
2025-11-04 05:00:00,-5041.36
2025-11-04 05:15:00,-5011.23
2025-11-04 05:30:00,-4977.26
2025-11-04 05:45:00,-4961.5
2025-11-04 06:00:00,-4800.98
2025-11-04 06:15:00,-4775.8099999999995
2025-11-04 06:30:00,-4763.72
2025-11-04 06:45:00,-4768.9
2025-11-04 07:00:00,-4102.84
2025-11-04 07:15:00,-4119.82
2025-11-04 07:30:00,-4116.97
2025-11-04 07:45:00,-4114.62
2025-11-04 08:00:00,-4164.03
2025-11-04 08:15:00,-4178.16
2025-11-04 08:30:00,-4188.74
2025-11-04 08:45:00,-4207.95
2025-11-04 09:00:00,-5270.04
2025-11-04 09:15:00,-5240.24
2025-11-04 09:30:00,-5224.68
2025-11-04 09:45:00,-5263.86
2025-11-04 10:00:00,-3988.24
2025-11-04 10:15:00,-4002.2200000000003
2025-11-04 10:30:00,-3992.54
2025-11-04 10:45:00,-3991.62
2025-11-04 11:00:00,-4762.29
2025-11-04 11:15:00,-4761.7
2025-11-04 11:30:00,-4755.24
2025-11-04 11:45:00,-4755.72
2025-11-04 12:00:00,-4432.6
2025-11-04 12:15:00,-4427.72
2025-11-04 12:30:00,-4431.09
2025-11-04 12:45:00,-4427.25
2025-11-04 13:00:00,-4260.89
2025-11-04 13:15:00,-4242.9400000000005
2025-11-04 13:30:00,-4240.65
2025-11-04 13:45:00,-4229.7
2025-11-04 14:00:00,-4173.34
2025-11-04 14:15:00,-4161.67
2025-11-04 14:30:00,-4155.14
2025-11-04 14:45:00,-4149.29
2025-11-04 15:00:00,-3607.87
2025-11-04 15:15:00,-3590.56
2025-11-04 15:30:00,-3576.9
2025-11-04 15:45:00,-3563.79
2025-11-04 16:00:00,-3611.37
2025-11-04 16:15:00,-3610.94
2025-11-04 16:30:00,-3603.7
2025-11-04 16:45:00,-3605.46
2025-11-04 17:00:00,-3452.85
2025-11-04 17:15:00,-3467.1800000000003
2025-11-04 17:30:00,-3461.09
2025-11-04 17:45:00,-3467.41
2025-11-04 18:00:00,-3560.21
2025-11-04 18:15:00,-3558.02
2025-11-04 18:30:00,-3554.9700000000003
2025-11-04 18:45:00,-3560.55
2025-11-04 19:00:00,-3741.3900000000003
2025-11-04 19:15:00,-3748.77
2025-11-04 19:30:00,-3744.55
2025-11-04 19:45:00,-3751.66
2025-11-04 20:00:00,-4294.48
2025-11-04 20:15:00,-4304.38
2025-11-04 20:30:00,-4309.45
2025-11-04 20:45:00,-4325.1
2025-11-04 21:00:00,-4060.62
2025-11-04 21:15:00,-4077.46
2025-11-04 21:30:00,-4092.34
2025-11-04 21:45:00,-4109.87
2025-11-04 22:00:00,-3881.0299999999997
2025-11-04 22:15:00,-3907.3599999999997
2025-11-04 22:30:00,-3923.04
2025-11-04 22:45:00,-3936.98
2025-11-04 23:00:00,-3696.42
2025-11-04 23:15:00,-3706.08
2025-11-04 23:30:00,-3716.2
2025-11-04 23:45:00,-3731.8
2025-11-05 00:00:00,-3468.69
2025-11-05 00:15:00,-3474.17
2025-11-05 00:30:00,-3488.37
2025-11-05 00:45:00,-3501.63
2025-11-05 01:00:00,-3168.9300000000003
2025-11-05 01:15:00,-3172.9300000000003
2025-11-05 01:30:00,-3181.31
2025-11-05 01:45:00,-3183.79
2025-11-05 02:00:00,-2412.21
2025-11-05 02:15:00,-2408.2
2025-11-05 02:30:00,-2407.1800000000003
2025-11-05 02:45:00,-2411.7
2025-11-05 03:00:00,-2204.17
2025-11-05 03:15:00,-2206.24
2025-11-05 03:30:00,-2208.58
2025-11-05 03:45:00,-2204.38
2025-11-05 04:00:00,-2046.21
2025-11-05 04:15:00,-2033.88
2025-11-05 04:30:00,-2025.25
2025-11-05 04:45:00,-2010.26
2025-11-05 05:00:00,-2133.21
2025-11-05 05:15:00,-2110.16
2025-11-05 05:30:00,-2072.96
2025-11-05 05:45:00,-2048.91
2025-11-05 06:00:00,-1510.87
2025-11-05 06:15:00,-1495.22
2025-11-05 06:30:00,-1469.66
2025-11-05 06:45:00,-1456.18
2025-11-05 07:00:00,-1417.95
2025-11-05 07:15:00,-1421.02
2025-11-05 07:30:00,-1424.35
2025-11-05 07:45:00,-1414.96
2025-11-05 08:00:00,-1243.1
2025-11-05 08:15:00,-1257.57
2025-11-05 08:30:00,-1252.13
2025-11-05 08:45:00,-1250.4
2025-11-05 09:00:00,-1159.03
2025-11-05 09:15:00,-1170.59
2025-11-05 09:30:00,-1180.64
2025-11-05 09:45:00,-1198.45
2025-11-05 10:00:00,-1401.87
2025-11-05 10:15:00,-1410.14
2025-11-05 10:30:00,-1444.47
2025-11-05 10:45:00,-1409.62
2025-11-05 11:00:00,-2090.56
2025-11-05 11:15:00,-2140.19
2025-11-05 11:30:00,-1930.36
2025-11-05 11:45:00,-1929.94
2025-11-05 12:00:00,-1932.55
2025-11-05 12:15:00,-1930.3
2025-11-05 12:30:00,-1929.05
2025-11-05 12:45:00,-1937.66
2025-11-05 13:00:00,-1521.12
2025-11-05 13:15:00,-1516.87
2025-11-05 13:30:00,-1516.28
2025-11-05 13:45:00,-1510.59
2025-11-05 14:00:00,-435.6300000000001
2025-11-05 14:15:00,-427.94000000000005
2025-11-05 14:30:00,-427.48
2025-11-05 14:45:00,-414.3900000000001
2025-11-05 15:00:00,926.0799999999999
2025-11-05 15:15:00,940.8199999999999
2025-11-05 15:30:00,948.1300000000001
2025-11-05 15:45:00,956.8499999999999
2025-11-05 16:00:00,1687.85
2025-11-05 16:15:00,1686.36
2025-11-05 16:30:00,1682.34
2025-11-05 16:45:00,1679.7
2025-11-05 17:00:00,410.55999999999995
2025-11-05 17:15:00,410.5899999999999
2025-11-05 17:30:00,410.3599999999999
2025-11-05 17:45:00,400.69000000000005
2025-11-05 18:00:00,-169.43000000000006
2025-11-05 18:15:00,-163.92000000000007
2025-11-05 18:30:00,-168.1400000000001
2025-11-05 18:45:00,-167.18000000000006
2025-11-05 19:00:00,-890.8800000000001
2025-11-05 19:15:00,-900.3299999999999
2025-11-05 19:30:00,-902.6800000000001
2025-11-05 19:45:00,-905.76
2025-11-05 20:00:00,-407.24
2025-11-05 20:15:00,-416.4200000000001
2025-11-05 20:30:00,-429.28
2025-11-05 20:45:00,-442.1700000000001
2025-11-05 21:00:00,16.279999999999973
2025-11-05 21:15:00,-5.099999999999909
2025-11-05 21:30:00,-20.559999999999945
2025-11-05 21:45:00,-29.799999999999955
2025-11-05 22:00:00,530.23
2025-11-05 22:15:00,514.0699999999999
2025-11-05 22:30:00,498.6500000000001
2025-11-05 22:45:00,481.75
2025-11-05 23:00:00,511.9100000000001
2025-11-05 23:15:00,498.53
2025-11-05 23:30:00,493.6199999999999
2025-11-05 23:45:00,482.80999999999995
2025-11-06 00:00:00,170.8599999999999
2025-11-06 00:15:00,162.3900000000001
2025-11-06 00:30:00,147.80999999999995
2025-11-06 00:45:00,138.24
2025-11-06 01:00:00,401.23
2025-11-06 01:15:00,389.9100000000001
2025-11-06 01:30:00,389.93000000000006
2025-11-06 01:45:00,381.6300000000001
2025-11-06 02:00:00,-523.1400000000001
2025-11-06 02:15:00,-521.8299999999999
2025-11-06 02:30:00,-535.6300000000001
2025-11-06 02:45:00,-536.47
2025-11-06 03:00:00,-812.3499999999999
2025-11-06 03:15:00,-818.1199999999999
2025-11-06 03:30:00,-825.44
2025-11-06 03:45:00,-825.03
2025-11-06 04:00:00,-1512.75
2025-11-06 04:15:00,-1511.24
2025-11-06 04:30:00,-1499.36
2025-11-06 04:45:00,-1481.28
2025-11-06 05:00:00,-1847.58
2025-11-06 05:15:00,-1820.3
2025-11-06 05:30:00,-1788.29
2025-11-06 05:45:00,-1762.85
2025-11-06 06:00:00,-1022.1199999999999
2025-11-06 06:15:00,-993.9200000000001
2025-11-06 06:30:00,-970.25
2025-11-06 06:45:00,-972.5699999999999
2025-11-06 07:00:00,-1266.77
2025-11-06 07:15:00,-1275.64
2025-11-06 07:30:00,-1283.22
2025-11-06 07:45:00,-1275.01
2025-11-06 08:00:00,-1860.43
2025-11-06 08:15:00,-1858.81
2025-11-06 08:30:00,-1853.64
2025-11-06 08:45:00,-1850.9
2025-11-06 09:00:00,-624.6600000000001
2025-11-06 09:15:00,-558.22
2025-11-06 09:30:00,-640.8699999999999
2025-11-06 09:45:00,-645.04
2025-11-06 10:00:00,-2112.37
2025-11-06 10:15:00,-2123.23
2025-11-06 10:30:00,-2119.51
2025-11-06 10:45:00,-2126.44
2025-11-06 11:00:00,-2275.73
2025-11-06 11:15:00,-2278.67
2025-11-06 11:30:00,-2278.74
2025-11-06 11:45:00,-2281.44
2025-11-06 12:00:00,-2206.2799999999997
2025-11-06 12:15:00,-2205.23
2025-11-06 12:30:00,-2199.55
2025-11-06 12:45:00,-2203.73
2025-11-06 13:00:00,-2220.2
2025-11-06 13:15:00,-2217.87
2025-11-06 13:30:00,-2224.76
2025-11-06 13:45:00,-2216.95
2025-11-06 14:00:00,-1938.43
2025-11-06 14:15:00,-1918.03
2025-11-06 14:30:00,-1898.96
2025-11-06 14:45:00,-1888.94
2025-11-06 15:00:00,-1377.64
2025-11-06 15:15:00,-1366.06
2025-11-06 15:30:00,-1356.71
2025-11-06 15:45:00,-1350.87
2025-11-06 16:00:00,-789.1300000000001
2025-11-06 16:15:00,-802.9300000000001
2025-11-06 16:30:00,-805.51
2025-11-06 16:45:00,-806.44
2025-11-06 17:00:00,-214.1199999999999
2025-11-06 17:15:00,-222.0
2025-11-06 17:30:00,-223.1300000000001
2025-11-06 17:45:00,-238.53999999999996
2025-11-06 18:00:00,-2755.42
2025-11-06 18:15:00,-2759.16
2025-11-06 18:30:00,-2765.3199999999997
2025-11-06 18:45:00,-2763.91
2025-11-06 19:00:00,-2537.52
2025-11-06 19:15:00,-2544.85
2025-11-06 19:30:00,-2544.7799999999997
2025-11-06 19:45:00,-2559.09
2025-11-06 20:00:00,-1822.24
2025-11-06 20:15:00,-1833.01
2025-11-06 20:30:00,-1842.72
2025-11-06 20:45:00,-1854.36
2025-11-06 21:00:00,-876.8399999999999
2025-11-06 21:15:00,-887.06
2025-11-06 21:30:00,-895.9000000000001
2025-11-06 21:45:00,-919.4200000000001
2025-11-06 22:00:00,-1105.82
2025-11-06 22:15:00,-1122.03
2025-11-06 22:30:00,-1136.3
2025-11-06 22:45:00,-1151.95
2025-11-06 23:00:00,-2387.21
2025-11-06 23:15:00,-2405.0699999999997
2025-11-06 23:30:00,-2421.9300000000003
2025-11-06 23:45:00,-2425.9700000000003
2025-11-07 00:00:00,-2458.24
2025-11-07 00:15:00,-2460.23
2025-11-07 00:30:00,-2475.76
2025-11-07 00:45:00,-2488.48
2025-11-07 01:00:00,-1987.84
2025-11-07 01:15:00,-1985.06
2025-11-07 01:30:00,-1994.18
2025-11-07 01:45:00,-2005.13
2025-11-07 02:00:00,-1802.43
2025-11-07 02:15:00,-1809.28
2025-11-07 02:30:00,-1817.1
2025-11-07 02:45:00,-1823.79
2025-11-07 03:00:00,-330.03
2025-11-07 03:15:00,-329.01
2025-11-07 03:30:00,-327.29999999999995
2025-11-07 03:45:00,-329.1400000000001
2025-11-07 04:00:00,226.52999999999997
2025-11-07 04:15:00,232.01
2025-11-07 04:30:00,241.1400000000001
2025-11-07 04:45:00,246.72000000000003
2025-11-07 05:00:00,659.5799999999999
2025-11-07 05:15:00,678.81
2025-11-07 05:30:00,700.49
2025-11-07 05:45:00,714.69
2025-11-07 06:00:00,1066.12
2025-11-07 06:15:00,1096.89
2025-11-07 06:30:00,1116.1
2025-11-07 06:45:00,1128.72
2025-11-07 07:00:00,1837.19
2025-11-07 07:15:00,1833.13
2025-11-07 07:30:00,1845.51
2025-11-07 07:45:00,1858.89
2025-11-07 08:00:00,1168.16
2025-11-07 08:15:00,1166.48
2025-11-07 08:30:00,1172.04
2025-11-07 08:45:00,1177.92
2025-11-07 09:00:00,1700.06
2025-11-07 09:15:00,1697.41
2025-11-07 09:30:00,1698.74
2025-11-07 09:45:00,1690.3
2025-11-07 10:00:00,1519.25
2025-11-07 10:15:00,1517.27
2025-11-07 10:30:00,1524.02
2025-11-07 10:45:00,1532.45
2025-11-07 11:00:00,581.29
2025-11-07 11:15:00,577.8800000000001
2025-11-07 11:30:00,677.6800000000001
2025-11-07 11:45:00,673.5899999999999
2025-11-07 12:00:00,784.3299999999999
2025-11-07 12:15:00,777.05
2025-11-07 12:30:00,775.06
2025-11-07 12:45:00,769.21
2025-11-07 13:00:00,126.43000000000006
2025-11-07 13:15:00,126.11999999999989
2025-11-07 13:30:00,134.21000000000004
2025-11-07 13:45:00,137.1400000000001
2025-11-07 14:00:00,-271.5
2025-11-07 14:15:00,-255.05999999999995
2025-11-07 14:30:00,-239.3900000000001
2025-11-07 14:45:00,-238.95000000000005
2025-11-07 15:00:00,-73.65000000000009
2025-11-07 15:15:00,-73.70000000000005
2025-11-07 15:30:00,-59.40000000000009
2025-11-07 15:45:00,-48.49000000000001
2025-11-07 16:00:00,-317.9000000000001
2025-11-07 16:15:00,-319.0999999999999
2025-11-07 16:30:00,-317.8699999999999
2025-11-07 16:45:00,-312.01
2025-11-07 17:00:00,-950.1199999999999
2025-11-07 17:15:00,-965.6500000000001
2025-11-07 17:30:00,-952.8900000000001
2025-11-07 17:45:00,-963.4000000000001
2025-11-07 18:00:00,-1179.26
2025-11-07 18:15:00,-1197.86
2025-11-07 18:30:00,-1204.05
2025-11-07 18:45:00,-1204.45
2025-11-07 19:00:00,-1114.28
2025-11-07 19:15:00,-1121.51
2025-11-07 19:30:00,-1119.14
2025-11-07 19:45:00,-1190.01
2025-11-07 20:00:00,-1009.3800000000001
2025-11-07 20:15:00,-1020.5899999999999
2025-11-07 20:30:00,-955.6099999999999
2025-11-07 20:45:00,-906.3699999999999
2025-11-07 21:00:00,-979.8
2025-11-07 21:15:00,-994.06
2025-11-07 21:30:00,-1001.0999999999999
2025-11-07 21:45:00,-1007.0699999999999
2025-11-07 22:00:00,-832.8599999999999
2025-11-07 22:15:00,-844.8499999999999
2025-11-07 22:30:00,-854.9100000000001
2025-11-07 22:45:00,-867.47
2025-11-07 23:00:00,-721.7
2025-11-07 23:15:00,-733.77
2025-11-07 23:30:00,-739.6600000000001
2025-11-07 23:45:00,-752.01
2025-11-08 00:00:00,-971.1600000000001
2025-11-08 00:15:00,-968.9100000000001
2025-11-08 00:30:00,-981.26
2025-11-08 00:45:00,-984.8199999999999
2025-11-08 01:00:00,-1223.77
2025-11-08 01:15:00,-1228.76
2025-11-08 01:30:00,-1244.08
2025-11-08 01:45:00,-1243.38
2025-11-08 02:00:00,-1313.76
2025-11-08 02:15:00,-1309.3
2025-11-08 02:30:00,-1311.94
2025-11-08 02:45:00,-1312.95
2025-11-08 03:00:00,-1582.12
2025-11-08 03:15:00,-1587.37
2025-11-08 03:30:00,-1591.68
2025-11-08 03:45:00,-1587.81
2025-11-08 04:00:00,-1415.42
2025-11-08 04:15:00,-1409.03
2025-11-08 04:30:00,-1405.31
2025-11-08 04:45:00,-1402.53
2025-11-08 05:00:00,-1031.19
2025-11-08 05:15:00,-1022.8299999999999
2025-11-08 05:30:00,-1018.5999999999999
2025-11-08 05:45:00,-1010.5999999999999
2025-11-08 06:00:00,-594.3199999999999
2025-11-08 06:15:00,-587.8599999999999
2025-11-08 06:30:00,-578.1400000000001
2025-11-08 06:45:00,-562.48
2025-11-08 07:00:00,-371.05999999999995
2025-11-08 07:15:00,-356.93000000000006
2025-11-08 07:30:00,-345.1400000000001
2025-11-08 07:45:00,-331.1500000000001
2025-11-08 08:00:00,-612.5799999999999
2025-11-08 08:15:00,-605.3599999999999
2025-11-08 08:30:00,-589.47
2025-11-08 08:45:00,-571.97
2025-11-08 09:00:00,-602.0899999999999
2025-11-08 09:15:00,-597.69
2025-11-08 09:30:00,-591.47
2025-11-08 09:45:00,-596.1099999999999
2025-11-08 10:00:00,-570.53
2025-11-08 10:15:00,-571.7
2025-11-08 10:30:00,-574.71
2025-11-08 10:45:00,-571.5699999999999
2025-11-08 11:00:00,-809.4200000000001
2025-11-08 11:15:00,-817.3299999999999
2025-11-08 11:30:00,-810.8800000000001
2025-11-08 11:45:00,-818.1500000000001
2025-11-08 12:00:00,-826.3399999999999
2025-11-08 12:15:00,-825.05
2025-11-08 12:30:00,-821.8199999999999
2025-11-08 12:45:00,-822.8499999999999
2025-11-08 13:00:00,-135.71000000000004
2025-11-08 13:15:00,-140.1099999999999
2025-11-08 13:30:00,-133.67000000000007
2025-11-08 13:45:00,-129.0
2025-11-08 14:00:00,-287.46000000000004
2025-11-08 14:15:00,-294.4100000000001
2025-11-08 14:30:00,-284.24
2025-11-08 14:45:00,-282.45000000000005
2025-11-08 15:00:00,29.430000000000064
2025-11-08 15:15:00,41.1400000000001
2025-11-08 15:30:00,56.180000000000064
2025-11-08 15:45:00,68.50999999999999
2025-11-08 16:00:00,291.8800000000001
2025-11-08 16:15:00,290.0799999999999
2025-11-08 16:30:00,296.48
2025-11-08 16:45:00,301.5999999999999
2025-11-08 17:00:00,355.9000000000001
2025-11-08 17:15:00,347.4000000000001
2025-11-08 17:30:00,350.25
2025-11-08 17:45:00,338.27
2025-11-08 18:00:00,-174.91000000000008
2025-11-08 18:15:00,-176.48000000000002
2025-11-08 18:30:00,-173.67000000000007
2025-11-08 18:45:00,-187.1500000000001
2025-11-08 19:00:00,-386.69000000000005
2025-11-08 19:15:00,-408.25
2025-11-08 19:30:00,-410.56999999999994
2025-11-08 19:45:00,-422.72
2025-11-08 20:00:00,-554.1700000000001
2025-11-08 20:15:00,-555.8299999999999
2025-11-08 20:30:00,-570.04
2025-11-08 20:45:00,-585.6600000000001
2025-11-08 21:00:00,-804.76
2025-11-08 21:15:00,-811.0699999999999
2025-11-08 21:30:00,-813.76
2025-11-08 21:45:00,-821.81
2025-11-08 22:00:00,-1161.32
2025-11-08 22:15:00,-1164.14
2025-11-08 22:30:00,-1178.62
2025-11-08 22:45:00,-1187.96
2025-11-08 23:00:00,-1108.89
2025-11-08 23:15:00,-1113.96
2025-11-08 23:30:00,-1122.51
2025-11-08 23:45:00,-1131.39
2025-11-09 00:00:00,-806.9000000000001
2025-11-09 00:15:00,-811.04
2025-11-09 00:30:00,-822.0999999999999
2025-11-09 00:45:00,-830.3900000000001
2025-11-09 01:00:00,-350.3900000000001
2025-11-09 01:15:00,-355.28
2025-11-09 01:30:00,-353.1500000000001
2025-11-09 01:45:00,-359.9000000000001
2025-11-09 02:00:00,-483.47
2025-11-09 02:15:00,-483.94000000000005
2025-11-09 02:30:00,-485.3699999999999
2025-11-09 02:45:00,-490.5899999999999
2025-11-09 03:00:00,-401.8699999999999
2025-11-09 03:15:00,-403.5899999999999
2025-11-09 03:30:00,-406.1300000000001
2025-11-09 03:45:00,-408.4000000000001
2025-11-09 04:00:00,-168.3900000000001
2025-11-09 04:15:00,-167.47000000000003
2025-11-09 04:30:00,-164.8499999999999
2025-11-09 04:45:00,-163.1099999999999
2025-11-09 05:00:00,-674.77
2025-11-09 05:15:00,-667.1199999999999
2025-11-09 05:30:00,-661.96
2025-11-09 05:45:00,-645.6500000000001
2025-11-09 06:00:00,-1002.05
2025-11-09 06:15:00,-1001.04
2025-11-09 06:30:00,-991.6300000000001
2025-11-09 06:45:00,-982.6500000000001
2025-11-09 07:00:00,-961.46
2025-11-09 07:15:00,-959.6500000000001
2025-11-09 07:30:00,-947.3800000000001
2025-11-09 07:45:00,-937.0999999999999
2025-11-09 08:00:00,-1002.78
2025-11-09 08:15:00,-999.31
2025-11-09 08:30:00,-985.3399999999999
2025-11-09 08:45:00,-980.9300000000001
2025-11-09 09:00:00,-1315.19
2025-11-09 09:15:00,-1307.05
2025-11-09 09:30:00,-1296.5
2025-11-09 09:45:00,-1290.71
2025-11-09 10:00:00,-1504.31
2025-11-09 10:15:00,-1503.72
2025-11-09 10:30:00,-1492.28
2025-11-09 10:45:00,-1472.42
2025-11-09 11:00:00,-1765.4
2025-11-09 11:15:00,-1769.54
2025-11-09 11:30:00,-1758.08
2025-11-09 11:45:00,-1765.09
2025-11-09 12:00:00,-1131.53
2025-11-09 12:15:00,-1124.45
2025-11-09 12:30:00,-1122.33
2025-11-09 12:45:00,-1119.45
2025-11-09 13:00:00,-1301.2
2025-11-09 13:15:00,-1303.56
2025-11-09 13:30:00,-1301.17
2025-11-09 13:45:00,-1293.06
2025-11-09 14:00:00,-1445.91
2025-11-09 14:15:00,-1449.8
2025-11-09 14:30:00,-1438.12
2025-11-09 14:45:00,-1432.73
2025-11-09 15:00:00,-1503.46
2025-11-09 15:15:00,-1495.43
2025-11-09 15:30:00,-1488.32
2025-11-09 15:45:00,-1496.19
2025-11-09 16:00:00,-1311.14
2025-11-09 16:15:00,-1320.44
2025-11-09 16:30:00,-1323.7
2025-11-09 16:45:00,-1328.54
2025-11-09 17:00:00,-1335.66
2025-11-09 17:15:00,-1332.64
2025-11-09 17:30:00,-1335.84
2025-11-09 17:45:00,-1339.92
2025-11-09 18:00:00,-1278.18
2025-11-09 18:15:00,-1280.59
2025-11-09 18:30:00,-1278.58
2025-11-09 18:45:00,-1276.36
2025-11-09 19:00:00,-849.3199999999999
2025-11-09 19:15:00,-855.44
2025-11-09 19:30:00,-857.3299999999999
2025-11-09 19:45:00,-859.19
2025-11-09 20:00:00,-1169.49
2025-11-09 20:15:00,-1172.13
2025-11-09 20:30:00,-1178.36
2025-11-09 20:45:00,-1189.68
2025-11-09 21:00:00,-1499.1
2025-11-09 21:15:00,-1509.52
2025-11-09 21:30:00,-1517.12
2025-11-09 21:45:00,-1527.87
2025-11-09 22:00:00,-1759.72
2025-11-09 22:15:00,-1770.38
2025-11-09 22:30:00,-1785.64
2025-11-09 22:45:00,-1801.47
2025-11-09 23:00:00,-1662.04
2025-11-09 23:15:00,-1679.61
2025-11-09 23:30:00,-1687.09
2025-11-09 23:45:00,-1696.96
2025-11-10 00:00:00,-1466.19
2025-11-10 00:15:00,-1469.4
2025-11-10 00:30:00,-1480.14
2025-11-10 00:45:00,-1486.18
2025-11-10 01:00:00,-1276.64
2025-11-10 01:15:00,-1276.06
2025-11-10 01:30:00,-1283.12
2025-11-10 01:45:00,-1287.42
2025-11-10 02:00:00,-925.7
2025-11-10 02:15:00,-931.01
2025-11-10 02:30:00,-932.8
2025-11-10 02:45:00,-937.4000000000001
2025-11-10 03:00:00,-1475.09
2025-11-10 03:15:00,-1477.5
2025-11-10 03:30:00,-1474.63
2025-11-10 03:45:00,-1469.99
2025-11-10 04:00:00,-1697.73
2025-11-10 04:15:00,-1685.01
2025-11-10 04:30:00,-1672.62
2025-11-10 04:45:00,-1658.98
2025-11-10 05:00:00,-1450.3
2025-11-10 05:15:00,-1418.0
2025-11-10 05:30:00,-1389.59
2025-11-10 05:45:00,-1361.12
2025-11-10 06:00:00,-1550.1
2025-11-10 06:15:00,-1513.15
2025-11-10 06:30:00,-1493.71
2025-11-10 06:45:00,-1490.3600000000001
2025-11-10 07:00:00,-1475.88
2025-11-10 07:15:00,-1472.6799999999998
2025-11-10 07:30:00,-1472.9899999999998
2025-11-10 07:45:00,-1470.8600000000001
2025-11-10 08:00:00,-1374.58
2025-11-10 08:15:00,-1375.13
2025-11-10 08:30:00,-1372.1
2025-11-10 08:45:00,-1370.56
2025-11-10 09:00:00,-1410.77
2025-11-10 09:15:00,-1409.25
2025-11-10 09:30:00,-1410.44
2025-11-10 09:45:00,-1419.69
2025-11-10 10:00:00,-1694.9299999999998
2025-11-10 10:15:00,-1696.4099999999999
2025-11-10 10:30:00,-1708.4099999999999
2025-11-10 10:45:00,-1713.6599999999999
2025-11-10 11:00:00,-1790.63
2025-11-10 11:15:00,-1784.5500000000002
2025-11-10 11:30:00,-1785.94
2025-11-10 11:45:00,-1798.96
2025-11-10 12:00:00,-1833.73
2025-11-10 12:15:00,-1835.6599999999999
2025-11-10 12:30:00,-1836.56
2025-11-10 12:45:00,-1839.12
2025-11-10 13:00:00,-1769.12
2025-11-10 13:15:00,-1777.2800000000002
2025-11-10 13:30:00,-1775.2600000000002
2025-11-10 13:45:00,-1773.4299999999998
2025-11-10 14:00:00,-1913.9699999999998
2025-11-10 14:15:00,-1910.42
2025-11-10 14:30:00,-1898.0500000000002
2025-11-10 14:45:00,-1887.96
2025-11-10 15:00:00,-1796.1799999999998
2025-11-10 15:15:00,-1782.3000000000002
2025-11-10 15:30:00,-1780.73
2025-11-10 15:45:00,-1773.58
2025-11-10 16:00:00,-1739.1599999999999
2025-11-10 16:15:00,-1756.5
2025-11-10 16:30:00,-1758.6999999999998
2025-11-10 16:45:00,-1764.0900000000001
2025-11-10 17:00:00,-1645.52
2025-11-10 17:15:00,-1643.46
2025-11-10 17:30:00,-1652.33
2025-11-10 17:45:00,-1662.6399999999999
2025-11-10 18:00:00,-1815.2399999999998
2025-11-10 18:15:00,-1803.06
2025-11-10 18:30:00,-1797.81
2025-11-10 18:45:00,-1804.31
2025-11-10 19:00:00,-1893.3000000000002
2025-11-10 19:15:00,-1901.5300000000002
2025-11-10 19:30:00,-1899.6799999999998
2025-11-10 19:45:00,-1904.1
2025-11-10 20:00:00,-2177.83
2025-11-10 20:15:00,-2186.07
2025-11-10 20:30:00,-2195.58
2025-11-10 20:45:00,-2209.5
2025-11-10 21:00:00,-2378.0
2025-11-10 21:15:00,-2394.19
2025-11-10 21:30:00,-2411.6800000000003
2025-11-10 21:45:00,-2429.15
2025-11-10 22:00:00,-2479.1
2025-11-10 22:15:00,-2499.58
2025-11-10 22:30:00,-2520.33
2025-11-10 22:45:00,-2543.67
2025-11-10 23:00:00,-2282.63
2025-11-10 23:15:00,-2301.09
2025-11-10 23:30:00,-2316.27
2025-11-10 23:45:00,-2331.29
2025-11-11 00:00:00,-2789.1400000000003
2025-11-11 00:15:00,-2795.3900000000003
2025-11-11 00:30:00,-2803.48
2025-11-11 00:45:00,-2815.63
2025-11-11 01:00:00,-2181.06
2025-11-11 01:15:00,-2186.9700000000003
2025-11-11 01:30:00,-2187.37
2025-11-11 01:45:00,-2191.56
2025-11-11 02:00:00,-1744.77
2025-11-11 02:15:00,-1746.24
2025-11-11 02:30:00,-1742.09
2025-11-11 02:45:00,-1744.56
2025-11-11 03:00:00,-667.1700000000001
2025-11-11 03:15:00,-667.8800000000001
2025-11-11 03:30:00,-670.8499999999999
2025-11-11 03:45:00,-661.22
2025-11-11 04:00:00,-416.1500000000001
2025-11-11 04:15:00,-407.0799999999999
2025-11-11 04:30:00,-394.1300000000001
2025-11-11 04:45:00,-372.95000000000005
2025-11-11 05:00:00,-465.1099999999999
2025-11-11 05:15:00,-431.1500000000001
2025-11-11 05:30:00,-395.3499999999999
2025-11-11 05:45:00,-372.27
2025-11-11 06:00:00,-530.94
2025-11-11 06:15:00,-509.46000000000004
2025-11-11 06:30:00,-491.7600000000002
2025-11-11 06:45:00,-486.0
2025-11-11 07:00:00,-112.4699999999998
2025-11-11 07:15:00,-106.61999999999989
2025-11-11 07:30:00,-104.30999999999995
2025-11-11 07:45:00,-116.94000000000005
2025-11-11 08:00:00,149.23999999999978
2025-11-11 08:15:00,143.07000000000016
2025-11-11 08:30:00,153.76999999999998
2025-11-11 08:45:00,166.32999999999993
2025-11-11 09:00:00,-112.7800000000002
2025-11-11 09:15:00,-114.57999999999993
2025-11-11 09:30:00,-93.73999999999978
2025-11-11 09:45:00,-114.73999999999978
2025-11-11 10:00:00,-202.71000000000004
2025-11-11 10:15:00,-204.48999999999978
2025-11-11 10:30:00,-208.0300000000002
2025-11-11 10:45:00,-211.67999999999984
2025-11-11 11:00:00,-975.9099999999999
2025-11-11 11:15:00,-972.1700000000001
2025-11-11 11:30:00,-970.6100000000001
2025-11-11 11:45:00,-972.6999999999998
2025-11-11 12:00:00,-3714.87
2025-11-11 12:15:00,-3704.72
2025-11-11 12:30:00,-3700.25
2025-11-11 12:45:00,-3693.45
2025-11-11 13:00:00,-4136.62
2025-11-11 13:15:00,-4149.71
2025-11-11 13:30:00,-4149.2
2025-11-11 13:45:00,-4141.54
2025-11-11 14:00:00,-4306.51
2025-11-11 14:15:00,-4301.04
2025-11-11 14:30:00,-4288.62
2025-11-11 14:45:00,-4288.530000000001
2025-11-11 15:00:00,-4585.49
2025-11-11 15:15:00,-4572.37
2025-11-11 15:30:00,-4562.1900000000005
2025-11-11 15:45:00,-4555.219999999999
2025-11-11 16:00:00,-3969.63
2025-11-11 16:15:00,-3971.23
2025-11-11 16:30:00,-3986.71
2025-11-11 16:45:00,-3995.79
2025-11-11 17:00:00,-5211.2
2025-11-11 17:15:00,-5219.5
2025-11-11 17:30:00,-5221.01
2025-11-11 17:45:00,-5228.77
2025-11-11 18:00:00,-3900.65
2025-11-11 18:15:00,-3889.34
2025-11-11 18:30:00,-3891.07
2025-11-11 18:45:00,-3896.77
2025-11-11 19:00:00,-4142.780000000001
2025-11-11 19:15:00,-4147.74
2025-11-11 19:30:00,-4151.29
2025-11-11 19:45:00,-4165.16
2025-11-11 20:00:00,-3954.18
2025-11-11 20:15:00,-3966.69
2025-11-11 20:30:00,-3984.13
2025-11-11 20:45:00,-4000.84
2025-11-11 21:00:00,-3952.75
2025-11-11 21:15:00,-3968.58
2025-11-11 21:30:00,-3985.6400000000003
2025-11-11 21:45:00,-3998.3900000000003
2025-11-11 22:00:00,-3646.9
2025-11-11 22:15:00,-3679.66
2025-11-11 22:30:00,-3694.8
2025-11-11 22:45:00,-3727.3
2025-11-11 23:00:00,-3844.04
2025-11-11 23:15:00,-3857.71
2025-11-11 23:30:00,-3874.3
2025-11-11 23:45:00,-3899.75
2025-11-12 00:00:00,-3529.44
2025-11-12 00:15:00,-3543.83
2025-11-12 00:30:00,-3557.0299999999997
2025-11-12 00:45:00,-3568.6400000000003
2025-11-12 01:00:00,-4280.75
2025-11-12 01:15:00,-4290.97
2025-11-12 01:30:00,-4304.65
2025-11-12 01:45:00,-4317.9400000000005
2025-11-12 02:00:00,-4971.15
2025-11-12 02:15:00,-4951.03
2025-11-12 02:30:00,-4964.16
2025-11-12 02:45:00,-4981.35
2025-11-12 03:00:00,-4481.95
2025-11-12 03:15:00,-4489.53
2025-11-12 03:30:00,-4496.73
2025-11-12 03:45:00,-4503.1
2025-11-12 04:00:00,-4884.34
2025-11-12 04:15:00,-4882.35
2025-11-12 04:30:00,-4874.92
2025-11-12 04:45:00,-4868.52
2025-11-12 05:00:00,-4908.65
2025-11-12 05:15:00,-4978.0
2025-11-12 05:30:00,-4945.0
2025-11-12 05:45:00,-4927.54
2025-11-12 06:00:00,-5037.36
2025-11-12 06:15:00,-5009.15
2025-11-12 06:30:00,-5024.2
2025-11-12 06:45:00,-4961.0599999999995
2025-11-12 07:00:00,-6077.37
2025-11-12 07:15:00,-6098.11
2025-11-12 07:30:00,-6093.8
2025-11-12 07:45:00,-6095.62
2025-11-12 08:00:00,-5465.5
2025-11-12 08:15:00,-5468.62
2025-11-12 08:30:00,-5456.8
2025-11-12 08:45:00,-5473.79
2025-11-12 09:00:00,-5558.75
2025-11-12 09:15:00,-5563.1900000000005
2025-11-12 09:30:00,-5559.18
2025-11-12 09:45:00,-5562.39
2025-11-12 10:00:00,-4829.64
2025-11-12 10:15:00,-4848.26
2025-11-12 10:30:00,-4861.36
2025-11-12 10:45:00,-4876.1
2025-11-12 11:00:00,-4094.67
2025-11-12 11:15:00,-4096.64
2025-11-12 11:30:00,-4083.8599999999997
2025-11-12 11:45:00,-4091.3
2025-11-12 12:00:00,-3099.63
2025-11-12 12:15:00,-3089.6
2025-11-12 12:30:00,-3086.63
2025-11-12 12:45:00,-3088.49
2025-11-12 13:00:00,-5703.27
2025-11-12 13:15:00,-5705.28
2025-11-12 13:30:00,-5717.74
2025-11-12 13:45:00,-5710.25
2025-11-12 14:00:00,-5220.59
2025-11-12 14:15:00,-5214.07
2025-11-12 14:30:00,-5213.5
2025-11-12 14:45:00,-5197.8099999999995
2025-11-12 15:00:00,-3920.74
2025-11-12 15:15:00,-3886.1
2025-11-12 15:30:00,-3869.3
2025-11-12 15:45:00,-3869.71
2025-11-12 16:00:00,-3075.5
2025-11-12 16:15:00,-3082.74
2025-11-12 16:30:00,-3091.73
2025-11-12 16:45:00,-3098.23
2025-11-12 17:00:00,-2946.77
2025-11-12 17:15:00,-2953.4700000000003
2025-11-12 17:30:00,-2953.91
2025-11-12 17:45:00,-2958.2200000000003
2025-11-12 18:00:00,-956.3399999999999
2025-11-12 18:15:00,-960.06
2025-11-12 18:30:00,-969.22
2025-11-12 18:45:00,-966.8
2025-11-12 19:00:00,-212.3599999999999
2025-11-12 19:15:00,-200.54999999999995
2025-11-12 19:30:00,-200.5999999999999
2025-11-12 19:45:00,-202.91000000000008
2025-11-12 20:00:00,331.75
2025-11-12 20:15:00,314.55999999999995
2025-11-12 20:30:00,318.6600000000001
2025-11-12 20:45:00,312.46000000000004
2025-11-12 21:00:00,-1226.33
2025-11-12 21:15:00,-1239.18
2025-11-12 21:30:00,-1247.62
2025-11-12 21:45:00,-1263.99
2025-11-12 22:00:00,-1432.1
2025-11-12 22:15:00,-1452.04
2025-11-12 22:30:00,-1468.76
2025-11-12 22:45:00,-1379.84
2025-11-12 23:00:00,-3458.48
2025-11-12 23:15:00,-3480.63
2025-11-12 23:30:00,-3473.73
2025-11-12 23:45:00,-3492.51
2025-11-13 00:00:00,-2534.57
2025-11-13 00:15:00,-2535.9
2025-11-13 00:30:00,-2555.61
2025-11-13 00:45:00,-2570.41
2025-11-13 01:00:00,-2500.7
2025-11-13 01:15:00,-2505.81
2025-11-13 01:30:00,-2506.74
2025-11-13 01:45:00,-2511.93
2025-11-13 02:00:00,-1609.67
2025-11-13 02:15:00,-1608.4299999999998
2025-11-13 02:30:00,-1608.58
2025-11-13 02:45:00,-1605.8200000000002
2025-11-13 03:00:00,-1429.0100000000002
2025-11-13 03:15:00,-1421.38
2025-11-13 03:30:00,-1420.0900000000001
2025-11-13 03:45:00,-1421.83
2025-11-13 04:00:00,-1471.5700000000002
2025-11-13 04:15:00,-1462.46
2025-11-13 04:30:00,-1444.94
2025-11-13 04:45:00,-1422.1
2025-11-13 05:00:00,-1939.73
2025-11-13 05:15:00,-1907.35
2025-11-13 05:30:00,-1866.29
2025-11-13 05:45:00,-1846.71
2025-11-13 06:00:00,-1767.9299999999998
2025-11-13 06:15:00,-1738.37
2025-11-13 06:30:00,-1711.0300000000002
2025-11-13 06:45:00,-1698.96
2025-11-13 07:00:00,-2805.28
2025-11-13 07:15:00,-2806.93
2025-11-13 07:30:00,-2809.56
2025-11-13 07:45:00,-2782.18
2025-11-13 08:00:00,-2013.0100000000002
2025-11-13 08:15:00,-2023.87
2025-11-13 08:30:00,-2024.9499999999998
2025-11-13 08:45:00,-2028.96
2025-11-13 09:00:00,-2191.42
2025-11-13 09:15:00,-2201.56
2025-11-13 09:30:00,-2206.57
2025-11-13 09:45:00,-2210.07
2025-11-13 10:00:00,-2364.05
2025-11-13 10:15:00,-2367.38
2025-11-13 10:30:00,-2367.74
2025-11-13 10:45:00,-2359.25
2025-11-13 11:00:00,-2290.88
2025-11-13 11:15:00,-2286.81
2025-11-13 11:30:00,-2275.32
2025-11-13 11:45:00,-2283.15
2025-11-13 12:00:00,-2758.74
2025-11-13 12:15:00,-2758.98
2025-11-13 12:30:00,-2749.11
2025-11-13 12:45:00,-2741.18
2025-11-13 13:00:00,-3428.23
2025-11-13 13:15:00,-3448.7
2025-11-13 13:30:00,-3439.82
2025-11-13 13:45:00,-3437.5
2025-11-13 14:00:00,-2575.94
2025-11-13 14:15:00,-2560.54
2025-11-13 14:30:00,-2539.97
2025-11-13 14:45:00,-2516.73
2025-11-13 15:00:00,-1632.75
2025-11-13 15:15:00,-1602.2800000000002
2025-11-13 15:30:00,-1590.83
2025-11-13 15:45:00,-1578.69
2025-11-13 16:00:00,-1315.4
2025-11-13 16:15:00,-1299.94
2025-11-13 16:30:00,-1296.8200000000002
2025-11-13 16:45:00,-1297.5100000000002
2025-11-13 17:00:00,-1362.02
2025-11-13 17:15:00,-1370.1
2025-11-13 17:30:00,-1370.58
2025-11-13 17:45:00,-1373.2600000000002
2025-11-13 18:00:00,-638.48
2025-11-13 18:15:00,-642.0100000000002
2025-11-13 18:30:00,-646.8899999999999
2025-11-13 18:45:00,-658.0799999999999
2025-11-13 19:00:00,-687.8800000000001
2025-11-13 19:15:00,-692.7600000000002
2025-11-13 19:30:00,-680.8400000000001
2025-11-13 19:45:00,-684.2399999999998
2025-11-13 20:00:00,-117.84999999999991
2025-11-13 20:15:00,-129.71000000000004
2025-11-13 20:30:00,-128.01999999999998
2025-11-13 20:45:00,-147.30000000000018
2025-11-13 21:00:00,318.42999999999984
2025-11-13 21:15:00,310.3600000000001
2025-11-13 21:30:00,298.90999999999985
2025-11-13 21:45:00,287.23
2025-11-13 22:00:00,448.5100000000002
2025-11-13 22:15:00,435.80999999999995
2025-11-13 22:30:00,420.28999999999996
2025-11-13 22:45:00,412.3699999999999
2025-11-13 23:00:00,-2.2199999999998
2025-11-13 23:15:00,-13.400000000000091
2025-11-13 23:30:00,-27.170000000000073
2025-11-13 23:45:00,-35.19999999999982
2025-11-14 00:00:00,473.1700000000001
2025-11-14 00:15:00,469.75
2025-11-14 00:30:00,456.1500000000001
2025-11-14 00:45:00,453.1300000000001
2025-11-14 01:00:00,561.1700000000001
2025-11-14 01:15:00,557.6700000000001
2025-11-14 01:30:00,556.2600000000002
2025-11-14 01:45:00,555.8899999999999
2025-11-14 02:00:00,579.52
2025-11-14 02:15:00,574.22
2025-11-14 02:30:00,583.3200000000002
2025-11-14 02:45:00,576.3800000000001
2025-11-14 03:00:00,549.0100000000002
2025-11-14 03:15:00,552.0100000000002
2025-11-14 03:30:00,553.3299999999999
2025-11-14 03:45:00,553.0799999999999
2025-11-14 04:00:00,1215.9699999999998
2025-11-14 04:15:00,1223.67
2025-11-14 04:30:00,1242.29
2025-11-14 04:45:00,1267.77
2025-11-14 05:00:00,809.9299999999998
2025-11-14 05:15:00,841.8000000000002
2025-11-14 05:30:00,875.1300000000001
2025-11-14 05:45:00,901.2199999999998
2025-11-14 06:00:00,1163.3899999999999
2025-11-14 06:15:00,1188.8200000000002
2025-11-14 06:30:00,1222.1999999999998
2025-11-14 06:45:00,1238.52
2025-11-14 07:00:00,919.5700000000002
2025-11-14 07:15:00,904.6300000000001
2025-11-14 07:30:00,924.56
2025-11-14 07:45:00,945.1399999999999
2025-11-14 08:00:00,996.6700000000001
2025-11-14 08:15:00,954.9099999999999
2025-11-14 08:30:00,950.21
2025-11-14 08:45:00,951.8899999999999
2025-11-14 09:00:00,567.5300000000002
2025-11-14 09:15:00,547.6399999999999
2025-11-14 09:30:00,536.8600000000001
2025-11-14 09:45:00,514.31
2025-11-14 10:00:00,241.1500000000001
2025-11-14 10:15:00,294.73
2025-11-14 10:30:00,329.0300000000002
2025-11-14 10:45:00,321.98
2025-11-14 11:00:00,547.1300000000001
2025-11-14 11:15:00,540.8600000000001
2025-11-14 11:30:00,549.94
2025-11-14 11:45:00,541.6599999999999
2025-11-14 12:00:00,-23.61999999999989
2025-11-14 12:15:00,-14.260000000000218
2025-11-14 12:30:00,-3.349999999999909
2025-11-14 12:45:00,-2.550000000000182
2025-11-14 13:00:00,-181.44999999999982
2025-11-14 13:15:00,-180.96000000000004
2025-11-14 13:30:00,-183.07000000000016
2025-11-14 13:45:00,-171.51999999999998
2025-11-14 14:00:00,10.420000000000073
2025-11-14 14:15:00,14.190000000000055
2025-11-14 14:30:00,28.25
2025-11-14 14:45:00,45.07999999999993
2025-11-14 15:00:00,567.0100000000002
2025-11-14 15:15:00,587.5500000000002
2025-11-14 15:30:00,599.04
2025-11-14 15:45:00,608.7600000000002
2025-11-14 16:00:00,739.71
2025-11-14 16:15:00,730.8400000000001
2025-11-14 16:30:00,734.5799999999999
2025-11-14 16:45:00,762.19
2025-11-14 17:00:00,483.2800000000002
2025-11-14 17:15:00,487.8800000000001
2025-11-14 17:30:00,484.3699999999999
2025-11-14 17:45:00,471.6700000000001
2025-11-14 18:00:00,654.3899999999999
2025-11-14 18:15:00,643.52
2025-11-14 18:30:00,633.5999999999999
2025-11-14 18:45:00,621.5300000000002
2025-11-14 19:00:00,679.2800000000002
2025-11-14 19:15:00,680.71
2025-11-14 19:30:00,670.77
2025-11-14 19:45:00,655.29
2025-11-14 20:00:00,586.0999999999999
2025-11-14 20:15:00,577.5900000000001
2025-11-14 20:30:00,571.9000000000001
2025-11-14 20:45:00,566.6999999999998
2025-11-14 21:00:00,757.0900000000001
2025-11-14 21:15:00,741.94
2025-11-14 21:30:00,733.6199999999999
2025-11-14 21:45:00,713.25
2025-11-14 22:00:00,1039.65
2025-11-14 22:15:00,1026.69
2025-11-14 22:30:00,1009.8000000000002
2025-11-14 22:45:00,1010.8899999999999
2025-11-14 23:00:00,930.02
2025-11-14 23:15:00,915.75
2025-11-14 23:30:00,906.0999999999999
2025-11-14 23:45:00,892.06
2025-11-15 00:00:00,855.2800000000002
2025-11-15 00:15:00,846.8299999999999
2025-11-15 00:30:00,834.6700000000001
2025-11-15 00:45:00,829.5100000000002
2025-11-15 01:00:00,886.29
2025-11-15 01:15:00,885.4699999999998
2025-11-15 01:30:00,868.5799999999999
2025-11-15 01:45:00,866.1300000000001
2025-11-15 02:00:00,1104.5500000000002
2025-11-15 02:15:00,1101.5500000000002
2025-11-15 02:30:00,1102.5100000000002
2025-11-15 02:45:00,1102.46
2025-11-15 03:00:00,743.5
2025-11-15 03:15:00,745.9000000000001
2025-11-15 03:30:00,747.8600000000001
2025-11-15 03:45:00,750.71
2025-11-15 04:00:00,1116.19
2025-11-15 04:15:00,1115.4699999999998
2025-11-15 04:30:00,1120.9899999999998
2025-11-15 04:45:00,1124.81
2025-11-15 05:00:00,1546.2600000000002
2025-11-15 05:15:00,1548.96
2025-11-15 05:30:00,1580.5300000000002
2025-11-15 05:45:00,1589.73
2025-11-15 06:00:00,379.03999999999996
2025-11-15 06:15:00,392.19000000000005
2025-11-15 06:30:00,407.78999999999996
2025-11-15 06:45:00,420.23
2025-11-15 07:00:00,235.9699999999998
2025-11-15 07:15:00,248.01999999999998
2025-11-15 07:30:00,260.03999999999996
2025-11-15 07:45:00,272.5999999999999
2025-11-15 08:00:00,229.3699999999999
2025-11-15 08:15:00,79.88999999999987
2025-11-15 08:30:00,159.8800000000001
2025-11-15 08:45:00,263.0
2025-11-15 09:00:00,-376.52
2025-11-15 09:15:00,-371.46000000000004
2025-11-15 09:30:00,-367.1500000000001
2025-11-15 09:45:00,-374.3899999999999
2025-11-15 10:00:00,-744.6999999999998
2025-11-15 10:15:00,-750.48
2025-11-15 10:30:00,-753.9000000000001
2025-11-15 10:45:00,-756.4299999999998
2025-11-15 11:00:00,-425.98
2025-11-15 11:15:00,-436.77
2025-11-15 11:30:00,-431.69000000000005
2025-11-15 11:45:00,-438.4000000000001
2025-11-15 12:00:00,-716.44
2025-11-15 12:15:00,-714.79
2025-11-15 12:30:00,-708.6399999999999
2025-11-15 12:45:00,-714.27
2025-11-15 13:00:00,-1517.33
2025-11-15 13:15:00,-1525.3600000000001
2025-11-15 13:30:00,-1516.5900000000001
2025-11-15 13:45:00,-1511.7399999999998
2025-11-15 14:00:00,-1624.9499999999998
2025-11-15 14:15:00,-1625.96
2025-11-15 14:30:00,-1619.23
2025-11-15 14:45:00,-1612.3899999999999
2025-11-15 15:00:00,-1058.92
2025-11-15 15:15:00,-1050.9899999999998
2025-11-15 15:30:00,-1044.4499999999998
2025-11-15 15:45:00,-1043.5
2025-11-15 16:00:00,226.8800000000001
2025-11-15 16:15:00,220.19000000000005
2025-11-15 16:30:00,224.5300000000002
2025-11-15 16:45:00,232.34000000000015
2025-11-15 17:00:00,800.2199999999998
2025-11-15 17:15:00,794.8400000000001
2025-11-15 17:30:00,797.8800000000001
2025-11-15 17:45:00,785.77
2025-11-15 18:00:00,1492.8600000000001
2025-11-15 18:15:00,1490.0500000000002
2025-11-15 18:30:00,1483.19
2025-11-15 18:45:00,1469.4299999999998
2025-11-15 19:00:00,2093.73
2025-11-15 19:15:00,2077.15
2025-11-15 19:30:00,2067.85
2025-11-15 19:45:00,2057.53
2025-11-15 20:00:00,-322.0799999999999
2025-11-15 20:15:00,-327.9899999999998
2025-11-15 20:30:00,-339.05999999999995
2025-11-15 20:45:00,-350.3800000000001
2025-11-15 21:00:00,481.42999999999984
2025-11-15 21:15:00,468.30999999999995
2025-11-15 21:30:00,459.80999999999995
2025-11-15 21:45:00,448.53999999999996
2025-11-15 22:00:00,697.5
2025-11-15 22:15:00,686.5700000000002
2025-11-15 22:30:00,667.0799999999999
2025-11-15 22:45:00,661.73
2025-11-15 23:00:00,-593.4499999999998
2025-11-15 23:15:00,-600.0300000000002
2025-11-15 23:30:00,-618.9000000000001
2025-11-15 23:45:00,-616.56
2025-11-16 00:00:00,607.3600000000001
2025-11-16 00:15:00,597.04
2025-11-16 00:30:00,587.9099999999999
2025-11-16 00:45:00,580.4200000000001
2025-11-16 01:00:00,158.38999999999987
2025-11-16 01:15:00,153.1400000000001
2025-11-16 01:30:00,152.26999999999998
2025-11-16 01:45:00,145.56999999999994
2025-11-16 02:00:00,56.75999999999999
2025-11-16 02:15:00,42.059999999999945
2025-11-16 02:30:00,47.6099999999999
2025-11-16 02:45:00,37.73000000000002
2025-11-16 03:00:00,-2373.99
2025-11-16 03:15:00,-2374.99
2025-11-16 03:30:00,-2373.44
2025-11-16 03:45:00,-2375.7799999999997
2025-11-16 04:00:00,32.6099999999999
2025-11-16 04:15:00,29.88000000000011
2025-11-16 04:30:00,32.190000000000055
2025-11-16 04:45:00,35.41000000000008
2025-11-16 05:00:00,880.8399999999999
2025-11-16 05:15:00,886.8599999999999
2025-11-16 05:30:00,885.73
2025-11-16 05:45:00,882.29
2025-11-16 06:00:00,355.30999999999995
2025-11-16 06:15:00,366.3800000000001
2025-11-16 06:30:00,374.46000000000004
2025-11-16 06:45:00,378.21000000000004
2025-11-16 07:00:00,244.90999999999985
2025-11-16 07:15:00,249.42999999999984
2025-11-16 07:30:00,268.9000000000001
2025-11-16 07:45:00,266.52
2025-11-16 08:00:00,160.82999999999993
2025-11-16 08:15:00,171.57000000000016
2025-11-16 08:30:00,190.1500000000001
2025-11-16 08:45:00,193.15999999999985
2025-11-16 09:00:00,-769.4699999999998
2025-11-16 09:15:00,-758.0799999999999
2025-11-16 09:30:00,-755.8400000000001
2025-11-16 09:45:00,-752.46
2025-11-16 10:00:00,-1593.0700000000002
2025-11-16 10:15:00,-1592.8200000000002
2025-11-16 10:30:00,-1582.71
2025-11-16 10:45:00,-1579.9
2025-11-16 11:00:00,-1090.44
2025-11-16 11:15:00,-1105.6100000000001
2025-11-16 11:30:00,-1092.62
2025-11-16 11:45:00,-1093.9899999999998
2025-11-16 12:00:00,-2066.57
2025-11-16 12:15:00,-2058.97
2025-11-16 12:30:00,-2054.37
2025-11-16 12:45:00,-2051.97
2025-11-16 13:00:00,-1282.31
2025-11-16 13:15:00,-1279.1599999999999
2025-11-16 13:30:00,-1271.5500000000002
2025-11-16 13:45:00,-1262.92
2025-11-16 14:00:00,-139.7800000000002
2025-11-16 14:15:00,-135.48999999999978
2025-11-16 14:30:00,-119.15000000000009
2025-11-16 14:45:00,-111.32000000000016
2025-11-16 15:00:00,763.4099999999999
2025-11-16 15:15:00,773.69
2025-11-16 15:30:00,786.81
2025-11-16 15:45:00,783.1799999999998
2025-11-16 16:00:00,548.3000000000002
2025-11-16 16:15:00,537.0700000000002
2025-11-16 16:30:00,542.1799999999998
2025-11-16 16:45:00,546.5500000000002
2025-11-16 17:00:00,-583.5900000000001
2025-11-16 17:15:00,-584.1700000000001
2025-11-16 17:30:00,-576.04
2025-11-16 17:45:00,-578.1399999999999
2025-11-16 18:00:00,-3180.06
2025-11-16 18:15:00,-3176.03
2025-11-16 18:30:00,-3171.07
2025-11-16 18:45:00,-3168.8
2025-11-16 19:00:00,-3049.69
2025-11-16 19:15:00,-3061.12
2025-11-16 19:30:00,-3055.94
2025-11-16 19:45:00,-3062.45
2025-11-16 20:00:00,-3016.69
2025-11-16 20:15:00,-3030.81
2025-11-16 20:30:00,-3036.02
2025-11-16 20:45:00,-3042.81
2025-11-16 21:00:00,-1937.19
2025-11-16 21:15:00,-1950.06
2025-11-16 21:30:00,-1963.6999999999998
2025-11-16 21:45:00,-1978.7399999999998
2025-11-16 22:00:00,-1565.87
2025-11-16 22:15:00,-1573.2199999999998
2025-11-16 22:30:00,-1588.48
2025-11-16 22:45:00,-1608.15
2025-11-16 23:00:00,-1420.67
2025-11-16 23:15:00,-1428.73
2025-11-16 23:30:00,-1439.0
2025-11-16 23:45:00,-1458.1799999999998
2025-11-17 00:00:00,-3555.26
2025-11-17 00:15:00,-3565.76
2025-11-17 00:30:00,-3577.87
2025-11-17 00:45:00,-3583.45
2025-11-17 01:00:00,-1957.9499999999998
2025-11-17 01:15:00,-1960.6
2025-11-17 01:30:00,-1967.27
2025-11-17 01:45:00,-1982.1
2025-11-17 02:00:00,-1260.29
2025-11-17 02:15:00,-1255.79
2025-11-17 02:30:00,-1255.92
2025-11-17 02:45:00,-1258.6999999999998
2025-11-17 03:00:00,-419.1500000000001
2025-11-17 03:15:00,-417.7600000000002
2025-11-17 03:30:00,-412.3499999999999
2025-11-17 03:45:00,-403.3699999999999
2025-11-17 04:00:00,-805.8600000000001
2025-11-17 04:15:00,-791.44
2025-11-17 04:30:00,-776.6399999999999
2025-11-17 04:45:00,-766.3600000000001
2025-11-17 05:00:00,-1819.8600000000001
2025-11-17 05:15:00,-1791.1100000000001
2025-11-17 05:30:00,-1746.42
2025-11-17 05:45:00,-1716.5700000000002
2025-11-17 06:00:00,-3803.33
2025-11-17 06:15:00,-3780.8
2025-11-17 06:30:00,-3756.8
2025-11-17 06:45:00,-3746.08
2025-11-17 07:00:00,-2389.57
2025-11-17 07:15:00,-2397.17
2025-11-17 07:30:00,-2385.94
2025-11-17 07:45:00,-2387.16
2025-11-17 08:00:00,-2280.18
2025-11-17 08:15:00,-2287.22
2025-11-17 08:30:00,-2271.45
2025-11-17 08:45:00,-2276.21
2025-11-17 09:00:00,-1313.7600000000002
2025-11-17 09:15:00,-1298.29
2025-11-17 09:30:00,-1301.29
2025-11-17 09:45:00,-1309.3200000000002
2025-11-17 10:00:00,-1132.4299999999998
2025-11-17 10:15:00,-1140.85
2025-11-17 10:30:00,-1150.58
2025-11-17 10:45:00,-1154.9499999999998
2025-11-17 11:00:00,-486.5799999999999
2025-11-17 11:15:00,-487.5500000000002
2025-11-17 11:30:00,-491.4200000000001
2025-11-17 11:45:00,-499.98
2025-11-17 12:00:00,-1654.9
2025-11-17 12:15:00,-1657.21
2025-11-17 12:30:00,-1653.7199999999998
2025-11-17 12:45:00,-1655.69
2025-11-17 13:00:00,-1797.1399999999999
2025-11-17 13:15:00,-1800.06
2025-11-17 13:30:00,-1799.83
2025-11-17 13:45:00,-1793.42
2025-11-17 14:00:00,-1189.6399999999999
2025-11-17 14:15:00,-1177.1
2025-11-17 14:30:00,-1159.2399999999998
2025-11-17 14:45:00,-1154.6100000000001
2025-11-17 15:00:00,-14.519999999999982
2025-11-17 15:15:00,8.86999999999989
2025-11-17 15:30:00,14.5300000000002
2025-11-17 15:45:00,24.420000000000073
2025-11-17 16:00:00,-45.61999999999989
2025-11-17 16:15:00,-56.11000000000013
2025-11-17 16:30:00,-58.63999999999987
2025-11-17 16:45:00,-53.23000000000002
2025-11-17 17:00:00,99.26000000000022
2025-11-17 17:15:00,89.13999999999987
2025-11-17 17:30:00,82.07000000000016
2025-11-17 17:45:00,61.63000000000011
2025-11-17 18:00:00,-508.69000000000005
2025-11-17 18:15:00,-509.96000000000004
2025-11-17 18:30:00,-506.0
2025-11-17 18:45:00,-506.67999999999984
2025-11-17 19:00:00,-1025.7800000000002
2025-11-17 19:15:00,-1028.6399999999999
2025-11-17 19:30:00,-1024.15
2025-11-17 19:45:00,-1024.77
2025-11-17 20:00:00,-511.8000000000002
2025-11-17 20:15:00,-538.23
2025-11-17 20:30:00,-545.54
2025-11-17 20:45:00,-561.3899999999999
2025-11-17 21:00:00,408.4000000000001
2025-11-17 21:15:00,398.8600000000001
2025-11-17 21:30:00,389.80999999999995
2025-11-17 21:45:00,366.78999999999996
2025-11-17 22:00:00,740.23
2025-11-17 22:15:00,705.5100000000002
2025-11-17 22:30:00,696.29
2025-11-17 22:45:00,683.0999999999999
2025-11-17 23:00:00,1719.5
2025-11-17 23:15:00,1706.19
2025-11-17 23:30:00,1697.2600000000002
2025-11-17 23:45:00,1691.13
2025-11-18 00:00:00,-87.05999999999995
2025-11-18 00:15:00,-95.67000000000007
2025-11-18 00:30:00,-108.82000000000016
2025-11-18 00:45:00,-124.26000000000022
2025-11-18 01:00:00,354.0799999999999
2025-11-18 01:15:00,358.78999999999996
2025-11-18 01:30:00,359.3800000000001
2025-11-18 01:45:00,344.4499999999998
2025-11-18 02:00:00,368.7600000000002
2025-11-18 02:15:00,363.4499999999998
2025-11-18 02:30:00,359.6999999999998
2025-11-18 02:45:00,360.6300000000001
2025-11-18 03:00:00,597.4000000000001
2025-11-18 03:15:00,596.81
2025-11-18 03:30:00,603.0100000000002
2025-11-18 03:45:00,604.5500000000002
2025-11-18 04:00:00,635.1799999999998
2025-11-18 04:15:00,648.75
2025-11-18 04:30:00,674.21
2025-11-18 04:45:00,692.7800000000002
2025-11-18 05:00:00,1698.75
2025-11-18 05:15:00,1729.67
2025-11-18 05:30:00,1776.54
2025-11-18 05:45:00,1803.94
2025-11-18 06:00:00,-235.2800000000002
2025-11-18 06:15:00,-206.8800000000001
2025-11-18 06:30:00,-177.07000000000016
2025-11-18 06:45:00,-166.07000000000016
2025-11-18 07:00:00,1118.06
2025-11-18 07:15:00,1116.5100000000002
2025-11-18 07:30:00,1111.5900000000001
2025-11-18 07:45:00,1111.73
2025-11-18 08:00:00,1229.81
2025-11-18 08:15:00,1221.69
2025-11-18 08:30:00,1221.1
2025-11-18 08:45:00,1219.4
2025-11-18 09:00:00,2169.52
2025-11-18 09:15:00,2163.87
2025-11-18 09:30:00,2164.05
2025-11-18 09:45:00,2157.53
2025-11-18 10:00:00,1780.42
2025-11-18 10:15:00,1783.8000000000002
2025-11-18 10:30:00,1773.12
2025-11-18 10:45:00,1776.63
2025-11-18 11:00:00,2062.3
2025-11-18 11:15:00,2058.62
2025-11-18 11:30:00,2055.2
2025-11-18 11:45:00,2036.27
2025-11-18 12:00:00,1971.9899999999998
2025-11-18 12:15:00,1977.19
2025-11-18 12:30:00,1975.23
2025-11-18 12:45:00,1976.9299999999998
2025-11-18 13:00:00,676.1399999999999
2025-11-18 13:15:00,670.0
2025-11-18 13:30:00,676.4899999999998
2025-11-18 13:45:00,680.2199999999998
2025-11-18 14:00:00,1363.92
2025-11-18 14:15:00,1371.7399999999998
2025-11-18 14:30:00,1388.7399999999998
2025-11-18 14:45:00,1408.6399999999999
2025-11-18 15:00:00,1566.7600000000002
2025-11-18 15:15:00,1574.4099999999999
2025-11-18 15:30:00,1589.5300000000002
2025-11-18 15:45:00,1594.5
2025-11-18 16:00:00,2314.39
2025-11-18 16:15:00,2302.18
2025-11-18 16:30:00,2299.64
2025-11-18 16:45:00,2300.49
2025-11-18 17:00:00,1601.6
2025-11-18 17:15:00,1603.52
2025-11-18 17:30:00,1604.58
2025-11-18 17:45:00,1550.4499999999998
2025-11-18 18:00:00,1176.8400000000001
2025-11-18 18:15:00,1155.8400000000001
2025-11-18 18:30:00,1152.69
2025-11-18 18:45:00,1162.31
2025-11-18 19:00:00,942.77
2025-11-18 19:15:00,939.2600000000002
2025-11-18 19:30:00,945.6700000000001
2025-11-18 19:45:00,968.06
2025-11-18 20:00:00,888.0799999999999
2025-11-18 20:15:00,883.8299999999999
2025-11-18 20:30:00,872.8400000000001
2025-11-18 20:45:00,869.9299999999998
2025-11-18 21:00:00,930.19
2025-11-18 21:15:00,922.4000000000001
2025-11-18 21:30:00,910.56
2025-11-18 21:45:00,901.06
2025-11-18 22:00:00,647.7800000000002
2025-11-18 22:15:00,629.6999999999998
2025-11-18 22:30:00,621.8200000000002
2025-11-18 22:45:00,621.71
2025-11-18 23:00:00,188.32000000000016
2025-11-18 23:15:00,183.5999999999999
2025-11-18 23:30:00,177.5
2025-11-18 23:45:00,168.28999999999996
2025-11-19 00:00:00,164.61000000000013
2025-11-19 00:15:00,166.51000000000022
2025-11-19 00:30:00,148.73999999999978
2025-11-19 00:45:00,147.07999999999993
2025-11-19 01:00:00,270.7399999999998
2025-11-19 01:15:00,256.1500000000001
2025-11-19 01:30:00,253.94000000000005
2025-11-19 01:45:00,253.21000000000004
2025-11-19 02:00:00,845.8499999999999
2025-11-19 02:15:00,838.3600000000001
2025-11-19 02:30:00,837.3299999999999
2025-11-19 02:45:00,840.2600000000002
2025-11-19 03:00:00,560.2399999999998
2025-11-19 03:15:00,558.1199999999999
2025-11-19 03:30:00,568.06
2025-11-19 03:45:00,573.23
2025-11-19 04:00:00,521.98
2025-11-19 04:15:00,537.3800000000001
2025-11-19 04:30:00,549.9699999999998
2025-11-19 04:45:00,566.1999999999998
2025-11-19 05:00:00,1368.1999999999998
2025-11-19 05:15:00,1417.6599999999999
2025-11-19 05:30:00,1455.75
2025-11-19 05:45:00,1490.9899999999998
2025-11-19 06:00:00,1330.25
2025-11-19 06:15:00,1358.6599999999999
2025-11-19 06:30:00,1385.6
2025-11-19 06:45:00,1396.1
2025-11-19 07:00:00,1503.4299999999998
2025-11-19 07:15:00,1503.33
2025-11-19 07:30:00,1508.58
2025-11-19 07:45:00,1512.6799999999998
2025-11-19 08:00:00,1627.5900000000001
2025-11-19 08:15:00,1625.3899999999999
2025-11-19 08:30:00,1632.62
2025-11-19 08:45:00,1626.9499999999998
2025-11-19 09:00:00,1073.7199999999998
2025-11-19 09:15:00,1067.23
2025-11-19 09:30:00,1057.15
2025-11-19 09:45:00,1024.7800000000002
2025-11-19 10:00:00,1193.33
2025-11-19 10:15:00,1172.8400000000001
2025-11-19 10:30:00,1171.7399999999998
2025-11-19 10:45:00,1166.1100000000001
2025-11-19 11:00:00,1460.73
2025-11-19 11:15:00,1458.0900000000001
2025-11-19 11:30:00,1463.8400000000001
2025-11-19 11:45:00,1458.13
2025-11-19 12:00:00,2273.06
2025-11-19 12:15:00,2272.06
2025-11-19 12:30:00,2274.21
2025-11-19 12:45:00,2264.21
2025-11-19 13:00:00,1918.96
2025-11-19 13:15:00,1918.5
2025-11-19 13:30:00,1908.58
2025-11-19 13:45:00,1921.58
2025-11-19 14:00:00,1796.7800000000002
2025-11-19 14:15:00,1808.6799999999998
2025-11-19 14:30:00,1830.77
2025-11-19 14:45:00,1850.92
2025-11-19 15:00:00,2167.69
2025-11-19 15:15:00,2196.86
2025-11-19 15:30:00,2217.75
2025-11-19 15:45:00,2227.45
2025-11-19 16:00:00,2126.58
2025-11-19 16:15:00,2118.86
2025-11-19 16:30:00,2098.51
2025-11-19 16:45:00,2097.73
2025-11-19 17:00:00,1743.88
2025-11-19 17:15:00,1738.4499999999998
2025-11-19 17:30:00,1738.2399999999998
2025-11-19 17:45:00,1732.75
2025-11-19 18:00:00,1617.9299999999998
2025-11-19 18:15:00,1622.1
2025-11-19 18:30:00,1606.6999999999998
2025-11-19 18:45:00,1616.9099999999999
2025-11-19 19:00:00,1397.7800000000002
2025-11-19 19:15:00,1383.1399999999999
2025-11-19 19:30:00,1388.4899999999998
2025-11-19 19:45:00,1387.8899999999999
2025-11-19 20:00:00,1795.9899999999998
2025-11-19 20:15:00,1792.6799999999998
2025-11-19 20:30:00,1786.13
2025-11-19 20:45:00,1771.31
2025-11-19 21:00:00,1815.81
2025-11-19 21:15:00,1797.54
2025-11-19 21:30:00,1787.12
2025-11-19 21:45:00,1776.15
2025-11-19 22:00:00,1387.73
2025-11-19 22:15:00,1375.29
2025-11-19 22:30:00,1344.98
2025-11-19 22:45:00,1338.0900000000001
2025-11-19 23:00:00,1480.52
2025-11-19 23:15:00,1468.9099999999999
2025-11-19 23:30:00,1455.02
2025-11-19 23:45:00,1437.1100000000001
2025-11-20 00:00:00,1682.04
2025-11-20 00:15:00,1675.1799999999998
2025-11-20 00:30:00,1665.4499999999998
2025-11-20 00:45:00,1658.1799999999998
2025-11-20 01:00:00,1769.8600000000001
2025-11-20 01:15:00,1769.83
2025-11-20 01:30:00,1761.4099999999999
2025-11-20 01:45:00,1757.33
2025-11-20 02:00:00,1343.79
2025-11-20 02:15:00,1348.75
2025-11-20 02:30:00,1350.0100000000002
2025-11-20 02:45:00,1325.7600000000002
2025-11-20 03:00:00,1480.63
2025-11-20 03:15:00,1482.0900000000001
2025-11-20 03:30:00,1487.6100000000001
2025-11-20 03:45:00,1490.94
2025-11-20 04:00:00,1775.04
2025-11-20 04:15:00,1782.0300000000002
2025-11-20 04:30:00,1796.98
2025-11-20 04:45:00,1817.33
2025-11-20 05:00:00,1642.4699999999998
2025-11-20 05:15:00,1671.77
2025-11-20 05:30:00,1718.65
2025-11-20 05:45:00,1744.4899999999998
2025-11-20 06:00:00,1441.17
2025-11-20 06:15:00,1489.25
2025-11-20 06:30:00,1504.5900000000001
2025-11-20 06:45:00,1517.0300000000002
2025-11-20 07:00:00,1535.8400000000001
2025-11-20 07:15:00,1517.8000000000002
2025-11-20 07:30:00,1514.96
2025-11-20 07:45:00,1529.9
2025-11-20 08:00:00,2325.12
2025-11-20 08:15:00,2323.41
2025-11-20 08:30:00,2325.6
2025-11-20 08:45:00,2316.96
2025-11-20 09:00:00,2002.5300000000002
2025-11-20 09:15:00,2000.5300000000002
2025-11-20 09:30:00,1985.87
2025-11-20 09:45:00,1973.46
2025-11-20 10:00:00,1663.69
2025-11-20 10:15:00,1664.4699999999998
2025-11-20 10:30:00,1659.6999999999998
2025-11-20 10:45:00,1643.33
2025-11-20 11:00:00,1870.46
2025-11-20 11:15:00,1855.1799999999998
2025-11-20 11:30:00,1760.31
2025-11-20 11:45:00,1770.69
2025-11-20 12:00:00,2196.8
2025-11-20 12:15:00,2166.22
2025-11-20 12:30:00,2124.01
2025-11-20 12:45:00,2089.39
2025-11-20 13:00:00,1744.58
2025-11-20 13:15:00,1746.0
2025-11-20 13:30:00,1775.37
2025-11-20 13:45:00,1814.88
2025-11-20 14:00:00,1856.96
2025-11-20 14:15:00,1890.6799999999998
2025-11-20 14:30:00,1904.19
2025-11-20 14:45:00,1908.1999999999998
2025-11-20 15:00:00,1835.0
2025-11-20 15:15:00,1854.5500000000002
2025-11-20 15:30:00,1878.6399999999999
2025-11-20 15:45:00,1874.35
2025-11-20 16:00:00,2064.89
2025-11-20 16:15:00,2065.02
2025-11-20 16:30:00,2073.77
2025-11-20 16:45:00,2077.75
2025-11-20 17:00:00,2020.0500000000002
2025-11-20 17:15:00,2014.8000000000002
2025-11-20 17:30:00,2013.79
2025-11-20 17:45:00,2000.1999999999998
2025-11-20 18:00:00,1924.85
2025-11-20 18:15:00,1924.2399999999998
2025-11-20 18:30:00,1933.5900000000001
2025-11-20 18:45:00,1942.02
2025-11-20 19:00:00,1703.8000000000002
2025-11-20 19:15:00,1697.19
2025-11-20 19:30:00,1699.04
2025-11-20 19:45:00,1690.2399999999998
2025-11-20 20:00:00,2007.6799999999998
2025-11-20 20:15:00,2001.38
2025-11-20 20:30:00,1994.13
2025-11-20 20:45:00,1974.2800000000002
2025-11-20 21:00:00,1645.98
2025-11-20 21:15:00,1634.8899999999999
2025-11-20 21:30:00,1635.6
2025-11-20 21:45:00,1627.7399999999998
2025-11-20 22:00:00,1396.13
2025-11-20 22:15:00,1369.62
2025-11-20 22:30:00,1349.1799999999998
2025-11-20 22:45:00,1318.5100000000002
2025-11-20 23:00:00,1230.8000000000002
2025-11-20 23:15:00,1210.31
2025-11-20 23:30:00,1193.23
2025-11-20 23:45:00,1179.1399999999999
2025-11-21 00:00:00,1858.8000000000002
2025-11-21 00:15:00,1860.1399999999999
2025-11-21 00:30:00,1846.44
2025-11-21 00:45:00,1841.0
2025-11-21 01:00:00,1805.54
2025-11-21 01:15:00,1801.17
2025-11-21 01:30:00,1795.0900000000001
2025-11-21 01:45:00,1790.58
2025-11-21 02:00:00,2026.73
2025-11-21 02:15:00,2025.85
2025-11-21 02:30:00,2015.92
2025-11-21 02:45:00,2016.27
2025-11-21 03:00:00,1535.81
2025-11-21 03:15:00,1532.65
2025-11-21 03:30:00,1537.4299999999998
2025-11-21 03:45:00,1547.13
2025-11-21 04:00:00,1216.73
2025-11-21 04:15:00,1219.0500000000002
2025-11-21 04:30:00,1241.44
2025-11-21 04:45:00,1258.23
2025-11-21 05:00:00,987.1500000000001
2025-11-21 05:15:00,1025.7199999999998
2025-11-21 05:30:00,1063.63
2025-11-21 05:45:00,1074.65
2025-11-21 06:00:00,782.6799999999998
2025-11-21 06:15:00,821.1199999999999
2025-11-21 06:30:00,845.0500000000002
2025-11-21 06:45:00,864.71
2025-11-21 07:00:00,135.65999999999985
2025-11-21 07:15:00,126.13999999999987
2025-11-21 07:30:00,130.07000000000016
2025-11-21 07:45:00,132.40999999999985
2025-11-21 08:00:00,-183.51999999999998
2025-11-21 08:15:00,-196.48000000000002
2025-11-21 08:30:00,-195.23999999999978
2025-11-21 08:45:00,-190.5
2025-11-21 09:00:00,-301.6500000000001
2025-11-21 09:15:00,-294.5300000000002
2025-11-21 09:30:00,-297.84000000000015
2025-11-21 09:45:00,-245.90999999999985
2025-11-21 10:00:00,-780.8699999999999
2025-11-21 10:15:00,-840.7600000000002
2025-11-21 10:30:00,-845.0999999999999
2025-11-21 10:45:00,-851.21
2025-11-21 11:00:00,-1093.2800000000002
2025-11-21 11:15:00,-1093.1599999999999
2025-11-21 11:30:00,-1091.54
2025-11-21 11:45:00,-1095.79
2025-11-21 12:00:00,-1329.1100000000001
2025-11-21 12:15:00,-1320.3400000000001
2025-11-21 12:30:00,-1328.8600000000001
2025-11-21 12:45:00,-1332.56
2025-11-21 13:00:00,-2048.11
2025-11-21 13:15:00,-2046.79
2025-11-21 13:30:00,-2052.67
2025-11-21 13:45:00,-2066.52
2025-11-21 14:00:00,-2303.55
2025-11-21 14:15:00,-2312.12
2025-11-21 14:30:00,-2295.44
2025-11-21 14:45:00,-2276.9
2025-11-21 15:00:00,-2766.76
2025-11-21 15:15:00,-2759.29
2025-11-21 15:30:00,-2758.1
2025-11-21 15:45:00,-2788.78
2025-11-21 16:00:00,-2953.28
2025-11-21 16:15:00,-2957.16
2025-11-21 16:30:00,-2960.22
2025-11-21 16:45:00,-2974.58
2025-11-21 17:00:00,-3165.8
2025-11-21 17:15:00,-3158.96
2025-11-21 17:30:00,-3163.4
2025-11-21 17:45:00,-3174.86
2025-11-21 18:00:00,-3773.24
2025-11-21 18:15:00,-3780.94
2025-11-21 18:30:00,-3790.51
2025-11-21 18:45:00,-3799.83
2025-11-21 19:00:00,-3922.56
2025-11-21 19:15:00,-3930.11
2025-11-21 19:30:00,-3937.89
2025-11-21 19:45:00,-3948.65
2025-11-21 20:00:00,-4168.780000000001
2025-11-21 20:15:00,-4185.9400000000005
2025-11-21 20:30:00,-4202.889999999999
2025-11-21 20:45:00,-4206.67
2025-11-21 21:00:00,-4070.31
2025-11-21 21:15:00,-4069.56
2025-11-21 21:30:00,-4084.26
2025-11-21 21:45:00,-4099.860000000001
2025-11-21 22:00:00,-4337.8
2025-11-21 22:15:00,-4348.71
2025-11-21 22:30:00,-4341.34
2025-11-21 22:45:00,-4361.24
2025-11-21 23:00:00,-4773.6
2025-11-21 23:15:00,-4794.17
2025-11-21 23:30:00,-4805.110000000001
2025-11-21 23:45:00,-4818.07
2025-11-22 00:00:00,-5401.95
2025-11-22 00:15:00,-5414.24
2025-11-22 00:30:00,-5425.33
2025-11-22 00:45:00,-5436.27
2025-11-22 01:00:00,-5239.9400000000005
2025-11-22 01:15:00,-5246.280000000001
2025-11-22 01:30:00,-5252.219999999999
2025-11-22 01:45:00,-5265.719999999999
2025-11-22 02:00:00,-5986.1
2025-11-22 02:15:00,-5997.04
2025-11-22 02:30:00,-5999.27
2025-11-22 02:45:00,-6007.21
2025-11-22 03:00:00,-4747.88
2025-11-22 03:15:00,-4757.45
2025-11-22 03:30:00,-4762.42
2025-11-22 03:45:00,-4758.9400000000005
2025-11-22 04:00:00,-3347.94
2025-11-22 04:15:00,-3346.58
2025-11-22 04:30:00,-3351.35
2025-11-22 04:45:00,-3354.88
2025-11-22 05:00:00,-2961.92
2025-11-22 05:15:00,-2961.19
2025-11-22 05:30:00,-2949.22
2025-11-22 05:45:00,-2952.94
2025-11-22 06:00:00,-3058.49
2025-11-22 06:15:00,-3054.08
2025-11-22 06:30:00,-3048.15
2025-11-22 06:45:00,-3036.87
2025-11-22 07:00:00,-2737.03
2025-11-22 07:15:00,-2730.2
2025-11-22 07:30:00,-2716.11
2025-11-22 07:45:00,-2704.22
2025-11-22 08:00:00,-2162.05
2025-11-22 08:15:00,-2157.21
2025-11-22 08:30:00,-2143.02
2025-11-22 08:45:00,-2133.0
2025-11-22 09:00:00,-1736.3400000000001
2025-11-22 09:15:00,-1764.8400000000001
2025-11-22 09:30:00,-1753.31
2025-11-22 09:45:00,-1631.9299999999998
2025-11-22 10:00:00,-1874.9699999999998
2025-11-22 10:15:00,-1879.7600000000002
2025-11-22 10:30:00,-1893.4
2025-11-22 10:45:00,-1906.38
2025-11-22 11:00:00,-2228.57
2025-11-22 11:15:00,-2228.38
2025-11-22 11:30:00,-2228.5
2025-11-22 11:45:00,-2232.52
2025-11-22 12:00:00,-2224.61
2025-11-22 12:15:00,-2221.47
2025-11-22 12:30:00,-2221.89
2025-11-22 12:45:00,-2223.06
2025-11-22 13:00:00,-1032.5700000000002
2025-11-22 13:15:00,-1034.7399999999998
2025-11-22 13:30:00,-1031.06
2025-11-22 13:45:00,-1021.4200000000001
2025-11-22 14:00:00,-591.79
2025-11-22 14:15:00,-587.3600000000001
2025-11-22 14:30:00,-573.3400000000001
2025-11-22 14:45:00,-558.44
2025-11-22 15:00:00,-1023.2399999999998
2025-11-22 15:15:00,-1017.48
2025-11-22 15:30:00,-1013.4299999999998
2025-11-22 15:45:00,-1010.9000000000001
2025-11-22 16:00:00,-1208.8899999999999
2025-11-22 16:15:00,-1214.7600000000002
2025-11-22 16:30:00,-1209.67
2025-11-22 16:45:00,-1208.0900000000001
2025-11-22 17:00:00,-812.25
2025-11-22 17:15:00,-824.1500000000001
2025-11-22 17:30:00,-828.1700000000001
2025-11-22 17:45:00,-835.8800000000001
2025-11-22 18:00:00,-333.0799999999999
2025-11-22 18:15:00,-337.02
2025-11-22 18:30:00,-347.75
2025-11-22 18:45:00,-359.42999999999984
2025-11-22 19:00:00,-516.0799999999999
2025-11-22 19:15:00,-539.5500000000002
2025-11-22 19:30:00,-550.48
2025-11-22 19:45:00,-558.69
2025-11-22 20:00:00,-598.81
2025-11-22 20:15:00,-611.73
2025-11-22 20:30:00,-614.8499999999999
2025-11-22 20:45:00,-624.4099999999999
2025-11-22 21:00:00,17.610000000000127
2025-11-22 21:15:00,4.739999999999782
2025-11-22 21:30:00,-7.3400000000001455
2025-11-22 21:45:00,-20.940000000000055
2025-11-22 22:00:00,-427.44000000000005
2025-11-22 22:15:00,-440.05999999999995
2025-11-22 22:30:00,-454.3600000000001
2025-11-22 22:45:00,-469.6199999999999
2025-11-22 23:00:00,-899.3000000000002
2025-11-22 23:15:00,-904.1700000000001
2025-11-22 23:30:00,-918.75
2025-11-22 23:45:00,-928.0799999999999
2025-11-23 00:00:00,-238.48999999999978
2025-11-23 00:15:00,-251.53999999999996
2025-11-23 00:30:00,-269.0500000000002
2025-11-23 00:45:00,-277.2399999999998
2025-11-23 01:00:00,-759.5700000000002
2025-11-23 01:15:00,-757.9499999999998
2025-11-23 01:30:00,-763.0999999999999
2025-11-23 01:45:00,-772.24
2025-11-23 02:00:00,-534.55
2025-11-23 02:15:00,-544.21
2025-11-23 02:30:00,-543.49
2025-11-23 02:45:00,-550.1600000000001
2025-11-23 03:00:00,72.56999999999994
2025-11-23 03:15:00,70.66000000000008
2025-11-23 03:30:00,71.76999999999998
2025-11-23 03:45:00,75.17000000000007
2025-11-23 04:00:00,229.44000000000005
2025-11-23 04:15:00,237.8499999999999
2025-11-23 04:30:00,236.96000000000004
2025-11-23 04:45:00,237.51
2025-11-23 05:00:00,123.40000000000009
2025-11-23 05:15:00,128.01000000000022
2025-11-23 05:30:00,140.26999999999998
2025-11-23 05:45:00,151.6500000000001
2025-11-23 06:00:00,-633.04
2025-11-23 06:15:00,-629.5700000000002
2025-11-23 06:30:00,-624.04
2025-11-23 06:45:00,-612.4699999999998
2025-11-23 07:00:00,-703.9699999999998
2025-11-23 07:15:00,-690.79
2025-11-23 07:30:00,-675.6199999999999
2025-11-23 07:45:00,-667.9299999999998
2025-11-23 08:00:00,305.3000000000002
2025-11-23 08:15:00,312.9699999999998
2025-11-23 08:30:00,327.5100000000002
2025-11-23 08:45:00,336.7600000000002
2025-11-23 09:00:00,585.6799999999998
2025-11-23 09:15:00,598.77
2025-11-23 09:30:00,593.4200000000001
2025-11-23 09:45:00,591.77
2025-11-23 10:00:00,970.0300000000002
2025-11-23 10:15:00,966.8200000000002
2025-11-23 10:30:00,972.21
2025-11-23 10:45:00,973.0799999999999
2025-11-23 11:00:00,76.88999999999987
2025-11-23 11:15:00,69.17000000000007
2025-11-23 11:30:00,68.25
2025-11-23 11:45:00,65.17999999999984
2025-11-23 12:00:00,595.2199999999998
2025-11-23 12:15:00,593.4499999999998
2025-11-23 12:30:00,605.3400000000001
2025-11-23 12:45:00,601.8400000000001
2025-11-23 13:00:00,402.44000000000005
2025-11-23 13:15:00,404.27
2025-11-23 13:30:00,416.28999999999996
2025-11-23 13:45:00,441.23
2025-11-23 14:00:00,61.440000000000055
2025-11-23 14:15:00,71.82999999999993
2025-11-23 14:30:00,81.42999999999984
2025-11-23 14:45:00,97.98999999999978
2025-11-23 15:00:00,-80.15999999999985
2025-11-23 15:15:00,-60.94999999999982
2025-11-23 15:30:00,-48.01000000000022
2025-11-23 15:45:00,-50.63000000000011
2025-11-23 16:00:00,-7.769999999999982
2025-11-23 16:15:00,-9.349999999999909
2025-11-23 16:30:00,-8.36999999999989
2025-11-23 16:45:00,4.239999999999782
2025-11-23 17:00:00,15.7800000000002
2025-11-23 17:15:00,16.289999999999964
2025-11-23 17:30:00,33.09999999999991
2025-11-23 17:45:00,29.199999999999818
2025-11-23 18:00:00,-332.2800000000002
2025-11-23 18:15:00,-328.65999999999985
2025-11-23 18:30:00,-335.15999999999985
2025-11-23 18:45:00,-331.84000000000015
2025-11-23 19:00:00,485.23
2025-11-23 19:15:00,483.5999999999999
2025-11-23 19:30:00,488.5799999999999
2025-11-23 19:45:00,487.8600000000001
2025-11-23 20:00:00,97.7800000000002
2025-11-23 20:15:00,90.36000000000013
2025-11-23 20:30:00,86.92000000000007
2025-11-23 20:45:00,82.09000000000015
2025-11-23 21:00:00,617.5700000000002
2025-11-23 21:15:00,607.8000000000002
2025-11-23 21:30:00,592.8699999999999
2025-11-23 21:45:00,583.3200000000002
2025-11-23 22:00:00,710.9299999999998
2025-11-23 22:15:00,697.4499999999998
2025-11-23 22:30:00,681.7800000000002
2025-11-23 22:45:00,673.0999999999999
2025-11-23 23:00:00,1631.87
2025-11-23 23:15:00,1617.85
2025-11-23 23:30:00,1602.2199999999998
2025-11-23 23:45:00,1588.3899999999999
2025-11-24 00:00:00,739.31
2025-11-24 00:15:00,736.3299999999999
2025-11-24 00:30:00,721.94
2025-11-24 00:45:00,698.29
2025-11-24 01:00:00,1174.0900000000001
2025-11-24 01:15:00,1165.1599999999999
2025-11-24 01:30:00,1151.4299999999998
2025-11-24 01:45:00,1141.9299999999998
2025-11-24 02:00:00,839.7600000000002
2025-11-24 02:15:00,832.48
2025-11-24 02:30:00,829.9699999999998
2025-11-24 02:45:00,826.5799999999999
2025-11-24 03:00:00,1274.2600000000002
2025-11-24 03:15:00,1271.1
2025-11-24 03:30:00,1272.4899999999998
2025-11-24 03:45:00,1275.23
2025-11-24 04:00:00,1436.0
2025-11-24 04:15:00,1436.13
2025-11-24 04:30:00,1458.4899999999998
2025-11-24 04:45:00,1474.7199999999998
2025-11-24 05:00:00,1516.31
2025-11-24 05:15:00,1556.9499999999998
2025-11-24 05:30:00,1597.3400000000001
2025-11-24 05:45:00,1627.4699999999998
2025-11-24 06:00:00,2088.64
2025-11-24 06:15:00,2119.17
2025-11-24 06:30:00,2142.14
2025-11-24 06:45:00,2146.26
2025-11-24 07:00:00,2373.15
2025-11-24 07:15:00,2367.23
2025-11-24 07:30:00,2380.01
2025-11-24 07:45:00,2388.05
2025-11-24 08:00:00,2199.83
2025-11-24 08:15:00,2204.08
2025-11-24 08:30:00,2210.31
2025-11-24 08:45:00,2196.83
2025-11-24 09:00:00,1786.27
2025-11-24 09:15:00,1790.6599999999999
2025-11-24 09:30:00,1794.7399999999998
2025-11-24 09:45:00,1786.5500000000002
2025-11-24 10:00:00,2292.17
2025-11-24 10:15:00,2284.12
2025-11-24 10:30:00,2293.1
2025-11-24 10:45:00,2276.86
2025-11-24 11:00:00,1595.85
2025-11-24 11:15:00,1601.44
2025-11-24 11:30:00,1591.8600000000001
2025-11-24 11:45:00,1580.56
2025-11-24 12:00:00,2149.33
2025-11-24 12:15:00,2147.44
2025-11-24 12:30:00,2153.46
2025-11-24 12:45:00,2139.03
2025-11-24 13:00:00,1810.71
2025-11-24 13:15:00,1803.19
2025-11-24 13:30:00,1807.21
2025-11-24 13:45:00,1812.9099999999999
2025-11-24 14:00:00,1277.0700000000002
2025-11-24 14:15:00,1286.48
2025-11-24 14:30:00,1303.4299999999998
2025-11-24 14:45:00,1322.02
2025-11-24 15:00:00,1421.8400000000001
2025-11-24 15:15:00,1437.1999999999998
2025-11-24 15:30:00,1440.02
2025-11-24 15:45:00,1439.79
2025-11-24 16:00:00,1133.62
2025-11-24 16:15:00,1110.31
2025-11-24 16:30:00,1114.73
2025-11-24 16:45:00,1118.4899999999998
2025-11-24 17:00:00,1008.3600000000001
2025-11-24 17:15:00,1009.8800000000001
2025-11-24 17:30:00,1007.7600000000002
2025-11-24 17:45:00,1014.2600000000002
2025-11-24 18:00:00,1343.3200000000002
2025-11-24 18:15:00,1351.4899999999998
2025-11-24 18:30:00,1341.12
2025-11-24 18:45:00,1335.7600000000002
2025-11-24 19:00:00,1175.9899999999998
2025-11-24 19:15:00,1179.6399999999999
2025-11-24 19:30:00,1183.83
2025-11-24 19:45:00,1170.7399999999998
2025-11-24 20:00:00,1142.9699999999998
2025-11-24 20:15:00,1128.02
2025-11-24 20:30:00,1124.71
2025-11-24 20:45:00,1113.58
2025-11-24 21:00:00,1191.46
2025-11-24 21:15:00,1175.9699999999998
2025-11-24 21:30:00,1160.7199999999998
2025-11-24 21:45:00,1142.67
2025-11-24 22:00:00,1561.94
2025-11-24 22:15:00,1549.04
2025-11-24 22:30:00,1534.1399999999999
2025-11-24 22:45:00,1516.5500000000002
2025-11-24 23:00:00,1869.3400000000001
2025-11-24 23:15:00,1864.19
2025-11-24 23:30:00,1854.4099999999999
2025-11-24 23:45:00,1851.5500000000002
2025-11-25 00:00:00,1875.5300000000002
2025-11-25 00:15:00,1863.69
2025-11-25 00:30:00,1863.81
2025-11-25 00:45:00,1852.6100000000001
2025-11-25 01:00:00,1547.63
2025-11-25 01:15:00,1540.1100000000001
2025-11-25 01:30:00,1532.1799999999998
2025-11-25 01:45:00,1525.2199999999998
2025-11-25 02:00:00,1555.5
2025-11-25 02:15:00,1549.2199999999998
2025-11-25 02:30:00,1550.5300000000002
2025-11-25 02:45:00,1550.9699999999998
2025-11-25 03:00:00,1939.2199999999998
2025-11-25 03:15:00,1938.87
2025-11-25 03:30:00,1941.87
2025-11-25 03:45:00,1946.6999999999998
2025-11-25 04:00:00,1985.2199999999998
2025-11-25 04:15:00,2002.3899999999999
2025-11-25 04:30:00,2018.67
2025-11-25 04:45:00,2041.31
2025-11-25 05:00:00,1624.27
2025-11-25 05:15:00,1664.92
2025-11-25 05:30:00,1715.25
2025-11-25 05:45:00,1747.67
2025-11-25 06:00:00,1783.65
2025-11-25 06:15:00,1815.35
2025-11-25 06:30:00,1849.52
2025-11-25 06:45:00,1869.23
2025-11-25 07:00:00,1913.71
2025-11-25 07:15:00,1918.17
2025-11-25 07:30:00,1908.2600000000002
2025-11-25 07:45:00,1924.98
2025-11-25 08:00:00,1888.8600000000001
2025-11-25 08:15:00,1883.94
2025-11-25 08:30:00,1882.9899999999998
2025-11-25 08:45:00,1890.5
2025-11-25 09:00:00,1177.94
2025-11-25 09:15:00,1155.1
2025-11-25 09:30:00,1151.96
2025-11-25 09:45:00,1133.5100000000002
2025-11-25 10:00:00,1277.52
2025-11-25 10:15:00,1260.69
2025-11-25 10:30:00,1246.7600000000002
2025-11-25 10:45:00,1234.37
2025-11-25 11:00:00,1514.4
2025-11-25 11:15:00,1517.25
2025-11-25 11:30:00,1509.7399999999998
2025-11-25 11:45:00,1505.9499999999998
2025-11-25 12:00:00,2302.87
2025-11-25 12:15:00,2298.4
2025-11-25 12:30:00,2294.33
2025-11-25 12:45:00,2300.92
2025-11-25 13:00:00,2149.23
2025-11-25 13:15:00,2141.41
2025-11-25 13:30:00,2148.16
2025-11-25 13:45:00,2150.55
2025-11-25 14:00:00,2174.69
2025-11-25 14:15:00,2190.6
2025-11-25 14:30:00,2205.63
2025-11-25 14:45:00,2237.37
2025-11-25 15:00:00,2133.27
2025-11-25 15:15:00,2152.81
2025-11-25 15:30:00,2163.53
2025-11-25 15:45:00,2162.71
2025-11-25 16:00:00,2085.18
2025-11-25 16:15:00,2076.75
2025-11-25 16:30:00,2072.07
2025-11-25 16:45:00,2073.58
2025-11-25 17:00:00,1859.5900000000001
2025-11-25 17:15:00,1857.48
2025-11-25 17:30:00,1853.9299999999998
2025-11-25 17:45:00,1838.54
2025-11-25 18:00:00,1844.42
2025-11-25 18:15:00,1846.9299999999998
2025-11-25 18:30:00,1834.6399999999999
2025-11-25 18:45:00,1846.8400000000001
2025-11-25 19:00:00,1880.19
2025-11-25 19:15:00,1878.17
2025-11-25 19:30:00,1880.8200000000002
2025-11-25 19:45:00,1878.2600000000002
2025-11-25 20:00:00,1661.96
2025-11-25 20:15:00,1648.9899999999998
2025-11-25 20:30:00,1637.77
2025-11-25 20:45:00,1616.63
2025-11-25 21:00:00,1254.0300000000002
2025-11-25 21:15:00,1236.29
2025-11-25 21:30:00,1217.63
2025-11-25 21:45:00,1200.6999999999998
2025-11-25 22:00:00,976.2199999999998
2025-11-25 22:15:00,947.31
2025-11-25 22:30:00,926.1700000000001
2025-11-25 22:45:00,910.1100000000001
2025-11-25 23:00:00,766.27
2025-11-25 23:15:00,764.7399999999998
2025-11-25 23:30:00,767.3400000000001
2025-11-25 23:45:00,753.29
2025-11-26 00:00:00,622.7399999999998
2025-11-26 00:15:00,619.6999999999998
2025-11-26 00:30:00,604.9000000000001
2025-11-26 00:45:00,607.0700000000002
2025-11-26 01:00:00,533.8699999999999
2025-11-26 01:15:00,528.4499999999998
2025-11-26 01:30:00,523.04
2025-11-26 01:45:00,512.9699999999998
2025-11-26 02:00:00,303.3899999999999
2025-11-26 02:15:00,297.0
2025-11-26 02:30:00,299.6199999999999
2025-11-26 02:45:00,295.9699999999998
2025-11-26 03:00:00,-334.25
2025-11-26 03:15:00,-339.32000000000016
2025-11-26 03:30:00,-339.1500000000001
2025-11-26 03:45:00,-344.2600000000002
2025-11-26 04:00:00,-902.71
2025-11-26 04:15:00,-889.4200000000001
2025-11-26 04:30:00,-882.8299999999999
2025-11-26 04:45:00,-857.79
2025-11-26 05:00:00,-1012.6799999999998
2025-11-26 05:15:00,-961.06
2025-11-26 05:30:00,-913.3499999999999
2025-11-26 05:45:00,-878.46
2025-11-26 06:00:00,-934.98
2025-11-26 06:15:00,-897.5300000000002
2025-11-26 06:30:00,-859.9099999999999
2025-11-26 06:45:00,-853.27
2025-11-26 07:00:00,-1004.6500000000001
2025-11-26 07:15:00,-1008.9499999999998
2025-11-26 07:30:00,-1010.04
2025-11-26 07:45:00,-1012.1100000000001
2025-11-26 08:00:00,-1289.23
2025-11-26 08:15:00,-1303.6999999999998
2025-11-26 08:30:00,-1302.8400000000001
2025-11-26 08:45:00,-1303.83
2025-11-26 09:00:00,-2052.53
2025-11-26 09:15:00,-2060.3
2025-11-26 09:30:00,-2062.35
2025-11-26 09:45:00,-2080.92
2025-11-26 10:00:00,-2491.41
2025-11-26 10:15:00,-2498.31
2025-11-26 10:30:00,-2506.77
2025-11-26 10:45:00,-2501.21
2025-11-26 11:00:00,-2407.51
2025-11-26 11:15:00,-2407.73
2025-11-26 11:30:00,-2410.93
2025-11-26 11:45:00,-2415.72
2025-11-26 12:00:00,-2698.46
2025-11-26 12:15:00,-2701.18
2025-11-26 12:30:00,-2704.59
2025-11-26 12:45:00,-2703.49
2025-11-26 13:00:00,-3143.58
2025-11-26 13:15:00,-3140.5
2025-11-26 13:30:00,-3133.33
2025-11-26 13:45:00,-3118.55
2025-11-26 14:00:00,-3225.11
2025-11-26 14:15:00,-3209.5
2025-11-26 14:30:00,-3191.26
2025-11-26 14:45:00,-3173.69
2025-11-26 15:00:00,-4077.91
2025-11-26 15:15:00,-4066.53
2025-11-26 15:30:00,-4091.44
2025-11-26 15:45:00,-4079.61
2025-11-26 16:00:00,-4936.46
2025-11-26 16:15:00,-4955.35
2025-11-26 16:30:00,-4958.85
2025-11-26 16:45:00,-4955.46
2025-11-26 17:00:00,-5396.6900000000005
2025-11-26 17:15:00,-5403.860000000001
2025-11-26 17:30:00,-5417.55
2025-11-26 17:45:00,-5424.4400000000005
2025-11-26 18:00:00,-6479.860000000001
2025-11-26 18:15:00,-6473.92
2025-11-26 18:30:00,-6480.95
2025-11-26 18:45:00,-6479.41
2025-11-26 19:00:00,-7497.33
2025-11-26 19:15:00,-7496.93
2025-11-26 19:30:00,-7517.99
2025-11-26 19:45:00,-7530.23
2025-11-26 20:00:00,-7927.6900000000005
2025-11-26 20:15:00,-7939.32
2025-11-26 20:30:00,-7959.389999999999
2025-11-26 20:45:00,-7977.639999999999
2025-11-26 21:00:00,-8338.67
2025-11-26 21:15:00,-8367.07
2025-11-26 21:30:00,-8394.25
2025-11-26 21:45:00,-8413.18
2025-11-26 22:00:00,-7432.48
2025-11-26 22:15:00,-7474.54
2025-11-26 22:30:00,-7491.83
2025-11-26 22:45:00,-7495.219999999999
2025-11-26 23:00:00,-7415.7
2025-11-26 23:15:00,-7438.23
2025-11-26 23:30:00,-7454.93
2025-11-26 23:45:00,-7467.969999999999
2025-11-27 00:00:00,-8259.09
2025-11-27 00:15:00,-8256.22
2025-11-27 00:30:00,-8267.86
2025-11-27 00:45:00,-8274.99
2025-11-27 01:00:00,-8200.0
2025-11-27 01:15:00,-8210.04
2025-11-27 01:30:00,-8222.98
2025-11-27 01:45:00,-8226.56
2025-11-27 02:00:00,-6880.62
2025-11-27 02:15:00,-6883.24
2025-11-27 02:30:00,-6885.12
2025-11-27 02:45:00,-6887.66
2025-11-27 03:00:00,-6916.98
2025-11-27 03:15:00,-6927.98
2025-11-27 03:30:00,-6927.42
2025-11-27 03:45:00,-6927.68
2025-11-27 04:00:00,-5209.13
2025-11-27 04:15:00,-5212.360000000001
2025-11-27 04:30:00,-5201.98
2025-11-27 04:45:00,-5182.45
2025-11-27 05:00:00,-3500.84
2025-11-27 05:15:00,-3471.69
2025-11-27 05:30:00,-3444.32
2025-11-27 05:45:00,-3422.77
2025-11-27 06:00:00,-2425.17
2025-11-27 06:15:00,-2402.06
2025-11-27 06:30:00,-2374.12
2025-11-27 06:45:00,-2381.63
2025-11-27 07:00:00,-1355.1100000000001
2025-11-27 07:15:00,-1358.0300000000002
2025-11-27 07:30:00,-1357.52
2025-11-27 07:45:00,-1368.38
2025-11-27 08:00:00,-575.4299999999998
2025-11-27 08:15:00,-579.2399999999998
2025-11-27 08:30:00,-583.8800000000001
2025-11-27 08:45:00,-590.8400000000001
2025-11-27 09:00:00,125.2800000000002
2025-11-27 09:15:00,106.86999999999989
2025-11-27 09:30:00,113.07000000000016
2025-11-27 09:45:00,103.90999999999985
2025-11-27 10:00:00,-594.5
2025-11-27 10:15:00,-584.8600000000001
2025-11-27 10:30:00,-597.1999999999998
2025-11-27 10:45:00,-605.3899999999999
2025-11-27 11:00:00,-868.3899999999999
2025-11-27 11:15:00,-867.9899999999998
2025-11-27 11:30:00,-870.54
2025-11-27 11:45:00,-883.6999999999998
2025-11-27 12:00:00,-2181.25
2025-11-27 12:15:00,-2180.83
2025-11-27 12:30:00,-2193.3
2025-11-27 12:45:00,-2189.05
2025-11-27 13:00:00,-2392.05
2025-11-27 13:15:00,-2395.83
2025-11-27 13:30:00,-2393.17
2025-11-27 13:45:00,-2391.98
2025-11-27 14:00:00,-2453.69
2025-11-27 14:15:00,-2442.63
2025-11-27 14:30:00,-2439.4
2025-11-27 14:45:00,-2409.93
2025-11-27 15:00:00,-2849.57
2025-11-27 15:15:00,-2838.89
2025-11-27 15:30:00,-2842.66
2025-11-27 15:45:00,-2837.03
2025-11-27 16:00:00,-3472.71
2025-11-27 16:15:00,-3483.36
2025-11-27 16:30:00,-3495.91
2025-11-27 16:45:00,-3499.0
2025-11-27 17:00:00,-3471.98
2025-11-27 17:15:00,-3482.47
2025-11-27 17:30:00,-3483.0
2025-11-27 17:45:00,-3493.19
2025-11-27 18:00:00,-4573.24
2025-11-27 18:15:00,-4580.04
2025-11-27 18:30:00,-4576.42
2025-11-27 18:45:00,-4586.98
2025-11-27 19:00:00,-5037.35
2025-11-27 19:15:00,-5045.530000000001
2025-11-27 19:30:00,-5060.25
2025-11-27 19:45:00,-5069.139999999999
2025-11-27 20:00:00,-6327.469999999999
2025-11-27 20:15:00,-6349.49
2025-11-27 20:30:00,-6368.7
2025-11-27 20:45:00,-6382.29
2025-11-27 21:00:00,-5706.280000000001
2025-11-27 21:15:00,-5736.98
2025-11-27 21:30:00,-5738.9400000000005
2025-11-27 21:45:00,-5759.32
2025-11-27 22:00:00,-6293.34
2025-11-27 22:15:00,-6334.37
2025-11-27 22:30:00,-6352.3
2025-11-27 22:45:00,-6375.889999999999
2025-11-27 23:00:00,-5302.76
2025-11-27 23:15:00,-5338.16
2025-11-27 23:30:00,-5336.65
2025-11-27 23:45:00,-5347.3
2025-11-28 00:00:00,-4996.91
2025-11-28 00:15:00,-5004.21
2025-11-28 00:30:00,-5011.23
2025-11-28 00:45:00,-5008.05
2025-11-28 01:00:00,-5114.54
2025-11-28 01:15:00,-5119.14
2025-11-28 01:30:00,-5129.6
2025-11-28 01:45:00,-5143.35
2025-11-28 02:00:00,-4716.47
2025-11-28 02:15:00,-4735.93
2025-11-28 02:30:00,-4739.39
2025-11-28 02:45:00,-4745.82
2025-11-28 03:00:00,-5161.18
2025-11-28 03:15:00,-5163.22
2025-11-28 03:30:00,-5158.85
2025-11-28 03:45:00,-5156.53
2025-11-28 04:00:00,-5598.1
2025-11-28 04:15:00,-5595.27
2025-11-28 04:30:00,-5578.42
2025-11-28 04:45:00,-5583.2
2025-11-28 05:00:00,-6584.28
2025-11-28 05:15:00,-6551.13
2025-11-28 05:30:00,-6503.4400000000005
2025-11-28 05:45:00,-6478.860000000001
2025-11-28 06:00:00,-5755.02
2025-11-28 06:15:00,-5722.66
2025-11-28 06:30:00,-5700.280000000001
2025-11-28 06:45:00,-5699.469999999999
2025-11-28 07:00:00,-7567.87
2025-11-28 07:15:00,-7557.48
2025-11-28 07:30:00,-7547.860000000001
2025-11-28 07:45:00,-7546.74
2025-11-28 08:00:00,-5674.21
2025-11-28 08:15:00,-5696.5599999999995
2025-11-28 08:30:00,-5685.25
2025-11-28 08:45:00,-5686.389999999999
2025-11-28 09:00:00,-6838.13
2025-11-28 09:15:00,-6847.93
2025-11-28 09:30:00,-6853.57
2025-11-28 09:45:00,-6872.76
2025-11-28 10:00:00,-6762.32
2025-11-28 10:15:00,-6777.37
2025-11-28 10:30:00,-6780.23
2025-11-28 10:45:00,-6803.1
2025-11-28 11:00:00,-6979.469999999999
2025-11-28 11:15:00,-6968.76
2025-11-28 11:30:00,-6960.18
2025-11-28 11:45:00,-6983.21
2025-11-28 12:00:00,-6717.79
2025-11-28 12:15:00,-6722.530000000001
2025-11-28 12:30:00,-6720.15
2025-11-28 12:45:00,-6719.139999999999
2025-11-28 13:00:00,-6403.5599999999995
2025-11-28 13:15:00,-6397.030000000001
2025-11-28 13:30:00,-6398.889999999999
2025-11-28 13:45:00,-6391.0
2025-11-28 14:00:00,-6243.09
2025-11-28 14:15:00,-6243.51
2025-11-28 14:30:00,-6218.43
2025-11-28 14:45:00,-6219.139999999999
2025-11-28 15:00:00,-6242.360000000001
2025-11-28 15:15:00,-6225.82
2025-11-28 15:30:00,-6227.62
2025-11-28 15:45:00,-6228.42
2025-11-28 16:00:00,-7512.16
2025-11-28 16:15:00,-7534.57
2025-11-28 16:30:00,-7548.71
2025-11-28 16:45:00,-7538.77
2025-11-28 17:00:00,-7871.6
2025-11-28 17:15:00,-7880.17
2025-11-28 17:30:00,-7886.889999999999
2025-11-28 17:45:00,-7892.360000000001
2025-11-28 18:00:00,-8110.1
2025-11-28 18:15:00,-8121.95
2025-11-28 18:30:00,-8129.24
2025-11-28 18:45:00,-8137.23
2025-11-28 19:00:00,-7878.68
2025-11-28 19:15:00,-7875.860000000001
2025-11-28 19:30:00,-7880.25
2025-11-28 19:45:00,-7885.59
2025-11-28 20:00:00,-6681.219999999999
2025-11-28 20:15:00,-6696.35
2025-11-28 20:30:00,-6675.43
2025-11-28 20:45:00,-6711.83
2025-11-28 21:00:00,-6295.49
2025-11-28 21:15:00,-6321.1900000000005
2025-11-28 21:30:00,-6318.92
2025-11-28 21:45:00,-6331.16
2025-11-28 22:00:00,-5208.79
2025-11-28 22:15:00,-5215.67
2025-11-28 22:30:00,-5222.39
2025-11-28 22:45:00,-5223.62
2025-11-28 23:00:00,-4065.0699999999997
2025-11-28 23:15:00,-4077.6
2025-11-28 23:30:00,-4078.7799999999997
2025-11-28 23:45:00,-4088.5299999999997
2025-11-29 00:00:00,-3712.45
2025-11-29 00:15:00,-3722.3199999999997
2025-11-29 00:30:00,-3734.49
2025-11-29 00:45:00,-3748.35
2025-11-29 01:00:00,-2851.75
2025-11-29 01:15:00,-2868.01
2025-11-29 01:30:00,-2869.8199999999997
2025-11-29 01:45:00,-2876.29
2025-11-29 02:00:00,-3177.5
2025-11-29 02:15:00,-3181.05
2025-11-29 02:30:00,-3181.83
2025-11-29 02:45:00,-3184.3199999999997
2025-11-29 03:00:00,-1596.67
2025-11-29 03:15:00,-1592.55
2025-11-29 03:30:00,-1586.08
2025-11-29 03:45:00,-1589.15
2025-11-29 04:00:00,-2463.74
2025-11-29 04:15:00,-2465.65
2025-11-29 04:30:00,-2451.9300000000003
2025-11-29 04:45:00,-2443.99
2025-11-29 05:00:00,-1944.28
2025-11-29 05:15:00,-1932.99
2025-11-29 05:30:00,-1918.05
2025-11-29 05:45:00,-1914.66
2025-11-29 06:00:00,-2409.7200000000003
2025-11-29 06:15:00,-2406.02
2025-11-29 06:30:00,-2397.45
2025-11-29 06:45:00,-2375.1099999999997
2025-11-29 07:00:00,-1886.91
2025-11-29 07:15:00,-1873.58
2025-11-29 07:30:00,-1856.13
2025-11-29 07:45:00,-1834.8400000000001
2025-11-29 08:00:00,-1660.5300000000002
2025-11-29 08:15:00,-1650.96
2025-11-29 08:30:00,-1633.88
2025-11-29 08:45:00,-1611.7399999999998
2025-11-29 09:00:00,-1098.27
2025-11-29 09:15:00,-1097.31
2025-11-29 09:30:00,-988.02
2025-11-29 09:45:00,-994.4000000000001
2025-11-29 10:00:00,-650.79
2025-11-29 10:15:00,-655.9699999999998
2025-11-29 10:30:00,-658.7199999999998
2025-11-29 10:45:00,-651.1700000000001
2025-11-29 11:00:00,-1009.5900000000001
2025-11-29 11:15:00,-1013.3699999999999
2025-11-29 11:30:00,-997.48
2025-11-29 11:45:00,-991.46
2025-11-29 12:00:00,-844.23
2025-11-29 12:15:00,-838.5700000000002
2025-11-29 12:30:00,-839.0500000000002
2025-11-29 12:45:00,-834.3400000000001
2025-11-29 13:00:00,-725.3299999999999
2025-11-29 13:15:00,-730.1100000000001
2025-11-29 13:30:00,-717.1799999999998
2025-11-29 13:45:00,-707.27
2025-11-29 14:00:00,228.15999999999985
2025-11-29 14:15:00,230.32000000000016
2025-11-29 14:30:00,256.1399999999999
2025-11-29 14:45:00,270.6100000000001
2025-11-29 15:00:00,1335.8400000000001
2025-11-29 15:15:00,1340.9499999999998
2025-11-29 15:30:00,1353.1999999999998
2025-11-29 15:45:00,1343.2800000000002
2025-11-29 16:00:00,-569.0100000000002
2025-11-29 16:15:00,-575.6500000000001
2025-11-29 16:30:00,-574.2800000000002
2025-11-29 16:45:00,-566.0100000000002
2025-11-29 17:00:00,-924.5700000000002
2025-11-29 17:15:00,-909.8699999999999
2025-11-29 17:30:00,-911.6599999999999
2025-11-29 17:45:00,-919.7399999999998
2025-11-29 18:00:00,87.86000000000013
2025-11-29 18:15:00,90.84999999999991
2025-11-29 18:30:00,96.19000000000005
2025-11-29 18:45:00,86.98000000000002
2025-11-29 19:00:00,465.19000000000005
2025-11-29 19:15:00,455.5799999999999
2025-11-29 19:30:00,451.65999999999985
2025-11-29 19:45:00,437.0999999999999
2025-11-29 20:00:00,192.90999999999985
2025-11-29 20:15:00,186.92000000000007
2025-11-29 20:30:00,179.48000000000002
2025-11-29 20:45:00,169.73000000000002
2025-11-29 21:00:00,309.4499999999998
2025-11-29 21:15:00,302.3000000000002
2025-11-29 21:30:00,301.23
2025-11-29 21:45:00,295.82000000000016
2025-11-29 22:00:00,-261.4000000000001
2025-11-29 22:15:00,-280.23
2025-11-29 22:30:00,-280.6700000000001
2025-11-29 22:45:00,-281.4499999999998
2025-11-29 23:00:00,-141.26000000000022
2025-11-29 23:15:00,-147.38999999999987
2025-11-29 23:30:00,-148.7800000000002
2025-11-29 23:45:00,-150.6500000000001
2025-11-30 00:00:00,-62.039999999999964
2025-11-30 00:15:00,-69.71000000000004
2025-11-30 00:30:00,-73.25
2025-11-30 00:45:00,-74.88000000000011
2025-11-30 01:00:00,-619.0
2025-11-30 01:15:00,-625.5
2025-11-30 01:30:00,-626.29
2025-11-30 01:45:00,-630.1300000000001
2025-11-30 02:00:00,-511.2800000000002
2025-11-30 02:15:00,-522.52
2025-11-30 02:30:00,-524.6799999999998
2025-11-30 02:45:00,-525.04
2025-11-30 03:00:00,-1248.4899999999998
2025-11-30 03:15:00,-1251.27
2025-11-30 03:30:00,-1255.23
2025-11-30 03:45:00,-1261.42
2025-11-30 04:00:00,-1019.7199999999998
2025-11-30 04:15:00,-1019.8699999999999
2025-11-30 04:30:00,-1017.0799999999999
2025-11-30 04:45:00,-1016.8499999999999
2025-11-30 05:00:00,-1047.33
2025-11-30 05:15:00,-1038.5900000000001
2025-11-30 05:30:00,-1031.5
2025-11-30 05:45:00,-1025.94
2025-11-30 06:00:00,-539.3499999999999
2025-11-30 06:15:00,-518.8299999999999
2025-11-30 06:30:00,-511.09000000000015
2025-11-30 06:45:00,-490.8600000000001
2025-11-30 07:00:00,-305.69000000000005
2025-11-30 07:15:00,-283.46000000000004
2025-11-30 07:30:00,-268.28999999999996
2025-11-30 07:45:00,-257.53999999999996
2025-11-30 08:00:00,-225.5999999999999
2025-11-30 08:15:00,-227.94999999999982
2025-11-30 08:30:00,-212.1199999999999
2025-11-30 08:45:00,-199.3499999999999
2025-11-30 09:00:00,-357.1199999999999
2025-11-30 09:15:00,-355.28999999999996
2025-11-30 09:30:00,-350.0999999999999
2025-11-30 09:45:00,-339.2199999999998
2025-11-30 10:00:00,-147.6199999999999
2025-11-30 10:15:00,-143.82999999999993
2025-11-30 10:30:00,-134.32999999999993
2025-11-30 10:45:00,-127.0300000000002
2025-11-30 11:00:00,816.7600000000002
2025-11-30 11:15:00,810.52
2025-11-30 11:30:00,818.8000000000002
2025-11-30 11:45:00,816.7600000000002
2025-11-30 12:00:00,335.46000000000004
2025-11-30 12:15:00,344.3600000000001
2025-11-30 12:30:00,359.7199999999998
2025-11-30 12:45:00,361.98
2025-11-30 13:00:00,909.77
2025-11-30 13:15:00,906.4000000000001
2025-11-30 13:30:00,906.6100000000001
2025-11-30 13:45:00,911.4000000000001
2025-11-30 14:00:00,523.2800000000002
2025-11-30 14:15:00,528.02
2025-11-30 14:30:00,533.9000000000001
2025-11-30 14:45:00,540.7199999999998
2025-11-30 15:00:00,1181.6
2025-11-30 15:15:00,1181.7199999999998
2025-11-30 15:30:00,1183.2600000000002
2025-11-30 15:45:00,1181.2800000000002
2025-11-30 16:00:00,424.8299999999999
2025-11-30 16:15:00,413.3299999999999
2025-11-30 16:30:00,408.6100000000001
2025-11-30 16:45:00,403.2800000000002
2025-11-30 17:00:00,222.44999999999982
2025-11-30 17:15:00,215.90999999999985
2025-11-30 17:30:00,228.94000000000005
2025-11-30 17:45:00,226.42000000000007
2025-11-30 18:00:00,689.7600000000002
2025-11-30 18:15:00,694.1700000000001
2025-11-30 18:30:00,702.6100000000001
2025-11-30 18:45:00,706.5900000000001
2025-11-30 19:00:00,1936.54
2025-11-30 19:15:00,1931.1599999999999
2025-11-30 19:30:00,1927.38
2025-11-30 19:45:00,1924.98
2025-11-30 20:00:00,2097.35
2025-11-30 20:15:00,2091.5
2025-11-30 20:30:00,2089.7
2025-11-30 20:45:00,2078.45
2025-11-30 21:00:00,1998.52
2025-11-30 21:15:00,1989.8000000000002
2025-11-30 21:30:00,1979.8400000000001
2025-11-30 21:45:00,1958.1399999999999
2025-11-30 22:00:00,1153.62
2025-11-30 22:15:00,1137.1399999999999
2025-11-30 22:30:00,1108.81
2025-11-30 22:45:00,1092.6999999999998
2025-11-30 23:00:00,744.52
2025-11-30 23:15:00,725.4699999999998
2025-11-30 23:30:00,697.56
2025-11-30 23:45:00,693.79
2025-12-01 00:00:00,509.1399999999999
2025-12-01 00:15:00,492.7600000000002
2025-12-01 00:30:00,479.02
2025-12-01 00:45:00,471.3899999999999
2025-12-01 01:00:00,-824.9299999999998
2025-12-01 01:15:00,-819.9499999999998
2025-12-01 01:30:00,-836.04
2025-12-01 01:45:00,-845.2399999999998
2025-12-01 02:00:00,-1392.1599999999999
2025-12-01 02:15:00,-1393.7199999999998
2025-12-01 02:30:00,-1381.4
2025-12-01 02:45:00,-1390.96
2025-12-01 03:00:00,-1182.0500000000002
2025-12-01 03:15:00,-1181.56
2025-12-01 03:30:00,-1179.1799999999998
2025-12-01 03:45:00,-1166.1599999999999
2025-12-01 04:00:00,-1009.56
2025-12-01 04:15:00,-991.56
2025-12-01 04:30:00,-969.3299999999999
2025-12-01 04:45:00,-942.8899999999999
2025-12-01 05:00:00,-1006.5300000000002
2025-12-01 05:15:00,-963.3299999999999
2025-12-01 05:30:00,-926.8200000000002
2025-12-01 05:45:00,-894.6300000000001
2025-12-01 06:00:00,-1529.81
2025-12-01 06:15:00,-1503.87
2025-12-01 06:30:00,-1475.5300000000002
2025-12-01 06:45:00,-1464.81
2025-12-01 07:00:00,-1923.73
2025-12-01 07:15:00,-1905.0700000000002
2025-12-01 07:30:00,-1898.7800000000002
2025-12-01 07:45:00,-1901.5700000000002
2025-12-01 08:00:00,-2110.41
2025-12-01 08:15:00,-2122.2
2025-12-01 08:30:00,-2133.45
2025-12-01 08:45:00,-2154.54
2025-12-01 09:00:00,-2417.86
2025-12-01 09:15:00,-2430.91
2025-12-01 09:30:00,-2434.51
2025-12-01 09:45:00,-2449.68
2025-12-01 10:00:00,-2539.61
2025-12-01 10:15:00,-2547.89
2025-12-01 10:30:00,-2548.63
2025-12-01 10:45:00,-2551.55
2025-12-01 11:00:00,-3329.3
2025-12-01 11:15:00,-3324.63
2025-12-01 11:30:00,-3329.66
2025-12-01 11:45:00,-3337.73
2025-12-01 12:00:00,-3475.04
2025-12-01 12:15:00,-3473.98
2025-12-01 12:30:00,-3469.88
2025-12-01 12:45:00,-3469.37
2025-12-01 13:00:00,-3430.36
2025-12-01 13:15:00,-3429.31
2025-12-01 13:30:00,-3428.21
2025-12-01 13:45:00,-3421.68
2025-12-01 14:00:00,-3700.39
2025-12-01 14:15:00,-3692.22
2025-12-01 14:30:00,-3686.94
2025-12-01 14:45:00,-3666.91
2025-12-01 15:00:00,-4463.46
2025-12-01 15:15:00,-4469.4400000000005
2025-12-01 15:30:00,-4475.87
2025-12-01 15:45:00,-4474.02
2025-12-01 16:00:00,-4916.75
2025-12-01 16:15:00,-4931.76
2025-12-01 16:30:00,-4945.13
2025-12-01 16:45:00,-4955.95
2025-12-01 17:00:00,-5270.18
2025-12-01 17:15:00,-5280.8
2025-12-01 17:30:00,-5282.13
2025-12-01 17:45:00,-5296.93
2025-12-01 18:00:00,-5561.42
2025-12-01 18:15:00,-5573.84
2025-12-01 18:30:00,-5576.25
2025-12-01 18:45:00,-5581.33
2025-12-01 19:00:00,-4879.030000000001
2025-12-01 19:15:00,-4887.0
2025-12-01 19:30:00,-4891.95
2025-12-01 19:45:00,-4906.79
2025-12-01 20:00:00,-4523.33
2025-12-01 20:15:00,-4545.27
2025-12-01 20:30:00,-4561.13
2025-12-01 20:45:00,-4576.3
2025-12-01 21:00:00,-3828.3
2025-12-01 21:15:00,-3848.61
2025-12-01 21:30:00,-3869.53
2025-12-01 21:45:00,-3874.27
2025-12-01 22:00:00,-4311.12
2025-12-01 22:15:00,-4337.67
2025-12-01 22:30:00,-4367.9400000000005
2025-12-01 22:45:00,-4391.5
2025-12-01 23:00:00,-4433.389999999999
2025-12-01 23:15:00,-4435.469999999999
2025-12-01 23:30:00,-4456.32
2025-12-01 23:45:00,-4478.76
2025-12-02 00:00:00,-3763.4
2025-12-02 00:15:00,-3780.99
2025-12-02 00:30:00,-3793.76
2025-12-02 00:45:00,-3810.99
2025-12-02 01:00:00,-3999.04
2025-12-02 01:15:00,-4006.74
2025-12-02 01:30:00,-4011.8599999999997
2025-12-02 01:45:00,-4031.3199999999997
2025-12-02 02:00:00,-5715.62
2025-12-02 02:15:00,-5716.77
2025-12-02 02:30:00,-5725.75
2025-12-02 02:45:00,-5736.33
2025-12-02 03:00:00,-5843.89
2025-12-02 03:15:00,-5844.96
2025-12-02 03:30:00,-5836.58
2025-12-02 03:45:00,-5841.41
2025-12-02 04:00:00,-6412.43
2025-12-02 04:15:00,-6395.74
2025-12-02 04:30:00,-6374.37
2025-12-02 04:45:00,-6363.64
2025-12-02 05:00:00,-6352.47
2025-12-02 05:15:00,-6312.84
2025-12-02 05:30:00,-6273.0
2025-12-02 05:45:00,-6255.26
2025-12-02 06:00:00,-6756.889999999999
2025-12-02 06:15:00,-6737.59
2025-12-02 06:30:00,-6716.1900000000005
2025-12-02 06:45:00,-6705.46
2025-12-02 07:00:00,-6463.13
2025-12-02 07:15:00,-6474.969999999999
2025-12-02 07:30:00,-6472.45
2025-12-02 07:45:00,-6467.6900000000005
2025-12-02 08:00:00,-6590.3
2025-12-02 08:15:00,-6602.639999999999
2025-12-02 08:30:00,-6585.05
2025-12-02 08:45:00,-6595.27
2025-12-02 09:00:00,-7273.639999999999
2025-12-02 09:15:00,-7285.93
2025-12-02 09:30:00,-7288.610000000001
2025-12-02 09:45:00,-7294.73
2025-12-02 10:00:00,-7940.49
2025-12-02 10:15:00,-7946.54
2025-12-02 10:30:00,-7961.3
2025-12-02 10:45:00,-7973.33
2025-12-02 11:00:00,-9206.6
2025-12-02 11:15:00,-9207.3
2025-12-02 11:30:00,-9205.67
2025-12-02 11:45:00,-9217.26
2025-12-02 12:00:00,-8982.99
2025-12-02 12:15:00,-8982.86
2025-12-02 12:30:00,-8977.22
2025-12-02 12:45:00,-8969.45
2025-12-02 13:00:00,-6081.85
2025-12-02 13:15:00,-6085.8
2025-12-02 13:30:00,-6091.76
2025-12-02 13:45:00,-6084.9400000000005
2025-12-02 14:00:00,-6116.25
2025-12-02 14:15:00,-6102.639999999999
2025-12-02 14:30:00,-6083.4
2025-12-02 14:45:00,-6066.389999999999
2025-12-02 15:00:00,-4902.51
2025-12-02 15:15:00,-4891.719999999999
2025-12-02 15:30:00,-4887.33
2025-12-02 15:45:00,-4879.42
2025-12-02 16:00:00,-5574.04
2025-12-02 16:15:00,-5587.85
2025-12-02 16:30:00,-5599.96
2025-12-02 16:45:00,-5597.83
2025-12-02 17:00:00,-5273.18
2025-12-02 17:15:00,-5280.33
2025-12-02 17:30:00,-5283.88
2025-12-02 17:45:00,-5297.93
2025-12-02 18:00:00,-4626.13
2025-12-02 18:15:00,-4628.46
2025-12-02 18:30:00,-4634.41
2025-12-02 18:45:00,-4633.13
2025-12-02 19:00:00,-4069.41
2025-12-02 19:15:00,-4074.52
2025-12-02 19:30:00,-4078.2
2025-12-02 19:45:00,-4073.23
2025-12-02 20:00:00,-4344.92
2025-12-02 20:15:00,-4363.219999999999
2025-12-02 20:30:00,-4378.51
2025-12-02 20:45:00,-4399.8
2025-12-02 21:00:00,-4178.48
2025-12-02 21:15:00,-4191.75
2025-12-02 21:30:00,-4207.05
2025-12-02 21:45:00,-4217.3
2025-12-02 22:00:00,-4386.0
2025-12-02 22:15:00,-4399.15
2025-12-02 22:30:00,-4410.92
2025-12-02 22:45:00,-4426.59
2025-12-02 23:00:00,-4110.74
2025-12-02 23:15:00,-4121.04
2025-12-02 23:30:00,-4133.11
2025-12-02 23:45:00,-4152.9400000000005
2025-12-03 00:00:00,-3979.7799999999997
2025-12-03 00:15:00,-3980.49
2025-12-03 00:30:00,-3997.2799999999997
2025-12-03 00:45:00,-4005.37
2025-12-03 01:00:00,-3682.3199999999997
2025-12-03 01:15:00,-3687.5
2025-12-03 01:30:00,-3694.91
2025-12-03 01:45:00,-3694.3
2025-12-03 02:00:00,-3700.88
2025-12-03 02:15:00,-3704.85
2025-12-03 02:30:00,-3709.83
2025-12-03 02:45:00,-3707.77
2025-12-03 03:00:00,-3707.33
2025-12-03 03:15:00,-3700.2799999999997
2025-12-03 03:30:00,-3702.06
2025-12-03 03:45:00,-3697.8599999999997
2025-12-03 04:00:00,-3814.0
2025-12-03 04:15:00,-3796.5699999999997
2025-12-03 04:30:00,-3778.42
2025-12-03 04:45:00,-3763.71
2025-12-03 05:00:00,-3551.9300000000003
2025-12-03 05:15:00,-3505.35
2025-12-03 05:30:00,-3464.24
2025-12-03 05:45:00,-3448.2
2025-12-03 06:00:00,-3203.95
2025-12-03 06:15:00,-3175.08
2025-12-03 06:30:00,-3155.9
2025-12-03 06:45:00,-3138.98
2025-12-03 07:00:00,-2990.27
2025-12-03 07:15:00,-2987.68
2025-12-03 07:30:00,-2973.37
2025-12-03 07:45:00,-2961.02
2025-12-03 08:00:00,-2684.86
2025-12-03 08:15:00,-2695.04
2025-12-03 08:30:00,-2704.37
2025-12-03 08:45:00,-2696.0
2025-12-03 09:00:00,-2476.78
2025-12-03 09:15:00,-2511.58
2025-12-03 09:30:00,-2390.94
2025-12-03 09:45:00,-2388.61
2025-12-03 10:00:00,-2165.51
2025-12-03 10:15:00,-2168.83
2025-12-03 10:30:00,-2175.41
2025-12-03 10:45:00,-2174.93
2025-12-03 11:00:00,-2244.63
2025-12-03 11:15:00,-2240.97
2025-12-03 11:30:00,-2241.25
2025-12-03 11:45:00,-2243.02
2025-12-03 12:00:00,-2497.04
2025-12-03 12:15:00,-2493.77
2025-12-03 12:30:00,-2489.97
2025-12-03 12:45:00,-2495.41
2025-12-03 13:00:00,-2160.98
2025-12-03 13:15:00,-2156.41
2025-12-03 13:30:00,-2156.39
2025-12-03 13:45:00,-2148.52
2025-12-03 14:00:00,-1442.3000000000002
2025-12-03 14:15:00,-1432.0500000000002
2025-12-03 14:30:00,-1412.81
2025-12-03 14:45:00,-1400.38
2025-12-03 15:00:00,-953.69
2025-12-03 15:15:00,-945.8400000000001
2025-12-03 15:30:00,-928.1100000000001
2025-12-03 15:45:00,-924.1999999999998
2025-12-03 16:00:00,-771.9099999999999
2025-12-03 16:15:00,-783.4299999999998
2025-12-03 16:30:00,-799.1100000000001
2025-12-03 16:45:00,-791.5
2025-12-03 17:00:00,-951.3899999999999
2025-12-03 17:15:00,-958.0300000000002
2025-12-03 17:30:00,-958.5900000000001
2025-12-03 17:45:00,-961.5500000000002
2025-12-03 18:00:00,-1731.0300000000002
2025-12-03 18:15:00,-1731.5100000000002
2025-12-03 18:30:00,-1730.5700000000002
2025-12-03 18:45:00,-1733.6799999999998
2025-12-03 19:00:00,-2246.59
2025-12-03 19:15:00,-2245.05
2025-12-03 19:30:00,-2242.88
2025-12-03 19:45:00,-2243.62
2025-12-03 20:00:00,-628.3800000000001
2025-12-03 20:15:00,-630.3400000000001
2025-12-03 20:30:00,-641.6799999999998
2025-12-03 20:45:00,-651.4699999999998
2025-12-03 21:00:00,-1779.13
2025-12-03 21:15:00,-1795.38
2025-12-03 21:30:00,-1805.1599999999999
2025-12-03 21:45:00,-1828.1399999999999
2025-12-03 22:00:00,-1604.75
2025-12-03 22:15:00,-1627.8400000000001
2025-12-03 22:30:00,-1645.2600000000002
2025-12-03 22:45:00,-1650.38
2025-12-03 23:00:00,-1579.2399999999998
2025-12-03 23:15:00,-1585.69
2025-12-03 23:30:00,-1596.4699999999998
2025-12-03 23:45:00,-1619.21
2025-12-04 00:00:00,-189.6099999999999
2025-12-04 00:15:00,-193.41000000000008
2025-12-04 00:30:00,-210.1500000000001
2025-12-04 00:45:00,-213.79999999999995
2025-12-04 01:00:00,-2204.92
2025-12-04 01:15:00,-2212.0
2025-12-04 01:30:00,-2215.7200000000003
2025-12-04 01:45:00,-2221.38
2025-12-04 02:00:00,-3815.4300000000003
2025-12-04 02:15:00,-3811.46
2025-12-04 02:30:00,-3814.66
2025-12-04 02:45:00,-3811.16
2025-12-04 03:00:00,-2671.2200000000003
2025-12-04 03:15:00,-2667.04
2025-12-04 03:30:00,-2666.71
2025-12-04 03:45:00,-2662.6800000000003
2025-12-04 04:00:00,-1846.71
2025-12-04 04:15:00,-1838.18
2025-12-04 04:30:00,-1824.32
2025-12-04 04:45:00,-1804.16
2025-12-04 05:00:00,-1465.4499999999998
2025-12-04 05:15:00,-1427.75
2025-12-04 05:30:00,-1394.8400000000001
2025-12-04 05:45:00,-1374.8000000000002
2025-12-04 06:00:00,-1182.3400000000001
2025-12-04 06:15:00,-1163.6999999999998
2025-12-04 06:30:00,-1131.52
2025-12-04 06:45:00,-1123.9
2025-12-04 07:00:00,-983.77
2025-12-04 07:15:00,-972.77
2025-12-04 07:30:00,-966.8899999999999
2025-12-04 07:45:00,-961.9899999999998
2025-12-04 08:00:00,-1053.7600000000002
2025-12-04 08:15:00,-1054.52
2025-12-04 08:30:00,-1053.02
2025-12-04 08:45:00,-1063.1999999999998
2025-12-04 09:00:00,-315.3499999999999
2025-12-04 09:15:00,-321.59000000000015
2025-12-04 09:30:00,-323.34000000000015
2025-12-04 09:45:00,-337.69000000000005
2025-12-04 10:00:00,-64.36999999999989
2025-12-04 10:15:00,-64.01000000000022
2025-12-04 10:30:00,-64.86000000000013
2025-12-04 10:45:00,-68.38000000000011
2025-12-04 11:00:00,124.61000000000013
2025-12-04 11:15:00,121.28999999999996
2025-12-04 11:30:00,117.05999999999995
2025-12-04 11:45:00,112.05999999999995
2025-12-04 12:00:00,-90.69000000000005
2025-12-04 12:15:00,-89.92999999999984
2025-12-04 12:30:00,-79.05999999999995
2025-12-04 12:45:00,-79.2800000000002
2025-12-04 13:00:00,546.8699999999999
2025-12-04 13:15:00,549.23
2025-12-04 13:30:00,541.8899999999999
2025-12-04 13:45:00,543.4299999999998
2025-12-04 14:00:00,905.9299999999998
2025-12-04 14:15:00,918.9499999999998
2025-12-04 14:30:00,938.4299999999998
2025-12-04 14:45:00,953.75
2025-12-04 15:00:00,693.6300000000001
2025-12-04 15:15:00,700.0900000000001
2025-12-04 15:30:00,714.8200000000002
2025-12-04 15:45:00,714.3600000000001
2025-12-04 16:00:00,320.21000000000004
2025-12-04 16:15:00,294.8499999999999
2025-12-04 16:30:00,298.1999999999998
2025-12-04 16:45:00,296.53999999999996
2025-12-04 17:00:00,148.05999999999995
2025-12-04 17:15:00,144.0
2025-12-04 17:30:00,146.69999999999982
2025-12-04 17:45:00,148.30000000000018
2025-12-04 18:00:00,292.9699999999998
2025-12-04 18:15:00,292.71000000000004
2025-12-04 18:30:00,298.1199999999999
2025-12-04 18:45:00,299.6399999999999
2025-12-04 19:00:00,777.0
2025-12-04 19:15:00,770.6100000000001
2025-12-04 19:30:00,777.8299999999999
2025-12-04 19:45:00,772.5300000000002
2025-12-04 20:00:00,890.8699999999999
2025-12-04 20:15:00,876.4899999999998
2025-12-04 20:30:00,869.8499999999999
2025-12-04 20:45:00,859.8699999999999
2025-12-04 21:00:00,489.19000000000005
2025-12-04 21:15:00,476.3800000000001
2025-12-04 21:30:00,458.94000000000005
2025-12-04 21:45:00,446.9899999999998
2025-12-04 22:00:00,46.73999999999978
2025-12-04 22:15:00,26.070000000000164
2025-12-04 22:30:00,6.210000000000036
2025-12-04 22:45:00,3.550000000000182
2025-12-04 23:00:00,-237.73000000000002
2025-12-04 23:15:00,-240.19999999999982
2025-12-04 23:30:00,-248.05999999999995
2025-12-04 23:45:00,-264.27
2025-12-05 00:00:00,176.6199999999999
2025-12-05 00:15:00,171.94999999999982
2025-12-05 00:30:00,165.51999999999998
2025-12-05 00:45:00,156.48000000000002
2025-12-05 01:00:00,371.21000000000004
2025-12-05 01:15:00,362.84000000000015
2025-12-05 01:30:00,356.1199999999999
2025-12-05 01:45:00,358.21000000000004
2025-12-05 02:00:00,566.4699999999998
2025-12-05 02:15:00,564.71
2025-12-05 02:30:00,562.4299999999998
2025-12-05 02:45:00,560.0900000000001
2025-12-05 03:00:00,1641.5900000000001
2025-12-05 03:15:00,1645.9
2025-12-05 03:30:00,1643.8400000000001
2025-12-05 03:45:00,1645.0700000000002
2025-12-05 04:00:00,1865.2199999999998
2025-12-05 04:15:00,1874.6100000000001
2025-12-05 04:30:00,1891.33
2025-12-05 04:45:00,1904.6999999999998
2025-12-05 05:00:00,1429.2199999999998
2025-12-05 05:15:00,1462.6100000000001
2025-12-05 05:30:00,1503.29
2025-12-05 05:45:00,1521.71
2025-12-05 06:00:00,1402.94
2025-12-05 06:15:00,1422.7800000000002
2025-12-05 06:30:00,1455.4499999999998
2025-12-05 06:45:00,1455.71
2025-12-05 07:00:00,1073.3200000000002
2025-12-05 07:15:00,1068.5700000000002
2025-12-05 07:30:00,1080.4
2025-12-05 07:45:00,1086.1599999999999
2025-12-05 08:00:00,865.5999999999999
2025-12-05 08:15:00,866.0799999999999
2025-12-05 08:30:00,866.2199999999998
2025-12-05 08:45:00,858.79
2025-12-05 09:00:00,523.6599999999999
2025-12-05 09:15:00,521.1799999999998
2025-12-05 09:30:00,519.69
2025-12-05 09:45:00,519.1399999999999
2025-12-05 10:00:00,12.670000000000073
2025-12-05 10:15:00,5.039999999999964
2025-12-05 10:30:00,12.039999999999964
2025-12-05 10:45:00,7.880000000000109
2025-12-05 11:00:00,-310.3000000000002
2025-12-05 11:15:00,-309.3800000000001
2025-12-05 11:30:00,-313.4000000000001
2025-12-05 11:45:00,-320.4000000000001
2025-12-05 12:00:00,-817.6399999999999
2025-12-05 12:15:00,-818.5999999999999
2025-12-05 12:30:00,-815.4000000000001
2025-12-05 12:45:00,-820.73
2025-12-05 13:00:00,-309.84000000000015
2025-12-05 13:15:00,-312.78999999999996
2025-12-05 13:30:00,-310.0100000000002
2025-12-05 13:45:00,-290.77
2025-12-05 14:00:00,154.67999999999984
2025-12-05 14:15:00,157.98999999999978
2025-12-05 14:30:00,177.44999999999982
2025-12-05 14:45:00,191.73000000000002
2025-12-05 15:00:00,438.9699999999998
2025-12-05 15:15:00,449.30999999999995
2025-12-05 15:30:00,449.3899999999999
2025-12-05 15:45:00,446.9499999999998
2025-12-05 16:00:00,718.0300000000002
2025-12-05 16:15:00,710.1300000000001
2025-12-05 16:30:00,706.77
2025-12-05 16:45:00,709.8800000000001
2025-12-05 17:00:00,554.8000000000002
2025-12-05 17:15:00,541.6999999999998
2025-12-05 17:30:00,544.4200000000001
2025-12-05 17:45:00,533.31
2025-12-05 18:00:00,199.78999999999996
2025-12-05 18:15:00,186.7800000000002
2025-12-05 18:30:00,177.98999999999978
2025-12-05 18:45:00,150.78999999999996
2025-12-05 19:00:00,411.5300000000002
2025-12-05 19:15:00,413.7600000000002
2025-12-05 19:30:00,416.8899999999999
2025-12-05 19:45:00,402.17999999999984
2025-12-05 20:00:00,426.5
2025-12-05 20:15:00,410.5799999999999
2025-12-05 20:30:00,407.05999999999995
2025-12-05 20:45:00,388.8000000000002
2025-12-05 21:00:00,530.9499999999998
2025-12-05 21:15:00,506.77
2025-12-05 21:30:00,494.8800000000001
2025-12-05 21:45:00,479.6700000000001
2025-12-05 22:00:00,799.5500000000002
2025-12-05 22:15:00,787.6300000000001
2025-12-05 22:30:00,778.79
2025-12-05 22:45:00,767.8699999999999
2025-12-05 23:00:00,808.6300000000001
2025-12-05 23:15:00,789.19
2025-12-05 23:30:00,780.9099999999999
2025-12-05 23:45:00,761.0999999999999
2025-12-06 00:00:00,697.3199999999999
2025-12-06 00:15:00,685.01
2025-12-06 00:30:00,667.3499999999999
2025-12-06 00:45:00,658.6700000000001
2025-12-06 01:00:00,596.75
2025-12-06 01:15:00,587.31
2025-12-06 01:30:00,569.76
2025-12-06 01:45:00,565.98
2025-12-06 02:00:00,327.24
2025-12-06 02:15:00,327.52
2025-12-06 02:30:00,324.49
2025-12-06 02:45:00,313.71000000000004
2025-12-06 03:00:00,586.44
2025-12-06 03:15:00,583.9300000000001
2025-12-06 03:30:00,582.1800000000001
2025-12-06 03:45:00,583.8699999999999
2025-12-06 04:00:00,499.6300000000001
2025-12-06 04:15:00,494.02
2025-12-06 04:30:00,496.69000000000005
2025-12-06 04:45:00,486.03999999999996
2025-12-06 05:00:00,221.5999999999999
2025-12-06 05:15:00,225.70000000000005
2025-12-06 05:30:00,245.3699999999999
2025-12-06 05:45:00,246.47000000000003
2025-12-06 06:00:00,-518.45
2025-12-06 06:15:00,-508.0899999999999
2025-12-06 06:30:00,-501.8399999999999
2025-12-06 06:45:00,-486.80999999999995
2025-12-06 07:00:00,-1725.15
2025-12-06 07:15:00,-1704.37
2025-12-06 07:30:00,-1692.65
2025-12-06 07:45:00,-1672.0500000000002
2025-12-06 08:00:00,-499.44000000000005
2025-12-06 08:15:00,-492.0
2025-12-06 08:30:00,-476.46000000000004
2025-12-06 08:45:00,-469.8800000000001
2025-12-06 09:00:00,-118.59000000000015
2025-12-06 09:15:00,-115.15999999999985
2025-12-06 09:30:00,-201.5
2025-12-06 09:45:00,-234.61000000000013
2025-12-06 10:00:00,-344.25
2025-12-06 10:15:00,-310.65999999999985
2025-12-06 10:30:00,-309.9200000000001
2025-12-06 10:45:00,-306.6399999999999
2025-12-06 11:00:00,185.98999999999978
2025-12-06 11:15:00,188.26000000000022
2025-12-06 11:30:00,194.92000000000007
2025-12-06 11:45:00,185.5999999999999
2025-12-06 12:00:00,-209.07000000000016
2025-12-06 12:15:00,-212.65999999999985
2025-12-06 12:30:00,-213.57999999999993
2025-12-06 12:45:00,-222.17999999999984
2025-12-06 13:00:00,-161.1199999999999
2025-12-06 13:15:00,-154.90999999999985
2025-12-06 13:30:00,-138.17000000000007
2025-12-06 13:45:00,-142.75
2025-12-06 14:00:00,-218.01999999999998
2025-12-06 14:15:00,-210.63999999999987
2025-12-06 14:30:00,-185.42000000000007
2025-12-06 14:45:00,-170.51000000000022
2025-12-06 15:00:00,234.3499999999999
2025-12-06 15:15:00,242.55999999999995
2025-12-06 15:30:00,250.2199999999998
2025-12-06 15:45:00,244.80999999999995
2025-12-06 16:00:00,171.26000000000022
2025-12-06 16:15:00,166.07000000000016
2025-12-06 16:30:00,170.92000000000007
2025-12-06 16:45:00,171.40999999999985
2025-12-06 17:00:00,231.51999999999998
2025-12-06 17:15:00,234.26999999999998
2025-12-06 17:30:00,234.21000000000004
2025-12-06 17:45:00,217.07000000000016
2025-12-06 18:00:00,-140.75
2025-12-06 18:15:00,-150.9699999999998
2025-12-06 18:30:00,-152.21000000000004
2025-12-06 18:45:00,-159.98999999999978
2025-12-06 19:00:00,-73.88000000000011
2025-12-06 19:15:00,-99.32000000000016
2025-12-06 19:30:00,-111.17999999999984
2025-12-06 19:45:00,-128.92000000000007
2025-12-06 20:00:00,171.07999999999993
2025-12-06 20:15:00,154.86000000000013
2025-12-06 20:30:00,146.76999999999998
2025-12-06 20:45:00,129.11000000000013
2025-12-06 21:00:00,332.84000000000015
2025-12-06 21:15:00,328.7600000000002
2025-12-06 21:30:00,311.7199999999998
2025-12-06 21:45:00,303.3800000000001
2025-12-06 22:00:00,202.92000000000007
2025-12-06 22:15:00,194.94000000000005
2025-12-06 22:30:00,185.51999999999998
2025-12-06 22:45:00,175.15999999999985
2025-12-06 23:00:00,454.94000000000005
2025-12-06 23:15:00,458.4000000000001
2025-12-06 23:30:00,450.1300000000001
2025-12-06 23:45:00,440.9699999999998
2025-12-07 00:00:00,322.7600000000002
2025-12-07 00:15:00,309.0300000000002
2025-12-07 00:30:00,307.01
2025-12-07 00:45:00,304.1600000000001
2025-12-07 01:00:00,595.76
2025-12-07 01:15:00,585.6800000000001
2025-12-07 01:30:00,582.9000000000001
2025-12-07 01:45:00,579.8199999999999
2025-12-07 02:00:00,192.18000000000006
2025-12-07 02:15:00,185.46000000000004
2025-12-07 02:30:00,179.66000000000008
2025-12-07 02:45:00,181.44000000000005
2025-12-07 03:00:00,151.47000000000003
2025-12-07 03:15:00,151.3599999999999
2025-12-07 03:30:00,149.78999999999996
2025-12-07 03:45:00,145.76999999999998
2025-12-07 04:00:00,299.1400000000001
2025-12-07 04:15:00,308.72
2025-12-07 04:30:00,311.43000000000006
2025-12-07 04:45:00,313.8900000000001
2025-12-07 05:00:00,285.3299999999999
2025-12-07 05:15:00,302.81999999999994
2025-12-07 05:30:00,298.3499999999999
2025-12-07 05:45:00,298.54999999999995
2025-12-07 06:00:00,138.11000000000013
2025-12-07 06:15:00,150.7800000000002
2025-12-07 06:30:00,162.19000000000005
2025-12-07 06:45:00,173.80999999999995
2025-12-07 07:00:00,345.05999999999995
2025-12-07 07:15:00,355.67999999999984
2025-12-07 07:30:00,369.75
2025-12-07 07:45:00,384.15999999999985
2025-12-07 08:00:00,249.82000000000016
2025-12-07 08:15:00,257.7199999999998
2025-12-07 08:30:00,275.8299999999999
2025-12-07 08:45:00,283.4000000000001
2025-12-07 09:00:00,-129.13999999999987
2025-12-07 09:15:00,-127.90999999999985
2025-12-07 09:30:00,-119.32000000000016
2025-12-07 09:45:00,-110.40000000000009
2025-12-07 10:00:00,-389.1399999999999
2025-12-07 10:15:00,-389.6399999999999
2025-12-07 10:30:00,-387.7199999999998
2025-12-07 10:45:00,-383.42999999999984
2025-12-07 11:00:00,-246.48999999999978
2025-12-07 11:15:00,-246.1300000000001
2025-12-07 11:30:00,-240.73000000000002
2025-12-07 11:45:00,-250.1300000000001
2025-12-07 12:00:00,525.4899999999998
2025-12-07 12:15:00,528.44
2025-12-07 12:30:00,530.9499999999998
2025-12-07 12:45:00,532.6999999999998
2025-12-07 13:00:00,976.0900000000001
2025-12-07 13:15:00,974.5500000000002
2025-12-07 13:30:00,977.9000000000001
2025-12-07 13:45:00,981.3800000000001
2025-12-07 14:00:00,618.8299999999999
2025-12-07 14:15:00,620.6999999999998
2025-12-07 14:30:00,635.9200000000001
2025-12-07 14:45:00,637.0900000000001
2025-12-07 15:00:00,325.03999999999996
2025-12-07 15:15:00,337.71000000000004
2025-12-07 15:30:00,346.3899999999999
2025-12-07 15:45:00,339.6500000000001
2025-12-07 16:00:00,-46.98000000000002
2025-12-07 16:15:00,-53.73999999999978
2025-12-07 16:30:00,-52.070000000000164
2025-12-07 16:45:00,-55.179999999999836
2025-12-07 17:00:00,-346.6199999999999
2025-12-07 17:15:00,-353.8600000000001
2025-12-07 17:30:00,-347.75
2025-12-07 17:45:00,-356.32000000000016
2025-12-07 18:00:00,-481.90999999999985
2025-12-07 18:15:00,-482.27
2025-12-07 18:30:00,-480.5
2025-12-07 18:45:00,-495.6300000000001
2025-12-07 19:00:00,-433.5500000000002
2025-12-07 19:15:00,-450.02
2025-12-07 19:30:00,-468.6999999999998
2025-12-07 19:45:00,-480.0100000000002
2025-12-07 20:00:00,-479.32000000000016
2025-12-07 20:15:00,-488.84000000000015
2025-12-07 20:30:00,-504.09000000000015
2025-12-07 20:45:00,-524.8600000000001
2025-12-07 21:00:00,-956.2199999999998
2025-12-07 21:15:00,-972.4499999999998
2025-12-07 21:30:00,-987.3200000000002
2025-12-07 21:45:00,-1004.46
2025-12-07 22:00:00,-1254.8400000000001
2025-12-07 22:15:00,-1275.0700000000002
2025-12-07 22:30:00,-1284.6599999999999
2025-12-07 22:45:00,-1298.08
2025-12-07 23:00:00,-1450.9299999999998
2025-12-07 23:15:00,-1476.25
2025-12-07 23:30:00,-1490.9299999999998
2025-12-07 23:45:00,-1494.4
2025-12-08 00:00:00,-1404.12
2025-12-08 00:15:00,-1404.15
2025-12-08 00:30:00,-1409.63
2025-12-08 00:45:00,-1413.97
2025-12-08 01:00:00,-999.51
2025-12-08 01:15:00,-996.95
2025-12-08 01:30:00,-998.8
2025-12-08 01:45:00,-1010.77
2025-12-08 02:00:00,-1558.94
2025-12-08 02:15:00,-1562.23
2025-12-08 02:30:00,-1559.35
2025-12-08 02:45:00,-1558.12
2025-12-08 03:00:00,-2038.01
2025-12-08 03:15:00,-2038.38
2025-12-08 03:30:00,-2036.69
2025-12-08 03:45:00,-2041.85
2025-12-08 04:00:00,-1883.62
2025-12-08 04:15:00,-1875.7
2025-12-08 04:30:00,-1860.99
2025-12-08 04:45:00,-1837.26
2025-12-08 05:00:00,-1846.3200000000002
2025-12-08 05:15:00,-1809.98
2025-12-08 05:30:00,-1774.1799999999998
2025-12-08 05:45:00,-1747.98
2025-12-08 06:00:00,-2120.47
2025-12-08 06:15:00,-2084.42
2025-12-08 06:30:00,-2059.54
2025-12-08 06:45:00,-2051.24
2025-12-08 07:00:00,-1373.9499999999998
2025-12-08 07:15:00,-1371.94
2025-12-08 07:30:00,-1369.46
2025-12-08 07:45:00,-1361.4099999999999
2025-12-08 08:00:00,-2164.18
2025-12-08 08:15:00,-2166.14
2025-12-08 08:30:00,-2154.86
2025-12-08 08:45:00,-2161.4
2025-12-08 09:00:00,-2114.74
2025-12-08 09:15:00,-2090.59
2025-12-08 09:30:00,-2003.31
2025-12-08 09:45:00,-2017.3600000000001
2025-12-08 10:00:00,-1729.7199999999998
2025-12-08 10:15:00,-1731.1
2025-12-08 10:30:00,-1738.0300000000002
2025-12-08 10:45:00,-1729.58
2025-12-08 11:00:00,-673.1300000000001
2025-12-08 11:15:00,-675.5
2025-12-08 11:30:00,-816.9499999999998
2025-12-08 11:45:00,-863.6399999999999
2025-12-08 12:00:00,736.0
2025-12-08 12:15:00,730.4099999999999
2025-12-08 12:30:00,731.1999999999998
2025-12-08 12:45:00,723.79
2025-12-08 13:00:00,907.54
2025-12-08 13:15:00,906.0500000000002
2025-12-08 13:30:00,906.2600000000002
2025-12-08 13:45:00,910.6199999999999
2025-12-08 14:00:00,142.30999999999995
2025-12-08 14:15:00,154.51999999999998
2025-12-08 14:30:00,174.61000000000013
2025-12-08 14:45:00,186.67999999999984
2025-12-08 15:00:00,-615.3899999999999
2025-12-08 15:15:00,-608.9099999999999
2025-12-08 15:30:00,-607.6700000000001
2025-12-08 15:45:00,-600.5700000000002
2025-12-08 16:00:00,-998.9000000000001
2025-12-08 16:15:00,-1001.0900000000001
2025-12-08 16:30:00,-1001.9200000000001
2025-12-08 16:45:00,-1003.1199999999999
2025-12-08 17:00:00,-260.4000000000001
2025-12-08 17:15:00,-263.6500000000001
2025-12-08 17:30:00,-264.9000000000001
2025-12-08 17:45:00,-272.98
2025-12-08 18:00:00,89.26999999999998
2025-12-08 18:15:00,85.98999999999978
2025-12-08 18:30:00,84.63999999999987
2025-12-08 18:45:00,75.92000000000007
2025-12-08 19:00:00,369.30999999999995
2025-12-08 19:15:00,365.0500000000002
2025-12-08 19:30:00,362.7399999999998
2025-12-08 19:45:00,358.8600000000001
2025-12-08 20:00:00,596.0900000000001
2025-12-08 20:15:00,581.5300000000002
2025-12-08 20:30:00,575.5799999999999
2025-12-08 20:45:00,557.5100000000002
2025-12-08 21:00:00,549.2600000000002
2025-12-08 21:15:00,535.73
2025-12-08 21:30:00,517.3699999999999
2025-12-08 21:45:00,488.1700000000001
2025-12-08 22:00:00,509.59000000000015
2025-12-08 22:15:00,482.6700000000001
2025-12-08 22:30:00,466.1500000000001
2025-12-08 22:45:00,446.0500000000002
2025-12-08 23:00:00,418.92999999999984
2025-12-08 23:15:00,400.7399999999998
2025-12-08 23:30:00,393.6100000000001
2025-12-08 23:45:00,374.59000000000015
2025-12-09 00:00:00,249.57000000000016
2025-12-09 00:15:00,241.6300000000001
2025-12-09 00:30:00,223.76
2025-12-09 00:45:00,215.07999999999993
2025-12-09 01:00:00,0.7799999999999727
2025-12-09 01:15:00,-20.339999999999918
2025-12-09 01:30:00,-21.839999999999918
2025-12-09 01:45:00,-26.5
2025-12-09 02:00:00,-398.05999999999995
2025-12-09 02:15:00,-402.18000000000006
2025-12-09 02:30:00,-400.8299999999999
2025-12-09 02:45:00,-400.4200000000001
2025-12-09 03:00:00,-377.28999999999996
2025-12-09 03:15:00,-374.52
2025-12-09 03:30:00,-367.31999999999994
2025-12-09 03:45:00,-364.49
2025-12-09 04:00:00,-323.01
2025-12-09 04:15:00,-314.44000000000005
2025-12-09 04:30:00,-305.8699999999999
2025-12-09 04:45:00,-287.54999999999995
2025-12-09 05:00:00,-241.3499999999999
2025-12-09 05:15:00,-214.2199999999998
2025-12-09 05:30:00,-172.05000000000018
2025-12-09 05:45:00,-134.90999999999985
2025-12-09 06:00:00,-629.4299999999998
2025-12-09 06:15:00,-591.21
2025-12-09 06:30:00,-572.9200000000001
2025-12-09 06:45:00,-548.96
2025-12-09 07:00:00,-708.3299999999999
2025-12-09 07:15:00,-709.7600000000002
2025-12-09 07:30:00,-711.5999999999999
2025-12-09 07:45:00,-704.79
2025-12-09 08:00:00,-439.34000000000015
2025-12-09 08:15:00,-450.94000000000005
2025-12-09 08:30:00,-452.8899999999999
2025-12-09 08:45:00,-459.6199999999999
2025-12-09 09:00:00,-993.8899999999999
2025-12-09 09:15:00,-1003.21
2025-12-09 09:30:00,-1012.0500000000002
2025-12-09 09:45:00,-1024.02
2025-12-09 10:00:00,-917.1999999999998
2025-12-09 10:15:00,-914.81
2025-12-09 10:30:00,-919.3200000000002
2025-12-09 10:45:00,-922.8699999999999
2025-12-09 11:00:00,-520.75
2025-12-09 11:15:00,-513.56
2025-12-09 11:30:00,-506.3699999999999
2025-12-09 11:45:00,-526.1999999999998
2025-12-09 12:00:00,-105.59999999999991
2025-12-09 12:15:00,-105.86999999999989
2025-12-09 12:30:00,-94.01999999999998
2025-12-09 12:45:00,-104.84999999999991
2025-12-09 13:00:00,295.7600000000002
2025-12-09 13:15:00,301.0100000000002
2025-12-09 13:30:00,301.48
2025-12-09 13:45:00,312.0500000000002
2025-12-09 14:00:00,595.77
2025-12-09 14:15:00,600.6999999999998
2025-12-09 14:30:00,611.23
2025-12-09 14:45:00,634.3299999999999
2025-12-09 15:00:00,387.07000000000016
2025-12-09 15:15:00,398.5300000000002
2025-12-09 15:30:00,403.3899999999999
2025-12-09 15:45:00,408.3699999999999
2025-12-09 16:00:00,245.8800000000001
2025-12-09 16:15:00,243.8499999999999
2025-12-09 16:30:00,232.36000000000013
2025-12-09 16:45:00,225.15999999999985
2025-12-09 17:00:00,179.32999999999993
2025-12-09 17:15:00,169.53999999999996
2025-12-09 17:30:00,182.61000000000013
2025-12-09 17:45:00,176.3699999999999
2025-12-09 18:00:00,-931.3600000000001
2025-12-09 18:15:00,-936.7600000000002
2025-12-09 18:30:00,-951.77
2025-12-09 18:45:00,-946.2600000000002
2025-12-09 19:00:00,-1158.27
2025-12-09 19:15:00,-1154.35
2025-12-09 19:30:00,-1157.75
2025-12-09 19:45:00,-1165.8600000000001
2025-12-09 20:00:00,-1095.6
2025-12-09 20:15:00,-1112.2399999999998
2025-12-09 20:30:00,-1133.42
2025-12-09 20:45:00,-1164.8899999999999
2025-12-09 21:00:00,-1924.7199999999998
2025-12-09 21:15:00,-1945.08
2025-12-09 21:30:00,-1959.3600000000001
2025-12-09 21:45:00,-1970.2600000000002
2025-12-09 22:00:00,-2612.02
2025-12-09 22:15:00,-2626.35
2025-12-09 22:30:00,-2640.21
2025-12-09 22:45:00,-2654.84
2025-12-09 23:00:00,-1194.85
2025-12-09 23:15:00,-1214.79
2025-12-09 23:30:00,-1219.42
2025-12-09 23:45:00,-1237.0500000000002
2025-12-10 00:00:00,-735.79
2025-12-10 00:15:00,-749.98
2025-12-10 00:30:00,-760.6199999999999
2025-12-10 00:45:00,-766.22
2025-12-10 01:00:00,-3235.84
2025-12-10 01:15:00,-3226.79
2025-12-10 01:30:00,-3248.35
2025-12-10 01:45:00,-3260.86
2025-12-10 02:00:00,-5537.93
2025-12-10 02:15:00,-5552.719999999999
2025-12-10 02:30:00,-5555.389999999999
2025-12-10 02:45:00,-5563.33
2025-12-10 03:00:00,-6170.87
2025-12-10 03:15:00,-6171.18
2025-12-10 03:30:00,-6179.3
2025-12-10 03:45:00,-6182.36
2025-12-10 04:00:00,-6171.35
2025-12-10 04:15:00,-6263.41
2025-12-10 04:30:00,-6262.2
2025-12-10 04:45:00,-6249.82
2025-12-10 05:00:00,-6903.11
2025-12-10 05:15:00,-6870.34
2025-12-10 05:30:00,-6840.49
2025-12-10 05:45:00,-6818.8099999999995
2025-12-10 06:00:00,-6322.38
2025-12-10 06:15:00,-6290.34
2025-12-10 06:30:00,-6279.66
2025-12-10 06:45:00,-6264.469999999999
2025-12-10 07:00:00,-5834.8
2025-12-10 07:15:00,-5843.92
2025-12-10 07:30:00,-5848.9400000000005
2025-12-10 07:45:00,-5846.7
2025-12-10 08:00:00,-5809.9
2025-12-10 08:15:00,-5816.9
2025-12-10 08:30:00,-5825.58
2025-12-10 08:45:00,-5840.25
2025-12-10 09:00:00,-4570.639999999999
2025-12-10 09:15:00,-4572.1900000000005
2025-12-10 09:30:00,-4572.719999999999
2025-12-10 09:45:00,-4574.33
2025-12-10 10:00:00,-4605.82
2025-12-10 10:15:00,-4614.9400000000005
2025-12-10 10:30:00,-4620.49
2025-12-10 10:45:00,-4618.280000000001
2025-12-10 11:00:00,-4274.83
2025-12-10 11:15:00,-4280.91
2025-12-10 11:30:00,-4286.9
2025-12-10 11:45:00,-4287.280000000001
2025-12-10 12:00:00,-3463.95
2025-12-10 12:15:00,-3465.06
2025-12-10 12:30:00,-3461.81
2025-12-10 12:45:00,-3458.25
2025-12-10 13:00:00,-4310.55
2025-12-10 13:15:00,-4305.46
2025-12-10 13:30:00,-4291.74
2025-12-10 13:45:00,-4295.6900000000005
2025-12-10 14:00:00,-5106.83
2025-12-10 14:15:00,-5097.889999999999
2025-12-10 14:30:00,-5071.5
2025-12-10 14:45:00,-5067.6900000000005
2025-12-10 15:00:00,-4503.0
2025-12-10 15:15:00,-4491.55
2025-12-10 15:30:00,-4475.9400000000005
2025-12-10 15:45:00,-4478.139999999999
2025-12-10 16:00:00,-4452.6900000000005
2025-12-10 16:15:00,-4459.85
2025-12-10 16:30:00,-4477.0599999999995
2025-12-10 16:45:00,-4491.83
2025-12-10 17:00:00,-4515.65
2025-12-10 17:15:00,-4523.62
2025-12-10 17:30:00,-4531.7
2025-12-10 17:45:00,-4535.3
2025-12-10 18:00:00,-3981.48
2025-12-10 18:15:00,-3992.29
2025-12-10 18:30:00,-3998.87
2025-12-10 18:45:00,-4007.27
2025-12-10 19:00:00,-3364.12
2025-12-10 19:15:00,-3370.84
2025-12-10 19:30:00,-3378.68
2025-12-10 19:45:00,-3384.17
2025-12-10 20:00:00,-3863.48
2025-12-10 20:15:00,-3846.28
2025-12-10 20:30:00,-3857.36
2025-12-10 20:45:00,-3872.98
2025-12-10 21:00:00,-4692.13
2025-12-10 21:15:00,-4703.37
2025-12-10 21:30:00,-4706.6900000000005
2025-12-10 21:45:00,-4721.48
2025-12-10 22:00:00,-6451.93
2025-12-10 22:15:00,-6475.16
2025-12-10 22:30:00,-6482.27
2025-12-10 22:45:00,-6504.05
2025-12-10 23:00:00,-7090.3099999999995
2025-12-10 23:15:00,-7109.11
2025-12-10 23:30:00,-7113.93
2025-12-10 23:45:00,-7140.38
2025-12-11 00:00:00,-6231.74
2025-12-11 00:15:00,-6238.78
2025-12-11 00:30:00,-6248.46
2025-12-11 00:45:00,-6257.74
2025-12-11 01:00:00,-6445.72
2025-12-11 01:15:00,-6453.74
2025-12-11 01:30:00,-6442.07
2025-12-11 01:45:00,-6457.91
2025-12-11 02:00:00,-6363.64
2025-12-11 02:15:00,-6358.8099999999995
2025-12-11 02:30:00,-6363.7
2025-12-11 02:45:00,-6374.6
2025-12-11 03:00:00,-5327.85
2025-12-11 03:15:00,-5324.21
2025-12-11 03:30:00,-5330.45
2025-12-11 03:45:00,-5331.98
2025-12-11 04:00:00,-4181.6
2025-12-11 04:15:00,-4175.08
2025-12-11 04:30:00,-4163.74
2025-12-11 04:45:00,-4149.97
2025-12-11 05:00:00,-2930.65
2025-12-11 05:15:00,-2905.12
2025-12-11 05:30:00,-2854.3
2025-12-11 05:45:00,-2824.74
2025-12-11 06:00:00,-2198.33
2025-12-11 06:15:00,-2183.22
2025-12-11 06:30:00,-2164.77
2025-12-11 06:45:00,-2156.55
2025-12-11 07:00:00,-894.8699999999999
2025-12-11 07:15:00,-907.2600000000002
2025-12-11 07:30:00,-892.6999999999998
2025-12-11 07:45:00,-898.46
2025-12-11 08:00:00,-1933.7600000000002
2025-12-11 08:15:00,-1933.1599999999999
2025-12-11 08:30:00,-1932.1
2025-12-11 08:45:00,-1957.8400000000001
2025-12-11 09:00:00,-2574.68
2025-12-11 09:15:00,-2574.2
2025-12-11 09:30:00,-2594.69
2025-12-11 09:45:00,-2569.58
2025-12-11 10:00:00,-3092.19
2025-12-11 10:15:00,-3086.5
2025-12-11 10:30:00,-3085.68
2025-12-11 10:45:00,-3087.81
2025-12-11 11:00:00,-4313.75
2025-12-11 11:15:00,-4314.34
2025-12-11 11:30:00,-4302.6900000000005
2025-12-11 11:45:00,-4318.74
2025-12-11 12:00:00,-3305.9
2025-12-11 12:15:00,-3302.38
2025-12-11 12:30:00,-3325.3
2025-12-11 12:45:00,-3344.89
2025-12-11 13:00:00,-3030.4700000000003
2025-12-11 13:15:00,-3057.9300000000003
2025-12-11 13:30:00,-2911.34
2025-12-11 13:45:00,-2898.57
2025-12-11 14:00:00,-1490.1100000000001
2025-12-11 14:15:00,-1480.5100000000002
2025-12-11 14:30:00,-1458.2600000000002
2025-12-11 14:45:00,-1440.67
2025-12-11 15:00:00,-840.8200000000002
2025-12-11 15:15:00,-833.0300000000002
2025-12-11 15:30:00,-825.04
2025-12-11 15:45:00,-832.1300000000001
2025-12-11 16:00:00,-988.8499999999999
2025-12-11 16:15:00,-1000.5900000000001
2025-12-11 16:30:00,-1010.3699999999999
2025-12-11 16:45:00,-1010.6399999999999
2025-12-11 17:00:00,-868.4200000000001
2025-12-11 17:15:00,-864.0799999999999
2025-12-11 17:30:00,-869.6799999999998
2025-12-11 17:45:00,-887.23
2025-12-11 18:00:00,-1489.1599999999999
2025-12-11 18:15:00,-1494.65
2025-12-11 18:30:00,-1494.71
2025-12-11 18:45:00,-1501.38
2025-12-11 19:00:00,-1264.96
2025-12-11 19:15:00,-1273.62
2025-12-11 19:30:00,-1276.58
2025-12-11 19:45:00,-1279.9499999999998
2025-12-11 20:00:00,-1731.31
2025-12-11 20:15:00,-1744.9
2025-12-11 20:30:00,-1754.94
2025-12-11 20:45:00,-1752.54
2025-12-11 21:00:00,-2415.0
2025-12-11 21:15:00,-2432.19
2025-12-11 21:30:00,-2449.17
2025-12-11 21:45:00,-2464.25
2025-12-11 22:00:00,-2984.5299999999997
2025-12-11 22:15:00,-2999.15
2025-12-11 22:30:00,-3013.49
2025-12-11 22:45:00,-3014.79
2025-12-11 23:00:00,-3319.85
2025-12-11 23:15:00,-3342.9
2025-12-11 23:30:00,-3360.96
2025-12-11 23:45:00,-3370.74
2025-12-12 00:00:00,-3043.1800000000003
2025-12-12 00:15:00,-3050.3900000000003
2025-12-12 00:30:00,-3059.0299999999997
2025-12-12 00:45:00,-3060.4700000000003
2025-12-12 01:00:00,-2376.85
2025-12-12 01:15:00,-2386.7
2025-12-12 01:30:00,-2390.9300000000003
2025-12-12 01:45:00,-2388.9700000000003
2025-12-12 02:00:00,-2568.62
2025-12-12 02:15:00,-2573.24
2025-12-12 02:30:00,-2581.8
2025-12-12 02:45:00,-2584.17
2025-12-12 03:00:00,-2489.13
2025-12-12 03:15:00,-2494.88
2025-12-12 03:30:00,-2495.1
2025-12-12 03:45:00,-2490.85
2025-12-12 04:00:00,-2601.9700000000003
2025-12-12 04:15:00,-2589.25
2025-12-12 04:30:00,-2555.81
2025-12-12 04:45:00,-2529.37
2025-12-12 05:00:00,-2580.05
2025-12-12 05:15:00,-2537.99
2025-12-12 05:30:00,-2493.93
2025-12-12 05:45:00,-2453.57
2025-12-12 06:00:00,-2925.54
2025-12-12 06:15:00,-2896.97
2025-12-12 06:30:00,-2864.59
2025-12-12 06:45:00,-2858.39
2025-12-12 07:00:00,-2988.91
2025-12-12 07:15:00,-2982.72
2025-12-12 07:30:00,-2979.24
2025-12-12 07:45:00,-2974.59
2025-12-12 08:00:00,-2955.21
2025-12-12 08:15:00,-2959.38
2025-12-12 08:30:00,-2956.67
2025-12-12 08:45:00,-2978.5
2025-12-12 09:00:00,-3041.96
2025-12-12 09:15:00,-3023.92
2025-12-12 09:30:00,-3008.91
2025-12-12 09:45:00,-3014.88
2025-12-12 10:00:00,-3321.84
2025-12-12 10:15:00,-3336.12
2025-12-12 10:30:00,-3331.71
2025-12-12 10:45:00,-3333.39
2025-12-12 11:00:00,-3351.51
2025-12-12 11:15:00,-3358.01
2025-12-12 11:30:00,-3361.18
2025-12-12 11:45:00,-3369.4
2025-12-12 12:00:00,-3619.86
2025-12-12 12:15:00,-3608.72
2025-12-12 12:30:00,-3606.33
2025-12-12 12:45:00,-3610.48
2025-12-12 13:00:00,-3644.51
2025-12-12 13:15:00,-3646.25
2025-12-12 13:30:00,-3650.9
2025-12-12 13:45:00,-3642.77
2025-12-12 14:00:00,-3433.22
2025-12-12 14:15:00,-3426.48
2025-12-12 14:30:00,-3407.07
2025-12-12 14:45:00,-3384.62
2025-12-12 15:00:00,-3411.54
2025-12-12 15:15:00,-3407.23
2025-12-12 15:30:00,-3406.59
2025-12-12 15:45:00,-3408.86
2025-12-12 16:00:00,-3649.97
2025-12-12 16:15:00,-3659.42
2025-12-12 16:30:00,-3657.81
2025-12-12 16:45:00,-3656.22
2025-12-12 17:00:00,-3819.63
2025-12-12 17:15:00,-3821.49
2025-12-12 17:30:00,-3810.41
2025-12-12 17:45:00,-3837.08
2025-12-12 18:00:00,-3878.59
2025-12-12 18:15:00,-3881.29
2025-12-12 18:30:00,-3870.0
2025-12-12 18:45:00,-3894.18
2025-12-12 19:00:00,-3811.43
2025-12-12 19:15:00,-3837.21
2025-12-12 19:30:00,-3842.74
2025-12-12 19:45:00,-3856.16
2025-12-12 20:00:00,-4167.04
2025-12-12 20:15:00,-4178.15
