datetime,residual_demand
2025-06-15 20:00:00,-1166.72
2025-06-15 21:00:00,-594.66
2025-06-15 22:00:00,82.07000000000005
2025-06-15 23:00:00,122.95000000000005
2025-06-16 00:00:00,47.460000000000036
2025-06-16 01:00:00,3.169999999999959
2025-06-16 02:00:00,-454.57000000000005
2025-06-16 03:00:00,-872.72
2025-06-16 04:00:00,-699.69
2025-06-16 05:00:00,-410.03
2025-06-16 06:00:00,-646.5
2025-06-16 07:00:00,-1088.5
2025-06-16 08:00:00,-1543.8899999999999
2025-06-16 09:00:00,-1669.77
2025-06-16 10:00:00,-1737.1799999999998
2025-06-16 11:00:00,-1601.1399999999999
2025-06-16 12:00:00,-1344.06
2025-06-16 13:00:00,-1781.9099999999999
2025-06-16 14:00:00,-1677.94
2025-06-16 15:00:00,-1228.4299999999998
2025-06-16 16:00:00,-5986.76
2025-06-16 17:00:00,-3326.19
2025-06-16 18:00:00,-1777.6100000000001
2025-06-16 19:00:00,-2600.5299999999997
2025-06-16 20:00:00,-3523.61
2025-06-16 21:00:00,-3086.32
2025-06-16 22:00:00,-3037.33
2025-06-16 23:00:00,-3510.11
2025-06-17 00:00:00,-3666.89
2025-06-17 01:00:00,-3407.7799999999997
2025-06-17 02:00:00,-3952.87
2025-06-17 03:00:00,-4237.4400000000005
2025-06-17 04:00:00,-3697.65
2025-06-17 05:00:00,-3828.61
2025-06-17 06:00:00,-4057.09
2025-06-17 07:00:00,-6537.84
2025-06-17 08:00:00,-6991.38
2025-06-17 09:00:00,-6999.57
2025-06-17 10:00:00,-6656.43
2025-06-17 11:00:00,-6622.67
2025-06-17 12:00:00,-6207.57
2025-06-17 13:00:00,-5421.53
2025-06-17 14:00:00,-4471.26
2025-06-17 15:00:00,-3472.85
2025-06-17 16:00:00,-2918.42
2025-06-17 17:00:00,-1782.22
2025-06-17 18:00:00,-1282.13
2025-06-17 19:00:00,-1871.87
2025-06-17 20:00:00,-2646.58
2025-06-17 21:00:00,-1944.67
2025-06-17 22:00:00,-1804.52
2025-06-17 23:00:00,-2456.75
2025-06-18 00:00:00,-2526.68
2025-06-18 01:00:00,-3020.84
2025-06-18 02:00:00,-2913.63
2025-06-18 03:00:00,-3040.82
2025-06-18 04:00:00,-2303.9700000000003
2025-06-18 05:00:00,-2897.76
2025-06-18 06:00:00,-2842.86
2025-06-18 07:00:00,-3435.64
2025-06-18 08:00:00,-4150.88
2025-06-18 09:00:00,-3899.79
2025-06-18 10:00:00,-3827.43
2025-06-18 11:00:00,-4977.82
2025-06-18 12:00:00,-4755.07
2025-06-18 13:00:00,-5717.6
2025-06-18 14:00:00,-4918.17
2025-06-18 15:00:00,-5768.3
2025-06-18 16:00:00,-4683.79
2025-06-18 17:00:00,-4663.16
2025-06-18 18:00:00,-4856.14
2025-06-18 19:00:00,-4390.66
2025-06-18 20:00:00,-3990.89
2025-06-18 21:00:00,-3648.91
2025-06-18 22:00:00,-3358.35
2025-06-18 23:00:00,-2932.12
2025-06-19 00:00:00,-2432.12
2025-06-19 01:00:00,-2386.37
2025-06-19 02:00:00,-2154.85
2025-06-19 03:00:00,-1469.06
2025-06-19 04:00:00,-702.27
2025-06-19 05:00:00,-797.34
2025-06-19 06:00:00,-1158.45
2025-06-19 07:00:00,-3049.96
2025-06-19 08:00:00,-2690.0
2025-06-19 09:00:00,-3773.18
2025-06-19 10:00:00,-3312.27
2025-06-19 11:00:00,-4024.34
2025-06-19 12:00:00,-4826.03
2025-06-19 13:00:00,-5348.6900000000005
2025-06-19 14:00:00,-6921.68
2025-06-19 15:00:00,-7581.72
2025-06-19 16:00:00,-7565.2
2025-06-19 17:00:00,-7514.1900000000005
2025-06-19 18:00:00,-6936.9400000000005
2025-06-19 19:00:00,-6833.68
2025-06-19 20:00:00,-7690.12
2025-06-19 21:00:00,-7368.0
2025-06-19 22:00:00,-7465.34
2025-06-19 23:00:00,-7879.98
2025-06-20 00:00:00,-8813.65
2025-06-20 01:00:00,-9393.48
2025-06-20 02:00:00,-9374.85
2025-06-20 03:00:00,-9834.66
2025-06-20 04:00:00,-9197.71
2025-06-20 05:00:00,-8987.98
2025-06-20 06:00:00,-8386.54
2025-06-20 07:00:00,-7922.01
2025-06-20 08:00:00,-7712.0
2025-06-20 09:00:00,-7845.89
2025-06-20 10:00:00,-8471.9
2025-06-20 11:00:00,-7935.8099999999995
2025-06-20 12:00:00,-7791.24
2025-06-20 13:00:00,-7135.74
2025-06-20 14:00:00,-6673.18
2025-06-20 15:00:00,-6122.12
2025-06-20 16:00:00,-5498.96
2025-06-20 17:00:00,-5016.29
2025-06-20 18:00:00,-5455.45
2025-06-20 19:00:00,-4822.11
2025-06-20 20:00:00,-4264.83
2025-06-20 21:00:00,-3947.93
2025-06-20 22:00:00,-3719.51
2025-06-20 23:00:00,-3476.89
2025-06-21 00:00:00,-2892.49
2025-06-21 01:00:00,-2825.92
2025-06-21 02:00:00,-2464.21
2025-06-21 03:00:00,-2310.17
2025-06-21 04:00:00,-1710.95
2025-06-21 05:00:00,-1275.9299999999998
2025-06-21 06:00:00,-1900.1399999999999
2025-06-21 07:00:00,-2647.5299999999997
2025-06-21 08:00:00,-3114.27
2025-06-21 09:00:00,-4320.89
2025-06-21 10:00:00,-4943.27
2025-06-21 11:00:00,-5757.86
2025-06-21 12:00:00,-6187.21
2025-06-21 13:00:00,-5876.5
2025-06-21 14:00:00,-5168.08
2025-06-21 15:00:00,-4460.23
2025-06-21 16:00:00,-4194.89
2025-06-21 17:00:00,-4252.4
2025-06-21 18:00:00,-3252.07
2025-06-21 19:00:00,-2365.18
2025-06-21 20:00:00,-2937.23
2025-06-21 21:00:00,-2720.82
2025-06-21 22:00:00,-3144.48
2025-06-21 23:00:00,-3796.24
2025-06-22 00:00:00,-5195.25
2025-06-22 01:00:00,-6476.58
2025-06-22 02:00:00,-5937.4400000000005
2025-06-22 03:00:00,-6081.6
2025-06-22 04:00:00,-6438.03
2025-06-22 05:00:00,-7177.14
2025-06-22 06:00:00,-6240.51
2025-06-22 07:00:00,-6756.99
2025-06-22 08:00:00,-6768.42
2025-06-22 09:00:00,-7824.23
2025-06-22 10:00:00,-7531.59
2025-06-22 11:00:00,-6837.65
2025-06-22 12:00:00,-6125.14
2025-06-22 13:00:00,-5581.72
2025-06-22 14:00:00,-4896.37
2025-06-22 15:00:00,-4617.28
2025-06-22 16:00:00,-4124.33
2025-06-22 17:00:00,-2649.5
2025-06-22 18:00:00,-2411.82
2025-06-22 19:00:00,-1770.62
2025-06-22 20:00:00,-958.83
2025-06-22 21:00:00,-178.27999999999997
2025-06-22 22:00:00,260.51
2025-06-22 23:00:00,152.55999999999995
2025-06-23 00:00:00,-288.04999999999995
2025-06-23 01:00:00,-728.62
2025-06-23 02:00:00,-1574.65
2025-06-23 03:00:00,-1936.58
2025-06-23 04:00:00,-1805.13
2025-06-23 05:00:00,-1847.94
2025-06-23 06:00:00,-1925.02
2025-06-23 07:00:00,-2639.71
2025-06-23 08:00:00,-3107.0299999999997
2025-06-23 09:00:00,-4095.93
2025-06-23 10:00:00,-5162.85
2025-06-23 11:00:00,-5394.62
2025-06-23 12:00:00,-4358.05
2025-06-23 13:00:00,-4731.1900000000005
2025-06-23 14:00:00,-5565.09
2025-06-23 15:00:00,-5386.87
2025-06-23 16:00:00,-5277.84
2025-06-23 17:00:00,-5594.74
2025-06-23 18:00:00,-5392.53
2025-06-23 19:00:00,-4940.8
2025-06-23 20:00:00,-4811.51
2025-06-23 21:00:00,-4387.03
2025-06-23 22:00:00,-4113.36
2025-06-23 23:00:00,-3983.54
2025-06-24 00:00:00,-3875.25
2025-06-24 01:00:00,-3802.57
2025-06-24 02:00:00,-4562.84
2025-06-24 03:00:00,-5552.15
2025-06-24 04:00:00,-5357.25
2025-06-24 05:00:00,-5149.82
2025-06-24 06:00:00,-5348.47
2025-06-24 07:00:00,-6447.01
2025-06-24 08:00:00,-6818.95
2025-06-24 09:00:00,-7892.63
2025-06-24 10:00:00,-6114.61
2025-06-24 11:00:00,-6045.6900000000005
2025-06-24 12:00:00,-6598.17
2025-06-24 13:00:00,-7140.24
2025-06-24 14:00:00,-5780.12
2025-06-24 15:00:00,-6958.54
2025-06-24 16:00:00,-6488.36
2025-06-24 17:00:00,-6493.45
2025-06-24 18:00:00,-6539.63
2025-06-24 19:00:00,-6182.59
2025-06-24 20:00:00,-6818.99
2025-06-24 21:00:00,-6393.4
2025-06-24 22:00:00,-6580.93
2025-06-24 23:00:00,-6751.5
2025-06-25 00:00:00,-6613.56
2025-06-25 01:00:00,-6502.23
2025-06-25 02:00:00,-6298.73
2025-06-25 03:00:00,-5541.4400000000005
2025-06-25 04:00:00,-5561.9
2025-06-25 05:00:00,-4763.15
2025-06-25 06:00:00,-6940.35
2025-06-25 07:00:00,-6318.59
2025-06-25 08:00:00,-5911.2
2025-06-25 09:00:00,-5767.58
2025-06-25 10:00:00,-4983.8099999999995
2025-06-25 11:00:00,-4310.1
2025-06-25 12:00:00,-4948.15
2025-06-25 13:00:00,-3726.0
2025-06-25 14:00:00,-4318.41
2025-06-25 15:00:00,-4404.77
2025-06-25 16:00:00,-4083.11
2025-06-25 17:00:00,-4626.72
2025-06-25 18:00:00,-4168.41
2025-06-25 19:00:00,-4545.05
2025-06-25 20:00:00,-5297.13
2025-06-25 21:00:00,-5815.39
2025-06-25 22:00:00,-5893.42
2025-06-25 23:00:00,-5915.62
2025-06-26 00:00:00,-5893.54
2025-06-26 01:00:00,-5820.53
2025-06-26 02:00:00,-5411.42
2025-06-26 03:00:00,-5207.91
2025-06-26 04:00:00,-4295.1
2025-06-26 05:00:00,-4459.64
2025-06-26 06:00:00,-4279.6900000000005
2025-06-26 07:00:00,-3655.2
2025-06-26 08:00:00,-3151.5
2025-06-26 09:00:00,-2946.71
2025-06-26 10:00:00,-3545.0299999999997
2025-06-26 11:00:00,-3473.5299999999997
2025-06-26 12:00:00,-3117.62
2025-06-26 13:00:00,-2422.66
2025-06-26 14:00:00,-1804.2
2025-06-26 15:00:00,-1530.44
2025-06-26 16:00:00,-1305.1100000000001
2025-06-26 17:00:00,-1065.1799999999998
2025-06-26 18:00:00,288.44000000000005
2025-06-26 19:00:00,666.97
2025-06-26 20:00:00,257.26
2025-06-26 21:00:00,-479.77
2025-06-26 22:00:00,-784.77
2025-06-26 23:00:00,-714.51
2025-06-27 00:00:00,-674.67
2025-06-27 01:00:00,-395.17999999999995
2025-06-27 02:00:00,-706.28
2025-06-27 03:00:00,-1434.3400000000001
2025-06-27 04:00:00,-1323.4299999999998
2025-06-27 05:00:00,-1348.13
2025-06-27 06:00:00,-1696.79
2025-06-27 07:00:00,-2376.81
2025-06-27 08:00:00,-2490.95
2025-06-27 09:00:00,-2655.67
2025-06-27 10:00:00,-3369.2200000000003
2025-06-27 11:00:00,-2937.77
2025-06-27 12:00:00,-3276.21
2025-06-27 13:00:00,-4246.98
2025-06-27 14:00:00,-4006.57
2025-06-27 15:00:00,-4219.67
2025-06-27 16:00:00,-4716.4400000000005
2025-06-27 17:00:00,-3000.46
2025-06-27 18:00:00,-3602.64
2025-06-27 19:00:00,-3177.87
2025-06-27 20:00:00,-3207.91
2025-06-27 21:00:00,-3150.74
2025-06-27 22:00:00,-3129.46
2025-06-27 23:00:00,-3660.96
2025-06-28 00:00:00,-3920.87
2025-06-28 01:00:00,-4241.62
2025-06-28 02:00:00,-4932.82
2025-06-28 03:00:00,-5816.23
2025-06-28 04:00:00,-5567.79
2025-06-28 05:00:00,-5970.79
2025-06-28 06:00:00,-6414.1900000000005
2025-06-28 07:00:00,-6810.5599999999995
2025-06-28 08:00:00,-6297.64
2025-06-28 09:00:00,-7006.2
2025-06-28 10:00:00,-6280.12
2025-06-28 11:00:00,-5850.08
2025-06-28 12:00:00,-5673.8099999999995
2025-06-28 13:00:00,-4390.62
2025-06-28 14:00:00,-3280.42
2025-06-28 15:00:00,-1900.6100000000001
2025-06-28 16:00:00,-642.2
2025-06-28 17:00:00,-92.57000000000005
2025-06-28 18:00:00,-1107.79
2025-06-28 19:00:00,-2958.49
2025-06-28 20:00:00,-2493.11
2025-06-28 21:00:00,-2915.06
2025-06-28 22:00:00,-2835.42
2025-06-28 23:00:00,-3094.5
2025-06-29 00:00:00,-3046.17
2025-06-29 01:00:00,-3479.9
2025-06-29 02:00:00,-3691.8
2025-06-29 03:00:00,-3771.73
2025-06-29 04:00:00,-4581.07
2025-06-29 05:00:00,-5102.42
2025-06-29 06:00:00,-4968.75
2025-06-29 07:00:00,-6028.3
2025-06-29 08:00:00,-7086.3099999999995
2025-06-29 09:00:00,-8740.59
2025-06-29 10:00:00,-8537.75
2025-06-29 11:00:00,-8348.48
2025-06-29 12:00:00,-8733.16
2025-06-29 13:00:00,-8185.82
2025-06-29 14:00:00,-7207.34
2025-06-29 15:00:00,-6547.92
2025-06-29 16:00:00,-4849.26
2025-06-29 17:00:00,-4781.41
2025-06-29 18:00:00,-4702.39
2025-06-29 19:00:00,-4612.67
2025-06-29 20:00:00,-4981.6
2025-06-29 21:00:00,-5557.37
2025-06-29 22:00:00,-5479.2
2025-06-29 23:00:00,-5770.03
2025-06-30 00:00:00,-6083.3099999999995
2025-06-30 01:00:00,-6636.6
2025-06-30 02:00:00,-6195.78
2025-06-30 03:00:00,-6315.08
2025-06-30 04:00:00,-6140.28
2025-06-30 05:00:00,-6893.83
2025-06-30 06:00:00,-7940.25
2025-06-30 07:00:00,-8365.3
2025-06-30 08:00:00,-9177.43
2025-06-30 09:00:00,-9365.93
2025-06-30 10:00:00,-9497.5
2025-06-30 11:00:00,-8642.25
2025-06-30 12:00:00,-8927.82
2025-06-30 13:00:00,-8974.52
2025-06-30 14:00:00,-8970.22
2025-06-30 15:00:00,-8669.12
2025-06-30 16:00:00,-7890.72
2025-06-30 17:00:00,-6889.4
2025-06-30 18:00:00,-6820.3099999999995
2025-06-30 19:00:00,-6227.77
2025-06-30 20:00:00,-5948.9400000000005
2025-06-30 21:00:00,-6202.4400000000005
2025-06-30 22:00:00,-6035.73
2025-06-30 23:00:00,-5694.91
2025-07-01 00:00:00,-5081.97
2025-07-01 01:00:00,-5433.91
2025-07-01 02:00:00,-5206.6900000000005
2025-07-01 03:00:00,-4853.05
2025-07-01 04:00:00,-4439.0599999999995
2025-07-01 05:00:00,-5143.87
2025-07-01 06:00:00,-5382.34
2025-07-01 07:00:00,-5320.58
2025-07-01 08:00:00,-5747.51
2025-07-01 09:00:00,-5773.51
2025-07-01 10:00:00,-5609.15
2025-07-01 11:00:00,-5534.96
2025-07-01 12:00:00,-5442.8099999999995
2025-07-01 13:00:00,-5121.96
2025-07-01 14:00:00,-4687.09
2025-07-01 15:00:00,-4328.84
2025-07-01 16:00:00,-3667.93
2025-07-01 17:00:00,-2670.79
2025-07-01 18:00:00,-2889.71
2025-07-01 19:00:00,-2027.55
2025-07-01 20:00:00,-1498.74
2025-07-01 21:00:00,-1637.38
2025-07-01 22:00:00,-1707.33
2025-07-01 23:00:00,-2028.8600000000001
2025-07-02 00:00:00,-2287.64
2025-07-02 01:00:00,-2031.19
2025-07-02 02:00:00,-1659.85
2025-07-02 03:00:00,-1476.95
2025-07-02 04:00:00,-1340.1799999999998
2025-07-02 05:00:00,-955.77
2025-07-02 06:00:00,-921.43
2025-07-02 07:00:00,-674.77
2025-07-02 08:00:00,-754.67
2025-07-02 09:00:00,-822.17
2025-07-02 10:00:00,-1304.87
2025-07-02 11:00:00,-1638.48
2025-07-02 12:00:00,-1962.9299999999998
2025-07-02 13:00:00,-2302.25
2025-07-02 14:00:00,-2294.34
2025-07-02 15:00:00,-1795.03
2025-07-02 16:00:00,-1049.96
2025-07-02 17:00:00,-623.0
2025-07-02 18:00:00,73.22000000000003
2025-07-02 19:00:00,120.36000000000001
2025-07-02 20:00:00,-193.84000000000003
2025-07-02 21:00:00,-428.35
2025-07-02 22:00:00,-55.39999999999998
2025-07-02 23:00:00,-678.08
2025-07-03 00:00:00,-1203.23
2025-07-03 01:00:00,-1456.92
2025-07-03 02:00:00,-1852.45
2025-07-03 03:00:00,-2250.1
2025-07-03 04:00:00,-2563.36
2025-07-03 05:00:00,-2087.49
2025-07-03 06:00:00,-2374.39
2025-07-03 07:00:00,-2728.9
2025-07-03 08:00:00,-2907.54
2025-07-03 09:00:00,-3317.46
2025-07-03 10:00:00,-4399.45
2025-07-03 11:00:00,-5489.83
2025-07-03 12:00:00,-5724.22
2025-07-03 13:00:00,-5638.14
2025-07-03 14:00:00,-5885.03
2025-07-03 15:00:00,-6157.79
2025-07-03 16:00:00,-5914.76
2025-07-03 17:00:00,-5129.26
2025-07-03 18:00:00,-4130.01
2025-07-03 19:00:00,-4118.65
2025-07-03 20:00:00,-4411.93
2025-07-03 21:00:00,-4786.54
2025-07-03 22:00:00,-4982.95
2025-07-03 23:00:00,-4920.0
2025-07-04 00:00:00,-5414.77
2025-07-04 01:00:00,-5104.5599999999995
2025-07-04 02:00:00,-4729.62
2025-07-04 03:00:00,-5090.67
2025-07-04 04:00:00,-5190.74
2025-07-04 05:00:00,-4560.35
2025-07-04 06:00:00,-4215.6
2025-07-04 07:00:00,-4517.66
2025-07-04 08:00:00,-4507.45
2025-07-04 09:00:00,-4719.72
2025-07-04 10:00:00,-4533.9400000000005
2025-07-04 11:00:00,-3893.07
2025-07-04 12:00:00,-3425.33
2025-07-04 13:00:00,-2881.58
2025-07-04 14:00:00,-2510.7799999999997
2025-07-04 15:00:00,-2123.36
2025-07-04 16:00:00,-1684.31
2025-07-04 17:00:00,-1050.69
2025-07-04 18:00:00,-792.18
2025-07-04 19:00:00,-147.19000000000005
2025-07-04 20:00:00,-223.29999999999995
2025-07-04 21:00:00,-2573.57
2025-07-04 22:00:00,-2552.11
2025-07-04 23:00:00,-1943.98
2025-07-05 00:00:00,-2201.61
2025-07-05 01:00:00,-2591.79
2025-07-05 02:00:00,-2681.85
2025-07-05 03:00:00,-2335.45
2025-07-05 04:00:00,-2239.34
2025-07-05 05:00:00,-2482.44
2025-07-05 06:00:00,-2575.52
2025-07-05 07:00:00,-3430.69
2025-07-05 08:00:00,-3708.55
2025-07-05 09:00:00,-5224.2
2025-07-05 10:00:00,-3750.79
2025-07-05 11:00:00,-4261.27
2025-07-05 12:00:00,-4762.82
2025-07-05 13:00:00,-3762.14
2025-07-05 14:00:00,-3410.59
2025-07-05 15:00:00,-2661.45
2025-07-05 16:00:00,-3517.67
2025-07-05 17:00:00,-3665.96
2025-07-05 18:00:00,-3354.34
2025-07-05 19:00:00,-3331.54
2025-07-05 20:00:00,-4465.46
2025-07-05 21:00:00,-4677.05
2025-07-05 22:00:00,-4653.58
2025-07-05 23:00:00,-4733.85
2025-07-06 00:00:00,-4687.91
2025-07-06 01:00:00,-4161.1900000000005
2025-07-06 02:00:00,-3660.55
2025-07-06 03:00:00,-4077.33
2025-07-06 04:00:00,-3062.2200000000003
2025-07-06 05:00:00,-3139.27
2025-07-06 06:00:00,-2893.29
2025-07-06 07:00:00,-3723.24
2025-07-06 08:00:00,-4640.82
2025-07-06 09:00:00,-5288.8099999999995
2025-07-06 10:00:00,-4443.05
2025-07-06 11:00:00,-4486.87
2025-07-06 12:00:00,-4894.77
2025-07-06 13:00:00,-3032.95
2025-07-06 14:00:00,-1298.6599999999999
2025-07-06 15:00:00,-3081.18
2025-07-06 16:00:00,-3172.12
2025-07-06 17:00:00,-2326.7
2025-07-06 18:00:00,-1520.21
2025-07-06 19:00:00,-601.98
2025-07-06 20:00:00,-1817.9
2025-07-06 21:00:00,-2332.51
2025-07-06 22:00:00,-2465.82
2025-07-06 23:00:00,-1796.4
2025-07-07 00:00:00,-1956.1
2025-07-07 01:00:00,-2480.01
2025-07-07 02:00:00,-1709.78
2025-07-07 03:00:00,-1483.9
2025-07-07 04:00:00,-2139.98
2025-07-07 05:00:00,-1714.46
2025-07-07 06:00:00,-1321.58
2025-07-07 07:00:00,-1346.5
2025-07-07 08:00:00,-1737.6599999999999
2025-07-07 09:00:00,-2248.77
2025-07-07 10:00:00,-2531.88
2025-07-07 11:00:00,-2669.55
2025-07-07 12:00:00,-2250.85
2025-07-07 13:00:00,-2294.93
2025-07-07 14:00:00,-3056.52
2025-07-07 15:00:00,-2928.15
2025-07-07 16:00:00,-1941.3899999999999
2025-07-07 17:00:00,-3229.14
2025-07-07 18:00:00,-3871.81
2025-07-07 19:00:00,-3238.17
2025-07-07 20:00:00,-2946.54
2025-07-07 21:00:00,-2992.75
2025-07-07 22:00:00,-3058.25
2025-07-07 23:00:00,-2751.2799999999997
2025-07-08 00:00:00,-2701.95
2025-07-08 01:00:00,-1748.38
2025-07-08 02:00:00,-1218.28
2025-07-08 03:00:00,-1706.22
2025-07-08 04:00:00,-1844.13
2025-07-08 05:00:00,-2926.36
2025-07-08 06:00:00,-3149.16
2025-07-08 07:00:00,-2941.49
2025-07-08 08:00:00,-2975.76
2025-07-08 09:00:00,-2967.7799999999997
2025-07-08 10:00:00,-2788.61
2025-07-08 11:00:00,-2642.88
2025-07-08 12:00:00,-2500.9
2025-07-08 13:00:00,-3200.54
2025-07-08 14:00:00,-3110.79
2025-07-08 15:00:00,-2115.27
2025-07-08 16:00:00,-1627.6100000000001
2025-07-08 17:00:00,-1802.15
2025-07-08 18:00:00,-2091.73
2025-07-08 19:00:00,-1595.8
2025-07-08 20:00:00,-756.92
2025-07-08 21:00:00,-775.0
2025-07-08 22:00:00,-637.14
2025-07-08 23:00:00,-1525.8899999999999
2025-07-09 00:00:00,-1447.5
2025-07-09 01:00:00,-1727.9299999999998
2025-07-09 02:00:00,-1920.85
2025-07-09 03:00:00,-1572.81
2025-07-09 04:00:00,-1221.95
2025-07-09 05:00:00,-1376.1799999999998
2025-07-09 06:00:00,-1895.1100000000001
2025-07-09 07:00:00,-2486.32
2025-07-09 08:00:00,-2695.65
2025-07-09 09:00:00,-2903.66
2025-07-09 10:00:00,-3012.7
2025-07-09 11:00:00,-2804.79
2025-07-09 12:00:00,-2612.5
2025-07-09 13:00:00,-2957.19
2025-07-09 14:00:00,-3186.4
2025-07-09 15:00:00,-2773.27
2025-07-09 16:00:00,-3227.4
2025-07-09 17:00:00,-3377.94
2025-07-09 18:00:00,-3682.69
2025-07-09 19:00:00,-3431.96
2025-07-09 20:00:00,-3389.59
2025-07-09 21:00:00,-3492.09
2025-07-09 22:00:00,-4009.39
2025-07-09 23:00:00,-4303.61
2025-07-10 00:00:00,-4585.76
2025-07-10 01:00:00,-4744.24
2025-07-10 02:00:00,-4729.99
2025-07-10 03:00:00,-4780.36
2025-07-10 04:00:00,-4874.99
2025-07-10 05:00:00,-4924.8
2025-07-10 06:00:00,-5340.58
2025-07-10 07:00:00,-5902.76
2025-07-10 08:00:00,-6160.63
2025-07-10 09:00:00,-6149.53
2025-07-10 10:00:00,-6382.9400000000005
2025-07-10 11:00:00,-5998.53
2025-07-10 12:00:00,-4896.65
2025-07-10 13:00:00,-4197.39
2025-07-10 14:00:00,-4792.07
2025-07-10 15:00:00,-3850.82
2025-07-10 16:00:00,-3856.43
2025-07-10 17:00:00,-3943.75
2025-07-10 18:00:00,-4301.08
2025-07-10 19:00:00,-4208.22
2025-07-10 20:00:00,-5283.0
2025-07-10 21:00:00,-5087.42
2025-07-10 22:00:00,-4222.79
2025-07-10 23:00:00,-3916.58
2025-07-11 00:00:00,-3923.07
2025-07-11 01:00:00,-2793.44
2025-07-11 02:00:00,-3498.9700000000003
2025-07-11 03:00:00,-4293.32
2025-07-11 04:00:00,-4240.49
2025-07-11 05:00:00,-4076.83
2025-07-11 06:00:00,-3823.06
2025-07-11 07:00:00,-3713.8
2025-07-11 08:00:00,-3150.09
2025-07-11 09:00:00,-2942.32
2025-07-11 10:00:00,-3627.77
2025-07-11 11:00:00,-4554.17
2025-07-11 12:00:00,-5180.4400000000005
2025-07-11 13:00:00,-5258.39
2025-07-11 14:00:00,-3821.7799999999997
2025-07-11 15:00:00,-3245.74
2025-07-11 16:00:00,-2621.4
2025-07-11 17:00:00,-523.21
2025-07-11 18:00:00,-1992.1799999999998
2025-07-11 19:00:00,-1551.85
2025-07-11 20:00:00,-2186.24
2025-07-11 21:00:00,-3432.62
2025-07-11 22:00:00,-3204.6
2025-07-11 23:00:00,-2814.62
2025-07-12 00:00:00,-2441.93
2025-07-12 01:00:00,-2580.81
2025-07-12 02:00:00,-2256.69
2025-07-12 03:00:00,-2028.51
2025-07-12 04:00:00,-1749.9299999999998
2025-07-12 05:00:00,-2012.87
2025-07-12 06:00:00,-2295.77
2025-07-12 07:00:00,-3294.99
2025-07-12 08:00:00,-3875.59
2025-07-12 09:00:00,-3773.65
2025-07-12 10:00:00,-3587.89
2025-07-12 11:00:00,-3544.98
2025-07-12 12:00:00,-3212.63
2025-07-12 13:00:00,-3466.83
2025-07-12 14:00:00,-3201.52
2025-07-12 15:00:00,-2095.63
2025-07-12 16:00:00,-972.34
2025-07-12 17:00:00,-484.92999999999995
2025-07-12 18:00:00,-305.76
2025-07-12 19:00:00,-630.86
2025-07-12 20:00:00,-852.72
2025-07-12 21:00:00,-907.78
2025-07-12 22:00:00,-1156.27
2025-07-12 23:00:00,-1418.97
2025-07-13 00:00:00,-1518.8
2025-07-13 01:00:00,-995.48
2025-07-13 02:00:00,-789.22
2025-07-13 03:00:00,-993.05
2025-07-13 04:00:00,-1068.83
2025-07-13 05:00:00,-536.19
2025-07-13 06:00:00,-247.60000000000002
2025-07-13 07:00:00,345.75
2025-07-13 08:00:00,-1074.45
2025-07-13 09:00:00,-2175.92
2025-07-13 10:00:00,-2566.68
2025-07-13 11:00:00,-1868.62
2025-07-13 12:00:00,-823.93
2025-07-13 13:00:00,-746.69
2025-07-13 14:00:00,-1710.52
2025-07-13 15:00:00,-1639.33
2025-07-13 16:00:00,-1943.99
2025-07-13 17:00:00,-1472.13
2025-07-13 18:00:00,-1089.24
2025-07-13 19:00:00,-1092.8400000000001
2025-07-13 20:00:00,-1089.22
2025-07-13 21:00:00,-1004.63
2025-07-13 22:00:00,-120.05999999999995
2025-07-13 23:00:00,-19.799999999999955
2025-07-14 00:00:00,-143.24
2025-07-14 01:00:00,-401.07000000000005
2025-07-14 02:00:00,-384.38
2025-07-14 03:00:00,-682.36
2025-07-14 04:00:00,-466.12
2025-07-14 05:00:00,-262.5
2025-07-14 06:00:00,-109.28999999999996
2025-07-14 07:00:00,-586.66
2025-07-14 08:00:00,-600.61
2025-07-14 09:00:00,109.79999999999995
2025-07-14 10:00:00,-646.22
2025-07-14 11:00:00,-1166.99
2025-07-14 12:00:00,-1223.6799999999998
2025-07-14 13:00:00,-1816.97
2025-07-14 14:00:00,-1811.2
2025-07-14 15:00:00,-1653.97
2025-07-14 16:00:00,-2156.21
2025-07-14 17:00:00,-2189.57
2025-07-14 18:00:00,-2608.83
2025-07-14 19:00:00,-1957.81
2025-07-14 20:00:00,-1489.46
2025-07-14 21:00:00,-1684.98
2025-07-14 22:00:00,-951.4
2025-07-14 23:00:00,-521.88
2025-07-15 00:00:00,-1255.95
2025-07-15 01:00:00,-779.79
2025-07-15 02:00:00,-230.34000000000003
2025-07-15 03:00:00,-589.62
2025-07-15 04:00:00,-563.57
2025-07-15 05:00:00,-246.44000000000005
2025-07-15 06:00:00,-608.55
2025-07-15 07:00:00,-1138.24
2025-07-15 08:00:00,-1909.65
2025-07-15 09:00:00,-2389.43
2025-07-15 10:00:00,-2564.12
2025-07-15 11:00:00,-2305.46
2025-07-15 12:00:00,-2415.79
2025-07-15 13:00:00,-2827.07
2025-07-15 14:00:00,-2522.36
2025-07-15 15:00:00,-2742.77
2025-07-15 16:00:00,-2630.36
2025-07-15 17:00:00,-1086.8200000000002
2025-07-15 18:00:00,-798.85
2025-07-15 19:00:00,-1154.5900000000001
2025-07-15 20:00:00,-1439.4
2025-07-15 21:00:00,-1238.87
2025-07-15 22:00:00,-1637.7
2025-07-15 23:00:00,-908.11
2025-07-16 00:00:00,-707.52
2025-07-16 01:00:00,-1637.88
2025-07-16 02:00:00,92.61000000000001
2025-07-16 03:00:00,154.86
2025-07-16 04:00:00,173.46000000000004
2025-07-16 05:00:00,-148.12
2025-07-16 06:00:00,369.34000000000003
2025-07-16 07:00:00,-474.4
2025-07-16 08:00:00,-680.64
2025-07-16 09:00:00,-562.49
2025-07-16 10:00:00,-587.36
2025-07-16 11:00:00,-577.0
2025-07-16 12:00:00,540.0
2025-07-16 13:00:00,-1197.75
2025-07-16 14:00:00,-1779.31
2025-07-16 15:00:00,-1255.6100000000001
2025-07-16 16:00:00,-993.87
2025-07-16 17:00:00,-710.9
2025-07-16 18:00:00,-1228.69
2025-07-16 19:00:00,-1436.47
2025-07-16 20:00:00,-1428.4299999999998
2025-07-16 21:00:00,-1579.9099999999999
2025-07-16 22:00:00,-1755.3600000000001
2025-07-16 23:00:00,-1689.06
2025-07-17 00:00:00,-1700.53
2025-07-17 01:00:00,-1398.25
2025-07-17 02:00:00,-1581.05
2025-07-17 03:00:00,-1630.3200000000002
2025-07-17 04:00:00,-1175.38
2025-07-17 05:00:00,-364.65
2025-07-17 06:00:00,-154.33000000000004
2025-07-17 07:00:00,-223.15999999999997
2025-07-17 08:00:00,-576.27
2025-07-17 09:00:00,-460.44000000000005
2025-07-17 10:00:00,-146.71000000000004
2025-07-17 11:00:00,-437.67999999999995
2025-07-17 12:00:00,-1832.42
2025-07-17 13:00:00,-1905.9
2025-07-17 14:00:00,-1846.85
2025-07-17 15:00:00,-262.88
2025-07-17 16:00:00,-467.04999999999995
2025-07-17 17:00:00,-402.74
2025-07-17 18:00:00,165.99
2025-07-17 19:00:00,-142.98000000000002
2025-07-17 20:00:00,-276.62
2025-07-17 21:00:00,-259.63
2025-07-17 22:00:00,-655.66
2025-07-17 23:00:00,-812.45
2025-07-18 00:00:00,-823.39
2025-07-18 01:00:00,-1940.1599999999999
2025-07-18 02:00:00,-1900.99
2025-07-18 03:00:00,-1600.17
2025-07-18 04:00:00,-731.11
2025-07-18 05:00:00,-425.27
2025-07-18 06:00:00,-744.58
2025-07-18 07:00:00,-738.2
2025-07-18 08:00:00,-939.59
2025-07-18 09:00:00,-1892.5900000000001
2025-07-18 10:00:00,-2372.36
2025-07-18 11:00:00,-2281.92
2025-07-18 12:00:00,-2506.89
2025-07-18 13:00:00,-2240.5299999999997
2025-07-18 14:00:00,-2032.79
2025-07-18 15:00:00,-1355.58
2025-07-18 16:00:00,-1357.94
2025-07-18 17:00:00,-1153.76
2025-07-18 18:00:00,-1823.56
2025-07-18 19:00:00,-2321.15
2025-07-18 20:00:00,-2412.44
2025-07-18 21:00:00,-2215.74
2025-07-18 22:00:00,-2250.63
2025-07-18 23:00:00,-2183.77
2025-07-19 00:00:00,-2084.77
2025-07-19 01:00:00,-1767.5
2025-07-19 02:00:00,-2046.52
2025-07-19 03:00:00,-2177.18
2025-07-19 04:00:00,-1715.6399999999999
2025-07-19 05:00:00,-1914.9099999999999
2025-07-19 06:00:00,-1718.6799999999998
2025-07-19 07:00:00,-1416.6399999999999
2025-07-19 08:00:00,-1303.3600000000001
2025-07-19 09:00:00,-2356.11
2025-07-19 10:00:00,-3042.69
2025-07-19 11:00:00,-3472.1
2025-07-19 12:00:00,-1954.99
2025-07-19 13:00:00,-1656.2
2025-07-19 14:00:00,-2031.56
2025-07-19 15:00:00,-2122.54
2025-07-19 16:00:00,-2930.0
2025-07-19 17:00:00,-2107.45
2025-07-19 18:00:00,-2116.09
2025-07-19 19:00:00,-2333.35
2025-07-19 20:00:00,-2629.89
2025-07-19 21:00:00,-2811.37
2025-07-19 22:00:00,-2633.58
2025-07-19 23:00:00,-2616.57
2025-07-20 00:00:00,-2502.63
2025-07-20 01:00:00,-2303.05
2025-07-20 02:00:00,-2616.4
2025-07-20 03:00:00,-2687.98
2025-07-20 04:00:00,-2469.01
2025-07-20 05:00:00,-2750.26
2025-07-20 06:00:00,-1932.5700000000002
2025-07-20 07:00:00,-2246.93
2025-07-20 08:00:00,-2063.6
2025-07-20 09:00:00,-1738.97
2025-07-20 10:00:00,-1633.55
2025-07-20 11:00:00,-2745.95
2025-07-20 12:00:00,-3581.2200000000003
2025-07-20 13:00:00,-2676.94
2025-07-20 14:00:00,-2954.7200000000003
2025-07-20 15:00:00,-1922.23
2025-07-20 16:00:00,-623.91
2025-07-20 17:00:00,-1818.51
2025-07-20 18:00:00,-2066.18
2025-07-20 19:00:00,-1745.6100000000001
2025-07-20 20:00:00,-1706.38
2025-07-20 21:00:00,-2076.95
2025-07-20 22:00:00,-1994.78
2025-07-20 23:00:00,-1833.3
2025-07-21 00:00:00,-1513.25
2025-07-21 01:00:00,-1812.87
2025-07-21 02:00:00,-2222.36
2025-07-21 03:00:00,-2193.42
2025-07-21 04:00:00,-2323.49
2025-07-21 05:00:00,-2070.4700000000003
2025-07-21 06:00:00,-1918.31
2025-07-21 07:00:00,-1693.67
2025-07-21 08:00:00,-1315.8600000000001
2025-07-21 09:00:00,-778.53
2025-07-21 10:00:00,-1040.75
2025-07-21 11:00:00,-2248.43
2025-07-21 12:00:00,-2212.66
2025-07-21 13:00:00,-2447.18
2025-07-21 14:00:00,-2913.61
2025-07-21 15:00:00,-2445.87
2025-07-21 16:00:00,-2107.98
2025-07-21 17:00:00,-1660.19
2025-07-21 18:00:00,-995.45
2025-07-21 19:00:00,-771.99
2025-07-21 20:00:00,-1273.08
2025-07-21 21:00:00,-363.90999999999997
2025-07-21 22:00:00,-614.1
2025-07-21 23:00:00,-1417.8
2025-07-22 00:00:00,-1400.0
2025-07-22 01:00:00,-1406.27
2025-07-22 02:00:00,-1578.97
2025-07-22 03:00:00,-1630.1100000000001
2025-07-22 04:00:00,-1926.0900000000001
2025-07-22 05:00:00,-1679.6399999999999
2025-07-22 06:00:00,-1269.94
2025-07-22 07:00:00,-1588.52
2025-07-22 08:00:00,-1952.5900000000001
2025-07-22 09:00:00,-2002.49
2025-07-22 10:00:00,-1988.15
2025-07-22 11:00:00,-1422.4
2025-07-22 12:00:00,-956.37
2025-07-22 13:00:00,-1852.63
2025-07-22 14:00:00,-2114.89
2025-07-22 15:00:00,-1716.3400000000001
2025-07-22 16:00:00,-2240.13
2025-07-22 17:00:00,-2156.54
2025-07-22 18:00:00,-1559.27
2025-07-22 19:00:00,-1484.79
2025-07-22 20:00:00,-1473.55
2025-07-22 21:00:00,-1208.85
2025-07-22 22:00:00,-1444.27
2025-07-22 23:00:00,-1498.27
2025-07-23 00:00:00,-1632.2
2025-07-23 01:00:00,-1668.97
2025-07-23 02:00:00,-1454.46
2025-07-23 03:00:00,-1505.87
2025-07-23 04:00:00,-1168.6
2025-07-23 05:00:00,-945.87
2025-07-23 06:00:00,-516.79
2025-07-23 07:00:00,-231.82000000000005
2025-07-23 08:00:00,-568.25
2025-07-23 09:00:00,-867.34
2025-07-23 10:00:00,-326.87
2025-07-23 11:00:00,294.78
2025-07-23 12:00:00,163.54999999999995
2025-07-23 13:00:00,-1317.53
2025-07-23 14:00:00,-250.23000000000002
2025-07-23 15:00:00,223.15999999999997
2025-07-23 16:00:00,-366.05999999999995
2025-07-23 17:00:00,-1325.69
2025-07-23 18:00:00,-643.01
2025-07-23 19:00:00,11.970000000000027
2025-07-23 20:00:00,-595.66
2025-07-23 21:00:00,-1536.95
2025-07-23 22:00:00,-1572.38
2025-07-23 23:00:00,-1953.81
2025-07-24 00:00:00,-2083.68
2025-07-24 01:00:00,-2024.79
2025-07-24 02:00:00,-1716.6599999999999
2025-07-24 03:00:00,-1047.1
2025-07-24 04:00:00,-1345.53
2025-07-24 05:00:00,-485.55999999999995
2025-07-24 06:00:00,-1107.9
2025-07-24 07:00:00,-1306.01
2025-07-24 08:00:00,-1353.1399999999999
2025-07-24 09:00:00,-964.31
2025-07-24 10:00:00,-690.49
2025-07-24 11:00:00,-943.63
2025-07-24 12:00:00,-1382.01
2025-07-24 13:00:00,-716.68
2025-07-24 14:00:00,-1053.99
2025-07-24 15:00:00,-1353.21
2025-07-24 16:00:00,-1412.5900000000001
2025-07-24 17:00:00,-929.11
2025-07-24 18:00:00,-1074.85
2025-07-24 19:00:00,-1276.5900000000001
2025-07-24 20:00:00,-788.62
2025-07-24 21:00:00,-865.77
2025-07-24 22:00:00,-546.14
2025-07-24 23:00:00,-422.28
2025-07-25 00:00:00,-518.45
2025-07-25 01:00:00,-758.72
2025-07-25 02:00:00,-575.96
2025-07-25 03:00:00,-760.94
2025-07-25 04:00:00,-309.27
2025-07-25 05:00:00,193.51
2025-07-25 06:00:00,242.37
2025-07-25 07:00:00,340.61
2025-07-25 08:00:00,260.53999999999996
2025-07-25 09:00:00,-93.27999999999997
2025-07-25 10:00:00,-599.78
2025-07-25 11:00:00,-2755.52
2025-07-25 12:00:00,-111.52999999999997
2025-07-25 13:00:00,-561.12
2025-07-25 14:00:00,-69.0
2025-07-25 15:00:00,-477.16999999999996
2025-07-25 16:00:00,-1030.2
2025-07-25 17:00:00,319.82000000000005
2025-07-25 18:00:00,-109.75
2025-07-25 19:00:00,393.13
2025-07-25 20:00:00,-16.370000000000005
2025-07-25 21:00:00,-235.19000000000005
2025-07-25 22:00:00,207.14
2025-07-25 23:00:00,485.11
2025-07-26 00:00:00,408.40999999999997
2025-07-26 01:00:00,432.5
2025-07-26 02:00:00,-628.98
2025-07-26 03:00:00,-639.5
2025-07-26 04:00:00,-262.30999999999995
2025-07-26 05:00:00,-932.75
2025-07-26 06:00:00,-1024.12
2025-07-26 07:00:00,-898.54
2025-07-26 08:00:00,-1260.26
2025-07-26 09:00:00,-1040.3200000000002
2025-07-26 10:00:00,-1030.35
2025-07-26 11:00:00,-1106.3400000000001
2025-07-26 12:00:00,-764.99
2025-07-26 13:00:00,-1221.99
2025-07-26 14:00:00,-1478.23
2025-07-26 15:00:00,-1520.21
2025-07-26 16:00:00,-676.33
2025-07-26 17:00:00,190.61
2025-07-26 18:00:00,17.269999999999982
2025-07-26 19:00:00,194.26999999999998
2025-07-26 20:00:00,577.69
2025-07-26 21:00:00,493.28999999999996
2025-07-26 22:00:00,102.59000000000003
2025-07-26 23:00:00,377.70000000000005
2025-07-27 00:00:00,-150.61
2025-07-27 01:00:00,-189.79999999999995
2025-07-27 02:00:00,-475.22
2025-07-27 03:00:00,-1002.16
2025-07-27 04:00:00,-365.0
2025-07-27 05:00:00,-78.66999999999996
2025-07-27 06:00:00,-588.07
2025-07-27 07:00:00,-618.77
2025-07-27 08:00:00,-212.99
2025-07-27 09:00:00,59.27999999999997
2025-07-27 10:00:00,-164.34000000000003
2025-07-27 11:00:00,-216.23000000000002
2025-07-27 12:00:00,-2055.95
2025-07-27 13:00:00,-1109.45
2025-07-27 14:00:00,-1159.38
2025-07-27 15:00:00,-963.85
2025-07-27 16:00:00,-1132.65
2025-07-27 17:00:00,-616.27
2025-07-27 18:00:00,-839.69
2025-07-27 19:00:00,-897.3
2025-07-27 20:00:00,-1099.47
2025-07-27 21:00:00,-1226.35
2025-07-27 22:00:00,-1029.8600000000001
2025-07-27 23:00:00,-1265.83
2025-07-28 00:00:00,-1277.03
2025-07-28 01:00:00,-1399.53
2025-07-28 02:00:00,-1662.46
2025-07-28 03:00:00,-1804.67
2025-07-28 04:00:00,-1580.4299999999998
2025-07-28 05:00:00,-1254.65
2025-07-28 06:00:00,-1506.05
2025-07-28 07:00:00,-1710.1399999999999
2025-07-28 08:00:00,-1958.08
2025-07-28 09:00:00,-2310.54
2025-07-28 10:00:00,-2684.93
2025-07-28 11:00:00,-3326.46
2025-07-28 12:00:00,-4311.96
2025-07-28 13:00:00,-3416.27
2025-07-28 14:00:00,-3949.65
2025-07-28 15:00:00,-4202.63
2025-07-28 16:00:00,-3243.0299999999997
2025-07-28 17:00:00,-4279.7
2025-07-28 18:00:00,-5058.1900000000005
2025-07-28 19:00:00,-5042.54
2025-07-28 20:00:00,-4307.09
2025-07-28 21:00:00,-4206.91
2025-07-28 22:00:00,-4151.5
2025-07-28 23:00:00,-3927.76
2025-07-29 00:00:00,-4035.31
2025-07-29 01:00:00,-4369.4400000000005
2025-07-29 02:00:00,-4155.71
2025-07-29 03:00:00,-4256.43
2025-07-29 04:00:00,-3970.65
2025-07-29 05:00:00,-3701.9
2025-07-29 06:00:00,-5225.71
2025-07-29 07:00:00,-3039.25
2025-07-29 08:00:00,-4028.88
2025-07-29 09:00:00,-5270.4400000000005
2025-07-29 10:00:00,-4934.0
2025-07-29 11:00:00,-4841.3099999999995
2025-07-29 12:00:00,-4646.86
2025-07-29 13:00:00,-3327.15
2025-07-29 14:00:00,-2955.67
2025-07-29 15:00:00,-3336.77
2025-07-29 16:00:00,-2292.98
2025-07-29 17:00:00,-1567.42
2025-07-29 18:00:00,-1719.92
2025-07-29 19:00:00,-1003.42
2025-07-29 20:00:00,-252.90999999999997
2025-07-29 21:00:00,-786.93
2025-07-29 22:00:00,-975.38
2025-07-29 23:00:00,-1271.1599999999999
2025-07-30 00:00:00,-1399.6100000000001
2025-07-30 01:00:00,-1547.3200000000002
2025-07-30 02:00:00,-1125.54
2025-07-30 03:00:00,-1443.23
2025-07-30 04:00:00,-633.96
2025-07-30 05:00:00,-360.33000000000004
2025-07-30 06:00:00,-1039.06
2025-07-30 07:00:00,-1007.36
2025-07-30 08:00:00,-1461.8200000000002
2025-07-30 09:00:00,-3118.24
2025-07-30 10:00:00,-1353.47
2025-07-30 11:00:00,-1732.81
2025-07-30 12:00:00,-762.94
2025-07-30 13:00:00,-1799.06
2025-07-30 14:00:00,-1991.76
2025-07-30 15:00:00,-2319.05
2025-07-30 16:00:00,-3199.67
2025-07-30 17:00:00,-2751.68
2025-07-30 18:00:00,-2290.06
2025-07-30 19:00:00,-2211.14
2025-07-30 20:00:00,-1564.5700000000002
2025-07-30 21:00:00,-555.67
2025-07-30 22:00:00,274.11
2025-07-30 23:00:00,-858.12
2025-07-31 00:00:00,-2011.08
2025-07-31 01:00:00,-2280.65
2025-07-31 02:00:00,-2217.71
2025-07-31 03:00:00,-2091.39
2025-07-31 04:00:00,-2296.01
2025-07-31 05:00:00,-1860.5700000000002
2025-07-31 06:00:00,-1990.47
2025-07-31 07:00:00,-2388.8
2025-07-31 08:00:00,-2345.4
2025-07-31 09:00:00,-2226.29
2025-07-31 10:00:00,-1804.04
2025-07-31 11:00:00,-1766.4299999999998
2025-07-31 12:00:00,-1492.95
2025-07-31 13:00:00,-2075.51
2025-07-31 14:00:00,-2619.58
2025-07-31 15:00:00,-1700.04
2025-07-31 16:00:00,-1443.98
2025-07-31 17:00:00,-1301.46
2025-07-31 18:00:00,-2022.81
2025-07-31 19:00:00,-2572.85
2025-07-31 20:00:00,-2880.46
2025-07-31 21:00:00,-3282.75
2025-07-31 22:00:00,-2985.31
2025-07-31 23:00:00,-3427.88
2025-08-01 00:00:00,-3680.96
2025-08-01 01:00:00,-4067.25
2025-08-01 02:00:00,-4055.56
2025-08-01 03:00:00,-3740.99
2025-08-01 04:00:00,-3616.65
2025-08-01 05:00:00,-3580.5
2025-08-01 06:00:00,-3434.08
2025-08-01 07:00:00,-3167.46
2025-08-01 08:00:00,-2783.13
2025-08-01 09:00:00,-3086.57
2025-08-01 10:00:00,-2390.45
2025-08-01 11:00:00,-2322.83
2025-08-01 12:00:00,-2171.44
2025-08-01 13:00:00,-1244.12
2025-08-01 14:00:00,-1275.6399999999999
2025-08-01 15:00:00,-1068.95
2025-08-01 16:00:00,-412.27
2025-08-01 17:00:00,-124.70000000000005
2025-08-01 18:00:00,660.27
2025-08-01 19:00:00,-36.75
2025-08-01 20:00:00,-579.89
2025-08-01 21:00:00,-593.48
2025-08-01 22:00:00,-936.04
2025-08-01 23:00:00,-895.09
2025-08-02 00:00:00,-1054.33
2025-08-02 01:00:00,-1992.1
2025-08-02 02:00:00,-2006.3200000000002
2025-08-02 03:00:00,-2015.3
2025-08-02 04:00:00,-2148.38
2025-08-02 05:00:00,-1609.42
2025-08-02 06:00:00,-1928.42
2025-08-02 07:00:00,-2356.9
2025-08-02 08:00:00,-3152.33
2025-08-02 09:00:00,-3591.76
2025-08-02 10:00:00,-3551.75
2025-08-02 11:00:00,-3286.13
2025-08-02 12:00:00,-3064.3
2025-08-02 13:00:00,-3873.18
2025-08-02 14:00:00,-1973.3200000000002
2025-08-02 15:00:00,-1670.13
2025-08-02 16:00:00,-1579.62
2025-08-02 17:00:00,-831.76
2025-08-02 18:00:00,-1340.85
2025-08-02 19:00:00,-1346.9
2025-08-02 20:00:00,-1011.46
2025-08-02 21:00:00,-887.89
2025-08-02 22:00:00,-924.21
2025-08-02 23:00:00,-1304.2
2025-08-03 00:00:00,-1587.05
2025-08-03 01:00:00,-959.6
2025-08-03 02:00:00,-1158.63
2025-08-03 03:00:00,-1289.73
2025-08-03 04:00:00,-1820.2
2025-08-03 05:00:00,-1064.13
2025-08-03 06:00:00,-1069.6100000000001
2025-08-03 07:00:00,-1335.52
2025-08-03 08:00:00,-1722.81
2025-08-03 09:00:00,-2282.8
2025-08-03 10:00:00,-2667.91
2025-08-03 11:00:00,-3066.45
2025-08-03 12:00:00,-3314.61
2025-08-03 13:00:00,-2385.54
2025-08-03 14:00:00,-2479.26
2025-08-03 15:00:00,-2336.95
2025-08-03 16:00:00,-2431.69
2025-08-03 17:00:00,-1867.7
2025-08-03 18:00:00,-2047.08
2025-08-03 19:00:00,-2764.1
2025-08-03 20:00:00,-3251.76
2025-08-03 21:00:00,-3035.09
2025-08-03 22:00:00,-3345.8
2025-08-03 23:00:00,-3474.7200000000003
2025-08-04 00:00:00,-3048.76
2025-08-04 01:00:00,-2806.11
2025-08-04 02:00:00,-2591.12
2025-08-04 03:00:00,-2548.51
2025-08-04 04:00:00,-2236.56
2025-08-04 05:00:00,-2149.83
2025-08-04 06:00:00,-2457.87
2025-08-04 07:00:00,-2478.52
2025-08-04 08:00:00,-2645.05
2025-08-04 09:00:00,-3500.9700000000003
2025-08-04 10:00:00,-2868.98
2025-08-04 11:00:00,-2468.89
2025-08-04 12:00:00,-3306.62
2025-08-04 13:00:00,-2140.67
2025-08-04 14:00:00,-2715.88
2025-08-04 15:00:00,-1596.31
2025-08-04 16:00:00,-1668.94
2025-08-04 17:00:00,-505.35
2025-08-04 18:00:00,-1285.8200000000002
2025-08-04 19:00:00,-967.23
2025-08-04 20:00:00,-1077.56
2025-08-04 21:00:00,-1779.5900000000001
2025-08-04 22:00:00,-1852.46
2025-08-04 23:00:00,-1754.54
2025-08-05 00:00:00,-1580.28
2025-08-05 01:00:00,-1967.67
2025-08-05 02:00:00,-2172.63
2025-08-05 03:00:00,-2702.5299999999997
2025-08-05 04:00:00,-2296.52
2025-08-05 05:00:00,-2583.92
2025-08-05 06:00:00,-3127.48
2025-08-05 07:00:00,-3404.36
2025-08-05 08:00:00,-3447.52
2025-08-05 09:00:00,-3535.46
2025-08-05 10:00:00,-3681.88
2025-08-05 11:00:00,-4120.46
2025-08-05 12:00:00,-3681.33
2025-08-05 13:00:00,-5302.4
2025-08-05 14:00:00,-5165.91
2025-08-05 15:00:00,-4628.32
2025-08-05 16:00:00,-3224.27
2025-08-05 17:00:00,-3307.92
2025-08-05 18:00:00,-3357.73
2025-08-05 19:00:00,-3118.74
2025-08-05 20:00:00,-2962.7799999999997
2025-08-05 21:00:00,-2852.54
2025-08-05 22:00:00,-2371.3
2025-08-05 23:00:00,-2599.69
2025-08-06 00:00:00,-2827.62
2025-08-06 01:00:00,-3152.19
2025-08-06 02:00:00,-3144.9700000000003
2025-08-06 03:00:00,-3157.0
2025-08-06 04:00:00,-3032.59
2025-08-06 05:00:00,-2633.96
2025-08-06 06:00:00,-3078.36
2025-08-06 07:00:00,-3642.98
2025-08-06 08:00:00,-3858.17
2025-08-06 09:00:00,-4316.12
2025-08-06 10:00:00,-4374.41
2025-08-06 11:00:00,-4097.89
2025-08-06 12:00:00,-5476.98
2025-08-06 13:00:00,-3869.6
2025-08-06 14:00:00,-4892.72
2025-08-06 15:00:00,-4996.61
2025-08-06 16:00:00,-4790.68
2025-08-06 17:00:00,-4074.12
2025-08-06 18:00:00,-3914.36
2025-08-06 19:00:00,-3552.04
2025-08-06 20:00:00,-3985.71
2025-08-06 21:00:00,-3911.3
2025-08-06 22:00:00,-3434.32
2025-08-06 23:00:00,-3397.89
2025-08-07 00:00:00,-3737.42
2025-08-07 01:00:00,-3497.07
2025-08-07 02:00:00,-3726.92
2025-08-07 03:00:00,-3720.21
2025-08-07 04:00:00,-3858.26
2025-08-07 05:00:00,-3078.66
2025-08-07 06:00:00,-4154.83
2025-08-07 07:00:00,-4321.0
2025-08-07 08:00:00,-3356.07
2025-08-07 09:00:00,-3788.11
2025-08-07 10:00:00,-3689.98
2025-08-07 11:00:00,-4034.24
2025-08-07 12:00:00,-3609.2200000000003
2025-08-07 13:00:00,-4048.11
2025-08-07 14:00:00,-4177.1
2025-08-07 15:00:00,-4060.96
2025-08-07 16:00:00,-2898.96
2025-08-07 17:00:00,-2363.38
2025-08-07 18:00:00,-2037.8600000000001
2025-08-07 19:00:00,-2008.03
2025-08-07 20:00:00,-2066.93
2025-08-07 21:00:00,-2288.15
2025-08-07 22:00:00,-2319.32
2025-08-07 23:00:00,-2434.56
2025-08-08 00:00:00,-2233.31
2025-08-08 01:00:00,-2200.01
2025-08-08 02:00:00,-2102.57
2025-08-08 03:00:00,-2090.84
2025-08-08 04:00:00,-1826.8
2025-08-08 05:00:00,-2009.79
2025-08-08 06:00:00,-2487.51
2025-08-08 07:00:00,-1149.25
2025-08-08 08:00:00,-2632.41
2025-08-08 09:00:00,-2742.25
2025-08-08 10:00:00,-2644.69
2025-08-08 11:00:00,-2699.08
2025-08-08 12:00:00,-2858.15
2025-08-08 13:00:00,-2840.61
2025-08-08 14:00:00,-3798.84
2025-08-08 15:00:00,-673.04
2025-08-08 16:00:00,-27.75999999999999
2025-08-08 17:00:00,-1002.08
2025-08-08 18:00:00,-641.14
2025-08-08 19:00:00,-875.45
2025-08-08 20:00:00,-789.43
2025-08-08 21:00:00,-1061.2
2025-08-08 22:00:00,-1072.79
2025-08-08 23:00:00,-946.89
2025-08-09 00:00:00,-872.8
2025-08-09 01:00:00,-482.34000000000003
2025-08-09 02:00:00,-639.62
2025-08-09 03:00:00,-1161.83
2025-08-09 04:00:00,-1289.3400000000001
2025-08-09 05:00:00,-1179.4
2025-08-09 06:00:00,-1290.17
2025-08-09 07:00:00,-1590.8600000000001
2025-08-09 08:00:00,-1940.8600000000001
2025-08-09 09:00:00,-1965.37
2025-08-09 10:00:00,-2109.11
2025-08-09 11:00:00,-2135.86
2025-08-09 12:00:00,-2110.59
2025-08-09 13:00:00,-1720.44
2025-08-09 14:00:00,-1340.47
2025-08-09 15:00:00,-1354.44
2025-08-09 16:00:00,-1273.01
2025-08-09 17:00:00,-1521.74
2025-08-09 18:00:00,-610.03
2025-08-09 19:00:00,-994.85
2025-08-09 20:00:00,-1562.33
2025-08-09 21:00:00,-1893.5900000000001
2025-08-09 22:00:00,-1845.04
2025-08-09 23:00:00,-1863.12
2025-08-10 00:00:00,-2325.09
2025-08-10 01:00:00,-2176.84
2025-08-10 02:00:00,-1916.73
2025-08-10 03:00:00,-1755.76
2025-08-10 04:00:00,-1858.3400000000001
2025-08-10 05:00:00,-1451.75
2025-08-10 06:00:00,-889.64
2025-08-10 07:00:00,-1246.0
2025-08-10 08:00:00,-1494.15
2025-08-10 09:00:00,-1502.5900000000001
2025-08-10 10:00:00,-2021.81
2025-08-10 11:00:00,-947.77
2025-08-10 12:00:00,-1537.69
2025-08-10 13:00:00,-2504.4
2025-08-10 14:00:00,-3256.4700000000003
2025-08-10 15:00:00,-2614.2
2025-08-10 16:00:00,-2776.07
2025-08-10 17:00:00,-3350.56
2025-08-10 18:00:00,-3445.38
2025-08-10 19:00:00,-3449.51
2025-08-10 20:00:00,-3289.27
2025-08-10 21:00:00,-3704.2200000000003
2025-08-10 22:00:00,-3382.61
2025-08-10 23:00:00,-2984.27
2025-08-11 00:00:00,-2965.18
2025-08-11 01:00:00,-3016.27
2025-08-11 02:00:00,-2943.05
2025-08-11 03:00:00,-3047.46
2025-08-11 04:00:00,-3054.7
2025-08-11 05:00:00,-2976.34
2025-08-11 06:00:00,-3541.42
2025-08-11 07:00:00,-3872.84
2025-08-11 08:00:00,-4116.76
2025-08-11 09:00:00,-4833.5599999999995
2025-08-11 10:00:00,-5144.26
2025-08-11 11:00:00,-4801.25
2025-08-11 12:00:00,-4340.83
2025-08-11 13:00:00,-3614.19
2025-08-11 14:00:00,-3132.94
2025-08-11 15:00:00,-2009.72
2025-08-11 16:00:00,-1236.48
2025-08-11 17:00:00,-1681.4099999999999
2025-08-11 18:00:00,-1058.35
2025-08-11 19:00:00,-1552.12
2025-08-11 20:00:00,-2491.66
2025-08-11 21:00:00,-2347.55
2025-08-11 22:00:00,-2443.96
2025-08-11 23:00:00,-2404.9
2025-08-12 00:00:00,-2149.06
2025-08-12 01:00:00,-2030.97
2025-08-12 02:00:00,-2166.2799999999997
2025-08-12 03:00:00,-2093.79
2025-08-12 04:00:00,-1802.48
2025-08-12 05:00:00,-1541.4
2025-08-12 06:00:00,-1632.26
2025-08-12 07:00:00,-1749.78
2025-08-12 08:00:00,-2387.67
2025-08-12 09:00:00,-3282.6
2025-08-12 10:00:00,-3298.27
2025-08-12 11:00:00,-3319.3
2025-08-12 12:00:00,-1707.96
2025-08-12 13:00:00,-2221.69
2025-08-12 14:00:00,-1969.6599999999999
2025-08-12 15:00:00,-2014.4099999999999
2025-08-12 16:00:00,-1593.7
2025-08-12 17:00:00,-942.37
2025-08-12 18:00:00,-542.39
2025-08-12 19:00:00,-229.66999999999996
2025-08-12 20:00:00,-496.94000000000005
2025-08-12 21:00:00,-570.2
2025-08-12 22:00:00,-884.59
2025-08-12 23:00:00,-872.77
2025-08-13 00:00:00,-1212.15
2025-08-13 01:00:00,-1625.56
2025-08-13 02:00:00,-1310.74
2025-08-13 03:00:00,-938.82
2025-08-13 04:00:00,-1007.65
2025-08-13 05:00:00,-750.21
2025-08-13 06:00:00,-783.23
2025-08-13 07:00:00,-450.21000000000004
2025-08-13 08:00:00,-461.37
2025-08-13 09:00:00,-796.22
2025-08-13 10:00:00,-924.88
2025-08-13 11:00:00,-1627.37
2025-08-13 12:00:00,-1808.03
2025-08-13 13:00:00,-1461.4099999999999
2025-08-13 14:00:00,-518.57
2025-08-13 15:00:00,-268.30999999999995
2025-08-13 16:00:00,-315.82000000000005
2025-08-13 17:00:00,-1062.26
2025-08-13 18:00:00,-1557.72
2025-08-13 19:00:00,-1276.28
2025-08-13 20:00:00,-938.69
2025-08-13 21:00:00,-620.75
2025-08-13 22:00:00,-607.78
2025-08-13 23:00:00,-658.32
2025-08-14 00:00:00,-668.95
2025-08-14 01:00:00,-754.52
2025-08-14 02:00:00,-828.17
2025-08-14 03:00:00,-880.75
2025-08-14 04:00:00,-1155.52
2025-08-14 05:00:00,-718.76
2025-08-14 06:00:00,-724.06
2025-08-14 07:00:00,-816.3
2025-08-14 08:00:00,-822.48
2025-08-14 09:00:00,-606.18
2025-08-14 10:00:00,-277.44000000000005
2025-08-14 11:00:00,36.23000000000002
2025-08-14 12:00:00,464.08000000000004
2025-08-14 13:00:00,236.23000000000002
2025-08-14 14:00:00,183.32000000000005
2025-08-14 15:00:00,326.32000000000005
2025-08-14 16:00:00,-493.87
2025-08-14 17:00:00,-1327.23
2025-08-14 18:00:00,-1610.4299999999998
2025-08-14 19:00:00,-1669.45
2025-08-14 20:00:00,-1057.8899999999999
2025-08-14 21:00:00,-1545.0700000000002
2025-08-14 22:00:00,-1927.0
2025-08-14 23:00:00,-2102.01
2025-08-15 00:00:00,-2205.5299999999997
2025-08-15 01:00:00,-2141.32
2025-08-15 02:00:00,-2273.9700000000003
2025-08-15 03:00:00,-2291.73
2025-08-15 04:00:00,-2336.09
2025-08-15 05:00:00,-1802.37
2025-08-15 06:00:00,-1791.05
2025-08-15 07:00:00,-1912.6100000000001
2025-08-15 08:00:00,-2161.76
2025-08-15 09:00:00,-2705.39
2025-08-15 10:00:00,-3631.54
2025-08-15 11:00:00,-4208.65
2025-08-15 12:00:00,-4577.63
2025-08-15 13:00:00,-4723.15
2025-08-15 14:00:00,-4616.26
2025-08-15 15:00:00,-4194.4
2025-08-15 16:00:00,-4457.24
2025-08-15 17:00:00,-3431.29
2025-08-15 18:00:00,-3864.48
2025-08-15 19:00:00,-3842.56
2025-08-15 20:00:00,-4097.73
2025-08-15 21:00:00,-4279.96
2025-08-15 22:00:00,-4233.55
2025-08-15 23:00:00,-5819.51
2025-08-16 00:00:00,-5350.97
2025-08-16 01:00:00,-4695.41
2025-08-16 02:00:00,-3795.37
2025-08-16 03:00:00,-3448.87
2025-08-16 04:00:00,-4153.29
2025-08-16 05:00:00,-5876.25
2025-08-16 06:00:00,-5701.53
2025-08-16 07:00:00,-5774.43
2025-08-16 08:00:00,-5511.4
2025-08-16 09:00:00,-5607.18
2025-08-16 10:00:00,-6033.53
2025-08-16 11:00:00,-5959.14
2025-08-16 12:00:00,-5892.3
2025-08-16 13:00:00,-4753.21
2025-08-16 14:00:00,-4402.32
2025-08-16 15:00:00,-5027.41
2025-08-16 16:00:00,-5248.64
2025-08-16 17:00:00,-4945.11
2025-08-16 18:00:00,-4710.89
2025-08-16 19:00:00,-4824.4
2025-08-16 20:00:00,-4432.5
2025-08-16 21:00:00,-4488.24
2025-08-16 22:00:00,-4586.04
2025-08-16 23:00:00,-5472.0599999999995
2025-08-17 00:00:00,-5303.6900000000005
2025-08-17 01:00:00,-5546.64
2025-08-17 02:00:00,-5301.18
2025-08-17 03:00:00,-4959.83
2025-08-17 04:00:00,-5080.9400000000005
2025-08-17 05:00:00,-5441.91
2025-08-17 06:00:00,-6098.01
2025-08-17 07:00:00,-6634.5
2025-08-17 08:00:00,-5741.13
2025-08-17 09:00:00,-5564.9
2025-08-17 10:00:00,-5070.75
2025-08-17 11:00:00,-4332.02
2025-08-17 12:00:00,-4541.34
2025-08-17 13:00:00,-5289.55
2025-08-17 14:00:00,-5565.34
2025-08-17 15:00:00,-5584.58
2025-08-17 16:00:00,-4544.85
2025-08-17 17:00:00,-4161.9
2025-08-17 18:00:00,-3582.32
2025-08-17 19:00:00,-2686.19
2025-08-17 20:00:00,-1766.35
2025-08-17 21:00:00,-861.37
2025-08-17 22:00:00,152.01
2025-08-17 23:00:00,-170.12
2025-08-18 00:00:00,-452.40999999999997
2025-08-18 01:00:00,-2064.06
2025-08-18 02:00:00,-1918.56
2025-08-18 03:00:00,-1551.28
2025-08-18 04:00:00,-2017.37
2025-08-18 05:00:00,-1820.71
2025-08-18 06:00:00,-2762.9700000000003
2025-08-18 07:00:00,-4006.23
2025-08-18 08:00:00,-4752.68
2025-08-18 09:00:00,-5002.26
2025-08-18 10:00:00,-4603.2
2025-08-18 11:00:00,-4332.34
2025-08-18 12:00:00,-4300.18
2025-08-18 13:00:00,-3871.82
2025-08-18 14:00:00,-2766.79
2025-08-18 15:00:00,-2836.94
2025-08-18 16:00:00,-2974.95
2025-08-18 17:00:00,-2421.74
2025-08-18 18:00:00,-2486.04
2025-08-18 19:00:00,-2477.1
2025-08-18 20:00:00,-2493.15
2025-08-18 21:00:00,-2809.89
2025-08-18 22:00:00,-2643.69
2025-08-18 23:00:00,-2393.64
2025-08-19 00:00:00,-2216.82
2025-08-19 01:00:00,-2152.0
2025-08-19 02:00:00,-2042.06
2025-08-19 03:00:00,-1943.1
2025-08-19 04:00:00,-1948.38
2025-08-19 05:00:00,-1609.75
2025-08-19 06:00:00,-1580.6399999999999
2025-08-19 07:00:00,-1857.8
2025-08-19 08:00:00,-1975.65
2025-08-19 09:00:00,-2350.25
2025-08-19 10:00:00,-2889.95
2025-08-19 11:00:00,-3494.57
2025-08-19 12:00:00,-3562.6
2025-08-19 13:00:00,-5333.61
2025-08-19 14:00:00,-675.66
2025-08-19 15:00:00,-1266.9299999999998
2025-08-19 16:00:00,-2716.85
2025-08-19 17:00:00,-1890.9099999999999
2025-08-19 18:00:00,-916.0
2025-08-19 19:00:00,-157.79999999999995
2025-08-19 20:00:00,-2411.74
2025-08-19 21:00:00,-1457.28
2025-08-19 22:00:00,-1697.1100000000001
2025-08-19 23:00:00,-2164.41
2025-08-20 00:00:00,-1631.63
2025-08-20 01:00:00,-2380.7799999999997
2025-08-20 02:00:00,-2417.11
2025-08-20 03:00:00,-2530.98
2025-08-20 04:00:00,-2190.05
2025-08-20 05:00:00,-2195.25
2025-08-20 06:00:00,-2413.0
2025-08-20 07:00:00,-3134.39
2025-08-20 08:00:00,-3357.25
2025-08-20 09:00:00,-3731.41
2025-08-20 10:00:00,-4191.49
2025-08-20 11:00:00,-4630.84
2025-08-20 12:00:00,-4922.03
2025-08-20 13:00:00,-4691.3
2025-08-20 14:00:00,-4610.47
2025-08-20 15:00:00,-4435.63
2025-08-20 16:00:00,-4011.06
2025-08-20 17:00:00,-3206.11
2025-08-20 18:00:00,-2466.2200000000003
2025-08-20 19:00:00,-1825.6
2025-08-20 20:00:00,-1606.13
2025-08-20 21:00:00,-1216.22
2025-08-20 22:00:00,-924.4
2025-08-20 23:00:00,-610.31
2025-08-21 00:00:00,-51.83000000000004
2025-08-21 01:00:00,-407.98
2025-08-21 02:00:00,-1014.81
2025-08-21 03:00:00,-1430.3
2025-08-21 04:00:00,-1041.8899999999999
2025-08-21 05:00:00,-872.62
2025-08-21 06:00:00,-729.4
2025-08-21 07:00:00,-849.84
2025-08-21 08:00:00,-921.41
2025-08-21 09:00:00,-962.2
2025-08-21 10:00:00,-823.25
2025-08-21 11:00:00,-766.87
2025-08-21 12:00:00,-487.73
2025-08-21 13:00:00,-579.49
2025-08-21 14:00:00,-473.96000000000004
2025-08-21 15:00:00,-759.57
2025-08-21 16:00:00,-861.57
2025-08-21 17:00:00,-442.58000000000004
2025-08-21 18:00:00,-229.23000000000002
2025-08-21 19:00:00,-170.05999999999995
2025-08-21 20:00:00,-2476.21
2025-08-21 21:00:00,-2722.82
2025-08-21 22:00:00,-2311.01
2025-08-21 23:00:00,-2568.9700000000003
2025-08-22 00:00:00,-2754.3
2025-08-22 01:00:00,-2178.06
2025-08-22 02:00:00,-2063.8
2025-08-22 03:00:00,-1550.81
2025-08-22 04:00:00,-1270.28
2025-08-22 05:00:00,-1739.54
2025-08-22 06:00:00,-1330.71
2025-08-22 07:00:00,-1305.76
2025-08-22 08:00:00,-1908.02
2025-08-22 09:00:00,-2453.75
2025-08-22 10:00:00,-3270.45
2025-08-22 11:00:00,-3356.05
2025-08-22 12:00:00,-2537.81
2025-08-22 13:00:00,-987.11
2025-08-22 14:00:00,-2900.17
2025-08-22 15:00:00,-739.13
2025-08-22 16:00:00,-1107.01
2025-08-22 17:00:00,-1119.42
2025-08-22 18:00:00,-1710.87
2025-08-22 19:00:00,-863.9
2025-08-22 20:00:00,-1031.6599999999999
2025-08-22 21:00:00,-1698.3400000000001
2025-08-22 22:00:00,-2301.4
2025-08-22 23:00:00,-1902.81
2025-08-23 00:00:00,-2332.04
2025-08-23 01:00:00,-3566.08
2025-08-23 02:00:00,-3625.44
2025-08-23 03:00:00,-3432.4700000000003
2025-08-23 04:00:00,-3122.9700000000003
2025-08-23 05:00:00,-3223.3
2025-08-23 06:00:00,-4607.53
2025-08-23 07:00:00,-4793.41
2025-08-23 08:00:00,-4297.92
2025-08-23 09:00:00,-4683.13
2025-08-23 10:00:00,-4557.49
2025-08-23 11:00:00,-4013.54
2025-08-23 12:00:00,-4631.89
2025-08-23 13:00:00,-4656.99
2025-08-23 14:00:00,-4924.3
2025-08-23 15:00:00,-4669.99
2025-08-23 16:00:00,-2635.24
2025-08-23 17:00:00,-2032.13
2025-08-23 18:00:00,-462.66999999999996
2025-08-23 19:00:00,-1586.33
2025-08-23 20:00:00,-961.37
2025-08-23 21:00:00,-828.68
2025-08-23 22:00:00,-467.57000000000005
2025-08-23 23:00:00,-670.09
2025-08-24 00:00:00,-2152.75
2025-08-24 01:00:00,-2541.45
2025-08-24 02:00:00,-3432.69
2025-08-24 03:00:00,-1957.52
2025-08-24 04:00:00,-2514.46
2025-08-24 05:00:00,-3102.33
2025-08-24 06:00:00,-2629.76
2025-08-24 07:00:00,-2723.23
2025-08-24 08:00:00,-3040.29
2025-08-24 09:00:00,-3495.92
2025-08-24 10:00:00,-3252.65
2025-08-24 11:00:00,-2841.88
2025-08-24 12:00:00,-4103.34
2025-08-24 13:00:00,-5657.16
2025-08-24 14:00:00,-4725.14
2025-08-24 15:00:00,-4844.38
2025-08-24 16:00:00,-4343.04
2025-08-24 17:00:00,-4641.55
2025-08-24 18:00:00,-4461.55
2025-08-24 19:00:00,-3586.66
2025-08-24 20:00:00,-2972.89
2025-08-24 21:00:00,-3247.08
2025-08-24 22:00:00,-3361.83
2025-08-24 23:00:00,-3716.08
2025-08-25 00:00:00,-3783.85
2025-08-25 01:00:00,-2090.93
2025-08-25 02:00:00,-2871.07
2025-08-25 03:00:00,-2104.48
2025-08-25 04:00:00,-2364.16
2025-08-25 05:00:00,-3624.5
2025-08-25 06:00:00,-3418.19
2025-08-25 07:00:00,-3685.8
2025-08-25 08:00:00,-4059.04
2025-08-25 09:00:00,-3697.7
2025-08-25 10:00:00,-4172.02
2025-08-25 11:00:00,-4536.17
2025-08-25 12:00:00,-4725.13
2025-08-25 13:00:00,-4763.5599999999995
2025-08-25 14:00:00,-4942.53
2025-08-25 15:00:00,-4618.02
2025-08-25 16:00:00,-3941.98
2025-08-25 17:00:00,-3165.65
2025-08-25 18:00:00,-2105.41
2025-08-25 19:00:00,-2184.58
2025-08-25 20:00:00,-2979.02
2025-08-25 21:00:00,-2362.2
2025-08-25 22:00:00,-1710.29
2025-08-25 23:00:00,-2353.14
2025-08-26 00:00:00,-2150.18
2025-08-26 01:00:00,-2490.35
2025-08-26 02:00:00,-2147.35
2025-08-26 03:00:00,-2044.95
2025-08-26 04:00:00,-2180.11
2025-08-26 05:00:00,-2576.29
2025-08-26 06:00:00,-2259.2799999999997
2025-08-26 07:00:00,-2057.0
2025-08-26 08:00:00,-2799.4700000000003
2025-08-26 09:00:00,-3376.56
2025-08-26 10:00:00,-1828.52
2025-08-26 11:00:00,-3417.91
2025-08-26 12:00:00,-2620.1
2025-08-26 13:00:00,-2645.68
2025-08-26 14:00:00,-3101.24
2025-08-26 15:00:00,-3230.51
2025-08-26 16:00:00,-2683.5299999999997
2025-08-26 17:00:00,-1613.8
2025-08-26 18:00:00,-1167.8899999999999
2025-08-26 19:00:00,-1153.12
2025-08-26 20:00:00,-1115.46
2025-08-26 21:00:00,-1425.5700000000002
2025-08-26 22:00:00,-1222.74
2025-08-26 23:00:00,-2021.98
2025-08-27 00:00:00,-1642.05
2025-08-27 01:00:00,-2261.55
2025-08-27 02:00:00,-2078.98
2025-08-27 03:00:00,-1981.51
2025-08-27 04:00:00,-1982.12
2025-08-27 05:00:00,-2174.94
2025-08-27 06:00:00,-1754.3400000000001
2025-08-27 07:00:00,-2158.19
2025-08-27 08:00:00,-3023.2200000000003
2025-08-27 09:00:00,-3523.8
2025-08-27 10:00:00,-3038.68
2025-08-27 11:00:00,-2424.56
2025-08-27 12:00:00,-2471.51
2025-08-27 13:00:00,-2660.11
2025-08-27 14:00:00,-2658.39
2025-08-27 15:00:00,-1821.6
2025-08-27 16:00:00,-471.64
2025-08-27 17:00:00,-423.75
2025-08-27 18:00:00,-1027.67
2025-08-27 19:00:00,-1638.3
2025-08-27 20:00:00,-1333.33
2025-08-27 21:00:00,-1008.21
2025-08-27 22:00:00,-912.82
2025-08-27 23:00:00,-1328.48
2025-08-28 00:00:00,-916.39
2025-08-28 01:00:00,-1869.42
2025-08-28 02:00:00,-1891.2
2025-08-28 03:00:00,-2146.43
2025-08-28 04:00:00,-2325.2200000000003
2025-08-28 05:00:00,-2307.7
2025-08-28 06:00:00,-2239.2799999999997
2025-08-28 07:00:00,-2255.11
2025-08-28 08:00:00,-2581.62
2025-08-28 09:00:00,-2488.18
2025-08-28 10:00:00,-2127.6
2025-08-28 11:00:00,-2355.57
2025-08-28 12:00:00,-2694.45
2025-08-28 13:00:00,-3003.34
2025-08-28 14:00:00,-3088.2799999999997
2025-08-28 15:00:00,-2655.21
2025-08-28 16:00:00,-2017.56
2025-08-28 17:00:00,-2102.61
2025-08-28 18:00:00,-2586.92
2025-08-28 19:00:00,-2639.74
2025-08-28 20:00:00,-2578.34
2025-08-28 21:00:00,-2741.2200000000003
2025-08-28 22:00:00,-2804.95
2025-08-28 23:00:00,-2976.5299999999997
2025-08-29 00:00:00,-3351.07
2025-08-29 01:00:00,-2776.06
2025-08-29 02:00:00,-4209.97
2025-08-29 03:00:00,-4332.71
2025-08-29 04:00:00,-4659.6900000000005
2025-08-29 05:00:00,-4282.65
2025-08-29 06:00:00,-3054.57
2025-08-29 07:00:00,-3373.74
2025-08-29 08:00:00,-3102.79
2025-08-29 09:00:00,-3616.3
2025-08-29 10:00:00,-3279.83
2025-08-29 11:00:00,-2559.25
2025-08-29 12:00:00,-2390.09
2025-08-29 13:00:00,-1658.46
2025-08-29 14:00:00,-3511.4
2025-08-29 15:00:00,-2811.99
2025-08-29 16:00:00,-2542.76
2025-08-29 17:00:00,-1901.26
2025-08-29 18:00:00,-1461.48
2025-08-29 19:00:00,149.12
2025-08-29 20:00:00,-176.11
2025-08-29 21:00:00,-551.9
2025-08-29 22:00:00,-651.81
2025-08-29 23:00:00,-43.549999999999955
2025-08-30 00:00:00,-2452.54
2025-08-30 01:00:00,-3141.05
2025-08-30 02:00:00,-1841.12
2025-08-30 03:00:00,-2575.74
2025-08-30 04:00:00,-2565.16
2025-08-30 05:00:00,-2513.14
2025-08-30 06:00:00,-2290.32
2025-08-30 07:00:00,-2451.57
2025-08-30 08:00:00,-2410.59
2025-08-30 09:00:00,-1690.9299999999998
2025-08-30 10:00:00,-1218.24
2025-08-30 11:00:00,-652.96
2025-08-30 12:00:00,-615.06
2025-08-30 13:00:00,-533.66
2025-08-30 14:00:00,-243.77999999999997
2025-08-30 15:00:00,575.37
2025-08-30 16:00:00,25.039999999999964
2025-08-30 17:00:00,503.51
2025-08-30 18:00:00,396.70000000000005
2025-08-30 19:00:00,-74.10000000000002
2025-08-30 20:00:00,-372.16999999999996
2025-08-30 21:00:00,-1212.15
2025-08-30 22:00:00,-675.08
2025-08-30 23:00:00,-154.74
2025-08-31 00:00:00,-194.64999999999998
2025-08-31 01:00:00,-554.11
2025-08-31 02:00:00,-154.95000000000005
2025-08-31 03:00:00,-322.30999999999995
2025-08-31 04:00:00,-173.61
2025-08-31 05:00:00,-58.0
2025-08-31 06:00:00,-112.91999999999996
2025-08-31 07:00:00,-302.62
2025-08-31 08:00:00,-904.18
2025-08-31 09:00:00,-1422.1100000000001
2025-08-31 10:00:00,-1390.1599999999999
2025-08-31 11:00:00,-1657.3899999999999
2025-08-31 12:00:00,-1490.05
2025-08-31 13:00:00,-1182.67
2025-08-31 14:00:00,-1598.4
2025-08-31 15:00:00,-1318.04
2025-08-31 16:00:00,-200.24
2025-08-31 17:00:00,-79.14999999999998
2025-08-31 18:00:00,-141.41999999999996
2025-08-31 19:00:00,-247.07000000000005
2025-08-31 20:00:00,427.67999999999995
2025-08-31 21:00:00,449.24925299999995
2025-08-31 22:00:00,357.05540199999996
2025-08-31 23:00:00,431.21355900000003
2025-09-01 00:00:00,214.20232599999997
2025-09-01 01:00:00,12.573362999999972
2025-09-01 02:00:00,349.700604
2025-09-01 03:00:00,485.04654000000005
2025-09-01 04:00:00,332.208976
2025-09-01 05:00:00,415.896337
2025-09-01 06:00:00,183.72964000000002
2025-09-01 07:00:00,179.04289700000004
2025-09-01 08:00:00,-27.054813999999965
2025-09-01 09:00:00,135.43811200000005
2025-09-01 10:00:00,-95.39987199999996
2025-09-01 11:00:00,-1065.94128
2025-09-01 12:00:00,-1703.08881
2025-09-01 13:00:00,-1482.697651
2025-09-01 14:00:00,-1375.015777
2025-09-01 15:00:00,-1165.702089
2025-09-01 16:00:00,-858.703957
2025-09-01 17:00:00,-782.421286
2025-09-01 18:00:00,-763.826483
2025-09-01 19:00:00,-812.742555
2025-09-01 20:00:00,-1227.780119
2025-09-01 21:00:00,-1116.58
2025-09-01 22:00:00,-1179.29
2025-09-01 23:00:00,-1553.98
2025-09-02 00:00:00,-1563.38
2025-09-02 01:00:00,-1618.45
2025-09-02 02:00:00,-1159.03
2025-09-02 03:00:00,-1160.5900000000001
2025-09-02 04:00:00,-1307.01
2025-09-02 05:00:00,-1533.48
2025-09-02 06:00:00,-2085.19
2025-09-02 07:00:00,-3164.05
2025-09-02 08:00:00,-4225.53
2025-09-02 09:00:00,-3916.23
2025-09-02 10:00:00,-3802.94
2025-09-02 11:00:00,-3327.85
2025-09-02 12:00:00,-3048.39
2025-09-02 13:00:00,-3334.37
2025-09-02 14:00:00,-3366.75
2025-09-02 15:00:00,-3266.26
2025-09-02 16:00:00,-2840.4
2025-09-02 17:00:00,-3027.33
2025-09-02 18:00:00,-3495.68
2025-09-02 19:00:00,-3550.7
2025-09-02 20:00:00,-3937.06
2025-09-02 21:00:00,-4030.7799999999997
2025-09-02 22:00:00,-4312.1900000000005
2025-09-02 23:00:00,-4330.43
2025-09-03 00:00:00,-4191.22
2025-09-03 01:00:00,-4244.17
2025-09-03 02:00:00,-4389.84
2025-09-03 03:00:00,-3851.38
2025-09-03 04:00:00,-3438.21
2025-09-03 05:00:00,-3053.13
2025-09-03 06:00:00,-2835.74
2025-09-03 07:00:00,-2976.42
2025-09-03 08:00:00,-3286.75
2025-09-03 09:00:00,-3264.09
2025-09-03 10:00:00,-3012.05
2025-09-03 11:00:00,-3664.46
2025-09-03 12:00:00,-2870.15
2025-09-03 13:00:00,-1147.35
2025-09-03 14:00:00,-941.33
2025-09-03 15:00:00,-407.85
2025-09-03 16:00:00,162.79999999999995
2025-09-03 17:00:00,214.76
2025-09-03 18:00:00,406.65999999999997
2025-09-03 19:00:00,-157.39999999999998
2025-09-03 20:00:00,-39.73000000000002
2025-09-03 21:00:00,-72.44000000000005
2025-09-03 22:00:00,404.54999999999995
2025-09-03 23:00:00,447.65
2025-09-04 00:00:00,500.75
2025-09-04 01:00:00,-512.34
2025-09-04 02:00:00,-480.33000000000004
2025-09-04 03:00:00,-604.45
2025-09-04 04:00:00,-69.00999999999999
2025-09-04 05:00:00,-512.31
2025-09-04 06:00:00,-437.74
2025-09-04 07:00:00,82.64999999999998
2025-09-04 08:00:00,-181.61
2025-09-04 09:00:00,-917.81
2025-09-04 10:00:00,-1382.88
2025-09-04 11:00:00,-1416.5700000000002
2025-09-04 12:00:00,-1271.6399999999999
2025-09-04 13:00:00,-1205.63
2025-09-04 14:00:00,-909.2
2025-09-04 15:00:00,51.629999999999995
2025-09-04 16:00:00,114.83000000000004
2025-09-04 17:00:00,-737.08
2025-09-04 18:00:00,-1334.6
2025-09-04 19:00:00,-1324.87
2025-09-04 20:00:00,-1413.17
2025-09-04 21:00:00,-1574.26
2025-09-04 22:00:00,-1455.96
2025-09-04 23:00:00,-1089.53
2025-09-05 00:00:00,-1041.72
2025-09-05 01:00:00,-1127.3400000000001
2025-09-05 02:00:00,-1152.6599999999999
2025-09-05 03:00:00,-1099.25
2025-09-05 04:00:00,-749.19
2025-09-05 05:00:00,-1047.42
2025-09-05 06:00:00,-631.14
2025-09-05 07:00:00,-644.92
2025-09-05 08:00:00,-1345.03
2025-09-05 09:00:00,-1586.31
2025-09-05 10:00:00,-1767.53
2025-09-05 11:00:00,-2010.74
2025-09-05 12:00:00,-1429.17
2025-09-05 13:00:00,-1283.8899999999999
2025-09-05 14:00:00,-1096.19
2025-09-05 15:00:00,-699.18
2025-09-05 16:00:00,-96.96000000000004
2025-09-05 17:00:00,-1346.77
2025-09-05 18:00:00,-2543.64
2025-09-05 19:00:00,-2351.9
2025-09-05 20:00:00,-2792.56
2025-09-05 21:00:00,-2949.83
2025-09-05 22:00:00,-2922.19
2025-09-05 23:00:00,-2735.04
2025-09-06 00:00:00,-2715.86
2025-09-06 01:00:00,-2958.05
2025-09-06 02:00:00,-2859.65
2025-09-06 03:00:00,-2636.07
2025-09-06 04:00:00,-2591.37
2025-09-06 05:00:00,-2186.61
2025-09-06 06:00:00,-2192.32
2025-09-06 07:00:00,-2104.81
2025-09-06 08:00:00,-2271.27
2025-09-06 09:00:00,-2088.83
2025-09-06 10:00:00,-2019.9
2025-09-06 11:00:00,-1800.53
2025-09-06 12:00:00,-2016.5700000000002
2025-09-06 13:00:00,-1548.2
2025-09-06 14:00:00,-1383.31
2025-09-06 15:00:00,-1250.44
2025-09-06 16:00:00,-958.25
2025-09-06 17:00:00,-1426.78
2025-09-06 18:00:00,-2001.04
2025-09-06 19:00:00,-986.98
2025-09-06 20:00:00,389.42999999999995
2025-09-06 21:00:00,427.61
2025-09-06 22:00:00,-298.01
2025-09-06 23:00:00,-522.47
2025-09-07 00:00:00,-1341.62
2025-09-07 01:00:00,489.54999999999995
2025-09-07 02:00:00,-215.34000000000003
2025-09-07 03:00:00,-2116.73
2025-09-07 04:00:00,-718.6
2025-09-07 05:00:00,-1036.27
2025-09-07 06:00:00,-1813.3400000000001
2025-09-07 07:00:00,-2072.09
2025-09-07 08:00:00,-2022.6100000000001
2025-09-07 09:00:00,-1834.7
2025-09-07 10:00:00,-807.31
2025-09-07 11:00:00,-761.62
2025-09-07 12:00:00,-575.15
2025-09-07 13:00:00,-476.91999999999996
2025-09-07 14:00:00,-980.27
2025-09-07 15:00:00,-658.18
2025-09-07 16:00:00,-158.40999999999997
2025-09-07 17:00:00,-253.84000000000003
2025-09-07 18:00:00,-866.97
2025-09-07 19:00:00,-1417.3
2025-09-07 20:00:00,-1293.05
2025-09-07 21:00:00,-1438.38
2025-09-07 22:00:00,-1774.3
2025-09-07 23:00:00,-1818.29
2025-09-08 00:00:00,-1854.2
2025-09-08 01:00:00,-2023.5
2025-09-08 02:00:00,-1990.19
2025-09-08 03:00:00,-1867.7
2025-09-08 04:00:00,-1845.45
2025-09-08 05:00:00,-1657.81
2025-09-08 06:00:00,-1382.51
2025-09-08 07:00:00,-1360.02
2025-09-08 08:00:00,-1457.65
2025-09-08 09:00:00,-1810.08
2025-09-08 10:00:00,-2575.63
2025-09-08 11:00:00,-2982.61
2025-09-08 12:00:00,-2768.56
2025-09-08 13:00:00,-2235.42
2025-09-08 14:00:00,-2411.61
2025-09-08 15:00:00,-1916.04
2025-09-08 16:00:00,-900.1
2025-09-08 17:00:00,-676.69
2025-09-08 18:00:00,-568.28
2025-09-08 19:00:00,-778.83
2025-09-08 20:00:00,-1495.6
2025-09-08 21:00:00,-1380.13
2025-09-08 22:00:00,-788.63
2025-09-08 23:00:00,-1192.17
2025-09-09 00:00:00,-1195.0700000000002
2025-09-09 01:00:00,-1247.38
2025-09-09 02:00:00,-1453.44
2025-09-09 03:00:00,-1566.99
2025-09-09 04:00:00,-1579.49
2025-09-09 05:00:00,-1079.3899999999999
2025-09-09 06:00:00,-1178.1799999999998
2025-09-09 07:00:00,-1419.94
2025-09-09 08:00:00,-1772.75
2025-09-09 09:00:00,-1931.52
2025-09-09 10:00:00,-3115.65
2025-09-09 11:00:00,-3590.7200000000003
2025-09-09 12:00:00,-2989.63
2025-09-09 13:00:00,-2688.48
2025-09-09 14:00:00,-2855.63
2025-09-09 15:00:00,-1990.31
2025-09-09 16:00:00,-1439.5
2025-09-09 17:00:00,-1604.1799999999998
2025-09-09 18:00:00,-1768.19
2025-09-09 19:00:00,-2123.27
2025-09-09 20:00:00,-2417.48
2025-09-09 21:00:00,-2693.14
2025-09-09 22:00:00,-2602.92
2025-09-09 23:00:00,-2612.37
2025-09-10 00:00:00,-2804.71
2025-09-10 01:00:00,-2830.74
2025-09-10 02:00:00,-2733.46
2025-09-10 03:00:00,-2698.4700000000003
2025-09-10 04:00:00,-2654.19
2025-09-10 05:00:00,-2242.16
2025-09-10 06:00:00,-2280.49
2025-09-10 07:00:00,-2530.36
2025-09-10 08:00:00,-2775.7200000000003
2025-09-10 09:00:00,-3224.74
2025-09-10 10:00:00,-3732.88
2025-09-10 11:00:00,-4308.08
2025-09-10 12:00:00,-4584.9400000000005
2025-09-10 13:00:00,-4587.37
2025-09-10 14:00:00,-3679.94
2025-09-10 15:00:00,-3597.64
2025-09-10 16:00:00,-3649.09
2025-09-10 17:00:00,-4029.42
2025-09-10 18:00:00,-4388.8
2025-09-10 19:00:00,-4482.6900000000005
2025-09-10 20:00:00,-4863.58
2025-09-10 21:00:00,-4779.36
2025-09-10 22:00:00,-4604.8
2025-09-10 23:00:00,-4652.0
2025-09-11 00:00:00,-4720.52
2025-09-11 01:00:00,-4745.12
2025-09-11 02:00:00,-4922.87
2025-09-11 03:00:00,-5038.53
2025-09-11 04:00:00,-5081.57
2025-09-11 05:00:00,-5236.73
2025-09-11 06:00:00,-4839.93
2025-09-11 07:00:00,-5446.51
2025-09-11 08:00:00,-5614.72
2025-09-11 09:00:00,-5974.09
2025-09-11 10:00:00,-6329.16
2025-09-11 11:00:00,-6760.12
2025-09-11 12:00:00,-6682.85
2025-09-11 13:00:00,-6595.78
2025-09-11 14:00:00,-6777.25
2025-09-11 15:00:00,-6844.32
2025-09-11 16:00:00,-6813.32
2025-09-11 17:00:00,-6603.21
2025-09-11 18:00:00,-6151.22
2025-09-11 19:00:00,-6082.12
2025-09-11 20:00:00,-5863.27
2025-09-11 21:00:00,-6018.67
2025-09-11 22:00:00,-6379.09
2025-09-11 23:00:00,-6664.34
2025-09-12 00:00:00,-6465.76
2025-09-12 01:00:00,-5979.03
2025-09-12 02:00:00,-5675.18
2025-09-12 03:00:00,-5402.23
2025-09-12 04:00:00,-5322.49
2025-09-12 05:00:00,-5111.27
2025-09-12 06:00:00,-5013.47
2025-09-12 07:00:00,-4927.41
2025-09-12 08:00:00,-4884.2
2025-09-12 09:00:00,-4654.43
2025-09-12 10:00:00,-4935.08
2025-09-12 11:00:00,-4631.53
2025-09-12 12:00:00,-4144.97
2025-09-12 13:00:00,-5617.21
2025-09-12 14:00:00,-5920.64
2025-09-12 15:00:00,-4177.7
2025-09-12 16:00:00,-3664.76
2025-09-12 17:00:00,-3356.41
2025-09-12 18:00:00,-3155.86
2025-09-12 19:00:00,-3048.87
2025-09-12 20:00:00,-2760.61
2025-09-12 21:00:00,-2729.58
2025-09-12 22:00:00,-2674.2200000000003
2025-09-12 23:00:00,-2480.7799999999997
2025-09-13 00:00:00,-2307.7
2025-09-13 01:00:00,-3089.63
2025-09-13 02:00:00,-3017.19
2025-09-13 03:00:00,-2929.24
2025-09-13 04:00:00,-2706.44
2025-09-13 05:00:00,-2951.88
2025-09-13 06:00:00,-3443.18
2025-09-13 07:00:00,-3319.7200000000003
2025-09-13 08:00:00,-2412.7799999999997
2025-09-13 09:00:00,-2707.76
2025-09-13 10:00:00,-2626.7200000000003
2025-09-13 11:00:00,-2370.08
2025-09-13 12:00:00,-2371.42
2025-09-13 13:00:00,-2886.27
2025-09-13 14:00:00,-3033.9700000000003
2025-09-13 15:00:00,-2327.92
2025-09-13 16:00:00,-2888.42
2025-09-13 17:00:00,-1258.5900000000001
2025-09-13 18:00:00,57.27999999999997
2025-09-13 19:00:00,-1562.47
2025-09-13 20:00:00,-2281.01
2025-09-13 21:00:00,-2813.81
2025-09-13 22:00:00,-3053.8
2025-09-13 23:00:00,-3340.56
2025-09-14 00:00:00,-2541.52
2025-09-14 01:00:00,-2423.69
2025-09-14 02:00:00,-2983.37
2025-09-14 03:00:00,-2959.95
2025-09-14 04:00:00,-3114.42
2025-09-14 05:00:00,-2671.5299999999997
2025-09-14 06:00:00,-3218.81
2025-09-14 07:00:00,-2468.8
2025-09-14 08:00:00,-2860.44
2025-09-14 09:00:00,-3654.16
2025-09-14 10:00:00,-3766.26
2025-09-14 11:00:00,-4263.1
2025-09-14 12:00:00,-3882.83
2025-09-14 13:00:00,-3880.08
2025-09-14 14:00:00,-3871.83
2025-09-14 15:00:00,-3668.21
2025-09-14 16:00:00,-3574.23
2025-09-14 17:00:00,-4231.0599999999995
2025-09-14 18:00:00,-4237.03
2025-09-14 19:00:00,-2596.44
2025-09-14 20:00:00,-4552.9400000000005
2025-09-14 21:00:00,-4800.4
2025-09-14 22:00:00,-5158.16
2025-09-14 23:00:00,-5431.84
2025-09-15 00:00:00,-5706.22
2025-09-15 01:00:00,-4445.1
2025-09-15 02:00:00,-5004.98
2025-09-15 03:00:00,-4986.33
2025-09-15 04:00:00,-5024.98
2025-09-15 05:00:00,-4290.52
2025-09-15 06:00:00,-4293.66
2025-09-15 07:00:00,-4026.24
2025-09-15 08:00:00,-3209.54
2025-09-15 09:00:00,-2851.5
2025-09-15 10:00:00,-3042.62
2025-09-15 11:00:00,-3077.11
2025-09-15 12:00:00,-3074.99
2025-09-15 13:00:00,-3569.0
2025-09-15 14:00:00,-3159.06
2025-09-15 15:00:00,-2562.36
2025-09-15 16:00:00,-2399.95
2025-09-15 17:00:00,-3081.14
2025-09-15 18:00:00,-3548.5
2025-09-15 19:00:00,-3624.36
2025-09-15 20:00:00,-3851.96
2025-09-15 21:00:00,-3917.49
2025-09-15 22:00:00,-4276.6
2025-09-15 23:00:00,-4387.36
2025-09-16 00:00:00,-4997.58
2025-09-16 01:00:00,-4637.64
2025-09-16 02:00:00,-4329.43
2025-09-16 03:00:00,-4578.35
2025-09-16 04:00:00,-3928.65
2025-09-16 05:00:00,-3442.0299999999997
2025-09-16 06:00:00,-3442.14
2025-09-16 07:00:00,-4587.54
2025-09-16 08:00:00,-3550.36
2025-09-16 09:00:00,-3930.86
2025-09-16 10:00:00,-3997.11
2025-09-16 11:00:00,-3971.68
2025-09-16 12:00:00,-3145.74
2025-09-16 13:00:00,-4701.48
2025-09-16 14:00:00,-4382.74
2025-09-16 15:00:00,-3692.57
2025-09-16 16:00:00,-3131.76
2025-09-16 17:00:00,-3609.7200000000003
2025-09-16 18:00:00,-4170.05
2025-09-16 19:00:00,-4766.03
2025-09-16 20:00:00,-5474.57
2025-09-16 21:00:00,-5723.61
2025-09-16 22:00:00,-5752.14
2025-09-16 23:00:00,-5407.57
2025-09-17 00:00:00,-5079.07
2025-09-17 01:00:00,-4804.34
2025-09-17 02:00:00,-4684.38
2025-09-17 03:00:00,-4547.8099999999995
2025-09-17 04:00:00,-4231.83
2025-09-17 05:00:00,-4066.89
2025-09-17 06:00:00,-3290.26
2025-09-17 07:00:00,-5883.88
2025-09-17 08:00:00,-4711.02
2025-09-17 09:00:00,-4717.15
2025-09-17 10:00:00,-4104.78
2025-09-17 11:00:00,-4134.59
2025-09-17 12:00:00,-4018.33
2025-09-17 13:00:00,-4020.66
2025-09-17 14:00:00,-4069.51
2025-09-17 15:00:00,-3839.59
2025-09-17 16:00:00,-3068.5299999999997
2025-09-17 17:00:00,-3012.15
2025-09-17 18:00:00,-2733.93
2025-09-17 19:00:00,-2665.13
2025-09-17 20:00:00,-2829.12
2025-09-17 21:00:00,-2876.05
2025-09-17 22:00:00,-2900.07
2025-09-17 23:00:00,-2705.81
2025-09-18 00:00:00,-2675.7799999999997
2025-09-18 01:00:00,-2550.68
2025-09-18 02:00:00,-451.26
2025-09-18 03:00:00,-2148.85
2025-09-18 04:00:00,-2070.9
2025-09-18 05:00:00,-2105.19
2025-09-18 06:00:00,-2090.82
2025-09-18 07:00:00,-1905.94
2025-09-18 08:00:00,-1897.9099999999999
2025-09-18 09:00:00,-2557.51
2025-09-18 10:00:00,-2826.98
2025-09-18 11:00:00,-3141.33
2025-09-18 12:00:00,-3772.94
2025-09-18 13:00:00,-4033.27
2025-09-18 14:00:00,-3681.27
2025-09-18 15:00:00,-2646.2799999999997
2025-09-18 16:00:00,-4085.96
2025-09-18 17:00:00,-3099.6
2025-09-18 18:00:00,-4439.33
2025-09-18 19:00:00,-5206.36
2025-09-18 20:00:00,-4447.01
2025-09-18 21:00:00,-4384.79
2025-09-18 22:00:00,-4028.3
2025-09-18 23:00:00,-4291.48
2025-09-19 00:00:00,-4521.59
2025-09-19 01:00:00,-4483.18
2025-09-19 02:00:00,-3706.68
2025-09-19 03:00:00,-3805.41
2025-09-19 04:00:00,-3906.87
2025-09-19 05:00:00,-4027.25
2025-09-19 06:00:00,-4633.07
2025-09-19 07:00:00,-5113.8
2025-09-19 08:00:00,-5748.88
2025-09-19 09:00:00,-6079.52
2025-09-19 10:00:00,-6474.39
2025-09-19 11:00:00,-6157.0
2025-09-19 12:00:00,-5796.99
2025-09-19 13:00:00,-5615.47
2025-09-19 14:00:00,-4874.99
2025-09-19 15:00:00,-3763.45
2025-09-19 16:00:00,-3309.63
2025-09-19 17:00:00,-3137.87
2025-09-19 18:00:00,-2882.3
2025-09-19 19:00:00,-2599.01
2025-09-19 20:00:00,-2546.65
2025-09-19 21:00:00,-2726.73
2025-09-19 22:00:00,-2995.9
2025-09-19 23:00:00,-2622.44
2025-09-20 00:00:00,-2756.54
2025-09-20 01:00:00,-3054.82
2025-09-20 02:00:00,-3071.66
2025-09-20 03:00:00,-2831.09
2025-09-20 04:00:00,-2881.24
2025-09-20 05:00:00,-2872.66
2025-09-20 06:00:00,-4013.64
2025-09-20 07:00:00,-3578.37
2025-09-20 08:00:00,-3568.08
2025-09-20 09:00:00,-3377.25
2025-09-20 10:00:00,-5043.57
2025-09-20 11:00:00,-5310.02
2025-09-20 12:00:00,-5719.62
2025-09-20 13:00:00,-5013.1
2025-09-20 14:00:00,-4249.75
2025-09-20 15:00:00,-2986.05
2025-09-20 16:00:00,-2802.57
2025-09-20 17:00:00,-2681.2
2025-09-20 18:00:00,-3063.38
2025-09-20 19:00:00,-3390.77
2025-09-20 20:00:00,-3092.26
2025-09-20 21:00:00,-2874.0299999999997
2025-09-20 22:00:00,-2700.94
2025-09-20 23:00:00,-2716.9700000000003
2025-09-21 00:00:00,-3025.99
2025-09-21 01:00:00,-2963.65
2025-09-21 02:00:00,-3012.34
2025-09-21 03:00:00,-3286.4
2025-09-21 04:00:00,-3330.77
2025-09-21 05:00:00,-3153.2
2025-09-21 06:00:00,-2840.42
2025-09-21 07:00:00,-2290.52
2025-09-21 08:00:00,-2173.8
2025-09-21 09:00:00,-2590.05
2025-09-21 10:00:00,-2711.91
2025-09-21 11:00:00,-2978.36
2025-09-21 12:00:00,-3500.5299999999997
2025-09-21 13:00:00,-3810.62
2025-09-21 14:00:00,-3451.63
2025-09-21 15:00:00,-3689.55
2025-09-21 16:00:00,-3765.8
2025-09-21 17:00:00,-3732.95
2025-09-21 18:00:00,-3972.44
2025-09-21 19:00:00,-3838.2
2025-09-21 20:00:00,-4206.9400000000005
2025-09-21 21:00:00,-3783.59
2025-09-21 22:00:00,-3636.4700000000003
2025-09-21 23:00:00,-3804.05
2025-09-22 00:00:00,-3660.4
2025-09-22 01:00:00,-3985.24
2025-09-22 02:00:00,-3976.82
2025-09-22 03:00:00,-3654.82
2025-09-22 04:00:00,-3807.16
2025-09-22 05:00:00,-3912.54
2025-09-22 06:00:00,-4206.71
2025-09-22 07:00:00,-4259.38
2025-09-22 08:00:00,-3158.64
2025-09-22 09:00:00,-3224.16
2025-09-22 10:00:00,-3366.37
2025-09-22 11:00:00,-2630.59
2025-09-22 12:00:00,-2381.29
2025-09-22 13:00:00,-2796.56
2025-09-22 14:00:00,-3320.51
2025-09-22 15:00:00,-2904.98
2025-09-22 16:00:00,-2637.38
2025-09-22 17:00:00,-2546.7200000000003
2025-09-22 18:00:00,-3059.21
2025-09-22 19:00:00,-3615.41
2025-09-22 20:00:00,-3720.58
2025-09-22 21:00:00,-3611.4700000000003
2025-09-22 22:00:00,-3273.19
2025-09-22 23:00:00,-3264.51
2025-09-23 00:00:00,-3062.84
2025-09-23 01:00:00,-2967.62
2025-09-23 02:00:00,-2838.5299999999997
2025-09-23 03:00:00,-2810.13
2025-09-23 04:00:00,-2859.92
2025-09-23 05:00:00,-2812.7
2025-09-23 06:00:00,-2547.87
2025-09-23 07:00:00,-2870.43
2025-09-23 08:00:00,-3930.49
2025-09-23 09:00:00,-4523.53
2025-09-23 10:00:00,-4481.11
2025-09-23 11:00:00,-4239.3
2025-09-23 12:00:00,-4577.6
2025-09-23 13:00:00,-4940.78
2025-09-23 14:00:00,-5295.85
2025-09-23 15:00:00,-5010.05
2025-09-23 16:00:00,-5016.64
2025-09-23 17:00:00,-4631.05
2025-09-23 18:00:00,-4278.85
2025-09-23 19:00:00,-3936.1
2025-09-23 20:00:00,-3829.5299999999997
2025-09-23 21:00:00,-3473.36
2025-09-23 22:00:00,-3237.29
2025-09-23 23:00:00,-2897.3
2025-09-24 00:00:00,-3112.2
2025-09-24 01:00:00,-2506.59
2025-09-24 02:00:00,-3155.69
2025-09-24 03:00:00,-2985.15
2025-09-24 04:00:00,-2814.07
2025-09-24 05:00:00,-2545.4
2025-09-24 06:00:00,-3134.37
2025-09-24 07:00:00,-2841.82
2025-09-24 08:00:00,-2400.6
2025-09-24 09:00:00,-3021.68
2025-09-24 10:00:00,-4734.39
2025-09-24 11:00:00,-3877.66
2025-09-24 12:00:00,-3658.7799999999997
2025-09-24 13:00:00,-2913.96
2025-09-24 14:00:00,-3291.84
2025-09-24 15:00:00,-2857.92
2025-09-24 16:00:00,-1876.3600000000001
2025-09-24 17:00:00,-1680.6799999999998
2025-09-24 18:00:00,-2069.44
2025-09-24 19:00:00,220.94000000000005
2025-09-24 20:00:00,-968.73
2025-09-24 21:00:00,311.86
2025-09-24 22:00:00,219.45000000000005
2025-09-24 23:00:00,116.42999999999995
2025-09-25 00:00:00,-640.6
2025-09-25 01:00:00,-423.20000000000005
2025-09-25 02:00:00,-327.09000000000003
2025-09-25 03:00:00,-38.889999999999986
2025-09-25 04:00:00,334.88
2025-09-25 05:00:00,630.03
2025-09-25 06:00:00,36.74000000000001
2025-09-25 07:00:00,57.09000000000003
2025-09-25 08:00:00,115.17999999999995
2025-09-25 09:00:00,-400.08000000000004
2025-09-25 10:00:00,-1577.23
2025-09-25 11:00:00,-2398.2799999999997
2025-09-25 12:00:00,-2550.58
2025-09-25 13:00:00,-2642.02
2025-09-25 14:00:00,-2389.5299999999997
2025-09-25 15:00:00,-1284.6100000000001
2025-09-25 16:00:00,-220.24
2025-09-25 17:00:00,483.9
2025-09-25 18:00:00,632.71
2025-09-25 19:00:00,406.83000000000004
2025-09-25 20:00:00,-38.870000000000005
2025-09-25 21:00:00,-614.7
2025-09-25 22:00:00,-1436.3400000000001
2025-09-25 23:00:00,-2139.57
2025-09-26 00:00:00,-2349.29
2025-09-26 01:00:00,-2133.29
2025-09-26 02:00:00,-2163.41
2025-09-26 03:00:00,-1902.77
2025-09-26 04:00:00,-1647.3
2025-09-26 05:00:00,-1583.56
2025-09-26 06:00:00,-1554.8
2025-09-26 07:00:00,-1228.2
2025-09-26 08:00:00,-1373.48
2025-09-26 09:00:00,-1561.99
2025-09-26 10:00:00,-1655.65
2025-09-26 11:00:00,-1782.51
2025-09-26 12:00:00,-1511.77
2025-09-26 13:00:00,-1467.81
2025-09-26 14:00:00,-1093.3400000000001
2025-09-26 15:00:00,-92.04999999999995
2025-09-26 16:00:00,84.86000000000001
2025-09-26 17:00:00,360.23
2025-09-26 18:00:00,36.39999999999998
2025-09-26 19:00:00,-837.73
2025-09-26 20:00:00,-1743.5900000000001
2025-09-26 21:00:00,-1904.0700000000002
2025-09-26 22:00:00,-2058.33
2025-09-26 23:00:00,-2228.89
2025-09-27 00:00:00,-2123.0
2025-09-27 01:00:00,-1791.25
2025-09-27 02:00:00,-1078.88
2025-09-27 03:00:00,-526.64
2025-09-27 04:00:00,8.440000000000055
2025-09-27 05:00:00,167.95000000000005
2025-09-27 06:00:00,-527.84
2025-09-27 07:00:00,-532.67
2025-09-27 08:00:00,-2069.25
2025-09-27 09:00:00,-2589.15
2025-09-27 10:00:00,-2838.92
2025-09-27 11:00:00,-2896.2
2025-09-27 12:00:00,-2978.27
2025-09-27 13:00:00,-2991.77
2025-09-27 14:00:00,-2679.73
2025-09-27 15:00:00,-2160.2799999999997
2025-09-27 16:00:00,-2076.96
2025-09-27 17:00:00,-1384.1799999999998
2025-09-27 18:00:00,-1579.96
2025-09-27 19:00:00,-1575.52
2025-09-27 20:00:00,-1930.99
2025-09-27 21:00:00,-1984.2
2025-09-27 22:00:00,-2162.33
2025-09-27 23:00:00,-1820.4
2025-09-28 00:00:00,-2039.51
2025-09-28 01:00:00,-1945.6599999999999
2025-09-28 02:00:00,-1931.06
2025-09-28 03:00:00,-2074.69
2025-09-28 04:00:00,-2443.57
2025-09-28 05:00:00,-2654.81
2025-09-28 06:00:00,-2074.62
2025-09-28 07:00:00,-2001.79
2025-09-28 08:00:00,-2333.61
2025-09-28 09:00:00,-3738.12
2025-09-28 10:00:00,-4069.31
2025-09-28 11:00:00,-3977.94
2025-09-28 12:00:00,-3660.75
2025-09-28 13:00:00,-3204.11
2025-09-28 14:00:00,-3483.7200000000003
2025-09-28 15:00:00,-2559.04
2025-09-28 16:00:00,-2439.7799999999997
2025-09-28 17:00:00,-2626.57
2025-09-28 18:00:00,-2954.94
2025-09-28 19:00:00,-2817.19
2025-09-28 20:00:00,-3522.9700000000003
2025-09-28 21:00:00,-2857.55
2025-09-28 22:00:00,-2344.41
2025-09-28 23:00:00,-2359.9700000000003
2025-09-29 00:00:00,-2301.35
2025-09-29 01:00:00,-2683.84
2025-09-29 02:00:00,-2759.75
2025-09-29 03:00:00,-2691.17
2025-09-29 04:00:00,-2603.57
2025-09-29 05:00:00,-2513.13
2025-09-29 06:00:00,-2315.88
2025-09-29 07:00:00,-2581.62
2025-09-29 08:00:00,-2729.5299999999997
2025-09-29 09:00:00,-2871.2
2025-09-29 10:00:00,-3060.09
2025-09-29 11:00:00,-3222.66
2025-09-29 12:00:00,-3576.19
2025-09-29 13:00:00,-3891.7200000000003
2025-09-29 14:00:00,-3754.73
2025-09-29 15:00:00,-2476.02
2025-09-29 16:00:00,-2146.9
2025-09-29 17:00:00,-2215.13
2025-09-29 18:00:00,-2068.88
2025-09-29 19:00:00,-1910.6799999999998
2025-09-29 20:00:00,-2144.15
2025-09-29 21:00:00,-2300.01
2025-09-29 22:00:00,-2388.7200000000003
2025-09-29 23:00:00,-2406.92
2025-09-30 00:00:00,-2340.98
2025-09-30 01:00:00,-2390.83
2025-09-30 02:00:00,-2295.11
2025-09-30 03:00:00,-2028.96
2025-09-30 04:00:00,-1914.4
2025-09-30 05:00:00,-1965.5
2025-09-30 06:00:00,-1325.19
2025-09-30 07:00:00,-1918.22
2025-09-30 08:00:00,-2273.23
2025-09-30 09:00:00,-2237.2200000000003
2025-09-30 10:00:00,-2091.86
2025-09-30 11:00:00,-2420.09
2025-09-30 12:00:00,-2632.23
2025-09-30 13:00:00,-2027.9
2025-09-30 14:00:00,-1531.9099999999999
2025-09-30 15:00:00,-505.11
2025-09-30 16:00:00,-1360.73
2025-09-30 17:00:00,-1962.37
2025-09-30 18:00:00,-1599.79
2025-09-30 19:00:00,-1447.38
2025-09-30 20:00:00,-1318.9099999999999
2025-09-30 21:00:00,-1562.524758
2025-09-30 22:00:00,-1625.793122
2025-09-30 23:00:00,-1687.475432
2025-10-01 00:00:00,-2230.826191
2025-10-01 01:00:00,-1480.037257
2025-10-01 02:00:00,-1425.234978
2025-10-01 03:00:00,-1213.472344
2025-10-01 04:00:00,-1005.929648
2025-10-01 05:00:00,-943.169994
2025-10-01 06:00:00,-664.2542189999999
2025-10-01 07:00:00,-803.602005
2025-10-01 08:00:00,-782.430489
2025-10-01 09:00:00,-962.963531
2025-10-01 10:00:00,-1226.824702
2025-10-01 11:00:00,-1543.681807
2025-10-01 12:00:00,-1308.2305959999999
2025-10-01 13:00:00,-1489.385908
2025-10-01 14:00:00,-1776.7994629999998
2025-10-01 15:00:00,-1481.79658
2025-10-01 16:00:00,-1396.544632
2025-10-01 17:00:00,-1458.1680999999999
2025-10-01 18:00:00,-1691.18184
2025-10-01 19:00:00,-1379.485533
2025-10-01 20:00:00,-1614.928058
2025-10-01 21:00:00,-1589.6445039999999
2025-10-01 22:00:00,-1502.6562410000001
2025-10-01 23:00:00,-1581.310939
2025-10-02 00:00:00,-1653.070263
2025-10-02 01:00:00,-1499.192552
2025-10-02 02:00:00,-1494.53512
2025-10-02 03:00:00,-1446.2835519999999
2025-10-02 04:00:00,-1542.273415
2025-10-02 05:00:00,-1570.042651
2025-10-02 06:00:00,-1560.093981
2025-10-02 07:00:00,-1331.56315
2025-10-02 08:00:00,-1368.976303
2025-10-02 09:00:00,-1360.015614
2025-10-02 10:00:00,-1506.5489
2025-10-02 11:00:00,-1717.8805149999998
2025-10-02 12:00:00,-2172.592466
2025-10-02 13:00:00,-2090.481687
2025-10-02 14:00:00,-1950.3367950000002
2025-10-02 15:00:00,-1617.271614
2025-10-02 16:00:00,-2116.7237059999998
2025-10-02 17:00:00,-2532.298459
2025-10-02 18:00:00,-2494.039716
2025-10-02 19:00:00,-2184.039314
2025-10-02 20:00:00,-2025.056844
2025-10-02 21:00:00,-1853.446117
2025-10-02 22:00:00,-1766.082057
2025-10-02 23:00:00,-1532.2179059999999
2025-10-03 00:00:00,-1583.037461
2025-10-03 01:00:00,-898.936402
2025-10-03 02:00:00,-652.34347
2025-10-03 03:00:00,-396.26331200000004
2025-10-03 04:00:00,-104.13273600000002
2025-10-03 05:00:00,-105.46876399999996
2025-10-03 06:00:00,-464.9449609999999
2025-10-03 07:00:00,83.10771299999999
2025-10-03 08:00:00,84.59922900000004
2025-10-03 09:00:00,166.93944199999999
2025-10-03 10:00:00,217.73440300000004
2025-10-03 11:00:00,-285.60758699999997
2025-10-03 12:00:00,-674.968768
2025-10-03 13:00:00,-543.863812
2025-10-03 14:00:00,-276.942551
2025-10-03 15:00:00,419.88662
2025-10-03 16:00:00,400.13367500000004
2025-10-03 17:00:00,-528.871429
2025-10-03 18:00:00,-1635.9232200000001
2025-10-03 19:00:00,-1704.245582
2025-10-03 20:00:00,-1862.682818
2025-10-03 21:00:00,-1944.774795
2025-10-03 22:00:00,-1954.5746279999998
2025-10-03 23:00:00,-1939.342971
2025-10-04 00:00:00,-1710.618054
2025-10-04 01:00:00,-1409.414308
2025-10-04 02:00:00,-1995.574599
2025-10-04 03:00:00,-2426.868988
2025-10-04 04:00:00,-2319.6204159999998
2025-10-04 05:00:00,-2162.474648
2025-10-04 06:00:00,-2446.96502
2025-10-04 07:00:00,-3520.78277
2025-10-04 08:00:00,-2608.931363
2025-10-04 09:00:00,-3573.45259
2025-10-04 10:00:00,-4207.357736
2025-10-04 11:00:00,-5606.10591
2025-10-04 12:00:00,-6135.512
2025-10-04 13:00:00,-6357.064427
2025-10-04 14:00:00,-5029.530247
2025-10-04 15:00:00,-4318.052048
2025-10-04 16:00:00,-4894.458112
2025-10-04 17:00:00,-5118.186231
2025-10-04 18:00:00,-5350.222494
2025-10-04 19:00:00,-5828.978074
2025-10-04 20:00:00,-5529.521603
2025-10-04 21:00:00,-5099.584599
2025-10-04 22:00:00,-4780.202973
2025-10-04 23:00:00,-4557.476662
2025-10-05 00:00:00,-4533.150096
2025-10-05 01:00:00,-4416.272512
2025-10-05 02:00:00,-4071.765063
2025-10-05 03:00:00,-3705.365507
2025-10-05 04:00:00,-3797.579749
2025-10-05 05:00:00,-3496.9606400000002
2025-10-05 06:00:00,-3464.33202
2025-10-05 07:00:00,-3886.108098
2025-10-05 08:00:00,-3971.908999
2025-10-05 09:00:00,-4221.344781
2025-10-05 10:00:00,-4065.297543
2025-10-05 11:00:00,-3875.748806
2025-10-05 12:00:00,-3160.013582
2025-10-05 13:00:00,-2926.000196
2025-10-05 14:00:00,-3019.57338
2025-10-05 15:00:00,-3235.0754070000003
2025-10-05 16:00:00,-2959.999469
2025-10-05 17:00:00,-2724.882138
2025-10-05 18:00:00,-3260.2947050000002
2025-10-05 19:00:00,-3359.3132299999997
2025-10-05 20:00:00,-4025.947681
2025-10-05 21:00:00,-4048.615508
2025-10-05 22:00:00,-4685.566371
2025-10-05 23:00:00,-4422.727928
2025-10-06 00:00:00,-4034.2002
2025-10-06 01:00:00,-3545.446697
2025-10-06 02:00:00,-3157.088877
2025-10-06 03:00:00,-2979.857359
2025-10-06 04:00:00,-2745.325676
2025-10-06 05:00:00,-2542.169765
2025-10-06 06:00:00,-2539.781288
2025-10-06 07:00:00,-3078.918188
2025-10-06 08:00:00,-3079.312951
2025-10-06 09:00:00,-2622.709612
2025-10-06 10:00:00,-2558.194189
2025-10-06 11:00:00,-2387.293419
2025-10-06 12:00:00,-2238.042374
2025-10-06 13:00:00,-2278.181337
2025-10-06 14:00:00,-1530.518793
2025-10-06 15:00:00,-802.37009
2025-10-06 16:00:00,-1364.6892870000001
2025-10-06 17:00:00,-1345.3833
2025-10-06 18:00:00,-1319.9823609999999
2025-10-06 19:00:00,-1093.295571
2025-10-06 20:00:00,-1054.281702
2025-10-06 21:00:00,-973.999916
2025-10-06 22:00:00,-1122.593736
2025-10-06 23:00:00,-815.526983
2025-10-07 00:00:00,-731.089418
2025-10-07 01:00:00,-731.874859
2025-10-07 02:00:00,-762.94863
2025-10-07 03:00:00,-799.822475
2025-10-07 04:00:00,-811.91762
2025-10-07 05:00:00,-165.645802
2025-10-07 06:00:00,-456.39556000000005
2025-10-07 07:00:00,-494.30910100000006
2025-10-07 08:00:00,-813.766043
2025-10-07 09:00:00,-791.512335
2025-10-07 10:00:00,-801.923435
2025-10-07 11:00:00,-873.492793
2025-10-07 12:00:00,-754.668563
2025-10-07 13:00:00,-335.82256900000004
2025-10-07 14:00:00,30.90058799999997
2025-10-07 15:00:00,587.353199
2025-10-07 16:00:00,216.284001
2025-10-07 17:00:00,-666.671344
2025-10-07 18:00:00,-894.116543
2025-10-07 19:00:00,-1273.4585929999998
2025-10-07 20:00:00,-1621.230504
2025-10-07 21:00:00,-2072.70872
2025-10-07 22:00:00,-2103.462839
2025-10-07 23:00:00,-2042.417698
2025-10-08 00:00:00,-2097.457993
2025-10-08 01:00:00,-2274.122106
2025-10-08 02:00:00,-2187.9837390000002
2025-10-08 03:00:00,-2249.34183
2025-10-08 04:00:00,-2319.5364
2025-10-08 05:00:00,-2358.350191
2025-10-08 06:00:00,-2636.09429
2025-10-08 07:00:00,-2279.116849
2025-10-08 08:00:00,-2246.497201
2025-10-08 09:00:00,-2530.655909
2025-10-08 10:00:00,-3039.74664
2025-10-08 11:00:00,-3862.545654
2025-10-08 12:00:00,-3803.47333
2025-10-08 13:00:00,-3944.162418
2025-10-08 14:00:00,-3239.210621
2025-10-08 15:00:00,-2940.816411
2025-10-08 16:00:00,-2501.283849
2025-10-08 17:00:00,-2606.685721
2025-10-08 18:00:00,-2548.153777
2025-10-08 19:00:00,-2715.357766
2025-10-08 20:00:00,-2909.463397
2025-10-08 21:00:00,-2884.0790269999998
2025-10-08 22:00:00,-2859.031281
2025-10-08 23:00:00,-2861.953622
2025-10-09 00:00:00,-2839.3327950000003
2025-10-09 01:00:00,-2953.126157
2025-10-09 02:00:00,-3308.6358609999997
2025-10-09 03:00:00,-2843.223155
2025-10-09 04:00:00,-2661.12908
2025-10-09 05:00:00,-2420.530632
2025-10-09 06:00:00,-2332.4063260000003
2025-10-09 07:00:00,-2785.41043
2025-10-09 08:00:00,-2819.0621
2025-10-09 09:00:00,-2601.6636399999998
2025-10-09 10:00:00,-2442.200188
2025-10-09 11:00:00,-2388.943152
2025-10-09 12:00:00,-2116.319786
2025-10-09 13:00:00,-2098.458207
2025-10-09 14:00:00,-1829.74737
2025-10-09 15:00:00,-2094.302158
2025-10-09 16:00:00,-2380.859812
2025-10-09 17:00:00,-2013.955797
2025-10-09 18:00:00,-2159.1493570000002
2025-10-09 19:00:00,-2928.078407
2025-10-09 20:00:00,-2972.3161250000003
2025-10-09 21:00:00,-2525.595085
2025-10-09 22:00:00,-2428.8671480000003
2025-10-09 23:00:00,-2791.281112
2025-10-10 00:00:00,-3127.035308
2025-10-10 01:00:00,-3183.89269
2025-10-10 02:00:00,-3246.966057
2025-10-10 03:00:00,-2936.172892
2025-10-10 04:00:00,-2339.3797759999998
2025-10-10 05:00:00,-2014.22208
2025-10-10 06:00:00,-2706.383034
2025-10-10 07:00:00,-3695.81433
2025-10-10 08:00:00,-4052.0162769999997
2025-10-10 09:00:00,-4240.382095
2025-10-10 10:00:00,-4112.257525
2025-10-10 11:00:00,-5647.123366
2025-10-10 12:00:00,-6944.041334
2025-10-10 13:00:00,-6694.89497
2025-10-10 14:00:00,-5415.983542
2025-10-10 15:00:00,-4829.226202
2025-10-10 16:00:00,-4555.857034
2025-10-10 17:00:00,-4220.3337
2025-10-10 18:00:00,-3703.389043
2025-10-10 19:00:00,-2753.402904
2025-10-10 20:00:00,-2881.818627
2025-10-10 21:00:00,-2762.487593
2025-10-10 22:00:00,-2433.904618
2025-10-10 23:00:00,-2475.598135
2025-10-11 00:00:00,-2604.420827
2025-10-11 01:00:00,-2871.220561
2025-10-11 02:00:00,-3041.951513
2025-10-11 03:00:00,-3247.132899
2025-10-11 04:00:00,-3176.052553
2025-10-11 05:00:00,-3028.713464
2025-10-11 06:00:00,-3314.165708
2025-10-11 07:00:00,-3394.94846
2025-10-11 08:00:00,-4642.108763
2025-10-11 09:00:00,-6343.141853
2025-10-11 10:00:00,-6260.9154180000005
2025-10-11 11:00:00,-6775.734235
2025-10-11 12:00:00,-6638.893358
2025-10-11 13:00:00,-6694.403294
2025-10-11 14:00:00,-5642.37143
2025-10-11 15:00:00,-5409.981188
2025-10-11 16:00:00,-5451.440563
2025-10-11 17:00:00,-5526.3103
2025-10-11 18:00:00,-5754.73312
2025-10-11 19:00:00,-5389.009209
2025-10-11 20:00:00,-4807.989951
2025-10-11 21:00:00,-3709.60721
2025-10-11 22:00:00,-3111.987964
2025-10-11 23:00:00,-3217.794899
2025-10-12 00:00:00,-3287.5366400000003
2025-10-12 01:00:00,-3257.835965
2025-10-12 02:00:00,-2976.153707
2025-10-12 03:00:00,-3511.576874
2025-10-12 04:00:00,-3870.454759
2025-10-12 05:00:00,-5318.281365
2025-10-12 06:00:00,-7332.634548
2025-10-12 07:00:00,-8329.55163
2025-10-12 08:00:00,-8549.862244
2025-10-12 09:00:00,-8539.420646
2025-10-12 10:00:00,-5818.512466
2025-10-12 11:00:00,-6853.793231
2025-10-12 12:00:00,-7792.636686
2025-10-12 13:00:00,-7596.2333579999995
2025-10-12 14:00:00,-6944.212979
2025-10-12 15:00:00,-6113.813878
2025-10-12 16:00:00,-5208.474618
2025-10-12 17:00:00,-5100.675192
2025-10-12 18:00:00,-4765.219249
2025-10-12 19:00:00,-4414.524026
2025-10-12 20:00:00,-4150.333082
2025-10-12 21:00:00,-4801.397701
2025-10-12 22:00:00,-3538.212977
2025-10-12 23:00:00,-4686.111494
2025-10-13 00:00:00,-5408.160284
2025-10-13 01:00:00,-5831.9157350000005
2025-10-13 02:00:00,-6435.318881
2025-10-13 03:00:00,-6552.629551
2025-10-13 04:00:00,-6666.473561
2025-10-13 05:00:00,-6513.721926
2025-10-13 06:00:00,-6291.45856
2025-10-13 07:00:00,-6657.606078
2025-10-13 08:00:00,-6987.97837
2025-10-13 09:00:00,-6264.502219
2025-10-13 10:00:00,-6266.505175
2025-10-13 11:00:00,-5838.913481
2025-10-13 12:00:00,-4973.5928
2025-10-13 13:00:00,-4749.768412
2025-10-13 14:00:00,-4374.894435
2025-10-13 15:00:00,-4191.5800930000005
2025-10-13 16:00:00,-3624.217031
2025-10-13 17:00:00,-3053.00594
2025-10-13 18:00:00,-2030.3769240000001
2025-10-13 19:00:00,-2434.576896
2025-10-13 20:00:00,-2332.395869
2025-10-13 21:00:00,-1705.681163
2025-10-13 22:00:00,-1964.187391
2025-10-13 23:00:00,-1635.902057
2025-10-14 00:00:00,-1490.153733
2025-10-14 01:00:00,-1258.572367
2025-10-14 02:00:00,-898.046794
2025-10-14 03:00:00,-850.525342
2025-10-14 04:00:00,-9.145785000000046
2025-10-14 05:00:00,433.32427299999995
2025-10-14 06:00:00,209.31597899999997
2025-10-14 07:00:00,588.8301059999999
2025-10-14 08:00:00,603.58537
2025-10-14 09:00:00,-333.33957
2025-10-14 10:00:00,-113.66619200000002
2025-10-14 11:00:00,-1555.5557840000001
2025-10-14 12:00:00,-1335.8917219999998
2025-10-14 13:00:00,-2659.955959
2025-10-14 14:00:00,-2657.793909
2025-10-14 15:00:00,-1566.103842
2025-10-14 16:00:00,-1381.919242
2025-10-14 17:00:00,-1678.9338520000001
2025-10-14 18:00:00,-2206.163579
2025-10-14 19:00:00,-1890.920809
2025-10-14 20:00:00,-2478.20655
2025-10-14 21:00:00,-2092.697233
2025-10-14 22:00:00,-3464.525953
2025-10-14 23:00:00,-2238.164514
2025-10-15 00:00:00,-1968.300825
2025-10-15 01:00:00,-2146.708583
2025-10-15 02:00:00,-1551.9245059999998
2025-10-15 03:00:00,-1496.703672
2025-10-15 04:00:00,-1677.993643
2025-10-15 05:00:00,-735.018315
2025-10-15 06:00:00,-428.940918
2025-10-15 07:00:00,-381.11283000000003
2025-10-15 08:00:00,-975.7072350000001
2025-10-15 09:00:00,-1643.8584070000002
2025-10-15 10:00:00,-1961.536291
2025-10-15 11:00:00,-2546.834797
2025-10-15 12:00:00,-2380.477364
2025-10-15 13:00:00,-1372.159853
2025-10-15 14:00:00,-1058.263934
2025-10-15 15:00:00,-472.53878699999996
2025-10-15 16:00:00,-737.951479
2025-10-15 17:00:00,-1785.565121
2025-10-15 18:00:00,-2474.595733
2025-10-15 19:00:00,-2544.823539
2025-10-15 20:00:00,-2322.949453
2025-10-15 21:00:00,-2565.081029
2025-10-15 22:00:00,-2775.479631
2025-10-15 23:00:00,-2725.006825
2025-10-16 00:00:00,-2532.352194
2025-10-16 01:00:00,-2708.162832
2025-10-16 02:00:00,-2826.7538
2025-10-16 03:00:00,-2709.047668
2025-10-16 04:00:00,-2858.167569
2025-10-16 05:00:00,-2535.915818
2025-10-16 06:00:00,-2565.167751
2025-10-16 07:00:00,-2808.705973
2025-10-16 08:00:00,-2771.5360499999997
2025-10-16 09:00:00,-3344.809188
2025-10-16 10:00:00,-2744.849259
2025-10-16 11:00:00,-3074.47278
2025-10-16 12:00:00,-2595.315735
2025-10-16 13:00:00,-2523.891623
2025-10-16 14:00:00,-2712.024192
2025-10-16 15:00:00,-2084.1010459999998
2025-10-16 16:00:00,-2422.105992
2025-10-16 17:00:00,-2178.84203
2025-10-16 18:00:00,-2091.720393
2025-10-16 19:00:00,-2676.796868
2025-10-16 20:00:00,-3625.178489
2025-10-16 21:00:00,-3269.1650799999998
2025-10-16 22:00:00,-2363.166685
2025-10-16 23:00:00,-1283.596439
2025-10-17 00:00:00,-873.524692
2025-10-17 01:00:00,378.61137900000006
2025-10-17 02:00:00,221.433225
2025-10-17 03:00:00,-715.366336
2025-10-17 04:00:00,-1244.8008
2025-10-17 05:00:00,-1694.208814
2025-10-17 06:00:00,-679.5222799999999
2025-10-17 07:00:00,-586.63447
2025-10-17 08:00:00,30.294658000000027
2025-10-17 09:00:00,142.07892600000002
2025-10-17 10:00:00,-594.242853
2025-10-17 11:00:00,-1002.935597
2025-10-17 12:00:00,-847.989168
2025-10-17 13:00:00,-791.571831
2025-10-17 14:00:00,-323.92928099999995
2025-10-17 15:00:00,516.172395
2025-10-17 16:00:00,888.64713
2025-10-17 17:00:00,654.008145
2025-10-17 18:00:00,-149.29379100000006
2025-10-17 19:00:00,-153.80312200000003
2025-10-17 20:00:00,-518.09917
2025-10-17 21:00:00,-424.54251999999997
2025-10-17 22:00:00,-673.75075
2025-10-17 23:00:00,-1220.8041520000002
2025-10-18 00:00:00,-1260.891323
2025-10-18 01:00:00,-842.036058
2025-10-18 02:00:00,-1009.803426
2025-10-18 03:00:00,-1051.603924
2025-10-18 04:00:00,-1420.489584
2025-10-18 05:00:00,-1633.5761659999998
2025-10-18 06:00:00,-1853.4998719999999
2025-10-18 07:00:00,-1246.9513769999999
2025-10-18 08:00:00,-829.704343
2025-10-18 09:00:00,-1905.556489
2025-10-18 10:00:00,-2619.41336
2025-10-18 11:00:00,-2900.7641599999997
2025-10-18 12:00:00,-3724.0764209999998
2025-10-18 13:00:00,-3209.153549
2025-10-18 14:00:00,-2178.963157
2025-10-18 15:00:00,-1774.0951340000001
2025-10-18 16:00:00,-1767.624026
2025-10-18 17:00:00,-1816.591756
2025-10-18 18:00:00,-1921.11385
2025-10-18 19:00:00,-1613.193217
2025-10-18 20:00:00,-1298.8028450000002
2025-10-18 21:00:00,-836.437844
2025-10-18 22:00:00,-659.286012
2025-10-18 23:00:00,-582.403677
2025-10-19 00:00:00,339.65407400000004
2025-10-19 01:00:00,551.27567
2025-10-19 02:00:00,565.170395
2025-10-19 03:00:00,631.873452
2025-10-19 04:00:00,609.383783
2025-10-19 05:00:00,687.766776
2025-10-19 06:00:00,279.388697
2025-10-19 07:00:00,-114.32651999999996
2025-10-19 08:00:00,-328.82400800000005
2025-10-19 09:00:00,-409.714741
2025-10-19 10:00:00,-487.547274
2025-10-19 11:00:00,-587.075601
2025-10-19 12:00:00,-805.109906
2025-10-19 13:00:00,-1091.0000340000001
2025-10-19 14:00:00,266.22459100000003
2025-10-19 15:00:00,221.10019799999998
2025-10-19 16:00:00,-691.804776
2025-10-19 17:00:00,-1496.09118
2025-10-19 18:00:00,-1561.582723
2025-10-19 19:00:00,-1704.252268
2025-10-19 20:00:00,-1712.415313
2025-10-19 21:00:00,-1703.764758
2025-10-19 22:00:00,-1623.339085
2025-10-19 23:00:00,-1778.2102169999998
2025-10-20 00:00:00,-1781.947637
2025-10-20 01:00:00,-1417.14508
2025-10-20 02:00:00,-1393.5981219999999
2025-10-20 03:00:00,-1180.423403
2025-10-20 04:00:00,-1039.016133
2025-10-20 05:00:00,-1090.428164
2025-10-20 06:00:00,-1162.490973
2025-10-20 07:00:00,-890.64977
2025-10-20 08:00:00,-723.337535
2025-10-20 09:00:00,-672.535991
2025-10-20 10:00:00,-905.226901
2025-10-20 11:00:00,-1730.568231
2025-10-20 12:00:00,-1752.425982
2025-10-20 13:00:00,-1576.1846890000002
2025-10-20 14:00:00,-910.692365
2025-10-20 15:00:00,-1127.982346
2025-10-20 16:00:00,-1537.809098
2025-10-20 17:00:00,-1450.312203
2025-10-20 18:00:00,-1808.968525
2025-10-20 19:00:00,-1870.1866519999999
2025-10-20 20:00:00,-1763.405833
2025-10-20 21:00:00,-2061.849382
2025-10-20 22:00:00,-2386.211123
2025-10-20 23:00:00,-2546.199079
2025-10-21 00:00:00,-2658.819617
2025-10-21 01:00:00,-2820.955736
2025-10-21 02:00:00,-2938.776264
2025-10-21 03:00:00,-2915.794528
2025-10-21 04:00:00,-2738.812725
2025-10-21 05:00:00,-2913.016437
2025-10-21 06:00:00,-3164.465166
2025-10-21 07:00:00,-2944.380797
2025-10-21 08:00:00,-2757.060569
2025-10-21 09:00:00,-3297.080943
2025-10-21 10:00:00,-3594.4424010000002
2025-10-21 11:00:00,-3889.830954
2025-10-21 12:00:00,-4030.1687540000003
2025-10-21 13:00:00,-3993.943792
2025-10-21 14:00:00,-4362.15159
2025-10-21 15:00:00,-4257.86888
2025-10-21 16:00:00,-4529.24807
2025-10-21 17:00:00,-4626.722242
2025-10-21 18:00:00,-4863.787511
2025-10-21 19:00:00,-4873.946292
2025-10-21 20:00:00,-4976.836667
2025-10-21 21:00:00,-5003.748696
2025-10-21 22:00:00,-4762.476513
2025-10-21 23:00:00,-4531.706415
2025-10-22 00:00:00,-4182.282726
2025-10-22 01:00:00,-4396.222018
2025-10-22 02:00:00,-4600.458716
2025-10-22 03:00:00,-4463.529315
2025-10-22 04:00:00,-4381.947732
2025-10-22 05:00:00,-4685.510524
2025-10-22 06:00:00,-4261.9862140000005
2025-10-22 07:00:00,-4157.425256
2025-10-22 08:00:00,-4434.523158
2025-10-22 09:00:00,-5086.513118
2025-10-22 10:00:00,-4946.631534
2025-10-22 11:00:00,-4799.32121
2025-10-22 12:00:00,-4432.411659
2025-10-22 13:00:00,-4562.351344
2025-10-22 14:00:00,-4411.842241
2025-10-22 15:00:00,-4443.853663
2025-10-22 16:00:00,-4375.155538
2025-10-22 17:00:00,-4524.269073
2025-10-22 18:00:00,-4398.28716
2025-10-22 19:00:00,-4446.292873
2025-10-22 20:00:00,-4485.139937
2025-10-22 21:00:00,-4483.882135
2025-10-22 22:00:00,-4034.819896
2025-10-22 23:00:00,-3961.492636
2025-10-23 00:00:00,-3577.865815
2025-10-23 01:00:00,-3728.772169
2025-10-23 02:00:00,-3995.280028
2025-10-23 03:00:00,-3682.31586
2025-10-23 04:00:00,-3775.719177
2025-10-23 05:00:00,-3826.8919690000002
2025-10-23 06:00:00,-3810.58871
2025-10-23 07:00:00,-4178.968256
2025-10-23 08:00:00,-3695.784099
2025-10-23 09:00:00,-3375.255024
2025-10-23 10:00:00,-3561.716561
2025-10-23 11:00:00,-3980.163991
2025-10-23 12:00:00,-4027.11784
2025-10-23 13:00:00,-3981.7417809999997
2025-10-23 14:00:00,-3778.944917
2025-10-23 15:00:00,-3490.124786
2025-10-23 16:00:00,-3443.144433
2025-10-23 17:00:00,-3268.814303
2025-10-23 18:00:00,-3177.660911
2025-10-23 19:00:00,-3308.814872
2025-10-23 20:00:00,-3237.301257
2025-10-23 21:00:00,-3170.507394
2025-10-23 22:00:00,-2979.268331
2025-10-23 23:00:00,-2992.037762
2025-10-24 00:00:00,-3007.603716
2025-10-24 01:00:00,-3254.081296
2025-10-24 02:00:00,-3590.924855
2025-10-24 03:00:00,-3582.71393
2025-10-24 04:00:00,-3347.519829
2025-10-24 05:00:00,-3376.165058
2025-10-24 06:00:00,-3392.635529
2025-10-24 07:00:00,-3645.706404
2025-10-24 08:00:00,-3021.028829
2025-10-24 09:00:00,-3399.690723
2025-10-24 10:00:00,-4362.833129000001
2025-10-24 11:00:00,-4919.972946
2025-10-24 12:00:00,-3848.782241
2025-10-24 13:00:00,-3978.527286
2025-10-24 14:00:00,-3791.528332
2025-10-24 15:00:00,-3583.083337
2025-10-24 16:00:00,-3756.227218
2025-10-24 17:00:00,-4035.756251
2025-10-24 18:00:00,-3670.515886
2025-10-24 19:00:00,-3492.521636
2025-10-24 20:00:00,-3247.600159
2025-10-24 21:00:00,-3212.712463
2025-10-24 22:00:00,-3008.9083650000002
2025-10-24 23:00:00,-3351.351066
2025-10-25 00:00:00,-3369.199797
2025-10-25 01:00:00,-3676.1439570000002
2025-10-25 02:00:00,-3058.964405
2025-10-25 03:00:00,-2720.426538
2025-10-25 04:00:00,-2184.321084
2025-10-25 05:00:00,-627.033048
2025-10-25 06:00:00,-3308.626778
2025-10-25 07:00:00,-4685.378836
2025-10-25 08:00:00,-4763.018991
2025-10-25 09:00:00,-4284.003855
2025-10-25 10:00:00,-3982.778856
2025-10-25 11:00:00,-4008.325532
2025-10-25 12:00:00,-3568.014647
2025-10-25 13:00:00,-4283.550832
2025-10-25 14:00:00,-3915.9506149999997
2025-10-25 15:00:00,-4704.997369
2025-10-25 16:00:00,-4726.81352
2025-10-25 17:00:00,-4514.237316
2025-10-25 18:00:00,-4109.615384
2025-10-25 19:00:00,-3735.172408
2025-10-25 20:00:00,-3418.5061379999997
2025-10-25 21:00:00,-3472.048537
2025-10-25 22:00:00,-3494.449722
2025-10-25 23:00:00,-3362.533445
2025-10-26 00:00:00,-3082.241152
2025-10-26 01:00:00,-2906.789308
2025-10-26 02:00:00,-2552.328179
2025-10-26 03:00:00,-2323.051433
2025-10-26 04:00:00,-2373.8661540000003
2025-10-26 05:00:00,-2666.653692
2025-10-26 06:00:00,-2687.324962
2025-10-26 07:00:00,-2942.817411
2025-10-26 08:00:00,-3537.716783
2025-10-26 09:00:00,-3436.4635120000003
2025-10-26 10:00:00,-3252.18606
2025-10-26 11:00:00,-4466.334434
2025-10-26 12:00:00,-4735.550761
2025-10-26 13:00:00,-4106.132383
2025-10-26 14:00:00,-3250.099189
2025-10-26 15:00:00,-3105.220429
2025-10-26 16:00:00,-3429.6624110000002
2025-10-26 17:00:00,-4717.308516
2025-10-26 18:00:00,-4144.850565
2025-10-26 19:00:00,-3841.856355
2025-10-26 20:00:00,-3426.11647
2025-10-26 21:00:00,-3091.627359
2025-10-26 22:00:00,-2861.178272
2025-10-26 23:00:00,-2759.17404
2025-10-27 00:00:00,-3148.907334
2025-10-27 01:00:00,-2827.352425
2025-10-27 02:00:00,-2851.245179
2025-10-27 03:00:00,-2974.138856
2025-10-27 04:00:00,-2578.837915
2025-10-27 05:00:00,-2254.2287029999998
2025-10-27 06:00:00,-2213.670419
2025-10-27 07:00:00,-1916.06341
2025-10-27 08:00:00,-1708.321359
2025-10-27 09:00:00,-1594.922271
2025-10-27 10:00:00,-1618.096922
2025-10-27 11:00:00,-1427.684771
2025-10-27 12:00:00,-2187.358282
2025-10-27 13:00:00,-2554.610507
2025-10-27 14:00:00,-1698.437018
2025-10-27 15:00:00,-1381.305119
2025-10-27 16:00:00,-1470.597933
2025-10-27 17:00:00,-2376.4114019999997
2025-10-27 18:00:00,-2891.7864520000003
2025-10-27 19:00:00,-2952.5506100000002
2025-10-27 20:00:00,-3570.458538
2025-10-27 21:00:00,-3789.476658
2025-10-27 22:00:00,-3781.662676
2025-10-27 23:00:00,-4408.192289
2025-10-28 00:00:00,-4738.6627499999995
2025-10-28 01:00:00,-4232.596334
2025-10-28 02:00:00,-3928.467701
2025-10-28 03:00:00,-3602.990532
2025-10-28 04:00:00,-3156.7662410000003
2025-10-28 05:00:00,-2986.353401
2025-10-28 06:00:00,-2986.239986
2025-10-28 07:00:00,-2980.7409319999997
2025-10-28 08:00:00,-4193.929477
2025-10-28 09:00:00,-3775.524179
2025-10-28 10:00:00,-3817.0170239999998
2025-10-28 11:00:00,-3826.388658
2025-10-28 12:00:00,-3515.888073
2025-10-28 13:00:00,-3052.2516459999997
2025-10-28 14:00:00,-2497.819023
2025-10-28 15:00:00,-2652.367045
2025-10-28 16:00:00,-2742.394214
2025-10-28 17:00:00,-2322.404867
2025-10-28 18:00:00,-1856.148478
2025-10-28 19:00:00,-1890.188797
2025-10-28 20:00:00,-1573.389573
2025-10-28 21:00:00,-1704.8197030000001
2025-10-28 22:00:00,-1822.705181
2025-10-28 23:00:00,-2022.065374
2025-10-29 00:00:00,-2024.156401
2025-10-29 01:00:00,-1822.766399
2025-10-29 02:00:00,-2607.669103
2025-10-29 03:00:00,-2009.885812
2025-10-29 04:00:00,-2695.021552
2025-10-29 05:00:00,-2076.6166009999997
2025-10-29 06:00:00,-2256.589466
2025-10-29 07:00:00,-2718.966723
2025-10-29 08:00:00,-2766.638575
2025-10-29 09:00:00,-3396.89692
2025-10-29 10:00:00,-2755.985683
2025-10-29 11:00:00,-2919.739062
2025-10-29 12:00:00,-2608.515897
2025-10-29 13:00:00,-2094.805637
2025-10-29 14:00:00,-2156.852203
2025-10-29 15:00:00,-2179.589368
2025-10-29 16:00:00,-1817.463491
2025-10-29 17:00:00,-1909.484066
2025-10-29 18:00:00,-2149.09364
2025-10-29 19:00:00,-1733.936936
2025-10-29 20:00:00,-1663.552034
2025-10-29 21:00:00,-2096.432315
2025-10-29 22:00:00,-2084.9189109999998
2025-10-29 23:00:00,-2538.4900390000003
2025-10-30 00:00:00,-2306.575295
2025-10-30 01:00:00,-2377.608308
2025-10-30 02:00:00,-2521.490148
2025-10-30 03:00:00,-2272.977264
2025-10-30 04:00:00,-2158.111924
2025-10-30 05:00:00,-2566.452827
2025-10-30 06:00:00,-3097.9790430000003
2025-10-30 07:00:00,-3251.467306
2025-10-30 08:00:00,-3270.635469
2025-10-30 09:00:00,-3586.980479
2025-10-30 10:00:00,-3352.145055
2025-10-30 11:00:00,-2820.625406
2025-10-30 12:00:00,-4268.923026
2025-10-30 13:00:00,-4414.183405
2025-10-30 14:00:00,-4778.479964
2025-10-30 15:00:00,-4901.620189
2025-10-30 16:00:00,-5085.60879
2025-10-30 17:00:00,-5082.658143
2025-10-30 18:00:00,-4542.676354
2025-10-30 19:00:00,-4361.898216
2025-10-30 20:00:00,-3778.796323
2025-10-30 21:00:00,-3314.920346
2025-10-30 22:00:00,-2830.749359
2025-10-30 23:00:00,-2120.0746360000003
2025-10-31 00:00:00,-121.30188299999998
2025-10-31 01:00:00,-526.295155
2025-10-31 02:00:00,143.83360100000004
2025-10-31 03:00:00,109.68436399999996
2025-10-31 04:00:00,-948.240166
2025-10-31 05:00:00,-1796.7181620000001
2025-10-31 06:00:00,-2359.335822
2025-10-31 07:00:00,-3214.51816
2025-10-31 08:00:00,-3134.931776
2025-10-31 09:00:00,-3394.9262280000003
2025-10-31 10:00:00,-4273.917732
2025-10-31 11:00:00,-4686.613318
2025-10-31 12:00:00,-4168.552243
2025-10-31 13:00:00,-3346.0093859999997
2025-10-31 14:00:00,-2944.014446
2025-10-31 15:00:00,-2535.789799
2025-10-31 16:00:00,-2521.246663
2025-10-31 17:00:00,-2927.244648
2025-10-31 18:00:00,-2722.655984
2025-10-31 19:00:00,-2888.309374
2025-10-31 20:00:00,-2950.028523
2025-10-31 21:00:00,-2586.84183
2025-10-31 22:00:00,-2326.0
2025-10-31 23:00:00,-2287.0
2025-11-01 00:00:00,-2182.0
2025-11-01 01:00:00,-1843.0
2025-11-01 02:00:00,-1677.0
2025-11-01 03:00:00,-1099.0
2025-11-01 04:00:00,-1440.0
2025-11-01 05:00:00,-1796.0
2025-11-01 06:00:00,-1197.0
2025-11-01 07:00:00,-1259.0
2025-11-01 08:00:00,-1174.0
2025-11-01 09:00:00,-1691.0
2025-11-01 10:00:00,-1558.5
2025-11-01 11:00:00,-1487.5
2025-11-01 12:00:00,-965.0
2025-11-01 13:00:00,-739.0
2025-11-01 14:00:00,-949.0
2025-11-01 15:00:00,-1767.5
2025-11-01 16:00:00,-2007.0
2025-11-01 17:00:00,-2418.0
2025-11-01 18:00:00,-2603.0
2025-11-01 19:00:00,-2596.0
2025-11-01 20:00:00,-2987.0
2025-11-01 21:00:00,-3415.0
2025-11-01 22:00:00,-4086.0
2025-11-01 23:00:00,-4342.0
2025-11-02 00:00:00,-4381.0
2025-11-02 01:00:00,-4539.0
2025-11-02 02:00:00,-4701.0
2025-11-02 03:00:00,-4424.0
2025-11-02 04:00:00,-4070.0
2025-11-02 05:00:00,-4035.0
2025-11-02 06:00:00,-4387.5
2025-11-02 07:00:00,-4678.5
2025-11-02 08:00:00,-4787.5
2025-11-02 09:00:00,-3968.0
2025-11-02 10:00:00,-3386.5
2025-11-02 11:00:00,-3660.0
2025-11-02 12:00:00,-3533.5
2025-11-02 13:00:00,-2905.5
2025-11-02 14:00:00,-2732.5
2025-11-02 15:00:00,-2338.0
2025-11-02 16:00:00,-2163.0
2025-11-02 17:00:00,-2067.0
2025-11-02 18:00:00,-1787.0
2025-11-02 19:00:00,-1513.0
2025-11-02 20:00:00,-1430.0
2025-11-02 21:00:00,-1433.0
2025-11-02 22:00:00,-1477.0
2025-11-02 23:00:00,-1697.0
2025-11-03 00:00:00,-814.0
2025-11-03 01:00:00,-528.0
2025-11-03 02:00:00,-240.0
2025-11-03 03:00:00,-128.0
2025-11-03 04:00:00,-85.0
2025-11-03 05:00:00,53.0
2025-11-03 06:00:00,-8.5
2025-11-03 07:00:00,306.0
2025-11-03 08:00:00,560.0
2025-11-03 09:00:00,-142.0
2025-11-03 10:00:00,-523.0
2025-11-03 11:00:00,-618.0
2025-11-03 12:00:00,536.0
2025-11-03 13:00:00,873.5
2025-11-03 14:00:00,440.0
2025-11-03 15:00:00,-559.0
2025-11-03 16:00:00,-1158.0
2025-11-03 17:00:00,-1132.0
2025-11-03 18:00:00,-1912.0
2025-11-03 19:00:00,-2230.0
2025-11-03 20:00:00,-2506.0
2025-11-03 21:00:00,-2417.0
2025-11-03 22:00:00,-2476.0
2025-11-03 23:00:00,-2786.0
2025-11-04 00:00:00,-2360.0
2025-11-04 01:00:00,-1878.0
2025-11-04 02:00:00,-1903.0
2025-11-04 03:00:00,-2424.0
2025-11-04 04:00:00,-2648.0
2025-11-04 05:00:00,-2582.0
2025-11-04 06:00:00,-2142.5
2025-11-04 07:00:00,-2313.5
2025-11-04 08:00:00,-2435.0
2025-11-04 09:00:00,-2632.5
2025-11-04 10:00:00,-3006.5
2025-11-04 11:00:00,-3838.5
2025-11-04 12:00:00,-3629.5
2025-11-04 13:00:00,-3497.5
2025-11-04 14:00:00,-3494.0
2025-11-04 15:00:00,-3752.0
2025-11-04 16:00:00,-4168.0
2025-11-04 17:00:00,-4278.0
2025-11-04 18:00:00,-4060.0
2025-11-04 19:00:00,-4386.0
2025-11-04 20:00:00,-4633.0
2025-11-04 21:00:00,-4731.0
2025-11-04 22:00:00,-4765.0
2025-11-04 23:00:00,-4643.0
2025-11-05 00:00:00,-3946.0
2025-11-05 01:00:00,-4040.0
2025-11-05 02:00:00,-4146.0
2025-11-05 03:00:00,-3991.0
2025-11-05 04:00:00,-3833.0
2025-11-05 05:00:00,-3697.0
2025-11-05 06:00:00,-3595.0
2025-11-05 07:00:00,-3610.5
2025-11-05 08:00:00,-3167.0
2025-11-05 09:00:00,-4023.5
2025-11-05 10:00:00,-4199.5
2025-11-05 11:00:00,-3756.5
2025-11-05 12:00:00,-3304.5
2025-11-05 13:00:00,-2926.0
2025-11-05 14:00:00,-3424.5
2025-11-05 15:00:00,-3339.0
2025-11-05 16:00:00,-3632.0
2025-11-05 17:00:00,-3791.0
2025-11-05 18:00:00,-3888.0
2025-11-05 19:00:00,-3821.0
2025-11-05 20:00:00,-3629.0
2025-11-05 21:00:00,-3652.0
2025-11-05 22:00:00,-3916.0
2025-11-05 23:00:00,-3335.0
2025-11-06 00:00:00,-3517.0
2025-11-06 01:00:00,-3837.0
2025-11-06 02:00:00,-3618.0
2025-11-06 03:00:00,-3349.0
2025-11-06 04:00:00,-3320.0
2025-11-06 05:00:00,-2767.0
2025-11-06 06:00:00,-2760.0
2025-11-06 07:00:00,-2674.5
2025-11-06 08:00:00,-2174.5
2025-11-06 09:00:00,-1587.5
2025-11-06 10:00:00,-1375.0
2025-11-06 11:00:00,-1505.0
2025-11-06 12:00:00,-1014.5
2025-11-06 13:00:00,-677.0
2025-11-06 14:00:00,-983.5
2025-11-06 15:00:00,-1658.5
2025-11-06 16:00:00,-1891.0
2025-11-06 17:00:00,-2258.0
2025-11-06 18:00:00,-2496.0
2025-11-06 19:00:00,-2600.0
2025-11-06 20:00:00,-2677.0
2025-11-06 21:00:00,-2946.0
2025-11-06 22:00:00,-2756.0
2025-11-06 23:00:00,-2608.0
2025-11-07 00:00:00,-1616.0
2025-11-07 01:00:00,-1738.0
2025-11-07 02:00:00,-1932.0
2025-11-07 03:00:00,-1976.0
2025-11-07 04:00:00,-1645.0
2025-11-07 05:00:00,-1781.0
2025-11-07 06:00:00,-2135.0
2025-11-07 07:00:00,-2223.5
2025-11-07 08:00:00,-1733.0
2025-11-07 09:00:00,-1398.5
2025-11-07 10:00:00,-1477.0
2025-11-07 11:00:00,-1532.0
2025-11-07 12:00:00,-1791.0
2025-11-07 13:00:00,-1899.0
2025-11-07 14:00:00,-2066.0
2025-11-07 15:00:00,-2259.5
2025-11-07 16:00:00,-2374.0
2025-11-07 17:00:00,-2538.0
2025-11-07 18:00:00,-2531.0
2025-11-07 19:00:00,-2389.0
2025-11-07 20:00:00,-2179.0
2025-11-07 21:00:00,-2167.0
2025-11-07 22:00:00,-2372.0
2025-11-07 23:00:00,-2272.0
2025-11-08 00:00:00,-2409.0
2025-11-08 01:00:00,-2047.0
2025-11-08 02:00:00,-2032.0
2025-11-08 03:00:00,-1927.0
2025-11-08 04:00:00,-1841.0
2025-11-08 05:00:00,-1792.0
2025-11-08 06:00:00,-2116.0
2025-11-08 07:00:00,-1812.5
2025-11-08 08:00:00,-2018.0
2025-11-08 09:00:00,-1921.0
2025-11-08 10:00:00,-2013.5
2025-11-08 11:00:00,-2296.5
2025-11-08 12:00:00,-2184.0
2025-11-08 13:00:00,-1993.0
2025-11-08 14:00:00,-1200.0
2025-11-08 15:00:00,-1124.5
2025-11-08 16:00:00,-1589.0
2025-11-08 17:00:00,-1872.0
2025-11-08 18:00:00,-1905.0
2025-11-08 19:00:00,-1883.0
2025-11-08 20:00:00,-2004.0
2025-11-08 21:00:00,-2180.0
2025-11-08 22:00:00,-2070.0
2025-11-08 23:00:00,-1950.0
2025-11-09 00:00:00,-2322.0
2025-11-09 01:00:00,-2512.0
2025-11-09 02:00:00,-2400.0
2025-11-09 03:00:00,-2556.0
2025-11-09 04:00:00,-2328.0
2025-11-09 05:00:00,-2591.0
2025-11-09 06:00:00,-2623.0
2025-11-09 07:00:00,-2631.5
2025-11-09 08:00:00,-2731.5
2025-11-09 09:00:00,-2507.0
2025-11-09 10:00:00,-2452.5
2025-11-09 11:00:00,-2304.0
2025-11-09 12:00:00,-2398.0
2025-11-09 13:00:00,-2067.0
2025-11-09 14:00:00,-1949.0
2025-11-09 15:00:00,-2045.0
2025-11-09 16:00:00,-1970.0
2025-11-09 17:00:00,-1858.0
2025-11-09 18:00:00,-1701.0
2025-11-09 19:00:00,-1755.0
2025-11-09 20:00:00,-1766.0
2025-11-09 21:00:00,-1708.0
2025-11-09 22:00:00,-1723.0
2025-11-09 23:00:00,-2050.0
2025-11-10 00:00:00,-1879.0
2025-11-10 01:00:00,-1764.0
2025-11-10 02:00:00,-2028.0
2025-11-10 03:00:00,-2300.0
2025-11-10 04:00:00,-2282.0
2025-11-10 05:00:00,-2297.0
2025-11-10 06:00:00,-2203.0
2025-11-10 07:00:00,-1819.0
2025-11-10 08:00:00,-1859.5
2025-11-10 09:00:00,-2067.0
2025-11-10 10:00:00,-1932.5
2025-11-10 11:00:00,-1745.5
2025-11-10 12:00:00,-1753.5
2025-11-10 13:00:00,-1173.0
2025-11-10 14:00:00,-824.0
2025-11-10 15:00:00,-1272.0
2025-11-10 16:00:00,-1666.0
2025-11-10 17:00:00,-1707.0
2025-11-10 18:00:00,-1567.0
2025-11-10 19:00:00,-1564.0
2025-11-10 20:00:00,-1523.0
2025-11-10 21:00:00,-1582.0
2025-11-10 22:00:00,-1332.0
2025-11-10 23:00:00,-1120.0
2025-11-11 00:00:00,-825.0
2025-11-11 01:00:00,-950.0
2025-11-11 02:00:00,-1143.0
2025-11-11 03:00:00,-1029.0
2025-11-11 04:00:00,-1075.0
2025-11-11 05:00:00,-1034.0
2025-11-11 06:00:00,-1502.0
2025-11-11 07:00:00,-1471.0
2025-11-11 08:00:00,-1564.0
2025-11-11 09:00:00,-1641.5
2025-11-11 10:00:00,-1250.5
2025-11-11 11:00:00,-831.0
2025-11-11 12:00:00,-903.0
2025-11-11 13:00:00,-820.0
2025-11-11 14:00:00,-461.5
2025-11-11 15:00:00,-581.0
2025-11-11 16:00:00,-522.0
2025-11-11 17:00:00,-487.0
2025-11-11 18:00:00,-454.0
2025-11-11 19:00:00,-415.0
2025-11-11 20:00:00,-722.0
2025-11-11 21:00:00,-939.0
2025-11-11 22:00:00,-702.0
2025-11-11 23:00:00,-612.0
2025-11-12 00:00:00,-1186.0
2025-11-12 01:00:00,-1189.0
2025-11-12 02:00:00,-1330.0
2025-11-12 03:00:00,-1514.0
2025-11-12 04:00:00,-1634.0
2025-11-12 05:00:00,-1493.0
2025-11-12 06:00:00,-1473.0
2025-11-12 07:00:00,-1488.0
2025-11-12 08:00:00,-1564.0
2025-11-12 09:00:00,-1923.5
2025-11-12 10:00:00,-2264.0
2025-11-12 11:00:00,-2243.0
2025-11-12 12:00:00,-2119.0
2025-11-12 13:00:00,-2096.5
2025-11-12 14:00:00,-1859.0
2025-11-12 15:00:00,-2224.0
2025-11-12 16:00:00,-2867.0
2025-11-12 17:00:00,-2956.0
2025-11-12 18:00:00,-3077.0
2025-11-12 19:00:00,-3631.0
2025-11-12 20:00:00,-3655.0
2025-11-12 21:00:00,-4039.0
2025-11-12 22:00:00,-4536.0
2025-11-12 23:00:00,-4496.0
2025-11-13 00:00:00,-4310.0
2025-11-13 01:00:00,-4856.0
2025-11-13 02:00:00,-5271.0
2025-11-13 03:00:00,-5334.0
2025-11-13 04:00:00,-5399.0
2025-11-13 05:00:00,-5348.0
2025-11-13 06:00:00,-5201.0
2025-11-13 07:00:00,-5117.0
2025-11-13 08:00:00,-5126.5
2025-11-13 09:00:00,-5221.5
2025-11-13 10:00:00,-5055.0
2025-11-13 11:00:00,-5658.5
2025-11-13 12:00:00,-5288.0
2025-11-13 13:00:00,-5298.0
2025-11-13 14:00:00,-5446.0
2025-11-13 15:00:00,-5234.0
2025-11-13 16:00:00,-5168.0
2025-11-13 17:00:00,-5462.0
2025-11-13 18:00:00,-5711.0
2025-11-13 19:00:00,-6041.0
2025-11-13 20:00:00,-6147.0
2025-11-13 21:00:00,-6140.0
2025-11-13 22:00:00,-6152.0
2025-11-13 23:00:00,-6520.0
2025-11-14 00:00:00,-6659.0
2025-11-14 01:00:00,-7892.0
2025-11-14 02:00:00,-8723.0
2025-11-14 03:00:00,-4612.0
2025-11-14 04:00:00,-4497.0
2025-11-14 05:00:00,-3969.0
2025-11-14 06:00:00,-1669.0
2025-11-14 07:00:00,-930.5
2025-11-14 08:00:00,-1623.5
2025-11-14 09:00:00,-1892.5
2025-11-14 10:00:00,-2187.0
2025-11-14 11:00:00,-1964.5
2025-11-14 12:00:00,-1932.0
2025-11-14 13:00:00,-1629.0
2025-11-14 14:00:00,-1558.0
2025-11-14 15:00:00,-1454.0
2025-11-14 16:00:00,-1437.0
2025-11-14 17:00:00,-1550.0
2025-11-14 18:00:00,-1703.0
2025-11-14 19:00:00,-1932.0
2025-11-14 20:00:00,-2137.0
2025-11-14 21:00:00,-2245.0
2025-11-14 22:00:00,-2565.0
2025-11-14 23:00:00,-2971.0
2025-11-15 00:00:00,-3171.0
2025-11-15 01:00:00,-4183.0
2025-11-15 02:00:00,-4143.0
2025-11-15 03:00:00,-4894.0
2025-11-15 04:00:00,-4589.0
2025-11-15 05:00:00,-4935.0
2025-11-15 06:00:00,-4565.0
2025-11-15 07:00:00,-3783.0
2025-11-15 08:00:00,-3669.5
2025-11-15 09:00:00,-3284.0
2025-11-15 10:00:00,-2353.5
2025-11-15 11:00:00,-1840.5
2025-11-15 12:00:00,-3138.0
2025-11-15 13:00:00,-2730.5
2025-11-15 14:00:00,-2487.5
2025-11-15 15:00:00,-2829.0
2025-11-15 16:00:00,-3011.0
2025-11-15 17:00:00,-3429.0
2025-11-15 18:00:00,-3431.0
2025-11-15 19:00:00,-3078.0
2025-11-15 20:00:00,-3125.0
2025-11-15 21:00:00,-3145.0
2025-11-15 22:00:00,-3247.0
2025-11-15 23:00:00,-3364.0
2025-11-16 00:00:00,-3735.0
2025-11-16 01:00:00,-3712.0
2025-11-16 02:00:00,-3965.0
2025-11-16 03:00:00,-3870.0
2025-11-16 04:00:00,-3873.0
2025-11-16 05:00:00,-3987.0
2025-11-16 06:00:00,-3947.0
2025-11-16 07:00:00,-4121.0
2025-11-16 08:00:00,-3722.0
2025-11-16 09:00:00,-3880.0
2025-11-16 10:00:00,-3658.5
2025-11-16 11:00:00,-3171.5
2025-11-16 12:00:00,-3419.0
2025-11-16 13:00:00,-3476.0
2025-11-16 14:00:00,-3357.5
2025-11-16 15:00:00,-3253.0
2025-11-16 16:00:00,-3340.0
2025-11-16 17:00:00,-3393.0
2025-11-16 18:00:00,-2985.0
2025-11-16 19:00:00,-2574.0
2025-11-16 20:00:00,-2090.0
2025-11-16 21:00:00,-1544.0
2025-11-16 22:00:00,-602.0
2025-11-16 23:00:00,-916.0
2025-11-17 00:00:00,-1619.0
2025-11-17 01:00:00,-1506.0
2025-11-17 02:00:00,-1067.0
2025-11-17 03:00:00,-1183.0
2025-11-17 04:00:00,-1339.0
2025-11-17 05:00:00,-807.0
2025-11-17 06:00:00,-1291.0
2025-11-17 07:00:00,-1584.5
2025-11-17 08:00:00,-1718.0
2025-11-17 09:00:00,-1551.5
2025-11-17 10:00:00,-1303.0
2025-11-17 11:00:00,-1290.5
2025-11-17 12:00:00,-1753.0
2025-11-17 13:00:00,-1855.5
2025-11-17 14:00:00,-2169.5
2025-11-17 15:00:00,-2757.0
2025-11-17 16:00:00,-2593.0
2025-11-17 17:00:00,-2458.0
2025-11-17 18:00:00,-3152.0
2025-11-17 19:00:00,-2470.0
2025-11-17 20:00:00,-2129.0
2025-11-17 21:00:00,-2048.0
2025-11-17 22:00:00,-1688.0
2025-11-17 23:00:00,-2498.0
2025-11-18 00:00:00,-3807.0
2025-11-18 01:00:00,-3531.0
2025-11-18 02:00:00,-2911.0
2025-11-18 03:00:00,-3435.0
2025-11-18 04:00:00,-3604.0
2025-11-18 05:00:00,-3454.0
2025-11-18 06:00:00,-3043.0
2025-11-18 07:00:00,-2169.5
2025-11-18 08:00:00,-2308.0
2025-11-18 09:00:00,-3079.5
2025-11-18 10:00:00,-2834.0
2025-11-18 11:00:00,-2778.5
2025-11-18 12:00:00,-2415.0
2025-11-18 13:00:00,-2618.5
2025-11-18 14:00:00,-2479.0
2025-11-18 15:00:00,-2042.0
2025-11-18 16:00:00,-2566.0
2025-11-18 17:00:00,-2835.0
2025-11-18 18:00:00,-2895.0
2025-11-18 19:00:00,-2694.0
2025-11-18 20:00:00,-2899.0
2025-11-18 21:00:00,-2854.0
2025-11-18 22:00:00,-3223.0
2025-11-18 23:00:00,-3787.0
2025-11-19 00:00:00,-3738.0
2025-11-19 01:00:00,-3520.0
2025-11-19 02:00:00,-3018.0
2025-11-19 03:00:00,-2934.0
2025-11-19 04:00:00,-3129.0
2025-11-19 05:00:00,-3142.0
2025-11-19 06:00:00,-2962.0
2025-11-19 07:00:00,-2659.5
2025-11-19 08:00:00,-2498.5
2025-11-19 09:00:00,-2384.5
2025-11-19 10:00:00,-2696.0
2025-11-19 11:00:00,-3588.0
2025-11-19 12:00:00,-2088.5
2025-11-19 13:00:00,-2824.5
2025-11-19 14:00:00,-3762.0
2025-11-19 15:00:00,-3490.0
2025-11-19 16:00:00,-4056.0
2025-11-19 17:00:00,-4740.0
2025-11-19 18:00:00,-4440.0
2025-11-19 19:00:00,-4110.0
2025-11-19 20:00:00,-3967.0
2025-11-19 21:00:00,-3715.0
2025-11-19 22:00:00,-3404.0
2025-11-19 23:00:00,-3262.0
2025-11-20 00:00:00,-3658.0
2025-11-20 01:00:00,-3516.0
2025-11-20 02:00:00,-3584.0
2025-11-20 03:00:00,-3400.0
2025-11-20 04:00:00,-3106.0
2025-11-20 05:00:00,-3065.0
2025-11-20 07:00:00,-3425.0
2025-11-20 08:00:00,-3382.0
2025-11-20 09:00:00,-3091.5
2025-11-20 10:00:00,-3070.5
2025-11-20 11:00:00,-3097.5
2025-11-20 12:00:00,-2931.5
2025-11-20 13:00:00,-2704.0
2025-11-20 14:00:00,-3195.0
2025-11-20 15:00:00,-3501.0
2025-11-20 16:00:00,-3370.0
2025-11-20 17:00:00,-3287.0
2025-11-20 18:00:00,-3294.0
2025-11-20 19:00:00,-3524.0
2025-11-20 20:00:00,-3197.0
2025-11-20 21:00:00,-2825.0
2025-11-20 22:00:00,-2713.0
2025-11-20 23:00:00,-2541.0
2025-11-21 00:00:00,-2755.0
2025-11-21 01:00:00,-2860.0
2025-11-21 02:00:00,-3212.0
2025-11-21 03:00:00,-3597.0
2025-11-21 04:00:00,-4053.0
2025-11-21 05:00:00,-3532.0
2025-11-21 06:00:00,-3068.0
2025-11-21 07:00:00,-3696.0
2025-11-21 08:00:00,-4426.5
2025-11-21 09:00:00,-4533.0
2025-11-21 10:00:00,-4972.0
2025-11-21 11:00:00,-4519.0
2025-11-21 12:00:00,-3861.0
2025-11-21 13:00:00,-3564.0
2025-11-21 14:00:00,-3634.0
2025-11-21 15:00:00,-3591.0
2025-11-21 16:00:00,-3443.0
2025-11-21 17:00:00,-3136.0
2025-11-21 18:00:00,-2713.0
2025-11-21 19:00:00,-2224.0
2025-11-21 20:00:00,-2229.0
2025-11-21 21:00:00,-2687.0
2025-11-21 22:00:00,-2960.0
2025-11-21 23:00:00,-3423.0
2025-11-22 00:00:00,-3531.0
2025-11-22 01:00:00,-3743.0
2025-11-22 02:00:00,-3864.0
2025-11-22 03:00:00,-2984.0
2025-11-22 04:00:00,-3436.0
2025-11-22 05:00:00,-2794.0
2025-11-22 06:00:00,-2690.0
2025-11-22 07:00:00,-2781.0
2025-11-22 08:00:00,-2747.0
2025-11-22 09:00:00,-2276.0
2025-11-22 10:00:00,-1788.5
2025-11-22 11:00:00,-2085.5
2025-11-22 12:00:00,-2003.5
2025-11-22 13:00:00,-2165.5
2025-11-22 14:00:00,-2208.5
2025-11-22 15:00:00,-2447.0
2025-11-22 16:00:00,-2663.0
2025-11-22 17:00:00,-3050.0
2025-11-22 18:00:00,-3123.0
2025-11-22 19:00:00,-3094.0
2025-11-22 20:00:00,-3260.0
2025-11-22 21:00:00,-3484.0
2025-11-22 22:00:00,-3586.0
2025-11-22 23:00:00,-3712.0
2025-11-23 00:00:00,-3747.0
2025-11-23 01:00:00,-3445.0
2025-11-23 02:00:00,-3366.0
2025-11-23 03:00:00,-3478.0
2025-11-23 04:00:00,-3594.0
2025-11-23 05:00:00,-3479.0
2025-11-23 06:00:00,-2996.0
2025-11-23 07:00:00,-2910.5
2025-11-23 08:00:00,-2896.5
2025-11-23 09:00:00,-2655.5
2025-11-23 10:00:00,-2406.0
2025-11-23 11:00:00,-2630.0
2025-11-23 12:00:00,-1903.5
2025-11-23 13:00:00,-2262.0
2025-11-23 14:00:00,-2152.5
2025-11-23 15:00:00,-1868.0
2025-11-23 16:00:00,-1818.0
2025-11-23 17:00:00,-1715.0
2025-11-23 18:00:00,-1371.0
2025-11-23 19:00:00,-1690.0
2025-11-23 20:00:00,-942.0
2025-11-23 21:00:00,-551.0
2025-11-23 22:00:00,-228.0
2025-11-23 23:00:00,-158.0
2025-11-24 00:00:00,-249.0
2025-11-24 01:00:00,-50.0
2025-11-24 02:00:00,-188.0
2025-11-24 03:00:00,-294.0
2025-11-24 04:00:00,-207.0
2025-11-24 05:00:00,1.0
2025-11-24 06:00:00,55.0
2025-11-24 07:00:00,341.0
2025-11-24 08:00:00,212.0
2025-11-24 09:00:00,-142.0
2025-11-24 10:00:00,-453.5
2025-11-24 11:00:00,31.0
2025-11-24 12:00:00,-482.5
2025-11-24 13:00:00,-717.5
2025-11-24 14:00:00,-664.5
2025-11-24 15:00:00,-638.0
2025-11-24 16:00:00,-1534.0
2025-11-24 17:00:00,-1575.0
2025-11-24 18:00:00,-1809.0
2025-11-24 19:00:00,-1672.0
2025-11-24 20:00:00,-539.0
2025-11-24 21:00:00,-695.0
2025-11-24 22:00:00,-1352.0
2025-11-24 23:00:00,-1295.0
2025-11-25 00:00:00,-1206.0
2025-11-25 01:00:00,-1252.0
2025-11-25 02:00:00,-1273.0
2025-11-25 03:00:00,-785.0
2025-11-25 04:00:00,-698.0
2025-11-25 05:00:00,-706.0
2025-11-25 06:00:00,-679.0
2025-11-25 07:00:00,-269.5
2025-11-25 08:00:00,-245.5
2025-11-25 09:00:00,-228.5
2025-11-25 10:00:00,123.5
2025-11-25 11:00:00,317.5
2025-11-25 12:00:00,63.5
2025-11-25 13:00:00,493.5
2025-11-25 14:00:00,300.0
2025-11-25 15:00:00,43.0
2025-11-25 16:00:00,17.0
2025-11-25 17:00:00,-215.0
2025-11-25 18:00:00,-257.0
2025-11-25 19:00:00,-425.0
2025-11-25 20:00:00,-620.0
2025-11-25 21:00:00,-542.0
2025-11-25 22:00:00,-189.0
2025-11-25 23:00:00,283.0
2025-11-26 00:00:00,-255.0
2025-11-26 01:00:00,-517.0
2025-11-26 02:00:00,-672.0
2025-11-26 03:00:00,-1264.0
2025-11-26 04:00:00,-1420.0
2025-11-26 05:00:00,-1350.0
2025-11-26 06:00:00,-1253.0
2025-11-26 07:00:00,-982.5
2025-11-26 08:00:00,-1134.5
2025-11-26 09:00:00,-1271.0
2025-11-26 10:00:00,-573.0
2025-11-26 11:00:00,-882.0
2025-11-26 12:00:00,-1381.0
2025-11-26 13:00:00,-1656.0
2025-11-26 14:00:00,-1906.0
2025-11-26 15:00:00,-2358.0
2025-11-26 16:00:00,-2259.0
2025-11-26 17:00:00,-1917.0
2025-11-26 18:00:00,-2042.0
2025-11-26 19:00:00,-1946.0
2025-11-26 20:00:00,-1865.0
2025-11-26 21:00:00,-1799.0
2025-11-26 22:00:00,-2127.0
2025-11-26 23:00:00,-2354.0
2025-11-27 00:00:00,-2115.0
2025-11-27 01:00:00,-2203.0
2025-11-27 02:00:00,-1684.0
2025-11-27 03:00:00,-2055.0
2025-11-27 04:00:00,-1467.0
2025-11-27 05:00:00,-1454.0
2025-11-27 06:00:00,-1173.0
2025-11-27 07:00:00,-573.5
2025-11-27 08:00:00,-607.0
2025-11-27 09:00:00,-396.0
2025-11-27 10:00:00,127.5
2025-11-27 11:00:00,328.5
2025-11-27 12:00:00,-270.5
2025-11-27 13:00:00,-248.0
2025-11-27 14:00:00,869.0
2025-11-27 15:00:00,585.0
2025-11-27 16:00:00,-314.0
2025-11-27 17:00:00,-919.0
2025-11-27 18:00:00,-1439.0
2025-11-27 19:00:00,-1855.0
2025-11-27 20:00:00,-2610.0
2025-11-27 21:00:00,-3339.0
2025-11-27 22:00:00,-3771.0
2025-11-27 23:00:00,-4114.0
2025-11-28 00:00:00,-4612.0
2025-11-28 01:00:00,-4610.0
2025-11-28 02:00:00,-4785.0
2025-11-28 03:00:00,-4751.0
2025-11-28 04:00:00,-4617.0
2025-11-28 05:00:00,-4335.0
2025-11-28 06:00:00,-4471.0
2025-11-28 07:00:00,-4584.5
2025-11-28 08:00:00,-4746.5
2025-11-28 09:00:00,-4506.5
2025-11-28 10:00:00,-4692.5
2025-11-28 11:00:00,-4286.5
2025-11-28 12:00:00,-4331.5
2025-11-28 13:00:00,-4485.5
2025-11-28 14:00:00,-4402.0
2025-11-28 15:00:00,-4044.0
2025-11-28 16:00:00,-4384.0
2025-11-28 17:00:00,-4376.0
2025-11-28 18:00:00,-4477.0
2025-11-28 19:00:00,-4227.0
2025-11-28 20:00:00,-4263.0
2025-11-28 21:00:00,-3991.0
2025-11-28 22:00:00,-3927.0
2025-11-28 23:00:00,-4185.0
2025-11-29 00:00:00,-4341.0
2025-11-29 01:00:00,-4281.0
2025-11-29 02:00:00,-4658.0
2025-11-29 03:00:00,-4937.0
2025-11-29 04:00:00,-5149.0
2025-11-29 05:00:00,-5261.0
2025-11-29 06:00:00,-5263.0
2025-11-29 07:00:00,-5150.0
2025-11-29 08:00:00,-4750.5
2025-11-29 09:00:00,-4649.5
2025-11-29 10:00:00,-4225.0
2025-11-29 11:00:00,-4325.5
2025-11-29 12:00:00,-4061.0
2025-11-29 13:00:00,-3762.0
2025-11-29 14:00:00,-3917.5
2025-11-29 15:00:00,-3759.0
2025-11-29 16:00:00,-3776.0
2025-11-29 17:00:00,-3748.0
2025-11-29 18:00:00,-3153.0
2025-11-29 19:00:00,-3220.0
2025-11-29 20:00:00,-3403.0
2025-11-29 21:00:00,-3192.0
2025-11-29 22:00:00,-3201.0
2025-11-29 23:00:00,-3151.0
2025-11-30 00:00:00,-2622.0
2025-11-30 01:00:00,-2687.0
2025-11-30 02:00:00,-2838.0
2025-11-30 03:00:00,-2894.0
2025-11-30 04:00:00,-2659.0
2025-11-30 05:00:00,-2289.0
2025-11-30 06:00:00,-1881.0
2025-11-30 07:00:00,-1813.5
2025-11-30 08:00:00,-2119.5
2025-11-30 09:00:00,-2613.5
2025-11-30 10:00:00,-1923.0
2025-11-30 11:00:00,-2302.0
2025-11-30 12:00:00,-2628.5
2025-11-30 13:00:00,-2377.5
2025-11-30 14:00:00,-2646.0
2025-11-30 15:00:00,-3043.0
2025-11-30 16:00:00,-2989.0
2025-11-30 17:00:00,-2566.0
2025-11-30 18:00:00,-2616.0
2025-11-30 19:00:00,-2813.0
2025-11-30 20:00:00,-2936.0
2025-11-30 21:00:00,-3032.0
2025-11-30 22:00:00,-3076.0
2025-11-30 23:00:00,-3005.0
2025-12-01 00:00:00,-2667.0
2025-12-01 01:00:00,-2784.0
2025-12-01 02:00:00,-3330.0
2025-12-01 03:00:00,-3355.0
2025-12-01 04:00:00,-3430.0
2025-12-01 05:00:00,-3041.0
2025-12-01 06:00:00,-2643.0
2025-12-01 07:00:00,-2694.5
2025-12-01 08:00:00,-2731.0
2025-12-01 09:00:00,-2737.5
2025-12-01 10:00:00,-2580.0
2025-12-01 11:00:00,-2535.5
2025-12-01 12:00:00,-2374.0
2025-12-01 13:00:00,-2498.0
2025-12-01 14:00:00,-2371.5
2025-12-01 15:00:00,-2512.0
2025-12-01 16:00:00,-2491.0
2025-12-01 17:00:00,-2352.0
2025-12-01 18:00:00,-2596.0
2025-12-01 19:00:00,-2525.0
2025-12-01 20:00:00,-2366.0
2025-12-01 21:00:00,-2341.0
2025-12-01 22:00:00,-2692.0
2025-12-01 23:00:00,-2565.0
2025-12-02 00:00:00,-2587.0
2025-12-02 01:00:00,-2821.0
2025-12-02 02:00:00,-2854.0
2025-12-02 03:00:00,-2603.0
2025-12-02 04:00:00,-2353.0
2025-12-02 05:00:00,-2276.0
2025-12-02 06:00:00,-2179.0
2025-12-02 07:00:00,-1775.0
2025-12-02 08:00:00,-2304.5
2025-12-02 09:00:00,-3378.5
2025-12-02 10:00:00,-4259.5
2025-12-02 11:00:00,-3730.5
2025-12-02 12:00:00,-2764.0
2025-12-02 13:00:00,-2104.0
2025-12-02 14:00:00,-1887.5
2025-12-02 15:00:00,-1949.0
2025-12-02 16:00:00,-2301.0
2025-12-02 17:00:00,-2653.0
2025-12-02 18:00:00,-2582.0
2025-12-02 19:00:00,-2742.0
2025-12-02 20:00:00,-3072.0
2025-12-02 21:00:00,-3327.0
2025-12-02 22:00:00,-3388.0
2025-12-02 23:00:00,-3389.0
2025-12-03 00:00:00,-3185.0
2025-12-03 01:00:00,-2994.0
2025-12-03 02:00:00,-3016.0
2025-12-03 03:00:00,-2991.0
2025-12-03 04:00:00,-2838.0
2025-12-03 05:00:00,-2539.0
2025-12-03 06:00:00,-2180.0
2025-12-03 07:00:00,-2191.5
2025-12-03 08:00:00,-2148.0
2025-12-03 09:00:00,-1776.5
2025-12-03 10:00:00,-1832.5
2025-12-03 11:00:00,-1528.0
2025-12-03 12:00:00,-1229.5
2025-12-03 13:00:00,-1025.5
2025-12-03 14:00:00,-1214.5
2025-12-03 15:00:00,-1575.0
2025-12-03 16:00:00,-1589.0
2025-12-03 17:00:00,-1617.0
2025-12-03 18:00:00,-1444.0
2025-12-03 19:00:00,-1472.0
2025-12-03 20:00:00,-1629.0
2025-12-03 21:00:00,-1733.0
2025-12-03 22:00:00,-1667.0
2025-12-03 23:00:00,-1918.0
2025-12-04 00:00:00,-1921.0
2025-12-04 01:00:00,-1991.0
2025-12-04 02:00:00,-2086.0
2025-12-04 03:00:00,-2031.0
2025-12-04 04:00:00,-1887.0
2025-12-04 05:00:00,-1807.0
2025-12-04 06:00:00,-1626.0
2025-12-04 07:00:00,-1467.0
2025-12-04 08:00:00,-1742.5
2025-12-04 09:00:00,-1816.5
2025-12-04 10:00:00,-1925.0
2025-12-04 11:00:00,-1875.5
2025-12-04 12:00:00,-1875.5
2025-12-04 13:00:00,-1981.5
2025-12-04 14:00:00,-1571.0
2025-12-04 15:00:00,-1553.0
2025-12-04 16:00:00,-1538.0
2025-12-04 17:00:00,-1426.0
2025-12-04 18:00:00,-829.0
2025-12-04 19:00:00,-586.0
2025-12-04 20:00:00,-1140.0
2025-12-04 21:00:00,-1510.0
2025-12-04 22:00:00,-1457.0
2025-12-04 23:00:00,-1801.0
2025-12-05 00:00:00,-1325.0
2025-12-05 01:00:00,-1749.0
2025-12-05 02:00:00,-1991.0
2025-12-05 03:00:00,-2092.0
2025-12-05 04:00:00,-2062.0
2025-12-05 05:00:00,-1812.0
2025-12-05 06:00:00,-1979.0
2025-12-05 07:00:00,-2089.0
2025-12-05 08:00:00,-2248.5
2025-12-05 09:00:00,-2361.0
2025-12-05 10:00:00,-2346.5
2025-12-05 11:00:00,-1991.0
2025-12-05 12:00:00,-2011.5
2025-12-05 13:00:00,-2132.5
2025-12-05 14:00:00,-2242.0
2025-12-05 15:00:00,-2370.0
2025-12-05 16:00:00,-2675.0
2025-12-05 17:00:00,-2227.0
2025-12-05 18:00:00,-2104.0
2025-12-05 19:00:00,-3024.0
2025-12-05 20:00:00,-3175.0
2025-12-05 21:00:00,-3280.0
2025-12-05 22:00:00,-3569.0
2025-12-05 23:00:00,-3666.0
2025-12-06 00:00:00,-3457.0
2025-12-06 01:00:00,-3725.0
2025-12-06 02:00:00,-4099.0
2025-12-06 03:00:00,-4147.0
2025-12-06 04:00:00,-4224.0
2025-12-06 05:00:00,-4349.0
2025-12-06 06:00:00,-4152.0
2025-12-06 07:00:00,-4073.0
2025-12-06 08:00:00,-3990.0
2025-12-06 09:00:00,-4197.0
2025-12-06 10:00:00,-4223.0
2025-12-06 11:00:00,-4117.0
2025-12-06 12:00:00,-4078.0
2025-12-06 13:00:00,-3944.0
2025-12-06 14:00:00,-3837.5
2025-12-06 15:00:00,-3859.0
2025-12-06 16:00:00,-3990.0
2025-12-06 17:00:00,-4206.0
2025-12-06 18:00:00,-3830.0
2025-12-06 19:00:00,-3921.0
2025-12-06 20:00:00,-3878.0
2025-12-06 21:00:00,-3784.0
2025-12-06 22:00:00,-3740.0
2025-12-06 23:00:00,-3752.0
2025-12-07 00:00:00,-3535.0
2025-12-07 01:00:00,-3580.0
2025-12-07 02:00:00,-3539.0
2025-12-07 03:00:00,-3425.0
2025-12-07 04:00:00,-3377.0
2025-12-07 05:00:00,-3063.0
2025-12-07 06:00:00,-2981.0
2025-12-07 07:00:00,-3126.0
2025-12-07 08:00:00,-2957.0
2025-12-07 09:00:00,-3068.0
2025-12-07 10:00:00,-2995.0
2025-12-07 11:00:00,-3664.5
2025-12-07 12:00:00,-3156.0
2025-12-07 13:00:00,-3054.5
2025-12-07 14:00:00,-3019.0
2025-12-07 15:00:00,-3172.0
2025-12-07 16:00:00,-3287.0
2025-12-07 17:00:00,-3300.0
2025-12-07 18:00:00,-2907.0
2025-12-07 19:00:00,-2841.0
2025-12-07 20:00:00,-2731.0
2025-12-07 21:00:00,-2774.0
2025-12-07 22:00:00,-2779.0
2025-12-07 23:00:00,-2832.0
2025-12-08 00:00:00,-2797.0
2025-12-08 01:00:00,-3050.0
2025-12-08 02:00:00,-3099.0
2025-12-08 03:00:00,-3272.0
2025-12-08 04:00:00,-3442.0
2025-12-08 05:00:00,-3546.0
2025-12-08 06:00:00,-3378.0
2025-12-08 07:00:00,-3459.0
2025-12-08 08:00:00,-3695.0
2025-12-08 09:00:00,-3353.5
2025-12-08 10:00:00,-2690.5
2025-12-08 11:00:00,-3577.5
2025-12-08 12:00:00,-3864.5
2025-12-08 13:00:00,-4044.0
2025-12-08 14:00:00,-4295.5
2025-12-08 15:00:00,-5058.0
2025-12-08 16:00:00,-5934.0
2025-12-08 17:00:00,-5584.0
2025-12-08 18:00:00,-5139.0
2025-12-08 19:00:00,-4916.0
2025-12-08 20:00:00,-4946.0
2025-12-08 21:00:00,-5055.0
2025-12-08 22:00:00,-5017.0
2025-12-08 23:00:00,-5193.0
2025-12-09 00:00:00,-5185.0
2025-12-09 01:00:00,-5181.0
2025-12-09 02:00:00,-5299.0
2025-12-09 03:00:00,-4830.0
2025-12-09 04:00:00,-4617.0
2025-12-09 05:00:00,-4654.0
2025-12-09 06:00:00,-4065.0
2025-12-09 07:00:00,-3746.0
2025-12-09 08:00:00,-3933.0
2025-12-09 09:00:00,-4053.5
2025-12-09 10:00:00,-4062.0
2025-12-09 11:00:00,-3253.5
2025-12-09 12:00:00,-3470.0
2025-12-09 13:00:00,-3529.5
2025-12-09 14:00:00,-3512.5
2025-12-09 15:00:00,-3961.0
2025-12-09 16:00:00,-3560.0
2025-12-09 17:00:00,-3758.0
2025-12-09 18:00:00,-3964.0
2025-12-09 19:00:00,-3804.0
2025-12-09 20:00:00,-3072.0
2025-12-09 21:00:00,-2630.0
2025-12-09 22:00:00,-2320.0
2025-12-09 23:00:00,-2317.0
2025-12-10 00:00:00,-2441.0
2025-12-10 01:00:00,-2549.0
2025-12-10 02:00:00,-2517.0
2025-12-10 03:00:00,-2413.0
2025-12-10 04:00:00,-2090.0
2025-12-10 05:00:00,-1590.0
2025-12-10 06:00:00,-382.0
2025-12-10 07:00:00,-168.0
2025-12-10 08:00:00,-1427.0
2025-12-10 09:00:00,-1700.5
2025-12-10 10:00:00,-2309.5
2025-12-10 11:00:00,-3283.5
2025-12-10 12:00:00,-3802.0
2025-12-10 13:00:00,-4262.0
2025-12-10 14:00:00,-4491.5
2025-12-10 15:00:00,-4443.0
2025-12-10 16:00:00,-4471.0
2025-12-10 17:00:00,-4287.0
2025-12-10 18:00:00,-4032.0
2025-12-10 19:00:00,-4133.0
2025-12-10 20:00:00,-4073.0
2025-12-10 21:00:00,-4325.0
2025-12-10 22:00:00,-4529.0
2025-12-10 23:00:00,-4558.0
2025-12-11 00:00:00,-4116.0
2025-12-11 01:00:00,-4100.0
2025-12-11 02:00:00,-3989.0
2025-12-11 03:00:00,-3693.0
2025-12-11 04:00:00,-3501.0
2025-12-11 05:00:00,-4384.0
2025-12-11 06:00:00,-4145.0
2025-12-11 07:00:00,-4634.0
2025-12-11 08:00:00,-4427.5
2025-12-11 09:00:00,-4606.5
2025-12-11 10:00:00,-4752.0
2025-12-11 11:00:00,-4059.5
2025-12-11 12:00:00,-3824.0
2025-12-11 13:00:00,-3584.5
2025-12-11 14:00:00,-2688.5
2025-12-11 15:00:00,-3349.0
2025-12-11 16:00:00,-3151.0
2025-12-11 17:00:00,-2707.0
2025-12-11 18:00:00,-2628.0
2025-12-11 19:00:00,-2193.0
2025-12-11 20:00:00,-2906.0
2025-12-11 21:00:00,-3303.0
2025-12-11 22:00:00,-3562.0
2025-12-11 23:00:00,-3748.0
2025-12-12 00:00:00,-3534.0
2025-12-12 01:00:00,-4019.0
2025-12-12 02:00:00,-4087.0
2025-12-12 03:00:00,-4883.0
2025-12-12 04:00:00,-4981.0
2025-12-12 05:00:00,-3775.0
2025-12-12 06:00:00,-3013.0
2025-12-12 07:00:00,-2509.0
2025-12-12 08:00:00,-2336.5
2025-12-12 09:00:00,-3803.0
2025-12-12 10:00:00,-3947.0
2025-12-12 11:00:00,-3974.0
2025-12-12 12:00:00,-4011.0
2025-12-12 13:00:00,-3441.5
2025-12-12 14:00:00,-3007.0
2025-12-12 15:00:00,-3028.0
2025-12-12 16:00:00,-3790.0
2025-12-12 17:00:00,-3141.0
2025-12-12 18:00:00,-2225.0
2025-12-12 19:00:00,-1564.0
2025-12-12 20:00:00,-1324.0
