datetime,residual_demand
2024-12-12 22:00:00,2190.4700000000003
2024-12-12 23:00:00,1824.5299999999997
2024-12-13 00:00:00,1517.13
2024-12-13 01:00:00,1026.37
2024-12-13 02:00:00,1358.4700000000003
2024-12-13 03:00:00,1408.8599999999997
2024-12-13 04:00:00,1883.21
2024-12-13 05:00:00,2417.6000000000004
2024-12-13 06:00:00,2985.62
2024-12-13 07:00:00,2766.25
2024-12-13 08:00:00,2135.1499999999996
2024-12-13 09:00:00,2497.66
2024-12-13 10:00:00,2816.7
2024-12-13 11:00:00,2956.84
2024-12-13 12:00:00,3360.87
2024-12-13 13:00:00,3811.42
2024-12-13 14:00:00,4116.04
2024-12-13 15:00:00,4672.59
2024-12-13 16:00:00,5902.31
2024-12-13 17:00:00,6059.6
2024-12-13 18:00:00,5572.29
2024-12-13 19:00:00,4944.27
2024-12-13 20:00:00,4130.58
2024-12-13 21:00:00,3532.62
2024-12-13 22:00:00,2617.7
2024-12-13 23:00:00,1944.3900000000003
2024-12-14 00:00:00,1463.9799999999996
2024-12-14 01:00:00,1968.46
2024-12-14 02:00:00,1615.5100000000002
2024-12-14 03:00:00,1691.42
2024-12-14 04:00:00,1873.5
2024-12-14 05:00:00,2126.5299999999997
2024-12-14 06:00:00,2576.13
2024-12-14 07:00:00,2030.17
2024-12-14 08:00:00,1812.33
2024-12-14 09:00:00,1495.63
2024-12-14 10:00:00,1331.37
2024-12-14 11:00:00,1283.54
2024-12-14 12:00:00,1230.0299999999997
2024-12-14 13:00:00,2040.1999999999998
2024-12-14 14:00:00,2081.0299999999997
2024-12-14 15:00:00,2737.84
2024-12-14 16:00:00,2791.74
2024-12-14 17:00:00,2600.17
2024-12-14 18:00:00,2761.62
2024-12-14 19:00:00,2463.54
2024-12-14 20:00:00,1739.5200000000004
2024-12-14 21:00:00,1743.7299999999996
2024-12-14 22:00:00,2637.12
2024-12-14 23:00:00,2571.75
2024-12-15 00:00:00,2432.99
2024-12-15 01:00:00,2662.2
2024-12-15 02:00:00,2764.2299999999996
2024-12-15 03:00:00,3021.4300000000003
2024-12-15 04:00:00,3512.17
2024-12-15 05:00:00,4295.12
2024-12-15 06:00:00,4804.8
2024-12-15 07:00:00,4344.17
2024-12-15 08:00:00,3052.7
2024-12-15 09:00:00,2133.0299999999997
2024-12-15 10:00:00,2062.9300000000003
2024-12-15 11:00:00,2184.4399999999996
2024-12-15 12:00:00,1534.5900000000001
2024-12-15 13:00:00,-130.6899999999996
2024-12-15 14:00:00,405.64999999999964
2024-12-15 15:00:00,859.5100000000002
2024-12-15 16:00:00,672.2200000000003
2024-12-15 17:00:00,975.5799999999999
2024-12-15 18:00:00,895.8999999999996
2024-12-15 19:00:00,613.3400000000001
2024-12-15 20:00:00,411.02000000000044
2024-12-15 21:00:00,679.4399999999996
2024-12-15 22:00:00,263.90999999999985
2024-12-15 23:00:00,-101.51000000000022
2024-12-16 00:00:00,-286.1999999999998
2024-12-16 01:00:00,-135.6800000000003
2024-12-16 02:00:00,98.77000000000044
2024-12-16 03:00:00,709.8599999999997
2024-12-16 04:00:00,1776.2299999999996
2024-12-16 05:00:00,2483.8500000000004
2024-12-16 06:00:00,2728.6000000000004
2024-12-16 07:00:00,2114.05
2024-12-16 08:00:00,1053.88
2024-12-16 09:00:00,703.8400000000001
2024-12-16 10:00:00,285.0600000000004
2024-12-16 11:00:00,307.4300000000003
2024-12-16 12:00:00,-57.17000000000007
2024-12-16 13:00:00,475.03999999999996
2024-12-16 14:00:00,1908.3500000000004
2024-12-16 15:00:00,2404.2700000000004
2024-12-16 16:00:00,2540.8599999999997
2024-12-16 17:00:00,2749.58
2024-12-16 18:00:00,2956.91
2024-12-16 19:00:00,3488.87
2024-12-16 20:00:00,3492.6000000000004
2024-12-16 21:00:00,3076.76
2024-12-16 22:00:00,2811.51
2024-12-16 23:00:00,2773.3100000000004
2024-12-17 00:00:00,2632.0600000000004
2024-12-17 01:00:00,3208.99
2024-12-17 02:00:00,3326.58
2024-12-17 03:00:00,3701.5600000000004
2024-12-17 04:00:00,4239.06
2024-12-17 05:00:00,4763.54
2024-12-17 06:00:00,5095.93
2024-12-17 07:00:00,4467.42
2024-12-17 08:00:00,3520.75
2024-12-17 09:00:00,3195.7
2024-12-17 10:00:00,2845.12
2024-12-17 11:00:00,2964.1800000000003
2024-12-17 12:00:00,2890.45
2024-12-17 13:00:00,3451.75
2024-12-17 14:00:00,4138.85
2024-12-17 15:00:00,4935.91
2024-12-17 16:00:00,5220.9
2024-12-17 17:00:00,5207.92
2024-12-17 18:00:00,5203.95
2024-12-17 19:00:00,4249.91
2024-12-17 20:00:00,4667.96
2024-12-17 21:00:00,3505.7700000000004
2024-12-17 22:00:00,2808.88
2024-12-17 23:00:00,2534.4799999999996
2024-12-18 00:00:00,2698.94
2024-12-18 01:00:00,2845.18
2024-12-18 02:00:00,3225.25
2024-12-18 03:00:00,3449.76
2024-12-18 04:00:00,4031.87
2024-12-18 05:00:00,4707.28
2024-12-18 06:00:00,5032.0
2024-12-18 07:00:00,4515.29
2024-12-18 08:00:00,3699.21
2024-12-18 09:00:00,3432.0200000000004
2024-12-18 10:00:00,3496.66
2024-12-18 11:00:00,3567.12
2024-12-18 12:00:00,3579.2700000000004
2024-12-18 13:00:00,3880.6400000000003
2024-12-18 14:00:00,4516.23
2024-12-18 15:00:00,4940.84
2024-12-18 16:00:00,5174.12
2024-12-18 17:00:00,5304.66
2024-12-18 18:00:00,5393.82
2024-12-18 19:00:00,5160.65
2024-12-18 20:00:00,4825.01
2024-12-18 21:00:00,4408.55
2024-12-18 22:00:00,4097.75
2024-12-18 23:00:00,3663.58
2024-12-19 00:00:00,3692.32
2024-12-19 01:00:00,3672.6899999999996
2024-12-19 02:00:00,3822.3199999999997
2024-12-19 03:00:00,3957.1000000000004
2024-12-19 04:00:00,4355.99
2024-12-19 05:00:00,4969.78
2024-12-19 06:00:00,5305.69
2024-12-19 07:00:00,5039.27
2024-12-19 08:00:00,3734.7799999999997
2024-12-19 09:00:00,3350.66
2024-12-19 10:00:00,2922.3
2024-12-19 11:00:00,2673.33
2024-12-19 12:00:00,2611.3999999999996
2024-12-19 13:00:00,2813.96
2024-12-19 14:00:00,3270.95
2024-12-19 15:00:00,4294.93
2024-12-19 16:00:00,5056.01
2024-12-19 17:00:00,5088.96
2024-12-19 18:00:00,4649.91
2024-12-19 19:00:00,4396.7
2024-12-19 20:00:00,4203.71
2024-12-19 21:00:00,3548.05
2024-12-19 22:00:00,3236.2799999999997
2024-12-19 23:00:00,3445.6099999999997
2024-12-20 00:00:00,3222.1000000000004
2024-12-20 01:00:00,3279.74
2024-12-20 02:00:00,3376.0
2024-12-20 03:00:00,3760.3199999999997
2024-12-20 04:00:00,4418.85
2024-12-20 05:00:00,4947.77
2024-12-20 06:00:00,5311.05
2024-12-20 07:00:00,4772.86
2024-12-20 08:00:00,3725.6099999999997
2024-12-20 09:00:00,3095.92
2024-12-20 10:00:00,2795.0600000000004
2024-12-20 11:00:00,2775.58
2024-12-20 12:00:00,2558.92
2024-12-20 13:00:00,2583.67
2024-12-20 14:00:00,3131.62
2024-12-20 15:00:00,4086.84
2024-12-20 16:00:00,4793.64
2024-12-20 17:00:00,5298.14
2024-12-20 18:00:00,5154.74
2024-12-20 19:00:00,4099.93
2024-12-20 20:00:00,3729.5200000000004
2024-12-20 21:00:00,4269.95
2024-12-20 22:00:00,4284.07
2024-12-20 23:00:00,1359.21
2024-12-21 00:00:00,1458.0900000000001
2024-12-21 01:00:00,2552.19
2024-12-21 02:00:00,1411.69
2024-12-21 03:00:00,412.7600000000002
2024-12-21 04:00:00,-198.1300000000001
2024-12-21 05:00:00,505.9499999999998
2024-12-21 06:00:00,818.8000000000002
2024-12-21 07:00:00,724.6199999999999
2024-12-21 08:00:00,985.9200000000001
2024-12-21 09:00:00,1228.6499999999996
2024-12-21 10:00:00,975.1199999999999
2024-12-21 11:00:00,796.1999999999998
2024-12-21 12:00:00,437.3199999999997
2024-12-21 13:00:00,687.4099999999999
2024-12-21 14:00:00,1251.0500000000002
2024-12-21 15:00:00,1600.7799999999997
2024-12-21 16:00:00,1685.21
2024-12-21 17:00:00,1341.42
2024-12-21 18:00:00,1129.6400000000003
2024-12-21 19:00:00,679.5200000000004
2024-12-21 20:00:00,515.0200000000004
2024-12-21 21:00:00,393.60000000000036
2024-12-21 22:00:00,329.90999999999985
2024-12-21 23:00:00,-58.81999999999971
2024-12-22 00:00:00,-159.3800000000001
2024-12-22 01:00:00,-453.39999999999964
2024-12-22 02:00:00,-46.60999999999967
2024-12-22 03:00:00,462.77000000000044
2024-12-22 04:00:00,1135.96
2024-12-22 05:00:00,1805.4499999999998
2024-12-22 06:00:00,2745.75
2024-12-22 07:00:00,2757.5699999999997
2024-12-22 08:00:00,2968.12
2024-12-22 09:00:00,3207.7299999999996
2024-12-22 10:00:00,3181.3599999999997
2024-12-22 11:00:00,3316.29
2024-12-22 12:00:00,3428.76
2024-12-22 13:00:00,3567.2
2024-12-22 14:00:00,4421.14
2024-12-22 15:00:00,4623.12
2024-12-22 16:00:00,4950.14
2024-12-22 17:00:00,4526.11
2024-12-22 18:00:00,4236.58
2024-12-22 19:00:00,4076.8199999999997
2024-12-22 20:00:00,3789.51
2024-12-22 21:00:00,3362.24
2024-12-22 22:00:00,2807.1499999999996
2024-12-22 23:00:00,2207.4799999999996
2024-12-23 00:00:00,2708.95
2024-12-23 01:00:00,2603.2
2024-12-23 02:00:00,1653.67
2024-12-23 03:00:00,2910.5200000000004
2024-12-23 04:00:00,3127.54
2024-12-23 05:00:00,3729.83
2024-12-23 06:00:00,4180.79
2024-12-23 07:00:00,3630.16
2024-12-23 08:00:00,3147.04
2024-12-23 09:00:00,2212.2299999999996
2024-12-23 10:00:00,1800.5500000000002
2024-12-23 11:00:00,1025.5
2024-12-23 12:00:00,847.8999999999996
2024-12-23 13:00:00,815.1000000000004
2024-12-23 14:00:00,1247.4700000000003
2024-12-23 15:00:00,1894.8199999999997
2024-12-23 16:00:00,2104.49
2024-12-23 17:00:00,2599.71
2024-12-23 18:00:00,3662.62
2024-12-23 19:00:00,4166.59
2024-12-23 20:00:00,2772.3900000000003
2024-12-23 21:00:00,2560.16
2024-12-23 22:00:00,2586.8599999999997
2024-12-23 23:00:00,2941.3599999999997
2024-12-24 00:00:00,3804.24
2024-12-24 01:00:00,3544.7
2024-12-24 02:00:00,3400.01
2024-12-24 03:00:00,3976.42
2024-12-24 04:00:00,3250.7700000000004
2024-12-24 05:00:00,3115.58
2024-12-24 06:00:00,1926.8100000000004
2024-12-24 07:00:00,2636.5299999999997
2024-12-24 08:00:00,2359.8500000000004
2024-12-24 09:00:00,2550.29
2024-12-24 10:00:00,2794.2299999999996
2024-12-24 11:00:00,3011.3500000000004
2024-12-24 12:00:00,2798.24
2024-12-24 13:00:00,1922.5900000000001
2024-12-24 14:00:00,2302.59
2024-12-24 15:00:00,2525.24
2024-12-24 16:00:00,2908.5299999999997
2024-12-24 17:00:00,2174.6899999999996
2024-12-24 18:00:00,1987.5699999999997
2024-12-24 19:00:00,1951.5900000000001
2024-12-24 20:00:00,2154.5
2024-12-24 21:00:00,1816.9300000000003
2024-12-24 22:00:00,1623.8999999999996
2024-12-24 23:00:00,1452.96
2024-12-25 00:00:00,893.9000000000001
2024-12-25 01:00:00,336.1300000000001
2024-12-25 02:00:00,162.92999999999984
2024-12-25 03:00:00,94.69000000000005
2024-12-25 04:00:00,20.659999999999854
2024-12-25 05:00:00,-30.229999999999563
2024-12-25 06:00:00,508.9200000000001
2024-12-25 07:00:00,1084.9399999999996
2024-12-25 08:00:00,2044.8199999999997
2024-12-25 09:00:00,2095.2
2024-12-25 10:00:00,2414.92
2024-12-25 11:00:00,1889.5
2024-12-25 12:00:00,1788.5
2024-12-25 13:00:00,1522.3000000000002
2024-12-25 14:00:00,1942.2299999999996
2024-12-25 15:00:00,1460.8599999999997
2024-12-25 16:00:00,1413.6499999999996
2024-12-25 17:00:00,1484.6499999999996
2024-12-25 18:00:00,1045.08
2024-12-25 19:00:00,578.6899999999996
2024-12-25 20:00:00,360.89999999999964
2024-12-25 21:00:00,-275.1099999999997
2024-12-25 22:00:00,-154.64000000000033
2024-12-25 23:00:00,-508.39999999999964
2024-12-26 00:00:00,-605.25
2024-12-26 01:00:00,649.4000000000001
2024-12-26 02:00:00,338.5999999999999
2024-12-26 03:00:00,-216.30999999999995
2024-12-26 04:00:00,461.14999999999964
2024-12-26 05:00:00,2930.04
2024-12-26 06:00:00,3580.9700000000003
2024-12-26 07:00:00,2528.1400000000003
2024-12-26 08:00:00,2104.3
2024-12-26 09:00:00,2835.04
2024-12-26 10:00:00,2879.76
2024-12-26 11:00:00,3565.04
2024-12-26 12:00:00,3662.37
2024-12-26 13:00:00,4534.3
2024-12-26 14:00:00,3918.6899999999996
2024-12-26 15:00:00,4613.18
2024-12-26 16:00:00,3917.9300000000003
2024-12-26 17:00:00,3837.7799999999997
2024-12-26 18:00:00,3236.9300000000003
2024-12-26 19:00:00,2825.91
2024-12-26 20:00:00,3125.21
2024-12-26 21:00:00,3349.0699999999997
2024-12-26 22:00:00,3236.4700000000003
2024-12-26 23:00:00,3169.2799999999997
2024-12-27 00:00:00,2703.5200000000004
2024-12-27 01:00:00,2591.6400000000003
2024-12-27 02:00:00,2187.8199999999997
2024-12-27 03:00:00,2025.2700000000004
2024-12-27 04:00:00,2549.7799999999997
2024-12-27 05:00:00,3343.2
2024-12-27 06:00:00,3910.84
2024-12-27 07:00:00,3798.2799999999997
2024-12-27 08:00:00,3878.71
2024-12-27 09:00:00,3396.96
2024-12-27 10:00:00,3038.12
2024-12-27 11:00:00,2882.8
2024-12-27 12:00:00,2866.05
2024-12-27 13:00:00,2438.9700000000003
2024-12-27 14:00:00,2193.6000000000004
2024-12-27 15:00:00,2284.3500000000004
2024-12-27 16:00:00,2939.62
2024-12-27 17:00:00,2973.25
2024-12-27 18:00:00,2809.34
2024-12-27 19:00:00,2569.2700000000004
2024-12-27 20:00:00,2455.1400000000003
2024-12-27 21:00:00,2281.1800000000003
2024-12-27 22:00:00,2050.34
2024-12-27 23:00:00,2461.66
2024-12-28 00:00:00,2751.8100000000004
2024-12-28 01:00:00,3662.5299999999997
2024-12-28 02:00:00,3834.4300000000003
2024-12-28 03:00:00,4145.66
2024-12-28 04:00:00,4141.69
2024-12-28 05:00:00,4211.91
2024-12-28 06:00:00,4534.42
2024-12-28 07:00:00,4363.6
2024-12-28 08:00:00,4566.3
2024-12-28 09:00:00,4689.04
2024-12-28 10:00:00,5183.9
2024-12-28 11:00:00,4824.56
2024-12-28 12:00:00,4407.13
2024-12-28 13:00:00,4441.82
2024-12-28 14:00:00,4924.14
2024-12-28 15:00:00,5621.08
2024-12-28 16:00:00,5913.87
2024-12-28 17:00:00,5412.66
2024-12-28 18:00:00,4579.44
2024-12-28 19:00:00,4331.65
2024-12-28 20:00:00,4124.48
2024-12-28 21:00:00,3973.55
2024-12-28 22:00:00,3661.54
2024-12-28 23:00:00,3254.46
2024-12-29 00:00:00,2902.84
2024-12-29 01:00:00,2968.5299999999997
2024-12-29 02:00:00,2895.5699999999997
2024-12-29 03:00:00,3175.33
2024-12-29 04:00:00,3667.7700000000004
2024-12-29 05:00:00,3858.8999999999996
2024-12-29 06:00:00,4267.68
2024-12-29 07:00:00,3995.92
2024-12-29 08:00:00,4196.36
2024-12-29 09:00:00,4391.03
2024-12-29 10:00:00,4451.2
2024-12-29 11:00:00,3827.1099999999997
2024-12-29 12:00:00,2778.99
2024-12-29 13:00:00,2584.59
2024-12-29 14:00:00,2877.1499999999996
2024-12-29 15:00:00,4345.01
2024-12-29 16:00:00,5370.47
2024-12-29 17:00:00,5537.14
2024-12-29 18:00:00,5076.37
2024-12-29 19:00:00,4434.37
2024-12-29 20:00:00,4199.07
2024-12-29 21:00:00,3930.16
2024-12-29 22:00:00,3676.29
2024-12-29 23:00:00,3314.5299999999997
2024-12-30 00:00:00,3240.5
2024-12-30 01:00:00,3176.2299999999996
2024-12-30 02:00:00,3342.79
2024-12-30 03:00:00,3611.6499999999996
2024-12-30 04:00:00,4051.63
2024-12-30 05:00:00,4183.47
2024-12-30 06:00:00,4746.45
2024-12-30 07:00:00,4579.4
2024-12-30 08:00:00,4178.21
2024-12-30 09:00:00,3716.37
2024-12-30 10:00:00,3573.84
2024-12-30 11:00:00,3307.6099999999997
2024-12-30 12:00:00,3210.8100000000004
2024-12-30 13:00:00,3645.74
2024-12-30 14:00:00,4356.05
2024-12-30 15:00:00,4862.41
2024-12-30 16:00:00,4784.05
2024-12-30 17:00:00,4645.77
2024-12-30 18:00:00,4733.4
2024-12-30 19:00:00,4732.52
2024-12-30 20:00:00,4606.84
2024-12-30 21:00:00,4330.88
2024-12-30 22:00:00,4013.5299999999997
2024-12-30 23:00:00,3861.9700000000003
2024-12-31 00:00:00,3769.16
2024-12-31 01:00:00,3731.34
2024-12-31 02:00:00,3721.3
2024-12-31 03:00:00,3718.3
2024-12-31 04:00:00,3791.51
2024-12-31 05:00:00,4266.02
2024-12-31 06:00:00,4767.84
2024-12-31 07:00:00,4700.27
2024-12-31 08:00:00,4271.73
2024-12-31 09:00:00,4251.84
2024-12-31 10:00:00,4296.72
2024-12-31 11:00:00,4159.93
2024-12-31 12:00:00,4056.9799999999996
2024-12-31 13:00:00,4381.45
2024-12-31 14:00:00,5660.99
2024-12-31 15:00:00,6058.37
2024-12-31 16:00:00,6355.5
2024-12-31 17:00:00,6084.83
2024-12-31 18:00:00,5437.69
2024-12-31 19:00:00,4954.87
2024-12-31 20:00:00,4796.82
2024-12-31 21:00:00,4725.12
2024-12-31 22:00:00,4514.48
2024-12-31 23:00:00,4416.18
2025-01-01 00:00:00,4271.0
2025-01-01 01:00:00,3929.7200000000003
2025-01-01 02:00:00,3871.6000000000004
2025-01-01 03:00:00,3886.5
2025-01-01 04:00:00,3853.3199999999997
2025-01-01 05:00:00,3912.33
2025-01-01 06:00:00,4076.49
2025-01-01 07:00:00,3938.37
2025-01-01 08:00:00,3094.95
2025-01-01 09:00:00,3072.75
2025-01-01 10:00:00,2883.96
2025-01-01 11:00:00,2634.55
2025-01-01 12:00:00,2582.74
2025-01-01 13:00:00,2981.7700000000004
2025-01-01 14:00:00,3744.4700000000003
2025-01-01 15:00:00,4463.12
2025-01-01 16:00:00,5035.82
2025-01-01 17:00:00,5179.66
2025-01-01 18:00:00,4978.0
2025-01-01 19:00:00,4823.58
2025-01-01 20:00:00,4609.75
2025-01-01 21:00:00,4357.42
2025-01-01 22:00:00,4077.51
2025-01-01 23:00:00,3846.6400000000003
2025-01-02 00:00:00,3709.67
2025-01-02 01:00:00,3569.33
2025-01-02 02:00:00,3751.8100000000004
2025-01-02 03:00:00,3856.0200000000004
2025-01-02 04:00:00,4164.02
2025-01-02 05:00:00,4631.81
2025-01-02 06:00:00,5086.16
2025-01-02 07:00:00,5188.73
2025-01-02 08:00:00,3856.2799999999997
2025-01-02 09:00:00,3102.7
2025-01-02 10:00:00,2781.0600000000004
2025-01-02 11:00:00,2857.6000000000004
2025-01-02 12:00:00,3072.55
2025-01-02 13:00:00,4190.7
2025-01-02 14:00:00,4734.74
2025-01-02 15:00:00,5499.17
2025-01-02 16:00:00,5637.69
2025-01-02 17:00:00,5553.16
2025-01-02 18:00:00,5460.92
2025-01-02 19:00:00,5188.79
2025-01-02 20:00:00,4987.82
2025-01-02 21:00:00,4557.52
2025-01-02 22:00:00,4158.21
2025-01-02 23:00:00,3866.5600000000004
2025-01-03 00:00:00,3661.5200000000004
2025-01-03 01:00:00,3628.3
2025-01-03 02:00:00,3664.2299999999996
2025-01-03 03:00:00,3662.9399999999996
2025-01-03 04:00:00,3850.59
2025-01-03 05:00:00,4022.8999999999996
2025-01-03 06:00:00,4416.26
2025-01-03 07:00:00,4319.74
2025-01-03 08:00:00,3059.6499999999996
2025-01-03 09:00:00,2545.12
2025-01-03 10:00:00,2918.91
2025-01-03 11:00:00,3912.12
2025-01-03 12:00:00,4709.8
2025-01-03 13:00:00,4597.63
2025-01-03 14:00:00,4829.35
2025-01-03 15:00:00,5426.97
2025-01-03 16:00:00,5368.0
2025-01-03 17:00:00,4808.26
2025-01-03 18:00:00,5001.31
2025-01-03 19:00:00,4078.8199999999997
2025-01-03 20:00:00,3659.2200000000003
2025-01-03 21:00:00,3148.17
2025-01-03 22:00:00,1501.9499999999998
2025-01-03 23:00:00,234.22999999999956
2025-01-04 00:00:00,-482.27999999999975
2025-01-04 01:00:00,-1356.6099999999997
2025-01-04 02:00:00,-944.9099999999999
2025-01-04 03:00:00,-501.0500000000002
2025-01-04 04:00:00,412.3800000000001
2025-01-04 05:00:00,1618.2600000000002
2025-01-04 06:00:00,2274.3100000000004
2025-01-04 07:00:00,2967.88
2025-01-04 08:00:00,2917.37
2025-01-04 09:00:00,3002.7799999999997
2025-01-04 10:00:00,3354.17
2025-01-04 11:00:00,3844.0699999999997
2025-01-04 12:00:00,4189.36
2025-01-04 13:00:00,2844.55
2025-01-04 14:00:00,3417.8500000000004
2025-01-04 15:00:00,4857.7
2025-01-04 16:00:00,5688.74
2025-01-04 17:00:00,5824.55
2025-01-04 18:00:00,5407.5
2025-01-04 19:00:00,5405.98
2025-01-04 20:00:00,5357.96
2025-01-04 21:00:00,5181.89
2025-01-04 22:00:00,4547.86
2025-01-04 23:00:00,4370.69
2025-01-05 00:00:00,3448.6099999999997
2025-01-05 01:00:00,2799.46
2025-01-05 02:00:00,3401.4700000000003
2025-01-05 03:00:00,3090.55
2025-01-05 04:00:00,3196.8
2025-01-05 05:00:00,3263.3599999999997
2025-01-05 06:00:00,3686.7299999999996
2025-01-05 07:00:00,3174.9700000000003
2025-01-05 08:00:00,3279.5600000000004
2025-01-05 09:00:00,2557.79
2025-01-05 10:00:00,2791.0200000000004
2025-01-05 11:00:00,2351.0600000000004
2025-01-05 12:00:00,1918.1800000000003
2025-01-05 13:00:00,2746.66
2025-01-05 14:00:00,2893.3
2025-01-05 15:00:00,4765.42
2025-01-05 16:00:00,5735.28
2025-01-05 17:00:00,4713.92
2025-01-05 18:00:00,4792.74
2025-01-05 19:00:00,4293.37
2025-01-05 20:00:00,4090.45
2025-01-05 21:00:00,3690.2200000000003
2025-01-05 22:00:00,3367.41
2025-01-05 23:00:00,3097.62
2025-01-06 00:00:00,2993.9300000000003
2025-01-06 01:00:00,3060.7700000000004
2025-01-06 02:00:00,3455.91
2025-01-06 03:00:00,3732.09
2025-01-06 04:00:00,4201.4
2025-01-06 05:00:00,4828.78
2025-01-06 06:00:00,5175.16
2025-01-06 07:00:00,4745.89
2025-01-06 08:00:00,3830.8199999999997
2025-01-06 09:00:00,3034.3199999999997
2025-01-06 10:00:00,2970.7799999999997
2025-01-06 11:00:00,3069.0
2025-01-06 12:00:00,2879.5699999999997
2025-01-06 13:00:00,3484.1899999999996
2025-01-06 14:00:00,3541.7700000000004
2025-01-06 15:00:00,4779.97
2025-01-06 16:00:00,5237.13
2025-01-06 17:00:00,5399.66
2025-01-06 18:00:00,4576.31
2025-01-06 19:00:00,4151.74
2025-01-06 20:00:00,4054.25
2025-01-06 21:00:00,3734.6899999999996
2025-01-06 22:00:00,3574.8999999999996
2025-01-06 23:00:00,3605.91
2025-01-07 00:00:00,3596.09
2025-01-07 01:00:00,3620.83
2025-01-07 02:00:00,3713.74
2025-01-07 03:00:00,3530.58
2025-01-07 04:00:00,4034.74
2025-01-07 05:00:00,4421.49
2025-01-07 06:00:00,4596.22
2025-01-07 07:00:00,4099.52
2025-01-07 08:00:00,3150.76
2025-01-07 09:00:00,2724.16
2025-01-07 10:00:00,3205.1499999999996
2025-01-07 11:00:00,3165.99
2025-01-07 12:00:00,3539.08
2025-01-07 13:00:00,4294.03
2025-01-07 14:00:00,4353.46
2025-01-07 15:00:00,4855.32
2025-01-07 16:00:00,5504.34
2025-01-07 17:00:00,5748.26
2025-01-07 18:00:00,5429.33
2025-01-07 19:00:00,4956.74
2025-01-07 20:00:00,4222.35
2025-01-07 21:00:00,3912.8500000000004
2025-01-07 22:00:00,3856.8199999999997
2025-01-07 23:00:00,3696.3
2025-01-08 00:00:00,3607.91
2025-01-08 01:00:00,3357.42
2025-01-08 02:00:00,2829.3900000000003
2025-01-08 03:00:00,3144.12
2025-01-08 04:00:00,3824.99
2025-01-08 05:00:00,3986.8199999999997
2025-01-08 06:00:00,4569.57
2025-01-08 07:00:00,4411.96
2025-01-08 08:00:00,3086.25
2025-01-08 09:00:00,2381.12
2025-01-08 10:00:00,2267.8999999999996
2025-01-08 11:00:00,2760.2
2025-01-08 12:00:00,3351.0299999999997
2025-01-08 13:00:00,3181.49
2025-01-08 14:00:00,4693.93
2025-01-08 15:00:00,4817.38
2025-01-08 16:00:00,5683.68
2025-01-08 17:00:00,5369.86
2025-01-08 18:00:00,5304.24
2025-01-08 19:00:00,5112.56
2025-01-08 20:00:00,4869.43
2025-01-08 21:00:00,4454.29
2025-01-08 22:00:00,4105.93
2025-01-08 23:00:00,3848.9399999999996
2025-01-09 00:00:00,3722.7200000000003
2025-01-09 01:00:00,3703.84
2025-01-09 02:00:00,3795.5200000000004
2025-01-09 03:00:00,3780.3900000000003
2025-01-09 04:00:00,3938.8900000000003
2025-01-09 05:00:00,4454.83
2025-01-09 06:00:00,4942.57
2025-01-09 07:00:00,4177.62
2025-01-09 08:00:00,2709.45
2025-01-09 09:00:00,2222.84
2025-01-09 10:00:00,2030.67
2025-01-09 11:00:00,1985.88
2025-01-09 12:00:00,2002.6599999999999
2025-01-09 13:00:00,2906.6899999999996
2025-01-09 14:00:00,3509.9300000000003
2025-01-09 15:00:00,4687.67
2025-01-09 16:00:00,5294.09
2025-01-09 17:00:00,5338.63
2025-01-09 18:00:00,5185.31
2025-01-09 19:00:00,4584.99
2025-01-09 20:00:00,4266.89
2025-01-09 21:00:00,3752.01
2025-01-09 22:00:00,3554.4799999999996
2025-01-09 23:00:00,3481.38
2025-01-10 00:00:00,3516.4300000000003
2025-01-10 01:00:00,3213.9700000000003
2025-01-10 02:00:00,3474.04
2025-01-10 03:00:00,3551.49
2025-01-10 04:00:00,4147.67
2025-01-10 05:00:00,4574.07
2025-01-10 06:00:00,5043.21
2025-01-10 07:00:00,4698.9
2025-01-10 08:00:00,3182.1899999999996
2025-01-10 09:00:00,2691.5200000000004
2025-01-10 10:00:00,2769.95
2025-01-10 11:00:00,3445.26
2025-01-10 12:00:00,3774.96
2025-01-10 13:00:00,3866.62
2025-01-10 14:00:00,3936.8599999999997
2025-01-10 15:00:00,5092.29
2025-01-10 16:00:00,2918.5600000000004
2025-01-10 17:00:00,-596.5900000000001
2025-01-10 18:00:00,162.92000000000007
2025-01-10 19:00:00,356.6400000000003
2025-01-10 20:00:00,-141.02000000000044
2025-01-10 21:00:00,-280.60000000000036
2025-01-10 22:00:00,96.42000000000007
2025-01-10 23:00:00,38.77000000000044
2025-01-11 00:00:00,-30.670000000000073
2025-01-11 01:00:00,467.34000000000015
2025-01-11 02:00:00,656.5100000000002
2025-01-11 03:00:00,1059.46
2025-01-11 04:00:00,1874.0299999999997
2025-01-11 05:00:00,2239.1000000000004
2025-01-11 06:00:00,2950.45
2025-01-11 07:00:00,4026.08
2025-01-11 08:00:00,5259.31
2025-01-11 09:00:00,4688.98
2025-01-11 10:00:00,4599.46
2025-01-11 11:00:00,4430.58
2025-01-11 12:00:00,4845.92
2025-01-11 13:00:00,4788.89
2025-01-11 14:00:00,4852.6
2025-01-11 15:00:00,5127.42
2025-01-11 16:00:00,5833.5
2025-01-11 17:00:00,5862.61
2025-01-11 18:00:00,5330.51
2025-01-11 19:00:00,5408.58
2025-01-11 20:00:00,5338.07
2025-01-11 21:00:00,5062.81
2025-01-11 22:00:00,4684.99
2025-01-11 23:00:00,4612.96
2025-01-12 00:00:00,4422.76
2025-01-12 01:00:00,3805.6000000000004
2025-01-12 02:00:00,4119.05
2025-01-12 03:00:00,3775.1800000000003
2025-01-12 04:00:00,3902.49
2025-01-12 05:00:00,4191.0
2025-01-12 06:00:00,4776.38
2025-01-12 07:00:00,5081.92
2025-01-12 08:00:00,5278.06
2025-01-12 09:00:00,5690.52
2025-01-12 10:00:00,5394.67
2025-01-12 11:00:00,4803.83
2025-01-12 12:00:00,3802.8199999999997
2025-01-12 13:00:00,4511.36
2025-01-12 14:00:00,4435.32
2025-01-12 15:00:00,5235.65
2025-01-12 16:00:00,5667.12
2025-01-12 17:00:00,6007.83
2025-01-12 18:00:00,6061.92
2025-01-12 19:00:00,5578.85
2025-01-12 20:00:00,5130.77
2025-01-12 21:00:00,4660.32
2025-01-12 22:00:00,3944.71
2025-01-12 23:00:00,3593.7200000000003
2025-01-13 00:00:00,3045.6400000000003
2025-01-13 01:00:00,3474.54
2025-01-13 02:00:00,4192.68
2025-01-13 03:00:00,4388.21
2025-01-13 04:00:00,4646.26
2025-01-13 05:00:00,4702.28
2025-01-13 06:00:00,5075.15
2025-01-13 07:00:00,4905.48
2025-01-13 08:00:00,4674.84
2025-01-13 09:00:00,4830.78
2025-01-13 10:00:00,4606.2
2025-01-13 11:00:00,4482.43
2025-01-13 12:00:00,4641.67
2025-01-13 13:00:00,4505.77
2025-01-13 14:00:00,4974.59
2025-01-13 15:00:00,4611.73
2025-01-13 16:00:00,4596.79
2025-01-13 17:00:00,4789.65
2025-01-13 18:00:00,4180.72
2025-01-13 19:00:00,3581.1800000000003
2025-01-13 20:00:00,3359.7700000000004
2025-01-13 21:00:00,2738.5
2025-01-13 22:00:00,2192.4399999999996
2025-01-13 23:00:00,2488.01
2025-01-14 00:00:00,2358.8599999999997
2025-01-14 01:00:00,2250.09
2025-01-14 02:00:00,2403.13
2025-01-14 03:00:00,2642.2200000000003
2025-01-14 04:00:00,3655.25
2025-01-14 05:00:00,4666.07
2025-01-14 06:00:00,5461.8
2025-01-14 07:00:00,5494.38
2025-01-14 08:00:00,5331.7
2025-01-14 09:00:00,4474.24
2025-01-14 10:00:00,3732.66
2025-01-14 11:00:00,3711.54
2025-01-14 12:00:00,3937.3599999999997
2025-01-14 13:00:00,3442.9700000000003
2025-01-14 14:00:00,4110.08
2025-01-14 15:00:00,4640.24
2025-01-14 16:00:00,5795.96
2025-01-14 17:00:00,5972.61
2025-01-14 18:00:00,5612.27
2025-01-14 19:00:00,5531.17
2025-01-14 20:00:00,5238.27
2025-01-14 21:00:00,4921.02
2025-01-14 22:00:00,4540.81
2025-01-14 23:00:00,4357.21
2025-01-15 00:00:00,4810.19
2025-01-15 01:00:00,4574.69
2025-01-15 02:00:00,4716.61
2025-01-15 03:00:00,5171.78
2025-01-15 04:00:00,5684.64
2025-01-15 05:00:00,6220.71
2025-01-15 06:00:00,6438.42
2025-01-15 07:00:00,6369.93
2025-01-15 08:00:00,6259.47
2025-01-15 09:00:00,6277.84
2025-01-15 10:00:00,5896.25
2025-01-15 11:00:00,5431.18
2025-01-15 12:00:00,5624.6
2025-01-15 13:00:00,6234.29
2025-01-15 14:00:00,5796.09
2025-01-15 15:00:00,5701.49
2025-01-15 16:00:00,5712.19
2025-01-15 17:00:00,6244.06
2025-01-15 18:00:00,6422.14
2025-01-15 19:00:00,6416.71
2025-01-15 20:00:00,6178.28
2025-01-15 21:00:00,5634.43
2025-01-15 22:00:00,5255.18
2025-01-15 23:00:00,5023.91
2025-01-16 00:00:00,4916.99
2025-01-16 01:00:00,4910.21
2025-01-16 02:00:00,5033.4
2025-01-16 03:00:00,5243.18
2025-01-16 04:00:00,5567.5
2025-01-16 05:00:00,6098.58
2025-01-16 06:00:00,6606.61
2025-01-16 07:00:00,6518.04
2025-01-16 08:00:00,6132.2
2025-01-16 09:00:00,4926.49
2025-01-16 10:00:00,4139.18
2025-01-16 11:00:00,4097.55
2025-01-16 12:00:00,4025.5
2025-01-16 13:00:00,5161.89
2025-01-16 14:00:00,5656.87
2025-01-16 15:00:00,5995.06
2025-01-16 16:00:00,6241.21
2025-01-16 17:00:00,6526.96
2025-01-16 18:00:00,6578.82
2025-01-16 19:00:00,6367.54
2025-01-16 20:00:00,6113.3
2025-01-16 21:00:00,5718.79
2025-01-16 22:00:00,5329.39
2025-01-16 23:00:00,5110.24
2025-01-17 00:00:00,4831.67
2025-01-17 01:00:00,4896.83
2025-01-17 02:00:00,5020.83
2025-01-17 03:00:00,5176.9
2025-01-17 04:00:00,4776.17
2025-01-17 05:00:00,5627.43
2025-01-17 06:00:00,6168.33
2025-01-17 07:00:00,5916.79
2025-01-17 08:00:00,5235.84
2025-01-17 09:00:00,4845.56
2025-01-17 10:00:00,4898.19
2025-01-17 11:00:00,5262.91
2025-01-17 12:00:00,5738.75
2025-01-17 13:00:00,5559.61
2025-01-17 14:00:00,5871.09
2025-01-17 15:00:00,6303.92
2025-01-17 16:00:00,6635.86
2025-01-17 17:00:00,6590.84
2025-01-17 18:00:00,5940.92
2025-01-17 19:00:00,4999.21
2025-01-17 20:00:00,4877.99
2025-01-17 21:00:00,4571.66
2025-01-17 22:00:00,3938.08
2025-01-17 23:00:00,4418.05
2025-01-18 00:00:00,4279.05
2025-01-18 01:00:00,3363.3199999999997
2025-01-18 02:00:00,3240.88
2025-01-18 03:00:00,3586.1000000000004
2025-01-18 04:00:00,4352.43
2025-01-18 05:00:00,4202.0
2025-01-18 06:00:00,4734.18
2025-01-18 07:00:00,4471.85
2025-01-18 08:00:00,4422.47
2025-01-18 09:00:00,4387.53
2025-01-18 10:00:00,4114.7
2025-01-18 11:00:00,4103.56
2025-01-18 12:00:00,4386.7
2025-01-18 13:00:00,4420.41
2025-01-18 14:00:00,5286.4
2025-01-18 15:00:00,5676.41
2025-01-18 16:00:00,5412.63
2025-01-18 17:00:00,5443.48
2025-01-18 18:00:00,5009.81
2025-01-18 19:00:00,4854.17
2025-01-18 20:00:00,4927.78
2025-01-18 21:00:00,4798.06
2025-01-18 22:00:00,4795.73
2025-01-18 23:00:00,4796.28
2025-01-19 00:00:00,4316.15
2025-01-19 01:00:00,3975.7700000000004
2025-01-19 02:00:00,4294.83
2025-01-19 03:00:00,4426.81
2025-01-19 04:00:00,4746.68
2025-01-19 05:00:00,4906.17
2025-01-19 06:00:00,5388.33
2025-01-19 07:00:00,4949.21
2025-01-19 08:00:00,4732.36
2025-01-19 09:00:00,4963.48
2025-01-19 10:00:00,4895.35
2025-01-19 11:00:00,4501.86
2025-01-19 12:00:00,4185.54
2025-01-19 13:00:00,4873.41
2025-01-19 14:00:00,5170.13
2025-01-19 15:00:00,6098.73
2025-01-19 16:00:00,6486.71
2025-01-19 17:00:00,6572.08
2025-01-19 18:00:00,6187.0
2025-01-19 19:00:00,6010.08
2025-01-19 20:00:00,5801.45
2025-01-19 21:00:00,5428.95
2025-01-19 22:00:00,4989.02
2025-01-19 23:00:00,4773.73
2025-01-20 00:00:00,4697.06
2025-01-20 01:00:00,4464.72
2025-01-20 02:00:00,4640.26
2025-01-20 03:00:00,4822.04
2025-01-20 04:00:00,5374.15
2025-01-20 05:00:00,6032.24
2025-01-20 06:00:00,6347.55
2025-01-20 07:00:00,6471.0
2025-01-20 08:00:00,5696.56
2025-01-20 09:00:00,5293.51
2025-01-20 10:00:00,5060.17
2025-01-20 11:00:00,5203.65
2025-01-20 12:00:00,5467.77
2025-01-20 13:00:00,5100.82
2025-01-20 14:00:00,4980.13
2025-01-20 15:00:00,5626.84
2025-01-20 16:00:00,6279.68
2025-01-20 17:00:00,5865.98
2025-01-20 18:00:00,5504.69
2025-01-20 19:00:00,5485.01
2025-01-20 20:00:00,4784.27
2025-01-20 21:00:00,3996.42
2025-01-20 22:00:00,3399.2700000000004
2025-01-20 23:00:00,2815.1099999999997
2025-01-21 00:00:00,2542.29
2025-01-21 01:00:00,3194.2799999999997
2025-01-21 02:00:00,3439.96
2025-01-21 03:00:00,3638.9799999999996
2025-01-21 04:00:00,4747.35
2025-01-21 05:00:00,4902.75
2025-01-21 06:00:00,5451.02
2025-01-21 07:00:00,4844.09
2025-01-21 08:00:00,5167.47
2025-01-21 09:00:00,4782.58
2025-01-21 10:00:00,4854.31
2025-01-21 11:00:00,4333.13
2025-01-21 12:00:00,3949.3599999999997
2025-01-21 13:00:00,4050.54
2025-01-21 14:00:00,4823.64
2025-01-21 15:00:00,5537.86
2025-01-21 16:00:00,5910.37
2025-01-21 17:00:00,5769.82
2025-01-21 18:00:00,5400.24
2025-01-21 19:00:00,4875.14
2025-01-21 20:00:00,4361.25
2025-01-21 21:00:00,3790.4399999999996
2025-01-21 22:00:00,3774.1499999999996
2025-01-21 23:00:00,3609.66
2025-01-22 00:00:00,3990.1099999999997
2025-01-22 01:00:00,3888.6400000000003
2025-01-22 02:00:00,4166.89
2025-01-22 03:00:00,4456.46
2025-01-22 04:00:00,4934.95
2025-01-22 05:00:00,5508.92
2025-01-22 06:00:00,5816.07
2025-01-22 07:00:00,5321.91
2025-01-22 08:00:00,4647.19
2025-01-22 09:00:00,4267.55
2025-01-22 10:00:00,4257.73
2025-01-22 11:00:00,3399.55
2025-01-22 12:00:00,2381.6000000000004
2025-01-22 13:00:00,2859.6000000000004
2025-01-22 14:00:00,4217.29
2025-01-22 15:00:00,5021.31
2025-01-22 16:00:00,5842.1
2025-01-22 17:00:00,6052.68
2025-01-22 18:00:00,6008.65
2025-01-22 19:00:00,5774.09
2025-01-22 20:00:00,5492.56
2025-01-22 21:00:00,5064.64
2025-01-22 22:00:00,4599.83
2025-01-22 23:00:00,4423.83
2025-01-23 00:00:00,4316.24
2025-01-23 01:00:00,4338.52
2025-01-23 02:00:00,4384.78
2025-01-23 03:00:00,4541.31
2025-01-23 04:00:00,4904.75
2025-01-23 05:00:00,5465.05
2025-01-23 06:00:00,5748.34
2025-01-23 07:00:00,4409.94
2025-01-23 08:00:00,3741.9700000000003
2025-01-23 09:00:00,2795.2299999999996
2025-01-23 10:00:00,3186.5200000000004
2025-01-23 11:00:00,3451.63
2025-01-23 12:00:00,4263.05
2025-01-23 13:00:00,4698.93
2025-01-23 14:00:00,4511.15
2025-01-23 15:00:00,5192.64
2025-01-23 16:00:00,6031.75
2025-01-23 17:00:00,6117.63
2025-01-23 18:00:00,5721.21
2025-01-23 19:00:00,5244.72
2025-01-23 20:00:00,4772.62
2025-01-23 21:00:00,4292.99
2025-01-23 22:00:00,4137.64
2025-01-23 23:00:00,3483.46
2025-01-24 00:00:00,3540.9300000000003
2025-01-24 01:00:00,3898.1400000000003
2025-01-24 02:00:00,4188.65
2025-01-24 03:00:00,4202.86
2025-01-24 04:00:00,4849.87
2025-01-24 05:00:00,5329.9
2025-01-24 06:00:00,5703.68
2025-01-24 07:00:00,5390.96
2025-01-24 08:00:00,4375.82
2025-01-24 09:00:00,3782.55
2025-01-24 10:00:00,3414.5
2025-01-24 11:00:00,3595.17
2025-01-24 12:00:00,3895.8100000000004
2025-01-24 13:00:00,4602.81
2025-01-24 14:00:00,5208.96
2025-01-24 15:00:00,5467.24
2025-01-24 16:00:00,3836.79
2025-01-24 17:00:00,4104.02
2025-01-24 18:00:00,3900.6400000000003
2025-01-24 19:00:00,3631.3500000000004
2025-01-24 20:00:00,3339.37
2025-01-24 21:00:00,3076.8199999999997
2025-01-24 22:00:00,3092.7700000000004
2025-01-24 23:00:00,3178.5699999999997
2025-01-25 00:00:00,3015.0699999999997
2025-01-25 01:00:00,2185.7799999999997
2025-01-25 02:00:00,2250.7200000000003
2025-01-25 03:00:00,2161.0200000000004
2025-01-25 04:00:00,2243.05
2025-01-25 05:00:00,3032.5699999999997
2025-01-25 06:00:00,4101.24
2025-01-25 07:00:00,4537.48
2025-01-25 08:00:00,3156.5200000000004
2025-01-25 09:00:00,2083.34
2025-01-25 10:00:00,2568.6099999999997
2025-01-25 11:00:00,3572.1000000000004
2025-01-25 12:00:00,3462.3900000000003
2025-01-25 13:00:00,2807.5200000000004
2025-01-25 14:00:00,3155.8
2025-01-25 15:00:00,4367.13
2025-01-25 16:00:00,5406.61
2025-01-25 17:00:00,5188.5
2025-01-25 18:00:00,5052.28
2025-01-25 19:00:00,4908.06
2025-01-25 20:00:00,4714.56
2025-01-25 21:00:00,4031.6000000000004
2025-01-25 22:00:00,3369.7799999999997
2025-01-25 23:00:00,3373.4700000000003
2025-01-26 00:00:00,3444.5600000000004
2025-01-26 01:00:00,3391.6899999999996
2025-01-26 02:00:00,3402.6099999999997
2025-01-26 03:00:00,2652.8
2025-01-26 04:00:00,2757.8599999999997
2025-01-26 05:00:00,3612.76
2025-01-26 06:00:00,3483.62
2025-01-26 07:00:00,2791.2299999999996
2025-01-26 08:00:00,2916.33
2025-01-26 09:00:00,2812.46
2025-01-26 10:00:00,2571.6800000000003
2025-01-26 11:00:00,2557.67
2025-01-26 12:00:00,2237.2799999999997
2025-01-26 13:00:00,2144.92
2025-01-26 14:00:00,2398.3500000000004
2025-01-26 15:00:00,4303.45
2025-01-26 16:00:00,5071.6
2025-01-26 17:00:00,4346.74
2025-01-26 18:00:00,3781.2
2025-01-26 19:00:00,3492.6899999999996
2025-01-26 20:00:00,3516.84
2025-01-26 21:00:00,3206.9799999999996
2025-01-26 22:00:00,3024.09
2025-01-26 23:00:00,2483.1800000000003
2025-01-27 00:00:00,2622.96
2025-01-27 01:00:00,3356.17
2025-01-27 02:00:00,4006.7799999999997
2025-01-27 03:00:00,4008.5
2025-01-27 04:00:00,4362.03
2025-01-27 05:00:00,5271.59
2025-01-27 06:00:00,5579.19
2025-01-27 07:00:00,4875.29
2025-01-27 08:00:00,3706.3599999999997
2025-01-27 09:00:00,3448.0600000000004
2025-01-27 10:00:00,3186.25
2025-01-27 11:00:00,3428.1800000000003
2025-01-27 12:00:00,2986.05
2025-01-27 13:00:00,3383.71
2025-01-27 14:00:00,3174.63
2025-01-27 15:00:00,3787.3
2025-01-27 16:00:00,4851.07
2025-01-27 17:00:00,5180.62
2025-01-27 18:00:00,4981.71
2025-01-27 19:00:00,4405.09
2025-01-27 20:00:00,3632.5299999999997
2025-01-27 21:00:00,3403.5600000000004
2025-01-27 22:00:00,2977.74
2025-01-27 23:00:00,2959.0699999999997
2025-01-28 00:00:00,2981.79
2025-01-28 01:00:00,2618.3999999999996
2025-01-28 02:00:00,3244.2700000000004
2025-01-28 03:00:00,3352.2700000000004
2025-01-28 04:00:00,3610.8999999999996
2025-01-28 05:00:00,3654.1800000000003
2025-01-28 06:00:00,3847.1800000000003
2025-01-28 07:00:00,3089.3
2025-01-28 08:00:00,2808.91
2025-01-28 09:00:00,2256.3100000000004
2025-01-28 10:00:00,1964.79
2025-01-28 11:00:00,1797.8900000000003
2025-01-28 12:00:00,1874.6000000000004
2025-01-28 13:00:00,1864.9700000000003
2025-01-28 14:00:00,2255.8
2025-01-28 15:00:00,4175.73
2025-01-28 16:00:00,4633.99
2025-01-28 17:00:00,4638.15
2025-01-28 18:00:00,4182.87
2025-01-28 19:00:00,3918.49
2025-01-28 20:00:00,3783.59
2025-01-28 21:00:00,3154.26
2025-01-28 22:00:00,3075.1499999999996
2025-01-28 23:00:00,2404.91
2025-01-29 00:00:00,2305.74
2025-01-29 01:00:00,2659.3999999999996
2025-01-29 02:00:00,2967.59
2025-01-29 03:00:00,2723.54
2025-01-29 04:00:00,3685.6800000000003
2025-01-29 05:00:00,4102.21
2025-01-29 06:00:00,4524.18
2025-01-29 07:00:00,3684.0200000000004
2025-01-29 08:00:00,2938.3900000000003
2025-01-29 09:00:00,2393.51
2025-01-29 10:00:00,2446.42
2025-01-29 11:00:00,2699.62
2025-01-29 12:00:00,2894.9399999999996
2025-01-29 13:00:00,3582.17
2025-01-29 14:00:00,3527.0600000000004
2025-01-29 15:00:00,4325.7
2025-01-29 16:00:00,5496.37
2025-01-29 17:00:00,5509.53
2025-01-29 18:00:00,5081.59
2025-01-29 19:00:00,4080.6800000000003
2025-01-29 20:00:00,4068.55
2025-01-29 21:00:00,4270.5
2025-01-29 22:00:00,3421.8100000000004
2025-01-29 23:00:00,3489.54
2025-01-30 00:00:00,2646.98
2025-01-30 01:00:00,2560.57
2025-01-30 02:00:00,2792.6499999999996
2025-01-30 03:00:00,2765.87
2025-01-30 04:00:00,3439.2
2025-01-30 05:00:00,4413.19
2025-01-30 06:00:00,5361.05
2025-01-30 07:00:00,4704.82
2025-01-30 08:00:00,3548.4799999999996
2025-01-30 09:00:00,3621.8599999999997
2025-01-30 10:00:00,3774.5600000000004
2025-01-30 11:00:00,3601.12
2025-01-30 12:00:00,3255.0200000000004
2025-01-30 13:00:00,3625.1400000000003
2025-01-30 14:00:00,3427.29
2025-01-30 15:00:00,4017.9799999999996
2025-01-30 16:00:00,5188.68
2025-01-30 17:00:00,5645.51
2025-01-30 18:00:00,5260.99
2025-01-30 19:00:00,4213.12
2025-01-30 20:00:00,3933.5200000000004
2025-01-30 21:00:00,3942.34
2025-01-30 22:00:00,3490.12
2025-01-30 23:00:00,3386.87
2025-01-31 00:00:00,3794.1000000000004
2025-01-31 01:00:00,3838.4700000000003
2025-01-31 02:00:00,3765.71
2025-01-31 03:00:00,3832.74
2025-01-31 04:00:00,4351.71
2025-01-31 05:00:00,4986.17
2025-01-31 06:00:00,5364.18
2025-01-31 07:00:00,4737.44
2025-01-31 08:00:00,4312.19
2025-01-31 09:00:00,4034.9399999999996
2025-01-31 10:00:00,3768.0
2025-01-31 11:00:00,3781.5699999999997
2025-01-31 12:00:00,3729.5600000000004
2025-01-31 13:00:00,3535.75
2025-01-31 14:00:00,3734.7700000000004
2025-01-31 15:00:00,4868.18
2025-01-31 16:00:00,5543.22
2025-01-31 17:00:00,4682.76
2025-01-31 18:00:00,4340.21
2025-01-31 19:00:00,4382.31
2025-01-31 20:00:00,4405.75
2025-01-31 21:00:00,4114.17
2025-01-31 22:00:00,3885.92
2025-01-31 23:00:00,3734.76
2025-02-01 00:00:00,3669.01
2025-02-01 01:00:00,3539.55
2025-02-01 02:00:00,3337.64
2025-02-01 03:00:00,3433.05
2025-02-01 04:00:00,3876.17
2025-02-01 05:00:00,4147.3
2025-02-01 06:00:00,4605.77
2025-02-01 07:00:00,3862.26
2025-02-01 08:00:00,3882.0600000000004
2025-02-01 09:00:00,2966.16
2025-02-01 10:00:00,2261.1800000000003
2025-02-01 11:00:00,1908.7799999999997
2025-02-01 12:00:00,1787.63
2025-02-01 13:00:00,1599.12
2025-02-01 14:00:00,2183.6899999999996
2025-02-01 15:00:00,3211.08
2025-02-01 16:00:00,4330.46
2025-02-01 17:00:00,4545.39
2025-02-01 18:00:00,4425.26
2025-02-01 19:00:00,4343.84
2025-02-01 20:00:00,4265.26
2025-02-01 21:00:00,4243.2
2025-02-01 22:00:00,4129.91
2025-02-01 23:00:00,4055.26
2025-02-02 00:00:00,3706.27
2025-02-02 01:00:00,3669.35
2025-02-02 02:00:00,3850.65
2025-02-02 03:00:00,3394.46
2025-02-02 04:00:00,3582.5200000000004
2025-02-02 05:00:00,3452.7700000000004
2025-02-02 06:00:00,3234.63
2025-02-02 07:00:00,2566.3199999999997
2025-02-02 08:00:00,2068.21
2025-02-02 09:00:00,1661.0
2025-02-02 10:00:00,1385.5299999999997
2025-02-02 11:00:00,1403.1499999999996
2025-02-02 12:00:00,1221.79
2025-02-02 13:00:00,934.8000000000002
2025-02-02 14:00:00,1550.4700000000003
2025-02-02 15:00:00,2306.7799999999997
2025-02-02 16:00:00,3127.8999999999996
2025-02-02 17:00:00,3518.16
2025-02-02 18:00:00,3416.4700000000003
2025-02-02 19:00:00,3221.16
2025-02-02 20:00:00,2876.54
2025-02-02 21:00:00,2693.63
2025-02-02 22:00:00,2343.63
2025-02-02 23:00:00,2369.0
2025-02-03 00:00:00,2363.7
2025-02-03 01:00:00,2344.65
2025-02-03 02:00:00,2895.76
2025-02-03 03:00:00,3590.09
2025-02-03 04:00:00,4368.62
2025-02-03 05:00:00,4704.33
2025-02-03 06:00:00,4835.35
2025-02-03 07:00:00,4038.41
2025-02-03 08:00:00,3456.01
2025-02-03 09:00:00,1400.38
2025-02-03 10:00:00,655.9099999999999
2025-02-03 11:00:00,576.9799999999996
2025-02-03 12:00:00,847.2299999999996
2025-02-03 13:00:00,584.7700000000004
2025-02-03 14:00:00,1291.42
2025-02-03 15:00:00,1826.08
2025-02-03 16:00:00,2136.5
2025-02-03 17:00:00,2840.8900000000003
2025-02-03 18:00:00,3540.0699999999997
2025-02-03 19:00:00,4072.45
2025-02-03 20:00:00,4144.95
2025-02-03 21:00:00,3059.3500000000004
2025-02-03 22:00:00,2950.9399999999996
2025-02-03 23:00:00,3035.4300000000003
2025-02-04 00:00:00,3014.51
2025-02-04 01:00:00,3534.55
2025-02-04 02:00:00,3700.6000000000004
2025-02-04 03:00:00,4024.9300000000003
2025-02-04 04:00:00,4769.2
2025-02-04 05:00:00,4955.7
2025-02-04 06:00:00,4680.04
2025-02-04 07:00:00,4950.17
2025-02-04 08:00:00,5451.79
2025-02-04 09:00:00,3729.9399999999996
2025-02-04 10:00:00,3658.75
2025-02-04 11:00:00,3682.3999999999996
2025-02-04 12:00:00,3768.3100000000004
2025-02-04 13:00:00,4339.61
2025-02-04 14:00:00,4336.52
2025-02-04 15:00:00,4126.9
2025-02-04 16:00:00,5008.52
2025-02-04 17:00:00,4988.93
2025-02-04 18:00:00,4916.37
2025-02-04 19:00:00,5491.68
2025-02-04 20:00:00,5609.0
2025-02-04 21:00:00,5100.65
2025-02-04 22:00:00,4583.19
2025-02-04 23:00:00,4072.12
2025-02-05 00:00:00,3438.1899999999996
2025-02-05 01:00:00,3604.38
2025-02-05 02:00:00,3560.42
2025-02-05 03:00:00,3354.58
2025-02-05 04:00:00,3559.09
2025-02-05 05:00:00,3687.3100000000004
2025-02-05 06:00:00,3574.33
2025-02-05 07:00:00,2994.1899999999996
2025-02-05 08:00:00,2588.4799999999996
2025-02-05 09:00:00,2493.88
2025-02-05 10:00:00,2153.2799999999997
2025-02-05 11:00:00,1567.2399999999998
2025-02-05 12:00:00,1427.63
2025-02-05 13:00:00,2049.8999999999996
2025-02-05 14:00:00,2897.38
2025-02-05 15:00:00,4418.0
2025-02-05 16:00:00,4135.48
2025-02-05 17:00:00,3796.5
2025-02-05 18:00:00,3700.17
2025-02-05 19:00:00,3457.9300000000003
2025-02-05 20:00:00,3608.7200000000003
2025-02-05 21:00:00,3128.96
2025-02-05 22:00:00,3153.83
2025-02-05 23:00:00,3069.0299999999997
2025-02-06 00:00:00,2844.8100000000004
2025-02-06 01:00:00,2758.9300000000003
2025-02-06 02:00:00,2731.5600000000004
2025-02-06 03:00:00,2576.04
2025-02-06 04:00:00,3393.6400000000003
2025-02-06 05:00:00,4108.19
2025-02-06 06:00:00,4427.35
2025-02-06 07:00:00,4045.7700000000004
2025-02-06 08:00:00,3765.2
2025-02-06 09:00:00,4069.95
2025-02-06 10:00:00,3589.8900000000003
2025-02-06 11:00:00,3628.5
2025-02-06 12:00:00,3980.8900000000003
2025-02-06 13:00:00,4944.4
2025-02-06 14:00:00,5099.2
2025-02-06 15:00:00,5681.4
2025-02-06 16:00:00,4224.47
2025-02-06 17:00:00,4724.57
2025-02-06 18:00:00,4618.0
2025-02-06 19:00:00,4487.19
2025-02-06 20:00:00,4437.13
2025-02-06 21:00:00,4311.31
2025-02-06 22:00:00,4524.18
2025-02-06 23:00:00,4315.28
2025-02-07 00:00:00,4036.83
2025-02-07 01:00:00,4406.62
2025-02-07 02:00:00,4455.03
2025-02-07 03:00:00,4557.18
2025-02-07 04:00:00,4606.26
2025-02-07 05:00:00,5136.53
2025-02-07 06:00:00,5482.65
2025-02-07 07:00:00,5206.09
2025-02-07 08:00:00,4428.87
2025-02-07 09:00:00,3940.88
2025-02-07 10:00:00,3663.0200000000004
2025-02-07 11:00:00,3526.8500000000004
2025-02-07 12:00:00,3482.96
2025-02-07 13:00:00,3486.62
2025-02-07 14:00:00,3520.76
2025-02-07 15:00:00,3911.1800000000003
2025-02-07 16:00:00,5116.4
2025-02-07 17:00:00,5261.13
2025-02-07 18:00:00,4928.63
2025-02-07 19:00:00,4797.8
2025-02-07 20:00:00,4631.24
2025-02-07 21:00:00,4210.38
2025-02-07 22:00:00,3660.3599999999997
2025-02-07 23:00:00,3468.17
2025-02-08 00:00:00,3503.2700000000004
2025-02-08 01:00:00,3669.26
2025-02-08 02:00:00,4375.39
2025-02-08 03:00:00,4634.87
2025-02-08 04:00:00,4835.16
2025-02-08 05:00:00,5048.42
2025-02-08 06:00:00,5420.85
2025-02-08 07:00:00,5251.22
2025-02-08 08:00:00,4802.48
2025-02-08 09:00:00,4277.14
2025-02-08 10:00:00,4006.55
2025-02-08 11:00:00,3696.04
2025-02-08 12:00:00,3250.9700000000003
2025-02-08 13:00:00,2655.1800000000003
2025-02-08 14:00:00,3208.0699999999997
2025-02-08 15:00:00,4435.01
2025-02-08 16:00:00,5143.78
2025-02-08 17:00:00,5063.82
2025-02-08 18:00:00,4901.75
2025-02-08 19:00:00,4774.35
2025-02-08 20:00:00,4750.19
2025-02-08 21:00:00,4430.36
2025-02-08 22:00:00,4120.44
2025-02-08 23:00:00,3955.71
2025-02-09 00:00:00,3953.6400000000003
2025-02-09 01:00:00,3936.2
2025-02-09 02:00:00,4061.8900000000003
2025-02-09 03:00:00,4051.55
2025-02-09 04:00:00,3977.6800000000003
2025-02-09 05:00:00,4081.41
2025-02-09 06:00:00,4389.84
2025-02-09 07:00:00,4453.52
2025-02-09 08:00:00,4547.3
2025-02-09 09:00:00,4474.46
2025-02-09 10:00:00,4305.89
2025-02-09 11:00:00,4085.96
2025-02-09 12:00:00,3762.29
2025-02-09 13:00:00,3155.87
2025-02-09 14:00:00,3259.66
2025-02-09 15:00:00,4450.36
2025-02-09 16:00:00,5859.86
2025-02-09 17:00:00,5747.39
2025-02-09 18:00:00,5372.29
2025-02-09 19:00:00,5338.2
2025-02-09 20:00:00,5259.75
2025-02-09 21:00:00,5229.68
2025-02-09 22:00:00,4993.93
2025-02-09 23:00:00,4881.08
2025-02-10 00:00:00,4842.23
2025-02-10 01:00:00,4901.31
2025-02-10 02:00:00,5080.67
2025-02-10 03:00:00,5399.22
2025-02-10 04:00:00,5894.69
2025-02-10 05:00:00,6456.94
2025-02-10 06:00:00,6807.47
2025-02-10 07:00:00,6387.34
2025-02-10 08:00:00,6073.83
2025-02-10 09:00:00,5822.68
2025-02-10 10:00:00,5488.15
2025-02-10 11:00:00,5150.99
2025-02-10 12:00:00,4834.58
2025-02-10 13:00:00,4524.89
2025-02-10 14:00:00,3939.8900000000003
2025-02-10 15:00:00,4607.71
2025-02-10 16:00:00,5814.65
2025-02-10 17:00:00,5979.37
2025-02-10 18:00:00,5725.04
2025-02-10 19:00:00,5446.04
2025-02-10 20:00:00,5114.41
2025-02-10 21:00:00,4638.95
2025-02-10 22:00:00,4177.67
2025-02-10 23:00:00,3879.91
2025-02-11 00:00:00,3973.63
2025-02-11 01:00:00,4634.22
2025-02-11 02:00:00,4861.72
2025-02-11 03:00:00,5183.1
2025-02-11 04:00:00,5719.79
2025-02-11 05:00:00,6317.94
2025-02-11 06:00:00,6650.2
2025-02-11 07:00:00,6169.31
2025-02-11 08:00:00,5516.7
2025-02-11 09:00:00,4786.16
2025-02-11 10:00:00,4422.55
2025-02-11 11:00:00,4341.58
2025-02-11 12:00:00,3905.59
2025-02-11 13:00:00,3449.75
2025-02-11 14:00:00,3340.63
2025-02-11 15:00:00,4677.72
2025-02-11 16:00:00,5975.16
2025-02-11 17:00:00,5694.99
2025-02-11 18:00:00,5394.28
2025-02-11 19:00:00,5368.44
2025-02-11 20:00:00,5596.29
2025-02-11 21:00:00,5077.17
2025-02-11 22:00:00,4594.27
2025-02-11 23:00:00,4554.97
2025-02-12 00:00:00,4718.87
2025-02-12 01:00:00,4609.15
2025-02-12 02:00:00,4700.88
2025-02-12 03:00:00,5049.13
2025-02-12 04:00:00,5627.15
2025-02-12 05:00:00,6173.43
2025-02-12 06:00:00,6509.34
2025-02-12 07:00:00,6020.39
2025-02-12 08:00:00,5136.26
2025-02-12 09:00:00,4450.0
2025-02-12 10:00:00,3925.1000000000004
2025-02-12 11:00:00,3680.09
2025-02-12 12:00:00,3410.4700000000003
2025-02-12 13:00:00,3328.99
2025-02-12 14:00:00,3412.8
2025-02-12 15:00:00,3764.7200000000003
2025-02-12 16:00:00,3508.34
2025-02-12 17:00:00,3789.5
2025-02-12 18:00:00,3393.63
2025-02-12 19:00:00,3418.95
2025-02-12 20:00:00,3264.5600000000004
2025-02-12 21:00:00,2960.59
2025-02-12 22:00:00,2713.08
2025-02-12 23:00:00,2568.5699999999997
2025-02-13 00:00:00,2470.88
2025-02-13 01:00:00,2392.33
2025-02-13 02:00:00,2354.4399999999996
2025-02-13 03:00:00,2640.0600000000004
2025-02-13 04:00:00,3146.6099999999997
2025-02-13 05:00:00,3733.8
2025-02-13 06:00:00,4265.57
2025-02-13 07:00:00,3949.96
2025-02-13 08:00:00,3452.21
2025-02-13 09:00:00,3481.8999999999996
2025-02-13 10:00:00,3120.2299999999996
2025-02-13 11:00:00,3878.2700000000004
2025-02-13 12:00:00,4381.96
2025-02-13 13:00:00,4068.09
2025-02-13 14:00:00,4147.12
2025-02-13 15:00:00,3104.3100000000004
2025-02-13 16:00:00,3886.13
2025-02-13 17:00:00,5003.12
2025-02-13 18:00:00,4882.5
2025-02-13 19:00:00,4490.52
2025-02-13 20:00:00,4304.33
2025-02-13 21:00:00,3900.8199999999997
2025-02-13 22:00:00,3334.5600000000004
2025-02-13 23:00:00,2957.9700000000003
2025-02-14 00:00:00,2871.62
2025-02-14 01:00:00,3631.6499999999996
2025-02-14 02:00:00,3223.7799999999997
2025-02-14 03:00:00,3175.6400000000003
2025-02-14 04:00:00,4118.04
2025-02-14 05:00:00,4318.26
2025-02-14 06:00:00,4244.42
2025-02-14 07:00:00,3898.37
2025-02-14 08:00:00,3202.45
2025-02-14 09:00:00,3069.42
2025-02-14 10:00:00,2622.79
2025-02-14 11:00:00,2807.9399999999996
2025-02-14 12:00:00,2863.42
2025-02-14 13:00:00,3282.58
2025-02-14 14:00:00,2674.75
2025-02-14 15:00:00,3937.8100000000004
2025-02-14 16:00:00,5783.72
2025-02-14 17:00:00,5830.06
2025-02-14 18:00:00,5467.64
2025-02-14 19:00:00,4910.51
2025-02-14 20:00:00,4511.04
2025-02-14 21:00:00,4130.99
2025-02-14 22:00:00,3857.8599999999997
2025-02-14 23:00:00,3990.62
2025-02-15 00:00:00,4177.63
2025-02-15 01:00:00,4332.12
2025-02-15 02:00:00,4178.63
2025-02-15 03:00:00,4391.36
2025-02-15 04:00:00,4581.12
2025-02-15 05:00:00,4976.65
2025-02-15 06:00:00,5212.88
2025-02-15 07:00:00,4053.3500000000004
2025-02-15 08:00:00,3245.6800000000003
2025-02-15 09:00:00,1625.96
2025-02-15 10:00:00,1377.8900000000003
2025-02-15 11:00:00,1253.1099999999997
2025-02-15 12:00:00,1422.7399999999998
2025-02-15 13:00:00,1200.7600000000002
2025-02-15 14:00:00,1164.21
2025-02-15 15:00:00,2165.17
2025-02-15 16:00:00,3158.3999999999996
2025-02-15 17:00:00,3898.92
2025-02-15 18:00:00,3960.05
2025-02-15 19:00:00,4119.05
2025-02-15 20:00:00,4039.92
2025-02-15 21:00:00,4269.82
2025-02-15 22:00:00,4607.32
2025-02-15 23:00:00,4749.06
2025-02-16 00:00:00,4199.98
2025-02-16 01:00:00,4111.32
2025-02-16 02:00:00,4255.11
2025-02-16 03:00:00,4137.99
2025-02-16 04:00:00,4338.48
2025-02-16 05:00:00,3947.04
2025-02-16 06:00:00,3732.9399999999996
2025-02-16 07:00:00,3591.24
2025-02-16 08:00:00,3358.95
2025-02-16 09:00:00,3331.0699999999997
2025-02-16 10:00:00,3303.13
2025-02-16 11:00:00,3178.24
2025-02-16 12:00:00,3347.1099999999997
2025-02-16 13:00:00,3865.79
2025-02-16 14:00:00,4133.54
2025-02-16 15:00:00,4561.98
2025-02-16 16:00:00,4618.96
2025-02-16 17:00:00,4599.7
2025-02-16 18:00:00,4512.14
2025-02-16 19:00:00,4341.49
2025-02-16 20:00:00,4382.39
2025-02-16 21:00:00,3774.26
2025-02-16 22:00:00,3070.4799999999996
2025-02-16 23:00:00,2555.5699999999997
2025-02-17 00:00:00,2331.54
2025-02-17 01:00:00,3358.63
2025-02-17 02:00:00,3637.24
2025-02-17 03:00:00,4433.33
2025-02-17 04:00:00,4684.57
2025-02-17 05:00:00,4841.45
2025-02-17 06:00:00,5555.88
2025-02-17 07:00:00,6043.8
2025-02-17 08:00:00,6053.54
2025-02-17 09:00:00,5597.39
2025-02-17 10:00:00,5339.84
2025-02-17 11:00:00,5046.03
2025-02-17 12:00:00,5006.05
2025-02-17 13:00:00,5002.48
2025-02-17 14:00:00,5363.3
2025-02-17 15:00:00,5562.88
2025-02-17 16:00:00,6196.98
2025-02-17 17:00:00,6417.74
2025-02-17 18:00:00,6292.36
2025-02-17 19:00:00,6277.47
2025-02-17 20:00:00,5892.15
2025-02-17 21:00:00,5421.15
2025-02-17 22:00:00,5001.57
2025-02-17 23:00:00,4716.75
2025-02-18 00:00:00,4815.47
2025-02-18 01:00:00,4463.34
2025-02-18 02:00:00,4667.35
2025-02-18 03:00:00,4811.22
2025-02-18 04:00:00,5303.45
2025-02-18 05:00:00,5650.93
2025-02-18 06:00:00,6276.19
2025-02-18 07:00:00,6386.79
2025-02-18 08:00:00,6492.16
2025-02-18 09:00:00,6527.79
2025-02-18 10:00:00,6277.58
2025-02-18 11:00:00,6181.97
2025-02-18 12:00:00,5889.58
2025-02-18 13:00:00,6219.88
2025-02-18 14:00:00,5824.99
2025-02-18 15:00:00,5311.05
2025-02-18 16:00:00,5469.17
2025-02-18 17:00:00,6335.25
2025-02-18 18:00:00,6062.89
2025-02-18 19:00:00,5684.92
2025-02-18 20:00:00,5177.59
2025-02-18 21:00:00,4533.83
2025-02-18 22:00:00,3940.7799999999997
2025-02-18 23:00:00,3498.42
2025-02-19 00:00:00,3344.6800000000003
2025-02-19 01:00:00,2994.5200000000004
2025-02-19 02:00:00,2903.45
2025-02-19 03:00:00,3832.6099999999997
2025-02-19 04:00:00,4410.68
2025-02-19 05:00:00,5415.35
2025-02-19 06:00:00,5822.01
2025-02-19 07:00:00,5287.01
2025-02-19 08:00:00,4632.38
2025-02-19 09:00:00,4418.88
2025-02-19 10:00:00,4400.99
2025-02-19 11:00:00,4701.78
2025-02-19 12:00:00,4758.15
2025-02-19 13:00:00,5797.69
2025-02-19 14:00:00,5632.3
2025-02-19 15:00:00,5582.44
2025-02-19 16:00:00,5468.96
2025-02-19 17:00:00,6214.78
2025-02-19 18:00:00,6793.15
2025-02-19 19:00:00,6656.97
2025-02-19 20:00:00,6454.57
2025-02-19 21:00:00,6023.86
2025-02-19 22:00:00,5569.91
2025-02-19 23:00:00,5373.8
2025-02-20 00:00:00,5364.64
2025-02-20 01:00:00,5157.06
2025-02-20 02:00:00,5056.43
2025-02-20 03:00:00,5325.83
2025-02-20 04:00:00,5890.7
2025-02-20 05:00:00,6435.42
2025-02-20 06:00:00,6718.58
2025-02-20 07:00:00,6159.64
2025-02-20 08:00:00,5867.2
2025-02-20 09:00:00,5587.09
2025-02-20 10:00:00,5244.7
2025-02-20 11:00:00,4998.75
2025-02-20 12:00:00,4727.71
2025-02-20 13:00:00,4743.61
2025-02-20 14:00:00,5013.55
2025-02-20 15:00:00,5760.36
2025-02-20 16:00:00,7018.04
2025-02-20 17:00:00,6767.07
2025-02-20 18:00:00,6873.66
2025-02-20 19:00:00,6743.31
2025-02-20 20:00:00,6421.6
2025-02-20 21:00:00,6068.55
2025-02-20 22:00:00,5734.15
2025-02-20 23:00:00,5604.14
2025-02-21 00:00:00,5592.35
2025-02-21 01:00:00,5511.38
2025-02-21 02:00:00,5573.78
2025-02-21 03:00:00,5655.3
2025-02-21 04:00:00,6117.11
2025-02-21 05:00:00,6703.16
2025-02-21 06:00:00,6916.85
2025-02-21 07:00:00,6667.41
2025-02-21 08:00:00,6140.54
2025-02-21 09:00:00,5715.69
2025-02-21 10:00:00,5412.63
2025-02-21 11:00:00,4777.31
2025-02-21 12:00:00,4074.45
2025-02-21 13:00:00,3763.3199999999997
2025-02-21 14:00:00,4068.33
2025-02-21 15:00:00,5045.45
2025-02-21 16:00:00,6291.16
2025-02-21 17:00:00,6623.26
2025-02-21 18:00:00,6502.47
2025-02-21 19:00:00,6271.12
2025-02-21 20:00:00,6222.5
2025-02-21 21:00:00,6002.14
2025-02-21 22:00:00,5596.8
2025-02-21 23:00:00,5351.81
2025-02-22 00:00:00,5163.71
2025-02-22 01:00:00,5178.68
2025-02-22 02:00:00,5218.59
2025-02-22 03:00:00,5277.06
2025-02-22 04:00:00,5603.03
2025-02-22 05:00:00,6022.93
2025-02-22 06:00:00,6201.79
2025-02-22 07:00:00,5960.53
2025-02-22 08:00:00,4982.33
2025-02-22 09:00:00,4855.15
2025-02-22 10:00:00,4582.13
2025-02-22 11:00:00,4390.35
2025-02-22 12:00:00,4337.25
2025-02-22 13:00:00,4843.1
2025-02-22 14:00:00,5022.34
2025-02-22 15:00:00,5088.97
2025-02-22 16:00:00,4950.13
2025-02-22 17:00:00,4829.58
2025-02-22 18:00:00,4529.59
2025-02-22 19:00:00,4066.46
2025-02-22 20:00:00,3797.59
2025-02-22 21:00:00,3517.2200000000003
2025-02-22 22:00:00,3321.13
2025-02-22 23:00:00,3238.83
2025-02-23 00:00:00,3398.91
2025-02-23 01:00:00,3411.6099999999997
2025-02-23 02:00:00,3531.7700000000004
2025-02-23 03:00:00,3858.8599999999997
2025-02-23 04:00:00,4012.16
2025-02-23 05:00:00,4677.01
2025-02-23 06:00:00,4788.4
2025-02-23 07:00:00,5203.57
2025-02-23 08:00:00,4610.37
2025-02-23 09:00:00,4475.58
2025-02-23 10:00:00,4690.94
2025-02-23 11:00:00,4932.21
2025-02-23 12:00:00,4979.91
2025-02-23 13:00:00,5027.71
2025-02-23 14:00:00,5374.69
2025-02-23 15:00:00,5916.62
2025-02-23 16:00:00,5765.13
2025-02-23 17:00:00,4994.43
2025-02-23 18:00:00,5027.41
2025-02-23 19:00:00,4632.37
2025-02-23 20:00:00,4211.09
2025-02-23 21:00:00,3775.8199999999997
2025-02-23 22:00:00,3317.2299999999996
2025-02-23 23:00:00,3109.8999999999996
2025-02-24 00:00:00,3140.41
2025-02-24 01:00:00,3250.2299999999996
2025-02-24 02:00:00,3748.09
2025-02-24 03:00:00,4014.5600000000004
2025-02-24 04:00:00,4686.63
2025-02-24 05:00:00,5257.86
2025-02-24 06:00:00,5558.68
2025-02-24 07:00:00,5618.91
2025-02-24 08:00:00,5284.91
2025-02-24 09:00:00,5177.74
2025-02-24 10:00:00,5004.53
2025-02-24 11:00:00,4883.79
2025-02-24 12:00:00,4959.14
2025-02-24 13:00:00,5149.81
2025-02-24 14:00:00,5321.32
2025-02-24 15:00:00,5168.71
2025-02-24 16:00:00,5534.64
2025-02-24 17:00:00,6368.81
2025-02-24 18:00:00,6540.36
2025-02-24 19:00:00,6192.23
2025-02-24 20:00:00,5810.11
2025-02-24 21:00:00,5503.03
2025-02-24 22:00:00,5185.97
2025-02-24 23:00:00,4855.93
2025-02-25 00:00:00,4945.88
2025-02-25 01:00:00,5110.8
2025-02-25 02:00:00,5103.72
2025-02-25 03:00:00,5145.25
2025-02-25 04:00:00,5595.13
2025-02-25 05:00:00,6107.37
2025-02-25 06:00:00,6280.33
2025-02-25 07:00:00,5846.61
2025-02-25 08:00:00,4998.83
2025-02-25 09:00:00,5386.98
2025-02-25 10:00:00,5152.25
2025-02-25 11:00:00,4556.9
2025-02-25 12:00:00,4755.25
2025-02-25 13:00:00,4849.69
2025-02-25 14:00:00,4299.36
2025-02-25 15:00:00,5660.46
2025-02-25 16:00:00,5583.97
2025-02-25 17:00:00,6398.89
2025-02-25 18:00:00,6067.96
2025-02-25 19:00:00,5975.28
2025-02-25 20:00:00,5727.35
2025-02-25 21:00:00,4792.24
2025-02-25 22:00:00,3907.08
2025-02-25 23:00:00,3562.25
2025-02-26 00:00:00,3535.17
2025-02-26 01:00:00,3455.5699999999997
2025-02-26 02:00:00,3483.84
2025-02-26 03:00:00,3564.09
2025-02-26 04:00:00,3965.6499999999996
2025-02-26 05:00:00,4334.22
2025-02-26 06:00:00,4233.36
2025-02-26 07:00:00,4093.9300000000003
2025-02-26 08:00:00,3739.2799999999997
2025-02-26 09:00:00,3514.17
2025-02-26 10:00:00,2967.5299999999997
2025-02-26 11:00:00,2930.8100000000004
2025-02-26 12:00:00,3185.3
2025-02-26 13:00:00,2700.05
2025-02-26 14:00:00,3162.17
2025-02-26 15:00:00,4130.66
2025-02-26 16:00:00,5174.38
2025-02-26 17:00:00,5451.16
2025-02-26 18:00:00,5113.1
2025-02-26 19:00:00,4406.72
2025-02-26 20:00:00,3877.3
2025-02-26 21:00:00,3873.5200000000004
2025-02-26 22:00:00,3478.37
2025-02-26 23:00:00,3225.6000000000004
2025-02-27 00:00:00,3121.1000000000004
2025-02-27 01:00:00,3337.1400000000003
2025-02-27 02:00:00,3379.95
2025-02-27 03:00:00,3669.6899999999996
2025-02-27 04:00:00,3975.29
2025-02-27 05:00:00,4480.8
2025-02-27 06:00:00,4722.76
2025-02-27 07:00:00,4637.1
2025-02-27 08:00:00,4596.66
2025-02-27 09:00:00,4927.17
2025-02-27 10:00:00,4789.59
2025-02-27 11:00:00,4497.13
2025-02-27 12:00:00,4026.76
2025-02-27 13:00:00,3332.4300000000003
2025-02-27 14:00:00,3143.0200000000004
2025-02-27 15:00:00,2683.1899999999996
2025-02-27 16:00:00,3307.9399999999996
2025-02-27 17:00:00,3846.5699999999997
2025-02-27 18:00:00,3781.99
2025-02-27 19:00:00,3676.41
2025-02-27 20:00:00,3772.62
2025-02-27 21:00:00,3484.7799999999997
2025-02-27 22:00:00,3356.6899999999996
2025-02-27 23:00:00,3446.38
2025-02-28 00:00:00,3348.33
2025-02-28 01:00:00,2924.05
2025-02-28 02:00:00,3600.92
2025-02-28 03:00:00,3950.91
2025-02-28 04:00:00,4527.7
2025-02-28 05:00:00,5126.56
2025-02-28 06:00:00,5530.47
2025-02-28 07:00:00,5277.85
2025-02-28 08:00:00,4493.68
2025-02-28 09:00:00,4034.0299999999997
2025-02-28 10:00:00,3976.3199999999997
2025-02-28 11:00:00,4027.6800000000003
2025-02-28 12:00:00,3597.12
2025-02-28 13:00:00,3003.55
2025-02-28 14:00:00,2646.75
2025-02-28 15:00:00,2503.1800000000003
2025-02-28 16:00:00,4514.46
2025-02-28 17:00:00,3983.33
2025-02-28 18:00:00,3409.8599999999997
2025-02-28 19:00:00,3338.0299999999997
2025-02-28 20:00:00,3584.46
2025-02-28 21:00:00,3413.51
2025-02-28 22:00:00,3161.0
2025-02-28 23:00:00,3093.4399999999996
2025-03-01 00:00:00,2828.79
2025-03-01 01:00:00,2793.91
2025-03-01 02:00:00,2852.91
2025-03-01 03:00:00,3172.8599999999997
2025-03-01 04:00:00,3291.38
2025-03-01 05:00:00,3267.5299999999997
2025-03-01 06:00:00,4591.89
2025-03-01 07:00:00,3532.79
2025-03-01 08:00:00,3354.91
2025-03-01 09:00:00,2802.26
2025-03-01 10:00:00,2473.92
2025-03-01 11:00:00,2587.46
2025-03-01 12:00:00,3416.4300000000003
2025-03-01 13:00:00,3876.9300000000003
2025-03-01 14:00:00,4309.04
2025-03-01 15:00:00,3620.1400000000003
2025-03-01 16:00:00,4800.06
2025-03-01 17:00:00,4718.32
2025-03-01 18:00:00,4443.48
2025-03-01 19:00:00,3587.9399999999996
2025-03-01 20:00:00,4132.54
2025-03-01 21:00:00,4117.91
2025-03-01 22:00:00,3910.67
2025-03-01 23:00:00,3694.6000000000004
2025-03-02 00:00:00,3298.66
2025-03-02 01:00:00,3709.89
2025-03-02 02:00:00,3921.37
2025-03-02 03:00:00,3282.34
2025-03-02 04:00:00,3366.7200000000003
2025-03-02 05:00:00,3393.58
2025-03-02 06:00:00,3569.88
2025-03-02 07:00:00,3476.71
2025-03-02 08:00:00,3156.59
2025-03-02 09:00:00,3272.1899999999996
2025-03-02 10:00:00,3614.3
2025-03-02 11:00:00,3890.04
2025-03-02 12:00:00,3768.7200000000003
2025-03-02 13:00:00,3961.16
2025-03-02 14:00:00,3933.3599999999997
2025-03-02 15:00:00,3611.04
2025-03-02 16:00:00,4335.35
2025-03-02 17:00:00,4126.17
2025-03-02 18:00:00,3081.99
2025-03-02 19:00:00,2737.67
2025-03-02 20:00:00,2379.2200000000003
2025-03-02 21:00:00,2003.63
2025-03-02 22:00:00,1575.33
2025-03-02 23:00:00,1377.96
2025-03-03 00:00:00,1688.6099999999997
2025-03-03 01:00:00,1840.19
2025-03-03 02:00:00,2533.1899999999996
2025-03-03 03:00:00,2095.83
2025-03-03 04:00:00,2196.0299999999997
2025-03-03 05:00:00,3127.92
2025-03-03 06:00:00,2830.24
2025-03-03 07:00:00,3460.8199999999997
2025-03-03 08:00:00,3771.0
2025-03-03 09:00:00,3451.49
2025-03-03 10:00:00,3261.1400000000003
2025-03-03 11:00:00,3836.3100000000004
2025-03-03 12:00:00,4252.69
2025-03-03 13:00:00,4136.86
2025-03-03 14:00:00,4392.21
2025-03-03 15:00:00,4734.04
2025-03-03 16:00:00,4738.41
2025-03-03 17:00:00,4629.44
2025-03-03 18:00:00,4348.05
2025-03-03 19:00:00,4592.06
2025-03-03 20:00:00,4734.6
2025-03-03 21:00:00,4530.0
2025-03-03 22:00:00,4100.27
2025-03-03 23:00:00,3826.75
2025-03-04 00:00:00,3632.04
2025-03-04 01:00:00,3610.6000000000004
2025-03-04 02:00:00,3550.4399999999996
2025-03-04 03:00:00,3736.2700000000004
2025-03-04 04:00:00,4244.92
2025-03-04 05:00:00,4715.94
2025-03-04 06:00:00,4237.01
2025-03-04 07:00:00,4361.36
2025-03-04 08:00:00,3902.17
2025-03-04 09:00:00,3236.5
2025-03-04 10:00:00,2766.0
2025-03-04 11:00:00,2727.7799999999997
2025-03-04 12:00:00,3208.8500000000004
2025-03-04 13:00:00,3616.92
2025-03-04 14:00:00,3797.88
2025-03-04 15:00:00,4236.21
2025-03-04 16:00:00,4525.33
2025-03-04 17:00:00,5115.05
2025-03-04 18:00:00,5167.38
2025-03-04 19:00:00,5215.52
2025-03-04 20:00:00,4891.85
2025-03-04 21:00:00,4471.26
2025-03-04 22:00:00,3988.6400000000003
2025-03-04 23:00:00,3729.75
2025-03-05 00:00:00,3597.1099999999997
2025-03-05 01:00:00,3031.9700000000003
2025-03-05 02:00:00,3235.4799999999996
2025-03-05 03:00:00,3511.08
2025-03-05 04:00:00,3853.74
2025-03-05 05:00:00,4227.05
2025-03-05 06:00:00,4525.91
2025-03-05 07:00:00,4465.66
2025-03-05 08:00:00,4314.46
2025-03-05 09:00:00,3770.1899999999996
2025-03-05 10:00:00,3075.01
2025-03-05 11:00:00,3136.51
2025-03-05 12:00:00,3149.0200000000004
2025-03-05 13:00:00,2745.54
2025-03-05 14:00:00,3314.62
2025-03-05 15:00:00,4189.23
2025-03-05 16:00:00,5103.8
2025-03-05 17:00:00,5262.83
2025-03-05 18:00:00,5059.83
2025-03-05 19:00:00,5157.11
2025-03-05 20:00:00,4976.53
2025-03-05 21:00:00,4634.36
2025-03-05 22:00:00,4275.75
2025-03-05 23:00:00,4066.37
2025-03-06 00:00:00,3982.97
2025-03-06 01:00:00,3902.84
2025-03-06 02:00:00,4062.59
2025-03-06 03:00:00,3850.7700000000004
2025-03-06 04:00:00,4536.33
2025-03-06 05:00:00,5109.96
2025-03-06 06:00:00,5093.42
2025-03-06 07:00:00,4777.1
2025-03-06 08:00:00,4130.79
2025-03-06 09:00:00,3777.59
2025-03-06 10:00:00,3831.7299999999996
2025-03-06 11:00:00,3764.42
2025-03-06 12:00:00,3587.96
2025-03-06 13:00:00,3104.1499999999996
2025-03-06 14:00:00,3205.87
2025-03-06 15:00:00,3944.9399999999996
2025-03-06 16:00:00,4762.94
2025-03-06 17:00:00,4692.71
2025-03-06 18:00:00,4548.05
2025-03-06 19:00:00,4491.78
2025-03-06 20:00:00,4318.05
2025-03-06 21:00:00,4002.95
2025-03-06 22:00:00,3679.63
2025-03-06 23:00:00,3376.85
2025-03-07 00:00:00,3365.2
2025-03-07 01:00:00,3358.08
2025-03-07 02:00:00,3738.48
2025-03-07 03:00:00,3862.71
2025-03-07 04:00:00,4344.84
2025-03-07 05:00:00,4810.84
2025-03-07 06:00:00,4769.36
2025-03-07 07:00:00,4506.33
2025-03-07 08:00:00,4163.35
2025-03-07 09:00:00,3810.4399999999996
2025-03-07 10:00:00,3507.75
2025-03-07 11:00:00,2962.96
2025-03-07 12:00:00,2176.68
2025-03-07 13:00:00,2787.49
2025-03-07 14:00:00,1801.6599999999999
2025-03-07 15:00:00,980.4399999999996
2025-03-07 16:00:00,2136.62
2025-03-07 17:00:00,2855.0699999999997
2025-03-07 18:00:00,2854.0699999999997
2025-03-07 19:00:00,2656.0600000000004
2025-03-07 20:00:00,2505.33
2025-03-07 21:00:00,2869.6499999999996
2025-03-07 22:00:00,3165.87
2025-03-07 23:00:00,2902.67
2025-03-08 00:00:00,2962.36
2025-03-08 01:00:00,2893.76
2025-03-08 02:00:00,3166.22
2025-03-08 03:00:00,3488.27
2025-03-08 04:00:00,3737.52
2025-03-08 05:00:00,3942.6400000000003
2025-03-08 06:00:00,3620.4399999999996
2025-03-08 07:00:00,3029.42
2025-03-08 08:00:00,2850.0699999999997
2025-03-08 09:00:00,2600.41
2025-03-08 10:00:00,1848.0700000000002
2025-03-08 11:00:00,1111.94
2025-03-08 12:00:00,322.09000000000015
2025-03-08 13:00:00,165.0300000000002
2025-03-08 14:00:00,315.67999999999984
2025-03-08 15:00:00,1024.21
2025-03-08 16:00:00,2170.3199999999997
2025-03-08 17:00:00,2643.5
2025-03-08 18:00:00,2569.62
2025-03-08 19:00:00,2389.84
2025-03-08 20:00:00,2447.9399999999996
2025-03-08 21:00:00,2699.4799999999996
2025-03-08 22:00:00,3086.99
2025-03-08 23:00:00,2575.01
2025-03-09 00:00:00,1889.79
2025-03-09 01:00:00,1765.73
2025-03-09 02:00:00,2543.1
2025-03-09 03:00:00,2929.36
2025-03-09 04:00:00,3265.76
2025-03-09 05:00:00,3696.07
2025-03-09 06:00:00,3616.2299999999996
2025-03-09 07:00:00,3689.66
2025-03-09 08:00:00,3506.6000000000004
2025-03-09 09:00:00,3497.27
2025-03-09 10:00:00,3393.13
2025-03-09 11:00:00,3014.13
2025-03-09 12:00:00,2673.01
2025-03-09 13:00:00,3011.51
2025-03-09 14:00:00,3300.89
2025-03-09 15:00:00,3779.2700000000004
2025-03-09 16:00:00,3717.6499999999996
2025-03-09 17:00:00,3124.62
2025-03-09 18:00:00,2972.55
2025-03-09 19:00:00,2988.26
2025-03-09 20:00:00,3201.6099999999997
2025-03-09 21:00:00,3240.34
2025-03-09 22:00:00,3146.6
2025-03-09 23:00:00,2907.82
2025-03-10 00:00:00,2593.99
2025-03-10 01:00:00,2664.37
2025-03-10 02:00:00,2642.51
2025-03-10 03:00:00,2798.93
2025-03-10 04:00:00,3486.58
2025-03-10 05:00:00,3887.25
2025-03-10 06:00:00,3352.4700000000003
2025-03-10 07:00:00,2397.34
2025-03-10 08:00:00,1555.8199999999997
2025-03-10 09:00:00,1354.0299999999997
2025-03-10 10:00:00,968.6199999999999
2025-03-10 11:00:00,1005.31
2025-03-10 12:00:00,1075.2199999999998
2025-03-10 13:00:00,823.9000000000001
2025-03-10 14:00:00,1057.54
2025-03-10 15:00:00,2838.83
2025-03-10 16:00:00,4557.12
2025-03-10 17:00:00,4569.71
2025-03-10 18:00:00,4378.68
2025-03-10 19:00:00,3680.0200000000004
2025-03-10 20:00:00,3481.8199999999997
2025-03-10 21:00:00,3296.2799999999997
2025-03-10 22:00:00,2649.39
2025-03-10 23:00:00,2339.95
2025-03-11 00:00:00,2557.84
2025-03-11 01:00:00,2550.4
2025-03-11 02:00:00,2538.31
2025-03-11 03:00:00,2821.78
2025-03-11 04:00:00,2952.1400000000003
2025-03-11 05:00:00,2815.0600000000004
2025-03-11 06:00:00,2508.6400000000003
2025-03-11 07:00:00,1978.0100000000002
2025-03-11 08:00:00,1135.9300000000003
2025-03-11 09:00:00,823.8699999999999
2025-03-11 10:00:00,434.8299999999999
2025-03-11 11:00:00,-137.59000000000015
2025-03-11 12:00:00,383.53999999999996
2025-03-11 13:00:00,1643.33
2025-03-11 14:00:00,2488.54
2025-03-11 15:00:00,2029.6899999999996
2025-03-11 16:00:00,2348.3999999999996
2025-03-11 17:00:00,2644.17
2025-03-11 18:00:00,2834.4799999999996
2025-03-11 19:00:00,3304.8199999999997
2025-03-11 20:00:00,2803.71
2025-03-11 21:00:00,2249.86
2025-03-11 22:00:00,1793.52
2025-03-11 23:00:00,1239.27
2025-03-12 00:00:00,1373.2800000000002
2025-03-12 01:00:00,1554.04
2025-03-12 02:00:00,1211.9
2025-03-12 03:00:00,1830.1100000000001
2025-03-12 04:00:00,1400.02
2025-03-12 05:00:00,1476.37
2025-03-12 06:00:00,1086.9300000000003
2025-03-12 07:00:00,411.77999999999975
2025-03-12 08:00:00,-134.27000000000044
2025-03-12 09:00:00,-96.96000000000004
2025-03-12 10:00:00,589.8000000000002
2025-03-12 11:00:00,2404.25
2025-03-12 12:00:00,3281.29
2025-03-12 13:00:00,1783.7299999999996
2025-03-12 14:00:00,2420.24
2025-03-12 15:00:00,2575.3999999999996
2025-03-12 16:00:00,3279.92
2025-03-12 17:00:00,3304.67
2025-03-12 18:00:00,3439.7799999999997
2025-03-12 19:00:00,3593.4399999999996
2025-03-12 20:00:00,2979.5699999999997
2025-03-12 21:00:00,2514.86
2025-03-12 22:00:00,2215.26
2025-03-12 23:00:00,1706.9699999999998
2025-03-13 00:00:00,1965.4099999999999
2025-03-13 01:00:00,1953.3899999999999
2025-03-13 02:00:00,641.81
2025-03-13 03:00:00,379.98
2025-03-13 04:00:00,1067.4499999999998
2025-03-13 05:00:00,1690.6899999999996
2025-03-13 06:00:00,768.2200000000003
2025-03-13 07:00:00,66.64999999999964
2025-03-13 08:00:00,142.9399999999996
2025-03-13 09:00:00,2165.06
2025-03-13 10:00:00,1523.8200000000002
2025-03-13 11:00:00,474.07000000000016
2025-03-13 12:00:00,-341.05999999999995
2025-03-13 13:00:00,871.56
2025-03-13 14:00:00,1355.81
2025-03-13 15:00:00,3462.88
2025-03-13 16:00:00,3662.66
2025-03-13 17:00:00,563.21
2025-03-13 18:00:00,1855.46
2025-03-13 19:00:00,151.47999999999956
2025-03-13 20:00:00,1460.81
2025-03-13 21:00:00,1192.38
2025-03-13 22:00:00,2338.38
2025-03-13 23:00:00,2981.03
2025-03-14 00:00:00,2505.58
2025-03-14 01:00:00,2932.51
2025-03-14 02:00:00,2264.62
2025-03-14 03:00:00,2346.61
2025-03-14 04:00:00,2266.4
2025-03-14 05:00:00,3163.69
2025-03-14 06:00:00,1600.8900000000003
2025-03-14 07:00:00,1343.8999999999996
2025-03-14 08:00:00,779.6700000000001
2025-03-14 09:00:00,381.4200000000001
2025-03-14 10:00:00,100.67999999999984
2025-03-14 11:00:00,-49.2199999999998
2025-03-14 12:00:00,98.90000000000009
2025-03-14 13:00:00,447.67999999999984
2025-03-14 14:00:00,1335.25
2025-03-14 15:00:00,2285.18
2025-03-14 16:00:00,3618.9799999999996
2025-03-14 17:00:00,2985.0699999999997
2025-03-14 18:00:00,2542.71
2025-03-14 19:00:00,3282.02
2025-03-14 20:00:00,2217.58
2025-03-14 21:00:00,1210.6
2025-03-14 22:00:00,771.6999999999998
2025-03-14 23:00:00,771.3499999999999
2025-03-15 00:00:00,684.1500000000001
2025-03-15 01:00:00,0.9800000000000182
2025-03-15 02:00:00,-49.88999999999987
2025-03-15 03:00:00,-93.23000000000002
2025-03-15 04:00:00,296.53999999999996
2025-03-15 05:00:00,684.75
2025-03-15 06:00:00,52.55000000000018
2025-03-15 07:00:00,-135.90999999999985
2025-03-15 08:00:00,-291.80999999999995
2025-03-15 09:00:00,-522.6999999999998
2025-03-15 10:00:00,-432.7800000000002
2025-03-15 11:00:00,-32.07999999999993
2025-03-15 12:00:00,978.8499999999999
2025-03-15 13:00:00,675.81
2025-03-15 14:00:00,636.52
2025-03-15 15:00:00,-196.55000000000018
2025-03-15 16:00:00,509.96000000000004
2025-03-15 17:00:00,644.9399999999996
2025-03-15 18:00:00,2453.88
2025-03-15 19:00:00,2379.41
2025-03-15 20:00:00,2988.78
2025-03-15 21:00:00,2457.1
2025-03-15 22:00:00,1363.25
2025-03-15 23:00:00,1477.6599999999999
2025-03-16 00:00:00,1247.31
2025-03-16 01:00:00,1164.9
2025-03-16 02:00:00,1898.6799999999998
2025-03-16 03:00:00,2359.76
2025-03-16 04:00:00,2048.15
2025-03-16 05:00:00,2106.84
2025-03-16 06:00:00,785.8499999999999
2025-03-16 07:00:00,533.2399999999998
2025-03-16 08:00:00,423.23
2025-03-16 09:00:00,1082.46
2025-03-16 10:00:00,-1655.04
2025-03-16 11:00:00,1651.8400000000001
2025-03-16 12:00:00,286.67999999999984
2025-03-16 13:00:00,-213.96000000000004
2025-03-16 14:00:00,61.36999999999989
2025-03-16 15:00:00,1246.5
2025-03-16 16:00:00,2803.8599999999997
2025-03-16 17:00:00,2901.8199999999997
2025-03-16 18:00:00,2674.42
2025-03-16 19:00:00,2421.01
2025-03-16 20:00:00,2277.5
2025-03-16 21:00:00,2783.42
2025-03-16 22:00:00,2384.04
2025-03-16 23:00:00,1992.1799999999998
2025-03-17 00:00:00,2325.2
2025-03-17 01:00:00,1485.38
2025-03-17 02:00:00,1810.63
2025-03-17 03:00:00,2490.28
2025-03-17 04:00:00,2462.76
2025-03-17 05:00:00,2317.04
2025-03-17 06:00:00,1685.46
2025-03-17 07:00:00,1509.3100000000004
2025-03-17 08:00:00,721.75
2025-03-17 09:00:00,816.9899999999998
2025-03-17 10:00:00,1315.8400000000001
2025-03-17 11:00:00,-25.390000000000327
2025-03-17 12:00:00,-1727.7299999999996
2025-03-17 13:00:00,-1561.29
2025-03-17 14:00:00,-3042.5699999999997
2025-03-17 15:00:00,-1483.2799999999997
2025-03-17 16:00:00,-1868.3000000000002
2025-03-17 17:00:00,-1937.0200000000004
2025-03-17 18:00:00,-853.6000000000004
2025-03-17 19:00:00,-702.9799999999996
2025-03-17 20:00:00,-902.4899999999998
2025-03-17 21:00:00,-1039.42
2025-03-17 22:00:00,-893.8299999999999
2025-03-17 23:00:00,-835.4899999999998
2025-03-18 00:00:00,-886.73
2025-03-18 01:00:00,-548.23
2025-03-18 02:00:00,-693.44
2025-03-18 03:00:00,-806.8899999999999
2025-03-18 04:00:00,-382.77999999999975
2025-03-18 05:00:00,317.1899999999996
2025-03-18 06:00:00,286.6999999999998
2025-03-18 07:00:00,901.8199999999997
2025-03-18 08:00:00,1729.4799999999996
2025-03-18 09:00:00,1221.7799999999997
2025-03-18 10:00:00,1839.17
2025-03-18 11:00:00,2178.54
2025-03-18 12:00:00,2200.8199999999997
2025-03-18 13:00:00,2092.12
2025-03-18 14:00:00,2583.1800000000003
2025-03-18 15:00:00,2918.84
2025-03-18 16:00:00,3761.21
2025-03-18 17:00:00,4446.35
2025-03-18 18:00:00,4515.29
2025-03-18 19:00:00,4643.66
2025-03-18 20:00:00,4896.46
2025-03-18 21:00:00,4444.62
2025-03-18 22:00:00,3383.59
2025-03-18 23:00:00,2911.6099999999997
2025-03-19 00:00:00,3031.83
2025-03-19 01:00:00,3451.3100000000004
2025-03-19 02:00:00,3522.63
2025-03-19 03:00:00,3145.7200000000003
2025-03-19 04:00:00,3296.3199999999997
2025-03-19 05:00:00,3189.3
2025-03-19 06:00:00,3374.49
2025-03-19 07:00:00,3633.05
2025-03-19 08:00:00,3502.01
2025-03-19 09:00:00,3098.16
2025-03-19 10:00:00,2801.59
2025-03-19 11:00:00,3184.74
2025-03-19 12:00:00,3534.74
2025-03-19 13:00:00,3379.83
2025-03-19 14:00:00,3270.2700000000004
2025-03-19 15:00:00,3170.1899999999996
2025-03-19 16:00:00,3713.05
2025-03-19 17:00:00,4769.84
2025-03-19 18:00:00,4887.2
2025-03-19 19:00:00,4793.93
2025-03-19 20:00:00,4761.01
2025-03-19 21:00:00,4496.86
2025-03-19 22:00:00,4086.0699999999997
2025-03-19 23:00:00,3897.3
2025-03-20 00:00:00,3727.97
2025-03-20 01:00:00,3639.32
2025-03-20 02:00:00,3864.3199999999997
2025-03-20 03:00:00,3951.9799999999996
2025-03-20 04:00:00,4342.04
2025-03-20 05:00:00,4647.99
2025-03-20 06:00:00,4156.37
2025-03-20 07:00:00,4187.29
2025-03-20 08:00:00,3872.87
2025-03-20 09:00:00,3413.3100000000004
2025-03-20 10:00:00,3096.01
2025-03-20 11:00:00,2821.76
2025-03-20 12:00:00,2676.59
2025-03-20 13:00:00,2396.34
2025-03-20 14:00:00,3039.46
2025-03-20 15:00:00,3945.4700000000003
2025-03-20 16:00:00,3801.79
2025-03-20 17:00:00,4215.97
2025-03-20 18:00:00,4868.89
2025-03-20 19:00:00,4896.3
2025-03-20 20:00:00,4746.89
2025-03-20 21:00:00,4455.75
2025-03-20 22:00:00,4181.28
2025-03-20 23:00:00,3979.04
2025-03-21 00:00:00,3890.69
2025-03-21 01:00:00,3865.71
2025-03-21 02:00:00,4001.53
2025-03-21 03:00:00,4111.88
2025-03-21 04:00:00,4451.96
2025-03-21 05:00:00,4808.17
2025-03-21 06:00:00,4323.94
2025-03-21 07:00:00,3900.8
2025-03-21 08:00:00,3691.51
2025-03-21 09:00:00,3403.0299999999997
2025-03-21 10:00:00,2933.04
2025-03-21 11:00:00,2867.2299999999996
2025-03-21 12:00:00,3019.4
2025-03-21 13:00:00,3228.68
2025-03-21 14:00:00,3612.74
2025-03-21 15:00:00,3241.54
2025-03-21 16:00:00,3821.12
2025-03-21 17:00:00,4297.31
2025-03-21 18:00:00,3487.4799999999996
2025-03-21 19:00:00,3000.0
2025-03-21 20:00:00,2782.79
2025-03-21 21:00:00,3176.01
2025-03-21 22:00:00,2780.42
2025-03-21 23:00:00,2336.54
2025-03-22 00:00:00,2286.97
2025-03-22 01:00:00,2192.63
2025-03-22 02:00:00,2431.52
2025-03-22 03:00:00,2621.52
2025-03-22 04:00:00,2679.21
2025-03-22 05:00:00,2918.2299999999996
2025-03-22 06:00:00,2132.0299999999997
2025-03-22 07:00:00,1738.1899999999996
2025-03-22 08:00:00,1530.0100000000002
2025-03-22 09:00:00,1393.2199999999998
2025-03-22 10:00:00,1856.58
2025-03-22 11:00:00,1379.19
2025-03-22 12:00:00,1227.3600000000001
2025-03-22 13:00:00,1249.42
2025-03-22 14:00:00,1083.3899999999999
2025-03-22 15:00:00,1346.1499999999996
2025-03-22 16:00:00,1849.5699999999997
2025-03-22 17:00:00,1977.8599999999997
2025-03-22 18:00:00,2309.5600000000004
2025-03-22 19:00:00,2650.3900000000003
2025-03-22 20:00:00,3090.9799999999996
2025-03-22 21:00:00,2540.7
2025-03-22 22:00:00,2177.73
2025-03-22 23:00:00,2146.1
2025-03-23 00:00:00,1901.9299999999998
2025-03-23 01:00:00,1753.2600000000002
2025-03-23 02:00:00,1681.63
2025-03-23 03:00:00,1794.9299999999998
2025-03-23 04:00:00,1970.9099999999999
2025-03-23 05:00:00,1669.7600000000002
2025-03-23 06:00:00,1178.33
2025-03-23 07:00:00,1452.8199999999997
2025-03-23 08:00:00,822.6099999999997
2025-03-23 09:00:00,685.6400000000003
2025-03-23 10:00:00,674.5500000000002
2025-03-23 11:00:00,266.15999999999985
2025-03-23 12:00:00,505.4499999999998
2025-03-23 13:00:00,2326.7299999999996
2025-03-23 14:00:00,1004.3599999999997
2025-03-23 15:00:00,1282.4099999999999
2025-03-23 16:00:00,1378.2200000000003
2025-03-23 17:00:00,1898.6999999999998
2025-03-23 18:00:00,2600.13
2025-03-23 19:00:00,1939.8400000000001
2025-03-23 20:00:00,2633.2700000000004
2025-03-23 21:00:00,1003.79
2025-03-23 22:00:00,732.5500000000002
2025-03-23 23:00:00,727.1399999999999
2025-03-24 00:00:00,712.77
2025-03-24 01:00:00,4.75
2025-03-24 02:00:00,590.5799999999999
2025-03-24 03:00:00,1217.4699999999998
2025-03-24 04:00:00,1688.9499999999998
2025-03-24 05:00:00,1355.6499999999996
2025-03-24 06:00:00,877.0299999999997
2025-03-24 07:00:00,997.1599999999999
2025-03-24 08:00:00,888.5600000000004
2025-03-24 09:00:00,1561.6999999999998
2025-03-24 10:00:00,700.0900000000001
2025-03-24 11:00:00,656.6999999999998
2025-03-24 12:00:00,117.22000000000025
2025-03-24 13:00:00,548.4200000000001
2025-03-24 14:00:00,1038.6499999999996
2025-03-24 15:00:00,1074.7700000000004
2025-03-24 16:00:00,1046.0600000000004
2025-03-24 17:00:00,1962.2399999999998
2025-03-24 18:00:00,1816.1800000000003
2025-03-24 19:00:00,1381.4300000000003
2025-03-24 20:00:00,2074.51
2025-03-24 21:00:00,1678.5500000000002
2025-03-24 22:00:00,1077.98
2025-03-24 23:00:00,1198.9
2025-03-25 00:00:00,880.1500000000001
2025-03-25 01:00:00,1081.4899999999998
2025-03-25 02:00:00,887.69
2025-03-25 03:00:00,1849.87
2025-03-25 04:00:00,1730.29
2025-03-25 05:00:00,2176.49
2025-03-25 06:00:00,1334.0699999999997
2025-03-25 07:00:00,848.4399999999996
2025-03-25 08:00:00,1328.6999999999998
2025-03-25 09:00:00,2410.74
2025-03-25 10:00:00,2931.26
2025-03-25 11:00:00,3011.43
2025-03-25 12:00:00,3159.89
2025-03-25 13:00:00,2399.24
2025-03-25 14:00:00,2784.66
2025-03-25 15:00:00,3268.3900000000003
2025-03-25 16:00:00,3624.1899999999996
2025-03-25 17:00:00,3753.8100000000004
2025-03-25 18:00:00,3263.3500000000004
2025-03-25 19:00:00,2641.88
2025-03-25 20:00:00,2275.45
2025-03-25 21:00:00,2454.19
2025-03-25 22:00:00,2956.21
2025-03-25 23:00:00,3008.85
2025-03-26 00:00:00,2757.59
2025-03-26 01:00:00,2539.87
2025-03-26 02:00:00,2933.92
2025-03-26 03:00:00,2758.27
2025-03-26 04:00:00,2634.6
2025-03-26 05:00:00,4042.33
2025-03-26 06:00:00,4163.4
2025-03-26 07:00:00,3999.75
2025-03-26 08:00:00,3279.2
2025-03-26 09:00:00,2731.8599999999997
2025-03-26 10:00:00,1883.17
2025-03-26 11:00:00,1879.06
2025-03-26 12:00:00,1082.9899999999998
2025-03-26 13:00:00,2119.49
2025-03-26 14:00:00,1150.2799999999997
2025-03-26 15:00:00,2314.0600000000004
2025-03-26 16:00:00,3516.05
2025-03-26 17:00:00,3418.2700000000004
2025-03-26 18:00:00,3541.91
2025-03-26 19:00:00,2770.24
2025-03-26 20:00:00,3312.41
2025-03-26 21:00:00,3541.09
2025-03-26 22:00:00,3200.03
2025-03-26 23:00:00,2608.46
2025-03-27 00:00:00,2020.2800000000002
2025-03-27 01:00:00,1612.88
2025-03-27 02:00:00,2154.67
2025-03-27 03:00:00,1227.1399999999999
2025-03-27 04:00:00,1413.02
2025-03-27 05:00:00,840.3299999999999
2025-03-27 06:00:00,967.4200000000001
2025-03-27 07:00:00,1114.5200000000004
2025-03-27 08:00:00,722.9099999999999
2025-03-27 09:00:00,711.79
2025-03-27 10:00:00,241.40999999999985
2025-03-27 11:00:00,593.4699999999998
2025-03-27 12:00:00,-1023.7399999999998
2025-03-27 13:00:00,-355.17999999999984
2025-03-27 14:00:00,-450.7399999999998
2025-03-27 15:00:00,-1396.6099999999997
2025-03-27 16:00:00,878.6199999999999
2025-03-27 17:00:00,1075.63
2025-03-27 18:00:00,1619.5299999999997
2025-03-27 19:00:00,-161.1899999999996
2025-03-27 20:00:00,-188.35000000000036
2025-03-27 21:00:00,-227.51999999999998
2025-03-27 22:00:00,-1025.4899999999998
2025-03-27 23:00:00,-1651.3600000000001
2025-03-28 00:00:00,-1813.1999999999998
2025-03-28 01:00:00,-1179.8200000000002
2025-03-28 02:00:00,-1507.21
2025-03-28 03:00:00,-997.9899999999998
2025-03-28 04:00:00,-81.36000000000013
2025-03-28 05:00:00,-126.0600000000004
2025-03-28 06:00:00,-74.34000000000015
2025-03-28 07:00:00,-1039.1499999999996
2025-03-28 08:00:00,-423.10000000000036
2025-03-28 09:00:00,-481.5600000000004
2025-03-28 10:00:00,50.88000000000011
2025-03-28 11:00:00,609.6099999999997
2025-03-28 12:00:00,592.1499999999996
2025-03-28 13:00:00,1252.71
2025-03-28 14:00:00,692.8999999999996
2025-03-28 15:00:00,119.65999999999985
2025-03-28 16:00:00,1718.79
2025-03-28 17:00:00,2118.7799999999997
2025-03-28 18:00:00,2974.1400000000003
2025-03-28 19:00:00,3190.26
2025-03-28 20:00:00,3352.6899999999996
2025-03-28 21:00:00,3029.88
2025-03-28 22:00:00,3299.15
2025-03-28 23:00:00,2773.25
2025-03-29 00:00:00,2660.51
2025-03-29 01:00:00,2104.61
2025-03-29 02:00:00,2088.93
2025-03-29 03:00:00,2173.31
2025-03-29 04:00:00,2559.03
2025-03-29 05:00:00,2990.75
2025-03-29 06:00:00,1972.5300000000002
2025-03-29 07:00:00,1329.6800000000003
2025-03-29 08:00:00,1256.5100000000002
2025-03-29 09:00:00,1572.7800000000002
2025-03-29 10:00:00,1781.7199999999998
2025-03-29 11:00:00,2062.37
2025-03-29 12:00:00,2052.47
2025-03-29 13:00:00,1206.0900000000001
2025-03-29 14:00:00,45.07999999999993
2025-03-29 15:00:00,143.48999999999978
2025-03-29 16:00:00,1166.33
2025-03-29 17:00:00,1910.62
2025-03-29 18:00:00,3245.96
2025-03-29 19:00:00,2984.33
2025-03-29 20:00:00,3031.67
2025-03-29 21:00:00,2755.6
2025-03-29 22:00:00,2428.12
2025-03-29 23:00:00,2308.75
2025-03-30 00:00:00,2270.62
2025-03-30 01:00:00,1812.3600000000001
2025-03-30 02:00:00,2797.36
2025-03-30 03:00:00,2749.03
2025-03-30 04:00:00,2629.81
2025-03-30 05:00:00,3411.47
2025-03-30 06:00:00,3468.07
2025-03-30 07:00:00,3321.76
2025-03-30 08:00:00,2889.95
2025-03-30 09:00:00,2184.3599999999997
2025-03-30 10:00:00,2386.83
2025-03-30 11:00:00,2250.34
2025-03-30 12:00:00,2490.42
2025-03-30 13:00:00,2096.86
2025-03-30 14:00:00,2018.4700000000003
2025-03-30 15:00:00,2263.05
2025-03-30 16:00:00,2394.9399999999996
2025-03-30 17:00:00,3531.04
2025-03-30 18:00:00,3218.74
2025-03-30 19:00:00,2434.45
2025-03-30 20:00:00,2838.73
2025-03-30 21:00:00,3023.83
2025-03-30 22:00:00,2521.51
2025-03-30 23:00:00,2738.82
2025-03-31 00:00:00,3140.17
2025-03-31 01:00:00,2940.36
2025-03-31 02:00:00,2649.31
2025-03-31 03:00:00,2650.25
2025-03-31 04:00:00,3023.4399999999996
2025-03-31 05:00:00,4113.08
2025-03-31 06:00:00,4645.22
2025-03-31 07:00:00,4550.04
2025-03-31 08:00:00,3976.1499999999996
2025-03-31 09:00:00,3740.6899999999996
2025-03-31 10:00:00,2844.5
2025-03-31 11:00:00,3790.1499999999996
2025-03-31 12:00:00,2760.84
2025-03-31 13:00:00,2302.96
2025-03-31 14:00:00,3268.38
2025-03-31 15:00:00,3034.9700000000003
2025-03-31 16:00:00,3800.6499999999996
2025-03-31 17:00:00,4666.07
2025-03-31 18:00:00,4145.49
2025-03-31 19:00:00,3442.37
2025-03-31 20:00:00,3862.5699999999997
2025-03-31 21:00:00,3534.56
2025-03-31 22:00:00,2896.3
2025-03-31 23:00:00,2430.45
2025-04-01 00:00:00,2736.77
2025-04-01 01:00:00,2091.06
2025-04-01 02:00:00,1752.1100000000001
2025-04-01 03:00:00,2839.68
2025-04-01 04:00:00,3567.49
2025-04-01 05:00:00,2921.3100000000004
2025-04-01 06:00:00,2716.6000000000004
2025-04-01 07:00:00,2172.7200000000003
2025-04-01 08:00:00,1667.2399999999998
2025-04-01 09:00:00,1571.9399999999996
2025-04-01 10:00:00,1882.6499999999996
2025-04-01 11:00:00,1630.8199999999997
2025-04-01 12:00:00,1126.5500000000002
2025-04-01 13:00:00,1961.5900000000001
2025-04-01 14:00:00,2477.34
2025-04-01 15:00:00,2410.4799999999996
2025-04-01 16:00:00,1603.8000000000002
2025-04-01 17:00:00,2104.63
2025-04-01 18:00:00,1539.0200000000004
2025-04-01 19:00:00,1431.4799999999996
2025-04-01 20:00:00,1333.3100000000004
2025-04-01 21:00:00,2555.22
2025-04-01 22:00:00,3332.81
2025-04-01 23:00:00,3326.23
2025-04-02 00:00:00,2730.78
2025-04-02 01:00:00,3300.42
2025-04-02 02:00:00,3161.13
2025-04-02 03:00:00,3229.16
2025-04-02 04:00:00,3942.08
2025-04-02 05:00:00,4423.1
2025-04-02 06:00:00,2857.42
2025-04-02 07:00:00,3126.3199999999997
2025-04-02 08:00:00,3527.49
2025-04-02 09:00:00,4682.8
2025-04-02 10:00:00,4297.08
2025-04-02 11:00:00,4428.8
2025-04-02 12:00:00,3775.51
2025-04-02 13:00:00,3223.84
2025-04-02 14:00:00,3257.67
2025-04-02 15:00:00,4090.6000000000004
2025-04-02 16:00:00,4687.28
2025-04-02 17:00:00,4563.61
2025-04-02 18:00:00,3907.13
2025-04-02 19:00:00,3932.6000000000004
2025-04-02 20:00:00,3960.83
2025-04-02 21:00:00,3325.69
2025-04-02 22:00:00,3107.13
2025-04-02 23:00:00,2729.05
2025-04-03 00:00:00,2042.44
2025-04-03 01:00:00,551.5300000000002
2025-04-03 02:00:00,53.67000000000007
2025-04-03 03:00:00,-175.05000000000018
2025-04-03 04:00:00,-87.40999999999985
2025-04-03 05:00:00,328.34000000000015
2025-04-03 06:00:00,449.25
2025-04-03 07:00:00,-837.5
2025-04-03 08:00:00,-941.1499999999996
2025-04-03 09:00:00,-849.2399999999998
2025-04-03 10:00:00,-25.229999999999563
2025-04-03 11:00:00,148.4300000000003
2025-04-03 12:00:00,581.2700000000004
2025-04-03 13:00:00,350.90999999999985
2025-04-03 14:00:00,701.6000000000004
2025-04-03 15:00:00,847.3100000000004
2025-04-03 16:00:00,1434.38
2025-04-03 17:00:00,2837.7
2025-04-03 18:00:00,3280.92
2025-04-03 19:00:00,3455.9799999999996
2025-04-03 20:00:00,3386.46
2025-04-03 21:00:00,3171.23
2025-04-03 22:00:00,2514.4
2025-04-03 23:00:00,2409.87
2025-04-04 00:00:00,2817.05
2025-04-04 01:00:00,3195.7
2025-04-04 02:00:00,3043.22
2025-04-04 03:00:00,3471.32
2025-04-04 04:00:00,3983.8199999999997
2025-04-04 05:00:00,4003.4700000000003
2025-04-04 06:00:00,4228.97
2025-04-04 07:00:00,3802.1899999999996
2025-04-04 08:00:00,3037.2700000000004
2025-04-04 09:00:00,2191.6400000000003
2025-04-04 10:00:00,2186.96
2025-04-04 11:00:00,2756.91
2025-04-04 12:00:00,3039.38
2025-04-04 13:00:00,3164.24
2025-04-04 14:00:00,2123.38
2025-04-04 15:00:00,2541.1099999999997
2025-04-04 16:00:00,3511.8100000000004
2025-04-04 17:00:00,4335.67
2025-04-04 18:00:00,4260.07
2025-04-04 19:00:00,4177.29
2025-04-04 20:00:00,4027.75
2025-04-04 21:00:00,3766.39
2025-04-04 22:00:00,3422.45
2025-04-04 23:00:00,3219.36
2025-04-05 00:00:00,3023.74
2025-04-05 01:00:00,2864.08
2025-04-05 02:00:00,2771.7
2025-04-05 03:00:00,2408.73
2025-04-05 04:00:00,2427.79
2025-04-05 05:00:00,2873.26
2025-04-05 06:00:00,3014.62
2025-04-05 07:00:00,2639.6800000000003
2025-04-05 08:00:00,2022.25
2025-04-05 09:00:00,1694.65
2025-04-05 10:00:00,957.19
2025-04-05 11:00:00,576.7199999999998
2025-04-05 12:00:00,-176.6500000000001
2025-04-05 13:00:00,1138.08
2025-04-05 14:00:00,1175.5900000000001
2025-04-05 15:00:00,-1100.13
2025-04-05 16:00:00,3763.17
2025-04-05 17:00:00,4344.14
2025-04-05 18:00:00,3731.1000000000004
2025-04-05 19:00:00,3319.3199999999997
2025-04-05 20:00:00,3310.81
2025-04-05 21:00:00,3519.23
2025-04-05 22:00:00,3409.27
2025-04-05 23:00:00,3048.95
2025-04-06 00:00:00,2960.65
2025-04-06 01:00:00,2939.08
2025-04-06 02:00:00,2826.22
2025-04-06 03:00:00,-272.05999999999995
2025-04-06 04:00:00,269.21000000000004
2025-04-06 05:00:00,-1176.92
2025-04-06 06:00:00,-2526.51
2025-04-06 07:00:00,-2390.1099999999997
2025-04-06 08:00:00,-1547.37
2025-04-06 09:00:00,-286.75
2025-04-06 10:00:00,234.60999999999967
2025-04-06 11:00:00,888.2600000000002
2025-04-06 12:00:00,265.8199999999997
2025-04-06 13:00:00,523.3699999999999
2025-04-06 14:00:00,1057.8999999999996
2025-04-06 15:00:00,1621.5500000000002
2025-04-06 16:00:00,2441.83
2025-04-06 17:00:00,2545.76
2025-04-06 18:00:00,3054.04
2025-04-06 19:00:00,3789.16
2025-04-06 20:00:00,3634.4799999999996
2025-04-06 21:00:00,3433.99
2025-04-06 22:00:00,3637.71
2025-04-06 23:00:00,3733.96
2025-04-07 00:00:00,3644.31
2025-04-07 01:00:00,2989.45
2025-04-07 02:00:00,2279.59
2025-04-07 03:00:00,2524.1899999999996
2025-04-07 04:00:00,2464.51
2025-04-07 05:00:00,2784.84
2025-04-07 06:00:00,3058.38
2025-04-07 07:00:00,3029.0
2025-04-07 08:00:00,2896.3199999999997
2025-04-07 09:00:00,2624.24
2025-04-07 10:00:00,2915.5
2025-04-07 11:00:00,3047.6899999999996
2025-04-07 12:00:00,2940.6000000000004
2025-04-07 13:00:00,2139.0
2025-04-07 14:00:00,1665.92
2025-04-07 15:00:00,2392.5200000000004
2025-04-07 16:00:00,3536.16
2025-04-07 17:00:00,5541.15
2025-04-07 18:00:00,5055.42
2025-04-07 19:00:00,4388.56
2025-04-07 20:00:00,3628.3999999999996
2025-04-07 21:00:00,3304.87
2025-04-07 22:00:00,2745.9700000000003
2025-04-07 23:00:00,2699.1800000000003
2025-04-08 00:00:00,2811.24
2025-04-08 01:00:00,2541.46
2025-04-08 02:00:00,2967.3599999999997
2025-04-08 03:00:00,3590.05
2025-04-08 04:00:00,4477.15
2025-04-08 05:00:00,4130.07
2025-04-08 06:00:00,3475.13
2025-04-08 07:00:00,3108.67
2025-04-08 08:00:00,3060.9300000000003
2025-04-08 09:00:00,2712.8199999999997
2025-04-08 10:00:00,2250.1899999999996
2025-04-08 11:00:00,1744.3199999999997
2025-04-08 12:00:00,1532.6800000000003
2025-04-08 13:00:00,1190.7799999999997
2025-04-08 14:00:00,1069.9499999999998
2025-04-08 15:00:00,1657.9700000000003
2025-04-08 16:00:00,2450.2299999999996
2025-04-08 17:00:00,3831.1899999999996
2025-04-08 18:00:00,3999.0
2025-04-08 19:00:00,3492.3199999999997
2025-04-08 20:00:00,3048.5200000000004
2025-04-08 21:00:00,2925.2799999999997
2025-04-08 22:00:00,2729.4300000000003
2025-04-08 23:00:00,2701.2299999999996
2025-04-09 00:00:00,3100.45
2025-04-09 01:00:00,3125.7700000000004
2025-04-09 02:00:00,3426.71
2025-04-09 03:00:00,4098.52
2025-04-09 04:00:00,4486.15
2025-04-09 05:00:00,4227.43
2025-04-09 06:00:00,3942.91
2025-04-09 07:00:00,2594.3100000000004
2025-04-09 08:00:00,1199.8599999999997
2025-04-09 09:00:00,770.1300000000001
2025-04-09 10:00:00,511.8100000000004
2025-04-09 11:00:00,443.8100000000004
2025-04-09 12:00:00,118.59000000000015
2025-04-09 13:00:00,9.6899999999996
2025-04-09 14:00:00,391.4399999999996
2025-04-09 15:00:00,1570.7399999999998
2025-04-09 16:00:00,1816.2600000000002
2025-04-09 17:00:00,3132.0
2025-04-09 18:00:00,3862.46
2025-04-09 19:00:00,4157.45
2025-04-09 20:00:00,4230.72
2025-04-09 21:00:00,4055.66
2025-04-09 22:00:00,3922.8100000000004
2025-04-09 23:00:00,3775.56
2025-04-10 00:00:00,3744.94
2025-04-10 01:00:00,3726.41
2025-04-10 02:00:00,3923.96
2025-04-10 03:00:00,4363.43
2025-04-10 04:00:00,4652.55
2025-04-10 05:00:00,4220.14
2025-04-10 06:00:00,3853.79
2025-04-10 07:00:00,2269.8900000000003
2025-04-10 08:00:00,-2105.74
2025-04-10 09:00:00,-2710.3
2025-04-10 10:00:00,-3172.6499999999996
2025-04-10 11:00:00,-3497.1499999999996
2025-04-10 12:00:00,-3292.6499999999996
2025-04-10 13:00:00,-2232.2200000000003
2025-04-10 14:00:00,-1522.0600000000004
2025-04-10 15:00:00,-1303.1899999999996
2025-04-10 16:00:00,-772.4099999999999
2025-04-10 17:00:00,-607.1300000000001
2025-04-10 18:00:00,384.1199999999999
2025-04-10 19:00:00,1040.17
2025-04-10 20:00:00,653.46
2025-04-10 21:00:00,300.8299999999999
2025-04-10 22:00:00,497.1999999999998
2025-04-10 23:00:00,1168.2200000000003
2025-04-11 00:00:00,1598.8199999999997
2025-04-11 01:00:00,1260.67
2025-04-11 02:00:00,1550.4700000000003
2025-04-11 03:00:00,2018.17
2025-04-11 04:00:00,1352.9300000000003
2025-04-11 05:00:00,255.6300000000001
2025-04-11 06:00:00,-580.9399999999996
2025-04-11 07:00:00,-1799.2299999999996
2025-04-11 08:00:00,-1623.54
2025-04-11 09:00:00,-1238.8500000000004
2025-04-11 10:00:00,-1331.96
2025-04-11 11:00:00,-1707.9799999999996
2025-04-11 12:00:00,-954.4700000000003
2025-04-11 13:00:00,-1476.3100000000004
2025-04-11 14:00:00,-932.0
2025-04-11 15:00:00,-222.6800000000003
2025-04-11 16:00:00,1924.33
2025-04-11 17:00:00,2660.6800000000003
2025-04-11 18:00:00,2398.33
2025-04-11 19:00:00,2643.05
2025-04-11 20:00:00,3588.1899999999996
2025-04-11 21:00:00,3542.58
2025-04-11 22:00:00,3452.95
2025-04-11 23:00:00,3059.25
2025-04-12 00:00:00,2562.34
2025-04-12 01:00:00,2043.2399999999998
2025-04-12 02:00:00,1564.8600000000001
2025-04-12 03:00:00,-188.26999999999998
2025-04-12 04:00:00,-921.9399999999996
2025-04-12 05:00:00,-1287.7200000000003
2025-04-12 06:00:00,-840.9399999999996
2025-04-12 07:00:00,245.39999999999964
2025-04-12 08:00:00,1513.2700000000004
2025-04-12 09:00:00,2093.2200000000003
2025-04-12 10:00:00,2536.59
2025-04-12 11:00:00,1874.3500000000004
2025-04-12 12:00:00,1755.0100000000002
2025-04-12 13:00:00,2109.2
2025-04-12 14:00:00,2572.51
2025-04-12 15:00:00,2086.4700000000003
2025-04-12 16:00:00,2525.59
2025-04-12 17:00:00,3569.4399999999996
2025-04-12 18:00:00,3471.5
2025-04-12 19:00:00,3809.76
2025-04-12 20:00:00,3934.76
2025-04-12 21:00:00,3731.55
2025-04-12 22:00:00,3769.82
2025-04-12 23:00:00,3682.41
2025-04-13 00:00:00,3498.67
2025-04-13 01:00:00,3430.92
2025-04-13 02:00:00,3303.26
2025-04-13 03:00:00,3636.38
2025-04-13 04:00:00,3826.6499999999996
2025-04-13 05:00:00,3666.3199999999997
2025-04-13 06:00:00,2941.01
2025-04-13 07:00:00,2228.4300000000003
2025-04-13 08:00:00,2055.8599999999997
2025-04-13 09:00:00,2241.21
2025-04-13 10:00:00,2282.03
2025-04-13 11:00:00,2327.06
2025-04-13 12:00:00,1942.37
2025-04-13 13:00:00,1480.23
2025-04-13 14:00:00,2050.83
2025-04-13 15:00:00,3095.91
2025-04-13 16:00:00,3253.08
2025-04-13 17:00:00,2847.3599999999997
2025-04-13 18:00:00,3711.76
2025-04-13 19:00:00,2986.5
2025-04-13 20:00:00,2784.6499999999996
2025-04-13 21:00:00,2160.93
2025-04-13 22:00:00,2019.3200000000002
2025-04-13 23:00:00,2444.18
2025-04-14 00:00:00,2173.07
2025-04-14 01:00:00,2192.08
2025-04-14 02:00:00,2355.47
2025-04-14 03:00:00,2280.84
2025-04-14 04:00:00,2902.8999999999996
2025-04-14 05:00:00,2489.1000000000004
2025-04-14 06:00:00,2509.51
2025-04-14 07:00:00,2901.59
2025-04-14 08:00:00,2383.5200000000004
2025-04-14 09:00:00,2323.3599999999997
2025-04-14 10:00:00,2335.41
2025-04-14 11:00:00,951.3599999999997
2025-04-14 12:00:00,665.8000000000002
2025-04-14 13:00:00,1135.9099999999999
2025-04-14 14:00:00,622.9099999999999
2025-04-14 15:00:00,621.6700000000001
2025-04-14 16:00:00,839.7399999999998
2025-04-14 17:00:00,680.54
2025-04-14 18:00:00,989.4099999999999
2025-04-14 19:00:00,954.7200000000003
2025-04-14 20:00:00,755.29
2025-04-14 21:00:00,800.1199999999999
2025-04-14 22:00:00,1052.4499999999998
2025-04-14 23:00:00,912.5700000000002
2025-04-15 00:00:00,449.1300000000001
2025-04-15 01:00:00,956.7399999999998
2025-04-15 02:00:00,742.2800000000002
2025-04-15 03:00:00,1174.2299999999996
2025-04-15 04:00:00,1497.3199999999997
2025-04-15 05:00:00,1476.8100000000004
2025-04-15 06:00:00,1389.9099999999999
2025-04-15 07:00:00,809.9099999999999
2025-04-15 08:00:00,368.6099999999997
2025-04-15 09:00:00,164.14999999999964
2025-04-15 10:00:00,-143.25
2025-04-15 11:00:00,237.75
2025-04-15 12:00:00,356.27000000000044
2025-04-15 13:00:00,169.1899999999996
2025-04-15 14:00:00,50.89000000000033
2025-04-15 15:00:00,837.3199999999997
2025-04-15 16:00:00,909.6199999999999
2025-04-15 17:00:00,1437.3599999999997
2025-04-15 18:00:00,1697.4300000000003
2025-04-15 19:00:00,2067.21
2025-04-15 20:00:00,1701.9899999999998
2025-04-15 21:00:00,1030.02
2025-04-15 22:00:00,825.8299999999999
2025-04-15 23:00:00,795.56
2025-04-16 00:00:00,814.6500000000001
2025-04-16 01:00:00,1196.5500000000002
2025-04-16 02:00:00,1298.0900000000001
2025-04-16 03:00:00,1646.13
2025-04-16 04:00:00,2427.67
2025-04-16 05:00:00,1897.92
2025-04-16 06:00:00,1633.1599999999999
2025-04-16 07:00:00,1419.6400000000003
2025-04-16 08:00:00,1199.5699999999997
2025-04-16 09:00:00,1568.1000000000004
2025-04-16 10:00:00,1184.69
2025-04-16 11:00:00,703.3299999999999
2025-04-16 12:00:00,18.889999999999873
2025-04-16 13:00:00,-1167.79
2025-04-16 14:00:00,-1068.67
2025-04-16 15:00:00,-543.4099999999999
2025-04-16 16:00:00,15.11999999999989
2025-04-16 17:00:00,435.4399999999996
2025-04-16 18:00:00,1317.7700000000004
2025-04-16 19:00:00,1153.9099999999999
2025-04-16 20:00:00,838.02
2025-04-16 21:00:00,875.5900000000001
2025-04-16 22:00:00,1011.0700000000002
2025-04-16 23:00:00,511.1300000000001
2025-04-17 00:00:00,783.0
2025-04-17 01:00:00,581.3600000000001
2025-04-17 02:00:00,861.71
2025-04-17 03:00:00,1871.69
2025-04-17 04:00:00,2473.96
2025-04-17 05:00:00,2001.6499999999996
2025-04-17 06:00:00,1272.92
2025-04-17 07:00:00,503.1399999999999
2025-04-17 08:00:00,-53.25
2025-04-17 09:00:00,-352.07000000000016
2025-04-17 10:00:00,-683.4499999999998
2025-04-17 11:00:00,-949.1199999999999
2025-04-17 12:00:00,-1017.25
2025-04-17 13:00:00,-1896.88
2025-04-17 14:00:00,-1724.56
2025-04-17 15:00:00,-759.8499999999999
2025-04-17 16:00:00,-715.8299999999999
2025-04-17 17:00:00,243.21000000000004
2025-04-17 18:00:00,656.8500000000004
2025-04-17 19:00:00,331.0500000000002
2025-04-17 20:00:00,198.2199999999998
2025-04-17 21:00:00,273.5799999999999
2025-04-17 22:00:00,-564.9699999999998
2025-04-17 23:00:00,-1111.69
2025-04-18 00:00:00,-942.27
2025-04-18 01:00:00,-218.5999999999999
2025-04-18 02:00:00,-93.26000000000022
2025-04-18 03:00:00,402.9699999999998
2025-04-18 04:00:00,460.4000000000001
2025-04-18 05:00:00,-278.71000000000004
2025-04-18 06:00:00,-268.23
2025-04-18 07:00:00,254.94000000000005
2025-04-18 08:00:00,1062.02
2025-04-18 09:00:00,1448.5500000000002
2025-04-18 10:00:00,1969.5
2025-04-18 11:00:00,2604.4
2025-04-18 12:00:00,1146.0
2025-04-18 13:00:00,1997.1100000000001
2025-04-18 14:00:00,2104.64
2025-04-18 15:00:00,1129.62
2025-04-18 16:00:00,2095.13
2025-04-18 17:00:00,2595.07
2025-04-18 18:00:00,2391.97
2025-04-18 19:00:00,3283.98
2025-04-18 20:00:00,3436.04
2025-04-18 21:00:00,1707.71
2025-04-18 22:00:00,1321.5100000000002
2025-04-18 23:00:00,1257.3600000000001
2025-04-19 00:00:00,2155.1
2025-04-19 01:00:00,-55.929999999999836
2025-04-19 02:00:00,388.94000000000005
2025-04-19 03:00:00,300.9699999999998
2025-04-19 04:00:00,546.25
2025-04-19 05:00:00,812.69
2025-04-19 06:00:00,726.3899999999999
2025-04-19 07:00:00,602.2799999999997
2025-04-19 08:00:00,1000.6000000000004
2025-04-19 09:00:00,1685.1000000000004
2025-04-19 10:00:00,2418.35
2025-04-19 11:00:00,2313.98
2025-04-19 12:00:00,1735.4
2025-04-19 13:00:00,1614.52
2025-04-19 14:00:00,1094.79
2025-04-19 15:00:00,2763.96
2025-04-19 16:00:00,3609.71
2025-04-19 17:00:00,2785.16
2025-04-19 18:00:00,2890.78
2025-04-19 19:00:00,3328.18
2025-04-19 20:00:00,3500.99
2025-04-19 21:00:00,3209.9
2025-04-19 22:00:00,2828.51
2025-04-19 23:00:00,2732.14
2025-04-20 00:00:00,2682.85
2025-04-20 01:00:00,2402.01
2025-04-20 02:00:00,2643.35
2025-04-20 03:00:00,2404.88
2025-04-20 04:00:00,2161.6
2025-04-20 05:00:00,1322.4499999999998
2025-04-20 06:00:00,1770.56
2025-04-20 07:00:00,1913.33
2025-04-20 08:00:00,2064.14
2025-04-20 09:00:00,2201.88
2025-04-20 10:00:00,2292.76
2025-04-20 11:00:00,2101.93
2025-04-20 12:00:00,1937.63
2025-04-20 13:00:00,1764.38
2025-04-20 14:00:00,1793.6
2025-04-20 15:00:00,1520.6100000000001
2025-04-20 16:00:00,1922.9499999999998
2025-04-20 17:00:00,2680.45
2025-04-20 18:00:00,2464.75
2025-04-20 19:00:00,2565.07
2025-04-20 20:00:00,1910.6599999999999
2025-04-20 21:00:00,2198.52
2025-04-20 22:00:00,3202.33
2025-04-20 23:00:00,3333.34
2025-04-21 00:00:00,3275.27
2025-04-21 01:00:00,2844.41
2025-04-21 02:00:00,2366.46
2025-04-21 03:00:00,2245.43
2025-04-21 04:00:00,2325.6
2025-04-21 05:00:00,2054.52
2025-04-21 06:00:00,1997.69
2025-04-21 07:00:00,2438.04
2025-04-21 08:00:00,2439.42
2025-04-21 09:00:00,2584.64
2025-04-21 10:00:00,2364.15
2025-04-21 11:00:00,2470.39
2025-04-21 12:00:00,2074.45
2025-04-21 13:00:00,1705.9
2025-04-21 14:00:00,1299.1799999999998
2025-04-21 15:00:00,873.6199999999999
2025-04-21 16:00:00,2324.41
2025-04-21 17:00:00,1846.17
2025-04-21 18:00:00,1970.1599999999999
2025-04-21 19:00:00,2605.72
2025-04-21 20:00:00,2977.08
2025-04-21 21:00:00,3555.72
2025-04-21 22:00:00,3767.3100000000004
2025-04-21 23:00:00,3740.48
2025-04-22 00:00:00,3354.66
2025-04-22 01:00:00,3359.89
2025-04-22 02:00:00,3016.82
2025-04-22 03:00:00,2908.12
2025-04-22 04:00:00,2707.65
2025-04-22 05:00:00,2211.05
2025-04-22 06:00:00,2522.24
2025-04-22 07:00:00,2214.82
2025-04-22 08:00:00,2309.54
2025-04-22 09:00:00,2021.27
2025-04-22 10:00:00,2416.77
2025-04-22 11:00:00,2185.03
2025-04-22 12:00:00,2401.23
2025-04-22 13:00:00,-54.809999999999945
2025-04-22 14:00:00,516.5999999999999
2025-04-22 15:00:00,1700.02
2025-04-22 16:00:00,2907.62
2025-04-22 17:00:00,3234.36
2025-04-22 18:00:00,2664.84
2025-04-22 19:00:00,3198.57
2025-04-22 20:00:00,3449.61
2025-04-22 21:00:00,3456.13
2025-04-22 22:00:00,4031.3199999999997
2025-04-22 23:00:00,3832.29
2025-04-23 00:00:00,3624.03
2025-04-23 01:00:00,2567.71
2025-04-23 02:00:00,2315.17
2025-04-23 03:00:00,2714.1
2025-04-23 04:00:00,2682.44
2025-04-23 05:00:00,1941.02
2025-04-23 06:00:00,2135.97
2025-04-23 07:00:00,3204.73
2025-04-23 08:00:00,3058.69
2025-04-23 09:00:00,2737.6
2025-04-23 10:00:00,2584.52
2025-04-23 11:00:00,-37.38000000000011
2025-04-23 12:00:00,985.3600000000001
2025-04-23 13:00:00,831.8400000000001
2025-04-23 14:00:00,2272.07
2025-04-23 15:00:00,2526.61
2025-04-23 16:00:00,3154.13
2025-04-23 17:00:00,3590.1499999999996
2025-04-23 18:00:00,3193.77
2025-04-23 19:00:00,2353.85
2025-04-23 20:00:00,2217.47
2025-04-23 21:00:00,1775.17
2025-04-23 22:00:00,1784.1
2025-04-23 23:00:00,1605.44
2025-04-24 00:00:00,1962.02
2025-04-24 01:00:00,1701.9699999999998
2025-04-24 02:00:00,1924.8600000000001
2025-04-24 03:00:00,2706.99
2025-04-24 04:00:00,3040.43
2025-04-24 05:00:00,2833.47
2025-04-24 06:00:00,2995.28
2025-04-24 07:00:00,2765.49
2025-04-24 08:00:00,2093.86
2025-04-24 09:00:00,1793.0900000000001
2025-04-24 10:00:00,1343.6799999999998
2025-04-24 11:00:00,-274.6999999999998
2025-04-24 12:00:00,-1265.1399999999999
2025-04-24 13:00:00,1652.0300000000002
2025-04-24 14:00:00,1992.52
2025-04-24 15:00:00,2635.61
2025-04-24 16:00:00,2732.63
2025-04-24 17:00:00,448.03999999999996
2025-04-24 18:00:00,2957.9
2025-04-24 19:00:00,3254.5
2025-04-24 20:00:00,3094.94
2025-04-24 21:00:00,2981.2
2025-04-24 22:00:00,2715.87
2025-04-24 23:00:00,2723.23
2025-04-25 00:00:00,2725.43
2025-04-25 01:00:00,2086.46
2025-04-25 02:00:00,2036.2399999999998
2025-04-25 03:00:00,2706.05
2025-04-25 04:00:00,2935.49
2025-04-25 05:00:00,2358.53
2025-04-25 06:00:00,2499.33
2025-04-25 07:00:00,2757.64
2025-04-25 08:00:00,2444.18
2025-04-25 09:00:00,794.9000000000001
2025-04-25 10:00:00,819.6999999999998
2025-04-25 11:00:00,468.2600000000002
2025-04-25 12:00:00,272.1399999999999
2025-04-25 13:00:00,363.7600000000002
2025-04-25 14:00:00,611.2800000000002
2025-04-25 15:00:00,278.1700000000001
2025-04-25 16:00:00,454.9000000000001
2025-04-25 17:00:00,545.5300000000002
2025-04-25 18:00:00,1372.9499999999998
2025-04-25 19:00:00,1935.5300000000002
2025-04-25 20:00:00,1887.46
2025-04-25 21:00:00,1804.77
2025-04-25 22:00:00,1911.17
2025-04-25 23:00:00,2320.05
2025-04-26 00:00:00,2455.56
2025-04-26 01:00:00,2651.08
2025-04-26 02:00:00,2678.15
2025-04-26 03:00:00,2515.55
2025-04-26 04:00:00,3036.12
2025-04-26 05:00:00,2791.05
2025-04-26 06:00:00,3203.83
2025-04-26 07:00:00,2913.85
2025-04-26 08:00:00,2464.02
2025-04-26 09:00:00,2208.18
2025-04-26 10:00:00,1212.8000000000002
2025-04-26 11:00:00,1459.67
2025-04-26 12:00:00,1141.5300000000002
2025-04-26 13:00:00,1948.3400000000001
2025-04-26 14:00:00,2071.5
2025-04-26 15:00:00,980.6100000000001
2025-04-26 16:00:00,951.6999999999998
2025-04-26 17:00:00,3634.32
2025-04-26 18:00:00,3293.21
2025-04-26 19:00:00,3499.93
2025-04-26 20:00:00,2765.99
2025-04-26 21:00:00,2739.59
2025-04-26 22:00:00,2555.93
2025-04-26 23:00:00,2710.47
2025-04-27 00:00:00,2487.25
2025-04-27 01:00:00,1839.8200000000002
2025-04-27 02:00:00,1536.2399999999998
2025-04-27 03:00:00,1616.48
2025-04-27 04:00:00,1119.19
2025-04-27 05:00:00,1178.65
2025-04-27 06:00:00,703.4099999999999
2025-04-27 07:00:00,-287.7399999999998
2025-04-27 08:00:00,138.76999999999998
2025-04-27 09:00:00,752.1100000000001
2025-04-27 10:00:00,659.69
2025-04-27 11:00:00,-1481.85
2025-04-27 12:00:00,1617.2199999999998
2025-04-27 13:00:00,-152.23000000000002
2025-04-27 14:00:00,-425.28999999999996
2025-04-27 15:00:00,-127.65999999999985
2025-04-27 16:00:00,1090.4300000000003
2025-04-27 17:00:00,1397.9399999999996
2025-04-27 18:00:00,1713.5900000000001
2025-04-27 19:00:00,1780.8899999999999
2025-04-27 20:00:00,1387.81
2025-04-27 21:00:00,765.5300000000002
2025-04-27 22:00:00,188.48000000000002
2025-04-27 23:00:00,-300.23
2025-04-28 00:00:00,-819.3400000000001
2025-04-28 01:00:00,-1440.04
2025-04-28 02:00:00,-1246.2800000000002
2025-04-28 03:00:00,-479.6999999999998
2025-04-28 04:00:00,349.9699999999998
2025-04-28 05:00:00,725.4699999999998
2025-04-28 06:00:00,566.06
2025-04-28 07:00:00,83.51000000000022
2025-04-28 08:00:00,-428.96000000000004
2025-04-28 09:00:00,-774.4699999999998
2025-04-28 10:00:00,-540.94
2025-04-28 11:00:00,216.86000000000013
2025-04-28 12:00:00,113.92000000000007
2025-04-28 13:00:00,-1316.0900000000001
2025-04-28 14:00:00,-1317.7399999999998
2025-04-28 15:00:00,-1465.8899999999999
2025-04-28 16:00:00,7.3400000000001455
2025-04-28 17:00:00,1550.2299999999996
2025-04-28 18:00:00,2394.1000000000004
2025-04-28 19:00:00,2373.91
2025-04-28 20:00:00,2180.37
2025-04-28 21:00:00,1752.7399999999998
2025-04-28 22:00:00,1194.3899999999999
2025-04-28 23:00:00,848.9899999999998
2025-04-29 00:00:00,974.9899999999998
2025-04-29 01:00:00,1034.85
2025-04-29 02:00:00,1403.1599999999999
2025-04-29 03:00:00,1951.5100000000002
2025-04-29 04:00:00,2391.95
2025-04-29 05:00:00,2303.6
2025-04-29 06:00:00,2132.87
2025-04-29 07:00:00,2073.68
2025-04-29 08:00:00,1508.35
2025-04-29 09:00:00,843.56
2025-04-29 10:00:00,568.3299999999999
2025-04-29 11:00:00,324.90999999999985
2025-04-29 12:00:00,-83.09999999999991
2025-04-29 13:00:00,-350.7199999999998
2025-04-29 14:00:00,-345.4200000000001
2025-04-29 15:00:00,226.6500000000001
2025-04-29 16:00:00,1553.4099999999999
2025-04-29 17:00:00,3377.16
2025-04-29 18:00:00,3429.96
2025-04-29 19:00:00,3329.7299999999996
2025-04-29 20:00:00,3244.03
2025-04-29 21:00:00,3025.43
2025-04-29 22:00:00,2847.44
2025-04-29 23:00:00,2758.96
2025-04-30 00:00:00,2614.31
2025-04-30 01:00:00,2616.3
2025-04-30 02:00:00,2368.5
2025-04-30 03:00:00,2321.51
2025-04-30 04:00:00,2670.46
2025-04-30 05:00:00,2031.46
2025-04-30 06:00:00,2007.5
2025-04-30 07:00:00,1469.94
2025-04-30 08:00:00,1105.1399999999999
2025-04-30 09:00:00,1720.48
2025-04-30 10:00:00,1421.31
2025-04-30 11:00:00,284.6700000000001
2025-04-30 12:00:00,268.3299999999999
2025-04-30 13:00:00,-424.25
2025-04-30 14:00:00,155.28999999999996
2025-04-30 15:00:00,484.9699999999998
2025-04-30 16:00:00,1839.27
2025-04-30 17:00:00,3656.62
2025-04-30 18:00:00,3490.1899999999996
2025-04-30 19:00:00,3550.69
2025-04-30 20:00:00,3469.0
2025-04-30 21:00:00,3275.86
2025-04-30 22:00:00,2811.04
2025-04-30 23:00:00,2270.26
2025-05-01 00:00:00,1619.13
2025-05-01 01:00:00,1370.1999999999998
2025-05-01 02:00:00,1418.8200000000002
2025-05-01 03:00:00,1738.1999999999998
2025-05-01 04:00:00,1982.8600000000001
2025-05-01 05:00:00,1418.17
2025-05-01 06:00:00,1430.5500000000002
2025-05-01 07:00:00,1233.5700000000002
2025-05-01 08:00:00,1191.7399999999998
2025-05-01 09:00:00,2752.86
2025-05-01 10:00:00,1647.58
2025-05-01 11:00:00,1150.92
2025-05-01 12:00:00,1279.0700000000002
2025-05-01 13:00:00,932.8600000000001
2025-05-01 14:00:00,1494.06
2025-05-01 15:00:00,1118.2600000000002
2025-05-01 16:00:00,2263.81
2025-05-01 17:00:00,3653.98
2025-05-01 18:00:00,3754.18
2025-05-01 19:00:00,3485.42
2025-05-01 20:00:00,2490.84
2025-05-01 21:00:00,3001.24
2025-05-01 22:00:00,2422.98
2025-05-01 23:00:00,2160.52
2025-05-02 00:00:00,2009.42
2025-05-02 01:00:00,1353.8600000000001
2025-05-02 02:00:00,1221.0100000000002
2025-05-02 03:00:00,1934.98
2025-05-02 04:00:00,1970.1
2025-05-02 05:00:00,1312.75
2025-05-02 06:00:00,1771.8899999999999
2025-05-02 07:00:00,1415.5
2025-05-02 08:00:00,1519.1
2025-05-02 09:00:00,2092.52
2025-05-02 10:00:00,2421.99
2025-05-02 11:00:00,2150.53
2025-05-02 12:00:00,1568.1399999999999
2025-05-02 13:00:00,86.73000000000002
2025-05-02 14:00:00,276.8600000000001
2025-05-02 15:00:00,765.8499999999999
2025-05-02 16:00:00,2086.99
2025-05-02 17:00:00,2450.8
2025-05-02 18:00:00,2866.13
2025-05-02 19:00:00,2906.25
2025-05-02 20:00:00,2801.91
2025-05-02 21:00:00,2748.44
2025-05-02 22:00:00,2675.35
2025-05-02 23:00:00,2612.76
2025-05-03 00:00:00,2636.09
2025-05-03 01:00:00,2414.86
2025-05-03 02:00:00,1905.85
2025-05-03 03:00:00,2418.45
2025-05-03 04:00:00,2623.52
2025-05-03 05:00:00,2256.4
2025-05-03 06:00:00,2241.32
2025-05-03 07:00:00,1787.4099999999999
2025-05-03 08:00:00,1504.0700000000002
2025-05-03 09:00:00,1744.1
2025-05-03 10:00:00,1237.6599999999999
2025-05-03 11:00:00,1180.0100000000002
2025-05-03 12:00:00,1576.2399999999998
2025-05-03 13:00:00,286.2800000000002
2025-05-03 14:00:00,-438.84000000000015
2025-05-03 15:00:00,359.4499999999998
2025-05-03 16:00:00,1777.8000000000002
2025-05-03 17:00:00,2050.49
2025-05-03 18:00:00,3041.08
2025-05-03 19:00:00,3335.18
2025-05-03 20:00:00,2746.81
2025-05-03 21:00:00,2898.74
2025-05-03 22:00:00,2716.22
2025-05-03 23:00:00,2327.28
2025-05-04 00:00:00,2305.54
2025-05-04 01:00:00,1774.96
2025-05-04 02:00:00,1888.9899999999998
2025-05-04 03:00:00,2023.2399999999998
2025-05-04 04:00:00,2123.35
2025-05-04 05:00:00,1631.6799999999998
2025-05-04 06:00:00,1778.6399999999999
2025-05-04 07:00:00,1585.06
2025-05-04 08:00:00,1721.2800000000002
2025-05-04 09:00:00,1500.13
2025-05-04 10:00:00,1248.46
2025-05-04 11:00:00,1031.6100000000001
2025-05-04 12:00:00,476.65999999999985
2025-05-04 13:00:00,410.3000000000002
2025-05-04 14:00:00,629.4499999999998
2025-05-04 15:00:00,402.3000000000002
2025-05-04 16:00:00,613.04
2025-05-04 17:00:00,2403.66
2025-05-04 18:00:00,3354.91
2025-05-04 19:00:00,3037.45
2025-05-04 20:00:00,2955.14
2025-05-04 21:00:00,2641.11
2025-05-04 22:00:00,2521.08
2025-05-04 23:00:00,2387.2
2025-05-05 00:00:00,2071.0
2025-05-05 01:00:00,1861.52
2025-05-05 02:00:00,2060.54
2025-05-05 03:00:00,2409.19
2025-05-05 04:00:00,2491.31
2025-05-05 05:00:00,2031.54
2025-05-05 06:00:00,1986.9499999999998
2025-05-05 07:00:00,1487.0
2025-05-05 08:00:00,1764.63
2025-05-05 09:00:00,1255.5500000000002
2025-05-05 10:00:00,948.0300000000002
2025-05-05 11:00:00,1222.15
2025-05-05 12:00:00,1379.2199999999998
2025-05-05 13:00:00,1505.7800000000002
2025-05-05 14:00:00,363.48
2025-05-05 15:00:00,2434.0
2025-05-05 16:00:00,2896.17
2025-05-05 17:00:00,2478.65
2025-05-05 18:00:00,2902.74
2025-05-05 19:00:00,3385.96
2025-05-05 20:00:00,2494.02
2025-05-05 21:00:00,2385.34
2025-05-05 22:00:00,2352.51
2025-05-05 23:00:00,2299.1
2025-05-06 00:00:00,2049.74
2025-05-06 01:00:00,2301.65
2025-05-06 02:00:00,2338.81
2025-05-06 03:00:00,2394.72
2025-05-06 04:00:00,2598.88
2025-05-06 05:00:00,2091.43
2025-05-06 06:00:00,1832.8600000000001
2025-05-06 07:00:00,1140.9
2025-05-06 08:00:00,1060.27
2025-05-06 09:00:00,1845.2199999999998
2025-05-06 10:00:00,2627.87
2025-05-06 11:00:00,703.23
2025-05-06 12:00:00,36.070000000000164
2025-05-06 13:00:00,1364.35
2025-05-06 14:00:00,2135.42
2025-05-06 15:00:00,2666.18
2025-05-06 16:00:00,2933.01
2025-05-06 17:00:00,3365.14
2025-05-06 18:00:00,3369.07
2025-05-06 19:00:00,3136.6
2025-05-06 20:00:00,2727.11
2025-05-06 21:00:00,-102.19999999999982
2025-05-06 22:00:00,-29.40000000000009
2025-05-06 23:00:00,2284.67
2025-05-07 00:00:00,1729.98
2025-05-07 01:00:00,2055.03
2025-05-07 02:00:00,297.65999999999985
2025-05-07 03:00:00,2113.07
2025-05-07 04:00:00,2868.1
2025-05-07 05:00:00,2734.63
2025-05-07 06:00:00,2310.74
2025-05-07 07:00:00,2020.44
2025-05-07 08:00:00,1994.62
2025-05-07 09:00:00,1902.0100000000002
2025-05-07 10:00:00,1245.38
2025-05-07 11:00:00,-1113.35
2025-05-07 12:00:00,2642.48
2025-05-07 13:00:00,1752.2600000000002
2025-05-07 14:00:00,2109.8
2025-05-07 15:00:00,1203.48
2025-05-07 16:00:00,1403.9899999999998
2025-05-07 17:00:00,2096.69
2025-05-07 18:00:00,2119.58
2025-05-07 19:00:00,2537.68
2025-05-07 20:00:00,2857.31
2025-05-07 21:00:00,2720.51
2025-05-07 22:00:00,2720.03
2025-05-07 23:00:00,2571.08
2025-05-08 00:00:00,2510.99
2025-05-08 01:00:00,2472.38
2025-05-08 02:00:00,2395.02
2025-05-08 03:00:00,2860.6
2025-05-08 04:00:00,3031.36
2025-05-08 05:00:00,2097.35
2025-05-08 06:00:00,1956.2399999999998
2025-05-08 07:00:00,1304.6399999999999
2025-05-08 08:00:00,1117.58
2025-05-08 09:00:00,1369.87
2025-05-08 10:00:00,2537.02
2025-05-08 11:00:00,2496.36
2025-05-08 12:00:00,1001.0
2025-05-08 13:00:00,705.9499999999998
2025-05-08 14:00:00,1920.3400000000001
2025-05-08 15:00:00,1846.77
2025-05-08 16:00:00,3020.73
2025-05-08 17:00:00,3612.38
2025-05-08 18:00:00,1294.21
2025-05-08 19:00:00,215.13999999999987
2025-05-08 20:00:00,664.7399999999998
2025-05-08 21:00:00,-1204.98
2025-05-08 22:00:00,-764.3400000000001
2025-05-08 23:00:00,-924.2800000000002
2025-05-09 00:00:00,-843.9200000000001
2025-05-09 01:00:00,-812.46
2025-05-09 02:00:00,-739.0100000000002
2025-05-09 03:00:00,-342.1399999999999
2025-05-09 04:00:00,-99.44000000000005
2025-05-09 05:00:00,59.75
2025-05-09 06:00:00,114.88999999999987
2025-05-09 07:00:00,-237.30000000000018
2025-05-09 08:00:00,-466.1700000000001
2025-05-09 09:00:00,-333.1300000000001
2025-05-09 10:00:00,55.73999999999978
2025-05-09 11:00:00,-181.1500000000001
2025-05-09 12:00:00,-54.38999999999987
2025-05-09 13:00:00,512.2800000000002
2025-05-09 14:00:00,248.26999999999998
2025-05-09 15:00:00,776.7399999999998
2025-05-09 16:00:00,1967.52
2025-05-09 17:00:00,3148.24
2025-05-09 18:00:00,2366.97
2025-05-09 19:00:00,2275.41
2025-05-09 20:00:00,3128.05
2025-05-09 21:00:00,3016.22
2025-05-09 22:00:00,2759.62
2025-05-09 23:00:00,2611.19
2025-05-10 00:00:00,2243.28
2025-05-10 01:00:00,1724.5300000000002
2025-05-10 02:00:00,1602.4899999999998
2025-05-10 03:00:00,1888.12
2025-05-10 04:00:00,2445.22
2025-05-10 05:00:00,1763.52
2025-05-10 06:00:00,2021.6799999999998
2025-05-10 07:00:00,2539.55
2025-05-10 08:00:00,2740.67
2025-05-10 09:00:00,2759.69
2025-05-10 10:00:00,2729.18
2025-05-10 11:00:00,1926.5300000000002
2025-05-10 12:00:00,1437.88
2025-05-10 13:00:00,1802.9499999999998
2025-05-10 14:00:00,948.2199999999998
2025-05-10 15:00:00,1152.69
2025-05-10 16:00:00,1485.1100000000001
2025-05-10 17:00:00,1350.0
2025-05-10 18:00:00,1826.29
2025-05-10 19:00:00,2451.74
2025-05-10 20:00:00,2234.46
2025-05-10 21:00:00,2129.21
2025-05-10 22:00:00,2600.96
2025-05-10 23:00:00,2524.88
2025-05-11 00:00:00,2463.76
2025-05-11 01:00:00,2567.74
2025-05-11 02:00:00,2715.88
2025-05-11 03:00:00,2773.97
2025-05-11 04:00:00,2978.8
2025-05-11 05:00:00,2542.91
2025-05-11 06:00:00,2316.89
2025-05-11 07:00:00,2235.23
2025-05-11 08:00:00,1855.75
2025-05-11 09:00:00,1243.79
2025-05-11 10:00:00,1159.6100000000001
2025-05-11 11:00:00,1113.9
2025-05-11 12:00:00,1018.06
2025-05-11 13:00:00,607.06
2025-05-11 14:00:00,517.1199999999999
2025-05-11 15:00:00,755.3899999999999
2025-05-11 16:00:00,1799.2399999999998
2025-05-11 17:00:00,2568.24
2025-05-11 18:00:00,2301.32
2025-05-11 19:00:00,2263.35
2025-05-11 20:00:00,2578.12
2025-05-11 21:00:00,1862.0
2025-05-11 22:00:00,2125.69
2025-05-11 23:00:00,2498.49
2025-05-12 00:00:00,2100.01
2025-05-12 01:00:00,2297.99
2025-05-12 02:00:00,2107.35
2025-05-12 03:00:00,2114.21
2025-05-12 04:00:00,2580.37
2025-05-12 05:00:00,2530.98
2025-05-12 06:00:00,2435.57
2025-05-12 07:00:00,2384.66
2025-05-12 08:00:00,2453.85
2025-05-12 09:00:00,1914.9699999999998
2025-05-12 10:00:00,1217.5300000000002
2025-05-12 11:00:00,690.2399999999998
2025-05-12 12:00:00,924.7800000000002
2025-05-12 13:00:00,732.56
2025-05-12 14:00:00,1277.54
2025-05-12 15:00:00,1113.94
2025-05-12 16:00:00,301.44000000000005
2025-05-12 17:00:00,1190.3500000000004
2025-05-12 18:00:00,2797.51
2025-05-12 19:00:00,2807.39
2025-05-12 20:00:00,2929.79
2025-05-12 21:00:00,2491.07
2025-05-12 22:00:00,2477.39
2025-05-12 23:00:00,2784.14
2025-05-13 00:00:00,2649.01
2025-05-13 01:00:00,2356.18
2025-05-13 02:00:00,2674.17
2025-05-13 03:00:00,2811.81
2025-05-13 04:00:00,3303.14
2025-05-13 05:00:00,3354.48
2025-05-13 06:00:00,2876.91
2025-05-13 07:00:00,2380.98
2025-05-13 08:00:00,2508.77
2025-05-13 09:00:00,2471.85
2025-05-13 10:00:00,2143.19
2025-05-13 11:00:00,1487.4099999999999
2025-05-13 12:00:00,827.81
2025-05-13 13:00:00,1483.0100000000002
2025-05-13 14:00:00,1234.77
2025-05-13 15:00:00,987.1700000000001
2025-05-13 16:00:00,1852.71
2025-05-13 17:00:00,2422.3500000000004
2025-05-13 18:00:00,2719.8500000000004
2025-05-13 19:00:00,2829.55
2025-05-13 20:00:00,2559.72
2025-05-13 21:00:00,1964.1599999999999
2025-05-13 22:00:00,2684.99
2025-05-13 23:00:00,2820.12
2025-05-14 00:00:00,2169.45
2025-05-14 01:00:00,2228.03
2025-05-14 02:00:00,1633.37
2025-05-14 03:00:00,2362.6
2025-05-14 04:00:00,2602.18
2025-05-14 05:00:00,2324.68
2025-05-14 06:00:00,2619.59
2025-05-14 07:00:00,2666.03
2025-05-14 08:00:00,2399.86
2025-05-14 09:00:00,2081.56
2025-05-14 10:00:00,1388.0500000000002
2025-05-14 11:00:00,1166.8899999999999
2025-05-14 12:00:00,941.19
2025-05-14 13:00:00,149.21000000000004
2025-05-14 14:00:00,1277.54
2025-05-14 15:00:00,-272.1700000000001
2025-05-14 16:00:00,-250.71000000000004
2025-05-14 17:00:00,1845.1000000000004
2025-05-14 18:00:00,2790.3199999999997
2025-05-14 19:00:00,3629.56
2025-05-14 20:00:00,3398.53
2025-05-14 21:00:00,3000.4
2025-05-14 22:00:00,2803.78
2025-05-14 23:00:00,2480.43
2025-05-15 00:00:00,2151.38
2025-05-15 01:00:00,1901.87
2025-05-15 02:00:00,1836.5
2025-05-15 03:00:00,2518.16
2025-05-15 04:00:00,2311.98
2025-05-15 05:00:00,1603.7600000000002
2025-05-15 06:00:00,959.9699999999998
2025-05-15 07:00:00,972.8299999999999
2025-05-15 08:00:00,1160.5900000000001
2025-05-15 09:00:00,2192.8
2025-05-15 10:00:00,2542.44
2025-05-15 11:00:00,1136.79
2025-05-15 12:00:00,616.52
2025-05-15 13:00:00,74.28999999999996
2025-05-15 14:00:00,910.1999999999998
2025-05-15 15:00:00,765.96
2025-05-15 16:00:00,2120.2
2025-05-15 17:00:00,3567.16
2025-05-15 18:00:00,3333.94
2025-05-15 19:00:00,3206.11
2025-05-15 20:00:00,2948.7
2025-05-15 21:00:00,2660.52
2025-05-15 22:00:00,2268.14
2025-05-15 23:00:00,1935.65
2025-05-16 00:00:00,1240.13
2025-05-16 01:00:00,1655.54
2025-05-16 02:00:00,2003.77
2025-05-16 03:00:00,1999.0300000000002
2025-05-16 04:00:00,2111.61
2025-05-16 05:00:00,2569.65
2025-05-16 06:00:00,2553.77
2025-05-16 07:00:00,2320.5
2025-05-16 08:00:00,1643.3000000000002
2025-05-16 09:00:00,1099.87
2025-05-16 10:00:00,1343.2700000000004
2025-05-16 11:00:00,2601.23
2025-05-16 12:00:00,1811.3899999999999
2025-05-16 13:00:00,752.8699999999999
2025-05-16 14:00:00,-778.96
2025-05-16 15:00:00,-774.9499999999998
2025-05-16 16:00:00,-1160.96
2025-05-16 17:00:00,-1306.9799999999996
2025-05-16 18:00:00,-663.5
2025-05-16 19:00:00,-611.8200000000002
2025-05-16 20:00:00,-1117.17
2025-05-16 21:00:00,-1057.8200000000002
2025-05-16 22:00:00,-1040.94
2025-05-16 23:00:00,-1303.71
2025-05-17 00:00:00,-1575.5500000000002
2025-05-17 01:00:00,-2167.32
2025-05-17 02:00:00,-2190.39
2025-05-17 03:00:00,-1529.54
2025-05-17 04:00:00,-447.71000000000004
2025-05-17 05:00:00,-573.5700000000002
2025-05-17 06:00:00,-2023.73
2025-05-17 07:00:00,-2219.98
2025-05-17 08:00:00,-2466.78
2025-05-17 09:00:00,-2659.14
2025-05-17 10:00:00,-2302.68
2025-05-17 11:00:00,-2141.84
2025-05-17 12:00:00,-1566.4699999999998
2025-05-17 13:00:00,-1755.33
2025-05-17 14:00:00,-1353.8600000000001
2025-05-17 15:00:00,-1403.1599999999999
2025-05-17 16:00:00,77.25
2025-05-17 17:00:00,1944.54
2025-05-17 18:00:00,2206.56
2025-05-17 19:00:00,2226.78
2025-05-17 20:00:00,1962.33
2025-05-17 21:00:00,1786.3600000000001
2025-05-17 22:00:00,1615.6399999999999
2025-05-17 23:00:00,1453.58
2025-05-18 00:00:00,1289.0100000000002
2025-05-18 01:00:00,1265.35
2025-05-18 02:00:00,1925.8899999999999
2025-05-18 03:00:00,2283.26
2025-05-18 04:00:00,2247.68
2025-05-18 05:00:00,1850.38
2025-05-18 06:00:00,1555.02
2025-05-18 07:00:00,707.5799999999999
2025-05-18 08:00:00,-317.25
2025-05-18 09:00:00,-494.98
2025-05-18 10:00:00,-197.2199999999998
2025-05-18 11:00:00,-275.82000000000016
2025-05-18 12:00:00,-603.3299999999999
2025-05-18 13:00:00,-508.42999999999984
2025-05-18 14:00:00,-585.1500000000001
2025-05-18 15:00:00,80.80999999999995
2025-05-18 16:00:00,1534.0500000000002
2025-05-18 17:00:00,1872.6599999999999
2025-05-18 18:00:00,2341.67
2025-05-18 19:00:00,2660.21
2025-05-18 20:00:00,2789.54
2025-05-18 21:00:00,2776.62
2025-05-18 22:00:00,2593.33
2025-05-18 23:00:00,2350.4
2025-05-19 00:00:00,2380.65
2025-05-19 01:00:00,2243.26
2025-05-19 02:00:00,2633.26
2025-05-19 03:00:00,3174.74
2025-05-19 04:00:00,3019.33
2025-05-19 05:00:00,1461.8400000000001
2025-05-19 06:00:00,720.94
2025-05-19 07:00:00,998.3899999999999
2025-05-19 08:00:00,113.80999999999995
2025-05-19 09:00:00,-1812.94
2025-05-19 10:00:00,-1690.8200000000002
2025-05-19 11:00:00,-1263.63
2025-05-19 12:00:00,-1611.17
2025-05-19 13:00:00,-2238.35
2025-05-19 14:00:00,-2127.26
2025-05-19 15:00:00,-1387.29
2025-05-19 16:00:00,2110.43
2025-05-19 17:00:00,1906.63
2025-05-19 18:00:00,800.5999999999999
2025-05-19 19:00:00,2085.43
2025-05-19 20:00:00,1961.48
2025-05-19 21:00:00,1700.83
2025-05-19 22:00:00,1406.38
2025-05-19 23:00:00,1511.5
2025-05-20 00:00:00,1497.65
2025-05-20 01:00:00,1754.1599999999999
2025-05-20 02:00:00,1656.2399999999998
2025-05-20 03:00:00,1828.2600000000002
2025-05-20 04:00:00,1962.1
2025-05-20 05:00:00,1612.2600000000002
2025-05-20 06:00:00,1295.0300000000002
2025-05-20 07:00:00,-445.07000000000016
2025-05-20 08:00:00,-733.31
2025-05-20 09:00:00,-928.9699999999998
2025-05-20 10:00:00,-917.1799999999998
2025-05-20 11:00:00,-670.2199999999998
2025-05-20 12:00:00,-991.8699999999999
2025-05-20 13:00:00,-948.79
2025-05-20 14:00:00,-559.3499999999999
2025-05-20 15:00:00,-254.92999999999984
2025-05-20 16:00:00,732.0100000000002
2025-05-20 17:00:00,2298.19
2025-05-20 18:00:00,3050.72
2025-05-20 19:00:00,3207.48
2025-05-20 20:00:00,3227.82
2025-05-20 21:00:00,2943.6
2025-05-20 22:00:00,2661.71
2025-05-20 23:00:00,2457.56
2025-05-21 00:00:00,2243.97
2025-05-21 01:00:00,2316.93
2025-05-21 02:00:00,2131.52
2025-05-21 03:00:00,2439.46
2025-05-21 04:00:00,2465.92
2025-05-21 05:00:00,1675.15
2025-05-21 06:00:00,2001.13
2025-05-21 07:00:00,1654.75
2025-05-21 08:00:00,1252.42
2025-05-21 09:00:00,657.5500000000002
2025-05-21 10:00:00,645.6799999999998
2025-05-21 11:00:00,2182.89
2025-05-21 12:00:00,2156.08
2025-05-21 13:00:00,1557.5900000000001
2025-05-21 14:00:00,1254.0
2025-05-21 15:00:00,1330.69
2025-05-21 16:00:00,2152.35
2025-05-21 17:00:00,2488.8
2025-05-21 18:00:00,2987.06
2025-05-21 19:00:00,3032.7
2025-05-21 20:00:00,2589.06
2025-05-21 21:00:00,2063.48
2025-05-21 22:00:00,2126.43
2025-05-21 23:00:00,1518.73
2025-05-22 00:00:00,1028.0900000000001
2025-05-22 01:00:00,1511.1100000000001
2025-05-22 02:00:00,1339.9499999999998
2025-05-22 03:00:00,1678.6799999999998
2025-05-22 04:00:00,1685.9099999999999
2025-05-22 05:00:00,1307.23
2025-05-22 06:00:00,1069.4499999999998
2025-05-22 07:00:00,886.1700000000001
2025-05-22 08:00:00,1347.19
2025-05-22 09:00:00,2343.46
2025-05-22 10:00:00,2622.84
2025-05-22 11:00:00,1706.48
2025-05-22 12:00:00,73.94000000000005
2025-05-22 13:00:00,618.5999999999999
2025-05-22 14:00:00,793.19
2025-05-22 15:00:00,1627.06
2025-05-22 16:00:00,2511.58
2025-05-22 17:00:00,3260.84
2025-05-22 18:00:00,3101.2
2025-05-22 19:00:00,3227.05
2025-05-22 20:00:00,3208.26
2025-05-22 21:00:00,2773.08
2025-05-22 22:00:00,2480.24
2025-05-22 23:00:00,2330.33
2025-05-23 00:00:00,2191.65
2025-05-23 01:00:00,1379.04
2025-05-23 02:00:00,2284.79
2025-05-23 03:00:00,2311.72
2025-05-23 04:00:00,2752.53
2025-05-23 05:00:00,2382.31
2025-05-23 06:00:00,1675.31
2025-05-23 07:00:00,1645.02
2025-05-23 08:00:00,1591.8899999999999
2025-05-23 09:00:00,1649.75
2025-05-23 10:00:00,2096.03
2025-05-23 11:00:00,2308.69
2025-05-23 12:00:00,1181.13
2025-05-23 13:00:00,591.71
2025-05-23 14:00:00,579.7199999999998
2025-05-23 15:00:00,878.9200000000001
2025-05-23 16:00:00,1289.9
2025-05-23 17:00:00,1870.62
2025-05-23 18:00:00,1783.9899999999998
2025-05-23 19:00:00,2998.14
2025-05-23 20:00:00,1928.0900000000001
2025-05-23 21:00:00,1261.63
2025-05-23 22:00:00,775.06
2025-05-23 23:00:00,372.03999999999996
2025-05-24 00:00:00,160.1500000000001
2025-05-24 01:00:00,193.3499999999999
2025-05-24 02:00:00,965.0100000000002
2025-05-24 03:00:00,1424.4699999999998
2025-05-24 04:00:00,809.3600000000001
2025-05-24 05:00:00,1298.6799999999998
2025-05-24 06:00:00,1947.9699999999998
2025-05-24 07:00:00,2463.8
2025-05-24 08:00:00,1767.0100000000002
2025-05-24 09:00:00,951.6199999999999
2025-05-24 10:00:00,236.98000000000002
2025-05-24 11:00:00,134.44999999999982
2025-05-24 12:00:00,381.0
2025-05-24 13:00:00,1222.56
2025-05-24 14:00:00,2061.78
2025-05-24 15:00:00,2051.59
2025-05-24 16:00:00,1879.25
2025-05-24 17:00:00,1701.73
2025-05-24 18:00:00,1972.9899999999998
2025-05-24 19:00:00,1941.4099999999999
2025-05-24 20:00:00,1918.3899999999999
2025-05-24 21:00:00,1539.06
2025-05-24 22:00:00,883.77
2025-05-24 23:00:00,509.53999999999996
2025-05-25 00:00:00,665.8299999999999
2025-05-25 01:00:00,190.09000000000015
2025-05-25 02:00:00,208.5300000000002
2025-05-25 03:00:00,108.46000000000004
2025-05-25 04:00:00,437.2399999999998
2025-05-25 05:00:00,627.29
2025-05-25 06:00:00,452.98
2025-05-25 07:00:00,394.5
2025-05-25 08:00:00,537.5999999999999
2025-05-25 09:00:00,368.60000000000036
2025-05-25 10:00:00,301.3299999999999
2025-05-25 11:00:00,233.78999999999996
2025-05-25 12:00:00,146.61000000000013
2025-05-25 13:00:00,-186.13999999999987
2025-05-25 14:00:00,-666.5100000000002
2025-05-25 15:00:00,332.8600000000001
2025-05-25 16:00:00,890.9099999999999
2025-05-25 17:00:00,422.32000000000016
2025-05-25 18:00:00,1902.4699999999998
2025-05-25 19:00:00,2476.64
2025-05-25 20:00:00,2232.69
2025-05-25 21:00:00,879.3800000000001
2025-05-25 22:00:00,-320.6700000000001
2025-05-25 23:00:00,-727.9200000000001
2025-05-26 00:00:00,-1074.44
2025-05-26 01:00:00,-1358.81
2025-05-26 02:00:00,-1229.23
2025-05-26 03:00:00,-1552.3000000000002
2025-05-26 04:00:00,-1406.63
2025-05-26 05:00:00,-1539.98
2025-05-26 06:00:00,-1556.83
2025-05-26 07:00:00,-1500.1399999999999
2025-05-26 08:00:00,-1473.4
2025-05-26 09:00:00,-1018.0500000000002
2025-05-26 10:00:00,-539.1700000000001
2025-05-26 11:00:00,-512.23
2025-05-26 12:00:00,-234.44000000000005
2025-05-26 13:00:00,636.69
2025-05-26 14:00:00,-1632.65
2025-05-26 15:00:00,-1763.42
2025-05-26 16:00:00,-1005.7399999999998
2025-05-26 17:00:00,-682.1700000000001
2025-05-26 18:00:00,169.05000000000018
2025-05-26 19:00:00,502.40999999999985
2025-05-26 20:00:00,74.2800000000002
2025-05-26 21:00:00,-200.0300000000002
2025-05-26 22:00:00,-222.05000000000018
2025-05-26 23:00:00,-766.8000000000002
2025-05-27 00:00:00,-671.44
2025-05-27 01:00:00,-595.79
2025-05-27 02:00:00,-127.90000000000009
2025-05-27 03:00:00,-915.27
2025-05-27 04:00:00,-1209.9499999999998
2025-05-27 05:00:00,-1571.0
2025-05-27 06:00:00,-1934.9899999999998
2025-05-27 07:00:00,-2920.25
2025-05-27 08:00:00,-3028.84
2025-05-27 09:00:00,-2840.26
2025-05-27 10:00:00,-2653.5
2025-05-27 11:00:00,-2737.84
2025-05-27 12:00:00,-2222.77
2025-05-27 13:00:00,539.9499999999998
2025-05-27 14:00:00,-1682.9299999999998
2025-05-27 15:00:00,-1008.04
2025-05-27 16:00:00,-537.79
2025-05-27 17:00:00,404.07000000000016
2025-05-27 18:00:00,4.739999999999782
2025-05-27 19:00:00,-129.0
2025-05-27 20:00:00,-67.21000000000004
2025-05-27 21:00:00,221.75
2025-05-27 22:00:00,336.3299999999999
2025-05-27 23:00:00,520.23
2025-05-28 00:00:00,210.92999999999984
2025-05-28 01:00:00,-263.1199999999999
2025-05-28 02:00:00,164.9699999999998
2025-05-28 03:00:00,482.8000000000002
2025-05-28 04:00:00,-70.4699999999998
2025-05-28 05:00:00,-715.1100000000001
2025-05-28 06:00:00,-1799.5500000000002
2025-05-28 07:00:00,-2422.8
2025-05-28 08:00:00,-2397.97
2025-05-28 09:00:00,-1942.38
2025-05-28 10:00:00,-1789.92
2025-05-28 11:00:00,-2567.85
2025-05-28 12:00:00,-913.81
2025-05-28 13:00:00,-1507.6100000000001
2025-05-28 14:00:00,-1245.04
2025-05-28 15:00:00,-613.77
2025-05-28 16:00:00,1142.7199999999998
2025-05-28 17:00:00,1965.67
2025-05-28 18:00:00,2169.64
2025-05-28 19:00:00,2067.58
2025-05-28 20:00:00,1455.9099999999999
2025-05-28 21:00:00,892.73
2025-05-28 22:00:00,506.4499999999998
2025-05-28 23:00:00,924.5100000000002
2025-05-29 00:00:00,1107.5500000000002
2025-05-29 01:00:00,1259.8600000000001
2025-05-29 02:00:00,2202.67
2025-05-29 03:00:00,2657.6
2025-05-29 04:00:00,2998.34
2025-05-29 05:00:00,2585.29
2025-05-29 06:00:00,2142.05
2025-05-29 07:00:00,1686.62
2025-05-29 08:00:00,578.9499999999998
2025-05-29 09:00:00,-728.3200000000002
2025-05-29 10:00:00,-153.19000000000005
2025-05-29 11:00:00,5.989999999999782
2025-05-29 12:00:00,-1800.46
2025-05-29 13:00:00,-1506.63
2025-05-29 14:00:00,-1013.31
2025-05-29 15:00:00,-498.80999999999995
2025-05-29 16:00:00,-491.4000000000001
2025-05-29 17:00:00,279.6399999999999
2025-05-29 18:00:00,23.710000000000036
2025-05-29 19:00:00,-45.51999999999998
2025-05-29 20:00:00,-475.8499999999999
2025-05-29 21:00:00,-964.5700000000002
2025-05-29 22:00:00,-873.0100000000002
2025-05-29 23:00:00,-917.4899999999998
2025-05-30 00:00:00,-982.0999999999999
2025-05-30 01:00:00,-654.1500000000001
2025-05-30 02:00:00,-606.4899999999998
2025-05-30 03:00:00,-142.8699999999999
2025-05-30 04:00:00,339.8499999999999
2025-05-30 05:00:00,55.30000000000018
2025-05-30 06:00:00,491.2199999999998
2025-05-30 07:00:00,618.96
2025-05-30 08:00:00,1100.77
2025-05-30 09:00:00,1395.1100000000001
2025-05-30 10:00:00,2437.66
2025-05-30 11:00:00,2613.6
2025-05-30 12:00:00,1341.88
2025-05-30 13:00:00,1196.9899999999998
2025-05-30 14:00:00,1148.1799999999998
2025-05-30 15:00:00,2246.92
2025-05-30 16:00:00,2428.21
2025-05-30 17:00:00,2984.46
2025-05-30 18:00:00,1694.87
2025-05-30 19:00:00,1986.4099999999999
2025-05-30 20:00:00,2167.68
2025-05-30 21:00:00,2019.7399999999998
2025-05-30 22:00:00,1667.6
2025-05-30 23:00:00,1445.9
2025-05-31 00:00:00,1206.3000000000002
2025-05-31 01:00:00,1129.1599999999999
2025-05-31 02:00:00,1355.54
2025-05-31 03:00:00,1100.23
2025-05-31 04:00:00,806.8200000000002
2025-05-31 05:00:00,1374.62
2025-05-31 06:00:00,1406.9699999999998
2025-05-31 07:00:00,1554.8200000000002
2025-05-31 08:00:00,2364.55
2025-05-31 09:00:00,2552.9
2025-05-31 10:00:00,1863.52
2025-05-31 11:00:00,1852.1
2025-05-31 12:00:00,1347.7800000000002
2025-05-31 13:00:00,1736.4699999999998
2025-05-31 14:00:00,1684.3000000000002
2025-05-31 15:00:00,1881.6
2025-05-31 16:00:00,2362.43
2025-05-31 17:00:00,3049.84
2025-05-31 18:00:00,2408.57
2025-05-31 19:00:00,2450.5
2025-05-31 20:00:00,2849.75
2025-05-31 21:00:00,2960.91
2025-05-31 22:00:00,2515.28
2025-05-31 23:00:00,1794.2199999999998
2025-06-01 00:00:00,1563.9299999999998
2025-06-01 01:00:00,1582.9899999999998
2025-06-01 02:00:00,1412.13
2025-06-01 03:00:00,1288.33
2025-06-01 04:00:00,1222.96
2025-06-01 05:00:00,1697.3899999999999
2025-06-01 06:00:00,2117.4
2025-06-01 07:00:00,2074.58
2025-06-01 08:00:00,1874.0500000000002
2025-06-01 09:00:00,2064.98
2025-06-01 10:00:00,1738.8899999999999
2025-06-01 11:00:00,1297.9
2025-06-01 12:00:00,1707.4499999999998
2025-06-01 13:00:00,2057.47
2025-06-01 14:00:00,2617.13
2025-06-01 15:00:00,2617.05
2025-06-01 16:00:00,2100.7
2025-06-01 17:00:00,2238.08
2025-06-01 18:00:00,3104.94
2025-06-01 19:00:00,3201.19
2025-06-01 20:00:00,2894.45
2025-06-01 21:00:00,2824.65
2025-06-01 22:00:00,2671.51
2025-06-01 23:00:00,2621.86
2025-06-02 00:00:00,2490.63
2025-06-02 01:00:00,2534.46
2025-06-02 02:00:00,2540.97
2025-06-02 03:00:00,2961.57
2025-06-02 04:00:00,3174.67
2025-06-02 05:00:00,2750.49
2025-06-02 06:00:00,2507.13
2025-06-02 07:00:00,2316.7
2025-06-02 08:00:00,2187.5
2025-06-02 09:00:00,2203.17
2025-06-02 10:00:00,2260.29
2025-06-02 11:00:00,2088.25
2025-06-02 12:00:00,1718.1100000000001
2025-06-02 13:00:00,1835.73
2025-06-02 14:00:00,1821.2199999999998
2025-06-02 15:00:00,1999.5300000000002
2025-06-02 16:00:00,2785.66
2025-06-02 17:00:00,3458.42
2025-06-02 18:00:00,3566.56
2025-06-02 19:00:00,3349.25
2025-06-02 20:00:00,3168.63
2025-06-02 21:00:00,2898.47
2025-06-02 22:00:00,2719.85
2025-06-02 23:00:00,2298.27
2025-06-03 00:00:00,2334.7
2025-06-03 01:00:00,2096.2
2025-06-03 02:00:00,2465.63
2025-06-03 03:00:00,2798.45
2025-06-03 04:00:00,2868.28
2025-06-03 05:00:00,2486.82
2025-06-03 06:00:00,2361.15
2025-06-03 07:00:00,2102.33
2025-06-03 08:00:00,2099.23
2025-06-03 09:00:00,2062.22
2025-06-03 10:00:00,2024.5900000000001
2025-06-03 11:00:00,1872.79
2025-06-03 12:00:00,1712.5
2025-06-03 13:00:00,2056.18
2025-06-03 14:00:00,1873.48
2025-06-03 15:00:00,1998.56
2025-06-03 16:00:00,2512.54
2025-06-03 17:00:00,2998.46
2025-06-03 18:00:00,3141.36
2025-06-03 19:00:00,2944.78
2025-06-03 20:00:00,3156.99
2025-06-03 21:00:00,2782.47
2025-06-03 22:00:00,2546.89
2025-06-03 23:00:00,2571.82
2025-06-04 00:00:00,2615.16
2025-06-04 01:00:00,2412.89
2025-06-04 02:00:00,2193.91
2025-06-04 03:00:00,2769.47
2025-06-04 04:00:00,2646.12
2025-06-04 05:00:00,2561.47
2025-06-04 06:00:00,2663.12
2025-06-04 07:00:00,2588.14
2025-06-04 08:00:00,2785.65
2025-06-04 09:00:00,2676.68
2025-06-04 10:00:00,2674.41
2025-06-04 11:00:00,2945.62
2025-06-04 12:00:00,3168.53
2025-06-04 13:00:00,2254.71
2025-06-04 14:00:00,2713.07
2025-06-04 15:00:00,3215.47
2025-06-04 16:00:00,3609.17
2025-06-04 17:00:00,3386.16
2025-06-04 18:00:00,3770.59
2025-06-04 19:00:00,3395.67
2025-06-04 20:00:00,3013.75
2025-06-04 21:00:00,2797.42
2025-06-04 22:00:00,2803.5
2025-06-04 23:00:00,2607.39
2025-06-05 00:00:00,2534.54
2025-06-05 01:00:00,2322.69
2025-06-05 02:00:00,2460.25
2025-06-05 03:00:00,2830.87
2025-06-05 04:00:00,2980.69
2025-06-05 05:00:00,3028.25
2025-06-05 06:00:00,2748.62
2025-06-05 07:00:00,2805.19
2025-06-05 08:00:00,3013.82
2025-06-05 09:00:00,3066.78
2025-06-05 10:00:00,2492.4799999999996
2025-06-05 11:00:00,1897.8900000000003
2025-06-05 12:00:00,1484.7700000000004
2025-06-05 13:00:00,1706.9699999999998
2025-06-05 14:00:00,2387.07
2025-06-05 15:00:00,2879.6000000000004
2025-06-05 16:00:00,3055.51
2025-06-05 17:00:00,2520.11
2025-06-05 18:00:00,3125.49
2025-06-05 19:00:00,3562.61
2025-06-05 20:00:00,3409.37
2025-06-05 21:00:00,3160.83
2025-06-05 22:00:00,2851.58
2025-06-05 23:00:00,2683.46
2025-06-06 00:00:00,2639.31
2025-06-06 01:00:00,2586.51
2025-06-06 02:00:00,2060.76
2025-06-06 03:00:00,2818.29
2025-06-06 04:00:00,2608.07
2025-06-06 05:00:00,3214.31
2025-06-06 06:00:00,3315.5
2025-06-06 07:00:00,3328.52
2025-06-06 08:00:00,3412.59
2025-06-06 09:00:00,2977.89
2025-06-06 10:00:00,3406.15
2025-06-06 11:00:00,2198.16
2025-06-06 12:00:00,232.59000000000015
2025-06-06 13:00:00,2520.78
2025-06-06 14:00:00,3096.08
2025-06-06 15:00:00,2877.83
2025-06-06 16:00:00,2786.49
2025-06-06 17:00:00,2735.81
2025-06-06 18:00:00,3024.38
2025-06-06 19:00:00,3331.71
2025-06-06 20:00:00,3196.27
2025-06-06 21:00:00,2753.17
2025-06-06 22:00:00,2820.58
2025-06-06 23:00:00,2436.91
2025-06-07 00:00:00,2495.67
2025-06-07 01:00:00,2346.0
2025-06-07 02:00:00,2462.63
2025-06-07 03:00:00,2717.66
2025-06-07 04:00:00,2580.18
2025-06-07 05:00:00,2769.58
2025-06-07 06:00:00,2765.33
2025-06-07 07:00:00,2829.03
2025-06-07 08:00:00,2917.31
2025-06-07 09:00:00,2886.92
2025-06-07 10:00:00,2441.98
2025-06-07 11:00:00,2491.37
2025-06-07 12:00:00,3065.44
2025-06-07 13:00:00,3055.5
2025-06-07 14:00:00,2938.37
2025-06-07 15:00:00,2468.64
2025-06-07 16:00:00,2610.91
2025-06-07 17:00:00,2303.88
2025-06-07 18:00:00,1995.9
2025-06-07 19:00:00,2169.76
2025-06-07 20:00:00,2868.93
2025-06-07 21:00:00,2710.31
2025-06-07 22:00:00,2524.7
2025-06-07 23:00:00,1450.31
2025-06-08 00:00:00,1185.71
2025-06-08 01:00:00,1675.63
2025-06-08 02:00:00,1997.62
2025-06-08 03:00:00,1941.3600000000001
2025-06-08 04:00:00,1750.65
2025-06-08 05:00:00,2400.98
2025-06-08 06:00:00,2643.95
2025-06-08 07:00:00,2826.93
2025-06-08 08:00:00,2573.01
2025-06-08 09:00:00,2342.19
2025-06-08 10:00:00,2133.26
2025-06-08 11:00:00,2092.81
2025-06-08 12:00:00,2411.51
2025-06-08 13:00:00,2471.26
2025-06-08 14:00:00,2252.7
2025-06-08 15:00:00,2265.59
2025-06-08 16:00:00,2476.06
2025-06-08 17:00:00,2733.76
2025-06-08 18:00:00,2264.88
2025-06-08 19:00:00,2348.04
2025-06-08 20:00:00,2067.63
2025-06-08 21:00:00,2413.9
2025-06-08 22:00:00,2427.57
2025-06-08 23:00:00,2073.19
2025-06-09 00:00:00,1692.23
2025-06-09 01:00:00,2046.33
2025-06-09 02:00:00,2462.18
2025-06-09 03:00:00,3141.85
2025-06-09 04:00:00,2995.93
2025-06-09 05:00:00,1156.94
2025-06-09 06:00:00,-1439.77
2025-06-09 07:00:00,-1878.0100000000002
2025-06-09 08:00:00,-1848.8899999999999
2025-06-09 09:00:00,-1340.02
2025-06-09 10:00:00,449.0300000000002
2025-06-09 11:00:00,577.3800000000001
2025-06-09 12:00:00,1001.6500000000001
2025-06-09 13:00:00,690.3899999999999
2025-06-09 14:00:00,1436.58
2025-06-09 15:00:00,1868.62
2025-06-09 16:00:00,1592.5300000000002
2025-06-09 17:00:00,2550.52
2025-06-09 18:00:00,3006.64
2025-06-09 19:00:00,3038.12
2025-06-09 20:00:00,2316.63
2025-06-09 21:00:00,1724.0700000000002
2025-06-09 22:00:00,592.3499999999999
2025-06-09 23:00:00,134.44000000000005
2025-06-10 00:00:00,391.69000000000005
2025-06-10 01:00:00,481.4699999999998
2025-06-10 02:00:00,692.71
2025-06-10 03:00:00,1174.0700000000002
2025-06-10 04:00:00,1114.48
2025-06-10 05:00:00,1617.0900000000001
2025-06-10 06:00:00,1914.4299999999998
2025-06-10 07:00:00,2341.48
2025-06-10 08:00:00,2877.71
2025-06-10 09:00:00,3330.21
2025-06-10 10:00:00,2694.93
2025-06-10 11:00:00,2113.51
2025-06-10 12:00:00,2066.42
2025-06-10 13:00:00,833.1700000000001
2025-06-10 14:00:00,724.3800000000001
2025-06-10 15:00:00,1117.17
2025-06-10 16:00:00,157.98000000000002
2025-06-10 17:00:00,120.80999999999995
2025-06-10 18:00:00,247.6500000000001
2025-06-10 19:00:00,1197.98
2025-06-10 20:00:00,1249.7199999999998
2025-06-10 21:00:00,-182.65999999999985
2025-06-10 22:00:00,-1173.19
2025-06-10 23:00:00,-1021.71
2025-06-11 00:00:00,-737.6999999999998
2025-06-11 01:00:00,-389.75
2025-06-11 02:00:00,487.3299999999999
2025-06-11 03:00:00,966.7600000000002
2025-06-11 04:00:00,1229.25
2025-06-11 05:00:00,1313.94
2025-06-11 06:00:00,1456.35
2025-06-11 07:00:00,1764.75
2025-06-11 08:00:00,2096.26
2025-06-11 09:00:00,2325.05
2025-06-11 10:00:00,3236.83
2025-06-11 11:00:00,2426.64
2025-06-11 12:00:00,1568.4099999999999
2025-06-11 13:00:00,1823.6399999999999
2025-06-11 14:00:00,2040.8600000000001
2025-06-11 15:00:00,1268.04
2025-06-11 16:00:00,1055.1599999999999
2025-06-11 17:00:00,1281.12
2025-06-11 18:00:00,3603.04
2025-06-11 19:00:00,3409.46
2025-06-11 20:00:00,3245.9
2025-06-11 21:00:00,2924.97
2025-06-11 22:00:00,2337.41
2025-06-11 23:00:00,1737.7199999999998
2025-06-12 00:00:00,1537.9
2025-06-12 01:00:00,1095.1100000000001
2025-06-12 02:00:00,1223.7800000000002
2025-06-12 03:00:00,1805.9
2025-06-12 04:00:00,1947.0900000000001
2025-06-12 05:00:00,2229.35
2025-06-12 06:00:00,1535.4499999999998
2025-06-12 07:00:00,-29.079999999999927
2025-06-12 08:00:00,-1275.94
2025-06-12 09:00:00,-1601.75
2025-06-12 10:00:00,-1653.7399999999998
2025-06-12 11:00:00,-1618.25
2025-06-12 12:00:00,-1495.4499999999998
2025-06-12 13:00:00,-812.7199999999998
2025-06-12 14:00:00,-82.55000000000018
2025-06-12 15:00:00,555.7199999999998
2025-06-12 16:00:00,1605.71
2025-06-12 17:00:00,2491.61
2025-06-12 18:00:00,3056.41
2025-06-12 19:00:00,3631.42
2025-06-12 20:00:00,3399.91
2025-06-12 21:00:00,3085.4
2025-06-12 22:00:00,2875.09
2025-06-12 23:00:00,2524.35
2025-06-13 00:00:00,2117.34
2025-06-13 01:00:00,1471.8200000000002
2025-06-13 02:00:00,1412.6599999999999
2025-06-13 03:00:00,1652.81
2025-06-13 04:00:00,1466.31
2025-06-13 05:00:00,1985.46
2025-06-13 06:00:00,1898.9699999999998
2025-06-13 07:00:00,1137.62
2025-06-13 08:00:00,754.96
2025-06-13 09:00:00,457.48
2025-06-13 10:00:00,175.1500000000001
2025-06-13 11:00:00,167.25
2025-06-13 12:00:00,15.079999999999927
2025-06-13 13:00:00,-394.3299999999999
2025-06-13 14:00:00,400.4499999999998
2025-06-13 15:00:00,1875.58
2025-06-13 16:00:00,1399.69
2025-06-13 17:00:00,2175.27
2025-06-13 18:00:00,3369.08
2025-06-13 19:00:00,3317.57
2025-06-13 20:00:00,2572.91
2025-06-13 21:00:00,2348.48
2025-06-13 22:00:00,1511.2199999999998
2025-06-13 23:00:00,1316.21
2025-06-14 00:00:00,1285.5
2025-06-14 01:00:00,1149.33
2025-06-14 02:00:00,1142.6399999999999
2025-06-14 03:00:00,1358.06
2025-06-14 04:00:00,1316.7399999999998
2025-06-14 05:00:00,1172.0100000000002
2025-06-14 06:00:00,388.73
2025-06-14 07:00:00,577.8899999999999
2025-06-14 08:00:00,747.3000000000002
2025-06-14 09:00:00,1056.0500000000002
2025-06-14 10:00:00,1436.1999999999998
2025-06-14 11:00:00,1407.96
2025-06-14 12:00:00,1273.3000000000002
2025-06-14 13:00:00,1810.69
2025-06-14 14:00:00,1091.98
2025-06-14 15:00:00,344.1999999999998
2025-06-14 16:00:00,505.3600000000001
2025-06-14 17:00:00,807.0999999999999
2025-06-14 18:00:00,2341.04
2025-06-14 19:00:00,2744.86
2025-06-14 20:00:00,2190.7
2025-06-14 21:00:00,2315.16
2025-06-14 22:00:00,2759.88
2025-06-14 23:00:00,2152.91
2025-06-15 00:00:00,1526.1999999999998
2025-06-15 01:00:00,1595.5700000000002
2025-06-15 02:00:00,1693.06
2025-06-15 03:00:00,1744.3899999999999
2025-06-15 04:00:00,1766.5
2025-06-15 05:00:00,1916.0300000000002
2025-06-15 06:00:00,1289.1100000000001
2025-06-15 07:00:00,963.8000000000002
2025-06-15 08:00:00,1419.98
2025-06-15 09:00:00,1463.7399999999998
2025-06-15 10:00:00,1064.92
2025-06-15 11:00:00,672.1999999999998
2025-06-15 12:00:00,501.7199999999998
2025-06-15 13:00:00,277.5300000000002
2025-06-15 14:00:00,252.5300000000002
2025-06-15 15:00:00,580.94
2025-06-15 16:00:00,1003.6799999999998
2025-06-15 17:00:00,1767.4099999999999
2025-06-15 18:00:00,3470.9
2025-06-15 19:00:00,2940.49
2025-06-15 20:00:00,2420.91
2025-06-15 21:00:00,2593.17
2025-06-15 22:00:00,2585.85
2025-06-15 23:00:00,2631.13
2025-06-16 00:00:00,2695.48
2025-06-16 01:00:00,2669.42
2025-06-16 02:00:00,2655.55
2025-06-16 03:00:00,2950.65
2025-06-16 04:00:00,2754.26
2025-06-16 05:00:00,3221.8
2025-06-16 06:00:00,2857.1
2025-06-16 07:00:00,2317.85
2025-06-16 08:00:00,1966.1999999999998
2025-06-16 09:00:00,1430.62
2025-06-16 10:00:00,1069.35
2025-06-16 11:00:00,784.54
2025-06-16 12:00:00,992.54
2025-06-16 13:00:00,712.5999999999999
2025-06-16 14:00:00,670.3600000000001
2025-06-16 15:00:00,2173.23
2025-06-16 16:00:00,2704.47
2025-06-16 17:00:00,2576.15
2025-06-16 18:00:00,3887.16
2025-06-16 19:00:00,3717.71
2025-06-16 20:00:00,3415.57
2025-06-16 21:00:00,3004.95
2025-06-16 22:00:00,2805.35
2025-06-16 23:00:00,2389.29
2025-06-17 00:00:00,1990.37
2025-06-17 01:00:00,2046.63
2025-06-17 02:00:00,1830.62
2025-06-17 03:00:00,2089.78
2025-06-17 04:00:00,1406.3600000000001
2025-06-17 05:00:00,2125.99
2025-06-17 06:00:00,2057.93
2025-06-17 07:00:00,2182.19
2025-06-17 08:00:00,2445.17
2025-06-17 09:00:00,2688.23
2025-06-17 10:00:00,2838.9799999999996
2025-06-17 11:00:00,2497.5
2025-06-17 12:00:00,2284.75
2025-06-17 13:00:00,1827.6100000000001
2025-06-17 14:00:00,1506.77
2025-06-17 15:00:00,1362.4099999999999
2025-06-17 16:00:00,675.8999999999996
2025-06-17 17:00:00,3078.8
2025-06-17 18:00:00,3922.05
2025-06-17 19:00:00,3986.19
2025-06-17 20:00:00,3299.58
2025-06-17 21:00:00,2264.61
2025-06-17 22:00:00,2140.07
2025-06-17 23:00:00,1932.8899999999999
2025-06-18 00:00:00,1767.65
2025-06-18 01:00:00,1628.81
2025-06-18 02:00:00,1676.1
2025-06-18 03:00:00,2130.37
2025-06-18 04:00:00,1826.7399999999998
2025-06-18 05:00:00,2191.66
2025-06-18 06:00:00,2420.97
2025-06-18 07:00:00,2204.62
2025-06-18 08:00:00,2253.67
2025-06-18 09:00:00,2667.33
2025-06-18 10:00:00,2743.5200000000004
2025-06-18 11:00:00,2292.0200000000004
2025-06-18 12:00:00,2038.9300000000003
2025-06-18 13:00:00,1538.6599999999999
2025-06-18 14:00:00,2399.8100000000004
2025-06-18 15:00:00,2053.8199999999997
2025-06-18 16:00:00,3721.5299999999997
2025-06-18 17:00:00,3835.5
2025-06-18 18:00:00,3868.09
2025-06-18 19:00:00,3819.22
2025-06-18 20:00:00,3554.29
2025-06-18 21:00:00,2937.08
2025-06-18 22:00:00,2387.13
2025-06-18 23:00:00,2408.17
2025-06-19 00:00:00,2107.01
2025-06-19 01:00:00,2390.3
2025-06-19 02:00:00,2270.95
2025-06-19 03:00:00,2199.65
2025-06-19 04:00:00,2202.34
2025-06-19 05:00:00,2860.25
2025-06-19 06:00:00,2902.72
2025-06-19 07:00:00,2820.08
2025-06-19 08:00:00,2572.26
2025-06-19 09:00:00,1868.7799999999997
2025-06-19 10:00:00,1446.5299999999997
2025-06-19 11:00:00,723.3599999999997
2025-06-19 12:00:00,684.6300000000001
2025-06-19 13:00:00,186.02000000000044
2025-06-19 14:00:00,748.3199999999997
2025-06-19 15:00:00,940.0799999999999
2025-06-19 16:00:00,1342.4499999999998
2025-06-19 17:00:00,2992.3900000000003
2025-06-19 18:00:00,3194.63
2025-06-19 19:00:00,2793.01
2025-06-19 20:00:00,2677.7
2025-06-19 21:00:00,2041.17
2025-06-19 22:00:00,1472.1399999999999
2025-06-19 23:00:00,1275.3400000000001
2025-06-20 00:00:00,1217.6100000000001
2025-06-20 01:00:00,1271.6599999999999
2025-06-20 02:00:00,1621.1
2025-06-20 03:00:00,1956.23
2025-06-20 04:00:00,2139.47
2025-06-20 05:00:00,2324.15
2025-06-20 06:00:00,1298.17
2025-06-20 07:00:00,615.96
2025-06-20 08:00:00,-546.2399999999998
2025-06-20 09:00:00,-640.1700000000001
2025-06-20 10:00:00,-768.4700000000003
2025-06-20 11:00:00,-772.3400000000001
2025-06-20 12:00:00,-687.6000000000004
2025-06-20 13:00:00,-878.8500000000004
2025-06-20 14:00:00,-1141.87
2025-06-20 15:00:00,-486.6099999999997
2025-06-20 16:00:00,195.97000000000025
2025-06-20 17:00:00,1284.92
2025-06-20 18:00:00,2365.8
2025-06-20 19:00:00,2425.13
2025-06-20 20:00:00,2487.12
2025-06-20 21:00:00,2025.6799999999998
2025-06-20 22:00:00,1471.63
2025-06-20 23:00:00,1274.1
2025-06-21 00:00:00,1215.71
2025-06-21 01:00:00,1322.37
2025-06-21 02:00:00,1774.08
2025-06-21 03:00:00,2012.9699999999998
2025-06-21 04:00:00,1703.4499999999998
2025-06-21 05:00:00,1350.35
2025-06-21 06:00:00,1347.1100000000001
2025-06-21 07:00:00,1166.5500000000002
2025-06-21 08:00:00,1436.81
2025-06-21 09:00:00,1515.4
2025-06-21 10:00:00,2139.31
2025-06-21 11:00:00,2124.53
2025-06-21 12:00:00,1512.0700000000002
2025-06-21 13:00:00,892.1599999999999
2025-06-21 14:00:00,920.31
2025-06-21 15:00:00,1087.0100000000002
2025-06-21 16:00:00,1887.2600000000002
2025-06-21 17:00:00,1808.5100000000002
2025-06-21 18:00:00,2590.55
2025-06-21 19:00:00,2213.95
2025-06-21 20:00:00,1972.1999999999998
2025-06-21 21:00:00,1542.8400000000001
2025-06-21 22:00:00,1543.3200000000002
2025-06-21 23:00:00,2349.23
2025-06-22 00:00:00,2591.39
2025-06-22 01:00:00,2414.02
2025-06-22 02:00:00,2550.43
2025-06-22 03:00:00,2576.07
2025-06-22 04:00:00,1966.48
2025-06-22 05:00:00,2682.31
2025-06-22 06:00:00,3045.94
2025-06-22 07:00:00,3101.22
2025-06-22 08:00:00,3065.45
2025-06-22 09:00:00,3027.6
2025-06-22 10:00:00,3001.44
2025-06-22 11:00:00,2420.4
2025-06-22 12:00:00,1507.69
2025-06-22 13:00:00,697.6199999999999
2025-06-22 14:00:00,583.0100000000002
2025-06-22 15:00:00,497.2399999999998
2025-06-22 16:00:00,858.0
2025-06-22 17:00:00,1283.9
2025-06-22 18:00:00,2242.0
2025-06-22 19:00:00,2763.06
2025-06-22 20:00:00,3022.77
2025-06-22 21:00:00,2912.0
2025-06-22 22:00:00,2628.92
2025-06-22 23:00:00,2307.09
2025-06-23 00:00:00,2159.37
2025-06-23 01:00:00,1513.9299999999998
2025-06-23 02:00:00,1458.8400000000001
2025-06-23 03:00:00,2008.17
2025-06-23 04:00:00,2417.17
2025-06-23 05:00:00,2629.0
2025-06-23 06:00:00,2625.57
2025-06-23 07:00:00,2274.25
2025-06-23 08:00:00,1290.1399999999999
2025-06-23 09:00:00,1188.4299999999998
2025-06-23 10:00:00,1444.25
2025-06-23 11:00:00,1224.1899999999996
2025-06-23 12:00:00,855.8899999999999
2025-06-23 13:00:00,932.6700000000001
2025-06-23 14:00:00,535.29
2025-06-23 15:00:00,654.6499999999996
2025-06-23 16:00:00,1675.21
2025-06-23 17:00:00,3046.0200000000004
2025-06-23 18:00:00,3542.26
2025-06-23 19:00:00,3364.44
2025-06-23 20:00:00,3291.23
2025-06-23 21:00:00,3217.54
2025-06-23 22:00:00,2976.63
2025-06-23 23:00:00,2842.71
2025-06-24 00:00:00,2607.01
2025-06-24 01:00:00,2215.79
2025-06-24 02:00:00,2309.72
2025-06-24 03:00:00,2683.98
2025-06-24 04:00:00,2710.32
2025-06-24 05:00:00,2355.36
2025-06-24 06:00:00,2493.3
2025-06-24 07:00:00,2623.09
2025-06-24 08:00:00,2481.7
2025-06-24 09:00:00,1189.37
2025-06-24 10:00:00,698.5799999999999
2025-06-24 11:00:00,1374.79
2025-06-24 12:00:00,1373.0299999999997
2025-06-24 13:00:00,908.1999999999998
2025-06-24 14:00:00,1550.4700000000003
2025-06-24 15:00:00,2072.79
2025-06-24 16:00:00,1744.4099999999999
2025-06-24 17:00:00,1595.6599999999999
2025-06-24 18:00:00,2595.2200000000003
2025-06-24 19:00:00,2504.1
2025-06-24 20:00:00,2256.26
2025-06-24 21:00:00,2477.06
2025-06-24 22:00:00,2093.62
2025-06-24 23:00:00,1851.6100000000001
2025-06-25 00:00:00,1796.2800000000002
2025-06-25 01:00:00,1673.0300000000002
2025-06-25 02:00:00,1888.5500000000002
2025-06-25 03:00:00,2731.34
2025-06-25 04:00:00,2706.0
2025-06-25 05:00:00,2826.82
2025-06-25 06:00:00,3146.11
2025-06-25 07:00:00,3247.33
2025-06-25 08:00:00,3073.9799999999996
2025-06-25 09:00:00,2800.4700000000003
2025-06-25 10:00:00,2142.4399999999996
2025-06-25 11:00:00,1804.12
2025-06-25 12:00:00,1712.8500000000004
2025-06-25 13:00:00,1806.8000000000002
2025-06-25 14:00:00,1982.4399999999996
2025-06-25 15:00:00,2320.1899999999996
2025-06-25 16:00:00,2346.3900000000003
2025-06-25 17:00:00,3166.92
2025-06-25 18:00:00,3814.6800000000003
2025-06-25 19:00:00,3956.67
2025-06-25 20:00:00,3515.62
2025-06-25 21:00:00,3333.88
2025-06-25 22:00:00,3082.01
2025-06-25 23:00:00,2947.6
2025-06-26 00:00:00,2868.96
2025-06-26 01:00:00,2480.91
2025-06-26 02:00:00,2886.02
2025-06-26 03:00:00,3051.3
2025-06-26 04:00:00,2201.4
2025-06-26 05:00:00,2675.52
2025-06-26 06:00:00,3055.4399999999996
2025-06-26 07:00:00,3122.08
2025-06-26 08:00:00,3262.4700000000003
2025-06-26 09:00:00,3100.6000000000004
2025-06-26 10:00:00,2525.2700000000004
2025-06-26 11:00:00,1727.8900000000003
2025-06-26 12:00:00,1683.67
2025-06-26 13:00:00,1986.4899999999998
2025-06-26 14:00:00,2071.0600000000004
2025-06-26 15:00:00,2388.9300000000003
2025-06-26 16:00:00,2146.33
2025-06-26 17:00:00,3306.16
2025-06-26 18:00:00,4002.0699999999997
2025-06-26 19:00:00,4299.18
2025-06-26 20:00:00,3873.3
2025-06-26 21:00:00,3424.55
2025-06-26 22:00:00,3049.07
2025-06-26 23:00:00,3004.84
2025-06-27 00:00:00,3015.64
2025-06-27 01:00:00,2533.17
2025-06-27 02:00:00,2383.73
2025-06-27 03:00:00,2766.21
2025-06-27 04:00:00,2996.95
2025-06-27 05:00:00,3507.91
2025-06-27 06:00:00,3177.1400000000003
2025-06-27 07:00:00,3368.2200000000003
2025-06-27 08:00:00,3417.42
2025-06-27 09:00:00,3174.83
2025-06-27 10:00:00,3184.49
2025-06-27 11:00:00,1555.8000000000002
2025-06-27 12:00:00,2395.0600000000004
2025-06-27 13:00:00,3147.3500000000004
2025-06-27 14:00:00,102.78999999999996
2025-06-27 15:00:00,1888.4099999999999
2025-06-27 16:00:00,2084.1499999999996
2025-06-27 17:00:00,2198.92
2025-06-27 18:00:00,2370.58
2025-06-27 19:00:00,764.2399999999998
2025-06-27 20:00:00,1185.3600000000001
2025-06-27 21:00:00,1435.44
2025-06-27 22:00:00,753.1300000000001
2025-06-27 23:00:00,906.27
2025-06-28 00:00:00,948.4099999999999
2025-06-28 01:00:00,1403.13
2025-06-28 02:00:00,1672.79
2025-06-28 03:00:00,514.0
2025-06-28 04:00:00,813.0900000000001
2025-06-28 05:00:00,512.9200000000001
2025-06-28 06:00:00,-99.90000000000009
2025-06-28 07:00:00,-317.8299999999999
2025-06-28 08:00:00,-156.19999999999982
2025-06-28 09:00:00,-62.5300000000002
2025-06-28 10:00:00,110.55000000000018
2025-06-28 11:00:00,9.25
2025-06-28 12:00:00,-94.51000000000022
2025-06-28 13:00:00,-266.0
2025-06-28 14:00:00,-501.8899999999999
2025-06-28 15:00:00,-488.27
2025-06-28 16:00:00,-797.9499999999998
2025-06-28 17:00:00,-18.440000000000055
2025-06-28 18:00:00,576.5900000000001
2025-06-28 19:00:00,1230.0500000000002
2025-06-28 20:00:00,748.6100000000001
2025-06-28 21:00:00,-11.679999999999836
2025-06-28 22:00:00,115.7199999999998
2025-06-28 23:00:00,-75.96000000000004
2025-06-29 00:00:00,-22.230000000000018
2025-06-29 01:00:00,-276.98
2025-06-29 02:00:00,239.1199999999999
2025-06-29 03:00:00,406.8800000000001
2025-06-29 04:00:00,358.84000000000015
2025-06-29 05:00:00,1029.6399999999999
2025-06-29 06:00:00,1489.9499999999998
2025-06-29 07:00:00,1713.9699999999998
2025-06-29 08:00:00,1158.21
2025-06-29 09:00:00,1084.71
2025-06-29 10:00:00,943.9699999999998
2025-06-29 11:00:00,794.19
2025-06-29 12:00:00,546.1199999999999
2025-06-29 13:00:00,110.59000000000015
2025-06-29 14:00:00,544.2600000000002
2025-06-29 15:00:00,-620.5999999999999
2025-06-29 16:00:00,821.9299999999998
2025-06-29 17:00:00,970.02
2025-06-29 18:00:00,1804.37
2025-06-29 19:00:00,2216.09
2025-06-29 20:00:00,3237.83
2025-06-29 21:00:00,3179.26
2025-06-29 22:00:00,2873.07
2025-06-29 23:00:00,2017.33
2025-06-30 00:00:00,2169.28
2025-06-30 01:00:00,1878.23
2025-06-30 02:00:00,2051.25
2025-06-30 03:00:00,1930.79
2025-06-30 04:00:00,1967.6399999999999
2025-06-30 05:00:00,1931.2800000000002
2025-06-30 06:00:00,1841.9299999999998
2025-06-30 07:00:00,1839.87
2025-06-30 08:00:00,1561.1400000000003
2025-06-30 09:00:00,1779.3999999999996
2025-06-30 10:00:00,1733.8000000000002
2025-06-30 11:00:00,1080.75
2025-06-30 12:00:00,-169.39000000000033
2025-06-30 13:00:00,-190.3699999999999
2025-06-30 14:00:00,366.1300000000001
2025-06-30 15:00:00,692.0900000000001
2025-06-30 16:00:00,1192.4700000000003
2025-06-30 17:00:00,2002.3000000000002
2025-06-30 18:00:00,2201.5699999999997
2025-06-30 19:00:00,1246.3400000000001
2025-06-30 20:00:00,1563.7600000000002
2025-06-30 21:00:00,1855.96
2025-06-30 22:00:00,1655.37
2025-06-30 23:00:00,1774.75
2025-07-01 00:00:00,1486.9899999999998
2025-07-01 01:00:00,1311.52
2025-07-01 02:00:00,1516.1799999999998
2025-07-01 03:00:00,2053.81
2025-07-01 04:00:00,2167.46
2025-07-01 05:00:00,2630.24
2025-07-01 06:00:00,2468.3999999999996
2025-07-01 07:00:00,1922.3599999999997
2025-07-01 08:00:00,950.2399999999998
2025-07-01 09:00:00,957.3800000000001
2025-07-01 10:00:00,1477.4399999999996
2025-07-01 11:00:00,1164.3999999999996
2025-07-01 12:00:00,932.4300000000003
2025-07-01 13:00:00,494.22000000000025
2025-07-01 14:00:00,400.90999999999985
2025-07-01 15:00:00,1133.2399999999998
2025-07-01 16:00:00,2086.6800000000003
2025-07-01 17:00:00,2987.26
2025-07-01 18:00:00,3888.08
2025-07-01 19:00:00,3555.8599999999997
2025-07-01 20:00:00,2470.69
2025-07-01 21:00:00,2926.81
2025-07-01 22:00:00,3105.32
2025-07-01 23:00:00,2862.86
2025-07-02 00:00:00,1981.5
2025-07-02 01:00:00,1857.0
2025-07-02 02:00:00,2044.54
2025-07-02 03:00:00,3149.9
2025-07-02 04:00:00,3268.83
2025-07-02 05:00:00,2399.36
2025-07-02 06:00:00,1310.7600000000002
2025-07-02 07:00:00,1045.73
2025-07-02 08:00:00,1157.3900000000003
2025-07-02 09:00:00,1236.5
2025-07-02 10:00:00,1576.4899999999998
2025-07-02 11:00:00,1748.8599999999997
2025-07-02 12:00:00,984.6800000000003
2025-07-02 13:00:00,357.5699999999997
2025-07-02 14:00:00,583.3900000000003
2025-07-02 15:00:00,1031.0600000000004
2025-07-02 16:00:00,1299.1400000000003
2025-07-02 17:00:00,2309.84
2025-07-02 18:00:00,3797.0699999999997
2025-07-02 19:00:00,3851.92
2025-07-02 20:00:00,3663.41
2025-07-02 21:00:00,3337.67
2025-07-02 22:00:00,2973.25
2025-07-02 23:00:00,2943.84
2025-07-03 00:00:00,2616.61
2025-07-03 01:00:00,2648.32
2025-07-03 02:00:00,2919.27
2025-07-03 03:00:00,3213.91
2025-07-03 04:00:00,3202.37
2025-07-03 05:00:00,3326.98
2025-07-03 06:00:00,3630.99
2025-07-03 07:00:00,3495.5200000000004
2025-07-03 08:00:00,3345.1899999999996
2025-07-03 09:00:00,3195.3999999999996
2025-07-03 10:00:00,3223.0600000000004
2025-07-03 11:00:00,3441.6000000000004
2025-07-03 12:00:00,3065.6800000000003
2025-07-03 13:00:00,1587.0500000000002
2025-07-03 14:00:00,1551.67
2025-07-03 15:00:00,1610.29
2025-07-03 16:00:00,1513.0299999999997
2025-07-03 17:00:00,2475.8199999999997
2025-07-03 18:00:00,3240.0200000000004
2025-07-03 19:00:00,3057.59
2025-07-03 20:00:00,3372.48
2025-07-03 21:00:00,2908.32
2025-07-03 22:00:00,2911.79
2025-07-03 23:00:00,2585.58
2025-07-04 00:00:00,1796.42
2025-07-04 01:00:00,2549.87
2025-07-04 02:00:00,2683.83
2025-07-04 03:00:00,2745.83
2025-07-04 04:00:00,3010.65
2025-07-04 05:00:00,3138.62
2025-07-04 06:00:00,3243.44
2025-07-04 07:00:00,3201.4799999999996
2025-07-04 08:00:00,3252.24
2025-07-04 09:00:00,3507.24
2025-07-04 10:00:00,3689.41
2025-07-04 11:00:00,3372.04
2025-07-04 12:00:00,2737.62
2025-07-04 13:00:00,2385.83
2025-07-04 14:00:00,1779.8599999999997
2025-07-04 15:00:00,1587.37
2025-07-04 16:00:00,2366.01
2025-07-04 17:00:00,2061.2700000000004
2025-07-04 18:00:00,3303.9300000000003
2025-07-04 19:00:00,3725.2700000000004
2025-07-04 20:00:00,2925.93
2025-07-04 21:00:00,3313.82
2025-07-04 22:00:00,3185.59
2025-07-04 23:00:00,2950.32
2025-07-05 00:00:00,2840.86
2025-07-05 01:00:00,2604.95
2025-07-05 02:00:00,2492.21
2025-07-05 03:00:00,2753.35
2025-07-05 04:00:00,2555.57
2025-07-05 05:00:00,2730.64
2025-07-05 06:00:00,2353.3
2025-07-05 07:00:00,1725.2800000000002
2025-07-05 08:00:00,2173.71
2025-07-05 09:00:00,3033.2700000000004
2025-07-05 10:00:00,3279.55
2025-07-05 11:00:00,3035.5600000000004
2025-07-05 12:00:00,2572.87
2025-07-05 13:00:00,-106.8100000000004
2025-07-05 14:00:00,2203.6099999999997
2025-07-05 15:00:00,1950.2200000000003
2025-07-05 16:00:00,2356.9700000000003
2025-07-05 17:00:00,2801.79
2025-07-05 18:00:00,2950.55
2025-07-05 19:00:00,3588.36
2025-07-05 20:00:00,3589.93
2025-07-05 21:00:00,3262.34
2025-07-05 22:00:00,2999.99
2025-07-05 23:00:00,2708.33
2025-07-06 00:00:00,2409.12
2025-07-06 01:00:00,2387.58
2025-07-06 02:00:00,1689.88
2025-07-06 03:00:00,1842.0
2025-07-06 04:00:00,1380.6100000000001
2025-07-06 05:00:00,1159.5900000000001
2025-07-06 06:00:00,1125.3600000000001
2025-07-06 07:00:00,1293.92
2025-07-06 08:00:00,1668.5
2025-07-06 09:00:00,2040.04
2025-07-06 10:00:00,2322.4700000000003
2025-07-06 11:00:00,2867.71
2025-07-06 12:00:00,2783.5600000000004
2025-07-06 13:00:00,1088.6000000000004
2025-07-06 14:00:00,2941.1899999999996
2025-07-06 15:00:00,1430.7700000000004
2025-07-06 16:00:00,1430.5299999999997
2025-07-06 17:00:00,2488.7200000000003
2025-07-06 18:00:00,2288.9300000000003
2025-07-06 19:00:00,1724.7600000000002
2025-07-06 20:00:00,2469.27
2025-07-06 21:00:00,2673.58
2025-07-06 22:00:00,2849.21
2025-07-06 23:00:00,2791.32
2025-07-07 00:00:00,2578.51
2025-07-07 01:00:00,2552.34
2025-07-07 02:00:00,2472.56
2025-07-07 03:00:00,2762.28
2025-07-07 04:00:00,2134.43
2025-07-07 05:00:00,1725.6999999999998
2025-07-07 06:00:00,2056.8199999999997
2025-07-07 07:00:00,2116.04
2025-07-07 08:00:00,2350.7200000000003
2025-07-07 09:00:00,2475.9700000000003
2025-07-07 10:00:00,3279.33
2025-07-07 11:00:00,3811.26
2025-07-07 12:00:00,3869.6800000000003
2025-07-07 13:00:00,3637.0200000000004
2025-07-07 14:00:00,3528.1800000000003
2025-07-07 15:00:00,3119.7299999999996
2025-07-07 16:00:00,3672.54
2025-07-07 17:00:00,3781.8100000000004
2025-07-07 18:00:00,3730.7200000000003
2025-07-07 19:00:00,4131.53
2025-07-07 20:00:00,2598.81
2025-07-07 21:00:00,3183.35
2025-07-07 22:00:00,2090.16
2025-07-07 23:00:00,2801.31
2025-07-08 00:00:00,2736.07
2025-07-08 01:00:00,2794.13
2025-07-08 02:00:00,2870.5
2025-07-08 03:00:00,3059.14
2025-07-08 04:00:00,3349.51
2025-07-08 05:00:00,3427.49
2025-07-08 06:00:00,3319.3599999999997
2025-07-08 07:00:00,3094.6099999999997
2025-07-08 08:00:00,2836.6400000000003
2025-07-08 09:00:00,2779.2
2025-07-08 10:00:00,3370.26
2025-07-08 11:00:00,2573.67
2025-07-08 12:00:00,1460.9399999999996
2025-07-08 13:00:00,1440.1099999999997
2025-07-08 14:00:00,1293.21
2025-07-08 15:00:00,2316.6000000000004
2025-07-08 16:00:00,396.22999999999956
2025-07-08 17:00:00,1990.6899999999996
2025-07-08 18:00:00,2453.4399999999996
2025-07-08 19:00:00,2777.74
2025-07-08 20:00:00,2913.8100000000004
2025-07-08 21:00:00,2256.92
2025-07-08 22:00:00,146.19000000000005
2025-07-08 23:00:00,502.9499999999998
2025-07-09 00:00:00,1153.8000000000002
2025-07-09 01:00:00,1713.25
2025-07-09 02:00:00,2160.23
2025-07-09 03:00:00,2519.13
2025-07-09 04:00:00,2989.16
2025-07-09 05:00:00,2544.05
2025-07-09 06:00:00,2044.96
2025-07-09 07:00:00,2860.6499999999996
2025-07-09 08:00:00,2741.17
2025-07-09 09:00:00,-839.7299999999996
2025-07-09 10:00:00,-1706.5600000000004
2025-07-09 11:00:00,-2103.2200000000003
2025-07-09 12:00:00,-3185.99
2025-07-09 13:00:00,-2375.71
2025-07-09 14:00:00,-2894.29
2025-07-09 15:00:00,-3087.0699999999997
2025-07-09 16:00:00,-2249.83
2025-07-09 17:00:00,-1469.0
2025-07-09 18:00:00,-1418.12
2025-07-09 19:00:00,-1142.71
2025-07-09 20:00:00,-1412.44
2025-07-09 21:00:00,-2287.22
2025-07-09 22:00:00,-1914.3200000000002
2025-07-09 23:00:00,-1777.8600000000001
2025-07-10 00:00:00,-1592.9099999999999
2025-07-10 01:00:00,-1414.4
2025-07-10 02:00:00,-1234.8400000000001
2025-07-10 03:00:00,-723.2800000000002
2025-07-10 04:00:00,-1675.4099999999999
2025-07-10 05:00:00,-2044.13
2025-07-10 06:00:00,-1818.6399999999999
2025-07-10 07:00:00,-1554.12
2025-07-10 08:00:00,-1095.85
2025-07-10 09:00:00,-578.3400000000001
2025-07-10 10:00:00,-429.22000000000025
2025-07-10 11:00:00,-530.6300000000001
2025-07-10 12:00:00,-129.5
2025-07-10 13:00:00,-320.7399999999998
2025-07-10 14:00:00,-472.7600000000002
2025-07-10 15:00:00,-505.39999999999964
2025-07-10 16:00:00,-472.0799999999999
2025-07-10 17:00:00,-23.550000000000182
2025-07-10 18:00:00,931.31
2025-07-10 19:00:00,1445.8000000000002
2025-07-10 20:00:00,671.31
2025-07-10 21:00:00,97.84999999999991
2025-07-10 22:00:00,129.3499999999999
2025-07-10 23:00:00,190.51999999999998
2025-07-11 00:00:00,128.42999999999984
2025-07-11 01:00:00,977.2199999999998
2025-07-11 02:00:00,1248.79
2025-07-11 03:00:00,1689.4699999999998
2025-07-11 04:00:00,1448.5
2025-07-11 05:00:00,1455.96
2025-07-11 06:00:00,1563.5
2025-07-11 07:00:00,1847.13
2025-07-11 08:00:00,1914.2399999999998
2025-07-11 09:00:00,1649.8200000000002
2025-07-11 10:00:00,1092.8900000000003
2025-07-11 11:00:00,576.6999999999998
2025-07-11 12:00:00,399.02999999999975
2025-07-11 13:00:00,1141.81
2025-07-11 14:00:00,1024.4699999999998
2025-07-11 15:00:00,789.9499999999998
2025-07-11 16:00:00,872.2299999999996
2025-07-11 17:00:00,1546.2199999999998
2025-07-11 18:00:00,2495.47
2025-07-11 19:00:00,3376.19
2025-07-11 20:00:00,3430.6
2025-07-11 21:00:00,2923.24
2025-07-11 22:00:00,2186.27
2025-07-11 23:00:00,1780.12
2025-07-12 00:00:00,1666.2800000000002
2025-07-12 01:00:00,1696.88
2025-07-12 02:00:00,2175.84
2025-07-12 03:00:00,2478.77
2025-07-12 04:00:00,2442.84
2025-07-12 05:00:00,2733.89
2025-07-12 06:00:00,3139.89
2025-07-12 07:00:00,3011.74
2025-07-12 08:00:00,3065.61
2025-07-12 09:00:00,2956.92
2025-07-12 10:00:00,2424.39
2025-07-12 11:00:00,1172.9
2025-07-12 12:00:00,258.9000000000001
2025-07-12 13:00:00,544.0100000000002
2025-07-12 14:00:00,876.9000000000001
2025-07-12 15:00:00,1333.0700000000002
2025-07-12 16:00:00,858.75
2025-07-12 17:00:00,144.80999999999995
2025-07-12 18:00:00,2618.06
2025-07-12 19:00:00,3364.47
2025-07-12 20:00:00,3226.04
2025-07-12 21:00:00,2185.42
2025-07-12 22:00:00,2222.22
2025-07-12 23:00:00,2449.85
2025-07-13 00:00:00,2214.77
2025-07-13 01:00:00,2640.46
2025-07-13 02:00:00,2522.36
2025-07-13 03:00:00,2250.33
2025-07-13 04:00:00,2223.98
2025-07-13 05:00:00,1989.38
2025-07-13 06:00:00,2211.16
2025-07-13 07:00:00,2554.68
2025-07-13 08:00:00,3070.41
2025-07-13 09:00:00,3324.14
2025-07-13 10:00:00,3134.73
2025-07-13 11:00:00,2474.56
2025-07-13 12:00:00,1992.7399999999998
2025-07-13 13:00:00,1450.9
2025-07-13 14:00:00,1502.5100000000002
2025-07-13 15:00:00,2256.54
2025-07-13 16:00:00,2485.0
2025-07-13 17:00:00,1838.2299999999996
2025-07-13 18:00:00,2507.8500000000004
2025-07-13 19:00:00,2472.4
2025-07-13 20:00:00,2825.8
2025-07-13 21:00:00,2636.91
2025-07-13 22:00:00,2708.08
2025-07-13 23:00:00,2857.65
2025-07-14 00:00:00,2640.84
2025-07-14 01:00:00,2492.04
2025-07-14 02:00:00,2702.26
2025-07-14 03:00:00,2583.35
2025-07-14 04:00:00,2405.32
2025-07-14 05:00:00,2254.4
2025-07-14 06:00:00,2625.5299999999997
2025-07-14 07:00:00,3017.71
2025-07-14 08:00:00,3294.3
2025-07-14 09:00:00,3168.62
2025-07-14 10:00:00,3302.99
2025-07-14 11:00:00,3474.6400000000003
2025-07-14 12:00:00,3758.12
2025-07-14 13:00:00,2034.9300000000003
2025-07-14 14:00:00,771.96
2025-07-14 15:00:00,1175.3999999999996
2025-07-14 16:00:00,2619.71
2025-07-14 17:00:00,2529.7299999999996
2025-07-14 18:00:00,3743.05
2025-07-14 19:00:00,4116.32
2025-07-14 20:00:00,3977.31
2025-07-14 21:00:00,3439.42
2025-07-14 22:00:00,3096.33
2025-07-14 23:00:00,3021.06
2025-07-15 00:00:00,2733.32
2025-07-15 01:00:00,1395.6999999999998
2025-07-15 02:00:00,2940.63
2025-07-15 03:00:00,3007.81
2025-07-15 04:00:00,1539.46
2025-07-15 05:00:00,2435.05
2025-07-15 06:00:00,3613.2299999999996
2025-07-15 07:00:00,3306.01
2025-07-15 08:00:00,1591.17
2025-07-15 09:00:00,2960.5
2025-07-15 10:00:00,-321.5699999999997
2025-07-15 11:00:00,2408.2799999999997
2025-07-15 12:00:00,2747.1400000000003
2025-07-15 13:00:00,2271.3999999999996
2025-07-15 14:00:00,2455.08
2025-07-15 15:00:00,2302.8199999999997
2025-07-15 16:00:00,2115.04
2025-07-15 17:00:00,2773.1800000000003
2025-07-15 18:00:00,3236.7299999999996
2025-07-15 19:00:00,3630.04
2025-07-15 20:00:00,3125.42
2025-07-15 21:00:00,2342.05
2025-07-15 22:00:00,1948.62
2025-07-15 23:00:00,1730.3400000000001
2025-07-16 00:00:00,1667.8400000000001
2025-07-16 01:00:00,1677.6599999999999
2025-07-16 02:00:00,1917.85
2025-07-16 03:00:00,2167.41
2025-07-16 04:00:00,2179.4
2025-07-16 05:00:00,2412.06
2025-07-16 06:00:00,2656.24
2025-07-16 07:00:00,2652.1099999999997
2025-07-16 08:00:00,2769.59
2025-07-16 09:00:00,2441.9700000000003
2025-07-16 10:00:00,2377.84
2025-07-16 11:00:00,1958.1899999999996
2025-07-16 12:00:00,1541.8900000000003
2025-07-16 13:00:00,911.8400000000001
2025-07-16 14:00:00,426.3800000000001
2025-07-16 15:00:00,1146.5200000000004
2025-07-16 16:00:00,1230.83
2025-07-16 17:00:00,1745.3400000000001
2025-07-16 18:00:00,3237.7200000000003
2025-07-16 19:00:00,3736.5699999999997
2025-07-16 20:00:00,3562.47
2025-07-16 21:00:00,3189.63
2025-07-16 22:00:00,2471.66
2025-07-16 23:00:00,2182.74
2025-07-17 00:00:00,2137.35
2025-07-17 01:00:00,1918.04
2025-07-17 02:00:00,2430.68
2025-07-17 03:00:00,2492.4
2025-07-17 04:00:00,2610.48
2025-07-17 05:00:00,2248.4799999999996
2025-07-17 06:00:00,2930.8500000000004
2025-07-17 07:00:00,3642.2200000000003
2025-07-17 08:00:00,3743.6899999999996
2025-07-17 09:00:00,2916.8500000000004
2025-07-17 10:00:00,2358.3900000000003
2025-07-17 11:00:00,3266.45
2025-07-17 12:00:00,3214.01
2025-07-17 13:00:00,-1299.9499999999998
2025-07-17 14:00:00,1482.5500000000002
2025-07-17 15:00:00,2416.87
2025-07-17 16:00:00,1204.1800000000003
2025-07-17 17:00:00,1167.4700000000003
2025-07-17 18:00:00,312.2399999999998
2025-07-17 19:00:00,-849.8200000000002
2025-07-17 20:00:00,-850.96
2025-07-17 21:00:00,-1066.65
2025-07-17 22:00:00,-1292.75
2025-07-17 23:00:00,-1306.2399999999998
2025-07-18 00:00:00,-968.4699999999998
2025-07-18 01:00:00,-816.69
2025-07-18 02:00:00,-163.73999999999978
2025-07-18 03:00:00,619.6100000000001
2025-07-18 04:00:00,510.1700000000001
2025-07-18 05:00:00,310.02
2025-07-18 06:00:00,289.3899999999999
2025-07-18 07:00:00,368.6100000000001
2025-07-18 08:00:00,373.6100000000001
2025-07-18 09:00:00,101.90000000000009
2025-07-18 10:00:00,-11.710000000000036
2025-07-18 11:00:00,-319.7600000000002
2025-07-18 12:00:00,-84.77000000000044
2025-07-18 13:00:00,-789.71
2025-07-18 14:00:00,-350.8100000000004
2025-07-18 15:00:00,204.05000000000018
2025-07-18 16:00:00,11.100000000000364
2025-07-18 17:00:00,893.9099999999999
2025-07-18 18:00:00,1415.2199999999998
2025-07-18 19:00:00,2147.57
2025-07-18 20:00:00,2284.44
2025-07-18 21:00:00,2410.11
2025-07-18 22:00:00,1934.75
2025-07-18 23:00:00,1871.7600000000002
2025-07-19 00:00:00,1860.0100000000002
2025-07-19 01:00:00,1988.4699999999998
2025-07-19 02:00:00,1903.1
2025-07-19 03:00:00,2070.15
2025-07-19 04:00:00,2310.49
2025-07-19 05:00:00,2310.55
2025-07-19 06:00:00,2282.87
2025-07-19 07:00:00,2427.42
2025-07-19 08:00:00,2419.84
2025-07-19 09:00:00,2029.8000000000002
2025-07-19 10:00:00,1261.92
2025-07-19 11:00:00,861.79
2025-07-19 12:00:00,665.9899999999998
2025-07-19 13:00:00,853.5799999999999
2025-07-19 14:00:00,685.7800000000002
2025-07-19 15:00:00,621.0900000000001
2025-07-19 16:00:00,848.6100000000001
2025-07-19 17:00:00,2940.61
2025-07-19 18:00:00,3372.06
2025-07-19 19:00:00,2801.2
2025-07-19 20:00:00,3197.53
2025-07-19 21:00:00,3287.2
2025-07-19 22:00:00,3038.59
2025-07-19 23:00:00,2801.37
2025-07-20 00:00:00,2692.32
2025-07-20 01:00:00,2682.89
2025-07-20 02:00:00,2628.18
2025-07-20 03:00:00,2551.05
2025-07-20 04:00:00,2397.76
2025-07-20 05:00:00,2078.94
2025-07-20 06:00:00,2121.48
2025-07-20 07:00:00,1902.6100000000001
2025-07-20 08:00:00,2102.59
2025-07-20 09:00:00,2153.4300000000003
2025-07-20 10:00:00,1900.5600000000004
2025-07-20 11:00:00,468.25
2025-07-20 12:00:00,1235.1899999999996
2025-07-20 13:00:00,-1325.9399999999996
2025-07-20 14:00:00,3068.5299999999997
2025-07-20 15:00:00,3179.2799999999997
2025-07-20 16:00:00,2816.8500000000004
2025-07-20 17:00:00,2844.1000000000004
2025-07-20 18:00:00,3688.91
2025-07-20 19:00:00,2718.72
2025-07-20 20:00:00,2497.58
2025-07-20 21:00:00,2502.16
2025-07-20 22:00:00,2797.46
2025-07-20 23:00:00,3000.61
2025-07-21 00:00:00,2888.68
2025-07-21 01:00:00,2462.38
2025-07-21 02:00:00,2803.82
2025-07-21 03:00:00,2927.11
2025-07-21 04:00:00,3079.93
2025-07-21 05:00:00,2533.37
2025-07-21 06:00:00,2719.7299999999996
2025-07-21 07:00:00,2695.9799999999996
2025-07-21 08:00:00,2972.08
2025-07-21 09:00:00,2886.75
2025-07-21 10:00:00,2628.7299999999996
2025-07-21 11:00:00,2141.1899999999996
2025-07-21 12:00:00,2008.79
2025-07-21 13:00:00,2300.4300000000003
2025-07-21 14:00:00,2876.5200000000004
2025-07-21 15:00:00,3737.7
2025-07-21 16:00:00,4450.96
2025-07-21 17:00:00,4600.82
2025-07-21 18:00:00,4183.68
2025-07-21 19:00:00,3392.2200000000003
2025-07-21 20:00:00,3903.0600000000004
2025-07-21 21:00:00,3520.35
2025-07-21 22:00:00,3050.32
2025-07-21 23:00:00,2954.62
2025-07-22 00:00:00,2835.68
2025-07-22 01:00:00,2770.77
2025-07-22 02:00:00,2910.86
2025-07-22 03:00:00,3089.47
2025-07-22 04:00:00,3421.31
2025-07-22 05:00:00,2669.37
2025-07-22 06:00:00,2923.42
2025-07-22 07:00:00,3013.45
2025-07-22 08:00:00,2858.2799999999997
2025-07-22 09:00:00,2594.37
2025-07-22 10:00:00,2368.96
2025-07-22 11:00:00,1575.4899999999998
2025-07-22 12:00:00,1065.5900000000001
2025-07-22 13:00:00,1488.8400000000001
2025-07-22 14:00:00,1382.7399999999998
2025-07-22 15:00:00,-162.27000000000044
2025-07-22 16:00:00,1680.7200000000003
2025-07-22 17:00:00,3443.8500000000004
2025-07-22 18:00:00,4713.26
2025-07-22 19:00:00,4367.63
2025-07-22 20:00:00,4115.47
2025-07-22 21:00:00,3235.75
2025-07-22 22:00:00,2047.27
2025-07-22 23:00:00,1788.0300000000002
2025-07-23 00:00:00,1437.7800000000002
2025-07-23 01:00:00,883.0300000000002
2025-07-23 02:00:00,1750.3200000000002
2025-07-23 03:00:00,2396.95
2025-07-23 04:00:00,2408.69
2025-07-23 05:00:00,2562.13
2025-07-23 06:00:00,2614.17
2025-07-23 07:00:00,3006.58
2025-07-23 08:00:00,3929.71
2025-07-23 09:00:00,4157.55
2025-07-23 10:00:00,3780.92
2025-07-23 11:00:00,3018.3
2025-07-23 12:00:00,2541.1899999999996
2025-07-23 13:00:00,1170.9499999999998
2025-07-23 14:00:00,2640.08
2025-07-23 15:00:00,3092.5299999999997
2025-07-23 16:00:00,2944.3999999999996
2025-07-23 17:00:00,3897.3500000000004
2025-07-23 18:00:00,4627.25
2025-07-23 19:00:00,3581.2200000000003
2025-07-23 20:00:00,3984.4300000000003
2025-07-23 21:00:00,2425.19
2025-07-23 22:00:00,2488.88
2025-07-23 23:00:00,2512.4
2025-07-24 00:00:00,2930.45
2025-07-24 01:00:00,3036.18
2025-07-24 02:00:00,3001.58
2025-07-24 03:00:00,2947.29
2025-07-24 04:00:00,2498.7
2025-07-24 05:00:00,2122.7299999999996
2025-07-24 06:00:00,1400.6499999999996
2025-07-24 07:00:00,620.6899999999996
2025-07-24 08:00:00,447.65999999999985
2025-07-24 09:00:00,1152.7799999999997
2025-07-24 10:00:00,1948.6499999999996
2025-07-24 11:00:00,2618.74
2025-07-24 12:00:00,2868.01
2025-07-24 13:00:00,1615.58
2025-07-24 14:00:00,606.0
2025-07-24 15:00:00,3825.45
2025-07-24 16:00:00,4444.79
2025-07-24 17:00:00,3952.88
2025-07-24 18:00:00,4525.9
2025-07-24 19:00:00,3619.96
2025-07-24 20:00:00,4038.1099999999997
2025-07-24 21:00:00,3769.57
2025-07-24 22:00:00,3472.43
2025-07-24 23:00:00,3042.79
2025-07-25 00:00:00,1882.4499999999998
2025-07-25 01:00:00,2333.24
2025-07-25 02:00:00,2422.39
2025-07-25 03:00:00,2440.6
2025-07-25 04:00:00,3117.64
2025-07-25 05:00:00,3244.7799999999997
2025-07-25 06:00:00,3413.7700000000004
2025-07-25 07:00:00,3552.1400000000003
2025-07-25 08:00:00,3879.71
2025-07-25 09:00:00,3389.91
2025-07-25 10:00:00,3361.87
2025-07-25 11:00:00,2868.21
2025-07-25 12:00:00,1440.6800000000003
2025-07-25 13:00:00,1041.0
2025-07-25 14:00:00,1981.2299999999996
2025-07-25 15:00:00,2650.74
2025-07-25 16:00:00,2301.62
2025-07-25 17:00:00,4006.8599999999997
2025-07-25 18:00:00,4429.97
2025-07-25 19:00:00,4514.87
2025-07-25 20:00:00,4151.27
2025-07-25 21:00:00,3819.9
2025-07-25 22:00:00,3419.66
2025-07-25 23:00:00,3302.74
2025-07-26 00:00:00,2990.36
2025-07-26 01:00:00,2232.27
2025-07-26 02:00:00,2411.84
2025-07-26 03:00:00,2230.67
2025-07-26 04:00:00,2268.65
2025-07-26 05:00:00,2003.0300000000002
2025-07-26 06:00:00,2062.17
2025-07-26 07:00:00,2346.6899999999996
2025-07-26 08:00:00,2949.2200000000003
2025-07-26 09:00:00,3260.55
2025-07-26 10:00:00,2913.54
2025-07-26 11:00:00,1863.5100000000002
2025-07-26 12:00:00,1078.5100000000002
2025-07-26 13:00:00,888.6099999999997
2025-07-26 14:00:00,437.8199999999997
2025-07-26 15:00:00,190.72000000000025
2025-07-26 16:00:00,276.9499999999998
2025-07-26 17:00:00,-327.77000000000044
2025-07-26 18:00:00,-466.6099999999997
2025-07-26 19:00:00,204.64000000000033
2025-07-26 20:00:00,724.0600000000004
2025-07-26 21:00:00,955.0700000000002
2025-07-26 22:00:00,-251.73999999999978
2025-07-26 23:00:00,-881.4499999999998
2025-07-27 00:00:00,19.84999999999991
2025-07-27 01:00:00,882.6300000000001
2025-07-27 02:00:00,620.6100000000001
2025-07-27 03:00:00,888.0799999999999
2025-07-27 04:00:00,312.6500000000001
2025-07-27 05:00:00,61.48000000000002
2025-07-27 06:00:00,-167.3499999999999
2025-07-27 07:00:00,-536.3800000000001
2025-07-27 08:00:00,-781.8900000000003
2025-07-27 09:00:00,-308.78999999999996
2025-07-27 10:00:00,567.3000000000002
2025-07-27 11:00:00,505.77000000000044
2025-07-27 12:00:00,913.5600000000004
2025-07-27 13:00:00,1449.1099999999997
2025-07-27 14:00:00,2119.05
2025-07-27 15:00:00,2333.83
2025-07-27 16:00:00,3778.4799999999996
2025-07-27 17:00:00,-1329.0200000000004
2025-07-27 18:00:00,1183.5299999999997
2025-07-27 19:00:00,1508.0500000000002
2025-07-27 20:00:00,1413.52
2025-07-27 21:00:00,395.34000000000015
2025-07-27 22:00:00,1284.5
2025-07-27 23:00:00,1262.7199999999998
2025-07-28 00:00:00,1594.63
2025-07-28 01:00:00,1662.2600000000002
2025-07-28 02:00:00,1332.3200000000002
2025-07-28 03:00:00,1134.79
2025-07-28 04:00:00,1098.33
2025-07-28 05:00:00,971.9099999999999
2025-07-28 06:00:00,1347.3000000000002
2025-07-28 07:00:00,2108.1800000000003
2025-07-28 08:00:00,2491.79
2025-07-28 09:00:00,2643.5200000000004
2025-07-28 10:00:00,3481.99
2025-07-28 11:00:00,3135.4700000000003
2025-07-28 12:00:00,2863.63
2025-07-28 13:00:00,2525.08
2025-07-28 14:00:00,2794.91
2025-07-28 15:00:00,1782.83
2025-07-28 16:00:00,2624.8999999999996
2025-07-28 17:00:00,3088.63
2025-07-28 18:00:00,3526.01
2025-07-28 19:00:00,3832.6000000000004
2025-07-28 20:00:00,3185.44
2025-07-28 21:00:00,2345.24
2025-07-28 22:00:00,2093.42
2025-07-28 23:00:00,2171.4
2025-07-29 00:00:00,2164.22
2025-07-29 01:00:00,1205.48
2025-07-29 02:00:00,1874.75
2025-07-29 03:00:00,2199.31
2025-07-29 04:00:00,1799.15
2025-07-29 05:00:00,529.73
2025-07-29 06:00:00,1346.7700000000004
2025-07-29 07:00:00,2121.26
2025-07-29 08:00:00,2257.46
2025-07-29 09:00:00,3302.2200000000003
2025-07-29 10:00:00,2457.33
2025-07-29 11:00:00,936.0
2025-07-29 12:00:00,530.5200000000004
2025-07-29 13:00:00,587.96
2025-07-29 14:00:00,119.25
2025-07-29 15:00:00,-541.0100000000002
2025-07-29 16:00:00,-659.0299999999997
2025-07-29 17:00:00,-434.14999999999964
2025-07-29 18:00:00,-254.76000000000022
2025-07-29 19:00:00,-361.6399999999999
2025-07-29 20:00:00,-636.0500000000002
2025-07-29 21:00:00,-797.3600000000001
2025-07-29 22:00:00,-679.98
2025-07-29 23:00:00,-358.19000000000005
2025-07-30 00:00:00,-460.7399999999998
2025-07-30 01:00:00,-327.30999999999995
2025-07-30 02:00:00,-182.30000000000018
2025-07-30 03:00:00,-219.0
2025-07-30 04:00:00,87.73999999999978
2025-07-30 05:00:00,-159.44000000000005
2025-07-30 06:00:00,0.7100000000000364
2025-07-30 07:00:00,435.4200000000001
2025-07-30 08:00:00,785.0200000000004
2025-07-30 09:00:00,1065.4399999999996
2025-07-30 10:00:00,1168.8199999999997
2025-07-30 11:00:00,1153.4099999999999
2025-07-30 12:00:00,1359.37
2025-07-30 13:00:00,1364.4799999999996
2025-07-30 14:00:00,1745.3000000000002
2025-07-30 15:00:00,2785.05
2025-07-30 16:00:00,3428.1499999999996
2025-07-30 17:00:00,3172.12
2025-07-30 18:00:00,3321.6400000000003
2025-07-30 19:00:00,2791.63
2025-07-30 20:00:00,1808.9699999999998
2025-07-30 21:00:00,1839.4899999999998
2025-07-30 22:00:00,2021.8600000000001
2025-07-30 23:00:00,1603.94
2025-07-31 00:00:00,1568.58
2025-07-31 01:00:00,1716.92
2025-07-31 02:00:00,1533.81
2025-07-31 03:00:00,1931.4299999999998
2025-07-31 04:00:00,1704.73
2025-07-31 05:00:00,2040.6100000000001
2025-07-31 06:00:00,3037.45
2025-07-31 07:00:00,2642.9700000000003
2025-07-31 08:00:00,2897.79
2025-07-31 09:00:00,3256.45
2025-07-31 10:00:00,2316.4799999999996
2025-07-31 11:00:00,1444.1499999999996
2025-07-31 12:00:00,2031.8199999999997
2025-07-31 13:00:00,3462.8199999999997
2025-07-31 14:00:00,3451.45
2025-07-31 15:00:00,2984.8100000000004
2025-07-31 16:00:00,3144.4700000000003
2025-07-31 17:00:00,3278.06
2025-07-31 18:00:00,2826.02
2025-07-31 19:00:00,2665.13
2025-07-31 20:00:00,3505.5
2025-07-31 21:00:00,3225.26
2025-07-31 22:00:00,2695.93
2025-07-31 23:00:00,2108.16
2025-08-01 00:00:00,1853.85
2025-08-01 01:00:00,1606.46
2025-08-01 02:00:00,1413.71
2025-08-01 03:00:00,1914.1599999999999
2025-08-01 04:00:00,1961.0900000000001
2025-08-01 05:00:00,2231.87
2025-08-01 06:00:00,2479.86
2025-08-01 07:00:00,2544.25
2025-08-01 08:00:00,3006.3
2025-08-01 09:00:00,3353.8500000000004
2025-08-01 10:00:00,2955.9799999999996
2025-08-01 11:00:00,2175.55
2025-08-01 12:00:00,2243.3500000000004
2025-08-01 13:00:00,1873.9899999999998
2025-08-01 14:00:00,2146.33
2025-08-01 15:00:00,2128.2700000000004
2025-08-01 16:00:00,1975.8400000000001
2025-08-01 17:00:00,2408.6499999999996
2025-08-01 18:00:00,2206.2
2025-08-01 19:00:00,2325.73
2025-08-01 20:00:00,3033.57
2025-08-01 21:00:00,2921.35
2025-08-01 22:00:00,2748.84
2025-08-01 23:00:00,2820.77
2025-08-02 00:00:00,2803.16
2025-08-02 01:00:00,2778.0
2025-08-02 02:00:00,2783.66
2025-08-02 03:00:00,2862.31
2025-08-02 04:00:00,2898.06
2025-08-02 05:00:00,2782.12
2025-08-02 06:00:00,2731.55
2025-08-02 07:00:00,2576.4
2025-08-02 08:00:00,2494.39
2025-08-02 09:00:00,2643.23
2025-08-02 10:00:00,2950.96
2025-08-02 11:00:00,2558.52
2025-08-02 12:00:00,1768.79
2025-08-02 13:00:00,-1719.8899999999999
2025-08-02 14:00:00,406.03999999999996
2025-08-02 15:00:00,1448.08
2025-08-02 16:00:00,1126.3199999999997
2025-08-02 17:00:00,2436.85
2025-08-02 18:00:00,2763.11
2025-08-02 19:00:00,2718.84
2025-08-02 20:00:00,2314.2
2025-08-02 21:00:00,2240.85
2025-08-02 22:00:00,1641.98
2025-08-02 23:00:00,845.3200000000002
2025-08-03 00:00:00,380.1300000000001
2025-08-03 01:00:00,258.0300000000002
2025-08-03 02:00:00,292.48
2025-08-03 03:00:00,944.8299999999999
2025-08-03 04:00:00,1688.96
2025-08-03 05:00:00,1973.25
2025-08-03 06:00:00,2051.29
2025-08-03 07:00:00,2534.48
2025-08-03 08:00:00,2795.14
2025-08-03 09:00:00,2778.24
2025-08-03 10:00:00,2839.74
2025-08-03 11:00:00,2676.0
2025-08-03 12:00:00,2564.15
2025-08-03 13:00:00,2668.42
2025-08-03 14:00:00,1593.0500000000002
2025-08-03 15:00:00,2425.8199999999997
2025-08-03 16:00:00,3570.0200000000004
2025-08-03 17:00:00,4113.36
2025-08-03 18:00:00,2707.3599999999997
2025-08-03 19:00:00,2129.09
2025-08-03 20:00:00,2806.89
2025-08-03 21:00:00,2418.89
2025-08-03 22:00:00,2515.41
2025-08-03 23:00:00,2847.75
2025-08-04 00:00:00,2564.37
2025-08-04 01:00:00,786.1599999999999
2025-08-04 02:00:00,1094.2600000000002
2025-08-04 03:00:00,2087.83
2025-08-04 04:00:00,2860.19
2025-08-04 05:00:00,3096.96
2025-08-04 06:00:00,1618.6100000000001
2025-08-04 07:00:00,3363.28
2025-08-04 08:00:00,3032.41
2025-08-04 09:00:00,1792.5600000000004
2025-08-04 10:00:00,2766.2200000000003
2025-08-04 11:00:00,3032.59
2025-08-04 12:00:00,1886.3199999999997
2025-08-04 13:00:00,2864.8599999999997
2025-08-04 14:00:00,2795.5200000000004
2025-08-04 15:00:00,3350.0200000000004
2025-08-04 16:00:00,2908.6899999999996
2025-08-04 17:00:00,3706.01
2025-08-04 18:00:00,2278.08
2025-08-04 19:00:00,1692.73
2025-08-04 20:00:00,5.389999999999873
2025-08-04 21:00:00,-62.13000000000011
2025-08-04 22:00:00,-316.4499999999998
2025-08-04 23:00:00,503.1999999999998
2025-08-05 00:00:00,73.92000000000007
2025-08-05 01:00:00,2489.4
2025-08-05 02:00:00,2090.16
2025-08-05 03:00:00,1067.9499999999998
2025-08-05 04:00:00,1745.8600000000001
2025-08-05 05:00:00,1668.4
2025-08-05 06:00:00,2973.89
2025-08-05 07:00:00,2923.42
2025-08-05 08:00:00,3240.61
2025-08-05 09:00:00,2972.4300000000003
2025-08-05 10:00:00,3417.7700000000004
2025-08-05 11:00:00,3821.4300000000003
2025-08-05 12:00:00,3636.46
2025-08-05 13:00:00,2387.7799999999997
2025-08-05 14:00:00,3466.0699999999997
2025-08-05 15:00:00,3082.37
2025-08-05 16:00:00,2690.2799999999997
2025-08-05 17:00:00,3984.74
2025-08-05 18:00:00,3427.6899999999996
2025-08-05 19:00:00,3064.23
2025-08-05 20:00:00,3131.5
2025-08-05 21:00:00,3054.64
2025-08-05 22:00:00,2335.58
2025-08-05 23:00:00,2273.97
2025-08-06 00:00:00,2133.23
2025-08-06 01:00:00,1552.44
2025-08-06 02:00:00,1352.25
2025-08-06 03:00:00,1788.77
2025-08-06 04:00:00,1306.2600000000002
2025-08-06 05:00:00,1605.08
2025-08-06 06:00:00,1853.23
2025-08-06 07:00:00,2109.49
2025-08-06 08:00:00,3194.5699999999997
2025-08-06 09:00:00,3292.34
2025-08-06 10:00:00,2198.42
2025-08-06 11:00:00,1747.9700000000003
2025-08-06 12:00:00,1017.3999999999996
2025-08-06 13:00:00,959.8999999999996
2025-08-06 14:00:00,719.79
2025-08-06 15:00:00,1398.8599999999997
2025-08-06 16:00:00,1384.0
2025-08-06 17:00:00,1857.7799999999997
2025-08-06 18:00:00,3211.88
2025-08-06 19:00:00,2497.48
2025-08-06 20:00:00,2573.5
2025-08-06 21:00:00,2411.42
2025-08-06 22:00:00,1082.65
2025-08-06 23:00:00,1032.29
2025-08-07 00:00:00,861.96
2025-08-07 01:00:00,1403.1399999999999
2025-08-07 02:00:00,904.3400000000001
2025-08-07 03:00:00,1223.38
2025-08-07 04:00:00,1491.5
2025-08-07 05:00:00,2175.94
2025-08-07 06:00:00,2595.06
2025-08-07 07:00:00,2771.79
2025-08-07 08:00:00,2644.46
2025-08-07 09:00:00,2292.2
2025-08-07 10:00:00,2465.1099999999997
2025-08-07 11:00:00,1611.1499999999996
2025-08-07 12:00:00,1704.9399999999996
2025-08-07 13:00:00,1480.88
2025-08-07 14:00:00,1152.6000000000004
2025-08-07 15:00:00,1771.3999999999996
2025-08-07 16:00:00,2187.08
2025-08-07 17:00:00,3053.3500000000004
2025-08-07 18:00:00,3975.1800000000003
2025-08-07 19:00:00,3516.42
2025-08-07 20:00:00,3364.53
2025-08-07 21:00:00,2978.31
2025-08-07 22:00:00,2855.25
2025-08-07 23:00:00,3045.51
2025-08-08 00:00:00,2767.87
2025-08-08 01:00:00,2846.83
2025-08-08 02:00:00,3082.63
2025-08-08 03:00:00,3048.1
2025-08-08 04:00:00,3290.11
2025-08-08 05:00:00,2890.65
2025-08-08 06:00:00,3253.55
2025-08-08 07:00:00,3207.11
2025-08-08 08:00:00,2962.58
2025-08-08 09:00:00,2443.75
2025-08-08 10:00:00,2246.9300000000003
2025-08-08 11:00:00,1787.0100000000002
2025-08-08 12:00:00,1532.33
2025-08-08 13:00:00,1118.62
2025-08-08 14:00:00,1743.3500000000004
2025-08-08 15:00:00,1912.38
2025-08-08 16:00:00,1906.5299999999997
2025-08-08 17:00:00,2081.5
2025-08-08 18:00:00,3596.91
2025-08-08 19:00:00,3988.68
2025-08-08 20:00:00,3683.39
2025-08-08 21:00:00,3206.19
2025-08-08 22:00:00,3065.8
2025-08-08 23:00:00,2739.27
2025-08-09 00:00:00,2768.12
2025-08-09 01:00:00,2741.77
2025-08-09 02:00:00,2650.11
2025-08-09 03:00:00,2744.36
2025-08-09 04:00:00,2922.41
2025-08-09 05:00:00,2708.4
2025-08-09 06:00:00,2985.11
2025-08-09 07:00:00,2829.67
2025-08-09 08:00:00,2986.13
2025-08-09 09:00:00,2513.79
2025-08-09 10:00:00,2680.63
2025-08-09 11:00:00,2048.21
2025-08-09 12:00:00,1326.6099999999997
2025-08-09 13:00:00,1319.71
2025-08-09 14:00:00,1438.5299999999997
2025-08-09 15:00:00,1403.33
2025-08-09 16:00:00,1777.8599999999997
2025-08-09 17:00:00,3140.8
2025-08-09 18:00:00,3832.38
2025-08-09 19:00:00,2799.46
2025-08-09 20:00:00,3257.98
2025-08-09 21:00:00,3183.17
2025-08-09 22:00:00,2835.32
2025-08-09 23:00:00,2346.54
2025-08-10 00:00:00,1517.38
2025-08-10 01:00:00,1235.79
2025-08-10 02:00:00,1293.31
2025-08-10 03:00:00,1305.0500000000002
2025-08-10 04:00:00,1544.04
2025-08-10 05:00:00,1358.1599999999999
2025-08-10 06:00:00,1499.83
2025-08-10 07:00:00,1199.9499999999998
2025-08-10 08:00:00,393.0
2025-08-10 09:00:00,-20.179999999999836
2025-08-10 10:00:00,-118.97000000000025
2025-08-10 11:00:00,300.77000000000044
2025-08-10 12:00:00,807.0
2025-08-10 13:00:00,1376.63
2025-08-10 14:00:00,2278.79
2025-08-10 15:00:00,1270.9899999999998
2025-08-10 16:00:00,1070.9899999999998
2025-08-10 17:00:00,1709.0900000000001
2025-08-10 18:00:00,2783.4799999999996
2025-08-10 19:00:00,2837.9
2025-08-10 20:00:00,3381.09
2025-08-10 21:00:00,3094.02
2025-08-10 22:00:00,2749.94
2025-08-10 23:00:00,2289.01
2025-08-11 00:00:00,2365.79
2025-08-11 01:00:00,2491.65
2025-08-11 02:00:00,2536.62
2025-08-11 03:00:00,2922.2
2025-08-11 04:00:00,3357.56
2025-08-11 05:00:00,3092.11
2025-08-11 06:00:00,3090.68
2025-08-11 07:00:00,3011.6499999999996
2025-08-11 08:00:00,2917.34
2025-08-11 09:00:00,2908.9799999999996
2025-08-11 10:00:00,3107.8100000000004
2025-08-11 11:00:00,3500.7799999999997
2025-08-11 12:00:00,3769.5
2025-08-11 13:00:00,2090.38
2025-08-11 14:00:00,1700.12
2025-08-11 15:00:00,1232.37
2025-08-11 16:00:00,2009.2600000000002
2025-08-11 17:00:00,3697.2
2025-08-11 18:00:00,3495.3999999999996
2025-08-11 19:00:00,3857.55
2025-08-11 20:00:00,3849.15
2025-08-11 21:00:00,1881.2800000000002
2025-08-11 22:00:00,3041.97
2025-08-11 23:00:00,1115.02
2025-08-12 00:00:00,-273.69000000000005
2025-08-12 01:00:00,181.17000000000007
2025-08-12 02:00:00,1.5199999999999818
2025-08-12 03:00:00,352.92999999999984
2025-08-12 04:00:00,1139.79
2025-08-12 05:00:00,682.8299999999999
2025-08-12 06:00:00,172.55999999999995
2025-08-12 07:00:00,-284.1199999999999
2025-08-12 08:00:00,-115.96000000000004
2025-08-12 09:00:00,364.9899999999998
2025-08-12 10:00:00,1202.5600000000004
2025-08-12 11:00:00,1839.8000000000002
2025-08-12 12:00:00,1899.9300000000003
2025-08-12 13:00:00,652.5
2025-08-12 14:00:00,802.3699999999999
2025-08-12 15:00:00,1231.7600000000002
2025-08-12 16:00:00,1325.12
2025-08-12 17:00:00,2794.0200000000004
2025-08-12 18:00:00,3485.24
2025-08-12 19:00:00,3032.4399999999996
2025-08-12 20:00:00,2777.54
2025-08-12 21:00:00,2279.03
2025-08-12 22:00:00,678.27
2025-08-12 23:00:00,-783.8400000000001
2025-08-13 00:00:00,-737.3899999999999
2025-08-13 01:00:00,-567.3499999999999
2025-08-13 02:00:00,-227.53999999999996
2025-08-13 03:00:00,233.11000000000013
2025-08-13 04:00:00,710.23
2025-08-13 05:00:00,824.5300000000002
2025-08-13 06:00:00,731.54
2025-08-13 07:00:00,900.4799999999996
2025-08-13 08:00:00,1150.6899999999996
2025-08-13 09:00:00,1192.9300000000003
2025-08-13 10:00:00,1738.08
2025-08-13 11:00:00,2047.1800000000003
2025-08-13 12:00:00,446.85000000000036
2025-08-13 13:00:00,-180.60999999999967
2025-08-13 14:00:00,342.65999999999985
2025-08-13 15:00:00,365.2600000000002
2025-08-13 16:00:00,-96.72000000000025
2025-08-13 17:00:00,1231.1899999999996
2025-08-13 18:00:00,2221.1899999999996
2025-08-13 19:00:00,2403.61
2025-08-13 20:00:00,2253.79
2025-08-13 21:00:00,1089.8600000000001
2025-08-13 22:00:00,-734.7800000000002
2025-08-13 23:00:00,-949.52
2025-08-14 00:00:00,-580.6700000000001
2025-08-14 01:00:00,28.730000000000018
2025-08-14 02:00:00,617.2199999999998
2025-08-14 03:00:00,1062.58
2025-08-14 04:00:00,1713.92
2025-08-14 05:00:00,1553.1399999999999
2025-08-14 06:00:00,1407.4299999999998
2025-08-14 07:00:00,1085.65
2025-08-14 08:00:00,945.6599999999999
2025-08-14 09:00:00,748.4899999999998
2025-08-14 10:00:00,563.0799999999999
2025-08-14 11:00:00,335.34000000000015
2025-08-14 12:00:00,441.09000000000015
2025-08-14 13:00:00,117.98999999999978
2025-08-14 14:00:00,-276.0600000000004
2025-08-14 15:00:00,-736.4899999999998
2025-08-14 16:00:00,-827.25
2025-08-14 17:00:00,103.64000000000033
2025-08-14 18:00:00,1456.67
2025-08-14 19:00:00,1952.08
2025-08-14 20:00:00,2004.38
2025-08-14 21:00:00,1304.02
2025-08-14 22:00:00,287.7199999999998
2025-08-14 23:00:00,-269.6199999999999
2025-08-15 00:00:00,-305.0100000000002
2025-08-15 01:00:00,-142.69999999999982
2025-08-15 02:00:00,177.92999999999984
2025-08-15 03:00:00,780.48
2025-08-15 04:00:00,1660.0
2025-08-15 05:00:00,1736.35
2025-08-15 06:00:00,1008.48
2025-08-15 07:00:00,492.1399999999999
2025-08-15 08:00:00,642.3599999999997
2025-08-15 09:00:00,1157.0100000000002
2025-08-15 10:00:00,1558.38
2025-08-15 11:00:00,1621.0299999999997
2025-08-15 12:00:00,2111.42
2025-08-15 13:00:00,2573.9700000000003
2025-08-15 14:00:00,2210.25
2025-08-15 15:00:00,2394.63
2025-08-15 16:00:00,2866.4799999999996
2025-08-15 17:00:00,2948.26
2025-08-15 18:00:00,3720.2
2025-08-15 19:00:00,3686.68
2025-08-15 20:00:00,3379.37
2025-08-15 21:00:00,3213.73
2025-08-15 22:00:00,2876.93
2025-08-15 23:00:00,1761.37
2025-08-16 00:00:00,1267.6399999999999
2025-08-16 01:00:00,1384.9
2025-08-16 02:00:00,1419.38
2025-08-16 03:00:00,1511.3899999999999
2025-08-16 04:00:00,1893.1399999999999
2025-08-16 05:00:00,1816.1
2025-08-16 06:00:00,2335.06
2025-08-16 07:00:00,2230.73
2025-08-16 08:00:00,2204.9
2025-08-16 09:00:00,188.25
2025-08-16 10:00:00,-411.7800000000002
2025-08-16 11:00:00,-748.0900000000001
2025-08-16 12:00:00,-559.3600000000001
2025-08-16 13:00:00,-426.82000000000016
2025-08-16 14:00:00,-118.55999999999995
2025-08-16 15:00:00,94.77000000000044
2025-08-16 16:00:00,313.4300000000003
2025-08-16 17:00:00,1165.52
2025-08-16 18:00:00,2787.44
2025-08-16 19:00:00,3429.98
2025-08-16 20:00:00,2583.87
2025-08-16 21:00:00,2773.47
2025-08-16 22:00:00,2285.58
2025-08-16 23:00:00,800.4899999999998
2025-08-17 00:00:00,1024.04
2025-08-17 01:00:00,1234.2800000000002
2025-08-17 02:00:00,1395.1799999999998
2025-08-17 03:00:00,2298.72
2025-08-17 04:00:00,2619.52
2025-08-17 05:00:00,2607.01
2025-08-17 06:00:00,2690.74
2025-08-17 07:00:00,2282.72
2025-08-17 08:00:00,2130.08
2025-08-17 09:00:00,2717.95
2025-08-17 10:00:00,3342.67
2025-08-17 11:00:00,1969.23
2025-08-17 12:00:00,1012.46
2025-08-17 13:00:00,349.32000000000016
2025-08-17 14:00:00,1566.5700000000002
2025-08-17 15:00:00,1221.0299999999997
2025-08-17 16:00:00,2900.4300000000003
2025-08-17 17:00:00,3745.6499999999996
2025-08-17 18:00:00,3671.85
2025-08-17 19:00:00,3427.82
2025-08-17 20:00:00,3080.49
2025-08-17 21:00:00,2462.67
2025-08-17 22:00:00,1641.69
2025-08-17 23:00:00,1004.9899999999998
2025-08-18 00:00:00,1046.8000000000002
2025-08-18 01:00:00,2425.33
2025-08-18 02:00:00,1841.9699999999998
2025-08-18 03:00:00,1273.81
2025-08-18 04:00:00,897.9099999999999
2025-08-18 05:00:00,595.4000000000001
2025-08-18 06:00:00,395.5300000000002
2025-08-18 07:00:00,439.02
2025-08-18 08:00:00,-35.01000000000022
2025-08-18 09:00:00,276.60000000000036
2025-08-18 10:00:00,1064.5299999999997
2025-08-18 11:00:00,941.7600000000002
2025-08-18 12:00:00,1477.5
2025-08-18 13:00:00,3217.46
2025-08-18 14:00:00,3599.71
2025-08-18 15:00:00,2230.1400000000003
2025-08-18 16:00:00,1781.17
2025-08-18 17:00:00,2202.8900000000003
2025-08-18 18:00:00,3026.2
2025-08-18 19:00:00,2651.82
2025-08-18 20:00:00,3159.53
2025-08-18 21:00:00,2743.81
2025-08-18 22:00:00,1957.8600000000001
2025-08-18 23:00:00,1546.42
2025-08-19 00:00:00,1702.2600000000002
2025-08-19 01:00:00,1579.1599999999999
2025-08-19 02:00:00,2859.17
2025-08-19 03:00:00,2485.65
2025-08-19 04:00:00,2592.62
2025-08-19 05:00:00,2703.96
2025-08-19 06:00:00,2838.0
2025-08-19 07:00:00,3181.2700000000004
2025-08-19 08:00:00,3411.7200000000003
2025-08-19 09:00:00,3708.3100000000004
2025-08-19 10:00:00,3320.0699999999997
2025-08-19 11:00:00,2513.1800000000003
2025-08-19 12:00:00,1420.3000000000002
2025-08-19 13:00:00,1482.8600000000001
2025-08-19 14:00:00,1017.5700000000002
2025-08-19 15:00:00,2250.71
2025-08-19 16:00:00,2749.13
2025-08-19 17:00:00,3290.71
2025-08-19 18:00:00,3072.13
2025-08-19 19:00:00,3099.19
2025-08-19 20:00:00,2977.82
2025-08-19 21:00:00,2877.8
2025-08-19 22:00:00,2475.11
2025-08-19 23:00:00,2468.5
2025-08-20 00:00:00,2496.12
2025-08-20 01:00:00,1994.0900000000001
2025-08-20 02:00:00,2441.69
2025-08-20 03:00:00,2700.56
2025-08-20 04:00:00,2975.74
2025-08-20 05:00:00,2459.26
2025-08-20 06:00:00,2393.46
2025-08-20 07:00:00,2608.29
2025-08-20 08:00:00,2409.36
2025-08-20 09:00:00,2508.36
2025-08-20 10:00:00,2254.94
2025-08-20 11:00:00,1894.1
2025-08-20 12:00:00,1817.58
2025-08-20 13:00:00,1854.1
2025-08-20 14:00:00,1991.04
2025-08-20 15:00:00,2489.21
2025-08-20 16:00:00,3543.09
2025-08-20 17:00:00,3699.37
2025-08-20 18:00:00,2738.22
2025-08-20 19:00:00,2146.43
2025-08-20 20:00:00,1756.62
2025-08-20 21:00:00,1667.3400000000001
2025-08-20 22:00:00,2121.1
2025-08-20 23:00:00,2260.64
2025-08-21 00:00:00,2001.9
2025-08-21 01:00:00,1884.5
2025-08-21 02:00:00,2160.21
2025-08-21 03:00:00,2541.07
2025-08-21 04:00:00,2670.48
2025-08-21 05:00:00,2126.33
2025-08-21 06:00:00,1701.5900000000001
2025-08-21 07:00:00,1703.58
2025-08-21 08:00:00,1778.48
2025-08-21 09:00:00,1817.8000000000002
2025-08-21 10:00:00,1904.1899999999996
2025-08-21 11:00:00,2229.6899999999996
2025-08-21 12:00:00,2833.0699999999997
2025-08-21 13:00:00,2727.71
2025-08-21 14:00:00,3247.12
2025-08-21 15:00:00,2979.1899999999996
2025-08-21 16:00:00,3586.6400000000003
2025-08-21 17:00:00,2559.54
2025-08-21 18:00:00,2336.71
2025-08-21 19:00:00,2430.43
2025-08-21 20:00:00,2707.38
2025-08-21 21:00:00,2801.99
2025-08-21 22:00:00,2489.52
2025-08-21 23:00:00,2328.25
2025-08-22 00:00:00,1839.7600000000002
2025-08-22 01:00:00,1654.56
2025-08-22 02:00:00,1573.2800000000002
2025-08-22 03:00:00,3104.18
2025-08-22 04:00:00,3334.44
2025-08-22 05:00:00,2283.02
2025-08-22 06:00:00,2029.37
2025-08-22 07:00:00,1479.33
2025-08-22 08:00:00,1513.3400000000001
2025-08-22 09:00:00,2943.1099999999997
2025-08-22 10:00:00,1505.37
2025-08-22 11:00:00,-1353.1999999999998
2025-08-22 12:00:00,224.82999999999993
2025-08-22 13:00:00,-1668.7700000000004
2025-08-22 14:00:00,-94.02999999999975
2025-08-22 15:00:00,-567.8800000000001
2025-08-22 16:00:00,-506.22000000000025
2025-08-22 17:00:00,251.5600000000004
2025-08-22 18:00:00,607.4099999999999
2025-08-22 19:00:00,496.8699999999999
2025-08-22 20:00:00,56.17000000000007
2025-08-22 21:00:00,-1232.92
2025-08-22 22:00:00,-1747.15
2025-08-22 23:00:00,-2048.46
2025-08-23 00:00:00,-1708.46
2025-08-23 01:00:00,-1286.9499999999998
2025-08-23 02:00:00,-1294.02
2025-08-23 03:00:00,-1191.15
2025-08-23 04:00:00,-652.5999999999999
2025-08-23 05:00:00,-229.65999999999985
2025-08-23 06:00:00,28.269999999999982
2025-08-23 07:00:00,204.32000000000016
2025-08-23 08:00:00,128.7800000000002
2025-08-23 09:00:00,-216.67000000000007
2025-08-23 10:00:00,-864.3899999999999
2025-08-23 11:00:00,-987.96
2025-08-23 12:00:00,-1620.17
2025-08-23 13:00:00,-1619.0100000000002
2025-08-23 14:00:00,-1013.7199999999998
2025-08-23 15:00:00,-1104.1399999999999
2025-08-23 16:00:00,-939.9899999999998
2025-08-23 17:00:00,-411.1500000000001
2025-08-23 18:00:00,-509.57000000000016
2025-08-23 19:00:00,-27.38000000000011
2025-08-23 20:00:00,567.4499999999998
2025-08-23 21:00:00,1406.8000000000002
2025-08-23 22:00:00,1488.6999999999998
2025-08-23 23:00:00,2033.6100000000001
2025-08-24 00:00:00,2222.64
2025-08-24 01:00:00,1841.67
2025-08-24 02:00:00,1859.0500000000002
2025-08-24 03:00:00,2253.87
2025-08-24 04:00:00,2336.95
2025-08-24 05:00:00,1584.73
2025-08-24 06:00:00,1931.5900000000001
2025-08-24 07:00:00,1935.8200000000002
2025-08-24 08:00:00,1706.2399999999998
2025-08-24 09:00:00,1200.4899999999998
2025-08-24 10:00:00,280.5
2025-08-24 11:00:00,-1556.0100000000002
2025-08-24 12:00:00,-1699.65
2025-08-24 13:00:00,-1111.2600000000002
2025-08-24 14:00:00,-407.9899999999998
2025-08-24 15:00:00,176.92000000000007
2025-08-24 16:00:00,255.25
2025-08-24 17:00:00,998.81
2025-08-24 18:00:00,2062.43
2025-08-24 19:00:00,2112.64
2025-08-24 20:00:00,2667.78
2025-08-24 21:00:00,2869.79
2025-08-24 22:00:00,2858.56
2025-08-24 23:00:00,2388.87
2025-08-25 00:00:00,1910.9299999999998
2025-08-25 01:00:00,1636.87
2025-08-25 02:00:00,2228.27
2025-08-25 03:00:00,2818.29
2025-08-25 04:00:00,2631.48
2025-08-25 05:00:00,2557.45
2025-08-25 06:00:00,2986.39
2025-08-25 07:00:00,2619.26
2025-08-25 08:00:00,2910.53
2025-08-25 09:00:00,3320.0
2025-08-25 10:00:00,3008.6099999999997
2025-08-25 11:00:00,2345.8999999999996
2025-08-25 12:00:00,1966.5300000000002
2025-08-25 13:00:00,1727.31
2025-08-25 14:00:00,2592.82
2025-08-25 15:00:00,2676.04
2025-08-25 16:00:00,2443.26
2025-08-25 17:00:00,3044.8
2025-08-25 18:00:00,3793.39
2025-08-25 19:00:00,3496.55
2025-08-25 20:00:00,3464.17
2025-08-25 21:00:00,3064.45
2025-08-25 22:00:00,2557.57
2025-08-25 23:00:00,2438.56
2025-08-26 00:00:00,2521.28
2025-08-26 01:00:00,2607.07
2025-08-26 02:00:00,2810.62
2025-08-26 03:00:00,2816.89
2025-08-26 04:00:00,3250.54
2025-08-26 05:00:00,3014.21
2025-08-26 06:00:00,3347.48
2025-08-26 07:00:00,3406.67
2025-08-26 08:00:00,2860.79
2025-08-26 09:00:00,2908.38
2025-08-26 10:00:00,2897.05
2025-08-26 11:00:00,2465.24
2025-08-26 12:00:00,2068.44
2025-08-26 13:00:00,2151.27
2025-08-26 14:00:00,2435.84
2025-08-26 15:00:00,2797.0
2025-08-26 16:00:00,3364.25
2025-08-26 17:00:00,3719.99
2025-08-26 18:00:00,3814.61
2025-08-26 19:00:00,3619.55
2025-08-26 20:00:00,3350.67
2025-08-26 21:00:00,3109.68
2025-08-26 22:00:00,2879.99
2025-08-26 23:00:00,2782.4
2025-08-27 00:00:00,2760.31
2025-08-27 01:00:00,2676.11
2025-08-27 02:00:00,2924.35
2025-08-27 03:00:00,3129.32
2025-08-27 04:00:00,3324.68
2025-08-27 05:00:00,3369.51
2025-08-27 06:00:00,3351.88
2025-08-27 07:00:00,3182.73
2025-08-27 08:00:00,3328.28
2025-08-27 09:00:00,3192.71
2025-08-27 10:00:00,2951.6
2025-08-27 11:00:00,2351.19
2025-08-27 12:00:00,2207.65
2025-08-27 13:00:00,2927.23
2025-08-27 14:00:00,3228.02
2025-08-27 15:00:00,2414.5200000000004
2025-08-27 16:00:00,2064.3
2025-08-27 17:00:00,2640.7
2025-08-27 18:00:00,3684.26
2025-08-27 19:00:00,2969.79
2025-08-27 20:00:00,3004.56
2025-08-27 21:00:00,2929.7
2025-08-27 22:00:00,2691.68
2025-08-27 23:00:00,1494.29
2025-08-28 00:00:00,636.8699999999999
2025-08-28 01:00:00,824.9299999999998
2025-08-28 02:00:00,862.73
2025-08-28 03:00:00,1180.5700000000002
2025-08-28 04:00:00,1737.17
2025-08-28 05:00:00,1765.31
2025-08-28 06:00:00,1847.63
2025-08-28 07:00:00,1547.6799999999998
2025-08-28 08:00:00,1546.48
2025-08-28 09:00:00,1579.79
2025-08-28 10:00:00,1851.6799999999998
2025-08-28 11:00:00,2292.05
2025-08-28 12:00:00,2484.47
2025-08-28 13:00:00,2862.76
2025-08-28 14:00:00,2056.37
2025-08-28 15:00:00,1375.8000000000002
2025-08-28 16:00:00,1102.6499999999996
2025-08-28 17:00:00,702.71
2025-08-28 18:00:00,814.21
2025-08-28 19:00:00,1271.6599999999999
2025-08-28 20:00:00,1470.4299999999998
2025-08-28 21:00:00,1157.0900000000001
2025-08-28 22:00:00,-347.23
2025-08-28 23:00:00,-864.8499999999999
2025-08-29 00:00:00,-488.52
2025-08-29 01:00:00,147.6199999999999
2025-08-29 02:00:00,733.6300000000001
2025-08-29 03:00:00,1299.0300000000002
2025-08-29 04:00:00,1751.8400000000001
2025-08-29 05:00:00,1676.6100000000001
2025-08-29 06:00:00,1449.71
2025-08-29 07:00:00,1260.04
2025-08-29 08:00:00,1523.4099999999999
2025-08-29 09:00:00,1936.54
2025-08-29 10:00:00,2107.2799999999997
2025-08-29 11:00:00,2097.49
2025-08-29 12:00:00,1742.92
2025-08-29 13:00:00,1845.6100000000001
2025-08-29 14:00:00,1114.73
2025-08-29 15:00:00,263.8000000000002
2025-08-29 16:00:00,116.25
2025-08-29 17:00:00,73.06999999999971
2025-08-29 18:00:00,936.2600000000002
2025-08-29 19:00:00,1055.4099999999999
2025-08-29 20:00:00,1170.48
2025-08-29 21:00:00,1295.94
2025-08-29 22:00:00,1288.5100000000002
2025-08-29 23:00:00,1841.77
2025-08-30 00:00:00,2166.6
2025-08-30 01:00:00,1916.1599999999999
2025-08-30 02:00:00,2177.87
2025-08-30 03:00:00,2050.47
2025-08-30 04:00:00,1683.75
2025-08-30 05:00:00,1736.4899999999998
2025-08-30 06:00:00,2088.97
2025-08-30 07:00:00,1924.1100000000001
2025-08-30 08:00:00,2272.86
2025-08-30 09:00:00,2338.77
2025-08-30 10:00:00,2404.62
2025-08-30 11:00:00,2249.98
2025-08-30 12:00:00,1828.2800000000002
2025-08-30 13:00:00,1576.02
2025-08-30 14:00:00,3088.12
2025-08-30 15:00:00,1356.67
2025-08-30 16:00:00,-1589.0300000000002
2025-08-30 17:00:00,-726.3499999999999
2025-08-30 18:00:00,1329.2399999999998
2025-08-30 19:00:00,3403.39
2025-08-30 20:00:00,3099.84
2025-08-30 21:00:00,2902.67
2025-08-30 22:00:00,2554.13
2025-08-30 23:00:00,2577.11
2025-08-31 00:00:00,2591.48
2025-08-31 01:00:00,916.8899999999999
2025-08-31 02:00:00,875.29
2025-08-31 03:00:00,1740.0900000000001
2025-08-31 04:00:00,1087.5700000000002
2025-08-31 05:00:00,1053.5900000000001
2025-08-31 06:00:00,1665.63
2025-08-31 07:00:00,1621.96
2025-08-31 08:00:00,1695.5900000000001
2025-08-31 09:00:00,520.4499999999998
2025-08-31 10:00:00,244.44999999999982
2025-08-31 11:00:00,-267.0999999999999
2025-08-31 12:00:00,-2081.83
2025-08-31 13:00:00,-587.4699999999998
2025-08-31 14:00:00,-1235.4699999999998
2025-08-31 15:00:00,-726.9099999999999
2025-08-31 16:00:00,-363.19000000000005
2025-08-31 17:00:00,1185.65
2025-08-31 18:00:00,1968.7800000000002
2025-08-31 19:00:00,1649.56
2025-08-31 20:00:00,1615.9699999999998
2025-08-31 21:00:00,1505.3200000000002
2025-08-31 22:00:00,1126.5
2025-08-31 23:00:00,1024.4899999999998
2025-09-01 00:00:00,998.73
2025-09-01 01:00:00,472.5100000000002
2025-09-01 02:00:00,935.69
2025-09-01 03:00:00,1496.63
2025-09-01 04:00:00,1866.5700000000002
2025-09-01 05:00:00,1488.2600000000002
2025-09-01 06:00:00,1318.1100000000001
2025-09-01 07:00:00,-2220.39
2025-09-01 08:00:00,-1891.6100000000001
2025-09-01 09:00:00,-1393.5
2025-09-01 10:00:00,-1049.4499999999998
2025-09-01 11:00:00,-1106.85
2025-09-01 12:00:00,-1093.7399999999998
2025-09-01 13:00:00,-890.0999999999999
2025-09-01 14:00:00,-757.79
2025-09-01 15:00:00,-699.8299999999999
2025-09-01 16:00:00,-45.220000000000255
2025-09-01 17:00:00,2318.8100000000004
2025-09-01 18:00:00,2501.16
2025-09-01 19:00:00,2425.28
2025-09-01 20:00:00,2312.15
2025-09-01 21:00:00,1831.8000000000002
2025-09-01 22:00:00,1864.6100000000001
2025-09-01 23:00:00,2329.29
2025-09-02 00:00:00,2486.21
2025-09-02 01:00:00,2256.94
2025-09-02 02:00:00,2371.89
2025-09-02 03:00:00,2605.03
2025-09-02 04:00:00,3125.0
2025-09-02 05:00:00,3157.9
2025-09-02 06:00:00,3490.26
2025-09-02 07:00:00,3387.19
2025-09-02 08:00:00,2958.7200000000003
2025-09-02 09:00:00,3032.12
2025-09-02 10:00:00,3447.21
2025-09-02 11:00:00,2986.3
2025-09-02 12:00:00,2642.66
2025-09-02 13:00:00,2655.0600000000004
2025-09-02 14:00:00,2458.46
2025-09-02 15:00:00,2666.7200000000003
2025-09-02 16:00:00,3088.8500000000004
2025-09-02 17:00:00,2645.54
2025-09-02 18:00:00,3927.21
2025-09-02 19:00:00,2633.42
2025-09-02 20:00:00,3126.76
2025-09-02 21:00:00,2897.99
2025-09-02 22:00:00,2644.91
2025-09-02 23:00:00,2596.27
2025-09-03 00:00:00,2346.42
2025-09-03 01:00:00,2500.63
2025-09-03 02:00:00,2564.64
2025-09-03 03:00:00,2970.96
2025-09-03 04:00:00,2853.16
2025-09-03 05:00:00,2599.68
2025-09-03 06:00:00,2462.8
2025-09-03 07:00:00,2353.21
2025-09-03 08:00:00,2642.29
2025-09-03 09:00:00,3295.8500000000004
2025-09-03 10:00:00,3856.67
2025-09-03 11:00:00,3416.9799999999996
2025-09-03 12:00:00,3427.8999999999996
2025-09-03 13:00:00,3439.2
2025-09-03 14:00:00,504.0500000000002
2025-09-03 15:00:00,942.8299999999999
2025-09-03 16:00:00,3430.1000000000004
2025-09-03 17:00:00,2539.95
2025-09-03 18:00:00,4003.7299999999996
2025-09-03 19:00:00,1955.48
2025-09-03 20:00:00,408.23
2025-09-03 21:00:00,-1170.35
2025-09-03 22:00:00,11.320000000000164
2025-09-03 23:00:00,1267.1999999999998
2025-09-04 00:00:00,1773.23
2025-09-04 01:00:00,979.31
2025-09-04 02:00:00,1229.48
2025-09-04 03:00:00,1894.23
2025-09-04 04:00:00,2221.83
2025-09-04 05:00:00,2444.34
2025-09-04 06:00:00,2820.09
2025-09-04 07:00:00,2565.03
2025-09-04 08:00:00,3054.6400000000003
2025-09-04 09:00:00,2663.5299999999997
2025-09-04 10:00:00,479.6899999999996
2025-09-04 11:00:00,92.84000000000015
2025-09-04 12:00:00,-591.4899999999998
2025-09-04 13:00:00,-553.1499999999996
2025-09-04 14:00:00,-1116.4799999999996
2025-09-04 15:00:00,-988.1499999999996
2025-09-04 16:00:00,-172.55000000000018
2025-09-04 17:00:00,2091.7799999999997
2025-09-04 18:00:00,3089.2299999999996
2025-09-04 19:00:00,3471.95
2025-09-04 20:00:00,2945.16
2025-09-04 21:00:00,3032.89
2025-09-04 22:00:00,2349.39
2025-09-04 23:00:00,903.71
2025-09-05 00:00:00,1287.9699999999998
2025-09-05 01:00:00,1416.6399999999999
2025-09-05 02:00:00,2453.21
2025-09-05 03:00:00,3107.71
2025-09-05 04:00:00,3434.35
2025-09-05 05:00:00,3194.72
2025-09-05 06:00:00,3114.84
2025-09-05 07:00:00,3392.77
2025-09-05 08:00:00,1875.3900000000003
2025-09-05 09:00:00,1136.6099999999997
2025-09-05 10:00:00,1037.8599999999997
2025-09-05 11:00:00,1176.3000000000002
2025-09-05 12:00:00,872.8199999999997
2025-09-05 13:00:00,342.2399999999998
2025-09-05 14:00:00,558.1000000000004
2025-09-05 15:00:00,1184.0200000000004
2025-09-05 16:00:00,2163.96
2025-09-05 17:00:00,3576.2
2025-09-05 18:00:00,3744.36
2025-09-05 19:00:00,3439.96
2025-09-05 20:00:00,3010.89
2025-09-05 21:00:00,3071.84
2025-09-05 22:00:00,2866.46
2025-09-05 23:00:00,2770.33
2025-09-06 00:00:00,2633.22
2025-09-06 01:00:00,2456.24
2025-09-06 02:00:00,2336.33
2025-09-06 03:00:00,2378.74
2025-09-06 04:00:00,2564.13
2025-09-06 05:00:00,2158.55
2025-09-06 06:00:00,1988.35
2025-09-06 07:00:00,1851.2199999999998
2025-09-06 08:00:00,2141.97
2025-09-06 09:00:00,3242.56
2025-09-06 10:00:00,1929.83
2025-09-06 11:00:00,707.2199999999998
2025-09-06 12:00:00,701.1300000000001
2025-09-06 13:00:00,450.28999999999996
2025-09-06 14:00:00,710.31
2025-09-06 15:00:00,650.1999999999998
2025-09-06 16:00:00,1871.5700000000002
2025-09-06 17:00:00,3233.21
2025-09-06 18:00:00,3225.54
2025-09-06 19:00:00,3391.92
2025-09-06 20:00:00,3100.84
2025-09-06 21:00:00,2442.35
2025-09-06 22:00:00,2129.38
2025-09-06 23:00:00,1787.35
2025-09-07 00:00:00,1501.08
2025-09-07 01:00:00,1566.08
2025-09-07 02:00:00,1325.7600000000002
2025-09-07 03:00:00,1396.35
2025-09-07 04:00:00,1507.5
2025-09-07 05:00:00,1159.73
2025-09-07 06:00:00,1690.42
2025-09-07 07:00:00,1836.4899999999998
2025-09-07 08:00:00,2100.95
2025-09-07 09:00:00,2494.45
2025-09-07 10:00:00,2374.66
2025-09-07 11:00:00,1539.71
2025-09-07 12:00:00,980.6799999999998
2025-09-07 13:00:00,1129.6599999999999
2025-09-07 14:00:00,1162.52
2025-09-07 15:00:00,1277.4499999999998
2025-09-07 16:00:00,1388.4899999999998
2025-09-07 17:00:00,2445.7
2025-09-07 18:00:00,2561.92
2025-09-07 19:00:00,3079.19
2025-09-07 20:00:00,3193.67
2025-09-07 21:00:00,3030.22
2025-09-07 22:00:00,2739.9
2025-09-07 23:00:00,2563.71
2025-09-08 00:00:00,2308.65
2025-09-08 01:00:00,2700.15
2025-09-08 02:00:00,2740.58
2025-09-08 03:00:00,2875.33
2025-09-08 04:00:00,3036.31
2025-09-08 05:00:00,2873.01
2025-09-08 06:00:00,2711.51
2025-09-08 07:00:00,2958.92
2025-09-08 08:00:00,2466.76
2025-09-08 09:00:00,1993.35
2025-09-08 10:00:00,2094.96
2025-09-08 11:00:00,1454.9699999999998
2025-09-08 12:00:00,1044.06
2025-09-08 13:00:00,1697.9
2025-09-08 14:00:00,2032.15
2025-09-08 15:00:00,2096.57
2025-09-08 16:00:00,2001.38
2025-09-08 17:00:00,2591.93
2025-09-08 18:00:00,3022.69
2025-09-08 19:00:00,2945.82
2025-09-08 20:00:00,2528.59
2025-09-08 21:00:00,2442.36
2025-09-08 22:00:00,2135.98
2025-09-08 23:00:00,2059.23
2025-09-09 00:00:00,1436.1799999999998
2025-09-09 01:00:00,1523.06
2025-09-09 02:00:00,1244.87
2025-09-09 03:00:00,2059.67
2025-09-09 04:00:00,2373.02
2025-09-09 05:00:00,2476.71
2025-09-09 06:00:00,2151.57
2025-09-09 07:00:00,1847.5
2025-09-09 08:00:00,2088.38
2025-09-09 09:00:00,2320.35
2025-09-09 10:00:00,2365.13
2025-09-09 11:00:00,2219.59
2025-09-09 12:00:00,2413.01
2025-09-09 13:00:00,2760.22
2025-09-09 14:00:00,1022.48
2025-09-09 15:00:00,1753.33
2025-09-09 16:00:00,3170.41
2025-09-09 17:00:00,2681.05
2025-09-09 18:00:00,2540.07
2025-09-09 19:00:00,2494.54
2025-09-09 20:00:00,2932.97
2025-09-09 21:00:00,2815.5
2025-09-09 22:00:00,2503.32
2025-09-09 23:00:00,2234.37
2025-09-10 00:00:00,1755.9699999999998
2025-09-10 01:00:00,2155.85
2025-09-10 02:00:00,1961.98
2025-09-10 03:00:00,2600.68
2025-09-10 04:00:00,2347.96
2025-09-10 05:00:00,2282.01
2025-09-10 06:00:00,2120.95
2025-09-10 07:00:00,2183.08
2025-09-10 08:00:00,2315.27
2025-09-10 09:00:00,2351.9700000000003
2025-09-10 10:00:00,2394.7799999999997
2025-09-10 11:00:00,2363.7200000000003
2025-09-10 12:00:00,2045.3500000000004
2025-09-10 13:00:00,2475.7299999999996
2025-09-10 14:00:00,3049.29
2025-09-10 15:00:00,2028.4099999999999
2025-09-10 16:00:00,-1020.8100000000004
2025-09-10 17:00:00,1408.75
2025-09-10 18:00:00,2804.69
2025-09-10 19:00:00,3195.75
2025-09-10 20:00:00,2879.21
2025-09-10 21:00:00,2746.23
2025-09-10 22:00:00,2303.15
2025-09-10 23:00:00,359.80999999999995
2025-09-11 00:00:00,-507.9200000000001
2025-09-11 01:00:00,-581.3600000000001
2025-09-11 02:00:00,-192.23000000000002
2025-09-11 03:00:00,-298.1199999999999
2025-09-11 04:00:00,-222.03999999999996
2025-09-11 05:00:00,-242.90999999999985
2025-09-11 06:00:00,-71.57000000000016
2025-09-11 07:00:00,226.59000000000015
2025-09-11 08:00:00,998.0600000000004
2025-09-11 09:00:00,1307.29
2025-09-11 10:00:00,1608.46
2025-09-11 11:00:00,1359.38
2025-09-11 12:00:00,664.54
2025-09-11 13:00:00,2691.1400000000003
2025-09-11 14:00:00,2774.58
2025-09-11 15:00:00,2765.92
2025-09-11 16:00:00,2674.83
2025-09-11 17:00:00,3662.4300000000003
2025-09-11 18:00:00,3828.19
2025-09-11 19:00:00,3684.89
2025-09-11 20:00:00,3173.03
2025-09-11 21:00:00,2738.02
2025-09-11 22:00:00,2720.2
2025-09-11 23:00:00,2782.41
2025-09-12 00:00:00,2733.44
2025-09-12 01:00:00,2778.74
2025-09-12 02:00:00,2874.97
2025-09-12 03:00:00,2438.79
2025-09-12 04:00:00,2814.71
2025-09-12 05:00:00,2835.97
2025-09-12 06:00:00,2575.93
2025-09-12 07:00:00,2111.16
2025-09-12 08:00:00,1954.42
2025-09-12 09:00:00,2312.8500000000004
2025-09-12 10:00:00,2521.59
2025-09-12 11:00:00,1956.62
2025-09-12 12:00:00,1530.33
2025-09-12 13:00:00,476.8499999999999
2025-09-12 14:00:00,820.8899999999999
2025-09-12 15:00:00,938.81
2025-09-12 16:00:00,1868.56
2025-09-12 17:00:00,3336.2
2025-09-12 18:00:00,3781.68
2025-09-12 19:00:00,3517.47
2025-09-12 20:00:00,3363.71
2025-09-12 21:00:00,3135.06
2025-09-12 22:00:00,2897.32
2025-09-12 23:00:00,2695.64
2025-09-13 00:00:00,2457.78
2025-09-13 01:00:00,2277.11
2025-09-13 02:00:00,2395.56
2025-09-13 03:00:00,2726.15
2025-09-13 04:00:00,2955.47
2025-09-13 05:00:00,2962.36
2025-09-13 06:00:00,3040.95
2025-09-13 07:00:00,2518.52
2025-09-13 08:00:00,1677.7199999999998
2025-09-13 09:00:00,1707.9699999999998
2025-09-13 10:00:00,1906.46
2025-09-13 11:00:00,2122.98
2025-09-13 12:00:00,2478.78
2025-09-13 13:00:00,-468.03999999999996
2025-09-13 14:00:00,-816.3000000000002
2025-09-13 15:00:00,-903.3499999999999
2025-09-13 16:00:00,-53.4699999999998
2025-09-13 17:00:00,537.96
2025-09-13 18:00:00,-35.23000000000002
2025-09-13 19:00:00,-416.2600000000002
2025-09-13 20:00:00,-547.48
2025-09-13 21:00:00,-1475.87
2025-09-13 22:00:00,-1979.75
2025-09-13 23:00:00,-2092.77
2025-09-14 00:00:00,-1433.56
2025-09-14 01:00:00,-1217.79
2025-09-14 02:00:00,-1016.44
2025-09-14 03:00:00,-819.5700000000002
2025-09-14 04:00:00,-649.5
2025-09-14 05:00:00,-568.3000000000002
2025-09-14 06:00:00,-855.6999999999998
2025-09-14 07:00:00,-820.1300000000001
2025-09-14 08:00:00,-770.98
2025-09-14 09:00:00,-342.6399999999999
2025-09-14 10:00:00,-175.7199999999998
2025-09-14 11:00:00,-80.26999999999998
2025-09-14 12:00:00,248.63999999999987
2025-09-14 13:00:00,228.46000000000004
2025-09-14 14:00:00,420.1700000000001
2025-09-14 15:00:00,486.6999999999998
2025-09-14 16:00:00,510.5799999999999
2025-09-14 17:00:00,377.75
2025-09-14 18:00:00,1564.0100000000002
2025-09-14 19:00:00,423.5799999999999
2025-09-14 20:00:00,207.1500000000001
2025-09-14 21:00:00,-316.8800000000001
2025-09-14 22:00:00,-203.76000000000022
2025-09-14 23:00:00,2009.35
2025-09-15 00:00:00,1091.0700000000002
2025-09-15 01:00:00,1901.65
2025-09-15 02:00:00,2757.66
2025-09-15 03:00:00,2877.37
2025-09-15 04:00:00,2361.92
2025-09-15 05:00:00,2190.57
2025-09-15 06:00:00,1629.67
2025-09-15 07:00:00,1528.7199999999998
2025-09-15 08:00:00,1863.15
2025-09-15 09:00:00,1349.4299999999998
2025-09-15 10:00:00,1081.6599999999999
2025-09-15 11:00:00,1600.3600000000001
2025-09-15 12:00:00,1913.19
2025-09-15 13:00:00,1425.17
2025-09-15 14:00:00,1302.92
2025-09-15 15:00:00,1560.1
2025-09-15 16:00:00,2480.15
2025-09-15 17:00:00,3566.06
2025-09-15 18:00:00,3768.96
2025-09-15 19:00:00,3523.86
2025-09-15 20:00:00,3187.81
2025-09-15 21:00:00,3008.23
2025-09-15 22:00:00,2607.86
2025-09-15 23:00:00,2619.47
2025-09-16 00:00:00,2497.79
2025-09-16 01:00:00,2519.13
2025-09-16 02:00:00,2760.31
2025-09-16 03:00:00,3028.07
2025-09-16 04:00:00,3293.42
2025-09-16 05:00:00,3543.2
2025-09-16 06:00:00,3025.73
2025-09-16 07:00:00,2972.59
2025-09-16 08:00:00,3108.95
2025-09-16 09:00:00,3045.17
2025-09-16 10:00:00,2730.83
2025-09-16 11:00:00,2538.75
2025-09-16 12:00:00,2286.5
2025-09-16 13:00:00,2484.61
2025-09-16 14:00:00,2010.5100000000002
2025-09-16 15:00:00,2137.4
2025-09-16 16:00:00,2743.25
2025-09-16 17:00:00,3188.9300000000003
2025-09-16 18:00:00,3624.72
2025-09-16 19:00:00,3103.7
2025-09-16 20:00:00,2624.29
2025-09-16 21:00:00,2594.72
2025-09-16 22:00:00,2674.59
2025-09-16 23:00:00,2158.75
2025-09-17 00:00:00,2420.74
2025-09-17 01:00:00,2844.72
2025-09-17 02:00:00,2734.64
2025-09-17 03:00:00,764.2800000000002
2025-09-17 04:00:00,-1692.5900000000001
2025-09-17 05:00:00,-906.25
2025-09-17 06:00:00,-877.06
2025-09-17 07:00:00,-374.6700000000001
2025-09-17 08:00:00,-132.30999999999995
2025-09-17 09:00:00,-523.3299999999999
2025-09-17 10:00:00,-1016.5200000000004
2025-09-17 11:00:00,-2023.4899999999998
2025-09-17 12:00:00,-786.9299999999998
2025-09-17 13:00:00,109.84000000000015
2025-09-17 14:00:00,1222.1599999999999
2025-09-17 15:00:00,695.7199999999998
2025-09-17 16:00:00,878.6799999999998
2025-09-17 17:00:00,513.96
2025-09-17 18:00:00,-81.36000000000013
2025-09-17 19:00:00,146.30000000000018
2025-09-17 20:00:00,73.5300000000002
2025-09-17 21:00:00,-4.519999999999982
2025-09-17 22:00:00,261.6300000000001
2025-09-17 23:00:00,378.1100000000001
2025-09-18 00:00:00,852.1799999999998
2025-09-18 01:00:00,750.6999999999998
2025-09-18 02:00:00,719.4299999999998
2025-09-18 03:00:00,1436.4299999999998
2025-09-18 04:00:00,1973.0100000000002
2025-09-18 05:00:00,1527.3600000000001
2025-09-18 06:00:00,1496.56
2025-09-18 07:00:00,1138.81
2025-09-18 08:00:00,900.71
2025-09-18 09:00:00,1276.31
2025-09-18 10:00:00,1258.5700000000002
2025-09-18 11:00:00,1386.5700000000002
2025-09-18 12:00:00,1056.6999999999998
2025-09-18 13:00:00,1051.44
2025-09-18 14:00:00,924.54
2025-09-18 15:00:00,831.52
2025-09-18 16:00:00,2065.92
2025-09-18 17:00:00,3319.33
2025-09-18 18:00:00,2980.67
2025-09-18 19:00:00,2044.8600000000001
2025-09-18 20:00:00,1717.5500000000002
2025-09-18 21:00:00,1596.65
2025-09-18 22:00:00,1611.0900000000001
2025-09-18 23:00:00,1575.94
2025-09-19 00:00:00,1670.69
2025-09-19 01:00:00,1736.6100000000001
2025-09-19 02:00:00,1949.73
2025-09-19 03:00:00,2200.0
2025-09-19 04:00:00,2350.32
2025-09-19 05:00:00,2542.17
2025-09-19 06:00:00,2441.9
2025-09-19 07:00:00,1963.44
2025-09-19 08:00:00,1687.0300000000002
2025-09-19 09:00:00,1761.37
2025-09-19 10:00:00,1576.5300000000002
2025-09-19 11:00:00,1259.58
2025-09-19 12:00:00,1025.7399999999998
2025-09-19 13:00:00,1486.02
2025-09-19 14:00:00,1264.1
2025-09-19 15:00:00,1483.4
2025-09-19 16:00:00,2508.04
2025-09-19 17:00:00,3279.67
2025-09-19 18:00:00,3214.89
2025-09-19 19:00:00,3221.21
2025-09-19 20:00:00,3180.53
2025-09-19 21:00:00,2767.95
2025-09-19 22:00:00,1807.83
2025-09-19 23:00:00,1545.9499999999998
2025-09-20 00:00:00,1493.6100000000001
2025-09-20 01:00:00,1303.25
2025-09-20 02:00:00,1424.67
2025-09-20 03:00:00,1583.6999999999998
2025-09-20 04:00:00,1714.8000000000002
2025-09-20 05:00:00,1816.2600000000002
2025-09-20 06:00:00,2269.45
2025-09-20 07:00:00,2328.23
2025-09-20 08:00:00,1975.7600000000002
2025-09-20 09:00:00,1798.8000000000002
2025-09-20 10:00:00,1984.46
2025-09-20 11:00:00,2491.52
2025-09-20 12:00:00,1248.6399999999999
2025-09-20 13:00:00,498.3499999999999
2025-09-20 14:00:00,976.6999999999998
2025-09-20 15:00:00,1285.56
2025-09-20 16:00:00,2590.76
2025-09-20 17:00:00,3271.0
2025-09-20 18:00:00,2982.64
2025-09-20 19:00:00,2366.86
2025-09-20 20:00:00,2444.86
2025-09-20 21:00:00,1947.2199999999998
2025-09-20 22:00:00,1414.54
2025-09-20 23:00:00,1353.08
2025-09-21 00:00:00,1228.4899999999998
2025-09-21 01:00:00,994.6300000000001
2025-09-21 02:00:00,1066.0900000000001
2025-09-21 03:00:00,1470.3200000000002
2025-09-21 04:00:00,2049.14
2025-09-21 05:00:00,2038.9499999999998
2025-09-21 06:00:00,1957.42
2025-09-21 07:00:00,1337.73
2025-09-21 08:00:00,209.0999999999999
2025-09-21 09:00:00,-591.21
2025-09-21 10:00:00,-716.73
2025-09-21 11:00:00,-566.1199999999999
2025-09-21 12:00:00,-623.25
2025-09-21 13:00:00,-939.3200000000002
2025-09-21 14:00:00,-538.75
2025-09-21 15:00:00,-260.6100000000001
2025-09-21 16:00:00,411.1999999999998
2025-09-21 17:00:00,631.9099999999999
2025-09-21 18:00:00,1068.7399999999998
2025-09-21 19:00:00,1253.4899999999998
2025-09-21 20:00:00,1052.3200000000002
2025-09-21 21:00:00,361.8699999999999
2025-09-21 22:00:00,-1353.5500000000002
2025-09-21 23:00:00,-1104.3200000000002
2025-09-22 00:00:00,-939.4499999999998
2025-09-22 01:00:00,-264.7800000000002
2025-09-22 02:00:00,-135.67000000000007
2025-09-22 03:00:00,232.30000000000018
2025-09-22 04:00:00,813.7199999999998
2025-09-22 05:00:00,1063.3899999999999
2025-09-22 06:00:00,968.6100000000001
2025-09-22 07:00:00,902.2600000000002
2025-09-22 08:00:00,886.0
2025-09-22 09:00:00,854.6199999999999
2025-09-22 10:00:00,690.0300000000002
2025-09-22 11:00:00,224.5
2025-09-22 12:00:00,-202.40999999999985
2025-09-22 13:00:00,-174.32999999999993
2025-09-22 14:00:00,-136.46000000000004
2025-09-22 15:00:00,-133.92000000000007
2025-09-22 16:00:00,305.7199999999998
2025-09-22 17:00:00,257.6199999999999
2025-09-22 18:00:00,468.3899999999999
2025-09-22 19:00:00,536.0700000000002
2025-09-22 20:00:00,1061.85
2025-09-22 21:00:00,1146.4
2025-09-22 22:00:00,807.77
2025-09-22 23:00:00,593.81
2025-09-23 00:00:00,861.6500000000001
2025-09-23 01:00:00,1246.77
2025-09-23 02:00:00,1664.27
2025-09-23 03:00:00,2140.39
2025-09-23 04:00:00,3008.89
2025-09-23 05:00:00,3448.85
2025-09-23 06:00:00,3281.44
2025-09-23 07:00:00,3293.54
2025-09-23 08:00:00,3317.53
2025-09-23 09:00:00,3213.0
2025-09-23 10:00:00,2879.35
2025-09-23 11:00:00,2525.98
2025-09-23 12:00:00,2533.73
2025-09-23 13:00:00,2640.8
2025-09-23 14:00:00,1714.79
2025-09-23 15:00:00,155.63999999999987
2025-09-23 16:00:00,1894.4799999999996
2025-09-23 17:00:00,2609.25
2025-09-23 18:00:00,2568.95
2025-09-23 19:00:00,2405.32
2025-09-23 20:00:00,2460.23
2025-09-23 21:00:00,2244.2
2025-09-23 22:00:00,2015.96
2025-09-23 23:00:00,2200.16
2025-09-24 00:00:00,2479.54
2025-09-24 01:00:00,2485.93
2025-09-24 02:00:00,2566.18
2025-09-24 03:00:00,2896.54
2025-09-24 04:00:00,3040.44
2025-09-24 05:00:00,3471.96
2025-09-24 06:00:00,3434.24
2025-09-24 07:00:00,3362.53
2025-09-24 08:00:00,3268.4
2025-09-24 09:00:00,3037.13
2025-09-24 10:00:00,3076.93
2025-09-24 11:00:00,2985.18
2025-09-24 12:00:00,2950.46
2025-09-24 13:00:00,1214.0100000000002
2025-09-24 14:00:00,-95.65999999999985
2025-09-24 15:00:00,687.1599999999999
2025-09-24 16:00:00,1174.1000000000004
2025-09-24 17:00:00,2631.2799999999997
2025-09-24 18:00:00,2366.68
2025-09-24 19:00:00,2144.3
2025-09-24 20:00:00,2000.52
2025-09-24 21:00:00,1473.83
2025-09-24 22:00:00,285.82000000000016
2025-09-24 23:00:00,-495.5
2025-09-25 00:00:00,-499.75
2025-09-25 01:00:00,-441.3499999999999
2025-09-25 02:00:00,-538.6799999999998
2025-09-25 03:00:00,-251.7199999999998
2025-09-25 04:00:00,121.19000000000005
2025-09-25 05:00:00,218.0
2025-09-25 06:00:00,313.09000000000015
2025-09-25 07:00:00,99.98000000000002
2025-09-25 08:00:00,-195.48999999999978
2025-09-25 09:00:00,-171.55999999999995
2025-09-25 10:00:00,40.55000000000018
2025-09-25 11:00:00,85.01000000000022
2025-09-25 12:00:00,-23.0
2025-09-25 13:00:00,-687.5
2025-09-25 14:00:00,-924.0500000000002
2025-09-25 15:00:00,-891.5500000000002
2025-09-25 16:00:00,-341.46000000000004
2025-09-25 17:00:00,905.3200000000002
2025-09-25 18:00:00,1677.3600000000001
2025-09-25 19:00:00,1883.6
2025-09-25 20:00:00,1649.8200000000002
2025-09-25 21:00:00,631.9899999999998
2025-09-25 22:00:00,-323.84000000000015
2025-09-25 23:00:00,-1304.81
2025-09-26 00:00:00,-1489.06
2025-09-26 01:00:00,-1539.4099999999999
2025-09-26 02:00:00,-1843.6999999999998
2025-09-26 03:00:00,-1403.96
2025-09-26 04:00:00,-1315.87
2025-09-26 05:00:00,-1054.5
2025-09-26 06:00:00,-1079.44
2025-09-26 07:00:00,-1917.7199999999998
2025-09-26 08:00:00,-2241.52
2025-09-26 09:00:00,-1909.06
2025-09-26 10:00:00,-1639.88
2025-09-26 11:00:00,-1111.7199999999998
2025-09-26 12:00:00,-943.8000000000002
2025-09-26 13:00:00,-1704.46
2025-09-26 14:00:00,-1763.92
2025-09-26 15:00:00,-1352.23
2025-09-26 16:00:00,-497.30999999999995
2025-09-26 17:00:00,568.4000000000001
2025-09-26 18:00:00,427.0799999999999
2025-09-26 19:00:00,407.75
2025-09-26 20:00:00,346.44000000000005
2025-09-26 21:00:00,-289.28999999999996
2025-09-26 22:00:00,-1864.6100000000001
2025-09-26 23:00:00,-2358.91
2025-09-27 00:00:00,-2644.04
2025-09-27 01:00:00,-2249.54
2025-09-27 02:00:00,-1567.5
2025-09-27 03:00:00,-1386.87
2025-09-27 04:00:00,-879.4699999999998
2025-09-27 05:00:00,-527.4200000000001
2025-09-27 06:00:00,-773.9200000000001
2025-09-27 07:00:00,-738.3600000000001
2025-09-27 08:00:00,-1222.2800000000002
2025-09-27 09:00:00,-1416.0500000000002
2025-09-27 10:00:00,-1009.7199999999998
2025-09-27 11:00:00,-953.1799999999998
2025-09-27 12:00:00,-774.9299999999998
2025-09-27 13:00:00,749.3800000000001
2025-09-27 14:00:00,646.4499999999998
2025-09-27 15:00:00,552.8299999999999
2025-09-27 16:00:00,825.7800000000002
2025-09-27 17:00:00,2124.75
2025-09-27 18:00:00,2212.54
2025-09-27 19:00:00,2169.7
2025-09-27 20:00:00,2105.18
2025-09-27 21:00:00,1202.6399999999999
2025-09-27 22:00:00,-211.01000000000022
2025-09-27 23:00:00,-1214.29
2025-09-28 00:00:00,-1575.44
2025-09-28 01:00:00,-1253.46
2025-09-28 02:00:00,-993.8400000000001
2025-09-28 03:00:00,-403.8600000000001
2025-09-28 04:00:00,-319.96000000000004
2025-09-28 05:00:00,79.09000000000015
2025-09-28 06:00:00,222.42000000000007
2025-09-28 07:00:00,314.0100000000002
2025-09-28 08:00:00,543.5999999999999
2025-09-28 09:00:00,843.19
2025-09-28 10:00:00,837.1599999999999
2025-09-28 11:00:00,652.9000000000001
2025-09-28 12:00:00,468.3699999999999
2025-09-28 13:00:00,1063.9099999999999
2025-09-28 14:00:00,1150.21
2025-09-28 15:00:00,2684.98
2025-09-28 16:00:00,2032.37
2025-09-28 17:00:00,2932.16
2025-09-28 18:00:00,1158.83
2025-09-28 19:00:00,1606.4499999999998
2025-09-28 20:00:00,1482.81
2025-09-28 21:00:00,1504.1599999999999
2025-09-28 22:00:00,1209.5500000000002
2025-09-28 23:00:00,665.98
2025-09-29 00:00:00,426.4699999999998
2025-09-29 01:00:00,1316.6100000000001
2025-09-29 02:00:00,1293.7800000000002
2025-09-29 03:00:00,2591.09
2025-09-29 04:00:00,3118.87
2025-09-29 05:00:00,3464.15
2025-09-29 06:00:00,3466.7299999999996
2025-09-29 07:00:00,2890.37
2025-09-29 08:00:00,3190.5699999999997
2025-09-29 09:00:00,3181.0
2025-09-29 10:00:00,3933.1899999999996
2025-09-29 11:00:00,3086.95
2025-09-29 12:00:00,2815.2299999999996
2025-09-29 13:00:00,894.2399999999998
2025-09-29 14:00:00,1753.1
2025-09-29 15:00:00,2228.84
2025-09-29 16:00:00,3246.0600000000004
2025-09-29 17:00:00,3665.29
2025-09-29 18:00:00,3877.2799999999997
2025-09-29 19:00:00,3546.77
2025-09-29 20:00:00,3426.52
2025-09-29 21:00:00,2987.11
2025-09-29 22:00:00,2403.71
2025-09-29 23:00:00,2134.66
2025-09-30 00:00:00,1854.65
2025-09-30 01:00:00,1592.7399999999998
2025-09-30 02:00:00,1460.17
2025-09-30 03:00:00,1854.0700000000002
2025-09-30 04:00:00,2037.0100000000002
2025-09-30 05:00:00,1767.9300000000003
2025-09-30 06:00:00,1064.8000000000002
2025-09-30 07:00:00,1348.88
2025-09-30 08:00:00,1720.8899999999999
2025-09-30 09:00:00,2056.26
2025-09-30 10:00:00,1647.4699999999998
2025-09-30 11:00:00,714.3000000000002
2025-09-30 12:00:00,215.78999999999996
2025-09-30 13:00:00,823.0100000000002
2025-09-30 14:00:00,674.19
2025-09-30 15:00:00,796.4700000000003
2025-09-30 16:00:00,2131.21
2025-09-30 17:00:00,2185.38
2025-09-30 18:00:00,2526.95
2025-09-30 19:00:00,2837.17
2025-09-30 20:00:00,3006.09
2025-09-30 21:00:00,2624.79
2025-09-30 22:00:00,2017.54
2025-09-30 23:00:00,2455.66
2025-10-01 00:00:00,2872.82
2025-10-01 01:00:00,2732.22
2025-10-01 02:00:00,2612.18
2025-10-01 03:00:00,2569.94
2025-10-01 04:00:00,2704.27
2025-10-01 05:00:00,2897.0
2025-10-01 06:00:00,2786.8999999999996
2025-10-01 07:00:00,2172.37
2025-10-01 08:00:00,1953.2600000000002
2025-10-01 09:00:00,2062.42
2025-10-01 10:00:00,2036.81
2025-10-01 11:00:00,1113.79
2025-10-01 12:00:00,2580.46
2025-10-01 13:00:00,2737.45
2025-10-01 14:00:00,2491.87
2025-10-01 15:00:00,1509.8199999999997
2025-10-01 16:00:00,2663.1800000000003
2025-10-01 17:00:00,3383.21
2025-10-01 18:00:00,3768.79
2025-10-01 19:00:00,3113.01
2025-10-01 20:00:00,2913.44
2025-10-01 21:00:00,2375.99
2025-10-01 22:00:00,1457.58
2025-10-01 23:00:00,2210.35
2025-10-02 00:00:00,2921.59
2025-10-02 01:00:00,2664.23
2025-10-02 02:00:00,2683.98
2025-10-02 03:00:00,2855.19
2025-10-02 04:00:00,2808.8
2025-10-02 05:00:00,3305.62
2025-10-02 06:00:00,3459.6499999999996
2025-10-02 07:00:00,3752.79
2025-10-02 08:00:00,3862.33
2025-10-02 09:00:00,3802.51
2025-10-02 10:00:00,4348.46
2025-10-02 11:00:00,3551.3500000000004
2025-10-02 12:00:00,4308.86
2025-10-02 13:00:00,4012.1899999999996
2025-10-02 14:00:00,4271.45
2025-10-02 15:00:00,4615.2
2025-10-02 16:00:00,4462.1
2025-10-02 17:00:00,3480.66
2025-10-02 18:00:00,3246.3100000000004
2025-10-02 19:00:00,2583.79
2025-10-02 20:00:00,2102.69
2025-10-02 21:00:00,2172.59
2025-10-02 22:00:00,1917.8400000000001
2025-10-02 23:00:00,1750.65
2025-10-03 00:00:00,2234.68
2025-10-03 01:00:00,2096.33
2025-10-03 02:00:00,1633.13
2025-10-03 03:00:00,2325.78
2025-10-03 04:00:00,1773.42
2025-10-03 05:00:00,174.6800000000003
2025-10-03 06:00:00,2102.7200000000003
2025-10-03 07:00:00,2795.25
2025-10-03 08:00:00,2274.1499999999996
2025-10-03 09:00:00,2286.1499999999996
2025-10-03 10:00:00,3143.59
2025-10-03 11:00:00,4038.55
2025-10-03 12:00:00,4358.37
2025-10-03 13:00:00,4209.25
2025-10-03 14:00:00,3593.33
2025-10-03 15:00:00,3477.16
2025-10-03 16:00:00,3865.5600000000004
2025-10-03 17:00:00,3792.09
2025-10-03 18:00:00,2904.09
2025-10-03 19:00:00,1721.12
2025-10-03 20:00:00,1279.2399999999998
2025-10-03 21:00:00,1118.44
2025-10-03 22:00:00,967.8299999999999
2025-10-03 23:00:00,463.5500000000002
2025-10-04 00:00:00,282.80999999999995
2025-10-04 01:00:00,27.139999999999873
2025-10-04 02:00:00,471.3299999999999
2025-10-04 03:00:00,739.6799999999998
2025-10-04 04:00:00,257.6300000000001
2025-10-04 05:00:00,278.1800000000003
2025-10-04 06:00:00,174.27999999999975
2025-10-04 07:00:00,550.5500000000002
2025-10-04 08:00:00,529.9799999999996
2025-10-04 09:00:00,-280.9399999999996
2025-10-04 10:00:00,-176.64999999999964
2025-10-04 11:00:00,-111.0600000000004
2025-10-04 12:00:00,-498.46000000000004
2025-10-04 13:00:00,2.25
2025-10-04 14:00:00,870.3800000000001
2025-10-04 15:00:00,1551.7200000000003
2025-10-04 16:00:00,1575.96
2025-10-04 17:00:00,1428.1800000000003
2025-10-04 18:00:00,2574.55
2025-10-04 19:00:00,3649.3100000000004
2025-10-04 20:00:00,3605.5200000000004
2025-10-04 21:00:00,3461.42
2025-10-04 22:00:00,3178.95
2025-10-04 23:00:00,2972.52
2025-10-05 00:00:00,2826.25
2025-10-05 01:00:00,2814.25
2025-10-05 02:00:00,2895.43
2025-10-05 03:00:00,2977.32
2025-10-05 04:00:00,3055.23
2025-10-05 05:00:00,3340.8999999999996
2025-10-05 06:00:00,2359.87
2025-10-05 07:00:00,2009.0299999999997
2025-10-05 08:00:00,1852.9799999999996
2025-10-05 09:00:00,2200.74
2025-10-05 10:00:00,2458.24
2025-10-05 11:00:00,2056.29
2025-10-05 12:00:00,1928.8200000000002
2025-10-05 13:00:00,2777.44
2025-10-05 14:00:00,3023.99
2025-10-05 15:00:00,3045.17
2025-10-05 16:00:00,2368.34
2025-10-05 17:00:00,3553.1899999999996
2025-10-05 18:00:00,4277.88
2025-10-05 19:00:00,3482.76
2025-10-05 20:00:00,2866.74
2025-10-05 21:00:00,1837.08
2025-10-05 22:00:00,1617.35
2025-10-05 23:00:00,1687.9699999999998
2025-10-06 00:00:00,2520.02
2025-10-06 01:00:00,1930.5700000000002
2025-10-06 02:00:00,2115.56
2025-10-06 03:00:00,3243.85
2025-10-06 04:00:00,3492.58
2025-10-06 05:00:00,4340.28
2025-10-06 06:00:00,3690.7299999999996
2025-10-06 07:00:00,3250.2700000000004
2025-10-06 08:00:00,2528.3100000000004
2025-10-06 09:00:00,2012.9799999999996
2025-10-06 10:00:00,1292.7799999999997
2025-10-06 11:00:00,188.47000000000025
2025-10-06 12:00:00,779.8599999999997
2025-10-06 13:00:00,1027.9499999999998
2025-10-06 14:00:00,1174.63
2025-10-06 15:00:00,2020.75
2025-10-06 16:00:00,2860.7299999999996
2025-10-06 17:00:00,2893.34
2025-10-06 18:00:00,3510.3100000000004
2025-10-06 19:00:00,2797.2
2025-10-06 20:00:00,1740.6400000000003
2025-10-06 21:00:00,1460.73
2025-10-06 22:00:00,996.5300000000002
2025-10-06 23:00:00,845.77
2025-10-07 00:00:00,843.0900000000001
2025-10-07 01:00:00,703.3899999999999
2025-10-07 02:00:00,748.8800000000001
2025-10-07 03:00:00,1344.5299999999997
2025-10-07 04:00:00,1742.4499999999998
2025-10-07 05:00:00,2098.1800000000003
2025-10-07 06:00:00,2137.99
2025-10-07 07:00:00,2552.83
2025-10-07 08:00:00,2532.96
2025-10-07 09:00:00,2842.2700000000004
2025-10-07 10:00:00,3317.5200000000004
2025-10-07 11:00:00,3642.1000000000004
2025-10-07 12:00:00,3645.8999999999996
2025-10-07 13:00:00,3599.6099999999997
2025-10-07 14:00:00,3358.88
2025-10-07 15:00:00,2742.0699999999997
2025-10-07 16:00:00,2813.2700000000004
2025-10-07 17:00:00,2417.7
2025-10-07 18:00:00,2250.13
2025-10-07 19:00:00,1913.5100000000002
2025-10-07 20:00:00,1399.3100000000004
2025-10-07 21:00:00,1009.0799999999999
2025-10-07 22:00:00,737.8499999999999
2025-10-07 23:00:00,931.1799999999998
2025-10-08 00:00:00,831.0900000000001
2025-10-08 01:00:00,912.1100000000001
2025-10-08 02:00:00,527.2199999999998
2025-10-08 03:00:00,596.6400000000003
2025-10-08 04:00:00,799.5200000000004
2025-10-08 05:00:00,1153.3500000000004
2025-10-08 06:00:00,1180.8999999999996
2025-10-08 07:00:00,1102.96
2025-10-08 08:00:00,1247.4300000000003
2025-10-08 09:00:00,1271.2399999999998
2025-10-08 10:00:00,975.1099999999997
2025-10-08 11:00:00,506.3800000000001
2025-10-08 12:00:00,494.39999999999964
2025-10-08 13:00:00,382.78999999999996
2025-10-08 14:00:00,-76.11999999999989
2025-10-08 15:00:00,-75.71000000000004
2025-10-08 16:00:00,-21.909999999999854
2025-10-08 17:00:00,66.73999999999978
2025-10-08 18:00:00,-182.6899999999996
2025-10-08 19:00:00,-61.0600000000004
2025-10-08 20:00:00,-26.6899999999996
2025-10-08 21:00:00,17.610000000000127
2025-10-08 22:00:00,-47.710000000000036
2025-10-08 23:00:00,98.09999999999991
2025-10-09 00:00:00,205.76000000000022
2025-10-09 01:00:00,-303.6700000000001
2025-10-09 02:00:00,-310.42999999999984
2025-10-09 03:00:00,91.14999999999964
2025-10-09 04:00:00,468.40999999999985
2025-10-09 05:00:00,986.4099999999999
2025-10-09 06:00:00,413.35000000000036
2025-10-09 07:00:00,-2002.6800000000003
2025-10-09 08:00:00,-2297.25
2025-10-09 09:00:00,-2146.5
2025-10-09 10:00:00,-2149.5200000000004
2025-10-09 11:00:00,-2239.96
2025-10-09 12:00:00,-1907.1599999999999
2025-10-09 13:00:00,-2024.0500000000002
2025-10-09 14:00:00,-1702.46
2025-10-09 15:00:00,-346.4399999999996
2025-10-09 16:00:00,1070.0200000000004
2025-10-09 17:00:00,3216.7299999999996
2025-10-09 18:00:00,2781.8599999999997
2025-10-09 19:00:00,2626.8500000000004
2025-10-09 20:00:00,2310.7200000000003
2025-10-09 21:00:00,1828.9899999999998
2025-10-09 22:00:00,1666.15
2025-10-09 23:00:00,1935.0500000000002
2025-10-10 00:00:00,1850.58
2025-10-10 01:00:00,2189.75
2025-10-10 02:00:00,2236.94
2025-10-10 03:00:00,2009.5900000000001
2025-10-10 04:00:00,1609.4099999999999
2025-10-10 05:00:00,1488.4899999999998
2025-10-10 06:00:00,926.8199999999997
2025-10-10 07:00:00,-112.4399999999996
2025-10-10 08:00:00,-43.06999999999971
2025-10-10 09:00:00,-123.69999999999982
2025-10-10 10:00:00,-264.0699999999997
2025-10-10 11:00:00,-598.5799999999999
2025-10-10 12:00:00,-1543.13
2025-10-10 13:00:00,-1385.6499999999996
2025-10-10 14:00:00,-730.8699999999999
2025-10-10 15:00:00,244.59000000000015
2025-10-10 16:00:00,1045.6599999999999
2025-10-10 17:00:00,1180.04
2025-10-10 18:00:00,844.7200000000003
2025-10-10 19:00:00,300.3599999999997
2025-10-10 20:00:00,262.7800000000002
2025-10-10 21:00:00,160.2800000000002
2025-10-10 22:00:00,-305.78999999999996
2025-10-10 23:00:00,-904.81
2025-10-11 00:00:00,-1294.23
2025-10-11 01:00:00,-829.2199999999998
2025-10-11 02:00:00,-270.0100000000002
2025-10-11 03:00:00,-346.28999999999996
2025-10-11 04:00:00,-910.6599999999999
2025-10-11 05:00:00,-1185.3199999999997
2025-10-11 06:00:00,-2008.71
2025-10-11 07:00:00,-1756.04
2025-10-11 08:00:00,-2268.42
2025-10-11 09:00:00,-1826.3100000000004
2025-10-11 10:00:00,-1325.1099999999997
2025-10-11 11:00:00,-742.6099999999997
2025-10-11 12:00:00,-728.1599999999999
2025-10-11 13:00:00,-432.85000000000036
2025-10-11 14:00:00,30.909999999999854
2025-10-11 15:00:00,2429.54
2025-10-11 16:00:00,3828.49
2025-10-11 17:00:00,2370.74
2025-10-11 18:00:00,1010.1700000000001
2025-10-11 19:00:00,704.4300000000003
2025-10-11 20:00:00,401.7199999999998
2025-10-11 21:00:00,439.67999999999984
2025-10-11 22:00:00,674.31
2025-10-11 23:00:00,1063.3899999999999
2025-10-12 00:00:00,162.3800000000001
2025-10-12 01:00:00,88.5300000000002
2025-10-12 02:00:00,294.1300000000001
2025-10-12 03:00:00,1150.44
2025-10-12 04:00:00,2001.5500000000002
2025-10-12 05:00:00,2321.88
2025-10-12 06:00:00,1519.33
2025-10-12 07:00:00,415.71000000000004
2025-10-12 08:00:00,635.5
2025-10-12 09:00:00,490.10000000000036
2025-10-12 10:00:00,40.10999999999967
2025-10-12 11:00:00,-66.82999999999993
2025-10-12 12:00:00,108.60000000000036
2025-10-12 13:00:00,233.92000000000007
2025-10-12 14:00:00,772.5
2025-10-12 15:00:00,1808.4300000000003
2025-10-12 16:00:00,2355.59
2025-10-12 17:00:00,2208.0600000000004
2025-10-12 18:00:00,2369.09
2025-10-12 19:00:00,2498.1099999999997
2025-10-12 20:00:00,1892.87
2025-10-12 21:00:00,1508.85
2025-10-12 22:00:00,1583.67
2025-10-12 23:00:00,1349.8899999999999
2025-10-13 00:00:00,1411.44
2025-10-13 01:00:00,1453.6599999999999
2025-10-13 02:00:00,1763.85
2025-10-13 03:00:00,2388.86
2025-10-13 04:00:00,2897.84
2025-10-13 05:00:00,3143.37
2025-10-13 06:00:00,2712.8199999999997
2025-10-13 07:00:00,2017.4399999999996
2025-10-13 08:00:00,459.85000000000036
2025-10-13 09:00:00,742.5799999999999
2025-10-13 10:00:00,991.1899999999996
2025-10-13 11:00:00,1019.6800000000003
2025-10-13 12:00:00,792.6400000000003
2025-10-13 13:00:00,733.8500000000004
2025-10-13 14:00:00,267.89999999999964
2025-10-13 15:00:00,1129.7299999999996
2025-10-13 16:00:00,1889.2600000000002
2025-10-13 17:00:00,2132.25
2025-10-13 18:00:00,2243.12
2025-10-13 19:00:00,1752.17
2025-10-13 20:00:00,1805.9899999999998
2025-10-13 21:00:00,2079.03
2025-10-13 22:00:00,2368.6
2025-10-13 23:00:00,2755.74
2025-10-14 00:00:00,2943.17
2025-10-14 01:00:00,3178.0
2025-10-14 02:00:00,3232.14
2025-10-14 03:00:00,3699.04
2025-10-14 04:00:00,4070.6099999999997
2025-10-14 05:00:00,4199.14
2025-10-14 06:00:00,2247.01
2025-10-14 07:00:00,2250.58
2025-10-14 08:00:00,1919.96
2025-10-14 09:00:00,2477.5
2025-10-14 10:00:00,2555.6000000000004
2025-10-14 11:00:00,1905.6800000000003
2025-10-14 12:00:00,1355.7399999999998
2025-10-14 13:00:00,1202.9899999999998
2025-10-14 14:00:00,1210.12
2025-10-14 15:00:00,2131.0200000000004
2025-10-14 16:00:00,3442.2799999999997
2025-10-14 17:00:00,3890.17
2025-10-14 18:00:00,3055.38
2025-10-14 19:00:00,2983.38
2025-10-14 20:00:00,3026.83
2025-10-14 21:00:00,2860.7
2025-10-14 22:00:00,2917.01
2025-10-14 23:00:00,3114.36
2025-10-15 00:00:00,2894.32
2025-10-15 01:00:00,2583.04
2025-10-15 02:00:00,2762.75
2025-10-15 03:00:00,3542.59
2025-10-15 04:00:00,4066.91
2025-10-15 05:00:00,4312.19
2025-10-15 06:00:00,3890.6499999999996
2025-10-15 07:00:00,3597.59
2025-10-15 08:00:00,3150.42
2025-10-15 09:00:00,2720.3599999999997
2025-10-15 10:00:00,2480.2799999999997
2025-10-15 11:00:00,2328.8599999999997
2025-10-15 12:00:00,2526.2799999999997
2025-10-15 13:00:00,2472.3
2025-10-15 14:00:00,2515.1499999999996
2025-10-15 15:00:00,3836.41
2025-10-15 16:00:00,4290.2
2025-10-15 17:00:00,3365.0699999999997
2025-10-15 18:00:00,4199.79
2025-10-15 19:00:00,3478.16
2025-10-15 20:00:00,3485.45
2025-10-15 21:00:00,3149.06
2025-10-15 22:00:00,3192.15
2025-10-15 23:00:00,3110.79
2025-10-16 00:00:00,3040.54
2025-10-16 01:00:00,3191.72
2025-10-16 02:00:00,3360.88
2025-10-16 03:00:00,3721.04
2025-10-16 04:00:00,3699.87
2025-10-16 05:00:00,3389.1000000000004
2025-10-16 06:00:00,3200.7299999999996
2025-10-16 07:00:00,1705.3100000000004
2025-10-16 08:00:00,643.1599999999999
2025-10-16 09:00:00,1024.7399999999998
2025-10-16 10:00:00,1061.4499999999998
2025-10-16 11:00:00,639.1999999999998
2025-10-16 12:00:00,1006.3100000000004
2025-10-16 13:00:00,693.9200000000001
2025-10-16 14:00:00,665.8000000000002
2025-10-16 15:00:00,1784.7600000000002
2025-10-16 16:00:00,1983.75
2025-10-16 17:00:00,2385.1800000000003
2025-10-16 18:00:00,2846.0200000000004
2025-10-16 19:00:00,2263.45
2025-10-16 20:00:00,1770.5
2025-10-16 21:00:00,1346.31
2025-10-16 22:00:00,732.4899999999998
2025-10-16 23:00:00,503.78999999999996
2025-10-17 00:00:00,1196.62
2025-10-17 01:00:00,434.9000000000001
2025-10-17 02:00:00,583.3600000000001
2025-10-17 03:00:00,979.1800000000003
2025-10-17 04:00:00,1403.3100000000004
2025-10-17 05:00:00,1561.2299999999996
2025-10-17 06:00:00,1537.46
2025-10-17 07:00:00,237.90999999999985
2025-10-17 08:00:00,-30.779999999999745
2025-10-17 09:00:00,189.60999999999967
2025-10-17 10:00:00,870.4200000000001
2025-10-17 11:00:00,1075.9300000000003
2025-10-17 12:00:00,1893.3000000000002
2025-10-17 13:00:00,1469.2600000000002
2025-10-17 14:00:00,2160.1099999999997
2025-10-17 15:00:00,2611.0
2025-10-17 16:00:00,3095.12
2025-10-17 17:00:00,2741.91
2025-10-17 18:00:00,2470.5600000000004
2025-10-17 19:00:00,2395.5
2025-10-17 20:00:00,2205.1
2025-10-17 21:00:00,1923.3000000000002
2025-10-17 22:00:00,1767.92
2025-10-17 23:00:00,1503.3600000000001
2025-10-18 00:00:00,2155.88
2025-10-18 01:00:00,1403.9299999999998
2025-10-18 02:00:00,1635.79
2025-10-18 03:00:00,1840.65
2025-10-18 04:00:00,2067.09
2025-10-18 05:00:00,2709.0200000000004
2025-10-18 06:00:00,3451.0600000000004
2025-10-18 07:00:00,3497.2799999999997
2025-10-18 08:00:00,3513.33
2025-10-18 09:00:00,3573.05
2025-10-18 10:00:00,3904.0699999999997
2025-10-18 11:00:00,4145.54
2025-10-18 12:00:00,3600.04
2025-10-18 13:00:00,3655.8199999999997
2025-10-18 14:00:00,3422.13
2025-10-18 15:00:00,3687.4399999999996
2025-10-18 16:00:00,3250.1499999999996
2025-10-18 17:00:00,2078.05
2025-10-18 18:00:00,1053.3999999999996
2025-10-18 19:00:00,230.52999999999975
2025-10-18 20:00:00,-39.11999999999989
2025-10-18 21:00:00,242.57000000000016
2025-10-18 22:00:00,700.21
2025-10-18 23:00:00,532.06
2025-10-19 00:00:00,967.2600000000002
2025-10-19 01:00:00,765.19
2025-10-19 02:00:00,652.04
2025-10-19 03:00:00,514.8600000000001
2025-10-19 04:00:00,712.71
2025-10-19 05:00:00,1293.5700000000002
2025-10-19 06:00:00,748.0799999999999
2025-10-19 07:00:00,396.1400000000003
2025-10-19 08:00:00,32.100000000000364
2025-10-19 09:00:00,-236.84000000000015
2025-10-19 10:00:00,-334.14999999999964
2025-10-19 11:00:00,-359.7399999999998
2025-10-19 12:00:00,149.80000000000018
2025-10-19 13:00:00,85.84000000000015
2025-10-19 14:00:00,562.5100000000002
2025-10-19 15:00:00,2122.3199999999997
2025-10-19 16:00:00,2778.66
2025-10-19 17:00:00,3300.5299999999997
2025-10-19 18:00:00,3737.5600000000004
2025-10-19 19:00:00,3963.01
2025-10-19 20:00:00,3886.6800000000003
2025-10-19 21:00:00,3587.29
2025-10-19 22:00:00,3299.39
2025-10-19 23:00:00,3230.23
2025-10-20 00:00:00,3566.64
2025-10-20 01:00:00,3221.87
2025-10-20 02:00:00,3059.44
2025-10-20 03:00:00,3721.21
2025-10-20 04:00:00,4061.0699999999997
2025-10-20 05:00:00,4155.48
2025-10-20 06:00:00,3515.84
2025-10-20 07:00:00,2829.7
2025-10-20 08:00:00,2231.8999999999996
2025-10-20 09:00:00,1784.5600000000004
2025-10-20 10:00:00,1658.87
2025-10-20 11:00:00,1566.96
2025-10-20 12:00:00,1633.83
2025-10-20 13:00:00,1254.4899999999998
2025-10-20 14:00:00,1785.42
2025-10-20 15:00:00,3756.3599999999997
2025-10-20 16:00:00,3681.08
2025-10-20 17:00:00,3109.09
2025-10-20 18:00:00,3095.9300000000003
2025-10-20 19:00:00,2470.21
2025-10-20 20:00:00,2540.3500000000004
2025-10-20 21:00:00,2401.82
2025-10-20 22:00:00,2304.6
2025-10-20 23:00:00,2322.89
2025-10-21 00:00:00,3372.44
2025-10-21 01:00:00,2355.35
2025-10-21 02:00:00,2284.3
2025-10-21 03:00:00,2874.04
2025-10-21 04:00:00,3086.37
2025-10-21 05:00:00,3392.1099999999997
2025-10-21 06:00:00,3248.46
2025-10-21 07:00:00,2189.45
2025-10-21 08:00:00,1830.2200000000003
2025-10-21 09:00:00,1665.08
2025-10-21 10:00:00,1468.2799999999997
2025-10-21 11:00:00,1050.0299999999997
2025-10-21 12:00:00,653.6099999999997
2025-10-21 13:00:00,1114.9899999999998
2025-10-21 14:00:00,1646.0500000000002
2025-10-21 15:00:00,1983.71
2025-10-21 16:00:00,2719.6499999999996
2025-10-21 17:00:00,2680.91
2025-10-21 18:00:00,3214.6400000000003
2025-10-21 19:00:00,2759.37
2025-10-21 20:00:00,2697.6800000000003
2025-10-21 21:00:00,2705.07
2025-10-21 22:00:00,2593.46
2025-10-21 23:00:00,2355.1
2025-10-22 00:00:00,2885.27
2025-10-22 01:00:00,2596.24
2025-10-22 02:00:00,2384.18
2025-10-22 03:00:00,2619.05
2025-10-22 04:00:00,3132.1499999999996
2025-10-22 05:00:00,3410.8100000000004
2025-10-22 06:00:00,2878.3999999999996
2025-10-22 07:00:00,2295.96
2025-10-22 08:00:00,1947.8500000000004
2025-10-22 09:00:00,1462.88
2025-10-22 10:00:00,1013.71
2025-10-22 11:00:00,2006.9899999999998
2025-10-22 12:00:00,1779.5200000000004
2025-10-22 13:00:00,2308.0299999999997
2025-10-22 14:00:00,2432.8
2025-10-22 15:00:00,3436.76
2025-10-22 16:00:00,3421.63
2025-10-22 17:00:00,3592.2
2025-10-22 18:00:00,4314.55
2025-10-22 19:00:00,3355.45
2025-10-22 20:00:00,2803.42
2025-10-22 21:00:00,2428.27
2025-10-22 22:00:00,2221.03
2025-10-22 23:00:00,1965.9099999999999
2025-10-23 00:00:00,2527.07
2025-10-23 01:00:00,2583.15
2025-10-23 02:00:00,2285.25
2025-10-23 03:00:00,2724.71
2025-10-23 04:00:00,3348.6400000000003
2025-10-23 05:00:00,3704.2
2025-10-23 06:00:00,3156.3999999999996
2025-10-23 07:00:00,2252.2200000000003
2025-10-23 08:00:00,1825.1800000000003
2025-10-23 09:00:00,1918.9099999999999
2025-10-23 10:00:00,1343.8000000000002
2025-10-23 11:00:00,1764.9499999999998
2025-10-23 12:00:00,2167.38
2025-10-23 13:00:00,2076.48
2025-10-23 14:00:00,1971.0900000000001
2025-10-23 15:00:00,2641.5200000000004
2025-10-23 16:00:00,2681.6499999999996
2025-10-23 17:00:00,3887.0200000000004
2025-10-23 18:00:00,3885.3
2025-10-23 19:00:00,2655.88
2025-10-23 20:00:00,2839.47
2025-10-23 21:00:00,1909.0900000000001
2025-10-23 22:00:00,1698.8600000000001
2025-10-23 23:00:00,1290.1799999999998
2025-10-24 00:00:00,1886.1999999999998
2025-10-24 01:00:00,1649.0
2025-10-24 02:00:00,1181.9699999999998
2025-10-24 03:00:00,1532.92
2025-10-24 04:00:00,1356.08
2025-10-24 05:00:00,1377.8199999999997
2025-10-24 06:00:00,777.5700000000002
2025-10-24 07:00:00,752.3200000000002
2025-10-24 08:00:00,1532.46
2025-10-24 09:00:00,2117.62
2025-10-24 10:00:00,2377.72
2025-10-24 11:00:00,1416.56
2025-10-24 12:00:00,220.26999999999998
2025-10-24 13:00:00,-2114.87
2025-10-24 14:00:00,-2219.35
2025-10-24 15:00:00,313.1300000000001
2025-10-24 16:00:00,1078.0699999999997
2025-10-24 17:00:00,990.0600000000004
2025-10-24 18:00:00,1029.54
2025-10-24 19:00:00,2103.02
2025-10-24 20:00:00,2095.21
2025-10-24 21:00:00,1888.0500000000002
2025-10-24 22:00:00,2231.7
2025-10-24 23:00:00,2569.44
2025-10-25 00:00:00,2132.15
2025-10-25 01:00:00,2637.86
2025-10-25 02:00:00,2875.06
2025-10-25 03:00:00,3101.79
2025-10-25 04:00:00,3435.39
2025-10-25 05:00:00,3757.83
2025-10-25 06:00:00,2228.03
2025-10-25 07:00:00,1828.8000000000002
2025-10-25 08:00:00,1195.9299999999998
2025-10-25 09:00:00,1065.35
2025-10-25 10:00:00,1279.6599999999999
2025-10-25 11:00:00,2168.54
2025-10-25 12:00:00,235.42999999999984
2025-10-25 13:00:00,381.6500000000001
2025-10-25 14:00:00,1294.8000000000002
2025-10-25 15:00:00,2598.71
2025-10-25 16:00:00,3727.38
2025-10-25 17:00:00,3789.4399999999996
2025-10-25 18:00:00,3778.15
2025-10-25 19:00:00,3745.84
2025-10-25 20:00:00,3282.86
2025-10-25 21:00:00,2967.38
2025-10-25 22:00:00,2403.71
2025-10-25 23:00:00,2059.05
2025-10-26 00:00:00,1221.2800000000002
2025-10-26 01:00:00,-961.16
2025-10-26 02:00:00,1233.2800000000002
2025-10-26 03:00:00,-1129.1599999999999
2025-10-26 04:00:00,1207.3000000000002
2025-10-26 05:00:00,584.0300000000002
2025-10-26 06:00:00,1852.2299999999996
2025-10-26 07:00:00,2435.12
2025-10-26 08:00:00,2224.6000000000004
2025-10-26 09:00:00,2304.9300000000003
2025-10-26 10:00:00,2376.6800000000003
2025-10-26 11:00:00,1695.96
2025-10-26 12:00:00,2406.7700000000004
2025-10-26 13:00:00,2163.3900000000003
2025-10-26 14:00:00,2560.55
2025-10-26 15:00:00,2327.24
2025-10-26 16:00:00,3238.7299999999996
2025-10-26 17:00:00,2649.7299999999996
2025-10-26 18:00:00,2306.49
2025-10-26 19:00:00,2108.2299999999996
2025-10-26 20:00:00,1583.29
2025-10-26 21:00:00,1941.54
2025-10-26 22:00:00,1328.2600000000002
2025-10-26 23:00:00,240.3699999999999
2025-10-27 00:00:00,672.0
2025-10-27 01:00:00,934.9099999999999
2025-10-27 02:00:00,328.07000000000016
2025-10-27 03:00:00,1348.3200000000002
2025-10-27 04:00:00,676.5300000000002
2025-10-27 05:00:00,482.4200000000001
2025-10-27 06:00:00,2127.87
2025-10-27 07:00:00,2002.1999999999998
2025-10-27 08:00:00,2380.3500000000004
2025-10-27 09:00:00,999.8800000000001
2025-10-27 10:00:00,874.21
2025-10-27 11:00:00,643.2700000000004
2025-10-27 12:00:00,-1034.12
2025-10-27 13:00:00,-220.78999999999996
2025-10-27 14:00:00,423.6800000000003
2025-10-27 15:00:00,1904.29
2025-10-27 16:00:00,3221.4399999999996
2025-10-27 17:00:00,4631.46
2025-10-27 18:00:00,4589.64
2025-10-27 19:00:00,4181.98
2025-10-27 20:00:00,3774.2799999999997
2025-10-27 21:00:00,3409.23
2025-10-27 22:00:00,2511.63
2025-10-27 23:00:00,2394.8
2025-10-28 00:00:00,2317.95
2025-10-28 01:00:00,3180.05
2025-10-28 02:00:00,3474.61
2025-10-28 03:00:00,3534.53
2025-10-28 04:00:00,3275.5600000000004
2025-10-28 05:00:00,2720.4700000000003
2025-10-28 06:00:00,2238.8599999999997
2025-10-28 07:00:00,2248.5299999999997
2025-10-28 08:00:00,1928.8400000000001
2025-10-28 09:00:00,1261.5900000000001
2025-10-28 10:00:00,309.27999999999975
2025-10-28 11:00:00,-444.8100000000004
2025-10-28 12:00:00,-1081.4099999999999
2025-10-28 13:00:00,-1077.1800000000003
2025-10-28 14:00:00,-64.47999999999956
2025-10-28 15:00:00,1106.4300000000003
2025-10-28 16:00:00,1900.3999999999996
2025-10-28 17:00:00,1998.2299999999996
2025-10-28 18:00:00,2675.9799999999996
2025-10-28 19:00:00,3213.7
2025-10-28 20:00:00,3421.1000000000004
2025-10-28 21:00:00,3623.21
2025-10-28 22:00:00,3695.03
2025-10-28 23:00:00,3403.72
2025-10-29 00:00:00,3234.82
2025-10-29 01:00:00,3451.82
2025-10-29 02:00:00,3175.54
2025-10-29 03:00:00,3097.92
2025-10-29 04:00:00,3790.04
2025-10-29 05:00:00,4118.44
2025-10-29 06:00:00,3372.59
2025-10-29 07:00:00,2538.5699999999997
2025-10-29 08:00:00,1850.08
2025-10-29 09:00:00,2032.3400000000001
2025-10-29 10:00:00,1855.7299999999996
2025-10-29 11:00:00,2030.75
2025-10-29 12:00:00,2458.1000000000004
2025-10-29 13:00:00,2650.41
2025-10-29 14:00:00,2567.45
2025-10-29 15:00:00,3101.75
2025-10-29 16:00:00,3956.2
2025-10-29 17:00:00,4272.78
2025-10-29 18:00:00,4386.86
2025-10-29 19:00:00,3973.79
2025-10-29 20:00:00,3578.6099999999997
2025-10-29 21:00:00,3323.6499999999996
2025-10-29 22:00:00,2900.87
2025-10-29 23:00:00,2592.35
2025-10-30 00:00:00,2759.9
2025-10-30 01:00:00,2532.19
2025-10-30 02:00:00,2767.72
2025-10-30 03:00:00,2599.06
2025-10-30 04:00:00,2769.3199999999997
2025-10-30 05:00:00,3441.42
2025-10-30 06:00:00,3313.1800000000003
2025-10-30 07:00:00,2270.6400000000003
2025-10-30 08:00:00,1997.9899999999998
2025-10-30 09:00:00,1932.3500000000004
2025-10-30 10:00:00,1551.2799999999997
2025-10-30 11:00:00,1204.5100000000002
2025-10-30 12:00:00,1087.4799999999996
2025-10-30 13:00:00,1805.7299999999996
2025-10-30 14:00:00,2151.2700000000004
2025-10-30 15:00:00,3012.25
2025-10-30 16:00:00,3754.38
2025-10-30 17:00:00,4514.25
2025-10-30 18:00:00,4676.42
2025-10-30 19:00:00,4463.09
2025-10-30 20:00:00,3968.17
2025-10-30 21:00:00,3745.21
2025-10-30 22:00:00,3485.66
2025-10-30 23:00:00,3336.27
2025-10-31 00:00:00,3329.86
2025-10-31 01:00:00,3186.42
2025-10-31 02:00:00,3599.49
2025-10-31 03:00:00,3428.52
2025-10-31 04:00:00,3655.7299999999996
2025-10-31 05:00:00,4015.4399999999996
2025-10-31 06:00:00,4643.92
2025-10-31 07:00:00,3796.75
2025-10-31 08:00:00,3850.8599999999997
2025-10-31 09:00:00,3451.6099999999997
2025-10-31 10:00:00,3665.6899999999996
2025-10-31 11:00:00,3931.7200000000003
2025-10-31 12:00:00,3959.3100000000004
2025-10-31 13:00:00,4041.74
2025-10-31 14:00:00,3954.1800000000003
2025-10-31 15:00:00,4014.04
2025-10-31 16:00:00,4656.95
2025-10-31 17:00:00,4849.52
2025-10-31 18:00:00,4574.51
2025-10-31 19:00:00,4355.48
2025-10-31 20:00:00,4154.29
2025-10-31 21:00:00,4027.3
2025-10-31 22:00:00,3639.95
2025-10-31 23:00:00,3302.12
2025-11-01 00:00:00,3247.5
2025-11-01 01:00:00,3168.94
2025-11-01 02:00:00,3166.49
2025-11-01 03:00:00,3402.23
2025-11-01 04:00:00,3620.92
2025-11-01 05:00:00,3875.35
2025-11-01 06:00:00,4005.17
2025-11-01 07:00:00,3565.4
2025-11-01 08:00:00,3223.1
2025-11-01 09:00:00,3103.79
2025-11-01 10:00:00,3117.1
2025-11-01 11:00:00,3295.32
2025-11-01 12:00:00,3150.86
2025-11-01 13:00:00,3345.03
2025-11-01 14:00:00,3617.12
2025-11-01 15:00:00,3170.9700000000003
2025-11-01 16:00:00,2500.91
2025-11-01 17:00:00,2552.0299999999997
2025-11-01 18:00:00,2884.4300000000003
2025-11-01 19:00:00,2313.64
2025-11-01 20:00:00,2824.83
2025-11-01 21:00:00,3162.53
2025-11-01 22:00:00,2838.75
2025-11-01 23:00:00,2372.18
2025-11-02 00:00:00,2695.02
2025-11-02 01:00:00,2386.47
2025-11-02 02:00:00,2545.11
2025-11-02 03:00:00,2469.8
2025-11-02 04:00:00,2774.18
2025-11-02 05:00:00,2887.23
2025-11-02 06:00:00,3280.28
2025-11-02 07:00:00,2277.6099999999997
2025-11-02 08:00:00,2591.7200000000003
2025-11-02 09:00:00,2593.37
2025-11-02 10:00:00,2490.3599999999997
2025-11-02 11:00:00,2226.12
2025-11-02 12:00:00,1828.3400000000001
2025-11-02 13:00:00,1954.0
2025-11-02 14:00:00,2109.15
2025-11-02 15:00:00,1956.37
2025-11-02 16:00:00,2411.33
2025-11-02 17:00:00,2477.25
2025-11-02 18:00:00,3113.9799999999996
2025-11-02 19:00:00,2307.1899999999996
2025-11-02 20:00:00,2256.98
2025-11-02 21:00:00,1978.7600000000002
2025-11-02 22:00:00,2001.0
2025-11-02 23:00:00,1657.98
2025-11-03 00:00:00,1988.15
2025-11-03 01:00:00,1792.2199999999998
2025-11-03 02:00:00,1947.5100000000002
2025-11-03 03:00:00,2060.77
2025-11-03 04:00:00,2751.06
2025-11-03 05:00:00,3142.6400000000003
2025-11-03 06:00:00,3417.0699999999997
2025-11-03 07:00:00,2392.8900000000003
2025-11-03 08:00:00,2381.71
2025-11-03 09:00:00,2357.66
2025-11-03 10:00:00,1984.0600000000004
2025-11-03 11:00:00,2198.2799999999997
2025-11-03 12:00:00,2360.37
2025-11-03 13:00:00,2047.1099999999997
2025-11-03 14:00:00,2092.1099999999997
2025-11-03 15:00:00,2654.8100000000004
2025-11-03 16:00:00,4064.76
2025-11-03 17:00:00,4352.3
2025-11-03 18:00:00,4557.99
2025-11-03 19:00:00,3150.0699999999997
2025-11-03 20:00:00,1955.88
2025-11-03 21:00:00,-271.17999999999984
2025-11-03 22:00:00,-845.27
2025-11-03 23:00:00,-1259.52
2025-11-04 00:00:00,-911.6999999999998
2025-11-04 01:00:00,-1184.92
2025-11-04 02:00:00,-1028.1399999999999
2025-11-04 03:00:00,-750.77
2025-11-04 04:00:00,-655.8000000000002
2025-11-04 05:00:00,126.81999999999971
2025-11-04 06:00:00,-34.92000000000007
2025-11-04 07:00:00,603.8500000000004
2025-11-04 08:00:00,768.2600000000002
2025-11-04 09:00:00,1368.6099999999997
2025-11-04 10:00:00,1205.7700000000004
2025-11-04 11:00:00,1295.6800000000003
2025-11-04 12:00:00,1896.1599999999999
2025-11-04 13:00:00,1964.75
2025-11-04 14:00:00,1780.08
2025-11-04 15:00:00,2240.3500000000004
2025-11-04 16:00:00,2433.59
2025-11-04 17:00:00,2384.76
2025-11-04 18:00:00,2254.9399999999996
2025-11-04 19:00:00,2128.6499999999996
2025-11-04 20:00:00,1622.5
2025-11-04 21:00:00,1642.7600000000002
2025-11-04 22:00:00,1662.54
2025-11-04 23:00:00,1757.81
2025-11-05 00:00:00,2013.35
2025-11-05 01:00:00,2208.88
2025-11-05 02:00:00,2101.54
2025-11-05 03:00:00,2234.36
2025-11-05 04:00:00,2709.2700000000004
2025-11-05 05:00:00,3241.05
2025-11-05 06:00:00,3448.83
2025-11-05 07:00:00,3938.91
2025-11-05 08:00:00,4124.32
2025-11-05 09:00:00,4831.38
2025-11-05 10:00:00,4674.04
2025-11-05 11:00:00,4695.59
2025-11-05 12:00:00,4377.31
2025-11-05 13:00:00,4148.07
2025-11-05 14:00:00,4030.63
2025-11-05 15:00:00,4189.74
2025-11-05 16:00:00,4325.45
2025-11-05 17:00:00,4520.48
2025-11-05 18:00:00,4182.19
2025-11-05 19:00:00,3950.87
2025-11-05 20:00:00,3762.9399999999996
2025-11-05 21:00:00,3330.8500000000004
2025-11-05 22:00:00,3139.38212
2025-11-05 23:00:00,2731.04073
2025-11-06 00:00:00,2718.37207
2025-11-06 01:00:00,2493.95015
2025-11-06 02:00:00,2566.98163
2025-11-06 03:00:00,2312.68608
2025-11-06 04:00:00,2479.0241100000003
2025-11-06 05:00:00,2416.2189799999996
2025-11-06 06:00:00,2425.1381899999997
2025-11-06 07:00:00,1730.5037199999997
2025-11-06 08:00:00,1560.0991700000004
2025-11-06 09:00:00,1127.16824
2025-11-06 10:00:00,960.7098800000003
2025-11-06 11:00:00,1255.31268
2025-11-06 12:00:00,1471.3609699999997
2025-11-06 13:00:00,1276.1174099999998
2025-11-06 14:00:00,1565.8549999999996
2025-11-06 15:00:00,2115.2082200000004
2025-11-06 16:00:00,2641.20643
2025-11-06 17:00:00,2448.6061099999997
2025-11-06 18:00:00,3445.9901200000004
2025-11-06 19:00:00,2797.3746
2025-11-06 20:00:00,2445.72638
2025-11-06 21:00:00,1905.9660999999996
2025-11-06 22:00:00,1450.7350499999998
2025-11-06 23:00:00,1158.7964200000001
2025-11-07 00:00:00,1787.1481899999999
2025-11-07 01:00:00,1801.9471199999998
2025-11-07 02:00:00,1903.5808499999998
2025-11-07 03:00:00,1845.38197
2025-11-07 04:00:00,1999.2060899999997
2025-11-07 05:00:00,2076.49935
2025-11-07 06:00:00,2597.99021
2025-11-07 07:00:00,2643.0663000000004
2025-11-07 08:00:00,1620.7289
2025-11-07 09:00:00,989.4519799999998
2025-11-07 10:00:00,770.2494100000004
2025-11-07 11:00:00,426.8179
2025-11-07 12:00:00,1414.0456599999998
2025-11-07 13:00:00,710.4097000000002
2025-11-07 14:00:00,835.8214900000003
2025-11-07 15:00:00,1283.7148100000004
2025-11-07 16:00:00,1478.3629
2025-11-07 17:00:00,1510.17227
2025-11-07 18:00:00,2150.93951
2025-11-07 19:00:00,1449.0794699999997
2025-11-07 20:00:00,1405.5084299999999
2025-11-07 21:00:00,1032.4780300000002
2025-11-07 22:00:00,731.0544
2025-11-07 23:00:00,521.3264300000001
2025-11-08 00:00:00,702.9809599999999
2025-11-08 01:00:00,-14.618440000000192
2025-11-08 02:00:00,252.2583199999999
2025-11-08 03:00:00,681.09233
2025-11-08 04:00:00,686.4178499999998
2025-11-08 05:00:00,632.4586100000001
2025-11-08 06:00:00,1527.8875399999997
2025-11-08 07:00:00,586.4865300000001
2025-11-08 08:00:00,641.8540800000001
2025-11-08 09:00:00,718.4347500000003
2025-11-08 10:00:00,30.509680000000117
2025-11-08 11:00:00,1254.6599699999997
2025-11-08 12:00:00,1951.4993299999996
2025-11-08 13:00:00,2046.4192000000003
2025-11-08 14:00:00,2041.9495100000004
2025-11-08 15:00:00,3288.81458
2025-11-08 16:00:00,3671.9713199999997
2025-11-08 17:00:00,3710.86392
2025-11-08 18:00:00,3775.23042
2025-11-08 19:00:00,3201.34231
2025-11-08 20:00:00,3714.2479999999996
2025-11-08 21:00:00,3527.01258
2025-11-08 22:00:00,3094.19268
2025-11-08 23:00:00,2595.80186
2025-11-09 00:00:00,2899.63634
2025-11-09 01:00:00,2818.45067
2025-11-09 02:00:00,1937.6217299999998
2025-11-09 03:00:00,2314.93035
2025-11-09 04:00:00,2431.76497
2025-11-09 05:00:00,3106.17664
2025-11-09 06:00:00,2566.74445
2025-11-09 07:00:00,2577.5626700000003
2025-11-09 08:00:00,2921.9196599999996
2025-11-09 09:00:00,2694.0725899999998
2025-11-09 10:00:00,2651.4518799999996
2025-11-09 11:00:00,2248.9668
2025-11-09 12:00:00,2322.8415699999996
2025-11-09 13:00:00,2477.5064199999997
2025-11-09 14:00:00,2760.61269
2025-11-09 15:00:00,4609.41651
2025-11-09 16:00:00,4305.08567
2025-11-09 17:00:00,3227.59835
2025-11-09 18:00:00,3210.5421399999996
2025-11-09 19:00:00,2452.62994
2025-11-09 20:00:00,2034.97743
2025-11-09 21:00:00,1558.70579
2025-11-09 22:00:00,1787.4390600000002
2025-11-09 23:00:00,1969.0727299999999
2025-11-10 00:00:00,2314.2328
2025-11-10 01:00:00,1407.2155200000002
2025-11-10 02:00:00,1245.60378
2025-11-10 03:00:00,1385.97892
2025-11-10 04:00:00,1528.73688
2025-11-10 05:00:00,3054.05577
2025-11-10 06:00:00,3895.1835899999996
2025-11-10 07:00:00,3447.7662
2025-11-10 08:00:00,2971.6188899999997
2025-11-10 09:00:00,2387.46716
2025-11-10 10:00:00,1945.85196
2025-11-10 11:00:00,1805.6853899999996
2025-11-10 12:00:00,1558.5836900000004
2025-11-10 13:00:00,1009.7670500000004
2025-11-10 14:00:00,2314.19175
2025-11-10 15:00:00,4304.69539
2025-11-10 16:00:00,4453.00977
2025-11-10 17:00:00,3957.3223099999996
2025-11-10 18:00:00,4384.14937
2025-11-10 19:00:00,4210.47291
2025-11-10 20:00:00,3288.73503
2025-11-10 21:00:00,3686.7376
2025-11-10 22:00:00,3523.32135
2025-11-10 23:00:00,2378.11176
2025-11-11 00:00:00,2275.36008
2025-11-11 01:00:00,1484.78102
2025-11-11 02:00:00,-536.7985199999998
2025-11-11 03:00:00,-1228.4189500000002
2025-11-11 04:00:00,-646.1321600000001
2025-11-11 05:00:00,32.36739000000034
2025-11-11 06:00:00,395.0816299999997
2025-11-11 07:00:00,719.7715200000002
2025-11-11 08:00:00,1003.3539799999999
2025-11-11 09:00:00,746.3119399999996
2025-11-11 10:00:00,1244.0629200000003
2025-11-11 11:00:00,1419.16943
2025-11-11 12:00:00,-140.29861999999957
2025-11-11 13:00:00,-446.82744999999977
2025-11-11 14:00:00,-182.68321000000014
2025-11-11 15:00:00,670.4522999999999
2025-11-11 16:00:00,1311.6320400000004
2025-11-11 17:00:00,1769.7403400000003
2025-11-11 18:00:00,2049.1621299999997
2025-11-11 19:00:00,2033.55678
2025-11-11 20:00:00,2203.79651
2025-11-11 21:00:00,2244.4484700000003
2025-11-11 22:00:00,2026.93341
2025-11-11 23:00:00,1908.4002300000002
2025-11-12 00:00:00,2132.81314
2025-11-12 01:00:00,2420.76368
2025-11-12 02:00:00,2693.45836
2025-11-12 03:00:00,2733.96343
2025-11-12 04:00:00,3026.4707799999996
2025-11-12 05:00:00,3629.2664800000002
2025-11-12 06:00:00,3756.1148599999997
2025-11-12 07:00:00,3385.58669
2025-11-12 08:00:00,2969.90096
2025-11-12 09:00:00,2415.9245199999996
2025-11-12 10:00:00,2212.48499
2025-11-12 11:00:00,2265.1771200000003
2025-11-12 12:00:00,2633.29137
2025-11-12 13:00:00,2721.64998
2025-11-12 14:00:00,4171.44028
2025-11-12 15:00:00,4766.28692
2025-11-12 16:00:00,4989.90186
2025-11-12 17:00:00,5008.05433
2025-11-12 18:00:00,4717.82981
2025-11-12 19:00:00,4425.97478
2025-11-12 20:00:00,4235.15895
2025-11-12 21:00:00,4035.3536599999998
2025-11-12 22:00:00,3719.26144
2025-11-12 23:00:00,3438.51131
2025-11-13 00:00:00,3647.71758
2025-11-13 01:00:00,3590.62437
2025-11-13 02:00:00,3717.36864
2025-11-13 03:00:00,3507.53031
2025-11-13 04:00:00,4037.67713
2025-11-13 05:00:00,4236.89136
2025-11-13 06:00:00,4464.85781
2025-11-13 07:00:00,3786.13037
2025-11-13 08:00:00,3940.50623
2025-11-13 09:00:00,3638.34688
2025-11-13 10:00:00,3150.9856099999997
2025-11-13 11:00:00,3326.59637
2025-11-13 12:00:00,3010.1074200000003
2025-11-13 13:00:00,2795.8245699999998
2025-11-13 14:00:00,3840.9971699999996
2025-11-13 15:00:00,4661.86725
2025-11-13 16:00:00,5038.82462
2025-11-13 17:00:00,4968.37451
2025-11-13 18:00:00,4768.36533
2025-11-13 19:00:00,4672.28215
2025-11-13 20:00:00,4403.78705
2025-11-13 21:00:00,3948.1423800000002
2025-11-13 22:00:00,3656.18349
2025-11-13 23:00:00,3403.10914
2025-11-14 00:00:00,3537.95588
2025-11-14 01:00:00,3598.0850499999997
2025-11-14 02:00:00,3653.46255
2025-11-14 03:00:00,3659.2691400000003
2025-11-14 04:00:00,4089.5431500000004
2025-11-14 05:00:00,4329.82213
2025-11-14 06:00:00,4586.81221
2025-11-14 07:00:00,3815.12493
2025-11-14 08:00:00,3699.11733
2025-11-14 09:00:00,3541.2132600000004
2025-11-14 10:00:00,3702.3330699999997
2025-11-14 11:00:00,3588.35566
2025-11-14 12:00:00,3861.7733900000003
2025-11-14 13:00:00,3965.02823
2025-11-14 14:00:00,4080.23297
2025-11-14 15:00:00,4656.34048
2025-11-14 16:00:00,5082.63957
2025-11-14 17:00:00,5159.61022
2025-11-14 18:00:00,4908.33445
2025-11-14 19:00:00,4742.26858
2025-11-14 20:00:00,4482.86991
2025-11-14 21:00:00,4150.20776
2025-11-14 22:00:00,3861.68709
2025-11-14 23:00:00,3618.67764
2025-11-15 00:00:00,3544.46732
2025-11-15 01:00:00,3264.78771
2025-11-15 02:00:00,3403.38748
2025-11-15 03:00:00,3264.97346
2025-11-15 04:00:00,3410.61428
2025-11-15 05:00:00,3836.5877600000003
2025-11-15 06:00:00,4138.793
2025-11-15 07:00:00,2709.6984
2025-11-15 08:00:00,2821.6195799999996
2025-11-15 09:00:00,2872.4919499999996
2025-11-15 10:00:00,2574.67894
2025-11-15 11:00:00,2510.30609
2025-11-15 12:00:00,3089.0491199999997
2025-11-15 13:00:00,2866.3289800000002
2025-11-15 14:00:00,3286.4724399999996
2025-11-15 15:00:00,4350.28921
2025-11-15 16:00:00,4533.43479
2025-11-15 17:00:00,4416.00978
2025-11-15 18:00:00,4500.49991
2025-11-15 19:00:00,4180.71206
2025-11-15 20:00:00,4041.0471500000003
2025-11-15 21:00:00,3760.7910599999996
2025-11-15 22:00:00,3564.25208
2025-11-15 23:00:00,3337.17737
2025-11-16 00:00:00,3413.3755
2025-11-16 01:00:00,3393.65033
2025-11-16 02:00:00,3314.55794
2025-11-16 03:00:00,3300.77486
2025-11-16 04:00:00,3424.51746
2025-11-16 05:00:00,3663.4129999999996
2025-11-16 06:00:00,4152.9302
2025-11-16 07:00:00,2945.34522
2025-11-16 08:00:00,3095.61176
2025-11-16 09:00:00,2835.3077700000003
2025-11-16 10:00:00,2616.22574
2025-11-16 11:00:00,2171.8857
2025-11-16 12:00:00,3003.1655
2025-11-16 13:00:00,1943.38299
2025-11-16 14:00:00,2734.2417100000002
2025-11-16 15:00:00,4109.63153
2025-11-16 16:00:00,4492.43797
2025-11-16 17:00:00,4585.37406
2025-11-16 18:00:00,4218.74339
2025-11-16 19:00:00,3491.5005199999996
2025-11-16 20:00:00,3305.9274800000003
2025-11-16 21:00:00,2956.8864599999997
2025-11-16 22:00:00,2733.47456
2025-11-16 23:00:00,2516.68391
2025-11-17 00:00:00,2956.43489
2025-11-17 01:00:00,2839.26725
2025-11-17 02:00:00,2891.18559
2025-11-17 03:00:00,2858.52001
2025-11-17 04:00:00,3111.44052
2025-11-17 05:00:00,3365.8941400000003
2025-11-17 06:00:00,3413.8839099999996
2025-11-17 07:00:00,2046.34281
2025-11-17 08:00:00,1548.3576300000004
2025-11-17 09:00:00,1363.53298
2025-11-17 10:00:00,1107.68498
2025-11-17 11:00:00,393.11898999999994
2025-11-17 12:00:00,1270.9949500000002
2025-11-17 13:00:00,882.8621199999998
2025-11-17 14:00:00,1410.3650399999997
2025-11-17 15:00:00,2628.7793899999997
2025-11-17 16:00:00,2779.3632
2025-11-17 17:00:00,2476.1803600000003
2025-11-17 18:00:00,2560.24625
2025-11-17 19:00:00,1230.2523899999997
2025-11-17 20:00:00,1095.7672400000001
2025-11-17 21:00:00,879.7827100000004
2025-11-17 22:00:00,1071.6418600000002
2025-11-17 23:00:00,980.3528500000002
2025-11-18 00:00:00,162.69482000000016
2025-11-18 01:00:00,494.6576100000002
2025-11-18 02:00:00,1336.1981
2025-11-18 03:00:00,1031.2719299999999
2025-11-18 04:00:00,843.1487500000003
2025-11-18 05:00:00,1284.8390799999997
2025-11-18 06:00:00,1292.7508900000003
2025-11-18 07:00:00,1685.2385299999996
2025-11-18 08:00:00,2757.95913
2025-11-18 09:00:00,1678.9396500000003
2025-11-18 10:00:00,1060.3835099999997
2025-11-18 11:00:00,1767.2349100000001
2025-11-18 12:00:00,1763.4032800000004
2025-11-18 13:00:00,2091.2150899999997
2025-11-18 14:00:00,3036.06818
2025-11-18 15:00:00,3625.66773
2025-11-18 16:00:00,2865.00039
2025-11-18 17:00:00,3764.3039200000003
2025-11-18 18:00:00,3620.1757799999996
2025-11-18 19:00:00,3827.393
2025-11-18 20:00:00,2942.29359
2025-11-18 21:00:00,2369.5969999999998
2025-11-18 22:00:00,1749.4732800000002
2025-11-18 23:00:00,1347.4420799999998
2025-11-19 00:00:00,788.8127300000001
2025-11-19 01:00:00,627.8595300000002
2025-11-19 02:00:00,801.80928
2025-11-19 03:00:00,2349.07762
2025-11-19 04:00:00,2161.5661600000003
2025-11-19 05:00:00,2589.97011
2025-11-19 06:00:00,2796.77506
2025-11-19 07:00:00,3130.40071
2025-11-19 08:00:00,3164.5850200000004
2025-11-19 09:00:00,2737.17429
2025-11-19 10:00:00,2522.91208
2025-11-19 11:00:00,2438.0091899999998
2025-11-19 12:00:00,2564.89193
2025-11-19 13:00:00,3579.3258699999997
2025-11-19 14:00:00,3679.5717699999996
2025-11-19 15:00:00,3889.3512600000004
2025-11-19 16:00:00,4060.5824700000003
2025-11-19 17:00:00,4427.76876
2025-11-19 18:00:00,4290.75675
2025-11-19 19:00:00,3171.5867900000003
2025-11-19 20:00:00,2304.2613199999996
2025-11-19 21:00:00,2056.5017099999995
2025-11-19 22:00:00,1739.98679
2025-11-19 23:00:00,2218.99075
2025-11-20 00:00:00,2513.38492
2025-11-20 01:00:00,2508.3251
2025-11-20 02:00:00,2507.7026800000003
2025-11-20 03:00:00,2492.57283
2025-11-20 04:00:00,1905.2320099999997
2025-11-20 05:00:00,2522.3388800000002
2025-11-20 06:00:00,3325.6754300000002
2025-11-20 07:00:00,2095.38771
2025-11-20 08:00:00,1362.6361299999999
2025-11-20 09:00:00,947.9914600000002
2025-11-20 10:00:00,1226.7460600000004
2025-11-20 11:00:00,1388.1681600000002
2025-11-20 12:00:00,1760.3973100000003
2025-11-20 13:00:00,2053.24828
2025-11-20 14:00:00,1655.5962600000003
2025-11-20 15:00:00,2384.95553
2025-11-20 16:00:00,3457.0112099999997
2025-11-20 17:00:00,3819.17428
2025-11-20 18:00:00,4095.3714099999997
2025-11-20 19:00:00,3170.8323600000003
2025-11-20 20:00:00,2836.15229
2025-11-20 21:00:00,2690.7201800000003
2025-11-20 22:00:00,2396.35113
2025-11-20 23:00:00,1967.3777100000002
2025-11-21 00:00:00,2312.30562
2025-11-21 01:00:00,1116.2319200000002
2025-11-21 02:00:00,2558.96208
2025-11-21 03:00:00,2087.07912
2025-11-21 04:00:00,2555.57251
2025-11-21 05:00:00,3150.06247
2025-11-21 06:00:00,4326.65739
2025-11-21 07:00:00,2507.88644
2025-11-21 08:00:00,1752.0549700000001
2025-11-21 09:00:00,1504.4766300000001
2025-11-21 10:00:00,1651.2661500000004
2025-11-21 11:00:00,1535.2747399999998
2025-11-21 12:00:00,1223.1509699999997
2025-11-21 13:00:00,393.28511999999955
2025-11-21 14:00:00,684.3564500000002
2025-11-21 15:00:00,1618.1910099999996
2025-11-21 16:00:00,2137.11921
2025-11-21 17:00:00,2255.25295
2025-11-21 18:00:00,1610.7986700000001
2025-11-21 19:00:00,1336.8412099999996
2025-11-21 20:00:00,2576.9958699999997
2025-11-21 21:00:00,2362.15895
2025-11-21 22:00:00,3105.13664
2025-11-21 23:00:00,2704.67042
2025-11-22 00:00:00,3552.92084
2025-11-22 01:00:00,3537.90379
2025-11-22 02:00:00,3471.70191
2025-11-22 03:00:00,3002.33484
2025-11-22 04:00:00,3119.18376
2025-11-22 05:00:00,3023.12989
2025-11-22 06:00:00,3934.9669999999996
2025-11-22 07:00:00,3755.36741
2025-11-22 08:00:00,3090.10905
2025-11-22 09:00:00,1659.3915800000004
2025-11-22 10:00:00,1065.59609
2025-11-22 11:00:00,1165.8242899999996
2025-11-22 12:00:00,673.9890399999999
2025-11-22 13:00:00,977.57015
2025-11-22 14:00:00,2402.28089
2025-11-22 15:00:00,3112.86128
2025-11-22 16:00:00,3820.1518100000003
2025-11-22 17:00:00,3345.27228
2025-11-22 18:00:00,3334.6712500000003
2025-11-22 19:00:00,3436.30616
2025-11-22 20:00:00,2693.95825
2025-11-22 21:00:00,3019.17996
2025-11-22 22:00:00,2554.89912
2025-11-22 23:00:00,2354.24585
2025-11-23 00:00:00,3165.78653
2025-11-23 01:00:00,3178.13938
2025-11-23 02:00:00,879.8350099999998
2025-11-23 03:00:00,1087.9183400000002
2025-11-23 04:00:00,483.28782
2025-11-23 05:00:00,1727.72759
2025-11-23 06:00:00,2950.21684
2025-11-23 07:00:00,1545.8552799999998
2025-11-23 08:00:00,1226.3236800000004
2025-11-23 09:00:00,2001.2377399999996
2025-11-23 10:00:00,2764.4989100000003
2025-11-23 11:00:00,2489.6952199999996
2025-11-23 12:00:00,1894.9886800000004
2025-11-23 13:00:00,1443.7628800000002
2025-11-23 14:00:00,1707.1417600000004
2025-11-23 15:00:00,1488.8008499999996
2025-11-23 16:00:00,1646.6231399999997
2025-11-23 17:00:00,1431.6817600000004
2025-11-23 18:00:00,2372.3843699999998
2025-11-23 19:00:00,1884.9781899999998
2025-11-23 20:00:00,2113.5604300000005
2025-11-23 21:00:00,1940.3909599999997
2025-11-23 22:00:00,1939.69749
2025-11-23 23:00:00,2165.97597
2025-11-24 00:00:00,2156.48899
2025-11-24 01:00:00,2432.34082
2025-11-24 02:00:00,2796.42415
2025-11-24 03:00:00,3058.25144
2025-11-24 04:00:00,3346.22466
2025-11-24 05:00:00,3612.4082200000003
2025-11-24 06:00:00,3806.23366
2025-11-24 07:00:00,2659.48221
2025-11-24 08:00:00,2332.21475
2025-11-24 09:00:00,2517.89481
2025-11-24 10:00:00,2669.22354
2025-11-24 11:00:00,3378.6398200000003
2025-11-24 12:00:00,3708.7985099999996
2025-11-24 13:00:00,3785.65621
2025-11-24 14:00:00,3335.84465
2025-11-24 15:00:00,3185.10768
2025-11-24 16:00:00,3784.13968
2025-11-24 17:00:00,4398.66046
2025-11-24 18:00:00,4138.22233
2025-11-24 19:00:00,3485.6539599999996
2025-11-24 20:00:00,3252.88177
2025-11-24 21:00:00,2650.75843
2025-11-24 22:00:00,2248.2364500000003
2025-11-24 23:00:00,1908.62833
2025-11-25 00:00:00,2506.79647
2025-11-25 01:00:00,1700.3873700000004
2025-11-25 02:00:00,1873.4064500000004
2025-11-25 03:00:00,2024.0809
2025-11-25 04:00:00,2374.02703
2025-11-25 05:00:00,2943.19016
2025-11-25 06:00:00,2905.8751199999997
2025-11-25 07:00:00,2232.9733800000004
2025-11-25 08:00:00,1698.0378199999996
2025-11-25 09:00:00,1452.8612199999998
2025-11-25 10:00:00,1188.0134500000004
2025-11-25 11:00:00,816.31549
2025-11-25 12:00:00,1177.3927899999999
2025-11-25 13:00:00,1280.83907
2025-11-25 14:00:00,1401.06282
2025-11-25 15:00:00,1557.4001200000002
2025-11-25 16:00:00,3062.18069
2025-11-25 17:00:00,3438.89912
2025-11-25 18:00:00,3401.4411600000003
2025-11-25 19:00:00,2573.82532
2025-11-25 20:00:00,2318.0042999999996
2025-11-25 21:00:00,1963.25875
2025-11-25 22:00:00,1786.6190500000002
2025-11-25 23:00:00,1997.7730499999998
2025-11-26 00:00:00,2323.07455
2025-11-26 01:00:00,1322.63317
2025-11-26 02:00:00,1487.29018
2025-11-26 03:00:00,1630.1290799999997
2025-11-26 04:00:00,2123.7734499999997
2025-11-26 05:00:00,2724.63465
2025-11-26 06:00:00,3544.5399500000003
2025-11-26 07:00:00,2136.9408000000003
2025-11-26 08:00:00,1757.2843400000002
2025-11-26 09:00:00,1864.08684
2025-11-26 10:00:00,1363.1686200000004
2025-11-26 11:00:00,1308.9265800000003
2025-11-26 12:00:00,1644.0886600000003
2025-11-26 13:00:00,1659.37316
2025-11-26 14:00:00,1853.1927999999998
2025-11-26 15:00:00,4118.46939
2025-11-26 16:00:00,4377.48084
2025-11-26 17:00:00,4377.55166
2025-11-26 18:00:00,4815.39542
2025-11-26 19:00:00,4660.82325
2025-11-26 20:00:00,3636.1039499999997
2025-11-26 21:00:00,4123.06787
2025-11-26 22:00:00,2700.94842
2025-11-26 23:00:00,3192.42758
2025-11-27 00:00:00,2473.59337
2025-11-27 01:00:00,2414.58486
2025-11-27 02:00:00,3021.7307899999996
2025-11-27 03:00:00,2891.0991299999996
2025-11-27 04:00:00,3014.05929
2025-11-27 05:00:00,3777.0375400000003
2025-11-27 06:00:00,3932.7512699999997
2025-11-27 07:00:00,4802.29738
2025-11-27 08:00:00,4603.30407
2025-11-27 09:00:00,5233.55371
2025-11-27 10:00:00,3952.0619500000003
2025-11-27 11:00:00,2536.1186900000002
2025-11-27 12:00:00,2003.4920300000003
2025-11-27 13:00:00,752.1056200000003
2025-11-27 14:00:00,1429.5644700000003
2025-11-27 15:00:00,1904.44787
2025-11-27 16:00:00,1792.1792400000004
2025-11-27 17:00:00,3001.86132
2025-11-27 18:00:00,2963.8069100000002
2025-11-27 19:00:00,2891.91654
2025-11-27 20:00:00,2188.6920200000004
2025-11-27 21:00:00,2119.53622
2025-11-27 22:00:00,1737.9434199999996
2025-11-27 23:00:00,1832.4517799999999
2025-11-28 00:00:00,2167.6633
2025-11-28 01:00:00,2239.42652
2025-11-28 02:00:00,2079.68614
2025-11-28 03:00:00,2320.1372199999996
2025-11-28 04:00:00,2577.14368
2025-11-28 05:00:00,3104.2106599999997
2025-11-28 06:00:00,4103.66157
2025-11-28 07:00:00,3616.1666999999998
2025-11-28 08:00:00,3842.2482499999996
2025-11-28 09:00:00,4723.11485
2025-11-28 10:00:00,5155.4674
2025-11-28 11:00:00,5455.85761
2025-11-28 12:00:00,4983.54349
2025-11-28 13:00:00,4946.4446
2025-11-28 14:00:00,4910.90651
2025-11-28 15:00:00,4986.37047
2025-11-28 16:00:00,5311.04088
2025-11-28 17:00:00,5283.8171
2025-11-28 18:00:00,4296.90587
2025-11-28 19:00:00,4388.21766
2025-11-28 20:00:00,4031.1009700000004
2025-11-28 21:00:00,3287.32902
2025-11-28 22:00:00,3569.03697
2025-11-28 23:00:00,3266.48288
2025-11-29 00:00:00,2822.6917599999997
2025-11-29 01:00:00,3501.40143
2025-11-29 02:00:00,2524.56549
2025-11-29 03:00:00,2319.2040399999996
2025-11-29 04:00:00,2541.05851
2025-11-29 05:00:00,2259.4330900000004
2025-11-29 06:00:00,3286.6793100000004
2025-11-29 07:00:00,2643.24352
2025-11-29 08:00:00,2402.37543
2025-11-29 09:00:00,2424.1809000000003
2025-11-29 10:00:00,2429.4601000000002
2025-11-29 11:00:00,2582.95038
2025-11-29 12:00:00,2591.5614699999996
2025-11-29 13:00:00,2129.2607900000003
2025-11-29 14:00:00,1776.2961999999998
2025-11-29 15:00:00,2164.64066
2025-11-29 16:00:00,2010.9528099999998
2025-11-29 17:00:00,1695.0133299999998
2025-11-29 18:00:00,1907.1439799999998
2025-11-29 19:00:00,1245.99514
2025-11-29 20:00:00,1273.3147099999996
2025-11-29 21:00:00,797.3144599999996
2025-11-29 22:00:00,103.84055999999964
2025-11-29 23:00:00,-304.0176099999999
2025-11-30 00:00:00,229.9944599999999
2025-11-30 01:00:00,813.4501200000004
2025-11-30 02:00:00,1099.95392
2025-11-30 03:00:00,1253.6994599999998
2025-11-30 04:00:00,967.2603399999998
2025-11-30 05:00:00,1619.1957400000001
2025-11-30 06:00:00,2084.8970600000002
2025-11-30 07:00:00,1754.1446299999998
2025-11-30 08:00:00,763.4279299999998
2025-11-30 09:00:00,890.9909900000002
2025-11-30 10:00:00,582.8461299999999
2025-11-30 11:00:00,548.4691300000004
2025-11-30 12:00:00,984.8284700000004
2025-11-30 13:00:00,763.3226999999997
2025-11-30 14:00:00,1328.0721899999999
2025-11-30 15:00:00,1906.33511
2025-11-30 16:00:00,2335.6398499999996
2025-11-30 17:00:00,2630.2464600000003
2025-11-30 18:00:00,2336.2771300000004
2025-11-30 19:00:00,2309.06948
2025-11-30 20:00:00,1965.0012900000002
2025-11-30 21:00:00,1316.5007699999996
2025-11-30 22:00:00,1110.9525999999996
2025-11-30 23:00:00,1408.0514199999998
2025-12-01 00:00:00,1631.7876500000002
2025-12-01 01:00:00,2166.50874
2025-12-01 02:00:00,2958.1313
2025-12-01 03:00:00,2995.0359500000004
2025-12-01 04:00:00,3595.70229
2025-12-01 05:00:00,4696.54652
2025-12-01 06:00:00,4648.69939
2025-12-01 07:00:00,4203.37766
2025-12-01 08:00:00,3732.3899
2025-12-01 09:00:00,3694.1324400000003
2025-12-01 10:00:00,3681.7162
2025-12-01 11:00:00,3209.08936
2025-12-01 12:00:00,2403.11567
2025-12-01 13:00:00,2083.8629199999996
2025-12-01 14:00:00,2747.8328
2025-12-01 15:00:00,3513.5629900000004
2025-12-01 16:00:00,4027.4348
2025-12-01 17:00:00,4227.5403
2025-12-01 18:00:00,4583.0584
2025-12-01 19:00:00,4762.07842
2025-12-01 20:00:00,4807.27693
2025-12-01 21:00:00,4402.93797
2025-12-01 22:00:00,4144.41111
2025-12-01 23:00:00,4063.9658099999997
2025-12-02 00:00:00,4181.79076
2025-12-02 01:00:00,4095.99979
2025-12-02 02:00:00,4338.12292
2025-12-02 03:00:00,4214.05022
2025-12-02 04:00:00,4436.61147
2025-12-02 05:00:00,4807.99391
2025-12-02 06:00:00,5074.2793
2025-12-02 07:00:00,4427.66037
2025-12-02 08:00:00,4225.22218
2025-12-02 09:00:00,4111.75079
2025-12-02 10:00:00,4091.5329899999997
2025-12-02 11:00:00,3732.2709000000004
2025-12-02 12:00:00,3421.09379
2025-12-02 13:00:00,3913.5968300000004
2025-12-02 14:00:00,4356.9259
2025-12-02 15:00:00,4728.35288
2025-12-02 16:00:00,5162.98144
2025-12-02 17:00:00,5176.63418
2025-12-02 18:00:00,5030.15534
2025-12-02 19:00:00,3666.79562
2025-12-02 20:00:00,3426.7686700000004
2025-12-02 21:00:00,3109.88425
2025-12-02 22:00:00,2658.97815
2025-12-02 23:00:00,2671.2766
2025-12-03 00:00:00,3908.5452299999997
2025-12-03 01:00:00,2893.75644
2025-12-03 02:00:00,2889.49111
2025-12-03 03:00:00,2868.7288399999998
2025-12-03 04:00:00,3109.93747
2025-12-03 05:00:00,3769.0658700000004
2025-12-03 06:00:00,4978.77486
2025-12-03 07:00:00,3040.81134
2025-12-03 08:00:00,2418.32032
2025-12-03 09:00:00,2060.32319
2025-12-03 10:00:00,2769.47516
2025-12-03 11:00:00,2603.5343300000004
2025-12-03 12:00:00,2876.05378
2025-12-03 13:00:00,2285.98413
2025-12-03 14:00:00,2544.7735199999997
2025-12-03 15:00:00,3853.30268
2025-12-03 16:00:00,3665.58879
2025-12-03 17:00:00,2824.3193
2025-12-03 18:00:00,3805.43635
2025-12-03 19:00:00,2713.8952099999997
2025-12-03 20:00:00,2360.7719100000004
2025-12-03 21:00:00,2238.57985
2025-12-03 22:00:00,2139.59342
2025-12-03 23:00:00,1942.19441
2025-12-04 00:00:00,2037.1039099999998
2025-12-04 01:00:00,1766.73081
2025-12-04 02:00:00,2158.70997
2025-12-04 03:00:00,1804.8492299999998
2025-12-04 04:00:00,2058.52577
2025-12-04 05:00:00,2481.9375899999995
2025-12-04 06:00:00,3276.19336
2025-12-04 07:00:00,2069.2433300000002
2025-12-04 08:00:00,1194.3137100000004
2025-12-04 09:00:00,631.7080999999998
2025-12-04 10:00:00,297.8911500000004
2025-12-04 11:00:00,-66.59375
2025-12-04 12:00:00,-194.91497999999956
2025-12-04 13:00:00,452.48875000000044
2025-12-04 14:00:00,975.6028999999999
2025-12-04 15:00:00,1780.34069
2025-12-04 16:00:00,1318.19949
2025-12-04 17:00:00,1484.6720299999997
2025-12-04 18:00:00,2075.05396
2025-12-04 19:00:00,1763.3005700000003
2025-12-04 20:00:00,1512.1169600000003
2025-12-04 21:00:00,1793.92587
2025-12-04 22:00:00,1417.9743099999996
2025-12-04 23:00:00,1635.39653
2025-12-05 00:00:00,1265.6724199999999
2025-12-05 01:00:00,1850.9686899999997
2025-12-05 02:00:00,1748.2359399999996
2025-12-05 03:00:00,950.0962399999999
2025-12-05 04:00:00,717.09562
2025-12-05 05:00:00,1057.41032
2025-12-05 06:00:00,2204.99129
2025-12-05 07:00:00,1573.7671799999998
2025-12-05 08:00:00,1188.0012299999999
2025-12-05 09:00:00,-173.8353100000004
2025-12-05 10:00:00,-52.2528599999996
2025-12-05 11:00:00,367.96381999999994
2025-12-05 12:00:00,874.8341
2025-12-05 13:00:00,1165.7057299999997
2025-12-05 14:00:00,1600.8000599999996
2025-12-05 15:00:00,2774.6511
2025-12-05 16:00:00,3756.84216
2025-12-05 17:00:00,2939.07452
2025-12-05 18:00:00,2499.2809100000004
2025-12-05 19:00:00,2281.93923
2025-12-05 20:00:00,2741.2385400000003
2025-12-05 21:00:00,2713.0953
2025-12-05 22:00:00,2065.0793599999997
2025-12-05 23:00:00,1569.2945499999996
2025-12-06 00:00:00,1893.15002
2025-12-06 01:00:00,1956.0640599999997
2025-12-06 02:00:00,2521.3418199999996
2025-12-06 03:00:00,2318.5717699999996
2025-12-06 04:00:00,2429.8294400000004
2025-12-06 05:00:00,3269.52379
2025-12-06 06:00:00,3695.42014
2025-12-06 07:00:00,3917.30379
2025-12-06 08:00:00,3697.9272
2025-12-06 09:00:00,3543.81786
2025-12-06 10:00:00,3213.44358
2025-12-06 11:00:00,3290.9744199999996
2025-12-06 12:00:00,3818.93423
2025-12-06 13:00:00,3378.1074799999997
2025-12-06 14:00:00,3848.3320000000003
2025-12-06 15:00:00,3838.0753999999997
2025-12-06 16:00:00,4433.94845
2025-12-06 17:00:00,4755.22462
2025-12-06 18:00:00,4004.8383700000004
2025-12-06 19:00:00,3768.3965900000003
2025-12-06 20:00:00,4115.3775
2025-12-06 21:00:00,4029.75036
2025-12-06 22:00:00,3797.41917
2025-12-06 23:00:00,3534.17961
2025-12-07 00:00:00,3071.43977
2025-12-07 01:00:00,3373.5214100000003
2025-12-07 02:00:00,3788.72782
2025-12-07 03:00:00,3480.1849700000002
2025-12-07 04:00:00,3241.23398
2025-12-07 05:00:00,3684.80642
2025-12-07 06:00:00,3936.87907
2025-12-07 07:00:00,3915.9704899999997
2025-12-07 08:00:00,4615.07756
2025-12-07 09:00:00,4744.88097
2025-12-07 10:00:00,4551.11094
2025-12-07 11:00:00,5090.36947
2025-12-07 12:00:00,4781.34194
2025-12-07 13:00:00,4249.80461
2025-12-07 14:00:00,4186.51199
2025-12-07 15:00:00,4730.4199
2025-12-07 16:00:00,5228.89777
2025-12-07 17:00:00,5105.63757
2025-12-07 18:00:00,4380.15119
2025-12-07 19:00:00,4257.91894
2025-12-07 20:00:00,4547.29559
2025-12-07 21:00:00,3616.56318
2025-12-07 22:00:00,2638.2085500000003
2025-12-07 23:00:00,2281.28712
2025-12-08 00:00:00,2213.51785
2025-12-08 01:00:00,2253.9699499999997
2025-12-08 02:00:00,2431.39139
2025-12-08 03:00:00,2386.17896
2025-12-08 04:00:00,2772.8533799999996
2025-12-08 05:00:00,2972.28626
2025-12-08 06:00:00,2946.81304
2025-12-08 07:00:00,3092.6568399999996
2025-12-08 08:00:00,2993.656
2025-12-08 09:00:00,2567.4883499999996
2025-12-08 10:00:00,2215.80162
2025-12-08 11:00:00,2491.5589200000004
2025-12-08 12:00:00,2849.85764
2025-12-08 13:00:00,3030.45204
2025-12-08 14:00:00,2586.6174
2025-12-08 15:00:00,1988.4905099999996
2025-12-08 16:00:00,2820.02726
2025-12-08 17:00:00,3691.9568600000002
2025-12-08 18:00:00,3720.81836
2025-12-08 19:00:00,2828.9922800000004
2025-12-08 20:00:00,2263.4297800000004
2025-12-08 21:00:00,1960.3034900000002
2025-12-08 22:00:00,1987.8131599999997
2025-12-08 23:00:00,3035.83482
2025-12-09 00:00:00,3353.47102
2025-12-09 01:00:00,2982.9608099999996
2025-12-09 02:00:00,3229.06934
2025-12-09 03:00:00,3232.5787
2025-12-09 04:00:00,3381.9959200000003
2025-12-09 05:00:00,3992.73009
2025-12-09 06:00:00,4395.92546
2025-12-09 07:00:00,3807.12749
2025-12-09 08:00:00,3385.9788500000004
2025-12-09 09:00:00,3693.6277099999998
2025-12-09 10:00:00,3670.58817
2025-12-09 11:00:00,3463.8720599999997
2025-12-09 12:00:00,3199.6378699999996
2025-12-09 13:00:00,3685.1836599999997
2025-12-09 14:00:00,5223.46548
2025-12-09 15:00:00,5161.66596
2025-12-09 16:00:00,5203.39587
2025-12-09 17:00:00,5732.64155
2025-12-09 18:00:00,5491.65226
2025-12-09 19:00:00,5443.0787
2025-12-09 20:00:00,4991.60055
2025-12-09 21:00:00,4561.27681
2025-12-09 22:00:00,4036.40269
2025-12-09 23:00:00,4098.97922
2025-12-10 00:00:00,3916.99021
2025-12-10 01:00:00,4264.79985
2025-12-10 02:00:00,4371.30117
2025-12-10 03:00:00,4154.82651
2025-12-10 04:00:00,4289.74547
2025-12-10 05:00:00,4868.14456
2025-12-10 06:00:00,4932.83048
2025-12-10 07:00:00,4794.51309
2025-12-10 08:00:00,4383.64314
2025-12-10 09:00:00,4019.7844999999998
2025-12-10 10:00:00,3996.68135
2025-12-10 11:00:00,4375.61802
2025-12-10 12:00:00,4444.41131
2025-12-10 13:00:00,4526.2348
2025-12-10 14:00:00,4847.54272
2025-12-10 15:00:00,5350.49813
2025-12-10 16:00:00,5357.9945
2025-12-10 17:00:00,5319.67861
2025-12-10 18:00:00,4889.78255
2025-12-10 19:00:00,4584.93008
2025-12-10 20:00:00,4401.32042
2025-12-10 21:00:00,4230.36126
2025-12-10 22:00:00,4011.44222
2025-12-10 23:00:00,3954.2063799999996
2025-12-11 00:00:00,4066.4344
2025-12-11 01:00:00,4271.68749
2025-12-11 02:00:00,4405.31985
2025-12-11 03:00:00,4210.25837
2025-12-11 04:00:00,4177.4143
2025-12-11 05:00:00,4590.82729
2025-12-11 06:00:00,5197.9388
2025-12-11 07:00:00,5224.96836
2025-12-11 08:00:00,4551.96418
2025-12-11 09:00:00,4136.11779
2025-12-11 10:00:00,3762.8737300000003
2025-12-11 11:00:00,3871.33994
2025-12-11 12:00:00,3980.21893
2025-12-11 13:00:00,4700.75256
2025-12-11 14:00:00,4907.85126
2025-12-11 15:00:00,5163.39426
2025-12-11 16:00:00,5257.34252
2025-12-11 17:00:00,5037.98813
2025-12-11 18:00:00,4478.81383
2025-12-11 19:00:00,4278.92396
2025-12-11 20:00:00,4241.37025
2025-12-11 21:00:00,3100.7117500000004
2025-12-11 22:00:00,2133.0600000000004
2025-12-11 23:00:00,1793.54
2025-12-12 00:00:00,2358.648
2025-12-12 01:00:00,2311.2709999999997
2025-12-12 02:00:00,2539.853
2025-12-12 03:00:00,1859.7290000000003
2025-12-12 04:00:00,613.7510000000002
2025-12-12 05:00:00,1511.585
2025-12-12 06:00:00,1813.6639999999998
2025-12-12 07:00:00,1702.0860000000002
2025-12-12 08:00:00,609.4859999999999
2025-12-12 09:00:00,-581.5039999999999
2025-12-12 10:00:00,-969.2849999999999
2025-12-12 11:00:00,-949.3720000000003
2025-12-12 12:00:00,-53.860999999999876
2025-12-12 13:00:00,443.97099999999955
2025-12-12 14:00:00,1278.545
2025-12-12 15:00:00,2338.4399999999996
2025-12-12 16:00:00,3054.2520000000004
2025-12-12 17:00:00,3026.434
2025-12-12 18:00:00,3021.402
2025-12-12 19:00:00,2901.005
2025-12-12 20:00:00,3249.058
2025-12-12 21:00:00,2892.9539999999997
2025-12-12 22:00:00,2084.7690000000002
